round,pool_type,race_no,gender,event_name,age_group,world_record,japan_record,meet_record,rank,athlete_name,team_name,lane,time_display,time_seconds,is_meet_record,is_japan_record,is_world_record,points_w,points_n,dive_time,lap_times,is_dnf
76,短水路,1,女子,100m個人メドレー,80～84歳,1:38.45,1:36.03,2:26.33,1,長谷部征子,セ・八王子,3/3,2:05.42,125.42,True,False,False,,,1.03,"29.16,59.80,1:34.89",False
76,短水路,1,女子,100m個人メドレー,80～84歳,1:38.45,1:36.03,2:26.33,2,久保美紀枝,セ・流山,1/4,2:27.70,147.7,False,False,False,,,1.18,"33.93,1:11.00,1:52.70",False
76,短水路,1,女子,100m個人メドレー,80～84歳,1:38.45,1:36.03,2:26.33,3,手塚泰子,セ・清瀬,1/3,2:30.00,150.0,False,False,False,,,0.97,"37.59,1:17.18,1:57.22",False
76,短水路,1,女子,100m個人メドレー,80～84歳,1:38.45,1:36.03,2:26.33,4,御手洗ヨシ,CS南行徳,1/6,2:37.13,157.13,False,False,False,,,1.16,"40.43,1:17.79,2:03.87",False
76,短水路,1,女子,100m個人メドレー,75～79歳,1:27.96,1:31.38,1:50.59,1,岡田まり子,CS南行徳,2/4,2:04.18,124.18,False,False,False,,,1.0,"28.01,1:01.37,1:35.59",False
76,短水路,1,女子,100m個人メドレー,75～79歳,1:27.96,1:31.38,1:50.59,2,竹原君枝,セ・慶應日吉,4/7,2:04.78,124.78,False,False,False,,,0.95,"28.67,1:00.60,1:37.27",False
76,短水路,1,女子,100m個人メドレー,75～79歳,1:27.96,1:31.38,1:50.59,3,原田早苗,セ・南千住,2/2,2:15.05,135.05,False,False,False,,,1.09,"31.80,1:05.45,1:43.99",False
76,短水路,1,女子,100m個人メドレー,75～79歳,1:27.96,1:31.38,1:50.59,4,馬場悦子,セ・清瀬,2/5,2:16.73,136.73,False,False,False,,,1.2,"31.58,1:03.27,1:44.01",False
76,短水路,1,女子,100m個人メドレー,70～74歳,1:18.81,1:24.88,1:40.10,1,青木華世子,セ・松戸,9/8,1:35.50,95.5,True,False,False,,,0.76,"20.00,45.15,1:13.68",False
76,短水路,1,女子,100m個人メドレー,70～74歳,1:18.81,1:24.88,1:40.10,2,藤代由美子,セ・長沼,5/4,1:43.70,103.7,False,False,False,,,0.82,"20.54,48.88,1:19.27",False
76,短水路,1,女子,100m個人メドレー,70～74歳,1:18.81,1:24.88,1:40.10,3,原田岳美,セ・藤沢,7/2,1:44.62,104.62,False,False,False,,,0.78,"21.68,49.08,1:21.85",False
76,短水路,1,女子,100m個人メドレー,70～74歳,1:18.81,1:24.88,1:40.10,4,見崎幸子,墨田区体育館,4/1,2:00.31,120.31,False,False,False,,,0.91,"25.65,56.65,1:33.15",False
76,短水路,1,女子,100m個人メドレー,70～74歳,1:18.81,1:24.88,1:40.10,5,山村昌子,セ・南千住,3/2,2:03.44,123.44,False,False,False,,,0.95,"26.18,58.60,1:33.19",False
76,短水路,1,女子,100m個人メドレー,70～74歳,1:18.81,1:24.88,1:40.10,6,菅和江,セ・戸塚,5/8,2:03.66,123.66,False,False,False,,,0.98,"29.01,59.84,1:37.58",False
76,短水路,1,女子,100m個人メドレー,70～74歳,1:18.81,1:24.88,1:40.10,7,高木保子,セ・おおたか,4/4,2:04.76,124.76,False,False,False,,,1.01,"30.79,1:03.26,1:36.59",False
76,短水路,1,女子,100m個人メドレー,70～74歳,1:18.81,1:24.88,1:40.10,8,菅井道子,セ・戸塚,3/5,2:06.47,126.47,False,False,False,,,1.05,"28.68,1:02.16,1:36.72",False
76,短水路,1,女子,100m個人メドレー,70～74歳,1:18.81,1:24.88,1:40.10,9,松木真知子,セ・ときわ台,2/6,2:10.35,130.35,False,False,False,,,1.09,"30.00,1:03.67,1:37.30",False
76,短水路,1,女子,100m個人メドレー,70～74歳,1:18.81,1:24.88,1:40.10,10,大久保祐美子,セ・おおたか,3/8,2:11.53,131.53,False,False,False,,,1.01,"26.67,58.99,1:42.87",False
76,短水路,1,女子,100m個人メドレー,65～69歳,1:15.65,1:24.14,1:30.20,1,菅野泰子,セ・松戸,9/5,1:33.65,93.65,False,False,False,,,0.67,"19.48,45.66,1:12.96",False
76,短水路,1,女子,100m個人メドレー,65～69歳,1:15.65,1:24.14,1:30.20,2,森谷登志江,セ・慶應日吉,7/6,1:42.40,102.4,False,False,False,,,0.88,"21.46,46.65,1:18.22",False
76,短水路,1,女子,100m個人メドレー,65～69歳,1:15.65,1:24.14,1:30.20,3,井手敦子,セ・慶應日吉,7/1,1:42.70,102.7,False,False,False,,,0.9,"21.42,48.38,1:19.62",False
76,短水路,1,女子,100m個人メドレー,65～69歳,1:15.65,1:24.14,1:30.20,4,岩崎良子,セ・おおたか,5/1,1:44.04,104.03999999999999,False,False,False,,,1.0,"21.62,48.18,1:19.79",False
76,短水路,1,女子,100m個人メドレー,65～69歳,1:15.65,1:24.14,1:30.20,5,日和久美子,セ・戸塚,5/3,1:54.46,114.46000000000001,False,False,False,,,0.97,"25.18,54.65,1:28.25",False
76,短水路,1,女子,100m個人メドレー,65～69歳,1:15.65,1:24.14,1:30.20,6,久松葉子,セ・成瀬,4/5,1:54.88,114.88,False,False,False,,,1.1,"27.69,55.21,1:28.16",False
76,短水路,1,女子,100m個人メドレー,65～69歳,1:15.65,1:24.14,1:30.20,7,太田初美,セ・越谷,4/8,1:55.43,115.43,False,False,False,,,0.86,"25.57,56.92,1:27.94",False
76,短水路,1,女子,100m個人メドレー,65～69歳,1:15.65,1:24.14,1:30.20,8,廣瀬伸子,セ・成城,6/3,1:57.63,117.63,False,False,False,,,1.05,"24.69,56.04,1:29.49",False
76,短水路,1,女子,100m個人メドレー,65～69歳,1:15.65,1:24.14,1:30.20,9,近藤みゆき,セ・阿佐谷,3/4,2:02.78,122.78,False,False,False,,,0.71,"28.53,1:00.80,1:34.52",False
76,短水路,1,女子,100m個人メドレー,65～69歳,1:15.65,1:24.14,1:30.20,10,奥野郁子,セ・蘇我,3/6,2:05.31,125.31,False,False,False,,,0.87,"28.44,1:00.87,1:34.57",False
76,短水路,1,女子,100m個人メドレー,65～69歳,1:15.65,1:24.14,1:30.20,11,渡辺米子,クリーンスパ,3/1,2:07.27,127.27,False,False,False,,,0.97,"26.39,59.69,1:36.55",False
76,短水路,1,女子,100m個人メドレー,65～69歳,1:15.65,1:24.14,1:30.20,12,池田則子,セ・松戸,1/2,2:12.36,132.36,False,False,False,,,1.15,"28.67,1:02.62,1:40.92",False
76,短水路,1,女子,100m個人メドレー,60～64歳,1:12.08,1:16.42,1:24.94,1,野島久枝,セ・二俣川,10/8,1:31.80,91.8,False,False,False,,,0.85,"18.85,42.85,1:09.89",False
76,短水路,1,女子,100m個人メドレー,60～64歳,1:12.08,1:16.42,1:24.94,2,上野真弓,セ・二俣川,8/5,1:37.72,97.72,False,False,False,,,1.03,"21.03,44.64,1:14.96",False
76,短水路,1,女子,100m個人メドレー,60～64歳,1:12.08,1:16.42,1:24.94,3,伊藤ゆかり,セ・成城,8/7,1:39.34,99.34,False,False,False,,,0.8,"20.62,46.41,1:14.70",False
76,短水路,1,女子,100m個人メドレー,60～64歳,1:12.08,1:16.42,1:24.94,4,高松早智子,セ・南宇都宮,6/4,1:40.41,100.41,False,False,False,,,0.82,"21.32,47.54,1:17.90",False
76,短水路,1,女子,100m個人メドレー,60～64歳,1:12.08,1:16.42,1:24.94,5,伊藤みどり,セ・能見台,7/7,1:43.05,103.05,False,False,False,,,0.96,"22.69,49.92,1:21.11",False
76,短水路,1,女子,100m個人メドレー,60～64歳,1:12.08,1:16.42,1:24.94,6,山本庸子,セ・八王子,6/8,1:46.38,106.38,False,False,False,,,1.16,"22.42,51.01,1:20.66",False
76,短水路,1,女子,100m個人メドレー,60～64歳,1:12.08,1:16.42,1:24.94,7,加藤雅弓,セ・新都心,6/5,1:50.57,110.57,False,False,False,,,1.1,"25.94,55.71,1:26.86",False
76,短水路,1,女子,100m個人メドレー,60～64歳,1:12.08,1:16.42,1:24.94,8,野崎由美子,セ・おおたか,5/2,1:54.47,114.47,False,False,False,,,0.97,"26.80,56.45,1:29.62",False
76,短水路,1,女子,100m個人メドレー,60～64歳,1:12.08,1:16.42,1:24.94,9,田中香苗,セ・青砥,4/3,1:59.61,119.61,False,False,False,,,0.89,"24.49,57.95,1:31.74",False
76,短水路,1,女子,100m個人メドレー,60～64歳,1:12.08,1:16.42,1:24.94,10,原田由美子,セ・慶應日吉,2/3,2:07.70,127.7,False,False,False,,,1.05,"26.47,58.32,1:36.65",False
76,短水路,1,女子,100m個人メドレー,60～64歳,1:12.08,1:16.42,1:24.94,11,中村清美,セ・蘇我,1/5,2:17.23,137.23,False,False,False,,,0.89,"32.98,1:10.38,1:45.91",False
76,短水路,1,女子,100m個人メドレー,55～59歳,1:09.08,1:14.20,1:18.42,1,田中貴子,セ・清瀬,10/1,1:25.21,85.21000000000001,False,False,False,,,0.69,"17.15,39.72,1:05.11",False
76,短水路,1,女子,100m個人メドレー,55～59歳,1:09.08,1:14.20,1:18.42,2,羽山恵津子,セ・葛西,9/7,1:32.55,92.55,False,False,False,,,0.77,"18.33,43.75,1:10.65",False
76,短水路,1,女子,100m個人メドレー,55～59歳,1:09.08,1:14.20,1:18.42,3,生田目則子,セ・自由が丘,9/1,1:33.48,93.47999999999999,False,False,False,,,0.7,"18.00,40.75,1:10.62",False
76,短水路,1,女子,100m個人メドレー,55～59歳,1:09.08,1:14.20,1:18.42,4,角南美貴,セ・我孫子,6/2,1:43.62,103.62,False,False,False,,,0.75,"20.85,48.72,1:17.54",False
76,短水路,1,女子,100m個人メドレー,55～59歳,1:09.08,1:14.20,1:18.42,5,蔵屋由紀子,セ・新川崎,4/2,1:55.42,115.42,False,False,False,,,1.0,"24.98,53.55,1:27.65",False
76,短水路,1,女子,100m個人メドレー,55～59歳,1:09.08,1:14.20,1:18.42,6,佐々木夕子,セ・市ヶ尾,3/7,2:07.08,127.08,False,False,False,,,0.92,"31.13,1:04.06,1:39.50",False
76,短水路,1,女子,100m個人メドレー,55～59歳,1:09.08,1:14.20,1:18.42,,小池淳子,セ・長津田,6/6,,,False,False,False,,,,,False
76,短水路,1,女子,100m個人メドレー,50～54歳,1:07.04,1:10.81,1:15.22,1,舘野美香,セ・目黒,12/2,1:14.56,74.56,True,False,False,,,0.82,"15.17,34.33,56.62",False
76,短水路,1,女子,100m個人メドレー,50～54歳,1:07.04,1:10.81,1:15.22,2,広瀬百合香,セ・戸塚,11/5,1:18.05,78.05,False,False,False,,,0.66,"15.93,35.76,59.52",False
76,短水路,1,女子,100m個人メドレー,50～54歳,1:07.04,1:10.81,1:15.22,3,梅澤亮子,セ・桶川北本,11/7,1:19.67,79.67,False,False,False,,,0.74,"15.83,34.77,59.88",False
76,短水路,1,女子,100m個人メドレー,50～54歳,1:07.04,1:10.81,1:15.22,4,佐々木美佐,セ・平塚,11/2,1:20.48,80.48,False,False,False,,,0.74,"16.42,36.67,1:00.67",False
76,短水路,1,女子,100m個人メドレー,50～54歳,1:07.04,1:10.81,1:15.22,5,小泉未歌,セ・宇都宮,11/8,1:22.75,82.75,False,False,False,,,0.82,"16.64,37.31,1:03.45",False
76,短水路,1,女子,100m個人メドレー,50～54歳,1:07.04,1:10.81,1:15.22,6,鎌田和代,セ・千葉みなと,10/7,1:25.84,85.84,False,False,False,,,0.66,"16.99,38.46,1:04.95",False
76,短水路,1,女子,100m個人メドレー,50～54歳,1:07.04,1:10.81,1:15.22,7,溝呂木友子,セ・阿佐谷,10/2,1:27.07,87.07,False,False,False,,,0.81,"18.65,40.17,1:06.13",False
76,短水路,1,女子,100m個人メドレー,50～54歳,1:07.04,1:10.81,1:15.22,8,大島江理子,セ・大森,8/1,1:31.55,91.55,False,False,False,,,0.79,"18.38,43.20,1:09.71",False
76,短水路,1,女子,100m個人メドレー,50～54歳,1:07.04,1:10.81,1:15.22,9,佐藤洋子,セ・成城,8/3,1:32.52,92.52000000000001,False,False,False,,,0.89,"20.54,44.39,1:10.32",False
76,短水路,1,女子,100m個人メドレー,50～54歳,1:07.04,1:10.81,1:15.22,10,比留川美緒,セ・平塚,9/6,1:37.00,97.0,False,False,False,,,0.77,"19.35,45.44,1:14.73",False
76,短水路,1,女子,100m個人メドレー,50～54歳,1:07.04,1:10.81,1:15.22,11,高間智子,セ・自由が丘,7/3,1:41.41,101.41,False,False,False,,,0.93,"20.02,45.54,1:17.39",False
76,短水路,1,女子,100m個人メドレー,50～54歳,1:07.04,1:10.81,1:15.22,12,小山香津子,セ・藤沢,7/8,2:00.88,120.88,False,False,False,,,0.92,"27.81,1:00.55,1:33.32",False
76,短水路,1,女子,100m個人メドレー,45～49歳,1:05.61,1:07.55,1:14.91,1,木村美佐子,セ・南宇都宮,10/6,1:22.22,82.22,False,False,False,,,0.87,"17.21,38.34,1:02.73",False
76,短水路,1,女子,100m個人メドレー,45～49歳,1:05.61,1:07.55,1:14.91,2,飯澤美香,セ・我孫子,7/4,1:24.41,84.41,False,False,False,,,0.89,"17.82,39.91,1:04.33",False
76,短水路,1,女子,100m個人メドレー,45～49歳,1:05.61,1:07.55,1:14.91,3,関康代,セ・宇都宮,9/3,1:28.46,88.46000000000001,False,False,False,,,0.79,"17.33,40.92,1:07.38",False
76,短水路,1,女子,100m個人メドレー,45～49歳,1:05.61,1:07.55,1:14.91,4,芳賀加代子,セ・南青山,9/4,1:32.48,92.47999999999999,False,False,False,,,0.7,"18.27,42.08,1:10.34",False
76,短水路,1,女子,100m個人メドレー,45～49歳,1:05.61,1:07.55,1:14.91,5,高橋麻子,セ・市ヶ尾,8/6,1:33.07,93.07,False,False,False,,,0.85,"18.81,42.34,1:10.97",False
76,短水路,1,女子,100m個人メドレー,45～49歳,1:05.61,1:07.55,1:14.91,6,佐藤桂子,セ・横浜,8/2,1:36.72,96.72,False,False,False,,,0.79,"19.57,45.61,1:14.85",False
76,短水路,1,女子,100m個人メドレー,45～49歳,1:05.61,1:07.55,1:14.91,7,赤坂恵美子,セ・志木,6/1,1:47.44,107.44,False,False,False,,,0.87,"21.49,49.50,1:21.47",False
76,短水路,1,女子,100m個人メドレー,45～49歳,1:05.61,1:07.55,1:14.91,8,奈良佳枝,セ・蘇我,5/5,1:50.17,110.17,False,False,False,,,1.07,"26.82,53.51,1:24.66",False
76,短水路,1,女子,100m個人メドレー,45～49歳,1:05.61,1:07.55,1:14.91,9,平林由美,CS南行徳,6/7,1:50.31,110.31,False,False,False,,,0.92,"24.11,52.48,1:24.57",False
76,短水路,1,女子,100m個人メドレー,40～44歳,1:04.19,1:06.49,1:12.68,1,上沢絵里奈,セ・トレッサ,10/4,1:23.37,83.37,False,False,False,,,0.75,"17.42,38.56,1:04.25",False
76,短水路,1,女子,100m個人メドレー,40～44歳,1:04.19,1:06.49,1:12.68,2,山田未紗子,セ・越谷,9/2,1:26.78,86.78,False,False,False,,,0.8,"18.18,41.82,1:06.31",False
76,短水路,1,女子,100m個人メドレー,40～44歳,1:04.19,1:06.49,1:12.68,3,関川晶子,セ・下北沢,10/3,1:27.05,87.05,False,False,False,,,0.86,"17.14,39.53,1:06.02",False
76,短水路,1,女子,100m個人メドレー,40～44歳,1:04.19,1:06.49,1:12.68,4,小野真佐子,セ・阿佐谷,7/5,1:30.79,90.78999999999999,False,False,False,,,0.94,"18.96,40.63,1:08.17",False
76,短水路,1,女子,100m個人メドレー,40～44歳,1:04.19,1:06.49,1:12.68,5,溝井花代子,セ・葛西,8/4,1:34.18,94.18,False,False,False,,,0.9,"19.93,44.76,1:12.67",False
76,短水路,1,女子,100m個人メドレー,40～44歳,1:04.19,1:06.49,1:12.68,6,谷美希子,セ・府中,4/6,1:59.22,119.22,False,False,False,,,0.87,"24.01,52.00,1:26.97",False
76,短水路,1,女子,100m個人メドレー,35～39歳,1:03.17,1:03.17,1:10.75,1,菊地美春,セ・目黒,12/1,1:17.18,77.18,False,False,False,,,0.66,"15.09,35.07,58.34",False
76,短水路,1,女子,100m個人メドレー,30～34歳,1:02.52,1:02.55,1:09.92,1,稲恒優里奈,セ・おおたか,12/6,1:12.71,72.71000000000001,False,False,False,,,0.72,"14.96,33.17,55.10",False
76,短水路,1,女子,100m個人メドレー,25～29歳,1:01.79,1:01.79,1:06.72,1,志賀菜々美,セ・二俣川,12/8,1:13.23,73.23,False,False,False,,,0.72,"14.79,32.59,55.73",False
76,短水路,1,女子,100m個人メドレー,25～29歳,1:01.79,1:01.79,1:06.72,2,遠藤桃,セ・越谷,11/4,1:13.73,73.73,False,False,False,,,0.85,"15.39,34.29,55.97",False
76,短水路,1,女子,100m個人メドレー,25～29歳,1:01.79,1:01.79,1:06.72,3,嶋田菜々子,セ・おおたか,11/3,1:15.58,75.58,False,False,False,,,0.66,"15.17,33.99,57.24",False
76,短水路,1,女子,100m個人メドレー,25～29歳,1:01.79,1:01.79,1:06.72,4,高橋由子,セ・川越,12/7,1:18.98,78.98,False,False,False,,,0.87,"15.85,36.53,1:00.33",False
76,短水路,1,女子,100m個人メドレー,25～29歳,1:01.79,1:01.79,1:06.72,5,石井理桜子,セ・市川,11/1,1:19.84,79.84,False,False,False,,,0.69,"16.18,37.21,1:00.49",False
76,短水路,1,女子,100m個人メドレー,25～29歳,1:01.79,1:01.79,1:06.72,6,片桐由里恵,セ・Ｓ湘南台,8/8,1:35.13,95.13,False,False,False,,,0.89,"19.80,43.51,1:12.25",False
76,短水路,1,女子,100m個人メドレー,18～24歳,,,1:06.66,1,渡辺美楓,セ・谷津,12/5,1:09.17,69.17,False,False,False,,,0.65,"14.06,31.71,52.35",False
76,短水路,1,女子,100m個人メドレー,18～24歳,,,1:06.66,2,高﨑優奈,セ・清瀬,12/4,1:11.74,71.74,False,False,False,,,0.74,"14.89,32.40,54.66",False
76,短水路,1,女子,100m個人メドレー,18～24歳,,,1:06.66,3,岡田星理,セ・谷津,12/3,1:15.09,75.09,False,False,False,,,0.75,"14.89,33.71,56.55",False
76,短水路,1,女子,100m個人メドレー,18～24歳,,,1:06.66,4,宮坂茉優,セ・我孫子,10/5,1:19.14,79.14,False,False,False,,,0.84,"15.88,36.09,1:00.24",False
76,短水路,2,男子,100m個人メドレー,80～84歳,1:23.73,1:27.38,1:46.24,,眞壁功,セ・藤沢,2/5,,,False,False,False,,,,,False
76,短水路,2,男子,100m個人メドレー,75～79歳,1:17.58,1:21.25,1:30.26,1,今修二,セ・越谷,3/7,1:41.95,101.95,False,False,False,,,1.03,"22.11,50.87,1:18.30",False
76,短水路,2,男子,100m個人メドレー,75～79歳,1:17.58,1:21.25,1:30.26,2,岡本孝夫,セ・新川崎,1/2,2:27.29,147.29,False,False,False,,,1.0,"33.94,1:14.07,1:55.09",False
76,短水路,2,男子,100m個人メドレー,70～74歳,1:06.98,1:13.11,1:23.83,1,吉澤隆,セ・清瀬,4/5,1:27.27,87.27,False,False,False,,,0.84,"18.17,40.49,1:05.88",False
76,短水路,2,男子,100m個人メドレー,70～74歳,1:06.98,1:13.11,1:23.83,2,菱沼和男,セ・葛西,2/2,1:43.24,103.24000000000001,False,False,False,,,0.82,"23.38,49.55,1:20.90",False
76,短水路,2,男子,100m個人メドレー,70～74歳,1:06.98,1:13.11,1:23.83,,高橋修一,セ・我孫子,1/7,,,False,False,False,,,,,False
76,短水路,2,男子,100m個人メドレー,65～69歳,1:05.43,1:10.47,1:15.90,1,山梨英克,セ・我孫子,3/4,1:31.65,91.65,False,False,False,,,0.72,"19.01,44.26,1:10.16",False
76,短水路,2,男子,100m個人メドレー,65～69歳,1:05.43,1:10.47,1:15.90,2,竹内新,セ・府中,4/8,1:41.63,101.63,False,False,False,,,0.98,"20.30,50.03,1:19.50",False
76,短水路,2,男子,100m個人メドレー,65～69歳,1:05.43,1:10.47,1:15.90,3,折居彰,セ・阿佐谷,1/5,1:43.93,103.93,False,False,False,,,1.17,"24.02,51.29,1:19.93",False
76,短水路,2,男子,100m個人メドレー,65～69歳,1:05.43,1:10.47,1:15.90,4,赤坂吉昭,セ・葛西,3/5,1:48.28,108.28,False,False,False,,,0.98,"23.20,52.51,1:23.93",False
76,短水路,2,男子,100m個人メドレー,65～69歳,1:05.43,1:10.47,1:15.90,5,柴田三千男,墨田区体育館,2/6,1:57.91,117.91,False,False,False,,,0.94,"26.27,59.24,1:32.04",False
76,短水路,2,男子,100m個人メドレー,60～64歳,1:03.20,1:04.21,1:11.11,1,渡部佳彦,セ・市川,10/1,1:11.78,71.78,False,False,False,,,0.78,"14.38,33.28,54.26",False
76,短水路,2,男子,100m個人メドレー,60～64歳,1:03.20,1:04.21,1:11.11,2,菊池千二,セ・市ヶ尾,5/7,1:13.99,73.99,False,False,False,,,0.82,"14.33,34.26,56.19",False
76,短水路,2,男子,100m個人メドレー,60～64歳,1:03.20,1:04.21,1:11.11,3,下家成人,セ・二俣川,8/7,1:17.68,77.68,False,False,False,,,0.74,"15.42,34.39,58.66",False
76,短水路,2,男子,100m個人メドレー,60～64歳,1:03.20,1:04.21,1:11.11,4,久保田勝己,セ・阿佐谷,5/1,1:23.54,83.53999999999999,False,False,False,,,0.85,"17.07,39.29,1:04.97",False
76,短水路,2,男子,100m個人メドレー,60～64歳,1:03.20,1:04.21,1:11.11,5,中村幸弘,セ・越谷,6/1,1:25.18,85.18,False,False,False,,,0.9,"16.80,39.39,1:03.30",False
76,短水路,2,男子,100m個人メドレー,60～64歳,1:03.20,1:04.21,1:11.11,6,若島健二,セ・二俣川,4/4,1:27.03,87.03,False,False,False,,,0.9,"19.09,42.02,1:06.85",False
76,短水路,2,男子,100m個人メドレー,60～64歳,1:03.20,1:04.21,1:11.11,7,大塚克,セ・市川,6/8,1:29.12,89.12,False,False,False,,,0.71,"17.03,40.88,1:06.30",False
76,短水路,2,男子,100m個人メドレー,60～64歳,1:03.20,1:04.21,1:11.11,8,一色洋志,セ・福生,4/3,1:30.07,90.07,False,False,False,,,0.79,"18.05,42.40,1:08.55",False
76,短水路,2,男子,100m個人メドレー,60～64歳,1:03.20,1:04.21,1:11.11,9,小島淳,セ・柏,2/4,1:31.41,91.41,False,False,False,,,0.84,"18.61,42.48,1:09.70",False
76,短水路,2,男子,100m個人メドレー,60～64歳,1:03.20,1:04.21,1:11.11,10,横山恵一,セ・越谷,4/6,1:32.66,92.66,False,False,False,,,0.86,"18.72,44.28,1:11.02",False
76,短水路,2,男子,100m個人メドレー,60～64歳,1:03.20,1:04.21,1:11.11,11,二宮博,セ・横浜,4/2,1:35.66,95.66,False,False,False,,,0.78,"18.58,44.50,1:11.86",False
76,短水路,2,男子,100m個人メドレー,60～64歳,1:03.20,1:04.21,1:11.11,12,二宮次郎,セ・南宇都宮,1/3,1:54.02,114.02000000000001,False,False,False,,,1.74,"23.65,56.67,1:28.31",False
76,短水路,2,男子,100m個人メドレー,60～64歳,1:03.20,1:04.21,1:11.11,13,山本勝,セ・慶應日吉,2/3,1:59.76,119.75999999999999,False,False,False,,,0.87,"25.02,1:00.21,1:34.73",False
76,短水路,2,男子,100m個人メドレー,55～59歳,1:00.75,1:01.65,1:08.36,1,小倉和彦,セ・清瀬,8/2,1:09.61,69.61,False,False,False,,,0.73,"14.33,32.46,51.44",False
76,短水路,2,男子,100m個人メドレー,55～59歳,1:00.75,1:01.65,1:08.36,2,阿部憲一,セ・大宮宮原,9/4,1:11.19,71.19,False,False,False,,,0.73,"14.35,33.72,54.77",False
76,短水路,2,男子,100m個人メドレー,55～59歳,1:00.75,1:01.65,1:08.36,3,町田克浩,セ・大森,6/3,1:17.06,77.06,False,False,False,,,0.81,"15.58,35.98,59.35",False
76,短水路,2,男子,100m個人メドレー,55～59歳,1:00.75,1:01.65,1:08.36,4,飯田正敏,セ・用賀,6/4,1:21.26,81.26,False,False,False,,,0.8,"15.82,37.75,1:01.87",False
76,短水路,2,男子,100m個人メドレー,55～59歳,1:00.75,1:01.65,1:08.36,5,本間丈博,セ・稲毛海岸,5/4,1:22.62,82.62,False,False,False,,,0.8,"16.85,39.45,1:04.41",False
76,短水路,2,男子,100m個人メドレー,55～59歳,1:00.75,1:01.65,1:08.36,6,塚本幸治,セ・千葉みなと,5/5,1:23.58,83.58,False,False,False,,,0.77,"17.06,39.49,1:04.98",False
76,短水路,2,男子,100m個人メドレー,55～59歳,1:00.75,1:01.65,1:08.36,7,高田義久,セ・八王子,5/8,1:27.71,87.71000000000001,False,False,False,,,0.75,"16.57,42.14,1:05.89",False
76,短水路,2,男子,100m個人メドレー,55～59歳,1:00.75,1:01.65,1:08.36,8,高橋潤,セ・成城,3/1,1:39.27,99.27000000000001,False,False,False,,,0.84,"18.55,44.85,1:14.73",False
76,短水路,2,男子,100m個人メドレー,55～59歳,1:00.75,1:01.65,1:08.36,9,日暮正明,セ・天王洲,3/2,1:50.26,110.25999999999999,False,False,False,,,0.88,"22.65,51.89,1:25.68",False
76,短水路,2,男子,100m個人メドレー,50～54歳,57.69,59.87,1:04.94,1,村野雄太,セ・清瀬,9/5,1:10.65,70.65,False,False,False,,,0.68,"14.01,32.51,53.37",False
76,短水路,2,男子,100m個人メドレー,50～54歳,57.69,59.87,1:04.94,2,岡村勝重,セ・長津田,7/5,1:12.68,72.68,False,False,False,,,0.62,"14.75,34.09,55.15",False
76,短水路,2,男子,100m個人メドレー,50～54歳,57.69,59.87,1:04.94,3,渡部弘一,セ・市川,7/4,1:12.88,72.88,False,False,False,,,0.67,"13.76,32.61,56.17",False
76,短水路,2,男子,100m個人メドレー,50～54歳,57.69,59.87,1:04.94,4,渡辺則貴,セ・戸塚,3/3,1:15.58,75.58,False,False,False,,,0.93,"15.73,34.26,57.01",False
76,短水路,2,男子,100m個人メドレー,50～54歳,57.69,59.87,1:04.94,5,北村洋一,セ・大森,7/7,1:16.42,76.42,False,False,False,,,0.63,"15.79,35.20,57.49",False
76,短水路,2,男子,100m個人メドレー,50～54歳,57.69,59.87,1:04.94,6,成島毅,セ・Ｆ宇都宮,5/3,1:17.86,77.86,False,False,False,,,0.76,"15.59,36.22,59.05",False
76,短水路,2,男子,100m個人メドレー,50～54歳,57.69,59.87,1:04.94,7,山本英男,セ・大宮宮原,5/6,1:19.78,79.78,False,False,False,,,0.74,"15.13,37.56,1:01.57",False
76,短水路,2,男子,100m個人メドレー,50～54歳,57.69,59.87,1:04.94,8,平田博之,セ・ときわ台,6/5,1:19.85,79.85,False,False,False,,,0.87,"16.31,37.44,1:01.83",False
76,短水路,2,男子,100m個人メドレー,50～54歳,57.69,59.87,1:04.94,9,渡誠,セ・清瀬,6/7,1:21.67,81.67,False,False,False,,,0.76,"17.31,38.26,1:03.22",False
76,短水路,2,男子,100m個人メドレー,50～54歳,57.69,59.87,1:04.94,10,佐々木栄一,Ｇ－ＳＰＡ,1/6,1:25.28,85.28,False,False,False,,,0.87,"17.50,37.85,1:03.78",False
76,短水路,2,男子,100m個人メドレー,50～54歳,57.69,59.87,1:04.94,11,大川明徳,セ・阿佐谷,4/1,1:34.33,94.33,False,False,False,,,1.09,"17.27,43.01,1:12.19",False
76,短水路,2,男子,100m個人メドレー,50～54歳,57.69,59.87,1:04.94,12,落合理,セ・武蔵小杉,2/7,2:06.55,126.55,False,False,False,,,0.75,"23.78,1:01.81,1:35.19",False
76,短水路,2,男子,100m個人メドレー,50～54歳,57.69,59.87,1:04.94,,君島篤,セ・西東京,4/7,,,False,False,False,,,,,False
76,短水路,2,男子,100m個人メドレー,45～49歳,57.68,57.83,1:01.65,1,山岡拓馬,セ・清瀬,11/3,1:00.05,60.05,True,False,False,,,0.65,"12.33,27.27,44.83",False
76,短水路,2,男子,100m個人メドレー,45～49歳,57.68,57.83,1:01.65,2,小安貴弘,セ・高崎,10/3,1:10.24,70.24,False,False,False,,,0.65,"13.65,31.68,53.14",False
76,短水路,2,男子,100m個人メドレー,45～49歳,57.68,57.83,1:01.65,3,羽田浩一,セ・成城,9/3,1:11.38,71.38,False,False,False,,,0.69,"14.47,32.52,53.43",False
76,短水路,2,男子,100m個人メドレー,45～49歳,57.68,57.83,1:01.65,4,山内悠,セ・市ヶ尾,7/3,1:15.42,75.42,False,False,False,,,0.85,"15.36,35.01,58.33",False
76,短水路,2,男子,100m個人メドレー,45～49歳,57.68,57.83,1:01.65,5,齊藤仁,セ・茂原,6/6,1:19.27,79.27,False,False,False,,,0.72,"16.10,36.31,1:00.09",False
76,短水路,2,男子,100m個人メドレー,40～44歳,56.80,56.80,1:00.29,1,鶴谷学,セ・二俣川,11/4,1:00.05,60.05,True,False,False,,,0.61,"12.07,27.70,45.23",False
76,短水路,2,男子,100m個人メドレー,40～44歳,56.80,56.80,1:00.29,2,中村正明,セ・阿佐谷,11/1,1:02.85,62.85,False,False,False,,,0.7,"12.56,28.83,46.94",False
76,短水路,2,男子,100m個人メドレー,40～44歳,56.80,56.80,1:00.29,3,図師拓千,セ・市ヶ尾,10/2,1:08.35,68.35,False,False,False,,,0.66,"13.43,31.07,52.64",False
76,短水路,2,男子,100m個人メドレー,40～44歳,56.80,56.80,1:00.29,4,植村匡詞,セ・千葉みなと,8/4,1:09.62,69.62,False,False,False,,,0.73,"14.19,31.59,52.86",False
76,短水路,2,男子,100m個人メドレー,40～44歳,56.80,56.80,1:00.29,5,小林弘典,セ・大森,8/1,1:13.33,73.33,False,False,False,,,0.76,"14.13,34.23,55.83",False
76,短水路,2,男子,100m個人メドレー,40～44歳,56.80,56.80,1:00.29,6,中村真也,セ・目黒,8/8,1:14.88,74.88,False,False,False,,,0.7,"14.43,33.59,56.34",False
76,短水路,2,男子,100m個人メドレー,40～44歳,56.80,56.80,1:00.29,7,小田島丈典,セ・福生,6/2,1:21.15,81.15,False,False,False,,,0.83,"16.27,37.19,1:02.41",False
76,短水路,2,男子,100m個人メドレー,40～44歳,56.80,56.80,1:00.29,8,今村満,セ・清瀬,3/8,1:33.18,93.18,False,False,False,,,0.85,"19.94,42.58,1:12.16",False
76,短水路,2,男子,100m個人メドレー,35～39歳,54.86,55.40,59.48,1,河野大和,ザバス川崎,8/3,1:08.66,68.66,False,False,False,,,0.7,"13.35,30.38,51.42",False
76,短水路,2,男子,100m個人メドレー,35～39歳,54.86,55.40,59.48,2,木村考太,セ・市ヶ尾,8/5,1:09.02,69.02,False,False,False,,,0.71,"14.07,33.36,52.32",False
76,短水路,2,男子,100m個人メドレー,35～39歳,54.86,55.40,59.48,3,和田亮,セ・阿佐谷,8/6,1:20.45,80.45,False,False,False,,,0.7,"15.12,34.90,1:01.62",False
76,短水路,2,男子,100m個人メドレー,30～34歳,53.28,54.64,59.06,1,伊藤孝優,セ・八王子,10/4,1:06.06,66.06,False,False,False,,,0.81,"12.83,29.96,49.74",False
76,短水路,2,男子,100m個人メドレー,30～34歳,53.28,54.64,59.06,2,塚本拓也,セ・清瀬,9/6,1:10.74,70.74,False,False,False,,,0.54,"13.64,30.38,53.31",False
76,短水路,2,男子,100m個人メドレー,30～34歳,53.28,54.64,59.06,3,江沢純也,セ・我孫子,7/2,1:15.26,75.26,False,False,False,,,0.74,"13.91,33.92,57.27",False
76,短水路,2,男子,100m個人メドレー,25～29歳,52.78,54.50,57.01,1,志田公輝,セ・阿佐谷,11/5,59.26,59.26,False,False,False,,,0.7,"12.75,29.22,46.03",False
76,短水路,2,男子,100m個人メドレー,25～29歳,52.78,54.50,57.01,2,小野健,セ・天王洲,11/6,1:03.36,63.36,False,False,False,,,0.64,"13.09,30.23,48.32",False
76,短水路,2,男子,100m個人メドレー,25～29歳,52.78,54.50,57.01,3,前島悠也,セ・葛西,11/7,1:03.71,63.71,False,False,False,,,0.65,"12.99,29.87,48.00",False
76,短水路,2,男子,100m個人メドレー,25～29歳,52.78,54.50,57.01,4,室坂拓真,セ・用賀,11/2,1:04.95,64.95,False,False,False,,,0.66,"12.97,29.13,48.59",False
76,短水路,2,男子,100m個人メドレー,25～29歳,52.78,54.50,57.01,5,高見沢重倫,セ・慶應日吉,9/1,1:06.53,66.53,False,False,False,,,0.63,"12.63,29.61,49.35",False
76,短水路,2,男子,100m個人メドレー,25～29歳,52.78,54.50,57.01,6,川手詢介,セ・慶應日吉,9/7,1:07.18,67.18,False,False,False,,,0.73,"13.18,29.96,49.76",False
76,短水路,2,男子,100m個人メドレー,25～29歳,52.78,54.50,57.01,7,関根貴大,セ・阿佐谷,10/5,1:07.78,67.78,False,False,False,,,0.77,"13.66,30.60,50.89",False
76,短水路,2,男子,100m個人メドレー,25～29歳,52.78,54.50,57.01,8,武本侑己,セ・青砥,7/6,1:10.54,70.53999999999999,False,False,False,,,0.85,"14.30,33.20,53.34",False
76,短水路,2,男子,100m個人メドレー,18～24歳,,,58.43,1,田中壮一郎,セ・二俣川,11/8,1:04.57,64.57,False,False,False,,,0.75,"12.78,30.04,48.60",False
76,短水路,2,男子,100m個人メドレー,18～24歳,,,58.43,2,重高良彦,セ・能見台,9/8,1:07.00,67.0,False,False,False,,,0.73,"13.62,31.46,51.72",False
76,短水路,2,男子,100m個人メドレー,18～24歳,,,58.43,3,伊藤水晶,セ・松戸,10/6,1:07.16,67.16,False,False,False,,,0.66,"12.86,30.68,50.57",False
76,短水路,2,男子,100m個人メドレー,18～24歳,,,58.43,4,西沢歩,セ・清瀬,10/8,1:12.33,72.33,False,False,False,,,0.69,"13.98,33.57,54.44",False
76,短水路,2,男子,100m個人メドレー,18～24歳,,,58.43,5,岩崎伊吹,セ・おおたか,5/2,1:13.92,73.92,False,False,False,,,0.66,"14.06,32.25,54.26",False
76,短水路,2,男子,100m個人メドレー,18～24歳,,,58.43,6,城山海,セ・葛西,7/1,1:14.48,74.48,False,False,False,,,0.79,"14.59,35.61,56.42",False
76,短水路,5,女子,25m自由形,90～94歳,,17.60,28.59,1,鈴木静江,クリーンスパ,4/2,29.69,29.69,False,False,False,,,1.06,,False
76,短水路,5,女子,25m自由形,85～89歳,,,22.44,1,須山順子,セ・松戸,13/3,22.98,22.98,False,False,False,,,,,False
76,短水路,5,女子,25m自由形,85～89歳,,,22.44,2,平田美佐子,セ・天王洲,4/4,25.14,25.14,False,False,False,,,1.04,,False
76,短水路,5,女子,25m自由形,80～84歳,,,18.60,1,八田清子,セ・松戸,16/1,20.28,20.28,False,False,False,,,0.71,,False
76,短水路,5,女子,25m自由形,80～84歳,,,18.60,2,佐藤由利子,セ・用賀,16/7,20.54,20.54,False,False,False,,,0.85,,False
76,短水路,5,女子,25m自由形,80～84歳,,,18.60,3,西巻トキ枝,セ・戸塚,10/5,20.94,20.94,False,False,False,,,0.89,,False
76,短水路,5,女子,25m自由形,80～84歳,,,18.60,4,平井節子,セ・南千住,9/4,22.48,22.48,False,False,False,,,1.04,,False
76,短水路,5,女子,25m自由形,80～84歳,,,18.60,5,田中敏子,セ・阿佐谷,6/4,23.11,23.11,False,False,False,,,,,False
76,短水路,5,女子,25m自由形,80～84歳,,,18.60,6,御手洗ヨシ,CS南行徳,10/4,23.15,23.15,False,False,False,,,1.15,,False
76,短水路,5,女子,25m自由形,80～84歳,,,18.60,7,武藤治子,セ・二俣川,2/8,23.31,23.31,False,False,False,,,,,False
76,短水路,5,女子,25m自由形,80～84歳,,,18.60,8,後藤久美子,セ・戸塚,6/3,23.56,23.56,False,False,False,,,0.94,,False
76,短水路,5,女子,25m自由形,80～84歳,,,18.60,9,倉元恵子,セ・館山,3/4,24.04,24.04,False,False,False,,,0.96,,False
76,短水路,5,女子,25m自由形,80～84歳,,,18.60,10,川端淑子,セ・天王洲,2/5,24.82,24.82,False,False,False,,,1.19,,False
76,短水路,5,女子,25m自由形,80～84歳,,,18.60,11,相澤和子,セ・新都心,6/5,25.62,25.62,False,False,False,,,1.08,,False
76,短水路,5,女子,25m自由形,80～84歳,,,18.60,12,大浜南海江,セ・目黒,4/6,26.89,26.89,False,False,False,,,,,False
76,短水路,5,女子,25m自由形,80～84歳,,,18.60,13,浜野操子,セ・流山,2/4,27.16,27.16,False,False,False,,,0.79,,False
76,短水路,5,女子,25m自由形,75～79歳,,,17.96,1,室谷晴江,セ・大森,16/4,19.01,19.01,False,False,False,,,0.88,,False
76,短水路,5,女子,25m自由形,75～79歳,,,17.96,2,田村俊子,セ・館山,9/6,21.21,21.21,False,False,False,,,0.89,,False
76,短水路,5,女子,25m自由形,75～79歳,,,17.96,3,中村敬子,セ・府中,13/4,21.62,21.62,False,False,False,,,1.15,,False
76,短水路,5,女子,25m自由形,75～79歳,,,17.96,4,坂本光子,セ・越谷,10/6,21.63,21.63,False,False,False,,,0.97,,False
76,短水路,5,女子,25m自由形,75～79歳,,,17.96,5,吉田三枝子,墨田区体育館,6/2,21.78,21.78,False,False,False,,,1.1,,False
76,短水路,5,女子,25m自由形,75～79歳,,,17.96,6,田野倉和子,セ・慶應日吉,7/6,22.65,22.65,False,False,False,,,1.05,,False
76,短水路,5,女子,25m自由形,75～79歳,,,17.96,7,松木弘美,セ・志木,7/3,22.66,22.66,False,False,False,,,0.85,,False
76,短水路,5,女子,25m自由形,75～79歳,,,17.96,8,古田美智子,セ・自由が丘,9/3,23.11,23.11,False,False,False,,,0.99,,False
76,短水路,5,女子,25m自由形,75～79歳,,,17.96,9,諸橋暁子,曽谷・セ,4/8,23.15,23.15,False,False,False,,,1.01,,False
76,短水路,5,女子,25m自由形,75～79歳,,,17.96,10,中田和子,セ・越谷,2/3,23.62,23.62,False,False,False,,,,,False
76,短水路,5,女子,25m自由形,75～79歳,,,17.96,11,石井千枝子,セ・蘇我,9/5,23.63,23.63,False,False,False,,,,,False
76,短水路,5,女子,25m自由形,75～79歳,,,17.96,12,内田貞代,セ・清瀬,5/2,24.71,24.71,False,False,False,,,0.94,,False
76,短水路,5,女子,25m自由形,75～79歳,,,17.96,13,松永タズヨ,セ・おおたか,10/3,24.93,24.93,False,False,False,,,1.57,,False
76,短水路,5,女子,25m自由形,75～79歳,,,17.96,14,安部澄子,セ・我孫子,3/5,25.48,25.48,False,False,False,,,1.28,,False
76,短水路,5,女子,25m自由形,75～79歳,,,17.96,15,石川和子,セ・我孫子,7/4,25.54,25.54,False,False,False,,,0.88,,False
76,短水路,5,女子,25m自由形,75～79歳,,,17.96,16,柴田千代子,セ・天王洲,5/6,26.94,26.94,False,False,False,,,,,False
76,短水路,5,女子,25m自由形,75～79歳,,,17.96,17,福澤チヅ子,CS南行徳,6/7,27.09,27.09,False,False,False,,,,,False
76,短水路,5,女子,25m自由形,75～79歳,,,17.96,18,山口英子,セ・流山,5/5,27.93,27.93,False,False,False,,,0.98,,False
76,短水路,5,女子,25m自由形,75～79歳,,,17.96,19,飯塚正子,セ・久喜,2/6,28.52,28.52,False,False,False,,,1.1,,False
76,短水路,5,女子,25m自由形,75～79歳,,,17.96,20,染谷敏子,セ・天王洲,3/2,28.66,28.66,False,False,False,,,1.21,,False
76,短水路,5,女子,25m自由形,75～79歳,,,17.96,21,谷口富美子,セ・久喜,5/3,29.90,29.9,False,False,False,,,,,False
76,短水路,5,女子,25m自由形,70～74歳,,,16.95,1,近藤ひな子,セ・二俣川,20/6,17.98,17.98,False,False,False,,,0.93,,False
76,短水路,5,女子,25m自由形,70～74歳,,,16.95,2,舛尾妃呂子,セ・稲毛海岸,10/8,18.08,18.08,False,False,False,,,0.9,,False
76,短水路,5,女子,25m自由形,70～74歳,,,16.95,3,小池藤子,セ・新三郷,16/8,18.22,18.22,False,False,False,,,0.7,,False
76,短水路,5,女子,25m自由形,70～74歳,,,16.95,4,梅田栄己子,セ・天王洲,19/4,18.37,18.37,False,False,False,,,1.17,,False
76,短水路,5,女子,25m自由形,70～74歳,,,16.95,5,後藤明美,セ・天王洲,12/5,18.48,18.48,False,False,False,,,1.05,,False
76,短水路,5,女子,25m自由形,70～74歳,,,16.95,6,石塚孝子,セ・志木,15/4,18.57,18.57,False,False,False,,,0.87,,False
76,短水路,5,女子,25m自由形,70～74歳,,,16.95,7,大久保祐美子,セ・おおたか,16/5,18.96,18.96,False,False,False,,,1.06,,False
76,短水路,5,女子,25m自由形,70～74歳,,,16.95,8,鶴本年子,セ・清瀬,19/8,19.07,19.07,False,False,False,,,0.75,,False
76,短水路,5,女子,25m自由形,70～74歳,,,16.95,9,清水裕子,セ・二俣川,14/4,19.14,19.14,False,False,False,,,0.96,,False
76,短水路,5,女子,25m自由形,70～74歳,,,16.95,10,見崎幸子,墨田区体育館,7/2,19.16,19.16,False,False,False,,,0.88,,False
76,短水路,5,女子,25m自由形,70～74歳,,,16.95,11,齊藤たか子,ザバス川崎,14/5,19.66,19.66,False,False,False,,,0.84,,False
76,短水路,5,女子,25m自由形,70～74歳,,,16.95,12,樋口孝子,セ・阿佐谷,10/2,20.43,20.43,False,False,False,,,1.18,,False
76,短水路,5,女子,25m自由形,70～74歳,,,16.95,13,吉田あけみ,セ・館山,5/1,20.54,20.54,False,False,False,,,1.04,,False
76,短水路,5,女子,25m自由形,70～74歳,,,16.95,14,崎山治子,セ・用賀,9/1,20.68,20.68,False,False,False,,,1.08,,False
76,短水路,5,女子,25m自由形,70～74歳,,,16.95,15,山崎美南子,セ・南青山,16/3,20.71,20.71,False,False,False,,,0.97,,False
76,短水路,5,女子,25m自由形,70～74歳,,,16.95,16,山下康代,セ・用賀,7/7,21.05,21.05,False,False,False,,,1.22,,False
76,短水路,5,女子,25m自由形,70～74歳,,,16.95,17,若林多恵子,セ・谷津,14/8,21.52,21.52,False,False,False,,,0.93,,False
76,短水路,5,女子,25m自由形,70～74歳,,,16.95,18,松丸映子,セ・ときわ台,18/6,21.53,21.53,False,False,False,,,1.09,,False
76,短水路,5,女子,25m自由形,70～74歳,,,16.95,19,若松はる子,セ・松戸,13/6,21.61,21.61,False,False,False,,,0.86,,False
76,短水路,5,女子,25m自由形,70～74歳,,,16.95,20,山村昌子,セ・南千住,12/4,21.65,21.65,False,False,False,,,0.91,,False
76,短水路,5,女子,25m自由形,70～74歳,,,16.95,21,柴田美知子,セ・新浦安,14/1,21.72,21.72,False,False,False,,,1.05,,False
76,短水路,5,女子,25m自由形,70～74歳,,,16.95,22,宮内佳代子,セ・トレッサ,13/5,21.85,21.85,False,False,False,,,0.81,,False
76,短水路,5,女子,25m自由形,70～74歳,,,16.95,23,女田悦子,セ・二俣川,10/7,21.87,21.87,False,False,False,,,0.79,,False
76,短水路,5,女子,25m自由形,70～74歳,,,16.95,24,富樫博子,セ・大森,12/3,22.17,22.17,False,False,False,,,1.44,,False
76,短水路,5,女子,25m自由形,70～74歳,,,16.95,25,菊地枝美子,セ・清瀬,5/7,22.71,22.71,False,False,False,,,0.89,,False
76,短水路,5,女子,25m自由形,70～74歳,,,16.95,26,永田陽子,セ・戸塚,11/3,23.62,23.62,False,False,False,,,0.94,,False
76,短水路,5,女子,25m自由形,70～74歳,,,16.95,27,石村眞理子,セ・新川崎,9/8,24.42,24.42,False,False,False,,,0.92,,False
76,短水路,5,女子,25m自由形,70～74歳,,,16.95,28,松村眞理子,セ・久喜,11/4,24.86,24.86,False,False,False,,,1.19,,False
76,短水路,5,女子,25m自由形,70～74歳,,,16.95,29,上野俊子,セ・桶川北本,4/1,25.02,25.02,False,False,False,,,,,False
76,短水路,5,女子,25m自由形,70～74歳,,,16.95,30,岩塚美恵子,セ・越谷,2/2,25.09,25.09,False,False,False,,,1.18,,False
76,短水路,5,女子,25m自由形,70～74歳,,,16.95,31,池田真木子,セ・阿佐谷,4/5,25.17,25.17,False,False,False,,,,,False
76,短水路,5,女子,25m自由形,70～74歳,,,16.95,32,友野敬子,セ・館山,3/3,27.14,27.14,False,False,False,,,1.05,,False
76,短水路,5,女子,25m自由形,70～74歳,,,16.95,33,加藤敬子,セ・慶應日吉,11/5,27.72,27.72,False,False,False,,,,,False
76,短水路,5,女子,25m自由形,70～74歳,,,16.95,34,安野裕子,セ・新川崎,5/4,30.97,30.97,False,False,False,,,1.31,,False
76,短水路,5,女子,25m自由形,70～74歳,,,16.95,,大山伴恵,セ・トレッサ,10/1,,,False,False,False,,,,,False
76,短水路,5,女子,25m自由形,65～69歳,,,15.74,1,立石由美子,セ・大森,16/2,16.87,16.87,False,False,False,,,0.7,,False
76,短水路,5,女子,25m自由形,65～69歳,,,15.74,2,野島正代,セ・阿佐谷,20/5,17.42,17.42,False,False,False,,,0.83,,False
76,短水路,5,女子,25m自由形,65～69歳,,,15.74,3,ダン典子,セ・自由が丘,22/1,17.78,17.78,False,False,False,,,0.79,,False
76,短水路,5,女子,25m自由形,65～69歳,,,15.74,4,山梨静枝,セ・我孫子,18/1,18.06,18.06,False,False,False,,,0.82,,False
76,短水路,5,女子,25m自由形,65～69歳,,,15.74,4,川久保ちづる,ザバス川崎,19/6,18.06,18.06,False,False,False,,,0.85,,False
76,短水路,5,女子,25m自由形,65～69歳,,,15.74,6,井上美佐子,セ・大森,16/6,18.22,18.22,False,False,False,,,0.78,,False
76,短水路,5,女子,25m自由形,65～69歳,,,15.74,7,山本由起子,セ・南千住,21/4,18.26,18.26,False,False,False,,,0.89,,False
76,短水路,5,女子,25m自由形,65～69歳,,,15.74,8,浅野みどり,セ・天王洲,21/2,18.40,18.4,False,False,False,,,0.67,,False
76,短水路,5,女子,25m自由形,65～69歳,,,15.74,9,小宮山美芽,セ・天王洲,17/4,18.53,18.53,False,False,False,,,0.78,,False
76,短水路,5,女子,25m自由形,65～69歳,,,15.74,10,江幡菜穂子,クリーンスパ,14/3,18.59,18.59,False,False,False,,,0.95,,False
76,短水路,5,女子,25m自由形,65～69歳,,,15.74,11,渋谷照代,セ・我孫子,12/6,18.73,18.73,False,False,False,,,1.06,,False
76,短水路,5,女子,25m自由形,65～69歳,,,15.74,12,光畑千栄子,セ・成瀬,14/6,19.22,19.22,False,False,False,,,0.96,,False
76,短水路,5,女子,25m自由形,65～69歳,,,15.74,13,島本かをる,セ・溝ノ口,6/6,19.33,19.33,False,False,False,,,0.77,,False
76,短水路,5,女子,25m自由形,65～69歳,,,15.74,14,三嶋祐子,セ・阿佐谷,15/5,19.48,19.48,False,False,False,,,0.94,,False
76,短水路,5,女子,25m自由形,65～69歳,,,15.74,15,小笠原三春,セ・八王子,15/6,19.54,19.54,False,False,False,,,0.92,,False
76,短水路,5,女子,25m自由形,65～69歳,,,15.74,16,古宇田淳子,セ・南千住,17/5,19.82,19.82,False,False,False,,,0.76,,False
76,短水路,5,女子,25m自由形,65～69歳,,,15.74,17,須田菜奈子,セ・桶川北本,1/5,19.95,19.95,False,False,False,,,1.08,,False
76,短水路,5,女子,25m自由形,65～69歳,,,15.74,18,小沢邦恵,セ・二俣川,14/2,20.66,20.66,False,False,False,,,0.95,,False
76,短水路,5,女子,25m自由形,65～69歳,,,15.74,19,中西トモ子,セ・越谷,15/3,21.34,21.34,False,False,False,,,0.94,,False
76,短水路,5,女子,25m自由形,65～69歳,,,15.74,20,池田真理子,セ・大森,5/8,21.94,21.94,False,False,False,,,1.11,,False
76,短水路,5,女子,25m自由形,65～69歳,,,15.74,21,藤井道子,セ・我孫子,2/1,22.33,22.33,False,False,False,,,0.94,,False
76,短水路,5,女子,25m自由形,65～69歳,,,15.74,22,齋藤準子,セ・茂原,11/2,22.64,22.64,False,False,False,,,1.21,,False
76,短水路,5,女子,25m自由形,65～69歳,,,15.74,23,大塩郁子,セ・新浦安,11/6,23.12,23.12,False,False,False,,,0.97,,False
76,短水路,5,女子,25m自由形,65～69歳,,,15.74,24,太田拓江,セ・戸塚,6/1,23.13,23.13,False,False,False,,,1.01,,False
76,短水路,5,女子,25m自由形,65～69歳,,,15.74,25,池長幸子,セ・桶川北本,3/7,23.51,23.51,False,False,False,,,,,False
76,短水路,5,女子,25m自由形,65～69歳,,,15.74,26,大西和子,セ・天王洲,8/4,24.16,24.16,False,False,False,,,1.12,,False
76,短水路,5,女子,25m自由形,65～69歳,,,15.74,27,中島初美,セ・大森,7/1,24.71,24.71,False,False,False,,,,,False
76,短水路,5,女子,25m自由形,65～69歳,,,15.74,28,木村恵,セ・我孫子,3/6,27.79,27.79,False,False,False,,,1.06,,False
76,短水路,5,女子,25m自由形,65～69歳,,,15.74,29,小高和子,セ・桶川北本,1/1,28.34,28.34,False,False,False,,,,,False
76,短水路,5,女子,25m自由形,65～69歳,,,15.74,30,加藤かずみ,セ・八王子,2/7,28.81,28.81,False,False,False,,,,,False
76,短水路,5,女子,25m自由形,60～64歳,,,14.50,1,永瀬秀子,セ・二俣川,26/8,14.79,14.79,False,False,False,,,0.76,,False
76,短水路,5,女子,25m自由形,60～64歳,,,14.50,2,佐藤明美,セ・館山,23/5,16.29,16.29,False,False,False,,,0.83,,False
76,短水路,5,女子,25m自由形,60～64歳,,,14.50,3,大槻真由美,セ・清瀬,22/4,16.92,16.92,False,False,False,,,0.89,,False
76,短水路,5,女子,25m自由形,60～64歳,,,14.50,4,福原美奈,セ・稲毛海岸,12/7,17.34,17.34,False,False,False,,,0.71,,False
76,短水路,5,女子,25m自由形,60～64歳,,,14.50,5,伊藤みどり,セ・能見台,19/7,17.45,17.45,False,False,False,,,0.96,,False
76,短水路,5,女子,25m自由形,60～64歳,,,14.50,6,高橋裕子,セ・葛西,23/4,17.51,17.51,False,False,False,,,0.94,,False
76,短水路,5,女子,25m自由形,60～64歳,,,14.50,7,井上知美,セ・府中,12/2,17.65,17.65,False,False,False,,,0.98,,False
76,短水路,5,女子,25m自由形,60～64歳,,,14.50,8,神保清美,セ・自由が丘,22/6,17.81,17.81,False,False,False,,,0.59,,False
76,短水路,5,女子,25m自由形,60～64歳,,,14.50,9,大原清美,セ・阿佐谷,21/1,17.96,17.96,False,False,False,,,1.0,,False
76,短水路,5,女子,25m自由形,60～64歳,,,14.50,10,高橋久美,セ・市川,22/7,17.97,17.97,False,False,False,,,0.69,,False
76,短水路,5,女子,25m自由形,60～64歳,,,14.50,11,北嶋春美,セ・湘南LT,21/7,18.57,18.57,False,False,False,,,0.86,,False
76,短水路,5,女子,25m自由形,60～64歳,,,14.50,12,清水孝子,セ・福生,17/3,18.75,18.75,False,False,False,,,0.89,,False
76,短水路,5,女子,25m自由形,60～64歳,,,14.50,13,宮田ひとみ,セ・阿佐谷,20/2,18.93,18.93,False,False,False,,,0.9,,False
76,短水路,5,女子,25m自由形,60～64歳,,,14.50,14,吉田有子,セ・館山,19/5,19.08,19.08,False,False,False,,,0.88,,False
76,短水路,5,女子,25m自由形,60～64歳,,,14.50,15,米林清子,セ・越谷,18/3,19.49,19.49,False,False,False,,,0.79,,False
76,短水路,5,女子,25m自由形,60～64歳,,,14.50,16,野澤典子,セ・戸塚,11/7,19.62,19.62,False,False,False,,,1.22,,False
76,短水路,5,女子,25m自由形,60～64歳,,,14.50,17,蛯名とも子,セ・志木,19/3,19.77,19.77,False,False,False,,,0.93,,False
76,短水路,5,女子,25m自由形,60～64歳,,,14.50,18,佐々木政子,セ・大森,8/5,21.63,21.63,False,False,False,,,0.92,,False
76,短水路,5,女子,25m自由形,60～64歳,,,14.50,19,菊池佐千代,セ・流山,1/7,23.21,23.21,False,False,False,,,0.86,,False
76,短水路,5,女子,25m自由形,55～59歳,,,14.36,1,村田由里子,セ・茂原,25/5,15.12,15.12,False,False,False,,,0.85,,False
76,短水路,5,女子,25m自由形,55～59歳,,,14.36,2,八尋加苗,セ・松戸,25/2,15.42,15.42,False,False,False,,,0.7,,False
76,短水路,5,女子,25m自由形,55～59歳,,,14.36,3,唐鎌典子,セ・千葉みなと,25/1,15.58,15.58,False,False,False,,,0.82,,False
76,短水路,5,女子,25m自由形,55～59歳,,,14.36,4,横尾しずか,セ・用賀,21/3,15.65,15.65,False,False,False,,,0.81,,False
76,短水路,5,女子,25m自由形,55～59歳,,,14.36,5,小倉直美,セ・清瀬,24/7,16.33,16.33,False,False,False,,,0.77,,False
76,短水路,5,女子,25m自由形,55～59歳,,,14.36,6,佐藤美絵子,セ・清瀬,21/5,16.63,16.63,False,False,False,,,0.71,,False
76,短水路,5,女子,25m自由形,55～59歳,,,14.36,7,角南美貴,セ・我孫子,15/7,16.86,16.86,False,False,False,,,0.75,,False
76,短水路,5,女子,25m自由形,55～59歳,,,14.36,8,柳澤聡子,セ・大宮宮原,3/1,17.23,17.23,False,False,False,,,0.95,,False
76,短水路,5,女子,25m自由形,55～59歳,,,14.36,9,安藤真奈美,セ・新浦安,22/5,17.50,17.5,False,False,False,,,0.79,,False
76,短水路,5,女子,25m自由形,55～59歳,,,14.36,10,澤野貴子,セ・葛西,12/8,18.04,18.04,False,False,False,,,0.78,,False
76,短水路,5,女子,25m自由形,55～59歳,,,14.36,11,小林名緒子,セ・大森,17/6,18.20,18.2,False,False,False,,,0.71,,False
76,短水路,5,女子,25m自由形,55～59歳,,,14.36,12,下段千寿子,セ・越谷,15/2,18.40,18.4,False,False,False,,,1.06,,False
76,短水路,5,女子,25m自由形,55～59歳,,,14.36,13,山田明子,セ・新浦安,20/7,18.59,18.59,False,False,False,,,0.99,,False
76,短水路,5,女子,25m自由形,55～59歳,,,14.36,14,佐藤直子,セ・我孫子,17/2,18.80,18.8,False,False,False,,,0.73,,False
76,短水路,5,女子,25m自由形,55～59歳,,,14.36,15,二ノ宮美佳,セ・越谷,20/4,18.84,18.84,False,False,False,,,0.91,,False
76,短水路,5,女子,25m自由形,55～59歳,,,14.36,16,棚橋悦子,セ・自由が丘,19/2,18.98,18.98,False,False,False,,,0.92,,False
76,短水路,5,女子,25m自由形,55～59歳,,,14.36,17,蔵屋由紀子,セ・新川崎,20/1,19.41,19.41,False,False,False,,,0.88,,False
76,短水路,5,女子,25m自由形,55～59歳,,,14.36,18,レントフェルト慶子,セ・清瀬,12/1,19.80,19.8,False,False,False,,,1.07,,False
76,短水路,5,女子,25m自由形,55～59歳,,,14.36,19,五十嵐美華,セ・平塚,22/8,20.05,20.05,False,False,False,,,,,False
76,短水路,5,女子,25m自由形,55～59歳,,,14.36,20,富樫真樹子,セ・用賀,14/7,20.11,20.11,False,False,False,,,0.72,,False
76,短水路,5,女子,25m自由形,55～59歳,,,14.36,21,植草美香子,セ・横浜,11/1,22.05,22.05,False,False,False,,,1.12,,False
76,短水路,5,女子,25m自由形,55～59歳,,,14.36,22,日置睦,セ・我孫子,4/7,22.11,22.11,False,False,False,,,0.85,,False
76,短水路,5,女子,25m自由形,55～59歳,,,14.36,23,安部みえ子,セ・桶川北本,1/3,22.74,22.74,False,False,False,,,0.52,,False
76,短水路,5,女子,25m自由形,55～59歳,,,14.36,24,鈴木喜代子,セ・茂原,8/6,23.73,23.73,False,False,False,,,0.76,,False
76,短水路,5,女子,25m自由形,55～59歳,,,14.36,,平澤馨,セ・府中,8/3,,,False,False,False,,,,,False
76,短水路,5,女子,25m自由形,55～59歳,,,14.36,,森内裕子,セ・天王洲,21/6,,,False,False,False,,,,,False
76,短水路,5,女子,25m自由形,50～54歳,,,14.02,1,綿貫麻衣子,セ・市ヶ尾,26/6,14.42,14.42,False,False,False,,,0.74,,False
76,短水路,5,女子,25m自由形,50～54歳,,,14.02,2,工藤遵江,セ・F宇都宮,26/3,14.59,14.59,False,False,False,,,0.73,,False
76,短水路,5,女子,25m自由形,50～54歳,,,14.02,3,柳有美子,セ・おおたか,25/3,15.22,15.22,False,False,False,,,0.81,,False
76,短水路,5,女子,25m自由形,50～54歳,,,14.02,4,高橋圭,セ・松戸,24/8,15.42,15.42,False,False,False,,,0.73,,False
76,短水路,5,女子,25m自由形,50～54歳,,,14.02,5,清水友美,セ・S湘南台,24/1,16.78,16.78,False,False,False,,,0.76,,False
76,短水路,5,女子,25m自由形,50～54歳,,,14.02,6,田原文月,セ・南千住,22/3,17.09,17.09,False,False,False,,,0.83,,False
76,短水路,5,女子,25m自由形,50～54歳,,,14.02,7,酒井貴代,セ・大森,9/7,18.04,18.04,False,False,False,,,0.94,,False
76,短水路,5,女子,25m自由形,50～54歳,,,14.02,8,佐藤晶子,セ・おおたか,18/7,18.40,18.4,False,False,False,,,0.78,,False
76,短水路,5,女子,25m自由形,50～54歳,,,14.02,9,中村奈穂美,セ・越谷,17/1,19.13,19.13,False,False,False,,,0.9,,False
76,短水路,5,女子,25m自由形,50～54歳,,,14.02,10,石川美恵子,セ・長津田,13/1,19.51,19.51,False,False,False,,,1.18,,False
76,短水路,5,女子,25m自由形,50～54歳,,,14.02,11,森信子,セ・大森,18/5,19.54,19.54,False,False,False,,,1.13,,False
76,短水路,5,女子,25m自由形,50～54歳,,,14.02,12,山崎悦子,クリーンスパ,18/4,20.11,20.11,False,False,False,,,0.86,,False
76,短水路,5,女子,25m自由形,50～54歳,,,14.02,13,田上麻紀,セ・久喜,17/7,20.41,20.41,False,False,False,,,0.9,,False
76,短水路,5,女子,25m自由形,50～54歳,,,14.02,14,清水香,セ・横浜,8/2,20.45,20.45,False,False,False,,,0.8,,False
76,短水路,5,女子,25m自由形,50～54歳,,,14.02,15,小川史枝,セ・越谷LT,15/1,20.61,20.61,False,False,False,,,0.73,,False
76,短水路,5,女子,25m自由形,50～54歳,,,14.02,16,片岡久美子,セ・茂原,8/7,20.85,20.85,False,False,False,,,0.99,,False
76,短水路,5,女子,25m自由形,50～54歳,,,14.02,17,飯塚かずよ,セ・清瀬,13/7,21.17,21.17,False,False,False,,,1.03,,False
76,短水路,5,女子,25m自由形,50～54歳,,12.58,14.02,18,久保洋子,セ・流山,6/8,25.56,25.56,False,False,False,,,0.88,,False
76,短水路,5,女子,25m自由形,45～49歳,,,13.64,1,大黒明日香,セ・清瀬,25/6,14.96,14.96,False,False,False,,,0.76,,False
76,短水路,5,女子,25m自由形,45～49歳,,,13.64,2,高橋真美,セ・志木,25/7,15.73,15.73,False,False,False,,,0.7,,False
76,短水路,5,女子,25m自由形,45～49歳,,,13.64,3,清水佳苗,曽谷・セ,22/2,15.94,15.94,False,False,False,,,0.79,,False
76,短水路,5,女子,25m自由形,45～49歳,,,13.64,4,平林由美,CS南行徳,23/3,17.33,17.33,False,False,False,,,0.98,,False
76,短水路,5,女子,25m自由形,45～49歳,,,13.64,5,市川百合子,セ・大宮宮原,8/1,18.17,18.17,False,False,False,,,,,False
76,短水路,5,女子,25m自由形,45～49歳,,,13.64,6,下山雅子,セ・茂原,1/4,18.75,18.75,False,False,False,,,1.09,,False
76,短水路,5,女子,25m自由形,45～49歳,,,13.64,7,成重夏紀,セ・藤沢,13/8,20.34,20.34,False,False,False,,,1.34,,False
76,短水路,5,女子,25m自由形,45～49歳,,,13.64,8,大野祐子,CS南行徳,17/8,20.38,20.38,False,False,False,,,0.77,,False
76,短水路,5,女子,25m自由形,45～49歳,,,13.64,9,小林恵理子,セ・蘇我,13/2,20.89,20.89,False,False,False,,,1.0,,False
76,短水路,5,女子,25m自由形,45～49歳,,,13.64,10,星郁恵,セ・南千住,18/2,21.42,21.42,False,False,False,,,0.91,,False
76,短水路,5,女子,25m自由形,45～49歳,,,13.64,11,斉藤靖子,セ・目黒,9/2,22.66,22.66,False,False,False,,,1.11,,False
76,短水路,5,女子,25m自由形,40～44歳,,,13.48,1,宮本八重,セ・慶應日吉,26/2,13.88,13.88,False,False,False,,,0.75,,False
76,短水路,5,女子,25m自由形,40～44歳,,,13.48,2,小豆澤和代,セ・慶應日吉,26/5,14.92,14.92,False,False,False,,,0.75,,False
76,短水路,5,女子,25m自由形,40～44歳,,,13.48,3,西山春苗,セ・二俣川,24/4,15.33,15.33,False,False,False,,,0.95,,False
76,短水路,5,女子,25m自由形,40～44歳,,,13.48,4,四井美穂,セ・天王洲,24/5,15.33,15.33,False,False,False,,,0.95,,False
76,短水路,5,女子,25m自由形,40～44歳,,,13.48,5,町田麻里,セ・南千住,23/1,17.66,17.66,False,False,False,,,0.79,,False
76,短水路,5,女子,25m自由形,40～44歳,,,13.48,6,吉田瑠夏,曽谷・セ,19/1,18.76,18.76,False,False,False,,,0.88,,False
76,短水路,5,女子,25m自由形,40～44歳,,,13.48,7,小山内詔子,セ・下北沢,3/8,20.26,20.26,False,False,False,,,0.79,,False
76,短水路,5,女子,25m自由形,40～44歳,,,13.48,8,白花茉莉,セ・久喜,8/8,21.09,21.09,False,False,False,,,1.17,,False
76,短水路,5,女子,25m自由形,35～39歳,,,13.06,1,青木梨緒,セ・葛西,26/4,13.74,13.74,False,False,False,,,0.7,,False
76,短水路,5,女子,25m自由形,35～39歳,,,13.06,2,新井亜衣,セ・市川,24/6,14.11,14.11,False,False,False,,,0.8,,False
76,短水路,5,女子,25m自由形,35～39歳,,,13.06,3,川北恵,セ・長津田,26/7,14.18,14.18,False,False,False,,,0.77,,False
76,短水路,5,女子,25m自由形,35～39歳,,,13.06,4,長瀬涼佳,セ・二俣川,26/1,14.53,14.53,False,False,False,,,0.64,,False
76,短水路,5,女子,25m自由形,35～39歳,,,13.06,5,小林貴美代,セ・稲毛海岸,24/3,14.76,14.76,False,False,False,,,0.79,,False
76,短水路,5,女子,25m自由形,35～39歳,,,13.06,6,相賀由衣,セ・自由が丘,20/3,16.10,16.1,False,False,False,,,1.05,,False
76,短水路,5,女子,25m自由形,35～39歳,,,13.06,7,中辻澄美,セ・天王洲,23/6,17.05,17.05,False,False,False,,,0.8,,False
76,短水路,5,女子,25m自由形,35～39歳,,,13.06,8,李鎬善,セ・目黒,21/8,17.52,17.52,False,False,False,,,0.81,,False
76,短水路,5,女子,25m自由形,35～39歳,,11.97,13.06,9,RacaruGabriela,セ・慶應日吉,15/8,18.91,18.91,False,False,False,,,0.77,,False
76,短水路,5,女子,25m自由形,30～34歳,,,13.18,1,小堀友美,セ・南千住,25/4,14.22,14.22,False,False,False,,,0.81,,False
76,短水路,5,女子,25m自由形,30～34歳,,,13.18,2,近藤幸乃,セ・二俣川,25/8,15.32,15.32,False,False,False,,,0.83,,False
76,短水路,5,女子,25m自由形,30～34歳,,,13.18,3,岡澤美咲,セ・茂原,18/8,17.52,17.52,False,False,False,,,1.06,,False
76,短水路,5,女子,25m自由形,30～34歳,,,13.18,4,角田優佳里,セ・青砥,23/2,18.93,18.93,False,False,False,,,0.91,,False
76,短水路,5,女子,25m自由形,30～34歳,,,13.18,5,熊谷紗友梨,セ・S湘南台,20/8,19.41,19.41,False,False,False,,,0.94,,False
76,短水路,5,女子,25m自由形,25～29歳,,,13.09,1,二宮若葉,セ・南青山,23/8,14.70,14.7,False,False,False,,,0.74,,False
76,短水路,5,女子,25m自由形,25～29歳,,,13.09,2,大岩麻椰,セ・茂原,11/8,16.16,16.16,False,False,False,,,0.79,,False
76,短水路,5,女子,25m自由形,18～24歳,,,12.85,1,田嶋由佳,セ・F宇都宮,23/7,14.50,14.5,False,False,False,,,0.8,,False
76,短水路,5,女子,25m自由形,18～24歳,,,12.85,2,副島さくら,セ・葛西,24/2,14.67,14.67,False,False,False,,,0.8,,False
76,短水路,6,男子,25m自由形,90～94歳,,14.30,23.32,1,椎野正敏,セ・越谷,2/2,23.51,23.51,False,False,False,,,1.09,,False
76,短水路,6,男子,25m自由形,80～84歳,,,16.09,1,中村欣正,セ・流山,6/7,17.59,17.59,False,False,False,,,0.79,,False
76,短水路,6,男子,25m自由形,80～84歳,,,16.09,2,小田稔,セ・慶應日吉,4/6,19.28,19.28,False,False,False,,,1.15,,False
76,短水路,6,男子,25m自由形,80～84歳,,,16.09,3,若岡利夫,セ・蘇我,2/5,19.39,19.39,False,False,False,,,0.77,,False
76,短水路,6,男子,25m自由形,80～84歳,,,16.09,4,保谷由夫,Ｇ－ＳＰＡ,4/7,20.26,20.26,False,False,False,,,0.73,,False
76,短水路,6,男子,25m自由形,80～84歳,,,16.09,5,増山晶一,セ・下北沢,2/6,21.27,21.27,False,False,False,,,1.09,,False
76,短水路,6,男子,25m自由形,80～84歳,,,16.09,6,高木誠,セ・我孫子,3/4,22.62,22.62,False,False,False,,,1.31,,False
76,短水路,6,男子,25m自由形,80～84歳,,,16.09,7,佐々木正志,曽谷・セ,3/7,22.69,22.69,False,False,False,,,1.06,,False
76,短水路,6,男子,25m自由形,80～84歳,,,16.09,,谷口治典,セ・久喜,6/2,,,False,False,False,,,,,False
76,短水路,6,男子,25m自由形,75～79歳,,,13.49,1,山村茂,セ・南千住,4/5,17.16,17.16,False,False,False,,,1.07,,False
76,短水路,6,男子,25m自由形,75～79歳,,,13.49,2,丸喜章,セ・茂原,9/3,17.70,17.7,False,False,False,,,0.89,,False
76,短水路,6,男子,25m自由形,75～79歳,,,13.49,3,瀧下敏和,セ・志木,6/4,18.24,18.24,False,False,False,,,0.91,,False
76,短水路,6,男子,25m自由形,75～79歳,,,13.49,4,太田与洋,セ・新浦安,4/3,20.35,20.35,False,False,False,,,1.04,,False
76,短水路,6,男子,25m自由形,75～79歳,,,13.49,5,松永勝,セ・おおたか,3/5,20.50,20.5,False,False,False,,,1.28,,False
76,短水路,6,男子,25m自由形,75～79歳,,,13.49,6,泉保央,セ・慶應日吉,4/4,20.69,20.69,False,False,False,,,1.31,,False
76,短水路,6,男子,25m自由形,75～79歳,,,13.49,7,手塚満,セ・おおたか,4/2,20.81,20.81,False,False,False,,,0.69,,False
76,短水路,6,男子,25m自由形,75～79歳,,,13.49,8,内田幸稔,セ・松戸,5/4,20.84,20.84,False,False,False,,,0.92,,False
76,短水路,6,男子,25m自由形,75～79歳,,,13.49,9,阿達謙一,セ・大森,2/7,20.99,20.99,False,False,False,,,0.97,,False
76,短水路,6,男子,25m自由形,75～79歳,,,13.49,10,松村博司,セ・久喜,3/3,21.28,21.28,False,False,False,,,1.0,,False
76,短水路,6,男子,25m自由形,75～79歳,,,13.49,11,小野田義人,セ・自由が丘,1/2,22.19,22.19,False,False,False,,,1.28,,False
76,短水路,6,男子,25m自由形,75～79歳,,,13.49,12,岡本孝夫,セ・新川崎,3/8,24.10,24.1,False,False,False,,,1.09,,False
76,短水路,6,男子,25m自由形,70～74歳,,,12.97,1,大倉健志,セ・流山,8/2,16.59,16.59,False,False,False,,,1.01,,False
76,短水路,6,男子,25m自由形,70～74歳,,,12.97,2,幡場達明,セ・大宮宮原,8/6,16.76,16.76,False,False,False,,,0.97,,False
76,短水路,6,男子,25m自由形,70～74歳,,,12.97,3,小山三千生,セ・清瀬,6/5,17.19,17.19,False,False,False,,,0.82,,False
76,短水路,6,男子,25m自由形,70～74歳,,,12.97,4,橋本亘,セ・おおたか,3/6,18.51,18.51,False,False,False,,,0.86,,False
76,短水路,6,男子,25m自由形,70～74歳,,,12.97,5,松下達一,セ・成城,6/6,18.71,18.71,False,False,False,,,1.07,,False
76,短水路,6,男子,25m自由形,70～74歳,,,12.97,6,中村雄一,Ｇ－ＳＰＡ,6/3,18.88,18.88,False,False,False,,,0.86,,False
76,短水路,6,男子,25m自由形,70～74歳,,,12.97,7,山田幸男,セ・南千住,3/1,19.55,19.55,False,False,False,,,1.02,,False
76,短水路,6,男子,25m自由形,70～74歳,,,12.97,8,森下善夫,セ・大宮宮原,6/8,19.82,19.82,False,False,False,,,0.94,,False
76,短水路,6,男子,25m自由形,70～74歳,,,12.97,9,大久保美伸,セ・松戸,5/2,20.13,20.13,False,False,False,,,0.74,,False
76,短水路,6,男子,25m自由形,70～74歳,,,12.97,10,斉藤雄一,セ・上池袋,5/3,20.31,20.31,False,False,False,,,0.97,,False
76,短水路,6,男子,25m自由形,70～74歳,,,12.97,11,高橋修一,セ・我孫子,1/6,22.15,22.15,False,False,False,,,1.1,,False
76,短水路,6,男子,25m自由形,70～74歳,,,12.97,12,永島聡,セ・戸塚,2/4,22.96,22.96,False,False,False,,,0.87,,False
76,短水路,6,男子,25m自由形,70～74歳,,,12.97,,鈴木正基,セ・阿佐谷,7/6,,,False,False,False,,,,,False
76,短水路,6,男子,25m自由形,65～69歳,,,12.63,1,富松実,セ・二俣川,13/3,14.21,14.21,False,False,False,,,0.69,,False
76,短水路,6,男子,25m自由形,65～69歳,,,12.63,2,井上昌臣,セ・西東京,7/2,14.91,14.91,False,False,False,,,0.9,,False
76,短水路,6,男子,25m自由形,65～69歳,,,12.63,3,五十嵐洋,セ・おおたか,8/5,14.96,14.96,False,False,False,,,0.71,,False
76,短水路,6,男子,25m自由形,65～69歳,,,12.63,4,林誠,セ・湘南ＬＴ,11/1,15.97,15.97,False,False,False,,,0.9,,False
76,短水路,6,男子,25m自由形,65～69歳,,,12.63,5,山中一男,セ・阿佐谷,9/5,16.35,16.35,False,False,False,,,0.75,,False
76,短水路,6,男子,25m自由形,65～69歳,,,12.63,6,仲宇佐隆一,セ・横浜,8/7,16.68,16.68,False,False,False,,,0.77,,False
76,短水路,6,男子,25m自由形,65～69歳,,,12.63,7,渡辺正俊,セ・流山,8/4,16.89,16.89,False,False,False,,,0.89,,False
76,短水路,6,男子,25m自由形,65～69歳,,,12.63,8,柴田三千男,墨田区体育館,7/5,16.99,16.99,False,False,False,,,0.84,,False
76,短水路,6,男子,25m自由形,65～69歳,,,12.63,9,堂園徹,セ・天王洲,1/5,18.45,18.45,False,False,False,,,1.21,,False
76,短水路,6,男子,25m自由形,65～69歳,,,12.63,10,金丸正弘,セ・府中,2/1,18.47,18.47,False,False,False,,,1.03,,False
76,短水路,6,男子,25m自由形,65～69歳,,,12.63,11,柳谷一郎,Ｇ－ＳＰＡ,5/5,19.60,19.6,False,False,False,,,0.96,,False
76,短水路,6,男子,25m自由形,65～69歳,,,12.63,12,若山聖亮,Ｇ－ＳＰＡ,2/3,21.27,21.27,False,False,False,,,1.48,,False
76,短水路,6,男子,25m自由形,65～69歳,,,12.63,13,東海林豊,Ｇ－ＳＰＡ,4/8,21.95,21.95,False,False,False,,,0.88,,False
76,短水路,6,男子,25m自由形,60～64歳,,,12.14,1,真島隆,セ・阿佐谷,12/5,13.51,13.51,False,False,False,,,0.75,,False
76,短水路,6,男子,25m自由形,60～64歳,,,12.14,2,安田洋一郎,セ・八千代台,13/8,13.73,13.73,False,False,False,,,0.76,,False
76,短水路,6,男子,25m自由形,60～64歳,,,12.14,3,森明法,セ・慶應日吉,11/3,14.73,14.73,False,False,False,,,0.97,,False
76,短水路,6,男子,25m自由形,60～64歳,,,12.14,4,横浜健,セ・南青山,11/4,15.21,15.21,False,False,False,,,0.77,,False
76,短水路,6,男子,25m自由形,60～64歳,,,12.14,5,丸山恵太,セ・成城,10/2,15.72,15.72,False,False,False,,,0.77,,False
76,短水路,6,男子,25m自由形,60～64歳,,,12.14,6,斉藤正博,セ・我孫子,10/6,15.89,15.89,False,False,False,,,0.82,,False
76,短水路,6,男子,25m自由形,60～64歳,,,12.14,7,中村浩司,セ・青砥,7/7,15.93,15.93,False,False,False,,,1.18,,False
76,短水路,6,男子,25m自由形,60～64歳,,,12.14,8,小島淳,セ・柏,7/1,16.03,16.03,False,False,False,,,0.8,,False
76,短水路,6,男子,25m自由形,60～64歳,,,12.14,9,辻本淳,セ・成瀬,9/4,16.35,16.35,False,False,False,,,0.76,,False
76,短水路,6,男子,25m自由形,60～64歳,,,12.14,10,二宮次郎,セ・南宇都宮,9/6,16.79,16.79,False,False,False,,,0.95,,False
76,短水路,6,男子,25m自由形,60～64歳,,,12.14,11,山元修一,セ・葛西,10/1,16.88,16.88,False,False,False,,,0.9,,False
76,短水路,6,男子,25m自由形,60～64歳,,,12.14,12,後藤潤,セ・成城,8/3,16.97,16.97,False,False,False,,,0.83,,False
76,短水路,6,男子,25m自由形,60～64歳,,,12.14,13,安藤靖,セ・南青山,8/1,17.79,17.79,False,False,False,,,0.67,,False
76,短水路,6,男子,25m自由形,60～64歳,,,12.14,14,塚田和彦,セ・天王洲,1/7,22.32,22.32,False,False,False,,,0.8,,False
76,短水路,6,男子,25m自由形,60～64歳,,,12.14,15,古川勝彦,セ・平塚,5/7,27.95,27.95,False,False,False,,,,,False
76,短水路,6,男子,25m自由形,60～64歳,,,12.14,16,中村努,セ・市川,1/1,28.43,28.43,False,False,False,,,1.1,,False
76,短水路,6,男子,25m自由形,55～59歳,,,12.20,1,阿部憲一,セ・大宮宮原,15/6,12.77,12.77,False,False,False,,,0.68,,False
76,短水路,6,男子,25m自由形,55～59歳,,,12.20,2,山田隆弘,セ・市川,12/1,13.94,13.94,False,False,False,,,0.95,,False
76,短水路,6,男子,25m自由形,55～59歳,,,12.20,3,穴田啓樹,セ・慶應日吉,12/7,14.49,14.49,False,False,False,,,0.73,,False
76,短水路,6,男子,25m自由形,55～59歳,,,12.20,4,田中基幹,セ・流山,10/4,14.58,14.58,False,False,False,,,0.85,,False
76,短水路,6,男子,25m自由形,55～59歳,,,12.20,5,福田義晴,セ・市川,6/1,16.63,16.63,False,False,False,,,1.26,,False
76,短水路,6,男子,25m自由形,55～59歳,,,12.20,6,村田善彦,セ・清瀬,9/2,16.75,16.75,False,False,False,,,1.06,,False
76,短水路,6,男子,25m自由形,55～59歳,,,12.20,7,吉峯幸郎,セ・用賀,10/8,16.76,16.76,False,False,False,,,0.9,,False
76,短水路,6,男子,25m自由形,55～59歳,,,12.20,8,大木義之,セ・清瀬,5/8,16.78,16.78,False,False,False,,,0.86,,False
76,短水路,6,男子,25m自由形,55～59歳,,,12.20,9,小野和彦,セ・新川崎,1/3,17.54,17.54,False,False,False,,,0.89,,False
76,短水路,6,男子,25m自由形,55～59歳,,,12.20,10,星秀樹,セ・大宮宮原,3/2,17.77,17.77,False,False,False,,,0.97,,False
76,短水路,6,男子,25m自由形,55～59歳,,,12.20,11,半澤繁,セ・清瀬,7/8,18.84,18.84,False,False,False,,,1.06,,False
76,短水路,6,男子,25m自由形,55～59歳,,,12.20,12,冨澤正明,セ・青砥,5/1,26.73,26.73,False,False,False,,,1.16,,False
76,短水路,6,男子,25m自由形,50～54歳,,,12.31,1,小森康弘,セ・葛西,16/7,11.98,11.98,True,False,False,,,0.64,,False
76,短水路,6,男子,25m自由形,50～54歳,,,12.31,2,瀧本英樹,セ・千葉みなと,15/3,12.35,12.35,False,False,False,,,0.61,,False
76,短水路,6,男子,25m自由形,50～54歳,,,12.31,3,大村俊文,セ・二俣川,15/4,12.61,12.61,False,False,False,,,0.75,,False
76,短水路,6,男子,25m自由形,50～54歳,,,12.31,4,石上智啓,セ・二俣川,14/5,12.83,12.83,False,False,False,,,0.72,,False
76,短水路,6,男子,25m自由形,50～54歳,,,12.31,5,渡部弘一,セ・市川,12/4,12.97,12.97,False,False,False,,,0.7,,False
76,短水路,6,男子,25m自由形,50～54歳,,,12.31,6,川端邦武,セ・西台,12/6,13.05,13.05,False,False,False,,,0.74,,False
76,短水路,6,男子,25m自由形,50～54歳,,,12.31,7,松崎敏明,セ・慶應日吉,12/3,13.34,13.34,False,False,False,,,0.74,,False
76,短水路,6,男子,25m自由形,50～54歳,,,12.31,8,足立晃,セ・新川崎,13/4,13.45,13.45,False,False,False,,,0.73,,False
76,短水路,6,男子,25m自由形,50～54歳,,,12.31,9,原田真,セ・葛西,13/6,13.95,13.95,False,False,False,,,0.76,,False
76,短水路,6,男子,25m自由形,50～54歳,,,12.31,10,千葉忠英,セ・天王洲,12/2,14.43,14.43,False,False,False,,,0.77,,False
76,短水路,6,男子,25m自由形,50～54歳,,,12.31,11,宮本昌雄,セ・二俣川,9/7,14.70,14.7,False,False,False,,,0.64,,False
76,短水路,6,男子,25m自由形,50～54歳,,,12.31,12,岡田能行,セ・越谷,11/5,14.90,14.9,False,False,False,,,0.79,,False
76,短水路,6,男子,25m自由形,50～54歳,,,12.31,13,小柳大,ザバス川崎,10/5,16.47,16.47,False,False,False,,,1.0,,False
76,短水路,6,男子,25m自由形,50～54歳,,,12.31,14,竹山智明,セ・慶應日吉,7/3,17.81,17.81,False,False,False,,,,,False
76,短水路,6,男子,25m自由形,50～54歳,,,12.31,15,横溝和功,セ・下北沢,7/4,19.75,19.75,False,False,False,,,1.01,,False
76,短水路,6,男子,25m自由形,50～54歳,,,12.31,16,飯田勝章,セ・志木,5/6,20.36,20.36,False,False,False,,,0.86,,False
76,短水路,6,男子,25m自由形,45～49歳,,,11.62,1,倉持公一,セ・天王洲,15/2,12.68,12.68,False,False,False,,,0.68,,False
76,短水路,6,男子,25m自由形,45～49歳,,,11.62,2,花井一也,セ・長津田,13/7,12.74,12.74,False,False,False,,,0.62,,False
76,短水路,6,男子,25m自由形,45～49歳,,,11.62,3,北川貴義,セ・阿佐谷,15/7,12.82,12.82,False,False,False,,,0.7,,False
76,短水路,6,男子,25m自由形,45～49歳,,,11.62,4,佐々木茂倫,セ・流山,14/3,12.98,12.98,False,False,False,,,0.7,,False
76,短水路,6,男子,25m自由形,45～49歳,,,11.62,5,前田潤,セ・松戸,15/1,13.25,13.25,False,False,False,,,0.62,,False
76,短水路,6,男子,25m自由形,45～49歳,,,11.62,6,宮岡亮介,セ・亀有,14/1,13.45,13.45,False,False,False,,,0.72,,False
76,短水路,6,男子,25m自由形,45～49歳,,,11.62,7,中嶋智史,セ・市ヶ尾,14/8,13.92,13.92,False,False,False,,,0.76,,False
76,短水路,6,男子,25m自由形,45～49歳,,,11.62,8,加藤大輔,セ・横浜,11/6,14.21,14.21,False,False,False,,,0.91,,False
76,短水路,6,男子,25m自由形,45～49歳,,,11.62,9,古屋俊一,セ・ときわ台,13/2,14.45,14.45,False,False,False,,,0.89,,False
76,短水路,6,男子,25m自由形,40～44歳,,,11.46,1,鶴谷学,セ・二俣川,16/5,11.38,11.38,True,False,False,,,0.61,,False
76,短水路,6,男子,25m自由形,40～44歳,,,11.46,2,島脇晃也,セ・大森,16/6,11.53,11.53,False,False,False,,,0.65,,False
76,短水路,6,男子,25m自由形,40～44歳,,,11.46,3,山賀竜馬,セ・阿佐谷,16/2,11.92,11.92,False,False,False,,,0.63,,False
76,短水路,6,男子,25m自由形,40～44歳,,,11.46,4,川瀬健次,セ・大宮宮原,14/4,12.29,12.29,False,False,False,,,0.6,,False
76,短水路,6,男子,25m自由形,40～44歳,,,11.46,5,清水大輔,セ・桶川北本,1/4,16.09,16.09,False,False,False,,,0.91,,False
76,短水路,6,男子,25m自由形,35～39歳,,9.94,11.30,1,佐々木悠介,セ・福島,10/7,15.64,15.64,False,False,False,,,0.94,,False
76,短水路,6,男子,25m自由形,30～34歳,,,11.08,1,板垣義人,セ・トレッサ,16/4,11.09,11.09,False,False,False,,,0.67,,False
76,短水路,6,男子,25m自由形,30～34歳,,,11.08,2,小方聡,セ・用賀,16/3,11.49,11.49,False,False,False,,,0.68,,False
76,短水路,6,男子,25m自由形,30～34歳,,,11.08,3,高梨大樹,セ・成瀬,16/1,11.60,11.6,False,False,False,,,0.68,,False
76,短水路,6,男子,25m自由形,30～34歳,,,11.08,4,寺田遼太,セ・天王洲,15/8,13.23,13.23,False,False,False,,,0.93,,False
76,短水路,6,男子,25m自由形,30～34歳,,,11.08,5,海老原健太,セ・大森,12/8,13.51,13.51,False,False,False,,,0.72,,False
76,短水路,6,男子,25m自由形,30～34歳,,,11.08,6,大野淳哉,セ・上池袋,13/1,14.20,14.2,False,False,False,,,0.79,,False
76,短水路,6,男子,25m自由形,30～34歳,,,11.08,7,青木怜央奈,セ・市ヶ尾,9/1,26.03,26.03,False,False,False,,,,,False
76,短水路,6,男子,25m自由形,25～29歳,,,10.76,1,竹下翔,セ・長津田,15/5,13.07,13.07,False,False,False,,,0.63,,False
76,短水路,6,男子,25m自由形,25～29歳,,,10.76,2,和田佳明,セ・二俣川,11/2,13.56,13.56,False,False,False,,,0.74,,False
76,短水路,6,男子,25m自由形,25～29歳,,,10.76,3,友國賀津希,セ・葛西,11/7,14.30,14.3,False,False,False,,,0.75,,False
76,短水路,6,男子,25m自由形,18～24歳,,,10.08,1,村田雅治,セ・長津田,14/7,12.13,12.13,False,False,False,,,0.63,,False
76,短水路,6,男子,25m自由形,18～24歳,,,10.08,2,山﨑陸真,セ・二俣川,14/2,12.15,12.15,False,False,False,,,0.62,,False
76,短水路,6,男子,25m自由形,18～24歳,,,10.08,3,青木海斗,セ・用賀,16/8,12.22,12.22,False,False,False,,,0.72,,False
76,短水路,6,男子,25m自由形,18～24歳,,,10.08,4,佐々木駿,セ・流山,9/8,15.53,15.53,False,False,False,,,0.74,,False
76,短水路,6,男子,25m自由形,18～24歳,,,10.08,4,澤井康成,Ｇ－ＳＰＡ,11/8,15.53,15.53,False,False,False,,,1.01,,False
76,短水路,7,女子,25m背泳ぎ,85～89歳,,,25.72,1,田中もみぢ,セ・おおたか,4/3,26.89,26.89,False,False,False,,,0.8,,False
76,短水路,7,女子,25m背泳ぎ,85～89歳,,,25.72,2,須山順子,セ・松戸,7/4,28.35,28.35,False,False,False,,,0.84,,False
76,短水路,7,女子,25m背泳ぎ,85～89歳,,,25.72,3,田之上ノブ,セ・蘇我,5/4,29.61,29.61,False,False,False,,,0.9,,False
76,短水路,7,女子,25m背泳ぎ,85～89歳,,,25.72,4,平田美佐子,セ・天王洲,1/4,35.62,35.62,False,False,False,,,0.75,,False
76,短水路,7,女子,25m背泳ぎ,80～84歳,,,22.70,1,田神洋子,セ・トレッサ,5/3,25.96,25.96,False,False,False,,,0.69,,False
76,短水路,7,女子,25m背泳ぎ,80～84歳,,,22.70,2,舘野圭子,セ・用賀,8/6,27.52,27.52,False,False,False,,,0.67,,False
76,短水路,7,女子,25m背泳ぎ,80～84歳,,,22.70,3,倉元恵子,セ・館山,2/3,29.03,29.03,False,False,False,,,0.88,,False
76,短水路,7,女子,25m背泳ぎ,80～84歳,,,22.70,4,岡本靖子,セ・慶應日吉,5/6,29.49,29.49,False,False,False,,,0.94,,False
76,短水路,7,女子,25m背泳ぎ,80～84歳,,,22.70,5,大浜南海江,セ・目黒,4/6,30.83,30.83,False,False,False,,,1.16,,False
76,短水路,7,女子,25m背泳ぎ,80～84歳,,,22.70,6,相澤和子,セ・新都心,5/5,31.18,31.18,False,False,False,,,0.6,,False
76,短水路,7,女子,25m背泳ぎ,80～84歳,,,22.70,7,川端淑子,セ・天王洲,2/6,32.30,32.3,False,False,False,,,1.04,,False
76,短水路,7,女子,25m背泳ぎ,80～84歳,,,22.70,8,後藤久美子,セ・戸塚,5/2,39.54,39.54,False,False,False,,,1.23,,False
76,短水路,7,女子,25m背泳ぎ,80～84歳,,,22.70,9,柴田幸子,セ・ときわ台,1/7,40.04,40.04,False,False,False,,,1.04,,False
76,短水路,7,女子,25m背泳ぎ,80～84歳,,,22.70,10,加藤直子,セ・横浜,1/3,42.38,42.38,False,False,False,,,0.83,,False
76,短水路,7,女子,25m背泳ぎ,80～84歳,,,22.70,,田中敏子,セ・阿佐谷,2/5,,,False,False,False,,,,,False
76,短水路,7,女子,25m背泳ぎ,75～79歳,,,22.01,1,山本恭子,セ・松戸,10/5,25.34,25.34,False,False,False,,,0.71,,False
76,短水路,7,女子,25m背泳ぎ,75～79歳,,,22.01,2,吉田三枝子,墨田区体育館,8/2,25.82,25.82,False,False,False,,,0.76,,False
76,短水路,7,女子,25m背泳ぎ,75～79歳,,,22.01,3,仲岡輝,セ・我孫子,5/1,26.08,26.08,False,False,False,,,0.83,,False
76,短水路,7,女子,25m背泳ぎ,75～79歳,,,22.01,4,中村敬子,セ・府中,9/2,26.38,26.38,False,False,False,,,1.01,,False
76,短水路,7,女子,25m背泳ぎ,75～79歳,,,22.01,5,福田加代子,セ・戸塚,8/5,26.62,26.62,False,False,False,,,0.76,,False
76,短水路,7,女子,25m背泳ぎ,75～79歳,,,22.01,6,栗林眞知子,セ・成城,4/7,26.65,26.65,False,False,False,,,0.77,,False
76,短水路,7,女子,25m背泳ぎ,75～79歳,,,22.01,7,岡田啓子,セ・桶川北本,4/4,26.73,26.73,False,False,False,,,1.12,,False
76,短水路,7,女子,25m背泳ぎ,75～79歳,,,22.01,8,原田早苗,セ・南千住,7/2,26.88,26.88,False,False,False,,,0.96,,False
76,短水路,7,女子,25m背泳ぎ,75～79歳,,,22.01,9,宮川禮子,セ・清瀬,7/5,27.24,27.24,False,False,False,,,0.75,,False
76,短水路,7,女子,25m背泳ぎ,75～79歳,,,22.01,10,橋本順子,セ・おおたか,3/5,27.47,27.47,False,False,False,,,0.78,,False
76,短水路,7,女子,25m背泳ぎ,75～79歳,,,22.01,11,吉見一江,セ・二俣川,9/4,27.56,27.56,False,False,False,,,0.86,,False
76,短水路,7,女子,25m背泳ぎ,75～79歳,,,22.01,12,松木弘美,セ・志木,2/7,28.90,28.9,False,False,False,,,0.89,,False
76,短水路,7,女子,25m背泳ぎ,75～79歳,,,22.01,13,田村俊子,セ・館山,5/8,29.19,29.19,False,False,False,,,0.75,,False
76,短水路,7,女子,25m背泳ぎ,75～79歳,,,22.01,14,中田和子,セ・越谷,2/2,29.99,29.99,False,False,False,,,0.82,,False
76,短水路,7,女子,25m背泳ぎ,75～79歳,,,22.01,15,後藤節子,セ・松戸,6/4,30.25,30.25,False,False,False,,,0.95,,False
76,短水路,7,女子,25m背泳ぎ,75～79歳,,,22.01,16,石井千枝子,セ・蘇我,6/5,30.75,30.75,False,False,False,,,0.76,,False
76,短水路,7,女子,25m背泳ぎ,75～79歳,,,22.01,17,山本まり子,セ・能見台,3/8,31.51,31.51,False,False,False,,,0.78,,False
76,短水路,7,女子,25m背泳ぎ,75～79歳,,,22.01,18,山口英子,セ・流山,4/2,31.57,31.57,False,False,False,,,0.82,,False
76,短水路,7,女子,25m背泳ぎ,75～79歳,,,22.01,19,船山由美子,セ・戸塚,3/6,32.30,32.3,False,False,False,,,1.24,,False
76,短水路,7,女子,25m背泳ぎ,75～79歳,,,22.01,20,栗原羊子,セ・流山,1/6,33.31,33.31,False,False,False,,,0.82,,False
76,短水路,7,女子,25m背泳ぎ,70～74歳,,,20.09,1,市野克子,セ・大森,11/5,22.01,22.01,False,False,False,,,0.83,,False
76,短水路,7,女子,25m背泳ぎ,70～74歳,,,20.09,2,田中節子,セ・館山,14/3,22.18,22.18,False,False,False,,,0.68,,False
76,短水路,7,女子,25m背泳ぎ,70～74歳,,,20.09,3,松村恵子,セ・葛西,13/4,22.32,22.32,False,False,False,,,0.69,,False
76,短水路,7,女子,25m背泳ぎ,70～74歳,,,20.09,4,石塚孝子,セ・志木,11/3,22.86,22.86,False,False,False,,,0.9,,False
76,短水路,7,女子,25m背泳ぎ,70～74歳,,,20.09,5,川上涼子,セ・蘇我,14/6,24.08,24.08,False,False,False,,,0.72,,False
76,短水路,7,女子,25m背泳ぎ,70～74歳,,,20.09,6,儀保都志子,セ・成瀬,6/3,24.41,24.41,False,False,False,,,0.77,,False
76,短水路,7,女子,25m背泳ぎ,70～74歳,,,20.09,7,相澤史子,セ・松戸,13/8,24.87,24.87,False,False,False,,,0.65,,False
76,短水路,7,女子,25m背泳ぎ,70～74歳,,,20.09,8,高木保子,セ・おおたか,9/3,25.17,25.17,False,False,False,,,0.69,,False
76,短水路,7,女子,25m背泳ぎ,70～74歳,,,20.09,9,鶴本年子,セ・清瀬,10/3,26.18,26.18,False,False,False,,,0.75,,False
76,短水路,7,女子,25m背泳ぎ,70～74歳,,,20.09,10,平山啓子,セ・南青山,10/2,26.37,26.37,False,False,False,,,0.78,,False
76,短水路,7,女子,25m背泳ぎ,70～74歳,,,20.09,11,若松はる子,セ・松戸,7/1,27.04,27.04,False,False,False,,,0.73,,False
76,短水路,7,女子,25m背泳ぎ,70～74歳,,,20.09,12,池淵玲子,セ・慶應日吉,8/1,27.42,27.42,False,False,False,,,0.75,,False
76,短水路,7,女子,25m背泳ぎ,70～74歳,,,20.09,13,永田陽子,セ・戸塚,8/3,27.44,27.44,False,False,False,,,0.55,,False
76,短水路,7,女子,25m背泳ぎ,70～74歳,,,20.09,14,鬼束洋子,セ・天王洲,4/8,27.88,27.88,False,False,False,,,0.7,,False
76,短水路,7,女子,25m背泳ぎ,70～74歳,,,20.09,14,樋口孝子,セ・阿佐谷,11/4,27.88,27.88,False,False,False,,,0.93,,False
76,短水路,7,女子,25m背泳ぎ,70～74歳,,,20.09,16,松村眞理子,セ・久喜,9/5,28.75,28.75,False,False,False,,,0.98,,False
76,短水路,7,女子,25m背泳ぎ,70～74歳,,,20.09,17,安野裕子,セ・新川崎,8/7,29.05,29.05,False,False,False,,,1.09,,False
76,短水路,7,女子,25m背泳ぎ,70～74歳,,,20.09,18,岩塚美恵子,セ・越谷,4/1,30.04,30.04,False,False,False,,,1.14,,False
76,短水路,7,女子,25m背泳ぎ,70～74歳,,,20.09,19,池田真木子,セ・阿佐谷,3/3,30.62,30.62,False,False,False,,,1.01,,False
76,短水路,7,女子,25m背泳ぎ,70～74歳,,,20.09,20,于亜芝,セ・南千住,6/7,30.87,30.87,False,False,False,,,0.95,,False
76,短水路,7,女子,25m背泳ぎ,70～74歳,,,20.09,21,寺西寿賀子,セ・天王洲,10/6,31.39,31.39,False,False,False,,,0.76,,False
76,短水路,7,女子,25m背泳ぎ,70～74歳,,,20.09,22,戸倉陽子,セ・慶應日吉,6/2,32.18,32.18,False,False,False,,,0.87,,False
76,短水路,7,女子,25m背泳ぎ,70～74歳,,,20.09,23,上野俊子,セ・桶川北本,3/4,32.49,32.49,False,False,False,,,1.05,,False
76,短水路,7,女子,25m背泳ぎ,70～74歳,,,20.09,24,石村眞理子,セ・新川崎,3/1,33.08,33.08,False,False,False,,,1.57,,False
76,短水路,7,女子,25m背泳ぎ,65～69歳,,,19.33,1,石田良子,セ・越谷,16/3,19.42,19.42,False,False,False,,,0.57,,False
76,短水路,7,女子,25m背泳ぎ,65～69歳,,,19.33,2,酒井香澄,セ・湘南ＬＴ,17/8,20.17,20.17,False,False,False,,,0.75,,False
76,短水路,7,女子,25m背泳ぎ,65～69歳,,,19.33,3,田邊和歌子,セ・横浜,13/3,22.08,22.08,False,False,False,,,0.7,,False
76,短水路,7,女子,25m背泳ぎ,65～69歳,,,19.33,4,江幡菜穂子,クリーンスパ,11/2,22.54,22.54,False,False,False,,,0.68,,False
76,短水路,7,女子,25m背泳ぎ,65～69歳,,,19.33,5,石崎節代,セ・南千住,14/8,22.72,22.72,False,False,False,,,0.73,,False
76,短水路,7,女子,25m背泳ぎ,65～69歳,,,19.33,6,原昌代,セ・市ヶ尾,13/2,22.85,22.85,False,False,False,,,0.69,,False
76,短水路,7,女子,25m背泳ぎ,65～69歳,,,19.33,7,櫻田琴,セ・天王洲,13/7,23.39,23.39,False,False,False,,,0.64,,False
76,短水路,7,女子,25m背泳ぎ,65～69歳,,,19.33,8,酒谷真砂子,セ・戸塚,13/6,23.59,23.59,False,False,False,,,0.7,,False
76,短水路,7,女子,25m背泳ぎ,65～69歳,,,19.33,9,小宮山美芽,セ・天王洲,11/7,24.19,24.19,False,False,False,,,0.81,,False
76,短水路,7,女子,25m背泳ぎ,65～69歳,,,19.33,10,豊田典子,セ・下北沢,9/6,24.62,24.62,False,False,False,,,0.65,,False
76,短水路,7,女子,25m背泳ぎ,65～69歳,,,19.33,11,掃部典子,曽谷・セ,10/1,25.00,25.0,False,False,False,,,0.81,,False
76,短水路,7,女子,25m背泳ぎ,65～69歳,,,19.33,12,宮原美穂,セ・福生,7/6,25.42,25.42,False,False,False,,,0.95,,False
76,短水路,7,女子,25m背泳ぎ,65～69歳,,,19.33,13,島本かをる,セ・溝ノ口,6/1,25.44,25.44,False,False,False,,,0.79,,False
76,短水路,7,女子,25m背泳ぎ,65～69歳,,,19.33,14,大塩郁子,セ・新浦安,7/3,25.88,25.88,False,False,False,,,0.81,,False
76,短水路,7,女子,25m背泳ぎ,65～69歳,,,19.33,15,新井瑞枝,セ・流山,8/8,26.93,26.93,False,False,False,,,0.71,,False
76,短水路,7,女子,25m背泳ぎ,65～69歳,,,19.33,16,伊藤春美,ザバス川崎,6/8,27.13,27.13,False,False,False,,,1.39,,False
76,短水路,7,女子,25m背泳ぎ,65～69歳,,,19.33,17,畠山眞由美,セ・柏,7/7,28.55,28.55,False,False,False,,,0.97,,False
76,短水路,7,女子,25m背泳ぎ,65～69歳,,,19.33,18,中西トモ子,セ・越谷,7/8,30.24,30.24,False,False,False,,,0.75,,False
76,短水路,7,女子,25m背泳ぎ,60～64歳,,,16.60,1,上野真弓,セ・二俣川,15/5,20.29,20.29,False,False,False,,,0.83,,False
76,短水路,7,女子,25m背泳ぎ,60～64歳,,,16.60,2,佐門明美,セ・館山,15/4,20.72,20.72,False,False,False,,,0.69,,False
76,短水路,7,女子,25m背泳ぎ,60～64歳,,,16.60,3,吉川千晶,Ｇ－ＳＰＡ,15/6,20.82,20.82,False,False,False,,,0.7,,False
76,短水路,7,女子,25m背泳ぎ,60～64歳,,,16.60,4,松田聡美,セ・成城,16/6,20.94,20.94,False,False,False,,,0.7,,False
76,短水路,7,女子,25m背泳ぎ,60～64歳,,,16.60,5,高見沢ゆみ子,セ・慶應日吉,14/4,20.98,20.98,False,False,False,,,0.72,,False
76,短水路,7,女子,25m背泳ぎ,60～64歳,,,16.60,6,盛田真規子,セ・二俣川,14/2,22.22,22.22,False,False,False,,,0.7,,False
76,短水路,7,女子,25m背泳ぎ,60～64歳,,,16.60,7,野崎由美子,セ・おおたか,14/1,22.92,22.92,False,False,False,,,0.76,,False
76,短水路,7,女子,25m背泳ぎ,60～64歳,,,16.60,8,相澤紋美,セ・阿佐谷,12/4,23.27,23.27,False,False,False,,,0.84,,False
76,短水路,7,女子,25m背泳ぎ,60～64歳,,,16.60,9,宮内麻里,曽谷・セ,10/4,23.59,23.59,False,False,False,,,0.67,,False
76,短水路,7,女子,25m背泳ぎ,60～64歳,,,16.60,10,荒川直子,セ・大宮宮原,11/1,24.23,24.23,False,False,False,,,0.91,,False
76,短水路,7,女子,25m背泳ぎ,60～64歳,,,16.60,11,津布楽美恵子,セ・ときわ台,2/4,24.89,24.89,False,False,False,,,0.8,,False
76,短水路,7,女子,25m背泳ぎ,60～64歳,,,16.60,11,吉野ひとみ,セ・松戸,9/7,24.89,24.89,False,False,False,,,0.71,,False
76,短水路,7,女子,25m背泳ぎ,60～64歳,,,16.60,13,三木純子,セ・流山,11/8,25.88,25.88,False,False,False,,,0.78,,False
76,短水路,7,女子,25m背泳ぎ,60～64歳,,,16.60,14,榮真須美,セ・慶應日吉,10/8,27.21,27.21,False,False,False,,,0.73,,False
76,短水路,7,女子,25m背泳ぎ,55～59歳,,,16.52,1,黒瀬早苗,セ・葛西,17/1,19.56,19.56,False,False,False,,,0.57,,False
76,短水路,7,女子,25m背泳ぎ,55～59歳,,,16.52,2,小林のぞみ,セ・越谷,15/8,21.05,21.05,False,False,False,,,0.63,,False
76,短水路,7,女子,25m背泳ぎ,55～59歳,,,16.52,3,中野朗子,セ・慶應日吉,15/7,21.15,21.15,False,False,False,,,0.74,,False
76,短水路,7,女子,25m背泳ぎ,55～59歳,,,16.52,4,小倉直美,セ・清瀬,14/7,21.65,21.65,False,False,False,,,0.81,,False
76,短水路,7,女子,25m背泳ぎ,55～59歳,,,16.52,5,山本登美子,セ・桶川北本,3/2,22.21,22.21,False,False,False,,,0.73,,False
76,短水路,7,女子,25m背泳ぎ,55～59歳,,,16.52,6,小笠原暁子,セ・清瀬,15/1,22.31,22.31,False,False,False,,,0.78,,False
76,短水路,7,女子,25m背泳ぎ,55～59歳,,,16.52,7,レントフェルト慶子,セ・清瀬,13/1,23.30,23.3,False,False,False,,,0.86,,False
76,短水路,7,女子,25m背泳ぎ,55～59歳,,,16.52,8,安部みえ子,セ・桶川北本,1/5,28.18,28.18,False,False,False,,,0.75,,False
76,短水路,7,女子,25m背泳ぎ,55～59歳,,,16.52,9,五十嵐美華,セ・平塚,12/8,31.25,31.25,False,False,False,,,1.55,,False
76,短水路,7,女子,25m背泳ぎ,50～54歳,,,16.50,1,大橋ほづ美,セ・清瀬,16/8,17.47,17.47,False,False,False,,,0.63,,False
76,短水路,7,女子,25m背泳ぎ,50～54歳,,,16.50,2,棚網恵理,セ・阿佐谷,17/2,18.45,18.45,False,False,False,,,0.59,,False
76,短水路,7,女子,25m背泳ぎ,50～54歳,,,16.50,3,五十嵐知佐,セ・おおたか,12/7,20.65,20.65,False,False,False,,,0.73,,False
76,短水路,7,女子,25m背泳ぎ,50～54歳,,,16.50,4,北瀬あづさ,セ・市ヶ尾,12/2,21.37,21.37,False,False,False,,,0.72,,False
76,短水路,7,女子,25m背泳ぎ,50～54歳,,,16.50,5,小林和江,セ・福生,15/2,21.69,21.69,False,False,False,,,0.85,,False
76,短水路,7,女子,25m背泳ぎ,50～54歳,,,16.50,6,森川佳余子,クリーンスパ,15/3,21.93,21.93,False,False,False,,,0.72,,False
76,短水路,7,女子,25m背泳ぎ,50～54歳,,,16.50,7,糸川永利子,セ・用賀,16/1,22.61,22.61,False,False,False,,,0.7,,False
76,短水路,7,女子,25m背泳ぎ,50～54歳,,,16.50,8,飯塚かずよ,セ・清瀬,12/6,25.08,25.08,False,False,False,,,0.79,,False
76,短水路,7,女子,25m背泳ぎ,50～54歳,,,16.50,9,山崎悦子,クリーンスパ,9/1,26.93,26.93,False,False,False,,,0.92,,False
76,短水路,7,女子,25m背泳ぎ,45～49歳,,,16.41,1,遠藤真理,セ・阿佐谷,17/3,17.18,17.18,False,False,False,,,0.57,,False
76,短水路,7,女子,25m背泳ぎ,45～49歳,,,16.41,2,坂本桃枝,Ｇ－ＳＰＡ,17/6,17.22,17.22,False,False,False,,,0.69,,False
76,短水路,7,女子,25m背泳ぎ,45～49歳,,,16.41,3,宇田川美穂,セ・天王洲,16/2,19.06,19.06,False,False,False,,,0.69,,False
76,短水路,7,女子,25m背泳ぎ,45～49歳,,,16.41,4,米倉公美,セ・目黒,16/7,20.58,20.58,False,False,False,,,0.73,,False
76,短水路,7,女子,25m背泳ぎ,45～49歳,,,16.41,5,加藤千恵,セ・茂原,12/1,21.45,21.45,False,False,False,,,0.75,,False
76,短水路,7,女子,25m背泳ぎ,45～49歳,,,16.41,6,下山雅子,セ・茂原,4/5,23.56,23.56,False,False,False,,,0.84,,False
76,短水路,7,女子,25m背泳ぎ,40～44歳,,,15.55,1,丸田紘子,セ・能見台,16/5,19.12,19.12,False,False,False,,,0.7,,False
76,短水路,7,女子,25m背泳ぎ,40～44歳,,,15.55,2,大竹昌子,セ・大森,14/5,19.52,19.52,False,False,False,,,0.71,,False
76,短水路,7,女子,25m背泳ぎ,40～44歳,,,15.55,3,小高麻衣子,セ・市川,16/4,19.65,19.65,False,False,False,,,0.6,,False
76,短水路,7,女子,25m背泳ぎ,40～44歳,,,15.55,4,宮林佑妃,セ・長津田,12/5,23.27,23.27,False,False,False,,,0.69,,False
76,短水路,7,女子,25m背泳ぎ,40～44歳,,,15.55,5,谷美希子,セ・府中,10/7,25.56,25.56,False,False,False,,,0.62,,False
76,短水路,7,女子,25m背泳ぎ,40～44歳,,,15.55,6,小山内詔子,セ・下北沢,1/2,28.66,28.66,False,False,False,,,0.8,,False
76,短水路,7,女子,25m背泳ぎ,25～29歳,,,14.83,1,仲田笑美,セ・成城,17/5,15.92,15.92,False,False,False,,,0.6,,False
76,短水路,7,女子,25m背泳ぎ,25～29歳,,,14.83,2,大岩麻椰,セ・茂原,9/8,20.76,20.76,False,False,False,,,0.73,,False
76,短水路,7,女子,25m背泳ぎ,18～24歳,,,14.55,1,君島凜香,セ・おおたか,17/4,14.56,14.56,False,False,False,,,0.57,,False
76,短水路,7,女子,25m背泳ぎ,18～24歳,,,14.55,2,副島さくら,セ・葛西,17/7,17.15,17.15,False,False,False,,,0.7,,False
76,短水路,8,男子,25m背泳ぎ,80～84歳,,,20.14,1,石川守也,セ・市川,2/4,22.53,22.53,False,False,False,,,0.75,,False
76,短水路,8,男子,25m背泳ぎ,80～84歳,,,20.14,2,谷口治典,セ・久喜,2/7,22.81,22.81,False,False,False,,,0.89,,False
76,短水路,8,男子,25m背泳ぎ,80～84歳,,,20.14,3,井口穣,セ・東戸塚,2/1,23.36,23.36,False,False,False,,,0.91,,False
76,短水路,8,男子,25m背泳ぎ,80～84歳,,,20.14,4,井上隆史,セ・市ヶ尾,1/4,24.67,24.67,False,False,False,,,0.91,,False
76,短水路,8,男子,25m背泳ぎ,80～84歳,,,20.14,5,佐々木正志,曽谷・セ,1/6,25.34,25.34,False,False,False,,,0.77,,False
76,短水路,8,男子,25m背泳ぎ,80～84歳,,,20.14,6,増山晶一,セ・下北沢,1/1,28.55,28.55,False,False,False,,,0.97,,False
76,短水路,8,男子,25m背泳ぎ,75～79歳,,,19.45,1,丸喜章,セ・茂原,2/8,21.77,21.77,False,False,False,,,0.76,,False
76,短水路,8,男子,25m背泳ぎ,75～79歳,,,19.45,2,大内洋,セ・葛西,1/3,24.10,24.1,False,False,False,,,0.71,,False
76,短水路,8,男子,25m背泳ぎ,75～79歳,,,19.45,3,宮瀬吉弘,セ・おおたか,2/6,24.30,24.3,False,False,False,,,0.79,,False
76,短水路,8,男子,25m背泳ぎ,75～79歳,,,19.45,4,神保伸幸,セ・南青山,1/2,29.11,29.11,False,False,False,,,0.99,,False
76,短水路,8,男子,25m背泳ぎ,70～74歳,,,18.43,1,水谷博之,セ・長津田,3/6,18.50,18.5,False,False,False,,,0.72,,False
76,短水路,8,男子,25m背泳ぎ,70～74歳,,,18.43,2,大谷修司,セ・館山,3/1,22.20,22.2,False,False,False,,,0.78,,False
76,短水路,8,男子,25m背泳ぎ,65～69歳,,,18.27,1,會田修一,セ・おおたか,4/8,17.36,17.36,True,False,False,,,0.74,,False
76,短水路,8,男子,25m背泳ぎ,65～69歳,,,18.27,2,冨松実,セ・二俣川,4/6,18.16,18.16,True,False,False,,,0.61,,False
76,短水路,8,男子,25m背泳ぎ,65～69歳,,,18.27,3,臼井全人,セ・大宮宮原,3/4,19.24,19.24,False,False,False,,,0.86,,False
76,短水路,8,男子,25m背泳ぎ,65～69歳,,,18.27,4,西森文史郎,セ・長津田,3/8,19.74,19.74,False,False,False,,,0.7,,False
76,短水路,8,男子,25m背泳ぎ,65～69歳,,,18.27,5,岡田博之,セ・流山,2/5,20.34,20.34,False,False,False,,,0.76,,False
76,短水路,8,男子,25m背泳ぎ,65～69歳,,,18.27,6,上原隆男,クリーンスパ,2/3,22.64,22.64,False,False,False,,,0.74,,False
76,短水路,8,男子,25m背泳ぎ,60～64歳,,13.55,14.97,1,蛯名昌彦,セ・志木,2/2,20.75,20.75,False,False,False,,,0.77,,False
76,短水路,8,男子,25m背泳ぎ,55～59歳,,,13.99,1,植田俊介,セ・自由が丘,5/4,13.87,13.87,True,False,False,,,0.57,,False
76,短水路,8,男子,25m背泳ぎ,55～59歳,,,13.99,2,小倉秀和,セ・清瀬,4/4,16.14,16.14,False,False,False,,,0.63,,False
76,短水路,8,男子,25m背泳ぎ,55～59歳,,,13.99,3,杉原祥之,ザバス鶴見,4/2,16.41,16.41,False,False,False,,,0.72,,False
76,短水路,8,男子,25m背泳ぎ,55～59歳,,,13.99,4,宮川則仁,セ・大宮宮原,4/1,16.70,16.7,False,False,False,,,0.69,,False
76,短水路,8,男子,25m背泳ぎ,55～59歳,,,13.99,5,宮木幸彦,セ・葛西,4/7,17.71,17.71,False,False,False,,,0.69,,False
76,短水路,8,男子,25m背泳ぎ,55～59歳,,,13.99,6,近藤恭彦,セ・松戸,3/2,22.28,22.28,False,False,False,,,0.77,,False
76,短水路,8,男子,25m背泳ぎ,50～54歳,,,13.62,1,河野悟,セ・慶應日吉,5/7,15.15,15.15,False,False,False,,,0.65,,False
76,短水路,8,男子,25m背泳ぎ,50～54歳,,,13.62,2,柄澤英也,セ・用賀,4/5,15.95,15.95,False,False,False,,,0.61,,False
76,短水路,8,男子,25m背泳ぎ,50～54歳,,,13.62,3,新井田將司,セ・トレッサ,4/3,16.06,16.06,False,False,False,,,0.64,,False
76,短水路,8,男子,25m背泳ぎ,50～54歳,,,13.62,4,松本考弘,セ・清瀬,3/5,17.32,17.32,False,False,False,,,0.68,,False
76,短水路,8,男子,25m背泳ぎ,45～49歳,,,13.35,1,長谷川仁,セ・南千住,5/8,15.57,15.57,False,False,False,,,0.59,,False
76,短水路,8,男子,25m背泳ぎ,45～49歳,,,13.35,2,若杉佳宏,セ・阿佐谷,3/3,18.83,18.83,False,False,False,,,0.76,,False
76,短水路,8,男子,25m背泳ぎ,45～49歳,,,13.35,3,李碩晋,セ・福生,1/5,23.63,23.63,False,False,False,,,0.74,,False
76,短水路,8,男子,25m背泳ぎ,40～44歳,,,13.62,1,棚網宏之,セ・阿佐谷,5/5,14.06,14.06,False,False,False,,,0.57,,False
76,短水路,8,男子,25m背泳ぎ,40～44歳,,,13.62,2,川瀬健次,セ・大宮宮原,5/1,15.06,15.06,False,False,False,,,0.61,,False
76,短水路,8,男子,25m背泳ぎ,30～34歳,,11.44,12.76,1,杉山大亜,セ・二俣川,5/3,14.31,14.31,False,False,False,,,0.57,,False
76,短水路,8,男子,25m背泳ぎ,25～29歳,,11.75,11.96,1,矢野匠,セ・葛西,5/2,16.04,16.04,False,False,False,,,0.58,,False
76,短水路,8,男子,25m背泳ぎ,18～24歳,,,13.14,1,山﨑緋呂,セ・葛西,5/6,16.13,16.13,False,False,False,,,0.63,,False
76,短水路,9,女子,25m平泳ぎ,90～94歳,,23.51,,1,鈴木静江,クリーンスパ,2/5,37.26,37.26,False,False,False,,,1.03,,False
76,短水路,9,女子,25m平泳ぎ,85～89歳,,21.51,29.97,1,上田寿美子,セ・成城,3/1,31.13,31.13,False,False,False,,,1.03,,False
76,短水路,9,女子,25m平泳ぎ,80～84歳,,,25.40,1,長谷部征子,セ・八王子,6/4,25.96,25.96,False,False,False,,,0.78,,False
76,短水路,9,女子,25m平泳ぎ,80～84歳,,,25.40,2,岡本靖子,セ・慶應日吉,4/5,27.94,27.94,False,False,False,,,1.06,,False
76,短水路,9,女子,25m平泳ぎ,80～84歳,,,25.40,3,手塚泰子,セ・清瀬,3/5,28.56,28.56,False,False,False,,,1.06,,False
76,短水路,9,女子,25m平泳ぎ,80～84歳,,,25.40,4,永島郁子,ザバス鶴見,4/4,30.42,30.42,False,False,False,,,0.95,,False
76,短水路,9,女子,25m平泳ぎ,80～84歳,,,25.40,5,浜野操子,セ・流山,2/3,32.32,32.32,False,False,False,,,0.76,,False
76,短水路,9,女子,25m平泳ぎ,80～84歳,,,25.40,6,久保美紀枝,セ・流山,3/7,34.05,34.05,False,False,False,,,0.88,,False
76,短水路,9,女子,25m平泳ぎ,75～79歳,,,24.32,1,栗林眞知子,セ・成城,5/4,25.13,25.13,False,False,False,,,0.8,,False
76,短水路,9,女子,25m平泳ぎ,75～79歳,,,24.32,2,沢田裕子,セ・ときわ台,3/3,26.04,26.04,False,False,False,,,0.79,,False
76,短水路,9,女子,25m平泳ぎ,75～79歳,,,24.32,3,佐々木和江,セ・南千住,7/7,26.14,26.14,False,False,False,,,0.84,,False
76,短水路,9,女子,25m平泳ぎ,75～79歳,,,24.32,4,大手佳江,セ・南千住,4/3,29.46,29.46,False,False,False,,,1.12,,False
76,短水路,9,女子,25m平泳ぎ,75～79歳,,,24.32,5,諸橋暁子,曽谷・セ,1/4,30.65,30.65,False,False,False,,,1.05,,False
76,短水路,9,女子,25m平泳ぎ,75～79歳,,,24.32,6,吉見一江,セ・二俣川,3/6,32.09,32.09,False,False,False,,,,,False
76,短水路,9,女子,25m平泳ぎ,75～79歳,,,24.32,7,栗原羊子,セ・流山,1/1,33.10,33.1,False,False,False,,,1.01,,False
76,短水路,9,女子,25m平泳ぎ,75～79歳,,,24.32,8,後藤節子,セ・松戸,2/1,34.95,34.95,False,False,False,,,0.98,,False
76,短水路,9,女子,25m平泳ぎ,75～79歳,,,24.32,9,橋本順子,セ・おおたか,1/3,35.16,35.16,False,False,False,,,1.01,,False
76,短水路,9,女子,25m平泳ぎ,75～79歳,,,24.32,10,染谷敏子,セ・天王洲,1/5,44.27,44.27,False,False,False,,,1.23,,False
76,短水路,9,女子,25m平泳ぎ,75～79歳,,,24.32,,太田重代,セ・二俣川,2/6,,,False,False,False,,,,,False
76,短水路,9,女子,25m平泳ぎ,70～74歳,,,19.97,1,小澤優子,セ・葛西,7/3,24.41,24.41,False,False,False,,,0.86,,False
76,短水路,9,女子,25m平泳ぎ,70～74歳,,,19.97,2,山下康代,セ・用賀,2/4,25.58,25.58,False,False,False,,,1.13,,False
76,短水路,9,女子,25m平泳ぎ,70～74歳,,,19.97,3,荒深なみ,セ・市ヶ尾,4/6,26.50,26.5,False,False,False,,,0.9,,False
76,短水路,9,女子,25m平泳ぎ,70～74歳,,,19.97,4,清水恵美子,セ・亀有,3/4,27.31,27.31,False,False,False,,,0.72,,False
76,短水路,9,女子,25m平泳ぎ,70～74歳,,,19.97,5,矢島きよえ,CS南行徳,6/2,27.38,27.38,False,False,False,,,1.06,,False
76,短水路,9,女子,25m平泳ぎ,65～69歳,,,19.42,1,武政ふく,セ・松戸,12/4,19.95,19.95,False,False,False,,,0.68,,False
76,短水路,9,女子,25m平泳ぎ,65～69歳,,,19.42,2,高梨美樹,セ・成城,12/1,21.39,21.39,False,False,False,,,0.81,,False
76,短水路,9,女子,25m平泳ぎ,65～69歳,,,19.42,3,米澤美智子,セ・成瀬,12/6,22.09,22.09,False,False,False,,,0.81,,False
76,短水路,9,女子,25m平泳ぎ,65～69歳,,,19.42,4,ダン典子,セ・自由が丘,10/3,22.67,22.67,False,False,False,,,0.74,,False
76,短水路,9,女子,25m平泳ぎ,65～69歳,,,19.42,5,三枚堂かよ子,セ・阿佐谷,10/2,23.62,23.62,False,False,False,,,0.74,,False
76,短水路,9,女子,25m平泳ぎ,65～69歳,,,19.42,6,瀧下節子,セ・志木,10/8,23.69,23.69,False,False,False,,,0.76,,False
76,短水路,9,女子,25m平泳ぎ,65～69歳,,,19.42,7,廣瀬伸子,セ・成城,10/4,23.81,23.81,False,False,False,,,0.85,,False
76,短水路,9,女子,25m平泳ぎ,65～69歳,,,19.42,8,育村博子,セ・おおたか,7/4,24.31,24.31,False,False,False,,,0.9,,False
76,短水路,9,女子,25m平泳ぎ,65～69歳,,,19.42,9,櫻田琴,セ・天王洲,8/4,24.32,24.32,False,False,False,,,0.85,,False
76,短水路,9,女子,25m平泳ぎ,65～69歳,,,19.42,10,藤井道子,セ・我孫子,3/8,24.71,24.71,False,False,False,,,0.71,,False
76,短水路,9,女子,25m平泳ぎ,65～69歳,,,19.42,11,掃部典子,曽谷・セ,7/2,25.46,25.46,False,False,False,,,1.1,,False
76,短水路,9,女子,25m平泳ぎ,65～69歳,,,19.42,12,畠山眞由美,セ・柏,6/5,25.71,25.71,False,False,False,,,0.93,,False
76,短水路,9,女子,25m平泳ぎ,65～69歳,,,19.42,13,豊田典子,セ・下北沢,5/5,26.39,26.39,False,False,False,,,0.9,,False
76,短水路,9,女子,25m平泳ぎ,65～69歳,,,19.42,14,油井みどり,セ・新浦安,6/3,26.82,26.82,False,False,False,,,1.02,,False
76,短水路,9,女子,25m平泳ぎ,65～69歳,,,19.42,15,花形一実,セ・南千住,4/1,26.98,26.98,False,False,False,,,0.9,,False
76,短水路,9,女子,25m平泳ぎ,65～69歳,,,19.42,16,渋谷照代,セ・我孫子,2/2,27.93,27.93,False,False,False,,,1.13,,False
76,短水路,9,女子,25m平泳ぎ,65～69歳,,,19.42,17,酒谷真砂子,セ・戸塚,4/7,28.92,28.92,False,False,False,,,0.89,,False
76,短水路,9,女子,25m平泳ぎ,65～69歳,,,19.42,18,渡邉登美子,セ・阿佐谷,5/3,29.50,29.5,False,False,False,,,0.78,,False
76,短水路,9,女子,25m平泳ぎ,65～69歳,,,19.42,19,木村恵,セ・我孫子,2/7,29.93,29.93,False,False,False,,,1.04,,False
76,短水路,9,女子,25m平泳ぎ,65～69歳,,,19.42,20,池田真理子,セ・大森,3/2,30.15,30.15,False,False,False,,,1.13,,False
76,短水路,9,女子,25m平泳ぎ,65～69歳,,,19.42,21,池長幸子,セ・桶川北本,1/6,33.60,33.6,False,False,False,,,,,False
76,短水路,9,女子,25m平泳ぎ,65～69歳,,,19.42,22,橋村雅子,セ・久喜,1/2,34.16,34.16,False,False,False,,,1.87,,False
76,短水路,9,女子,25m平泳ぎ,65～69歳,,,19.42,23,小高和子,セ・桶川北本,1/8,34.94,34.94,False,False,False,,,,,False
76,短水路,9,女子,25m平泳ぎ,60～64歳,,,18.90,1,磯村由紀子,セ・越谷,12/2,19.80,19.8,False,False,False,,,0.78,,False
76,短水路,9,女子,25m平泳ぎ,60～64歳,,,18.90,2,石井菜穂美,セ・市川,13/7,19.87,19.87,False,False,False,,,0.74,,False
76,短水路,9,女子,25m平泳ぎ,60～64歳,,,18.90,3,酒井寿美恵,クリーンスパ,12/7,21.28,21.28,False,False,False,,,0.78,,False
76,短水路,9,女子,25m平泳ぎ,60～64歳,,,18.90,4,伊藤ゆかり,セ・成城,11/5,21.47,21.47,False,False,False,,,0.85,,False
76,短水路,9,女子,25m平泳ぎ,60～64歳,,,18.90,5,小池理恵子,セ・阿佐谷,11/4,21.74,21.74,False,False,False,,,1.06,,False
76,短水路,9,女子,25m平泳ぎ,60～64歳,,,18.90,6,石原なおみ,セ・阿佐谷,12/8,21.92,21.92,False,False,False,,,0.76,,False
76,短水路,9,女子,25m平泳ぎ,60～64歳,,,18.90,7,盛田真規子,セ・二俣川,11/1,23.24,23.24,False,False,False,,,0.71,,False
76,短水路,9,女子,25m平泳ぎ,60～64歳,,,18.90,8,相澤紋美,セ・阿佐谷,9/4,23.47,23.47,False,False,False,,,0.91,,False
76,短水路,9,女子,25m平泳ぎ,60～64歳,,,18.90,9,橋本裕子,クリーンスパ,9/5,24.99,24.99,False,False,False,,,0.96,,False
76,短水路,9,女子,25m平泳ぎ,60～64歳,,,18.90,10,倉林明子,セ・おおたか,8/2,25.31,25.31,False,False,False,,,0.87,,False
76,短水路,9,女子,25m平泳ぎ,60～64歳,,,18.90,11,蛯名とも子,セ・志木,7/8,25.79,25.79,False,False,False,,,0.87,,False
76,短水路,9,女子,25m平泳ぎ,60～64歳,,,18.90,12,吉野ひとみ,セ・松戸,6/8,26.79,26.79,False,False,False,,,0.94,,False
76,短水路,9,女子,25m平泳ぎ,60～64歳,,,18.90,13,佐々木政子,セ・大森,4/8,28.59,28.59,False,False,False,,,0.95,,False
76,短水路,9,女子,25m平泳ぎ,60～64歳,,,18.90,14,黒川慶子,セ・上池袋,1/7,30.24,30.24,False,False,False,,,0.83,,False
76,短水路,9,女子,25m平泳ぎ,60～64歳,,,18.90,15,榮真須美,セ・慶應日吉,2/8,37.80,37.8,False,False,False,,,0.96,,False
76,短水路,9,女子,25m平泳ぎ,55～59歳,,,17.63,1,八尋加苗,セ・松戸,7/5,21.27,21.27,False,False,False,,,0.74,,False
76,短水路,9,女子,25m平泳ぎ,55～59歳,,,17.63,2,船津香,セ・自由が丘,11/6,22.08,22.08,False,False,False,,,0.9,,False
76,短水路,9,女子,25m平泳ぎ,55～59歳,,,17.63,3,坂井慶子,セ・大宮宮原,8/5,22.44,22.44,False,False,False,,,0.88,,False
76,短水路,9,女子,25m平泳ぎ,55～59歳,,,17.63,4,澤野貴子,セ・葛西,8/3,23.82,23.82,False,False,False,,,0.73,,False
76,短水路,9,女子,25m平泳ぎ,55～59歳,,,17.63,5,柳澤聡子,セ・大宮宮原,5/6,24.77,24.77,False,False,False,,,0.97,,False
76,短水路,9,女子,25m平泳ぎ,55～59歳,,,17.63,6,安藤真奈美,セ・新浦安,7/6,25.30,25.3,False,False,False,,,0.94,,False
76,短水路,9,女子,25m平泳ぎ,55～59歳,,,17.63,7,森内裕子,セ・天王洲,8/8,27.04,27.04,False,False,False,,,0.95,,False
76,短水路,9,女子,25m平泳ぎ,55～59歳,,,17.63,8,平澤馨,セ・府中,6/7,27.66,27.66,False,False,False,,,1.01,,False
76,短水路,9,女子,25m平泳ぎ,55～59歳,,,17.63,,佐藤美絵子,セ・清瀬,11/3,,,False,False,False,,,,,False
76,短水路,9,女子,25m平泳ぎ,50～54歳,,,17.75,1,勝間田周子,セ・湘南ＬＴ,13/4,18.33,18.33,False,False,False,,,0.79,,False
76,短水路,9,女子,25m平泳ぎ,50～54歳,,,17.75,2,糸賀香菜子,セ・トレッサ,13/2,19.59,19.59,False,False,False,,,0.7,,False
76,短水路,9,女子,25m平泳ぎ,50～54歳,,,17.75,3,関本みすぎ,セ・葛西,13/1,20.78,20.78,False,False,False,,,1.06,,False
76,短水路,9,女子,25m平泳ぎ,50～54歳,,,17.75,4,佐藤洋子,セ・成城,11/2,20.86,20.86,False,False,False,,,0.8,,False
76,短水路,9,女子,25m平泳ぎ,50～54歳,,,17.75,5,植田雅美,セ・宇都宮,12/3,21.67,21.67,False,False,False,,,0.82,,False
76,短水路,9,女子,25m平泳ぎ,50～54歳,,,17.75,6,田原文月,セ・南千住,10/5,21.88,21.88,False,False,False,,,0.96,,False
76,短水路,9,女子,25m平泳ぎ,50～54歳,,,17.75,7,有路さくら,セ・福生,8/6,22.03,22.03,False,False,False,,,0.67,,False
76,短水路,9,女子,25m平泳ぎ,50～54歳,,,17.75,8,森川佳余子,クリーンスパ,11/8,22.67,22.67,False,False,False,,,0.82,,False
76,短水路,9,女子,25m平泳ぎ,50～54歳,,,17.75,9,杉野幸恵,セ・越谷,9/6,22.94,22.94,False,False,False,,,1.05,,False
76,短水路,9,女子,25m平泳ぎ,50～54歳,,,17.75,10,佐藤晶子,セ・おおたか,9/3,23.02,23.02,False,False,False,,,0.78,,False
76,短水路,9,女子,25m平泳ぎ,50～54歳,,,17.75,11,村岡貴子,セ・桶川北本,8/7,23.50,23.5,False,False,False,,,0.83,,False
76,短水路,9,女子,25m平泳ぎ,50～54歳,,,17.75,12,高間智子,セ・自由が丘,10/6,24.05,24.05,False,False,False,,,0.84,,False
76,短水路,9,女子,25m平泳ぎ,50～54歳,,,17.75,13,田上麻紀,セ・久喜,5/2,24.64,24.64,False,False,False,,,0.9,,False
76,短水路,9,女子,25m平泳ぎ,50～54歳,,,17.75,14,小山香津子,セ・藤沢,5/8,24.71,24.71,False,False,False,,,0.87,,False
76,短水路,9,女子,25m平泳ぎ,50～54歳,,,17.75,15,清水香,セ・横浜,5/7,27.95,27.95,False,False,False,,,0.74,,False
76,短水路,9,女子,25m平泳ぎ,50～54歳,,,17.75,16,兼子敬子,セ・南千住,5/1,29.26,29.26,False,False,False,,,0.81,,False
76,短水路,9,女子,25m平泳ぎ,45～49歳,,,16.32,1,芳賀加代子,セ・南青山,10/7,22.34,22.34,False,False,False,,,0.75,,False
76,短水路,9,女子,25m平泳ぎ,45～49歳,,,16.32,2,高島典子,セ・大森,9/7,23.97,23.97,False,False,False,,,0.74,,False
76,短水路,9,女子,25m平泳ぎ,45～49歳,,,16.32,3,小林恵理子,セ・蘇我,9/2,24.64,24.64,False,False,False,,,0.97,,False
76,短水路,9,女子,25m平泳ぎ,40～44歳,,,17.31,1,中村可奈子,セ・おおたか,13/5,18.20,18.2,False,False,False,,,0.74,,False
76,短水路,9,女子,25m平泳ぎ,40～44歳,,,17.31,2,丸田紘子,セ・能見台,12/5,20.46,20.46,False,False,False,,,0.64,,False
76,短水路,9,女子,25m平泳ぎ,40～44歳,,,17.31,3,久保かおり,セ・長津田,10/1,22.24,22.24,False,False,False,,,0.87,,False
76,短水路,9,女子,25m平泳ぎ,40～44歳,,,17.31,4,福澤絵理,CS南行徳,6/1,22.92,22.92,False,False,False,,,0.92,,False
76,短水路,9,女子,25m平泳ぎ,40～44歳,,,17.31,5,加藤涼子,セ・桶川北本,6/6,25.61,25.61,False,False,False,,,0.82,,False
76,短水路,9,女子,25m平泳ぎ,35～39歳,,,16.74,1,小林貴美代,セ・稲毛海岸,13/3,20.46,20.46,False,False,False,,,0.86,,False
76,短水路,9,女子,25m平泳ぎ,35～39歳,,,16.74,2,RacaruGabriela,セ・慶應日吉,11/7,22.64,22.64,False,False,False,,,0.88,,False
76,短水路,9,女子,25m平泳ぎ,35～39歳,,,16.74,3,久保美由紀,セ・長津田,9/1,23.70,23.7,False,False,False,,,1.02,,False
76,短水路,9,女子,25m平泳ぎ,30～34歳,,,16.96,1,深堀陽子,セ・二俣川,13/6,19.31,19.31,False,False,False,,,0.77,,False
76,短水路,9,女子,25m平泳ぎ,30～34歳,,,16.96,2,近藤幸乃,セ・二俣川,13/8,20.49,20.49,False,False,False,,,0.83,,False
76,短水路,9,女子,25m平泳ぎ,30～34歳,,,16.96,3,岡澤美咲,セ・茂原,9/8,23.02,23.02,False,False,False,,,1.03,,False
76,短水路,10,男子,25m平泳ぎ,80～84歳,,,19.69,1,伊豆正義,セ・新浦安,3/5,22.70,22.7,False,False,False,,,0.88,,False
76,短水路,10,男子,25m平泳ぎ,80～84歳,,,19.69,2,高木誠,セ・我孫子,2/2,26.02,26.02,False,False,False,,,0.99,,False
76,短水路,10,男子,25m平泳ぎ,80～84歳,,,19.69,3,高野崇,セ・戸塚,1/3,30.59,30.59,False,False,False,,,1.06,,False
76,短水路,10,男子,25m平泳ぎ,75～79歳,,,18.59,1,山村茂,セ・南千住,3/6,23.27,23.27,False,False,False,,,1.01,,False
76,短水路,10,男子,25m平泳ぎ,75～79歳,,,18.59,2,山口博,セ・志木,4/6,24.81,24.81,False,False,False,,,,,False
76,短水路,10,男子,25m平泳ぎ,75～79歳,,,18.59,3,泉保央,セ・慶應日吉,3/3,25.24,25.24,False,False,False,,,1.28,,False
76,短水路,10,男子,25m平泳ぎ,75～79歳,,,18.59,4,太田与洋,セ・新浦安,3/4,25.93,25.93,False,False,False,,,1.11,,False
76,短水路,10,男子,25m平泳ぎ,75～79歳,,,18.59,5,松村博司,セ・久喜,2/4,26.78,26.78,False,False,False,,,1.15,,False
76,短水路,10,男子,25m平泳ぎ,75～79歳,,,18.59,6,手塚満,セ・おおたか,2/6,27.32,27.32,False,False,False,,,0.8,,False
76,短水路,10,男子,25m平泳ぎ,75～79歳,,,18.59,7,小野田義人,セ・自由が丘,1/7,28.34,28.34,False,False,False,,,1.2,,False
76,短水路,10,男子,25m平泳ぎ,75～79歳,,,18.59,8,神保伸幸,セ・南青山,1/5,29.96,29.96,False,False,False,,,1.08,,False
76,短水路,10,男子,25m平泳ぎ,70～74歳,,,17.77,1,吉村進,セ・阿佐谷,6/4,18.06,18.06,False,False,False,,,0.67,,False
76,短水路,10,男子,25m平泳ぎ,70～74歳,,,17.77,2,安嶋俊夫,セ・茂原,4/4,21.86,21.86,False,False,False,,,0.84,,False
76,短水路,10,男子,25m平泳ぎ,70～74歳,,,17.77,3,幡場達明,セ・大宮宮原,5/6,21.98,21.98,False,False,False,,,0.84,,False
76,短水路,10,男子,25m平泳ぎ,70～74歳,,,17.77,4,橋本亘,セ・おおたか,2/7,25.23,25.23,False,False,False,,,0.9,,False
76,短水路,10,男子,25m平泳ぎ,70～74歳,,,17.77,5,永島聡,セ・戸塚,2/3,25.89,25.89,False,False,False,,,1.02,,False
76,短水路,10,男子,25m平泳ぎ,70～74歳,,,17.77,6,増田行雄,セ・蒲田,3/2,26.31,26.31,False,False,False,,,1.32,,False
76,短水路,10,男子,25m平泳ぎ,65～69歳,,,17.26,1,松田賢治,セ・大宮宮原,6/3,17.35,17.35,False,False,False,,,0.76,,False
76,短水路,10,男子,25m平泳ぎ,65～69歳,,,17.26,2,前川正,セ・F東戸塚,6/6,19.26,19.26,False,False,False,,,0.76,,False
76,短水路,10,男子,25m平泳ぎ,65～69歳,,,17.26,3,安高祐三,セ・越谷,5/2,20.28,20.28,False,False,False,,,0.66,,False
76,短水路,10,男子,25m平泳ぎ,65～69歳,,,17.26,4,柳谷一郎,Ｇ－ＳＰＡ,4/2,23.41,23.41,False,False,False,,,0.9,,False
76,短水路,10,男子,25m平泳ぎ,65～69歳,,,17.26,5,堂園徹,セ・天王洲,1/6,26.60,26.6,False,False,False,,,1.18,,False
76,短水路,10,男子,25m平泳ぎ,65～69歳,,,17.26,,若山聖亮,Ｇ－ＳＰＡ,2/5,,,False,False,False,,,,,False
76,短水路,10,男子,25m平泳ぎ,60～64歳,,,14.79,1,稲毛仁,セ・松戸,7/1,16.88,16.88,False,False,False,,,0.71,,False
76,短水路,10,男子,25m平泳ぎ,60～64歳,,,14.79,2,池谷千尋,セ・長津田,6/5,17.33,17.33,False,False,False,,,0.68,,False
76,短水路,10,男子,25m平泳ぎ,60～64歳,,,14.79,3,蛯名昌彦,セ・志木,6/7,19.71,19.71,False,False,False,,,0.81,,False
76,短水路,10,男子,25m平泳ぎ,60～64歳,,,14.79,4,中村浩司,セ・青砥,5/8,20.27,20.27,False,False,False,,,0.99,,False
76,短水路,10,男子,25m平泳ぎ,60～64歳,,,14.79,5,浅井速人,セ・葛西,4/3,20.98,20.98,False,False,False,,,1.01,,False
76,短水路,10,男子,25m平泳ぎ,60～64歳,,,14.79,6,黒川恵一,セ・市ヶ尾,5/1,21.81,21.81,False,False,False,,,0.82,,False
76,短水路,10,男子,25m平泳ぎ,60～64歳,,,14.79,7,中村努,セ・市川,1/1,31.15,31.15,False,False,False,,,0.99,,False
76,短水路,10,男子,25m平泳ぎ,55～59歳,,,15.28,1,坂野照雄,セ・越谷,7/2,16.09,16.09,False,False,False,,,0.71,,False
76,短水路,10,男子,25m平泳ぎ,55～59歳,,,15.28,2,江藤邦徳,セ・流山,6/2,17.40,17.4,False,False,False,,,0.71,,False
76,短水路,10,男子,25m平泳ぎ,55～59歳,,,15.28,3,宮木幸彦,セ・葛西,7/8,17.42,17.42,False,False,False,,,0.67,,False
76,短水路,10,男子,25m平泳ぎ,55～59歳,,,15.28,4,北村勇,セ・能見台,5/4,18.57,18.57,False,False,False,,,0.76,,False
76,短水路,10,男子,25m平泳ぎ,55～59歳,,,15.28,5,佐藤正章,セ・用賀,6/1,18.80,18.8,False,False,False,,,0.74,,False
76,短水路,10,男子,25m平泳ぎ,55～59歳,,,15.28,6,近藤恭彦,セ・松戸,6/8,19.60,19.6,False,False,False,,,0.84,,False
76,短水路,10,男子,25m平泳ぎ,55～59歳,,,15.28,7,佐藤流生,セ・天王洲,5/5,25.22,25.22,False,False,False,,,1.17,,False
76,短水路,10,男子,25m平泳ぎ,55～59歳,,,15.28,8,星秀樹,セ・大宮宮原,3/7,25.87,25.87,False,False,False,,,0.84,,False
76,短水路,10,男子,25m平泳ぎ,55～59歳,,,15.28,9,冨澤正明,セ・青砥,1/2,32.89,32.89,False,False,False,,,1.32,,False
76,短水路,10,男子,25m平泳ぎ,50～54歳,,,13.43,1,小森康弘,セ・葛西,8/5,13.57,13.57,False,False,False,,,0.64,,False
76,短水路,10,男子,25m平泳ぎ,50～54歳,,,13.43,2,君島篤,セ・西東京,4/8,19.15,19.15,False,False,False,,,0.76,,False
76,短水路,10,男子,25m平泳ぎ,50～54歳,,,13.43,3,久保田裕一,セ・慶應日吉,3/1,19.18,19.18,False,False,False,,,0.73,,False
76,短水路,10,男子,25m平泳ぎ,50～54歳,,,13.43,4,稲垣浩,セ・茂原,4/7,19.54,19.54,False,False,False,,,0.86,,False
76,短水路,10,男子,25m平泳ぎ,50～54歳,,,13.43,5,竹山智明,セ・慶應日吉,4/5,21.73,21.73,False,False,False,,,,,False
76,短水路,10,男子,25m平泳ぎ,50～54歳,,,13.43,6,飯田勝章,セ・志木,1/4,25.80,25.8,False,False,False,,,0.93,,False
76,短水路,10,男子,25m平泳ぎ,45～49歳,,,13.55,1,山岡裕和,セ・ときわ台,7/7,17.08,17.08,False,False,False,,,0.81,,False
76,短水路,10,男子,25m平泳ぎ,45～49歳,,,13.55,2,加藤大輔,セ・横浜,5/3,19.44,19.44,False,False,False,,,0.86,,False
76,短水路,10,男子,25m平泳ぎ,40～44歳,,,13.40,1,西尾直人,セ・武蔵小杉,8/3,14.13,14.13,False,False,False,,,0.72,,False
76,短水路,10,男子,25m平泳ぎ,40～44歳,,,13.40,2,佐野充,セ・阿佐谷,7/5,14.42,14.42,False,False,False,,,0.67,,False
76,短水路,10,男子,25m平泳ぎ,40～44歳,,,13.40,3,知見邦彦,セ・二俣川,7/4,14.76,14.76,False,False,False,,,0.73,,False
76,短水路,10,男子,25m平泳ぎ,40～44歳,,,13.40,4,勝吉進一,セ・慶應日吉,8/1,14.92,14.92,False,False,False,,,0.73,,False
76,短水路,10,男子,25m平泳ぎ,40～44歳,,,13.40,5,大作善祥,セ・おおたか,7/6,16.12,16.12,False,False,False,,,0.76,,False
76,短水路,10,男子,25m平泳ぎ,40～44歳,,,13.40,6,宇佐美学,セ・大森,4/1,19.59,19.59,False,False,False,,,0.93,,False
76,短水路,10,男子,25m平泳ぎ,35～39歳,,,13.34,1,宮川航,セ・南千住,8/4,13.32,13.32,True,False,False,,,0.65,,False
76,短水路,10,男子,25m平泳ぎ,35～39歳,,,13.34,2,和田弘太郎,セ・阿佐谷,8/7,13.55,13.55,False,False,False,,,0.66,,False
76,短水路,10,男子,25m平泳ぎ,35～39歳,,,13.34,3,長田裕史,セ・柏,8/8,14.66,14.66,False,False,False,,,0.64,,False
76,短水路,10,男子,25m平泳ぎ,25～29歳,,12.27,13.08,1,竹下翔,セ・長津田,7/3,15.98,15.98,False,False,False,,,0.68,,False
76,短水路,10,男子,25m平泳ぎ,18～24歳,,,12.97,1,廣谷幸翼,セ・志木,8/6,13.69,13.69,False,False,False,,,0.68,,False
76,短水路,10,男子,25m平泳ぎ,18～24歳,,,12.97,2,荒井啓汰,セ・阿佐谷,8/2,13.96,13.96,False,False,False,,,0.64,,False
76,短水路,11,女子,25mバタフライ,85～89歳,,19.26,,,田中もみぢ,セ・おおたか,3/4,,,False,False,False,,,,,False
76,短水路,11,女子,25mバタフライ,80～84歳,,,25.38,1,八田清子,セ・松戸,7/6,24.82,24.82,True,False,False,,,0.95,,False
76,短水路,11,女子,25mバタフライ,80～84歳,,,25.38,2,新井昭代,セ・東十条,4/7,28.81,28.81,False,False,False,,,0.98,,False
76,短水路,11,女子,25mバタフライ,80～84歳,,,25.38,3,西川美恵子,セ・蒲田,4/2,28.98,28.98,False,False,False,,,0.87,,False
76,短水路,11,女子,25mバタフライ,80～84歳,,,25.38,4,平井節子,セ・南千住,3/5,32.79,32.79,False,False,False,,,1.11,,False
76,短水路,11,女子,25mバタフライ,75～79歳,,,18.22,1,大山恵子,セ・葛西,15/6,19.13,19.13,False,False,False,,,0.74,,False
76,短水路,11,女子,25mバタフライ,75～79歳,,,18.22,2,古旗美鈴,セ・上池袋,11/7,22.37,22.37,False,False,False,,,0.81,,False
76,短水路,11,女子,25mバタフライ,75～79歳,,,18.22,3,宇田川礼子,セ・我孫子,2/4,23.38,23.38,False,False,False,,,1.0,,False
76,短水路,11,女子,25mバタフライ,75～79歳,,,18.22,4,川口栄子,セ・松戸,6/3,26.49,26.49,False,False,False,,,0.81,,False
76,短水路,11,女子,25mバタフライ,75～79歳,,,18.22,5,沢田裕子,セ・ときわ台,2/3,26.69,26.69,False,False,False,,,0.85,,False
76,短水路,11,女子,25mバタフライ,75～79歳,,,18.22,6,岡田啓子,セ・桶川北本,4/6,27.18,27.18,False,False,False,,,1.09,,False
76,短水路,11,女子,25mバタフライ,75～79歳,,,18.22,7,坂本光子,セ・越谷,5/2,27.40,27.4,False,False,False,,,1.04,,False
76,短水路,11,女子,25mバタフライ,75～79歳,,,18.22,8,古田美智子,セ・自由が丘,3/3,28.61,28.61,False,False,False,,,0.84,,False
76,短水路,11,女子,25mバタフライ,75～79歳,,,18.22,9,仲岡輝,セ・我孫子,3/8,29.80,29.8,False,False,False,,,,,False
76,短水路,11,女子,25mバタフライ,75～79歳,,,18.22,10,山本まり子,セ・能見台,5/7,32.92,32.92,False,False,False,,,0.88,,False
76,短水路,11,女子,25mバタフライ,75～79歳,,,18.22,11,船山由美子,セ・戸塚,1/2,35.54,35.54,False,False,False,,,,,False
76,短水路,11,女子,25mバタフライ,75～79歳,,,18.22,12,福澤チヅ子,CS南行徳,1/4,37.58,37.58,False,False,False,,,,,False
76,短水路,11,女子,25mバタフライ,70～74歳,,,18.13,1,藤代由美子,セ・長沼,11/5,20.44,20.44,False,False,False,,,0.8,,False
76,短水路,11,女子,25mバタフライ,70～74歳,,,18.13,2,小池藤子,セ・新三郷,10/6,21.44,21.44,False,False,False,,,0.86,,False
76,短水路,11,女子,25mバタフライ,70～74歳,,,18.13,3,梅田栄己子,セ・天王洲,7/4,21.53,21.53,False,False,False,,,0.97,,False
76,短水路,11,女子,25mバタフライ,70～74歳,,,18.13,4,青砥美智子,セ・葛西,9/1,22.03,22.03,False,False,False,,,1.0,,False
76,短水路,11,女子,25mバタフライ,70～74歳,,,18.13,5,相澤史子,セ・松戸,9/4,22.97,22.97,False,False,False,,,0.76,,False
76,短水路,11,女子,25mバタフライ,70～74歳,,,18.13,6,大熊正子,セ・桶川北本,6/7,24.65,24.65,False,False,False,,,0.76,,False
76,短水路,11,女子,25mバタフライ,70～74歳,,,18.13,7,市野克子,セ・大森,9/5,24.73,24.73,False,False,False,,,1.06,,False
76,短水路,11,女子,25mバタフライ,70～74歳,,,18.13,8,菅井道子,セ・戸塚,7/5,25.45,25.45,False,False,False,,,0.96,,False
76,短水路,11,女子,25mバタフライ,70～74歳,,,18.13,9,若林多恵子,セ・谷津,6/5,26.01,26.01,False,False,False,,,0.83,,False
76,短水路,11,女子,25mバタフライ,70～74歳,,,18.13,10,松丸映子,セ・ときわ台,6/1,26.48,26.48,False,False,False,,,1.11,,False
76,短水路,11,女子,25mバタフライ,70～74歳,,,18.13,11,柴田美知子,セ・新浦安,7/7,26.68,26.68,False,False,False,,,0.99,,False
76,短水路,11,女子,25mバタフライ,70～74歳,,,18.13,12,清水裕子,セ・二俣川,3/1,28.24,28.24,False,False,False,,,0.95,,False
76,短水路,11,女子,25mバタフライ,70～74歳,,,18.13,13,長谷川節子,セ・天王洲,6/6,29.36,29.36,False,False,False,,,1.01,,False
76,短水路,11,女子,25mバタフライ,70～74歳,,,18.13,14,富樫博子,セ・大森,5/1,30.85,30.85,False,False,False,,,,,False
76,短水路,11,女子,25mバタフライ,70～74歳,,,18.13,15,寺西寿賀子,セ・天王洲,4/4,36.09,36.09,False,False,False,,,1.11,,False
76,短水路,11,女子,25mバタフライ,65～69歳,,,16.90,1,立右由美子,セ・大森,10/5,18.43,18.43,False,False,False,,,0.75,,False
76,短水路,11,女子,25mバタフライ,65～69歳,,,16.90,2,木村りょう子,セ・福生,14/5,18.91,18.91,False,False,False,,,0.85,,False
76,短水路,11,女子,25mバタフライ,65～69歳,,,16.90,3,岩崎良子,セ・おおたか,14/1,19.58,19.58,False,False,False,,,0.82,,False
76,短水路,11,女子,25mバタフライ,65～69歳,,,16.90,4,森本美恵,セ・松戸,13/3,19.98,19.98,False,False,False,,,0.78,,False
76,短水路,11,女子,25mバタフライ,65～69歳,,,16.90,5,浅野みどり,セ・天王洲,12/1,20.46,20.46,False,False,False,,,0.75,,False
76,短水路,11,女子,25mバタフライ,65～69歳,,,16.90,6,野島正代,セ・阿佐谷,15/7,21.01,21.01,False,False,False,,,0.86,,False
76,短水路,11,女子,25mバタフライ,65～69歳,,,16.90,7,山本由起子,セ・南千住,13/5,22.27,22.27,False,False,False,,,0.8,,False
76,短水路,11,女子,25mバタフライ,65～69歳,,,16.90,8,相馬絹代,セ・溝ノ口,11/4,22.74,22.74,False,False,False,,,0.78,,False
76,短水路,11,女子,25mバタフライ,65～69歳,,,16.90,9,鶴﨑緑,セ・トレッサ,8/4,23.30,23.3,False,False,False,,,0.94,,False
76,短水路,11,女子,25mバタフライ,65～69歳,,,16.90,10,松浦敏子,セ・我孫子,2/5,23.42,23.42,False,False,False,,,1.06,,False
76,短水路,11,女子,25mバタフライ,65～69歳,,,16.90,11,日和久美子,セ・戸塚,7/3,23.66,23.66,False,False,False,,,0.89,,False
76,短水路,11,女子,25mバタフライ,65～69歳,,,16.90,12,譲原恵子,セ・我孫子,11/6,23.73,23.73,False,False,False,,,0.92,,False
76,短水路,11,女子,25mバタフライ,65～69歳,,,16.90,13,小沢邦恵,セ・二俣川,10/4,23.82,23.82,False,False,False,,,0.96,,False
76,短水路,11,女子,25mバタフライ,65～69歳,,,16.90,14,益田加津子,セ・自由が丘,9/7,24.95,24.95,False,False,False,,,0.86,,False
76,短水路,11,女子,25mバタフライ,65～69歳,,,16.90,15,渡辺米子,クリーンスパ,7/2,25.12,25.12,False,False,False,,,0.95,,False
76,短水路,11,女子,25mバタフライ,65～69歳,,,16.90,16,三嶋祐子,セ・阿佐谷,6/4,25.27,25.27,False,False,False,,,0.91,,False
76,短水路,11,女子,25mバタフライ,65～69歳,,,16.90,17,伊藤春美,ザバス川崎,3/2,25.40,25.4,False,False,False,,,0.97,,False
76,短水路,11,女子,25mバタフライ,65～69歳,,,16.90,18,池田敏子,セ・戸塚,5/4,26.73,26.73,False,False,False,,,1.03,,False
76,短水路,11,女子,25mバタフライ,65～69歳,,,16.90,19,太田拓江,セ・戸塚,4/3,28.61,28.61,False,False,False,,,1.14,,False
76,短水路,11,女子,25mバタフライ,65～69歳,,,16.90,20,宮原美穂,セ・福生,5/8,28.95,28.95,False,False,False,,,0.82,,False
76,短水路,11,女子,25mバタフライ,65～69歳,,,16.90,21,須田菜奈子,セ・桶川北本,2/2,31.80,31.8,False,False,False,,,1.02,,False
76,短水路,11,女子,25mバタフライ,65～69歳,,,16.90,22,橋村雅子,セ・久喜,1/7,34.82,34.82,False,False,False,,,1.53,,False
76,短水路,11,女子,25mバタフライ,65～69歳,,,16.90,,渡邉登美子,セ・阿佐谷,4/5,,,False,False,False,,,,,False
76,短水路,11,女子,25mバタフライ,60～64歳,,,15.75,1,武井麻知子,セ・二俣川,17/3,16.19,16.19,False,False,False,,,0.66,,False
76,短水路,11,女子,25mバタフライ,60～64歳,,,15.75,2,吉川千晶,Ｇ－ＳＰＡ,15/3,17.80,17.8,False,False,False,,,0.8,,False
76,短水路,11,女子,25mバタフライ,60～64歳,,,15.75,3,石原なおみ,セ・阿佐谷,16/2,18.14,18.14,False,False,False,,,0.7,,False
76,短水路,11,女子,25mバタフライ,60～64歳,,,15.75,4,福原美奈,セ・稲毛海岸,8/6,18.84,18.84,False,False,False,,,0.77,,False
76,短水路,11,女子,25mバタフライ,60～64歳,,,15.75,5,岡田眞弓,セ・清瀬,13/6,19.11,19.11,False,False,False,,,0.75,,False
76,短水路,11,女子,25mバタフライ,60～64歳,,,15.75,6,高橋裕子,セ・葛西,10/3,20.28,20.28,False,False,False,,,0.83,,False
76,短水路,11,女子,25mバタフライ,60～64歳,,,15.75,7,大原清美,セ・阿佐谷,12/8,20.96,20.96,False,False,False,,,1.15,,False
76,短水路,11,女子,25mバタフライ,60～64歳,,,15.75,8,松田聡美,セ・成城,14/8,21.32,21.32,False,False,False,,,0.89,,False
76,短水路,11,女子,25mバタフライ,60～64歳,,,15.75,9,山本庸子,セ・八王子,11/2,21.72,21.72,False,False,False,,,1.17,,False
76,短水路,11,女子,25mバタフライ,60～64歳,,,15.75,10,桐沢ひとみ,セ・大森,9/3,22.19,22.19,False,False,False,,,1.16,,False
76,短水路,11,女子,25mバタフライ,60～64歳,,,15.75,11,石井恵津,セ・自由が丘,10/7,22.66,22.66,False,False,False,,,0.61,,False
76,短水路,11,女子,25mバタフライ,60～64歳,,,15.75,12,佐々木れい,セ・志木,8/5,23.41,23.41,False,False,False,,,0.98,,False
76,短水路,11,女子,25mバタフライ,60～64歳,,,15.75,13,米林清子,セ・越谷,10/1,23.67,23.67,False,False,False,,,0.85,,False
76,短水路,11,女子,25mバタフライ,60～64歳,,,15.75,14,野澤典子,セ・戸塚,5/5,26.18,26.18,False,False,False,,,1.22,,False
76,短水路,11,女子,25mバタフライ,60～64歳,,,15.75,15,杉村由紀子,セ・溝ノ口,6/2,26.44,26.44,False,False,False,,,0.88,,False
76,短水路,11,女子,25mバタフライ,60～64歳,,,15.75,16,菊池佐千代,セ・流山,1/3,27.43,27.43,False,False,False,,,0.93,,False
76,短水路,11,女子,25mバタフライ,60～64歳,,,15.75,17,三木純子,セ・流山,7/8,27.77,27.77,False,False,False,,,0.85,,False
76,短水路,11,女子,25mバタフライ,60～64歳,,,15.75,18,勝又聡子,セ・福生,1/6,37.47,37.47,False,False,False,,,0.86,,False
76,短水路,11,女子,25mバタフライ,60～64歳,,,15.75,,柳沢智子,セ・成城,8/3,,,False,False,False,,,,,False
76,短水路,11,女子,25mバタフライ,55～59歳,,,15.81,1,若林朋子,セ・大宮宮原,17/1,15.45,15.45,True,False,False,,,0.65,,False
76,短水路,11,女子,25mバタフライ,55～59歳,,,15.81,2,仲田久美子,セ・成城,17/4,15.81,15.81,False,False,False,,,0.71,,False
76,短水路,11,女子,25mバタフライ,55～59歳,,,15.81,3,田中貴子,セ・清瀬,16/7,16.36,16.36,False,False,False,,,0.69,,False
76,短水路,11,女子,25mバタフライ,55～59歳,,,15.81,4,村田由里子,セ・茂原,17/6,17.51,17.51,False,False,False,,,0.84,,False
76,短水路,11,女子,25mバタフライ,55～59歳,,,15.81,5,生田目則子,セ・自由が丘,16/3,17.56,17.56,False,False,False,,,0.77,,False
76,短水路,11,女子,25mバタフライ,55～59歳,,,15.81,6,黒瀬早苗,セ・葛西,16/6,18.08,18.08,False,False,False,,,0.71,,False
76,短水路,11,女子,25mバタフライ,55～59歳,,,15.81,7,松川律子,セ・二俣川,12/3,18.69,18.69,False,False,False,,,0.81,,False
76,短水路,11,女子,25mバタフライ,55～59歳,,,15.81,8,古谷加寿子,セ・府中,12/7,19.97,19.97,False,False,False,,,0.71,,False
76,短水路,11,女子,25mバタフライ,55～59歳,,,15.81,9,山田明子,セ・新浦安,12/5,20.96,20.96,False,False,False,,,0.99,,False
76,短水路,11,女子,25mバタフライ,55～59歳,,,15.81,10,渡邊ひろみ,セ・松戸,12/4,21.01,21.01,False,False,False,,,0.96,,False
76,短水路,11,女子,25mバタフライ,55～59歳,,,15.81,11,佐藤直子,セ・我孫子,5/3,24.48,24.48,False,False,False,,,0.73,,False
76,短水路,11,女子,25mバタフライ,55～59歳,,,15.81,12,山本登美子,セ・桶川北本,6/8,24.58,24.58,False,False,False,,,0.91,,False
76,短水路,11,女子,25mバタフライ,50～54歳,,,14.55,1,杉本浩美,セ・南千住,17/5,15.64,15.64,False,False,False,,,0.71,,False
76,短水路,11,女子,25mバタフライ,50～54歳,,,14.55,2,小泉未歌,セ・宇都宮,17/2,15.95,15.95,False,False,False,,,0.77,,False
76,短水路,11,女子,25mバタフライ,50～54歳,,,14.55,3,柳有美子,セ・おおたか,18/8,16.67,16.67,False,False,False,,,0.79,,False
76,短水路,11,女子,25mバタフライ,50～54歳,,,14.55,4,津田千鶴,セ・能見台,8/2,20.04,20.04,False,False,False,,,1.12,,False
76,短水路,11,女子,25mバタフライ,50～54歳,,,14.55,5,山本奈穂美,セ・大宮宮原,11/8,20.53,20.53,False,False,False,,,0.8,,False
76,短水路,11,女子,25mバタフライ,50～54歳,,,14.55,6,鈴木知寿子,セ・大森,13/4,20.89,20.89,False,False,False,,,0.89,,False
76,短水路,11,女子,25mバタフライ,50～54歳,,,14.55,7,大塚弘子,セ・茂原,13/7,21.64,21.64,False,False,False,,,1.05,,False
76,短水路,11,女子,25mバタフライ,50～54歳,,,14.55,8,佐藤泰子,セ・溝ノ口,9/2,23.78,23.78,False,False,False,,,0.93,,False
76,短水路,11,女子,25mバタフライ,50～54歳,,,14.55,9,村岡貴子,セ・桶川北本,7/1,23.84,23.84,False,False,False,,,0.85,,False
76,短水路,11,女子,25mバタフライ,50～54歳,,,14.55,10,小川史枝,セ・越谷ＬＴ,8/7,24.35,24.35,False,False,False,,,0.85,,False
76,短水路,11,女子,25mバタフライ,50～54歳,,,14.55,11,久保洋子,セ・流山,4/1,25.65,25.65,False,False,False,,,0.9,,False
76,短水路,11,女子,25mバタフライ,45～49歳,,,14.81,1,大黒明日香,セ・清瀬,16/4,16.03,16.03,False,False,False,,,0.76,,False
76,短水路,11,女子,25mバタフライ,45～49歳,,,14.81,2,佐々木彩,セ・成城,17/7,16.40,16.4,False,False,False,,,0.74,,False
76,短水路,11,女子,25mバタフライ,45～49歳,,,14.81,3,細沼悦子,セ・越谷,15/8,17.43,17.43,False,False,False,,,0.87,,False
76,短水路,11,女子,25mバタフライ,45～49歳,,,14.81,4,高島典子,セ・大森,15/5,18.32,18.32,False,False,False,,,0.7,,False
76,短水路,11,女子,25mバタフライ,45～49歳,,,14.81,5,赤坂恵美子,セ・志木,8/8,21.41,21.41,False,False,False,,,0.86,,False
76,短水路,11,女子,25mバタフライ,45～49歳,,,14.81,6,福本麻美,セ・慶應日吉,13/2,22.65,22.65,False,False,False,,,0.98,,False
76,短水路,11,女子,25mバタフライ,45～49歳,,,14.81,7,市川百合子,セ・大宮宮原,4/8,22.97,22.97,False,False,False,,,,,False
76,短水路,11,女子,25mバタフライ,45～49歳,,,14.81,8,成重夏紀,セ・藤沢,5/6,23.17,23.17,False,False,False,,,1.14,,False
76,短水路,11,女子,25mバタフライ,45～49歳,,,14.81,9,星郁恵,セ・南千住,12/6,23.85,23.85,False,False,False,,,0.79,,False
76,短水路,11,女子,25mバタフライ,45～49歳,,,14.81,10,高橋里美,セ・横浜,8/1,24.96,24.96,False,False,False,,,1.0,,False
76,短水路,11,女子,25mバタフライ,45～49歳,,,14.81,11,大野祐子,CS南行徳,10/8,25.56,25.56,False,False,False,,,0.8,,False
76,短水路,11,女子,25mバタフライ,45～49歳,,,14.81,,清水佳苗,曽谷・セ,14/3,,,False,False,False,,,,,False
76,短水路,11,女子,25mバタフライ,40～44歳,,,14.20,1,宮本八重,セ・慶應日吉,18/2,14.52,14.52,False,False,False,,,0.6,,False
76,短水路,11,女子,25mバタフライ,40～44歳,,,14.20,2,真栄田こずえ,ザバス金沢八,16/1,16.71,16.71,False,False,False,,,0.77,,False
76,短水路,11,女子,25mバタフライ,40～44歳,,,14.20,3,冨永結衣子,セ・大森,15/4,17.61,17.61,False,False,False,,,0.76,,False
76,短水路,11,女子,25mバタフライ,40～44歳,,,14.20,4,溝井花代子,セ・葛西,10/2,18.78,18.78,False,False,False,,,0.8,,False
76,短水路,11,女子,25mバタフライ,40～44歳,,,14.20,5,町田麻里,セ・南千住,14/4,19.30,19.3,False,False,False,,,0.8,,False
76,短水路,11,女子,25mバタフライ,40～44歳,,,14.20,6,加藤涼子,セ・桶川北本,9/6,21.16,21.16,False,False,False,,,0.83,,False
76,短水路,11,女子,25mバタフライ,40～44歳,,,14.20,7,吉田瑠夏,曽谷・セ,12/2,21.48,21.48,False,False,False,,,0.93,,False
76,短水路,11,女子,25mバタフライ,35～39歳,,,13.35,1,新井亜衣,セ・市川,16/8,15.11,15.11,False,False,False,,,0.8,,False
76,短水路,11,女子,25mバタフライ,35～39歳,,,13.35,2,長瀬涼佳,セ・二俣川,18/6,15.55,15.55,False,False,False,,,0.64,,False
76,短水路,11,女子,25mバタフライ,35～39歳,,,13.35,3,井上悠,セ・トレッサ,14/2,18.96,18.96,False,False,False,,,1.13,,False
76,短水路,11,女子,25mバタフライ,35～39歳,,,13.35,4,中辻澄美,セ・天王洲,14/6,19.12,19.12,False,False,False,,,0.87,,False
76,短水路,11,女子,25mバタフライ,35～39歳,,,13.35,5,久保美由紀,セ・長津田,11/3,20.79,20.79,False,False,False,,,0.84,,False
76,短水路,11,女子,25mバタフライ,35～39歳,,,13.35,6,李鎬善,セ・目黒,9/8,21.53,21.53,False,False,False,,,0.81,,False
76,短水路,11,女子,25mバタフライ,30～34歳,,,13.90,1,服部美菜,セ・自由が丘,18/5,14.53,14.53,False,False,False,,,0.66,,False
76,短水路,11,女子,25mバタフライ,30～34歳,,,13.90,2,井上唯,セ・慶應日吉,16/5,16.77,16.77,False,False,False,,,0.78,,False
76,短水路,11,女子,25mバタフライ,25～29歳,,,13.51,1,真如美優,セ・南千住,18/4,13.87,13.87,False,False,False,,,0.65,,False
76,短水路,11,女子,25mバタフライ,25～29歳,,,13.51,2,遠藤桃,セ・越谷,18/1,15.29,15.29,False,False,False,,,0.81,,False
76,短水路,11,女子,25mバタフライ,25～29歳,,,13.51,3,二宮若葉,セ・南青山,14/7,16.46,16.46,False,False,False,,,0.72,,False
76,短水路,11,女子,25mバタフライ,18～24歳,,,13.27,1,表侑寿,セ・二俣川,18/3,13.98,13.98,False,False,False,,,0.66,,False
76,短水路,11,女子,25mバタフライ,18～24歳,,,13.27,2,広瀬幸音,セ・成城,18/7,15.13,15.13,False,False,False,,,0.77,,False
76,短水路,11,女子,25mバタフライ,18～24歳,,,13.27,3,松本彩花,セ・二俣川,17/8,17.18,17.18,False,False,False,,,0.78,,False
76,短水路,12,男子,25mバタフライ,90～94歳,,,,1,椎野正敏,セ・越谷,1/6,29.31,29.31,False,False,False,,,1.31,,False
76,短水路,12,男子,25mバタフライ,90～94歳,,,,2,鈴木明,ザバス鶴見,1/5,30.26,30.26,False,False,False,,,0.99,,False
76,短水路,12,男子,25mバタフライ,80～84歳,,,19.18,1,石川守也,セ・市川,5/8,19.89,19.89,False,False,False,,,0.94,,False
76,短水路,12,男子,25mバタフライ,80～84歳,,,19.18,2,眞壁功,セ・藤沢,4/8,21.19,21.19,False,False,False,,,0.91,,False
76,短水路,12,男子,25mバタフライ,80～84歳,,,19.18,3,高野崇,セ・戸塚,1/3,26.97,26.97,False,False,False,,,1.0,,False
76,短水路,12,男子,25mバタフライ,75～79歳,,,16.92,1,吉田亮,セ・成城,4/4,17.87,17.87,False,False,False,,,0.81,,False
76,短水路,12,男子,25mバタフライ,75～79歳,,,16.92,2,嶋﨑昭夫,セ・西東京,3/4,18.09,18.09,False,False,False,,,0.93,,False
76,短水路,12,男子,25mバタフライ,75～79歳,,,16.92,3,白井清嗣,セ・大宮宮原,5/6,19.09,19.09,False,False,False,,,1.01,,False
76,短水路,12,男子,25mバタフライ,75～79歳,,,16.92,4,林尊利,クリーンスパ,2/4,22.02,22.02,False,False,False,,,0.93,,False
76,短水路,12,男子,25mバタフライ,75～79歳,,,16.92,5,内田幸稔,セ・松戸,2/3,22.24,22.24,False,False,False,,,0.96,,False
76,短水路,12,男子,25mバタフライ,75～79歳,,,16.92,6,阿達謙一,セ・大森,2/2,25.09,25.09,False,False,False,,,0.91,,False
76,短水路,12,男子,25mバタフライ,70～74歳,,,15.65,1,安藤次郎,セ・館山,8/5,15.91,15.91,False,False,False,,,0.81,,False
76,短水路,12,男子,25mバタフライ,70～74歳,,,15.65,2,亀田一麿,セ・東戸塚,6/4,16.57,16.57,False,False,False,,,0.81,,False
76,短水路,12,男子,25mバタフライ,70～74歳,,,15.65,3,香川左近,セ・二俣川,4/6,18.05,18.05,False,False,False,,,0.82,,False
76,短水路,12,男子,25mバタフライ,70～74歳,,,15.65,4,大倉健志,セ・流山,3/5,18.21,18.21,False,False,False,,,1.05,,False
76,短水路,12,男子,25mバタフライ,70～74歳,,,15.65,5,大久保美伸,セ・松戸,2/5,21.25,21.25,False,False,False,,,0.88,,False
76,短水路,12,男子,25mバタフライ,70～74歳,,,15.65,6,岸田孝,セ・南青山,1/2,21.71,21.71,False,False,False,,,1.3,,False
76,短水路,12,男子,25mバタフライ,70～74歳,,,15.65,7,山田幸男,セ・南千住,1/4,21.90,21.9,False,False,False,,,1.07,,False
76,短水路,12,男子,25mバタフライ,65～69歳,,,15.10,1,瀧川一興,セ・大森,7/2,16.13,16.13,False,False,False,,,1.0,,False
76,短水路,12,男子,25mバタフライ,65～69歳,,,15.10,2,茂木和哉,セ・市ヶ尾,5/4,17.35,17.35,False,False,False,,,0.8,,False
76,短水路,12,男子,25mバタフライ,65～69歳,,,15.10,3,岡田博之,セ・流山,4/5,17.79,17.79,False,False,False,,,0.88,,False
76,短水路,12,男子,25mバタフライ,65～69歳,,,15.10,4,竹内新,セ・府中,5/2,18.34,18.34,False,False,False,,,0.99,,False
76,短水路,12,男子,25mバタフライ,65～69歳,,,15.10,5,山梨英克,セ・我孫子,5/7,18.67,18.67,False,False,False,,,0.77,,False
76,短水路,12,男子,25mバタフライ,65～69歳,,,15.10,6,渡辺正俊,セ・流山,3/6,19.32,19.32,False,False,False,,,0.85,,False
76,短水路,12,男子,25mバタフライ,65～69歳,,,15.10,7,五十嵐洋,セ・おおたか,3/7,19.59,19.59,False,False,False,,,0.67,,False
76,短水路,12,男子,25mバタフライ,65～69歳,,,15.10,8,金丸正弘,セ・府中,1/7,22.30,22.3,False,False,False,,,1.19,,False
76,短水路,12,男子,25mバタフライ,60～64歳,,,13.34,1,安田洋一郎,セ・八千代台,10/3,14.81,14.81,False,False,False,,,0.84,,False
76,短水路,12,男子,25mバタフライ,60～64歳,,,13.34,2,海辺信吉,セ・おおたか,8/4,15.01,15.01,False,False,False,,,0.79,,False
76,短水路,12,男子,25mバタフライ,60～64歳,,,13.34,3,稲毛仁,セ・松戸,7/4,15.58,15.58,False,False,False,,,0.71,,False
76,短水路,12,男子,25mバタフライ,60～64歳,,,13.34,4,二宮淳,セ・トレッサ,5/5,16.46,16.46,False,False,False,,,0.71,,False
76,短水路,12,男子,25mバタフライ,60～64歳,,,13.34,5,丸山恵太,セ・成城,6/7,16.54,16.54,False,False,False,,,0.66,,False
76,短水路,12,男子,25mバタフライ,60～64歳,,,13.34,6,山元修一,セ・葛西,6/2,20.49,20.49,False,False,False,,,0.85,,False
76,短水路,12,男子,25mバタフライ,60～64歳,,,13.34,7,山本勝,セ・慶應日吉,3/1,21.50,21.5,False,False,False,,,0.85,,False
76,短水路,12,男子,25mバタフライ,55～59歳,,,13.11,1,永家一徳,セ・市川,9/1,14.65,14.65,False,False,False,,,0.69,,False
76,短水路,12,男子,25mバタフライ,55～59歳,,,13.11,2,新井良育,セ・市ヶ尾,9/7,15.01,15.01,False,False,False,,,0.82,,False
76,短水路,12,男子,25mバタフライ,55～59歳,,,13.11,3,田中基幹,セ・流山,6/5,15.61,15.61,False,False,False,,,0.81,,False
76,短水路,12,男子,25mバタフライ,55～59歳,,,13.11,4,村田善彦,セ・清瀬,5/3,19.15,19.15,False,False,False,,,1.04,,False
76,短水路,12,男子,25mバタフライ,55～59歳,,,13.11,5,日暮正明,セ・天王洲,5/1,19.18,19.18,False,False,False,,,0.86,,False
76,短水路,12,男子,25mバタフライ,55～59歳,,,13.11,6,大木義之,セ・清瀬,2/7,20.56,20.56,False,False,False,,,0.74,,False
76,短水路,12,男子,25mバタフライ,50～54歳,,,12.80,1,藤本豊和,セ・長津田,10/4,13.35,13.35,False,False,False,,,0.65,,False
76,短水路,12,男子,25mバタフライ,50～54歳,,,12.80,1,大村俊文,セ・二俣川,11/4,13.35,13.35,False,False,False,,,0.76,,False
76,短水路,12,男子,25mバタフライ,50～54歳,,,12.80,3,弭間政隆,セ・葛西,6/3,15.06,15.06,False,False,False,,,0.88,,False
76,短水路,12,男子,25mバタフライ,50～54歳,,,12.80,4,西村太郎,セ・千葉みなと,9/6,15.10,15.1,False,False,False,,,0.62,,False
76,短水路,12,男子,25mバタフライ,50～54歳,,,12.80,5,原田真,セ・葛西,10/8,15.14,15.14,False,False,False,,,0.7,,False
76,短水路,12,男子,25mバタフライ,50～54歳,,,12.80,6,新井田将司,セ・トレッサ,10/7,15.22,15.22,False,False,False,,,0.67,,False
76,短水路,12,男子,25mバタフライ,50～54歳,,,12.80,7,北村洋一,セ・大森,8/6,15.58,15.58,False,False,False,,,0.64,,False
76,短水路,12,男子,25mバタフライ,50～54歳,,,12.80,8,大川明徳,セ・阿佐谷,9/4,16.11,16.11,False,False,False,,,0.95,,False
76,短水路,12,男子,25mバタフライ,50～54歳,,,12.80,9,鈴木章浩,セ・大森,9/3,16.24,16.24,False,False,False,,,0.71,,False
76,短水路,12,男子,25mバタフライ,50～54歳,,,12.80,10,金子謙一,セ・長津田,6/8,16.84,16.84,False,False,False,,,0.75,,False
76,短水路,12,男子,25mバタフライ,50～54歳,,,12.80,11,宮本昌雄,セ・二俣川,6/1,17.93,17.93,False,False,False,,,0.82,,False
76,短水路,12,男子,25mバタフライ,50～54歳,,,12.80,12,横溝和功,セ・下北沢,3/2,22.26,22.26,False,False,False,,,0.89,,False
76,短水路,12,男子,25mバタフライ,45～49歳,,,12.31,1,桶本新一郎,セ・南千住,12/6,12.81,12.81,False,False,False,,,0.7,,False
76,短水路,12,男子,25mバタフライ,45～49歳,,,12.31,2,永瀬知之,セ・二俣川,11/5,13.25,13.25,False,False,False,,,0.69,,False
76,短水路,12,男子,25mバタフライ,45～49歳,,,12.31,3,倉持公一,セ・天王洲,11/3,13.48,13.48,False,False,False,,,0.73,,False
76,短水路,12,男子,25mバタフライ,45～49歳,,,12.31,4,宮崎健,セ・福生,10/5,13.73,13.73,False,False,False,,,0.68,,False
76,短水路,12,男子,25mバタフライ,45～49歳,,,12.31,5,前田潤,セ・松戸,9/2,14.30,14.3,False,False,False,,,0.66,,False
76,短水路,12,男子,25mバタフライ,45～49歳,,,12.31,6,桐本兼輔,セ・福生,9/5,14.38,14.38,False,False,False,,,0.77,,False
76,短水路,12,男子,25mバタフライ,45～49歳,,,12.31,7,磯貝知弘,セ・柏,10/6,14.63,14.63,False,False,False,,,0.75,,False
76,短水路,12,男子,25mバタフライ,45～49歳,,,12.31,8,花輪博之,セ・越谷,8/2,14.83,14.83,False,False,False,,,0.88,,False
76,短水路,12,男子,25mバタフライ,45～49歳,,,12.31,9,鈴木直哉,セ・八王子,3/8,15.38,15.38,False,False,False,,,1.09,,False
76,短水路,12,男子,25mバタフライ,45～49歳,,,12.31,10,大沢祐輔,セ・福生,7/3,15.65,15.65,False,False,False,,,0.69,,False
76,短水路,12,男子,25mバタフライ,45～49歳,,,12.31,11,古屋俊一,セ・ときわ台,7/5,16.74,16.74,False,False,False,,,0.86,,False
76,短水路,12,男子,25mバタフライ,45～49歳,,,12.31,12,安藤圭一,セ・自由が丘,4/3,18.31,18.31,False,False,False,,,1.18,,False
76,短水路,12,男子,25mバタフライ,40～44歳,,,11.76,1,木村知行,セ・二俣川,11/2,13.88,13.88,False,False,False,,,0.73,,False
76,短水路,12,男子,25mバタフライ,40～44歳,,,11.76,2,阪田高士,セ・茂原,11/6,13.89,13.89,False,False,False,,,0.83,,False
76,短水路,12,男子,25mバタフライ,40～44歳,,,11.76,3,小田島丈典,セ・福生,7/6,16.08,16.08,False,False,False,,,0.8,,False
76,短水路,12,男子,25mバタフライ,40～44歳,,,11.76,4,宇佐美学,セ・大森,7/7,16.78,16.78,False,False,False,,,0.87,,False
76,短水路,12,男子,25mバタフライ,35～39歳,,,12.03,1,岩本和也,セ・志木,12/2,13.03,13.03,False,False,False,,,0.69,,False
76,短水路,12,男子,25mバタフライ,35～39歳,,,12.03,2,河野大和,ザバス川崎,11/7,13.20,13.2,False,False,False,,,0.7,,False
76,短水路,12,男子,25mバタフライ,35～39歳,,,12.03,3,根本隆利,セ・慶應日吉,8/7,14.01,14.01,False,False,False,,,0.67,,False
76,短水路,12,男子,25mバタフライ,35～39歳,,,12.03,4,佐々木悠介,セ・福生,4/1,18.90,18.9,False,False,False,,,1.0,,False
76,短水路,12,男子,25mバタフライ,30～34歳,,,11.98,1,渡部慎也,セ・大森,11/1,13.75,13.75,False,False,False,,,0.68,,False
76,短水路,12,男子,25mバタフライ,30～34歳,,,11.98,2,海老原健太,セ・大森,8/1,14.51,14.51,False,False,False,,,0.71,,False
76,短水路,12,男子,25mバタフライ,30～34歳,,,11.98,3,大野淳哉,セ・上池袋,9/8,16.28,16.28,False,False,False,,,0.84,,False
76,短水路,12,男子,25mバタフライ,25～29歳,,,11.03,1,川島由伸,セ・大宮宮原,12/4,10.54,10.54,True,False,False,,,0.66,,False
76,短水路,12,男子,25mバタフライ,25～29歳,,,11.03,2,川西智大,セ・南千住,12/7,12.76,12.76,False,False,False,,,0.65,,False
76,短水路,12,男子,25mバタフライ,25～29歳,,,11.03,3,和田佳明,セ・二俣川,7/8,15.44,15.44,False,False,False,,,0.78,,False
76,短水路,12,男子,25mバタフライ,18～24歳,,,10.59,1,設樂航希,セ・流山,12/5,11.44,11.44,False,False,False,,,0.66,,False
76,短水路,12,男子,25mバタフライ,18～24歳,,,10.59,2,田中壮一郎,セ・二俣川,12/1,12.57,12.57,False,False,False,,,0.76,,False
76,短水路,12,男子,25mバタフライ,18～24歳,,,10.59,3,山田丈翔,セ・二俣川,10/2,12.84,12.84,False,False,False,,,0.64,,False
76,短水路,12,男子,25mバタフライ,18～24歳,,,10.59,4,村田雅治,セ・長津田,11/8,13.13,13.13,False,False,False,,,0.61,,False
76,短水路,12,男子,25mバタフライ,18～24歳,,,10.59,5,嶋田翔太,セ・葛西,12/3,13.17,13.17,False,False,False,,,0.66,,False
76,短水路,12,男子,25mバタフライ,18～24歳,,,10.59,6,青木海斗,セ・用賀,12/8,13.22,13.22,False,False,False,,,0.79,,False
76,短水路,12,男子,25mバタフライ,18～24歳,,,10.59,7,河野莉侑,セ・葛西,8/8,15.70,15.7,False,False,False,,,0.72,,False
76,短水路,13,女子,200m自由形,85～89歳,3:12.66,3:13.00,,1,森川タエ子,セ・我孫子,1/7,4:44.03,284.03,False,False,False,,,1.47,"31.08,1:05.41,1:40.85,2:15.10,2:50.84,3:25.68,3:59.36",False
76,短水路,13,女子,200m自由形,85～89歳,3:12.66,3:13.00,,2,熊谷一枝,セ・天王洲,1/2,4:59.42,299.42,False,False,False,,,1.05,"28.44,1:00.30,1:35.48,2:14.37,2:53.80,3:35.51,4:17.43",False
76,短水路,13,女子,200m自由形,75～79歳,2:51.46,2:51.65,3:28.29,1,竹原君枝,セ・慶應日吉,3/7,3:41.07,221.07,False,False,False,,,0.94,"25.25,52.10,1:20.78,1:48.61,2:17.01,2:45.67,3:13.73",False
76,短水路,13,女子,200m自由形,75～79歳,2:51.46,2:51.65,3:28.29,2,藤井一恵,セ・大森,3/6,3:49.12,229.12,False,False,False,,,0.83,"24.00,50.08,1:18.49,1:47.22,2:18.23,2:48.52,3:19.99",False
76,短水路,13,女子,200m自由形,75～79歳,2:51.46,2:51.65,3:28.29,3,馬場悦子,セ・清瀬,2/8,4:04.07,244.07,False,False,False,,,0.96,"25.23,53.74,1:24.28,1:55.56,2:27.73,3:00.94,3:34.54",False
76,短水路,13,女子,200m自由形,75～79歳,2:51.46,2:51.65,3:28.29,4,安部澄子,セ・我孫子,1/1,4:39.38,279.38,False,False,False,,,1.27,"28.45,1:00.48,1:34.46,2:10.83,2:48.86,3:26.78,4:03.48",False
76,短水路,13,女子,200m自由形,70～74歳,2:27.89,2:44.70,3:01.88,1,中平信子,セ・成城,5/3,3:10.76,190.76,False,False,False,,,0.89,"20.78,42.79,1:06.41,1:30.22,1:55.06,2:19.76,2:46.04",False
76,短水路,13,女子,200m自由形,70～74歳,2:27.89,2:44.70,3:01.88,2,原田岳美,セ・藤沢,6/4,3:12.37,192.37,False,False,False,,,0.78,"19.92,41.52,1:04.28,1:27.99,1:53.23,2:18.99,2:45.88",False
76,短水路,13,女子,200m自由形,70～74歳,2:27.89,2:44.70,3:01.88,3,青砥美智子,セ・葛西,4/6,3:26.80,206.8,False,False,False,,,1.05,"23.15,47.49,1:12.96,1:38.64,2:05.16,2:31.85,2:59.20",False
76,短水路,13,女子,200m自由形,70～74歳,2:27.89,2:44.70,3:01.88,4,藤田典子,セ・川越,4/8,3:40.51,220.51,False,False,False,,,1.09,"21.79,47.32,1:15.04,1:43.85,2:13.45,2:43.23,3:12.33",False
76,短水路,13,女子,200m自由形,70～74歳,2:27.89,2:44.70,3:01.88,5,水谷裕子,セ・西新井,2/4,3:42.41,222.41,False,False,False,,,0.87,"21.82,47.25,1:14.28,1:43.74,2:12.66,2:42.45,3:12.52",False
76,短水路,13,女子,200m自由形,65～69歳,2:23.26,2:40.06,2:49.62,1,山﨑京子,セ・横浜,6/7,3:12.58,192.58,False,False,False,,,0.91,"19.75,43.11,1:07.30,1:32.09,1:57.50,2:22.60,2:48.98",False
76,短水路,13,女子,200m自由形,65～69歳,2:23.26,2:40.06,2:49.62,2,森谷登志江,セ・慶應日吉,5/6,3:14.07,194.07,False,False,False,,,0.94,"20.89,43.21,1:06.23,1:30.14,1:54.92,2:21.32,2:48.44",False
76,短水路,13,女子,200m自由形,65～69歳,2:23.26,2:40.06,2:49.62,3,石河久美子,セ・溝ノ口,4/3,3:24.94,204.94,False,False,False,,,0.75,"22.56,47.25,1:12.44,1:38.30,2:04.54,2:31.44,2:58.65",False
76,短水路,13,女子,200m自由形,65～69歳,2:23.26,2:40.06,2:49.62,4,久松葉子,セ・成城,3/1,3:32.38,212.38,False,False,False,,,1.16,"23.49,48.56,1:15.09,1:42.16,2:10.32,2:38.03,3:05.82",False
76,短水路,13,女子,200m自由形,65～69歳,2:23.26,2:40.06,2:49.62,5,古宇田淳子,セ・南千住,3/2,3:35.71,215.71,False,False,False,,,0.81,"22.76,48.64,1:15.65,1:43.14,2:11.64,2:40.22,3:08.79",False
76,短水路,13,女子,200m自由形,65～69歳,2:23.26,2:40.06,2:49.62,6,五月女美幸,セ・宇都宮,4/1,3:42.38,222.38,False,False,False,,,0.99,"21.16,45.10,1:11.43,1:39.91,2:10.18,2:41.21,3:12.19",False
76,短水路,13,女子,200m自由形,65～69歳,2:23.26,2:40.06,2:49.62,7,近藤みゆき,セ・阿佐谷,1/4,3:50.96,230.96,False,False,False,,,0.71,"23.65,51.09,1:19.28,1:50.33,2:19.93,2:50.84,3:21.73",False
76,短水路,13,女子,200m自由形,65～69歳,2:23.26,2:40.06,2:49.62,8,大西和子,セ・天王洲,1/6,4:39.71,279.71,False,False,False,,,1.02,"28.17,1:01.18,1:35.88,2:11.87,2:48.03,3:25.54,4:03.20",False
76,短水路,13,女子,200m自由形,60～64歳,2:15.93,2:29.96,2:31.13,1,石井裕美,セ・ときわ台,7/5,2:56.15,176.15,False,False,False,,,0.79,"18.86,39.51,1:01.32,1:23.99,1:46.92,2:10.78,2:34.39",False
76,短水路,13,女子,200m自由形,60～64歳,2:15.93,2:29.96,2:31.13,2,野島久枝,セ・二俣川,6/2,3:03.52,183.52,False,False,False,,,0.66,"19.24,41.00,1:03.26,1:26.71,1:51.12,2:15.82,2:40.18",False
76,短水路,13,女子,200m自由形,60～64歳,2:15.93,2:29.96,2:31.13,3,高松早智子,セ・南宇都宮,4/4,3:16.24,196.24,False,False,False,,,0.79,"20.26,43.57,1:08.65,1:34.27,2:00.18,2:26.26,2:52.67",False
76,短水路,13,女子,200m自由形,60～64歳,2:15.93,2:29.96,2:31.13,4,高橋久美,セ・市川,5/4,3:19.21,199.21,False,False,False,,,0.74,"20.11,42.21,1:05.43,1:29.62,1:53.94,2:20.51,2:49.37",False
76,短水路,13,女子,200m自由形,60～64歳,2:15.93,2:29.96,2:31.13,5,草森理子,セ・成城,5/8,3:25.55,205.55,False,False,False,,,0.67,"20.80,44.23,1:08.70,1:34.37,2:00.88,2:28.53,2:57.14",False
76,短水路,13,女子,200m自由形,60～64歳,2:15.93,2:29.96,2:31.13,6,宮内麻里,曽谷・セ,4/5,3:27.13,207.13,False,False,False,,,1.06,"22.26,46.39,1:11.52,1:38.29,2:05.26,2:33.11,3:01.57",False
76,短水路,13,女子,200m自由形,60～64歳,2:15.93,2:29.96,2:31.13,7,倉林明子,セ・おおたか,4/7,3:34.82,214.82,False,False,False,,,0.9,"22.27,48.21,1:15.74,1:43.54,2:12.20,2:39.85,3:07.87",False
76,短水路,13,女子,200m自由形,60～64歳,2:15.93,2:29.96,2:31.13,8,清水孝子,セ・福生,3/5,3:39.64,219.64,False,False,False,,,0.94,"22.45,47.70,1:14.33,1:42.50,2:10.64,2:40.52,3:09.80",False
76,短水路,13,女子,200m自由形,60～64歳,2:15.93,2:29.96,2:31.13,9,増子保子,セ・蘇我,1/5,3:57.08,237.07999999999998,False,False,False,,,0.94,"25.17,52.94,1:20.73,1:50.79,2:21.44,2:52.92,3:25.26",False
76,短水路,13,女子,200m自由形,60～64歳,2:15.93,2:29.96,2:31.13,10,中村清美,セ・蘇我,1/3,4:10.76,250.76,False,False,False,,,0.87,"26.14,57.63,1:28.87,2:01.46,2:34.14,3:06.38,3:39.25",False
76,短水路,13,女子,200m自由形,55～59歳,2:13.58,2:22.47,2:27.59,1,篠原理恵,セ・南宇都宮,8/4,2:37.67,157.67000000000002,False,False,False,,,0.65,"16.93,35.65,55.21,1:15.11,1:35.40,1:56.12,2:17.23",False
76,短水路,13,女子,200m自由形,55～59歳,2:13.58,2:22.47,2:27.59,2,年岡仁美,セ・千葉みなと,8/7,2:41.35,161.35,False,False,False,,,0.81,"17.87,37.92,58.78,1:19.61,1:40.38,2:01.40,2:21.63",False
76,短水路,13,女子,200m自由形,55～59歳,2:13.58,2:22.47,2:27.59,3,前畑章子,セ・慶應日吉,6/1,2:56.49,176.49,False,False,False,,,0.7,"17.94,38.33,59.20,1:21.44,1:44.31,2:07.85,2:32.29",False
76,短水路,13,女子,200m自由形,55～59歳,2:13.58,2:22.47,2:27.59,4,中野裕子,セ・二俣川,2/7,3:30.00,210.0,False,False,False,,,0.99,"23.39,49.65,1:16.60,1:44.01,2:11.93,2:38.87,3:05.49",False
76,短水路,13,女子,200m自由形,55～59歳,2:13.58,2:22.47,2:27.59,5,佐々木夕子,セ・市ヶ尾,2/1,3:49.53,229.53,False,False,False,,,0.96,"24.88,53.19,1:22.25,1:51.16,2:20.40,2:50.22,3:19.96",False
76,短水路,13,女子,200m自由形,55～59歳,2:13.58,2:22.47,2:27.59,,棚橋悦子,セ・自由が丘,4/2,,,False,False,False,,,,,False
76,短水路,13,女子,200m自由形,50～54歳,2:10.72,2:16.85,2:25.23,1,広瀬百合香,セ・戸塚,9/8,2:31.05,151.05,False,False,False,,,0.7,"16.46,34.97,53.99,1:13.76,1:33.27,1:52.95,2:12.89",False
76,短水路,13,女子,200m自由形,50～54歳,2:10.72,2:16.85,2:25.23,2,大川晴美,セ・成城,8/3,2:38.20,158.2,False,False,False,,,0.76,"17.75,36.77,56.16,1:15.93,1:36.54,1:57.06,2:17.78",False
76,短水路,13,女子,200m自由形,50～54歳,2:10.72,2:16.85,2:25.23,3,佐々木美佐,セ・平塚,8/1,2:40.19,160.19,False,False,False,,,0.88,"16.74,35.46,55.26,1:15.88,1:37.07,1:58.58,2:20.26",False
76,短水路,13,女子,200m自由形,50～54歳,2:10.72,2:16.85,2:25.23,4,浅尾有香,セ・大森,8/6,2:40.48,160.48,False,False,False,,,0.68,"16.66,35.43,55.31,1:15.92,1:37.27,1:58.85,2:20.47",False
76,短水路,13,女子,200m自由形,50～54歳,2:10.72,2:16.85,2:25.23,5,溝呂木友子,セ・阿佐谷,8/2,2:45.02,165.02,False,False,False,,,0.75,"17.79,37.31,57.48,1:17.84,1:38.93,2:00.81,2:23.08",False
76,短水路,13,女子,200m自由形,50～54歳,2:10.72,2:16.85,2:25.23,6,植田雅美,セ・宇都宮,7/4,3:00.88,180.88,False,False,False,,,0.8,"18.18,38.12,59.42,1:21.95,1:44.84,2:08.64,2:32.86",False
76,短水路,13,女子,200m自由形,50～54歳,2:10.72,2:16.85,2:25.23,7,比留川美緒,セ・平塚,7/8,3:01.45,181.45,False,False,False,,,0.72,"18.88,40.05,1:01.93,1:24.74,1:48.40,2:12.77,2:37.40",False
76,短水路,13,女子,200m自由形,50～54歳,2:10.72,2:16.85,2:25.23,8,白須靖子,セ・市ヶ尾,6/5,3:03.12,183.12,False,False,False,,,0.82,"19.75,42.19,1:04.97,1:28.19,1:52.41,2:16.69,2:41.02",False
76,短水路,13,女子,200m自由形,50～54歳,2:10.72,2:16.85,2:25.23,9,成島志雅子,セ・F宇都宮,6/8,3:09.08,189.08,False,False,False,,,0.81,"19.01,40.57,1:03.94,1:28.02,1:52.95,2:18.35,2:43.71",False
76,短水路,13,女子,200m自由形,50～54歳,2:10.72,2:16.85,2:25.23,10,小林和江,セ・福生,5/5,3:23.93,203.93,False,False,False,,,0.83,"21.27,45.33,1:10.99,1:37.48,2:04.42,2:31.79,2:59.08",False
76,短水路,13,女子,200m自由形,50～54歳,2:10.72,2:16.85,2:25.23,11,八幡悦子,セ・福生,3/4,3:25.27,205.27,False,False,False,,,0.78,"20.59,44.92,1:10.81,1:37.40,2:04.48,2:31.49,2:58.56",False
76,短水路,13,女子,200m自由形,50～54歳,2:10.72,2:16.85,2:25.23,12,森信子,セ・大森,3/3,3:28.05,208.05,False,False,False,,,1.12,"22.31,48.14,1:14.21,1:40.64,2:07.93,2:35.14,3:02.17",False
76,短水路,13,女子,200m自由形,50～54歳,2:10.72,2:16.85,2:25.23,13,北瀬あづさ,セ・市ヶ尾,2/3,3:29.55,209.55,False,False,False,,,0.87,"23.36,49.90,1:16.59,1:43.91,2:10.98,2:38.23,3:04.29",False
76,短水路,13,女子,200m自由形,45～49歳,2:05.94,2:14.77,2:27.17,1,日下幸子,ザバス川崎,9/1,2:38.89,158.89,False,False,False,,,1.01,"16.71,35.45,55.03,1:15.11,1:35.88,1:56.96,2:18.25",False
76,短水路,13,女子,200m自由形,45～49歳,2:05.94,2:14.77,2:27.17,2,草野茜,セ・二俣川,8/8,2:48.51,168.51,False,False,False,,,0.73,"18.58,38.99,1:00.23,1:21.31,1:43.33,2:05.07,2:27.28",False
76,短水路,13,女子,200m自由形,45～49歳,2:05.94,2:14.77,2:27.17,3,米倉公美,セ・目黒,6/3,2:52.40,172.4,False,False,False,,,0.85,"18.50,39.28,1:01.03,1:22.90,1:45.49,2:08.13,2:30.76",False
76,短水路,13,女子,200m自由形,45～49歳,2:05.94,2:14.77,2:27.17,4,高橋麻子,セ・市ヶ尾,7/3,2:53.72,173.72,False,False,False,,,0.75,"18.02,38.37,59.80,1:21.98,1:44.90,2:08.11,2:31.39",False
76,短水路,13,女子,200m自由形,45～49歳,2:05.94,2:14.77,2:27.17,5,高橋真美,セ・志木,7/2,2:56.56,176.56,False,False,False,,,0.78,"18.81,39.33,1:01.35,1:24.24,1:47.21,2:10.64,2:34.35",False
76,短水路,13,女子,200m自由形,45～49歳,2:05.94,2:14.77,2:27.17,6,吉池奈々,セ・二俣川,7/7,3:01.87,181.87,False,False,False,,,0.71,"18.22,39.12,1:01.42,1:24.70,1:48.88,2:13.21,2:37.96",False
76,短水路,13,女子,200m自由形,45～49歳,2:05.94,2:14.77,2:27.17,7,細沼悦子,セ・越谷,3/8,3:10.22,190.22,False,False,False,,,0.96,"19.86,42.19,1:06.67,1:31.40,1:56.24,2:20.82,2:45.09",False
76,短水路,13,女子,200m自由形,45～49歳,2:05.94,2:14.77,2:27.17,8,前田由希映,セ・二俣川,5/7,3:11.67,191.67,False,False,False,,,0.86,"20.28,42.81,1:05.90,1:30.61,1:55.79,2:21.01,2:47.04",False
76,短水路,13,女子,200m自由形,40～44歳,2:05.26,2:11.70,2:22.27,1,吉村華余,セ・長津田,9/5,2:24.38,144.38,False,False,False,,,0.72,"15.32,32.71,50.86,1:09.20,1:28.00,1:46.96,2:05.99",False
76,短水路,13,女子,200m自由形,40～44歳,2:05.26,2:11.70,2:22.27,2,西山春苗,セ・二俣川,7/6,2:54.98,174.98,False,False,False,,,0.96,"17.61,37.60,59.33,1:22.26,1:45.21,2:09.12,2:33.20",False
76,短水路,13,女子,200m自由形,40～44歳,2:05.26,2:11.70,2:22.27,3,宮林佑妃,セ・長津田,5/2,2:59.90,179.9,False,False,False,,,0.9,"18.63,39.67,1:02.14,1:24.92,1:48.48,2:12.34,2:36.59",False
76,短水路,13,女子,200m自由形,40～44歳,2:05.26,2:11.70,2:22.27,4,錦織佳奈子,ザバス川崎,6/6,3:03.77,183.77,False,False,False,,,0.92,"19.26,40.31,1:02.18,1:25.94,1:50.60,2:16.11,2:41.38",False
76,短水路,13,女子,200m自由形,40～44歳,2:05.26,2:11.70,2:22.27,5,久保かおり,セ・長津田,7/1,3:06.63,186.63,False,False,False,,,0.9,"18.65,39.85,1:02.73,1:26.64,1:51.80,2:16.93,2:42.88",False
76,短水路,13,女子,200m自由形,30～34歳,2:00.73,2:02.60,2:18.68,1,稲恒優里奈,セ・おおたか,9/4,2:19.66,139.66,False,False,False,,,0.67,"15.60,32.93,50.41,1:08.41,1:26.47,1:44.34,2:02.26",False
76,短水路,13,女子,200m自由形,30～34歳,2:00.73,2:02.60,2:18.68,2,長谷川恵,セ・阿佐谷,9/7,2:31.27,151.27,False,False,False,,,0.8,"16.74,35.56,54.53,1:13.83,1:33.38,1:52.78,2:12.52",False
76,短水路,13,女子,200m自由形,25～29歳,1:57.99,1:59.61,2:08.31,1,川俣星,セ・新都心,9/2,2:27.81,147.81,False,False,False,,,0.72,"15.38,33.09,51.32,1:10.16,1:29.03,1:48.50,2:08.38",False
76,短水路,13,女子,200m自由形,25～29歳,1:57.99,1:59.61,2:08.31,2,嶋田菜々子,セ・おおたか,8/5,2:28.72,148.72,False,False,False,,,0.67,"15.75,33.39,51.70,1:10.29,1:29.64,1:49.57,2:09.84",False
76,短水路,13,女子,200m自由形,18～24歳,,,2:13.87,1,西澤瑛倫,セ・越谷,9/6,2:23.59,143.59,False,False,False,,,0.66,"15.62,33.08,51.47,1:09.91,1:28.48,1:47.15,2:05.90",False
76,短水路,13,女子,200m自由形,18～24歳,,,2:13.87,2,正垣木梨,セ・下北沢,9/3,2:42.85,162.85,False,False,False,,,0.76,"15.80,33.47,52.90,1:13.39,1:35.26,1:57.81,2:20.60",False
76,短水路,14,男子,200m自由形,85～89歳,2:55.35,3:08.23,3:25.82,1,川本剛,セ・長沼,2/8,3:33.06,213.06,False,False,False,,,0.95,"23.17,49.42,1:14.96,1:42.11,2:10.00,2:37.77,3:05.53",False
76,短水路,14,男子,200m自由形,85～89歳,2:55.35,3:08.23,3:25.82,2,三橋正和,セ・蘇我,1/1,5:25.78,325.78,False,False,False,,,1.39,"27.52,1:00.70,1:37.70,2:18.70,3:05.55,3:53.44,4:42.12",False
76,短水路,14,男子,200m自由形,85～89歳,2:55.35,3:08.23,3:25.82,,大堀兵衛,セ・下北沢,1/7,,,False,False,False,,,,,False
76,短水路,14,男子,200m自由形,80～84歳,2:38.25,2:44.88,3:22.52,1,栗原猛,セ・館山,1/2,4:03.97,243.97,False,False,False,,,,"27.92,58.02,1:28.49,1:59.06,2:30.17,3:01.70,3:33.56",False
76,短水路,14,男子,200m自由形,75～79歳,2:26.94,2:32.00,2:48.14,1,大内洋,セ・葛西,1/5,3:47.05,227.05,False,False,False,,,0.89,"22.15,47.45,1:13.45,1:40.62,2:08.76,2:38.59,3:12.73",False
76,短水路,14,男子,200m自由形,70～74歳,2:10.97,2:27.28,2:38.62,1,若宮強,セ・成城,3/3,2:54.45,174.45,False,False,False,,,0.74,"17.96,38.17,59.91,1:22.66,1:45.46,2:08.39,2:33.06",False
76,短水路,14,男子,200m自由形,70～74歳,2:10.97,2:27.28,2:38.62,2,菱沼和男,セ・葛西,3/8,3:08.78,188.78,False,False,False,,,0.78,"20.52,43.08,1:06.83,1:29.92,1:54.36,2:19.50,2:44.41",False
76,短水路,14,男子,200m自由形,70～74歳,2:10.97,2:27.28,2:38.62,3,大谷修司,セ・館山,2/3,3:09.90,189.9,False,False,False,,,0.96,"19.49,41.00,1:03.99,1:27.63,1:52.38,2:17.38,2:43.31",False
76,短水路,14,男子,200m自由形,70～74歳,2:10.97,2:27.28,2:38.62,4,森下善夫,セ・大宮宮原,2/1,3:33.32,213.32,False,False,False,,,0.88,"48.35,1:14.73,1:42.09,2:10.11,3:33.32",False
76,短水路,14,男子,200m自由形,65～69歳,2:07.46,2:15.69,2:21.06,1,井上昌臣,セ・西東京,2/7,2:53.38,173.38,False,False,False,,,0.98,"18.00,37.77,58.68,1:20.66,1:43.76,2:07.11,2:31.16",False
76,短水路,14,男子,200m自由形,65～69歳,2:07.46,2:15.69,2:21.06,2,折居彰,セ・阿佐谷,1/3,3:23.40,203.4,False,False,False,,,1.21,"22.78,47.25,1:12.61,1:39.00,2:05.63,2:32.02,2:58.65",False
76,短水路,14,男子,200m自由形,65～69歳,2:07.46,2:15.69,2:21.06,3,中井岳郎,セ・成城,2/6,3:37.64,217.64,False,False,False,,,0.95,"21.09,45.37,1:12.46,1:40.26,2:10.29,2:39.76,3:08.89",False
76,短水路,14,男子,200m自由形,60～64歳,2:01.65,2:13.45,2:22.86,1,渡部佳彦,セ・市川,7/8,2:24.13,144.13,False,False,False,,,0.68,"15.94,33.97,52.38,1:10.64,1:29.18,1:47.49,2:06.27",False
76,短水路,14,男子,200m自由形,60～64歳,2:01.65,2:13.45,2:22.86,2,久保田勝己,セ・阿佐谷,5/4,2:34.96,154.96,False,False,False,,,0.84,"16.74,34.85,53.74,1:13.29,1:33.79,1:53.94,2:15.16",False
76,短水路,14,男子,200m自由形,60～64歳,2:01.65,2:13.45,2:22.86,3,神尾尚人,セ・市ヶ尾,5/5,2:36.57,156.57,False,False,False,,,0.66,"16.69,35.32,54.21,1:13.86,1:34.01,1:55.02,2:16.26",False
76,短水路,14,男子,200m自由形,60～64歳,2:01.65,2:13.45,2:22.86,4,若島健二,セ・二俣川,4/4,2:43.19,163.19,False,False,False,,,0.9,"18.53,38.48,58.73,1:19.52,1:40.81,2:02.20,2:23.28",False
76,短水路,14,男子,200m自由形,60～64歳,2:01.65,2:13.45,2:22.86,5,畠山勝実,セ・大宮宮原,4/1,2:49.10,169.1,False,False,False,,,1.06,"19.21,39.51,1:00.36,1:21.29,1:42.37,2:04.20,2:26.35",False
76,短水路,14,男子,200m自由形,60～64歳,2:01.65,2:13.45,2:22.86,6,大津信弘,セ・越谷,5/8,2:56.49,176.49,False,False,False,,,0.75,"18.52,39.34,1:00.62,1:23.06,1:46.31,2:10.21,2:34.04",False
76,短水路,14,男子,200m自由形,60～64歳,2:01.65,2:13.45,2:22.86,7,山本和巳,セ・茂原,2/4,3:12.12,192.12,False,False,False,,,0.71,"19.62,42.18,1:05.65,1:30.01,1:55.62,2:21.51,2:48.33",False
76,短水路,14,男子,200m自由形,60～64歳,2:01.65,2:13.45,2:22.86,8,黒川恵一,セ・市ヶ尾,2/5,3:23.98,203.98,False,False,False,,,0.87,"21.67,45.80,1:11.41,1:37.50,2:03.92,2:31.54,2:58.70",False
76,短水路,14,男子,200m自由形,60～64歳,2:01.65,2:13.45,2:22.86,1,矢部裕之,セ・長津田,7/6,2:21.37,141.37,False,False,False,,,0.84,"15.36,32.36,50.16,1:07.69,1:25.72,1:44.01,2:02.96",False
76,短水路,14,男子,200m自由形,60～64歳,2:01.65,2:13.45,2:22.86,2,宮川則仁,セ・大宮宮原,5/3,2:29.79,149.79,False,False,False,,,0.84,"16.31,34.16,53.12,1:12.59,1:31.81,1:51.42,2:10.96",False
76,短水路,14,男子,200m自由形,60～64歳,2:01.65,2:13.45,2:22.86,3,塚本幸治,セ・千葉みなと,5/6,2:38.92,158.92000000000002,False,False,False,,,0.81,"17.35,36.34,55.87,1:16.04,1:36.48,1:57.36,2:18.92",False
76,短水路,14,男子,200m自由形,60～64歳,2:01.65,2:13.45,2:22.86,4,温井芳浩,セ・谷津,4/2,2:47.74,167.74,False,False,False,,,0.95,"18.06,38.80,59.86,1:21.11,1:43.23,2:05.62,2:27.03",False
76,短水路,14,男子,200m自由形,60～64歳,2:01.65,2:13.45,2:22.86,5,谷川元,セ・ときわ台,3/4,2:56.43,176.43,False,False,False,,,0.77,"17.89,37.67,58.65,1:20.11,1:43.35,2:06.37,2:31.33",False
76,短水路,14,男子,200m自由形,60～64歳,2:01.65,2:13.45,2:22.86,6,高田義久,セ・八王子,3/5,2:58.53,178.53,False,False,False,,,0.7,"17.58,37.53,59.38,1:21.43,1:44.77,2:09.38,2:34.32",False
76,短水路,14,男子,200m自由形,60～64歳,2:01.65,2:13.45,2:22.86,7,大塚秀幸,セ・慶應日吉,3/6,3:04.16,184.16,False,False,False,,,0.98,"19.55,40.69,1:03.34,1:27.16,1:51.95,2:16.24,2:40.86",False
76,短水路,14,男子,200m自由形,60～64歳,2:01.65,2:13.45,2:22.86,8,兵藤鋭雄,セ・目黒,4/7,3:05.25,185.25,False,False,False,,,0.67,"18.30,39.21,1:01.73,1:24.39,1:48.44,2:13.35,2:39.84",False
76,短水路,14,男子,200m自由形,60～64歳,2:01.65,2:13.45,2:22.86,9,佐藤流生,セ・天王洲,1/6,3:34.11,214.11,False,False,False,,,1.25,"22.42,48.08,1:15.10,1:42.84,2:10.91,2:38.74,3:07.45",False
76,短水路,14,男子,200m自由形,50～54歳,1:54.61,1:59.92,2:07.63,1,西野宮冬木,セ・長津田,6/8,2:29.59,149.59,False,False,False,,,0.94,"16.32,35.21,54.73,1:14.29,1:33.77,1:53.37,2:12.46",False
76,短水路,14,男子,200m自由形,50～54歳,1:54.61,1:59.92,2:07.63,2,清田真人,セ・大宮宮原,6/7,2:33.48,153.48,False,False,False,,,0.63,"15.76,34.11,53.87,1:13.89,1:33.92,1:54.11,2:14.21",False
76,短水路,14,男子,200m自由形,50～54歳,1:54.61,1:59.92,2:07.63,3,山田大介,セ・武蔵小杉,6/4,2:35.86,155.86,False,False,False,,,0.81,"16.72,35.53,54.39,1:14.10,1:33.99,1:54.41,2:15.25",False
76,短水路,14,男子,200m自由形,50～54歳,1:54.61,1:59.92,2:07.63,4,渡誠,セ・清瀬,6/2,2:37.26,157.26,False,False,False,,,0.84,"17.51,36.10,55.59,1:15.94,1:36.62,1:57.35,2:18.64",False
76,短水路,14,男子,200m自由形,50～54歳,1:54.61,1:59.92,2:07.63,5,成島毅,セ・F宇都宮,4/8,2:42.34,162.34,False,False,False,,,0.76,"18.00,38.67,59.12,1:19.75,1:40.29,2:01.20,2:22.60",False
76,短水路,14,男子,200m自由形,50～54歳,1:54.61,1:59.92,2:07.63,6,岩崎明,セ・前橋,4/5,2:42.78,162.78,False,False,False,,,0.91,"17.72,37.79,58.42,1:19.14,1:40.47,2:01.91,2:22.69",False
76,短水路,14,男子,200m自由形,50～54歳,1:54.61,1:59.92,2:07.63,7,平田博之,セ・ときわ台,3/7,3:05.64,185.64,False,False,False,,,0.91,"17.93,39.82,1:03.18,1:27.13,1:51.98,2:16.47,2:41.23",False
76,短水路,14,男子,200m自由形,45～49歳,1:52.58,1:53.35,2:03.86,1,永瀬知之,セ・二俣川,8/3,2:08.99,128.99,False,False,False,,,0.7,"13.82,29.36,45.52,1:02.14,1:19.24,1:36.14,1:52.53",False
76,短水路,14,男子,200m自由形,45～49歳,1:52.58,1:53.35,2:03.86,2,北川貴義,セ・阿佐谷,8/6,2:13.23,133.23,False,False,False,,,0.68,"14.49,30.27,46.59,1:03.08,1:20.10,1:37.50,1:55.40",False
76,短水路,14,男子,200m自由形,45～49歳,1:52.58,1:53.35,2:03.86,3,野村峰生,セ・大森,8/5,2:16.27,136.27,False,False,False,,,0.7,"13.70,28.78,44.96,1:01.45,1:18.77,1:36.82,1:57.31",False
76,短水路,14,男子,200m自由形,45～49歳,1:52.58,1:53.35,2:03.86,4,花井一也,セ・長津田,7/3,2:17.26,137.26,False,False,False,,,0.61,"14.47,31.37,48.36,1:05.61,1:23.21,1:41.16,1:59.45",False
76,短水路,14,男子,200m自由形,45～49歳,1:52.58,1:53.35,2:03.86,5,山内悠,セ・市ヶ尾,7/2,2:19.86,139.86,False,False,False,,,0.81,"14.88,31.83,49.01,1:06.55,1:24.59,1:43.12,2:01.61",False
76,短水路,14,男子,200m自由形,45～49歳,1:52.58,1:53.35,2:03.86,6,長谷川仁,セ・南千住,6/6,2:24.32,144.32,False,False,False,,,0.74,"15.18,32.49,50.69,1:09.00,1:27.77,1:46.72,2:05.87",False
76,短水路,14,男子,200m自由形,45～49歳,1:52.58,1:53.35,2:03.86,7,齊藤仁,セ・茂原,5/2,2:35.68,155.68,False,False,False,,,0.72,"16.45,35.26,54.35,1:14.01,1:34.24,1:54.56,2:15.23",False
76,短水路,14,男子,200m自由形,45～49歳,1:52.58,1:53.35,2:03.86,8,萩原智徳,セ・長津田,3/2,2:54.55,174.55,False,False,False,,,0.78,"17.43,38.04,59.50,1:22.10,1:45.56,2:09.27,2:33.46",False
76,短水路,14,男子,200m自由形,45～49歳,1:52.58,1:53.35,2:03.86,9,宮本大介,セ・高崎,3/1,3:09.65,189.65,False,False,False,,,1.01,"20.94,43.82,1:08.10,1:32.72,1:57.50,2:22.37,2:47.28",False
76,短水路,14,男子,200m自由形,45～49歳,1:52.58,1:53.35,2:03.86,10,櫻井直仁,セ・清瀬,2/2,3:15.65,195.65,False,False,False,,,0.84,"19.97,44.32,1:09.23,1:33.98,1:59.16,2:25.47,2:50.73",False
76,短水路,14,男子,200m自由形,40～44歳,1:50.08,1:55.00,2:02.33,1,前田崇行,セ・二俣川,8/4,2:07.31,127.31,False,False,False,,,0.7,"13.39,28.31,44.16,1:00.62,1:17.28,1:34.07,1:51.01",False
76,短水路,14,男子,200m自由形,40～44歳,1:50.08,1:55.00,2:02.33,2,石井将太,セ・成瀬,9/2,2:09.19,129.19,False,False,False,,,0.82,"14.24,29.88,46.37,1:02.76,1:19.14,1:35.60,1:52.43",False
76,短水路,14,男子,200m自由形,40～44歳,1:50.08,1:55.00,2:02.33,3,矢作歩,セ・長津田,8/2,2:16.80,136.8,False,False,False,,,0.81,"14.40,30.60,47.26,1:04.42,1:22.18,1:40.02,1:57.87",False
76,短水路,14,男子,200m自由形,40～44歳,1:50.08,1:55.00,2:02.33,4,大作善祥,セ・おおたか,8/8,2:21.89,141.89,False,False,False,,,0.9,"14.97,31.45,48.53,1:06.77,1:24.89,1:43.87,2:03.56",False
76,短水路,14,男子,200m自由形,40～44歳,1:50.08,1:55.00,2:02.33,5,知見邦彦,セ・二俣川,6/3,2:36.59,156.59,False,False,False,,,0.73,"15.70,34.39,53.77,1:13.74,1:34.38,1:54.76,2:15.84",False
76,短水路,14,男子,200m自由形,40～44歳,1:50.08,1:55.00,2:02.33,6,増淵知紀,セ・南千住,4/6,2:38.27,158.27,False,False,False,,,0.95,"16.43,35.11,54.98,1:15.35,1:36.10,1:56.73,2:18.07",False
76,短水路,14,男子,200m自由形,40～44歳,1:50.08,1:55.00,2:02.33,7,田子晃,セ・自由が丘,4/3,2:39.53,159.53,False,False,False,,,0.89,"17.27,36.16,55.87,1:16.27,1:36.99,1:58.33,2:19.02",False
76,短水路,14,男子,200m自由形,40～44歳,1:50.08,1:55.00,2:02.33,8,今村満,セ・清瀬,5/1,2:52.28,172.28,False,False,False,,,0.88,"18.64,39.81,1:00.87,1:22.62,1:44.33,2:07.20,2:29.70",False
76,短水路,14,男子,200m自由形,35～39歳,1:48.36,1:49.22,1:54.32,1,岩本和也,セ・志木,9/6,2:07.47,127.47,False,False,False,,,0.71,"13.96,29.20,44.78,1:00.38,1:16.38,1:32.79,1:49.92",False
76,短水路,14,男子,200m自由形,35～39歳,1:48.36,1:49.22,1:54.32,2,吉川重行,セ・桶川北本,8/1,2:14.45,134.45,False,False,False,,,0.68,"13.49,29.40,46.09,1:03.41,1:21.08,1:38.94,1:56.87",False
76,短水路,14,男子,200m自由形,35～39歳,1:48.36,1:49.22,1:54.32,3,木村考太,セ・市ヶ尾,7/7,2:15.73,135.73,False,False,False,,,0.71,"14.69,31.08,48.00,1:05.49,1:22.92,1:40.84,1:58.29",False
76,短水路,14,男子,200m自由形,35～39歳,1:48.36,1:49.22,1:54.32,4,長田裕史,セ・柏,7/1,2:15.75,135.75,False,False,False,,,0.63,"14.80,31.49,48.46,1:05.73,1:23.24,1:40.96,1:58.88",False
76,短水路,14,男子,200m自由形,35～39歳,1:48.36,1:49.22,1:54.32,5,新福留広貴,セ・二俣川,6/5,2:18.15,138.15,False,False,False,,,0.74,"14.66,30.69,47.34,1:04.24,1:22.24,1:40.80,1:59.97",False
76,短水路,14,男子,200m自由形,35～39歳,1:48.36,1:49.22,1:54.32,6,増田喬行,セ・桶川北本,7/5,2:20.02,140.02,False,False,False,,,0.73,"14.64,31.09,48.28,1:05.61,1:23.92,1:42.48,2:01.53",False
76,短水路,14,男子,200m自由形,30～34歳,1:46.12,1:50.24,1:55.82,1,中西剛,セ・成城,9/5,2:05.64,125.64,False,False,False,,,0.66,"13.78,29.31,45.20,1:01.27,1:17.44,1:33.56,1:49.90",False
76,短水路,14,男子,200m自由形,25～29歳,1:44.90,1:48.95,1:53.27,1,高栖翔,セ・葛西,9/4,2:04.15,124.15,False,False,False,,,0.69,"12.96,27.21,42.22,57.50,1:13.66,1:30.22,1:47.26",False
76,短水路,14,男子,200m自由形,25～29歳,1:44.90,1:48.95,1:53.27,2,小野健,セ・天王洲,9/7,2:07.06,127.06,False,False,False,,,0.64,"13.73,28.82,44.40,1:00.04,1:16.14,1:32.77,1:50.01",False
76,短水路,14,男子,200m自由形,25～29歳,1:44.90,1:48.95,1:53.27,3,関根貴大,セ・阿佐谷,9/8,2:10.46,130.46,False,False,False,,,0.74,"14.03,29.40,45.51,1:01.80,1:18.47,1:35.24,1:52.88",False
76,短水路,14,男子,200m自由形,25～29歳,1:44.90,1:48.95,1:53.27,4,岡内昭伍,セ・大宮宮原,9/1,2:10.77,130.77,False,False,False,,,0.64,"13.42,29.09,45.53,1:02.13,1:18.63,1:35.62,1:53.11",False
76,短水路,14,男子,200m自由形,25～29歳,1:44.90,1:48.95,1:53.27,5,小沢征司,セ・大宮宮原,5/7,2:37.47,157.47,False,False,False,,,0.89,"17.28,35.97,55.37,1:15.00,1:35.17,1:55.97,2:17.67",False
76,短水路,14,男子,200m自由形,18～24歳,,,1:52.53,1,荒井優吾,セ・成瀬,9/3,2:06.72,126.72,False,False,False,,,0.62,"13.80,29.20,44.88,1:01.02,1:17.12,1:33.43,1:50.37",False
76,短水路,14,男子,200m自由形,18～24歳,,,1:52.53,2,南里輝,セ・蒲田,8/7,2:13.50,133.5,False,False,False,,,0.59,"13.68,29.54,45.61,1:02.52,1:19.33,1:36.72,1:55.01",False
76,短水路,21,女子,50m平泳ぎ,85～89歳,52.17,52.33,:,1,上田寿美子,セ・成城,1/6,1:10.96,70.96000000000001,False,False,False,,,0.9,,False
76,短水路,21,女子,50m平泳ぎ,80～84歳,46.48,46.48,59.00,1,永島郁子,ザバス鶴見,1/4,1:11.82,71.82,False,False,False,,,0.97,,False
76,短水路,21,女子,50m平泳ぎ,80～84歳,46.48,46.48,59.00,2,西川美恵子,セ・蒲田,1/5,1:11.92,71.92,False,False,False,,,0.99,,False
76,短水路,21,女子,50m平泳ぎ,75～79歳,43.79,43.79,54.96,1,室谷晴江,セ・大森,4/2,58.57,58.57,False,False,False,,,0.93,,False
76,短水路,21,女子,50m平泳ぎ,75～79歳,43.79,43.79,54.96,2,岡田まり子,CS南行徳,3/7,58.96,58.96,False,False,False,,,0.91,,False
76,短水路,21,女子,50m平泳ぎ,75～79歳,43.79,43.79,54.96,3,福田加代子,セ・戸塚,4/5,59.73,59.73,False,False,False,,,0.79,,False
76,短水路,21,女子,50m平泳ぎ,75～79歳,43.79,43.79,54.96,4,佐々木和江,セ・南千住,3/1,1:00.44,60.44,False,False,False,,,0.87,,False
76,短水路,21,女子,50m平泳ぎ,75～79歳,43.79,43.79,54.96,5,小島律子,セ・谷津,1/3,1:11.01,71.01,False,False,False,,,0.96,,False
76,短水路,21,女子,50m平泳ぎ,75～79歳,43.79,43.79,54.96,6,西村咲喜子,セ・志木,1/2,1:39.71,99.71000000000001,False,False,False,,,,,False
76,短水路,21,女子,50m平泳ぎ,70～74歳,42.10,42.80,45.06,1,松木真知子,セ・ときわ台,2/2,57.25,57.25,False,False,False,,,0.87,,False
76,短水路,21,女子,50m平泳ぎ,70～74歳,42.10,42.80,45.06,2,高梨佳代子,ザバス金沢八,4/7,58.36,58.36,False,False,False,,,0.91,,False
76,短水路,21,女子,50m平泳ぎ,70～74歳,42.10,42.80,45.06,3,小澤優子,セ・葛西,3/3,58.48,58.48,False,False,False,,,0.87,,False
76,短水路,21,女子,50m平泳ぎ,70～74歳,42.10,42.80,45.06,4,荒深なみ,セ・市ヶ尾,2/5,1:01.19,61.19,False,False,False,,,1.0,,False
76,短水路,21,女子,50m平泳ぎ,70～74歳,42.10,42.80,45.06,5,矢島きよえ,CS南行徳,2/4,1:01.33,61.33,False,False,False,,,1.08,,False
76,短水路,21,女子,50m平泳ぎ,65～69歳,38.90,40.90,44.00,1,武政ふく,セ・松戸,7/6,45.32,45.32,False,False,False,,,0.76,,False
76,短水路,21,女子,50m平泳ぎ,65～69歳,38.90,40.90,44.00,2,米澤美智子,セ・成瀬,7/2,49.35,49.35,False,False,False,,,0.81,,False
76,短水路,21,女子,50m平泳ぎ,65～69歳,38.90,40.90,44.00,3,三枚堂かよ子,セ・阿佐谷,6/7,51.64,51.64,False,False,False,,,0.72,,False
76,短水路,21,女子,50m平泳ぎ,65～69歳,38.90,40.90,44.00,4,瀧下節子,セ・志木,5/4,53.33,53.33,False,False,False,,,0.77,,False
76,短水路,21,女子,50m平泳ぎ,65～69歳,38.90,40.90,44.00,5,太田初美,セ・越谷,6/8,53.43,53.43,False,False,False,,,0.83,,False
76,短水路,21,女子,50m平泳ぎ,65～69歳,38.90,40.90,44.00,6,蓑田朝子,セ・ときわ台,4/4,54.01,54.01,False,False,False,,,0.7,,False
76,短水路,21,女子,50m平泳ぎ,65～69歳,38.90,40.90,44.00,7,相馬絹代,セ・溝ノ口,4/1,55.09,55.09,False,False,False,,,0.73,,False
76,短水路,21,女子,50m平泳ぎ,65～69歳,38.90,40.90,44.00,8,小笠原三春,セ・八王子,4/3,56.02,56.02,False,False,False,,,0.9,,False
76,短水路,21,女子,50m平泳ぎ,65～69歳,38.90,40.90,44.00,9,五月女美幸,セ・宇都宮,4/8,56.65,56.65,False,False,False,,,1.0,,False
76,短水路,21,女子,50m平泳ぎ,65～69歳,38.90,40.90,44.00,10,新井瑞枝,セ・流山,3/4,57.00,57.0,False,False,False,,,0.94,,False
76,短水路,21,女子,50m平泳ぎ,65～69歳,38.90,40.90,44.00,11,益田加津子,セ・自由が丘,3/5,57.03,57.03,False,False,False,,,0.81,,False
76,短水路,21,女子,50m平泳ぎ,65～69歳,38.90,40.90,44.00,12,奥野郁子,セ・蘇我,2/3,58.68,58.68,False,False,False,,,0.86,,False
76,短水路,21,女子,50m平泳ぎ,65～69歳,38.90,40.90,44.00,13,油井みどり,セ・新浦安,3/2,1:03.17,63.17,False,False,False,,,0.91,,False
76,短水路,21,女子,50m平泳ぎ,65～69歳,38.90,40.90,44.00,14,池田則子,セ・松戸,2/6,1:05.28,65.28,False,False,False,,,1.15,,False
76,短水路,21,女子,50m平泳ぎ,60～64歳,37.08,37.62,42.93,1,石井菜穂美,セ・市川,8/2,44.08,44.08,False,False,False,,,0.82,,False
76,短水路,21,女子,50m平泳ぎ,60～64歳,37.08,37.62,42.93,2,磯村由紀子,セ・越谷,7/3,44.49,44.49,False,False,False,,,0.78,,False
76,短水路,21,女子,50m平泳ぎ,60～64歳,37.08,37.62,42.93,3,酒井寿美恵,クリーンスパ,6/3,48.18,48.18,False,False,False,,,0.78,,False
76,短水路,21,女子,50m平泳ぎ,60～64歳,37.08,37.62,42.93,4,小池理恵子,セ・阿佐谷,6/4,49.17,49.17,False,False,False,,,0.96,,False
76,短水路,21,女子,50m平泳ぎ,60～64歳,37.08,37.62,42.93,5,北嶋春美,セ・湘南ＬＴ,6/6,51.07,51.07,False,False,False,,,0.75,,False
76,短水路,21,女子,50m平泳ぎ,60～64歳,37.08,37.62,42.93,6,増子保子,セ・蘇我,5/2,52.48,52.48,False,False,False,,,1.04,,False
76,短水路,21,女子,50m平泳ぎ,60～64歳,37.08,37.62,42.93,7,柳沢智子,セ・成城,5/5,54.06,54.06,False,False,False,,,0.97,,False
76,短水路,21,女子,50m平泳ぎ,60～64歳,37.08,37.62,42.93,8,杉村由紀子,セ・溝ノ口,5/8,54.30,54.3,False,False,False,,,0.86,,False
76,短水路,21,女子,50m平泳ぎ,60～64歳,37.08,37.62,42.93,9,橋本裕子,クリーンスパ,5/6,56.17,56.17,False,False,False,,,1.0,,False
76,短水路,21,女子,50m平泳ぎ,60～64歳,37.08,37.62,42.93,10,勝又聡子,セ・福生,3/6,58.15,58.15,False,False,False,,,0.74,,False
76,短水路,21,女子,50m平泳ぎ,55～59歳,35.15,37.14,39.69,1,前畑章子,セ・慶應日吉,8/6,43.79,43.79,False,False,False,,,0.71,,False
76,短水路,21,女子,50m平泳ぎ,55～59歳,35.15,37.14,39.69,2,袴田智津子,セ・湘南ＬＴ,9/8,44.24,44.24,False,False,False,,,0.72,,False
76,短水路,21,女子,50m平泳ぎ,55～59歳,35.15,37.14,39.69,3,鶴岡美佐,ザバス金沢八,7/5,46.63,46.63,False,False,False,,,0.79,,False
76,短水路,21,女子,50m平泳ぎ,55～59歳,35.15,37.14,39.69,4,船津香,セ・自由が丘,7/1,48.55,48.55,False,False,False,,,0.86,,False
76,短水路,21,女子,50m平泳ぎ,55～59歳,35.15,37.14,39.69,5,坂井慶子,セ・大宮宮原,5/7,49.31,49.31,False,False,False,,,0.87,,False
76,短水路,21,女子,50m平泳ぎ,55～59歳,35.15,37.14,39.69,6,三沢弘美,セ・長津田,6/2,51.08,51.08,False,False,False,,,0.88,,False
76,短水路,21,女子,50m平泳ぎ,55～59歳,35.15,37.14,39.69,7,鈴木夏実,セ・慶應日吉,4/6,56.13,56.13,False,False,False,,,1.04,,False
76,短水路,21,女子,50m平泳ぎ,55～59歳,35.15,37.14,39.69,8,渡邊ひろみ,セ・松戸,6/5,56.35,56.35,False,False,False,,,1.06,,False
76,短水路,21,女子,50m平泳ぎ,50～54歳,33.96,36.21,39.47,1,勝間田周子,セ・湘南ＬＴ,9/6,39.91,39.91,False,False,False,,,0.87,,False
76,短水路,21,女子,50m平泳ぎ,50～54歳,33.96,36.21,39.47,2,山口陽代,セ・高崎,8/8,42.47,42.47,False,False,False,,,0.71,,False
76,短水路,21,女子,50m平泳ぎ,50～54歳,33.96,36.21,39.47,3,糸賀香菜子,セ・トレッサ,8/7,43.95,43.95,False,False,False,,,0.73,,False
76,短水路,21,女子,50m平泳ぎ,50～54歳,33.96,36.21,39.47,4,白須靖子,セ・市ヶ尾,7/8,44.79,44.79,False,False,False,,,0.79,,False
76,短水路,21,女子,50m平泳ぎ,50～54歳,33.96,36.21,39.47,4,関本みすぎ,セ・葛西,8/3,44.79,44.79,False,False,False,,,0.95,,False
76,短水路,21,女子,50m平泳ぎ,50～54歳,33.96,36.21,39.47,6,五十嵐知佐,セ・おおたか,7/7,45.43,45.43,False,False,False,,,0.82,,False
76,短水路,21,女子,50m平泳ぎ,50～54歳,33.96,36.21,39.47,7,有路さくら,セ・福生,5/1,51.55,51.55,False,False,False,,,0.92,,False
76,短水路,21,女子,50m平泳ぎ,50～54歳,33.96,36.21,39.47,7,杉野幸恵,セ・越谷,6/1,51.55,51.55,False,False,False,,,0.93,,False
76,短水路,21,女子,50m平泳ぎ,45～49歳,33.01,34.05,36.44,1,片岡祥子,セ・千葉みなと,9/4,37.04,37.04,False,False,False,,,0.67,,False
76,短水路,21,女子,50m平泳ぎ,45～49歳,33.01,34.05,36.44,2,三宅信花,セ・阿佐谷,9/7,40.08,40.08,False,False,False,,,0.64,,False
76,短水路,21,女子,50m平泳ぎ,45～49歳,33.01,34.05,36.44,3,関康代,セ・宇都宮,7/4,45.19,45.19,False,False,False,,,0.85,,False
76,短水路,21,女子,50m平泳ぎ,40～44歳,31.81,34.01,37.30,1,中村可奈子,セ・おおたか,8/4,40.52,40.52,False,False,False,,,0.73,,False
76,短水路,21,女子,50m平泳ぎ,40～44歳,31.81,34.01,37.30,2,福澤絵理,CS南行徳,3/8,50.18,50.18,False,False,False,,,0.89,,False
76,短水路,21,女子,50m平泳ぎ,35～39歳,31.25,31.87,36.36,1,新妻梓,セ・西東京,9/3,41.53,41.53,False,False,False,,,0.72,,False
76,短水路,21,女子,50m平泳ぎ,30～34歳,31.35,31.71,36.02,1,長谷川恵,セ・阿佐谷,9/2,40.58,40.58,False,False,False,,,0.8,,False
76,短水路,21,女子,50m平泳ぎ,30～34歳,31.35,31.71,36.02,2,深堀陽子,セ・二俣川,8/1,41.31,41.31,False,False,False,,,0.83,,False
76,短水路,21,女子,50m平泳ぎ,25～29歳,30.50,30.69,35.67,1,石井理桜子,セ・市川,8/5,40.55,40.55,False,False,False,,,0.67,,False
76,短水路,21,女子,50m平泳ぎ,18～24歳,,32.36,33.69,1,渡辺美楓,セ・谷津,9/5,36.11,36.11,False,False,False,,,0.65,,False
76,短水路,21,女子,50m平泳ぎ,18～24歳,,32.36,33.69,2,岡田星理,セ・谷津,9/1,37.97,37.97,False,False,False,,,0.72,,False
76,短水路,22,男子,50m平泳ぎ,80～84歳,41.42,41.42,48.69,1,伊豆正義,セ・新浦安,1/5,53.18,53.18,False,False,False,,,0.93,,False
76,短水路,22,男子,50m平泳ぎ,80～84歳,41.42,41.42,48.69,2,小田稔,セ・慶應日吉,1/7,1:04.24,64.24,False,False,False,,,1.04,,False
76,短水路,22,男子,50m平泳ぎ,75～79歳,36.78,38.85,41.74,1,今修二,セ・越谷,2/3,47.91,47.91,False,False,False,,,0.9,,False
76,短水路,22,男子,50m平泳ぎ,75～79歳,36.78,38.85,41.74,2,山口博,セ・志木,1/3,55.38,55.38,False,False,False,,,1.17,,False
76,短水路,22,男子,50m平泳ぎ,70～74歳,33.54,35.85,39.78,1,吉村進,セ・阿佐谷,4/4,41.32,41.32,False,False,False,,,0.74,,False
76,短水路,22,男子,50m平泳ぎ,70～74歳,33.54,35.85,39.78,2,水谷博之,セ・長津田,4/5,41.60,41.6,False,False,False,,,0.7,,False
76,短水路,22,男子,50m平泳ぎ,70～74歳,33.54,35.85,39.78,3,増田行雄,セ・蒲田,1/2,57.99,57.99,False,False,False,,,1.08,,False
76,短水路,22,男子,50m平泳ぎ,65～69歳,32.50,33.74,38.67,1,松田賢治,セ・大宮宮原,4/3,40.42,40.42,False,False,False,,,0.85,,False
76,短水路,22,男子,50m平泳ぎ,65～69歳,32.50,33.74,38.67,2,前川正,セ・Ｆ東戸塚,4/2,43.24,43.24,False,False,False,,,0.73,,False
76,短水路,22,男子,50m平泳ぎ,65～69歳,32.50,33.74,38.67,3,安高祐三,セ・越谷,2/5,46.96,46.96,False,False,False,,,0.73,,False
76,短水路,22,男子,50m平泳ぎ,65～69歳,32.50,33.74,38.67,4,中井岳郎,セ・成城,3/6,48.55,48.55,False,False,False,,,0.87,,False
76,短水路,22,男子,50m平泳ぎ,65～69歳,32.50,33.74,38.67,5,赤坂吉昭,セ・葛西,2/2,50.22,50.22,False,False,False,,,0.9,,False
76,短水路,22,男子,50m平泳ぎ,65～69歳,32.50,33.74,38.67,6,阿部宏之助,セ・上池袋,1/4,51.58,51.58,False,False,False,,,0.78,,False
76,短水路,22,男子,50m平泳ぎ,60～64歳,29.77,32.42,33.20,1,池谷千尋,セ・長津田,5/7,38.60,38.6,False,False,False,,,0.69,,False
76,短水路,22,男子,50m平泳ぎ,60～64歳,29.77,32.42,33.20,2,中村幸弘,セ・越谷,5/1,39.42,39.42,False,False,False,,,0.86,,False
76,短水路,22,男子,50m平泳ぎ,60～64歳,29.77,32.42,33.20,3,二宮博,セ・横浜,4/8,44.11,44.11,False,False,False,,,0.81,,False
76,短水路,22,男子,50m平泳ぎ,60～64歳,29.77,32.42,33.20,4,増渕毅,セ・トレッサ,3/3,44.53,44.53,False,False,False,,,0.68,,False
76,短水路,22,男子,50m平泳ぎ,60～64歳,29.77,32.42,33.20,,大塚克,セ・市川,4/6,,,False,False,False,,,,,False
76,短水路,22,男子,50m平泳ぎ,55～59歳,29.22,30.55,31.89,1,小倉和彦,セ・清瀬,7/1,33.88,33.88,False,False,False,,,0.71,,False
76,短水路,22,男子,50m平泳ぎ,55～59歳,29.22,30.55,31.89,2,坂野照雄,セ・越谷,5/5,36.27,36.27,False,False,False,,,0.78,,False
76,短水路,22,男子,50m平泳ぎ,55～59歳,29.22,30.55,31.89,3,北村勇,セ・能見台,3/4,42.49,42.49,False,False,False,,,0.78,,False
76,短水路,22,男子,50m平泳ぎ,55～59歳,29.22,30.55,31.89,4,穴田啓樹,セ・慶應日吉,3/5,44.52,44.52,False,False,False,,,0.82,,False
76,短水路,22,男子,50m平泳ぎ,55～59歳,29.22,30.55,31.89,5,福田義晴,セ・市川,1/6,55.41,55.41,False,False,False,,,0.96,,False
76,短水路,22,男子,50m平泳ぎ,50～54歳,29.09,28.72,29.97,1,石井龍,セ・成城,7/7,34.70,34.7,False,False,False,,,0.7,,False
76,短水路,22,男子,50m平泳ぎ,50～54歳,29.09,28.72,29.97,2,岡村勝重,セ・長津田,6/4,35.49,35.49,False,False,False,,,0.65,,False
76,短水路,22,男子,50m平泳ぎ,50～54歳,29.09,28.72,29.97,3,古高正道,セ・天王洲,3/2,42.36,42.36,False,False,False,,,0.83,,False
76,短水路,22,男子,50m平泳ぎ,50～54歳,29.09,28.72,29.97,4,久保田裕一,セ・慶應日吉,3/8,43.50,43.5,False,False,False,,,0.7,,False
76,短水路,22,男子,50m平泳ぎ,50～54歳,29.09,28.72,29.97,5,稲垣浩,セ・茂原,2/4,44.11,44.11,False,False,False,,,0.9,,False
76,短水路,22,男子,50m平泳ぎ,50～54歳,29.09,28.72,29.97,6,向山高弘,セ・ときわ台,2/7,45.48,45.48,False,False,False,,,0.88,,False
76,短水路,22,男子,50m平泳ぎ,50～54歳,29.09,28.72,29.97,7,落合理,セ・武蔵小杉,3/1,48.09,48.09,False,False,False,,,0.72,,False
76,短水路,22,男子,50m平泳ぎ,45～49歳,28.65,28.83,30.42,1,加地隆史,セ・葛西,6/2,35.64,35.64,False,False,False,,,0.72,,False
76,短水路,22,男子,50m平泳ぎ,45～49歳,28.65,28.83,30.42,2,佐々木茂倫,セ・流山,5/3,36.18,36.18,False,False,False,,,0.71,,False
76,短水路,22,男子,50m平泳ぎ,45～49歳,28.65,28.83,30.42,3,小室秀幸,セ・八王子,6/8,36.51,36.51,False,False,False,,,0.67,,False
76,短水路,22,男子,50m平泳ぎ,45～49歳,28.65,28.83,30.42,4,山岡裕和,セ・ときわ台,5/6,37.42,37.42,False,False,False,,,0.83,,False
76,短水路,22,男子,50m平泳ぎ,45～49歳,28.65,28.83,30.42,5,藤田一寿,セ・成城,4/7,41.99,41.99,False,False,False,,,0.81,,False
76,短水路,22,男子,50m平泳ぎ,45～49歳,28.65,28.83,30.42,6,草野剛史,セ・二俣川,4/1,42.56,42.56,False,False,False,,,0.73,,False
76,短水路,22,男子,50m平泳ぎ,40～44歳,28.06,28.06,29.27,1,西尾直人,セ・武蔵小杉,8/1,31.66,31.66,False,False,False,,,0.7,,False
76,短水路,22,男子,50m平泳ぎ,40～44歳,28.06,28.06,29.27,2,中村正明,セ・阿佐谷,8/2,31.76,31.76,False,False,False,,,0.68,,False
76,短水路,22,男子,50m平泳ぎ,40～44歳,28.06,28.06,29.27,3,勝吉進一,セ・慶應日吉,7/4,33.73,33.73,False,False,False,,,0.73,,False
76,短水路,22,男子,50m平泳ぎ,40～44歳,28.06,28.06,29.27,4,吉田拓磨,セ・上池袋,6/1,34.39,34.39,False,False,False,,,0.63,,False
76,短水路,22,男子,50m平泳ぎ,40～44歳,28.06,28.06,29.27,5,矢作歩,セ・長津田,5/4,36.19,36.19,False,False,False,,,0.81,,False
76,短水路,22,男子,50m平泳ぎ,40～44歳,28.06,28.06,29.27,6,田中遼太,セ・慶應日吉,3/7,44.89,44.89,False,False,False,,,0.75,,False
76,短水路,22,男子,50m平泳ぎ,35～39歳,26.66,27.34,29.50,1,宮川航,セ・南千住,8/4,29.66,29.66,False,False,False,,,0.68,,False
76,短水路,22,男子,50m平泳ぎ,35～39歳,26.66,27.34,29.50,2,和田弘太郎,セ・阿佐谷,8/5,29.82,29.82,False,False,False,,,0.68,,False
76,短水路,22,男子,50m平泳ぎ,25～29歳,26.99,27.02,28.25,1,志熊叶一郎,セ・阿佐谷,8/3,29.16,29.16,False,False,False,,,0.69,,False
76,短水路,22,男子,50m平泳ぎ,25～29歳,26.99,27.02,28.25,2,前島悠也,セ・葛西,8/7,30.90,30.9,False,False,False,,,0.6,,False
76,短水路,22,男子,50m平泳ぎ,25～29歳,26.99,27.02,28.25,3,今里昂哉,セ・清瀬,7/5,31.11,31.11,False,False,False,,,0.68,,False
76,短水路,22,男子,50m平泳ぎ,25～29歳,26.99,27.02,28.25,4,只野克,セ・谷津,7/3,31.32,31.32,False,False,False,,,0.67,,False
76,短水路,22,男子,50m平泳ぎ,25～29歳,26.99,27.02,28.25,5,川西智大,セ・南千住,6/7,31.75,31.75,False,False,False,,,0.61,,False
76,短水路,22,男子,50m平泳ぎ,25～29歳,26.99,27.02,28.25,6,岡内昭伍,セ・大宮宮原,8/6,32.35,32.35,False,False,False,,,0.61,,False
76,短水路,22,男子,50m平泳ぎ,25～29歳,26.99,27.02,28.25,7,矢野匠,セ・葛西,7/6,34.32,34.32,False,False,False,,,0.7,,False
76,短水路,22,男子,50m平泳ぎ,18～24歳,,27.22,28.57,1,内田陸登,セ・慶應日吉,8/8,29.88,29.88,False,False,False,,,0.62,,False
76,短水路,22,男子,50m平泳ぎ,18～24歳,,27.22,28.57,2,南里輝,セ・蒲田,6/3,31.90,31.9,False,False,False,,,0.59,,False
76,短水路,22,男子,50m平泳ぎ,18～24歳,,27.22,28.57,3,荒井啓汰,セ・阿佐谷,7/2,32.27,32.27,False,False,False,,,0.66,,False
76,短水路,22,男子,50m平泳ぎ,18～24歳,,27.22,28.57,4,西沢歩,セ・清瀬,7/8,34.88,34.88,False,False,False,,,0.64,,False
76,短水路,22,男子,50m平泳ぎ,18～24歳,,27.22,28.57,5,城山海,セ・葛西,6/6,35.93,35.93,False,False,False,,,0.73,,False
76,短水路,22,男子,50m平泳ぎ,18～24歳,,27.22,28.57,,小林眞那登,セ・越谷,5/8,,,False,False,False,,,,,False
76,短水路,23,女子,50m自由形,85～89歳,38.75,40.13,55.82,1,熊谷一枝,セ・天王洲,1/5,57.93,57.93,False,False,False,,,1.13,,False
76,短水路,23,女子,50m自由形,85～89歳,38.75,40.13,55.82,2,伊東睦恵,セ・湘南ＬＴ,1/7,1:15.09,75.09,False,False,False,,,,,False
76,短水路,23,女子,50m自由形,80～84歳,36.08,36.08,41.02,1,西巻トキ枝,セ・戸塚,4/4,48.61,48.61,False,False,False,,,0.92,,False
76,短水路,23,女子,50m自由形,80～84歳,36.08,36.08,41.02,2,新井昭代,セ・東十条,4/1,51.62,51.62,False,False,False,,,1.11,,False
76,短水路,23,女子,50m自由形,80～84歳,36.08,36.08,41.02,3,田神洋子,セ・トレッサ,1/4,52.65,52.65,False,False,False,,,0.8,,False
76,短水路,23,女子,50m自由形,80～84歳,36.08,36.08,41.02,4,小野洋子,セ・我孫子,1/6,53.77,53.77,False,False,False,,,1.09,,False
76,短水路,23,女子,50m自由形,80～84歳,36.08,36.08,41.02,,加藤直子,セ・横浜,1/1,,,False,False,False,,,,,False
76,短水路,23,女子,50m自由形,75～79歳,34.04,35.39,37.40,1,古旗美鈴,セ・上池袋,6/8,46.99,46.99,False,False,False,,,0.82,,False
76,短水路,23,女子,50m自由形,75～79歳,34.04,35.39,37.40,2,川口栄子,セ・松戸,6/4,48.36,48.36,False,False,False,,,0.8,,False
76,短水路,23,女子,50m自由形,75～79歳,34.04,35.39,37.40,3,宮島町子,セ・亀有,2/7,48.80,48.8,False,False,False,,,0.82,,False
76,短水路,23,女子,50m自由形,75～79歳,34.04,35.39,37.40,4,星幸恵,クリーンスパ,3/4,50.73,50.73,False,False,False,,,1.02,,False
76,短水路,23,女子,50m自由形,75～79歳,34.04,35.39,37.40,5,宇田川礼子,セ・我孫子,2/2,51.51,51.51,False,False,False,,,1.04,,False
76,短水路,23,女子,50m自由形,75～79歳,34.04,35.39,37.40,6,小島律子,セ・谷津,3/7,53.93,53.93,False,False,False,,,0.86,,False
76,短水路,23,女子,50m自由形,75～79歳,34.04,35.39,37.40,7,宮川禮子,セ・清瀬,2/3,55.32,55.32,False,False,False,,,0.78,,False
76,短水路,23,女子,50m自由形,75～79歳,34.04,35.39,37.40,8,内田貞代,セ・清瀬,2/8,59.48,59.48,False,False,False,,,1.28,,False
76,短水路,23,女子,50m自由形,70～74歳,30.55,33.36,35.96,1,近藤ひな子,セ・二俣川,10/6,39.33,39.33,False,False,False,,,0.97,,False
76,短水路,23,女子,50m自由形,70～74歳,30.55,33.36,35.96,2,中平信子,セ・成瀬,9/4,40.80,40.8,False,False,False,,,0.84,,False
76,短水路,23,女子,50m自由形,70～74歳,30.55,33.36,35.96,3,齊藤たか子,ザバス川崎,4/3,45.28,45.28,False,False,False,,,0.79,,False
76,短水路,23,女子,50m自由形,70～74歳,30.55,33.36,35.96,4,高梨佳代子,ザバス金沢八,5/5,45.54,45.54,False,False,False,,,0.93,,False
76,短水路,23,女子,50m自由形,70～74歳,30.55,33.36,35.96,5,崎山治子,セ・用賀,5/1,46.42,46.42,False,False,False,,,0.93,,False
76,短水路,23,女子,50m自由形,70～74歳,30.55,33.36,35.96,6,戸倉陽子,セ・慶應日吉,4/5,50.48,50.48,False,False,False,,,0.92,,False
76,短水路,23,女子,50m自由形,70～74歳,30.55,33.36,35.96,7,宮内佳代子,セ・トレッサ,5/7,51.35,51.35,False,False,False,,,0.84,,False
76,短水路,23,女子,50m自由形,70～74歳,30.55,33.36,35.96,8,藤田悦子,セ・二俣川,3/2,51.89,51.89,False,False,False,,,1.04,,False
76,短水路,23,女子,50m自由形,70～74歳,30.55,33.36,35.96,9,大山伴恵,セ・トレッサ,3/6,54.38,54.38,False,False,False,,,0.9,,False
76,短水路,23,女子,50m自由形,70～74歳,30.55,33.36,35.96,10,于亜芝,セ・南千住,2/4,54.73,54.73,False,False,False,,,1.01,,False
76,短水路,23,女子,50m自由形,70～74歳,30.55,33.36,35.96,,舛尾妃呂子,セ・稲毛海岸,7/3,,,False,False,False,,,,,False
76,短水路,23,女子,50m自由形,65～69歳,29.30,32.28,34.90,1,菅野泰子,セ・松戸,11/3,36.32,36.32,False,False,False,,,0.64,,False
76,短水路,23,女子,50m自由形,65～69歳,29.30,32.28,34.90,2,野村洋子,ザバス金沢八,10/4,36.60,36.6,False,False,False,,,0.91,,False
76,短水路,23,女子,50m自由形,65～69歳,29.30,32.28,34.90,3,安藤薫,セ・西新井,10/7,38.01,38.01,False,False,False,,,0.84,,False
76,短水路,23,女子,50m自由形,65～69歳,29.30,32.28,34.90,4,高梨美樹,セ・成城,10/5,38.42,38.42,False,False,False,,,0.7,,False
76,短水路,23,女子,50m自由形,65～69歳,29.30,32.28,34.90,5,山﨑京子,セ・横浜,10/2,38.65,38.65,False,False,False,,,0.9,,False
76,短水路,23,女子,50m自由形,65～69歳,29.30,32.28,34.90,6,塙清子,セ・自由が丘,8/4,39.51,39.51,False,False,False,,,1.02,,False
76,短水路,23,女子,50m自由形,65～69歳,29.30,32.28,34.90,7,川久保ちづる,ザバス川崎,7/8,41.08,41.08,False,False,False,,,0.94,,False
76,短水路,23,女子,50m自由形,65～69歳,29.30,32.28,34.90,8,山梨静枝,セ・我孫子,5/4,42.46,42.46,False,False,False,,,0.84,,False
76,短水路,23,女子,50m自由形,65～69歳,29.30,32.28,34.90,9,蓑田朝子,セ・ときわ台,8/1,42.84,42.84,False,False,False,,,0.75,,False
76,短水路,23,女子,50m自由形,65～69歳,29.30,32.28,34.90,10,光畑千栄子,セ・成瀬,5/3,43.61,43.61,False,False,False,,,0.97,,False
76,短水路,23,女子,50m自由形,65～69歳,29.30,32.28,34.90,11,岡田美恵子,セ・溝ノ口,7/5,44.42,44.42,False,False,False,,,0.83,,False
76,短水路,23,女子,50m自由形,65～69歳,29.30,32.28,34.90,12,石崎節代,セ・南千住,6/5,45.47,45.47,False,False,False,,,1.04,,False
76,短水路,23,女子,50m自由形,65～69歳,29.30,32.28,34.90,13,譲原恵子,セ・我孫子,6/1,45.73,45.73,False,False,False,,,1.02,,False
76,短水路,23,女子,50m自由形,65～69歳,29.30,32.28,34.90,14,鶴﨑緑,セ・トレッサ,4/6,46.52,46.52,False,False,False,,,0.8,,False
76,短水路,23,女子,50m自由形,65～69歳,29.30,32.28,34.90,15,池田敏子,セ・戸塚,5/2,47.58,47.58,False,False,False,,,0.97,,False
76,短水路,23,女子,50m自由形,65～69歳,29.30,32.28,34.90,16,東海林慶美,セ・蒲田,7/6,48.13,48.13,False,False,False,,,0.9,,False
76,短水路,23,女子,50m自由形,65～69歳,29.30,32.28,34.90,17,松浦敏子,セ・我孫子,2/6,51.94,51.94,False,False,False,,,0.95,,False
76,短水路,23,女子,50m自由形,65～69歳,29.30,32.28,34.90,18,中島初美,セ・大森,2/5,52.13,52.13,False,False,False,,,1.21,,False
76,短水路,23,女子,50m自由形,60～64歳,28.50,29.80,31.83,1,永瀬秀子,セ・二俣川,14/2,31.61,31.61,True,False,False,,,0.79,,False
76,短水路,23,女子,50m自由形,60～64歳,28.50,29.80,31.83,2,久保とし子,セ・長津田,8/5,42.21,42.21,False,False,False,,,1.01,,False
76,短水路,23,女子,50m自由形,60～64歳,28.50,29.80,31.83,3,加藤雅弓,セ・新都心,7/2,42.27,42.27,False,False,False,,,1.16,,False
76,短水路,23,女子,50m自由形,60～64歳,28.50,29.80,31.83,4,宮田ひとみ,セ・阿佐谷,8/6,43.77,43.77,False,False,False,,,0.94,,False
76,短水路,23,女子,50m自由形,60～64歳,28.50,29.80,31.83,5,黒川慶子,セ・上池袋,6/7,46.17,46.17,False,False,False,,,0.79,,False
76,短水路,23,女子,50m自由形,60～64歳,28.50,29.80,31.83,6,原田由美子,セ・慶應日吉,3/1,47.49,47.49,False,False,False,,,1.05,,False
76,短水路,23,女子,50m自由形,60～64歳,28.50,29.80,31.83,,佐々木れい,セ・志木,4/2,,,False,False,False,,,,,False
76,短水路,23,女子,50m自由形,55～59歳,27.42,28.37,31.26,1,羽山恵津子,セ・葛西,12/8,34.04,34.04,False,False,False,,,0.69,,False
76,短水路,23,女子,50m自由形,55～59歳,27.42,28.37,31.26,2,横尾しずか,セ・用賀,11/1,34.31,34.31,False,False,False,,,0.74,,False
76,短水路,23,女子,50m自由形,55～59歳,27.42,28.37,31.26,3,鶴岡美佐,ザバス金沢八,11/5,35.85,35.85,False,False,False,,,0.77,,False
76,短水路,23,女子,50m自由形,55～59歳,27.42,28.37,31.26,4,西田三佐子,セ・大宮宮原,10/3,37.11,37.11,False,False,False,,,0.8,,False
76,短水路,23,女子,50m自由形,55～59歳,27.42,28.37,31.26,5,古谷加寿子,セ・府中,8/8,41.73,41.73,False,False,False,,,0.73,,False
76,短水路,23,女子,50m自由形,55～59歳,27.42,28.37,31.26,6,三沢弘美,セ・長津田,8/2,42.79,42.79,False,False,False,,,0.91,,False
76,短水路,23,女子,50m自由形,55～59歳,27.42,28.37,31.26,7,下段千寿子,セ・越谷,5/6,43.15,43.15,False,False,False,,,1.07,,False
76,短水路,23,女子,50m自由形,55～59歳,27.42,28.37,31.26,8,富樫真樹子,セ・用賀,6/2,43.99,43.99,False,False,False,,,0.8,,False
76,短水路,23,女子,50m自由形,55～59歳,27.42,28.37,31.26,9,鈴木夏実,セ・慶應日吉,6/3,44.23,44.23,False,False,False,,,1.0,,False
76,短水路,23,女子,50m自由形,55～59歳,27.42,28.37,31.26,10,日置睦,セ・我孫子,3/8,50.86,50.86,False,False,False,,,0.98,,False
76,短水路,23,女子,50m自由形,55～59歳,27.42,28.37,31.26,11,植草美香子,セ・横浜,2/1,52.64,52.64,False,False,False,,,0.99,,False
76,短水路,23,女子,50m自由形,50～54歳,26.27,27.99,28.79,1,舘野美香,セ・目黒,15/5,28.87,28.87,False,False,False,,,0.72,,False
76,短水路,23,女子,50m自由形,50～54歳,26.27,27.99,28.79,2,杉本浩美,セ・南千住,14/5,31.28,31.28,False,False,False,,,0.67,,False
76,短水路,23,女子,50m自由形,50～54歳,26.27,27.99,28.79,3,山口陽代,セ・高崎,13/1,32.11,32.11,False,False,False,,,0.72,,False
76,短水路,23,女子,50m自由形,50～54歳,26.27,27.99,28.79,4,工藤遵江,セ・Ｆ宇都宮,13/4,32.85,32.85,False,False,False,,,0.77,,False
76,短水路,23,女子,50m自由形,50～54歳,26.27,27.99,28.79,5,池田智子,セ・目黒,12/5,33.83,33.83,False,False,False,,,0.75,,False
76,短水路,23,女子,50m自由形,50～54歳,26.27,27.99,28.79,6,大川晴美,セ・成城,12/3,33.97,33.97,False,False,False,,,0.73,,False
76,短水路,23,女子,50m自由形,50～54歳,26.27,27.99,28.79,7,高橋圭,セ・松戸,11/4,34.38,34.38,False,False,False,,,0.74,,False
76,短水路,23,女子,50m自由形,50～54歳,26.27,27.99,28.79,8,成島志雅子,セ・Ｆ宇都宮,11/8,37.84,37.84,False,False,False,,,0.84,,False
76,短水路,23,女子,50m自由形,50～54歳,26.27,27.99,28.79,9,西岡祐子,セ・用賀,9/2,38.41,38.41,False,False,False,,,0.61,,False
76,短水路,23,女子,50m自由形,50～54歳,26.27,27.99,28.79,10,酒井貴代,セ・大森,5/8,42.30,42.3,False,False,False,,,0.78,,False
76,短水路,23,女子,50m自由形,50～54歳,26.27,27.99,28.79,11,中村奈穂美,セ・越谷,7/7,42.70,42.7,False,False,False,,,0.91,,False
76,短水路,23,女子,50m自由形,50～54歳,26.27,27.99,28.79,12,石川美恵子,セ・長津田,6/6,43.03,43.03,False,False,False,,,1.1,,False
76,短水路,23,女子,50m自由形,50～54歳,26.27,27.99,28.79,13,大塚弘子,セ・茂原,9/8,43.32,43.32,False,False,False,,,1.05,,False
76,短水路,23,女子,50m自由形,50～54歳,26.27,27.99,28.79,14,佐藤泰子,セ・溝ノ口,8/7,43.56,43.56,False,False,False,,,0.9,,False
76,短水路,23,女子,50m自由形,50～54歳,26.27,27.99,28.79,15,兼子敬子,セ・南千住,3/3,44.53,44.53,False,False,False,,,0.84,,False
76,短水路,23,女子,50m自由形,45～49歳,26.29,27.46,28.98,1,佐々木彩,セ・成城,13/3,31.09,31.09,False,False,False,,,0.83,,False
76,短水路,23,女子,50m自由形,45～49歳,26.29,27.46,28.98,2,木村美佐子,セ・南宇都宮,13/8,31.88,31.88,False,False,False,,,0.75,,False
76,短水路,23,女子,50m自由形,45～49歳,26.29,27.46,28.98,3,日下幸子,ザバス川崎,13/6,31.96,31.96,False,False,False,,,0.84,,False
76,短水路,23,女子,50m自由形,45～49歳,26.29,27.46,28.98,4,小谷佐織,セ・千葉みなと,13/2,32.24,32.24,False,False,False,,,0.62,,False
76,短水路,23,女子,50m自由形,45～49歳,26.29,27.46,28.98,5,小室桃子,セ・八王子,13/7,33.79,33.79,False,False,False,,,0.8,,False
76,短水路,23,女子,50m自由形,45～49歳,26.29,27.46,28.98,6,飯澤美香,セ・我孫子,9/6,34.03,34.03,False,False,False,,,0.81,,False
76,短水路,23,女子,50m自由形,45～49歳,26.29,27.46,28.98,7,佐藤桂子,セ・横浜,12/1,34.70,34.7,False,False,False,,,0.68,,False
76,短水路,23,女子,50m自由形,45～49歳,26.29,27.46,28.98,8,吉池奈々,セ・二俣川,11/7,36.30,36.3,False,False,False,,,0.7,,False
76,短水路,23,女子,50m自由形,45～49歳,26.29,27.46,28.98,9,前田由希映,セ・二俣川,11/2,36.45,36.45,False,False,False,,,0.85,,False
76,短水路,23,女子,50m自由形,45～49歳,26.29,27.46,28.98,10,加藤千恵,セ・茂原,9/3,37.85,37.85,False,False,False,,,0.99,,False
76,短水路,23,女子,50m自由形,45～49歳,26.29,27.46,28.98,11,福本麻美,セ・慶應日吉,9/5,38.06,38.06,False,False,False,,,0.99,,False
76,短水路,23,女子,50m自由形,40～44歳,26.02,26.75,29.20,1,上沢絵里奈,セ・トレッサ,14/1,31.19,31.19,False,False,False,,,0.69,,False
76,短水路,23,女子,50m自由形,40～44歳,26.02,26.75,29.20,2,小豆澤和代,セ・慶應日吉,14/7,33.39,33.39,False,False,False,,,0.79,,False
76,短水路,23,女子,50m自由形,40～44歳,26.02,26.75,29.20,3,四井美穂,セ・天王洲,12/7,33.83,33.83,False,False,False,,,0.88,,False
76,短水路,23,女子,50m自由形,40～44歳,26.02,26.75,29.20,4,白花茉莉,セ・久喜,4/7,45.07,45.07,False,False,False,,,1.22,,False
76,短水路,23,女子,50m自由形,35～39歳,25.10,26.36,28.32,1,川北恵,セ・長津田,15/6,29.88,29.88,False,False,False,,,0.78,,False
76,短水路,23,女子,50m自由形,35～39歳,25.10,26.36,28.32,2,大家萌実,セ・用賀,12/4,32.18,32.18,False,False,False,,,0.62,,False
76,短水路,23,女子,50m自由形,35～39歳,25.10,26.36,28.32,3,井上悠,セ・トレッサ,10/1,37.69,37.69,False,False,False,,,1.16,,False
76,短水路,23,女子,50m自由形,30～34歳,24.30,25.57,28.59,1,早川舞,セ・蒲田,15/3,29.76,29.76,False,False,False,,,0.74,,False
76,短水路,23,女子,50m自由形,30～34歳,24.30,25.57,28.59,2,小堀友美,セ・南千住,14/3,31.14,31.14,False,False,False,,,0.81,,False
76,短水路,23,女子,50m自由形,30～34歳,24.30,25.57,28.59,3,熊谷紗友梨,セ・Ｓ湘南台,8/3,45.76,45.76,False,False,False,,,1.01,,False
76,短水路,23,女子,50m自由形,25～29歳,25.00,25.42,27.09,1,新後海優,セ・トレッサ,15/7,29.31,29.31,False,False,False,,,0.81,,False
76,短水路,23,女子,50m自由形,25～29歳,25.00,25.42,27.09,2,川俣星,セ・新都心,15/8,30.06,30.06,False,False,False,,,0.67,,False
76,短水路,23,女子,50m自由形,25～29歳,25.00,25.42,27.09,3,高橋由子,セ・川越,14/4,30.09,30.09,False,False,False,,,0.75,,False
76,短水路,23,女子,50m自由形,25～29歳,25.00,25.42,27.09,4,片桐由里恵,セ・Ｓ湘南台,10/8,37.09,37.09,False,False,False,,,0.86,,False
76,短水路,23,女子,50m自由形,18～24歳,,26.06,27.55,1,宮坂茉優,セ・我孫子,14/6,30.05,30.05,False,False,False,,,0.71,,False
76,短水路,23,女子,50m自由形,18～24歳,,26.06,27.55,2,広瀬幸音,セ・成城,15/2,30.61,30.61,False,False,False,,,0.73,,False
76,短水路,23,女子,50m自由形,18～24歳,,26.06,27.55,3,今井恵子,セ・阿佐谷,14/8,30.96,30.96,False,False,False,,,0.66,,False
76,短水路,23,女子,50m自由形,18～24歳,,26.06,27.55,4,正垣木梨,セ・下北沢,15/1,31.68,31.68,False,False,False,,,0.76,,False
76,短水路,23,女子,50m自由形,18～24歳,,26.06,27.55,5,田嶋由佳,セ・Ｆ宇都宮,12/2,32.46,32.46,False,False,False,,,0.78,,False
76,短水路,24,男子,50m自由形,85～89歳,32.23,32.63,41.94,1,川本剛,セ・長沼,3/6,43.31,43.31,False,False,False,,,0.93,,False
76,短水路,24,男子,50m自由形,85～89歳,32.23,32.63,41.94,2,大堀兵衛,セ・下北沢,1/5,59.72,59.72,False,False,False,,,1.55,,False
76,短水路,24,男子,50m自由形,85～89歳,32.23,32.63,41.94,3,丸野公敏,セ・南千住,1/2,1:04.09,64.09,False,False,False,,,,,False
76,短水路,24,男子,50m自由形,80～84歳,31.25,31.74,36.20,1,井口穣,セ・東戸塚,4/3,40.32,40.32,False,False,False,,,0.88,,False
76,短水路,24,男子,50m自由形,80～84歳,31.25,31.74,36.20,2,井上隆史,セ・市ヶ尾,3/3,43.08,43.08,False,False,False,,,0.97,,False
76,短水路,24,男子,50m自由形,75～79歳,28.70,30.21,30.06,1,瀧下敏和,セ・志木,4/1,41.09,41.09,False,False,False,,,1.0,,False
76,短水路,24,男子,50m自由形,75～79歳,28.70,30.21,30.06,2,林尊利,クリーンスパ,5/4,42.28,42.28,False,False,False,,,0.99,,False
76,短水路,24,男子,50m自由形,75～79歳,28.70,30.21,30.06,3,石井肇,墨田区体育館,2/6,44.17,44.17,False,False,False,,,1.27,,False
76,短水路,24,男子,50m自由形,75～79歳,28.70,30.21,30.06,4,田中信夫,セ・越谷,2/4,44.67,44.67,False,False,False,,,1.09,,False
76,短水路,24,男子,50m自由形,75～79歳,28.70,30.21,30.06,5,宮瀬吉弘,セ・おおたか,3/5,44.76,44.76,False,False,False,,,,,False
76,短水路,24,男子,50m自由形,70～74歳,26.88,28.08,28.79,1,亀田一磨,セ・東戸塚,10/3,32.16,32.16,False,False,False,,,0.84,,False
76,短水路,24,男子,50m自由形,70～74歳,26.88,28.08,28.79,2,若宮強,セ・成城,8/4,34.37,34.37,False,False,False,,,0.74,,False
76,短水路,24,男子,50m自由形,70～74歳,26.88,28.08,28.79,3,小山三千生,セ・清瀬,4/4,37.90,37.9,False,False,False,,,0.74,,False
76,短水路,24,男子,50m自由形,70～74歳,26.88,28.08,28.79,4,常山賢二,曽谷・セ,7/8,40.24,40.24,False,False,False,,,0.88,,False
76,短水路,24,男子,50m自由形,70～74歳,26.88,28.08,28.79,5,岸田孝,セ・南青山,6/8,41.09,41.09,False,False,False,,,0.87,,False
76,短水路,24,男子,50m自由形,70～74歳,26.88,28.08,28.79,6,宇佐美栄二,セ・阿佐谷,6/5,41.17,41.17,False,False,False,,,0.92,,False
76,短水路,24,男子,50m自由形,70～74歳,26.88,28.08,28.79,7,松下達一,セ・成瀬,5/3,43.18,43.18,False,False,False,,,1.02,,False
76,短水路,24,男子,50m自由形,70～74歳,26.88,28.08,28.79,8,斉藤雄一,セ・上池袋,2/5,46.49,46.49,False,False,False,,,1.06,,False
76,短水路,24,男子,50m自由形,65～69歳,25.42,26.00,27.52,1,仲宇佐隆一,セ・横浜,7/7,36.40,36.4,False,False,False,,,0.81,,False
76,短水路,24,男子,50m自由形,65～69歳,25.42,26.00,27.52,2,茂木和哉,セ・市ヶ尾,7/2,37.44,37.44,False,False,False,,,0.83,,False
76,短水路,24,男子,50m自由形,65～69歳,25.42,26.00,27.52,3,佐騰信弘,セ・桶川北本,7/3,37.66,37.66,False,False,False,,,0.78,,False
76,短水路,24,男子,50m自由形,65～69歳,25.42,26.00,27.52,4,臼井全人,セ・大宮宮原,8/5,38.78,38.78,False,False,False,,,0.89,,False
76,短水路,24,男子,50m自由形,65～69歳,25.42,26.00,27.52,5,阿部宏之助,セ・上池袋,6/3,38.86,38.86,False,False,False,,,0.8,,False
76,短水路,24,男子,50m自由形,65～69歳,25.42,26.00,27.52,6,飯沼明,セ・長津田,4/7,39.02,39.02,False,False,False,,,0.94,,False
76,短水路,24,男子,50m自由形,65～69歳,25.42,26.00,27.52,7,山中一男,セ・阿佐谷,6/6,39.35,39.35,False,False,False,,,0.85,,False
76,短水路,24,男子,50m自由形,65～69歳,25.42,26.00,27.52,8,上原隆男,クリーンスパ,4/5,40.29,40.29,False,False,False,,,0.78,,False
76,短水路,24,男子,50m自由形,65～69歳,25.42,26.00,27.52,9,鈴木篤,セ・おおたか,3/2,44.44,44.44,False,False,False,,,0.94,,False
76,短水路,24,男子,50m自由形,60～64歳,24.90,25.26,26.54,1,真島隆,セ・阿佐谷,13/5,30.11,30.11,False,False,False,,,0.75,,False
76,短水路,24,男子,50m自由形,60～64歳,24.90,25.26,26.54,2,金子勝,セ・岩槻,12/4,30.94,30.94,False,False,False,,,0.76,,False
76,短水路,24,男子,50m自由形,60～64歳,24.90,25.26,26.54,3,神尾尚人,セ・市ヶ尾,11/4,32.15,32.15,False,False,False,,,0.67,,False
76,短水路,24,男子,50m自由形,60～64歳,24.90,25.26,26.54,4,二宮淳,セ・トレッサ,8/6,33.33,33.33,False,False,False,,,0.73,,False
76,短水路,24,男子,50m自由形,60～64歳,24.90,25.26,26.54,5,畠山勝実,セ・大宮宮原,7/4,33.88,33.88,False,False,False,,,0.81,,False
76,短水路,24,男子,50m自由形,60～64歳,24.90,25.26,26.54,6,横浜健,セ・南青山,10/6,34.64,34.64,False,False,False,,,0.76,,False
76,短水路,24,男子,50m自由形,60～64歳,24.90,25.26,26.54,7,山本和巳,セ・茂原,7/6,36.86,36.86,False,False,False,,,0.78,,False
76,短水路,24,男子,50m自由形,60～64歳,24.90,25.26,26.54,8,辻本淳,セ・成瀬,6/1,37.26,37.26,False,False,False,,,0.74,,False
76,短水路,24,男子,50m自由形,60～64歳,24.90,25.26,26.54,9,安藤靖,セ・南青山,5/5,39.14,39.14,False,False,False,,,0.77,,False
76,短水路,24,男子,50m自由形,60～64歳,24.90,25.26,26.54,10,岡部浩次,セ・上池袋,4/2,40.45,40.45,False,False,False,,,1.04,,False
76,短水路,24,男子,50m自由形,60～64歳,24.90,25.26,26.54,11,浅井速人,セ・葛西,5/6,40.71,40.71,False,False,False,,,0.99,,False
76,短水路,24,男子,50m自由形,60～64歳,24.90,25.26,26.54,12,後藤潤,セ・成城,6/7,41.39,41.39,False,False,False,,,0.82,,False
76,短水路,24,男子,50m自由形,60～64歳,24.90,25.26,26.54,13,古川勝彦,セ・平塚,3/8,1:02.91,62.91,False,False,False,,,,,False
76,短水路,24,男子,50m自由形,55～59歳,24.37,24.51,26.47,1,久保卓士,セ・天王洲,12/1,29.96,29.96,False,False,False,,,0.9,,False
76,短水路,24,男子,50m自由形,55～59歳,24.37,24.51,26.47,2,浅田康朗,セ・大森,14/4,30.14,30.14,False,False,False,,,0.81,,False
76,短水路,24,男子,50m自由形,55～59歳,24.37,24.51,26.47,3,永家一徳,セ・市川,12/6,30.53,30.53,False,False,False,,,0.72,,False
76,短水路,24,男子,50m自由形,55～59歳,24.37,24.51,26.47,4,兵藤鋭雄,セ・目黒,13/6,30.57,30.57,False,False,False,,,0.75,,False
76,短水路,24,男子,50m自由形,55～59歳,24.37,24.51,26.47,5,新井良育,セ・市ヶ尾,11/5,30.80,30.8,False,False,False,,,0.81,,False
76,短水路,24,男子,50m自由形,55～59歳,24.37,24.51,26.47,6,山田隆弘,セ・市川,10/8,32.06,32.06,False,False,False,,,0.87,,False
76,短水路,24,男子,50m自由形,55～59歳,24.37,24.51,26.47,7,谷川元,セ・ときわ台,11/8,32.33,32.33,False,False,False,,,0.61,,False
76,短水路,24,男子,50m自由形,55～59歳,24.37,24.51,26.47,8,佐藤正章,セ・用賀,10/5,32.90,32.9,False,False,False,,,0.78,,False
76,短水路,24,男子,50m自由形,55～59歳,24.37,24.51,26.47,9,吉峯幸郎,セ・用賀,7/5,35.27,35.27,False,False,False,,,0.86,,False
76,短水路,24,男子,50m自由形,55～59歳,24.37,24.51,26.47,10,高橋潤,セ・成瀬,8/2,35.61,35.61,False,False,False,,,0.81,,False
76,短水路,24,男子,50m自由形,55～59歳,24.37,24.51,26.47,11,山田貴久,セ・大森,1/6,37.76,37.76,False,False,False,,,1.66,,False
76,短水路,24,男子,50m自由形,55～59歳,24.37,24.51,26.47,12,安部盛博,セ・成城,3/4,39.40,39.4,False,False,False,,,0.78,,False
76,短水路,24,男子,50m自由形,55～59歳,24.37,24.51,26.47,13,半澤繁,セ・清瀬,5/2,42.59,42.59,False,False,False,,,0.8,,False
76,短水路,24,男子,50m自由形,50～54歳,23.36,23.66,26.40,1,瀧本英樹,セ・千葉みなと,18/2,27.64,27.64,False,False,False,,,0.62,,False
76,短水路,24,男子,50m自由形,50～54歳,23.36,23.66,26.40,2,長崎啓,セ・二俣川,18/1,27.83,27.83,False,False,False,,,0.74,,False
76,短水路,24,男子,50m自由形,50～54歳,23.36,23.66,26.40,3,村野雄太,セ・清瀬,17/3,27.88,27.88,False,False,False,,,0.66,,False
76,短水路,24,男子,50m自由形,50～54歳,23.36,23.66,26.40,4,石上智啓,セ・二俣川,17/2,28.23,28.23,False,False,False,,,0.71,,False
76,短水路,24,男子,50m自由形,50～54歳,23.36,23.66,26.40,5,阿部賢裕,セ・能見台,14/5,29.01,29.01,False,False,False,,,0.77,,False
76,短水路,24,男子,50m自由形,50～54歳,23.36,23.66,26.40,6,川端邦武,セ・西台,15/1,29.08,29.08,False,False,False,,,0.66,,False
76,短水路,24,男子,50m自由形,50～54歳,23.36,23.66,26.40,7,西村太郎,セ・千葉みなと,13/3,29.37,29.37,False,False,False,,,0.6,,False
76,短水路,24,男子,50m自由形,50～54歳,23.36,23.66,26.40,8,松崎敏明,セ・慶應日吉,17/6,29.40,29.4,False,False,False,,,0.71,,False
76,短水路,24,男子,50m自由形,50～54歳,23.36,23.66,26.40,9,西野宮冬木,セ・長津田,14/3,29.77,29.77,False,False,False,,,0.93,,False
76,短水路,24,男子,50m自由形,50～54歳,23.36,23.66,26.40,10,荒井正明,セ・八千代台,13/4,29.88,29.88,False,False,False,,,0.74,,False
76,短水路,24,男子,50m自由形,50～54歳,23.36,23.66,26.40,11,足立晃,セ・新川崎,14/1,30.01,30.01,False,False,False,,,0.77,,False
76,短水路,24,男子,50m自由形,50～54歳,23.36,23.66,26.40,12,弭間政隆,セ・葛西,13/2,30.22,30.22,False,False,False,,,0.9,,False
76,短水路,24,男子,50m自由形,50～54歳,23.36,23.66,26.40,13,山田大介,セ・武蔵小杉,12/5,31.05,31.05,False,False,False,,,0.71,,False
76,短水路,24,男子,50m自由形,50～54歳,23.36,23.66,26.40,14,廣瀬淳一,セ・トレッサ,8/7,31.38,31.38,False,False,False,,,0.82,,False
76,短水路,24,男子,50m自由形,50～54歳,23.36,23.66,26.40,15,岡田能行,セ・越谷,12/8,31.97,31.97,False,False,False,,,0.76,,False
76,短水路,24,男子,50m自由形,50～54歳,23.36,23.66,26.40,16,鈴木章浩,セ・大森,12/2,32.51,32.51,False,False,False,,,0.76,,False
76,短水路,24,男子,50m自由形,50～54歳,23.36,23.66,26.40,17,松本考弘,セ・清瀬,11/3,32.66,32.66,False,False,False,,,0.89,,False
76,短水路,24,男子,50m自由形,50～54歳,23.36,23.66,26.40,18,金子謙一,セ・長津田,9/8,32.71,32.71,False,False,False,,,0.78,,False
76,短水路,24,男子,50m自由形,50～54歳,23.36,23.66,26.40,19,千葉忠英,セ・天王洲,10/1,32.74,32.74,False,False,False,,,0.8,,False
76,短水路,24,男子,50m自由形,50～54歳,23.36,23.66,26.40,20,庄司和明,セ・松戸,9/2,35.05,35.05,False,False,False,,,0.78,,False
76,短水路,24,男子,50m自由形,50～54歳,23.36,23.66,26.40,21,小柳大,ザバス川崎,7/1,35.88,35.88,False,False,False,,,0.98,,False
76,短水路,24,男子,50m自由形,50～54歳,23.36,23.66,26.40,22,向山高弘,セ・ときわ台,6/4,36.98,36.98,False,False,False,,,0.88,,False
76,短水路,24,男子,50m自由形,45～49歳,22.85,22.85,25.12,1,野村峰生,セ・大森,20/6,26.28,26.28,False,False,False,,,0.72,,False
76,短水路,24,男子,50m自由形,45～49歳,22.85,22.85,25.12,2,小安貴弘,セ・高崎,18/7,27.28,27.28,False,False,False,,,0.67,,False
76,短水路,24,男子,50m自由形,45～49歳,22.85,22.85,25.12,3,堀川広祐,セ・二俣川,16/4,28.27,28.27,False,False,False,,,0.67,,False
76,短水路,24,男子,50m自由形,45～49歳,22.85,22.85,25.12,4,宮崎健,セ・福生,15/6,28.70,28.7,False,False,False,,,0.69,,False
76,短水路,24,男子,50m自由形,45～49歳,22.85,22.85,25.12,5,加地隆史,セ・葛西,15/4,29.02,29.02,False,False,False,,,0.7,,False
76,短水路,24,男子,50m自由形,45～49歳,22.85,22.85,25.12,6,甫坂修男,セ・市川,15/8,29.18,29.18,False,False,False,,,0.73,,False
76,短水路,24,男子,50m自由形,45～49歳,22.85,22.85,25.12,7,磯貝知弘,セ・柏,15/2,29.78,29.78,False,False,False,,,0.72,,False
76,短水路,24,男子,50m自由形,45～49歳,22.85,22.85,25.12,8,花輪博之,セ・越谷,12/3,29.98,29.98,False,False,False,,,0.84,,False
76,短水路,24,男子,50m自由形,45～49歳,22.85,22.85,25.12,9,若杉佳宏,セ・阿佐谷,14/6,30.14,30.14,False,False,False,,,0.73,,False
76,短水路,24,男子,50m自由形,45～49歳,22.85,22.85,25.12,10,宮岡亮介,セ・亀有,14/8,30.33,30.33,False,False,False,,,0.75,,False
76,短水路,24,男子,50m自由形,45～49歳,22.85,22.85,25.12,11,白子満,セ・自由が丘,15/7,30.59,30.59,False,False,False,,,0.64,,False
76,短水路,24,男子,50m自由形,45～49歳,22.85,22.85,25.12,12,藤田一寿,セ・成城,13/1,30.87,30.87,False,False,False,,,0.85,,False
76,短水路,24,男子,50m自由形,45～49歳,22.85,22.85,25.12,13,中嶋智史,セ・市ヶ尾,10/4,31.52,31.52,False,False,False,,,0.72,,False
76,短水路,24,男子,50m自由形,45～49歳,22.85,22.85,25.12,14,萩原智徳,セ・長津田,9/1,35.08,35.08,False,False,False,,,0.75,,False
76,短水路,24,男子,50m自由形,45～49歳,22.85,22.85,25.12,15,宮本大介,セ・高崎,6/2,38.10,38.1,False,False,False,,,0.91,,False
76,短水路,24,男子,50m自由形,45～49歳,22.85,22.85,25.12,16,李碩晋,セ・福生,4/6,40.26,40.26,False,False,False,,,0.98,,False
76,短水路,24,男子,50m自由形,40～44歳,22.54,22.75,24.85,1,島脇晃也,セ・大森,19/5,25.27,25.27,False,False,False,,,0.65,,False
76,短水路,24,男子,50m自由形,40～44歳,22.54,22.75,24.85,2,前田崇行,セ・二俣川,20/4,25.84,25.84,False,False,False,,,0.69,,False
76,短水路,24,男子,50m自由形,40～44歳,22.54,22.75,24.85,3,山賀竜馬,セ・阿佐谷,20/3,25.91,25.91,False,False,False,,,0.58,,False
76,短水路,24,男子,50m自由形,40～44歳,22.54,22.75,24.85,4,吉田拓磨,セ・上池袋,18/5,27.14,27.14,False,False,False,,,0.65,,False
76,短水路,24,男子,50m自由形,40～44歳,22.54,22.75,24.85,5,図師拓千,セ・市ヶ尾,19/2,27.20,27.2,False,False,False,,,0.65,,False
76,短水路,24,男子,50m自由形,40～44歳,22.54,22.75,24.85,6,石井将太,セ・成瀬,18/8,27.22,27.22,False,False,False,,,0.73,,False
76,短水路,24,男子,50m自由形,40～44歳,22.54,22.75,24.85,7,鈴木敏志,セ・松戸,17/4,27.25,27.25,False,False,False,,,0.72,,False
76,短水路,24,男子,50m自由形,40～44歳,22.54,22.75,24.85,8,植村匡詞,セ・千葉みなと,18/6,27.31,27.31,False,False,False,,,0.72,,False
76,短水路,24,男子,50m自由形,40～44歳,22.54,22.75,24.85,9,中村真也,セ・目黒,16/3,28.37,28.37,False,False,False,,,0.68,,False
76,短水路,24,男子,50m自由形,40～44歳,22.54,22.75,24.85,10,木村知行,セ・二俣川,16/5,28.51,28.51,False,False,False,,,0.75,,False
76,短水路,24,男子,50m自由形,40～44歳,22.54,22.75,24.85,11,田子晃,セ・自由が丘,11/1,31.58,31.58,False,False,False,,,0.8,,False
76,短水路,24,男子,50m自由形,40～44歳,22.54,22.75,24.85,12,笹野宏樹,セ・Ｓ湘南台,11/2,32.75,32.75,False,False,False,,,0.88,,False
76,短水路,24,男子,50m自由形,40～44歳,22.54,22.75,24.85,13,上村匠,セ・下北沢,9/4,33.10,33.1,False,False,False,,,0.85,,False
76,短水路,24,男子,50m自由形,40～44歳,22.54,22.75,24.85,14,田中遼太,セ・慶應日吉,11/6,34.66,34.66,False,False,False,,,0.72,,False
76,短水路,24,男子,50m自由形,40～44歳,22.54,22.75,24.85,15,清水大輔,セ・桶川北本,2/2,37.27,37.27,False,False,False,,,0.9,,False
76,短水路,24,男子,50m自由形,35～39歳,21.53,22.24,23.57,1,根本隆利,セ・慶應日吉,15/5,28.31,28.31,False,False,False,,,0.69,,False
76,短水路,24,男子,50m自由形,35～39歳,21.53,22.24,23.57,2,和田亮,セ・阿佐谷,16/6,28.41,28.41,False,False,False,,,0.76,,False
76,短水路,24,男子,50m自由形,30～34歳,21.53,21.87,24.18,1,石川和樹,セ・谷津,21/6,23.87,23.87,True,False,False,,,0.62,,False
76,短水路,24,男子,50m自由形,30～34歳,21.53,21.87,24.18,2,板垣義人,セ・トレッサ,8/1,24.18,24.18,False,False,False,,,0.67,,False
76,短水路,24,男子,50m自由形,30～34歳,21.53,21.87,24.18,3,小方聡,セ・用賀,21/8,24.92,24.92,False,False,False,,,0.69,,False
76,短水路,24,男子,50m自由形,30～34歳,21.53,21.87,24.18,4,石井翔真,セ・成城,19/3,25.22,25.22,False,False,False,,,0.62,,False
76,短水路,24,男子,50m自由形,30～34歳,21.53,21.87,24.18,5,高梨大樹,セ・成瀬,19/4,25.26,25.26,False,False,False,,,0.68,,False
76,短水路,24,男子,50m自由形,30～34歳,21.53,21.87,24.18,6,塚本拓也,セ・清瀬,19/7,25.84,25.84,False,False,False,,,0.56,,False
76,短水路,24,男子,50m自由形,30～34歳,21.53,21.87,24.18,7,土居秀雅,セ・成瀬,20/2,26.27,26.27,False,False,False,,,0.67,,False
76,短水路,24,男子,50m自由形,30～34歳,21.53,21.87,24.18,8,杉山大亜,セ・二俣川,15/3,27.64,27.64,False,False,False,,,0.73,,False
76,短水路,24,男子,50m自由形,30～34歳,21.53,21.87,24.18,9,寺田遼太,セ・天王洲,16/2,28.07,28.07,False,False,False,,,0.81,,False
76,短水路,24,男子,50m自由形,30～34歳,21.53,21.87,24.18,10,江沢純也,セ・我孫子,17/1,28.51,28.51,False,False,False,,,0.71,,False
76,短水路,24,男子,50m自由形,25～29歳,21.28,21.84,23.46,1,川島由伸,セ・大宮宮原,21/4,22.51,22.51,True,False,False,,,0.62,,False
76,短水路,24,男子,50m自由形,25～29歳,21.28,21.84,23.46,2,松澤朋樹,セ・武蔵小杉,19/1,25.29,25.29,False,False,False,,,0.71,,False
76,短水路,24,男子,50m自由形,25～29歳,21.28,21.84,23.46,3,松尾勇太,セ・南青山,21/7,25.57,25.57,False,False,False,,,0.65,,False
76,短水路,24,男子,50m自由形,25～29歳,21.28,21.84,23.46,4,中原志門,セ・大森,17/8,25.92,25.92,False,False,False,,,0.68,,False
76,短水路,24,男子,50m自由形,25～29歳,21.28,21.84,23.46,5,室坂拓真,セ・用賀,20/5,26.01,26.01,False,False,False,,,0.65,,False
76,短水路,24,男子,50m自由形,25～29歳,21.28,21.84,23.46,6,武本侑己,セ・青砥,16/7,28.30,28.3,False,False,False,,,0.75,,False
76,短水路,24,男子,50m自由形,25～29歳,21.28,21.84,23.46,7,小沢征司,セ・大宮宮原,10/2,31.03,31.03,False,False,False,,,0.83,,False
76,短水路,24,男子,50m自由形,25～29歳,21.28,21.84,23.46,8,友國賀津希,セ・葛西,10/7,31.53,31.53,False,False,False,,,0.68,,False
76,短水路,24,男子,50m自由形,18～24歳,,,23.73,1,設樂航希,セ・流山,21/3,23.49,23.49,True,False,False,,,0.64,,False
76,短水路,24,男子,50m自由形,18～24歳,,,23.73,2,川口皓生,セ・柏,21/5,24.02,24.02,False,False,False,,,0.64,,False
76,短水路,24,男子,50m自由形,18～24歳,,,23.73,3,村田拓斗,セ・長津田,20/8,24.68,24.68,False,False,False,,,0.68,,False
76,短水路,24,男子,50m自由形,18～24歳,,,23.73,4,内田陸登,セ・慶應日吉,21/2,25.54,25.54,False,False,False,,,0.64,,False
76,短水路,24,男子,50m自由形,18～24歳,,,23.73,5,田中啓二朗,セ・二俣川,19/8,25.64,25.64,False,False,False,,,0.67,,False
76,短水路,24,男子,50m自由形,18～24歳,,,23.73,6,宮川ガブリエル拓実,セ・慶應日吉,20/1,25.66,25.66,False,False,False,,,0.55,,False
76,短水路,24,男子,50m自由形,18～24歳,,,23.73,7,重高良彦,セ・能見台,19/6,26.04,26.04,False,False,False,,,0.7,,False
76,短水路,24,男子,50m自由形,18～24歳,,,23.73,8,城野天都,セ・我孫子,17/5,26.58,26.58,False,False,False,,,0.68,,False
76,短水路,24,男子,50m自由形,18～24歳,,,23.73,9,日吉将輝,セ・大宮宮原,17/7,26.94,26.94,False,False,False,,,0.69,,False
76,短水路,24,男子,50m自由形,18～24歳,,,23.73,10,秋澤裕介,セ・二俣川,18/3,27.12,27.12,False,False,False,,,0.7,,False
76,短水路,24,男子,50m自由形,18～24歳,,,23.73,11,村上裕哉,セ・南千住,21/1,27.15,27.15,False,False,False,,,0.62,,False
76,短水路,24,男子,50m自由形,18～24歳,,,23.73,12,岩崎伊吹,セ・おおたか,12/7,27.29,27.29,False,False,False,,,0.65,,False
76,短水路,24,男子,50m自由形,18～24歳,,,23.73,13,佐々木明日真,セ・市川,14/7,27.47,27.47,False,False,False,,,0.68,,False
76,短水路,24,男子,50m自由形,18～24歳,,,23.73,14,嶋田翔太,セ・葛西,16/8,28.19,28.19,False,False,False,,,0.68,,False
76,短水路,24,男子,50m自由形,18～24歳,,,23.73,15,山﨑緋呂,セ・葛西,16/1,29.03,29.03,False,False,False,,,0.62,,False
76,短水路,24,男子,50m自由形,18～24歳,,,23.73,16,小林眞那登,セ・越谷,11/7,30.48,30.48,False,False,False,,,0.67,,False
76,短水路,24,男子,50m自由形,18～24歳,,,23.73,17,松本海星,セ・清瀬,13/8,31.92,31.92,False,False,False,,,0.75,,False
76,短水路,24,男子,50m自由形,18～24歳,,,23.73,18,小松陸翔,セ・八王子,5/8,32.15,32.15,False,False,False,,,0.87,,False
76,短水路,24,男子,50m自由形,18～24歳,,,23.73,19,佐々木駿,セ・流山,8/8,32.68,32.68,False,False,False,,,0.73,,False
76,短水路,25,女子,50m背泳ぎ,85～89歳,45.54,45.54,1:02.62,1,田之上ノブ,セ・蘇我,1/6,1:03.22,63.22,False,False,False,,,0.88,,False
76,短水路,25,女子,50m背泳ぎ,85～89歳,45.54,45.54,1:02.62,2,森川タエ子,セ・我孫子,1/2,1:10.05,70.05,False,False,False,,,1.23,,False
76,短水路,25,女子,50m背泳ぎ,80～84歳,43.76,43.76,53.67,,舘野圭子,セ・用賀,1/5,,,False,False,False,,,,,False
76,短水路,25,女子,50m背泳ぎ,75～79歳,39.01,41.12,46.66,1,藤井一恵,セ・大森,3/4,53.60,53.6,False,False,False,,,0.77,,False
76,短水路,25,女子,50m背泳ぎ,75～79歳,39.01,41.12,46.66,2,宮島町子,セ・亀有,2/1,58.16,58.16,False,False,False,,,0.79,,False
76,短水路,25,女子,50m背泳ぎ,75～79歳,39.01,41.12,46.66,3,星幸恵,クリーンスパ,2/7,58.43,58.43,False,False,False,,,0.89,,False
76,短水路,25,女子,50m背泳ぎ,75～79歳,39.01,41.12,46.66,4,太田重代,セ・二俣川,2/8,1:05.73,65.73,False,False,False,,,0.98,,False
76,短水路,25,女子,50m背泳ぎ,75～79歳,39.01,41.12,46.66,5,佐藤とき子,セ・蘇我,1/7,1:18.13,78.13,False,False,False,,,1.0,,False
76,短水路,25,女子,50m背泳ぎ,75～79歳,39.01,41.12,46.66,6,西村咲喜子,セ・志木,1/1,1:33.91,93.91,False,False,False,,,1.02,,False
76,短水路,25,女子,50m背泳ぎ,70～74歳,33.80,39.79,43.90,1,田中節子,セ・館山,5/4,49.71,49.71,False,False,False,,,0.83,,False
76,短水路,25,女子,50m背泳ぎ,70～74歳,33.80,39.79,43.90,2,松村恵子,セ・葛西,4/4,50.96,50.96,False,False,False,,,0.7,,False
76,短水路,25,女子,50m背泳ぎ,70～74歳,33.80,39.79,43.90,3,水谷裕子,セ・西新井,4/2,51.30,51.3,False,False,False,,,0.81,,False
76,短水路,25,女子,50m背泳ぎ,70～74歳,33.80,39.79,43.90,4,川上涼子,セ・蘇我,3/6,52.94,52.94,False,False,False,,,0.78,,False
76,短水路,25,女子,50m背泳ぎ,70～74歳,33.80,39.79,43.90,5,儀保都志子,セ・成瀬,2/2,55.22,55.22,False,False,False,,,0.83,,False
76,短水路,25,女子,50m背泳ぎ,70～74歳,33.80,39.79,43.90,6,木村恵子,セ・越谷,2/6,59.46,59.46,False,False,False,,,0.71,,False
76,短水路,25,女子,50m背泳ぎ,70～74歳,33.80,39.79,43.90,7,池淵玲子,セ・慶應日吉,1/4,1:02.54,62.54,False,False,False,,,0.83,,False
76,短水路,25,女子,50m背泳ぎ,70～74歳,33.80,39.79,43.90,8,長谷川節子,セ・天王洲,1/3,1:13.09,73.09,False,False,False,,,0.67,,False
76,短水路,25,女子,50m背泳ぎ,65～69歳,33.41,37.63,42.27,1,石田良子,セ・越谷,6/8,43.73,43.73,False,False,False,,,0.55,,False
76,短水路,25,女子,50m背泳ぎ,65～69歳,33.41,37.63,42.27,2,酒井香澄,セ・湘南ＬＴ,6/6,45.06,45.06,False,False,False,,,0.79,,False
76,短水路,25,女子,50m背泳ぎ,65～69歳,33.41,37.63,42.27,3,野村洋子,ザバス金沢八,4/5,47.48,47.48,False,False,False,,,0.91,,False
76,短水路,25,女子,50m背泳ぎ,65～69歳,33.41,37.63,42.27,4,田邊和歌子,セ・横浜,3/3,47.68,47.68,False,False,False,,,0.69,,False
76,短水路,25,女子,50m背泳ぎ,65～69歳,33.41,37.63,42.27,5,森本美恵,セ・松戸,4/7,48.97,48.97,False,False,False,,,0.7,,False
76,短水路,25,女子,50m背泳ぎ,65～69歳,33.41,37.63,42.27,6,堀口実枝子,セ・トレッサ,4/3,49.02,49.02,False,False,False,,,0.7,,False
76,短水路,25,女子,50m背泳ぎ,65～69歳,33.41,37.63,42.27,7,岡田美恵子,セ・溝ノ口,3/5,51.93,51.93,False,False,False,,,0.82,,False
76,短水路,25,女子,50m背泳ぎ,65～69歳,33.41,37.63,42.27,8,原昌代,セ・市ヶ尾,4/1,52.67,52.67,False,False,False,,,0.77,,False
76,短水路,25,女子,50m背泳ぎ,65～69歳,33.41,37.63,42.27,9,石河久美子,セ・溝ノ口,3/8,56.43,56.43,False,False,False,,,0.78,,False
76,短水路,25,女子,50m背泳ぎ,60～64歳,32.91,35.24,35.24,1,石井裕美,セ・ときわ台,6/4,42.89,42.89,False,False,False,,,0.62,,False
76,短水路,25,女子,50m背泳ぎ,60～64歳,32.91,35.24,35.24,2,座間千鶴子,ザバス金沢八,5/3,46.78,46.78,False,False,False,,,0.51,,False
76,短水路,25,女子,50m背泳ぎ,60～64歳,32.91,35.24,35.24,3,高見沢ゆみ子,セ・慶應日吉,5/7,46.97,46.97,False,False,False,,,0.93,,False
76,短水路,25,女子,50m背泳ぎ,60～64歳,32.91,35.24,35.24,4,神保清美,セ・自由が丘,4/6,47.45,47.45,False,False,False,,,0.57,,False
76,短水路,25,女子,50m背泳ぎ,60～64歳,32.91,35.24,35.24,5,大槻真由美,セ・清瀬,5/6,47.57,47.57,False,False,False,,,0.77,,False
76,短水路,25,女子,50m背泳ぎ,60～64歳,32.91,35.24,35.24,6,久保とし子,セ・長津田,4/8,52.41,52.41,False,False,False,,,0.83,,False
76,短水路,25,女子,50m背泳ぎ,60～64歳,32.91,35.24,35.24,7,荒川直子,セ・大宮宮原,2/4,53.93,53.93,False,False,False,,,0.97,,False
76,短水路,25,女子,50m背泳ぎ,60～64歳,32.91,35.24,35.24,8,石井恵津,セ・自由が丘,2/3,57.48,57.48,False,False,False,,,0.77,,False
76,短水路,25,女子,50m背泳ぎ,55～59歳,30.12,32.74,34.84,1,篠原理恵,セ・南宇都宮,7/2,38.40,38.4,False,False,False,,,0.7,,False
76,短水路,25,女子,50m背泳ぎ,55～59歳,30.12,32.74,34.84,2,仲田久美子,セ・成城,7/7,38.72,38.72,False,False,False,,,0.62,,False
76,短水路,25,女子,50m背泳ぎ,55～59歳,30.12,32.74,34.84,3,袴田智津子,セ・湘南ＬＴ,6/5,40.66,40.66,False,False,False,,,0.59,,False
76,短水路,25,女子,50m背泳ぎ,55～59歳,30.12,32.74,34.84,4,小林のぞみ,セ・越谷,6/7,45.79,45.79,False,False,False,,,0.63,,False
76,短水路,25,女子,50m背泳ぎ,55～59歳,30.12,32.74,34.84,5,中野朗子,セ・慶應日吉,5/1,47.23,47.23,False,False,False,,,0.74,,False
76,短水路,25,女子,50m背泳ぎ,50～54歳,30.27,31.52,34.28,1,梅澤亮子,セ・桶川北本,8/1,35.27,35.27,False,False,False,,,0.68,,False
76,短水路,25,女子,50m背泳ぎ,50～54歳,30.27,31.52,34.28,2,浅尾有香,セ・大森,7/6,36.36,36.36,False,False,False,,,0.64,,False
76,短水路,25,女子,50m背泳ぎ,50～54歳,30.27,31.52,34.28,3,大橋ほづ美,セ・清瀬,7/1,39.21,39.21,False,False,False,,,0.71,,False
76,短水路,25,女子,50m背泳ぎ,50～54歳,30.27,31.52,34.28,4,棚網恵理,セ・阿佐谷,7/4,39.81,39.81,False,False,False,,,0.59,,False
76,短水路,25,女子,50m背泳ぎ,50～54歳,30.27,31.52,34.28,5,吉岡智子,セ・新都心,6/2,45.36,45.36,False,False,False,,,0.77,,False
76,短水路,25,女子,50m背泳ぎ,50～54歳,30.27,31.52,34.28,6,大島江理子,セ・大森,5/8,45.44,45.44,False,False,False,,,0.74,,False
76,短水路,25,女子,50m背泳ぎ,50～54歳,30.27,31.52,34.28,7,八幡悦子,セ・福生,3/7,48.79,48.79,False,False,False,,,0.71,,False
76,短水路,25,女子,50m背泳ぎ,50～54歳,30.27,31.52,34.28,8,津田千鶴,セ・能見台,3/2,48.95,48.95,False,False,False,,,1.07,,False
76,短水路,25,女子,50m背泳ぎ,50～54歳,30.27,31.52,34.28,,山本奈穂美,セ・大宮宮原,2/5,,,False,False,False,,,,,False
76,短水路,25,女子,50m背泳ぎ,45～49歳,29.52,30.54,34.33,1,片岡祥子,セ・千葉みなと,8/7,35.45,35.45,False,False,False,,,0.66,,False
76,短水路,25,女子,50m背泳ぎ,45～49歳,29.52,30.54,34.33,2,遠藤真理,セ・阿佐谷,8/8,38.08,38.08,False,False,False,,,0.57,,False
76,短水路,25,女子,50m背泳ぎ,45～49歳,29.52,30.54,34.33,3,宇田川美穂,セ・天王洲,6/3,41.46,41.46,False,False,False,,,0.71,,False
76,短水路,25,女子,50m背泳ぎ,40～44歳,28.86,30.12,33.28,1,小野真佐子,セ・阿佐谷,7/5,38.51,38.51,False,False,False,,,0.69,,False
76,短水路,25,女子,50m背泳ぎ,40～44歳,28.86,30.12,33.28,2,山田未紗子,セ・越谷,5/5,42.43,42.43,False,False,False,,,0.68,,False
76,短水路,25,女子,50m背泳ぎ,40～44歳,28.86,30.12,33.28,3,小高麻衣子,セ・市川,6/1,44.92,44.92,False,False,False,,,0.65,,False
76,短水路,25,女子,50m背泳ぎ,35～39歳,27.63,28.97,33.16,1,菊地美春,セ・目黒,8/2,34.35,34.35,False,False,False,,,0.72,,False
76,短水路,25,女子,50m背泳ぎ,35～39歳,27.63,28.97,33.16,2,萩原ゆりか,セ・天王洲,7/3,37.95,37.95,False,False,False,,,0.7,,False
76,短水路,25,女子,50m背泳ぎ,25～29歳,27.88,27.88,31.16,1,岡澤志織,セ・茂原,8/6,30.62,30.62,True,False,False,,,0.62,,False
76,短水路,25,女子,50m背泳ぎ,18～24歳,,,30.85,1,高﨑優奈,セ・清瀬,8/3,30.81,30.81,True,False,False,,,0.57,,False
76,短水路,25,女子,50m背泳ぎ,18～24歳,,,30.85,2,君島凜香,セ・おおたか,8/4,31.13,31.13,False,False,False,,,0.55,,False
76,短水路,25,女子,50m背泳ぎ,18～24歳,,,30.85,3,松本彩花,セ・二俣川,7/8,41.51,41.51,False,False,False,,,0.6,,False
76,短水路,26,男子,50m背泳ぎ,75～79歳,33.87,36.58,44.61,1,吉田亮,セ・成瀬,2/7,42.50,42.5,True,False,False,,,0.81,,False
76,短水路,26,男子,50m背泳ぎ,75～79歳,33.87,36.58,44.61,2,田中信夫,セ・越谷,1/6,46.85,46.85,False,False,False,,,0.93,,False
76,短水路,26,男子,50m背泳ぎ,70～74歳,32.57,35.21,36.65,1,吉澤隆,セ・清瀬,2/2,41.13,41.13,False,False,False,,,0.91,,False
76,短水路,26,男子,50m背泳ぎ,70～74歳,32.57,35.21,36.65,2,常山賢二,曽谷・セ,1/3,47.07,47.07,False,False,False,,,0.71,,False
76,短水路,26,男子,50m背泳ぎ,65～69歳,30.34,31.77,37.44,1,會田修一,セ・おおたか,2/4,37.70,37.7,False,False,False,,,0.95,,False
76,短水路,26,男子,50m背泳ぎ,65～69歳,30.34,31.77,37.44,2,西森文史郎,セ・長津田,2/1,45.06,45.06,False,False,False,,,0.66,,False
76,短水路,26,男子,50m背泳ぎ,65～69歳,30.34,31.77,37.44,3,鈴木篤,セ・おおたか,1/2,50.37,50.37,False,False,False,,,0.86,,False
76,短水路,26,男子,50m背泳ぎ,60～64歳,29.44,30.17,31.63,1,下家成人,セ・二俣川,3/4,33.86,33.86,False,False,False,,,0.7,,False
76,短水路,26,男子,50m背泳ぎ,60～64歳,29.44,30.17,31.63,2,和田浩一,セ・用賀,2/3,36.75,36.75,False,False,False,,,0.99,,False
76,短水路,26,男子,50m背泳ぎ,60～64歳,29.44,30.17,31.63,3,岡部浩次,セ・上池袋,1/7,52.51,52.51,False,False,False,,,0.74,,False
76,短水路,26,男子,50m背泳ぎ,60～64歳,29.44,30.17,31.63,,大津信弘,セ・越谷,2/6,,,False,False,False,,,,,False
76,短水路,26,男子,50m背泳ぎ,55～59歳,27.86,28.77,32.28,1,植田俊介,セ・自由が丘,4/4,29.67,29.67,True,False,False,,,0.58,,False
76,短水路,26,男子,50m背泳ぎ,55～59歳,27.86,28.77,32.28,2,小倉秀和,セ・清瀬,3/5,35.18,35.18,False,False,False,,,0.66,,False
76,短水路,26,男子,50m背泳ぎ,55～59歳,27.86,28.77,32.28,3,杉原祥之,ザバス鶴見,3/3,36.51,36.51,False,False,False,,,0.68,,False
76,短水路,26,男子,50m背泳ぎ,50～54歳,26.69,27.52,28.67,1,河野悟,セ・慶應日吉,4/6,32.22,32.22,False,False,False,,,0.65,,False
76,短水路,26,男子,50m背泳ぎ,50～54歳,26.69,27.52,28.67,2,柄澤英也,セ・用賀,4/8,34.27,34.27,False,False,False,,,0.64,,False
76,短水路,26,男子,50m背泳ぎ,50～54歳,26.69,27.52,28.67,3,長崎啓,セ・二俣川,3/7,34.93,34.93,False,False,False,,,0.68,,False
76,短水路,26,男子,50m背泳ぎ,50～54歳,26.69,27.52,28.67,4,渡辺則貴,セ・戸塚,3/6,35.32,35.32,False,False,False,,,0.67,,False
76,短水路,26,男子,50m背泳ぎ,50～54歳,26.69,27.52,28.67,5,荒井正明,セ・八千代台,3/1,37.85,37.85,False,False,False,,,0.7,,False
76,短水路,26,男子,50m背泳ぎ,50～54歳,26.69,27.52,28.67,6,佐々木栄一,Ｇ－ＳＰＡ,1/4,38.74,38.74,False,False,False,,,0.7,,False
76,短水路,26,男子,50m背泳ぎ,50～54歳,26.69,27.52,28.67,7,廣瀬淳一,セ・トレッサ,1/5,45.03,45.03,False,False,False,,,0.84,,False
76,短水路,26,男子,50m背泳ぎ,45～49歳,25.73,26.62,27.38,1,山岡拓馬,セ・清瀬,5/5,27.05,27.05,True,False,False,,,0.58,,False
76,短水路,26,男子,50m背泳ぎ,45～49歳,25.73,26.62,27.38,2,小室秀幸,セ・八王子,4/1,32.81,32.81,False,False,False,,,0.93,,False
76,短水路,26,男子,50m背泳ぎ,40～44歳,25.48,25.48,28.77,1,棚網宏之,セ・阿佐谷,5/8,30.24,30.24,False,False,False,,,0.6,,False
76,短水路,26,男子,50m背泳ぎ,35～39歳,24.48,25.20,27.15,1,椎本恭平,セ・阿佐谷,4/5,30.20,30.2,False,False,False,,,0.62,,False
76,短水路,26,男子,50m背泳ぎ,35～39歳,24.48,25.20,27.15,2,新福留広貴,セ・二俣川,2/5,34.55,34.55,False,False,False,,,0.66,,False
76,短水路,26,男子,50m背泳ぎ,35～39歳,24.48,25.20,27.15,3,増田喬行,セ・桶川北本,3/2,35.62,35.62,False,False,False,,,0.64,,False
76,短水路,26,男子,50m背泳ぎ,30～34歳,23.86,24.56,27.26,1,石川和樹,セ・谷津,5/4,26.01,26.01,True,False,False,,,0.64,,False
76,短水路,26,男子,50m背泳ぎ,30～34歳,23.86,24.56,27.26,2,石井翔真,セ・成城,4/3,33.22,33.22,False,False,False,,,0.68,,False
76,短水路,26,男子,50m背泳ぎ,25～29歳,23.70,23.95,25.95,1,志田公輝,セ・阿佐谷,5/3,26.37,26.37,False,False,False,,,0.56,,False
76,短水路,26,男子,50m背泳ぎ,25～29歳,23.70,23.95,25.95,2,松澤朋樹,セ・武蔵小杉,5/2,28.19,28.19,False,False,False,,,0.64,,False
76,短水路,26,男子,50m背泳ぎ,25～29歳,23.70,23.95,25.95,3,高栖翔,セ・葛西,5/6,30.39,30.39,False,False,False,,,0.65,,False
76,短水路,26,男子,50m背泳ぎ,18～24歳,,,27.57,1,宮川ガブリエル拓実,セ・慶應日吉,5/7,28.44,28.44,False,False,False,,,0.55,,False
76,短水路,26,男子,50m背泳ぎ,18～24歳,,,27.57,2,城野天都,セ・我孫子,4/2,31.17,31.17,False,False,False,,,0.54,,False
76,短水路,26,男子,50m背泳ぎ,18～24歳,,,27.57,3,村上裕哉,セ・南千住,5/1,32.14,32.14,False,False,False,,,0.59,,False
76,短水路,26,男子,50m背泳ぎ,18～24歳,,,27.57,4,伊藤水晶,セ・松戸,4/7,32.90,32.9,False,False,False,,,0.72,,False
76,短水路,26,男子,50m背泳ぎ,18～24歳,,,27.57,5,河野莉侑,セ・葛西,3/8,36.42,36.42,False,False,False,,,0.63,,False
76,短水路,27,女子,50mバタフライ,80～84歳,45.57,48.79,,1,小野洋子,セ・我孫子,1/7,1:06.63,66.63,False,False,False,,,1.09,,False
76,短水路,27,女子,50mバタフライ,75～79歳,38.17,42.23,55.04,1,大山恵子,セ・葛西,3/6,44.94,44.94,True,False,False,,,0.8,,False
76,短水路,27,女子,50mバタフライ,70～74歳,34.14,37.35,43.46,1,青木華世子,セ・松戸,3/4,42.69,42.69,True,False,False,,,0.77,,False
76,短水路,27,女子,50mバタフライ,70～74歳,34.14,37.35,43.46,2,大熊正子,セ・桶川北本,1/5,57.80,57.8,False,False,False,,,0.94,,False
76,短水路,27,女子,50mバタフライ,70～74歳,34.14,37.35,43.46,3,木村恵子,セ・越谷,1/2,1:02.37,62.37,False,False,False,,,0.75,,False
76,短水路,27,女子,50mバタフライ,65～69歳,32.57,35.15,40.29,1,安藤薫,セ・西新井,3/2,44.21,44.21,False,False,False,,,0.88,,False
76,短水路,27,女子,50mバタフライ,65～69歳,32.57,35.15,40.29,2,木村りょう子,セ・福生,2/4,45.03,45.03,False,False,False,,,0.86,,False
76,短水路,27,女子,50mバタフライ,65～69歳,32.57,35.15,40.29,3,井手敦子,セ・慶應日吉,3/8,48.53,48.53,False,False,False,,,0.98,,False
76,短水路,27,女子,50mバタフライ,65～69歳,32.57,35.15,40.29,4,東海林慶美,セ・蒲田,1/4,52.80,52.8,False,False,False,,,0.91,,False
76,短水路,27,女子,50mバタフライ,60～64歳,31.24,32.99,37.17,1,武井麻知子,セ・二俣川,4/6,38.45,38.45,False,False,False,,,0.71,,False
76,短水路,27,女子,50mバタフライ,60～64歳,31.24,32.99,37.17,2,岡田眞弓,セ・清瀬,2/2,45.39,45.39,False,False,False,,,0.8,,False
76,短水路,27,女子,50mバタフライ,60～64歳,31.24,32.99,37.17,3,座間千鶴子,ザバス金沢八,2/5,45.40,45.4,False,False,False,,,0.81,,False
76,短水路,27,女子,50mバタフライ,60～64歳,31.24,32.99,37.17,4,田中香苗,セ・青砥,1/3,55.17,55.17,False,False,False,,,0.93,,False
76,短水路,27,女子,50mバタフライ,55～59歳,29.39,31.52,34.29,1,若林朋子,セ・大宮宮原,5/1,34.41,34.41,False,False,False,,,0.68,,False
76,短水路,27,女子,50mバタフライ,55～59歳,29.39,31.52,34.29,2,年岡仁美,セ・千葉みなと,4/3,35.58,35.58,False,False,False,,,0.8,,False
76,短水路,27,女子,50mバタフライ,55～59歳,29.39,31.52,34.29,3,松川律子,セ・二俣川,1/6,46.45,46.45,False,False,False,,,0.79,,False
76,短水路,27,女子,50mバタフライ,55～59歳,29.39,31.52,34.29,4,中野裕子,セ・二俣川,2/7,48.23,48.23,False,False,False,,,0.83,,False
76,短水路,27,女子,50mバタフライ,55～59歳,29.39,31.52,34.29,5,小池淳子,セ・長津田,2/6,50.49,50.49,False,False,False,,,0.78,,False
76,短水路,27,女子,50mバタフライ,55～59歳,29.39,31.52,34.29,6,西田三佐子,セ・大宮宮原,3/1,51.34,51.34,False,False,False,,,0.72,,False
76,短水路,27,女子,50mバタフライ,50～54歳,28.95,29.15,32.09,1,鎌田和代,セ・千葉みなと,4/5,35.44,35.44,False,False,False,,,0.7,,False
76,短水路,27,女子,50mバタフライ,50～54歳,28.95,29.15,32.09,2,池田智子,セ・目黒,5/8,37.46,37.46,False,False,False,,,0.77,,False
76,短水路,27,女子,50mバタフライ,50～54歳,28.95,29.15,32.09,3,鈴木知寿子,セ・大森,2/3,51.99,51.99,False,False,False,,,0.89,,False
76,短水路,27,女子,50mバタフライ,45～49歳,28.53,28.53,32.12,1,小谷佐織,セ・千葉みなと,4/2,37.09,37.09,False,False,False,,,0.67,,False
76,短水路,27,女子,50mバタフライ,45～49歳,28.53,28.53,32.12,2,小室桃子,セ・八王子,4/7,39.60,39.6,False,False,False,,,0.82,,False
76,短水路,27,女子,50mバタフライ,45～49歳,28.53,28.53,32.12,3,草野茜,セ・二俣川,4/8,39.63,39.63,False,False,False,,,0.7,,False
76,短水路,27,女子,50mバタフライ,45～49歳,28.53,28.53,32.12,4,奈良佳枝,セ・蘇我,2/1,59.24,59.24,False,False,False,,,0.87,,False
76,短水路,27,女子,50mバタフライ,40～44歳,28.19,28.31,31.21,1,吉村華余,セ・長津田,6/6,30.98,30.98,True,False,False,,,0.71,,False
76,短水路,27,女子,50mバタフライ,40～44歳,28.19,28.31,31.21,2,錦織佳奈子,ザバス川崎,4/1,39.89,39.89,False,False,False,,,0.93,,False
76,短水路,27,女子,50mバタフライ,40～44歳,28.19,28.31,31.21,3,冨永結衣子,セ・大森,3/5,41.69,41.69,False,False,False,,,0.88,,False
76,短水路,27,女子,50mバタフライ,35～39歳,27.29,28.15,29.62,1,青木梨緒,セ・葛西,6/8,31.45,31.45,False,False,False,,,0.69,,False
76,短水路,27,女子,50mバタフライ,35～39歳,27.29,28.15,29.62,2,大藪幾美,セ・阿佐谷,5/3,33.77,33.77,False,False,False,,,0.78,,False
76,短水路,27,女子,50mバタフライ,35～39歳,27.29,28.15,29.62,3,新妻梓,セ・西東京,5/2,34.36,34.36,False,False,False,,,0.66,,False
76,短水路,27,女子,50mバタフライ,35～39歳,27.29,28.15,29.62,4,大家萌実,セ・用賀,4/4,35.24,35.24,False,False,False,,,0.63,,False
76,短水路,27,女子,50mバタフライ,30～34歳,26.67,26.67,29.92,1,早川舞,セ・蒲田,5/5,31.82,31.82,False,False,False,,,0.79,,False
76,短水路,27,女子,50mバタフライ,25～29歳,26.14,26.30,29.19,1,松田未悠,セ・葛西,6/4,30.09,30.09,False,False,False,,,0.69,,False
76,短水路,27,女子,50mバタフライ,25～29歳,26.14,26.30,29.19,2,岡澤志織,セ・茂原,6/2,30.37,30.37,False,False,False,,,0.69,,False
76,短水路,27,女子,50mバタフライ,25～29歳,26.14,26.30,29.19,3,真如美優,セ・南千住,6/3,30.43,30.43,False,False,False,,,0.65,,False
76,短水路,27,女子,50mバタフライ,25～29歳,26.14,26.30,29.19,4,志賀菜々美,セ・二俣川,5/7,31.58,31.58,False,False,False,,,0.7,,False
76,短水路,27,女子,50mバタフライ,25～29歳,26.14,26.30,29.19,5,仲田笑美,セ・成城,5/6,31.79,31.79,False,False,False,,,0.74,,False
76,短水路,27,女子,50mバタフライ,25～29歳,26.14,26.30,29.19,6,新後海優,セ・トレッサ,6/1,31.90,31.9,False,False,False,,,0.87,,False
76,短水路,27,女子,50mバタフライ,18～24歳,,,28.69,1,表侑寿,セ・二俣川,5/4,30.77,30.77,False,False,False,,,0.68,,False
76,短水路,27,女子,50mバタフライ,18～24歳,,,28.69,2,高橋紗良,セ・長津田,6/5,31.06,31.06,False,False,False,,,0.65,,False
76,短水路,27,女子,50mバタフライ,18～24歳,,,28.69,3,西澤瑛倫,セ・越谷,6/7,31.31,31.31,False,False,False,,,0.63,,False
76,短水路,28,男子,50mバタフライ,85～89歳,41.08,44.10,,1,三橋正和,セ・蘇我,1/1,1:12.61,72.61,False,False,False,,,1.29,,False
76,短水路,28,男子,50mバタフライ,75～79歳,32.09,32.93,43.40,1,嶋﨑昭夫,セ・西東京,1/4,42.40,42.4,True,False,False,,,0.83,,False
76,短水路,28,男子,50mバタフライ,75～79歳,32.09,32.93,43.40,2,白井清嗣,セ・大宮宮原,1/3,45.24,45.24,False,False,False,,,1.02,,False
76,短水路,28,男子,50mバタフライ,70～74歳,29.52,31.35,35.47,1,安藤次郎,セ・館山,4/7,36.45,36.45,False,False,False,,,0.77,,False
76,短水路,28,男子,50mバタフライ,70～74歳,29.52,31.35,35.47,2,香山左近,セ・二俣川,2/7,42.12,42.12,False,False,False,,,0.85,,False
76,短水路,28,男子,50mバタフライ,65～69歳,27.94,29.11,32.33,1,瀧川一興,セ・大森,3/6,36.54,36.54,False,False,False,,,1.0,,False
76,短水路,28,男子,50mバタフライ,65～69歳,27.94,29.11,32.33,2,佐藤信弘,セ・桶川北本,2/2,43.98,43.98,False,False,False,,,0.96,,False
76,短水路,28,男子,50mバタフライ,65～69歳,27.94,29.11,32.33,3,飯沼明,セ・長津田,2/1,45.21,45.21,False,False,False,,,0.94,,False
76,短水路,28,男子,50mバタフライ,60～64歳,26.78,28.30,32.14,1,菊池千二,セ・市ヶ尾,3/7,31.03,31.03,True,False,False,,,0.75,,False
76,短水路,28,男子,50mバタフライ,60～64歳,26.78,28.30,32.14,2,海辺信吉,セ・おおたか,5/8,33.81,33.81,False,False,False,,,0.86,,False
76,短水路,28,男子,50mバタフライ,60～64歳,26.78,28.30,32.14,3,金子勝,セ・岩槻,3/3,34.97,34.97,False,False,False,,,0.73,,False
76,短水路,28,男子,50mバタフライ,60～64歳,26.78,28.30,32.14,4,一色洋志,セ・福生,2/5,38.76,38.76,False,False,False,,,0.75,,False
76,短水路,28,男子,50mバタフライ,55～59歳,26.43,26.51,28.85,1,矢部裕之,セ・長津田,5/6,31.88,31.88,False,False,False,,,0.8,,False
76,短水路,28,男子,50mバタフライ,55～59歳,26.43,26.51,28.85,2,浅田康朗,セ・大森,5/1,33.53,33.53,False,False,False,,,0.79,,False
76,短水路,28,男子,50mバタフライ,55～59歳,26.43,26.51,28.85,3,久保卓士,セ・天王洲,4/5,34.10,34.1,False,False,False,,,0.89,,False
76,短水路,28,男子,50mバタフライ,55～59歳,26.43,26.51,28.85,4,飯田正敏,セ・用賀,4/4,34.17,34.17,False,False,False,,,0.77,,False
76,短水路,28,男子,50mバタフライ,55～59歳,26.43,26.51,28.85,5,町田克浩,セ・大森,3/2,34.56,34.56,False,False,False,,,0.7,,False
76,短水路,28,男子,50mバタフライ,55～59歳,26.43,26.51,28.85,6,温井芳浩,セ・谷津,3/5,35.37,35.37,False,False,False,,,0.91,,False
76,短水路,28,男子,50mバタフライ,55～59歳,26.43,26.51,28.85,7,大塚秀幸,セ・慶應日吉,1/5,45.23,45.23,False,False,False,,,0.97,,False
76,短水路,28,男子,50mバタフライ,55～59歳,26.43,26.51,28.85,8,安部盛博,セ・成城,1/7,46.86,46.86,False,False,False,,,0.9,,False
76,短水路,28,男子,50mバタフライ,50～54歳,24.96,24.96,28.09,1,石井龍,セ・成城,6/3,30.07,30.07,False,False,False,,,0.69,,False
76,短水路,28,男子,50mバタフライ,50～54歳,24.96,24.96,28.09,2,藤本豊和,セ・長津田,6/5,30.21,30.21,False,False,False,,,0.72,,False
76,短水路,28,男子,50mバタフライ,50～54歳,24.96,24.96,28.09,3,門倉孝行,セ・慶應日吉,2/6,33.35,33.35,False,False,False,,,0.75,,False
76,短水路,28,男子,50mバタフライ,50～54歳,24.96,24.96,28.09,4,山本英男,セ・大宮宮原,4/6,34.58,34.58,False,False,False,,,0.85,,False
76,短水路,28,男子,50mバタフライ,50～54歳,24.96,24.96,28.09,5,清田真人,セ・大宮宮原,4/1,35.51,35.51,False,False,False,,,0.65,,False
76,短水路,28,男子,50mバタフライ,50～54歳,24.96,24.96,28.09,6,庄司和明,セ・松戸,3/1,41.14,41.14,False,False,False,,,0.81,,False
76,短水路,28,男子,50mバタフライ,50～54歳,24.96,24.96,28.09,7,古高正道,セ・天王洲,1/6,42.65,42.65,False,False,False,,,0.9,,False
76,短水路,28,男子,50mバタフライ,45～49歳,24.38,24.38,27.52,1,井口暢彦,セ・成城,8/7,27.43,27.43,True,False,False,,,0.66,,False
76,短水路,28,男子,50mバタフライ,45～49歳,24.38,24.38,27.52,2,桶本新一郎,セ・南千住,8/2,27.68,27.68,False,False,False,,,0.67,,False
76,短水路,28,男子,50mバタフライ,45～49歳,24.38,24.38,27.52,3,羽田浩一,セ・成城,6/4,30.99,30.99,False,False,False,,,0.71,,False
76,短水路,28,男子,50mバタフライ,45～49歳,24.38,24.38,27.52,4,堀川広祐,セ・二俣川,6/8,31.17,31.17,False,False,False,,,0.65,,False
76,短水路,28,男子,50mバタフライ,45～49歳,24.38,24.38,27.52,5,甫坂修男,セ・市川,5/5,31.63,31.63,False,False,False,,,0.78,,False
76,短水路,28,男子,50mバタフライ,45～49歳,24.38,24.38,27.52,6,桐本兼輔,セ・福生,4/2,32.06,32.06,False,False,False,,,0.73,,False
76,短水路,28,男子,50mバタフライ,45～49歳,24.38,24.38,27.52,7,白子満,セ・自由が丘,5/2,32.84,32.84,False,False,False,,,0.65,,False
76,短水路,28,男子,50mバタフライ,45～49歳,24.38,24.38,27.52,8,鈴木直哉,セ・八王子,1/2,34.70,34.7,False,False,False,,,0.9,,False
76,短水路,28,男子,50mバタフライ,45～49歳,24.38,24.38,27.52,9,大沢祐輔,セ・福生,3/4,35.88,35.88,False,False,False,,,0.67,,False
76,短水路,28,男子,50mバタフライ,45～49歳,24.38,24.38,27.52,10,草野剛史,セ・二俣川,2/4,39.00,39.0,False,False,False,,,0.71,,False
76,短水路,28,男子,50mバタフライ,40～44歳,23.90,23.90,25.66,1,佐野充,セ・阿佐谷,7/6,28.83,28.83,False,False,False,,,0.69,,False
76,短水路,28,男子,50mバタフライ,40～44歳,23.90,23.90,25.66,2,小林弘典,セ・大森,5/4,30.59,30.59,False,False,False,,,0.82,,False
76,短水路,28,男子,50mバタフライ,40～44歳,23.90,23.90,25.66,3,増淵知紀,セ・南千住,5/7,33.37,33.37,False,False,False,,,1.0,,False
76,短水路,28,男子,50mバタフライ,40～44歳,23.90,23.90,25.66,4,上村匠,セ・下北沢,3/8,39.45,39.45,False,False,False,,,0.85,,False
76,短水路,28,男子,50mバタフライ,35～39歳,23.12,23.64,25.72,1,吉川重行,セ・桶川北本,7/8,28.39,28.39,False,False,False,,,0.66,,False
76,短水路,28,男子,50mバタフライ,35～39歳,23.12,23.64,25.72,2,椎本恭平,セ・阿佐谷,7/4,28.75,28.75,False,False,False,,,0.7,,False
76,短水路,28,男子,50mバタフライ,30～34歳,22.87,23.31,25.74,1,伊藤孝優,セ・八王子,7/1,28.16,28.16,False,False,False,,,0.77,,False
76,短水路,28,男子,50mバタフライ,30～34歳,22.87,23.31,25.74,2,中西剛,セ・成城,7/5,28.84,28.84,False,False,False,,,0.64,,False
76,短水路,28,男子,50mバタフライ,30～34歳,22.87,23.31,25.74,3,渡部慎也,セ・大森,5/3,29.80,29.8,False,False,False,,,0.68,,False
76,短水路,28,男子,50mバタフライ,25～29歳,23.15,23.33,24.68,1,志熊叶一郎,セ・阿佐谷,8/4,24.54,24.54,True,False,False,,,0.72,,False
76,短水路,28,男子,50mバタフライ,25～29歳,23.15,23.33,24.68,2,只野克,セ・谷津,6/2,26.82,26.82,False,False,False,,,0.7,,False
76,短水路,28,男子,50mバタフライ,25～29歳,23.15,23.33,24.68,3,高見沢重倫,セ・慶應日吉,6/6,27.31,27.31,False,False,False,,,0.61,,False
76,短水路,28,男子,50mバタフライ,25～29歳,23.15,23.33,24.68,4,松尾勇太,セ・南青山,8/6,27.45,27.45,False,False,False,,,0.65,,False
76,短水路,28,男子,50mバタフライ,18～24歳,,,24.53,1,川口皓生,セ・柏,8/5,25.77,25.77,False,False,False,,,0.66,,False
76,短水路,28,男子,50mバタフライ,18～24歳,,,24.53,2,廣谷幸翼,セ・志木,8/3,27.16,27.16,False,False,False,,,0.64,,False
76,短水路,28,男子,50mバタフライ,18～24歳,,,24.53,3,田中啓二朗,セ・二俣川,8/8,27.93,27.93,False,False,False,,,0.67,,False
76,短水路,28,男子,50mバタフライ,18～24歳,,,24.53,4,山﨑陸真,セ・二俣川,6/7,28.05,28.05,False,False,False,,,0.57,,False
76,短水路,28,男子,50mバタフライ,18～24歳,,,24.53,5,山田丈翔,セ・二俣川,6/1,28.25,28.25,False,False,False,,,0.65,,False
76,短水路,28,男子,50mバタフライ,18～24歳,,,24.53,6,伊藤翼,セ・ときわ台,7/2,28.65,28.65,False,False,False,,,0.72,,False
76,短水路,28,男子,50mバタフライ,18～24歳,,,24.53,7,秋澤裕介,セ・二俣川,7/3,29.70,29.7,False,False,False,,,0.68,,False
76,短水路,28,男子,50mバタフライ,18～24歳,,,24.53,8,日吉将輝,セ・大宮宮原,7/7,30.18,30.18,False,False,False,,,0.69,,False
76,短水路,28,男子,50mバタフライ,18～24歳,,,24.53,9,松本海星,セ・清瀬,4/8,36.52,36.52,False,False,False,,,0.81,,False
