round,pool_type,race_no,gender,event_name,age_group,world_record,japan_record,meet_record,rank,athlete_name,team_name,lane,time_display,time_seconds,is_meet_record,is_japan_record,is_world_record,points_w,points_n,dive_time,lap_times,is_dnf
78,長水路,1,女子,200m自由形,85～89歳,3:14.51,3:14.51,4:28.56,1,森川タエ子,セ・我孫子,1/9,4:48.51,288.51,False,False,False,,,1.26,"1:08.41,2:22.59,3:37.21",False
78,長水路,1,女子,200m自由形,85～89歳,3:14.51,3:14.51,4:28.56,2,熊谷一枝,セ・天王洲,1/1,5:12.44,312.44,False,False,False,,,1.21,"1:04.16,2:21.84,3:45.90",False
78,長水路,1,女子,200m自由形,80～84歳,3:05.95,3:05.95,3:47.95,1,佐藤由利子,セ・用賀,3/3,3:49.20,229.2,False,False,False,,,1.03,"52.36,1:49.84,2:50.16",False
78,長水路,1,女子,200m自由形,80～84歳,3:05.95,3:05.95,3:47.95,2,内田良子,セ・用賀,2/8,3:51.63,231.63,False,False,False,,,0.95,"53.55,1:53.81,2:54.64",False
78,長水路,1,女子,200m自由形,80～84歳,3:05.95,3:05.95,3:47.95,3,安澤イソ子,セ・市ヶ尾,1/3,4:33.85,273.85,False,False,False,,,0.92,"55.93,2:01.96,3:15.78",False
78,長水路,1,女子,200m自由形,75～79歳,2:54.26,2:54.26,3:32.08,1,柴崎徳子,セ・柏,2/5,3:47.69,227.69,False,False,False,,,1.17,"51.45,1:48.98,2:47.63",False
78,長水路,1,女子,200m自由形,75～79歳,2:54.26,2:54.26,3:32.08,2,竹原君枝,セ・慶應日吉,3/5,3:48.85,228.85,False,False,False,,,1.14,"53.31,1:50.94,2:50.75",False
78,長水路,1,女子,200m自由形,75～79歳,2:54.26,2:54.26,3:32.08,3,松木弘美,セ・志木,1/6,4:15.61,255.61,False,False,False,,,0.89,"56.41,2:00.96,3:06.76",False
78,長水路,1,女子,200m自由形,75～79歳,2:54.26,2:54.26,3:32.08,4,馬場悦子,セ・清瀬,1/5,4:22.52,262.52,False,False,False,,,1.1,"57.03,2:01.22,3:11.63",False
78,長水路,1,女子,200m自由形,70～74歳,2:29.56,2:49.80,3:05.67,1,菅野泰子,セ・葛西,6/6,2:58.84,178.84,True,False,False,,,0.68,"42.25,1:28.73,2:15.81",False
78,長水路,1,女子,200m自由形,70～74歳,2:29.56,2:49.80,3:05.67,2,青木華世子,セ・松戸,6/1,3:08.16,188.16,False,False,False,,,0.82,"42.47,1:31.31,2:20.75",False
78,長水路,1,女子,200m自由形,70～74歳,2:29.56,2:49.80,3:05.67,3,中平信子,セ・成瀬,5/9,3:17.20,197.2,False,False,False,,,1.02,"45.05,1:34.99,2:26.97",False
78,長水路,1,女子,200m自由形,70～74歳,2:29.56,2:49.80,3:05.67,4,青砥美智子,セ・葛西,3/8,3:32.54,212.54,False,False,False,,,1.04,"50.02,1:43.91,2:38.99",False
78,長水路,1,女子,200m自由形,70～74歳,2:29.56,2:49.80,3:05.67,5,岡村悦子,セ・おおたか,4/9,3:36.78,216.78,False,False,False,,,1.1,"49.77,1:45.66,2:44.11",False
78,長水路,1,女子,200m自由形,70～74歳,2:29.56,2:49.80,3:05.67,6,菅和江,セ・戸塚,3/9,3:43.20,223.2,False,False,False,,,1.02,"53.73,1:52.50,2:49.79",False
78,長水路,1,女子,200m自由形,70～74歳,2:29.56,2:49.80,3:05.67,7,太田拓江,セ・戸塚,2/6,3:54.53,234.53,False,False,False,,,1.31,"52.15,1:51.37,2:53.33",False
78,長水路,1,女子,200m自由形,70～74歳,2:29.56,2:49.80,3:05.67,8,長野愛子,セ・柏,2/2,3:56.10,236.1,False,False,False,,,,"55.35,1:54.41,2:56.24",False
78,長水路,1,女子,200m自由形,70～74歳,2:29.56,2:49.80,3:05.67,9,菅井道子,セ・戸塚,2/1,4:05.56,245.56,False,False,False,,,1.17,"59.07,2:02.21,3:06.89",False
78,長水路,1,女子,200m自由形,70～74歳,2:29.56,2:49.80,3:05.67,10,富樫博子,セ・大森,1/8,4:08.26,248.26,False,False,False,,,,"54.94,1:57.46,3:02.33",False
78,長水路,1,女子,200m自由形,65～69歳,2:25.29,2:42.91,2:54.20,1,森谷登志江,セ・慶應日吉,6/10,3:14.53,194.53,False,False,False,,,0.9,"42.42,1:30.58,2:22.64",False
78,長水路,1,女子,200m自由形,65～69歳,2:25.29,2:42.91,2:54.20,2,山﨑京子,セ・横浜,5/5,3:18.55,198.55,False,False,False,,,0.96,"43.06,1:33.37,2:26.80",False
78,長水路,1,女子,200m自由形,65～69歳,2:25.29,2:42.91,2:54.20,3,久松葉子,セ・成瀬,4/2,3:31.46,211.46,False,False,False,,,1.12,"48.54,1:42.41,2:37.82",False
78,長水路,1,女子,200m自由形,65～69歳,2:25.29,2:42.91,2:54.20,4,森本美恵,セ・松戸,4/3,3:35.58,215.57999999999998,False,False,False,,,1.01,"50.03,1:44.64,2:42.89",False
78,長水路,1,女子,200m自由形,65～69歳,2:25.29,2:42.91,2:54.20,5,五月女美幸,セ・宇都宮,4/8,3:37.12,217.12,False,False,False,,,1.17,"47.71,1:42.60,2:40.53",False
78,長水路,1,女子,200m自由形,65～69歳,2:25.29,2:42.91,2:54.20,6,日和久美子,セ・戸塚,3/4,3:45.17,225.17000000000002,False,False,False,,,1.02,"52.12,1:49.92,2:49.35",False
78,長水路,1,女子,200m自由形,65～69歳,2:25.29,2:42.91,2:54.20,7,久保とし子,セ・長津田,3/2,3:48.50,228.5,False,False,False,,,1.08,"50.90,1:49.80,2:51.13",False
78,長水路,1,女子,200m自由形,65～69歳,2:25.29,2:42.91,2:54.20,8,下川喜美枝,セ・南千住,3/7,3:54.01,234.01,False,False,False,,,0.92,"53.75,1:53.07,2:53.74",False
78,長水路,1,女子,200m自由形,65～69歳,2:25.29,2:42.91,2:54.20,9,三嶋祐子,セ・阿佐谷,2/10,4:02.93,242.93,False,False,False,,,0.86,"56.04,1:58.21,3:02.47",False
78,長水路,1,女子,200m自由形,65～69歳,2:25.29,2:42.91,2:54.20,10,大西和子,セ・天王洲,1/2,4:45.09,285.09000000000003,False,False,False,,,1.16,"1:01.71,2:12.52,3:28.33",False
78,長水路,1,女子,200m自由形,65～69歳,2:25.29,2:42.91,2:54.20,,近藤みゆき,セ・阿佐谷,2/9,,,False,False,False,,,,,True
78,長水路,1,女子,200m自由形,60～64歳,2:16.57,2:31.90,2:35.22,1,石井裕美,セ・ときわ台,7/8,2:54.51,174.51,False,False,False,,,0.78,"40.07,1:24.98,2:10.73",False
78,長水路,1,女子,200m自由形,60～64歳,2:16.57,2:31.90,2:35.22,2,早津恵子,セ・越谷,7/2,2:58.76,178.76,False,False,False,,,0.73,"40.72,1:25.53,2:12.24",False
78,長水路,1,女子,200m自由形,60～64歳,2:16.57,2:31.90,2:35.22,3,福原美奈,セ・稲毛海岸,5/4,3:12.94,192.94,False,False,False,,,0.77,"45.22,1:34.90,2:24.98",False
78,長水路,1,女子,200m自由形,60～64歳,2:16.57,2:31.90,2:35.22,4,草森理子,セ・成瀬,4/4,3:27.01,207.01,False,False,False,,,0.72,"47.26,1:40.50,2:35.00",False
78,長水路,1,女子,200m自由形,60～64歳,2:16.57,2:31.90,2:35.22,5,山中恵子,セ・桶川北本,4/5,3:34.36,214.36,False,False,False,,,0.93,"45.50,1:38.46,2:35.99",False
78,長水路,1,女子,200m自由形,60～64歳,2:16.57,2:31.90,2:35.22,6,佐々木れい,セ・志木,2/4,3:52.08,232.07999999999998,False,False,False,,,1.03,"51.77,1:52.60,2:54.34",False
78,長水路,1,女子,200m自由形,60～64歳,2:16.57,2:31.90,2:35.22,7,桐沢ひとみ,セ・大森,3/1,4:02.17,242.17,False,False,False,,,1.26,"51.97,1:52.78,2:57.68",False
78,長水路,1,女子,200m自由形,55～59歳,2:16.28,2:26.86,2:31.44,1,八尋加苗,セ・松戸,6/8,3:10.03,190.03,False,False,False,,,0.85,"43.40,1:33.74,2:23.67",False
78,長水路,1,女子,200m自由形,55～59歳,2:16.28,2:26.86,2:31.44,2,山口仁子,セ・上池袋,5/8,3:15.54,195.54,False,False,False,,,,"47.02,1:37.76,2:28.22",False
78,長水路,1,女子,200m自由形,55～59歳,2:16.28,2:26.86,2:31.44,3,小林のぞみ,セ・越谷,5/1,3:17.33,197.32999999999998,False,False,False,,,,"44.76,1:35.39,2:27.20",False
78,長水路,1,女子,200m自由形,55～59歳,2:16.28,2:26.86,2:31.44,4,棚橋悦子,セ・自由が丘,5/2,3:24.41,204.41,False,False,False,,,0.73,"47.13,1:39.49,2:33.13",False
78,長水路,1,女子,200m自由形,55～59歳,2:16.28,2:26.86,2:31.44,5,森内裕子,セ・天王洲,4/1,3:38.87,218.87,False,False,False,,,1.04,"50.23,1:47.35,2:45.62",False
78,長水路,1,女子,200m自由形,55～59歳,2:16.28,2:26.86,2:31.44,6,江頭由美子,セ・袖ヶ浦,2/7,3:45.53,225.53,False,False,False,,,1.54,"51.66,1:50.22,2:50.44",False
78,長水路,1,女子,200m自由形,55～59歳,2:16.28,2:26.86,2:31.44,7,佐々木夕子,セ・市ヶ尾,3/10,3:57.54,237.54,False,False,False,,,0.91,"54.75,1:55.62,2:56.88",False
78,長水路,1,女子,200m自由形,55～59歳,2:16.28,2:26.86,2:31.44,,三浦鈴子,セ・志木,1/4,,,False,False,False,,,,,True
78,長水路,1,女子,200m自由形,50～54歳,2:11.40,2:21.98,2:27.87,1,浅尾有香,セ・大森,7/4,2:41.19,161.19,False,False,False,,,0.78,"37.29,1:17.95,2:00.41",False
78,長水路,1,女子,200m自由形,50～54歳,2:11.40,2:21.98,2:27.87,2,広瀬百合香,セ・武蔵小杉,7/5,2:41.39,161.39,False,False,False,,,0.69,"37.11,1:18.05,2:00.33",False
78,長水路,1,女子,200m自由形,50～54歳,2:11.40,2:21.98,2:27.87,3,佐々木美佐,セ・平塚,7/6,2:45.15,165.15,False,False,False,,,0.83,"36.84,1:18.11,2:01.74",False
78,長水路,1,女子,200m自由形,50～54歳,2:11.40,2:21.98,2:27.87,4,友田智哲,セ・南青山,7/3,2:51.81,171.81,False,False,False,,,0.93,"38.42,1:21.57,2:07.18",False
78,長水路,1,女子,200m自由形,50～54歳,2:11.40,2:21.98,2:27.87,5,柳有美子,セ・おおたか,5/3,2:55.07,175.07,False,False,False,,,0.93,"42.31,1:27.32,2:13.01",False
78,長水路,1,女子,200m自由形,50～54歳,2:11.40,2:21.98,2:27.87,6,高橋麻子,セ・市ヶ尾,7/9,2:55.31,175.31,False,False,False,,,0.78,"39.72,1:24.55,2:11.38",False
78,長水路,1,女子,200m自由形,50～54歳,2:11.40,2:21.98,2:27.87,7,成島志雅子,セ・F宇都宮,5/7,3:20.89,200.89,False,False,False,,,0.9,"44.13,1:34.07,2:27.54",False
78,長水路,1,女子,200m自由形,50～54歳,2:11.40,2:21.98,2:27.87,8,森信子,セ・大森,3/6,3:33.40,213.4,False,False,False,,,1.03,"49.91,1:44.08,2:39.30",False
78,長水路,1,女子,200m自由形,45～49歳,2:10.09,2:17.82,2:31.07,1,吉村華余,セ・長津田,8/3,2:32.33,152.32999999999998,False,False,False,,,0.8,"34.01,1:12.22,1:52.06",False
78,長水路,1,女子,200m自由形,45～49歳,2:10.09,2:17.82,2:31.07,2,日下幸子,ザバス川崎,8/10,2:35.38,155.38,False,False,False,,,0.98,"35.79,1:15.21,1:55.83",False
78,長水路,1,女子,200m自由形,45～49歳,2:10.09,2:17.82,2:31.07,3,四井美穂,セ・天王洲,4/6,2:55.48,175.48,False,False,False,,,0.82,"39.76,1:23.83,2:09.65",False
78,長水路,1,女子,200m自由形,45～49歳,2:10.09,2:17.82,2:31.07,4,草野茜,セ・二俣川,7/1,2:58.66,178.66,False,False,False,,,0.73,"40.96,1:25.76,2:12.51",False
78,長水路,1,女子,200m自由形,45～49歳,2:10.09,2:17.82,2:31.07,5,櫻井翠,セ・横浜,8/1,3:03.03,183.03,False,False,False,,,0.94,"36.34,1:20.85,2:12.27",False
78,長水路,1,女子,200m自由形,45～49歳,2:10.09,2:17.82,2:31.07,6,吉池奈々,セ・二俣川,6/4,3:05.74,185.74,False,False,False,,,0.76,"40.15,1:27.44,2:17.29",False
78,長水路,1,女子,200m自由形,45～49歳,2:10.09,2:17.82,2:31.07,7,細沼悦子,セ・越谷,6/7,3:06.80,186.8,False,False,False,,,0.99,"43.50,1:32.76,2:22.94",False
78,長水路,1,女子,200m自由形,45～49歳,2:10.09,2:17.82,2:31.07,8,前田由希映,セ・二俣川,6/2,3:17.84,197.84,False,False,False,,,0.91,"43.48,1:33.41,2:26.60",False
78,長水路,1,女子,200m自由形,45～49歳,2:10.09,2:17.82,2:31.07,9,宇田川美穂,セ・天王洲,4/7,3:30.69,210.69,False,False,False,,,0.85,"46.88,1:40.11,2:35.84",False
78,長水路,1,女子,200m自由形,45～49歳,2:10.09,2:17.82,2:31.07,10,市川百合子,セ・大宮宮原,5/6,3:33.21,213.21,False,False,False,,,,"49.15,1:43.74,2:39.93",False
78,長水路,1,女子,200m自由形,45～49歳,2:10.09,2:17.82,2:31.07,11,赤坂恵美子,セ・志木,4/10,3:46.24,226.24,False,False,False,,,0.97,"50.03,1:48.87,2:51.37",False
78,長水路,1,女子,200m自由形,45～49歳,2:10.09,2:17.82,2:31.07,12,高島典子,セ・大森,2/3,3:48.41,228.41,False,False,False,,,0.74,"50.74,1:47.16,2:44.86",False
78,長水路,1,女子,200m自由形,40～44歳,2:08.42,2:08.42,2:31.64,1,小豆澤和代,セ・慶應日吉,7/7,2:44.98,164.98,False,False,False,,,0.85,"36.57,1:17.39,2:01.54",False
78,長水路,1,女子,200m自由形,40～44歳,2:08.42,2:08.42,2:31.64,2,錦織佳奈子,ザバス川崎,6/5,2:58.70,178.7,False,False,False,,,0.92,"38.59,1:22.69,2:09.65",False
78,長水路,1,女子,200m自由形,40～44歳,2:08.42,2:08.42,2:31.64,3,久保かおり,セ・長津田,6/3,3:10.87,190.87,False,False,False,,,0.87,"41.95,1:30.45,2:21.82",False
78,長水路,1,女子,200m自由形,40～44歳,2:08.42,2:08.42,2:31.64,4,富永結衣子,セ・大森,6/9,3:16.00,196.0,False,False,False,,,0.82,"43.98,1:32.86,2:24.02",False
78,長水路,1,女子,200m自由形,40～44歳,2:08.42,2:08.42,2:31.64,5,井島孝子,セ・天王洲,1/7,3:45.77,225.77,False,False,False,,,1.15,"52.38,1:52.10,2:53.60",False
78,長水路,1,女子,200m自由形,35～39歳,2:05.50,2:07.99,2:17.30,1,久保美由紀,セ・長津田,5/10,3:25.52,205.52,False,False,False,,,0.94,"46.00,1:37.39,2:32.24",False
78,長水路,1,女子,200m自由形,30～34歳,2:02.35,2:04.62,2:20.79,1,松前優里奈,セ・おおたか,8/4,2:29.21,149.21,False,False,False,,,0.73,"33.88,1:11.88,1:50.48",False
78,長水路,1,女子,200m自由形,30～34歳,2:02.35,2:04.62,2:20.79,2,風間捺央,セ・市川,8/8,2:31.34,151.34,False,False,False,,,0.89,"33.77,1:10.59,1:50.82",False
78,長水路,1,女子,200m自由形,30～34歳,2:02.35,2:04.62,2:20.79,3,吉田のばら,セ・南千住,8/9,2:33.42,153.42000000000002,False,False,False,,,0.82,"34.78,1:12.78,1:52.53",False
78,長水路,1,女子,200m自由形,30～34歳,2:02.35,2:04.62,2:20.79,4,中山翠,ザバス川崎,7/10,3:04.36,184.36,False,False,False,,,0.86,"40.74,1:27.29,2:15.40",False
78,長水路,1,女子,200m自由形,25～29歳,2:02.06,2:06.81,2:20.67,1,新後海優,セ・トレッサ,8/6,2:27.33,147.32999999999998,False,False,False,,,0.81,"32.24,1:08.26,1:47.26",False
78,長水路,1,女子,200m自由形,25～29歳,2:02.06,2:06.81,2:20.67,2,川俣星,セ・新都心,8/7,2:30.18,150.18,False,False,False,,,0.74,"35.11,1:13.99,1:51.90",False
78,長水路,1,女子,200m自由形,25～29歳,2:02.06,2:06.81,2:20.67,3,竹下菜々美,セ・二俣川,8/2,2:31.09,151.09,False,False,False,,,0.7,"33.61,1:11.78,1:51.38",False
78,長水路,1,女子,200m自由形,18～24歳,,,2:16.87,1,岩城心美,セ・武蔵小杉,8/5,2:20.55,140.55,False,False,False,,,0.67,"31.70,1:07.54,1:43.84",False
78,長水路,2,男子,200m自由形,80～84歳,2:40.22,2:40.87,3:39.71,1,今修二,セ・越谷,2/7,3:29.64,209.64,True,False,False,,,0.97,"48.38,1:42.44,2:36.81",False
78,長水路,2,男子,200m自由形,80～84歳,2:40.22,2:40.87,3:39.71,2,中田正二,セ・成城,1/7,3:31.36,211.36,True,False,False,,,0.99,"47.62,1:41.04,2:37.62",False
78,長水路,2,男子,200m自由形,75～79歳,2:25.66,2:33.87,2:51.26,1,伴野保志,セ・阿佐谷,1/3,5:04.23,304.23,False,False,False,,,1.3,"1:03.00,2:19.44,3:44.20",False
78,長水路,2,男子,200m自由形,70～74歳,2:22.88,2:22.88,2:33.71,1,若宮強,セ・成城,3/7,3:08.34,188.34,False,False,False,,,0.75,"40.32,1:27.51,2:16.66",False
78,長水路,2,男子,200m自由形,70～74歳,2:22.88,2:22.88,2:33.71,2,菱沼和男,セ・葛西,3/10,3:21.70,201.7,False,False,False,,,0.85,"47.07,1:37.62,2:30.55",False
78,長水路,2,男子,200m自由形,70～74歳,2:22.88,2:22.88,2:33.71,3,飯沼明,セ・長津田,2/8,3:25.94,205.94,False,False,False,,,0.92,"47.47,1:38.60,2:32.06",False
78,長水路,2,男子,200m自由形,70～74歳,2:22.88,2:22.88,2:33.71,4,折居彰,セ・阿佐谷,1/4,3:26.62,206.62,False,False,False,,,1.04,"47.05,1:39.15,2:33.71",False
78,長水路,2,男子,200m自由形,70～74歳,2:22.88,2:22.88,2:33.71,5,森下善夫,セ・大宮宮原,1/6,3:35.72,215.72,False,False,False,,,0.97,"48.41,1:43.60,2:40.72",False
78,長水路,2,男子,200m自由形,65～69歳,2:09.39,2:19.96,2:26.86,1,仲宇佐隆一,セ・横浜,2/5,3:10.48,190.48,False,False,False,,,0.9,"41.39,1:30.28,2:21.44",False
78,長水路,2,男子,200m自由形,65～69歳,2:09.39,2:19.96,2:26.86,2,橋本政明,セ・志木,1/5,3:27.20,207.2,False,False,False,,,1.13,"45.74,1:37.04,2:31.10",False
78,長水路,2,男子,200m自由形,65～69歳,2:09.39,2:19.96,2:26.86,,堂園徹,セ・天王洲,2/4,,,False,False,False,,,,,False
78,長水路,2,男子,200m自由形,60～64歳,2:07.68,2:17.26,2:27.29,1,菊池千二,セ・市ヶ尾,4/5,2:27.50,147.5,False,False,False,,,0.84,"31.93,1:09.90,1:49.18",False
78,長水路,2,男子,200m自由形,60～64歳,2:07.68,2:17.26,2:27.29,2,早津英哉,セ・越谷,5/7,2:32.00,152.0,False,False,False,,,0.7,"34.54,1:14.20,1:52.77",False
78,長水路,2,男子,200m自由形,60～64歳,2:07.68,2:17.26,2:27.29,3,下家成人,セ・二俣川,5/3,2:34.09,154.09,False,False,False,,,0.77,"34.53,1:12.34,1:53.18",False
78,長水路,2,男子,200m自由形,60～64歳,2:07.68,2:17.26,2:27.29,4,若島健二,セ・二俣川,4/7,2:51.10,171.1,False,False,False,,,0.81,"39.64,1:22.85,2:07.44",False
78,長水路,2,男子,200m自由形,60～64歳,2:07.68,2:17.26,2:27.29,5,安間稔,セ・市ヶ尾,4/9,2:56.95,176.95,False,False,False,,,0.75,"38.57,1:22.02,2:09.03",False
78,長水路,2,男子,200m自由形,60～64歳,2:07.68,2:17.26,2:27.29,6,山本和巳,セ・茂原,3/9,3:13.45,193.45,False,False,False,,,0.81,"45.86,1:35.15,2:25.42",False
78,長水路,2,男子,200m自由形,55～59歳,2:04.01,2:08.62,2:19.70,1,矢部裕之,セ・長津田,5/5,2:23.66,143.66,False,False,False,,,0.84,"32.17,1:07.67,1:44.96",False
78,長水路,2,男子,200m自由形,55～59歳,2:04.01,2:08.62,2:19.70,2,宮川則仁,セ・大宮宮原,4/3,2:37.16,157.16,False,False,False,,,0.84,"35.00,1:14.48,1:55.78",False
78,長水路,2,男子,200m自由形,55～59歳,2:04.01,2:08.62,2:19.70,3,西野宮冬木,セ・長津田,5/1,2:37.49,157.49,False,False,False,,,1.0,"36.94,1:18.19,1:59.67",False
78,長水路,2,男子,200m自由形,55～59歳,2:04.01,2:08.62,2:19.70,4,宮木幸彦,セ・葛西,5/2,2:40.69,160.69,False,False,False,,,0.74,"37.64,1:19.50,2:01.16",False
78,長水路,2,男子,200m自由形,55～59歳,2:04.01,2:08.62,2:19.70,5,北村洋一,セ・大森,5/9,2:43.08,163.07999999999998,False,False,False,,,0.65,"36.76,1:17.31,2:01.38",False
78,長水路,2,男子,200m自由形,55～59歳,2:04.01,2:08.62,2:19.70,6,本間丈博,セ・稲毛海岸,4/4,2:50.35,170.35,False,False,False,,,0.78,"38.88,1:21.72,2:05.58",False
78,長水路,2,男子,200m自由形,55～59歳,2:04.01,2:08.62,2:19.70,7,吉峯幸郎,セ・用賀,3/4,3:05.37,185.37,False,False,False,,,0.97,"41.62,1:27.37,2:16.75",False
78,長水路,2,男子,200m自由形,55～59歳,2:04.01,2:08.62,2:19.70,8,大塚秀幸,セ・慶應日吉,3/3,3:13.84,193.84,False,False,False,,,0.87,"45.59,1:35.69,2:24.16",False
78,長水路,2,男子,200m自由形,55～59歳,2:04.01,2:08.62,2:19.70,9,萱沼憲司郎,セ・茂原,2/6,3:24.16,204.16,False,False,False,,,0.88,"46.72,1:39.72,2:33.31",False
78,長水路,2,男子,200m自由形,55～59歳,2:04.01,2:08.62,2:19.70,10,佐藤流生,セ・天王洲,2/3,3:53.97,233.97,False,False,False,,,0.98,"47.98,1:44.54,2:48.40",False
78,長水路,2,男子,200m自由形,55～59歳,2:04.01,2:08.62,2:19.70,,岩崎明,セ・前橋,4/2,,,False,False,False,,,,,True
78,長水路,2,男子,200m自由形,50～54歳,1:58.62,1:59.87,2:14.24,1,関口義和,セ・二俣川,6/1,2:26.96,146.96,False,False,False,,,0.82,"34.15,1:11.58,1:49.46",False
78,長水路,2,男子,200m自由形,50～54歳,1:58.62,1:59.87,2:14.24,2,山田耕一,セ・清瀬,5/4,2:30.39,150.39,False,False,False,,,0.77,"34.85,1:12.89,1:51.79",False
78,長水路,2,男子,200m自由形,50～54歳,1:58.62,1:59.87,2:14.24,3,阿部友照,セ・東十条,6/9,2:47.17,167.17000000000002,False,False,False,,,0.85,"37.90,1:19.54,2:04.09",False
78,長水路,2,男子,200m自由形,50～54歳,1:58.62,1:59.87,2:14.24,4,岡田能行,セ・越谷,3/8,2:57.01,177.01,False,False,False,,,0.82,"39.87,1:24.87,2:11.43",False
78,長水路,2,男子,200m自由形,50～54歳,1:58.62,1:59.87,2:14.24,5,志水剛,セ・大宮宮原,3/1,3:20.37,200.37,False,False,False,,,1.11,"42.42,1:35.56,2:28.67",False
78,長水路,2,男子,200m自由形,50～54歳,1:58.62,1:59.87,2:14.24,6,中田雄也,墨田区体育館,3/2,3:24.59,204.59,False,False,False,,,0.84,"42.15,1:32.23,2:29.13",False
78,長水路,2,男子,200m自由形,50～54歳,1:58.62,1:59.87,2:14.24,,周防和彦,セ・稲毛海岸,6/2,,,False,False,False,,,,,True
78,長水路,2,男子,200m自由形,45～49歳,1:55.39,1:58.36,2:07.04,1,永瀬知之,セ・二俣川,6/8,2:13.86,133.86,False,False,False,,,0.72,"30.21,1:04.45,1:39.89",False
78,長水路,2,男子,200m自由形,45～49歳,1:55.39,1:58.36,2:07.04,2,中込孝之,ザバス川崎,6/5,2:20.04,140.04,False,False,False,,,0.89,"31.35,1:06.22,1:43.40",False
78,長水路,2,男子,200m自由形,45～49歳,1:55.39,1:58.36,2:07.04,3,花井一也,セ・長津田,5/6,2:26.84,146.84,False,False,False,,,0.74,"33.30,1:10.15,1:48.68",False
78,長水路,2,男子,200m自由形,45～49歳,1:55.39,1:58.36,2:07.04,4,山内悠,セ・市ヶ尾,6/10,2:29.29,149.29,False,False,False,,,0.83,"34.40,1:13.22,1:51.96",False
78,長水路,2,男子,200m自由形,45～49歳,1:55.39,1:58.36,2:07.04,5,西田幸弘,セ・藤沢,5/8,2:36.07,156.07,False,False,False,,,0.87,"36.24,1:15.23,1:55.46",False
78,長水路,2,男子,200m自由形,45～49歳,1:55.39,1:58.36,2:07.04,6,齊藤仁,セ・茂原,4/6,2:37.23,157.23,False,False,False,,,0.77,"35.33,1:15.02,1:56.11",False
78,長水路,2,男子,200m自由形,45～49歳,1:55.39,1:58.36,2:07.04,7,古屋俊一,セ・ときわ台,4/8,2:43.08,163.07999999999998,False,False,False,,,0.85,"35.60,1:16.47,1:59.00",False
78,長水路,2,男子,200m自由形,40～44歳,1:53.65,1:59.07,2:07.37,1,鶴谷学,セ・二俣川,7/4,2:06.87,126.87,True,False,False,,,0.72,"29.45,1:01.79,1:34.34",False
78,長水路,2,男子,200m自由形,40～44歳,1:53.65,1:59.07,2:07.37,2,石井将太,セ・成瀬,6/4,2:16.06,136.06,False,False,False,,,0.8,"30.79,1:04.62,1:39.54",False
78,長水路,2,男子,200m自由形,40～44歳,1:53.65,1:59.07,2:07.37,3,前田崇行,セ・二俣川,7/10,2:23.07,143.07,False,False,False,,,0.75,"31.69,1:08.51,1:46.17",False
78,長水路,2,男子,200m自由形,40～44歳,1:53.65,1:59.07,2:07.37,4,小田島丈典,セ・福生,5/10,2:42.83,162.82999999999998,False,False,False,,,0.8,"36.56,1:17.73,2:01.11",False
78,長水路,2,男子,200m自由形,35～39歳,1:51.84,1:51.84,2:03.40,1,岩本和也,セ・志木,7/6,2:13.23,133.23,False,False,False,,,0.78,"30.95,1:04.01,1:38.49",False
78,長水路,2,男子,200m自由形,35～39歳,1:51.84,1:51.84,2:03.40,2,角田渉,セ・大森,3/5,3:09.46,189.46,False,False,False,,,0.84,"40.38,1:26.89,2:17.65",False
78,長水路,2,男子,200m自由形,30～34歳,1:49.56,1:54.32,2:03.39,1,小野健,セ・天王洲,7/7,2:10.36,130.36,False,False,False,,,0.65,"29.97,1:02.33,1:36.36",False
78,長水路,2,男子,200m自由形,30～34歳,1:49.56,1:54.32,2:03.39,2,土屋大貴,セ・平塚,6/6,2:19.54,139.54,False,False,False,,,0.61,"31.01,1:05.78,1:42.25",False
78,長水路,2,男子,200m自由形,30～34歳,1:49.56,1:54.32,2:03.39,3,成田昌記,セ・二俣川,4/1,2:22.42,142.42000000000002,False,False,False,,,0.68,"29.68,1:05.81,1:44.40",False
78,長水路,2,男子,200m自由形,30～34歳,1:49.56,1:54.32,2:03.39,4,山田義明,セ・おおたか,3/6,3:01.47,181.47,False,False,False,,,0.97,"40.02,1:25.63,2:14.99",False
78,長水路,2,男子,200m自由形,25～29歳,1:50.76,1:53.81,2:02.30,1,中島大賀,セ・市川,7/5,2:05.70,125.7,False,False,False,,,0.71,"28.63,1:00.82,1:33.48",False
78,長水路,2,男子,200m自由形,25～29歳,1:50.76,1:53.81,2:02.30,2,神戸優悠希,セ・茂原,7/3,2:10.49,130.49,False,False,False,,,0.78,"29.39,1:01.96,1:36.24",False
78,長水路,2,男子,200m自由形,25～29歳,1:50.76,1:53.81,2:02.30,3,柿沼龍史,セ・成城,6/3,2:15.69,135.69,False,False,False,,,0.62,"31.06,1:05.67,1:41.03",False
78,長水路,2,男子,200m自由形,25～29歳,1:50.76,1:53.81,2:02.30,4,加納聖士,セ・葛西,4/10,2:27.92,147.92000000000002,False,False,False,,,0.72,"31.38,1:06.77,1:46.67",False
78,長水路,2,男子,200m自由形,18～24歳,,,1:55.00,1,服部碧,セ・成城,7/2,2:04.53,124.53,False,False,False,,,0.72,"29.57,1:02.41,1:34.23",False
78,長水路,2,男子,200m自由形,18～24歳,,,1:55.00,2,黒田大介,セ・成城,7/8,2:09.19,129.19,False,False,False,,,0.66,"28.83,1:00.60,1:34.54",False
78,長水路,2,男子,200m自由形,18～24歳,,,1:55.00,3,都築クラウディオ佑亮,セ・おおたか,6/7,2:10.66,130.66,False,False,False,,,0.77,"29.48,1:02.11,1:36.60",False
78,長水路,2,男子,200m自由形,18～24歳,,,1:55.00,4,荒井優吾,セ・成瀬,7/1,2:19.01,139.01,False,False,False,,,0.66,"30.08,1:03.30,1:39.69",False
78,長水路,2,男子,200m自由形,18～24歳,,,1:55.00,5,佐藤汰祐,ザバス鶴見,7/9,2:21.35,141.35,False,False,False,,,0.7,"30.73,1:04.43,1:42.37",False
78,長水路,7,女子,200m個人メドレー,80～84歳,3:47.11,4:07.83,5:04.74,1,長谷部征子,セ・八王子,1/7,4:39.50,279.5,True,False,False,,,1.2,"1:04.80,2:08.71,3:31.38",False
78,長水路,7,女子,200m個人メドレー,75～79歳,3:21.84,3:32.94,4:01.15,1,大山恵子,セ・葛西,2/7,3:57.19,237.19,True,False,False,,,0.88,"47.90,1:57.95,3:06.68",False
78,長水路,7,女子,200m個人メドレー,70～74歳,3:00.96,3:13.19,3:34.64,1,菅野泰子,セ・葛西,3/5,3:27.63,207.63,True,False,False,,,0.66,"46.84,1:45.37,2:43.75",False
78,長水路,7,女子,200m個人メドレー,70～74歳,3:00.96,3:13.19,3:34.64,2,瀧下節子,セ・志木,2/9,4:20.54,260.54,False,False,False,,,0.84,"57.67,2:09.99,3:20.71",False
78,長水路,7,女子,200m個人メドレー,70～74歳,3:00.96,3:13.19,3:34.64,3,水谷裕子,セ・西新井,1/5,4:43.13,283.13,False,False,False,,,0.87,"1:09.24,2:23.94,3:40.22",False
78,長水路,7,女子,200m個人メドレー,70～74歳,3:00.96,3:13.19,3:34.64,4,木村恵子,セ・越谷,1/8,4:55.40,295.4,False,False,False,,,0.78,"1:03.35,2:19.49,3:42.31",False
78,長水路,7,女子,200m個人メドレー,70～74歳,3:00.96,3:13.19,3:34.64,5,松木真知子,セ・ときわ台,1/2,5:00.72,300.72,False,False,False,,,1.12,"1:13.17,2:33.56,3:47.90",False
78,長水路,7,女子,200m個人メドレー,70～74歳,3:00.96,3:13.19,3:34.64,,大熊正子,セ・桶川北本,1/4,,,False,False,False,,,,,True
78,長水路,7,女子,200m個人メドレー,65～69歳,2:51.52,3:06.57,3:33.12,1,森谷登志江,セ・慶應日吉,3/7,3:46.89,226.89,False,False,False,,,0.99,"53.43,1:52.80,2:56.85",False
78,長水路,7,女子,200m個人メドレー,65～69歳,2:51.52,3:06.57,3:33.12,2,井手敦子,セ・慶應日吉,3/8,3:50.18,230.18,False,False,False,,,0.98,"53.95,1:53.84,3:00.95",False
78,長水路,7,女子,200m個人メドレー,65～69歳,2:51.52,3:06.57,3:33.12,3,育村博子,セ・おおたか,2/4,4:03.84,243.84,False,False,False,,,0.9,"1:00.88,2:07.39,3:12.56",False
78,長水路,7,女子,200m個人メドレー,65～69歳,2:51.52,3:06.57,3:33.12,4,久松葉子,セ・成瀬,2/3,4:16.16,256.16,False,False,False,,,1.15,"1:09.18,2:14.91,3:23.43",False
78,長水路,7,女子,200m個人メドレー,65～69歳,2:51.52,3:06.57,3:33.12,5,太田初美,セ・越谷,1/6,4:31.68,271.68,False,False,False,,,0.8,"59.30,2:10.38,3:20.98",False
78,長水路,7,女子,200m個人メドレー,65～69歳,2:51.52,3:06.57,3:33.12,,近藤みゆき,セ・阿佐谷,1/3,,,False,False,False,,,,,True
78,長水路,7,女子,200m個人メドレー,65～69歳,2:51.52,3:06.57,3:33.12,,嶋田陽子,セ・市ヶ尾,2/5,,,False,False,False,,,,,True
78,長水路,7,女子,200m個人メドレー,60～64歳,2:32.30,2:57.05,3:20.19,1,若林朋子,セ・大宮宮原,4/7,3:08.52,188.52,True,False,False,,,0.76,"36.25,1:29.55,2:27.05",False
78,長水路,7,女子,200m個人メドレー,60～64歳,2:32.30,2:57.05,3:20.19,2,田中貴子,セ・清瀬,4/3,3:13.23,193.23,True,False,False,,,0.76,"41.63,1:33.19,2:29.38",False
78,長水路,7,女子,200m個人メドレー,60～64歳,2:32.30,2:57.05,3:20.19,3,野島久枝,セ・二俣川,4/9,3:23.07,203.07,False,False,False,,,0.79,"47.61,1:41.64,2:36.93",False
78,長水路,7,女子,200m個人メドレー,60～64歳,2:32.30,2:57.05,3:20.19,4,高松早智子,セ・南宇都宮,3/9,3:44.05,224.05,False,False,False,,,0.81,"50.09,1:50.19,2:51.93",False
78,長水路,7,女子,200m個人メドレー,60～64歳,2:32.30,2:57.05,3:20.19,5,盛田真規子,セ・二俣川,2/6,4:03.65,243.65,False,False,False,,,0.88,"58.91,2:01.24,3:10.16",False
78,長水路,7,女子,200m個人メドレー,55～59歳,2:31.51,2:48.18,2:51.38,1,川村佳代子,セ・二俣川,3/4,3:27.57,207.57,False,False,False,,,0.84,"44.68,1:36.39,2:38.80",False
78,長水路,7,女子,200m個人メドレー,55～59歳,2:31.51,2:48.18,2:51.38,2,角南美貴,セ・我孫子,2/8,4:02.32,242.32,False,False,False,,,0.75,"51.05,1:54.58,2:59.40",False
78,長水路,7,女子,200m個人メドレー,55～59歳,2:31.51,2:48.18,2:51.38,3,山口仁子,セ・上池袋,2/2,4:35.05,275.05,False,False,False,,,,"1:07.07,2:27.12,3:43.65",False
78,長水路,7,女子,200m個人メドレー,50～54歳,2:31.02,2:39.26,2:54.21,1,池田百合子,セ・市ヶ尾,5/3,2:46.75,166.75,True,False,False,,,0.71,"33.69,1:17.26,2:06.90",False
78,長水路,7,女子,200m個人メドレー,50～54歳,2:31.02,2:39.26,2:54.21,2,広瀬百合香,セ・武蔵小杉,4/5,3:00.91,180.91,False,False,False,,,0.79,"38.21,1:24.35,2:19.46",False
78,長水路,7,女子,200m個人メドレー,50～54歳,2:31.02,2:39.26,2:54.21,3,大島江理子,セ・大森,3/6,3:28.88,208.88,False,False,False,,,0.8,"43.44,1:40.58,2:41.96",False
78,長水路,7,女子,200m個人メドレー,50～54歳,2:31.02,2:39.26,2:54.21,4,白須靖子,セ・市ヶ尾,3/2,3:40.13,220.13,False,False,False,,,0.84,"50.20,1:52.14,2:50.41",False
78,長水路,7,女子,200m個人メドレー,50～54歳,2:31.02,2:39.26,2:54.21,5,比留川美緒,セ・平塚,3/1,3:40.15,220.15,False,False,False,,,0.81,"45.69,1:46.29,2:49.15",False
78,長水路,7,女子,200m個人メドレー,45～49歳,2:21.37,2:32.81,2:49.83,1,佐藤桂子,セ・横浜,3/3,3:42.93,222.93,False,False,False,,,0.87,"47.15,1:48.42,2:54.52",False
78,長水路,7,女子,200m個人メドレー,40～44歳,2:20.73,2:20.73,2:44.54,1,中村可奈子,セ・おおたか,4/8,3:14.05,194.05,False,False,False,,,0.8,"39.12,1:28.00,2:23.95",False
78,長水路,7,女子,200m個人メドレー,40～44歳,2:20.73,2:20.73,2:44.54,2,山田未紗子,セ・越谷,4/1,3:23.38,203.38,False,False,False,,,0.78,"43.13,1:38.04,2:35.01",False
78,長水路,7,女子,200m個人メドレー,35～39歳,2:21.09,2:21.47,2:39.83,1,宮下奏子,セ・市ヶ尾,5/7,2:54.31,174.31,False,False,False,,,0.78,"35.92,1:22.68,2:13.45",False
78,長水路,7,女子,200m個人メドレー,35～39歳,2:21.09,2:21.47,2:39.83,2,川北恵,セ・長津田,5/2,3:01.75,181.75,False,False,False,,,0.72,"36.00,1:20.55,2:18.27",False
78,長水路,7,女子,200m個人メドレー,30～34歳,2:13.89,2:19.28,2:27.06,1,松前優里奈,セ・おおたか,5/6,2:43.75,163.75,False,False,False,,,0.67,"35.09,1:18.08,2:06.27",False
78,長水路,7,女子,200m個人メドレー,30～34歳,2:13.89,2:19.28,2:27.06,2,遠藤桃,セ・越谷,5/1,2:47.48,167.48,False,False,False,,,0.88,"33.59,1:18.54,2:05.65",False
78,長水路,7,女子,200m個人メドレー,30～34歳,2:13.89,2:19.28,2:27.06,3,仲田笑美,セ・成城,5/9,2:56.71,176.71,False,False,False,,,0.83,"35.26,1:18.97,2:12.05",False
78,長水路,7,女子,200m個人メドレー,30～34歳,2:13.89,2:19.28,2:27.06,4,長谷ちひろ,セ・茂原,5/10,3:31.37,211.37,False,False,False,,,0.79,"42.02,1:33.63,2:39.03",False
78,長水路,7,女子,200m個人メドレー,30～34歳,2:13.89,2:19.28,2:27.06,5,井上唯,セ・慶應日吉,3/10,3:33.11,213.11,False,False,False,,,0.81,"41.69,1:35.17,2:37.72",False
78,長水路,7,女子,200m個人メドレー,25～29歳,2:20.71,2:20.71,2:30.52,1,竹下菜々美,セ・二俣川,5/8,2:49.07,169.07,False,False,False,,,0.7,"34.36,1:18.55,2:08.98",False
78,長水路,7,女子,200m個人メドレー,25～29歳,2:20.71,2:20.71,2:30.52,2,嶋田菜々子,セ・おおたか,4/4,2:55.35,175.35,False,False,False,,,0.7,"35.43,1:18.98,2:12.93",False
78,長水路,7,女子,200m個人メドレー,25～29歳,2:20.71,2:20.71,2:30.52,3,石井理桜子,セ・市川,4/6,3:03.94,183.94,False,False,False,,,0.66,"36.16,1:24.17,2:18.17",False
78,長水路,7,女子,200m個人メドレー,25～29歳,2:20.71,2:20.71,2:30.52,4,足立知実,セ・平塚,4/2,3:25.32,205.32,False,False,False,,,0.76,"43.49,1:37.17,2:34.73",False
78,長水路,7,女子,200m個人メドレー,25～29歳,2:20.71,2:20.71,2:30.52,5,森谷麻貴,セ・長津田,4/10,3:31.06,211.06,False,False,False,,,0.75,"42.27,1:40.75,2:42.82",False
78,長水路,7,女子,200m個人メドレー,18～24歳,,,2:28.28,1,竹山睦月,セ・南青山,5/5,2:40.01,160.01,False,False,False,,,0.62,"33.04,1:17.61,2:01.99",False
78,長水路,7,女子,200m個人メドレー,18～24歳,,,2:28.28,2,星野真美,セ・志木,5/4,3:19.74,199.74,False,False,False,,,0.62,"39.17,1:31.07,2:29.03",False
78,長水路,8,男子,200m個人メドレー,75～79歳,2:53.12,3:09.33,3:25.77,1,木津誠,セ・成城,2/5,3:30.25,210.25,False,False,False,,,0.78,"44.88,1:43.97,2:45.92",False
78,長水路,8,男子,200m個人メドレー,75～79歳,2:53.12,3:09.33,3:25.77,2,安藤次郎,セ・館山,2/3,3:45.47,225.47,False,False,False,,,0.96,"42.29,1:49.41,2:56.90",False
78,長水路,8,男子,200m個人メドレー,75～79歳,2:53.12,3:09.33,3:25.77,3,白井清嗣,セ・大宮宮原,1/3,4:20.79,260.79,False,False,False,,,1.0,"1:01.15,2:17.62,3:29.02",False
78,長水路,8,男子,200m個人メドレー,75～79歳,2:53.12,3:09.33,3:25.77,4,伴野保志,セ・阿佐谷,1/2,5:04.16,304.16,False,False,False,,,1.32,"1:09.71,2:37.74,3:50.72",False
78,長水路,8,男子,200m個人メドレー,70～74歳,2:35.97,2:49.11,3:21.08,1,吉原一彦,セ・阿佐谷,5/4,2:53.07,173.07,True,False,False,,,0.78,"35.22,1:25.04,2:15.91",False
78,長水路,8,男子,200m個人メドレー,70～74歳,2:35.97,2:49.11,3:21.08,2,菱沼和男,セ・葛西,1/6,4:00.45,240.45,False,False,False,,,0.95,"57.97,2:02.64,3:11.49",False
78,長水路,8,男子,200m個人メドレー,70～74歳,2:35.97,2:49.11,3:21.08,3,臼井全人,セ・大宮宮原,1/4,4:03.97,243.97,False,False,False,,,1.04,"1:00.83,2:00.95,3:10.37",False
78,長水路,8,男子,200m個人メドレー,65～69歳,2:25.22,2:39.75,2:48.85,1,和田浩一,セ・用賀,4/5,2:56.78,176.78,False,False,False,,,0.75,"36.01,1:21.14,2:14.39",False
78,長水路,8,男子,200m個人メドレー,65～69歳,2:25.22,2:39.75,2:48.85,2,大塚克,セ・市川,3/9,3:21.23,201.23,False,False,False,,,0.73,"42.29,1:40.75,2:36.11",False
78,長水路,8,男子,200m個人メドレー,60～64歳,2:21.99,2:29.47,2:39.43,1,渡部佳彦,セ・市川,5/6,2:45.32,165.32,False,False,False,,,0.8,"33.22,1:16.17,2:05.57",False
78,長水路,8,男子,200m個人メドレー,60～64歳,2:21.99,2:29.47,2:39.43,2,小倉和彦,セ・清瀬,5/8,2:50.59,170.59,False,False,False,,,0.78,"32.78,1:18.15,2:04.26",False
78,長水路,8,男子,200m個人メドレー,60～64歳,2:21.99,2:29.47,2:39.43,3,神尾尚人,セ・市ヶ尾,3/5,3:05.50,185.5,False,False,False,,,0.75,"40.54,1:31.08,2:26.03",False
78,長水路,8,男子,200m個人メドレー,60～64歳,2:21.99,2:29.47,2:39.43,4,兼森伸兒,ザバス八景,3/7,3:17.82,197.82,False,False,False,,,0.77,"41.98,1:39.91,2:29.98",False
78,長水路,8,男子,200m個人メドレー,60～64歳,2:21.99,2:29.47,2:39.43,5,若島健二,セ・二俣川,3/3,3:23.70,203.7,False,False,False,,,0.84,"45.65,1:40.25,2:41.46",False
78,長水路,8,男子,200m個人メドレー,60～64歳,2:21.99,2:29.47,2:39.43,6,小池輝明,セ・武蔵小杉,3/2,3:25.51,205.51,False,False,False,,,0.92,"45.87,1:44.45,2:36.94",False
78,長水路,8,男子,200m個人メドレー,60～64歳,2:21.99,2:29.47,2:39.43,7,小島淳,セ・柏,2/8,3:29.26,209.26,False,False,False,,,0.78,"47.44,1:43.81,2:42.83",False
78,長水路,8,男子,200m個人メドレー,60～64歳,2:21.99,2:29.47,2:39.43,8,横山恵一,セ・越谷,2/4,3:31.14,211.14,False,False,False,,,0.79,"45.60,1:42.24,2:41.89",False
78,長水路,8,男子,200m個人メドレー,60～64歳,2:21.99,2:29.47,2:39.43,9,二宮博,セ・横浜,2/2,3:49.63,229.63,False,False,False,,,0.86,"44.04,1:48.75,2:53.09",False
78,長水路,8,男子,200m個人メドレー,60～64歳,2:21.99,2:29.47,2:39.43,,近江信之,セ・武蔵小杉,3/1,,,False,False,False,,,,,True
78,長水路,8,男子,200m個人メドレー,55～59歳,2:20.67,2:26.24,2:36.80,1,小倉秀和,セ・清瀬,6/9,2:46.20,166.2,False,False,False,,,0.76,"33.09,1:16.33,2:07.16",False
78,長水路,8,男子,200m個人メドレー,55～59歳,2:20.67,2:26.24,2:36.80,2,柄澤英也,セ・用賀,5/9,2:51.62,171.62,False,False,False,,,0.68,"36.19,1:21.17,2:13.50",False
78,長水路,8,男子,200m個人メドレー,55～59歳,2:20.67,2:26.24,2:36.80,3,北村洋一,セ・大森,4/6,2:56.35,176.35,False,False,False,,,0.64,"38.18,1:24.51,2:14.07",False
78,長水路,8,男子,200m個人メドレー,55～59歳,2:20.67,2:26.24,2:36.80,4,町田克浩,セ・大森,4/1,2:59.05,179.05,False,False,False,,,0.89,"36.60,1:24.11,2:18.11",False
78,長水路,8,男子,200m個人メドレー,55～59歳,2:20.67,2:26.24,2:36.80,5,飯田正敏,セ・用賀,4/8,3:05.77,185.77,False,False,False,,,0.87,"36.99,1:28.98,2:22.21",False
78,長水路,8,男子,200m個人メドレー,55～59歳,2:20.67,2:26.24,2:36.80,6,成島毅,セ・F宇都宮,4/10,3:06.85,186.85,False,False,False,,,0.79,"38.26,1:30.53,2:24.58",False
78,長水路,8,男子,200m個人メドレー,55～59歳,2:20.67,2:26.24,2:36.80,7,高田義久,セ・八王子,3/10,3:29.52,209.52,False,False,False,,,0.67,"42.25,1:40.00,2:35.82",False
78,長水路,8,男子,200m個人メドレー,55～59歳,2:20.67,2:26.24,2:36.80,8,福田剛紀,G-SPA,2/6,3:58.63,238.63,False,False,False,,,0.72,"43.29,1:44.81,2:56.24",False
78,長水路,8,男子,200m個人メドレー,55～59歳,2:20.67,2:26.24,2:36.80,9,大木義之,セ・清瀬,1/8,3:59.92,239.92000000000002,False,False,False,,,0.84,"51.41,2:02.30,3:12.96",False
78,長水路,8,男子,200m個人メドレー,50～54歳,2:11.15,2:20.54,2:32.41,1,田窪達,セ・市ヶ尾,7/7,2:34.48,154.48,False,False,False,,,0.7,"29.95,1:09.83,1:55.13",False
78,長水路,8,男子,200m個人メドレー,50～54歳,2:11.15,2:20.54,2:32.41,2,大村俊文,セ・二俣川,5/10,2:36.95,156.95,False,False,False,,,0.75,"30.58,1:14.61,1:59.65",False
78,長水路,8,男子,200m個人メドレー,50～54歳,2:11.15,2:20.54,2:32.41,3,土井清孝,ザバス鶴見,6/1,2:41.50,161.5,False,False,False,,,0.73,"33.02,1:15.70,2:04.00",False
78,長水路,8,男子,200m個人メドレー,50～54歳,2:11.15,2:20.54,2:32.41,4,羽田浩一,セ・成城,6/3,2:42.70,162.7,False,False,False,,,0.71,"33.27,1:16.46,2:03.01",False
78,長水路,8,男子,200m個人メドレー,50～54歳,2:11.15,2:20.54,2:32.41,5,小室秀幸,セ・八王子,5/3,2:47.95,167.95,False,False,False,,,0.73,"33.73,1:18.76,2:08.34",False
78,長水路,8,男子,200m個人メドレー,50～54歳,2:11.15,2:20.54,2:32.41,6,磯貝知弘,セ・柏,5/1,2:52.02,172.02,False,False,False,,,0.74,"34.47,1:18.45,2:13.82",False
78,長水路,8,男子,200m個人メドレー,50～54歳,2:11.15,2:20.54,2:32.41,7,平田博之,セ・ときわ台,4/4,2:59.64,179.64,False,False,False,,,0.88,"37.16,1:24.53,2:19.30",False
78,長水路,8,男子,200m個人メドレー,50～54歳,2:11.15,2:20.54,2:32.41,8,祖川久茂,セ・長津田,4/9,3:06.25,186.25,False,False,False,,,0.66,"36.54,1:31.57,2:21.12",False
78,長水路,8,男子,200m個人メドレー,50～54歳,2:11.15,2:20.54,2:32.41,9,阿部友照,セ・東十条,3/6,3:09.02,189.02,False,False,False,,,0.89,"36.93,1:26.38,2:26.63",False
78,長水路,8,男子,200m個人メドレー,50～54歳,2:11.15,2:20.54,2:32.41,10,大沢祐輔,セ・福生,3/8,3:09.62,189.62,False,False,False,,,0.66,"40.56,1:32.44,2:24.43",False
78,長水路,8,男子,200m個人メドレー,50～54歳,2:11.15,2:20.54,2:32.41,11,大川明徳,セ・阿佐谷,2/7,3:36.80,216.8,False,False,False,,,0.95,"41.39,1:42.62,2:49.33",False
78,長水路,8,男子,200m個人メドレー,50～54歳,2:11.15,2:20.54,2:32.41,12,小山邦彦,セ・おおたか,1/5,3:37.92,217.92000000000002,False,False,False,,,0.87,"42.58,1:43.39,2:41.75",False
78,長水路,8,男子,200m個人メドレー,50～54歳,2:11.15,2:20.54,2:32.41,,周防和彦,セ・稲毛海岸,6/4,,,False,False,False,,,,,True
78,長水路,8,男子,200m個人メドレー,45～49歳,2:10.09,2:16.32,2:19.57,1,知見邦彦,セ・二俣川,7/10,2:34.79,154.79,False,False,False,,,0.71,"33.33,1:16.55,1:58.81",False
78,長水路,8,男子,200m個人メドレー,45～49歳,2:10.09,2:16.32,2:19.57,2,大作善祥,セ・おおたか,6/10,2:45.41,165.41,False,False,False,,,0.83,"34.64,1:22.76,2:06.18",False
78,長水路,8,男子,200m個人メドレー,45～49歳,2:10.09,2:16.32,2:19.57,3,皆川雅登,セ・大宮宮原,5/2,2:52.36,172.36,False,False,False,,,0.85,"36.39,1:23.48,2:13.42",False
78,長水路,8,男子,200m個人メドレー,45～49歳,2:10.09,2:16.32,2:19.57,4,吉岡範人,セ・市ヶ尾,6/6,2:54.76,174.76,False,False,False,,,1.02,"36.30,1:23.42,2:13.82",False
78,長水路,8,男子,200m個人メドレー,45～49歳,2:10.09,2:16.32,2:19.57,5,齊藤仁,セ・茂原,3/4,2:59.36,179.36,False,False,False,,,0.79,"37.22,1:23.43,2:18.61",False
78,長水路,8,男子,200m個人メドレー,45～49歳,2:10.09,2:16.32,2:19.57,6,浅野亮介,セ・新都心,1/7,3:23.07,203.07,False,False,False,,,0.97,"40.46,1:35.08,2:31.24",False
78,長水路,8,男子,200m個人メドレー,40～44歳,2:08.63,2:13.76,2:20.44,1,棚網宏之,セ・阿佐谷,7/8,2:34.75,154.75,False,False,False,,,0.68,"32.54,1:11.49,1:57.16",False
78,長水路,8,男子,200m個人メドレー,40～44歳,2:08.63,2:13.76,2:20.44,2,図師拓千,セ・市ヶ尾,6/8,2:38.65,158.65,False,False,False,,,0.64,"32.85,1:15.03,2:04.11",False
78,長水路,8,男子,200m個人メドレー,40～44歳,2:08.63,2:13.76,2:20.44,3,浅岡遼,セ・用賀,4/7,2:54.49,174.49,False,False,False,,,0.76,"36.63,1:24.75,2:13.15",False
78,長水路,8,男子,200m個人メドレー,35～39歳,2:05.65,2:08.30,2:17.09,1,立石裕太郎,セ・二俣川,7/5,2:24.89,144.89,False,False,False,,,0.78,"31.10,1:10.52,1:51.51",False
78,長水路,8,男子,200m個人メドレー,35～39歳,2:05.65,2:08.30,2:17.09,2,古川貴章,セ・おおたか,7/1,2:32.51,152.51,False,False,False,,,0.75,"30.82,1:11.46,1:57.11",False
78,長水路,8,男子,200m個人メドレー,35～39歳,2:05.65,2:08.30,2:17.09,3,津守陽介,セ・阿佐谷,7/2,2:36.32,156.32,False,False,False,,,0.77,"30.60,1:11.65,1:55.01",False
78,長水路,8,男子,200m個人メドレー,35～39歳,2:05.65,2:08.30,2:17.09,4,長田裕史,セ・柏,6/5,2:37.79,157.79,False,False,False,,,0.64,"32.52,1:18.70,2:01.45",False
78,長水路,8,男子,200m個人メドレー,35～39歳,2:05.65,2:08.30,2:17.09,5,木村考太,セ・市ヶ尾,5/7,2:38.38,158.38,False,False,False,,,0.8,"33.73,1:17.74,2:00.84",False
78,長水路,8,男子,200m個人メドレー,30～34歳,2:02.18,2:07.47,2:17.41,1,今里昂哉,セ・清瀬,7/6,2:20.91,140.91,False,False,False,,,0.73,"29.31,1:06.46,1:46.49",False
78,長水路,8,男子,200m個人メドレー,30～34歳,2:02.18,2:07.47,2:17.41,2,小野健,セ・天王洲,7/4,2:28.66,148.66,False,False,False,,,0.66,"28.72,1:09.57,1:52.96",False
78,長水路,8,男子,200m個人メドレー,30～34歳,2:02.18,2:07.47,2:17.41,3,前島悠也,セ・葛西,7/9,2:30.27,150.27,False,False,False,,,0.68,"30.64,1:13.02,1:53.95",False
78,長水路,8,男子,200m個人メドレー,30～34歳,2:02.18,2:07.47,2:17.41,4,成田昌記,セ・二俣川,4/3,2:42.53,162.53,False,False,False,,,0.7,"30.22,1:14.52,2:03.45",False
78,長水路,8,男子,200m個人メドレー,25～29歳,2:03.62,2:04.29,2:10.44,1,矢野匠,セ・葛西,5/5,3:01.57,181.57,False,False,False,,,0.71,"34.68,1:22.04,2:16.78",False
78,長水路,8,男子,200m個人メドレー,25～29歳,2:03.62,2:04.29,2:10.44,2,西田壮仁,ザバス藤が丘,4/2,3:02.80,182.8,False,False,False,,,0.71,"37.08,1:28.84,2:20.12",False
78,長水路,8,男子,200m個人メドレー,18～24歳,,,2:08.80,1,三角一汰,セ・新都心,7/3,2:25.93,145.93,False,False,False,,,0.71,"28.91,1:06.10,1:49.38",False
78,長水路,8,男子,200m個人メドレー,18～24歳,,,2:08.80,2,重高良彦,セ・能見台,6/7,2:33.53,153.53,False,False,False,,,0.7,"30.54,1:12.14,1:56.95",False
78,長水路,8,男子,200m個人メドレー,18～24歳,,,2:08.80,3,山下智也,セ・S湘南台,6/2,2:40.40,160.4,False,False,False,,,0.67,"31.50,1:12.35,1:58.54",False
78,長水路,9,女子,100m自由形,85～89歳,1:27.42,1:27.42,1:45.73,1,熊谷一枝,セ・天王洲,1/1,2:11.56,131.56,False,False,False,,,1.27,,False
78,長水路,9,女子,100m自由形,85～89歳,1:27.42,1:27.42,1:45.73,2,平田美佐子,セ・天王洲,1/9,2:19.68,139.68,False,False,False,,,1.09,,False
78,長水路,9,女子,100m自由形,80～84歳,1:23.16,1:23.16,1:38.81,1,安澤イソ子,セ・市ヶ尾,1/4,2:01.13,121.13,False,False,False,,,0.88,,False
78,長水路,9,女子,100m自由形,80～84歳,1:23.16,1:23.16,1:38.81,2,舘野圭子,セ・用賀,1/8,2:11.41,131.41,False,False,False,,,0.83,,False
78,長水路,9,女子,100m自由形,80～84歳,1:23.16,1:23.16,1:38.81,3,久保美紀枝,セ・流山,1/3,2:12.47,132.47,False,False,False,,,1.08,,False
78,長水路,9,女子,100m自由形,80～84歳,1:23.16,1:23.16,1:38.81,4,武藤治子,セ・二俣川,1/6,2:13.54,133.54,False,False,False,,,,,False
78,長水路,9,女子,100m自由形,75～79歳,1:17.38,1:19.71,1:36.96,1,宇田川礼子,セ・我孫子,3/1,1:45.63,105.63,False,False,False,,,0.88,,False
78,長水路,9,女子,100m自由形,75～79歳,1:17.38,1:19.71,1:36.96,2,竹原君枝,セ・慶應日吉,5/10,1:48.94,108.94,False,False,False,,,1.07,,False
78,長水路,9,女子,100m自由形,75～79歳,1:17.38,1:19.71,1:36.96,3,若島多恵子,セ・谷津,3/4,1:50.77,110.77000000000001,False,False,False,,,0.98,,False
78,長水路,9,女子,100m自由形,75～79歳,1:17.38,1:19.71,1:36.96,4,浅野美恵子,セ・蒲田,4/6,1:51.22,111.22,False,False,False,,,1.02,,False
78,長水路,9,女子,100m自由形,75～79歳,1:17.38,1:19.71,1:36.96,5,馬場悦子,セ・清瀬,3/7,1:56.05,116.05,False,False,False,,,1.1,,False
78,長水路,9,女子,100m自由形,75～79歳,1:17.38,1:19.71,1:36.96,6,松永タズヨ,セ・おおたか,3/10,1:56.88,116.88,False,False,False,,,1.32,,False
78,長水路,9,女子,100m自由形,75～79歳,1:17.38,1:19.71,1:36.96,7,原田早苗,セ・南千住,2/9,2:06.52,126.52,False,False,False,,,0.98,,False
78,長水路,9,女子,100m自由形,70～74歳,1:06.68,1:14.28,1:21.82,1,原田岳美,セ・藤沢,7/6,1:27.36,87.36,False,False,False,,,0.8,,False
78,長水路,9,女子,100m自由形,70～74歳,1:06.68,1:14.28,1:21.82,2,中平信子,セ・成瀬,7/1,1:29.40,89.4,False,False,False,,,0.76,,False
78,長水路,9,女子,100m自由形,70～74歳,1:06.68,1:14.28,1:21.82,3,近藤ひな子,セ・二俣川,6/1,1:32.61,92.61,False,False,False,,,0.97,,False
78,長水路,9,女子,100m自由形,70～74歳,1:06.68,1:14.28,1:21.82,4,後藤明美,セ・天王洲,4/3,1:36.65,96.65,False,False,False,,,0.95,,False
78,長水路,9,女子,100m自由形,70～74歳,1:06.68,1:14.28,1:21.82,5,相澤史子,セ・松戸,5/2,1:42.52,102.52000000000001,False,False,False,,,0.74,,False
78,長水路,9,女子,100m自由形,70～74歳,1:06.68,1:14.28,1:21.82,6,戸倉陽子,セ・慶應日吉,3/8,1:56.48,116.47999999999999,False,False,False,,,1.06,,False
78,長水路,9,女子,100m自由形,70～74歳,1:06.68,1:14.28,1:21.82,7,富樫博子,セ・大森,2/5,1:59.90,119.9,False,False,False,,,,,False
78,長水路,9,女子,100m自由形,70～74歳,1:06.68,1:14.28,1:21.82,8,中島初美,セ・大森,1/7,2:00.38,120.38,False,False,False,,,1.38,,False
78,長水路,9,女子,100m自由形,70～74歳,1:06.68,1:14.28,1:21.82,9,于亜芝,セ・南千住,2/2,2:01.18,121.18,False,False,False,,,1.05,,False
78,長水路,9,女子,100m自由形,70～74歳,1:06.68,1:14.28,1:21.82,10,長谷川節子,セ・天王洲,1/5,2:06.57,126.57,False,False,False,,,1.11,,False
78,長水路,9,女子,100m自由形,70～74歳,1:06.68,1:14.28,1:21.82,,宮内佳代子,セ・トレッサ,2/4,,,False,False,False,,,,,True
78,長水路,9,女子,100m自由形,65～69歳,1:04.89,1:13.05,1:18.83,1,野村洋子,ザバス八景,8/8,1:23.86,83.86,False,False,False,,,0.85,,False
78,長水路,9,女子,100m自由形,65～69歳,1:04.89,1:13.05,1:18.83,2,山﨑京子,セ・横浜,7/7,1:29.52,89.52,False,False,False,,,0.93,,False
78,長水路,9,女子,100m自由形,65～69歳,1:04.89,1:13.05,1:18.83,3,川久保ちづる,ザバス川崎,7/10,1:35.34,95.34,False,False,False,,,0.96,,False
78,長水路,9,女子,100m自由形,65～69歳,1:04.89,1:13.05,1:18.83,4,井上美佐子,セ・大森,3/6,1:36.67,96.67,False,False,False,,,0.8,,False
78,長水路,9,女子,100m自由形,65～69歳,1:04.89,1:13.05,1:18.83,5,石河久美子,セ・溝ノ口,6/10,1:38.74,98.74000000000001,False,False,False,,,0.75,,False
78,長水路,9,女子,100m自由形,65～69歳,1:04.89,1:13.05,1:18.83,6,臼井希代子,セ・大宮宮原,6/2,1:38.80,98.8,False,False,False,,,1.1,,False
78,長水路,9,女子,100m自由形,65～69歳,1:04.89,1:13.05,1:18.83,7,古宇田淳子,セ・南千住,5/5,1:40.53,100.53,False,False,False,,,0.76,,False
78,長水路,9,女子,100m自由形,65～69歳,1:04.89,1:13.05,1:18.83,8,石崎節代,セ・南千住,5/1,1:41.87,101.87,False,False,False,,,0.96,,False
78,長水路,9,女子,100m自由形,65～69歳,1:04.89,1:13.05,1:18.83,9,岡田美恵子,セ・溝ノ口,4/4,1:43.36,103.36,False,False,False,,,0.89,,False
78,長水路,9,女子,100m自由形,65～69歳,1:04.89,1:13.05,1:18.83,10,杉山規子,セ・川越,4/8,1:44.80,104.8,False,False,False,,,0.87,,False
78,長水路,9,女子,100m自由形,65～69歳,1:04.89,1:13.05,1:18.83,11,掘口実枝子,セ・トレッサ,3/5,1:46.14,106.14,False,False,False,,,0.8,,False
78,長水路,9,女子,100m自由形,65～69歳,1:04.89,1:13.05,1:18.83,12,松浦敏子,セ・我孫子,2/6,1:50.71,110.71000000000001,False,False,False,,,1.11,,False
78,長水路,9,女子,100m自由形,65～69歳,1:04.89,1:13.05,1:18.83,13,鶴﨑緑,セ・トレッサ,2/7,1:51.02,111.02000000000001,False,False,False,,,0.86,,False
78,長水路,9,女子,100m自由形,65～69歳,1:04.89,1:13.05,1:18.83,14,宮原美穂,セ・福生,2/1,1:59.62,119.62,False,False,False,,,0.86,,False
78,長水路,9,女子,100m自由形,65～69歳,1:04.89,1:13.05,1:18.83,,田邊和歌子,セ・横浜,4/5,,,False,False,False,,,,,True
78,長水路,9,女子,100m自由形,65～69歳,1:04.89,1:13.05,1:18.83,,桶谷智子,セ・成城,6/5,,,False,False,False,,,,,True
78,長水路,9,女子,100m自由形,60～64歳,1:03.70,1:07.47,1:11.31,1,永瀬秀子,セ・二俣川,9/3,1:13.58,73.58,False,False,False,,,0.84,,False
78,長水路,9,女子,100m自由形,60～64歳,1:03.70,1:07.47,1:11.31,2,早津恵子,セ・越谷,9/9,1:21.06,81.06,False,False,False,,,0.65,,False
78,長水路,9,女子,100m自由形,60～64歳,1:03.70,1:07.47,1:11.31,3,伊藤みどり,セ・能見台,8/3,1:24.98,84.98,False,False,False,,,0.99,,False
78,長水路,9,女子,100m自由形,60～64歳,1:03.70,1:07.47,1:11.31,4,大槻真由美,セ・清瀬,7/5,1:26.15,86.15,False,False,False,,,0.88,,False
78,長水路,9,女子,100m自由形,60～64歳,1:03.70,1:07.47,1:11.31,5,高橋久美,セ・市川,8/1,1:28.41,88.41,False,False,False,,,0.8,,False
78,長水路,9,女子,100m自由形,60～64歳,1:03.70,1:07.47,1:11.31,6,福原美奈,セ・稲毛海岸,6/7,1:28.82,88.82,False,False,False,,,0.76,,False
78,長水路,9,女子,100m自由形,60～64歳,1:03.70,1:07.47,1:11.31,7,野崎由美子,セ・おおたか,6/6,1:30.44,90.44,False,False,False,,,0.83,,False
78,長水路,9,女子,100m自由形,60～64歳,1:03.70,1:07.47,1:11.31,8,高松早智子,セ・南宇都宮,6/9,1:30.83,90.83,False,False,False,,,0.82,,False
78,長水路,9,女子,100m自由形,60～64歳,1:03.70,1:07.47,1:11.31,9,伊藤ゆかり,セ・成城,6/4,1:35.23,95.22999999999999,False,False,False,,,0.84,,False
78,長水路,9,女子,100m自由形,60～64歳,1:03.70,1:07.47,1:11.31,10,加藤雅弓,セ・新都心,5/6,1:35.59,95.59,False,False,False,,,1.07,,False
78,長水路,9,女子,100m自由形,60～64歳,1:03.70,1:07.47,1:11.31,11,山中恵子,セ・桶川北本,6/3,1:36.35,96.35,False,False,False,,,0.89,,False
78,長水路,9,女子,100m自由形,60～64歳,1:03.70,1:07.47,1:11.31,12,山本登美子,セ・桶川北本,5/8,1:43.30,103.3,False,False,False,,,1.01,,False
78,長水路,9,女子,100m自由形,60～64歳,1:03.70,1:07.47,1:11.31,13,佐々木れい,セ・志木,4/2,1:44.99,104.99000000000001,False,False,False,,,0.88,,False
78,長水路,9,女子,100m自由形,60～64歳,1:03.70,1:07.47,1:11.31,14,佐々木政子,セ・大森,2/3,1:53.60,113.6,False,False,False,,,0.91,,False
78,長水路,9,女子,100m自由形,60～64歳,1:03.70,1:07.47,1:11.31,15,飯田美奈子,セ・西新井,1/2,2:15.47,135.47,False,False,False,,,1.0,,False
78,長水路,9,女子,100m自由形,55～59歳,1:01.87,1:05.21,1:10.06,1,前畑章子,セ・慶應日吉,8/6,1:17.30,77.3,False,False,False,,,0.73,,False
78,長水路,9,女子,100m自由形,55～59歳,1:01.87,1:05.21,1:10.06,2,石井紀美子,セ・S湘南台,9/2,1:19.30,79.3,False,False,False,,,0.78,,False
78,長水路,9,女子,100m自由形,55～59歳,1:01.87,1:05.21,1:10.06,3,二ノ宮美佳,セ・越谷,5/9,1:36.46,96.46000000000001,False,False,False,,,0.8,,False
78,長水路,9,女子,100m自由形,55～59歳,1:01.87,1:05.21,1:10.06,4,鈴木夏実,セ・慶應日吉,5/4,1:37.94,97.94,False,False,False,,,0.98,,False
78,長水路,9,女子,100m自由形,55～59歳,1:01.87,1:05.21,1:10.06,5,佐藤直子,セ・我孫子,4/1,1:38.40,98.4,False,False,False,,,0.78,,False
78,長水路,9,女子,100m自由形,55～59歳,1:01.87,1:05.21,1:10.06,6,森内裕子,セ・天王洲,3/2,1:39.39,99.39,False,False,False,,,1.06,,False
78,長水路,9,女子,100m自由形,55～59歳,1:01.87,1:05.21,1:10.06,7,及川薫,セ・松戸,6/8,1:40.07,100.07,False,False,False,,,,,False
78,長水路,9,女子,100m自由形,55～59歳,1:01.87,1:05.21,1:10.06,8,富樫真樹子,セ・用賀,4/9,1:40.10,100.1,False,False,False,,,0.81,,False
78,長水路,9,女子,100m自由形,55～59歳,1:01.87,1:05.21,1:10.06,9,佐々木夕子,セ・市ヶ尾,3/3,1:49.86,109.86,False,False,False,,,0.86,,False
78,長水路,9,女子,100m自由形,55～59歳,1:01.87,1:05.21,1:10.06,10,日置睦,セ・我孫子,3/9,1:54.20,114.2,False,False,False,,,0.96,,False
78,長水路,9,女子,100m自由形,55～59歳,1:01.87,1:05.21,1:10.06,,小倉直美,セ・清瀬,8/10,,,False,False,False,,,,,True
78,長水路,9,女子,100m自由形,50～54歳,1:00.40,1:03.99,1:06.25,1,友田智哲,セ・南青山,9/10,1:16.21,76.21000000000001,False,False,False,,,0.78,,False
78,長水路,9,女子,100m自由形,50～54歳,1:00.40,1:03.99,1:06.25,2,大石里佳,セ・おおたか,7/4,1:26.97,86.97,False,False,False,,,0.89,,False
78,長水路,9,女子,100m自由形,50～54歳,1:00.40,1:03.99,1:06.25,3,成島志雅子,セ・F宇都宮,7/8,1:28.77,88.77,False,False,False,,,0.94,,False
78,長水路,9,女子,100m自由形,50～54歳,1:00.40,1:03.99,1:06.25,4,酒井貴代,セ・大森,7/3,1:29.22,89.22,False,False,False,,,0.78,,False
78,長水路,9,女子,100m自由形,50～54歳,1:00.40,1:03.99,1:06.25,5,小林和江,セ・福生,7/9,1:31.85,91.85,False,False,False,,,0.85,,False
78,長水路,9,女子,100m自由形,50～54歳,1:00.40,1:03.99,1:06.25,6,北瀬あづさ,セ・市ヶ尾,5/3,1:34.97,94.97,False,False,False,,,0.77,,False
78,長水路,9,女子,100m自由形,50～54歳,1:00.40,1:03.99,1:06.25,7,津田千鶴,セ・能見台,5/7,1:40.12,100.12,False,False,False,,,1.18,,False
78,長水路,9,女子,100m自由形,45～49歳,57.40,1:03.08,1:08.19,1,佐々木彩,セ・成城,10/1,1:11.69,71.69,False,False,False,,,0.75,,False
78,長水路,9,女子,100m自由形,45～49歳,57.40,1:03.08,1:08.19,2,四井美穂,セ・天王洲,8/5,1:16.07,76.07,False,False,False,,,0.89,,False
78,長水路,9,女子,100m自由形,45～49歳,57.40,1:03.08,1:08.19,3,芳賀加代子,セ・南青山,8/7,1:21.26,81.26,False,False,False,,,0.75,,False
78,長水路,9,女子,100m自由形,45～49歳,57.40,1:03.08,1:08.19,4,小室桃子,セ・八王子,9/1,1:22.83,82.83,False,False,False,,,0.81,,False
78,長水路,9,女子,100m自由形,45～49歳,57.40,1:03.08,1:08.19,5,細沼悦子,セ・越谷,7/2,1:23.78,83.78,False,False,False,,,0.92,,False
78,長水路,9,女子,100m自由形,45～49歳,57.40,1:03.08,1:08.19,6,福本麻美,セ・慶應日吉,8/4,1:24.15,84.15,False,False,False,,,0.81,,False
78,長水路,9,女子,100m自由形,45～49歳,57.40,1:03.08,1:08.19,7,市川百合子,セ・大宮宮原,2/8,1:32.71,92.71000000000001,False,False,False,,,,,False
78,長水路,9,女子,100m自由形,45～49歳,57.40,1:03.08,1:08.19,8,赤坂恵美子,セ・志木,4/10,1:44.36,104.36,False,False,False,,,0.88,,False
78,長水路,9,女子,100m自由形,40～44歳,58.04,1:02.15,1:06.24,1,上沢絵里奈,セ・慶應日吉,10/9,1:10.68,70.68,False,False,False,,,0.66,,False
78,長水路,9,女子,100m自由形,40～44歳,58.04,1:02.15,1:06.24,2,小豆澤和代,セ・慶應日吉,10/10,1:12.33,72.33,False,False,False,,,0.9,,False
78,長水路,9,女子,100m自由形,40～44歳,58.04,1:02.15,1:06.24,3,錦織佳奈子,ザバス川崎,9/8,1:18.62,78.62,False,False,False,,,0.88,,False
78,長水路,9,女子,100m自由形,40～44歳,58.04,1:02.15,1:06.24,4,井島孝子,セ・天王洲,4/7,1:34.31,94.31,False,False,False,,,1.08,,False
78,長水路,9,女子,100m自由形,40～44歳,58.04,1:02.15,1:06.24,,関川晶子,セ・下北沢,9/4,,,False,False,False,,,,,True
78,長水路,9,女子,100m自由形,30～34歳,55.24,57.76,1:03.35,1,風間捺央,セ・市川,10/6,1:06.17,66.17,False,False,False,,,0.81,,False
78,長水路,9,女子,100m自由形,30～34歳,55.24,57.76,1:03.35,2,豊島葉子,セ・袖ヶ浦,10/3,1:06.56,66.56,False,False,False,,,0.68,,False
78,長水路,9,女子,100m自由形,30～34歳,55.24,57.76,1:03.35,3,吉田のばら,セ・南千住,9/6,1:07.88,67.88,False,False,False,,,0.75,,False
78,長水路,9,女子,100m自由形,30～34歳,55.24,57.76,1:03.35,4,中山翠,ザバス川崎,8/2,1:24.82,84.82,False,False,False,,,0.84,,False
78,長水路,9,女子,100m自由形,25～29歳,56.96,57.89,1:00.50,1,小林志穂,セ・葛西,10/4,1:05.75,65.75,False,False,False,,,0.69,,False
78,長水路,9,女子,100m自由形,25～29歳,56.96,57.89,1:00.50,2,ニューボールード菜月,セ・柏,8/9,1:06.84,66.84,False,False,False,,,0.69,,False
78,長水路,9,女子,100m自由形,25～29歳,56.96,57.89,1:00.50,3,横溝万波,セ・成瀬,10/8,1:08.73,68.73,False,False,False,,,0.71,,False
78,長水路,9,女子,100m自由形,25～29歳,56.96,57.89,1:00.50,4,丸玖瑠都,セ・成城,10/7,1:09.59,69.59,False,False,False,,,0.67,,False
78,長水路,9,女子,100m自由形,25～29歳,56.96,57.89,1:00.50,5,真如美優,セ・南千住,10/2,1:11.28,71.28,False,False,False,,,0.68,,False
78,長水路,9,女子,100m自由形,25～29歳,56.96,57.89,1:00.50,6,木田景子,セ・平塚,9/5,1:11.97,71.97,False,False,False,,,0.74,,False
78,長水路,9,女子,100m自由形,18～24歳,,,1:01.56,1,岩城心美,セ・武蔵小杉,10/5,1:03.73,63.73,False,False,False,,,0.65,,False
78,長水路,9,女子,100m自由形,18～24歳,,,1:01.56,2,森山稜子,セ・新都心,9/7,1:19.45,79.45,False,False,False,,,0.8,,False
78,長水路,10,男子,100m自由形,85～89歳,1:22.25,1:22.25,1:37.90,1,井上隆史,セ・市ヶ尾,1/5,1:39.14,99.14,False,False,False,,,0.85,,False
78,長水路,10,男子,100m自由形,80～84歳,1:08.76,1:08.76,1:27.89,1,中田正二,セ・成城,1/8,1:30.62,90.62,False,False,False,,,1.08,,False
78,長水路,10,男子,100m自由形,75～79歳,1:06.40,1:06.40,1:13.93,1,服部陽一,セ・成瀬,2/8,1:34.30,94.3,False,False,False,,,0.85,,False
78,長水路,10,男子,100m自由形,75～79歳,1:06.40,1:06.40,1:13.93,2,大内洋,セ・葛西,1/7,1:42.32,102.32,False,False,False,,,0.94,,False
78,長水路,10,男子,100m自由形,70～74歳,1:03.01,1:03.17,1:11.50,1,亀田一麿,セ・東戸塚,4/5,1:17.54,77.53999999999999,False,False,False,,,0.97,,False
78,長水路,10,男子,100m自由形,70～74歳,1:03.01,1:03.17,1:11.50,2,若宮強,セ・成城,5/10,1:24.02,84.02,False,False,False,,,0.75,,False
78,長水路,10,男子,100m自由形,70～74歳,1:03.01,1:03.17,1:11.50,3,香川左近,セ・二俣川,2/5,1:29.22,89.22,False,False,False,,,0.86,,False
78,長水路,10,男子,100m自由形,70～74歳,1:03.01,1:03.17,1:11.50,4,岸田孝,セ・南青山,2/7,1:41.23,101.22999999999999,False,False,False,,,1.21,,False
78,長水路,10,男子,100m自由形,70～74歳,1:03.01,1:03.17,1:11.50,5,松下達一,セ・西新井,1/6,1:42.66,102.66,False,False,False,,,0.88,,False
78,長水路,10,男子,100m自由形,70～74歳,1:03.01,1:03.17,1:11.50,,若月優,セ・横浜,3/5,,,False,False,False,,,,,True
78,長水路,10,男子,100m自由形,65～69歳,59.49,1:02.14,1:05.19,1,海辺信吉,セ・おおたか,6/1,1:11.31,71.31,False,False,False,,,0.89,,False
78,長水路,10,男子,100m自由形,65～69歳,59.49,1:02.14,1:05.19,2,岩田寛,セ・慶應日吉,3/7,1:18.62,78.62,False,False,False,,,0.97,,False
78,長水路,10,男子,100m自由形,65～69歳,59.49,1:02.14,1:05.19,3,竹内新,セ・府中,4/10,1:24.19,84.19,False,False,False,,,0.95,,False
78,長水路,10,男子,100m自由形,65～69歳,59.49,1:02.14,1:05.19,4,佐藤信弘,セ・桶川北本,3/3,1:28.40,88.4,False,False,False,,,0.95,,False
78,長水路,10,男子,100m自由形,65～69歳,59.49,1:02.14,1:05.19,5,二宮次郎,セ・南宇都宮,2/4,1:28.49,88.49,False,False,False,,,0.78,,False
78,長水路,10,男子,100m自由形,65～69歳,59.49,1:02.14,1:05.19,6,鈴木義夫,セ・越谷,1/4,1:39.44,99.44,False,False,False,,,0.67,,False
78,長水路,10,男子,100m自由形,60～64歳,57.39,1:00.33,1:04.30,1,早津英哉,セ・越谷,7/2,1:07.19,67.19,False,False,False,,,0.73,,False
78,長水路,10,男子,100m自由形,60～64歳,57.39,1:00.33,1:04.30,2,中村勝,セ・南千住,7/8,1:07.44,67.44,False,False,False,,,0.72,,False
78,長水路,10,男子,100m自由形,60～64歳,57.39,1:00.33,1:04.30,3,山賀勝之,セ・南青山,5/4,1:11.71,71.71000000000001,False,False,False,,,0.73,,False
78,長水路,10,男子,100m自由形,60～64歳,57.39,1:00.33,1:04.30,4,池谷千尋,セ・長津田,5/6,1:15.82,75.82,False,False,False,,,0.79,,False
78,長水路,10,男子,100m自由形,60～64歳,57.39,1:00.33,1:04.30,5,二宮淳,セ・トレッサ,4/3,1:20.57,80.57,False,False,False,,,0.77,,False
78,長水路,10,男子,100m自由形,60～64歳,57.39,1:00.33,1:04.30,6,藤井宏哉,セ・松戸,4/6,1:21.23,81.23,False,False,False,,,0.74,,False
78,長水路,10,男子,100m自由形,60～64歳,57.39,1:00.33,1:04.30,7,横山恵一,セ・越谷,4/7,1:22.18,82.18,False,False,False,,,0.83,,False
78,長水路,10,男子,100m自由形,60～64歳,57.39,1:00.33,1:04.30,8,小島淳,セ・柏,2/6,1:23.58,83.58,False,False,False,,,0.76,,False
78,長水路,10,男子,100m自由形,60～64歳,57.39,1:00.33,1:04.30,9,山本和巳,セ・茂原,3/2,1:24.53,84.53,False,False,False,,,0.77,,False
78,長水路,10,男子,100m自由形,60～64歳,57.39,1:00.33,1:04.30,10,二宮博,セ・横浜,3/8,1:26.24,86.24,False,False,False,,,0.8,,False
78,長水路,10,男子,100m自由形,60～64歳,57.39,1:00.33,1:04.30,11,黒川恵一,セ・市ヶ尾,3/1,1:34.85,94.85,False,False,False,,,0.76,,False
78,長水路,10,男子,100m自由形,60～64歳,57.39,1:00.33,1:04.30,12,半澤繁,セ・清瀬,1/3,1:48.72,108.72,False,False,False,,,0.9,,False
78,長水路,10,男子,100m自由形,60～64歳,57.39,1:00.33,1:04.30,,近江信之,セ・武蔵小杉,4/4,,,False,False,False,,,,,True
78,長水路,10,男子,100m自由形,55～59歳,55.76,57.52,1:02.48,1,弭間政隆,セ・葛西,5/7,1:09.70,69.7,False,False,False,,,0.88,,False
78,長水路,10,男子,100m自由形,55～59歳,55.76,57.52,1:02.48,2,本間丈博,セ・稲毛海岸,6/10,1:14.68,74.68,False,False,False,,,0.81,,False
78,長水路,10,男子,100m自由形,55～59歳,55.76,57.52,1:02.48,3,加藤寿起,セ・袖ヶ浦,4/8,1:18.63,78.63,False,False,False,,,0.89,,False
78,長水路,10,男子,100m自由形,55～59歳,55.76,57.52,1:02.48,4,吉峯幸郎,セ・用賀,3/6,1:19.82,79.82,False,False,False,,,0.87,,False
78,長水路,10,男子,100m自由形,55～59歳,55.76,57.52,1:02.48,5,温井芳浩,セ・谷津,2/2,1:20.82,80.82,False,False,False,,,1.18,,False
78,長水路,10,男子,100m自由形,55～59歳,55.76,57.52,1:02.48,6,安藤朋邦,セ・南青山,3/10,1:22.44,82.44,False,False,False,,,0.85,,False
78,長水路,10,男子,100m自由形,55～59歳,55.76,57.52,1:02.48,7,大木義之,セ・清瀬,4/1,1:25.97,85.97,False,False,False,,,0.84,,False
78,長水路,10,男子,100m自由形,55～59歳,55.76,57.52,1:02.48,,渡辺章男,セ・阿佐谷,2/3,,,False,False,False,,,,,True
78,長水路,10,男子,100m自由形,55～59歳,55.76,57.52,1:02.48,,楊華,ザバス鶴見,5/5,,,False,False,False,,,,,True
78,長水路,10,男子,100m自由形,50～54歳,53.04,53.04,1:00.40,1,田窪達,セ・市ヶ尾,8/5,58.64,58.64,True,False,False,,,0.63,,False
78,長水路,10,男子,100m自由形,50～54歳,53.04,53.04,1:00.40,2,畠山雅和,セ・袖ヶ浦,7/6,59.21,59.21,True,False,False,,,0.7,,False
78,長水路,10,男子,100m自由形,50～54歳,53.04,53.04,1:00.40,3,土井清孝,ザバス鶴見,7/7,1:05.15,65.15,False,False,False,,,0.74,,False
78,長水路,10,男子,100m自由形,50～54歳,53.04,53.04,1:00.40,4,藤本豊和,セ・長津田,7/9,1:06.01,66.01,False,False,False,,,0.72,,False
78,長水路,10,男子,100m自由形,50～54歳,53.04,53.04,1:00.40,5,山田耕一,セ・清瀬,7/1,1:08.61,68.61,False,False,False,,,0.7,,False
78,長水路,10,男子,100m自由形,50～54歳,53.04,53.04,1:00.40,6,藤井清和,セ・武蔵小杉,6/8,1:09.52,69.52,False,False,False,,,0.66,,False
78,長水路,10,男子,100m自由形,50～54歳,53.04,53.04,1:00.40,7,足立晃,セ・新川崎,6/9,1:10.17,70.17,False,False,False,,,0.77,,False
78,長水路,10,男子,100m自由形,50～54歳,53.04,53.04,1:00.40,8,平田博之,セ・ときわ台,5/2,1:11.47,71.47,False,False,False,,,0.85,,False
78,長水路,10,男子,100m自由形,50～54歳,53.04,53.04,1:00.40,9,佐久間毅慶,セ・新都心,4/2,1:15.28,75.28,False,False,False,,,0.9,,False
78,長水路,10,男子,100m自由形,50～54歳,53.04,53.04,1:00.40,10,倉本貴司,セ・東十条,5/8,1:15.86,75.86,False,False,False,,,0.75,,False
78,長水路,10,男子,100m自由形,50～54歳,53.04,53.04,1:00.40,11,前田光輝,セ・おおたか,5/3,1:16.86,76.86,False,False,False,,,0.74,,False
78,長水路,10,男子,100m自由形,50～54歳,53.04,53.04,1:00.40,12,本間智浩,セ・志木,3/9,1:22.79,82.78999999999999,False,False,False,,,0.84,,False
78,長水路,10,男子,100m自由形,50～54歳,53.04,53.04,1:00.40,13,小山邦彦,セ・おおたか,3/4,1:26.47,86.47,False,False,False,,,0.81,,False
78,長水路,10,男子,100m自由形,50～54歳,53.04,53.04,1:00.40,,大橋克也,ザバス川崎,6/6,,,False,False,False,,,,,True
78,長水路,10,男子,100m自由形,45～49歳,52.24,52.24,56.53,1,野村峰生,セ・大森,8/4,1:00.53,60.53,False,False,False,,,0.69,,False
78,長水路,10,男子,100m自由形,45～49歳,52.24,52.24,56.53,2,北川貴義,セ・阿佐谷,8/2,1:01.23,61.23,False,False,False,,,0.69,,False
78,長水路,10,男子,100m自由形,45～49歳,52.24,52.24,56.53,3,中込孝之,ザバス川崎,8/6,1:02.40,62.4,False,False,False,,,0.84,,False
78,長水路,10,男子,100m自由形,45～49歳,52.24,52.24,56.53,4,山内悠,セ・市ヶ尾,7/5,1:04.33,64.33,False,False,False,,,0.79,,False
78,長水路,10,男子,100m自由形,45～49歳,52.24,52.24,56.53,5,西田幸弘,セ・藤沢,6/7,1:10.20,70.2,False,False,False,,,0.75,,False
78,長水路,10,男子,100m自由形,45～49歳,52.24,52.24,56.53,6,小島直政,セ・久喜,5/1,1:14.65,74.65,False,False,False,,,0.91,,False
78,長水路,10,男子,100m自由形,45～49歳,52.24,52.24,56.53,,菅原弘貴,セ・福生,6/2,,,False,False,False,,,,,True
78,長水路,10,男子,100m自由形,40～44歳,50.73,51.21,56.20,1,川瀬健次,セ・大宮宮原,8/8,1:01.51,61.51,False,False,False,,,0.66,,False
78,長水路,10,男子,100m自由形,35～39歳,50.78,50.78,53.85,1,岩本和也,セ・志木,8/7,59.81,59.81,False,False,False,,,0.73,,False
78,長水路,10,男子,100m自由形,35～39歳,50.78,50.78,53.85,2,吉川重行,セ・桶川北本,8/9,1:01.56,61.56,False,False,False,,,0.67,,False
78,長水路,10,男子,100m自由形,35～39歳,50.78,50.78,53.85,3,和田亮,セ・阿佐谷,6/5,1:10.10,70.1,False,False,False,,,0.72,,False
78,長水路,10,男子,100m自由形,35～39歳,50.78,50.78,53.85,4,増田究,セ・平塚,5/9,1:16.34,76.34,False,False,False,,,0.63,,False
78,長水路,10,男子,100m自由形,30～34歳,49.80,51.34,53.90,1,石井孟,セ・葛西,9/4,58.39,58.39,False,False,False,,,0.62,,False
78,長水路,10,男子,100m自由形,30～34歳,49.80,51.34,53.90,2,伊藤孝優,セ・八王子,7/4,1:02.71,62.71,False,False,False,,,0.78,,False
78,長水路,10,男子,100m自由形,30～34歳,49.80,51.34,53.90,3,渡部慎也,セ・大森,6/4,1:06.04,66.04,False,False,False,,,0.78,,False
78,長水路,10,男子,100m自由形,30～34歳,49.80,51.34,53.90,4,寺田遼太,セ・天王洲,6/3,1:06.88,66.88,False,False,False,,,0.81,,False
78,長水路,10,男子,100m自由形,30～34歳,49.80,51.34,53.90,5,山田義明,セ・おおたか,4/9,1:23.56,83.56,False,False,False,,,1.0,,False
78,長水路,10,男子,100m自由形,25～29歳,48.72,50.75,52.13,1,田中壮一郎,セ・二俣川,9/6,58.77,58.77,False,False,False,,,0.75,,False
78,長水路,10,男子,100m自由形,25～29歳,48.72,50.75,52.13,2,木渕大輝,セ・天王洲,9/3,58.91,58.91,False,False,False,,,0.64,,False
78,長水路,10,男子,100m自由形,25～29歳,48.72,50.75,52.13,3,柿沼龍史,セ・成城,8/3,59.53,59.53,False,False,False,,,0.69,,False
78,長水路,10,男子,100m自由形,25～29歳,48.72,50.75,52.13,4,泉翔太,セ・葛西,9/8,1:01.37,61.37,False,False,False,,,0.68,,False
78,長水路,10,男子,100m自由形,25～29歳,48.72,50.75,52.13,5,村上裕哉,セ・南千住,8/10,1:01.81,61.81,False,False,False,,,0.74,,False
78,長水路,10,男子,100m自由形,25～29歳,48.72,50.75,52.13,6,星友也,セ・天王洲,8/1,1:02.69,62.69,False,False,False,,,0.76,,False
78,長水路,10,男子,100m自由形,25～29歳,48.72,50.75,52.13,7,武本侑己,セ・青砥,9/2,1:02.74,62.74,False,False,False,,,0.74,,False
78,長水路,10,男子,100m自由形,25～29歳,48.72,50.75,52.13,8,西田壮仁,ザバス藤が丘,7/10,1:07.95,67.95,False,False,False,,,0.71,,False
78,長水路,10,男子,100m自由形,18～24歳,,,52.11,1,菅原啓,セ・慶應日吉,9/5,55.94,55.94,False,False,False,,,0.66,,False
78,長水路,10,男子,100m自由形,18～24歳,,,52.11,2,村田拓斗,セ・長津田,9/1,57.25,57.25,False,False,False,,,0.67,,False
78,長水路,10,男子,100m自由形,18～24歳,,,52.11,3,織戸友宏,セ・葛西,9/9,58.68,58.68,False,False,False,,,0.66,,False
78,長水路,10,男子,100m自由形,18～24歳,,,52.11,4,藤井龍生,セ・横浜,9/10,1:00.13,60.13,False,False,False,,,0.62,,False
78,長水路,10,男子,100m自由形,18～24歳,,,52.11,5,佐藤汰祐,ザバス鶴見,9/7,1:02.65,62.65,False,False,False,,,0.73,,False
78,長水路,10,男子,100m自由形,18～24歳,,,52.11,6,金子智哉,セ・清瀬,7/3,1:03.33,63.33,False,False,False,,,0.78,,False
78,長水路,13,女子,50m背泳ぎ,85～89歳,46.25,46.25,59.14,1,田中もみぢ,セ・おおたか,5/5,1:02.72,62.72,False,False,False,,,0.87,,False
78,長水路,13,女子,50m背泳ぎ,85～89歳,46.25,46.25,59.14,2,須山順子,セ・松戸,4/8,1:04.78,64.78,False,False,False,,,0.86,,False
78,長水路,13,女子,50m背泳ぎ,85～89歳,46.25,46.25,59.14,3,森川タエ子,セ・我孫子,1/1,1:12.91,72.91,False,False,False,,,0.98,,False
78,長水路,13,女子,50m背泳ぎ,80～84歳,43.04,43.04,52.86,1,中村敬子,セ・府中,7/4,57.39,57.39,False,False,False,,,0.86,,False
78,長水路,13,女子,50m背泳ぎ,80～84歳,43.04,43.04,52.86,2,田神洋子,セ・トレッサ,3/6,58.37,58.37,False,False,False,,,0.73,,False
78,長水路,13,女子,50m背泳ぎ,80～84歳,43.04,43.04,52.86,3,舘野圭子,セ・用賀,4/5,1:00.02,60.02,False,False,False,,,0.69,,False
78,長水路,13,女子,50m背泳ぎ,80～84歳,43.04,43.04,52.86,4,内田良子,セ・用賀,5/7,1:02.76,62.76,False,False,False,,,0.83,,False
78,長水路,13,女子,50m背泳ぎ,80～84歳,43.04,43.04,52.86,5,浜野操子,セ・流山,1/5,1:06.52,66.52,False,False,False,,,0.65,,False
78,長水路,13,女子,50m背泳ぎ,80～84歳,43.04,43.04,52.86,6,岡本靖子,セ・慶應日吉,4/9,1:06.73,66.73,False,False,False,,,0.93,,False
78,長水路,13,女子,50m背泳ぎ,80～84歳,43.04,43.04,52.86,7,中田和子,セ・越谷,1/7,1:08.07,68.07,False,False,False,,,0.98,,False
78,長水路,13,女子,50m背泳ぎ,80～84歳,43.04,43.04,52.86,8,小野洋子,セ・我孫子,1/4,1:11.64,71.64,False,False,False,,,0.95,,False
78,長水路,13,女子,50m背泳ぎ,80～84歳,43.04,43.04,52.86,9,相澤和子,セ・久喜,2/1,1:14.57,74.57,False,False,False,,,0.62,,False
78,長水路,13,女子,50m背泳ぎ,80～84歳,43.04,43.04,52.86,10,加藤直子,セ・横浜,1/10,1:27.95,87.95,False,False,False,,,0.94,,False
78,長水路,13,女子,50m背泳ぎ,80～84歳,43.04,43.04,52.86,11,西村咲喜子,セ・志木,1/9,1:49.25,109.25,False,False,False,,,1.17,,False
78,長水路,13,女子,50m背泳ぎ,80～84歳,43.04,43.04,52.86,,川端淑子,セ・天王洲,1/6,,,False,False,False,,,,,True
78,長水路,13,女子,50m背泳ぎ,80～84歳,43.04,43.04,52.86,,三浦実恵子,セ・館山,3/5,,,False,False,False,,,,,True
78,長水路,13,女子,50m背泳ぎ,75～79歳,40.08,40.56,48.00,1,川口栄子,セ・松戸,8/5,55.89,55.89,False,False,False,,,0.91,,False
78,長水路,13,女子,50m背泳ぎ,75～79歳,40.08,40.56,48.00,2,古旗美鈴,セ・上池袋,7/6,56.95,56.95,False,False,False,,,0.77,,False
78,長水路,13,女子,50m背泳ぎ,75～79歳,40.08,40.56,48.00,2,室谷晴江,セ・大森,7/7,56.95,56.95,False,False,False,,,0.76,,False
78,長水路,13,女子,50m背泳ぎ,75～79歳,40.08,40.56,48.00,4,吉田三枝子,墨田区体育館,7/5,56.97,56.97,False,False,False,,,0.82,,False
78,長水路,13,女子,50m背泳ぎ,75～79歳,40.08,40.56,48.00,5,樋口孝子,セ・阿佐谷,3/7,59.31,59.31,False,False,False,,,0.88,,False
78,長水路,13,女子,50m背泳ぎ,75～79歳,40.08,40.56,48.00,6,原田早苗,セ・南千住,5/3,59.95,59.95,False,False,False,,,0.78,,False
78,長水路,13,女子,50m背泳ぎ,75～79歳,40.08,40.56,48.00,7,栗林眞知子,セ・成城,6/5,1:00.41,60.41,False,False,False,,,0.86,,False
78,長水路,13,女子,50m背泳ぎ,75～79歳,40.08,40.56,48.00,8,岡田啓子,セ・桶川北本,3/4,1:01.47,61.47,False,False,False,,,0.96,,False
78,長水路,13,女子,50m背泳ぎ,75～79歳,40.08,40.56,48.00,9,川島かよ子,セ・天王洲,5/9,1:02.48,62.48,False,False,False,,,1.08,,False
78,長水路,13,女子,50m背泳ぎ,75～79歳,40.08,40.56,48.00,10,坂本光子,セ・越谷,2/3,1:03.71,63.71,False,False,False,,,1.04,,False
78,長水路,13,女子,50m背泳ぎ,75～79歳,40.08,40.56,48.00,11,岩塚美恵子,セ・越谷,2/8,1:05.41,65.41,False,False,False,,,1.06,,False
78,長水路,13,女子,50m背泳ぎ,75～79歳,40.08,40.56,48.00,12,松木弘美,セ・志木,2/7,1:06.66,66.66,False,False,False,,,0.98,,False
78,長水路,13,女子,50m背泳ぎ,75～79歳,40.08,40.56,48.00,13,石川和子,セ・我孫子,2/4,1:08.73,68.73,False,False,False,,,1.15,,False
78,長水路,13,女子,50m背泳ぎ,75～79歳,40.08,40.56,48.00,14,栗原羊子,セ・流山,2/6,1:13.49,73.49,False,False,False,,,0.99,,False
78,長水路,13,女子,50m背泳ぎ,75～79歳,40.08,40.56,48.00,15,石村眞理子,セ・新川崎,2/5,1:15.31,75.31,False,False,False,,,0.97,,False
78,長水路,13,女子,50m背泳ぎ,75～79歳,40.08,40.56,48.00,,小島律子,セ・谷津,2/10,,,False,False,False,,,,,True
78,長水路,13,女子,50m背泳ぎ,75～79歳,40.08,40.56,48.00,,後藤節子,セ・松戸,4/10,,,False,False,False,,,,,True
78,長水路,13,女子,50m背泳ぎ,75～79歳,40.08,40.56,48.00,,山本恭子,セ・松戸,6/9,,,False,False,False,,,,,True
78,長水路,13,女子,50m背泳ぎ,70～74歳,34.65,39.67,45.18,1,山本由起子,セ・南千住,12/6,48.14,48.14,False,False,False,,,0.87,,False
78,長水路,13,女子,50m背泳ぎ,70～74歳,34.65,39.67,45.18,2,松村恵子,セ・葛西,11/5,50.31,50.31,False,False,False,,,0.73,,False
78,長水路,13,女子,50m背泳ぎ,70～74歳,34.65,39.67,45.18,3,市野克子,セ・大森,9/7,50.39,50.39,False,False,False,,,0.91,,False
78,長水路,13,女子,50m背泳ぎ,70～74歳,34.65,39.67,45.18,4,石塚孝子,セ・志木,10/9,51.53,51.53,False,False,False,,,0.83,,False
78,長水路,13,女子,50m背泳ぎ,70～74歳,34.65,39.67,45.18,5,水谷裕子,セ・西新井,9/4,52.53,52.53,False,False,False,,,0.85,,False
78,長水路,13,女子,50m背泳ぎ,70～74歳,34.65,39.67,45.18,6,相澤史子,セ・松戸,8/1,54.22,54.22,False,False,False,,,0.61,,False
78,長水路,13,女子,50m背泳ぎ,70～74歳,34.65,39.67,45.18,7,梅田栄己子,セ・天王洲,7/3,55.22,55.22,False,False,False,,,0.86,,False
78,長水路,13,女子,50m背泳ぎ,70～74歳,34.65,39.67,45.18,8,儀保都志子,セ・成城,3/8,56.38,56.38,False,False,False,,,0.82,,False
78,長水路,13,女子,50m背泳ぎ,70～74歳,34.65,39.67,45.18,9,平山啓子,セ・南青山,8/6,57.92,57.92,False,False,False,,,0.87,,False
78,長水路,13,女子,50m背泳ぎ,70～74歳,34.65,39.67,45.18,10,高木保子,セ・おおたか,6/10,58.56,58.56,False,False,False,,,0.82,,False
78,長水路,13,女子,50m背泳ぎ,70～74歳,34.65,39.67,45.18,11,大久保祐美子,セ・おおたか,4/4,58.79,58.79,False,False,False,,,0.86,,False
78,長水路,13,女子,50m背泳ぎ,70～74歳,34.65,39.67,45.18,12,渡辺米子,クリーンスパ,7/10,59.10,59.1,False,False,False,,,0.83,,False
78,長水路,13,女子,50m背泳ぎ,70～74歳,34.65,39.67,45.18,13,岡村悦子,セ・おおたか,4/6,1:00.75,60.75,False,False,False,,,0.78,,False
78,長水路,13,女子,50m背泳ぎ,70～74歳,34.65,39.67,45.18,14,鬼束洋子,セ・天王洲,3/2,1:01.79,61.79,False,False,False,,,0.77,,False
78,長水路,13,女子,50m背泳ぎ,70～74歳,34.65,39.67,45.18,15,畠山眞由美,セ・柏,3/1,1:02.14,62.14,False,False,False,,,0.87,,False
78,長水路,13,女子,50m背泳ぎ,70～74歳,34.65,39.67,45.18,16,池淵玲子,セ・慶應日吉,5/8,1:03.00,63.0,False,False,False,,,0.71,,False
78,長水路,13,女子,50m背泳ぎ,70～74歳,34.65,39.67,45.18,17,若松はる子,セ・松戸,6/1,1:04.40,64.4,False,False,False,,,0.76,,False
78,長水路,13,女子,50m背泳ぎ,70～74歳,34.65,39.67,45.18,18,長谷川節子,セ・天王洲,4/7,1:07.43,67.43,False,False,False,,,0.87,,False
78,長水路,13,女子,50m背泳ぎ,70～74歳,34.65,39.67,45.18,19,池田真木子,セ・阿佐谷,3/3,1:07.77,67.77,False,False,False,,,0.91,,False
78,長水路,13,女子,50m背泳ぎ,70～74歳,34.65,39.67,45.18,20,于亜芝,セ・南千住,3/9,1:08.80,68.8,False,False,False,,,0.93,,False
78,長水路,13,女子,50m背泳ぎ,70～74歳,34.65,39.67,45.18,21,寺西寿賀子,セ・天王洲,1/3,1:10.36,70.36,False,False,False,,,1.02,,False
78,長水路,13,女子,50m背泳ぎ,70～74歳,34.65,39.67,45.18,,大熊正子,セ・桶川北本,8/3,,,False,False,False,,,,,True
78,長水路,13,女子,50m背泳ぎ,70～74歳,34.65,39.67,45.18,,藤田典子,セ・川越,10/5,,,False,False,False,,,,,True
78,長水路,13,女子,50m背泳ぎ,65～69歳,33.59,37.54,43.31,1,石田良子,セ・越谷,13/5,46.90,46.9,False,False,False,,,0.52,,False
78,長水路,13,女子,50m背泳ぎ,65～69歳,33.59,37.54,43.31,2,田邊和歌子,セ・横浜,13/2,47.13,47.13,False,False,False,,,0.73,,False
78,長水路,13,女子,50m背泳ぎ,65～69歳,33.59,37.54,43.31,3,桶谷智子,セ・成城,11/6,48.82,48.82,False,False,False,,,0.72,,False
78,長水路,13,女子,50m背泳ぎ,65～69歳,33.59,37.54,43.31,4,堀口実枝子,セ・トレッサ,11/7,50.77,50.77,False,False,False,,,0.67,,False
78,長水路,13,女子,50m背泳ぎ,65～69歳,33.59,37.54,43.31,5,森本美恵,セ・松戸,11/4,50.89,50.89,False,False,False,,,0.79,,False
78,長水路,13,女子,50m背泳ぎ,65～69歳,33.59,37.54,43.31,6,嶋田陽子,セ・市ヶ尾,6/7,51.05,51.05,False,False,False,,,0.98,,False
78,長水路,13,女子,50m背泳ぎ,65～69歳,33.59,37.54,43.31,7,片桐万澄,セ・南千住,7/8,51.09,51.09,False,False,False,,,0.73,,False
78,長水路,13,女子,50m背泳ぎ,65～69歳,33.59,37.54,43.31,8,倉林明子,セ・おおたか,9/5,51.46,51.46,False,False,False,,,0.79,,False
78,長水路,13,女子,50m背泳ぎ,65～69歳,33.59,37.54,43.31,9,岡田美恵子,セ・溝ノ口,9/2,51.74,51.74,False,False,False,,,0.79,,False
78,長水路,13,女子,50m背泳ぎ,65～69歳,33.59,37.54,43.31,10,櫻田琴,セ・天王洲,10/3,51.89,51.89,False,False,False,,,0.68,,False
78,長水路,13,女子,50m背泳ぎ,65～69歳,33.59,37.54,43.31,11,石崎節代,セ・南千住,10/7,52.75,52.75,False,False,False,,,0.77,,False
78,長水路,13,女子,50m背泳ぎ,65～69歳,33.59,37.54,43.31,12,酒谷真砂子,セ・戸塚,8/10,53.81,53.81,False,False,False,,,0.74,,False
78,長水路,13,女子,50m背泳ぎ,65～69歳,33.59,37.54,43.31,13,小笠原京子,セ・流山,6/6,54.06,54.06,False,False,False,,,0.73,,False
78,長水路,13,女子,50m背泳ぎ,65～69歳,33.59,37.54,43.31,14,光畑千栄子,セ・成瀬,9/3,55.00,55.0,False,False,False,,,0.75,,False
78,長水路,13,女子,50m背泳ぎ,65～69歳,33.59,37.54,43.31,15,原昌代,セ・市ヶ尾,10/10,55.28,55.28,False,False,False,,,0.76,,False
78,長水路,13,女子,50m背泳ぎ,65～69歳,33.59,37.54,43.31,16,掃部典子,曽谷・セ,9/1,55.92,55.92,False,False,False,,,0.68,,False
78,長水路,13,女子,50m背泳ぎ,65～69歳,33.59,37.54,43.31,17,松本知世子,セ・福島,6/3,55.96,55.96,False,False,False,,,0.76,,False
78,長水路,13,女子,50m背泳ぎ,65～69歳,33.59,37.54,43.31,18,秦和加子,セ・新川崎,4/3,57.02,57.02,False,False,False,,,0.76,,False
78,長水路,13,女子,50m背泳ぎ,65～69歳,33.59,37.54,43.31,19,原田由美子,セ・慶應日吉,7/9,58.29,58.29,False,False,False,,,0.81,,False
78,長水路,13,女子,50m背泳ぎ,65～69歳,33.59,37.54,43.31,20,臼井希代子,セ・大宮宮原,7/1,59.16,59.16,False,False,False,,,0.77,,False
78,長水路,13,女子,50m背泳ぎ,65～69歳,33.59,37.54,43.31,21,須田菜奈子,セ・桶川北本,5/4,1:04.53,64.53,False,False,False,,,0.8,,False
78,長水路,13,女子,50m背泳ぎ,65～69歳,33.59,37.54,43.31,22,仲澤敦子,セ・柏,6/4,1:08.50,68.5,False,False,False,,,0.96,,False
78,長水路,13,女子,50m背泳ぎ,65～69歳,33.59,37.54,43.31,,宮田ひとみ,セ・阿佐谷,2/2,,,False,False,False,,,,,True
78,長水路,13,女子,50m背泳ぎ,65～69歳,33.59,37.54,43.31,,中西トモ子,セ・越谷,4/2,,,False,False,False,,,,,True
78,長水路,13,女子,50m背泳ぎ,65～69歳,33.59,37.54,43.31,,小宮山美芽,セ・天王洲,8/4,,,False,False,False,,,,,True
78,長水路,13,女子,50m背泳ぎ,60～64歳,32.68,36.26,36.26,1,田中貴子,セ・清瀬,14/5,41.72,41.72,False,False,False,,,0.77,,False
78,長水路,13,女子,50m背泳ぎ,60～64歳,32.68,36.26,36.26,2,武井麻知子,セ・二俣川,15/2,42.47,42.47,False,False,False,,,0.67,,False
78,長水路,13,女子,50m背泳ぎ,60～64歳,32.68,36.26,36.26,3,石井菜穂美,セ・市川,15/10,45.08,45.08,False,False,False,,,0.76,,False
78,長水路,13,女子,50m背泳ぎ,60～64歳,32.68,36.26,36.26,4,原磨理,セ・長津田,13/1,45.69,45.69,False,False,False,,,0.7,,False
78,長水路,13,女子,50m背泳ぎ,60～64歳,32.68,36.26,36.26,5,吉川千晶,G-SPA,14/8,45.76,45.76,False,False,False,,,0.75,,False
78,長水路,13,女子,50m背泳ぎ,60～64歳,32.68,36.26,36.26,6,佐藤明美,セ・館山,13/6,47.46,47.46,False,False,False,,,0.74,,False
78,長水路,13,女子,50m背泳ぎ,60～64歳,32.68,36.26,36.26,7,伊藤ゆかり,セ・成城,12/3,47.52,47.52,False,False,False,,,0.77,,False
78,長水路,13,女子,50m背泳ぎ,60～64歳,32.68,36.26,36.26,8,高見沢ゆみ子,セ・慶應日吉,11/3,47.74,47.74,False,False,False,,,0.71,,False
78,長水路,13,女子,50m背泳ぎ,60～64歳,32.68,36.26,36.26,9,座間千鶴子,ザバス八景,13/10,47.80,47.8,False,False,False,,,0.59,,False
78,長水路,13,女子,50m背泳ぎ,60～64歳,32.68,36.26,36.26,10,中野朗子,セ・慶應日吉,12/8,47.95,47.95,False,False,False,,,0.79,,False
78,長水路,13,女子,50m背泳ぎ,60～64歳,32.68,36.26,36.26,11,板谷仁恵,セ・二俣川,11/8,48.41,48.41,False,False,False,,,0.71,,False
78,長水路,13,女子,50m背泳ぎ,60～64歳,32.68,36.26,36.26,12,神保清美,セ・自由が丘,13/9,48.73,48.73,False,False,False,,,0.67,,False
78,長水路,13,女子,50m背泳ぎ,60～64歳,32.68,36.26,36.26,13,田村明美,セ・慶應日吉,10/8,48.81,48.81,False,False,False,,,0.84,,False
78,長水路,13,女子,50m背泳ぎ,60～64歳,32.68,36.26,36.26,14,大槻真由美,セ・清瀬,12/4,49.38,49.38,False,False,False,,,0.79,,False
78,長水路,13,女子,50m背泳ぎ,60～64歳,32.68,36.26,36.26,15,小笠原暁子,セ・清瀬,9/6,50.19,50.19,False,False,False,,,0.8,,False
78,長水路,13,女子,50m背泳ぎ,60～64歳,32.68,36.26,36.26,16,野崎由美子,セ・おおたか,10/1,50.26,50.26,False,False,False,,,0.71,,False
78,長水路,13,女子,50m背泳ぎ,60～64歳,32.68,36.26,36.26,17,吉野ひとみ,セ・松戸,8/8,54.64,54.64,False,False,False,,,0.73,,False
78,長水路,13,女子,50m背泳ぎ,60～64歳,32.68,36.26,36.26,18,小池理恵子,セ・阿佐谷,8/7,54.78,54.78,False,False,False,,,1.14,,False
78,長水路,13,女子,50m背泳ぎ,60～64歳,32.68,36.26,36.26,19,太刀岡早苗,セ・市ヶ尾,9/8,54.84,54.84,False,False,False,,,0.88,,False
78,長水路,13,女子,50m背泳ぎ,60～64歳,32.68,36.26,36.26,20,五十嵐佳澄,セ・阿佐谷,5/1,55.69,55.69,False,False,False,,,0.94,,False
78,長水路,13,女子,50m背泳ぎ,60～64歳,32.68,36.26,36.26,21,加藤雅弓,セ・新都心,6/8,58.22,58.22,False,False,False,,,0.8,,False
78,長水路,13,女子,50m背泳ぎ,60～64歳,32.68,36.26,36.26,22,三木純子,セ・流山,8/9,58.92,58.92,False,False,False,,,0.94,,False
78,長水路,13,女子,50m背泳ぎ,60～64歳,32.68,36.26,36.26,23,菊池佐千代,セ・流山,4/1,1:03.32,63.32,False,False,False,,,0.7,,False
78,長水路,13,女子,50m背泳ぎ,60～64歳,32.68,36.26,36.26,24,前川尚美,セ・F東戸塚,2/9,1:17.20,77.2,False,False,False,,,0.69,,False
78,長水路,13,女子,50m背泳ぎ,55～59歳,31.99,33.60,35.76,1,仲田久美子,セ・成城,16/9,39.36,39.36,False,False,False,,,0.66,,False
78,長水路,13,女子,50m背泳ぎ,55～59歳,31.99,33.60,35.76,2,鈴木和佳奈,セ・桶川北本,16/4,39.59,39.59,False,False,False,,,0.65,,False
78,長水路,13,女子,50m背泳ぎ,55～59歳,31.99,33.60,35.76,3,川村佳代子,セ・二俣川,16/10,41.75,41.75,False,False,False,,,0.6,,False
78,長水路,13,女子,50m背泳ぎ,55～59歳,31.99,33.60,35.76,4,八尋加苗,セ・松戸,14/9,44.15,44.15,False,False,False,,,0.7,,False
78,長水路,13,女子,50m背泳ぎ,55～59歳,31.99,33.60,35.76,5,武部友美子,セ・東戸塚,14/3,45.10,45.1,False,False,False,,,0.73,,False
78,長水路,13,女子,50m背泳ぎ,55～59歳,31.99,33.60,35.76,6,佐藤洋子,セ・成城,13/7,45.46,45.46,False,False,False,,,0.72,,False
78,長水路,13,女子,50m背泳ぎ,55～59歳,31.99,33.60,35.76,7,森川佳奈子,クリーンスパ,12/2,48.08,48.08,False,False,False,,,0.89,,False
78,長水路,13,女子,50m背泳ぎ,55～59歳,31.99,33.60,35.76,8,小林のぞみ,セ・越谷,13/4,48.38,48.38,False,False,False,,,0.66,,False
78,長水路,13,女子,50m背泳ぎ,55～59歳,31.99,33.60,35.76,9,捶井泰子,セ・用賀,13/3,48.39,48.39,False,False,False,,,0.87,,False
78,長水路,13,女子,50m背泳ぎ,55～59歳,31.99,33.60,35.76,10,松川律子,セ・二俣川,10/4,50.65,50.65,False,False,False,,,0.69,,False
78,長水路,13,女子,50m背泳ぎ,55～59歳,31.99,33.60,35.76,11,大野結実,セ・横浜,11/2,51.20,51.2,False,False,False,,,0.94,,False
78,長水路,13,女子,50m背泳ぎ,55～59歳,31.99,33.60,35.76,12,レントフェルト慶子,セ・清瀬,10/6,51.65,51.65,False,False,False,,,0.85,,False
78,長水路,13,女子,50m背泳ぎ,55～59歳,31.99,33.60,35.76,13,山田智子,セ・慶應日吉,6/2,54.92,54.92,False,False,False,,,0.72,,False
78,長水路,13,女子,50m背泳ぎ,55～59歳,31.99,33.60,35.76,14,阿部のぞみ,セ・二俣川,7/2,54.97,54.97,False,False,False,,,0.7,,False
78,長水路,13,女子,50m背泳ぎ,55～59歳,31.99,33.60,35.76,15,雨宮裕子,セ・大宮宮原,1/2,59.40,59.4,False,False,False,,,1.19,,False
78,長水路,13,女子,50m背泳ぎ,55～59歳,31.99,33.60,35.76,16,古平正美,セ・清瀬,5/2,1:03.59,63.59,False,False,False,,,0.9,,False
78,長水路,13,女子,50m背泳ぎ,55～59歳,31.99,33.60,35.76,17,日置睦,セ・我孫子,5/6,1:04.35,64.35,False,False,False,,,0.82,,False
78,長水路,13,女子,50m背泳ぎ,55～59歳,31.99,33.60,35.76,18,植草美香子,セ・横浜,1/8,1:08.46,68.46000000000001,False,False,False,,,1.2,,False
78,長水路,13,女子,50m背泳ぎ,50～54歳,31.59,32.51,32.51,1,浅尾有香,セ・大森,17/2,36.32,36.32,False,False,False,,,0.57,,False
78,長水路,13,女子,50m背泳ぎ,50～54歳,31.59,32.51,32.51,2,梅澤亮子,セ・桶川北本,17/3,36.56,36.56,False,False,False,,,0.73,,False
78,長水路,13,女子,50m背泳ぎ,50～54歳,31.59,32.51,32.51,3,木村美佐子,セ・南宇都宮,16/6,39.27,39.27,False,False,False,,,0.77,,False
78,長水路,13,女子,50m背泳ぎ,50～54歳,31.59,32.51,32.51,4,棚網恵理,セ・阿佐谷,16/1,40.75,40.75,False,False,False,,,0.69,,False
78,長水路,13,女子,50m背泳ぎ,50～54歳,31.59,32.51,32.51,5,大橋ほづ美,セ・清瀬,16/8,40.87,40.87,False,False,False,,,0.7,,False
78,長水路,13,女子,50m背泳ぎ,50～54歳,31.59,32.51,32.51,6,杉本浩美,セ・南千住,15/7,41.40,41.4,False,False,False,,,0.86,,False
78,長水路,13,女子,50m背泳ぎ,50～54歳,31.59,32.51,32.51,7,河原和世,セ・戸塚,15/8,41.60,41.6,False,False,False,,,0.67,,False
78,長水路,13,女子,50m背泳ぎ,50～54歳,31.59,32.51,32.51,8,吉岡智子,セ・新都心,14/6,43.80,43.8,False,False,False,,,0.74,,False
78,長水路,13,女子,50m背泳ぎ,50～54歳,31.59,32.51,32.51,9,高橋麻子,セ・市ヶ尾,14/4,43.91,43.91,False,False,False,,,0.77,,False
78,長水路,13,女子,50m背泳ぎ,50～54歳,31.59,32.51,32.51,10,鈴木由佳里,セ・天王洲,15/3,44.25,44.25,False,False,False,,,0.7,,False
78,長水路,13,女子,50m背泳ぎ,50～54歳,31.59,32.51,32.51,11,北瀬あづさ,セ・市ヶ尾,11/9,47.41,47.41,False,False,False,,,0.76,,False
78,長水路,13,女子,50m背泳ぎ,50～54歳,31.59,32.51,32.51,12,小林和江,セ・福生,12/5,48.76,48.76,False,False,False,,,0.76,,False
78,長水路,13,女子,50m背泳ぎ,50～54歳,31.59,32.51,32.51,13,磯村麻衣子,セ・上池袋,5/10,51.88,51.88,False,False,False,,,1.47,,False
78,長水路,13,女子,50m背泳ぎ,50～54歳,31.59,32.51,32.51,14,糸川永利子,セ・用賀,12/7,52.39,52.39,False,False,False,,,0.72,,False
78,長水路,13,女子,50m背泳ぎ,50～54歳,31.59,32.51,32.51,15,村岡貴子,セ・桶川北本,8/2,54.26,54.26,False,False,False,,,0.9,,False
78,長水路,13,女子,50m背泳ぎ,50～54歳,31.59,32.51,32.51,16,小川史枝,セ・越谷LT,9/9,56.64,56.64,False,False,False,,,0.84,,False
78,長水路,13,女子,50m背泳ぎ,50～54歳,31.59,32.51,32.51,17,久保洋子,セ・流山,3/10,1:15.81,75.81,False,False,False,,,0.68,,False
78,長水路,13,女子,50m背泳ぎ,45～49歳,31.02,31.38,34.69,1,坂本桃枝,G-SPA,16/5,37.37,37.37,False,False,False,,,0.76,,False
78,長水路,13,女子,50m背泳ぎ,45～49歳,31.02,31.38,34.69,2,遠藤真理,セ・袖ヶ浦,17/9,40.54,40.54,False,False,False,,,0.55,,False
78,長水路,13,女子,50m背泳ぎ,45～49歳,31.02,31.38,34.69,3,宇田川美穂,セ・天王洲,14/1,43.06,43.06,False,False,False,,,0.71,,False
78,長水路,13,女子,50m背泳ぎ,45～49歳,31.02,31.38,34.69,4,草野茜,セ・二俣川,14/7,43.24,43.24,False,False,False,,,0.65,,False
78,長水路,13,女子,50m背泳ぎ,45～49歳,31.02,31.38,34.69,5,兵頭和子,セ・成瀬,15/9,43.43,43.43,False,False,False,,,0.73,,False
78,長水路,13,女子,50m背泳ぎ,45～49歳,31.02,31.38,34.69,6,小高麻衣子,セ・市川,14/2,44.66,44.66,False,False,False,,,0.56,,False
78,長水路,13,女子,50m背泳ぎ,45～49歳,31.02,31.38,34.69,7,貞廣瑠美子,セ・上池袋,11/1,45.25,45.25,False,False,False,,,1.07,,False
78,長水路,13,女子,50m背泳ぎ,45～49歳,31.02,31.38,34.69,8,吉田瑠夏,曽谷・セ,12/9,49.88,49.88,False,False,False,,,0.72,,False
78,長水路,13,女子,50m背泳ぎ,45～49歳,31.02,31.38,34.69,9,宮林佑妃,セ・長津田,11/10,54.62,54.62,False,False,False,,,0.71,,False
78,長水路,13,女子,50m背泳ぎ,45～49歳,31.02,31.38,34.69,10,下山雅子,セ・茂原,12/10,54.94,54.94,False,False,False,,,0.7,,False
78,長水路,13,女子,50m背泳ぎ,45～49歳,31.02,31.38,34.69,,清水佳苗,曽谷・セ,12/1,,,False,False,False,,,,,True
78,長水路,13,女子,50m背泳ぎ,40～44歳,29.62,31.04,34.00,1,永田加那子,セ・葛西,17/8,36.99,36.99,False,False,False,,,0.53,,False
78,長水路,13,女子,50m背泳ぎ,40～44歳,29.62,31.04,34.00,2,宮本八重,セ・慶應日吉,17/1,38.53,38.53,False,False,False,,,0.67,,False
78,長水路,13,女子,50m背泳ぎ,40～44歳,29.62,31.04,34.00,3,大竹昌子,セ・大森,15/6,41.93,41.93,False,False,False,,,0.66,,False
78,長水路,13,女子,50m背泳ぎ,40～44歳,29.62,31.04,34.00,4,岩田愛恵,セ・成城,14/10,46.42,46.42,False,False,False,,,0.58,,False
78,長水路,13,女子,50m背泳ぎ,35～39歳,28.63,29.73,34.03,1,中畑眸,セ・成城,16/7,40.45,40.45,False,False,False,,,0.59,,False
78,長水路,13,女子,50m背泳ぎ,35～39歳,28.63,29.73,34.03,2,萩原ゆりか,セ・天王洲,16/2,40.61,40.61,False,False,False,,,0.84,,False
78,長水路,13,女子,50m背泳ぎ,35～39歳,28.63,29.73,34.03,3,李鎬善,セ・目黒,13/8,47.16,47.16,False,False,False,,,0.58,,False
78,長水路,13,女子,50m背泳ぎ,35～39歳,28.63,29.73,34.03,4,國政玲,セ・南青山,9/10,55.72,55.72,False,False,False,,,0.66,,False
78,長水路,13,女子,50m背泳ぎ,30～34歳,28.57,28.86,32.95,1,小澤有未,セ・長津田,17/10,34.77,34.77,False,False,False,,,0.69,,False
78,長水路,13,女子,50m背泳ぎ,30～34歳,28.57,28.86,32.95,2,仲田笑美,セ・成城,17/4,35.86,35.86,False,False,False,,,0.65,,False
78,長水路,13,女子,50m背泳ぎ,30～34歳,28.57,28.86,32.95,3,角田優佳里,セ・青砥,10/2,45.11,45.11,False,False,False,,,0.73,,False
78,長水路,13,女子,50m背泳ぎ,25～29歳,28.39,28.99,31.83,1,岡澤志織,セ・茂原,17/5,32.21,32.21,False,False,False,,,0.65,,False
78,長水路,13,女子,50m背泳ぎ,25～29歳,28.39,28.99,31.83,2,宮百合恵,セ・阿佐谷,15/4,39.87,39.87,False,False,False,,,0.57,,False
78,長水路,13,女子,50m背泳ぎ,25～29歳,28.39,28.99,31.83,3,山下紗英,セ・S湘南台,16/3,40.66,40.66,False,False,False,,,0.74,,False
78,長水路,13,女子,50m背泳ぎ,18～24歳,,,31.94,1,宮澤緋花留,セ・蒲田,17/6,34.71,34.71,False,False,False,,,0.51,,False
78,長水路,13,女子,50m背泳ぎ,18～24歳,,,31.94,2,松本彩花,セ・二俣川,15/5,40.84,40.84,False,False,False,,,0.59,,False
78,長水路,13,女子,50m背泳ぎ,18～24歳,,,31.94,3,星野真美,セ・志木,17/7,40.88,40.88,False,False,False,,,0.63,,False
78,長水路,13,女子,50m背泳ぎ,18～24歳,,,31.94,4,皆川すみれ,セ・南青山,15/1,43.84,43.84,False,False,False,,,0.66,,False
78,長水路,14,男子,50m背泳ぎ,80～84歳,36.83,38.16,42.72,1,石川守也,セ・市川,2/2,52.62,52.62,False,False,False,,,0.75,,False
78,長水路,14,男子,50m背泳ぎ,80～84歳,36.83,38.16,42.72,2,丸本芳郎,ザバス鶴見,1/2,1:05.17,65.17,False,False,False,,,0.88,,False
78,長水路,14,男子,50m背泳ぎ,75～79歳,34.45,36.38,41.77,1,吉田亮,セ・成城,4/1,44.87,44.87,False,False,False,,,0.79,,False
78,長水路,14,男子,50m背泳ぎ,75～79歳,34.45,36.38,41.77,2,田中信夫,セ・越谷,3/2,50.31,50.31,False,False,False,,,0.65,,False
78,長水路,14,男子,50m背泳ぎ,75～79歳,34.45,36.38,41.77,3,大内洋,セ・葛西,1/6,55.36,55.36,False,False,False,,,0.75,,False
78,長水路,14,男子,50m背泳ぎ,75～79歳,34.45,36.38,41.77,4,松永勝,セ・おおたか,1/7,58.78,58.78,False,False,False,,,0.85,,False
78,長水路,14,男子,50m背泳ぎ,75～79歳,34.45,36.38,41.77,5,神保伸幸,セ・南青山,1/9,1:05.71,65.71,False,False,False,,,0.96,,False
78,長水路,14,男子,50m背泳ぎ,75～79歳,34.45,36.38,41.77,6,岡本孝夫,セ・新川崎,1/8,1:05.97,65.97,False,False,False,,,0.81,,False
78,長水路,14,男子,50m背泳ぎ,70～74歳,32.27,35.83,39.43,1,坂倉雅巳,セ・F東戸塚,5/8,40.72,40.72,False,False,False,,,0.65,,False
78,長水路,14,男子,50m背泳ぎ,70～74歳,32.27,35.83,39.43,2,鈴木幹男,セ・我孫子,4/2,43.62,43.62,False,False,False,,,0.77,,False
78,長水路,14,男子,50m背泳ぎ,70～74歳,32.27,35.83,39.43,3,吉村進,セ・阿佐谷,3/6,44.56,44.56,False,False,False,,,0.78,,False
78,長水路,14,男子,50m背泳ぎ,70～74歳,32.27,35.83,39.43,4,臼井全人,セ・大宮宮原,3/4,45.49,45.49,False,False,False,,,0.88,,False
78,長水路,14,男子,50m背泳ぎ,70～74歳,32.27,35.83,39.43,5,渡邊光洋,セ・福島,2/3,47.69,47.69,False,False,False,,,0.73,,False
78,長水路,14,男子,50m背泳ぎ,70～74歳,32.27,35.83,39.43,6,常山賢二,曽谷・セ,3/9,48.72,48.72,False,False,False,,,0.71,,False
78,長水路,14,男子,50m背泳ぎ,70～74歳,32.27,35.83,39.43,7,古川賢一郎,ザバス川崎,2/7,48.76,48.76,False,False,False,,,0.77,,False
78,長水路,14,男子,50m背泳ぎ,70～74歳,32.27,35.83,39.43,8,幡場達明,セ・大宮宮原,2/4,51.66,51.66,False,False,False,,,0.71,,False
78,長水路,14,男子,50m背泳ぎ,70～74歳,32.27,35.83,39.43,9,安高祐三,セ・越谷,2/9,55.16,55.16,False,False,False,,,1.45,,False
78,長水路,14,男子,50m背泳ぎ,70～74歳,32.27,35.83,39.43,10,宮崎清,セ・越谷LT,1/4,1:00.00,60.0,False,False,False,,,0.96,,False
78,長水路,14,男子,50m背泳ぎ,70～74歳,32.27,35.83,39.43,,若月優,セ・横浜,3/7,,,False,False,False,,,,,True
78,長水路,14,男子,50m背泳ぎ,65～69歳,30.95,33.24,38.09,1,會田修一,セ・おおたか,5/9,38.84,38.84,False,False,False,,,0.82,,False
78,長水路,14,男子,50m背泳ぎ,65～69歳,30.95,33.24,38.09,2,冨松実,セ・二俣川,4/4,39.69,39.69,False,False,False,,,0.72,,False
78,長水路,14,男子,50m背泳ぎ,65～69歳,30.95,33.24,38.09,3,五十嵐洋,セ・おおたか,2/5,45.20,45.2,False,False,False,,,0.77,,False
78,長水路,14,男子,50m背泳ぎ,65～69歳,30.95,33.24,38.09,4,西森文史郎,セ・長津田,4/10,45.73,45.73,False,False,False,,,0.67,,False
78,長水路,14,男子,50m背泳ぎ,65～69歳,30.95,33.24,38.09,5,岡部浩次,セ・上池袋,1/5,54.33,54.33,False,False,False,,,0.82,,False
78,長水路,14,男子,50m背泳ぎ,65～69歳,30.95,33.24,38.09,6,石井玲二,セ・川越,1/3,57.19,57.19,False,False,False,,,0.87,,False
78,長水路,14,男子,50m背泳ぎ,65～69歳,30.95,33.24,38.09,,堂園徹,セ・天王洲,2/8,,,False,False,False,,,,,True
78,長水路,14,男子,50m背泳ぎ,60～64歳,30.40,31.94,34.85,1,下家成人,セ・二俣川,6/9,35.48,35.48,False,False,False,,,0.7,,False
78,長水路,14,男子,50m背泳ぎ,60～64歳,30.40,31.94,34.85,2,村木満,セ・トレッサ,4/3,42.60,42.6,False,False,False,,,0.8,,False
78,長水路,14,男子,50m背泳ぎ,60～64歳,30.40,31.94,34.85,3,松下尚之,セ・流山,3/1,47.46,47.46,False,False,False,,,0.69,,False
78,長水路,14,男子,50m背泳ぎ,60～64歳,30.40,31.94,34.85,4,浦田昌和,セ・成城,3/8,48.95,48.95,False,False,False,,,0.76,,False
78,長水路,14,男子,50m背泳ぎ,60～64歳,30.40,31.94,34.85,,金田雅之,セ・能見台,3/5,,,False,False,False,,,,,True
78,長水路,14,男子,50m背泳ぎ,55～59歳,29.03,30.09,33.15,1,岡本邦守,セ・川越,6/10,35.82,35.82,False,False,False,,,0.6,,False
78,長水路,14,男子,50m背泳ぎ,55～59歳,29.03,30.09,33.15,2,小倉秀和,セ・清瀬,6/3,36.47,36.47,False,False,False,,,0.65,,False
78,長水路,14,男子,50m背泳ぎ,55～59歳,29.03,30.09,33.15,3,中津海全士,セ・S湘南台,5/7,37.85,37.85,False,False,False,,,0.64,,False
78,長水路,14,男子,50m背泳ぎ,55～59歳,29.03,30.09,33.15,5,久保卓士,セ・天王洲,5/3,39.49,39.49,False,False,False,,,0.72,,False
78,長水路,14,男子,50m背泳ぎ,55～59歳,29.03,30.09,33.15,6,佐々木栄一,G-SPA,4/6,40.79,40.79,False,False,False,,,0.69,,False
78,長水路,14,男子,50m背泳ぎ,55～59歳,29.03,30.09,33.15,7,杉原祥之,ザバス川崎,5/1,45.65,45.65,False,False,False,,,0.69,,False
78,長水路,14,男子,50m背泳ぎ,50～54歳,28.20,28.82,30.33,1,畠山雅和,セ・袖ヶ浦,7/3,30.18,30.18,True,False,False,,,0.59,,False
78,長水路,14,男子,50m背泳ぎ,50～54歳,28.20,28.82,30.33,2,河野悟,セ・慶應日吉,7/10,32.47,32.47,False,False,False,,,0.65,,False
78,長水路,14,男子,50m背泳ぎ,50～54歳,28.20,28.82,30.33,3,内藤充,セ・新川崎,6/1,35.53,35.53,False,False,False,,,0.66,,False
78,長水路,14,男子,50m背泳ぎ,50～54歳,28.20,28.82,30.33,4,渡辺則貴,セ・戸塚,5/4,36.92,36.92,False,False,False,,,0.62,,False
78,長水路,14,男子,50m背泳ぎ,50～54歳,28.20,28.82,30.33,5,松本考弘,セ・清瀬,4/8,39.66,39.66,False,False,False,,,0.77,,False
78,長水路,14,男子,50m背泳ぎ,50～54歳,28.20,28.82,30.33,6,青木正昭,セ・福生,3/3,46.19,46.19,False,False,False,,,0.75,,False
78,長水路,14,男子,50m背泳ぎ,45～49歳,27.56,27.86,28.31,1,寺田貴洋,セ・二俣川,7/7,30.89,30.89,False,False,False,,,0.83,,False
78,長水路,14,男子,50m背泳ぎ,45～49歳,27.56,27.86,28.31,2,皆川雅登,セ・大宮宮原,5/6,37.31,37.31,False,False,False,,,0.71,,False
78,長水路,14,男子,50m背泳ぎ,45～49歳,27.56,27.86,28.31,3,若杉佳宏,セ・阿佐谷,4/5,38.78,38.78,False,False,False,,,0.68,,False
78,長水路,14,男子,50m背泳ぎ,45～49歳,27.56,27.86,28.31,4,浅野亮介,セ・新都心,4/7,40.66,40.66,False,False,False,,,0.72,,False
78,長水路,14,男子,50m背泳ぎ,40～44歳,27.10,27.17,28.54,1,棚網宏之,セ・阿佐谷,7/8,32.31,32.31,False,False,False,,,0.67,,False
78,長水路,14,男子,50m背泳ぎ,40～44歳,27.10,27.17,28.54,2,川瀬健次,セ・大宮宮原,6/7,34.01,34.01,False,False,False,,,0.62,,False
78,長水路,14,男子,50m背泳ぎ,40～44歳,27.10,27.17,28.54,3,鈴木敏志,セ・松戸,5/5,34.97,34.97,False,False,False,,,0.68,,False
78,長水路,14,男子,50m背泳ぎ,40～44歳,27.10,27.17,28.54,4,小田島丈典,セ・福生,4/9,41.42,41.42,False,False,False,,,0.73,,False
78,長水路,14,男子,50m背泳ぎ,35～39歳,25.76,26.27,28.14,1,福田雄太,セ・慶應日吉,7/2,32.29,32.29,False,False,False,,,0.52,,False
78,長水路,14,男子,50m背泳ぎ,35～39歳,25.76,26.27,28.14,2,木村考太,セ・市ヶ尾,5/2,39.23,39.23,False,False,False,,,0.74,,False
78,長水路,14,男子,50m背泳ぎ,35～39歳,25.76,26.27,28.14,3,佐々木悠介,セ・福島,2/6,50.06,50.06,False,False,False,,,0.7,,False
78,長水路,14,男子,50m背泳ぎ,35～39歳,25.76,26.27,28.14,4,角田渉,セ・大森,3/10,51.22,51.22,False,False,False,,,0.73,,False
78,長水路,14,男子,50m背泳ぎ,30～34歳,25.53,26.08,27.32,1,石川和樹,セ・谷津,7/5,27.19,27.19,True,False,False,,,0.55,,False
78,長水路,14,男子,50m背泳ぎ,30～34歳,25.53,26.08,27.32,2,塚本拓也,セ・清瀬,7/9,30.86,30.86,False,False,False,,,0.63,,False
78,長水路,14,男子,50m背泳ぎ,30～34歳,25.53,26.08,27.32,3,土屋大貴,セ・平塚,6/5,32.31,32.31,False,False,False,,,0.7,,False
78,長水路,14,男子,50m背泳ぎ,30～34歳,25.53,26.08,27.32,4,石井孟,セ・葛西,7/1,33.25,33.25,False,False,False,,,0.58,,False
78,長水路,14,男子,50m背泳ぎ,25～29歳,25.44,25.94,26.58,1,中村翼,セ・天王洲,7/6,29.50,29.5,False,False,False,,,0.56,,False
78,長水路,14,男子,50m背泳ぎ,25～29歳,25.44,25.94,26.58,2,廣川大起,セ・柏,7/4,30.18,30.18,False,False,False,,,0.54,,False
78,長水路,14,男子,50m背泳ぎ,25～29歳,25.44,25.94,26.58,3,荒井啓汰,セ・阿佐谷,6/8,34.13,34.13,False,False,False,,,0.57,,False
78,長水路,14,男子,50m背泳ぎ,25～29歳,25.44,25.94,26.58,4,矢野匠,セ・葛西,6/4,37.30,37.3,False,False,False,,,0.68,,False
78,長水路,14,男子,50m背泳ぎ,25～29歳,25.44,25.94,26.58,,加納聖士,セ・葛西,6/2,,,False,False,False,,,,,True
78,長水路,14,男子,50m背泳ぎ,18～24歳,,,27.77,1,田中啓二朗,セ・二俣川,6/6,32.48,32.48,False,False,False,,,0.6,,False
78,長水路,15,女子,50m自由形,90～94歳,45.44,51.68,1:08.70,1,鈴木静江,クリーンスパ,1/6,1:10.27,70.27,False,False,False,,,,,False
78,長水路,15,女子,50m自由形,85～89歳,38.89,38.89,44.13,1,木澤杲子,セ・柏,16/10,47.13,47.13,False,False,False,,,1.17,,False
78,長水路,15,女子,50m自由形,85～89歳,38.89,38.89,44.13,2,平井節子,セ・南千住,1/7,51.79,51.79,False,False,False,,,0.95,,False
78,長水路,15,女子,50m自由形,85～89歳,38.89,38.89,44.13,3,田中もみぢ,セ・おおたか,7/2,52.20,52.2,False,False,False,,,0.92,,False
78,長水路,15,女子,50m自由形,85～89歳,38.89,38.89,44.13,4,須山順子,セ・松戸,6/5,53.19,53.19,False,False,False,,,,,False
78,長水路,15,女子,50m自由形,80～84歳,36.61,36.61,41.40,1,八田清子,セ・松戸,11/2,44.20,44.2,False,False,False,,,1.0,,False
78,長水路,15,女子,50m自由形,80～84歳,36.61,36.61,41.40,2,中村敬子,セ・府中,11/10,47.91,47.91,False,False,False,,,1.31,,False
78,長水路,15,女子,50m自由形,80～84歳,36.61,36.61,41.40,3,武藤治子,セ・二俣川,3/5,52.57,52.57,False,False,False,,,,,False
78,長水路,15,女子,50m自由形,80～84歳,36.61,36.61,41.40,4,田神洋子,セ・トレッサ,2/7,52.69,52.69,False,False,False,,,0.82,,False
78,長水路,15,女子,50m自由形,80～84歳,36.61,36.61,41.40,5,小野洋子,セ・我孫子,1/5,55.71,55.71,False,False,False,,,0.98,,False
78,長水路,15,女子,50m自由形,80～84歳,36.61,36.61,41.40,6,中田和子,セ・越谷,1/8,57.44,57.44,False,False,False,,,,,False
78,長水路,15,女子,50m自由形,80～84歳,36.61,36.61,41.40,7,倉元恵子,セ・館山,2/5,58.45,58.45,False,False,False,,,0.96,,False
78,長水路,15,女子,50m自由形,80～84歳,36.61,36.61,41.40,8,相澤和子,セ・久喜,2/4,1:03.57,63.57,False,False,False,,,1.08,,False
78,長水路,15,女子,50m自由形,80～84歳,36.61,36.61,41.40,9,浜野操子,セ・流山,1/3,1:16.44,76.44,False,False,False,,,1.01,,False
78,長水路,15,女子,50m自由形,80～84歳,36.61,36.61,41.40,10,加藤直子,セ・横浜,1/9,1:26.36,86.36,False,False,False,,,,,False
78,長水路,15,女子,50m自由形,80～84歳,36.61,36.61,41.40,,川端淑子,セ・天王洲,2/6,,,False,False,False,,,,,True
78,長水路,15,女子,50m自由形,75～79歳,34.11,35.25,40.60,1,渡部みさを,セ・慶應日吉,15/8,43.10,43.1,False,False,False,,,0.84,,False
78,長水路,15,女子,50m自由形,75～79歳,34.11,35.25,40.60,2,樋口孝子,セ・阿佐谷,7/5,46.35,46.35,False,False,False,,,1.14,,False
78,長水路,15,女子,50m自由形,75～79歳,34.11,35.25,40.60,3,浅野美恵子,セ・蒲田,6/7,46.89,46.89,False,False,False,,,0.99,,False
78,長水路,15,女子,50m自由形,75～79歳,34.11,35.25,40.60,4,川口栄子,セ・松戸,10/6,47.43,47.43,False,False,False,,,0.87,,False
78,長水路,15,女子,50m自由形,75～79歳,34.11,35.25,40.60,5,古旗美鈴,セ・上池袋,12/1,47.95,47.95,False,False,False,,,0.8,,False
78,長水路,15,女子,50m自由形,75～79歳,34.11,35.25,40.60,6,若林多恵子,セ・谷津,10/10,48.82,48.82,False,False,False,,,0.81,,False
78,長水路,15,女子,50m自由形,75～79歳,34.11,35.25,40.60,7,坂本光子,セ・越谷,9/3,50.19,50.19,False,False,False,,,1.0,,False
78,長水路,15,女子,50m自由形,75～79歳,34.11,35.25,40.60,8,吉見一江,セ・二俣川,3/4,50.72,50.72,False,False,False,,,,,False
78,長水路,15,女子,50m自由形,75～79歳,34.11,35.25,40.60,9,松永タズヨ,セ・おおたか,7/9,51.36,51.36,False,False,False,,,1.49,,False
78,長水路,15,女子,50m自由形,75～79歳,34.11,35.25,40.60,10,小島律子,セ・谷津,5/5,51.83,51.83,False,False,False,,,0.83,,False
78,長水路,15,女子,50m自由形,75～79歳,34.11,35.25,40.60,11,諸橋暁子,曽谷・セ,4/9,51.84,51.84,False,False,False,,,0.97,,False
78,長水路,15,女子,50m自由形,75～79歳,34.11,35.25,40.60,11,吉田三枝子,墨田区体育館,6/4,51.84,51.84,False,False,False,,,1.08,,False
78,長水路,15,女子,50m自由形,75～79歳,34.11,35.25,40.60,13,柴田千代子,セ・天王洲,4/4,52.10,52.1,False,False,False,,,1.07,,False
78,長水路,15,女子,50m自由形,75～79歳,34.11,35.25,40.60,14,岡田啓子,セ・桶川北本,8/5,52.22,52.22,False,False,False,,,1.1,,False
78,長水路,15,女子,50m自由形,75～79歳,34.11,35.25,40.60,15,田野倉和子,セ・慶應日吉,3/6,52.31,52.31,False,False,False,,,1.04,,False
78,長水路,15,女子,50m自由形,75～79歳,34.11,35.25,40.60,16,大山伴恵,セ・トレッサ,5/6,52.32,52.32,False,False,False,,,0.95,,False
78,長水路,15,女子,50m自由形,75～79歳,34.11,35.25,40.60,17,安部澄子,セ・我孫子,2/8,54.36,54.36,False,False,False,,,,,False
78,長水路,15,女子,50m自由形,75～79歳,34.11,35.25,40.60,18,石村眞理子,セ・新川崎,5/1,56.69,56.69,False,False,False,,,0.83,,False
78,長水路,15,女子,50m自由形,75～79歳,34.11,35.25,40.60,19,岩塚美恵子,セ・越谷,2/2,57.02,57.02,False,False,False,,,1.02,,False
78,長水路,15,女子,50m自由形,75～79歳,34.11,35.25,40.60,20,石川和子,セ・我孫子,2/3,58.71,58.71,False,False,False,,,0.84,,False
78,長水路,15,女子,50m自由形,75～79歳,34.11,35.25,40.60,21,染谷敏子,セ・天王洲,1/2,1:09.81,69.81,False,False,False,,,1.18,,False
78,長水路,15,女子,50m自由形,75～79歳,34.11,35.25,40.60,,後藤節子,セ・松戸,4/2,,,False,False,False,,,,,True
78,長水路,15,女子,50m自由形,75～79歳,34.11,35.25,40.60,,川島かよ子,セ・天王洲,6/6,,,False,False,False,,,,,True
78,長水路,15,女子,50m自由形,70～74歳,30.73,33.61,37.31,1,青木華世子,セ・松戸,19/8,38.22,38.22,False,False,False,,,0.87,,False
78,長水路,15,女子,50m自由形,70～74歳,30.73,33.61,37.31,2,原田岳美,セ・藤沢,19/1,39.20,39.2,False,False,False,,,0.76,,False
78,長水路,15,女子,50m自由形,70～74歳,30.73,33.61,37.31,3,ダン典子,セ・自由が丘,18/9,40.24,40.24,False,False,False,,,0.72,,False
78,長水路,15,女子,50m自由形,70～74歳,30.73,33.61,37.31,4,舛尾妃呂子,セ・稲毛海岸,12/6,42.31,42.31,False,False,False,,,0.95,,False
78,長水路,15,女子,50m自由形,70～74歳,30.73,33.61,37.31,5,後藤明美,セ・天王洲,9/2,42.63,42.63,False,False,False,,,0.96,,False
78,長水路,15,女子,50m自由形,70～74歳,30.73,33.61,37.31,6,山本由起子,セ・南千住,15/9,43.33,43.33,False,False,False,,,0.72,,False
78,長水路,15,女子,50m自由形,70～74歳,30.73,33.61,37.31,7,浅浦礼子,セ・柏,13/5,43.48,43.48,False,False,False,,,1.23,,False
78,長水路,15,女子,50m自由形,70～74歳,30.73,33.61,37.31,8,梅田栄己子,セ・天王洲,9/5,43.88,43.88,False,False,False,,,0.87,,False
78,長水路,15,女子,50m自由形,70～74歳,30.73,33.61,37.31,9,松村恵子,セ・葛西,12/5,43.98,43.98,False,False,False,,,0.87,,False
78,長水路,15,女子,50m自由形,70～74歳,30.73,33.61,37.31,10,齊藤たか子,ザバス川崎,7/4,44.60,44.6,False,False,False,,,0.85,,False
78,長水路,15,女子,50m自由形,70～74歳,30.73,33.61,37.31,11,石塚孝子,セ・志木,11/9,44.69,44.69,False,False,False,,,0.92,,False
78,長水路,15,女子,50m自由形,70～74歳,30.73,33.61,37.31,12,大久保祐美子,セ・おおたか,7/6,45.18,45.18,False,False,False,,,1.07,,False
78,長水路,15,女子,50m自由形,70～74歳,30.73,33.61,37.31,13,高梨佳代子,ザバス八景,11/5,45.82,45.82,False,False,False,,,0.87,,False
78,長水路,15,女子,50m自由形,70～74歳,30.73,33.61,37.31,14,小笠原三春,セ・八王子,12/4,47.37,47.37,False,False,False,,,0.9,,False
78,長水路,15,女子,50m自由形,70～74歳,30.73,33.61,37.31,15,池田則子,セ・松戸,4/3,47.62,47.62,False,False,False,,,1.12,,False
78,長水路,15,女子,50m自由形,70～74歳,30.73,33.61,37.31,16,戸倉陽子,セ・慶應日吉,9/9,49.53,49.53,False,False,False,,,1.07,,False
78,長水路,15,女子,50m自由形,70～74歳,30.73,33.61,37.31,17,山崎美南子,セ・南青山,7/8,50.63,50.63,False,False,False,,,0.98,,False
78,長水路,15,女子,50m自由形,70～74歳,30.73,33.61,37.31,18,若松はる子,セ・松戸,8/6,51.03,51.03,False,False,False,,,0.93,,False
78,長水路,15,女子,50m自由形,70～74歳,30.73,33.61,37.31,19,渡辺米子,クリーンスパ,7/10,52.22,52.22,False,False,False,,,0.99,,False
78,長水路,15,女子,50m自由形,70～74歳,30.73,33.61,37.31,20,新井瑞枝,セ・流山,3/7,52.56,52.56,False,False,False,,,1.03,,False
78,長水路,15,女子,50m自由形,70～74歳,30.73,33.61,37.31,21,藤井道子,セ・我孫子,4/8,53.83,53.83,False,False,False,,,0.79,,False
78,長水路,15,女子,50m自由形,70～74歳,30.73,33.61,37.31,22,池淵玲子,セ・慶應日吉,4/6,57.44,57.44,False,False,False,,,0.8,,False
78,長水路,15,女子,50m自由形,70～74歳,30.73,33.61,37.31,23,池田真木子,セ・阿佐谷,4/7,57.92,57.92,False,False,False,,,1.51,,False
78,長水路,15,女子,50m自由形,70～74歳,30.73,33.61,37.31,,小澤優子,セ・葛西,4/5,,,False,False,False,,,,,True
78,長水路,15,女子,50m自由形,70～74歳,30.73,33.61,37.31,,中島初美,セ・大森,5/4,,,False,False,False,,,,,True
78,長水路,15,女子,50m自由形,70～74歳,30.73,33.61,37.31,,宮内佳代子,セ・トレッサ,6/3,,,False,False,False,,,,,True
78,長水路,15,女子,50m自由形,70～74歳,30.73,33.61,37.31,,藤田典子,セ・川越,15/10,,,False,False,False,,,,,True
78,長水路,15,女子,50m自由形,65～69歳,29.10,32.46,35.41,1,野村洋子,ザバス八景,19/6,37.36,37.36,False,False,False,,,0.81,,False
78,長水路,15,女子,50m自由形,65～69歳,29.10,32.46,35.41,2,安藤薫,セ・西新井,18/4,37.50,37.5,False,False,False,,,0.86,,False
78,長水路,15,女子,50m自由形,65～69歳,29.10,32.46,35.41,3,高梨美樹,セ・成城,19/4,38.79,38.79,False,False,False,,,0.75,,False
78,長水路,15,女子,50m自由形,65～69歳,29.10,32.46,35.41,4,石田良子,セ・越谷,17/10,38.90,38.9,False,False,False,,,0.78,,False
78,長水路,15,女子,50m自由形,65～69歳,29.10,32.46,35.41,5,立石由美子,セ・大森,16/4,39.78,39.78,False,False,False,,,0.69,,False
78,長水路,15,女子,50m自由形,65～69歳,29.10,32.46,35.41,6,川久保ちづる,ザバス川崎,18/1,40.10,40.1,False,False,False,,,0.98,,False
78,長水路,15,女子,50m自由形,65～69歳,29.10,32.46,35.41,7,米澤美智子,セ・成瀬,16/9,41.12,41.12,False,False,False,,,0.83,,False
78,長水路,15,女子,50m自由形,65～69歳,29.10,32.46,35.41,8,井上美佐子,セ・大森,7/7,41.93,41.93,False,False,False,,,0.77,,False
78,長水路,15,女子,50m自由形,65～69歳,29.10,32.46,35.41,9,浅田晴子,セ・八王子,12/8,42.73,42.73,False,False,False,,,,,False
78,長水路,15,女子,50m自由形,65～69歳,29.10,32.46,35.41,10,山梨静枝,セ・我孫子,9/1,42.87,42.87,False,False,False,,,0.71,,False
78,長水路,15,女子,50m自由形,65～69歳,29.10,32.46,35.41,11,渋谷照代,セ・我孫子,6/2,43.34,43.34,False,False,False,,,1.02,,False
78,長水路,15,女子,50m自由形,65～69歳,29.10,32.46,35.41,12,石河久美子,セ・溝ノ口,12/9,44.11,44.11,False,False,False,,,0.75,,False
78,長水路,15,女子,50m自由形,65～69歳,29.10,32.46,35.41,13,三枚堂かよ子,セ・阿佐谷,14/4,44.28,44.28,False,False,False,,,0.88,,False
78,長水路,15,女子,50m自由形,65～69歳,29.10,32.46,35.41,14,米林清子,セ・越谷,11/6,44.71,44.71,False,False,False,,,0.84,,False
78,長水路,15,女子,50m自由形,65～69歳,29.10,32.46,35.41,15,佐々木和恵,セ・松戸,11/4,45.19,45.19,False,False,False,,,0.92,,False
78,長水路,15,女子,50m自由形,65～69歳,29.10,32.46,35.41,16,久保とし子,セ・長津田,15/5,45.43,45.43,False,False,False,,,1.0,,False
78,長水路,15,女子,50m自由形,65～69歳,29.10,32.46,35.41,17,古宇田淳子,セ・南千住,12/3,45.44,45.44,False,False,False,,,0.77,,False
78,長水路,15,女子,50m自由形,65～69歳,29.10,32.46,35.41,18,光畑千栄子,セ・成瀬,12/7,46.57,46.57,False,False,False,,,0.96,,False
78,長水路,15,女子,50m自由形,65～69歳,29.10,32.46,35.41,19,伊藤春美,ザバス川崎,8/3,46.77,46.77,False,False,False,,,0.95,,False
78,長水路,15,女子,50m自由形,65～69歳,29.10,32.46,35.41,20,小笠原京子,セ・流山,5/3,46.83,46.83,False,False,False,,,1.02,,False
78,長水路,15,女子,50m自由形,65～69歳,29.10,32.46,35.41,21,松浦敏子,セ・我孫子,5/9,47.28,47.28,False,False,False,,,1.11,,False
78,長水路,15,女子,50m自由形,65～69歳,29.10,32.46,35.41,22,秦和加子,セ・新川崎,5/7,47.56,47.56,False,False,False,,,1.1,,False
78,長水路,15,女子,50m自由形,65～69歳,29.10,32.46,35.41,23,三嶋祐子,セ・阿佐谷,10/7,47.67,47.67,False,False,False,,,0.79,,False
78,長水路,15,女子,50m自由形,65～69歳,29.10,32.46,35.41,24,豊田典子,セ・下北沢,7/1,48.94,48.94,False,False,False,,,0.93,,False
78,長水路,15,女子,50m自由形,65～69歳,29.10,32.46,35.41,25,須田菜奈子,セ・桶川北本,10/3,49.15,49.15,False,False,False,,,1.05,,False
78,長水路,15,女子,50m自由形,65～69歳,29.10,32.46,35.41,26,仲澤敦子,セ・柏,9/8,50.10,50.1,False,False,False,,,1.14,,False
78,長水路,15,女子,50m自由形,65～69歳,29.10,32.46,35.41,27,鶴﨑緑,セ・トレッサ,8/7,50.92,50.92,False,False,False,,,0.89,,False
78,長水路,15,女子,50m自由形,65～69歳,29.10,32.46,35.41,28,益田加津子,セ・自由が丘,5/8,51.00,51.0,False,False,False,,,0.89,,False
78,長水路,15,女子,50m自由形,65～69歳,29.10,32.46,35.41,29,油井みどり,セ・新浦安,6/8,51.64,51.64,False,False,False,,,1.0,,False
78,長水路,15,女子,50m自由形,65～69歳,29.10,32.46,35.41,30,宮原美穂,セ・福生,3/3,51.65,51.65,False,False,False,,,0.91,,False
78,長水路,15,女子,50m自由形,65～69歳,29.10,32.46,35.41,31,松田則子,セ・成瀬,11/1,56.56,56.56,False,False,False,,,1.25,,False
78,長水路,15,女子,50m自由形,65～69歳,29.10,32.46,35.41,32,小高和子,セ・桶川北本,1/4,1:05.30,65.3,False,False,False,,,,,False
78,長水路,15,女子,50m自由形,65～69歳,29.10,32.46,35.41,,浅野みどり,セ・天王洲,9/7,,,False,False,False,,,,,False
78,長水路,15,女子,50m自由形,65～69歳,29.10,32.46,35.41,,宮田ひとみ,セ・阿佐谷,2/9,,,False,False,False,,,,,True
78,長水路,15,女子,50m自由形,65～69歳,29.10,32.46,35.41,,大西和子,セ・天王洲,3/8,,,False,False,False,,,,,True
78,長水路,15,女子,50m自由形,65～69歳,29.10,32.46,35.41,,中西トモ子,セ・越谷,6/9,,,False,False,False,,,,,True
78,長水路,15,女子,50m自由形,65～69歳,29.10,32.46,35.41,,小宮山美芽,セ・天王洲,10/4,,,False,False,False,,,,,True
78,長水路,15,女子,50m自由形,65～69歳,29.10,32.46,35.41,,原昌代,セ・市ヶ尾,10/9,,,False,False,False,,,,,True
78,長水路,15,女子,50m自由形,65～69歳,29.10,32.46,35.41,,塙清子,セ・自由が丘,17/4,,,False,False,False,,,,,True
78,長水路,15,女子,50m自由形,60～64歳,28.84,30.31,32.38,1,永瀬秀子,セ・二俣川,23/4,32.38,32.38,False,False,False,,,0.79,,False
78,長水路,15,女子,50m自由形,60～64歳,28.84,30.31,32.38,2,羽山恵津子,セ・葛西,22/3,34.65,34.65,False,False,False,,,0.74,,False
78,長水路,15,女子,50m自由形,60～64歳,28.84,30.31,32.38,3,石井裕美,セ・ときわ台,19/7,35.14,35.14,False,False,False,,,0.75,,False
78,長水路,15,女子,50m自由形,60～64歳,28.84,30.31,32.38,4,高柳祐子,セ・成城,20/5,35.95,35.95,False,False,False,,,0.64,,False
78,長水路,15,女子,50m自由形,60～64歳,28.84,30.31,32.38,6,伊藤みどり,セ・能見台,20/7,36.87,36.87,False,False,False,,,0.86,,False
78,長水路,15,女子,50m自由形,60～64歳,28.84,30.31,32.38,7,原磨理,セ・長津田,18/7,37.08,37.08,False,False,False,,,0.85,,False
78,長水路,15,女子,50m自由形,60～64歳,28.84,30.31,32.38,8,吉川千晶,G-SPA,19/9,39.02,39.02,False,False,False,,,0.92,,False
78,長水路,15,女子,50m自由形,60～64歳,28.84,30.31,32.38,9,山本庸子,セ・八王子,20/10,39.47,39.47,False,False,False,,,1.12,,False
78,長水路,15,女子,50m自由形,60～64歳,28.84,30.31,32.38,10,高橋久美,セ・市川,17/5,39.50,39.5,False,False,False,,,0.8,,False
78,長水路,15,女子,50m自由形,60～64歳,28.84,30.31,32.38,11,田村明美,セ・慶應日吉,15/6,40.28,40.28,False,False,False,,,0.83,,False
78,長水路,15,女子,50m自由形,60～64歳,28.84,30.31,32.38,12,佐藤美絵子,セ・清瀬,16/7,40.72,40.72,False,False,False,,,0.77,,False
78,長水路,15,女子,50m自由形,60～64歳,28.84,30.31,32.38,13,大原清美,セ・阿佐谷,14/7,40.78,40.78,False,False,False,,,1.08,,False
78,長水路,15,女子,50m自由形,60～64歳,28.84,30.31,32.38,14,神保清美,セ・自由が丘,16/8,41.61,41.61,False,False,False,,,0.63,,False
78,長水路,15,女子,50m自由形,60～64歳,28.84,30.31,32.38,15,渡邊ひろみ,セ・松戸,11/7,41.83,41.83,False,False,False,,,1.06,,False
78,長水路,15,女子,50m自由形,60～64歳,28.84,30.31,32.38,16,高見沢ゆみ子,セ・慶應日吉,15/1,42.34,42.34,False,False,False,,,0.83,,False
78,長水路,15,女子,50m自由形,60～64歳,28.84,30.31,32.38,17,酒井寿美恵,クリーンスパ,15/3,42.35,42.35,False,False,False,,,0.82,,False
78,長水路,15,女子,50m自由形,60～64歳,28.84,30.31,32.38,18,山本登美子,セ・桶川北本,14/8,43.61,43.61,False,False,False,,,0.8,,False
78,長水路,15,女子,50m自由形,60～64歳,28.84,30.31,32.38,19,渡邊典子,セ・福島,13/6,43.73,43.73,False,False,False,,,1.09,,False
78,長水路,15,女子,50m自由形,60～64歳,28.84,30.31,32.38,20,田中香苗,セ・青砥,9/6,44.97,44.97,False,False,False,,,0.78,,False
78,長水路,15,女子,50m自由形,60～64歳,28.84,30.31,32.38,21,三石久美,セ・成瀬,14/2,45.12,45.12,False,False,False,,,1.0,,False
78,長水路,15,女子,50m自由形,60～64歳,28.84,30.31,32.38,22,船津香,セ・自由が丘,14/6,45.55,45.55,False,False,False,,,0.85,,False
78,長水路,15,女子,50m自由形,60～64歳,28.84,30.31,32.38,23,中野朗子,セ・慶應日吉,13/4,46.49,46.49,False,False,False,,,0.82,,False
78,長水路,15,女子,50m自由形,60～64歳,28.84,30.31,32.38,24,平松栄里子,セ・府中,14/10,48.09,48.09,False,False,False,,,1.07,,False
78,長水路,15,女子,50m自由形,60～64歳,28.84,30.31,32.38,25,桐沢ひとみ,セ・大森,12/2,48.64,48.64,False,False,False,,,0.8,,False
78,長水路,15,女子,50m自由形,60～64歳,28.84,30.31,32.38,26,佐々木政子,セ・大森,8/8,49.89,49.89,False,False,False,,,0.88,,False
78,長水路,15,女子,50m自由形,60～64歳,28.84,30.31,32.38,27,五十嵐佳澄,セ・阿佐谷,6/10,50.08,50.08,False,False,False,,,0.9,,False
78,長水路,15,女子,50m自由形,60～64歳,28.84,30.31,32.38,28,三木純子,セ・流山,9/10,50.19,50.19,False,False,False,,,0.85,,False
78,長水路,15,女子,50m自由形,60～64歳,28.84,30.31,32.38,29,大芦薫,セ・清瀬,6/1,52.36,52.36,False,False,False,,,1.0,,False
78,長水路,15,女子,50m自由形,60～64歳,28.84,30.31,32.38,30,平澤馨,セ・府中,3/2,54.36,54.36,False,False,False,,,,,False
78,長水路,15,女子,50m自由形,60～64歳,28.84,30.31,32.38,31,菊池佐千代,セ・流山,5/10,58.31,58.31,False,False,False,,,0.99,,False
78,長水路,15,女子,50m自由形,60～64歳,28.84,30.31,32.38,32,前川尚美,セ・F東戸塚,4/1,1:04.11,64.11,False,False,False,,,0.82,,False
78,長水路,15,女子,50m自由形,60～64歳,28.84,30.31,32.38,,板谷仁恵,セ・二俣川,13/7,,,False,False,False,,,,,True
78,長水路,15,女子,50m自由形,55～59歳,27.94,29.00,31.18,1,石井紀美子,セ・S湘南台,22/6,35.55,35.55,False,False,False,,,0.7,,False
78,長水路,15,女子,50m自由形,55～59歳,27.94,29.00,31.18,2,鶴岡美佐,ザバス八景,20/6,37.07,37.07,False,False,False,,,0.7,,False
78,長水路,15,女子,50m自由形,55～59歳,27.94,29.00,31.18,3,大野結実,セ・横浜,20/3,38.37,38.37,False,False,False,,,0.91,,False
78,長水路,15,女子,50m自由形,55～59歳,27.94,29.00,31.18,4,武部友美子,セ・東戸塚,18/3,38.59,38.59,False,False,False,,,0.86,,False
78,長水路,15,女子,50m自由形,55～59歳,27.94,29.00,31.18,5,及川薫,セ・松戸,17/7,38.99,38.99,False,False,False,,,0.89,,False
78,長水路,15,女子,50m自由形,55～59歳,27.94,29.00,31.18,6,阿部のぞみ,セ・二俣川,13/8,40.77,40.77,False,False,False,,,1.03,,False
78,長水路,15,女子,50m自由形,55～59歳,27.94,29.00,31.18,6,レントフェルト慶子,セ・清瀬,15/4,40.77,40.77,False,False,False,,,0.92,,False
78,長水路,15,女子,50m自由形,55～59歳,27.94,29.00,31.18,8,坂井慶子,セ・大宮宮原,13/3,41.63,41.63,False,False,False,,,0.74,,False
78,長水路,15,女子,50m自由形,55～59歳,27.94,29.00,31.18,9,棚橋悦子,セ・自由が丘,17/1,41.65,41.65,False,False,False,,,0.72,,False
78,長水路,15,女子,50m自由形,55～59歳,27.94,29.00,31.18,10,捶井泰子,セ・用賀,16/5,41.89,41.89,False,False,False,,,0.8,,False
78,長水路,15,女子,50m自由形,55～59歳,27.94,29.00,31.18,11,佐藤直子,セ・我孫子,8/9,42.54,42.54,False,False,False,,,0.78,,False
78,長水路,15,女子,50m自由形,55～59歳,27.94,29.00,31.18,12,二ノ宮美佳,セ・越谷,14/3,42.79,42.79,False,False,False,,,0.85,,False
78,長水路,15,女子,50m自由形,55～59歳,27.94,29.00,31.18,13,山田智子,セ・慶應日吉,16/6,43.34,43.34,False,False,False,,,0.91,,False
78,長水路,15,女子,50m自由形,55～59歳,27.94,29.00,31.18,14,池田直子,セ・大森,11/8,43.72,43.72,False,False,False,,,0.94,,False
78,長水路,15,女子,50m自由形,55～59歳,27.94,29.00,31.18,15,鈴木夏実,セ・慶應日吉,11/3,43.76,43.76,False,False,False,,,0.98,,False
78,長水路,15,女子,50m自由形,55～59歳,27.94,29.00,31.18,16,田上麻紀,セ・久喜,8/4,45.27,45.27,False,False,False,,,0.78,,False
78,長水路,15,女子,50m自由形,55～59歳,27.94,29.00,31.18,17,岩朋実,セ・川越,10/8,48.11,48.11,False,False,False,,,0.82,,False
78,長水路,15,女子,50m自由形,55～59歳,27.94,29.00,31.18,18,雨宮裕子,セ・大宮宮原,3/1,48.99,48.99,False,False,False,,,1.41,,False
78,長水路,15,女子,50m自由形,55～59歳,27.94,29.00,31.18,19,堀内浩子,セ・谷津,8/2,49.27,49.27,False,False,False,,,0.93,,False
78,長水路,15,女子,50m自由形,55～59歳,27.94,29.00,31.18,20,佐藤淳子,セ・久喜,10/1,49.47,49.47,False,False,False,,,1.12,,False
78,長水路,15,女子,50m自由形,55～59歳,27.94,29.00,31.18,21,鈴木喜代子,セ・茂原,3/9,52.43,52.43,False,False,False,,,0.75,,False
78,長水路,15,女子,50m自由形,55～59歳,27.94,29.00,31.18,22,古平正美,セ・清瀬,7/3,52.94,52.94,False,False,False,,,1.09,,False
78,長水路,15,女子,50m自由形,55～59歳,27.94,29.00,31.18,23,植草美香子,セ・横浜,5/2,57.02,57.02,False,False,False,,,1.03,,False
78,長水路,15,女子,50m自由形,55～59歳,27.94,29.00,31.18,,江頭由美子,セ・袖ヶ浦,18/5,,,False,False,False,,,,,True
78,長水路,15,女子,50m自由形,55～59歳,27.94,29.00,31.18,,西田三佐子,セ・大宮宮原,18/8,,,False,False,False,,,,,True
78,長水路,15,女子,50m自由形,50～54歳,27.09,28.82,29.26,1,杉本浩美,セ・南千住,25/8,32.42,32.42,False,False,False,,,0.75,,False
78,長水路,15,女子,50m自由形,50～54歳,27.09,28.82,29.26,2,木村美佐子,セ・南宇都宮,23/5,32.78,32.78,False,False,False,,,0.79,,False
78,長水路,15,女子,50m自由形,50～54歳,27.09,28.82,29.26,3,花木尚美,セ・大宮宮原,24/9,32.80,32.8,False,False,False,,,0.76,,False
78,長水路,15,女子,50m自由形,50～54歳,27.09,28.82,29.26,4,池田智子,セ・目黒,21/5,33.72,33.72,False,False,False,,,0.73,,False
78,長水路,15,女子,50m自由形,50～54歳,27.09,28.82,29.26,5,高橋圭,セ・松戸,22/8,34.50,34.5,False,False,False,,,0.76,,False
78,長水路,15,女子,50m自由形,50～54歳,27.09,28.82,29.26,6,棚網恵理,セ・阿佐谷,21/1,36.30,36.3,False,False,False,,,0.78,,False
78,長水路,15,女子,50m自由形,50～54歳,27.09,28.82,29.26,7,佐伯康子,ザバス川崎,21/6,36.51,36.51,False,False,False,,,0.87,,False
78,長水路,15,女子,50m自由形,50～54歳,27.09,28.82,29.26,8,五十嵐知佐,セ・おおたか,20/8,36.97,36.97,False,False,False,,,0.82,,False
78,長水路,15,女子,50m自由形,50～54歳,27.09,28.82,29.26,9,大石里佳,セ・おおたか,16/1,38.06,38.06,False,False,False,,,0.81,,False
78,長水路,15,女子,50m自由形,50～54歳,27.09,28.82,29.26,10,引本亜紀子,セ・用賀,13/9,38.38,38.38,False,False,False,,,0.93,,False
78,長水路,15,女子,50m自由形,50～54歳,27.09,28.82,29.26,11,酒井貴代,セ・大森,19/10,38.60,38.6,False,False,False,,,0.81,,False
78,長水路,15,女子,50m自由形,50～54歳,27.09,28.82,29.26,12,河原和世,セ・戸塚,19/2,38.66,38.66,False,False,False,,,0.84,,False
78,長水路,15,女子,50m自由形,50～54歳,27.09,28.82,29.26,13,田原文月,セ・南千住,18/10,40.42,40.42,False,False,False,,,0.8,,False
78,長水路,15,女子,50m自由形,50～54歳,27.09,28.82,29.26,14,中村奈穂美,セ・越谷,13/2,40.50,40.5,False,False,False,,,0.82,,False
78,長水路,15,女子,50m自由形,50～54歳,27.09,28.82,29.26,15,小山香津子,セ・藤沢,15/2,41.97,41.97,False,False,False,,,0.82,,False
78,長水路,15,女子,50m自由形,50～54歳,27.09,28.82,29.26,16,佐藤晶子,セ・おおたか,14/9,42.73,42.73,False,False,False,,,0.67,,False
78,長水路,15,女子,50m自由形,50～54歳,27.09,28.82,29.26,17,糸川永利子,セ・用賀,17/6,42.83,42.83,False,False,False,,,0.71,,False
78,長水路,15,女子,50m自由形,50～54歳,27.09,28.82,29.26,18,北原暁美,セ・南青山,3/10,43.09,43.09,False,False,False,,,0.83,,False
78,長水路,15,女子,50m自由形,50～54歳,27.09,28.82,29.26,19,兼子敬子,セ・南千住,14/1,45.26,45.26,False,False,False,,,0.83,,False
78,長水路,15,女子,50m自由形,50～54歳,27.09,28.82,29.26,20,森信子,セ・大森,10/5,45.50,45.5,False,False,False,,,0.85,,False
78,長水路,15,女子,50m自由形,50～54歳,27.09,28.82,29.26,21,久保洋子,セ・流山,4/10,1:13.72,73.72,False,False,False,,,0.91,,False
78,長水路,15,女子,50m自由形,45～49歳,26.59,27.78,29.51,1,日下幸子,ザバス川崎,24/5,31.89,31.89,False,False,False,,,0.88,,False
78,長水路,15,女子,50m自由形,45～49歳,26.59,27.78,29.51,2,佐々木彩,セ・成城,24/6,31.93,31.93,False,False,False,,,0.69,,False
78,長水路,15,女子,50m自由形,45～49歳,26.59,27.78,29.51,3,坂本桃枝,G-SPA,23/6,32.54,32.54,False,False,False,,,0.78,,False
78,長水路,15,女子,50m自由形,45～49歳,26.59,27.78,29.51,4,櫻井理恵子,セ・袖ヶ浦,24/8,33.14,33.14,False,False,False,,,0.79,,False
78,長水路,15,女子,50m自由形,45～49歳,26.59,27.78,29.51,5,小室桃子,セ・八王子,23/2,34.09,34.09,False,False,False,,,0.79,,False
78,長水路,15,女子,50m自由形,45～49歳,26.59,27.78,29.51,6,大黒明日香,セ・清瀬,22/9,34.17,34.17,False,False,False,,,0.75,,False
78,長水路,15,女子,50m自由形,45～49歳,26.59,27.78,29.51,7,サカモト亮子,セ・自由が丘,17/8,34.95,34.95,False,False,False,,,0.79,,False
78,長水路,15,女子,50m自由形,45～49歳,26.59,27.78,29.51,8,兵頭和子,セ・成瀬,23/1,34.99,34.99,False,False,False,,,0.67,,False
78,長水路,15,女子,50m自由形,45～49歳,26.59,27.78,29.51,9,高橋真美,セ・志木,22/7,35.54,35.54,False,False,False,,,0.79,,False
78,長水路,15,女子,50m自由形,45～49歳,26.59,27.78,29.51,10,溝井花代子,セ・葛西,21/10,35.76,35.76,False,False,False,,,0.74,,False
78,長水路,15,女子,50m自由形,45～49歳,26.59,27.78,29.51,11,福本麻美,セ・慶應日吉,22/2,36.42,36.42,False,False,False,,,0.81,,False
78,長水路,15,女子,50m自由形,45～49歳,26.59,27.78,29.51,12,芳賀加代子,セ・南青山,20/1,36.57,36.57,False,False,False,,,0.72,,False
78,長水路,15,女子,50m自由形,45～49歳,26.59,27.78,29.51,13,吉池奈々,セ・二俣川,20/4,37.06,37.06,False,False,False,,,0.71,,False
78,長水路,15,女子,50m自由形,45～49歳,26.59,27.78,29.51,14,佐藤桂子,セ・横浜,21/4,37.31,37.31,False,False,False,,,0.84,,False
78,長水路,15,女子,50m自由形,45～49歳,26.59,27.78,29.51,15,宮林佑妃,セ・長津田,17/2,37.55,37.55,False,False,False,,,0.95,,False
78,長水路,15,女子,50m自由形,45～49歳,26.59,27.78,29.51,16,町田麻里,セ・南千住,18/6,38.41,38.41,False,False,False,,,0.87,,False
78,長水路,15,女子,50m自由形,45～49歳,26.59,27.78,29.51,17,小高麻衣子,セ・市川,17/3,38.79,38.79,False,False,False,,,0.72,,False
78,長水路,15,女子,50m自由形,45～49歳,26.59,27.78,29.51,18,成重夏紀,セ・藤沢,9/4,43.84,43.84,False,False,False,,,0.91,,False
78,長水路,15,女子,50m自由形,45～49歳,26.59,27.78,29.51,19,吉田絵美,セ・用賀,8/10,45.90,45.9,False,False,False,,,0.89,,False
78,長水路,15,女子,50m自由形,45～49歳,26.59,27.78,29.51,20,下山雅子,セ・茂原,8/1,46.96,46.96,False,False,False,,,1.02,,False
78,長水路,15,女子,50m自由形,45～49歳,26.59,27.78,29.51,21,斉藤靖子,セ・目黒,10/2,48.71,48.71,False,False,False,,,1.03,,False
78,長水路,15,女子,50m自由形,45～49歳,26.59,27.78,29.51,,星郁恵,セ・南千住,12/10,,,False,False,False,,,,,True
78,長水路,15,女子,50m自由形,45～49歳,26.59,27.78,29.51,,清水佳苗,曽谷・セ,18/2,,,False,False,False,,,,,True
78,長水路,15,女子,50m自由形,45～49歳,26.59,27.78,29.51,,櫻井翠,セ・横浜,24/3,,,False,False,False,,,,,True
78,長水路,15,女子,50m自由形,40～44歳,26.44,26.95,29.16,1,宮本八重,セ・慶應日吉,25/2,31.19,31.19,False,False,False,,,0.62,,False
78,長水路,15,女子,50m自由形,40～44歳,26.44,26.95,29.16,2,永田加那子,セ・葛西,25/3,31.79,31.79,False,False,False,,,0.74,,False
78,長水路,15,女子,50m自由形,40～44歳,26.44,26.95,29.16,3,上沢絵里奈,セ・慶應日吉,24/4,31.89,31.89,False,False,False,,,0.7,,False
78,長水路,15,女子,50m自由形,40～44歳,26.44,26.95,29.16,4,関川晶子,セ・下北沢,23/7,33.42,33.42,False,False,False,,,0.81,,False
78,長水路,15,女子,50m自由形,40～44歳,26.44,26.95,29.16,5,池田良子,セ・蒲田,23/3,33.76,33.76,False,False,False,,,0.74,,False
78,長水路,15,女子,50m自由形,40～44歳,26.44,26.95,29.16,6,真栄田こずえ,ザバス八景,24/1,34.04,34.04,False,False,False,,,0.79,,False
78,長水路,15,女子,50m自由形,40～44歳,26.44,26.95,29.16,7,山田未紗子,セ・越谷,21/3,35.61,35.61,False,False,False,,,0.79,,False
78,長水路,15,女子,50m自由形,40～44歳,26.44,26.95,29.16,8,大竹昌子,セ・大森,21/7,36.61,36.61,False,False,False,,,0.67,,False
78,長水路,15,女子,50m自由形,40～44歳,26.44,26.95,29.16,9,中辻澄美,セ・天王洲,19/5,38.70,38.7,False,False,False,,,0.75,,False
78,長水路,15,女子,50m自由形,40～44歳,26.44,26.95,29.16,10,谷美希子,セ・府中,14/5,42.40,42.4,False,False,False,,,0.77,,False
78,長水路,15,女子,50m自由形,40～44歳,26.44,26.95,29.16,,白花茉莉,セ・久喜,13/1,,,False,False,False,,,,,True
78,長水路,15,女子,50m自由形,40～44歳,26.44,26.95,29.16,,冨永結衣子,セ・大森,16/3,,,False,False,False,,,,,True
78,長水路,15,女子,50m自由形,35～39歳,25.58,27.13,28.87,1,青木梨緒,セ・葛西,26/3,29.65,29.65,False,False,False,,,0.72,,False
78,長水路,15,女子,50m自由形,35～39歳,25.58,27.13,28.87,2,川北恵,セ・長津田,26/4,29.67,29.67,False,False,False,,,0.7,,False
78,長水路,15,女子,50m自由形,35～39歳,25.58,27.13,28.87,3,新井亜衣,セ・市川,26/7,29.79,29.79,False,False,False,,,0.79,,False
78,長水路,15,女子,50m自由形,35～39歳,25.58,27.13,28.87,4,中畑眸,セ・成城,25/9,31.74,31.74,False,False,False,,,0.7,,False
78,長水路,15,女子,50m自由形,35～39歳,25.58,27.13,28.87,5,李鎬善,セ・目黒,20/9,37.50,37.5,False,False,False,,,0.75,,False
78,長水路,15,女子,50m自由形,35～39歳,25.58,27.13,28.87,6,RacaruGabriela,セ・慶應日吉,15/7,39.55,39.55,False,False,False,,,0.82,,False
78,長水路,15,女子,50m自由形,35～39歳,25.58,27.13,28.87,7,松本佳奈,セ・茂原,13/10,39.85,39.85,False,False,False,,,0.96,,False
78,長水路,15,女子,50m自由形,35～39歳,25.58,27.13,28.87,8,國政玲,セ・南青山,16/2,39.89,39.89,False,False,False,,,0.79,,False
78,長水路,15,女子,50m自由形,30～34歳,25.49,26.42,26.42,1,豊島葉子,セ・袖ヶ浦,26/8,29.48,29.48,False,False,False,,,0.68,,False
78,長水路,15,女子,50m自由形,30～34歳,25.49,26.42,26.42,2,早川舞,セ・蒲田,26/10,30.16,30.16,False,False,False,,,0.72,,False
78,長水路,15,女子,50m自由形,30～34歳,25.49,26.42,26.42,3,宍戸萌,セ・長津田,23/8,31.07,31.07,False,False,False,,,0.71,,False
78,長水路,15,女子,50m自由形,30～34歳,25.49,26.42,26.42,4,小澤有未,セ・長津田,22/1,31.12,31.12,False,False,False,,,0.74,,False
78,長水路,15,女子,50m自由形,30～34歳,25.49,26.42,26.42,5,長谷ひろ子,セ・茂原,23/10,34.87,34.87,False,False,False,,,0.81,,False
78,長水路,15,女子,50m自由形,30～34歳,25.49,26.42,26.42,6,片桐由里恵,セ・S湘南台,21/9,36.84,36.84,False,False,False,,,0.78,,False
78,長水路,15,女子,50m自由形,30～34歳,25.49,26.42,26.42,7,岡澤美咲,セ・茂原,17/9,37.10,37.1,False,False,False,,,0.72,,False
78,長水路,15,女子,50m自由形,25～29歳,25.37,26.27,27.43,1,ニューボールード菜月,セ・柏,22/10,29.34,29.34,False,False,False,,,0.72,,False
78,長水路,15,女子,50m自由形,25～29歳,25.37,26.27,27.43,2,横溝万波,セ・成瀬,26/2,29.71,29.71,False,False,False,,,0.66,,False
78,長水路,15,女子,50m自由形,25～29歳,25.37,26.27,27.43,3,新後海優,セ・トレッサ,26/5,30.00,30.0,False,False,False,,,0.78,,False
78,長水路,15,女子,50m自由形,25～29歳,25.37,26.27,27.43,4,川俣星,セ・新都心,25/6,30.37,30.37,False,False,False,,,0.68,,False
78,長水路,15,女子,50m自由形,25～29歳,25.37,26.27,27.43,5,木田景子,セ・平塚,24/7,31.91,31.91,False,False,False,,,0.74,,False
78,長水路,15,女子,50m自由形,25～29歳,25.37,26.27,27.43,6,松澤春菜,セ・大宮宮原,25/4,32.18,32.18,False,False,False,,,0.77,,False
78,長水路,15,女子,50m自由形,25～29歳,25.37,26.27,27.43,7,山下紗英,セ・S湘南台,25/1,33.10,33.1,False,False,False,,,0.71,,False
78,長水路,15,女子,50m自由形,25～29歳,25.37,26.27,27.43,8,足立知実,セ・平塚,22/4,35.34,35.34,False,False,False,,,0.7,,False
78,長水路,15,女子,50m自由形,25～29歳,25.37,26.27,27.43,9,村岡礼奈,セ・桶川北本,21/2,36.14,36.14,False,False,False,,,0.74,,False
78,長水路,15,女子,50m自由形,25～29歳,25.37,26.27,27.43,10,宮百合恵,セ・阿佐谷,21/8,36.66,36.66,False,False,False,,,0.73,,False
78,長水路,15,女子,50m自由形,25～29歳,25.37,26.27,27.43,11,柏木涼,セ・越谷LT,20/2,37.20,37.2,False,False,False,,,0.78,,False
78,長水路,15,女子,50m自由形,25～29歳,25.37,26.27,27.43,,二宮若葉,セ・南青山,23/9,,,False,False,False,,,,,True
78,長水路,15,女子,50m自由形,18～24歳,,,28.03,1,梶井美杏,セ・清瀬,26/6,30.16,30.16,False,False,False,,,0.7,,False
78,長水路,15,女子,50m自由形,18～24歳,,,28.03,2,高橋紗良,セ・長津田,25/5,30.38,30.38,False,False,False,,,0.7,,False
78,長水路,15,女子,50m自由形,18～24歳,,,28.03,3,宮澤緋花留,セ・蒲田,26/9,30.86,30.86,False,False,False,,,0.68,,False
78,長水路,15,女子,50m自由形,18～24歳,,,28.03,4,栃元春乃,セ・西東京,25/7,30.89,30.89,False,False,False,,,0.67,,False
78,長水路,15,女子,50m自由形,18～24歳,,,28.03,5,青木奈那美,セ・蒲田,26/1,31.16,31.16,False,False,False,,,0.62,,False
78,長水路,15,女子,50m自由形,18～24歳,,,28.03,6,櫻井春佳,セ・大宮宮原,24/2,32.15,32.15,False,False,False,,,0.71,,False
78,長水路,15,女子,50m自由形,18～24歳,,,28.03,7,西澤瑛倫,セ・越谷,25/10,32.36,32.36,False,False,False,,,0.69,,False
78,長水路,15,女子,50m自由形,18～24歳,,,28.03,8,松本彩花,セ・二俣川,22/5,32.40,32.4,False,False,False,,,0.76,,False
78,長水路,15,女子,50m自由形,18～24歳,,,28.03,9,森山稜子,セ・新都心,24/10,34.02,34.02,False,False,False,,,0.73,,False
78,長水路,16,男子,50m自由形,90～94歳,38.64,40.89,52.43,1,椎野正敏,セ・越谷,1/7,58.20,58.2,False,False,False,,,1.15,,False
78,長水路,16,男子,50m自由形,85～89歳,33.74,33.74,43.66,1,井上隆史,セ・市ヶ尾,3/6,43.41,43.41,True,False,False,,,0.9,,False
78,長水路,16,男子,50m自由形,85～89歳,33.74,33.74,43.66,2,丸野公敏,セ・南千住,1/9,1:07.77,67.77,False,False,False,,,,,False
78,長水路,16,男子,50m自由形,80～84歳,31.23,31.23,36.52,1,石川守也,セ・市川,3/5,41.62,41.62,False,False,False,,,0.97,,False
78,長水路,16,男子,50m自由形,80～84歳,31.23,31.23,36.52,2,中村欣正,セ・流山,3/2,42.83,42.83,False,False,False,,,0.81,,False
78,長水路,16,男子,50m自由形,80～84歳,31.23,31.23,36.52,3,池端孝一,セ・成瀬,4/10,43.05,43.05,False,False,False,,,0.81,,False
78,長水路,16,男子,50m自由形,80～84歳,31.23,31.23,36.52,4,井口穣,セ・東戸塚,5/4,43.54,43.54,False,False,False,,,0.87,,False
78,長水路,16,男子,50m自由形,80～84歳,31.23,31.23,36.52,5,小田稔,セ・慶應日吉,3/9,49.21,49.21,False,False,False,,,1.18,,False
78,長水路,16,男子,50m自由形,80～84歳,31.23,31.23,36.52,6,増山晶一,セ・下北沢,1/4,52.23,52.23,False,False,False,,,1.04,,False
78,長水路,16,男子,50m自由形,80～84歳,31.23,31.23,36.52,7,丸本芳郎,ザバス鶴見,1/8,57.60,57.6,False,False,False,,,,,False
78,長水路,16,男子,50m自由形,75～79歳,28.49,29.90,30.61,1,吉田亮,セ・成城,7/6,36.47,36.47,False,False,False,,,0.87,,False
78,長水路,16,男子,50m自由形,75～79歳,28.49,29.90,30.61,2,嶋﨑昭夫,セ・西東京,6/6,37.99,37.99,False,False,False,,,0.83,,False
78,長水路,16,男子,50m自由形,75～79歳,28.49,29.90,30.61,3,高附直樹,セ・清瀬,5/5,40.73,40.73,False,False,False,,,0.91,,False
78,長水路,16,男子,50m自由形,75～79歳,28.49,29.90,30.61,4,田中信夫,セ・越谷,3/10,45.58,45.58,False,False,False,,,1.2,,False
78,長水路,16,男子,50m自由形,75～79歳,28.49,29.90,30.61,5,御手洗康美,セ・大森,3/1,46.39,46.39,False,False,False,,,1.0,,False
78,長水路,16,男子,50m自由形,75～79歳,28.49,29.90,30.61,6,松永勝,セ・おおたか,2/3,48.09,48.09,False,False,False,,,1.03,,False
78,長水路,16,男子,50m自由形,75～79歳,28.49,29.90,30.61,7,手塚満,セ・おおたか,2/6,48.67,48.67,False,False,False,,,0.84,,False
78,長水路,16,男子,50m自由形,75～79歳,28.49,29.90,30.61,8,泉保央,セ・慶應日吉,2/7,50.21,50.21,False,False,False,,,,,False
78,長水路,16,男子,50m自由形,75～79歳,28.49,29.90,30.61,9,縫田駿一,セ・おおたか,1/2,52.25,52.25,False,False,False,,,,,False
78,長水路,16,男子,50m自由形,75～79歳,28.49,29.90,30.61,10,岡本孝夫,セ・新川崎,1/6,57.57,57.57,False,False,False,,,1.02,,False
78,長水路,16,男子,50m自由形,75～79歳,28.49,29.90,30.61,,竹島正明,セ・越谷,1/5,,,False,False,False,,,,,True
78,長水路,16,男子,50m自由形,70～74歳,27.12,28.58,29.64,1,亀田一麿,セ・東戸塚,12/10,34.15,34.15,False,False,False,,,0.81,,False
78,長水路,16,男子,50m自由形,70～74歳,27.12,28.58,29.64,2,瀧川一興,セ・大森,8/3,35.04,35.04,False,False,False,,,0.95,,False
78,長水路,16,男子,50m自由形,70～74歳,27.12,28.58,29.64,3,鈴木幹男,セ・我孫子,8/6,36.01,36.01,False,False,False,,,0.93,,False
78,長水路,16,男子,50m自由形,70～74歳,27.12,28.58,29.64,4,大倉健志,セ・流山,5/3,38.35,38.35,False,False,False,,,0.88,,False
78,長水路,16,男子,50m自由形,70～74歳,27.12,28.58,29.64,5,渡邊光洋,セ・福島,4/3,38.77,38.77,False,False,False,,,0.86,,False
78,長水路,16,男子,50m自由形,70～74歳,27.12,28.58,29.64,6,中村雄一,G-SPA,4/6,40.11,40.11,False,False,False,,,0.95,,False
78,長水路,16,男子,50m自由形,70～74歳,27.12,28.58,29.64,7,折居彰,セ・阿佐谷,3/7,40.32,40.32,False,False,False,,,0.97,,False
78,長水路,16,男子,50m自由形,70～74歳,27.12,28.58,29.64,8,梅村潔,セ・茂原,5/1,41.47,41.47,False,False,False,,,0.84,,False
78,長水路,16,男子,50m自由形,70～74歳,27.12,28.58,29.64,9,内藤謙一,セ・松戸,3/4,41.68,41.68,False,False,False,,,0.88,,False
78,長水路,16,男子,50m自由形,70～74歳,27.12,28.58,29.64,10,常山賢二,曽谷・セ,5/6,42.36,42.36,False,False,False,,,1.06,,False
78,長水路,16,男子,50m自由形,70～74歳,27.12,28.58,29.64,11,岸田孝,セ・南青山,6/4,42.97,42.97,False,False,False,,,0.95,,False
78,長水路,16,男子,50m自由形,70～74歳,27.12,28.58,29.64,12,松下達一,セ・西新井,4/9,44.26,44.26,False,False,False,,,0.93,,False
78,長水路,16,男子,50m自由形,70～74歳,27.12,28.58,29.64,13,宮﨑清,セ・越谷LT,3/3,46.95,46.95,False,False,False,,,1.02,,False
78,長水路,16,男子,50m自由形,70～74歳,27.12,28.58,29.64,14,若山聖亮,G-SPA,2/8,47.33,47.33,False,False,False,,,0.91,,False
78,長水路,16,男子,50m自由形,70～74歳,27.12,28.58,29.64,15,大久保美伸,セ・松戸,2/4,47.53,47.53,False,False,False,,,0.87,,False
78,長水路,16,男子,50m自由形,70～74歳,27.12,28.58,29.64,16,高橋修一,セ・我孫子,2/1,52.67,52.67,False,False,False,,,0.99,,False
78,長水路,16,男子,50m自由形,70～74歳,27.12,28.58,29.64,17,永島聡,セ・戸塚,1/3,54.78,54.78,False,False,False,,,1.1,,False
78,長水路,16,男子,50m自由形,70～74歳,27.12,28.58,29.64,,斉藤祐一,セ・我孫子,5/8,,,False,False,False,,,,,True
78,長水路,16,男子,50m自由形,65～69歳,26.19,26.19,28.14,1,冨松実,セ・二俣川,13/3,31.79,31.79,False,False,False,,,0.72,,False
78,長水路,16,男子,50m自由形,65～69歳,26.19,26.19,28.14,2,岩田寛,セ・慶應日吉,10/8,32.31,32.31,False,False,False,,,0.97,,False
78,長水路,16,男子,50m自由形,65～69歳,26.19,26.19,28.14,3,大塚克,セ・市川,12/1,33.27,33.27,False,False,False,,,0.67,,False
78,長水路,16,男子,50m自由形,65～69歳,26.19,26.19,28.14,4,松田賢治,セ・大宮宮原,10/5,33.43,33.43,False,False,False,,,0.78,,False
78,長水路,16,男子,50m自由形,65～69歳,26.19,26.19,28.14,5,横浜健,セ・南青山,11/7,35.04,35.04,False,False,False,,,0.83,,False
78,長水路,16,男子,50m自由形,65～69歳,26.19,26.19,28.14,6,山梨英亮,セ・我孫子,7/2,35.07,35.07,False,False,False,,,0.76,,False
78,長水路,16,男子,50m自由形,65～69歳,26.19,26.19,28.14,7,佐藤信弘,セ・桶川北本,9/5,36.06,36.06,False,False,False,,,1.02,,False
78,長水路,16,男子,50m自由形,65～69歳,26.19,26.19,28.14,8,二宮次郎,セ・南宇都宮,8/8,36.61,36.61,False,False,False,,,0.82,,False
78,長水路,16,男子,50m自由形,65～69歳,26.19,26.19,28.14,9,仲宇佐隆一,セ・横浜,7/7,37.91,37.91,False,False,False,,,0.85,,False
78,長水路,16,男子,50m自由形,65～69歳,26.19,26.19,28.14,10,阿部宏之助,セ・上池袋,7/8,38.29,38.29,False,False,False,,,0.82,,False
78,長水路,16,男子,50m自由形,65～69歳,26.19,26.19,28.14,11,長野守,セ・慶應日吉,8/10,39.15,39.15,False,False,False,,,0.79,,False
78,長水路,16,男子,50m自由形,65～69歳,26.19,26.19,28.14,12,山中一男,セ・阿佐谷,6/7,39.24,39.24,False,False,False,,,0.75,,False
78,長水路,16,男子,50m自由形,65～69歳,26.19,26.19,28.14,13,渡辺好造,セ・成瀬,5/9,39.74,39.74,False,False,False,,,0.81,,False
78,長水路,16,男子,50m自由形,65～69歳,26.19,26.19,28.14,14,西森文史郎,セ・長津田,7/4,39.89,39.89,False,False,False,,,0.87,,False
78,長水路,16,男子,50m自由形,65～69歳,26.19,26.19,28.14,15,橋本政明,セ・志木,3/8,39.97,39.97,False,False,False,,,0.95,,False
78,長水路,16,男子,50m自由形,65～69歳,26.19,26.19,28.14,16,赤坂吉昭,セ・葛西,5/7,40.30,40.3,False,False,False,,,0.87,,False
78,長水路,16,男子,50m自由形,65～69歳,26.19,26.19,28.14,17,鈴木義夫,セ・越谷,2/5,41.02,41.02,False,False,False,,,0.68,,False
78,長水路,16,男子,50m自由形,65～69歳,26.19,26.19,28.14,18,藤原雄一郎,セ・大森,4/1,42.18,42.18,False,False,False,,,0.89,,False
78,長水路,16,男子,50m自由形,65～69歳,26.19,26.19,28.14,19,岡部浩次,セ・上池袋,4/4,45.85,45.85,False,False,False,,,0.96,,False
78,長水路,16,男子,50m自由形,60～64歳,24.82,26.66,27.13,1,中村勝,セ・南千住,16/4,29.81,29.81,False,False,False,,,0.7,,False
78,長水路,16,男子,50m自由形,60～64歳,24.82,26.66,27.13,2,上野太紀夫,セ・柏,15/2,30.92,30.92,False,False,False,,,0.72,,False
78,長水路,16,男子,50m自由形,60～64歳,24.82,26.66,27.13,3,山賀勝之,セ・南青山,13/5,30.95,30.95,False,False,False,,,0.69,,False
78,長水路,16,男子,50m自由形,60～64歳,24.82,26.66,27.13,4,金子勝,セ・岩槻,15/6,31.69,31.69,False,False,False,,,0.75,,False
78,長水路,16,男子,50m自由形,60～64歳,24.82,26.66,27.13,5,宇田川祐一,セ・大宮宮原,9/4,32.04,32.04,False,False,False,,,0.85,,False
78,長水路,16,男子,50m自由形,60～64歳,24.82,26.66,27.13,6,中村幸弘,セ・越谷,13/2,32.36,32.36,False,False,False,,,0.78,,False
78,長水路,16,男子,50m自由形,60～64歳,24.82,26.66,27.13,7,神尾尚人,セ・市ヶ尾,14/2,32.74,32.74,False,False,False,,,0.75,,False
78,長水路,16,男子,50m自由形,60～64歳,24.82,26.66,27.13,8,田中基幹,セ・流山,9/7,33.09,33.09,False,False,False,,,0.82,,False
78,長水路,16,男子,50m自由形,60～64歳,24.82,26.66,27.13,9,藤井宏哉,セ・松戸,11/5,33.48,33.48,False,False,False,,,0.76,,False
78,長水路,16,男子,50m自由形,60～64歳,24.82,26.66,27.13,10,安間稔,セ・市ヶ尾,10/6,33.61,33.61,False,False,False,,,0.71,,False
78,長水路,16,男子,50m自由形,60～64歳,24.82,26.66,27.13,11,小泉康延,セ・亀有,11/3,33.85,33.85,False,False,False,,,0.79,,False
78,長水路,16,男子,50m自由形,60～64歳,24.82,26.66,27.13,12,小松崎浩,セ・府中,10/3,33.97,33.97,False,False,False,,,0.88,,False
78,長水路,16,男子,50m自由形,60～64歳,24.82,26.66,27.13,13,二宮淳,セ・トレッサ,9/6,35.28,35.28,False,False,False,,,0.74,,False
78,長水路,16,男子,50m自由形,60～64歳,24.82,26.66,27.13,14,渡辺一,セ・市ヶ尾,10/9,36.05,36.05,False,False,False,,,0.79,,False
78,長水路,16,男子,50m自由形,60～64歳,24.82,26.66,27.13,15,山本勝,セ・慶應日吉,6/8,40.20,40.2,False,False,False,,,0.83,,False
78,長水路,16,男子,50m自由形,60～64歳,24.82,26.66,27.13,16,安部盛博,セ・成城,4/7,40.38,40.38,False,False,False,,,0.84,,False
78,長水路,16,男子,50m自由形,60～64歳,24.82,26.66,27.13,17,安藤靖,セ・南青山,6/3,40.67,40.67,False,False,False,,,0.81,,False
78,長水路,16,男子,50m自由形,60～64歳,24.82,26.66,27.13,18,浅井速人,セ・葛西,6/2,41.06,41.06,False,False,False,,,1.02,,False
78,長水路,16,男子,50m自由形,60～64歳,24.82,26.66,27.13,19,半澤繁,セ・清瀬,4/8,45.67,45.67,False,False,False,,,0.8,,False
78,長水路,16,男子,50m自由形,60～64歳,24.82,26.66,27.13,,金田雅之,セ・能見台,9/2,,,False,False,False,,,,,True
78,長水路,16,男子,50m自由形,55～59歳,24.45,24.45,26.96,1,彅間政隆,セ・葛西,16/6,29.63,29.63,False,False,False,,,0.85,,False
78,長水路,16,男子,50m自由形,55～59歳,24.45,24.45,26.96,2,杉原祥之,ザバス川崎,15/5,29.81,29.81,False,False,False,,,0.77,,False
78,長水路,16,男子,50m自由形,55～59歳,24.45,24.45,26.96,3,門倉孝行,セ・慶應日吉,12/4,30.12,30.12,False,False,False,,,0.76,,False
78,長水路,16,男子,50m自由形,55～59歳,24.45,24.45,26.96,4,西野宮冬木,セ・長津田,13/8,30.63,30.63,False,False,False,,,0.95,,False
78,長水路,16,男子,50m自由形,55～59歳,24.45,24.45,26.96,5,浅田康朗,セ・大森,17/1,30.85,30.85,False,False,False,,,0.75,,False
78,長水路,16,男子,50m自由形,55～59歳,24.45,24.45,26.96,6,兵藤鋭雄,セ・目黒,14/4,30.91,30.91,False,False,False,,,0.73,,False
78,長水路,16,男子,50m自由形,55～59歳,24.45,24.45,26.96,7,青木健二,セ・蒲田,15/9,31.30,31.3,False,False,False,,,0.62,,False
78,長水路,16,男子,50m自由形,55～59歳,24.45,24.45,26.96,8,木村秀光,セ・上池袋,14/8,31.35,31.35,False,False,False,,,0.86,,False
78,長水路,16,男子,50m自由形,55～59歳,24.45,24.45,26.96,9,新井良育,セ・市ヶ尾,14/9,31.61,31.61,False,False,False,,,0.7,,False
78,長水路,16,男子,50m自由形,55～59歳,24.45,24.45,26.96,10,成島毅,セ・F宇都宮,12/5,32.20,32.2,False,False,False,,,0.77,,False
78,長水路,16,男子,50m自由形,55～59歳,24.45,24.45,26.96,11,山田隆弘,セ・市川,13/4,32.85,32.85,False,False,False,,,0.76,,False
78,長水路,16,男子,50m自由形,55～59歳,24.45,24.45,26.96,12,佐藤正章,セ・用賀,11/4,32.92,32.92,False,False,False,,,0.76,,False
78,長水路,16,男子,50m自由形,55～59歳,24.45,24.45,26.96,13,加藤寿起,セ・袖ヶ浦,13/9,33.43,33.43,False,False,False,,,0.8,,False
78,長水路,16,男子,50m自由形,55～59歳,24.45,24.45,26.96,14,金子謙一,セ・長津田,9/9,33.64,33.64,False,False,False,,,0.76,,False
78,長水路,16,男子,50m自由形,55～59歳,24.45,24.45,26.96,15,穴田啓樹,セ・慶應日吉,11/2,33.73,33.73,False,False,False,,,0.71,,False
78,長水路,16,男子,50m自由形,55～59歳,24.45,24.45,26.96,16,猪野周九,セ・谷津,6/1,33.75,33.75,False,False,False,,,0.86,,False
78,長水路,16,男子,50m自由形,55～59歳,24.45,24.45,26.96,17,久保田信利,ザバス八景,6/10,35.10,35.1,False,False,False,,,0.89,,False
78,長水路,16,男子,50m自由形,55～59歳,24.45,24.45,26.96,18,中島茂,セ・高崎,10/7,36.11,36.11,False,False,False,,,0.81,,False
78,長水路,16,男子,50m自由形,55～59歳,24.45,24.45,26.96,19,齋藤和典,セ・新川崎,4/2,36.24,36.24,False,False,False,,,1.12,,False
78,長水路,16,男子,50m自由形,55～59歳,24.45,24.45,26.96,20,日暮正明,セ・天王洲,8/9,37.82,37.82,False,False,False,,,0.91,,False
78,長水路,16,男子,50m自由形,55～59歳,24.45,24.45,26.96,21,北村勇,セ・能見台,6/9,38.26,38.26,False,False,False,,,0.78,,False
78,長水路,16,男子,50m自由形,55～59歳,24.45,24.45,26.96,22,萱沼憲司郎,セ・茂原,7/5,38.60,38.6,False,False,False,,,0.94,,False
78,長水路,16,男子,50m自由形,55～59歳,24.45,24.45,26.96,23,福田義晴,セ・市川,7/10,40.13,40.13,False,False,False,,,0.92,,False
78,長水路,16,男子,50m自由形,55～59歳,24.45,24.45,26.96,24,須川真彦,セ・S湘南台,2/2,53.32,53.32,False,False,False,,,1.02,,False
78,長水路,16,男子,50m自由形,55～59歳,24.45,24.45,26.96,,小野和彦,セ・新川崎,4/5,,,False,False,False,,,,,True
78,長水路,16,男子,50m自由形,55～59歳,24.45,24.45,26.96,,楊華,ザバス鶴見,11/8,,,False,False,False,,,,,True
78,長水路,16,男子,50m自由形,55～59歳,24.45,24.45,26.96,,岩崎明,セ・前橋,12/6,,,False,False,False,,,,,True
78,長水路,16,男子,50m自由形,50～54歳,24.08,24.08,25.70,1,池田正輝,セ・市ヶ尾,21/2,26.08,26.08,False,False,False,,,0.66,,False
78,長水路,16,男子,50m自由形,50～54歳,24.08,24.08,25.70,2,大村俊文,セ・二俣川,18/3,26.38,26.38,False,False,False,,,0.75,,False
78,長水路,16,男子,50m自由形,50～54歳,24.08,24.08,25.70,3,石井龍,セ・成城,19/5,27.47,27.47,False,False,False,,,0.72,,False
78,長水路,16,男子,50m自由形,50～54歳,24.08,24.08,25.70,4,石上智啓,セ・二俣川,16/5,28.64,28.64,False,False,False,,,0.72,,False
78,長水路,16,男子,50m自由形,50～54歳,24.08,24.08,25.70,5,佐々木茂倫,セ・流山,17/3,29.45,29.45,False,False,False,,,0.76,,False
78,長水路,16,男子,50m自由形,50～54歳,24.08,24.08,25.70,6,甫坂修男,セ・市川,17/7,29.59,29.59,False,False,False,,,0.74,,False
78,長水路,16,男子,50m自由形,50～54歳,24.08,24.08,25.70,7,添田邦彦,セ・八王子,9/3,29.78,29.78,False,False,False,,,0.77,,False
78,長水路,16,男子,50m自由形,50～54歳,24.08,24.08,25.70,8,阿部賢裕,セ・能見台,16/7,29.94,29.94,False,False,False,,,0.76,,False
78,長水路,16,男子,50m自由形,50～54歳,24.08,24.08,25.70,9,松崎敏明,セ・慶應日吉,17/5,29.97,29.97,False,False,False,,,0.73,,False
78,長水路,16,男子,50m自由形,50～54歳,24.08,24.08,25.70,10,磯貝知弘,セ・柏,15/8,30.22,30.22,False,False,False,,,0.75,,False
78,長水路,16,男子,50m自由形,50～54歳,24.08,24.08,25.70,11,足立晃,セ・新川崎,14/7,30.45,30.45,False,False,False,,,0.72,,False
78,長水路,16,男子,50m自由形,50～54歳,24.08,24.08,25.70,12,内藤充,セ・新川崎,14/3,30.72,30.72,False,False,False,,,0.75,,False
78,長水路,16,男子,50m自由形,50～54歳,24.08,24.08,25.70,13,渡辺則貴,セ・戸塚,14/1,30.81,30.81,False,False,False,,,0.8,,False
78,長水路,16,男子,50m自由形,50～54歳,24.08,24.08,25.70,14,佐野剛生,セ・溝ノ口,12/9,31.28,31.28,False,False,False,,,0.91,,False
78,長水路,16,男子,50m自由形,50～54歳,24.08,24.08,25.70,15,前田光輝,セ・おおたか,12/7,31.40,31.4,False,False,False,,,0.71,,False
78,長水路,16,男子,50m自由形,50～54歳,24.08,24.08,25.70,16,原田真,セ・葛西,15/3,31.58,31.58,False,False,False,,,0.77,,False
78,長水路,16,男子,50m自由形,50～54歳,24.08,24.08,25.70,17,松本考弘,セ・清瀬,12/3,32.72,32.72,False,False,False,,,0.95,,False
78,長水路,16,男子,50m自由形,50～54歳,24.08,24.08,25.70,18,千葉忠英,セ・天王洲,12/2,33.27,33.27,False,False,False,,,0.78,,False
78,長水路,16,男子,50m自由形,50～54歳,24.08,24.08,25.70,19,岡田能行,セ・越谷,11/6,33.41,33.41,False,False,False,,,0.75,,False
78,長水路,16,男子,50m自由形,50～54歳,24.08,24.08,25.70,20,佐久間毅慶,セ・新都心,7/1,33.80,33.8,False,False,False,,,0.77,,False
78,長水路,16,男子,50m自由形,50～54歳,24.08,24.08,25.70,21,倉本貴司,セ・東十条,10/1,34.08,34.08,False,False,False,,,0.8,,False
78,長水路,16,男子,50m自由形,50～54歳,24.08,24.08,25.70,22,宮本昌雄,セ・長津田,8/7,34.60,34.6,False,False,False,,,0.85,,False
78,長水路,16,男子,50m自由形,50～54歳,24.08,24.08,25.70,23,庄司和明,セ・松戸,8/4,36.45,36.45,False,False,False,,,0.85,,False
78,長水路,16,男子,50m自由形,50～54歳,24.08,24.08,25.70,24,本間智浩,セ・志木,10/2,36.61,36.61,False,False,False,,,0.8,,False
78,長水路,16,男子,50m自由形,50～54歳,24.08,24.08,25.70,25,大川明徳,セ・阿佐谷,9/10,37.10,37.1,False,False,False,,,0.99,,False
78,長水路,16,男子,50m自由形,50～54歳,24.08,24.08,25.70,26,中田雄也,墨田区体育館,8/1,38.13,38.13,False,False,False,,,0.81,,False
78,長水路,16,男子,50m自由形,50～54歳,24.08,24.08,25.70,27,東條博,セ・阿佐谷,6/5,38.53,38.53,False,False,False,,,1.01,,False
78,長水路,16,男子,50m自由形,50～54歳,24.08,24.08,25.70,28,稲田潤一,セ・上池袋,7/3,39.29,39.29,False,False,False,,,0.89,,False
78,長水路,16,男子,50m自由形,50～54歳,24.08,24.08,25.70,29,松林徹,セ・越谷,2/9,39.51,39.51,False,False,False,,,0.85,,False
78,長水路,16,男子,50m自由形,50～54歳,24.08,24.08,25.70,30,落合理,セ・武蔵小杉,5/10,40.87,40.87,False,False,False,,,0.73,,False
78,長水路,16,男子,50m自由形,50～54歳,24.08,24.08,25.70,31,北野善則,セ・新都心,5/2,46.74,46.74,False,False,False,,,0.84,,False
78,長水路,16,男子,50m自由形,50～54歳,24.08,24.08,25.70,,増渕博之,セ・藤沢,14/5,,,False,False,False,,,,,False
78,長水路,16,男子,50m自由形,50～54歳,24.08,24.08,25.70,,青木正昭,セ・福生,9/8,,,False,False,False,,,,,True
78,長水路,16,男子,50m自由形,45～49歳,23.55,23.55,25.69,1,野村峰生,セ・大森,20/2,27.07,27.07,False,False,False,,,0.69,,False
78,長水路,16,男子,50m自由形,45～49歳,23.55,23.55,25.69,2,寺田貴洋,セ・二俣川,21/10,27.95,27.95,False,False,False,,,0.7,,False
78,長水路,16,男子,50m自由形,45～49歳,23.55,23.55,25.69,3,北川貴義,セ・阿佐谷,18/5,28.10,28.1,False,False,False,,,0.72,,False
78,長水路,16,男子,50m自由形,45～49歳,23.55,23.55,25.69,4,倉持公一,セ・天王洲,18/1,28.74,28.74,False,False,False,,,0.74,,False
78,長水路,16,男子,50m自由形,45～49歳,23.55,23.55,25.69,5,宅間健介,セ・天王洲,17/8,29.12,29.12,False,False,False,,,0.74,,False
78,長水路,16,男子,50m自由形,45～49歳,23.55,23.55,25.69,6,堀川広祐,セ・二俣川,17/10,29.22,29.22,False,False,False,,,0.67,,False
78,長水路,16,男子,50m自由形,45～49歳,23.55,23.55,25.69,7,今崎長穂,セ・自由が丘,16/3,29.72,29.72,False,False,False,,,0.73,,False
78,長水路,16,男子,50m自由形,45～49歳,23.55,23.55,25.69,8,加地隆史,セ・葛西,16/2,30.23,30.23,False,False,False,,,0.68,,False
78,長水路,16,男子,50m自由形,45～49歳,23.55,23.55,25.69,9,花輪博之,セ・越谷,15/7,30.31,30.31,False,False,False,,,0.75,,False
78,長水路,16,男子,50m自由形,45～49歳,23.55,23.55,25.69,10,駒形秀一,セ・我孫子,15/4,30.44,30.44,False,False,False,,,0.71,,False
78,長水路,16,男子,50m自由形,45～49歳,23.55,23.55,25.69,11,若杉佳宏,セ・阿佐谷,14/6,30.78,30.78,False,False,False,,,0.74,,False
78,長水路,16,男子,50m自由形,45～49歳,23.55,23.55,25.69,12,藤田一寿,セ・成城,16/8,30.99,30.99,False,False,False,,,0.79,,False
78,長水路,16,男子,50m自由形,45～49歳,23.55,23.55,25.69,13,草野剛史,セ・二俣川,13/6,32.26,32.26,False,False,False,,,0.72,,False
78,長水路,16,男子,50m自由形,45～49歳,23.55,23.55,25.69,14,高瀬信雄,ザバス川崎,14/10,32.51,32.51,False,False,False,,,0.76,,False
78,長水路,16,男子,50m自由形,45～49歳,23.55,23.55,25.69,15,中嶋智史,セ・南青山,13/7,32.61,32.61,False,False,False,,,0.75,,False
78,長水路,16,男子,50m自由形,45～49歳,23.55,23.55,25.69,16,成田敏隆,セ・大森,11/9,33.30,33.3,False,False,False,,,0.75,,False
78,長水路,16,男子,50m自由形,45～49歳,23.55,23.55,25.69,17,小島直政,セ・久喜,10/10,33.69,33.69,False,False,False,,,0.83,,False
78,長水路,16,男子,50m自由形,45～49歳,23.55,23.55,25.69,18,上村匠,セ・下北沢,10/4,34.67,34.67,False,False,False,,,0.75,,False
78,長水路,16,男子,50m自由形,45～49歳,23.55,23.55,25.69,19,鈴木直哉,セ・八王子,9/1,35.56,35.56,False,False,False,,,0.77,,False
78,長水路,16,男子,50m自由形,40～44歳,23.14,23.25,25.23,1,前田崇行,セ・二俣川,21/8,26.11,26.11,False,False,False,,,0.67,,False
78,長水路,16,男子,50m自由形,40～44歳,23.14,23.25,25.23,2,吉田拓磨,セ・上池袋,20/7,26.99,26.99,False,False,False,,,0.68,,False
78,長水路,16,男子,50m自由形,40～44歳,23.14,23.25,25.23,3,石井将太,セ・成瀬,19/2,27.19,27.19,False,False,False,,,0.71,,False
78,長水路,16,男子,50m自由形,40～44歳,23.14,23.25,25.23,4,鈴木敏志,セ・松戸,19/9,27.73,27.73,False,False,False,,,0.74,,False
78,長水路,16,男子,50m自由形,40～44歳,23.14,23.25,25.23,5,小林弘典,ザバス川崎,19/1,28.27,28.27,False,False,False,,,0.69,,False
78,長水路,16,男子,50m自由形,40～44歳,23.14,23.25,25.23,6,村上守,セ・成城,18/9,29.04,29.04,False,False,False,,,0.76,,False
78,長水路,16,男子,50m自由形,40～44歳,23.14,23.25,25.23,7,田中遼太,セ・慶應日吉,11/1,33.22,33.22,False,False,False,,,0.73,,False
78,長水路,16,男子,50m自由形,35～39歳,22.72,23.20,24.83,1,青木圭祐,セ・葛西,20/5,25.26,25.26,False,False,False,,,0.74,,False
78,長水路,16,男子,50m自由形,35～39歳,22.72,23.20,24.83,2,金井元気,セ・慶應日吉,16/9,27.44,27.44,False,False,False,,,0.62,,False
78,長水路,16,男子,50m自由形,35～39歳,22.72,23.20,24.83,3,雲藤貴光,セ・天王洲,18/6,27.46,27.46,False,False,False,,,0.68,,False
78,長水路,16,男子,50m自由形,35～39歳,22.72,23.20,24.83,4,福田雄太,セ・慶應日吉,17/6,28.96,28.96,False,False,False,,,0.65,,False
78,長水路,16,男子,50m自由形,35～39歳,22.72,23.20,24.83,5,和田亮,セ・阿佐谷,18/8,29.99,29.99,False,False,False,,,0.74,,False
78,長水路,16,男子,50m自由形,35～39歳,22.72,23.20,24.83,6,佐々木悠介,セ・福島,8/2,35.98,35.98,False,False,False,,,1.06,,False
78,長水路,16,男子,50m自由形,35～39歳,22.72,23.20,24.83,,荒井裕二,セ・慶應日吉,18/4,,,False,False,False,,,,,True
78,長水路,16,男子,50m自由形,30～34歳,22.13,22.95,24.64,1,石川和樹,セ・谷津,21/4,24.54,24.54,True,False,False,,,0.63,,False
78,長水路,16,男子,50m自由形,30～34歳,22.13,22.95,24.64,2,江沢純也,セ・我孫子,17/4,28.65,28.65,False,False,False,,,0.74,,False
78,長水路,16,男子,50m自由形,30～34歳,22.13,22.95,24.64,3,寺田遼太,セ・天王洲,18/10,29.52,29.52,False,False,False,,,0.88,,False
78,長水路,16,男子,50m自由形,30～34歳,22.13,22.95,24.64,4,渡部慎也,セ・大森,15/10,30.84,30.84,False,False,False,,,0.71,,False
78,長水路,16,男子,50m自由形,30～34歳,22.13,22.95,24.64,5,大野淳哉,セ・上池袋,15/1,30.97,30.97,False,False,False,,,0.78,,False
78,長水路,16,男子,50m自由形,30～34歳,22.13,22.95,24.64,,板垣義人,セ・トレッサ,21/3,,,False,False,False,,,,,True
78,長水路,16,男子,50m自由形,25～29歳,22.30,22.75,24.20,1,川島由伸,セ・上池袋,21/5,23.01,23.01,True,False,False,,,0.65,,False
78,長水路,16,男子,50m自由形,25～29歳,22.30,22.75,24.20,2,板場貴大,セ・成城,21/7,24.44,24.44,False,False,False,,,0.66,,False
78,長水路,16,男子,50m自由形,25～29歳,22.30,22.75,24.20,3,中島大賀,セ・市川,21/1,25.10,25.1,False,False,False,,,0.66,,False
78,長水路,16,男子,50m自由形,25～29歳,22.30,22.75,24.20,4,神戸優悠希,セ・茂原,21/9,26.00,26.0,False,False,False,,,0.68,,False
78,長水路,16,男子,50m自由形,25～29歳,22.30,22.75,24.20,5,宮田遼太,セ・成城,19/4,26.31,26.31,False,False,False,,,0.71,,False
78,長水路,16,男子,50m自由形,25～29歳,22.30,22.75,24.20,6,星友也,セ・天王洲,19/6,26.64,26.64,False,False,False,,,0.75,,False
78,長水路,16,男子,50m自由形,25～29歳,22.30,22.75,24.20,7,室坂拓真,セ・用賀,19/7,26.87,26.87,False,False,False,,,0.64,,False
78,長水路,16,男子,50m自由形,25～29歳,22.30,22.75,24.20,8,村上裕哉,セ・南千住,20/3,27.72,27.72,False,False,False,,,0.73,,False
78,長水路,16,男子,50m自由形,25～29歳,22.30,22.75,24.20,9,和田佳明,セ・二俣川,17/9,29.84,29.84,False,False,False,,,0.75,,False
78,長水路,16,男子,50m自由形,25～29歳,22.30,22.75,24.20,10,竹下翔,セ・長津田,16/1,30.41,30.41,False,False,False,,,0.63,,False
78,長水路,16,男子,50m自由形,25～29歳,22.30,22.75,24.20,11,長谷川輝,セ・平塚,8/5,32.44,32.44,False,False,False,,,1.02,,False
78,長水路,16,男子,50m自由形,25～29歳,22.30,22.75,24.20,12,亀井智貴,セ・用賀,12/8,32.65,32.65,False,False,False,,,0.71,,False
78,長水路,16,男子,50m自由形,25～29歳,22.30,22.75,24.20,,横山勝大,セ・長津田,7/9,,,False,False,False,,,,,True
78,長水路,16,男子,50m自由形,18～24歳,,,22.80,1,設樂航希,セ・流山,21/6,23.99,23.99,False,False,False,,,0.65,,False
78,長水路,16,男子,50m自由形,18～24歳,,,22.80,2,村田拓斗,セ・長津田,20/4,25.05,25.05,False,False,False,,,0.69,,False
78,長水路,16,男子,50m自由形,18～24歳,,,22.80,3,織戸友宏,セ・葛西,20/1,26.32,26.32,False,False,False,,,0.63,,False
78,長水路,16,男子,50m自由形,18～24歳,,,22.80,4,重高良彦,セ・能見台,19/3,26.50,26.5,False,False,False,,,0.68,,False
78,長水路,16,男子,50m自由形,18～24歳,,,22.80,5,田中啓二朗,セ・二俣川,20/9,26.61,26.61,False,False,False,,,0.61,,False
78,長水路,16,男子,50m自由形,18～24歳,,,22.80,6,三角一汰,セ・新都心,19/10,26.92,26.92,False,False,False,,,0.62,,False
78,長水路,16,男子,50m自由形,18～24歳,,,22.80,7,藤井大智,セ・F東戸塚,16/10,27.03,27.03,False,False,False,,,0.6,,False
78,長水路,16,男子,50m自由形,18～24歳,,,22.80,8,伊藤水晶,セ・松戸,20/8,27.34,27.34,False,False,False,,,0.67,,False
78,長水路,16,男子,50m自由形,18～24歳,,,22.80,9,佐々木明日真,セ・市川,19/8,27.59,27.59,False,False,False,,,0.64,,False
78,長水路,16,男子,50m自由形,18～24歳,,,22.80,10,西沢歩,セ・清瀬,18/7,27.64,27.64,False,False,False,,,0.7,,False
78,長水路,16,男子,50m自由形,18～24歳,,,22.80,11,南里輝,セ・蒲田,20/6,27.66,27.66,False,False,False,,,0.58,,False
78,長水路,16,男子,50m自由形,18～24歳,,,22.80,12,金子智哉,セ・清瀬,18/2,27.84,27.84,False,False,False,,,0.88,,False
78,長水路,16,男子,50m自由形,18～24歳,,,22.80,13,藤井龍生,セ・横浜,20/10,27.88,27.88,False,False,False,,,0.63,,False
78,長水路,16,男子,50m自由形,18～24歳,,,22.80,14,安永竜之佑,セ・東戸塚,13/10,29.70,29.7,False,False,False,,,0.6,,False
78,長水路,16,男子,50m自由形,18～24歳,,,22.80,15,加藤慎梧,ザバス川崎,11/10,31.75,31.75,False,False,False,,,1.03,,False
78,長水路,16,男子,50m自由形,18～24歳,,,22.80,16,佐々木駿,セ・流山,13/1,32.71,32.71,False,False,False,,,0.74,,False
78,長水路,16,男子,50m自由形,18～24歳,,,22.80,,我妻雄大,セ・南千住,17/2,,,False,False,False,,,,,True
78,長水路,20,女子,50m平泳ぎ,90～94歳,59.40,1:15.13,,1,鈴木静江,クリーンスパ,1/3,1:32.03,92.03,False,False,False,,,,,False
78,長水路,20,女子,50m平泳ぎ,85～89歳,51.83,53.85,1:05.13,1,平井節子,セ・南千住,2/8,1:12.96,72.96000000000001,False,False,False,,,1.06,,False
78,長水路,20,女子,50m平泳ぎ,80～84歳,46.94,47.59,58.72,1,長谷部征子,セ・八王子,5/2,1:01.41,61.41,False,False,False,,,1.02,,False
78,長水路,20,女子,50m平泳ぎ,80～84歳,46.94,47.59,58.72,2,佐藤由利子,セ・用賀,4/10,1:05.08,65.08,False,False,False,,,0.85,,False
78,長水路,20,女子,50m平泳ぎ,80～84歳,46.94,47.59,58.72,3,岡本靖子,セ・慶應日吉,3/5,1:06.70,66.7,False,False,False,,,,,False
78,長水路,20,女子,50m平泳ぎ,80～84歳,46.94,47.59,58.72,4,久保美紀枝,セ・流山,1/5,1:17.15,77.15,False,False,False,,,1.24,,False
78,長水路,20,女子,50m平泳ぎ,80～84歳,46.94,47.59,58.72,,西村咲喜子,セ・志木,1/4,,,False,False,False,,,,,False
78,長水路,20,女子,50m平泳ぎ,75～79歳,43.95,43.95,55.75,1,渡部みさを,セ・慶應日吉,9/4,51.37,51.37,True,False,False,,,0.83,,False
78,長水路,20,女子,50m平泳ぎ,75～79歳,43.95,43.95,55.75,2,栗林眞知子,セ・成城,5/7,56.73,56.73,False,False,False,,,0.9,,False
78,長水路,20,女子,50m平泳ぎ,75～79歳,43.95,43.95,55.75,3,室谷晴江,セ・大森,5/4,58.72,58.72,False,False,False,,,0.9,,False
78,長水路,20,女子,50m平泳ぎ,75～79歳,43.95,43.95,55.75,4,福田加代子,セ・戸塚,5/5,1:00.89,60.89,False,False,False,,,0.74,,False
78,長水路,20,女子,50m平泳ぎ,75～79歳,43.95,43.95,55.75,5,末光とき子,墨田区体育館,2/4,1:05.87,65.87,False,False,False,,,0.89,,False
78,長水路,20,女子,50m平泳ぎ,75～79歳,43.95,43.95,55.75,6,荒深なみ,セ・市ヶ尾,4/2,1:08.53,68.53,False,False,False,,,0.9,,False
78,長水路,20,女子,50m平泳ぎ,75～79歳,43.95,43.95,55.75,7,諸橋暁子,曽谷・セ,2/5,1:10.01,70.01,False,False,False,,,0.9,,False
78,長水路,20,女子,50m平泳ぎ,75～79歳,43.95,43.95,55.75,8,吉見一江,セ・二俣川,2/6,1:14.52,74.52,False,False,False,,,,,False
78,長水路,20,女子,50m平泳ぎ,75～79歳,43.95,43.95,55.75,9,栗原羊子,セ・流山,1/6,1:18.67,78.67,False,False,False,,,1.03,,False
78,長水路,20,女子,50m平泳ぎ,75～79歳,43.95,43.95,55.75,10,安部澄子,セ・我孫子,1/7,1:28.72,88.72,False,False,False,,,,,False
78,長水路,20,女子,50m平泳ぎ,70～74歳,41.67,42.98,46.76,1,瀧下節子,セ・志木,7/5,54.80,54.8,False,False,False,,,0.81,,False
78,長水路,20,女子,50m平泳ぎ,70～74歳,41.67,42.98,46.76,2,高梨佳代子,ザバス八景,7/8,56.11,56.11,False,False,False,,,0.85,,False
78,長水路,20,女子,50m平泳ぎ,70～74歳,41.67,42.98,46.76,3,新井瑞枝,セ・流山,3/6,56.28,56.28,False,False,False,,,0.9,,False
78,長水路,20,女子,50m平泳ぎ,70～74歳,41.67,42.98,46.76,4,小笠原三春,セ・八王子,8/9,56.76,56.76,False,False,False,,,0.89,,False
78,長水路,20,女子,50m平泳ぎ,70～74歳,41.67,42.98,46.76,5,松木真知子,セ・ときわ台,4/3,57.22,57.22,False,False,False,,,1.0,,False
78,長水路,20,女子,50m平泳ぎ,70～74歳,41.67,42.98,46.76,6,青砥美智子,セ・葛西,4/4,57.52,57.52,False,False,False,,,1.02,,False
78,長水路,20,女子,50m平泳ぎ,70～74歳,41.67,42.98,46.76,7,小澤優子,セ・葛西,4/5,58.61,58.61,False,False,False,,,0.78,,False
78,長水路,20,女子,50m平泳ぎ,70～74歳,41.67,42.98,46.76,8,畠山眞由美,セ・柏,3/2,58.90,58.9,False,False,False,,,0.87,,False
78,長水路,20,女子,50m平泳ぎ,70～74歳,41.67,42.98,46.76,9,舛尾妃呂子,セ・稲毛海岸,5/3,59.50,59.5,False,False,False,,,0.9,,False
78,長水路,20,女子,50m平泳ぎ,70～74歳,41.67,42.98,46.76,10,高木保子,セ・おおたか,6/2,1:00.95,60.95,False,False,False,,,0.89,,False
78,長水路,20,女子,50m平泳ぎ,70～74歳,41.67,42.98,46.76,11,藤井道子,セ・我孫子,3/8,1:03.65,63.65,False,False,False,,,0.78,,False
78,長水路,20,女子,50m平泳ぎ,70～74歳,41.67,42.98,46.76,12,渡邉登美子,セ・阿佐谷,3/3,1:04.06,64.06,False,False,False,,,0.83,,False
78,長水路,20,女子,50m平泳ぎ,70～74歳,41.67,42.98,46.76,13,池田則子,セ・松戸,3/9,1:07.98,67.98,False,False,False,,,1.11,,False
78,長水路,20,女子,50m平泳ぎ,65～69歳,39.91,42.07,45.59,1,高梨美樹,セ・成城,10/5,49.31,49.31,False,False,False,,,0.79,,False
78,長水路,20,女子,50m平泳ぎ,65～69歳,39.91,42.07,45.59,2,米澤美智子,セ・成瀬,10/6,49.86,49.86,False,False,False,,,0.85,,False
78,長水路,20,女子,50m平泳ぎ,65～69歳,39.91,42.07,45.59,3,三枚堂かよ子,セ・阿佐谷,9/8,52.88,52.88,False,False,False,,,0.83,,False
78,長水路,20,女子,50m平泳ぎ,65～69歳,39.91,42.07,45.59,4,佐々木和恵,セ・松戸,7/9,54.87,54.87,False,False,False,,,0.89,,False
78,長水路,20,女子,50m平泳ぎ,65～69歳,39.91,42.07,45.59,5,育村博子,セ・おおたか,6/8,56.31,56.31,False,False,False,,,0.9,,False
78,長水路,20,女子,50m平泳ぎ,65～69歳,39.91,42.07,45.59,6,櫻田琴,セ・天王洲,7/2,56.37,56.37,False,False,False,,,0.84,,False
78,長水路,20,女子,50m平泳ぎ,65～69歳,39.91,42.07,45.59,7,太田初美,セ・越谷,7/6,56.60,56.6,False,False,False,,,0.76,,False
78,長水路,20,女子,50m平泳ぎ,65～69歳,39.91,42.07,45.59,8,浅野みどり,セ・天王洲,6/1,57.08,57.08,False,False,False,,,1.03,,False
78,長水路,20,女子,50m平泳ぎ,65～69歳,39.91,42.07,45.59,9,掃部典子,曽谷・セ,7/3,58.32,58.32,False,False,False,,,1.26,,False
78,長水路,20,女子,50m平泳ぎ,65～69歳,39.91,42.07,45.59,10,倉林明子,セ・おおたか,6/6,58.87,58.87,False,False,False,,,0.9,,False
78,長水路,20,女子,50m平泳ぎ,65～69歳,39.91,42.07,45.59,11,益田加津子,セ・自由が丘,4/6,59.72,59.72,False,False,False,,,1.03,,False
78,長水路,20,女子,50m平泳ぎ,65～69歳,39.91,42.07,45.59,12,花形一実,セ・南千住,4/7,1:02.45,62.45,False,False,False,,,0.89,,False
78,長水路,20,女子,50m平泳ぎ,65～69歳,39.91,42.07,45.59,13,渋谷照代,セ・我孫子,3/1,1:05.64,65.64,False,False,False,,,1.02,,False
78,長水路,20,女子,50m平泳ぎ,65～69歳,39.91,42.07,45.59,14,油井みどり,セ・新 浦安,4/9,1:06.73,66.73,False,False,False,,,0.9,,False
78,長水路,20,女子,50m平泳ぎ,65～69歳,39.91,42.07,45.59,15,松田則子,セ・成瀬,8/1,1:12.78,72.78,False,False,False,,,1.24,,False
78,長水路,20,女子,50m平泳ぎ,65～69歳,39.91,42.07,45.59,16,小高和子,セ・桶川北本,2/7,1:17.49,77.49,False,False,False,,,,,False
78,長水路,20,女子,50m平泳ぎ,65～69歳,39.91,42.07,45.59,,原田由美子,セ・慶應日吉,2/3,,,False,False,False,,,,,False
78,長水路,20,女子,50m平泳ぎ,60～64歳,37.43,38.07,43.45,1,野島久枝,セ・二俣川,11/7,46.21,46.21,False,False,False,,,0.85,,False
78,長水路,20,女子,50m平泳ぎ,60～64歳,37.43,38.07,43.45,2,羽山恵津子,セ・葛西,11/4,46.96,46.96,False,False,False,,,0.76,,False
78,長水路,20,女子,50m平泳ぎ,60～64歳,37.43,38.07,43.45,3,石井菜穂美,セ・市川,12/4,47.07,47.07,False,False,False,,,0.9,,False
78,長水路,20,女子,50m平泳ぎ,60～64歳,37.43,38.07,43.45,4,佐藤美絵子,セ・清瀬,10/4,47.84,47.84,False,False,False,,,0.74,,False
78,長水路,20,女子,50m平泳ぎ,60～64歳,37.43,38.07,43.45,5,小池理恵子,セ・阿佐谷,11/1,48.88,48.88,False,False,False,,,0.9,,False
78,長水路,20,女子,50m平泳ぎ,60～64歳,37.43,38.07,43.45,6,船津香,セ・自由が丘,10/7,49.47,49.47,False,False,False,,,0.79,,False
78,長水路,20,女子,50m平泳ぎ,60～64歳,37.43,38.07,43.45,7,山本庸子,セ・八王子,10/2,50.41,50.41,False,False,False,,,1.16,,False
78,長水路,20,女子,50m平泳ぎ,60～64歳,37.43,38.07,43.45,8,酒井寿美恵,クリーンスパ,10/9,51.54,51.54,False,False,False,,,0.8,,False
78,長水路,20,女子,50m平泳ぎ,60～64歳,37.43,38.07,43.45,9,盛田真規子,セ・二俣川,9/10,52.87,52.87,False,False,False,,,0.6,,False
78,長水路,20,女子,50m平泳ぎ,60～64歳,37.43,38.07,43.45,10,凩栄里子,セ・府中,9/2,54.52,54.52,False,False,False,,,0.89,,False
78,長水路,20,女子,50m平泳ぎ,60～64歳,37.43,38.07,43.45,11,渡邊ひろみ,セ・松戸,7/10,55.87,55.87,False,False,False,,,1.01,,False
78,長水路,20,女子,50m平泳ぎ,60～64歳,37.43,38.07,43.45,12,太刀岡早苗,セ・市ヶ尾,8/5,56.18,56.18,False,False,False,,,0.89,,False
78,長水路,20,女子,50m平泳ぎ,60～64歳,37.43,38.07,43.45,13,吉野ひとみ,セ・松戸,5/9,56.80,56.8,False,False,False,,,0.9,,False
78,長水路,20,女子,50m平泳ぎ,60～64歳,37.43,38.07,43.45,14,飯田美奈子,セ・西新井,5/6,58.29,58.29,False,False,False,,,1.02,,False
78,長水路,20,女子,50m平泳ぎ,60～64歳,37.43,38.07,43.45,15,田中香苗,セ・青砥,4/8,1:01.27,61.27,False,False,False,,,0.77,,False
78,長水路,20,女子,50m平泳ぎ,60～64歳,37.43,38.07,43.45,16,平澤馨,セ・府中,3/10,1:06.14,66.14,False,False,False,,,,,False
78,長水路,20,女子,50m平泳ぎ,55～59歳,35.59,37.52,40.00,1,鈴木和佳奈,セ・桶川北本,12/7,43.15,43.15,False,False,False,,,0.74,,False
78,長水路,20,女子,50m平泳ぎ,55～59歳,35.59,37.52,40.00,2,前畑章子,セ・慶應日吉,11/5,46.47,46.47,False,False,False,,,0.8,,False
78,長水路,20,女子,50m平泳ぎ,55～59歳,35.59,37.52,40.00,3,佐藤洋子,セ・成城,11/10,46.58,46.58,False,False,False,,,0.6,,False
78,長水路,20,女子,50m平泳ぎ,55～59歳,35.59,37.52,40.00,4,鶴岡美佐,ザバス八景,11/8,47.63,47.63,False,False,False,,,0.87,,False
78,長水路,20,女子,50m平泳ぎ,55～59歳,35.59,37.52,40.00,5,坂井慶子,セ・大宮宮原,8/4,50.51,50.51,False,False,False,,,0.73,,False
78,長水路,20,女子,50m平泳ぎ,55～59歳,35.59,37.52,40.00,6,森川佳奈子,クリーンスパ,9/7,51.80,51.8,False,False,False,,,0.86,,False
78,長水路,20,女子,50m平泳ぎ,55～59歳,35.59,37.52,40.00,7,角南美貴,セ・我孫子,9/9,52.72,52.72,False,False,False,,,0.71,,False
78,長水路,20,女子,50m平泳ぎ,55～59歳,35.59,37.52,40.00,8,池田直子,セ・大森,8/3,53.29,53.29,False,False,False,,,1.06,,False
78,長水路,20,女子,50m平泳ぎ,55～59歳,35.59,37.52,40.00,9,田上麻紀,セ・久喜,6/7,55.24,55.24,False,False,False,,,0.77,,False
78,長水路,20,女子,50m平泳ぎ,55～59歳,35.59,37.52,40.00,10,大久保彩子,セ・阿佐谷,5/8,57.52,57.52,False,False,False,,,0.82,,False
78,長水路,20,女子,50m平泳ぎ,55～59歳,35.59,37.52,40.00,11,岩朋実,セ・川越,6/4,57.79,57.79,False,False,False,,,0.87,,False
78,長水路,20,女子,50m平泳ぎ,55～59歳,35.59,37.52,40.00,12,松川律子,セ・二俣川,6/10,58.85,58.85,False,False,False,,,0.83,,False
78,長水路,20,女子,50m平泳ぎ,55～59歳,35.59,37.52,40.00,13,佐藤淳子,セ・久喜,4/1,1:01.95,61.95,False,False,False,,,1.2,,False
78,長水路,20,女子,50m平泳ぎ,55～59歳,35.59,37.52,40.00,,冨樫真樹子,セ・用賀,6/9,,,False,False,False,,,,,False
78,長水路,20,女子,50m平泳ぎ,55～59歳,35.59,37.52,40.00,,西田三佐子,セ・大宮宮原,8/7,,,False,False,False,,,,,True
78,長水路,20,女子,50m平泳ぎ,50～54歳,34.18,37.22,39.33,1,梅澤亮子,セ・桶川北本,13/1,42.13,42.13,False,False,False,,,0.72,,False
78,長水路,20,女子,50m平泳ぎ,50～54歳,34.18,37.22,39.33,2,池田智子,セ・目黒,12/10,43.55,43.55,False,False,False,,,0.76,,False
78,長水路,20,女子,50m平泳ぎ,50～54歳,34.18,37.22,39.33,3,五十嵐知佐,セ・おおたか,11/2,46.09,46.09,False,False,False,,,0.81,,False
78,長水路,20,女子,50m平泳ぎ,50～54歳,34.18,37.22,39.33,4,白須靖子,セ・市ヶ尾,11/6,47.48,47.48,False,False,False,,,0.78,,False
78,長水路,20,女子,50m平泳ぎ,50～54歳,34.18,37.22,39.33,5,大橋ほづ美,セ・清瀬,9/5,48.10,48.1,False,False,False,,,0.76,,False
78,長水路,20,女子,50m平泳ぎ,50～54歳,34.18,37.22,39.33,6,佐伯康子,ザバス川崎,12/2,48.34,48.34,False,False,False,,,0.85,,False
78,長水路,20,女子,50m平泳ぎ,50～54歳,34.18,37.22,39.33,7,田原文月,セ・南千住,11/9,48.74,48.74,False,False,False,,,0.88,,False
78,長水路,20,女子,50m平泳ぎ,50～54歳,34.18,37.22,39.33,8,引本亜紀子,セ・用賀,7/1,49.22,49.22,False,False,False,,,0.79,,False
78,長水路,20,女子,50m平泳ぎ,50～54歳,34.18,37.22,39.33,9,大島江理子,セ・大森,10/1,49.42,49.42,False,False,False,,,0.78,,False
78,長水路,20,女子,50m平泳ぎ,50～54歳,34.18,37.22,39.33,10,磯村麻衣子,セ・上池袋,8/10,50.75,50.75,False,False,False,,,0.76,,False
78,長水路,20,女子,50m平泳ぎ,50～54歳,34.18,37.22,39.33,11,比留川美緒,セ・平塚,5/10,52.39,52.39,False,False,False,,,0.74,,False
78,長水路,20,女子,50m平泳ぎ,50～54歳,34.18,37.22,39.33,12,村岡貴子,セ・桶川北本,8/2,52.51,52.51,False,False,False,,,0.9,,False
78,長水路,20,女子,50m平泳ぎ,50～54歳,34.18,37.22,39.33,13,佐藤晶子,セ・おおたか,8/8,53.16,53.16,False,False,False,,,0.6,,False
78,長水路,20,女子,50m平泳ぎ,50～54歳,34.18,37.22,39.33,14,北原暁美,セ・南青山,3/7,59.39,59.39,False,False,False,,,0.76,,False
78,長水路,20,女子,50m平泳ぎ,50～54歳,34.18,37.22,39.33,15,小川史枝,セ・越谷LT,5/1,1:03.98,63.98,False,False,False,,,0.88,,False
78,長水路,20,女子,50m平泳ぎ,50～54歳,34.18,37.22,39.33,16,兼子敬子,セ・南千住,3/4,1:12.95,72.95,False,False,False,,,0.87,,False
78,長水路,20,女子,50m平泳ぎ,45～49歳,33.56,35.65,36.63,1,櫻井理恵子,セ・袖ヶ浦,12/6,44.37,44.37,False,False,False,,,0.81,,False
78,長水路,20,女子,50m平泳ぎ,45～49歳,33.56,35.65,36.63,2,高橋真美,セ・志木,12/8,45.22,45.22,False,False,False,,,0.83,,False
78,長水路,20,女子,50m平泳ぎ,45～49歳,33.56,35.65,36.63,3,溝井花代子,セ・葛西,11/3,47.84,47.84,False,False,False,,,0.74,,False
78,長水路,20,女子,50m平泳ぎ,45～49歳,33.56,35.65,36.63,4,前田由希映,セ・二俣川,9/3,51.60,51.6,False,False,False,,,0.87,,False
78,長水路,20,女子,50m平泳ぎ,45～49歳,33.56,35.65,36.63,5,高島典子,セ・大森,6/3,53.20,53.2,False,False,False,,,0.6,,False
78,長水路,20,女子,50m平泳ぎ,45～49歳,33.56,35.65,36.63,6,吉田瑠夏,曽谷・セ,7/7,54.30,54.3,False,False,False,,,0.9,,False
78,長水路,20,女子,50m平泳ぎ,45～49歳,33.56,35.65,36.63,,サカモト亮子,セ・自由が丘,10/10,,,False,False,False,,,,,True
78,長水路,20,女子,50m平泳ぎ,40～44歳,32.42,35.05,38.52,1,中村可奈子,セ・おおたか,13/9,42.71,42.71,False,False,False,,,0.75,,False
78,長水路,20,女子,50m平泳ぎ,40～44歳,32.42,35.05,38.52,2,岩田愛恵,セ・成城,10/3,46.30,46.3,False,False,False,,,0.73,,False
78,長水路,20,女子,50m平泳ぎ,40～44歳,32.42,35.05,38.52,3,久保かおり,セ・長津田,6/5,51.50,51.5,False,False,False,,,0.81,,False
78,長水路,20,女子,50m平泳ぎ,40～44歳,32.42,35.05,38.52,4,中辻澄美,セ・天王洲,9/6,53.46,53.46,False,False,False,,,0.79,,False
78,長水路,20,女子,50m平泳ぎ,40～44歳,32.42,35.05,38.52,5,石川彩,セ・成瀬,10/8,54.04,54.04,False,False,False,,,1.13,,False
78,長水路,20,女子,50m平泳ぎ,40～44歳,32.42,35.05,38.52,6,谷美希子,セ・府中,7/4,57.23,57.23,False,False,False,,,0.88,,False
78,長水路,20,女子,50m平泳ぎ,35～39歳,31.35,33.04,37.84,1,宮下奏子,セ・市ヶ尾,13/4,42.86,42.86,False,False,False,,,0.7,,False
78,長水路,20,女子,50m平泳ぎ,35～39歳,31.35,33.04,37.84,2,RacaruGabriela,セ・慶應日吉,9/1,51.04,51.04,False,False,False,,,0.86,,False
78,長水路,20,女子,50m平泳ぎ,35～39歳,31.35,33.04,37.84,3,久保美由紀,セ・長津田,8/6,53.43,53.43,False,False,False,,,1.05,,False
78,長水路,20,女子,50m平泳ぎ,30～34歳,32.22,32.42,37.51,1,遠藤桃,セ・越谷,13/7,38.84,38.84,False,False,False,,,0.85,,False
78,長水路,20,女子,50m平泳ぎ,30～34歳,32.22,32.42,37.51,2,宍戸萌,セ・長津田,12/5,40.08,40.08,False,False,False,,,0.71,,False
78,長水路,20,女子,50m平泳ぎ,30～34歳,32.22,32.42,37.51,3,大椛詩織,セ・葛西,13/10,42.48,42.48,False,False,False,,,0.78,,False
78,長水路,20,女子,50m平泳ぎ,30～34歳,32.22,32.42,37.51,4,片桐由里恵,セ・S湘南台,12/1,45.61,45.61,False,False,False,,,0.86,,False
78,長水路,20,女子,50m平泳ぎ,25～29歳,31.60,31.89,36.99,1,小林志穂,セ・葛西,13/5,35.52,35.52,True,False,False,,,0.75,,False
78,長水路,20,女子,50m平泳ぎ,25～29歳,31.60,31.89,36.99,2,丸玖瑠都,セ・成城,13/3,39.11,39.11,False,False,False,,,0.6,,False
78,長水路,20,女子,50m平泳ぎ,25～29歳,31.60,31.89,36.99,3,松澤春菜,セ・大宮宮原,13/8,42.78,42.78,False,False,False,,,0.72,,False
78,長水路,20,女子,50m平泳ぎ,25～29歳,31.60,31.89,36.99,4,石井理桜子,セ・市川,13/2,42.88,42.88,False,False,False,,,0.6,,False
78,長水路,20,女子,50m平泳ぎ,25～29歳,31.60,31.89,36.99,5,柏木涼,セ・越谷LT,12/9,45.76,45.76,False,False,False,,,0.81,,False
78,長水路,20,女子,50m平泳ぎ,18～24歳,,,34.89,1,竹山睦月,セ・南青山,13/6,37.70,37.7,False,False,False,,,0.6,,False
78,長水路,20,女子,50m平泳ぎ,18～24歳,,,34.89,2,皆川すみれ,セ・南青山,12/3,46.50,46.5,False,False,False,,,0.9,,False
78,長水路,21,男子,50m平泳ぎ,85～89歳,45.42,45.58,58.51,1,池田道彦,セ・南千住,2/7,1:07.24,67.24,False,False,False,,,1.26,,False
78,長水路,21,男子,50m平泳ぎ,85～89歳,45.42,45.58,58.51,2,浅田眞守,セ・二俣川,1/3,1:09.72,69.72,False,False,False,,,1.72,,False
78,長水路,21,男子,50m平泳ぎ,80～84歳,41.68,41.68,49.32,1,今修二,セ・越谷,5/7,49.85,49.85,False,False,False,,,0.96,,False
78,長水路,21,男子,50m平泳ぎ,80～84歳,41.68,41.68,49.32,2,池端孝一,セ・成瀬,3/8,55.06,55.06,False,False,False,,,0.91,,False
78,長水路,21,男子,50m平泳ぎ,80～84歳,41.68,41.68,49.32,3,小田稔,セ・慶應日吉,2/8,1:06.42,66.42,False,False,False,,,1.24,,False
78,長水路,21,男子,50m平泳ぎ,80～84歳,41.68,41.68,49.32,4,内田幸稔,セ・松戸,2/4,1:06.51,66.51,False,False,False,,,1.1,,False
78,長水路,21,男子,50m平泳ぎ,80～84歳,41.68,41.68,49.32,5,服部宣孔,セ・ときわ台,1/5,1:07.26,67.26,False,False,False,,,0.97,,False
78,長水路,21,男子,50m平泳ぎ,80～84歳,41.68,41.68,49.32,,井口穣,セ・東戸塚,3/2,,,False,False,False,,,,,True
78,長水路,21,男子,50m平泳ぎ,75～79歳,38.12,39.86,42.47,1,高附直樹,セ・清瀬,6/1,48.82,48.82,False,False,False,,,0.92,,False
78,長水路,21,男子,50m平泳ぎ,75～79歳,38.12,39.86,42.47,2,服部陽一,セ・成瀬,4/2,49.57,49.57,False,False,False,,,0.83,,False
78,長水路,21,男子,50m平泳ぎ,75～79歳,38.12,39.86,42.47,3,手塚満,セ・おおたか,1/6,1:06.01,66.01,False,False,False,,,0.8,,False
78,長水路,21,男子,50m平泳ぎ,75～79歳,38.12,39.86,42.47,4,泉保央,セ・慶應日吉,3/1,1:06.42,66.42,False,False,False,,,,,False
78,長水路,21,男子,50m平泳ぎ,70～74歳,34.69,36.42,40.37,1,吉村進,セ・阿佐谷,8/5,42.45,42.45,False,False,False,,,0.74,,False
78,長水路,21,男子,50m平泳ぎ,70～74歳,34.69,36.42,40.37,2,村田幸士郎,セ・阿佐谷,7/7,43.35,43.35,False,False,False,,,0.95,,False
78,長水路,21,男子,50m平泳ぎ,70～74歳,34.69,36.42,40.37,3,井岡卓也,セ・市川,6/3,47.10,47.1,False,False,False,,,0.99,,False
78,長水路,21,男子,50m平泳ぎ,70～74歳,34.69,36.42,40.37,4,前川正,セ・F東戸塚,6/5,47.25,47.25,False,False,False,,,0.77,,False
78,長水路,21,男子,50m平泳ぎ,70～74歳,34.69,36.42,40.37,5,安高祐三,セ・越谷,6/10,47.70,47.7,False,False,False,,,0.72,,False
78,長水路,21,男子,50m平泳ぎ,70～74歳,34.69,36.42,40.37,6,古川賢一郎,ザバス川崎,5/8,48.14,48.14,False,False,False,,,1.06,,False
78,長水路,21,男子,50m平泳ぎ,70～74歳,34.69,36.42,40.37,7,若山聖亮,G-SPA,5/2,49.78,49.78,False,False,False,,,0.93,,False
78,長水路,21,男子,50m平泳ぎ,70～74歳,34.69,36.42,40.37,8,内藤謙一,セ・松戸,4/1,50.13,50.13,False,False,False,,,0.86,,False
78,長水路,21,男子,50m平泳ぎ,70～74歳,34.69,36.42,40.37,9,幡場達明,セ・大宮宮原,5/3,50.26,50.26,False,False,False,,,0.82,,False
78,長水路,21,男子,50m平泳ぎ,70～74歳,34.69,36.42,40.37,10,仲二見実,セ・ときわ台,4/5,52.91,52.91,False,False,False,,,1.13,,False
78,長水路,21,男子,50m平泳ぎ,70～74歳,34.69,36.42,40.37,11,大久保美伸,セ・松戸,3/9,1:01.37,61.37,False,False,False,,,0.94,,False
78,長水路,21,男子,50m平泳ぎ,70～74歳,34.69,36.42,40.37,12,永島聡,セ・戸塚,1/7,1:04.14,64.14,False,False,False,,,1.04,,False
78,長水路,21,男子,50m平泳ぎ,70～74歳,34.69,36.42,40.37,13,高橋修一,セ・我孫子,1/4,1:07.85,67.85,False,False,False,,,1.12,,False
78,長水路,21,男子,50m平泳ぎ,70～74歳,34.69,36.42,40.37,,斉藤祐一,セ・我孫子,3/6,,,False,False,False,,,,,True
78,長水路,21,男子,50m平泳ぎ,65～69歳,33.30,33.64,39.36,1,松田賢治,セ・大宮宮原,9/2,40.24,40.24,False,False,False,,,0.83,,False
78,長水路,21,男子,50m平泳ぎ,65～69歳,33.30,33.64,39.36,2,山梨英克,セ・我孫子,5/5,44.40,44.4,False,False,False,,,0.75,,False
78,長水路,21,男子,50m平泳ぎ,65～69歳,33.30,33.64,39.36,3,槙田誠,セ・南千住,6/6,45.26,45.26,False,False,False,,,0.82,,False
78,長水路,21,男子,50m平泳ぎ,65～69歳,33.30,33.64,39.36,4,竹内新,セ・府中,5/6,48.84,48.84,False,False,False,,,1.01,,False
78,長水路,21,男子,50m平泳ぎ,65～69歳,33.30,33.64,39.36,5,大滝恭伸,セ・市ヶ尾,5/4,48.88,48.88,False,False,False,,,1.08,,False
78,長水路,21,男子,50m平泳ぎ,65～69歳,33.30,33.64,39.36,6,赤坂吉昭,セ・葛西,4/4,51.20,51.2,False,False,False,,,0.87,,False
78,長水路,21,男子,50m平泳ぎ,65～69歳,33.30,33.64,39.36,7,阿部宏之助,セ・上池袋,4/7,53.07,53.07,False,False,False,,,0.8,,False
78,長水路,21,男子,50m平泳ぎ,65～69歳,33.30,33.64,39.36,8,渡辺好造,セ・成瀬,4/3,54.30,54.3,False,False,False,,,0.81,,False
78,長水路,21,男子,50m平泳ぎ,65～69歳,33.30,33.64,39.36,9,藤原雄一郎,セ・大森,4/10,55.28,55.28,False,False,False,,,0.78,,False
78,長水路,21,男子,50m平泳ぎ,65～69歳,33.30,33.64,39.36,10,石井玲二,セ・川越,2/3,1:02.49,62.49,False,False,False,,,0.85,,False
78,長水路,21,男子,50m平泳ぎ,65～69歳,33.30,33.64,39.36,,中村浩司,セ・青砥,6/8,,,False,False,False,,,,,True
78,長水路,21,男子,50m平泳ぎ,60～64歳,30.57,33.10,33.14,1,小倉和彦,セ・清瀬,11/4,34.27,34.27,False,False,False,,,0.72,,False
78,長水路,21,男子,50m平泳ぎ,60～64歳,30.57,33.10,33.14,2,廣松伸一,セ・市ヶ尾,11/7,37.57,37.57,False,False,False,,,0.74,,False
78,長水路,21,男子,50m平泳ぎ,60～64歳,30.57,33.10,33.14,3,兼森伸兒,ザバス八景,9/5,38.83,38.83,False,False,False,,,0.79,,False
78,長水路,21,男子,50m平泳ぎ,60～64歳,30.57,33.10,33.14,4,廣本佳也,セ・上池袋,10/8,39.32,39.32,False,False,False,,,0.75,,False
78,長水路,21,男子,50m平泳ぎ,60～64歳,30.57,33.10,33.14,5,池谷千尋,セ・長津田,9/4,40.94,40.94,False,False,False,,,0.78,,False
78,長水路,21,男子,50m平泳ぎ,60～64歳,30.57,33.10,33.14,6,中村幸弘,セ・越谷,9/1,42.16,42.16,False,False,False,,,0.82,,False
78,長水路,21,男子,50m平泳ぎ,60～64歳,30.57,33.10,33.14,7,松下尚之,セ・流山,5/1,45.89,45.89,False,False,False,,,0.93,,False
78,長水路,21,男子,50m平泳ぎ,60～64歳,30.57,33.10,33.14,8,黒川恵一,セ・市ヶ尾,5/9,51.75,51.75,False,False,False,,,0.79,,False
78,長水路,21,男子,50m平泳ぎ,60～64歳,30.57,33.10,33.14,9,中村努,セ・市川,2/6,1:15.83,75.83,False,False,False,,,0.98,,False
78,長水路,21,男子,50m平泳ぎ,60～64歳,30.57,33.10,33.14,,山本勝,セ・慶應日吉,3/4,,,False,False,False,,,,,False
78,長水路,21,男子,50m平泳ぎ,55～59歳,30.02,31.39,33.14,1,宮木幸彦,セ・葛西,10/1,39.65,39.65,False,False,False,,,0.76,,False
78,長水路,21,男子,50m平泳ぎ,55～59歳,30.02,31.39,33.14,2,木村秀光,セ・上池袋,9/6,40.84,40.84,False,False,False,,,0.85,,False
78,長水路,21,男子,50m平泳ぎ,55～59歳,30.02,31.39,33.14,3,兵藤鋭雄,セ・目黒,8/6,41.69,41.69,False,False,False,,,0.76,,False
78,長水路,21,男子,50m平泳ぎ,55～59歳,30.02,31.39,33.14,4,中津海全士,セ・S湘南台,7/5,43.38,43.38,False,False,False,,,0.78,,False
78,長水路,21,男子,50m平泳ぎ,55～59歳,30.02,31.39,33.14,5,中島茂,セ・高崎,7/4,43.72,43.72,False,False,False,,,0.79,,False
78,長水路,21,男子,50m平泳ぎ,55～59歳,30.02,31.39,33.14,6,久保田信利,ザバス八景,3/7,44.50,44.5,False,False,False,,,0.87,,False
78,長水路,21,男子,50m平泳ぎ,55～59歳,30.02,31.39,33.14,7,齋藤和典,セ・新川崎,7/8,45.68,45.68,False,False,False,,,1.06,,False
78,長水路,21,男子,50m平泳ぎ,55～59歳,30.02,31.39,33.14,8,北村勇,セ・能見台,7/2,46.53,46.53,False,False,False,,,0.81,,False
78,長水路,21,男子,50m平泳ぎ,55～59歳,30.02,31.39,33.14,9,穴田啓樹,セ・慶應日吉,6/2,46.89,46.89,False,False,False,,,0.73,,False
78,長水路,21,男子,50m平泳ぎ,55～59歳,30.02,31.39,33.14,10,佐藤正章,セ・用賀,6/4,47.24,47.24,False,False,False,,,0.79,,False
78,長水路,21,男子,50m平泳ぎ,55～59歳,30.02,31.39,33.14,11,福田義晴,セ・市川,4/9,56.93,56.93,False,False,False,,,0.96,,False
78,長水路,21,男子,50m平泳ぎ,55～59歳,30.02,31.39,33.14,12,須川真彦,セ・S湘南台,3/10,58.52,58.52,False,False,False,,,1.01,,False
78,長水路,21,男子,50m平泳ぎ,55～59歳,30.02,31.39,33.14,,久保卓士,セ・天王洲,9/10,,,False,False,False,,,,,False
78,長水路,21,男子,50m平泳ぎ,55～59歳,30.02,31.39,33.14,,小野和彦,セ・新川崎,3/5,,,False,False,False,,,,,True
78,長水路,21,男子,50m平泳ぎ,55～59歳,30.02,31.39,33.14,,高田義久,セ・八王子,7/3,,,False,False,False,,,,,True
78,長水路,21,男子,50m平泳ぎ,50～54歳,29.23,29.70,30.56,1,小森康弘,セ・葛西,11/3,31.79,31.79,False,False,False,,,0.66,,False
78,長水路,21,男子,50m平泳ぎ,50～54歳,29.23,29.70,30.56,2,関口義和,セ・二俣川,12/9,35.51,35.51,False,False,False,,,0.78,,False
78,長水路,21,男子,50m平泳ぎ,50～54歳,29.23,29.70,30.56,3,石井龍,セ・成城,12/8,36.53,36.53,False,False,False,,,0.7,,False
78,長水路,21,男子,50m平泳ぎ,50～54歳,29.23,29.70,30.56,4,佐々木茂倫,セ・流山,10/10,38.97,38.97,False,False,False,,,0.86,,False
78,長水路,21,男子,50m平泳ぎ,50～54歳,29.23,29.70,30.56,5,原田真,セ・葛西,10/2,39.46,39.46,False,False,False,,,0.79,,False
78,長水路,21,男子,50m平泳ぎ,50～54歳,29.23,29.70,30.56,6,大橋克也,ザバス川崎,9/7,39.88,39.88,False,False,False,,,0.72,,False
78,長水路,21,男子,50m平泳ぎ,50～54歳,29.23,29.70,30.56,7,阿部賢裕,セ・能見台,9/9,40.80,40.8,False,False,False,,,0.84,,False
78,長水路,21,男子,50m平泳ぎ,50～54歳,29.23,29.70,30.56,8,大沢祐輔,セ・福生,8/8,41.91,41.91,False,False,False,,,0.64,,False
78,長水路,21,男子,50m平泳ぎ,50～54歳,29.23,29.70,30.56,9,千葉忠英,セ・天王洲,8/1,42.67,42.67,False,False,False,,,0.83,,False
78,長水路,21,男子,50m平泳ぎ,50～54歳,29.23,29.70,30.56,10,紺野忠大,セ・阿佐谷,8/3,42.69,42.69,False,False,False,,,0.68,,False
78,長水路,21,男子,50m平泳ぎ,50～54歳,29.23,29.70,30.56,11,古高正道,セ・天王洲,6/7,43.58,43.58,False,False,False,,,0.84,,False
78,長水路,21,男子,50m平泳ぎ,50～54歳,29.23,29.70,30.56,12,久保田裕一,セ・慶應日吉,7/9,44.32,44.32,False,False,False,,,0.63,,False
78,長水路,21,男子,50m平泳ぎ,50～54歳,29.23,29.70,30.56,13,落合理,セ・武蔵小杉,6/9,48.39,48.39,False,False,False,,,0.7,,False
78,長水路,21,男子,50m平泳ぎ,50～54歳,29.23,29.70,30.56,14,松林徹,セ・越谷,3/3,50.73,50.73,False,False,False,,,0.79,,False
78,長水路,21,男子,50m平泳ぎ,50～54歳,29.23,29.70,30.56,15,北野善則,セ・新都心,4/8,52.33,52.33,False,False,False,,,0.94,,False
78,長水路,21,男子,50m平泳ぎ,50～54歳,29.23,29.70,30.56,16,稲田潤一,セ・上池袋,5/10,53.37,53.37,False,False,False,,,0.88,,False
78,長水路,21,男子,50m平泳ぎ,50～54歳,29.23,29.70,30.56,,祖川久茂,セ・長津田,11/10,,,False,False,False,,,,,False
78,長水路,21,男子,50m平泳ぎ,50～54歳,29.23,29.70,30.56,,東條博,セ・阿佐谷,2/5,,,False,False,False,,,,,True
78,長水路,21,男子,50m平泳ぎ,50～54歳,29.23,29.70,30.56,,星野隆,セ・長津田,12/10,,,False,False,False,,,,,True
78,長水路,21,男子,50m平泳ぎ,45～49歳,29.22,29.22,30.11,1,知見邦彦,セ・二俣川,12/3,33.72,33.72,False,False,False,,,0.73,,False
78,長水路,21,男子,50m平泳ぎ,45～49歳,29.22,29.22,30.11,2,大作善祥,セ・おおたか,11/9,34.57,34.57,False,False,False,,,0.75,,False
78,長水路,21,男子,50m平泳ぎ,45～49歳,29.22,29.22,30.11,3,駒形秀一,セ・我孫子,10/5,36.81,36.81,False,False,False,,,0.64,,False
78,長水路,21,男子,50m平泳ぎ,45～49歳,29.22,29.22,30.11,4,加地隆史,セ・葛西,10/6,37.25,37.25,False,False,False,,,0.74,,False
78,長水路,21,男子,50m平泳ぎ,45～49歳,29.22,29.22,30.11,5,吉岡範人,セ・市ヶ尾,11/2,37.85,37.85,False,False,False,,,0.95,,False
78,長水路,21,男子,50m平泳ぎ,45～49歳,29.22,29.22,30.11,6,花輪博之,セ・越谷,7/6,41.91,41.91,False,False,False,,,0.81,,False
78,長水路,21,男子,50m平泳ぎ,45～49歳,29.22,29.22,30.11,7,高瀬信雄,ザバス川崎,8/7,42.66,42.66,False,False,False,,,0.75,,False
78,長水路,21,男子,50m平泳ぎ,45～49歳,29.22,29.22,30.11,8,藤田一寿,セ・成城,8/4,43.26,43.26,False,False,False,,,0.83,,False
78,長水路,21,男子,50m平泳ぎ,45～49歳,29.22,29.22,30.11,9,草野剛史,セ・二俣川,8/10,43.31,43.31,False,False,False,,,0.74,,False
78,長水路,21,男子,50m平泳ぎ,40～44歳,28.84,29.04,29.86,1,西尾直人,セ・武蔵小杉,12/4,32.70,32.7,False,False,False,,,0.68,,False
78,長水路,21,男子,50m平泳ぎ,40～44歳,28.84,29.04,29.86,2,吉田拓磨,セ・上池袋,12/1,34.18,34.18,False,False,False,,,0.69,,False
78,長水路,21,男子,50m平泳ぎ,40～44歳,28.84,29.04,29.86,3,勝吉進一,セ・慶應日吉,12/7,34.41,34.41,False,False,False,,,0.71,,False
78,長水路,21,男子,50m平泳ぎ,40～44歳,28.84,29.04,29.86,4,村上守,セ・成城,10/3,37.42,37.42,False,False,False,,,0.74,,False
78,長水路,21,男子,50m平泳ぎ,40～44歳,28.84,29.04,29.86,5,浅岡遼,セ・用賀,11/1,37.45,37.45,False,False,False,,,0.74,,False
78,長水路,21,男子,50m平泳ぎ,40～44歳,28.84,29.04,29.86,6,宇佐美学,セ・大森,7/1,43.14,43.14,False,False,False,,,0.83,,False
78,長水路,21,男子,50m平泳ぎ,40～44歳,28.84,29.04,29.86,7,田中遼太,セ・慶應日吉,7/10,44.24,44.24,False,False,False,,,0.74,,False
78,長水路,21,男子,50m平泳ぎ,35～39歳,27.83,27.83,29.87,1,立石裕太郎,セ・二俣川,13/5,29.94,29.94,False,False,False,,,0.66,,False
78,長水路,21,男子,50m平泳ぎ,35～39歳,27.83,27.83,29.87,2,和田弘太郎,セ・阿佐谷,13/4,30.87,30.87,False,False,False,,,0.67,,False
78,長水路,21,男子,50m平泳ぎ,35～39歳,27.83,27.83,29.87,3,宮川航,セ・南千住,13/7,30.95,30.95,False,False,False,,,0.67,,False
78,長水路,21,男子,50m平泳ぎ,35～39歳,27.83,27.83,29.87,4,増田究,セ・平塚,12/5,32.77,32.77,False,False,False,,,0.64,,False
78,長水路,21,男子,50m平泳ぎ,35～39歳,27.83,27.83,29.87,5,津守陽介,セ・阿佐谷,13/8,33.38,33.38,False,False,False,,,0.72,,False
78,長水路,21,男子,50m平泳ぎ,35～39歳,27.83,27.83,29.87,6,長田裕史,セ・柏,12/6,33.44,33.44,False,False,False,,,0.65,,False
78,長水路,21,男子,50m平泳ぎ,35～39歳,27.83,27.83,29.87,7,松本隆宏,セ・阿佐谷,4/6,46.78,46.78,False,False,False,,,0.92,,False
78,長水路,21,男子,50m平泳ぎ,30～34歳,27.67,27.67,28.35,1,前島悠也,セ・葛西,13/2,31.87,31.87,False,False,False,,,0.63,,False
78,長水路,21,男子,50m平泳ぎ,30～34歳,27.67,27.67,28.35,2,今里昂哉,セ・清瀬,13/10,32.91,32.91,False,False,False,,,0.8,,False
78,長水路,21,男子,50m平泳ぎ,30～34歳,27.67,27.67,28.35,3,海老原健太,セ・大森,10/9,38.59,38.59,False,False,False,,,0.79,,False
78,長水路,21,男子,50m平泳ぎ,30～34歳,27.67,27.67,28.35,4,大野淳哉,セ・上池袋,8/2,42.11,42.11,False,False,False,,,0.83,,False
78,長水路,21,男子,50m平泳ぎ,25～29歳,27.21,27.58,28.02,1,石井了,セ・おおたか,13/6,29.74,29.74,False,False,False,,,0.66,,False
78,長水路,21,男子,50m平泳ぎ,25～29歳,27.21,27.58,28.02,2,津崎朝輝,セ・武蔵小杉,13/1,32.18,32.18,False,False,False,,,0.63,,False
78,長水路,21,男子,50m平泳ぎ,25～29歳,27.21,27.58,28.02,3,加間英貴,セ・天王洲,13/9,33.44,33.44,False,False,False,,,0.65,,False
78,長水路,21,男子,50m平泳ぎ,25～29歳,27.21,27.58,28.02,4,鈴木裕介,セ・天王洲,9/3,38.62,38.62,False,False,False,,,0.72,,False
78,長水路,21,男子,50m平泳ぎ,25～29歳,27.21,27.58,28.02,5,竹下翔,セ・長津田,10/4,39.85,39.85,False,False,False,,,0.66,,False
78,長水路,21,男子,50m平泳ぎ,18～24歳,,,29.28,1,安永竜之佑,セ・東戸塚,11/6,33.12,33.12,False,False,False,,,0.65,,False
78,長水路,21,男子,50m平泳ぎ,18～24歳,,,29.28,2,南里輝,セ・蒲田,13/3,33.32,33.32,False,False,False,,,0.57,,False
78,長水路,21,男子,50m平泳ぎ,18～24歳,,,29.28,3,西沢歩,セ・清瀬,12/2,34.64,34.64,False,False,False,,,0.67,,False
78,長水路,21,男子,50m平泳ぎ,18～24歳,,,29.28,4,山下智也,セ・S湘南台,11/8,35.12,35.12,False,False,False,,,0.65,,False
78,長水路,21,男子,50m平泳ぎ,18～24歳,,,29.28,5,佐々木明日真,セ・市川,11/5,35.21,35.21,False,False,False,,,0.65,,False
78,長水路,21,男子,50m平泳ぎ,18～24歳,,,29.28,6,村田雅治,セ・長津田,10/7,35.65,35.65,False,False,False,,,0.66,,False
78,長水路,21,男子,50m平泳ぎ,18～24歳,,,29.28,7,嶋田翔太,セ・葛西,9/8,42.72,42.72,False,False,False,,,0.66,,False
78,長水路,21,男子,50m平泳ぎ,18～24歳,,,29.28,8,藤田駿祐,セ・南青山,8/9,49.29,49.29,False,False,False,,,0.84,,False
78,長水路,22,女子,50mバタフライ,80～84歳,42.79,49.85,58.81,1,八田清子,セ・松戸,1/4,1:03.65,63.65,False,False,False,,,1.1,,False
78,長水路,22,女子,50mバタフライ,75～79歳,38.93,41.54,44.31,1,大山恵子,セ・葛西,4/1,44.88,44.88,False,False,False,,,0.79,,False
78,長水路,22,女子,50mバタフライ,75～79歳,38.93,41.54,44.31,2,宇田川礼子,セ・我孫子,1/3,59.85,59.85,False,False,False,,,0.95,,False
78,長水路,22,女子,50mバタフライ,75～79歳,38.93,41.54,44.31,3,末光とき子,墨田区体育館,1/8,1:11.04,71.03999999999999,False,False,False,,,0.85,,False
78,長水路,22,女子,50mバタフライ,70～74歳,34.43,37.50,42.13,1,中村和子,セ・越谷,3/6,45.98,45.98,False,False,False,,,0.99,,False
78,長水路,22,女子,50mバタフライ,70～74歳,34.43,37.50,42.13,2,ダン典子,セ・自由が丘,4/10,47.06,47.06,False,False,False,,,0.77,,False
78,長水路,22,女子,50mバタフライ,70～74歳,34.43,37.50,42.13,3,近藤ひな子,セ・二俣川,2/5,50.78,50.78,False,False,False,,,0.87,,False
78,長水路,22,女子,50mバタフライ,70～74歳,34.43,37.50,42.13,4,木村恵子,セ・越谷,1/6,1:02.07,62.07,False,False,False,,,0.8,,False
78,長水路,22,女子,50mバタフライ,65～69歳,32.36,35.19,41.95,1,木村りょう子,セ・福生,3/5,44.62,44.62,False,False,False,,,0.93,,False
78,長水路,22,女子,50mバタフライ,65～69歳,32.36,35.19,41.95,2,安藤薫,セ・西新井,4/9,45.48,45.48,False,False,False,,,0.9,,False
78,長水路,22,女子,50mバタフライ,65～69歳,32.36,35.19,41.95,3,立石由美子,セ・大森,3/3,45.89,45.89,False,False,False,,,0.78,,False
78,長水路,22,女子,50mバタフライ,65～69歳,32.36,35.19,41.95,4,井手敦子,セ・慶應日吉,3/7,52.30,52.3,False,False,False,,,0.94,,False
78,長水路,22,女子,50mバタフライ,65～69歳,32.36,35.19,41.95,5,下川喜美枝,セ・南千住,2/6,56.28,56.28,False,False,False,,,0.88,,False
78,長水路,22,女子,50mバタフライ,65～69歳,32.36,35.19,41.95,,米林清子,セ・越谷,1/5,,,False,False,False,,,,,True
78,長水路,22,女子,50mバタフライ,65～69歳,32.36,35.19,41.95,,塙清子,セ・自由が丘,3/4,,,False,False,False,,,,,True
78,長水路,22,女子,50mバタフライ,60～64歳,29.90,33.44,35.38,1,若林朋子,セ・大宮宮原,4/6,34.72,34.72,True,False,False,,,0.7,,False
78,長水路,22,女子,50mバタフライ,60～64歳,29.90,33.44,35.38,2,武井麻知子,セ・二俣川,4/3,41.02,41.02,False,False,False,,,0.76,,False
78,長水路,22,女子,50mバタフライ,60～64歳,29.90,33.44,35.38,3,大原清美,セ・阿佐谷,3/10,50.77,50.77,False,False,False,,,1.05,,False
78,長水路,22,女子,50mバタフライ,60～64歳,29.90,33.44,35.38,4,座間千鶴子,ザバス八景,3/9,52.04,52.04,False,False,False,,,0.79,,False
78,長水路,22,女子,50mバタフライ,60～64歳,29.90,33.44,35.38,5,渡邊典子,セ・福島,2/3,58.16,58.16,False,False,False,,,1.16,,False
78,長水路,22,女子,50mバタフライ,55～59歳,30.37,31.87,33.29,1,仲田久美子,セ・成城,4/8,36.55,36.55,False,False,False,,,0.74,,False
78,長水路,22,女子,50mバタフライ,55～59歳,30.37,31.87,33.29,2,大久保彩子,セ・阿佐谷,1/7,58.88,58.88,False,False,False,,,0.79,,False
78,長水路,22,女子,50mバタフライ,50～54歳,29.08,30.26,31.11,1,池田百合子,セ・市ヶ尾,5/4,31.43,31.43,False,False,False,,,0.7,,False
78,長水路,22,女子,50mバタフライ,50～54歳,29.08,30.26,31.11,2,佐々木美佐,セ・平塚,4/5,36.78,36.78,False,False,False,,,0.75,,False
78,長水路,22,女子,50mバタフライ,50～54歳,29.08,30.26,31.11,3,小山香津子,セ・藤沢,3/1,50.48,50.48,False,False,False,,,0.78,,False
78,長水路,22,女子,50mバタフライ,50～54歳,29.08,30.26,31.11,4,中村奈穂美,セ・越谷,2/4,52.42,52.42,False,False,False,,,0.82,,False
78,長水路,22,女子,50mバタフライ,50～54歳,29.08,30.26,31.11,5,津田千鶴,セ・能見台,3/8,56.24,56.24,False,False,False,,,0.93,,False
78,長水路,22,女子,50mバタフライ,45～49歳,28.40,29.22,32.13,1,吉村華余,セ・長津田,5/7,32.20,32.2,False,False,False,,,0.76,,False
78,長水路,22,女子,50mバタフライ,45～49歳,28.40,29.22,32.13,2,土井直子,ザバス川崎,3/2,43.20,43.2,False,False,False,,,1.23,,False
78,長水路,22,女子,50mバタフライ,45～49歳,28.40,29.22,32.13,3,成重夏紀,セ・藤沢,2/7,54.16,54.16,False,False,False,,,0.98,,False
78,長水路,22,女子,50mバタフライ,45～49歳,28.40,29.22,32.13,4,高橋里美,セ・横浜,2/8,1:01.83,61.83,False,False,False,,,1.05,,False
78,長水路,22,女子,50mバタフライ,35～39歳,27.46,28.63,30.94,1,青木梨緒,セ・葛西,5/5,31.51,31.51,False,False,False,,,0.68,,False
78,長水路,22,女子,50mバタフライ,30～34歳,26.80,27.74,30.33,1,早川舞,セ・蒲田,5/9,31.96,31.96,False,False,False,,,0.81,,False
78,長水路,22,女子,50mバタフライ,25～29歳,26.32,26.32,29.89,1,真如美優,セ・南千住,5/3,31.80,31.8,False,False,False,,,0.65,,False
78,長水路,22,女子,50mバタフライ,25～29歳,26.32,26.32,29.89,2,岡澤志織,セ・茂原,5/6,31.96,31.96,False,False,False,,,0.71,,False
78,長水路,22,女子,50mバタフライ,25～29歳,26.32,26.32,29.89,3,嶋田菜々子,セ・おおたか,4/4,34.64,34.64,False,False,False,,,0.66,,False
78,長水路,22,女子,50mバタフライ,25～29歳,26.32,26.32,29.89,4,村岡礼奈,セ・桶川北本,4/2,38.73,38.73,False,False,False,,,0.72,,False
78,長水路,22,女子,50mバタフライ,25～29歳,26.32,26.32,29.89,5,森谷麻貴,セ・長津田,4/7,39.10,39.1,False,False,False,,,0.78,,False
78,長水路,22,女子,50mバタフライ,18～24歳,,,29.34,1,栃元春乃,セ・西東京,5/8,31.47,31.47,False,False,False,,,0.7,,False
78,長水路,22,女子,50mバタフライ,18～24歳,,,29.34,2,岡田星理,セ・谷津,5/10,32.52,32.52,False,False,False,,,0.7,,False
78,長水路,22,女子,50mバタフライ,18～24歳,,,29.34,3,西澤瑛倫,セ・越谷,5/2,33.23,33.23,False,False,False,,,0.62,,False
78,長水路,22,女子,50mバタフライ,18～24歳,,,29.34,4,青木奈那美,セ・蒲田,5/1,33.99,33.99,False,False,False,,,0.68,,False
78,長水路,23,男子,50mバタフライ,80～84歳,34.39,34.75,46.24,1,内田幸稔,セ・松戸,1/9,1:05.10,65.1,False,False,False,,,0.91,,False
78,長水路,23,男子,50mバタフライ,80～84歳,34.39,34.75,46.24,,中村欣正,セ・流山,1/2,,,False,False,False,,,,,True
78,長水路,23,男子,50mバタフライ,75～79歳,31.75,32.61,39.00,1,安藤次郎,セ・館山,3/5,36.73,36.73,True,False,False,,,0.79,,False
78,長水路,23,男子,50mバタフライ,75～79歳,31.75,32.61,39.00,2,木津誠,セ・成城,3/8,42.28,42.28,False,False,False,,,0.72,,False
78,長水路,23,男子,50mバタフライ,75～79歳,31.75,32.61,39.00,3,白井清嗣,セ・大宮宮原,1/5,47.20,47.2,False,False,False,,,0.99,,False
78,長水路,23,男子,50mバタフライ,75～79歳,31.75,32.61,39.00,4,縫田駿一,セ・おおたか,1/1,1:17.04,77.03999999999999,False,False,False,,,,,False
78,長水路,23,男子,50mバタフライ,70～74歳,29.84,31.43,34.95,1,吉原一彦,セ・阿佐谷,6/8,33.85,33.85,True,False,False,,,0.77,,False
78,長水路,23,男子,50mバタフライ,70～74歳,29.84,31.43,34.95,2,瀧川一興,セ・大森,4/1,35.48,35.48,False,False,False,,,1.0,,False
78,長水路,23,男子,50mバタフライ,70～74歳,29.84,31.43,34.95,3,香川左近,セ・二俣川,2/8,45.53,45.53,False,False,False,,,0.89,,False
78,長水路,23,男子,50mバタフライ,70～74歳,29.84,31.43,34.95,4,飯沼明,セ・長津田,2/3,46.53,46.53,False,False,False,,,0.77,,False
78,長水路,23,男子,50mバタフライ,70～74歳,29.84,31.43,34.95,5,村田幸士郎,セ・阿佐谷,1/7,49.87,49.87,False,False,False,,,0.9,,False
78,長水路,23,男子,50mバタフライ,70～74歳,29.84,31.43,34.95,6,仲二見実,セ・ときわ台,1/8,1:10.20,70.2,False,False,False,,,1.05,,False
78,長水路,23,男子,50mバタフライ,65～69歳,28.26,29.99,32.79,1,和田浩一,セ・用賀,5/8,33.80,33.8,False,False,False,,,0.74,,False
78,長水路,23,男子,50mバタフライ,65～69歳,28.26,29.99,32.79,2,海辺信吉,セ・おおたか,5/3,33.83,33.83,False,False,False,,,0.81,,False
78,長水路,23,男子,50mバタフライ,65～69歳,28.26,29.99,32.79,3,會田修一,セ・おおたか,3/4,38.85,38.85,False,False,False,,,0.83,,False
78,長水路,23,男子,50mバタフライ,65～69歳,28.26,29.99,32.79,4,大滝恭伸,セ・市ヶ尾,2/6,44.43,44.43,False,False,False,,,1.11,,False
78,長水路,23,男子,50mバタフライ,60～64歳,27.57,29.18,30.63,1,菊池千二,セ・市ヶ尾,4/5,31.70,31.7,False,False,False,,,0.78,,False
78,長水路,23,男子,50mバタフライ,60～64歳,27.57,29.18,30.63,2,渡部佳彦,セ・市川,7/9,32.98,32.98,False,False,False,,,0.72,,False
78,長水路,23,男子,50mバタフライ,60～64歳,27.57,29.18,30.63,3,廣本佳也,セ・上池袋,5/4,33.97,33.97,False,False,False,,,0.79,,False
78,長水路,23,男子,50mバタフライ,60～64歳,27.57,29.18,30.63,4,上野太紀夫,セ・柏,5/6,34.62,34.62,False,False,False,,,0.78,,False
78,長水路,23,男子,50mバタフライ,60～64歳,27.57,29.18,30.63,5,村木満,セ・トレッサ,6/1,35.50,35.5,False,False,False,,,0.8,,False
78,長水路,23,男子,50mバタフライ,60～64歳,27.57,29.18,30.63,6,金子勝,セ・岩槻,4/3,35.75,35.75,False,False,False,,,0.83,,False
78,長水路,23,男子,50mバタフライ,60～64歳,27.57,29.18,30.63,7,小泉康延,セ・亀有,4/7,35.77,35.77,False,False,False,,,0.9,,False
78,長水路,23,男子,50mバタフライ,60～64歳,27.57,29.18,30.63,8,田中基幹,セ・流山,3/6,38.08,38.08,False,False,False,,,0.82,,False
78,長水路,23,男子,50mバタフライ,55～59歳,26.82,28.18,28.79,1,前田崇行,セ・二俣川,8/7,28.66,28.66,True,False,False,,,0.67,,False
78,長水路,23,男子,50mバタフライ,55～59歳,26.82,28.18,28.79,2,村上利弥,セ・蒲田,7/5,32.06,32.06,False,False,False,,,0.77,,False
78,長水路,23,男子,50mバタフライ,55～59歳,26.82,28.18,28.79,3,佐々木信,セ・目黒,6/6,33.28,33.28,False,False,False,,,0.76,,False
78,長水路,23,男子,50mバタフライ,55～59歳,26.82,28.18,28.79,4,吉田亮,セ・成城,6/1,33.58,33.58,False,False,False,,,0.77,,False
78,長水路,23,男子,50mバタフライ,55～59歳,26.82,28.18,28.79,5,西村公男,セ・横浜,4/4,35.15,35.15,False,False,False,,,0.81,,False
78,長水路,23,男子,50mバタフライ,55～59歳,26.82,28.18,28.79,6,斎藤公人,セ・阿佐谷,4/8,36.43,36.43,False,False,False,,,0.82,,False
78,長水路,23,男子,50mバタフライ,55～59歳,26.82,28.18,28.79,7,渡辺哲之,セ・武蔵小杉,4/10,36.63,36.63,False,False,False,,,0.9,,False
78,長水路,23,男子,50mバタフライ,55～59歳,26.82,28.18,28.79,8,加藤公一,セ・市川,2/4,44.40,44.4,False,False,False,,,0.76,,False
78,長水路,23,男子,50mバタフライ,55～59歳,26.82,28.18,28.79,9,山本勝也,セ・西東京,1/4,47.90,47.9,False,False,False,,,1.13,,False
78,長水路,23,男子,50mバタフライ,55～59歳,26.82,28.18,28.79,10,佐藤正美,セ・大森,1/10,48.97,48.97,False,False,False,,,0.91,,False
78,長水路,23,男子,50mバタフライ,55～59歳,26.82,28.18,28.79,,渡辺孝之,セ・松戸,2/5,,,False,False,False,,,,,True
78,長水路,23,男子,50mバタフライ,55～59歳,26.82,28.18,28.79,,三浦利明,セ・トレッサ,2/9,,,False,False,False,,,,,True
78,長水路,23,男子,50mバタフライ,50～54歳,25.88,26.96,28.26,1,友田智哲,セ・南青山,8/2,32.22,32.22,False,False,False,,,0.76,,False
78,長水路,23,男子,50mバタフライ,50～54歳,25.88,26.96,28.26,2,谷本義博,セ・流山,7/8,32.32,32.32,False,False,False,,,0.84,,False
78,長水路,23,男子,50mバタフライ,50～54歳,25.88,26.96,28.26,3,永井学,セ・柏,6/5,32.89,32.89,False,False,False,,,0.79,,False
78,長水路,23,男子,50mバタフライ,50～54歳,25.88,26.96,28.26,4,村上哲也,セ・天王洲,7/1,33.01,33.01,False,False,False,,,0.78,,False
78,長水路,23,男子,50mバタフライ,50～54歳,25.88,26.96,28.26,5,田中泰三,セ・市ヶ尾,7/10,34.40,34.4,False,False,False,,,0.8,,False
78,長水路,23,男子,50mバタフライ,50～54歳,25.88,26.96,28.26,6,石井義昭,セ・二俣川,6/2,34.48,34.48,False,False,False,,,0.75,,False
78,長水路,23,男子,50mバタフライ,50～54歳,25.88,26.96,28.26,7,清水康,セ・藤沢,3/5,36.78,36.78,False,False,False,,,0.75,,False
78,長水路,23,男子,50mバタフライ,50～54歳,25.88,26.96,28.26,8,坂口雄介,セ・市ヶ尾,3/1,38.45,38.45,False,False,False,,,0.88,,False
78,長水路,23,男子,50mバタフライ,50～54歳,25.88,26.96,28.26,9,根本豊,セ・流山,3/8,39.81,39.81,False,False,False,,,0.85,,False
78,長水路,23,男子,50mバタフライ,50～54歳,25.88,26.96,28.26,,吉岡剛,セ・葛西,3/3,,,False,False,False,,,,,True
78,長水路,23,男子,50mバタフライ,45～49歳,25.39,26.06,27.02,1,前田康輔,セ・二俣川,9/3,26.11,26.11,True,False,False,,,0.64,,False
78,長水路,23,男子,50mバタフライ,45～49歳,25.39,26.06,27.02,2,泉英貴,セ・谷津,8/6,28.46,28.46,False,False,False,,,0.7,,False
78,長水路,23,男子,50mバタフライ,45～49歳,25.39,26.06,27.02,3,北島裕行,セ・藤沢,7/4,32.06,32.06,False,False,False,,,0.69,,False
78,長水路,23,男子,50mバタフライ,45～49歳,25.39,26.06,27.02,4,池田正和,セ・二俣川,5/3,32.12,32.12,False,False,False,,,0.74,,False
78,長水路,23,男子,50mバタフライ,45～49歳,25.39,26.06,27.02,5,野田誠,セ・東戸塚,6/4,33.56,33.56,False,False,False,,,0.74,,False
78,長水路,23,男子,50mバタフライ,45～49歳,25.39,26.06,27.02,6,岸田孝,セ・南青山,6/7,33.84,33.84,False,False,False,,,0.8,,False
78,長水路,23,男子,50mバタフライ,45～49歳,25.39,26.06,27.02,7,矢野貴大,セ・成城,6/8,34.33,34.33,False,False,False,,,0.82,,False
78,長水路,23,男子,50mバタフライ,45～49歳,25.39,26.06,27.02,8,谷本宏臣,セ・目黒,4/2,36.46,36.46,False,False,False,,,0.81,,False
78,長水路,23,男子,50mバタフライ,45～49歳,25.39,26.06,27.02,9,宮澤啓太,セ・自由が丘,5/2,36.56,36.56,False,False,False,,,0.74,,False
78,長水路,23,男子,50mバタフライ,45～49歳,25.39,26.06,27.02,10,比嘉直隆,セ・能見台,2/7,41.57,41.57,False,False,False,,,0.73,,False
78,長水路,23,男子,50mバタフライ,45～49歳,25.39,26.06,27.02,11,高橋基一,セ・松戸,2/10,44.02,44.02,False,False,False,,,0.9,,False
78,長水路,23,男子,50mバタフライ,40～44歳,25.06,25.10,26.65,1,矢嶋一義,セ・志津,8/3,29.75,29.75,False,False,False,,,0.64,,False
78,長水路,23,男子,50mバタフライ,40～44歳,25.06,25.10,26.65,2,今里昂哉,セ・清瀬,8/10,29.83,29.83,False,False,False,,,0.68,,False
78,長水路,23,男子,50mバタフライ,40～44歳,25.06,25.10,26.65,3,河野大和,セ・川崎,8/8,30.69,30.69,False,False,False,,,0.73,,False
78,長水路,23,男子,50mバタフライ,40～44歳,25.06,25.10,26.65,4,井部淳,セ・自由が丘,5/7,33.72,33.72,False,False,False,,,0.79,,False
78,長水路,23,男子,50mバタフライ,40～44歳,25.06,25.10,26.65,5,花木雄大,セ・上池袋,4/6,33.91,33.91,False,False,False,,,0.77,,False
78,長水路,23,男子,50mバタフライ,40～44歳,25.06,25.10,26.65,6,菅原清隆,セ・本八幡,5/5,34.38,34.38,False,False,False,,,0.85,,False
78,長水路,23,男子,50mバタフライ,35～39歳,24.14,25.31,26.47,1,永瀬知之,セ・二俣川,10/5,26.54,26.54,False,False,False,,,0.74,,False
78,長水路,23,男子,50mバタフライ,35～39歳,24.14,25.31,26.47,2,加地隆史,セ・葛西,9/4,28.66,28.66,False,False,False,,,0.74,,False
78,長水路,23,男子,50mバタフライ,35～39歳,24.14,25.31,26.47,3,宮川航,セ・南千住,9/5,28.98,28.98,False,False,False,,,0.68,,False
78,長水路,23,男子,50mバタフライ,35～39歳,24.14,25.31,26.47,4,角田一貴,セ・横浜,8/4,29.35,29.35,False,False,False,,,0.71,,False
78,長水路,23,男子,50mバタフライ,35～39歳,24.14,25.31,26.47,5,稲葉優希,セ・自由が丘,7/7,30.40,30.4,False,False,False,,,0.73,,False
78,長水路,23,男子,50mバタフライ,35～39歳,24.14,25.31,26.47,6,松浦一樹,セ・大泉学園,7/3,32.80,32.8,False,False,False,,,0.74,,False
78,長水路,23,男子,50mバタフライ,35～39歳,24.14,25.31,26.47,7,田口学,セ・阿佐谷,3/4,37.26,37.26,False,False,False,,,0.98,,False
78,長水路,23,男子,50mバタフライ,35～39歳,24.14,25.31,26.47,8,岸本拓也,セ・市ヶ尾,3/7,38.86,38.86,False,False,False,,,0.84,,False
78,長水路,23,男子,50mバタフライ,30～34歳,23.71,24.62,25.64,1,板場一樹,セ・二俣川,10/2,26.97,26.97,False,False,False,,,0.65,,False
78,長水路,23,男子,50mバタフライ,30～34歳,23.71,24.62,25.64,2,伊東和哉,セ・長津田,10/8,27.10,27.1,False,False,False,,,0.69,,False
78,長水路,23,男子,50mバタフライ,30～34歳,23.71,24.62,25.64,3,高柳輝之,セ・松戸,7/9,31.67,31.67,False,False,False,,,0.68,,False
78,長水路,23,男子,50mバタフライ,30～34歳,23.71,24.62,25.64,4,神尾達也,セ・西東京,5/1,34.90,34.9,False,False,False,,,0.71,,False
78,長水路,23,男子,50mバタフライ,25～29歳,23.71,24.01,25.39,1,安島健人,セ・谷津,10/10,25.53,25.53,False,False,False,,,0.67,,False
78,長水路,23,男子,50mバタフライ,25～29歳,23.71,24.01,25.39,2,田中諒也,セ・市ヶ尾,10/6,25.53,25.53,False,False,False,,,0.77,,False
78,長水路,23,男子,50mバタフライ,25～29歳,23.71,24.01,25.39,3,板場貴大,セ・成城,10/4,26.44,26.44,False,False,False,,,0.64,,False
78,長水路,23,男子,50mバタフライ,25～29歳,23.71,24.01,25.39,4,石井了,セ・おおたか,10/7,26.74,26.74,False,False,False,,,0.65,,False
78,長水路,23,男子,50mバタフライ,25～29歳,23.71,24.01,25.39,5,津崎朝輝,セ・武蔵小杉,10/3,27.11,27.11,False,False,False,,,0.6,,False
78,長水路,23,男子,50mバタフライ,25～29歳,23.71,24.01,25.39,6,木渕大輝,セ・天王洲,10/9,27.32,27.32,False,False,False,,,0.67,,False
78,長水路,23,男子,50mバタフライ,25～29歳,23.71,24.01,25.39,7,宮田遼太,セ・成城,9/2,27.49,27.49,False,False,False,,,0.73,,False
78,長水路,23,男子,50mバタフライ,25～29歳,23.71,24.01,25.39,8,廣川大起,セ・柏,8/5,27.88,27.88,False,False,False,,,0.6,,False
78,長水路,23,男子,50mバタフライ,25～29歳,23.71,24.01,25.39,9,松尾勇太,セ・南青山,9/9,27.95,27.95,False,False,False,,,0.61,,False
78,長水路,23,男子,50mバタフライ,25～29歳,23.71,24.01,25.39,10,田中壮一郎,セ・二俣川,9/1,28.06,28.06,False,False,False,,,0.77,,False
78,長水路,23,男子,50mバタフライ,25～29歳,23.71,24.01,25.39,11,泉翔太,セ・葛西,8/9,28.70,28.7,False,False,False,,,0.68,,False
78,長水路,23,男子,50mバタフライ,25～29歳,23.71,24.01,25.39,12,和田佳明,セ・二俣川,6/9,33.87,33.87,False,False,False,,,0.85,,False
78,長水路,23,男子,50mバタフライ,25～29歳,23.71,24.01,25.39,13,長谷川輝,セ・平塚,3/2,35.34,35.34,False,False,False,,,0.97,,False
78,長水路,23,男子,50mバタフライ,25～29歳,23.71,24.01,25.39,,岡内昭伍,セ・大宮宮原,9/8,,,False,False,False,,,,,True
78,長水路,23,男子,50mバタフライ,18～24歳,,,24.03,1,服部碧,セ・成城,10/10,26.28,26.28,False,False,False,,,0.72,,False
78,長水路,23,男子,50mバタフライ,18～24歳,,,24.03,2,菅原啓,セ・慶應日吉,10/1,26.42,26.42,False,False,False,,,0.69,,False
78,長水路,23,男子,50mバタフライ,18～24歳,,,24.03,3,黒田大介,セ・成城,9/6,27.65,27.65,False,False,False,,,0.69,,False
78,長水路,23,男子,50mバタフライ,18～24歳,,,24.03,4,都築クラウディオ佑亮,セ・おおたか,8/1,29.06,29.06,False,False,False,,,0.74,,False
78,長水路,23,男子,50mバタフライ,18～24歳,,,24.03,5,藤井大智,セ・F東戸塚,6/3,29.11,29.11,False,False,False,,,0.64,,False
78,長水路,23,男子,50mバタフライ,18～24歳,,,24.03,6,村田雅治,セ・長津田,7/6,29.56,29.56,False,False,False,,,0.64,,False
78,長水路,23,男子,50mバタフライ,18～24歳,,,24.03,7,伊藤水晶,セ・松戸,9/7,29.79,29.79,False,False,False,,,0.72,,False
78,長水路,23,男子,50mバタフライ,18～24歳,,,24.03,8,嶋田翔太,セ・葛西,7/2,31.24,31.24,False,False,False,,,0.63,,False
78,長水路,23,男子,50mバタフライ,18～24歳,,,24.03,9,加藤慎悟,ザバス川崎,3/9,34.19,34.19,False,False,False,,,1.01,,False
78,長水路,23,男子,50mバタフライ,18～24歳,,,24.03,10,佐々木駿,セ・流山,4/9,36.39,36.39,False,False,False,,,0.83,,False
