ID,回,年,月,日,水路,タイプ,レース番号,競技名,競技性別,リレー年齢区分,リレー実年齢合計,リレータイム,リレー大会新差,リレー泳順,個人年齢区分,順位,選手名,性別,チーム名,個人タイム,個人大会新差,飛込タイム,LAPタイム,個人得点,チーム得点,申請タイム,ぴったり賞,大会新,大会記録,日本記録,世界記録,レーン
1,80,2026,5,2,長水路,個人,1,200m自由形,女子,,,,,,80～84歳,1,佐藤由利子,女子,用賀,3:53.04,+5.09,0.85,"52.61,1:50.74,2:51.44",10.0,10.0,3:50.00,,,3:47.95,3:05.95,3:05.95,2/9
2,80,2026,5,2,長水路,個人,1,200m自由形,女子,,,,,,80～84歳,2,竹原君枝,女子,慶應日吉,3:59.45,+11.50,1.08,"55.04,1:56.30,2:58.93",9.0,9.0,3:50.00,,,3:47.95,3:05.95,3:05.95,2/1
3,80,2026,5,2,長水路,個人,1,200m自由形,女子,,,,,,80～84歳,3,内田良子,女子,用賀,3:59.70,+11.75,0.99,"55.40,1:56.19,2:58.59",8.0,8.0,4:05.00,,,3:47.95,3:05.95,3:05.95,1/4
4,80,2026,5,2,長水路,個人,1,200m自由形,女子,,,,,,75～79歳,1,中平信子,女子,成瀬,3:22.38,-9.70,0.9,"46.91,1:38.54,2:31.53",10.0,10.0,3:30.00,,大会新,3:32.08,2:54.26,2:47.46,2/5
5,80,2026,5,2,長水路,個人,1,200m自由形,女子,,,,,,75～79歳,2,藤井一恵,女子,大森,3:58.46,+26.38,0.98,"52.82,1:52.43,2:56.79",9.0,9.0,3:49.12,,,3:32.08,2:54.26,2:47.46,2/2
6,80,2026,5,2,長水路,個人,1,200m自由形,女子,,,,,,75～79歳,3,郡司米子,女子,八千代台,3:59.40,+27.32,記録なし,"52.49,1:52.68,2:57.08",8.0,8.0,4:20.05,,,3:32.08,2:54.26,2:47.46,1/9
7,80,2026,5,2,長水路,個人,1,200m自由形,女子,,,,,,75～79歳,4,馬場悦子,女子,清瀬,4:17.05,+44.97,0.86,"56.67,2:01.39,3:11.68",7.0,7.0,4:11.25,,,3:32.08,2:54.26,2:47.46,1/2
8,80,2026,5,2,長水路,個人,1,200m自由形,女子,,,,,,70～74歳,1,岡村悦子,女子,おおたか,3:42.85,+44.01,1.02,"49.98,1:44.57,2:45.20",10.0,10.0,3:40.00,,,2:58.84,2:49.80,2:29.56,2/4
9,80,2026,5,2,長水路,個人,1,200m自由形,女子,,,,,,70～74歳,2,森本美恵,女子,松戸,3:47.28,+48.44,0.77,"52.47,1:50.06,2:50.80",9.0,9.0,3:37.00,,,2:58.84,2:49.80,2:29.56,2/6
10,80,2026,5,2,長水路,個人,1,200m自由形,女子,,,,,,70～74歳,3,三嶋祐子,女子,阿佐谷,4:11.73,+72.89,0.84,"56.94,2:01.24,3:05.33",8.0,8.0,4:02.98,,,2:58.84,2:49.80,2:29.56,1/6
11,80,2026,5,2,長水路,個人,1,200m自由形,女子,,,,,,65～69歳,1,石井裕美,女子,ときわ台,3:00.12,+5.92,0.82,"41.25,1:27.16,2:14.94",10.0,10.0,3:00.00,,,2:54.20,2:42.36,2:25.29,4/6
12,80,2026,5,2,長水路,個人,1,200m自由形,女子,,,,,,65～69歳,2,野崎由美子,女子,おおたか,3:17.26,+23.06,0.86,"45.26,1:34.90,2:27.54",9.0,9.0,3:30.00,,,2:54.20,2:42.36,2:25.29,3/9
13,80,2026,5,2,長水路,個人,1,200m自由形,女子,,,,,,65～69歳,3,森谷登志江,女子,慶應日吉,3:17.81,+23.61,0.82,"43.24,1:32.40,2:24.96",8.0,8.0,3:16.00,,,2:54.20,2:42.36,2:25.29,3/6
14,80,2026,5,2,長水路,個人,1,200m自由形,女子,,,,,,65～69歳,4,山﨑京子,女子,横浜,3:18.21,+24.01,0.92,"44.24,1:35.01,2:28.14",7.0,7.0,3:15.93,,,2:54.20,2:42.36,2:25.29,3/5
15,80,2026,5,2,長水路,個人,1,200m自由形,女子,,,,,,65～69歳,5,久松葉子,女子,成瀬,3:37.42,+43.22,記録なし,"50.92,1:45.68,2:42.39",6.0,6.0,3:40.00,,,2:54.20,2:42.36,2:25.29,2/7
16,80,2026,5,2,長水路,個人,1,200m自由形,女子,,,,,,65～69歳,6,宮田ひとみ,女子,阿佐谷,4:04.84,+70.64,0.91,"56.00,1:57.73,3:00.93",5.0,5.0,4:10.00,,,2:54.20,2:42.36,2:25.29,1/7
17,80,2026,5,2,長水路,個人,1,200m自由形,女子,,,,,,65～69歳,7,大西和子,女子,天王洲,4:45.78,+111.58,1.32,"1:00.87,2:12.55,3:30.28",4.0,4.0,4:43.68,,,2:54.20,2:42.36,2:25.29,1/1
18,80,2026,5,2,長水路,個人,1,200m自由形,女子,,,,,,60～64歳,1,大岡美良乃,女子,阿佐谷,3:04.08,+28.86,0.88,"41.98,1:27.58,2:15.78",10.0,10.0,3:05.00,,,2:35.22,2:31.90,2:16.57,4/7
19,80,2026,5,2,長水路,個人,1,200m自由形,女子,,,,,,60～64歳,2,福原美奈,女子,稲毛海岸,3:16.43,+41.21,0.81,"45.45,1:35.21,2:26.45",9.0,9.0,3:20.00,,,2:35.22,2:31.90,2:16.57,3/3
20,80,2026,5,2,長水路,個人,1,200m自由形,女子,,,,,,60～64歳,3,盛田真規子,女子,二俣川,3:21.35,+46.13,0.81,"46.09,1:37.58,2:30.76",8.0,8.0,3:27.50,,,2:35.22,2:31.90,2:16.57,3/2
21,80,2026,5,2,長水路,個人,1,200m自由形,女子,,,,,,60～64歳,4,森内裕子,女子,天王洲,3:38.61,+63.39,1.1,"50.67,1:45.33,2:43.12",7.0,7.0,3:43.00,,,2:35.22,2:31.90,2:16.57,2/8
22,80,2026,5,2,長水路,個人,1,200m自由形,女子,,,,,,55～59歳,1,松川律子,女子,二俣川,3:17.44,+46.00,0.79,"42.89,1:32.39,2:24.92",10.0,10.0,3:15.85,,,2:31.44,2:26.85,2:16.28,4/10
23,80,2026,5,2,長水路,個人,1,200m自由形,女子,,,,,,55～59歳,2,成島志雅子,女子,Ｆ宇都宮,3:20.46,+49.02,0.85,"42.90,1:32.21,2:26.52",9.0,9.0,3:30.00,,,2:31.44,2:26.85,2:16.28,3/1
24,80,2026,5,2,長水路,個人,1,200m自由形,女子,,,,,,55～59歳,3,山口仁子,女子,上池袋,3:24.41,+52.97,1.06,"49.62,1:42.69,2:36.33",8.0,8.0,3:23.37,,,2:31.44,2:26.85,2:16.28,3/8
25,80,2026,5,2,長水路,個人,1,200m自由形,女子,,,,,,55～59歳,4,是永朋子,女子,二俣川,3:45.21,+73.77,1,"51.21,1:48.87,2:50.10",7.0,7.0,3:40.62,,,2:31.44,2:26.85,2:16.28,2/3
26,80,2026,5,2,長水路,個人,1,200m自由形,女子,,,,,,55～59歳,5,佐々木夕子,女子,市ヶ尾,3:50.66,+79.22,0.93,"53.71,1:51.32,2:51.22",6.0,6.0,3:53.61,,,2:31.44,2:26.85,2:16.28,1/5
27,80,2026,5,2,長水路,個人,1,200m自由形,女子,,,,,,50～54歳,1,広瀬百合香,女子,武蔵小杉,2:44.81,+16.94,0.73,"36.89,1:18.73,2:02.82",10.0,10.0,2:48.50,,,2:27.87,2:21.98,2:11.40,5/8
28,80,2026,5,2,長水路,個人,1,200m自由形,女子,,,,,,50～54歳,2,木村美佐子,女子,南宇都宮,2:44.91,+17.04,0.74,"37.07,1:18.72,2:01.90",9.0,9.0,3:00.00,,,2:27.87,2:21.98,2:11.40,5/9
29,80,2026,5,2,長水路,個人,1,200m自由形,女子,,,,,,50～54歳,3,池田智子,女子,目黒,2:53.94,+26.07,0.9,"40.26,1:23.91,2:08.88",8.0,8.0,2:55.00,,,2:27.87,2:21.98,2:11.40,5/2
30,80,2026,5,2,長水路,個人,1,200m自由形,女子,,,,,,50～54歳,4,高橋麻子,女子,市ヶ尾,2:56.44,+28.57,0.81,"41.37,1:27.19,2:14.25",7.0,7.0,3:02.00,,,2:27.87,2:21.98,2:11.40,4/4
31,80,2026,5,2,長水路,個人,1,200m自由形,女子,,,,,,50～54歳,5,柳有美子,女子,おおたか,2:57.85,+29.98,0.85,"41.92,1:27.70,2:14.41",6.0,6.0,3:05.55,,,2:27.87,2:21.98,2:11.40,4/3
32,80,2026,5,2,長水路,個人,1,200m自由形,女子,,,,,,50～54歳,6,細沼悦子,女子,越谷,3:08.04,+40.17,0.87,"43.90,1:33.10,2:23.54",5.0,5.0,3:10.00,,,2:27.87,2:21.98,2:11.40,4/2
33,80,2026,5,2,長水路,個人,1,200m自由形,女子,,,,,,50～54歳,7,西川由美子,女子,葛西,3:10.40,+42.53,0.8,"41.94,1:30.07,2:20.78",4.0,4.0,3:15.00,,,2:27.87,2:21.98,2:11.40,4/1
34,80,2026,5,2,長水路,個人,1,200m自由形,女子,,,,,,45～49歳,1,青山里香,女子,成瀬,2:44.72,+13.65,0.83,"37.72,1:19.68,2:03.24",10.0,10.0,3:00.00,,,2:31.07,2:17.82,2:10.09,5/1
35,80,2026,5,2,長水路,個人,1,200m自由形,女子,,,,,,45～49歳,2,四井美穂,女子,天王洲,2:54.28,+23.21,0.93,"39.69,1:23.45,2:08.91",9.0,9.0,3:30.00,,,2:31.07,2:17.82,2:10.09,3/10
36,80,2026,5,2,長水路,個人,1,200m自由形,女子,,,,,,45～49歳,3,吉池奈々,女子,二俣川,3:08.11,+37.04,0.73,"41.55,1:28.23,2:17.82",8.0,8.0,3:07.61,,,2:31.07,2:17.82,2:10.09,4/8
37,80,2026,5,2,長水路,個人,1,200m自由形,女子,,,,,,45～49歳,4,前田由希映,女子,二俣川,3:17.25,+46.18,0.87,"46.60,1:35.95,2:29.07",7.0,7.0,3:17.84,,,2:31.07,2:17.82,2:10.09,3/4
38,80,2026,5,2,長水路,個人,1,200m自由形,女子,,,,,,45～49歳,5,斉藤靖子,女子,目黒,3:52.01,+80.94,1.32,"53.89,1:52.34,2:54.50",6.0,6.0,4:10.00,,,2:31.07,2:17.82,2:10.09,1/3
39,80,2026,5,2,長水路,個人,1,200m自由形,女子,,,,,,45～49歳,6,髙島典子,女子,大森,4:14.73,+103.66,0.9,"55.26,1:59.94,3:07.51",5.0,5.0,4:10.00,,,2:31.07,2:17.82,2:10.09,1/8
40,80,2026,5,2,長水路,個人,1,200m自由形,女子,,,,,,40～44歳,1,宮下奏子,女子,市ヶ尾,2:40.23,+8.59,0.69,"35.99,1:16.70,1:58.94",10.0,10.0,2:33.33,,,2:31.64,2:08.42,2:08.42,5/3
41,80,2026,5,2,長水路,個人,1,200m自由形,女子,,,,,,40～44歳,2,久保かおり,女子,長津田,3:13.02,+41.38,0.88,"43.79,1:33.81,2:25.17",9.0,9.0,3:12.00,,,2:31.64,2:08.42,2:08.42,4/9
42,80,2026,5,2,長水路,個人,1,200m自由形,女子,,,,,,35～39歳,1,久保美由紀,女子,長津田,3:29.59,+72.29,1.04,"46.24,1:40.48,2:37.46",10.0,10.0,3:18.83,,,2:17.30,2:07.99,2:05.38,3/7
43,80,2026,5,2,長水路,個人,1,200m自由形,女子,,,,,,30～34歳,1,大和久佳江,女子,袖ケ浦,2:31.12,+10.33,0.71,"33.51,1:10.63,1:50.25",10.0,10.0,2:30.00,,,2:20.79,2:04.62,2:02.35,5/4
44,80,2026,5,2,長水路,個人,1,200m自由形,女子,,,,,,30～34歳,2,篠原萌,女子,西新井,2:54.91,+34.12,0.84,"37.40,1:21.29,2:08.60",9.0,9.0,3:00.00,,,2:20.79,2:04.62,2:02.35,5/10
45,80,2026,5,2,長水路,個人,1,200m自由形,女子,,,,,,25～29歳,1,新後海優,女子,トレッサ,2:27.08,+6.41,0.73,"32.74,1:09.22,1:48.12",10.0,10.0,2:25.00,,,2:20.67,2:06.81,2:02.06,5/6
46,80,2026,5,2,長水路,個人,1,200m自由形,女子,,,,,,18～24歳,1,岩城心美,女子,武蔵小杉,2:16.09,-0.78,0.62,"31.44,1:05.88,1:41.30",10.0,10.0,2:16.90,,大会新,2:16.87,2:04.32,記録なし,5/5
47,80,2026,5,2,長水路,個人,1,200m自由形,女子,,,,,,18～24歳,2,下平紗和,女子,八王子,2:32.24,+15.37,0.72,"34.30,1:12.71,1:53.30",9.0,9.0,2:32.00,,,2:16.87,2:04.32,記録なし,5/7
48,80,2026,5,2,長水路,個人,2,200m自由形,男子,,,,,,85～89歳,1,中田正二,男子,成城,3:43.11,+7.58,1.03,"48.11,1:44.52,2:44.61",10.0,10.0,3:40.00,,,3:35.53,3:10.33,3:03.50,1/4
49,80,2026,5,2,長水路,個人,2,200m自由形,男子,,,,,,75～79歳,1,安藤次郎,男子,館山,3:03.48,+12.22,0.86,"40.30,1:26.35,2:16.01",10.0,10.0,3:10.00,,,2:51.26,2:33.87,2:25.66,2/5
50,80,2026,5,2,長水路,個人,2,200m自由形,男子,,,,,,75～79歳,2,藤田善久,男子,八千代台,3:33.94,+42.68,0.91,"45.76,1:39.57,2:36.83",9.0,9.0,3:30.95,,,2:51.26,2:33.87,2:25.66,1/6
51,80,2026,5,2,長水路,個人,2,200m自由形,男子,,,,,,75～79歳,3,白井清嗣,男子,大宮宮原,3:34.51,+43.25,1.08,"47.41,1:41.17,2:37.39",8.0,8.0,3:50.00,,,2:51.26,2:33.87,2:25.66,1/2
52,80,2026,5,2,長水路,個人,2,200m自由形,男子,,,,,,75～79歳,4,伴野保志,男子,阿佐谷,4:37.99,+106.73,1.13,"59.49,2:10.17,3:25.15",7.0,7.0,4:39.82,,,2:51.26,2:33.87,2:25.66,1/9
53,80,2026,5,2,長水路,個人,2,200m自由形,男子,,,,,,70～74歳,1,吉原一彦,男子,阿佐谷,2:33.15,-0.56,0.77,"35.24,1:13.75,1:53.63",10.0,10.0,2:33.71,,大会新,2:33.71,2:22.88,2:16.51,5/7
54,80,2026,5,2,長水路,個人,2,200m自由形,男子,,,,,,70～74歳,2,柏木治久,男子,成瀬,2:59.93,+26.22,0.83,"40.84,1:26.87,2:15.90",9.0,9.0,3:10.00,,,2:33.71,2:22.88,2:16.51,2/6
55,80,2026,5,2,長水路,個人,2,200m自由形,男子,,,,,,70～74歳,3,飯沼明,男子,長津田,3:19.68,+45.97,0.82,"46.61,1:36.67,2:28.26",8.0,8.0,3:20.32,,,2:33.71,2:22.88,2:16.51,2/3
56,80,2026,5,2,長水路,個人,2,200m自由形,男子,,,,,,70～74歳,4,菱沼和男,男子,葛西,3:19.81,+46.10,0.94,"47.56,1:38.14,2:29.85",7.0,7.0,3:14.50,,,2:33.71,2:22.88,2:16.51,2/4
57,80,2026,5,2,長水路,個人,2,200m自由形,男子,,,,,,70～74歳,5,橋本政明,男子,志木,3:23.92,+50.21,0.87,"47.27,1:38.66,2:31.88",6.0,6.0,3:25.00,,,2:33.71,2:22.88,2:16.51,2/8
58,80,2026,5,2,長水路,個人,2,200m自由形,男子,,,,,,70～74歳,6,森下善夫,男子,大宮宮原,3:34.57,+60.86,1.03,"49.28,1:43.58,2:39.49",5.0,5.0,3:40.71,,,2:33.71,2:22.88,2:16.51,1/7
59,80,2026,5,2,長水路,個人,2,200m自由形,男子,,,,,,70～74歳,7,折居彰,男子,阿佐谷,3:39.52,+65.81,1.17,"50.23,1:46.56,2:43.87",4.0,4.0,3:45.00,,,2:33.71,2:22.88,2:16.51,1/8
60,80,2026,5,2,長水路,個人,2,200m自由形,男子,,,,,,65～69歳,1,和田浩一,男子,用賀,2:39.27,+12.41,0.74,"35.70,1:14.95,1:56.93",10.0,10.0,2:34.00,,,2:26.86,2:19.96,2:09.39,5/3
61,80,2026,5,2,長水路,個人,2,200m自由形,男子,,,,,,65～69歳,2,神尾尚人,男子,市ヶ尾,2:41.08,+14.22,0.72,"36.81,1:17.58,1:59.83",9.0,9.0,2:42.00,,,2:26.86,2:19.96,2:09.39,4/8
62,80,2026,5,2,長水路,個人,2,200m自由形,男子,,,,,,65～69歳,3,若島健二,男子,二俣川,2:56.47,+29.61,0.84,"41.52,1:25.81,2:11.52",8.0,8.0,2:47.50,,,2:26.86,2:19.96,2:09.39,4/9
63,80,2026,5,2,長水路,個人,2,200m自由形,男子,,,,,,65～69歳,4,山本和巳,男子,茂原,3:12.92,+46.06,0.85,"46.00,1:35.65,2:26.18",7.0,7.0,3:15.66,,,2:26.86,2:19.96,2:09.39,2/7
64,80,2026,5,2,長水路,個人,2,200m自由形,男子,,,,,,65～69歳,5,二宮次郎,男子,南宇都宮,3:23.83,+56.97,0.74,"42.70,1:34.07,2:29.39",6.0,6.0,3:30.00,,,2:26.86,2:19.96,2:09.39,1/5
65,80,2026,5,2,長水路,個人,2,200m自由形,男子,,,,,,65～69歳,6,黒川恵一,男子,市ヶ尾,3:24.32,+57.46,0.86,"44.80,1:36.33,2:30.90",5.0,5.0,3:29.98,,,2:26.86,2:19.96,2:09.39,2/9
66,80,2026,5,2,長水路,個人,2,200m自由形,男子,,,,,,60～64歳,1,菊池千二,男子,市ヶ尾,2:29.67,+2.38,0.79,"32.23,1:09.74,1:49.88",10.0,10.0,3:00.00,,,2:27.29,2:17.26,2:07.68,3/1
67,80,2026,5,2,長水路,個人,2,200m自由形,男子,,,,,,60～64歳,2,古木隆介,男子,用賀,2:30.00,+2.71,0.75,"33.88,1:11.55,1:51.39",9.0,9.0,2:30.39,,,2:27.29,2:17.26,2:07.68,5/6
68,80,2026,5,2,長水路,個人,2,200m自由形,男子,,,,,,60～64歳,3,安間稔,男子,市ヶ尾,2:57.78,+30.49,0.83,"40.42,1:26.03,2:13.05",8.0,8.0,2:59.90,,,2:27.29,2:17.26,2:07.68,3/9
69,80,2026,5,2,長水路,個人,2,200m自由形,男子,,,,,,60～64歳,4,二宮淳,男子,トレッサ,2:59.83,+32.54,0.8,"41.73,1:26.19,2:13.39",7.0,7.0,2:51.42,,,2:27.29,2:17.26,2:07.68,3/6
70,80,2026,5,2,長水路,個人,2,200m自由形,男子,,,,,,55～59歳,1,早川友二,男子,武蔵小杉,2:22.32,+2.62,0.8,"32.98,1:09.19,1:46.89",10.0,10.0,2:24.00,,,2:19.70,2:07.50,2:02.91,6/4
71,80,2026,5,2,長水路,個人,2,200m自由形,男子,,,,,,55～59歳,2,倉持孝博,男子,おおたか,2:25.15,+5.45,0.74,"34.69,1:12.29,1:50.52",9.0,9.0,2:35.00,,,2:19.70,2:07.50,2:02.91,5/8
72,80,2026,5,2,長水路,個人,2,200m自由形,男子,,,,,,55～59歳,3,宮木幸彦,男子,葛西,2:35.21,+15.51,0.76,"36.83,1:17.29,1:57.69",8.0,8.0,2:39.00,,,2:19.70,2:07.50,2:02.91,4/5
73,80,2026,5,2,長水路,個人,2,200m自由形,男子,,,,,,55～59歳,4,宮川則仁,男子,大宮宮原,2:37.49,+17.79,0.83,"35.74,1:15.92,1:57.00",7.0,7.0,2:55.00,,,2:19.70,2:07.50,2:02.91,3/7
74,80,2026,5,2,長水路,個人,2,200m自由形,男子,,,,,,55～59歳,5,萩中希予史,男子,ときわ台,2:38.71,+19.01,0.78,"34.12,1:12.59,1:55.41",6.0,6.0,2:40.00,,,2:19.70,2:07.50,2:02.91,4/4
75,80,2026,5,2,長水路,個人,2,200m自由形,男子,,,,,,55～59歳,6,山田大介,男子,武蔵小杉,2:39.98,+20.28,0.74,"37.65,1:18.15,1:59.13",5.0,5.0,2:40.00,,,2:19.70,2:07.50,2:02.91,4/6
76,80,2026,5,2,長水路,個人,2,200m自由形,男子,,,,,,55～59歳,7,弭間政隆,男子,葛西,2:45.16,+25.46,0.92,"38.83,1:21.59,2:03.94",4.0,4.0,2:50.00,,,2:19.70,2:07.50,2:02.91,3/5
77,80,2026,5,2,長水路,個人,2,200m自由形,男子,,,,,,55～59歳,8,荒井正明,男子,八千代台,2:47.74,+28.04,0.72,"39.78,1:23.12,2:07.99",3.0,3.0,2:55.00,,,2:19.70,2:07.50,2:02.91,3/3
78,80,2026,5,2,長水路,個人,2,200m自由形,男子,,,,,,55～59歳,9,楊華,男子,ザバス鶴見,2:49.01,+29.31,0.82,"36.86,1:18.33,2:03.42",2.0,2.0,2:52.00,,,2:19.70,2:07.50,2:02.91,3/4
79,80,2026,5,2,長水路,個人,2,200m自由形,男子,,,,,,55～59歳,10,本間丈博,男子,稲毛海岸,2:51.54,+31.84,0.75,"38.57,1:20.84,2:06.41",1.0,1.0,2:48.52,,,2:19.70,2:07.50,2:02.91,4/1
80,80,2026,5,2,長水路,個人,2,200m自由形,男子,,,,,,55～59歳,11,温井芳浩,男子,谷津,3:02.71,+43.01,1,"41.71,1:28.83,2:16.90",,,2:50.00,,,2:19.70,2:07.50,2:02.91,4/10
81,80,2026,5,2,長水路,個人,2,200m自由形,男子,,,,,,55～59歳,12,大塚秀幸,男子,慶應日吉,3:13.36,+53.66,0.99,"42.34,1:30.88,2:22.76",,,3:07.77,,,2:19.70,2:07.50,2:02.91,3/10
82,80,2026,5,2,長水路,個人,2,200m自由形,男子,,,,,,55～59歳,13,佐藤流生,男子,天王洲,3:51.31,+91.61,1.03,"48.11,1:49.20,2:49.35",,,3:44.50,,,2:19.70,2:07.50,2:02.91,1/3
83,80,2026,5,2,長水路,個人,2,200m自由形,男子,,,,,,50～54歳,1,田窪達,男子,市ヶ尾,2:13.50,-0.74,0.72,"29.54,1:03.14,1:38.29",10.0,10.0,2:12.30,,大会新,2:14.24,1:59.87,1:58.62,7/2
84,80,2026,5,2,長水路,個人,2,200m自由形,男子,,,,,,50～54歳,2,石上智啓,男子,二俣川,2:28.87,+14.63,0.81,"33.75,1:10.80,1:49.63",9.0,9.0,2:30.00,,,2:14.24,1:59.87,1:58.62,5/5
85,80,2026,5,2,長水路,個人,2,200m自由形,男子,,,,,,50～54歳,3,皆川雅登,男子,大宮宮原,2:31.64,+17.40,0.79,"35.81,1:14.32,1:53.97",8.0,8.0,2:40.00,,,2:14.24,1:59.87,1:58.62,4/3
86,80,2026,5,2,長水路,個人,2,200m自由形,男子,,,,,,50～54歳,4,周防和彦,男子,稲毛海岸,2:31.76,+17.52,0.7,"33.61,1:11.99,1:52.49",7.0,7.0,2:30.00,,,2:14.24,1:59.87,1:58.62,6/9
87,80,2026,5,2,長水路,個人,2,200m自由形,男子,,,,,,50～54歳,5,藤井清和,男子,武蔵小杉,2:39.53,+25.29,0.63,"37.07,1:17.52,1:59.31",6.0,6.0,2:38.52,,,2:14.24,1:59.87,1:58.62,5/10
88,80,2026,5,2,長水路,個人,2,200m自由形,男子,,,,,,50～54歳,6,平田博之,男子,ときわ台,2:40.91,+26.67,0.87,"36.45,1:16.93,1:58.86",5.0,5.0,2:35.00,,,2:14.24,1:59.87,1:58.62,5/2
89,80,2026,5,2,長水路,個人,2,200m自由形,男子,,,,,,50～54歳,7,佐々木茂倫,男子,流山,2:42.47,+28.23,0.84,"34.69,1:14.30,1:56.94",4.0,4.0,2:40.00,,,2:14.24,1:59.87,1:58.62,4/7
90,80,2026,5,2,長水路,個人,2,200m自由形,男子,,,,,,50～54歳,8,渡誠,男子,清瀬,2:45.83,+31.59,0.86,"38.36,1:20.09,2:03.78",3.0,3.0,2:44.61,,,2:14.24,1:59.87,1:58.62,4/2
91,80,2026,5,2,長水路,個人,2,200m自由形,男子,,,,,,50～54歳,9,山村稔,男子,越谷,2:50.49,+36.25,0.82,"37.81,1:20.41,2:06.57",2.0,2.0,2:59.00,,,2:14.24,1:59.87,1:58.62,3/2
92,80,2026,5,2,長水路,個人,2,200m自由形,男子,,,,,,45～49歳,1,永瀬知之,男子,二俣川,2:18.50,+11.46,0.76,"30.89,1:06.65,1:42.89",10.0,10.0,2:15.50,,,2:07.04,1:58.36,1:55.39,7/10
93,80,2026,5,2,長水路,個人,2,200m自由形,男子,,,,,,45～49歳,2,大作善祥,男子,おおたか,2:28.24,+21.20,0.82,"34.05,1:12.44,1:51.27",9.0,9.0,2:25.00,,,2:07.04,1:58.36,1:55.39,6/3
94,80,2026,5,2,長水路,個人,2,200m自由形,男子,,,,,,45～49歳,3,山内悠,男子,市ヶ尾,2:28.56,+21.52,0.82,"33.57,1:11.35,1:50.73",8.0,8.0,2:29.29,,,2:07.04,1:58.36,1:55.39,6/2
95,80,2026,5,2,長水路,個人,2,200m自由形,男子,,,,,,45～49歳,4,西田幸弘,男子,藤沢,2:37.89,+30.85,0.84,"36.95,1:17.10,1:58.99",7.0,7.0,2:36.07,,,2:07.04,1:58.36,1:55.39,5/1
96,80,2026,5,2,長水路,個人,2,200m自由形,男子,,,,,,45～49歳,5,西野正秀,男子,慶應日吉,2:47.99,+40.95,0.75,"38.07,1:20.06,2:03.51",6.0,6.0,2:55.00,,,2:07.04,1:58.36,1:55.39,3/8
97,80,2026,5,2,長水路,個人,2,200m自由形,男子,,,,,,45～49歳,6,櫻井直仁,男子,清瀬,3:31.63,+84.59,0.86,"46.10,1:39.73,2:36.55",5.0,5.0,3:29.04,,,2:07.04,1:58.36,1:55.39,2/2
98,80,2026,5,2,長水路,個人,2,200m自由形,男子,,,,,,40～44歳,1,岡本修,男子,越谷,2:14.56,+7.69,0.63,"29.95,1:03.81,1:39.68",10.0,10.0,2:09.50,,,2:06.87,1:59.07,1:53.65,7/3
99,80,2026,5,2,長水路,個人,2,200m自由形,男子,,,,,,40～44歳,2,石井将太,男子,成瀬,2:20.20,+13.33,0.81,"32.74,1:07.83,1:44.34",9.0,9.0,2:20.00,,,2:06.87,1:59.07,1:53.65,6/6
100,80,2026,5,2,長水路,個人,2,200m自由形,男子,,,,,,40～44歳,3,溝口泰平,男子,八王子,2:20.76,+13.89,0.88,"31.78,1:06.97,1:43.87",8.0,8.0,2:25.00,,,2:06.87,1:59.07,1:53.65,6/8
101,80,2026,5,2,長水路,個人,2,200m自由形,男子,,,,,,40～44歳,4,浅岡遼,男子,用賀,2:31.65,+24.78,0.8,"34.08,1:12.46,1:51.89",7.0,7.0,2:30.58,,,2:06.87,1:59.07,1:53.65,5/4
102,80,2026,5,2,長水路,個人,2,200m自由形,男子,,,,,,35～39歳,1,岩本和也,男子,志木,2:14.39,+10.99,0.74,"31.86,1:05.42,1:39.84",10.0,10.0,2:13.00,,,2:03.40,1:51.84,1:51.84,7/9
103,80,2026,5,2,長水路,個人,2,200m自由形,男子,,,,,,35～39歳,2,奥平竜司,男子,武蔵小杉,2:15.09,+11.69,0.69,"30.28,1:04.73,1:39.74",9.0,9.0,2:24.66,,,2:03.40,1:51.84,1:51.84,6/7
104,80,2026,5,2,長水路,個人,2,200m自由形,男子,,,,,,35～39歳,3,新福留広貴,男子,二俣川,2:20.20,+16.80,0.75,"31.71,1:07.27,1:43.89",8.0,8.0,2:30.00,,,2:03.40,1:51.84,1:51.84,6/1
105,80,2026,5,2,長水路,個人,2,200m自由形,男子,,,,,,35～39歳,4,長田裕史,男子,柏,2:23.34,+19.94,0.67,"32.57,1:08.41,1:46.04",7.0,7.0,2:17.46,,,2:03.40,1:51.84,1:51.84,6/5
106,80,2026,5,2,長水路,個人,2,200m自由形,男子,,,,,,30～34歳,1,小野健,男子,天王洲,2:11.22,+7.83,0.67,"29.30,1:01.31,1:35.52",10.0,10.0,2:10.36,,,2:03.39,1:54.32,1:49.56,7/8
107,80,2026,5,2,長水路,個人,2,200m自由形,男子,,,,,,25～29歳,1,張旺今,男子,西新井,2:18.22,+15.92,0.71,"28.48,1:02.63,1:40.10",10.0,10.0,2:30.00,,,2:02.30,1:51.62,1:50.76,6/10
108,80,2026,5,2,長水路,個人,2,200m自由形,男子,,,,,,18～24歳,1,山本拓武,男子,トレッサ,1:56.33,+1.33,0.65,"26.84,56.39,1:27.07",10.0,10.0,2:00.00,,,1:55.00,1:50.21,記録なし,7/5
109,80,2026,5,2,長水路,個人,2,200m自由形,男子,,,,,,18～24歳,2,服部碧,男子,成城,2:04.11,+9.11,0.75,"28.33,58.89,1:31.02",9.0,9.0,2:05.00,,,1:55.00,1:50.21,記録なし,7/4
110,80,2026,5,2,長水路,個人,2,200m自由形,男子,,,,,,18～24歳,3,黒田大介,男子,成城,2:07.67,+12.67,0.66,"28.70,59.84,1:33.41",8.0,8.0,2:08.00,,,1:55.00,1:50.21,記録なし,7/7
111,80,2026,5,2,長水路,個人,2,200m自由形,男子,,,,,,18～24歳,4,都築クラウディオ佑亮,男子,おおたか,2:12.87,+17.87,0.76,"29.29,1:02.08,1:37.26",7.0,7.0,2:05.00,,,1:55.00,1:50.21,記録なし,7/6
112,80,2026,5,2,長水路,個人,2,200m自由形,男子,,,,,,18～24歳,5,結城智弘,男子,我孫子,2:19.75,+24.75,0.79,"29.34,1:03.22,1:40.37",6.0,6.0,2:15.00,,,1:55.00,1:50.21,記録なし,7/1
113,80,2026,5,2,長水路,個人,7,200m個人メドレー,女子,,,,,,80～84歳,1,長谷部征子,女子,八王子,4:38.16,-1.34,0.97,"1:06.29,2:11.09,3:34.54",10.0,10.0,5:00.00,,大会新,4:39.50,4:07.83,3:47.11,1/3
114,80,2026,5,2,長水路,個人,7,200m個人メドレー,女子,,,,,,75～79歳,1,大山恵子,女子,葛西,3:53.46,-3.73,0.76,"46.65,1:53.90,3:01.59",10.0,10.0,4:10.00,,大会新,3:57.19,3:32.94,3:14.64,2/7
115,80,2026,5,2,長水路,個人,7,200m個人メドレー,女子,,,,,,75～79歳,2,水谷裕子,女子,西新井,4:41.16,+43.97,0.82,"1:06.43,2:19.41,3:38.22",9.0,9.0,4:29.63,,,3:57.19,3:32.94,3:14.64,2/2
116,80,2026,5,2,長水路,個人,7,200m個人メドレー,女子,,,,,,75～79歳,3,松木真知子,女子,ときわ台,4:57.69,+60.50,1.12,"1:12.12,2:32.96,3:46.46",8.0,8.0,5:05.00,,,3:57.19,3:32.94,3:14.64,1/8
117,80,2026,5,2,長水路,個人,7,200m個人メドレー,女子,,,,,,70～74歳,1,木村恵子,女子,越谷,4:56.24,+88.61,0.7,"1:06.80,2:22.07,3:46.21",10.0,10.0,4:56.22,,,3:27.63,3:13.19,3:00.96,1/7
118,80,2026,5,2,長水路,個人,7,200m個人メドレー,女子,,,,,,65～69歳,1,石井裕美,女子,ときわ台,3:25.34,-7.78,0.79,"46.71,1:38.34,2:41.49",10.0,10.0,3:31.00,,大会新,3:33.12,3:01.66,2:51.52,3/4
119,80,2026,5,2,長水路,個人,7,200m個人メドレー,女子,,,,,,65～69歳,2,森谷登志江,女子,慶應日吉,3:47.60,+14.48,0.92,"50.23,1:49.52,2:55.36",9.0,9.0,3:47.00,,,3:33.12,3:01.66,2:51.52,3/9
120,80,2026,5,2,長水路,個人,7,200m個人メドレー,女子,,,,,,65～69歳,3,高松早智子,女子,南宇都宮,3:49.90,+16.78,0.81,"49.78,1:49.80,2:55.78",8.0,8.0,3:55.00,,,3:33.12,3:01.66,2:51.52,3/10
121,80,2026,5,2,長水路,個人,7,200m個人メドレー,女子,,,,,,65～69歳,4,井手敦子,女子,慶應日吉,3:51.35,+18.23,0.93,"53.35,1:52.04,2:59.05",7.0,7.0,3:52.00,,,3:33.12,3:01.66,2:51.52,3/1
122,80,2026,5,2,長水路,個人,7,200m個人メドレー,女子,,,,,,65～69歳,5,育村博子,女子,おおたか,4:01.99,+28.87,0.75,"1:01.87,2:05.79,3:12.67",6.0,6.0,4:08.89,,,3:33.12,3:01.66,2:51.52,2/4
123,80,2026,5,2,長水路,個人,7,200m個人メドレー,女子,,,,,,65～69歳,6,毛利ゆかり,女子,横浜,4:24.91,+51.79,0.9,"1:00.28,2:06.54,3:24.84",5.0,5.0,4:15.00,,,3:33.12,3:01.66,2:51.52,2/3
124,80,2026,5,2,長水路,個人,7,200m個人メドレー,女子,,,,,,65～69歳,7,近藤みゆき,女子,阿佐谷,4:39.01,+65.89,0.7,"1:08.53,2:25.43,3:39.63",4.0,4.0,4:47.01,,,3:33.12,3:01.66,2:51.52,1/4
125,80,2026,5,2,長水路,個人,7,200m個人メドレー,女子,,,,,,60～64歳,1,若林朋子,女子,大宮宮原,3:09.54,+1.02,0.71,"35.77,1:29.60,2:27.65",10.0,10.0,3:18.52,,,3:08.52,2:57.05,2:32.30,4/9
126,80,2026,5,2,長水路,個人,7,200m個人メドレー,女子,,,,,,60～64歳,2,田中貴子,女子,清瀬,3:11.51,+2.99,0.81,"40.08,1:29.77,2:26.00",9.0,9.0,3:16.20,,,3:08.52,2:57.05,2:32.30,4/2
127,80,2026,5,2,長水路,個人,7,200m個人メドレー,女子,,,,,,60～64歳,3,榎本恵子,女子,西新井,3:35.54,+27.02,0.84,"50.74,1:47.62,2:46.72",8.0,8.0,3:43.05,,,3:08.52,2:57.05,2:32.30,3/8
128,80,2026,5,2,長水路,個人,7,200m個人メドレー,女子,,,,,,60～64歳,4,盛田真規子,女子,二俣川,4:04.76,+56.24,0.81,"1:00.93,2:03.46,3:14.72",7.0,7.0,4:05.50,,,3:08.52,2:57.05,2:32.30,2/6
129,80,2026,5,2,長水路,個人,7,200m個人メドレー,女子,,,,,,55～59歳,1,小林弘子,女子,葛西,3:28.83,+37.45,0.81,"43.34,1:35.00,2:38.07",10.0,10.0,3:23.00,,,2:51.38,2:48.01,2:31.51,4/10
130,80,2026,5,2,長水路,個人,7,200m個人メドレー,女子,,,,,,55～59歳,2,山口仁子,女子,上池袋,4:31.88,+100.50,1.36,"1:00.77,2:24.73,3:42.37",9.0,9.0,4:32.60,,,2:51.38,2:48.01,2:31.51,1/5
131,80,2026,5,2,長水路,個人,7,200m個人メドレー,女子,,,,,,50～54歳,1,広瀬百合香,女子,武蔵小杉,3:02.76,+16.01,0.69,"38.11,1:25.10,2:20.76",10.0,10.0,3:05.50,,,2:46.75,2:39.26,2:31.02,4/7
132,80,2026,5,2,長水路,個人,7,200m個人メドレー,女子,,,,,,50～54歳,2,池田智子,女子,目黒,3:10.08,+23.33,0.85,"40.09,1:30.49,2:24.98",9.0,9.0,3:20.00,,,2:46.75,2:39.26,2:31.02,4/1
133,80,2026,5,2,長水路,個人,7,200m個人メドレー,女子,,,,,,50～54歳,3,高橋圭,女子,松戸,3:27.93,+41.18,0.87,"46.54,1:43.16,2:43.78",8.0,8.0,3:40.00,,,2:46.75,2:39.26,2:31.02,3/3
134,80,2026,5,2,長水路,個人,7,200m個人メドレー,女子,,,,,,50～54歳,4,西川由美子,女子,葛西,3:28.22,+41.47,0.74,"41.91,1:33.26,2:39.10",7.0,7.0,3:30.00,,,2:46.75,2:39.26,2:31.02,3/6
135,80,2026,5,2,長水路,個人,7,200m個人メドレー,女子,,,,,,50～54歳,5,白須靖子,女子,市ヶ尾,3:33.89,+47.14,0.76,"50.48,1:49.73,2:46.35",6.0,6.0,4:00.00,,,2:46.75,2:39.26,2:31.02,2/5
136,80,2026,5,2,長水路,個人,7,200m個人メドレー,女子,,,,,,50～54歳,6,佐藤桂子,女子,横浜,3:48.35,+61.60,0.81,"47.17,1:48.10,2:55.68",5.0,5.0,3:46.00,,,2:46.75,2:39.26,2:31.02,3/2
137,80,2026,5,2,長水路,個人,7,200m個人メドレー,女子,,,,,,45～49歳,1,崎村詩織,女子,慶應日吉,3:14.14,+24.31,0.85,"40.03,1:29.62,2:28.59",10.0,10.0,3:10.54,,,2:49.83,2:32.81,2:21.37,4/3
138,80,2026,5,2,長水路,個人,7,200m個人メドレー,女子,,,,,,45～49歳,2,赤坂恵美子,女子,志木,4:10.15,+80.32,0.95,"56.24,2:00.56,3:14.07",9.0,9.0,4:15.30,,,2:49.83,2:32.81,2:21.37,2/8
139,80,2026,5,2,長水路,個人,7,200m個人メドレー,女子,,,,,,40～44歳,1,山田未紗子,女子,越谷,3:24.98,+40.44,0.8,"43.82,1:39.33,2:36.48",10.0,10.0,3:29.90,,,2:44.54,2:20.73,2:20.73,3/5
140,80,2026,5,2,長水路,個人,7,200m個人メドレー,女子,,,,,,35～39歳,1,海口綾乃,女子,武蔵小杉,2:54.04,+14.21,0.87,"36.76,1:21.60,2:13.95",10.0,10.0,2:58.00,,,2:39.83,2:21.47,2:19.59,4/6
141,80,2026,5,2,長水路,個人,7,200m個人メドレー,女子,,,,,,30～34歳,1,遠藤桃,女子,二俣川,2:45.74,+18.68,0.84,"34.12,1:18.22,2:06.43",10.0,10.0,2:48.00,,,2:27.06,2:19.28,2:13.89,4/5
142,80,2026,5,2,長水路,個人,7,200m個人メドレー,女子,,,,,,30～34歳,2,豊島葉子,女子,袖ケ浦,2:47.63,+20.57,0.75,"34.46,1:19.25,2:09.68",9.0,9.0,3:00.00,,,2:27.06,2:19.28,2:13.89,4/4
143,80,2026,5,2,長水路,個人,7,200m個人メドレー,女子,,,,,,18～24歳,1,島崎帆乃華,女子,藤沢,2:55.12,+26.84,0.64,"35.23,1:20.86,2:14.17",10.0,10.0,3:15.00,,,2:28.28,2:23.20,記録なし,4/8
144,80,2026,5,2,長水路,個人,8,200m個人メドレー,男子,,,,,,80～84歳,1,越智義夫,男子,慶應日吉,3:56.95,,0.9,"54.02,1:59.41,3:05.93",10.0,10.0,4:00.00,,,記録なし,3:18.88,3:14.38,1/8
145,80,2026,5,2,長水路,個人,8,200m個人メドレー,男子,,,,,,75～79歳,1,木津誠,男子,成城,3:34.16,+8.39,0.88,"45.55,1:46.49,2:48.80",10.0,10.0,3:33.00,,,3:25.77,3:09.33,2:53.12,2/10
146,80,2026,5,2,長水路,個人,8,200m個人メドレー,男子,,,,,,75～79歳,2,白井清嗣,男子,大宮宮原,4:04.30,+38.53,1.09,"55.13,2:06.99,3:12.77",9.0,9.0,4:20.00,,,3:25.77,3:09.33,2:53.12,1/1
147,80,2026,5,2,長水路,個人,8,200m個人メドレー,男子,,,,,,75～79歳,3,荒川秀一,男子,西新井,4:40.05,+74.28,1.16,"58.06,2:09.29,3:25.46",8.0,8.0,4:02.57,,,3:25.77,3:09.33,2:53.12,1/2
148,80,2026,5,2,長水路,個人,8,200m個人メドレー,男子,,,,,,75～79歳,4,伴野保志,男子,阿佐谷,5:09.22,+103.45,1.1,"1:09.24,2:37.75,3:55.40",7.0,7.0,5:04.16,,,3:25.77,3:09.33,2:53.12,1/10
149,80,2026,5,2,長水路,個人,8,200m個人メドレー,男子,,,,,,70～74歳,1,菱沼和男,男子,葛西,4:02.70,+69.63,0.93,"59.62,2:01.63,3:12.78",10.0,10.0,3:55.50,,,2:53.07,2:49.11,2:35.97,1/7
150,80,2026,5,2,長水路,個人,8,200m個人メドレー,男子,,,,,,65～69歳,1,小島淳,男子,柏,3:31.16,+42.31,0.79,"48.94,1:45.57,2:46.30",10.0,10.0,3:40.00,,,2:48.85,2:39.75,2:25.22,1/6
151,80,2026,5,2,長水路,個人,8,200m個人メドレー,男子,,,,,,60～64歳,1,古木隆介,男子,用賀,2:48.94,+9.51,0.73,"33.53,1:16.86,2:08.69",10.0,10.0,2:45.30,,,2:39.43,2:29.47,2:21.99,4/2
152,80,2026,5,2,長水路,個人,8,200m個人メドレー,男子,,,,,,60～64歳,2,兼森伸兒,男子,ザバス八景,3:20.90,+41.47,0.77,"45.31,1:41.25,2:33.45",9.0,9.0,3:15.00,,,2:39.43,2:29.47,2:21.99,2/3
153,80,2026,5,2,長水路,個人,8,200m個人メドレー,男子,,,,,,60～64歳,3,高田義久,男子,八王子,3:26.08,+46.65,0.68,"41.09,1:37.99,2:33.70",8.0,8.0,3:30.00,,,2:39.43,2:29.47,2:21.99,2/1
154,80,2026,5,2,長水路,個人,8,200m個人メドレー,男子,,,,,,60～64歳,4,横山恵一,男子,越谷,3:31.26,+51.83,0.79,"47.33,1:42.63,2:44.12",7.0,7.0,3:27.42,,,2:39.43,2:29.47,2:21.99,2/2
155,80,2026,5,2,長水路,個人,8,200m個人メドレー,男子,,,,,,60～64歳,5,近江信之,男子,武蔵小杉,3:37.87,+58.44,1.16,"47.35,1:46.60,2:48.88",6.0,6.0,3:28.76,,,2:39.43,2:29.47,2:21.99,2/9
156,80,2026,5,2,長水路,個人,8,200m個人メドレー,男子,,,,,,60～64歳,6,福田剛紀,男子,G-SPA,3:46.08,+66.65,0.81,"51.53,1:53.02,2:53.36",5.0,5.0,3:58.63,,,2:39.43,2:29.47,2:21.99,1/3
157,80,2026,5,2,長水路,個人,8,200m個人メドレー,男子,,,,,,60～64歳,7,二宮博,男子,横浜,3:46.31,+66.88,0.85,"42.62,1:44.82,2:48.31",4.0,4.0,3:50.00,,,2:39.43,2:29.47,2:21.99,1/4
158,80,2026,5,2,長水路,個人,8,200m個人メドレー,男子,,,,,,55～59歳,1,小倉秀和,男子,清瀬,2:47.71,+10.91,0.8,"34.95,1:19.14,2:10.06",10.0,10.0,2:48.00,,,2:36.80,2:26.24,2:19.03,4/1
159,80,2026,5,2,長水路,個人,8,200m個人メドレー,男子,,,,,,55～59歳,2,町田克浩,男子,大森,3:00.52,+23.72,0.81,"36.12,1:24.00,2:19.44",9.0,9.0,3:10.05,,,2:36.80,2:26.24,2:19.03,2/6
160,80,2026,5,2,長水路,個人,8,200m個人メドレー,男子,,,,,,55～59歳,3,飯田正敏,男子,用賀,3:07.20,+30.40,0.79,"36.30,1:29.12,2:22.50",8.0,8.0,3:05.77,,,2:36.80,2:26.24,2:19.03,3/10
161,80,2026,5,2,長水路,個人,8,200m個人メドレー,男子,,,,,,55～59歳,4,成島毅,男子,Ｆ宇都宮,3:13.45,+36.65,0.8,"38.53,1:30.78,2:27.91",7.0,7.0,3:13.00,,,2:36.80,2:26.24,2:19.03,2/7
162,80,2026,5,2,長水路,個人,8,200m個人メドレー,男子,,,,,,55～59歳,5,大木義之,男子,清瀬,4:04.40,+87.60,1.01,"50.18,2:00.99,3:15.00",6.0,6.0,4:13.67,,,2:36.80,2:26.24,2:19.03,1/9
163,80,2026,5,2,長水路,個人,8,200m個人メドレー,男子,,,,,,50～54歳,1,大村俊文,男子,二俣川,2:35.71,+3.30,0.7,"31.22,1:14.57,1:59.35",10.0,10.0,2:39.95,,,2:32.41,2:20.54,2:11.15,4/5
164,80,2026,5,2,長水路,個人,8,200m個人メドレー,男子,,,,,,50～54歳,2,周防和彦,男子,稲毛海岸,2:43.54,+11.13,0.71,"34.14,1:18.46,2:05.06",9.0,9.0,2:40.00,,,2:32.41,2:20.54,2:11.15,4/6
165,80,2026,5,2,長水路,個人,8,200m個人メドレー,男子,,,,,,50～54歳,3,羽田浩一,男子,成城,2:45.09,+12.68,0.7,"33.62,1:17.64,2:05.55",8.0,8.0,2:42.01,,,2:32.41,2:20.54,2:11.15,4/8
166,80,2026,5,2,長水路,個人,8,200m個人メドレー,男子,,,,,,50～54歳,4,皆川雅登,男子,大宮宮原,2:50.80,+18.39,0.74,"35.32,1:23.16,2:13.25",7.0,7.0,2:52.36,,,2:32.41,2:20.54,2:11.15,3/6
167,80,2026,5,2,長水路,個人,8,200m個人メドレー,男子,,,,,,50～54歳,5,中村良樹,男子,武蔵小杉,2:50.81,+18.40,0.7,"34.83,1:19.36,2:10.93",6.0,6.0,2:50.00,,,2:32.41,2:20.54,2:11.15,3/5
168,80,2026,5,2,長水路,個人,8,200m個人メドレー,男子,,,,,,50～54歳,6,磯貝知弘,男子,柏,2:54.49,+22.08,0.74,"34.64,1:19.06,2:15.34",5.0,5.0,2:53.00,,,2:32.41,2:20.54,2:11.15,3/4
169,80,2026,5,2,長水路,個人,8,200m個人メドレー,男子,,,,,,50～54歳,7,平田博之,男子,ときわ台,3:07.04,+34.63,0.91,"38.64,1:27.12,2:24.07",4.0,4.0,3:00.00,,,2:32.41,2:20.54,2:11.15,3/8
170,80,2026,5,2,長水路,個人,8,200m個人メドレー,男子,,,,,,50～54歳,8,祖川久茂,男子,長津田,3:09.31,+36.90,0.7,"37.91,1:31.08,2:21.83",3.0,3.0,3:06.25,,,2:32.41,2:20.54,2:11.15,2/5
171,80,2026,5,2,長水路,個人,8,200m個人メドレー,男子,,,,,,50～54歳,9,飯田辰徳,男子,南千住,3:10.92,+38.51,0.8,"37.44,1:24.20,2:26.18",2.0,2.0,2:59.00,,,2:32.41,2:20.54,2:11.15,3/3
172,80,2026,5,2,長水路,個人,8,200m個人メドレー,男子,,,,,,50～54歳,10,渡誠,男子,清瀬,3:15.48,+43.07,0.92,"44.14,1:35.20,2:32.61",1.0,1.0,3:12.12,,,2:32.41,2:20.54,2:11.15,2/4
173,80,2026,5,2,長水路,個人,8,200m個人メドレー,男子,,,,,,50～54歳,11,小山邦彦,男子,おおたか,3:34.66,+62.25,0.89,"45.52,1:43.69,2:43.94",,,3:37.92,,,2:32.41,2:20.54,2:11.15,1/5
174,80,2026,5,2,長水路,個人,8,200m個人メドレー,男子,,,,,,45～49歳,1,田村晋輔,男子,市ヶ尾,2:50.29,+30.72,0.66,"33.82,1:20.39,2:09.14",10.0,10.0,2:55.00,,,2:19.57,2:16.02,2:10.09,3/7
175,80,2026,5,2,長水路,個人,8,200m個人メドレー,男子,,,,,,45～49歳,2,齊藤仁,男子,茂原,3:00.31,+40.74,0.7,"37.04,1:23.13,2:16.56",9.0,9.0,3:00.00,,,2:19.57,2:16.02,2:10.09,3/2
176,80,2026,5,2,長水路,個人,8,200m個人メドレー,男子,,,,,,45～49歳,3,浅野亮介,男子,新都心,3:18.17,+58.60,1,"39.56,1:29.19,2:28.20",8.0,8.0,3:23.07,,,2:19.57,2:16.02,2:10.09,2/8
177,80,2026,5,2,長水路,個人,8,200m個人メドレー,男子,,,,,,40～44歳,1,椎本恭平,男子,阿佐谷,2:33.56,+13.12,0.74,"31.70,1:11.02,1:56.61",10.0,10.0,2:30.00,,,2:20.44,2:13.76,2:08.63,5/8
178,80,2026,5,2,長水路,個人,8,200m個人メドレー,男子,,,,,,40～44歳,2,小西始,男子,西新井,2:36.75,+16.31,0.68,"32.26,1:17.12,1:59.36",9.0,9.0,2:30.30,,,2:20.44,2:13.76,2:08.63,5/9
179,80,2026,5,2,長水路,個人,8,200m個人メドレー,男子,,,,,,40～44歳,3,図師拓千,男子,市ヶ尾,2:40.87,+20.43,0.62,"32.39,1:16.53,2:05.73",8.0,8.0,2:41.00,,,2:20.44,2:13.76,2:08.63,4/3
180,80,2026,5,2,長水路,個人,8,200m個人メドレー,男子,,,,,,40～44歳,4,棚網宏之,男子,阿佐谷,2:43.07,+22.63,0.68,"33.90,1:15.00,2:03.45",7.0,7.0,3:00.00,,,2:20.44,2:13.76,2:08.63,3/9
181,80,2026,5,2,長水路,個人,8,200m個人メドレー,男子,,,,,,40～44歳,5,溝口泰平,男子,八王子,2:51.80,+31.36,0.78,"34.81,1:22.03,2:13.25",6.0,6.0,2:40.00,,,2:20.44,2:13.76,2:08.63,4/4
182,80,2026,5,2,長水路,個人,8,200m個人メドレー,男子,,,,,,35～39歳,1,古川貴章,男子,おおたか,2:32.88,+15.79,0.75,"30.48,1:10.53,1:55.96",10.0,10.0,2:35.51,,,2:17.09,2:07.60,2:05.65,5/1
183,80,2026,5,2,長水路,個人,8,200m個人メドレー,男子,,,,,,35～39歳,2,長田裕史,男子,柏,2:44.23,+27.14,0.65,"33.69,1:21.39,2:06.57",9.0,9.0,2:38.52,,,2:17.09,2:07.60,2:05.65,5/10
184,80,2026,5,2,長水路,個人,8,200m個人メドレー,男子,,,,,,35～39歳,3,吉澤宏紀,男子,八王子,2:46.75,+29.66,0.71,"35.13,1:21.59,2:08.83",8.0,8.0,2:45.83,,,2:17.09,2:07.60,2:05.65,4/9
185,80,2026,5,2,長水路,個人,8,200m個人メドレー,男子,,,,,,30～34歳,1,今里昂哉,男子,清瀬,2:18.95,+1.54,0.68,"28.79,1:05.83,1:46.13",10.0,10.0,2:23.00,,,2:17.41,2:07.47,2:02.18,5/4
186,80,2026,5,2,長水路,個人,8,200m個人メドレー,男子,,,,,,30～34歳,2,袴田舜,男子,武蔵小杉,2:25.72,+8.31,0.64,"29.32,1:10.51,1:51.26",9.0,9.0,2:25.00,,,2:17.41,2:07.47,2:02.18,5/7
187,80,2026,5,2,長水路,個人,8,200m個人メドレー,男子,,,,,,30～34歳,3,小野健,男子,天王洲,2:26.71,+9.30,0.66,"29.09,1:08.08,1:50.97",8.0,8.0,2:28.66,,,2:17.41,2:07.47,2:02.18,5/3
188,80,2026,5,2,長水路,個人,8,200m個人メドレー,男子,,,,,,25～29歳,1,東侑玖,男子,阿佐谷,2:21.25,+10.81,0.73,"29.39,1:05.76,1:47.53",10.0,10.0,2:19.50,,,2:10.44,2:04.29,2:03.62,5/5
189,80,2026,5,2,長水路,個人,8,200m個人メドレー,男子,,,,,,25～29歳,2,松澤朋樹,男子,武蔵小杉,2:30.67,+20.23,0.81,"30.51,1:07.00,1:52.52",9.0,9.0,2:20.00,,,2:10.44,2:04.29,2:03.62,5/6
190,80,2026,5,2,長水路,個人,8,200m個人メドレー,男子,,,,,,25～29歳,3,張旺今,男子,西新井,2:31.62,+21.18,0.76,"30.41,1:12.62,1:53.62",8.0,8.0,2:40.00,,,2:10.44,2:04.29,2:03.62,4/7
191,80,2026,5,2,長水路,個人,8,200m個人メドレー,男子,,,,,,25～29歳,4,田中壮一郎,男子,二俣川,2:32.40,+21.96,0.65,"29.46,1:08.23,1:52.25",7.0,7.0,2:30.00,,,2:10.44,2:04.29,2:03.62,5/2
192,80,2026,5,2,長水路,個人,8,200m個人メドレー,男子,,,,,,18～24歳,1,石井聖也,男子,西新井,2:46.43,+37.63,0.79,"34.57,1:16.19,2:04.94",10.0,10.0,3:00.00,,,2:08.80,2:04.90,記録なし,3/1
193,80,2026,5,2,長水路,個人,8,200m個人メドレー,男子,,,,,,18～24歳,2,木村隼人,男子,八王子,2:48.01,+39.21,0.66,"29.75,1:15.65,2:06.39",9.0,9.0,2:50.00,,,2:08.80,2:04.90,記録なし,4/10
194,80,2026,5,2,長水路,個人,9,100m自由形,女子,,,,,,85～89歳,1,武藤治子,女子,二俣川,2:13.70,+27.97,記録なし,1:02.91,10.0,10.0,2:30.00,,,1:45.73,1:27.42,1:27.42,1/9
195,80,2026,5,2,長水路,個人,9,100m自由形,女子,,,,,,80～84歳,1,内田良子,女子,用賀,1:50.13,+11.32,0.78,53.91,10.0,10.0,1:58.00,,,1:38.81,1:23.16,1:23.16,2/4
196,80,2026,5,2,長水路,個人,9,100m自由形,女子,,,,,,80～84歳,2,竹原君枝,女子,慶應日吉,1:53.76,+14.95,1.16,55.03,9.0,9.0,1:51.00,,,1:38.81,1:23.16,1:23.16,3/3
197,80,2026,5,2,長水路,個人,9,100m自由形,女子,,,,,,80～84歳,3,安澤イソ子,女子,市ヶ尾,2:02.15,+23.34,0.92,55.92,8.0,8.0,2:25.00,,,1:38.81,1:23.16,1:23.16,1/8
198,80,2026,5,2,長水路,個人,9,100m自由形,女子,,,,,,80～84歳,4,久保美紀枝,女子,流山,2:06.97,+28.16,1.04,58.75,7.0,7.0,2:12.47,,,1:38.81,1:23.16,1:23.16,1/7
199,80,2026,5,2,長水路,個人,9,100m自由形,女子,,,,,,80～84歳,5,舘野圭子,女子,用賀,2:13.58,+34.77,0.8,1:01.22,6.0,6.0,2:15.00,,,1:38.81,1:23.16,1:23.16,1/3
200,80,2026,5,2,長水路,個人,9,100m自由形,女子,,,,,,75～79歳,1,中平信子,女子,成瀬,1:31.79,-5.17,0.94,43.95,10.0,10.0,1:40.00,,大会新,1:36.96,1:19.71,1:13.13,5/5
201,80,2026,5,2,長水路,個人,9,100m自由形,女子,,,,,,75～79歳,2,宇田川礼子,女子,我孫子,1:46.97,+10.01,0.87,47.97,9.0,9.0,1:57.00,,,1:36.96,1:19.71,1:13.13,2/5
202,80,2026,5,2,長水路,個人,9,100m自由形,女子,,,,,,75～79歳,3,郡司米子,女子,八千代台,1:49.72,+12.76,記録なし,52.62,8.0,8.0,2:10.05,,,1:36.96,1:19.71,1:13.13,1/4
203,80,2026,5,2,長水路,個人,9,100m自由形,女子,,,,,,75～79歳,4,馬場悦子,女子,清瀬,1:52.42,+15.46,0.81,55.08,7.0,7.0,1:50.81,,,1:36.96,1:19.71,1:13.13,3/7
204,80,2026,5,2,長水路,個人,9,100m自由形,女子,,,,,,75～79歳,5,若林多恵子,女子,谷津,1:54.63,+17.67,0.94,54.53,6.0,6.0,1:50.77,,,1:36.96,1:19.71,1:13.13,3/4
205,80,2026,5,2,長水路,個人,9,100m自由形,女子,,,,,,75～79歳,6,小島律子,女子,谷津,2:00.89,+23.93,0.77,57.04,5.0,5.0,2:10.00,,,1:36.96,1:19.71,1:13.13,1/6
206,80,2026,5,2,長水路,個人,9,100m自由形,女子,,,,,,75～79歳,7,松永タズヨ,女子,おおたか,2:04.70,+27.74,1.42,54.61,4.0,4.0,1:59.00,,,1:36.96,1:19.71,1:13.13,2/3
207,80,2026,5,2,長水路,個人,9,100m自由形,女子,,,,,,75～79歳,8,安部澄子,女子,我孫子,2:07.97,+31.01,記録なし,59.37,3.0,3.0,2:10.00,,,1:36.96,1:19.71,1:13.13,1/5
208,80,2026,5,2,長水路,個人,9,100m自由形,女子,,,,,,70～74歳,1,舛尾妃呂子,女子,稲毛海岸,1:34.20,+12.38,0.99,45.21,10.0,10.0,1:42.00,,,1:21.82,1:14.28,1:06.68,5/8
209,80,2026,5,2,長水路,個人,9,100m自由形,女子,,,,,,70～74歳,2,相澤史子,女子,松戸,1:41.74,+19.92,0.77,47.23,9.0,9.0,1:46.00,,,1:21.82,1:14.28,1:06.68,4/8
210,80,2026,5,2,長水路,個人,9,100m自由形,女子,,,,,,70～74歳,3,石崎節代,女子,南千住,1:46.28,+24.46,1.06,48.53,8.0,8.0,1:45.00,,,1:21.82,1:14.28,1:06.68,4/6
211,80,2026,5,2,長水路,個人,9,100m自由形,女子,,,,,,70～74歳,4,譲原恵子,女子,我孫子,1:48.38,+26.56,0.98,50.72,7.0,7.0,1:49.34,,,1:21.82,1:14.28,1:06.68,4/10
212,80,2026,5,2,長水路,個人,9,100m自由形,女子,,,,,,70～74歳,5,于亜芝,女子,南千住,2:01.73,+39.91,1.22,57.65,6.0,6.0,2:00.00,,,1:21.82,1:14.28,1:06.68,2/8
213,80,2026,5,2,長水路,個人,9,100m自由形,女子,,,,,,65～69歳,1,永瀬秀子,女子,二俣川,1:15.72,-3.11,0.87,36.64,10.0,10.0,1:14.00,,大会新,1:18.83,1:13.05,1:04.89,9/2
214,80,2026,5,2,長水路,個人,9,100m自由形,女子,,,,,,65～69歳,2,山﨑京子,女子,横浜,1:29.14,+10.31,0.96,42.58,9.0,9.0,1:27.31,,,1:18.83,1:13.05,1:04.89,7/9
215,80,2026,5,2,長水路,個人,9,100m自由形,女子,,,,,,65～69歳,3,高松早智子,女子,南宇都宮,1:32.67,+13.84,0.85,43.5,8.0,8.0,1:35.00,,,1:18.83,1:13.05,1:04.89,6/3
216,80,2026,5,2,長水路,個人,9,100m自由形,女子,,,,,,65～69歳,4,石河久美子,女子,溝ノ口,1:39.61,+20.78,0.78,46.98,7.0,7.0,1:39.96,,,1:18.83,1:13.05,1:04.89,6/1
217,80,2026,5,2,長水路,個人,9,100m自由形,女子,,,,,,65～69歳,5,久松葉子,女子,成瀬,1:41.82,+22.99,1,48.33,6.0,6.0,1:42.00,,,1:18.83,1:13.05,1:04.89,5/2
218,80,2026,5,2,長水路,個人,9,100m自由形,女子,,,,,,65～69歳,6,古宇田淳子,女子,南千住,1:42.39,+23.56,0.87,47.87,5.0,5.0,1:42.00,,,1:18.83,1:13.05,1:04.89,5/9
219,80,2026,5,2,長水路,個人,9,100m自由形,女子,,,,,,65～69歳,7,桐沢ひとみ,女子,大森,1:46.20,+27.37,0.9,49.66,4.0,4.0,1:54.00,,,1:18.83,1:13.05,1:04.89,3/8
220,80,2026,5,2,長水路,個人,9,100m自由形,女子,,,,,,65～69歳,8,下川喜美枝,女子,南千住,1:47.56,+28.73,0.92,52.56,3.0,3.0,1:49.45,,,1:18.83,1:13.05,1:04.89,3/5
221,80,2026,5,2,長水路,個人,9,100m自由形,女子,,,,,,65～69歳,9,原昌代,女子,市ヶ尾,1:47.91,+29.08,0.9,51.9,2.0,2.0,1:57.00,,,1:18.83,1:13.05,1:04.89,2/6
222,80,2026,5,2,長水路,個人,9,100m自由形,女子,,,,,,65～69歳,10,久保とし子,女子,長津田,1:50.97,+32.14,1.04,51.94,1.0,1.0,1:44.00,,,1:18.83,1:13.05,1:04.89,4/5
223,80,2026,5,2,長水路,個人,9,100m自由形,女子,,,,,,65～69歳,11,宮原美穂,女子,福生,1:54.85,+36.02,0.94,54.84,,,1:58.05,,,1:18.83,1:13.05,1:04.89,2/7
224,80,2026,5,2,長水路,個人,9,100m自由形,女子,,,,,,60～64歳,1,西井良子,女子,福生,1:13.33,+2.02,0.75,34.95,10.0,10.0,1:19.05,,,1:11.31,1:07.47,1:03.70,8/5
225,80,2026,5,2,長水路,個人,9,100m自由形,女子,,,,,,60～64歳,2,前畑章子,女子,慶應日吉,1:19.54,+8.23,0.72,37.55,9.0,9.0,1:20.00,,,1:11.31,1:07.47,1:03.70,8/7
226,80,2026,5,2,長水路,個人,9,100m自由形,女子,,,,,,60～64歳,3,石原なおみ,女子,阿佐谷,1:22.01,+10.70,0.82,38.25,8.0,8.0,1:21.00,,,1:11.31,1:07.47,1:03.70,8/2
227,80,2026,5,2,長水路,個人,9,100m自由形,女子,,,,,,60～64歳,4,伊藤みどり,女子,能見台,1:25.24,+13.93,0.91,40.76,7.0,7.0,1:24.98,,,1:11.31,1:07.47,1:03.70,7/6
228,80,2026,5,2,長水路,個人,9,100m自由形,女子,,,,,,60～64歳,5,大槻真由美,女子,清瀬,1:28.16,+16.85,0.96,41.12,6.0,6.0,1:27.50,,,1:11.31,1:07.47,1:03.70,7/1
229,80,2026,5,2,長水路,個人,9,100m自由形,女子,,,,,,60～64歳,6,福原美奈,女子,稲毛海岸,1:28.18,+16.87,0.77,43.25,5.0,5.0,1:40.00,,,1:11.31,1:07.47,1:03.70,5/4
230,80,2026,5,2,長水路,個人,9,100m自由形,女子,,,,,,60～64歳,7,加藤雅弓,女子,新都心,1:35.45,+24.14,1.11,45.23,4.0,4.0,1:40.00,,,1:11.31,1:07.47,1:03.70,5/6
231,80,2026,5,2,長水路,個人,9,100m自由形,女子,,,,,,60～64歳,8,坂井慶子,女子,大宮宮原,1:38.80,+27.49,0.74,45.12,3.0,3.0,1:55.00,,,1:11.31,1:07.47,1:03.70,3/9
232,80,2026,5,2,長水路,個人,9,100m自由形,女子,,,,,,60～64歳,9,山本登美子,女子,桶川北本,1:40.50,+29.19,0.72,47.59,2.0,2.0,1:39.92,,,1:11.31,1:07.47,1:03.70,6/9
233,80,2026,5,2,長水路,個人,9,100m自由形,女子,,,,,,60～64歳,10,森内裕子,女子,天王洲,1:40.65,+29.34,1.08,47.95,1.0,1.0,1:48.00,,,1:11.31,1:07.47,1:03.70,4/9
234,80,2026,5,2,長水路,個人,9,100m自由形,女子,,,,,,60～64歳,11,星野典子,女子,南千住,1:41.77,+30.46,0.73,48.43,,,1:46.32,,,1:11.31,1:07.47,1:03.70,4/2
235,80,2026,5,2,長水路,個人,9,100m自由形,女子,,,,,,60～64歳,12,田中香苗,女子,青砥,1:44.15,+32.84,0.85,48.38,,,1:50.00,,,1:11.31,1:07.47,1:03.70,3/6
236,80,2026,5,2,長水路,個人,9,100m自由形,女子,,,,,,60～64歳,13,日置睦,女子,我孫子,1:49.88,+38.57,0.89,50.1,,,1:54.20,,,1:11.31,1:07.47,1:03.70,3/2
237,80,2026,5,2,長水路,個人,9,100m自由形,女子,,,,,,60～64歳,14,平澤馨,女子,府中,1:55.72,+44.41,記録なし,54.81,,,2:25.00,,,1:11.31,1:07.47,1:03.70,1/2
238,80,2026,5,2,長水路,個人,9,100m自由形,女子,,,,,,60～64歳,15,三木純子,女子,流山,1:58.13,+46.82,0.83,55.18,,,2:00.00,,,1:11.31,1:07.47,1:03.70,2/9
239,80,2026,5,2,長水路,個人,9,100m自由形,女子,,,,,,60～64歳,16,佐々木政子,女子,大森,2:00.05,+48.74,0.99,54.86,,,2:00.00,,,1:11.31,1:07.47,1:03.70,2/2
240,80,2026,5,2,長水路,個人,9,100m自由形,女子,,,,,,55～59歳,1,原田佳子,女子,葛西,1:13.44,+3.38,0.75,36.74,10.0,10.0,1:14.55,,,1:10.06,1:05.21,1:01.87,9/9
241,80,2026,5,2,長水路,個人,9,100m自由形,女子,,,,,,55～59歳,2,小倉直美,女子,清瀬,1:26.20,+16.14,0.81,39.89,9.0,9.0,1:26.00,,,1:10.06,1:05.21,1:01.87,7/8
242,80,2026,5,2,長水路,個人,9,100m自由形,女子,,,,,,55～59歳,3,成島志雅子,女子,Ｆ宇都宮,1:28.12,+18.06,0.85,40.77,8.0,8.0,1:30.00,,,1:10.06,1:05.21,1:01.87,6/6
243,80,2026,5,2,長水路,個人,9,100m自由形,女子,,,,,,55～59歳,4,武部友美子,女子,東戸塚,1:28.60,+18.54,0.76,41.22,7.0,7.0,1:30.00,,,1:10.06,1:05.21,1:01.87,6/5
244,80,2026,5,2,長水路,個人,9,100m自由形,女子,,,,,,55～59歳,5,北瀬あづさ,女子,市ヶ尾,1:31.08,+21.02,0.86,42.43,6.0,6.0,1:40.00,,,1:10.06,1:05.21,1:01.87,5/7
245,80,2026,5,2,長水路,個人,9,100m自由形,女子,,,,,,55～59歳,6,捶井泰子,女子,用賀,1:34.70,+24.64,0.84,44.91,5.0,5.0,1:35.56,,,1:10.06,1:05.21,1:01.87,6/8
246,80,2026,5,2,長水路,個人,9,100m自由形,女子,,,,,,55～59歳,7,是永朋子,女子,二俣川,1:36.04,+25.98,0.96,44.2,4.0,4.0,1:35.64,,,1:10.06,1:05.21,1:01.87,6/2
247,80,2026,5,2,長水路,個人,9,100m自由形,女子,,,,,,55～59歳,8,吉岡智子,女子,新都心,1:36.45,+26.39,記録なし,45.93,3.0,3.0,1:45.00,,,1:10.06,1:05.21,1:01.87,4/4
248,80,2026,5,2,長水路,個人,9,100m自由形,女子,,,,,,55～59歳,9,津田千鶴,女子,能見台,1:36.78,+26.72,0.82,46.33,2.0,2.0,1:40.12,,,1:10.06,1:05.21,1:01.87,5/3
249,80,2026,5,2,長水路,個人,9,100m自由形,女子,,,,,,55～59歳,10,冨樫真樹子,女子,用賀,1:40.16,+30.10,0.66,47.19,1.0,1.0,1:45.10,,,1:10.06,1:05.21,1:01.87,4/3
250,80,2026,5,2,長水路,個人,9,100m自由形,女子,,,,,,55～59歳,11,大久保彩子,女子,阿佐谷,1:45.68,+35.62,0.86,51.09,,,1:55.00,,,1:10.06,1:05.21,1:01.87,3/1
251,80,2026,5,2,長水路,個人,9,100m自由形,女子,,,,,,55～59歳,12,佐々木夕子,女子,市ヶ尾,1:49.91,+39.85,0.86,52.52,,,1:48.19,,,1:10.06,1:05.21,1:01.87,4/1
252,80,2026,5,2,長水路,個人,9,100m自由形,女子,,,,,,55～59歳,13,田上麻紀,女子,久喜,1:51.80,+41.74,0.76,47.83,,,1:43.26,,,1:10.06,1:05.21,1:01.87,5/10
253,80,2026,5,2,長水路,個人,9,100m自由形,女子,,,,,,50～54歳,1,池田百合子,女子,市ヶ尾,1:07.52,+1.27,0.74,32.58,10.0,10.0,1:07.00,,,1:06.25,1:02.94,1:00.40,10/3
254,80,2026,5,2,長水路,個人,9,100m自由形,女子,,,,,,50～54歳,2,木村美佐子,女子,南宇都宮,1:12.50,+6.25,0.72,34.93,9.0,9.0,1:13.76,,,1:06.25,1:02.94,1:00.40,9/8
255,80,2026,5,2,長水路,個人,9,100m自由形,女子,,,,,,50～54歳,3,杉本浩美,女子,南千住,1:12.54,+6.29,0.73,34.09,8.0,8.0,1:12.52,,,1:06.25,1:02.94,1:00.40,9/3
256,80,2026,5,2,長水路,個人,9,100m自由形,女子,,,,,,50～54歳,4,高橋麻子,女子,市ヶ尾,1:17.83,+11.58,0.81,37.68,7.0,7.0,1:25.00,,,1:06.25,1:02.94,1:00.40,7/4
257,80,2026,5,2,長水路,個人,9,100m自由形,女子,,,,,,50～54歳,5,芳賀加代子,女子,南青山,1:19.87,+13.62,0.78,37.34,6.0,6.0,1:25.26,,,1:06.25,1:02.94,1:00.40,7/3
258,80,2026,5,2,長水路,個人,9,100m自由形,女子,,,,,,50～54歳,6,五十嵐知佐,女子,おおたか,1:24.55,+18.30,0.73,38.12,5.0,5.0,1:26.00,,,1:06.25,1:02.94,1:00.40,7/2
259,80,2026,5,2,長水路,個人,9,100m自由形,女子,,,,,,50～54歳,7,細沼悦子,女子,越谷,1:25.83,+19.58,0.8,40.84,4.0,4.0,1:30.00,,,1:06.25,1:02.94,1:00.40,6/4
260,80,2026,5,2,長水路,個人,9,100m自由形,女子,,,,,,50～54歳,8,福本麻美,女子,慶應日吉,1:27.37,+21.12,0.73,40.68,3.0,3.0,1:22.00,,,1:06.25,1:02.94,1:00.40,8/10
261,80,2026,5,2,長水路,個人,9,100m自由形,女子,,,,,,45～49歳,1,吉村華余,女子,長津田,1:09.84,+1.97,0.82,33.16,10.0,10.0,1:07.78,,,1:07.87,1:03.08,57.4,10/2
262,80,2026,5,2,長水路,個人,9,100m自由形,女子,,,,,,45～49歳,2,小豆澤和代,女子,慶應日吉,1:10.51,+2.64,0.78,33.63,9.0,9.0,1:11.00,,,1:07.87,1:03.08,57.4,9/4
263,80,2026,5,2,長水路,個人,9,100m自由形,女子,,,,,,45～49歳,3,佐々木彩,女子,成城,1:14.08,+6.21,0.67,35.02,8.0,8.0,1:12.00,,,1:07.87,1:03.08,57.4,9/7
264,80,2026,5,2,長水路,個人,9,100m自由形,女子,,,,,,45～49歳,4,小林恵,女子,西新井,1:15.86,+7.99,0.8,36.22,7.0,7.0,1:30.00,,,1:07.87,1:03.08,57.4,6/7
265,80,2026,5,2,長水路,個人,9,100m自由形,女子,,,,,,45～49歳,5,四井美穂,女子,天王洲,1:16.38,+8.51,0.91,36.33,6.0,6.0,1:19.00,,,1:07.87,1:03.08,57.4,9/10
266,80,2026,5,2,長水路,個人,9,100m自由形,女子,,,,,,45～49歳,6,錦織佳奈子,女子,新川崎,1:19.24,+11.37,0.92,37.29,5.0,5.0,1:21.00,,,1:07.87,1:03.08,57.4,8/9
267,80,2026,5,2,長水路,個人,9,100m自由形,女子,,,,,,45～49歳,7,小野真佐子,女子,阿佐谷,1:20.53,+12.66,0.73,36.52,4.0,4.0,1:19.48,,,1:07.87,1:03.08,57.4,8/6
268,80,2026,5,2,長水路,個人,9,100m自由形,女子,,,,,,45～49歳,8,草野茜,女子,二俣川,1:20.75,+12.88,0.67,38.97,3.0,3.0,1:19.50,,,1:07.87,1:03.08,57.4,8/4
269,80,2026,5,2,長水路,個人,9,100m自由形,女子,,,,,,45～49歳,9,藤本淑恵,女子,平塚,1:22.02,+14.15,0.97,39.13,2.0,2.0,1:24.74,,,1:07.87,1:03.08,57.4,7/5
270,80,2026,5,2,長水路,個人,9,100m自由形,女子,,,,,,40～44歳,1,岩田愛恵,女子,成城,1:17.44,+11.20,0.68,35.8,10.0,10.0,1:20.00,,,1:06.24,1:01.38,58.04,8/3
271,80,2026,5,2,長水路,個人,9,100m自由形,女子,,,,,,40～44歳,2,染谷ゆたか,女子,墨田区体育館,1:18.37,+12.13,0.8,38.59,9.0,9.0,1:25.25,,,1:06.24,1:01.38,58.04,7/7
272,80,2026,5,2,長水路,個人,9,100m自由形,女子,,,,,,35～39歳,1,川北恵,女子,長津田,1:05.49,+2.14,0.71,31.01,10.0,10.0,1:05.50,,,1:03.35,57.77,57.24,10/6
273,80,2026,5,2,長水路,個人,9,100m自由形,女子,,,,,,35～39歳,2,小林佳織,女子,大森,1:11.06,+7.71,0.7,33.37,9.0,9.0,1:15.00,,,1:03.35,57.77,57.24,9/1
274,80,2026,5,2,長水路,個人,9,100m自由形,女子,,,,,,35～39歳,3,津田かおり,女子,上池袋,1:17.56,+14.21,0.74,35.09,8.0,8.0,1:10.00,,,1:03.35,57.77,57.24,9/5
275,80,2026,5,2,長水路,個人,9,100m自由形,女子,,,,,,35～39歳,4,渡辺真衣,女子,西新井,1:23.19,+19.84,1.05,38.87,7.0,7.0,1:30.00,,,1:03.35,57.77,57.24,7/10
276,80,2026,5,2,長水路,個人,9,100m自由形,女子,,,,,,30～34歳,1,豊島葉子,女子,袖ケ浦,1:07.60,+4.25,0.72,33.1,10.0,10.0,1:09.50,,,1:03.35,57.76,55.24,10/1
277,80,2026,5,2,長水路,個人,9,100m自由形,女子,,,,,,30～34歳,2,大和久佳江,女子,袖ケ浦,1:07.99,+4.64,0.73,32.14,9.0,9.0,1:10.00,,,1:03.35,57.76,55.24,10/10
278,80,2026,5,2,長水路,個人,9,100m自由形,女子,,,,,,30～34歳,3,宍戸萌,女子,長津田,1:08.60,+5.25,0.74,32.7,8.0,8.0,1:10.00,,,1:03.35,57.76,55.24,9/6
279,80,2026,5,2,長水路,個人,9,100m自由形,女子,,,,,,30～34歳,4,古賀量子,女子,大森,1:37.71,+34.36,0.83,42.53,7.0,7.0,1:40.00,,,1:03.35,57.76,55.24,6/10
280,80,2026,5,2,長水路,個人,9,100m自由形,女子,,,,,,25～29歳,1,小林志穂,女子,葛西,1:04.95,+4.45,0.73,30.76,10.0,10.0,1:05.50,,,1:00.50,57.89,56.96,10/4
281,80,2026,5,2,長水路,個人,9,100m自由形,女子,,,,,,25～29歳,2,ニューボールード菜月,女子,柏,1:05.58,+5.08,0.69,30.73,9.0,9.0,1:06.84,,,1:00.50,57.89,56.96,10/7
282,80,2026,5,2,長水路,個人,9,100m自由形,女子,,,,,,25～29歳,3,新後海優,女子,トレッサ,1:05.98,+5.48,0.75,31.46,8.0,8.0,1:04.00,,,1:00.50,57.89,56.96,10/5
283,80,2026,5,2,長水路,個人,9,100m自由形,女子,,,,,,25～29歳,4,池田志保,女子,大宮宮原,1:08.47,+7.97,0.68,32.62,7.0,7.0,1:08.00,,,1:00.50,57.89,56.96,10/9
284,80,2026,5,2,長水路,個人,9,100m自由形,女子,,,,,,25～29歳,5,足立知実,女子,平塚,1:19.57,+19.07,0.68,38.45,6.0,6.0,1:21.00,,,1:00.50,57.89,56.96,8/1
285,80,2026,5,2,長水路,個人,9,100m自由形,女子,,,,,,25～29歳,6,村岡礼奈,女子,桶川北本,1:20.68,+20.18,0.69,38.25,5.0,5.0,1:20.00,,,1:00.50,57.89,56.96,8/8
286,80,2026,5,2,長水路,個人,9,100m自由形,女子,,,,,,18～24歳,1,梶井美杏,女子,清瀬,1:07.61,+6.05,0.73,32.53,10.0,10.0,1:07.00,,,1:01.56,58.37,記録なし,10/8
287,80,2026,5,2,長水路,個人,10,100m自由形,男子,,,,,,85～89歳,1,中田正二,男子,成城,1:36.13,-1.77,1.01,45.22,10.0,10.0,2:30.00,,大会新,1:37.90,1:22.25,1:22.25,1/9
288,80,2026,5,2,長水路,個人,10,100m自由形,男子,,,,,,85～89歳,2,井上隆史,男子,市ヶ尾,1:39.34,+1.44,0.89,45.35,9.0,9.0,1:39.14,,,1:37.90,1:22.25,1:22.25,2/9
289,80,2026,5,2,長水路,個人,10,100m自由形,男子,,,,,,75～79歳,1,大倉健志,男子,流山,1:33.96,+20.03,1.03,43.29,10.0,10.0,1:40.00,,,1:13.93,1:06.40,1:06.40,1/5
290,80,2026,5,2,長水路,個人,10,100m自由形,男子,,,,,,75～79歳,2,服部陽一,男子,成瀬,1:34.14,+20.21,0.82,46.16,9.0,9.0,1:35.48,,,1:13.93,1:06.40,1:06.40,2/8
291,80,2026,5,2,長水路,個人,10,100m自由形,男子,,,,,,70～74歳,1,吉原一彦,男子,阿佐谷,1:08.50,-3.00,0.75,33.18,10.0,10.0,1:06.67,,大会新,1:11.50,1:03.17,1:02.80,7/5
292,80,2026,5,2,長水路,個人,10,100m自由形,男子,,,,,,70～74歳,2,亀田一麿,男子,東戸塚,1:19.53,+8.03,0.86,35.59,9.0,9.0,1:18.00,,,1:11.50,1:03.17,1:02.80,5/2
293,80,2026,5,2,長水路,個人,10,100m自由形,男子,,,,,,70～74歳,3,柏木治久,男子,成瀬,1:20.11,+8.61,0.86,39.41,8.0,8.0,1:25.00,,,1:11.50,1:03.17,1:02.80,3/5
294,80,2026,5,2,長水路,個人,10,100m自由形,男子,,,,,,70～74歳,4,若月優,男子,横浜,1:22.62,+11.12,0.87,41.41,7.0,7.0,1:27.18,,,1:11.50,1:03.17,1:02.80,3/8
295,80,2026,5,2,長水路,個人,10,100m自由形,男子,,,,,,70～74歳,5,加藤均,男子,セン南,1:26.46,+14.96,1.02,41.4,6.0,6.0,1:30.00,,,1:11.50,1:03.17,1:02.80,2/5
296,80,2026,5,2,長水路,個人,10,100m自由形,男子,,,,,,70～74歳,6,長野守,男子,慶應日吉,1:28.47,+16.97,0.82,41.64,5.0,5.0,1:30.00,,,1:11.50,1:03.17,1:02.80,3/1
297,80,2026,5,2,長水路,個人,10,100m自由形,男子,,,,,,70～74歳,7,香川左近,男子,二俣川,1:32.56,+21.06,0.92,41.53,4.0,4.0,1:30.00,,,1:11.50,1:03.17,1:02.80,3/9
298,80,2026,5,2,長水路,個人,10,100m自由形,男子,,,,,,70～74歳,8,折居彰,男子,阿佐谷,1:33.51,+22.01,1.18,46.13,3.0,3.0,1:40.00,,,1:11.50,1:03.17,1:02.80,1/6
299,80,2026,5,2,長水路,個人,10,100m自由形,男子,,,,,,70～74歳,9,岸田孝,男子,南青山,1:40.58,+29.08,0.91,46.27,2.0,2.0,1:50.00,,,1:11.50,1:03.17,1:02.80,1/8
300,80,2026,5,2,長水路,個人,10,100m自由形,男子,,,,,,70～74歳,10,松下達一,男子,西新井,1:42.18,+30.68,1.13,51.4,1.0,1.0,1:42.66,,,1:11.50,1:03.17,1:02.80,1/7
301,80,2026,5,2,長水路,個人,10,100m自由形,男子,,,,,,70～74歳,11,森下善夫,男子,大宮宮原,1:42.34,+30.84,0.89,1:42.34,,,1:45.38,,,1:11.50,1:03.17,1:02.80,1/3
302,80,2026,5,2,長水路,個人,10,100m自由形,男子,,,,,,65～69歳,1,海辺信吉,男子,おおたか,1:09.87,+4.68,0.79,32.79,10.0,10.0,1:12.00,,,1:05.19,1:02.14,59.49,6/3
303,80,2026,5,2,長水路,個人,10,100m自由形,男子,,,,,,65～69歳,2,和田浩一,男子,用賀,1:10.82,+5.63,0.7,33.27,9.0,9.0,1:10.46,,,1:05.19,1:02.14,59.49,6/5
304,80,2026,5,2,長水路,個人,10,100m自由形,男子,,,,,,65～69歳,3,若島健二,男子,二俣川,1:19.62,+14.43,0.83,38.79,8.0,8.0,1:15.17,,,1:05.19,1:02.14,59.49,5/3
305,80,2026,5,2,長水路,個人,10,100m自由形,男子,,,,,,65～69歳,4,山本和巳,男子,茂原,1:21.84,+16.65,0.82,40.8,7.0,7.0,1:26.07,,,1:05.19,1:02.14,59.49,3/7
306,80,2026,5,2,長水路,個人,10,100m自由形,男子,,,,,,65～69歳,5,小島淳,男子,柏,1:22.85,+17.66,0.73,40.35,6.0,6.0,1:30.00,,,1:05.19,1:02.14,59.49,3/10
307,80,2026,5,2,長水路,個人,10,100m自由形,男子,,,,,,65～69歳,6,仲宇佐隆一,男子,横浜,1:24.24,+19.05,0.89,39.48,5.0,5.0,1:24.26,,,1:05.19,1:02.14,59.49,4/10
308,80,2026,5,2,長水路,個人,10,100m自由形,男子,,,,,,65～69歳,7,二宮次郎,男子,南宇都宮,1:24.92,+19.73,0.7,38.62,4.0,4.0,1:27.45,,,1:05.19,1:02.14,59.49,3/2
309,80,2026,5,2,長水路,個人,10,100m自由形,男子,,,,,,65～69歳,8,竹内新,男子,府中,1:25.11,+19.92,0.95,42.59,3.0,3.0,1:24.19,,,1:05.19,1:02.14,59.49,4/1
310,80,2026,5,2,長水路,個人,10,100m自由形,男子,,,,,,65～69歳,9,大滝恭伸,男子,市ヶ尾,1:26.29,+21.10,1.1,42.78,2.0,2.0,1:40.00,,,1:05.19,1:02.14,59.49,1/4
311,80,2026,5,2,長水路,個人,10,100m自由形,男子,,,,,,65～69歳,10,佐藤信弘,男子,桶川北本,1:29.62,+24.43,0.94,41.08,1.0,1.0,1:32.60,,,1:05.19,1:02.14,59.49,2/4
312,80,2026,5,2,長水路,個人,10,100m自由形,男子,,,,,,65～69歳,11,赤坂吉昭,男子,葛西,1:37.06,+31.87,0.9,49.13,,,1:35.00,,,1:05.19,1:02.14,59.49,2/7
313,80,2026,5,2,長水路,個人,10,100m自由形,男子,,,,,,65～69歳,12,宮内譲志,男子,おおたか,1:37.41,+32.22,0.87,45.87,,,1:35.00,,,1:05.19,1:02.14,59.49,2/3
314,80,2026,5,2,長水路,個人,10,100m自由形,男子,,,,,,60～64歳,1,小林健,男子,葛西,1:10.03,+5.73,0.73,33.52,10.0,10.0,1:10.50,,,1:04.30,1:00.33,57.39,6/6
315,80,2026,5,2,長水路,個人,10,100m自由形,男子,,,,,,60～64歳,2,山賀勝之,男子,南青山,1:11.77,+7.47,0.72,34.04,9.0,9.0,1:13.00,,,1:04.30,1:00.33,57.39,6/8
316,80,2026,5,2,長水路,個人,10,100m自由形,男子,,,,,,60～64歳,3,池谷千尋,男子,長津田,1:14.10,+9.80,0.78,35.94,8.0,8.0,1:15.82,,,1:04.30,1:00.33,57.39,5/8
317,80,2026,5,2,長水路,個人,10,100m自由形,男子,,,,,,60～64歳,4,小松崎浩,男子,府中,1:19.01,+14.71,0.95,38.83,7.0,7.0,1:20.00,,,1:04.30,1:00.33,57.39,4/6
318,80,2026,5,2,長水路,個人,10,100m自由形,男子,,,,,,60～64歳,5,二宮淳,男子,トレッサ,1:20.19,+15.89,0.74,38.05,6.0,6.0,1:20.57,,,1:04.30,1:00.33,57.39,4/8
319,80,2026,5,2,長水路,個人,10,100m自由形,男子,,,,,,60～64歳,6,近藤正之,男子,上池袋,1:20.50,+16.20,0.97,37.46,5.0,5.0,1:19.32,,,1:04.30,1:00.33,57.39,5/10
320,80,2026,5,2,長水路,個人,10,100m自由形,男子,,,,,,60～64歳,7,吉峯幸郎,男子,用賀,1:21.84,+17.54,0.94,38.48,4.0,4.0,1:19.82,,,1:04.30,1:00.33,57.39,4/5
321,80,2026,5,2,長水路,個人,10,100m自由形,男子,,,,,,60～64歳,8,横山恵一,男子,越谷,1:23.17,+18.87,0.85,41.37,3.0,3.0,1:22.18,,,1:04.30,1:00.33,57.39,4/9
322,80,2026,5,2,長水路,個人,10,100m自由形,男子,,,,,,60～64歳,9,近江信之,男子,武蔵小杉,1:23.82,+19.52,0.82,42.02,2.0,2.0,1:19.23,,,1:04.30,1:00.33,57.39,5/1
323,80,2026,5,2,長水路,個人,10,100m自由形,男子,,,,,,60～64歳,10,二宮博,男子,横浜,1:27.52,+23.22,0.81,41.38,1.0,1.0,1:26.00,,,1:04.30,1:00.33,57.39,3/6
324,80,2026,5,2,長水路,個人,10,100m自由形,男子,,,,,,60～64歳,11,半澤繁,男子,清瀬,1:46.31,+42.01,0.92,47.43,,,1:50.00,,,1:04.30,1:00.33,57.39,1/2
325,80,2026,5,2,長水路,個人,10,100m自由形,男子,,,,,,55～59歳,1,早川友二,男子,武蔵小杉,1:03.58,+1.10,0.76,30.41,10.0,10.0,1:05.00,,,1:02.48,57.52,55.76,8/8
326,80,2026,5,2,長水路,個人,10,100m自由形,男子,,,,,,55～59歳,2,清田真人,男子,大宮宮原,1:07.07,+4.59,0.7,32.51,9.0,9.0,1:10.50,,,1:02.48,57.52,55.76,6/4
327,80,2026,5,2,長水路,個人,10,100m自由形,男子,,,,,,55～59歳,3,西野宮冬木,男子,長津田,1:08.83,+6.35,0.91,33.4,8.0,8.0,1:08.93,,,1:02.48,57.52,55.76,7/3
328,80,2026,5,2,長水路,個人,10,100m自由形,男子,,,,,,55～59歳,4,木村秀光,男子,上池袋,1:12.15,+9.67,0.9,33.76,7.0,7.0,1:13.29,,,1:02.48,57.52,55.76,6/2
329,80,2026,5,2,長水路,個人,10,100m自由形,男子,,,,,,55～59歳,5,本間丈博,男子,稲毛海岸,1:14.92,+12.44,0.79,36.16,6.0,6.0,1:13.52,,,1:02.48,57.52,55.76,6/9
330,80,2026,5,2,長水路,個人,10,100m自由形,男子,,,,,,55～59歳,6,加藤寿起,男子,袖ケ浦,1:17.56,+15.08,0.8,36.06,5.0,5.0,1:20.00,,,1:02.48,57.52,55.76,4/4
331,80,2026,5,2,長水路,個人,10,100m自由形,男子,,,,,,55～59歳,7,猪野周九,男子,谷津,1:18.77,+16.29,0.76,36.35,4.0,4.0,1:18.00,,,1:02.48,57.52,55.76,5/9
332,80,2026,5,2,長水路,個人,10,100m自由形,男子,,,,,,55～59歳,8,大木義之,男子,清瀬,1:25.22,+22.74,0.82,40.12,3.0,3.0,1:22.01,,,1:02.48,57.52,55.76,4/2
333,80,2026,5,2,長水路,個人,10,100m自由形,男子,,,,,,55～59歳,9,日暮正明,男子,天王洲,1:27.27,+24.79,0.95,38.18,2.0,2.0,1:30.80,,,1:02.48,57.52,55.76,2/6
334,80,2026,5,2,長水路,個人,10,100m自由形,男子,,,,,,55～59歳,10,中田雄也,男子,墨田区体育館,1:33.35,+30.87,0.64,41.58,1.0,1.0,1:26.05,,,1:02.48,57.52,55.76,3/4
335,80,2026,5,2,長水路,個人,10,100m自由形,男子,,,,,,55～59歳,11,佐藤流生,男子,天王洲,1:42.24,+39.76,0.99,47.95,,,1:39.26,,,1:02.48,57.52,55.76,2/1
336,80,2026,5,2,長水路,個人,10,100m自由形,男子,,,,,,50～54歳,1,田窪達,男子,市ヶ尾,57.88,-0.76,0.77,27.79,10.0,10.0,57.34,,大会新,58.64,53.04,53.04,10/8
337,80,2026,5,2,長水路,個人,10,100m自由形,男子,,,,,,50～54歳,2,北川貴義,男子,阿佐谷,1:01.97,+3.33,0.71,29.88,9.0,9.0,1:01.50,,,58.64,53.04,53.04,9/9
338,80,2026,5,2,長水路,個人,10,100m自由形,男子,,,,,,50～54歳,3,石上智啓,男子,二俣川,1:05.44,+6.80,0.77,30.71,8.0,8.0,1:06.00,,,58.64,53.04,53.04,8/1
339,80,2026,5,2,長水路,個人,10,100m自由形,男子,,,,,,50～54歳,4,堀川広祐,男子,二俣川,1:09.79,+11.15,0.66,33.25,7.0,7.0,1:08.47,,,58.64,53.04,53.04,7/7
340,80,2026,5,2,長水路,個人,10,100m自由形,男子,,,,,,50～54歳,5,藤井清和,男子,武蔵小杉,1:10.00,+11.36,0.63,34.06,6.0,6.0,1:10.83,,,58.64,53.04,53.04,6/7
341,80,2026,5,2,長水路,個人,10,100m自由形,男子,,,,,,50～54歳,6,山村稔,男子,越谷,1:14.05,+15.41,0.8,34.36,5.0,5.0,1:15.00,,,58.64,53.04,53.04,5/6
342,80,2026,5,2,長水路,個人,10,100m自由形,男子,,,,,,50～54歳,7,藤田一寿,男子,成城,1:14.56,+15.92,0.84,34.47,4.0,4.0,1:10.00,,,58.64,53.04,53.04,7/2
343,80,2026,5,2,長水路,個人,10,100m自由形,男子,,,,,,50～54歳,8,上田徹,男子,阿佐谷,1:20.81,+22.17,0.99,39,3.0,3.0,1:20.00,,,58.64,53.04,53.04,4/7
344,80,2026,5,2,長水路,個人,10,100m自由形,男子,,,,,,50～54歳,9,三﨑淳二,男子,桶川北本,1:28.30,+29.66,0.74,39.72,2.0,2.0,1:26.84,,,58.64,53.04,53.04,3/3
345,80,2026,5,2,長水路,個人,10,100m自由形,男子,,,,,,45～49歳,1,鶴谷学,男子,二俣川,56.36,-0.17,0.64,26.86,10.0,10.0,58.05,,大会新,56.53,52.24,52.24,10/9
346,80,2026,5,2,長水路,個人,10,100m自由形,男子,,,,,,45～49歳,2,秋山朝紀,男子,大森,1:01.93,+5.40,0.67,29.75,9.0,9.0,1:00.76,,,56.53,52.24,52.24,9/2
347,80,2026,5,2,長水路,個人,10,100m自由形,男子,,,,,,45～49歳,3,倉持公一,男子,天王洲,1:03.06,+6.53,0.71,28.83,8.0,8.0,1:03.55,,,56.53,52.24,52.24,8/7
348,80,2026,5,2,長水路,個人,10,100m自由形,男子,,,,,,45～49歳,4,山内悠,男子,市ヶ尾,1:04.89,+8.36,0.83,30.9,7.0,7.0,1:02.73,,,56.53,52.24,52.24,8/5
349,80,2026,5,2,長水路,個人,10,100m自由形,男子,,,,,,45～49歳,5,今井裕介,男子,南千住,1:07.19,+10.66,0.7,31.91,6.0,6.0,1:07.52,,,56.53,52.24,52.24,7/4
350,80,2026,5,2,長水路,個人,10,100m自由形,男子,,,,,,45～49歳,6,西田幸弘,男子,藤沢,1:09.72,+13.19,0.72,32.75,5.0,5.0,1:10.20,,,56.53,52.24,52.24,7/10
351,80,2026,5,2,長水路,個人,10,100m自由形,男子,,,,,,45～49歳,7,齊藤仁,男子,茂原,1:13.68,+17.15,0.78,35.77,4.0,4.0,1:15.00,,,56.53,52.24,52.24,6/1
352,80,2026,5,2,長水路,個人,10,100m自由形,男子,,,,,,45～49歳,8,小島直政,男子,久喜,1:15.14,+18.61,0.84,36.18,3.0,3.0,1:15.00,,,56.53,52.24,52.24,5/4
353,80,2026,5,2,長水路,個人,10,100m自由形,男子,,,,,,40～44歳,1,鈴木謙太朗,男子,用賀,56.33,+0.13,0.65,26.74,10.0,10.0,57,,,56.2,51.21,50.73,10/4
354,80,2026,5,2,長水路,個人,10,100m自由形,男子,,,,,,40～44歳,2,和田弘太郎,男子,阿佐谷,1:00.59,+4.39,0.66,29.07,9.0,9.0,1:00.00,,,56.2,51.21,50.73,9/4
355,80,2026,5,2,長水路,個人,10,100m自由形,男子,,,,,,40～44歳,3,矢作歩,男子,長津田,1:01.64,+5.44,0.81,30.18,8.0,8.0,1:00.69,,,56.2,51.21,50.73,9/8
356,80,2026,5,2,長水路,個人,10,100m自由形,男子,,,,,,40～44歳,4,木村考太,男子,市ヶ尾,1:06.40,+10.20,0.84,31.89,7.0,7.0,1:02.99,,,56.2,51.21,50.73,8/4
357,80,2026,5,2,長水路,個人,10,100m自由形,男子,,,,,,40～44歳,5,松本光太郎,男子,袖ケ浦,1:07.57,+11.37,0.84,29.91,6.0,6.0,59.98,,,56.2,51.21,50.73,9/6
358,80,2026,5,2,長水路,個人,10,100m自由形,男子,,,,,,40～44歳,6,浅岡遼,男子,用賀,1:09.19,+12.99,0.75,32.52,5.0,5.0,1:10.00,,,56.2,51.21,50.73,7/9
359,80,2026,5,2,長水路,個人,10,100m自由形,男子,,,,,,40～44歳,7,西尾直人,男子,武蔵小杉,1:15.49,+19.29,0.76,34.01,4.0,4.0,1:15.02,,,56.2,51.21,50.73,5/7
360,80,2026,5,2,長水路,個人,10,100m自由形,男子,,,,,,35～39歳,1,板垣義人,男子,トレッサ,54.68,+0.83,0.63,25.99,10.0,10.0,57,,,53.85,50.78,50.55,10/7
361,80,2026,5,2,長水路,個人,10,100m自由形,男子,,,,,,35～39歳,2,石井孟,男子,葛西,58.81,+4.96,0.6,28.06,9.0,9.0,58.4,,,53.85,50.78,50.55,10/1
362,80,2026,5,2,長水路,個人,10,100m自由形,男子,,,,,,35～39歳,3,岩本和也,男子,志木,1:00.03,+6.18,0.67,29.13,8.0,8.0,1:00.00,,,53.85,50.78,50.55,9/7
363,80,2026,5,2,長水路,個人,10,100m自由形,男子,,,,,,35～39歳,4,吉川重行,男子,桶川北本,1:01.30,+7.45,0.68,29.09,7.0,7.0,1:01.75,,,53.85,50.78,50.55,9/1
364,80,2026,5,2,長水路,個人,10,100m自由形,男子,,,,,,35～39歳,5,新福留広貴,男子,二俣川,1:01.39,+7.54,0.81,29.56,6.0,6.0,1:10.00,,,53.85,50.78,50.55,7/1
365,80,2026,5,2,長水路,個人,10,100m自由形,男子,,,,,,35～39歳,6,榊原雅史,男子,武蔵小杉,1:02.61,+8.76,0.62,28.96,5.0,5.0,1:04.00,,,53.85,50.78,50.55,8/3
366,80,2026,5,2,長水路,個人,10,100m自由形,男子,,,,,,35～39歳,7,伊藤孝優,男子,八王子,1:05.07,+11.22,0.73,30.3,4.0,4.0,1:02.71,,,53.85,50.78,50.55,9/10
367,80,2026,5,2,長水路,個人,10,100m自由形,男子,,,,,,35～39歳,8,吉澤宏紀,男子,八王子,1:06.07,+12.22,0.68,32.22,3.0,3.0,1:02.94,,,53.85,50.78,50.55,8/6
368,80,2026,5,2,長水路,個人,10,100m自由形,男子,,,,,,35～39歳,9,渡部慎也,男子,大森,1:06.64,+12.79,0.69,30.99,2.0,2.0,1:06.04,,,53.85,50.78,50.55,8/10
369,80,2026,5,2,長水路,個人,10,100m自由形,男子,,,,,,35～39歳,10,寺田遼太,男子,天王洲,1:07.22,+13.37,0.77,30.83,1.0,1.0,1:06.99,,,53.85,50.78,50.55,7/6
370,80,2026,5,2,長水路,個人,10,100m自由形,男子,,,,,,30～34歳,1,江熊夕人,男子,慶應日吉,1:06.41,+12.51,0.78,32.39,10.0,10.0,1:05.00,,,53.9,51.34,49.8,8/2
371,80,2026,5,2,長水路,個人,10,100m自由形,男子,,,,,,30～34歳,2,山田義明,男子,おおたか,1:18.04,+24.14,0.79,37.26,9.0,9.0,1:20.00,,,53.9,51.34,49.8,4/3
372,80,2026,5,2,長水路,個人,10,100m自由形,男子,,,,,,25～29歳,1,金子智哉,男子,志木,1:02.70,+10.57,0.88,29.31,10.0,10.0,1:05.00,,,52.13,50.75,48.72,8/9
373,80,2026,5,2,長水路,個人,10,100m自由形,男子,,,,,,25～29歳,2,武本侑己,男子,青砥,1:02.74,+10.61,0.76,29.81,9.0,9.0,59,,,52.13,50.75,48.72,9/5
374,80,2026,5,2,長水路,個人,10,100m自由形,男子,,,,,,18～24歳,1,山本拓武,男子,トレッサ,52.23,+0.12,0.64,25.37,10.0,10.0,53,,,52.11,50.7,記録なし,10/5
375,80,2026,5,2,長水路,個人,10,100m自由形,男子,,,,,,18～24歳,2,小山亜納,男子,上池袋,55.48,+3.37,0.66,26.5,9.0,9.0,55,,,52.11,50.7,記録なし,10/6
376,80,2026,5,2,長水路,個人,10,100m自由形,男子,,,,,,18～24歳,3,綿貫太地,男子,市ヶ尾,56.13,+4.02,0.68,27.75,8.0,8.0,57,,,52.11,50.7,記録なし,10/3
377,80,2026,5,2,長水路,個人,10,100m自由形,男子,,,,,,18～24歳,4,安齊大和,男子,ザバス八景,57.57,+5.46,0.67,26.66,7.0,7.0,57.5,,,52.11,50.7,記録なし,10/2
378,80,2026,5,2,長水路,個人,10,100m自由形,男子,,,,,,18～24歳,5,藤井龍生,男子,横浜,1:00.22,+8.11,0.61,29.06,6.0,6.0,1:00.00,,,52.11,50.7,記録なし,9/3
379,80,2026,5,2,長水路,個人,10,100m自由形,男子,,,,,,18～24歳,6,浅井春人,男子,清瀬,1:00.48,+8.37,0.71,28.75,5.0,5.0,59,,,52.11,50.7,記録なし,10/10
380,80,2026,5,2,長水路,個人,13,50m背泳ぎ,女子,,,,,,90～94歳,1,須山順子,女子,松戸,1:06.64,-24.09,0.85,,10.0,10.0,1:02.00,,大会新,1:30.73,1:02.76,53.25,5/5
381,80,2026,5,2,長水路,個人,13,50m背泳ぎ,女子,,,,,,85～89歳,1,三浦実恵子,女子,館山,1:03.80,+4.66,1.11,,10.0,10.0,1:20.00,,,59.14,46.25,46.25,1/5
382,80,2026,5,2,長水路,個人,13,50m背泳ぎ,女子,,,,,,85～89歳,2,田中もみぢ,女子,おおたか,1:04.53,+5.39,0.72,,9.0,9.0,1:02.72,,,59.14,46.25,46.25,5/4
383,80,2026,5,2,長水路,個人,13,50m背泳ぎ,女子,,,,,,85～89歳,3,平田美佐子,女子,天王洲,1:18.21,+19.07,0.87,,8.0,8.0,1:30.25,,,59.14,46.25,46.25,1/4
384,80,2026,5,2,長水路,個人,13,50m背泳ぎ,女子,,,,,,85～89歳,4,加藤直子,女子,横浜,1:35.96,+36.82,1.03,,7.0,7.0,1:43.00,,,59.14,46.25,46.25,1/7
385,80,2026,5,2,長水路,個人,13,50m背泳ぎ,女子,,,,,,80～84歳,1,古旗美鈴,女子,上池袋,56.43,+3.57,0.96,,10.0,10.0,58.81,,,52.86,43.04,43.04,7/1
386,80,2026,5,2,長水路,個人,13,50m背泳ぎ,女子,,,,,,80～84歳,2,川口栄子,女子,松戸,56.74,+3.88,0.87,,9.0,9.0,57.3,,,52.86,43.04,43.04,7/3
387,80,2026,5,2,長水路,個人,13,50m背泳ぎ,女子,,,,,,80～84歳,3,中村敬子,女子,府中,59.71,+6.85,0.96,,8.0,8.0,1:08.00,,,52.86,43.04,43.04,3/5
388,80,2026,5,2,長水路,個人,13,50m背泳ぎ,女子,,,,,,80～84歳,4,舘野圭子,女子,用賀,1:05.49,+12.63,0.69,,7.0,7.0,1:07.00,,,52.86,43.04,43.04,4/8
389,80,2026,5,2,長水路,個人,13,50m背泳ぎ,女子,,,,,,80～84歳,5,浜野操子,女子,流山,1:06.02,+13.16,0.68,,6.0,6.0,1:10.00,,,52.86,43.04,43.04,3/7
390,80,2026,5,2,長水路,個人,13,50m背泳ぎ,女子,,,,,,80～84歳,6,岡本靖子,女子,慶應日吉,1:08.85,+15.99,1.06,,5.0,5.0,1:06.80,,,52.86,43.04,43.04,4/3
391,80,2026,5,2,長水路,個人,13,50m背泳ぎ,女子,,,,,,80～84歳,7,八田清子,女子,松戸,1:09.04,+16.18,0.92,,4.0,4.0,1:20.00,,,52.86,43.04,43.04,1/6
392,80,2026,5,2,長水路,個人,13,50m背泳ぎ,女子,,,,,,80～84歳,8,栗原羊子,女子,流山,1:11.75,+18.89,1.01,,3.0,3.0,1:13.49,,,52.86,43.04,43.04,2/4
393,80,2026,5,2,長水路,個人,13,50m背泳ぎ,女子,,,,,,80～84歳,9,山口英子,女子,流山,1:12.79,+19.93,0.92,,2.0,2.0,1:09.41,,,52.86,43.04,43.04,3/4
394,80,2026,5,2,長水路,個人,13,50m背泳ぎ,女子,,,,,,80～84歳,10,相澤和子,女子,久喜,1:18.54,+25.68,0.71,,1.0,1.0,1:20.00,,,52.86,43.04,43.04,2/8
395,80,2026,5,2,長水路,個人,13,50m背泳ぎ,女子,,,,,,80～84歳,11,西村咲喜子,女子,志木,1:39.57,+46.71,1.08,,,,1:50.00,,,52.86,43.04,43.04,1/3
396,80,2026,5,2,長水路,個人,13,50m背泳ぎ,女子,,,,,,75～79歳,1,市野克子,女子,大森,49.27,+1.27,0.84,,10.0,10.0,53.32,,,48,40.56,38.17,9/2
397,80,2026,5,2,長水路,個人,13,50m背泳ぎ,女子,,,,,,75～79歳,2,田中節子,女子,館山,51.48,+3.48,0.78,,9.0,9.0,1:10.00,,,48,40.56,38.17,3/3
398,80,2026,5,2,長水路,個人,13,50m背泳ぎ,女子,,,,,,75～79歳,3,室谷晴江,女子,大森,54.53,+6.53,0.78,,8.0,8.0,1:00.00,,,48,40.56,38.17,6/3
399,80,2026,5,2,長水路,個人,13,50m背泳ぎ,女子,,,,,,75～79歳,4,水谷裕子,女子,西新井,55.2,+7.20,0.84,,7.0,7.0,53.59,,,48,40.56,38.17,9/9
400,80,2026,5,2,長水路,個人,13,50m背泳ぎ,女子,,,,,,75～79歳,5,藤井一恵,女子,大森,55.71,+7.71,0.83,,6.0,6.0,54.15,,,48,40.56,38.17,8/6
401,80,2026,5,2,長水路,個人,13,50m背泳ぎ,女子,,,,,,75～79歳,6,小池藤子,女子,新三郷,57.19,+9.19,0.65,,5.0,5.0,1:02.10,,,48,40.56,38.17,5/6
402,80,2026,5,2,長水路,個人,13,50m背泳ぎ,女子,,,,,,75～79歳,7,栗林眞知子,女子,成城,57.91,+9.91,0.85,,4.0,4.0,59,,,48,40.56,38.17,6/5
403,80,2026,5,2,長水路,個人,13,50m背泳ぎ,女子,,,,,,75～79歳,8,福田加代子,女子,戸塚,59.5,+11.50,0.78,,3.0,3.0,1:00.85,,,48,40.56,38.17,6/1
404,80,2026,5,2,長水路,個人,13,50m背泳ぎ,女子,,,,,,75～79歳,9,畔上節子,女子,二俣川,1:00.53,+12.53,0.88,,2.0,2.0,1:15.00,,,48,40.56,38.17,2/3
405,80,2026,5,2,長水路,個人,13,50m背泳ぎ,女子,,,,,,75～79歳,10,原田早苗,女子,南千住,1:00.97,+12.97,0.94,,1.0,1.0,1:03.00,,,48,40.56,38.17,5/7
406,80,2026,5,2,長水路,個人,13,50m背泳ぎ,女子,,,,,,75～79歳,11,藤田悦子,女子,二俣川,1:03.81,+15.81,0.87,,,,1:10.51,,,48,40.56,38.17,2/5
407,80,2026,5,2,長水路,個人,13,50m背泳ぎ,女子,,,,,,75～79歳,12,岡田啓子,女子,桶川北本,1:04.15,+16.15,0.92,,,,1:05.00,,,48,40.56,38.17,4/5
408,80,2026,5,2,長水路,個人,13,50m背泳ぎ,女子,,,,,,75～79歳,13,福島孝江,女子,松戸,1:05.31,+17.31,1.02,,,,1:08.00,,,48,40.56,38.17,3/6
409,80,2026,5,2,長水路,個人,13,50m背泳ぎ,女子,,,,,,70～74歳,1,石崎節代,女子,南千住,50.74,+5.56,0.75,,10.0,10.0,52.3,,,45.18,39.67,34.65,9/7
410,80,2026,5,2,長水路,個人,13,50m背泳ぎ,女子,,,,,,70～74歳,2,森本美恵,女子,松戸,52.65,+7.47,0.83,,9.0,9.0,51,,,45.18,39.67,34.65,9/6
411,80,2026,5,2,長水路,個人,13,50m背泳ぎ,女子,,,,,,70～74歳,3,小笠原京子,女子,流山,53.16,+7.98,0.65,,8.0,8.0,1:00.00,,,45.18,39.67,34.65,6/2
412,80,2026,5,2,長水路,個人,13,50m背泳ぎ,女子,,,,,,70～74歳,4,平山啓子,女子,南青山,54.1,+8.92,0.75,,7.0,7.0,56.52,,,45.18,39.67,34.65,7/6
413,80,2026,5,2,長水路,個人,13,50m背泳ぎ,女子,,,,,,70～74歳,5,光畑千栄子,女子,成瀬,54.54,+9.36,0.77,,6.0,6.0,54,,,45.18,39.67,34.65,8/5
414,80,2026,5,2,長水路,個人,13,50m背泳ぎ,女子,,,,,,70～74歳,6,掃部典子,女子,曽谷,55.54,+10.36,0.76,,5.0,5.0,58.12,,,45.18,39.67,34.65,7/2
415,80,2026,5,2,長水路,個人,13,50m背泳ぎ,女子,,,,,,70～74歳,7,相澤史子,女子,松戸,55.59,+10.41,0.69,,4.0,4.0,57,,,45.18,39.67,34.65,7/7
416,80,2026,5,2,長水路,個人,13,50m背泳ぎ,女子,,,,,,70～74歳,8,梅田栄己子,女子,天王洲,57.6,+12.42,0.74,,3.0,3.0,59,,,45.18,39.67,34.65,6/6
417,80,2026,5,2,長水路,個人,13,50m背泳ぎ,女子,,,,,,70～74歳,9,高木保子,女子,おおたか,57.63,+12.45,0.78,,2.0,2.0,1:00.00,,,45.18,39.67,34.65,6/8
418,80,2026,5,2,長水路,個人,13,50m背泳ぎ,女子,,,,,,70～74歳,10,酒谷真砂子,女子,戸塚,57.66,+12.48,0.73,,1.0,1.0,55.07,,,45.18,39.67,34.65,8/1
419,80,2026,5,2,長水路,個人,13,50m背泳ぎ,女子,,,,,,70～74歳,11,新井瑞枝,女子,流山,58.55,+13.37,0.86,,,,1:05.00,,,45.18,39.67,34.65,4/7
420,80,2026,5,2,長水路,個人,13,50m背泳ぎ,女子,,,,,,70～74歳,12,清水裕子,女子,二俣川,59.79,+14.61,0.82,,,,1:05.00,,,45.18,39.67,34.65,4/6
421,80,2026,5,2,長水路,個人,13,50m背泳ぎ,女子,,,,,,70～74歳,13,吉田あけみ,女子,館山,1:00.56,+15.38,0.95,,,,1:07.00,,,45.18,39.67,34.65,4/2
422,80,2026,5,2,長水路,個人,13,50m背泳ぎ,女子,,,,,,70～74歳,14,畠山眞由美,女子,柏,1:01.37,+16.19,0.76,,,,1:05.00,,,45.18,39.67,34.65,4/4
423,80,2026,5,2,長水路,個人,13,50m背泳ぎ,女子,,,,,,70～74歳,15,池淵玲子,女子,慶應日吉,1:02.06,+16.88,0.68,,,,1:03.00,,,45.18,39.67,34.65,5/3
424,80,2026,5,2,長水路,個人,13,50m背泳ぎ,女子,,,,,,70～74歳,16,長谷川節子,女子,天王洲,1:06.38,+21.20,0.77,,,,1:07.00,,,45.18,39.67,34.65,4/9
425,80,2026,5,2,長水路,個人,13,50m背泳ぎ,女子,,,,,,70～74歳,17,于亜芝,女子,南千住,1:10.42,+25.24,0.93,,,,1:10.00,,,45.18,39.67,34.65,3/8
426,80,2026,5,2,長水路,個人,13,50m背泳ぎ,女子,,,,,,70～74歳,18,友野敬子,女子,館山,1:10.51,+25.33,0.69,,,,1:14.00,,,45.18,39.67,34.65,2/7
427,80,2026,5,2,長水路,個人,13,50m背泳ぎ,女子,,,,,,65～69歳,1,吉川千晶,女子,G-SPA,46.33,+3.02,0.72,,10.0,10.0,45.76,,,43.31,37.54,33.59,11/10
428,80,2026,5,2,長水路,個人,13,50m背泳ぎ,女子,,,,,,65～69歳,2,原昌代,女子,市ヶ尾,51.5,+8.19,0.75,,9.0,9.0,52.67,,,43.31,37.54,33.59,9/3
429,80,2026,5,2,長水路,個人,13,50m背泳ぎ,女子,,,,,,65～69歳,3,山中恵子,女子,桶川北本,51.59,+8.28,0.83,,8.0,8.0,50.44,,,43.31,37.54,33.59,9/5
430,80,2026,5,2,長水路,個人,13,50m背泳ぎ,女子,,,,,,65～69歳,4,毛利ゆかり,女子,横浜,52.53,+9.22,0.84,,7.0,7.0,53,,,43.31,37.54,33.59,9/8
431,80,2026,5,2,長水路,個人,13,50m背泳ぎ,女子,,,,,,65～69歳,5,櫻田琴,女子,天王洲,53.91,+10.60,0.72,,6.0,6.0,53.89,,,43.31,37.54,33.59,9/1
432,80,2026,5,2,長水路,個人,13,50m背泳ぎ,女子,,,,,,65～69歳,6,小池理恵子,女子,阿佐谷,56.2,+12.89,1.01,,5.0,5.0,55,,,43.31,37.54,33.59,8/3
433,80,2026,5,2,長水路,個人,13,50m背泳ぎ,女子,,,,,,65～69歳,7,榮真須美,女子,慶應日吉,59.59,+16.28,0.79,,4.0,4.0,1:03.50,,,43.31,37.54,33.59,5/8
434,80,2026,5,2,長水路,個人,13,50m背泳ぎ,女子,,,,,,65～69歳,8,須田菜奈子,女子,桶川北本,1:05.51,+22.20,0.8,,3.0,3.0,1:04.53,,,43.31,37.54,33.59,5/1
435,80,2026,5,2,長水路,個人,13,50m背泳ぎ,女子,,,,,,60～64歳,1,西井良子,女子,福生,38,+1.74,0.61,,10.0,10.0,39.55,,,36.26,34.32,32.68,12/6
436,80,2026,5,2,長水路,個人,13,50m背泳ぎ,女子,,,,,,60～64歳,2,田中貴子,女子,清瀬,41.55,+5.29,0.8,,9.0,9.0,42.3,,,36.26,34.32,32.68,11/6
437,80,2026,5,2,長水路,個人,13,50m背泳ぎ,女子,,,,,,60～64歳,3,原磨理,女子,長津田,44.77,+8.51,0.73,,8.0,8.0,45,,,36.26,34.32,32.68,11/8
438,80,2026,5,2,長水路,個人,13,50m背泳ぎ,女子,,,,,,60～64歳,4,佐藤明美,女子,館山,46.67,+10.41,0.69,,7.0,7.0,48,,,36.26,34.32,32.68,10/7
439,80,2026,5,2,長水路,個人,13,50m背泳ぎ,女子,,,,,,60～64歳,5,座間千鶴子,女子,ザバス八景,48.68,+12.42,0.61,,6.0,6.0,48.51,,,36.26,34.32,32.68,10/8
440,80,2026,5,2,長水路,個人,13,50m背泳ぎ,女子,,,,,,60～64歳,6,中野朗子,女子,慶應日吉,49.16,+12.90,0.77,,5.0,5.0,49,,,36.26,34.32,32.68,10/2
441,80,2026,5,2,長水路,個人,13,50m背泳ぎ,女子,,,,,,60～64歳,7,小笠原暁子,女子,清瀬,50.6,+14.34,0.77,,4.0,4.0,50.33,,,36.26,34.32,32.68,10/10
442,80,2026,5,2,長水路,個人,13,50m背泳ぎ,女子,,,,,,60～64歳,8,宮内麻里,女子,曽谷,52.57,+16.31,0.67,,3.0,3.0,55.38,,,36.26,34.32,32.68,8/10
443,80,2026,5,2,長水路,個人,13,50m背泳ぎ,女子,,,,,,60～64歳,9,吉野ひとみ,女子,松戸,54.48,+18.22,0.88,,2.0,2.0,55,,,36.26,34.32,32.68,8/8
444,80,2026,5,2,長水路,個人,13,50m背泳ぎ,女子,,,,,,60～64歳,10,太刀岡早苗,女子,市ヶ尾,55.72,+19.46,0.95,,1.0,1.0,54.84,,,36.26,34.32,32.68,8/7
445,80,2026,5,2,長水路,個人,13,50m背泳ぎ,女子,,,,,,60～64歳,11,五十嵐佳澄,女子,阿佐谷,57.42,+21.16,0.8,,,,58.69,,,36.26,34.32,32.68,7/9
446,80,2026,5,2,長水路,個人,13,50m背泳ぎ,女子,,,,,,60～64歳,12,菊池佐千代,女子,流山,1:02.14,+25.88,0.78,,,,1:07.00,,,36.26,34.32,32.68,4/1
447,80,2026,5,2,長水路,個人,13,50m背泳ぎ,女子,,,,,,60～64歳,13,三木純子,女子,流山,1:02.44,+26.18,0.85,,,,58.92,,,36.26,34.32,32.68,7/10
448,80,2026,5,2,長水路,個人,13,50m背泳ぎ,女子,,,,,,60～64歳,14,日置睦,女子,我孫子,1:03.21,+26.95,0.8,,,,1:04.35,,,36.26,34.32,32.68,5/9
449,80,2026,5,2,長水路,個人,13,50m背泳ぎ,女子,,,,,,60～64歳,15,平澤馨,女子,府中,1:05.56,+29.30,1.05,,,,1:10.00,,,36.26,34.32,32.68,3/1
450,80,2026,5,2,長水路,個人,13,50m背泳ぎ,女子,,,,,,60～64歳,16,鈴木加代子,女子,新三郷,1:11.73,+35.47,0.82,,,,1:10.00,,,36.26,34.32,32.68,3/2
451,80,2026,5,2,長水路,個人,13,50m背泳ぎ,女子,,,,,,60～64歳,17,前川尚美,女子,F東戸塚,1:22.90,+46.64,0.72,,,,1:10.00,,,36.26,34.32,32.68,3/9
452,80,2026,5,2,長水路,個人,13,50m背泳ぎ,女子,,,,,,55～59歳,1,鈴木和佳奈,女子,桶川北本,39.74,+3.98,0.67,,10.0,10.0,39.59,,,35.76,33.6,31.99,12/4
453,80,2026,5,2,長水路,個人,13,50m背泳ぎ,女子,,,,,,55～59歳,2,八尋加苗,女子,松戸,43.48,+7.72,0.67,,9.0,9.0,45.5,,,35.76,33.6,31.99,11/1
454,80,2026,5,2,長水路,個人,13,50m背泳ぎ,女子,,,,,,55～59歳,3,北瀬あづさ,女子,市ヶ尾,45.21,+9.45,0.77,,8.0,8.0,50,,,35.76,33.6,31.99,10/1
455,80,2026,5,2,長水路,個人,13,50m背泳ぎ,女子,,,,,,55～59歳,4,佐藤洋子,女子,成城,45.78,+10.02,0.84,,7.0,7.0,47,,,35.76,33.6,31.99,10/4
456,80,2026,5,2,長水路,個人,13,50m背泳ぎ,女子,,,,,,55～59歳,5,武部友美子,女子,東戸塚,46.02,+10.26,0.68,,6.0,6.0,46,,,35.76,33.6,31.99,10/5
457,80,2026,5,2,長水路,個人,13,50m背泳ぎ,女子,,,,,,55～59歳,6,及川薫,女子,松戸,46.2,+10.44,0.8,,5.0,5.0,46.11,,,35.76,33.6,31.99,10/6
458,80,2026,5,2,長水路,個人,13,50m背泳ぎ,女子,,,,,,55～59歳,7,捶井泰子,女子,用賀,46.88,+11.12,0.88,,4.0,4.0,48.39,,,35.76,33.6,31.99,10/3
459,80,2026,5,2,長水路,個人,13,50m背泳ぎ,女子,,,,,,55～59歳,8,大野結実,女子,横浜,49.51,+13.75,0.93,,3.0,3.0,50,,,35.76,33.6,31.99,10/9
460,80,2026,5,2,長水路,個人,13,50m背泳ぎ,女子,,,,,,55～59歳,9,レントフェルト慶子,女子,清瀬,53.07,+17.31,0.73,,2.0,2.0,52,,,35.76,33.6,31.99,9/4
461,80,2026,5,2,長水路,個人,13,50m背泳ぎ,女子,,,,,,55～59歳,10,早田紀子,女子,慶應日吉,53.8,+18.04,0.67,,1.0,1.0,53.97,,,35.76,33.6,31.99,9/10
462,80,2026,5,2,長水路,個人,13,50m背泳ぎ,女子,,,,,,55～59歳,11,角南美貴,女子,我孫子,55.45,+19.69,0.71,,,,1:08.00,,,35.76,33.6,31.99,4/10
463,80,2026,5,2,長水路,個人,13,50m背泳ぎ,女子,,,,,,55～59歳,12,蔵屋由紀子,女子,新川崎,56.72,+20.96,0.85,,,,59.99,,,35.76,33.6,31.99,6/7
464,80,2026,5,2,長水路,個人,13,50m背泳ぎ,女子,,,,,,55～59歳,13,雨宮裕子,女子,大宮宮原,57.07,+21.31,1.48,,,,59.4,,,35.76,33.6,31.99,6/4
465,80,2026,5,2,長水路,個人,13,50m背泳ぎ,女子,,,,,,55～59歳,14,兼子敬子,女子,南千住,58.58,+22.82,0.69,,,,1:10.00,,,35.76,33.6,31.99,3/10
466,80,2026,5,2,長水路,個人,13,50m背泳ぎ,女子,,,,,,55～59歳,15,古平正美,女子,清瀬,1:06.97,+31.21,1.05,,,,1:03.59,,,35.76,33.6,31.99,5/2
467,80,2026,5,2,長水路,個人,13,50m背泳ぎ,女子,,,,,,50～54歳,1,栗山貴子,女子,武蔵小杉,40.63,+8.12,0.72,,10.0,10.0,42.33,,,32.51,32.51,31.59,11/4
468,80,2026,5,2,長水路,個人,13,50m背泳ぎ,女子,,,,,,50～54歳,2,大橋ほづ美,女子,清瀬,41.65,+9.14,0.74,,9.0,9.0,40.58,,,32.51,32.51,31.59,12/9
469,80,2026,5,2,長水路,個人,13,50m背泳ぎ,女子,,,,,,50～54歳,3,棚網恵理,女子,阿佐谷,42.31,+9.80,0.68,,8.0,8.0,41,,,32.51,32.51,31.59,12/1
470,80,2026,5,2,長水路,個人,13,50m背泳ぎ,女子,,,,,,50～54歳,4,櫻井翠,女子,横浜,42.41,+9.90,0.86,,7.0,7.0,45,,,32.51,32.51,31.59,11/2
471,80,2026,5,2,長水路,個人,13,50m背泳ぎ,女子,,,,,,50～54歳,5,鈴木由佳里,女子,天王洲,44.16,+11.65,0.74,,6.0,6.0,44.25,,,32.51,32.51,31.59,11/3
472,80,2026,5,2,長水路,個人,13,50m背泳ぎ,女子,,,,,,50～54歳,6,村岡貴子,女子,桶川北本,55.99,+23.48,0.96,,5.0,5.0,55,,,32.51,32.51,31.59,8/2
473,80,2026,5,2,長水路,個人,13,50m背泳ぎ,女子,,,,,,50～54歳,7,久保洋子,女子,流山,1:16.48,+43.97,0.7,,4.0,4.0,1:11.64,,,32.51,32.51,31.59,2/6
474,80,2026,5,2,長水路,個人,13,50m背泳ぎ,女子,,,,,,45～49歳,1,青山里香,女子,成瀬,36.87,+2.18,0.65,,10.0,10.0,36.8,,,34.69,31.38,31.02,13/8
475,80,2026,5,2,長水路,個人,13,50m背泳ぎ,女子,,,,,,45～49歳,2,坂本桃枝,女子,G-SPA,38.46,+3.77,0.72,,9.0,9.0,38.37,,,34.69,31.38,31.02,13/1
476,80,2026,5,2,長水路,個人,13,50m背泳ぎ,女子,,,,,,45～49歳,3,小野真佐子,女子,阿佐谷,38.5,+3.81,0.65,,8.0,8.0,39.86,,,34.69,31.38,31.02,12/7
477,80,2026,5,2,長水路,個人,13,50m背泳ぎ,女子,,,,,,45～49歳,4,大竹昌子,女子,大森,41.25,+6.56,0.75,,7.0,7.0,42.01,,,34.69,31.38,31.02,11/5
478,80,2026,5,2,長水路,個人,13,50m背泳ぎ,女子,,,,,,45～49歳,5,貞廣瑠美子,女子,上池袋,45.89,+11.20,0.78,,6.0,6.0,45.25,,,34.69,31.38,31.02,11/9
479,80,2026,5,2,長水路,個人,13,50m背泳ぎ,女子,,,,,,45～49歳,6,溝井花代子,女子,葛西,46.56,+11.87,0.78,,5.0,5.0,44.22,,,34.69,31.38,31.02,11/7
480,80,2026,5,2,長水路,個人,13,50m背泳ぎ,女子,,,,,,45～49歳,7,宮林佑妃,女子,長津田,51.96,+17.27,0.78,,4.0,4.0,54.62,,,34.69,31.38,31.02,8/4
481,80,2026,5,2,長水路,個人,13,50m背泳ぎ,女子,,,,,,45～49歳,8,加藤涼子,女子,桶川北本,54.4,+19.71,0.82,,3.0,3.0,1:05.00,,,34.69,31.38,31.02,5/10
482,80,2026,5,2,長水路,個人,13,50m背泳ぎ,女子,,,,,,45～49歳,9,下山雅子,女子,茂原,55.23,+20.54,0.73,,2.0,2.0,1:00.97,,,34.69,31.38,31.02,6/10
483,80,2026,5,2,長水路,個人,13,50m背泳ぎ,女子,,,,,,45～49歳,10,須志原直子,女子,曽谷,1:04.18,+29.49,0.89,,1.0,1.0,1:00.19,,,34.69,31.38,31.02,6/9
484,80,2026,5,2,長水路,個人,13,50m背泳ぎ,女子,,,,,,40～44歳,1,永田加那子,女子,葛西,35.94,+1.94,0.53,,10.0,10.0,36.5,,,34,31.04,29.62,13/7
485,80,2026,5,2,長水路,個人,13,50m背泳ぎ,女子,,,,,,35～39歳,1,小林佳織,女子,大森,36.55,+2.52,0.71,,10.0,10.0,40,,,34.03,29.73,28.63,12/8
486,80,2026,5,2,長水路,個人,13,50m背泳ぎ,女子,,,,,,35～39歳,2,田中美鈴,女子,武蔵小杉,37.04,+3.01,0.6,,9.0,9.0,36,,,34.03,29.73,28.63,13/4
487,80,2026,5,2,長水路,個人,13,50m背泳ぎ,女子,,,,,,35～39歳,3,津田かおり,女子,上池袋,40.32,+6.29,0.66,,8.0,8.0,39.5,,,34.03,29.73,28.63,12/5
488,80,2026,5,2,長水路,個人,13,50m背泳ぎ,女子,,,,,,35～39歳,4,國政玲,女子,南青山,51.6,+17.57,0.74,,7.0,7.0,55.72,,,34.03,29.73,28.63,7/5
489,80,2026,5,2,長水路,個人,13,50m背泳ぎ,女子,,,,,,30～34歳,1,仲田笑美,女子,成城,35.5,+2.55,0.63,,10.0,10.0,35,,,32.95,28.86,28.57,13/6
490,80,2026,5,2,長水路,個人,13,50m背泳ぎ,女子,,,,,,30～34歳,2,吉田のばら,女子,南千住,36.23,+3.28,0.68,,9.0,9.0,36.72,,,32.95,28.86,28.57,13/3
491,80,2026,5,2,長水路,個人,13,50m背泳ぎ,女子,,,,,,30～34歳,3,篠原萌,女子,西新井,38.3,+5.35,0.64,,8.0,8.0,39.97,,,32.95,28.86,28.57,12/3
492,80,2026,5,2,長水路,個人,13,50m背泳ぎ,女子,,,,,,30～34歳,4,天井茉里乃,女子,市ヶ尾,45.77,+12.82,0.65,,7.0,7.0,42,,,32.95,28.86,28.57,12/10
493,80,2026,5,2,長水路,個人,13,50m背泳ぎ,女子,,,,,,18～24歳,1,野口奈旺子,女子,葛西,37.23,+5.29,0.71,,10.0,10.0,38,,,31.94,30.35,記録なし,13/9
494,80,2026,5,2,長水路,個人,13,50m背泳ぎ,女子,,,,,,18～24歳,2,白井凜,女子,市川,39.12,+7.18,0.61,,9.0,9.0,40,,,31.94,30.35,記録なし,12/2
495,80,2026,5,2,長水路,個人,13,50m背泳ぎ,女子,,,,,,18～24歳,3,池田美来,女子,我孫子,39.37,+7.43,0.67,,8.0,8.0,37,,,31.94,30.35,記録なし,13/2
496,80,2026,5,2,長水路,個人,14,50m背泳ぎ,男子,,,,,,85～89歳,1,中村欣正,男子,流山,1:04.09,+4.50,0.71,,10.0,10.0,1:00.79,,,59.59,39.89,39.89,1/4
497,80,2026,5,2,長水路,個人,14,50m背泳ぎ,男子,,,,,,80～84歳,1,吉田亮,男子,成城,44.46,+1.74,0.8,,10.0,10.0,45,,,42.72,38.16,36.83,4/10
498,80,2026,5,2,長水路,個人,14,50m背泳ぎ,男子,,,,,,80～84歳,2,井口穣,男子,東戸塚,51.46,+8.74,0.87,,9.0,9.0,53,,,42.72,38.16,36.83,2/4
499,80,2026,5,2,長水路,個人,14,50m背泳ぎ,男子,,,,,,80～84歳,3,石川守也,男子,市川,51.75,+9.03,0.65,,8.0,8.0,54.48,,,42.72,38.16,36.83,2/7
500,80,2026,5,2,長水路,個人,14,50m背泳ぎ,男子,,,,,,80～84歳,4,大内洋,男子,葛西,57.68,+14.96,0.71,,7.0,7.0,57.36,,,42.72,38.16,36.83,2/2
501,80,2026,5,2,長水路,個人,14,50m背泳ぎ,男子,,,,,,80～84歳,5,縫田駿一,男子,おおたか,1:08.67,+25.95,0.95,,6.0,6.0,1:05.00,,,42.72,38.16,36.83,1/7
502,80,2026,5,2,長水路,個人,14,50m背泳ぎ,男子,,,,,,80～84歳,6,増山晶一,男子,下北沢,1:08.94,+26.22,0.78,,5.0,5.0,1:05.47,,,42.72,38.16,36.83,1/3
503,80,2026,5,2,長水路,個人,14,50m背泳ぎ,男子,,,,,,75～79歳,1,吉村進,男子,阿佐谷,43.79,+2.02,0.66,,10.0,10.0,46,,,41.77,36.38,34.45,3/6
504,80,2026,5,2,長水路,個人,14,50m背泳ぎ,男子,,,,,,75～79歳,2,丸喜章,男子,茂原,48.75,+6.98,0.77,,9.0,9.0,49.73,,,41.77,36.38,34.45,3/2
505,80,2026,5,2,長水路,個人,14,50m背泳ぎ,男子,,,,,,75～79歳,3,松永勝,男子,おおたか,1:01.44,+19.67,0.86,,8.0,8.0,1:00.00,,,41.77,36.38,34.45,1/5
506,80,2026,5,2,長水路,個人,14,50m背泳ぎ,男子,,,,,,75～79歳,4,神保伸幸,男子,南青山,1:03.57,+21.80,1.02,,7.0,7.0,1:10.00,,,41.77,36.38,34.45,1/8
507,80,2026,5,2,長水路,個人,14,50m背泳ぎ,男子,,,,,,70～74歳,1,鈴木幹男,男子,我孫子,45.46,+6.03,0.77,,10.0,10.0,43.62,,,39.43,35.83,32.27,4/1
508,80,2026,5,2,長水路,個人,14,50m背泳ぎ,男子,,,,,,70～74歳,2,常山賢二,男子,曽谷,46.67,+7.24,0.83,,9.0,9.0,48.61,,,39.43,35.83,32.27,3/3
509,80,2026,5,2,長水路,個人,14,50m背泳ぎ,男子,,,,,,70～74歳,3,梅村潔,男子,茂原,51.53,+12.10,0.76,,8.0,8.0,55,,,39.43,35.83,32.27,2/3
510,80,2026,5,2,長水路,個人,14,50m背泳ぎ,男子,,,,,,70～74歳,4,安髙祐三,男子,越谷,53.12,+13.69,1.48,,7.0,7.0,52.11,,,39.43,35.83,32.27,2/6
511,80,2026,5,2,長水路,個人,14,50m背泳ぎ,男子,,,,,,65～69歳,1,會田修一,男子,おおたか,38.81,+0.72,0.84,,10.0,10.0,39,,,38.09,33.24,30.95,5/1
512,80,2026,5,2,長水路,個人,14,50m背泳ぎ,男子,,,,,,65～69歳,2,冨松実,男子,二俣川,39.29,+1.20,0.71,,9.0,9.0,38.99,,,38.09,33.24,30.95,5/2
513,80,2026,5,2,長水路,個人,14,50m背泳ぎ,男子,,,,,,65～69歳,3,遠藤隆昭,男子,大宮宮原,41.73,+3.64,0.73,,8.0,8.0,39,,,38.09,33.24,30.95,5/9
514,80,2026,5,2,長水路,個人,14,50m背泳ぎ,男子,,,,,,65～69歳,4,神尾尚人,男子,市ヶ尾,42.39,+4.30,0.75,,7.0,7.0,43,,,38.09,33.24,30.95,4/9
515,80,2026,5,2,長水路,個人,14,50m背泳ぎ,男子,,,,,,65～69歳,5,五十嵐洋,男子,おおたか,43.95,+5.86,0.7,,6.0,6.0,45.2,,,38.09,33.24,30.95,3/5
516,80,2026,5,2,長水路,個人,14,50m背泳ぎ,男子,,,,,,65～69歳,6,伊藤伸彦,男子,横浜,49.26,+11.17,0.83,,5.0,5.0,52,,,38.09,33.24,30.95,2/5
517,80,2026,5,2,長水路,個人,14,50m背泳ぎ,男子,,,,,,65～69歳,7,槙田誠,男子,南千住,50.89,+12.80,0.82,,4.0,4.0,50,,,38.09,33.24,30.95,3/9
518,80,2026,5,2,長水路,個人,14,50m背泳ぎ,男子,,,,,,65～69歳,8,鈴木篤,男子,おおたか,50.93,+12.84,1.24,,3.0,3.0,49.19,,,38.09,33.24,30.95,3/8
519,80,2026,5,2,長水路,個人,14,50m背泳ぎ,男子,,,,,,65～69歳,9,大滝恭伸,男子,市ヶ尾,50.94,+12.85,0.87,,2.0,2.0,1:00.00,,,38.09,33.24,30.95,1/6
520,80,2026,5,2,長水路,個人,14,50m背泳ぎ,男子,,,,,,60～64歳,1,杉原祥之,男子,ザバス鶴見,36.06,+1.21,0.66,,10.0,10.0,36,,,34.85,31.38,29.77,6/8
521,80,2026,5,2,長水路,個人,14,50m背泳ぎ,男子,,,,,,60～64歳,2,半澤裕一,男子,我孫子,42.45,+7.60,0.67,,9.0,9.0,42,,,34.85,31.38,29.77,4/2
522,80,2026,5,2,長水路,個人,14,50m背泳ぎ,男子,,,,,,60～64歳,3,田中基幹,男子,流山,47.24,+12.39,0.79,,8.0,8.0,50,,,34.85,31.38,29.77,3/1
523,80,2026,5,2,長水路,個人,14,50m背泳ぎ,男子,,,,,,60～64歳,4,浦田昌和,男子,成城,48.36,+13.51,0.73,,7.0,7.0,48.5,,,34.85,31.38,29.77,3/7
524,80,2026,5,2,長水路,個人,14,50m背泳ぎ,男子,,,,,,55～59歳,1,小倉秀和,男子,清瀬,36.42,+3.27,0.64,,10.0,10.0,35.5,,,33.15,30.09,28.54,6/3
525,80,2026,5,2,長水路,個人,14,50m背泳ぎ,男子,,,,,,55～59歳,2,柄澤英也,男子,用賀,37.42,+4.27,0.76,,9.0,9.0,36.5,,,33.15,30.09,28.54,6/9
526,80,2026,5,2,長水路,個人,14,50m背泳ぎ,男子,,,,,,55～59歳,3,荒井正明,男子,八千代台,37.75,+4.60,0.69,,8.0,8.0,38.04,,,33.15,30.09,28.54,5/4
527,80,2026,5,2,長水路,個人,14,50m背泳ぎ,男子,,,,,,55～59歳,4,町田克浩,男子,大森,38.29,+5.14,0.73,,7.0,7.0,38.2,,,33.15,30.09,28.54,5/7
528,80,2026,5,2,長水路,個人,14,50m背泳ぎ,男子,,,,,,55～59歳,5,宮木幸彦,男子,葛西,38.67,+5.52,0.74,,6.0,6.0,38.9,,,33.15,30.09,28.54,5/8
529,80,2026,5,2,長水路,個人,14,50m背泳ぎ,男子,,,,,,55～59歳,6,宮川則仁,男子,大宮宮原,39.28,+6.13,0.76,,5.0,5.0,40,,,33.15,30.09,28.54,4/5
530,80,2026,5,2,長水路,個人,14,50m背泳ぎ,男子,,,,,,55～59歳,7,松本考弘,男子,清瀬,39.9,+6.75,0.73,,4.0,4.0,41.03,,,33.15,30.09,28.54,4/8
531,80,2026,5,2,長水路,個人,14,50m背泳ぎ,男子,,,,,,55～59歳,8,新井良育,男子,市ヶ尾,40.35,+7.20,0.63,,3.0,3.0,41,,,33.15,30.09,28.54,4/3
532,80,2026,5,2,長水路,個人,14,50m背泳ぎ,男子,,,,,,55～59歳,9,青木正昭,男子,福生,47.41,+14.26,0.76,,2.0,2.0,46.19,,,33.15,30.09,28.54,3/4
533,80,2026,5,2,長水路,個人,14,50m背泳ぎ,男子,,,,,,50～54歳,1,坂善和,男子,ときわ台,33.16,+2.98,0.61,,10.0,10.0,32,,,30.18,28.66,28.2,7/10
534,80,2026,5,2,長水路,個人,14,50m背泳ぎ,男子,,,,,,50～54歳,2,飯田辰徳,男子,南千住,36.48,+6.30,0.69,,9.0,9.0,35,,,30.18,28.66,28.2,6/4
535,80,2026,5,2,長水路,個人,14,50m背泳ぎ,男子,,,,,,50～54歳,3,羽田浩一,男子,成城,37.12,+6.94,0.69,,8.0,8.0,36,,,30.18,28.66,28.2,6/2
536,80,2026,5,2,長水路,個人,14,50m背泳ぎ,男子,,,,,,50～54歳,4,原田真,男子,葛西,40.71,+10.53,0.73,,7.0,7.0,40,,,30.18,28.66,28.2,4/6
537,80,2026,5,2,長水路,個人,14,50m背泳ぎ,男子,,,,,,50～54歳,5,若杉佳宏,男子,阿佐谷,40.89,+10.71,0.69,,6.0,6.0,38.78,,,30.18,28.66,28.2,5/3
538,80,2026,5,2,長水路,個人,14,50m背泳ぎ,男子,,,,,,50～54歳,6,髙本直彰,男子,大宮宮原,40.98,+10.80,0.71,,5.0,5.0,39.28,,,30.18,28.66,28.2,5/10
539,80,2026,5,2,長水路,個人,14,50m背泳ぎ,男子,,,,,,50～54歳,7,久保田裕一,男子,慶應日吉,46.46,+16.28,0.71,,4.0,4.0,55,,,30.18,28.66,28.2,2/8
540,80,2026,5,2,長水路,個人,14,50m背泳ぎ,男子,,,,,,45～49歳,1,山本聡,男子,久喜,48.36,+20.05,0.81,,10.0,10.0,40,,,28.31,27.55,27.35,4/4
541,80,2026,5,2,長水路,個人,14,50m背泳ぎ,男子,,,,,,40～44歳,1,岡本修,男子,越谷,30.19,+1.65,0.56,,10.0,10.0,29.9,,,28.54,27.17,27.1,7/3
542,80,2026,5,2,長水路,個人,14,50m背泳ぎ,男子,,,,,,40～44歳,2,棚網宏之,男子,阿佐谷,32.72,+4.18,0.56,,9.0,9.0,38,,,28.54,27.17,27.1,5/5
543,80,2026,5,2,長水路,個人,14,50m背泳ぎ,男子,,,,,,40～44歳,3,図師拓千,男子,市ヶ尾,33.04,+4.50,0.63,,8.0,8.0,32.8,,,28.54,27.17,27.1,6/6
544,80,2026,5,2,長水路,個人,14,50m背泳ぎ,男子,,,,,,40～44歳,4,木村考太,男子,市ヶ尾,40.09,+11.55,0.79,,7.0,7.0,36.99,,,28.54,27.17,27.1,6/1
545,80,2026,5,2,長水路,個人,14,50m背泳ぎ,男子,,,,,,35～39歳,1,津守陽介,男子,阿佐谷,33.32,+5.18,0.64,,10.0,10.0,32.5,,,28.14,26.27,25.76,6/5
546,80,2026,5,2,長水路,個人,14,50m背泳ぎ,男子,,,,,,35～39歳,2,酒井智彬,男子,ときわ台,35.31,+7.17,0.62,,9.0,9.0,35,,,28.14,26.27,25.76,6/7
547,80,2026,5,2,長水路,個人,14,50m背泳ぎ,男子,,,,,,35～39歳,3,増田喬行,男子,大宮宮原,36.71,+8.57,0.68,,8.0,8.0,38,,,28.14,26.27,25.76,5/6
548,80,2026,5,2,長水路,個人,14,50m背泳ぎ,男子,,,,,,35～39歳,4,佐々木悠介,男子,福島,54.37,+26.23,0.71,,7.0,7.0,50.06,,,28.14,26.27,25.76,3/10
549,80,2026,5,2,長水路,個人,14,50m背泳ぎ,男子,,,,,,30～34歳,1,石川和樹,男子,谷津,27.12,-0.07,0.58,,10.0,10.0,27.2,,大会新,27.19,26.08,25.53,7/5
550,80,2026,5,2,長水路,個人,14,50m背泳ぎ,男子,,,,,,25～29歳,1,小島駿紀,男子,ときわ台,27.82,+1.24,0.52,,10.0,10.0,28.2,,,26.58,25.94,25.44,7/6
551,80,2026,5,2,長水路,個人,14,50m背泳ぎ,男子,,,,,,25～29歳,2,東侑玖,男子,阿佐谷,29.56,+2.98,0.72,,9.0,9.0,28.58,,,26.58,25.94,25.44,7/4
552,80,2026,5,2,長水路,個人,14,50m背泳ぎ,男子,,,,,,25～29歳,3,村岡孝義,男子,桶川北本,31.01,+4.43,0.57,,8.0,8.0,31.8,,,26.58,25.94,25.44,7/1
553,80,2026,5,2,長水路,個人,14,50m背泳ぎ,男子,,,,,,25～29歳,4,室坂拓真,男子,用賀,32.08,+5.50,0.59,,7.0,7.0,31,,,26.58,25.94,25.44,7/9
554,80,2026,5,2,長水路,個人,14,50m背泳ぎ,男子,,,,,,18～24歳,1,結城智弘,男子,我孫子,31.39,+3.62,0.56,,10.0,10.0,30,,,27.77,26.29,記録なし,7/8
555,80,2026,5,2,長水路,個人,14,50m背泳ぎ,男子,,,,,,18～24歳,2,小俣太一,男子,八王子,31.59,+3.82,0.63,,9.0,9.0,30,,,27.77,26.29,記録なし,7/2
556,80,2026,5,2,長水路,個人,15,50m自由形,女子,,,,,,90～94歳,1,須山順子,女子,松戸,53.71,-14.99,記録なし,,10.0,10.0,58,,大会新,1:08.70,51.68,45.44,4/6
557,80,2026,5,2,長水路,個人,15,50m自由形,女子,,,,,,85～89歳,1,田中もみぢ,女子,おおたか,52.78,+8.65,0.99,,10.0,10.0,50,,,44.13,38.89,38.89,6/5
558,80,2026,5,2,長水路,個人,15,50m自由形,女子,,,,,,85～89歳,2,武藤治子,女子,二俣川,58.99,+14.86,記録なし,,9.0,9.0,1:10.00,,,44.13,38.89,38.89,1/5
559,80,2026,5,2,長水路,個人,15,50m自由形,女子,,,,,,85～89歳,3,平田美佐子,女子,天王洲,1:02.44,+18.31,1.25,,8.0,8.0,1:15.35,,,44.13,38.89,38.89,1/7
560,80,2026,5,2,長水路,個人,15,50m自由形,女子,,,,,,85～89歳,4,加藤直子,女子,横浜,1:28.14,+44.01,1.27,,7.0,7.0,1:25.00,,,44.13,38.89,38.89,1/3
561,80,2026,5,2,長水路,個人,15,50m自由形,女子,,,,,,80～84歳,1,川口栄子,女子,松戸,46.67,+5.27,0.85,,10.0,10.0,47.45,,,41.4,36.61,36.61,8/4
562,80,2026,5,2,長水路,個人,15,50m自由形,女子,,,,,,80～84歳,2,中村敬子,女子,府中,48.19,+6.79,0.99,,9.0,9.0,1:00.00,,,41.4,36.61,36.61,3/6
563,80,2026,5,2,長水路,個人,15,50m自由形,女子,,,,,,80～84歳,3,八田清子,女子,松戸,49.18,+7.78,0.97,,8.0,8.0,58,,,41.4,36.61,36.61,4/4
564,80,2026,5,2,長水路,個人,15,50m自由形,女子,,,,,,80～84歳,4,小野洋子,女子,我孫子,54.03,+12.63,0.79,,7.0,7.0,1:00.00,,,41.4,36.61,36.61,3/5
565,80,2026,5,2,長水路,個人,15,50m自由形,女子,,,,,,80～84歳,5,安澤イソ子,女子,市ヶ尾,54.85,+13.45,0.99,,6.0,6.0,1:05.00,,,41.4,36.61,36.61,2/5
566,80,2026,5,2,長水路,個人,15,50m自由形,女子,,,,,,80～84歳,6,相澤和子,女子,久喜,1:11.20,+29.80,1.32,,5.0,5.0,1:10.00,,,41.4,36.61,36.61,1/6
567,80,2026,5,2,長水路,個人,15,50m自由形,女子,,,,,,75～79歳,1,渡部みさを,女子,慶應日吉,42.29,+1.69,0.86,,10.0,10.0,43.1,,,40.6,35.25,32.96,11/4
568,80,2026,5,2,長水路,個人,15,50m自由形,女子,,,,,,75～79歳,2,小池藤子,女子,新三郷,44.11,+3.51,0.74,,9.0,9.0,52.2,,,40.6,35.25,32.96,5/6
569,80,2026,5,2,長水路,個人,15,50m自由形,女子,,,,,,75～79歳,3,市野克子,女子,大森,45.1,+4.50,1.2,,8.0,8.0,46.54,,,40.6,35.25,32.96,9/10
570,80,2026,5,2,長水路,個人,15,50m自由形,女子,,,,,,75～79歳,4,若林多恵子,女子,谷津,49.66,+9.06,0.89,,7.0,7.0,49.21,,,40.6,35.25,32.96,7/4
571,80,2026,5,2,長水路,個人,15,50m自由形,女子,,,,,,75～79歳,5,崎山治子,女子,用賀,50.39,+9.79,0.98,,6.0,6.0,57,,,40.6,35.25,32.96,5/1
572,80,2026,5,2,長水路,個人,15,50m自由形,女子,,,,,,75～79歳,6,岡田啓子,女子,桶川北本,52.18,+11.58,1.04,,5.0,5.0,59,,,40.6,35.25,32.96,4/9
573,80,2026,5,2,長水路,個人,15,50m自由形,女子,,,,,,75～79歳,7,藤田悦子,女子,二俣川,52.48,+11.88,1.15,,4.0,4.0,57.83,,,40.6,35.25,32.96,4/5
574,80,2026,5,2,長水路,個人,15,50m自由形,女子,,,,,,75～79歳,8,松永タズヨ,女子,おおたか,54.04,+13.44,1.29,,3.0,3.0,52,,,40.6,35.25,32.96,5/5
575,80,2026,5,2,長水路,個人,15,50m自由形,女子,,,,,,75～79歳,9,田野倉和子,女子,慶應日吉,54.49,+13.89,1,,2.0,2.0,1:00.00,,,40.6,35.25,32.96,3/4
576,80,2026,5,2,長水路,個人,15,50m自由形,女子,,,,,,75～79歳,10,畔上節子,女子,二俣川,58.08,+17.48,1.04,,1.0,1.0,1:10.00,,,40.6,35.25,32.96,2/3
577,80,2026,5,2,長水路,個人,15,50m自由形,女子,,,,,,70～74歳,1,近藤ひな子,女子,二俣川,40.43,+3.12,0.87,,10.0,10.0,39.88,,,37.31,33.61,30.73,13/6
578,80,2026,5,2,長水路,個人,15,50m自由形,女子,,,,,,70～74歳,2,舛尾妃呂子,女子,稲毛海岸,42.1,+4.79,0.98,,9.0,9.0,45,,,37.31,33.61,30.73,10/5
579,80,2026,5,2,長水路,個人,15,50m自由形,女子,,,,,,70～74歳,3,梅田栄己子,女子,天王洲,43.66,+6.35,1.1,,8.0,8.0,49,,,37.31,33.61,30.73,7/6
580,80,2026,5,2,長水路,個人,15,50m自由形,女子,,,,,,70～74歳,4,清水裕子,女子,二俣川,43.67,+6.36,0.9,,7.0,7.0,46.8,,,37.31,33.61,30.73,8/5
581,80,2026,5,2,長水路,個人,15,50m自由形,女子,,,,,,70～74歳,5,光畑千栄子,女子,成瀬,44.14,+6.83,0.89,,6.0,6.0,43.65,,,37.31,33.61,30.73,11/8
582,80,2026,5,2,長水路,個人,15,50m自由形,女子,,,,,,70～74歳,6,岡村悦子,女子,おおたか,44.39,+7.08,0.98,,5.0,5.0,45,,,37.31,33.61,30.73,9/5
583,80,2026,5,2,長水路,個人,15,50m自由形,女子,,,,,,70～74歳,7,瀧下節子,女子,志木,44.93,+7.62,0.78,,4.0,4.0,44,,,37.31,33.61,30.73,11/2
584,80,2026,5,2,長水路,個人,15,50m自由形,女子,,,,,,70～74歳,8,酒谷真砂子,女子,戸塚,46.39,+9.08,0.89,,3.0,3.0,46.53,,,37.31,33.61,30.73,9/1
585,80,2026,5,2,長水路,個人,15,50m自由形,女子,,,,,,70～74歳,9,小笠原三春,女子,八王子,46.67,+9.36,0.9,,2.0,2.0,47.37,,,37.31,33.61,30.73,8/6
586,80,2026,5,2,長水路,個人,15,50m自由形,女子,,,,,,70～74歳,10,小笠原京子,女子,流山,48.6,+11.29,1.09,,1.0,1.0,58,,,37.31,33.61,30.73,4/8
587,80,2026,5,2,長水路,個人,15,50m自由形,女子,,,,,,70～74歳,11,三嶋祐子,女子,阿佐谷,49.31,+12.00,1.03,,,,49.54,,,37.31,33.61,30.73,7/3
588,80,2026,5,2,長水路,個人,15,50m自由形,女子,,,,,,70～74歳,12,山崎美南子,女子,南青山,50.17,+12.86,0.92,,,,49.74,,,37.31,33.61,30.73,7/2
589,80,2026,5,2,長水路,個人,15,50m自由形,女子,,,,,,70～74歳,13,吉田あけみ,女子,館山,50.59,+13.28,1.05,,,,58,,,37.31,33.61,30.73,4/7
590,80,2026,5,2,長水路,個人,15,50m自由形,女子,,,,,,70～74歳,14,戸倉陽子,女子,慶應日吉,51.81,+14.50,0.83,,,,49,,,37.31,33.61,30.73,7/5
591,80,2026,5,2,長水路,個人,15,50m自由形,女子,,,,,,70～74歳,15,池田則子,女子,松戸,54.54,+17.23,1.12,,,,59.8,,,37.31,33.61,30.73,4/1
592,80,2026,5,2,長水路,個人,15,50m自由形,女子,,,,,,70～74歳,16,長谷川節子,女子,天王洲,55.65,+18.34,1.02,,,,55,,,37.31,33.61,30.73,5/8
593,80,2026,5,2,長水路,個人,15,50m自由形,女子,,,,,,70～74歳,17,池淵玲子,女子,慶應日吉,57.76,+20.45,0.79,,,,58,,,37.31,33.61,30.73,4/3
594,80,2026,5,2,長水路,個人,15,50m自由形,女子,,,,,,70～74歳,18,小高和子,女子,桶川北本,1:02.57,+25.26,記録なし,,,,1:05.00,,,37.31,33.61,30.73,2/6
595,80,2026,5,2,長水路,個人,15,50m自由形,女子,,,,,,65～69歳,1,永瀬秀子,女子,二俣川,32.51,-2.90,0.8,,10.0,10.0,32.3,,大会新,35.41,32.46,29.1,19/9
596,80,2026,5,2,長水路,個人,15,50m自由形,女子,,,,,,65～69歳,2,吉川千晶,女子,G-SPA,38.38,+2.97,0.77,,9.0,9.0,39.02,,,35.41,32.46,29.1,14/1
597,80,2026,5,2,長水路,個人,15,50m自由形,女子,,,,,,65～69歳,3,立石由美子,女子,大森,38.64,+3.23,0.72,,8.0,8.0,41,,,35.41,32.46,29.1,12/6
598,80,2026,5,2,長水路,個人,15,50m自由形,女子,,,,,,65～69歳,4,高梨美樹,女子,成城,39.57,+4.16,0.75,,7.0,7.0,38,,,35.41,32.46,29.1,14/5
599,80,2026,5,2,長水路,個人,15,50m自由形,女子,,,,,,65～69歳,5,倉林明子,女子,おおたか,40.25,+4.84,0.9,,6.0,6.0,43.21,,,35.41,32.46,29.1,11/7
600,80,2026,5,2,長水路,個人,15,50m自由形,女子,,,,,,65～69歳,6,米澤美智子,女子,成瀬,41.14,+5.73,0.88,,5.0,5.0,41,,,35.41,32.46,29.1,12/5
601,80,2026,5,2,長水路,個人,15,50m自由形,女子,,,,,,65～69歳,7,塙清子,女子,自由が丘,41.97,+6.56,記録なし,,4.0,4.0,39.9,,,35.41,32.46,29.1,13/4
602,80,2026,5,2,長水路,個人,15,50m自由形,女子,,,,,,65～69歳,8,石河久美子,女子,溝ノ口,43.58,+8.17,0.73,,3.0,3.0,45.5,,,35.41,32.46,29.1,9/4
603,80,2026,5,2,長水路,個人,15,50m自由形,女子,,,,,,65～69歳,9,佐々木和恵,女子,松戸,43.76,+8.35,0.91,,2.0,2.0,46,,,35.41,32.46,29.1,9/3
604,80,2026,5,2,長水路,個人,15,50m自由形,女子,,,,,,65～69歳,10,三枚堂かよ子,女子,阿佐谷,45.08,+9.67,0.8,,1.0,1.0,44.28,,,35.41,32.46,29.1,11/1
605,80,2026,5,2,長水路,個人,15,50m自由形,女子,,,,,,65～69歳,11,新井裕子,女子,清瀬,45.11,+9.70,0.95,,,,50,,,35.41,32.46,29.1,6/6
606,80,2026,5,2,長水路,個人,15,50m自由形,女子,,,,,,65～69歳,12,古俣悦子,女子,下北沢,45.6,+10.19,1.18,,,,50.72,,,35.41,32.46,29.1,6/8
607,80,2026,5,2,長水路,個人,15,50m自由形,女子,,,,,,65～69歳,13,宮田ひとみ,女子,阿佐谷,46.49,+11.08,1.02,,,,48.09,,,35.41,32.46,29.1,8/2
608,80,2026,5,2,長水路,個人,15,50m自由形,女子,,,,,,65～69歳,14,桐沢ひとみ,女子,大森,47.39,+11.98,0.91,,,,47.55,,,35.41,32.46,29.1,8/7
609,80,2026,5,2,長水路,個人,15,50m自由形,女子,,,,,,65～69歳,15,須田菜奈子,女子,桶川北本,47.92,+12.51,0.93,,,,50.2,,,35.41,32.46,29.1,6/3
610,80,2026,5,2,長水路,個人,15,50m自由形,女子,,,,,,65～69歳,16,原田由美子,女子,慶應日吉,48.04,+12.63,0.88,,,,48,,,35.41,32.46,29.1,8/3
611,80,2026,5,2,長水路,個人,15,50m自由形,女子,,,,,,65～69歳,17,久保とし子,女子,長津田,48.93,+13.52,0.95,,,,46,,,35.41,32.46,29.1,9/8
612,80,2026,5,2,長水路,個人,15,50m自由形,女子,,,,,,65～69歳,18,宮原美穂,女子,福生,50.02,+14.61,0.89,,,,50.88,,,35.41,32.46,29.1,6/9
613,80,2026,5,2,長水路,個人,15,50m自由形,女子,,,,,,65～69歳,19,榮真須美,女子,慶應日吉,51.54,+16.13,1.02,,,,53.3,,,35.41,32.46,29.1,5/3
614,80,2026,5,2,長水路,個人,15,50m自由形,女子,,,,,,65～69歳,20,松田則子,女子,成瀬,51.85,+16.44,1.06,,,,56.51,,,35.41,32.46,29.1,5/9
615,80,2026,5,2,長水路,個人,15,50m自由形,女子,,,,,,65～69歳,21,池長幸子,女子,桶川北本,52.64,+17.23,1.14,,,,57.41,,,35.41,32.46,29.1,5/10
616,80,2026,5,2,長水路,個人,15,50m自由形,女子,,,,,,65～69歳,22,渡辺美恵子,女子,西新井,52.77,+17.36,0.89,,,,1:05.00,,,35.41,32.46,29.1,2/4
617,80,2026,5,2,長水路,個人,15,50m自由形,女子,,,,,,65～69歳,23,半田陽子,女子,谷津,58.73,+23.32,0.95,,,,1:10.00,,,35.41,32.46,29.1,2/8
618,80,2026,5,2,長水路,個人,15,50m自由形,女子,,,,,,60～64歳,1,石原なおみ,女子,阿佐谷,35.39,+3.01,0.72,,10.0,10.0,35,,,32.38,30.31,28.84,17/6
619,80,2026,5,2,長水路,個人,15,50m自由形,女子,,,,,,60～64歳,2,横尾しずか,女子,用賀,35.41,+3.03,0.74,,9.0,9.0,36.5,,,32.38,30.31,28.84,16/3
620,80,2026,5,2,長水路,個人,15,50m自由形,女子,,,,,,60～64歳,3,原磨理,女子,長津田,36.22,+3.84,0.85,,8.0,8.0,37,,,32.38,30.31,28.84,15/5
621,80,2026,5,2,長水路,個人,15,50m自由形,女子,,,,,,60～64歳,3,伊藤みどり,女子,能見台,36.22,+3.84,0.78,,8.0,8.0,36.28,,,32.38,30.31,28.84,16/4
622,80,2026,5,2,長水路,個人,15,50m自由形,女子,,,,,,60～64歳,5,佐藤明美,女子,館山,36.83,+4.45,0.84,,6.0,6.0,38,,,32.38,30.31,28.84,14/6
623,80,2026,5,2,長水路,個人,15,50m自由形,女子,,,,,,60～64歳,6,中野内嘉子,女子,慶應日吉,37.14,+4.76,0.86,,5.0,5.0,40,,,32.38,30.31,28.84,13/7
624,80,2026,5,2,長水路,個人,15,50m自由形,女子,,,,,,60～64歳,7,大槻真由美,女子,清瀬,37.64,+5.26,1,,4.0,4.0,37.5,,,32.38,30.31,28.84,15/4
625,80,2026,5,2,長水路,個人,15,50m自由形,女子,,,,,,60～64歳,8,榎本恵子,女子,西新井,37.85,+5.47,0.81,,3.0,3.0,42.25,,,32.38,30.31,28.84,12/2
626,80,2026,5,2,長水路,個人,15,50m自由形,女子,,,,,,60～64歳,9,佐藤美絵子,女子,清瀬,38.75,+6.37,0.78,,2.0,2.0,41,,,32.38,30.31,28.84,12/4
627,80,2026,5,2,長水路,個人,15,50m自由形,女子,,,,,,60～64歳,10,高橋久美,女子,松戸,38.82,+6.44,0.8,,1.0,1.0,39,,,32.38,30.31,28.84,14/2
628,80,2026,5,2,長水路,個人,15,50m自由形,女子,,,,,,60～64歳,10,山本庸子,女子,八王子,38.82,+6.44,1.24,,1.0,1.0,39.3,,,32.38,30.31,28.84,14/10
629,80,2026,5,2,長水路,個人,15,50m自由形,女子,,,,,,60～64歳,12,大原清美,女子,阿佐谷,40.82,+8.44,1.01,,,,41.78,,,32.38,30.31,28.84,12/7
630,80,2026,5,2,長水路,個人,15,50m自由形,女子,,,,,,60～64歳,13,山田智子,女子,慶應日吉,41.13,+8.75,0.8,,,,43.52,,,32.38,30.31,28.84,11/3
631,80,2026,5,2,長水路,個人,15,50m自由形,女子,,,,,,60～64歳,14,岩本亜弓,女子,慶應日吉,42.97,+10.59,0.85,,,,50,,,32.38,30.31,28.84,6/4
632,80,2026,5,2,長水路,個人,15,50m自由形,女子,,,,,,60～64歳,15,山本登美子,女子,桶川北本,44.09,+11.71,1.11,,,,42.7,,,32.38,30.31,28.84,12/10
633,80,2026,5,2,長水路,個人,15,50m自由形,女子,,,,,,60～64歳,16,宮内麻里,女子,曽谷,44.4,+12.02,1.15,,,,45.52,,,32.38,30.31,28.84,9/7
634,80,2026,5,2,長水路,個人,15,50m自由形,女子,,,,,,60～64歳,17,座間千鶴子,女子,ザバス八景,44.6,+12.22,0.87,,,,46.34,,,32.38,30.31,28.84,9/9
635,80,2026,5,2,長水路,個人,15,50m自由形,女子,,,,,,60～64歳,18,加藤雅弓,女子,新都心,44.67,+12.29,1.05,,,,45,,,32.38,30.31,28.84,10/6
636,80,2026,5,2,長水路,個人,15,50m自由形,女子,,,,,,60～64歳,19,田中香苗,女子,青砥,45.06,+12.68,0.9,,,,48,,,32.38,30.31,28.84,8/8
637,80,2026,5,2,長水路,個人,15,50m自由形,女子,,,,,,60～64歳,20,中野朗子,女子,慶應日吉,45.5,+13.12,0.8,,,,45,,,32.38,30.31,28.84,10/4
638,80,2026,5,2,長水路,個人,15,50m自由形,女子,,,,,,60～64歳,21,船津香,女子,自由が丘,45.51,+13.13,0.85,,,,44,,,32.38,30.31,28.84,11/9
639,80,2026,5,2,長水路,個人,15,50m自由形,女子,,,,,,60～64歳,22,黒川慶子,女子,上池袋,47.25,+14.87,0.91,,,,49.68,,,32.38,30.31,28.84,7/8
640,80,2026,5,2,長水路,個人,15,50m自由形,女子,,,,,,60～64歳,23,豊島由里子,女子,袖ケ浦,50.23,+17.85,0.78,,,,51,,,32.38,30.31,28.84,6/1
641,80,2026,5,2,長水路,個人,15,50m自由形,女子,,,,,,60～64歳,24,佐々木政子,女子,大森,50.91,+18.53,0.94,,,,55,,,32.38,30.31,28.84,5/2
642,80,2026,5,2,長水路,個人,15,50m自由形,女子,,,,,,60～64歳,25,五十嵐佳澄,女子,阿佐谷,51.19,+18.81,1.23,,,,51.13,,,32.38,30.31,28.84,6/10
643,80,2026,5,2,長水路,個人,15,50m自由形,女子,,,,,,60～64歳,26,大芦薫,女子,清瀬,53.54,+21.16,1.06,,,,1:00.00,,,32.38,30.31,28.84,3/8
644,80,2026,5,2,長水路,個人,15,50m自由形,女子,,,,,,60～64歳,27,亀川純子,女子,谷津,54.16,+21.78,記録なし,,,,1:00.00,,,32.38,30.31,28.84,3/3
645,80,2026,5,2,長水路,個人,15,50m自由形,女子,,,,,,60～64歳,28,菊池佐千代,女子,流山,54.17,+21.79,0.96,,,,1:00.00,,,32.38,30.31,28.84,3/7
646,80,2026,5,2,長水路,個人,15,50m自由形,女子,,,,,,60～64歳,29,前川尚美,女子,F東戸塚,1:03.24,+30.86,0.97,,,,59.99,,,32.38,30.31,28.84,4/10
647,80,2026,5,2,長水路,個人,15,50m自由形,女子,,,,,,55～59歳,1,原田佳子,女子,葛西,31.54,+0.36,0.75,,10.0,10.0,31.69,,,31.18,29,27.86,19/6
648,80,2026,5,2,長水路,個人,15,50m自由形,女子,,,,,,55～59歳,2,西田三佐子,女子,大宮宮原,36.75,+5.57,0.63,,9.0,9.0,38.5,,,31.18,29,27.86,14/7
649,80,2026,5,2,長水路,個人,15,50m自由形,女子,,,,,,55～59歳,3,鶴岡美佐,女子,ザバス八景,36.9,+5.72,0.74,,8.0,8.0,36.32,,,31.18,29,27.86,16/7
650,80,2026,5,2,長水路,個人,15,50m自由形,女子,,,,,,55～59歳,4,小倉直美,女子,清瀬,36.98,+5.80,0.75,,7.0,7.0,37.5,,,31.18,29,27.86,15/7
651,80,2026,5,2,長水路,個人,15,50m自由形,女子,,,,,,55～59歳,5,熊田悦子,女子,成城,37.77,+6.59,0.92,,6.0,6.0,45,,,31.18,29,27.86,10/3
652,80,2026,5,2,長水路,個人,15,50m自由形,女子,,,,,,55～59歳,6,大野結実,女子,横浜,37.87,+6.69,0.95,,5.0,5.0,37,,,31.18,29,27.86,15/6
653,80,2026,5,2,長水路,個人,15,50m自由形,女子,,,,,,55～59歳,7,西岡祐子,女子,用賀,38.37,+7.19,0.64,,4.0,4.0,39,,,31.18,29,27.86,14/9
654,80,2026,5,2,長水路,個人,15,50m自由形,女子,,,,,,55～59歳,8,磯村麻衣子,女子,上池袋,41.25,+10.07,0.75,,3.0,3.0,39.66,,,31.18,29,27.86,13/5
655,80,2026,5,2,長水路,個人,15,50m自由形,女子,,,,,,55～59歳,9,レントフェルト慶子,女子,清瀬,41.82,+10.64,0.82,,2.0,2.0,42,,,31.18,29,27.86,12/3
656,80,2026,5,2,長水路,個人,15,50m自由形,女子,,,,,,55～59歳,10,池田直子,女子,大森,42.63,+11.45,0.84,,1.0,1.0,45,,,31.18,29,27.86,10/2
657,80,2026,5,2,長水路,個人,15,50m自由形,女子,,,,,,55～59歳,11,冨樫真樹子,女子,用賀,43.23,+12.05,0.64,,,,45,,,31.18,29,27.86,10/7
658,80,2026,5,2,長水路,個人,15,50m自由形,女子,,,,,,55～59歳,12,宮本弓子,女子,東戸塚,43.62,+12.44,0.9,,,,45,,,31.18,29,27.86,10/8
659,80,2026,5,2,長水路,個人,15,50m自由形,女子,,,,,,55～59歳,13,兼子敬子,女子,南千住,44.31,+13.13,0.94,,,,44.72,,,31.18,29,27.86,11/10
660,80,2026,5,2,長水路,個人,15,50m自由形,女子,,,,,,55～59歳,14,蔵屋由紀子,女子,新川崎,45.85,+14.67,0.87,,,,50,,,31.18,29,27.86,6/7
661,80,2026,5,2,長水路,個人,15,50m自由形,女子,,,,,,55～59歳,15,早田紀子,女子,慶應日吉,46.05,+14.87,0.74,,,,46.3,,,31.18,29,27.86,9/2
662,80,2026,5,2,長水路,個人,15,50m自由形,女子,,,,,,55～59歳,16,雨宮裕子,女子,大宮宮原,46.46,+15.28,1.45,,,,48.99,,,31.18,29,27.86,8/1
663,80,2026,5,2,長水路,個人,15,50m自由形,女子,,,,,,55～59歳,17,岩朋実,女子,川越,46.79,+15.61,0.83,,,,48.38,,,31.18,29,27.86,8/9
664,80,2026,5,2,長水路,個人,15,50m自由形,女子,,,,,,55～59歳,18,堀内浩子,女子,谷津,47.83,+16.65,0.74,,,,49,,,31.18,29,27.86,8/10
665,80,2026,5,2,長水路,個人,15,50m自由形,女子,,,,,,55～59歳,19,横田香波,女子,流山,48.81,+17.63,0.88,,,,1:00.00,,,31.18,29,27.86,3/1
666,80,2026,5,2,長水路,個人,15,50m自由形,女子,,,,,,55～59歳,20,佐藤淳子,女子,久喜,50.02,+18.84,1.02,,,,49.47,,,31.18,29,27.86,7/7
667,80,2026,5,2,長水路,個人,15,50m自由形,女子,,,,,,55～59歳,21,澤野由希子,女子,谷津,50.93,+19.75,0.93,,,,1:00.00,,,31.18,29,27.86,3/9
668,80,2026,5,2,長水路,個人,15,50m自由形,女子,,,,,,55～59歳,22,鈴木喜代子,女子,茂原,51.72,+20.54,0.85,,,,58,,,31.18,29,27.86,4/2
669,80,2026,5,2,長水路,個人,15,50m自由形,女子,,,,,,55～59歳,23,古平正美,女子,清瀬,51.96,+20.78,0.98,,,,52.94,,,31.18,29,27.86,5/7
670,80,2026,5,2,長水路,個人,15,50m自由形,女子,,,,,,55～59歳,24,山崎裕子,女子,西新井,1:08.78,+37.60,1.26,,,,1:15.00,,,31.18,29,27.86,1/4
671,80,2026,5,2,長水路,個人,15,50m自由形,女子,,,,,,50～54歳,1,杉本浩美,女子,南千住,32.6,+3.34,0.73,,10.0,10.0,32.35,,,29.26,28.25,27.09,19/10
672,80,2026,5,2,長水路,個人,15,50m自由形,女子,,,,,,50～54歳,2,櫻井翠,女子,横浜,33.3,+4.04,0.83,,9.0,9.0,34.5,,,29.26,28.25,27.09,18/1
673,80,2026,5,2,長水路,個人,15,50m自由形,女子,,,,,,50～54歳,3,柳有美子,女子,おおたか,34.15,+4.89,0.86,,8.0,8.0,37.77,,,29.26,28.25,27.09,15/3
674,80,2026,5,2,長水路,個人,15,50m自由形,女子,,,,,,50～54歳,4,兵頭和子,女子,成瀬,34.67,+5.41,0.71,,7.0,7.0,34.5,,,29.26,28.25,27.09,17/5
675,80,2026,5,2,長水路,個人,15,50m自由形,女子,,,,,,50～54歳,5,芳賀加代子,女子,南青山,35.83,+6.57,0.75,,6.0,6.0,38.57,,,29.26,28.25,27.09,14/3
676,80,2026,5,2,長水路,個人,15,50m自由形,女子,,,,,,50～54歳,6,福本麻美,女子,慶應日吉,35.84,+6.58,0.76,,5.0,5.0,35,,,29.26,28.25,27.09,17/4
677,80,2026,5,2,長水路,個人,15,50m自由形,女子,,,,,,50～54歳,7,佐藤桂子,女子,横浜,36.54,+7.28,0.77,,4.0,4.0,36.5,,,29.26,28.25,27.09,16/2
678,80,2026,5,2,長水路,個人,15,50m自由形,女子,,,,,,50～54歳,8,棚網恵理,女子,阿佐谷,37.46,+8.20,0.81,,3.0,3.0,36.5,,,29.26,28.25,27.09,16/8
679,80,2026,5,2,長水路,個人,15,50m自由形,女子,,,,,,50～54歳,9,篠倉有美,女子,成瀬,37.64,+8.38,0.79,,2.0,2.0,50,,,29.26,28.25,27.09,7/9
680,80,2026,5,2,長水路,個人,15,50m自由形,女子,,,,,,50～54歳,10,引本亜紀子,女子,用賀,38.95,+9.69,記録なし,,1.0,1.0,37.88,,,29.26,28.25,27.09,15/8
681,80,2026,5,2,長水路,個人,15,50m自由形,女子,,,,,,50～54歳,11,田原文月,女子,南千住,39.62,+10.36,0.88,,,,40.42,,,29.26,28.25,27.09,13/10
682,80,2026,5,2,長水路,個人,15,50m自由形,女子,,,,,,50～54歳,12,有路さくら,女子,福生,40.65,+11.39,0.89,,,,45,,,29.26,28.25,27.09,10/9
683,80,2026,5,2,長水路,個人,15,50m自由形,女子,,,,,,50～54歳,13,北原暁美,女子,南青山,42.89,+13.63,0.75,,,,42.59,,,29.26,28.25,27.09,12/1
684,80,2026,5,2,長水路,個人,15,50m自由形,女子,,,,,,50～54歳,14,須釜映子,女子,西新井,44.42,+15.16,0.85,,,,52.44,,,29.26,28.25,27.09,5/4
685,80,2026,5,2,長水路,個人,15,50m自由形,女子,,,,,,50～54歳,15,久保洋子,女子,流山,1:04.83,+35.57,1.06,,,,1:02.84,,,29.26,28.25,27.09,3/10
686,80,2026,5,2,長水路,個人,15,50m自由形,女子,,,,,,45～49歳,1,佐々木彩,女子,成城,32.01,+2.50,0.65,,10.0,10.0,32,,,29.51,27.78,26.07,19/7
687,80,2026,5,2,長水路,個人,15,50m自由形,女子,,,,,,45～49歳,2,大黒明日香,女子,清瀬,32.68,+3.17,0.81,,9.0,9.0,38,,,29.51,27.78,26.07,15/2
688,80,2026,5,2,長水路,個人,15,50m自由形,女子,,,,,,45～49歳,3,坂本桃枝,女子,G-SPA,32.83,+3.32,0.8,,8.0,8.0,33.54,,,29.51,27.78,26.07,18/2
689,80,2026,5,2,長水路,個人,15,50m自由形,女子,,,,,,45～49歳,4,小林恵,女子,西新井,33.38,+3.87,0.82,,7.0,7.0,40,,,29.51,27.78,26.07,13/3
690,80,2026,5,2,長水路,個人,15,50m自由形,女子,,,,,,45～49歳,5,横田千恵子,女子,阿佐谷,35.6,+6.09,0.79,,6.0,6.0,35.8,,,29.51,27.78,26.07,16/5
691,80,2026,5,2,長水路,個人,15,50m自由形,女子,,,,,,45～49歳,6,髙島典子,女子,大森,35.95,+6.44,0.76,,5.0,5.0,35.66,,,29.51,27.78,26.07,17/10
692,80,2026,5,2,長水路,個人,15,50m自由形,女子,,,,,,45～49歳,7,草野茜,女子,二俣川,36.01,+6.50,0.9,,4.0,4.0,34.5,,,29.51,27.78,26.07,18/10
693,80,2026,5,2,長水路,個人,15,50m自由形,女子,,,,,,45～49歳,8,藤本淑恵,女子,平塚,36.86,+7.35,1.08,,3.0,3.0,36.99,,,29.51,27.78,26.07,16/10
694,80,2026,5,2,長水路,個人,15,50m自由形,女子,,,,,,45～49歳,9,町田麻里,女子,南千住,36.96,+7.45,0.82,,2.0,2.0,38.41,,,29.51,27.78,26.07,14/4
695,80,2026,5,2,長水路,個人,15,50m自由形,女子,,,,,,45～49歳,10,前田由希映,女子,二俣川,37.95,+8.44,0.87,,1.0,1.0,35.54,,,29.51,27.78,26.07,17/1
696,80,2026,5,2,長水路,個人,15,50m自由形,女子,,,,,,45～49歳,11,吉池奈々,女子,二俣川,38.36,+8.85,0.68,,,,36.87,,,29.51,27.78,26.07,16/1
697,80,2026,5,2,長水路,個人,15,50m自由形,女子,,,,,,45～49歳,12,赤坂恵美子,女子,志木,43.81,+14.30,0.83,,,,45.3,,,29.51,27.78,26.07,9/6
698,80,2026,5,2,長水路,個人,15,50m自由形,女子,,,,,,45～49歳,13,下山雅子,女子,茂原,45.72,+16.21,0.87,,,,50.75,,,29.51,27.78,26.07,6/2
699,80,2026,5,2,長水路,個人,15,50m自由形,女子,,,,,,40～44歳,1,渡邉梨絵,女子,阿佐谷,28.95,-0.21,0.66,,10.0,10.0,29,,大会新,29.16,26.95,26.44,20/5
700,80,2026,5,2,長水路,個人,15,50m自由形,女子,,,,,,40～44歳,2,永田加那子,女子,葛西,31.55,+2.39,0.76,,9.0,9.0,31,,,29.16,26.95,26.44,20/9
701,80,2026,5,2,長水路,個人,15,50m自由形,女子,,,,,,40～44歳,3,清水芙由美,女子,青砥,33.49,+4.33,0.82,,8.0,8.0,40,,,29.16,26.95,26.44,13/8
702,80,2026,5,2,長水路,個人,15,50m自由形,女子,,,,,,40～44歳,4,真栄田こずえ,女子,ザバス八景,34.15,+4.99,0.79,,7.0,7.0,35,,,29.16,26.95,26.44,17/7
703,80,2026,5,2,長水路,個人,15,50m自由形,女子,,,,,,40～44歳,5,中村可奈子,女子,おおたか,34.83,+5.67,0.77,,6.0,6.0,34.45,,,29.16,26.95,26.44,18/9
704,80,2026,5,2,長水路,個人,15,50m自由形,女子,,,,,,40～44歳,6,染谷ゆたか,女子,墨田区体育館,35.36,+6.20,0.75,,5.0,5.0,38,,,29.16,26.95,26.44,15/9
705,80,2026,5,2,長水路,個人,15,50m自由形,女子,,,,,,40～44歳,7,中辻澄美,女子,天王洲,38.18,+9.02,0.77,,4.0,4.0,38.7,,,29.16,26.95,26.44,14/8
706,80,2026,5,2,長水路,個人,15,50m自由形,女子,,,,,,35～39歳,1,北川麻美,女子,武蔵小杉,28.66,-0.21,0.74,,10.0,10.0,29,,大会新,28.87,26.74,25.58,20/6
707,80,2026,5,2,長水路,個人,15,50m自由形,女子,,,,,,35～39歳,2,青木梨緒,女子,葛西,29.19,+0.32,0.67,,9.0,9.0,29.5,,,28.87,26.74,25.58,20/7
708,80,2026,5,2,長水路,個人,15,50m自由形,女子,,,,,,35～39歳,3,川北恵,女子,長津田,29.4,+0.53,0.7,,8.0,8.0,29.27,,,28.87,26.74,25.58,20/4
709,80,2026,5,2,長水路,個人,15,50m自由形,女子,,,,,,35～39歳,4,田中美鈴,女子,武蔵小杉,31.69,+2.82,0.73,,7.0,7.0,32,,,28.87,26.74,25.58,19/3
710,80,2026,5,2,長水路,個人,15,50m自由形,女子,,,,,,35～39歳,5,柳美希,女子,松戸,33.27,+4.40,0.85,,6.0,6.0,35.5,,,28.87,26.74,25.58,17/9
711,80,2026,5,2,長水路,個人,15,50m自由形,女子,,,,,,35～39歳,6,後藤元美,女子,天王洲,37.37,+8.50,0.7,,5.0,5.0,36.8,,,28.87,26.74,25.58,16/9
712,80,2026,5,2,長水路,個人,15,50m自由形,女子,,,,,,35～39歳,7,國政玲,女子,南青山,39.28,+10.41,0.76,,4.0,4.0,38,,,28.87,26.74,25.58,15/1
713,80,2026,5,2,長水路,個人,15,50m自由形,女子,,,,,,35～39歳,8,RacaruGabriela,女子,慶應日吉,39.69,+10.82,0.8,,3.0,3.0,43,,,28.87,26.74,25.58,11/6
714,80,2026,5,2,長水路,個人,15,50m自由形,女子,,,,,,35～39歳,9,渡邉茜,女子,袖ケ浦,41.3,+12.43,1.18,,2.0,2.0,50,,,28.87,26.74,25.58,7/10
715,80,2026,5,2,長水路,個人,15,50m自由形,女子,,,,,,30～34歳,1,宍戸萌,女子,長津田,30.31,+3.89,0.84,,10.0,10.0,31.07,,,26.42,26.41,25.33,20/10
716,80,2026,5,2,長水路,個人,15,50m自由形,女子,,,,,,30～34歳,2,吉田のばら,女子,南千住,30.65,+4.23,0.72,,9.0,9.0,31.97,,,26.42,26.41,25.33,19/4
717,80,2026,5,2,長水路,個人,15,50m自由形,女子,,,,,,30～34歳,3,深堀陽子,女子,二俣川,33.67,+7.25,0.68,,8.0,8.0,32.3,,,26.42,26.41,25.33,19/1
718,80,2026,5,2,長水路,個人,15,50m自由形,女子,,,,,,30～34歳,4,岡澤美咲,女子,茂原,36.99,+10.57,0.76,,7.0,7.0,40,,,26.42,26.41,25.33,13/2
719,80,2026,5,2,長水路,個人,15,50m自由形,女子,,,,,,30～34歳,5,古賀量子,女子,大森,40.42,+14.00,0.9,,6.0,6.0,42.07,,,26.42,26.41,25.33,12/8
720,80,2026,5,2,長水路,個人,15,50m自由形,女子,,,,,,25～29歳,1,高嶋ひなの,女子,おおたか,29.63,+2.20,0.62,,10.0,10.0,32,,,27.43,26.27,25.37,19/8
721,80,2026,5,2,長水路,個人,15,50m自由形,女子,,,,,,25～29歳,2,池田志保,女子,大宮宮原,30.41,+2.98,0.69,,9.0,9.0,30.5,,,27.43,26.27,25.37,20/2
722,80,2026,5,2,長水路,個人,15,50m自由形,女子,,,,,,25～29歳,3,丸玖瑠都,女子,成城,30.94,+3.51,0.65,,8.0,8.0,33,,,27.43,26.27,25.37,18/4
723,80,2026,5,2,長水路,個人,15,50m自由形,女子,,,,,,25～29歳,4,田嶋由佳,女子,二俣川,32.6,+5.17,0.76,,7.0,7.0,32.46,,,27.43,26.27,25.37,18/5
724,80,2026,5,2,長水路,個人,15,50m自由形,女子,,,,,,25～29歳,5,足立知実,女子,平塚,34.1,+6.67,0.68,,6.0,6.0,35.34,,,27.43,26.27,25.37,17/2
725,80,2026,5,2,長水路,個人,15,50m自由形,女子,,,,,,25～29歳,6,村岡礼奈,女子,桶川北本,35.71,+8.28,0.69,,5.0,5.0,36,,,27.43,26.27,25.37,16/6
726,80,2026,5,2,長水路,個人,15,50m自由形,女子,,,,,,18～24歳,1,岩城心美,女子,武蔵小杉,29.1,+1.07,0.63,,10.0,10.0,29.9,,,28.03,26.65,記録なし,20/3
727,80,2026,5,2,長水路,個人,15,50m自由形,女子,,,,,,18～24歳,2,梶井美杏,女子,清瀬,30.21,+2.18,0.71,,9.0,9.0,30,,,28.03,26.65,記録なし,20/8
728,80,2026,5,2,長水路,個人,15,50m自由形,女子,,,,,,18～24歳,3,岡田星理,女子,谷津,30.48,+2.45,0.69,,8.0,8.0,32.5,,,28.03,26.65,記録なし,18/6
729,80,2026,5,2,長水路,個人,15,50m自由形,女子,,,,,,18～24歳,4,野口奈旺子,女子,葛西,30.82,+2.79,0.79,,7.0,7.0,33,,,28.03,26.65,記録なし,18/3
730,80,2026,5,2,長水路,個人,15,50m自由形,女子,,,,,,18～24歳,5,松井優依,女子,八王子,31.12,+3.09,0.68,,6.0,6.0,31,,,28.03,26.65,記録なし,20/1
731,80,2026,5,2,長水路,個人,15,50m自由形,女子,,,,,,18～24歳,6,篠田璃七,女子,葛西,31.23,+3.20,0.62,,5.0,5.0,33,,,28.03,26.65,記録なし,18/7
732,80,2026,5,2,長水路,個人,15,50m自由形,女子,,,,,,18～24歳,7,櫻井春佳,女子,大宮宮原,32.64,+4.61,0.7,,4.0,4.0,32.15,,,28.03,26.65,記録なし,19/2
733,80,2026,5,2,長水路,個人,15,50m自由形,女子,,,,,,18～24歳,8,池田美来,女子,我孫子,33.46,+5.43,0.64,,3.0,3.0,35,,,28.03,26.65,記録なし,17/8
734,80,2026,5,2,長水路,個人,15,50m自由形,女子,,,,,,18～24歳,9,皆川すみれ,女子,南青山,34.75,+6.72,0.8,,2.0,2.0,35,,,28.03,26.65,記録なし,17/3
735,80,2026,5,2,長水路,個人,15,50m自由形,女子,,,,,,18～24歳,10,岩田茉子,女子,おおたか,40.67,+12.64,0.92,,1.0,1.0,38,,,28.03,26.65,記録なし,15/10
736,80,2026,5,2,長水路,個人,15,50m自由形,女子,,,,,,18～24歳,11,天野佐希子,女子,柏,40.79,+12.76,0.94,,,,40,,,28.03,26.65,記録なし,13/1
737,80,2026,5,2,長水路,個人,15,50m自由形,女子,,,,,,18～24歳,12,中村結海,女子,柏,42.17,+14.14,0.89,,,,40,,,28.03,26.65,記録なし,13/9
738,80,2026,5,2,長水路,個人,16,50m自由形,男子,,,,,,90～94歳,1,椎野正敏,男子,越谷,59.18,+6.75,1.17,,10.0,10.0,58.2,,,52.43,40.89,38.64,1/3
739,80,2026,5,2,長水路,個人,16,50m自由形,男子,,,,,,85～89歳,1,中村欣正,男子,流山,42.8,-0.61,0.79,,10.0,10.0,42.83,,大会新,43.41,33.74,33.74,4/3
740,80,2026,5,2,長水路,個人,16,50m自由形,男子,,,,,,85～89歳,2,井上隆史,男子,市ヶ尾,44.77,+1.36,0.88,,9.0,9.0,43.86,,,43.41,33.74,33.74,4/1
741,80,2026,5,2,長水路,個人,16,50m自由形,男子,,,,,,85～89歳,3,丸野公敏,男子,南千住,1:13.70,+30.29,記録なし,,8.0,8.0,1:10.00,,,43.41,33.74,33.74,1/2
742,80,2026,5,2,長水路,個人,16,50m自由形,男子,,,,,,80～84歳,1,今修二,男子,越谷,39.83,+3.31,0.9,,10.0,10.0,44.5,,,36.52,31.23,31.23,3/5
743,80,2026,5,2,長水路,個人,16,50m自由形,男子,,,,,,80～84歳,2,益子正人,男子,我孫子,40.19,+3.67,1.05,,9.0,9.0,45,,,36.52,31.23,31.23,3/4
744,80,2026,5,2,長水路,個人,16,50m自由形,男子,,,,,,80～84歳,3,石川守也,男子,市川,42.01,+5.49,0.98,,8.0,8.0,44.66,,,36.52,31.23,31.23,3/6
745,80,2026,5,2,長水路,個人,16,50m自由形,男子,,,,,,80～84歳,4,井口穣,男子,東戸塚,43.88,+7.36,0.81,,7.0,7.0,42,,,36.52,31.23,31.23,4/4
746,80,2026,5,2,長水路,個人,16,50m自由形,男子,,,,,,80～84歳,5,大内洋,男子,葛西,46.17,+9.65,0.98,,6.0,6.0,46.86,,,36.52,31.23,31.23,3/10
747,80,2026,5,2,長水路,個人,16,50m自由形,男子,,,,,,80～84歳,6,保谷由夫,男子,G-SPA,51.16,+14.64,0.86,,5.0,5.0,51.22,,,36.52,31.23,31.23,1/6
748,80,2026,5,2,長水路,個人,16,50m自由形,男子,,,,,,80～84歳,7,増山晶一,男子,下北沢,54.4,+17.88,1.25,,4.0,4.0,56.07,,,36.52,31.23,31.23,1/4
749,80,2026,5,2,長水路,個人,16,50m自由形,男子,,,,,,80～84歳,8,小田稔,男子,慶應日吉,55.87,+19.35,1.15,,3.0,3.0,50.12,,,36.52,31.23,31.23,1/5
750,80,2026,5,2,長水路,個人,16,50m自由形,男子,,,,,,80～84歳,9,縫田駿一,男子,おおたか,57.9,+21.38,記録なし,,2.0,2.0,1:00.00,,,36.52,31.23,31.23,1/8
751,80,2026,5,2,長水路,個人,16,50m自由形,男子,,,,,,75～79歳,1,木津誠,男子,成城,36.56,+5.95,0.91,,10.0,10.0,36,,,30.61,29.9,28.49,8/5
752,80,2026,5,2,長水路,個人,16,50m自由形,男子,,,,,,75～79歳,2,藤田善久,男子,八千代台,40.52,+9.91,0.93,,9.0,9.0,45.63,,,30.61,29.9,28.49,3/9
753,80,2026,5,2,長水路,個人,16,50m自由形,男子,,,,,,75～79歳,3,大倉健志,男子,流山,40.65,+10.04,0.87,,8.0,8.0,38.35,,,30.61,29.9,28.49,6/4
754,80,2026,5,2,長水路,個人,16,50m自由形,男子,,,,,,75～79歳,4,丸喜章,男子,茂原,43.11,+12.50,0.89,,7.0,7.0,43.02,,,30.61,29.9,28.49,4/9
755,80,2026,5,2,長水路,個人,16,50m自由形,男子,,,,,,75～79歳,5,柿崎博幸,男子,松戸,43.28,+12.67,0.89,,6.0,6.0,46,,,30.61,29.9,28.49,3/1
756,80,2026,5,2,長水路,個人,16,50m自由形,男子,,,,,,75～79歳,6,松永勝,男子,おおたか,48.8,+18.19,1.06,,5.0,5.0,50,,,30.61,29.9,28.49,2/3
757,80,2026,5,2,長水路,個人,16,50m自由形,男子,,,,,,75～79歳,7,泉保央,男子,慶應日吉,50.32,+19.71,記録なし,,4.0,4.0,50,,,30.61,29.9,28.49,2/7
758,80,2026,5,2,長水路,個人,16,50m自由形,男子,,,,,,75～79歳,8,手塚満,男子,おおたか,51.32,+20.71,0.74,,3.0,3.0,48.67,,,30.61,29.9,28.49,2/4
759,80,2026,5,2,長水路,個人,16,50m自由形,男子,,,,,,70～74歳,1,亀田一麿,男子,東戸塚,34.07,+4.43,0.81,,10.0,10.0,33.5,,,29.64,28.58,27.12,11/5
760,80,2026,5,2,長水路,個人,16,50m自由形,男子,,,,,,70～74歳,2,鈴木幹男,男子,我孫子,35.51,+5.87,0.9,,9.0,9.0,36.21,,,29.64,28.58,27.12,8/6
761,80,2026,5,2,長水路,個人,16,50m自由形,男子,,,,,,70～74歳,3,林誠,男子,湘南LT,35.58,+5.94,0.77,,8.0,8.0,36,,,29.64,28.58,27.12,9/1
762,80,2026,5,2,長水路,個人,16,50m自由形,男子,,,,,,70～74歳,4,瀧川一興,男子,大森,35.66,+6.02,0.81,,7.0,7.0,36.5,,,29.64,28.58,27.12,8/8
763,80,2026,5,2,長水路,個人,16,50m自由形,男子,,,,,,70～74歳,5,加藤均,男子,セン南,36.36,+6.72,0.97,,6.0,6.0,38,,,29.64,28.58,27.12,6/5
764,80,2026,5,2,長水路,個人,16,50m自由形,男子,,,,,,70～74歳,6,若月優,男子,横浜,36.54,+6.90,0.87,,5.0,5.0,37.78,,,29.64,28.58,27.12,7/9
765,80,2026,5,2,長水路,個人,16,50m自由形,男子,,,,,,70～74歳,7,長野守,男子,慶應日吉,38.04,+8.40,0.76,,4.0,4.0,37.5,,,29.64,28.58,27.12,7/2
766,80,2026,5,2,長水路,個人,16,50m自由形,男子,,,,,,70～74歳,8,橋本政明,男子,志木,38.61,+8.97,0.8,,3.0,3.0,41,,,29.64,28.58,27.12,5/9
767,80,2026,5,2,長水路,個人,16,50m自由形,男子,,,,,,70～74歳,9,幡場達明,男子,大宮宮原,40.73,+11.09,0.79,,2.0,2.0,40,,,29.64,28.58,27.12,5/5
768,80,2026,5,2,長水路,個人,16,50m自由形,男子,,,,,,70～74歳,10,岸田孝,男子,南青山,40.78,+11.14,0.96,,1.0,1.0,45,,,29.64,28.58,27.12,3/8
769,80,2026,5,2,長水路,個人,16,50m自由形,男子,,,,,,70～74歳,11,梅村潔,男子,茂原,40.87,+11.23,0.83,,,,45,,,29.64,28.58,27.12,3/3
770,80,2026,5,2,長水路,個人,16,50m自由形,男子,,,,,,70～74歳,12,常山賢二,男子,曽谷,40.93,+11.29,1.01,,,,40.12,,,29.64,28.58,27.12,5/7
771,80,2026,5,2,長水路,個人,16,50m自由形,男子,,,,,,70～74歳,13,中村雄一,男子,G-SPA,42.65,+13.01,記録なし,,,,41.26,,,29.64,28.58,27.12,4/5
772,80,2026,5,2,長水路,個人,16,50m自由形,男子,,,,,,70～74歳,14,橋本亘,男子,おおたか,43.38,+13.74,0.8,,,,39.45,,,29.64,28.58,27.12,6/2
773,80,2026,5,2,長水路,個人,16,50m自由形,男子,,,,,,70～74歳,15,内藤謙一,男子,松戸,44.33,+14.69,0.85,,,,42,,,29.64,28.58,27.12,4/7
774,80,2026,5,2,長水路,個人,16,50m自由形,男子,,,,,,70～74歳,16,松下達一,男子,西新井,45.31,+15.67,1,,,,42.91,,,29.64,28.58,27.12,4/8
775,80,2026,5,2,長水路,個人,16,50m自由形,男子,,,,,,70～74歳,17,若山聖亮,男子,G-SPA,45.49,+15.85,記録なし,,,,47.33,,,29.64,28.58,27.12,2/5
776,80,2026,5,2,長水路,個人,16,50m自由形,男子,,,,,,70～74歳,18,仲二見実,男子,ときわ台,47.23,+17.59,1.04,,,,39,,,29.64,28.58,27.12,6/8
777,80,2026,5,2,長水路,個人,16,50m自由形,男子,,,,,,70～74歳,19,大久保美伸,男子,松戸,48.43,+18.79,0.95,,,,48,,,29.64,28.58,27.12,2/6
778,80,2026,5,2,長水路,個人,16,50m自由形,男子,,,,,,65～69歳,1,沼田真清,男子,南青山,30.84,+2.70,0.63,,10.0,10.0,30.99,,,28.14,26.19,26.19,14/4
779,80,2026,5,2,長水路,個人,16,50m自由形,男子,,,,,,65～69歳,2,冨松実,男子,二俣川,31.97,+3.83,0.7,,9.0,9.0,31.99,,,28.14,26.19,26.19,13/2
780,80,2026,5,2,長水路,個人,16,50m自由形,男子,,,,,,65～69歳,3,岩田寛,男子,慶應日吉,32.76,+4.62,0.96,,8.0,8.0,34.5,,,28.14,26.19,26.19,10/4
781,80,2026,5,2,長水路,個人,16,50m自由形,男子,,,,,,65～69歳,4,會田修一,男子,おおたか,32.98,+4.84,0.98,,7.0,7.0,33,,,28.14,26.19,26.19,12/2
782,80,2026,5,2,長水路,個人,16,50m自由形,男子,,,,,,65～69歳,5,宮本恭幸,男子,おおたか,34.1,+5.96,0.9,,6.0,6.0,36,,,28.14,26.19,26.19,9/10
783,80,2026,5,2,長水路,個人,16,50m自由形,男子,,,,,,65～69歳,6,松田賢治,男子,大宮宮原,34.36,+6.22,0.82,,5.0,5.0,35,,,28.14,26.19,26.19,9/5
784,80,2026,5,2,長水路,個人,16,50m自由形,男子,,,,,,65～69歳,7,横浜健,男子,南青山,34.67,+6.53,0.8,,4.0,4.0,34,,,28.14,26.19,26.19,11/2
785,80,2026,5,2,長水路,個人,16,50m自由形,男子,,,,,,65～69歳,8,山梨英克,男子,我孫子,35.26,+7.12,0.74,,3.0,3.0,38.3,,,28.14,26.19,26.19,6/6
786,80,2026,5,2,長水路,個人,16,50m自由形,男子,,,,,,65～69歳,9,仲宇佐隆一,男子,横浜,35.92,+7.78,0.82,,2.0,2.0,37.43,,,28.14,26.19,26.19,7/8
787,80,2026,5,2,長水路,個人,16,50m自由形,男子,,,,,,65～69歳,10,松下尚之,男子,流山,36.6,+8.46,0.81,,1.0,1.0,37,,,28.14,26.19,26.19,7/5
788,80,2026,5,2,長水路,個人,16,50m自由形,男子,,,,,,65～69歳,11,佐藤信弘,男子,桶川北本,36.98,+8.84,0.88,,,,36.62,,,28.14,26.19,26.19,8/2
789,80,2026,5,2,長水路,個人,16,50m自由形,男子,,,,,,65～69歳,12,上松高造,男子,武蔵小杉,39.52,+11.38,0.9,,,,40,,,28.14,26.19,26.19,5/6
790,80,2026,5,2,長水路,個人,16,50m自由形,男子,,,,,,65～69歳,13,宮内譲志,男子,おおたか,41.54,+13.40,0.88,,,,45,,,28.14,26.19,26.19,3/2
791,80,2026,5,2,長水路,個人,16,50m自由形,男子,,,,,,65～69歳,14,赤坂吉昭,男子,葛西,43.3,+15.16,0.97,,,,41,,,28.14,26.19,26.19,5/1
792,80,2026,5,2,長水路,個人,16,50m自由形,男子,,,,,,65～69歳,15,鈴木篤,男子,おおたか,46.26,+18.12,1.33,,,,44.44,,,28.14,26.19,26.19,4/10
793,80,2026,5,2,長水路,個人,16,50m自由形,男子,,,,,,65～69歳,16,栗谷川彰,男子,ザバス鶴見,52.41,+24.27,1.5,,,,50,,,28.14,26.19,26.19,2/8
794,80,2026,5,2,長水路,個人,16,50m自由形,男子,,,,,,60～64歳,1,菊池千二,男子,市ヶ尾,29.65,+2.52,0.73,,10.0,10.0,38,,,27.13,26.66,24.82,7/1
795,80,2026,5,2,長水路,個人,16,50m自由形,男子,,,,,,60～64歳,2,杉原祥之,男子,ザバス鶴見,29.98,+2.85,0.74,,9.0,9.0,30,,,27.13,26.66,24.82,15/5
796,80,2026,5,2,長水路,個人,16,50m自由形,男子,,,,,,60～64歳,3,山賀勝之,男子,南青山,31.23,+4.10,0.67,,8.0,8.0,31.5,,,27.13,26.66,24.82,13/5
797,80,2026,5,2,長水路,個人,16,50m自由形,男子,,,,,,60～64歳,4,小林健,男子,葛西,31.58,+4.45,0.82,,7.0,7.0,30.7,,,27.13,26.66,24.82,15/10
798,80,2026,5,2,長水路,個人,16,50m自由形,男子,,,,,,60～64歳,5,金子勝,男子,岩槻,31.65,+4.52,0.74,,6.0,6.0,30.18,,,27.13,26.66,24.82,15/2
799,80,2026,5,2,長水路,個人,16,50m自由形,男子,,,,,,60～64歳,6,宇田川祐一,男子,大宮宮原,32.96,+5.83,0.79,,5.0,5.0,31.25,,,27.13,26.66,24.82,14/1
800,80,2026,5,2,長水路,個人,16,50m自由形,男子,,,,,,60～64歳,7,田中基幹,男子,流山,33.42,+6.29,0.82,,4.0,4.0,35,,,27.13,26.66,24.82,10/8
801,80,2026,5,2,長水路,個人,16,50m自由形,男子,,,,,,60～64歳,8,廣本佳也,男子,上池袋,33.55,+6.42,0.82,,3.0,3.0,32.02,,,27.13,26.66,24.82,12/5
802,80,2026,5,2,長水路,個人,16,50m自由形,男子,,,,,,60～64歳,9,安間稔,男子,市ヶ尾,33.94,+6.81,0.73,,2.0,2.0,33.76,,,27.13,26.66,24.82,11/3
803,80,2026,5,2,長水路,個人,16,50m自由形,男子,,,,,,60～64歳,10,齋藤和典,男子,新川崎,34.11,+6.98,0.89,,1.0,1.0,36.24,,,27.13,26.66,24.82,8/4
804,80,2026,5,2,長水路,個人,16,50m自由形,男子,,,,,,60～64歳,11,小松崎浩,男子,府中,34.26,+7.13,0.83,,,,33.9,,,27.13,26.66,24.82,11/8
805,80,2026,5,2,長水路,個人,16,50m自由形,男子,,,,,,60～64歳,12,近藤正之,男子,上池袋,34.78,+7.65,0.94,,,,33.72,,,27.13,26.66,24.82,11/4
806,80,2026,5,2,長水路,個人,16,50m自由形,男子,,,,,,60～64歳,13,丸山恵太,男子,西新井,36,+8.87,0.79,,,,36.67,,,27.13,26.66,24.82,8/9
807,80,2026,5,2,長水路,個人,16,50m自由形,男子,,,,,,60～64歳,14,吉峯幸郎,男子,用賀,36.39,+9.26,0.9,,,,35.93,,,27.13,26.66,24.82,9/2
808,80,2026,5,2,長水路,個人,16,50m自由形,男子,,,,,,60～64歳,15,市野一滋,男子,用賀,36.89,+9.76,0.83,,,,37,,,27.13,26.66,24.82,7/6
809,80,2026,5,2,長水路,個人,16,50m自由形,男子,,,,,,60～64歳,16,高橋潤,男子,成瀬,37.96,+10.83,0.94,,,,36.36,,,27.13,26.66,24.82,8/7
810,80,2026,5,2,長水路,個人,16,50m自由形,男子,,,,,,60～64歳,17,佐野裕之,男子,武蔵小杉,38.63,+11.50,0.94,,,,36.94,,,27.13,26.66,24.82,8/10
811,80,2026,5,2,長水路,個人,16,50m自由形,男子,,,,,,60～64歳,18,山本勝,男子,慶應日吉,40.26,+13.13,0.87,,,,40,,,27.13,26.66,24.82,5/4
812,80,2026,5,2,長水路,個人,16,50m自由形,男子,,,,,,60～64歳,19,後藤潤,男子,成城,41.07,+13.94,1.2,,,,41,,,27.13,26.66,24.82,5/10
813,80,2026,5,2,長水路,個人,16,50m自由形,男子,,,,,,60～64歳,20,安部盛博,男子,成城,41.63,+14.50,0.86,,,,40.17,,,27.13,26.66,24.82,5/3
814,80,2026,5,2,長水路,個人,16,50m自由形,男子,,,,,,60～64歳,21,安藤靖,男子,南青山,42.63,+15.50,0.87,,,,39.5,,,27.13,26.66,24.82,6/9
815,80,2026,5,2,長水路,個人,16,50m自由形,男子,,,,,,60～64歳,22,半澤繁,男子,清瀬,45.73,+18.60,0.83,,,,43,,,27.13,26.66,24.82,4/2
816,80,2026,5,2,長水路,個人,16,50m自由形,男子,,,,,,55～59歳,1,倉持孝博,男子,おおたか,28.35,+1.39,0.68,,10.0,10.0,30,,,26.96,24.45,24.45,15/6
817,80,2026,5,2,長水路,個人,16,50m自由形,男子,,,,,,55～59歳,2,久保卓士,男子,天王洲,29.99,+3.03,0.91,,9.0,9.0,31.5,,,26.96,24.45,24.45,13/6
818,80,2026,5,2,長水路,個人,16,50m自由形,男子,,,,,,55～59歳,3,阿部賢裕,男子,能見台,30.16,+3.20,0.74,,8.0,8.0,29.8,,,26.96,24.45,24.45,16/3
819,80,2026,5,2,長水路,個人,16,50m自由形,男子,,,,,,55～59歳,4,前田光輝,男子,おおたか,30.32,+3.36,0.65,,7.0,7.0,30.62,,,26.96,24.45,24.45,15/9
820,80,2026,5,2,長水路,個人,16,50m自由形,男子,,,,,,55～59歳,5,門倉孝行,男子,慶應日吉,30.45,+3.49,0.67,,6.0,6.0,32,,,26.96,24.45,24.45,13/1
821,80,2026,5,2,長水路,個人,16,50m自由形,男子,,,,,,55～59歳,6,清田真人,男子,大宮宮原,30.5,+3.54,0.9,,5.0,5.0,31.31,,,26.96,24.45,24.45,14/10
822,80,2026,5,2,長水路,個人,16,50m自由形,男子,,,,,,55～59歳,7,西野宮冬木,男子,長津田,30.71,+3.75,0.85,,4.0,4.0,32.96,,,26.96,24.45,24.45,12/8
823,80,2026,5,2,長水路,個人,16,50m自由形,男子,,,,,,55～59歳,8,弭間政隆,男子,葛西,31.07,+4.11,0.99,,3.0,3.0,31,,,26.96,24.45,24.45,14/7
824,80,2026,5,2,長水路,個人,16,50m自由形,男子,,,,,,55～59歳,9,山田大介,男子,武蔵小杉,31.12,+4.16,0.72,,2.0,2.0,31.5,,,26.96,24.45,24.45,13/4
825,80,2026,5,2,長水路,個人,16,50m自由形,男子,,,,,,55～59歳,10,木村秀光,男子,上池袋,31.45,+4.49,0.9,,1.0,1.0,31.11,,,26.96,24.45,24.45,14/2
826,80,2026,5,2,長水路,個人,16,50m自由形,男子,,,,,,55～59歳,11,兵藤鋭雄,男子,目黒,31.79,+4.83,0.82,,,,31.58,,,26.96,24.45,24.45,13/8
827,80,2026,5,2,長水路,個人,16,50m自由形,男子,,,,,,55～59歳,12,新井良育,男子,市ヶ尾,31.99,+5.03,0.65,,,,32,,,26.96,24.45,24.45,13/9
828,80,2026,5,2,長水路,個人,16,50m自由形,男子,,,,,,55～59歳,13,加藤寿起,男子,袖ケ浦,32.75,+5.79,0.79,,,,31.54,,,26.96,24.45,24.45,13/3
829,80,2026,5,2,長水路,個人,16,50m自由形,男子,,,,,,55～59歳,14,成島毅,男子,Ｆ宇都宮,33.64,+6.68,0.81,,,,34,,,26.96,24.45,24.45,11/9
830,80,2026,5,2,長水路,個人,16,50m自由形,男子,,,,,,55～59歳,15,穴田啓樹,男子,慶應日吉,33.76,+6.80,0.74,,,,35.5,,,26.96,24.45,24.45,9/7
831,80,2026,5,2,長水路,個人,16,50m自由形,男子,,,,,,55～59歳,16,久保田信利,男子,ザバス八景,33.82,+6.86,0.77,,,,35.1,,,26.96,24.45,24.45,9/4
832,80,2026,5,2,長水路,個人,16,50m自由形,男子,,,,,,55～59歳,17,松本考弘,男子,清瀬,33.89,+6.93,0.88,,,,34.06,,,26.96,24.45,24.45,10/5
833,80,2026,5,2,長水路,個人,16,50m自由形,男子,,,,,,55～59歳,18,佐藤正章,男子,用賀,34.26,+7.30,0.78,,,,34.16,,,26.96,24.45,24.45,10/6
834,80,2026,5,2,長水路,個人,16,50m自由形,男子,,,,,,55～59歳,19,青木正昭,男子,福生,36.58,+9.62,0.83,,,,35.07,,,26.96,24.45,24.45,9/6
835,80,2026,5,2,長水路,個人,16,50m自由形,男子,,,,,,55～59歳,20,向山高弘,男子,ときわ台,38.36,+11.40,0.9,,,,37.1,,,26.96,24.45,24.45,7/3
836,80,2026,5,2,長水路,個人,16,50m自由形,男子,,,,,,55～59歳,21,北村勇,男子,能見台,39.8,+12.84,0.78,,,,40,,,26.96,24.45,24.45,6/1
837,80,2026,5,2,長水路,個人,16,50m自由形,男子,,,,,,55～59歳,22,中田雄也,男子,墨田区体育館,40.83,+13.87,0.64,,,,36.76,,,26.96,24.45,24.45,8/1
838,80,2026,5,2,長水路,個人,16,50m自由形,男子,,,,,,55～59歳,23,福田義晴,男子,市川,40.94,+13.98,0.94,,,,40.3,,,26.96,24.45,24.45,5/8
839,80,2026,5,2,長水路,個人,16,50m自由形,男子,,,,,,55～59歳,24,谷垣和俊,男子,市川,46.09,+19.13,記録なし,,,,57.5,,,26.96,24.45,24.45,1/7
840,80,2026,5,2,長水路,個人,16,50m自由形,男子,,,,,,50～54歳,1,大村俊文,男子,二俣川,26.48,+0.78,0.7,,10.0,10.0,26.52,,,25.7,23.67,23.67,19/7
841,80,2026,5,2,長水路,個人,16,50m自由形,男子,,,,,,50～54歳,2,小森康弘,男子,葛西,27.54,+1.84,0.63,,9.0,9.0,29.99,,,25.7,23.67,23.67,16/8
842,80,2026,5,2,長水路,個人,16,50m自由形,男子,,,,,,50～54歳,3,北川貴義,男子,阿佐谷,27.9,+2.20,0.68,,8.0,8.0,28,,,25.7,23.67,23.67,18/8
843,80,2026,5,2,長水路,個人,16,50m自由形,男子,,,,,,50～54歳,4,堀川広祐,男子,二俣川,28.6,+2.90,0.63,,7.0,7.0,28.61,,,25.7,23.67,23.67,17/2
844,80,2026,5,2,長水路,個人,16,50m自由形,男子,,,,,,50～54歳,5,花井一也,男子,長津田,28.64,+2.94,0.72,,6.0,6.0,28.35,,,25.7,23.67,23.67,17/4
845,80,2026,5,2,長水路,個人,16,50m自由形,男子,,,,,,50～54歳,6,佐々木茂倫,男子,流山,29.52,+3.82,0.65,,5.0,5.0,29.45,,,25.7,23.67,23.67,16/4
846,80,2026,5,2,長水路,個人,16,50m自由形,男子,,,,,,50～54歳,7,甫坂修男,男子,市川,29.61,+3.91,0.71,,4.0,4.0,29.74,,,25.7,23.67,23.67,16/7
847,80,2026,5,2,長水路,個人,16,50m自由形,男子,,,,,,50～54歳,8,添田邦彦,男子,八王子,29.78,+4.08,0.81,,3.0,3.0,30,,,25.7,23.67,23.67,15/4
848,80,2026,5,2,長水路,個人,16,50m自由形,男子,,,,,,50～54歳,9,登坂健志,男子,おおたか,30.36,+4.66,0.99,,2.0,2.0,32,,,25.7,23.67,23.67,13/10
849,80,2026,5,2,長水路,個人,16,50m自由形,男子,,,,,,50～54歳,10,磯貝知弘,男子,柏,30.46,+4.76,0.79,,1.0,1.0,30,,,25.7,23.67,23.67,15/3
850,80,2026,5,2,長水路,個人,16,50m自由形,男子,,,,,,50～54歳,11,花輪博之,男子,越谷,31.01,+5.31,0.77,,,,30.62,,,25.7,23.67,23.67,15/1
851,80,2026,5,2,長水路,個人,16,50m自由形,男子,,,,,,50～54歳,12,内藤充,男子,新川崎,31.25,+5.55,0.81,,,,30.72,,,25.7,23.67,23.67,14/5
852,80,2026,5,2,長水路,個人,16,50m自由形,男子,,,,,,50～54歳,13,藤田一寿,男子,成城,31.44,+5.74,0.77,,,,31,,,25.7,23.67,23.67,14/3
853,80,2026,5,2,長水路,個人,16,50m自由形,男子,,,,,,50～54歳,14,若杉佳宏,男子,阿佐谷,31.6,+5.90,0.76,,,,30,,,25.7,23.67,23.67,15/8
854,80,2026,5,2,長水路,個人,16,50m自由形,男子,,,,,,50～54歳,15,興野巧磨,男子,八王子,31.77,+6.07,0.78,,,,30,,,25.7,23.67,23.67,15/7
855,80,2026,5,2,長水路,個人,16,50m自由形,男子,,,,,,50～54歳,16,千葉忠英,男子,天王洲,33.18,+7.48,0.78,,,,32.86,,,25.7,23.67,23.67,12/3
856,80,2026,5,2,長水路,個人,16,50m自由形,男子,,,,,,50～54歳,17,宮本昌雄,男子,長津田,33.29,+7.59,0.77,,,,34.96,,,25.7,23.67,23.67,10/3
857,80,2026,5,2,長水路,個人,16,50m自由形,男子,,,,,,50～54歳,18,小山邦彦,男子,おおたか,33.7,+8.00,0.9,,,,33.5,,,25.7,23.67,23.67,11/6
858,80,2026,5,2,長水路,個人,16,50m自由形,男子,,,,,,50～54歳,19,紺野忠大,男子,阿佐谷,34.89,+9.19,0.75,,,,34.5,,,25.7,23.67,23.67,10/7
859,80,2026,5,2,長水路,個人,16,50m自由形,男子,,,,,,50～54歳,20,三﨑淳二,男子,桶川北本,36.11,+10.41,0.71,,,,36.45,,,25.7,23.67,23.67,8/3
860,80,2026,5,2,長水路,個人,16,50m自由形,男子,,,,,,50～54歳,21,松林徹,男子,越谷,40.03,+14.33,0.77,,,,38.88,,,25.7,23.67,23.67,6/3
861,80,2026,5,2,長水路,個人,16,50m自由形,男子,,,,,,50～54歳,22,落合理,男子,武蔵小杉,41.28,+15.58,0.75,,,,41.33,,,25.7,23.67,23.67,4/6
862,80,2026,5,2,長水路,個人,16,50m自由形,男子,,,,,,50～54歳,23,鈴木浩樹,男子,桶川北本,42.38,+16.68,1.1,,,,40.9,,,25.7,23.67,23.67,5/2
863,80,2026,5,2,長水路,個人,16,50m自由形,男子,,,,,,45～49歳,1,秋山朝紀,男子,大森,27.13,+1.44,0.67,,10.0,10.0,26.78,,,25.69,23.55,23.55,19/8
864,80,2026,5,2,長水路,個人,16,50m自由形,男子,,,,,,45～49歳,2,澤田聡志,男子,ザバス八景,27.77,+2.08,0.78,,9.0,9.0,28.28,,,25.69,23.55,23.55,17/6
865,80,2026,5,2,長水路,個人,16,50m自由形,男子,,,,,,45～49歳,3,倉持公一,男子,天王洲,27.87,+2.18,0.76,,8.0,8.0,28.55,,,25.69,23.55,23.55,17/8
866,80,2026,5,2,長水路,個人,16,50m自由形,男子,,,,,,45～49歳,4,田村晋輔,男子,市ヶ尾,28.77,+3.08,0.64,,7.0,7.0,28.8,,,25.69,23.55,23.55,17/1
867,80,2026,5,2,長水路,個人,16,50m自由形,男子,,,,,,45～49歳,5,宅間健介,男子,天王洲,29.31,+3.62,0.76,,6.0,6.0,29.3,,,25.69,23.55,23.55,16/6
868,80,2026,5,2,長水路,個人,16,50m自由形,男子,,,,,,45～49歳,6,加地隆史,男子,葛西,29.64,+3.95,0.72,,5.0,5.0,30,,,25.69,23.55,23.55,16/2
869,80,2026,5,2,長水路,個人,16,50m自由形,男子,,,,,,45～49歳,7,中嶋智史,男子,南青山,31.89,+6.20,0.72,,4.0,4.0,32.6,,,25.69,23.55,23.55,12/7
870,80,2026,5,2,長水路,個人,16,50m自由形,男子,,,,,,45～49歳,8,小島直政,男子,久喜,34.62,+8.93,0.95,,3.0,3.0,34,,,25.69,23.55,23.55,11/10
871,80,2026,5,2,長水路,個人,16,50m自由形,男子,,,,,,45～49歳,9,宇佐美学,男子,大森,35.84,+10.15,0.85,,2.0,2.0,37,,,25.69,23.55,23.55,7/4
872,80,2026,5,2,長水路,個人,16,50m自由形,男子,,,,,,45～49歳,10,西野正秀,男子,慶應日吉,36,+10.31,0.74,,1.0,1.0,35,,,25.69,23.55,23.55,10/2
873,80,2026,5,2,長水路,個人,16,50m自由形,男子,,,,,,45～49歳,11,桐山泰拓,男子,流山,36.01,+10.32,0.75,,,,50,,,25.69,23.55,23.55,2/2
874,80,2026,5,2,長水路,個人,16,50m自由形,男子,,,,,,45～49歳,12,鈴木直哉,男子,八王子,36.06,+10.37,0.82,,,,33.75,,,25.69,23.55,23.55,11/7
875,80,2026,5,2,長水路,個人,16,50m自由形,男子,,,,,,45～49歳,13,柏木武,男子,上池袋,37.91,+12.22,1.09,,,,40,,,25.69,23.55,23.55,6/10
876,80,2026,5,2,長水路,個人,16,50m自由形,男子,,,,,,40～44歳,1,前田崇行,男子,二俣川,27.1,+1.87,0.71,,10.0,10.0,26.04,,,25.23,23.25,23.14,20/9
877,80,2026,5,2,長水路,個人,16,50m自由形,男子,,,,,,40～44歳,2,石井将太,男子,成瀬,27.56,+2.33,0.79,,9.0,9.0,27.5,,,25.23,23.25,23.14,18/5
878,80,2026,5,2,長水路,個人,16,50m自由形,男子,,,,,,40～44歳,3,椎本恭平,男子,阿佐谷,27.93,+2.70,0.69,,8.0,8.0,28,,,25.23,23.25,23.14,18/2
879,80,2026,5,2,長水路,個人,16,50m自由形,男子,,,,,,40～44歳,4,小林弘典,男子,大森,28.04,+2.81,0.69,,7.0,7.0,28.27,,,25.23,23.25,23.14,17/5
880,80,2026,5,2,長水路,個人,16,50m自由形,男子,,,,,,40～44歳,5,村上守,男子,成城,28.92,+3.69,0.73,,6.0,6.0,28.5,,,25.23,23.25,23.14,17/7
881,80,2026,5,2,長水路,個人,16,50m自由形,男子,,,,,,40～44歳,6,松本光太郎,男子,袖ケ浦,29.75,+4.52,0.8,,5.0,5.0,28.52,,,25.23,23.25,23.14,17/3
882,80,2026,5,2,長水路,個人,16,50m自由形,男子,,,,,,35～39歳,1,板垣義人,男子,トレッサ,24.69,-0.14,0.66,,10.0,10.0,24.09,,大会新,24.83,23.2,22.4,20/6
883,80,2026,5,2,長水路,個人,16,50m自由形,男子,,,,,,35～39歳,2,青木圭祐,男子,葛西,24.82,-0.01,0.66,,9.0,9.0,25.06,,大会新,24.83,23.2,22.4,20/7
884,80,2026,5,2,長水路,個人,16,50m自由形,男子,,,,,,35～39歳,3,奥平竜司,男子,武蔵小杉,26.35,+1.52,0.6,,8.0,8.0,27.52,,,24.83,23.2,22.4,18/3
885,80,2026,5,2,長水路,個人,16,50m自由形,男子,,,,,,35～39歳,4,石井孟,男子,葛西,26.36,+1.53,0.62,,7.0,7.0,26.5,,,24.83,23.2,22.4,19/5
886,80,2026,5,2,長水路,個人,16,50m自由形,男子,,,,,,35～39歳,5,榊原雅史,男子,武蔵小杉,28.01,+3.18,0.65,,6.0,6.0,27.5,,,24.83,23.2,22.4,18/6
887,80,2026,5,2,長水路,個人,16,50m自由形,男子,,,,,,35～39歳,6,江沢純也,男子,我孫子,28.28,+3.45,0.69,,5.0,5.0,28,,,24.83,23.2,22.4,18/9
888,80,2026,5,2,長水路,個人,16,50m自由形,男子,,,,,,35～39歳,7,河野大和,男子,新川崎,28.94,+4.11,0.71,,4.0,4.0,29,,,24.83,23.2,22.4,16/5
889,80,2026,5,2,長水路,個人,16,50m自由形,男子,,,,,,35～39歳,8,寺田遼太,男子,天王洲,29.02,+4.19,1.07,,3.0,3.0,28.23,,,24.83,23.2,22.4,18/10
890,80,2026,5,2,長水路,個人,16,50m自由形,男子,,,,,,35～39歳,9,渡部慎也,男子,大森,29.95,+5.12,0.68,,2.0,2.0,30.84,,,24.83,23.2,22.4,14/6
891,80,2026,5,2,長水路,個人,16,50m自由形,男子,,,,,,35～39歳,10,松本隆宏,男子,阿佐谷,34.43,+9.60,0.83,,1.0,1.0,35,,,24.83,23.2,22.4,10/9
892,80,2026,5,2,長水路,個人,16,50m自由形,男子,,,,,,35～39歳,11,佐々木悠介,男子,福島,36.53,+11.70,0.93,,,,35.98,,,24.83,23.2,22.4,9/9
893,80,2026,5,2,長水路,個人,16,50m自由形,男子,,,,,,35～39歳,12,内山翔平,男子,茂原,42.98,+18.15,1,,,,38,,,24.83,23.2,22.4,7/10
894,80,2026,5,2,長水路,個人,16,50m自由形,男子,,,,,,30～34歳,1,荒井優,男子,武蔵小杉,25.73,+1.19,0.64,,10.0,10.0,25.5,,,24.54,22.95,22.13,20/3
895,80,2026,5,2,長水路,個人,16,50m自由形,男子,,,,,,30～34歳,2,神戸優悠希,男子,茂原,26.01,+1.47,0.7,,9.0,9.0,26.5,,,24.54,22.95,22.13,19/6
896,80,2026,5,2,長水路,個人,16,50m自由形,男子,,,,,,30～34歳,3,成田昌記,男子,二俣川,27.29,+2.75,0.72,,8.0,8.0,27,,,24.54,22.95,22.13,19/2
897,80,2026,5,2,長水路,個人,16,50m自由形,男子,,,,,,30～34歳,4,田端凌也,男子,市ヶ尾,28.41,+3.87,1.02,,7.0,7.0,29,,,24.54,22.95,22.13,17/10
898,80,2026,5,2,長水路,個人,16,50m自由形,男子,,,,,,30～34歳,5,江熊夕人,男子,慶應日吉,29.25,+4.71,0.75,,6.0,6.0,33,,,24.54,22.95,22.13,12/9
899,80,2026,5,2,長水路,個人,16,50m自由形,男子,,,,,,30～34歳,6,荻谷洋平,男子,大森,30,+5.46,0.76,,5.0,5.0,35,,,24.54,22.95,22.13,10/1
900,80,2026,5,2,長水路,個人,16,50m自由形,男子,,,,,,30～34歳,7,大野淳哉,男子,上池袋,30.82,+6.28,0.72,,4.0,4.0,31.02,,,24.54,22.95,22.13,14/8
901,80,2026,5,2,長水路,個人,16,50m自由形,男子,,,,,,30～34歳,8,竹下翔,男子,長津田,30.97,+6.43,0.62,,3.0,3.0,31.5,,,24.54,22.95,22.13,13/7
902,80,2026,5,2,長水路,個人,16,50m自由形,男子,,,,,,30～34歳,9,海老原健太,男子,大森,30.99,+6.45,0.76,,2.0,2.0,31.11,,,24.54,22.95,22.13,14/9
903,80,2026,5,2,長水路,個人,16,50m自由形,男子,,,,,,30～34歳,10,丹波雅哉,男子,新川崎,32.29,+7.75,0.91,,1.0,1.0,37,,,24.54,22.95,22.13,7/7
904,80,2026,5,2,長水路,個人,16,50m自由形,男子,,,,,,30～34歳,11,山田義明,男子,おおたか,33.79,+9.25,0.75,,,,35.68,,,24.54,22.95,22.13,9/3
905,80,2026,5,2,長水路,個人,16,50m自由形,男子,,,,,,25～29歳,1,川島由伸,男子,上池袋,22.84,-0.17,0.68,,10.0,10.0,22.69,,大会新,23.01,22.52,22.3,20/5
906,80,2026,5,2,長水路,個人,16,50m自由形,男子,,,,,,25～29歳,2,石井了,男子,おおたか,25.37,+2.36,0.66,,9.0,9.0,25,,,23.01,22.52,22.3,20/4
907,80,2026,5,2,長水路,個人,16,50m自由形,男子,,,,,,25～29歳,3,松澤朋樹,男子,武蔵小杉,26.55,+3.54,0.78,,8.0,8.0,26.5,,,23.01,22.52,22.3,20/1
908,80,2026,5,2,長水路,個人,16,50m自由形,男子,,,,,,25～29歳,4,松尾勇太,男子,南青山,26.76,+3.75,0.79,,7.0,7.0,26.5,,,23.01,22.52,22.3,20/10
909,80,2026,5,2,長水路,個人,16,50m自由形,男子,,,,,,25～29歳,5,木渕大輝,男子,天王洲,26.89,+3.88,0.64,,6.0,6.0,26.66,,,23.01,22.52,22.3,19/3
910,80,2026,5,2,長水路,個人,16,50m自由形,男子,,,,,,25～29歳,6,室坂拓真,男子,用賀,27.06,+4.05,0.63,,5.0,5.0,26.5,,,23.01,22.52,22.3,19/4
911,80,2026,5,2,長水路,個人,16,50m自由形,男子,,,,,,25～29歳,7,柿沼龍史,男子,成城,27.09,+4.08,0.59,,4.0,4.0,27.5,,,23.01,22.52,22.3,18/4
912,80,2026,5,2,長水路,個人,16,50m自由形,男子,,,,,,25～29歳,8,金子智哉,男子,志木,27.86,+4.85,0.85,,3.0,3.0,30,,,23.01,22.52,22.3,16/9
913,80,2026,5,2,長水路,個人,16,50m自由形,男子,,,,,,25～29歳,9,村岡孝義,男子,桶川北本,28.3,+5.29,0.63,,2.0,2.0,27,,,23.01,22.52,22.3,19/9
914,80,2026,5,2,長水路,個人,16,50m自由形,男子,,,,,,25～29歳,10,山下純生,男子,成城,28.42,+5.41,0.64,,1.0,1.0,28,,,23.01,22.52,22.3,18/1
915,80,2026,5,2,長水路,個人,16,50m自由形,男子,,,,,,25～29歳,11,亀井智貴,男子,用賀,34.62,+11.61,0.96,,,,33.5,,,23.01,22.52,22.3,12/10
916,80,2026,5,2,長水路,個人,16,50m自由形,男子,,,,,,18～24歳,1,小山亜納,男子,上池袋,25.56,+2.76,0.62,,10.0,10.0,25.55,,,22.8,22.76,記録なし,20/8
917,80,2026,5,2,長水路,個人,16,50m自由形,男子,,,,,,18～24歳,2,濱﨑悠生,男子,柏,25.75,+2.95,0.62,,9.0,9.0,26,,,22.8,22.76,記録なし,20/2
918,80,2026,5,2,長水路,個人,16,50m自由形,男子,,,,,,18～24歳,3,今橋蒼太郎,男子,大宮宮原,26.3,+3.50,0.62,,8.0,8.0,30,,,22.8,22.76,記録なし,16/1
919,80,2026,5,2,長水路,個人,16,50m自由形,男子,,,,,,18～24歳,4,石井聖也,男子,西新井,26.63,+3.83,0.82,,7.0,7.0,35,,,22.8,22.76,記録なし,10/10
920,80,2026,5,2,長水路,個人,16,50m自由形,男子,,,,,,18～24歳,5,野中海貴,男子,葛西,26.96,+4.16,0.72,,6.0,6.0,27,,,22.8,22.76,記録なし,19/1
921,80,2026,5,2,長水路,個人,16,50m自由形,男子,,,,,,18～24歳,6,西沢歩,男子,清瀬,27.15,+4.35,0.65,,5.0,5.0,27.5,,,22.8,22.76,記録なし,18/7
922,80,2026,5,2,長水路,個人,16,50m自由形,男子,,,,,,18～24歳,7,藤井龍生,男子,横浜,27.52,+4.72,0.79,,4.0,4.0,27,,,22.8,22.76,記録なし,19/10
923,80,2026,5,2,長水路,個人,16,50m自由形,男子,,,,,,18～24歳,8,船橋優太,男子,市ヶ尾,28.24,+5.44,0.8,,3.0,3.0,30,,,22.8,22.76,記録なし,16/10
924,80,2026,5,2,長水路,個人,16,50m自由形,男子,,,,,,18～24歳,9,小川煌太,男子,我孫子,29.24,+6.44,0.72,,2.0,2.0,32.26,,,22.8,22.76,記録なし,12/6
925,80,2026,5,2,長水路,個人,20,50m平泳ぎ,女子,,,,,,80～84歳,1,長谷部征子,女子,八王子,59.51,+0.79,1.07,,10.0,10.0,1:05.00,,,58.72,47.59,46.94,3/8
926,80,2026,5,2,長水路,個人,20,50m平泳ぎ,女子,,,,,,80～84歳,2,岡本靖子,女子,慶應日吉,1:06.49,+7.77,1.26,,9.0,9.0,1:06.70,,,58.72,47.59,46.94,2/5
927,80,2026,5,2,長水路,個人,20,50m平泳ぎ,女子,,,,,,80～84歳,3,佐藤由利子,女子,用賀,1:07.72,+9.00,0.85,,8.0,8.0,1:10.00,,,58.72,47.59,46.94,2/7
928,80,2026,5,2,長水路,個人,20,50m平泳ぎ,女子,,,,,,80～84歳,4,久保美紀枝,女子,流山,1:15.04,+16.32,1.12,,7.0,7.0,1:17.15,,,58.72,47.59,46.94,1/6
929,80,2026,5,2,長水路,個人,20,50m平泳ぎ,女子,,,,,,80～84歳,5,栗原羊子,女子,流山,1:16.81,+18.09,0.99,,6.0,6.0,1:18.67,,,58.72,47.59,46.94,1/4
930,80,2026,5,2,長水路,個人,20,50m平泳ぎ,女子,,,,,,80～84歳,6,浜野操子,女子,流山,1:24.36,+25.64,0.83,,5.0,5.0,1:15.00,,,58.72,47.59,46.94,2/2
931,80,2026,5,2,長水路,個人,20,50m平泳ぎ,女子,,,,,,80～84歳,7,小野洋子,女子,我孫子,1:30.15,+31.43,0.95,,4.0,4.0,1:30.00,,,58.72,47.59,46.94,1/9
932,80,2026,5,2,長水路,個人,20,50m平泳ぎ,女子,,,,,,75～79歳,1,渡部みさを,女子,慶應日吉,51.33,+0.46,0.84,,10.0,10.0,52.43,,,50.87,43.95,43.95,7/6
933,80,2026,5,2,長水路,個人,20,50m平泳ぎ,女子,,,,,,75～79歳,2,松木真知子,女子,ときわ台,57.44,+6.57,0.93,,9.0,9.0,1:02.00,,,50.87,43.95,43.95,3/6
934,80,2026,5,2,長水路,個人,20,50m平泳ぎ,女子,,,,,,75～79歳,3,栗林眞知子,女子,成城,57.59,+6.72,1.11,,8.0,8.0,58,,,50.87,43.95,43.95,5/9
935,80,2026,5,2,長水路,個人,20,50m平泳ぎ,女子,,,,,,75～79歳,4,福田加代子,女子,戸塚,58.25,+7.38,0.75,,7.0,7.0,58.54,,,50.87,43.95,43.95,4/4
936,80,2026,5,2,長水路,個人,20,50m平泳ぎ,女子,,,,,,75～79歳,5,室谷晴江,女子,大森,58.9,+8.03,0.9,,6.0,6.0,1:00.00,,,50.87,43.95,43.95,4/3
937,80,2026,5,2,長水路,個人,20,50m平泳ぎ,女子,,,,,,75～79歳,6,田中節子,女子,館山,1:00.24,+9.37,0.91,,5.0,5.0,1:15.00,,,50.87,43.95,43.95,2/9
938,80,2026,5,2,長水路,個人,20,50m平泳ぎ,女子,,,,,,75～79歳,7,福島孝江,女子,松戸,1:03.63,+12.76,0.94,,4.0,4.0,1:08.00,,,50.87,43.95,43.95,2/6
939,80,2026,5,2,長水路,個人,20,50m平泳ぎ,女子,,,,,,75～79歳,8,荒深なみ,女子,市ヶ尾,1:09.65,+18.78,0.95,,3.0,3.0,1:04.74,,,50.87,43.95,43.95,3/3
940,80,2026,5,2,長水路,個人,20,50m平泳ぎ,女子,,,,,,75～79歳,9,小島律子,女子,谷津,1:12.94,+22.07,0.78,,2.0,2.0,1:20.00,,,50.87,43.95,43.95,1/3
941,80,2026,5,2,長水路,個人,20,50m平泳ぎ,女子,,,,,,75～79歳,10,原田早苗,女子,南千住,1:17.66,+26.79,0.88,,1.0,1.0,1:16.00,,,50.87,43.95,43.95,1/5
942,80,2026,5,2,長水路,個人,20,50m平泳ぎ,女子,,,,,,75～79歳,11,安部澄子,女子,我孫子,1:26.57,+35.70,記録なし,,,,1:25.00,,,50.87,43.95,43.95,1/2
943,80,2026,5,2,長水路,個人,20,50m平泳ぎ,女子,,,,,,70～74歳,1,瀧下節子,女子,志木,53.49,+6.73,0.83,,10.0,10.0,55,,,46.76,42.98,41.67,6/5
944,80,2026,5,2,長水路,個人,20,50m平泳ぎ,女子,,,,,,70～74歳,2,新井瑞枝,女子,流山,56.93,+10.17,1.09,,9.0,9.0,1:05.00,,,46.76,42.98,41.67,3/9
945,80,2026,5,2,長水路,個人,20,50m平泳ぎ,女子,,,,,,70～74歳,3,小笠原三春,女子,八王子,57.25,+10.49,0.92,,8.0,8.0,56.76,,,46.76,42.98,41.67,5/7
946,80,2026,5,2,長水路,個人,20,50m平泳ぎ,女子,,,,,,70～74歳,4,高木保子,女子,おおたか,58.82,+12.06,0.83,,7.0,7.0,1:00.00,,,46.76,42.98,41.67,4/8
947,80,2026,5,2,長水路,個人,20,50m平泳ぎ,女子,,,,,,70～74歳,5,掃部典子,女子,曽谷,59.57,+12.81,1.23,,6.0,6.0,58.32,,,46.76,42.98,41.67,4/5
948,80,2026,5,2,長水路,個人,20,50m平泳ぎ,女子,,,,,,70～74歳,6,畠山眞由美,女子,柏,1:01.46,+14.70,0.92,,5.0,5.0,1:05.00,,,46.76,42.98,41.67,3/2
949,80,2026,5,2,長水路,個人,20,50m平泳ぎ,女子,,,,,,70～74歳,7,小高和子,女子,桶川北本,1:18.25,+31.49,記録なし,,4.0,4.0,1:15.91,,,46.76,42.98,41.67,2/10
950,80,2026,5,2,長水路,個人,20,50m平泳ぎ,女子,,,,,,65～69歳,1,高梨美樹,女子,成城,49,+3.41,0.79,,10.0,10.0,48,,,45.59,41.03,39.75,9/7
951,80,2026,5,2,長水路,個人,20,50m平泳ぎ,女子,,,,,,65～69歳,2,田村明美,女子,清瀬,49.61,+4.02,0.85,,9.0,9.0,50,,,45.59,41.03,39.75,8/3
952,80,2026,5,2,長水路,個人,20,50m平泳ぎ,女子,,,,,,65～69歳,3,小池理恵子,女子,阿佐谷,50.41,+4.82,0.96,,8.0,8.0,49,,,45.59,41.03,39.75,8/5
953,80,2026,5,2,長水路,個人,20,50m平泳ぎ,女子,,,,,,65～69歳,4,米澤美智子,女子,成瀬,50.44,+4.85,0.85,,7.0,7.0,48.39,,,45.59,41.03,39.75,9/9
954,80,2026,5,2,長水路,個人,20,50m平泳ぎ,女子,,,,,,65～69歳,5,山中恵子,女子,桶川北本,51.39,+5.80,0.87,,6.0,6.0,53.06,,,45.59,41.03,39.75,7/8
955,80,2026,5,2,長水路,個人,20,50m平泳ぎ,女子,,,,,,65～69歳,6,佐々木和恵,女子,松戸,53.88,+8.29,0.9,,5.0,5.0,55,,,45.59,41.03,39.75,6/6
956,80,2026,5,2,長水路,個人,20,50m平泳ぎ,女子,,,,,,65～69歳,7,三枚堂かよ子,女子,阿佐谷,54.19,+8.60,0.87,,4.0,4.0,52.92,,,45.59,41.03,39.75,7/4
957,80,2026,5,2,長水路,個人,20,50m平泳ぎ,女子,,,,,,65～69歳,8,育村博子,女子,おおたか,55.1,+9.51,0.88,,3.0,3.0,58.31,,,45.59,41.03,39.75,5/10
958,80,2026,5,2,長水路,個人,20,50m平泳ぎ,女子,,,,,,65～69歳,9,倉林明子,女子,おおたか,57.18,+11.59,0.87,,2.0,2.0,58.87,,,45.59,41.03,39.75,4/7
959,80,2026,5,2,長水路,個人,20,50m平泳ぎ,女子,,,,,,65～69歳,10,櫻田琴,女子,天王洲,57.8,+12.21,0.82,,1.0,1.0,58.37,,,45.59,41.03,39.75,4/6
960,80,2026,5,2,長水路,個人,20,50m平泳ぎ,女子,,,,,,65～69歳,11,野崎由美子,女子,おおたか,59.43,+13.84,0.91,,,,1:00.00,,,45.59,41.03,39.75,4/2
961,80,2026,5,2,長水路,個人,20,50m平泳ぎ,女子,,,,,,65～69歳,12,近藤みゆき,女子,阿佐谷,1:01.52,+15.93,0.74,,,,1:01.54,,,45.59,41.03,39.75,4/10
962,80,2026,5,2,長水路,個人,20,50m平泳ぎ,女子,,,,,,65～69歳,13,原田由美子,女子,慶應日吉,1:02.56,+16.97,0.88,,,,1:15.00,,,45.59,41.03,39.75,2/1
963,80,2026,5,2,長水路,個人,20,50m平泳ぎ,女子,,,,,,65～69歳,14,花形一実,女子,南千住,1:04.07,+18.48,0.97,,,,1:05.00,,,45.59,41.03,39.75,3/1
964,80,2026,5,2,長水路,個人,20,50m平泳ぎ,女子,,,,,,65～69歳,15,松田則子,女子,成瀬,1:05.31,+19.72,0.84,,,,1:12.78,,,45.59,41.03,39.75,2/3
965,80,2026,5,2,長水路,個人,20,50m平泳ぎ,女子,,,,,,65～69歳,16,池長幸子,女子,桶川北本,1:25.58,+39.99,0.95,,,,1:19.00,,,45.59,41.03,39.75,1/7
966,80,2026,5,2,長水路,個人,20,50m平泳ぎ,女子,,,,,,60～64歳,1,磯村由紀子,女子,越谷,45.58,+2.13,0.88,,10.0,10.0,54,,,43.45,37.9,37.43,7/10
967,80,2026,5,2,長水路,個人,20,50m平泳ぎ,女子,,,,,,60～64歳,2,前畑章子,女子,慶應日吉,45.78,+2.33,0.85,,9.0,9.0,46.5,,,43.45,37.9,37.43,10/10
968,80,2026,5,2,長水路,個人,20,50m平泳ぎ,女子,,,,,,60～64歳,3,佐藤美絵子,女子,清瀬,47.68,+4.23,0.76,,8.0,8.0,48,,,43.45,37.9,37.43,9/3
969,80,2026,5,2,長水路,個人,20,50m平泳ぎ,女子,,,,,,60～64歳,4,山本庸子,女子,八王子,48.7,+5.25,1.21,,7.0,7.0,49.7,,,43.45,37.9,37.43,8/7
970,80,2026,5,2,長水路,個人,20,50m平泳ぎ,女子,,,,,,60～64歳,5,船津香,女子,自由が丘,49.41,+5.96,0.83,,6.0,6.0,49,,,43.45,37.9,37.43,8/6
971,80,2026,5,2,長水路,個人,20,50m平泳ぎ,女子,,,,,,60～64歳,6,岩本亜弓,女子,慶應日吉,50.54,+7.09,0.87,,5.0,5.0,1:00.00,,,43.45,37.9,37.43,4/9
972,80,2026,5,2,長水路,個人,20,50m平泳ぎ,女子,,,,,,60～64歳,7,坂井慶子,女子,大宮宮原,50.58,+7.13,0.73,,4.0,4.0,53,,,43.45,37.9,37.43,7/7
973,80,2026,5,2,長水路,個人,20,50m平泳ぎ,女子,,,,,,60～64歳,8,高橋久美,女子,松戸,54.39,+10.94,0.79,,3.0,3.0,50,,,43.45,37.9,37.43,8/8
974,80,2026,5,2,長水路,個人,20,50m平泳ぎ,女子,,,,,,60～64歳,9,吉野ひとみ,女子,松戸,55.57,+12.12,0.86,,2.0,2.0,58,,,43.45,37.9,37.43,5/1
975,80,2026,5,2,長水路,個人,20,50m平泳ぎ,女子,,,,,,60～64歳,10,太刀岡早苗,女子,市ヶ尾,55.6,+12.15,0.93,,1.0,1.0,56.04,,,43.45,37.9,37.43,5/5
976,80,2026,5,2,長水路,個人,20,50m平泳ぎ,女子,,,,,,60～64歳,11,白川かおり,女子,下北沢,58.44,+14.99,1.24,,,,1:05.00,,,43.45,37.9,37.43,3/10
977,80,2026,5,2,長水路,個人,20,50m平泳ぎ,女子,,,,,,60～64歳,12,星野典子,女子,南千住,1:00.39,+16.94,0.82,,,,1:00.00,,,43.45,37.9,37.43,4/1
978,80,2026,5,2,長水路,個人,20,50m平泳ぎ,女子,,,,,,60～64歳,13,黒川慶子,女子,上池袋,1:05.60,+22.15,0.94,,,,1:09.22,,,43.45,37.9,37.43,2/4
979,80,2026,5,2,長水路,個人,20,50m平泳ぎ,女子,,,,,,55～59歳,1,鈴木和佳奈,女子,桶川北本,44.18,+4.18,0.74,,10.0,10.0,43.49,,,40,37.52,35.37,10/4
980,80,2026,5,2,長水路,個人,20,50m平泳ぎ,女子,,,,,,55～59歳,2,佐藤洋子,女子,成城,45.57,+5.57,0.7,,9.0,9.0,47,,,40,37.52,35.37,9/6
981,80,2026,5,2,長水路,個人,20,50m平泳ぎ,女子,,,,,,55～59歳,3,鶴岡美佐,女子,ザバス八景,46.65,+6.65,0.75,,8.0,8.0,47.1,,,40,37.52,35.37,9/4
982,80,2026,5,2,長水路,個人,20,50m平泳ぎ,女子,,,,,,55～59歳,4,西田三佐子,女子,大宮宮原,49.9,+9.90,0.8,,7.0,7.0,56.5,,,40,37.52,35.37,5/6
983,80,2026,5,2,長水路,個人,20,50m平泳ぎ,女子,,,,,,55～59歳,5,磯村麻衣子,女子,上池袋,50.51,+10.51,0.8,,6.0,6.0,48.73,,,40,37.52,35.37,9/1
984,80,2026,5,2,長水路,個人,20,50m平泳ぎ,女子,,,,,,55～59歳,6,角南美貴,女子,我孫子,50.93,+10.93,0.88,,5.0,5.0,55.79,,,40,37.52,35.37,6/10
985,80,2026,5,2,長水路,個人,20,50m平泳ぎ,女子,,,,,,55～59歳,7,池田直子,女子,大森,52.17,+12.17,0.79,,4.0,4.0,55,,,40,37.52,35.37,6/4
986,80,2026,5,2,長水路,個人,20,50m平泳ぎ,女子,,,,,,55～59歳,8,八尋加苗,女子,松戸,53.06,+13.06,0.71,,3.0,3.0,50,,,40,37.52,35.37,8/2
987,80,2026,5,2,長水路,個人,20,50m平泳ぎ,女子,,,,,,55～59歳,9,岩朋実,女子,川越,55.83,+15.83,0.82,,2.0,2.0,57.97,,,40,37.52,35.37,5/2
988,80,2026,5,2,長水路,個人,20,50m平泳ぎ,女子,,,,,,55～59歳,10,田上麻紀,女子,久喜,57.56,+17.56,0.78,,1.0,1.0,56.89,,,40,37.52,35.37,5/3
989,80,2026,5,2,長水路,個人,20,50m平泳ぎ,女子,,,,,,55～59歳,11,佐藤淳子,女子,久喜,1:01.39,+21.39,1.13,,,,1:01.95,,,40,37.52,35.37,3/5
990,80,2026,5,2,長水路,個人,20,50m平泳ぎ,女子,,,,,,50～54歳,1,栗山貴子,女子,武蔵小杉,41.06,+1.73,0.97,,10.0,10.0,41.21,,,39.33,37.22,34.18,11/10
991,80,2026,5,2,長水路,個人,20,50m平泳ぎ,女子,,,,,,50～54歳,2,五十嵐知佐,女子,おおたか,45.19,+5.86,0.74,,9.0,9.0,46,,,39.33,37.22,34.18,10/9
992,80,2026,5,2,長水路,個人,20,50m平泳ぎ,女子,,,,,,50～54歳,3,白須靖子,女子,市ヶ尾,45.4,+6.07,0.72,,8.0,8.0,48,,,39.33,37.22,34.18,9/8
993,80,2026,5,2,長水路,個人,20,50m平泳ぎ,女子,,,,,,50～54歳,4,大橋ほづ美,女子,清瀬,48.86,+9.53,0.79,,7.0,7.0,50.17,,,39.33,37.22,34.18,8/1
994,80,2026,5,2,長水路,個人,20,50m平泳ぎ,女子,,,,,,50～54歳,5,田原文月,女子,南千住,49.56,+10.23,0.91,,6.0,6.0,48.74,,,39.33,37.22,34.18,9/10
995,80,2026,5,2,長水路,個人,20,50m平泳ぎ,女子,,,,,,50～54歳,6,引本亜紀子,女子,用賀,51.27,+11.94,記録なし,,5.0,5.0,49.22,,,39.33,37.22,34.18,8/4
996,80,2026,5,2,長水路,個人,20,50m平泳ぎ,女子,,,,,,50～54歳,7,有路さくら,女子,福生,53.11,+13.78,0.84,,4.0,4.0,55,,,39.33,37.22,34.18,6/3
997,80,2026,5,2,長水路,個人,20,50m平泳ぎ,女子,,,,,,50～54歳,8,須釜映子,女子,西新井,54.57,+15.24,0.84,,3.0,3.0,53.67,,,39.33,37.22,34.18,7/1
998,80,2026,5,2,長水路,個人,20,50m平泳ぎ,女子,,,,,,50～54歳,9,兵頭和子,女子,成瀬,55.29,+15.96,0.7,,2.0,2.0,53,,,39.33,37.22,34.18,7/3
999,80,2026,5,2,長水路,個人,20,50m平泳ぎ,女子,,,,,,50～54歳,10,北原暁美,女子,南青山,56.91,+17.58,0.78,,1.0,1.0,51.39,,,39.33,37.22,34.18,7/5
1000,80,2026,5,2,長水路,個人,20,50m平泳ぎ,女子,,,,,,50～54歳,11,村岡貴子,女子,桶川北本,58.54,+19.21,0.96,,,,55,,,39.33,37.22,34.18,6/7
1001,80,2026,5,2,長水路,個人,20,50m平泳ぎ,女子,,,,,,50～54歳,12,小川史枝,女子,越谷,1:15.95,+36.62,記録なし,,,,1:03.98,,,39.33,37.22,34.18,3/4
1002,80,2026,5,2,長水路,個人,20,50m平泳ぎ,女子,,,,,,45～49歳,1,小豆澤和代,女子,慶應日吉,42.28,+5.65,0.75,,10.0,10.0,43,,,36.63,35.34,32.47,10/6
1003,80,2026,5,2,長水路,個人,20,50m平泳ぎ,女子,,,,,,45～49歳,2,宮林佑妃,女子,長津田,45.99,+9.36,0.93,,9.0,9.0,48,,,36.63,35.34,32.47,9/2
1004,80,2026,5,2,長水路,個人,20,50m平泳ぎ,女子,,,,,,45～49歳,3,溝井花代子,女子,葛西,47.17,+10.54,0.73,,8.0,8.0,46.8,,,36.63,35.34,32.47,9/5
1005,80,2026,5,2,長水路,個人,20,50m平泳ぎ,女子,,,,,,45～49歳,4,福澤絵理,女子,CS南行徳,48.81,+12.18,0.93,,7.0,7.0,51,,,36.63,35.34,32.47,8/10
1006,80,2026,5,2,長水路,個人,20,50m平泳ぎ,女子,,,,,,45～49歳,5,加藤涼子,女子,桶川北本,57.36,+20.73,0.75,,6.0,6.0,55.43,,,36.63,35.34,32.47,6/1
1007,80,2026,5,2,長水路,個人,20,50m平泳ぎ,女子,,,,,,40～44歳,1,渡邉梨絵,女子,阿佐谷,37.43,-1.09,0.66,,10.0,10.0,37,,大会新,38.52,35.05,31.48,11/4
1008,80,2026,5,2,長水路,個人,20,50m平泳ぎ,女子,,,,,,40～44歳,2,中村可奈子,女子,おおたか,42.38,+3.86,0.74,,9.0,9.0,40.71,,,38.52,35.05,31.48,11/9
1009,80,2026,5,2,長水路,個人,20,50m平泳ぎ,女子,,,,,,40～44歳,3,大家萌実,女子,用賀,43.84,+5.32,0.62,,8.0,8.0,46,,,38.52,35.05,31.48,10/1
1010,80,2026,5,2,長水路,個人,20,50m平泳ぎ,女子,,,,,,40～44歳,4,山田未紗子,女子,越谷,44.65,+6.13,0.75,,7.0,7.0,44.9,,,38.52,35.05,31.48,10/8
1011,80,2026,5,2,長水路,個人,20,50m平泳ぎ,女子,,,,,,40～44歳,5,岩田愛恵,女子,成城,47.51,+8.99,0.69,,6.0,6.0,44.32,,,38.52,35.05,31.48,10/7
1012,80,2026,5,2,長水路,個人,20,50m平泳ぎ,女子,,,,,,40～44歳,6,中辻澄美,女子,天王洲,50.99,+12.47,0.74,,5.0,5.0,53.46,,,38.52,35.05,31.48,7/9
1013,80,2026,5,2,長水路,個人,20,50m平泳ぎ,女子,,,,,,35～39歳,1,北川麻美,女子,武蔵小杉,35.26,-2.58,0.71,,10.0,10.0,36,,大会新,37.84,33.04,31.35,11/6
1014,80,2026,5,2,長水路,個人,20,50m平泳ぎ,女子,,,,,,35～39歳,2,RacaruGabriela,女子,慶應日吉,50.99,+13.15,0.81,,9.0,9.0,55,,,37.84,33.04,31.35,6/2
1015,80,2026,5,2,長水路,個人,20,50m平泳ぎ,女子,,,,,,35～39歳,3,久保美由紀,女子,長津田,53.15,+15.31,0.93,,8.0,8.0,53.43,,,37.84,33.04,31.35,7/2
1016,80,2026,5,2,長水路,個人,20,50m平泳ぎ,女子,,,,,,35～39歳,4,渡辺真衣,女子,西新井,58.08,+20.24,0.94,,7.0,7.0,55,,,37.84,33.04,31.35,6/9
1017,80,2026,5,2,長水路,個人,20,50m平泳ぎ,女子,,,,,,30～34歳,1,遠藤桃,女子,二俣川,39.49,+1.98,0.76,,10.0,10.0,39,,,37.51,32.42,32.22,11/7
1018,80,2026,5,2,長水路,個人,20,50m平泳ぎ,女子,,,,,,30～34歳,2,深堀陽子,女子,二俣川,43.48,+5.97,0.69,,9.0,9.0,42.3,,,37.51,32.42,32.22,10/5
1019,80,2026,5,2,長水路,個人,20,50m平泳ぎ,女子,,,,,,25～29歳,1,小林志穂,女子,葛西,35.32,-0.20,0.75,,10.0,10.0,35.5,,大会新,35.52,31.89,31.6,11/5
1020,80,2026,5,2,長水路,個人,20,50m平泳ぎ,女子,,,,,,25～29歳,2,丸玖瑠都,女子,成城,39.59,+4.07,0.72,,9.0,9.0,39,,,35.52,31.89,31.6,11/3
1021,80,2026,5,2,長水路,個人,20,50m平泳ぎ,女子,,,,,,18～24歳,1,山口さな,女子,横浜,38.11,+3.22,0.65,,10.0,10.0,39,,,34.89,32.57,記録なし,11/8
1022,80,2026,5,2,長水路,個人,20,50m平泳ぎ,女子,,,,,,18～24歳,2,岡田星理,女子,谷津,38.65,+3.76,0.7,,9.0,9.0,41,,,34.89,32.57,記録なし,11/1
1023,80,2026,5,2,長水路,個人,20,50m平泳ぎ,女子,,,,,,18～24歳,3,下平紗和,女子,八王子,39.06,+4.17,0.71,,8.0,8.0,40,,,34.89,32.57,記録なし,11/2
1024,80,2026,5,2,長水路,個人,20,50m平泳ぎ,女子,,,,,,18～24歳,4,蒲池美咲,女子,八王子,47.31,+12.42,0.63,,7.0,7.0,45,,,34.89,32.57,記録なし,10/2
1025,80,2026,5,2,長水路,個人,21,50m平泳ぎ,男子,,,,,,80～84歳,1,今修二,男子,越谷,50.5,+1.18,0.91,,10.0,10.0,52.5,,,49.32,41.68,41.68,2/6
1026,80,2026,5,2,長水路,個人,21,50m平泳ぎ,男子,,,,,,80～84歳,2,小田稔,男子,慶應日吉,1:08.02,+18.70,1.16,,9.0,9.0,1:08.00,,,49.32,41.68,41.68,1/2
1027,80,2026,5,2,長水路,個人,21,50m平泳ぎ,男子,,,,,,80～84歳,3,内田幸稔,男子,松戸,1:10.02,+20.70,0.86,,8.0,8.0,1:06.51,,,49.32,41.68,41.68,1/8
1028,80,2026,5,2,長水路,個人,21,50m平泳ぎ,男子,,,,,,75～79歳,1,吉村進,男子,阿佐谷,42.01,-0.46,0.68,,10.0,10.0,41.5,,大会新,42.47,38.01,37.05,6/6
1029,80,2026,5,2,長水路,個人,21,50m平泳ぎ,男子,,,,,,75～79歳,2,服部陽一,男子,成瀬,50.54,+8.07,0.91,,9.0,9.0,49,,,42.47,38.01,37.05,3/5
1030,80,2026,5,2,長水路,個人,21,50m平泳ぎ,男子,,,,,,75～79歳,3,柿崎博幸,男子,松戸,54.16,+11.69,0.93,,8.0,8.0,1:00.00,,,42.47,38.01,37.05,1/5
1031,80,2026,5,2,長水路,個人,21,50m平泳ぎ,男子,,,,,,75～79歳,4,泉保央,男子,慶應日吉,1:05.05,+22.58,記録なし,,7.0,7.0,59,,,42.47,38.01,37.05,2/9
1032,80,2026,5,2,長水路,個人,21,50m平泳ぎ,男子,,,,,,75～79歳,5,手塚満,男子,おおたか,1:05.24,+22.77,0.8,,6.0,6.0,1:06.01,,,42.47,38.01,37.05,1/3
1033,80,2026,5,2,長水路,個人,21,50m平泳ぎ,男子,,,,,,70～74歳,1,前川正,男子,F東戸塚,45.32,+4.95,0.84,,10.0,10.0,46.5,,,40.37,36.42,34.69,4/3
1034,80,2026,5,2,長水路,個人,21,50m平泳ぎ,男子,,,,,,70～74歳,2,安髙祐三,男子,越谷,46.63,+6.26,0.69,,9.0,9.0,46.95,,,40.37,36.42,34.69,4/8
1035,80,2026,5,2,長水路,個人,21,50m平泳ぎ,男子,,,,,,70～74歳,3,若山聖亮,男子,G-SPA,48.45,+8.08,記録なし,,8.0,8.0,49.78,,,40.37,36.42,34.69,3/8
1036,80,2026,5,2,長水路,個人,21,50m平泳ぎ,男子,,,,,,70～74歳,4,内藤謙一,男子,松戸,51.16,+10.79,0.87,,7.0,7.0,52,,,40.37,36.42,34.69,2/5
1037,80,2026,5,2,長水路,個人,21,50m平泳ぎ,男子,,,,,,70～74歳,5,幡場達明,男子,大宮宮原,51.81,+11.44,0.92,,6.0,6.0,50,,,40.37,36.42,34.69,3/9
1038,80,2026,5,2,長水路,個人,21,50m平泳ぎ,男子,,,,,,70～74歳,6,仲二見実,男子,ときわ台,53.16,+12.79,1.09,,5.0,5.0,49,,,40.37,36.42,34.69,3/6
1039,80,2026,5,2,長水路,個人,21,50m平泳ぎ,男子,,,,,,70～74歳,7,大久保美伸,男子,松戸,1:03.75,+23.38,0.99,,4.0,4.0,58,,,40.37,36.42,34.69,2/8
1040,80,2026,5,2,長水路,個人,21,50m平泳ぎ,男子,,,,,,65～69歳,1,松田賢治,男子,大宮宮原,40.39,+1.03,0.73,,10.0,10.0,43,,,39.36,33.05,33.05,6/1
1041,80,2026,5,2,長水路,個人,21,50m平泳ぎ,男子,,,,,,65～69歳,2,松下尚之,男子,流山,45.64,+6.28,0.86,,9.0,9.0,45.89,,,39.36,33.05,33.05,4/5
1042,80,2026,5,2,長水路,個人,21,50m平泳ぎ,男子,,,,,,65～69歳,3,中村浩司,男子,青砥,47.41,+8.05,0.89,,8.0,8.0,47,,,39.36,33.05,33.05,4/2
1043,80,2026,5,2,長水路,個人,21,50m平泳ぎ,男子,,,,,,65～69歳,4,山梨英克,男子,我孫子,47.8,+8.44,0.75,,7.0,7.0,48.5,,,39.36,33.05,33.05,4/1
1044,80,2026,5,2,長水路,個人,21,50m平泳ぎ,男子,,,,,,65～69歳,5,竹内新,男子,府中,49.94,+10.58,1.12,,6.0,6.0,48.84,,,39.36,33.05,33.05,4/10
1045,80,2026,5,2,長水路,個人,21,50m平泳ぎ,男子,,,,,,65～69歳,6,黒川恵一,男子,市ヶ尾,51.3,+11.94,0.84,,5.0,5.0,49.98,,,39.36,33.05,33.05,3/2
1046,80,2026,5,2,長水路,個人,21,50m平泳ぎ,男子,,,,,,65～69歳,7,袴塚哲也,男子,墨田区体育館,58.9,+19.54,0.87,,4.0,4.0,50,,,39.36,33.05,33.05,3/1
1047,80,2026,5,2,長水路,個人,21,50m平泳ぎ,男子,,,,,,65～69歳,8,栗谷川彰,男子,ザバス鶴見,59.48,+20.12,1.42,,3.0,3.0,1:00.00,,,39.36,33.05,33.05,1/6
1048,80,2026,5,2,長水路,個人,21,50m平泳ぎ,男子,,,,,,60～64歳,1,兼森伸兒,男子,ザバス八景,39.33,+6.19,0.74,,10.0,10.0,39.27,,,33.14,33.1,30.57,7/2
1049,80,2026,5,2,長水路,個人,21,50m平泳ぎ,男子,,,,,,60～64歳,2,池谷千尋,男子,長津田,39.58,+6.44,0.77,,9.0,9.0,39.17,,,33.14,33.1,30.57,7/8
1050,80,2026,5,2,長水路,個人,21,50m平泳ぎ,男子,,,,,,60～64歳,3,高田義久,男子,八王子,40.6,+7.46,0.7,,8.0,8.0,41,,,33.14,33.1,30.57,7/1
1051,80,2026,5,2,長水路,個人,21,50m平泳ぎ,男子,,,,,,60～64歳,4,齋藤和典,男子,新川崎,44.58,+11.44,0.87,,7.0,7.0,45.68,,,33.14,33.1,30.57,5/1
1052,80,2026,5,2,長水路,個人,21,50m平泳ぎ,男子,,,,,,60～64歳,5,高橋潤,男子,成瀬,48.12,+14.98,0.89,,6.0,6.0,55,,,33.14,33.1,30.57,2/7
1053,80,2026,5,2,長水路,個人,21,50m平泳ぎ,男子,,,,,,60～64歳,6,山本勝,男子,慶應日吉,59.39,+26.25,0.96,,5.0,5.0,55,,,33.14,33.1,30.57,2/4
1054,80,2026,5,2,長水路,個人,21,50m平泳ぎ,男子,,,,,,60～64歳,7,冨澤正明,男子,青砥,1:14.89,+41.75,1.21,,4.0,4.0,1:00.00,,,33.14,33.1,30.57,1/4
1055,80,2026,5,2,長水路,個人,21,50m平泳ぎ,男子,,,,,,55～59歳,1,楊華,男子,ザバス鶴見,39.45,+6.31,0.77,,10.0,10.0,38.12,,,33.14,31.36,30.02,7/6
1056,80,2026,5,2,長水路,個人,21,50m平泳ぎ,男子,,,,,,55～59歳,2,萩中希予史,男子,ときわ台,40.42,+7.28,0.82,,9.0,9.0,45,,,33.14,31.36,30.02,5/7
1057,80,2026,5,2,長水路,個人,21,50m平泳ぎ,男子,,,,,,55～59歳,3,阿部賢裕,男子,能見台,40.61,+7.47,0.76,,8.0,8.0,41.8,,,33.14,31.36,30.02,6/7
1058,80,2026,5,2,長水路,個人,21,50m平泳ぎ,男子,,,,,,55～59歳,4,久保卓士,男子,天王洲,40.74,+7.60,1.14,,7.0,7.0,41,,,33.14,31.36,30.02,7/10
1059,80,2026,5,2,長水路,個人,21,50m平泳ぎ,男子,,,,,,55～59歳,5,兵藤鋭雄,男子,目黒,41.34,+8.20,0.74,,6.0,6.0,41.69,,,33.14,31.36,30.02,6/4
1060,80,2026,5,2,長水路,個人,21,50m平泳ぎ,男子,,,,,,55～59歳,6,久保田信利,男子,ザバス八景,42.12,+8.98,0.78,,5.0,5.0,44.5,,,33.14,31.36,30.02,5/6
1061,80,2026,5,2,長水路,個人,21,50m平泳ぎ,男子,,,,,,55～59歳,7,北村勇,男子,能見台,44.1,+10.96,0.74,,4.0,4.0,46,,,33.14,31.36,30.02,4/6
1062,80,2026,5,2,長水路,個人,21,50m平泳ぎ,男子,,,,,,55～59歳,8,古高正道,男子,天王洲,44.22,+11.08,0.89,,3.0,3.0,46,,,33.14,31.36,30.02,4/4
1063,80,2026,5,2,長水路,個人,21,50m平泳ぎ,男子,,,,,,55～59歳,9,向山高弘,男子,ときわ台,45.12,+11.98,0.85,,2.0,2.0,44.98,,,33.14,31.36,30.02,5/4
1064,80,2026,5,2,長水路,個人,21,50m平泳ぎ,男子,,,,,,55～59歳,10,穴田啓樹,男子,慶應日吉,45.24,+12.10,0.77,,1.0,1.0,49,,,33.14,31.36,30.02,3/7
1065,80,2026,5,2,長水路,個人,21,50m平泳ぎ,男子,,,,,,55～59歳,11,猪野周九,男子,谷津,47.08,+13.94,0.82,,,,49,,,33.14,31.36,30.02,3/4
1066,80,2026,5,2,長水路,個人,21,50m平泳ぎ,男子,,,,,,55～59歳,12,日暮正明,男子,天王洲,49.62,+16.48,0.91,,,,55.07,,,33.14,31.36,30.02,2/3
1067,80,2026,5,2,長水路,個人,21,50m平泳ぎ,男子,,,,,,55～59歳,13,小川純一郎,男子,自由が丘,52.43,+19.29,1,,,,1:00.00,,,33.14,31.36,30.02,1/7
1068,80,2026,5,2,長水路,個人,21,50m平泳ぎ,男子,,,,,,55～59歳,14,福田義晴,男子,市川,58.54,+25.40,0.97,,,,58,,,33.14,31.36,30.02,2/2
1069,80,2026,5,2,長水路,個人,21,50m平泳ぎ,男子,,,,,,50～54歳,1,小森康弘,男子,葛西,32.12,+1.56,0.62,,10.0,10.0,32.99,,,30.56,29.7,29.23,9/6
1070,80,2026,5,2,長水路,個人,21,50m平泳ぎ,男子,,,,,,50～54歳,2,関口義和,男子,二俣川,35.69,+5.13,0.78,,9.0,9.0,35.51,,,30.56,29.7,29.23,8/3
1071,80,2026,5,2,長水路,個人,21,50m平泳ぎ,男子,,,,,,50～54歳,3,祖川久茂,男子,長津田,37.99,+7.43,0.68,,8.0,8.0,37,,,30.56,29.7,29.23,8/9
1072,80,2026,5,2,長水路,個人,21,50m平泳ぎ,男子,,,,,,50～54歳,4,原田真,男子,葛西,38.7,+8.14,0.74,,7.0,7.0,38.5,,,30.56,29.7,29.23,7/4
1073,80,2026,5,2,長水路,個人,21,50m平泳ぎ,男子,,,,,,50～54歳,5,花井一也,男子,長津田,40.03,+9.47,0.65,,6.0,6.0,38,,,30.56,29.7,29.23,7/5
1074,80,2026,5,2,長水路,個人,21,50m平泳ぎ,男子,,,,,,50～54歳,6,千葉忠英,男子,天王洲,42.01,+11.45,0.8,,5.0,5.0,42.67,,,30.56,29.7,29.23,6/9
1075,80,2026,5,2,長水路,個人,21,50m平泳ぎ,男子,,,,,,50～54歳,7,花輪博之,男子,越谷,42.36,+11.80,0.79,,4.0,4.0,41.42,,,30.56,29.7,29.23,6/5
1076,80,2026,5,2,長水路,個人,21,50m平泳ぎ,男子,,,,,,50～54歳,8,阿部敬,男子,八王子,42.37,+11.81,0.87,,3.0,3.0,45,,,30.56,29.7,29.23,5/3
1077,80,2026,5,2,長水路,個人,21,50m平泳ぎ,男子,,,,,,50～54歳,9,紺野忠大,男子,阿佐谷,42.49,+11.93,0.74,,2.0,2.0,42.5,,,30.56,29.7,29.23,6/2
1078,80,2026,5,2,長水路,個人,21,50m平泳ぎ,男子,,,,,,50～54歳,10,久保田裕一,男子,慶應日吉,43.51,+12.95,0.59,,1.0,1.0,44,,,30.56,29.7,29.23,5/5
1079,80,2026,5,2,長水路,個人,21,50m平泳ぎ,男子,,,,,,50～54歳,11,落合理,男子,武蔵小杉,47.71,+17.15,0.87,,,,45.2,,,30.56,29.7,29.23,5/9
1080,80,2026,5,2,長水路,個人,21,50m平泳ぎ,男子,,,,,,50～54歳,12,松林徹,男子,越谷,49.7,+19.14,0.93,,,,50.86,,,30.56,29.7,29.23,3/10
1081,80,2026,5,2,長水路,個人,21,50m平泳ぎ,男子,,,,,,45～49歳,1,今井裕介,男子,南千住,35.12,+5.01,0.68,,10.0,10.0,36,,,30.11,29.22,29.22,8/8
1082,80,2026,5,2,長水路,個人,21,50m平泳ぎ,男子,,,,,,45～49歳,2,大作善祥,男子,おおたか,35.14,+5.03,0.76,,9.0,9.0,33.45,,,30.11,29.22,29.22,9/1
1083,80,2026,5,2,長水路,個人,21,50m平泳ぎ,男子,,,,,,45～49歳,3,加地隆史,男子,葛西,38.5,+8.39,0.68,,8.0,8.0,37,,,30.11,29.22,29.22,8/1
1084,80,2026,5,2,長水路,個人,21,50m平泳ぎ,男子,,,,,,45～49歳,4,草野剛史,男子,二俣川,43.35,+13.24,0.7,,7.0,7.0,41.8,,,30.11,29.22,29.22,6/3
1085,80,2026,5,2,長水路,個人,21,50m平泳ぎ,男子,,,,,,45～49歳,5,宇佐美学,男子,大森,43.54,+13.43,0.8,,6.0,6.0,45,,,30.11,29.22,29.22,5/2
1086,80,2026,5,2,長水路,個人,21,50m平泳ぎ,男子,,,,,,45～49歳,6,桐山泰拓,男子,流山,46.88,+16.77,0.75,,5.0,5.0,49.49,,,30.11,29.22,29.22,3/3
1087,80,2026,5,2,長水路,個人,21,50m平泳ぎ,男子,,,,,,40～44歳,1,和田弘太郎,男子,阿佐谷,31.49,+1.63,0.67,,10.0,10.0,31,,,29.86,28.79,28.39,10/7
1088,80,2026,5,2,長水路,個人,21,50m平泳ぎ,男子,,,,,,40～44歳,2,西尾直人,男子,武蔵小杉,32.6,+2.74,0.72,,9.0,9.0,33.06,,,29.86,28.79,28.39,9/9
1089,80,2026,5,2,長水路,個人,21,50m平泳ぎ,男子,,,,,,40～44歳,3,小西始,男子,西新井,33.73,+3.87,0.63,,8.0,8.0,34.53,,,29.86,28.79,28.39,8/7
1090,80,2026,5,2,長水路,個人,21,50m平泳ぎ,男子,,,,,,35～39歳,1,立石裕太郎,男子,二俣川,29.92,+0.05,0.66,,10.0,10.0,29.9,,,29.87,27.83,27.83,10/5
1091,80,2026,5,2,長水路,個人,21,50m平泳ぎ,男子,,,,,,35～39歳,2,津守陽介,男子,阿佐谷,31.63,+1.76,0.76,,9.0,9.0,32,,,29.87,27.83,27.83,9/5
1092,80,2026,5,2,長水路,個人,21,50m平泳ぎ,男子,,,,,,35～39歳,3,米本大地,男子,阿佐谷,31.77,+1.90,0.66,,8.0,8.0,31.25,,,29.87,27.83,27.83,10/2
1093,80,2026,5,2,長水路,個人,21,50m平泳ぎ,男子,,,,,,35～39歳,4,吉川重行,男子,桶川北本,33.75,+3.88,0.81,,7.0,7.0,33.6,,,29.87,27.83,27.83,9/10
1094,80,2026,5,2,長水路,個人,21,50m平泳ぎ,男子,,,,,,35～39歳,5,松本隆宏,男子,阿佐谷,44.25,+14.38,0.84,,6.0,6.0,46,,,29.87,27.83,27.83,4/7
1095,80,2026,5,2,長水路,個人,21,50m平泳ぎ,男子,,,,,,30～34歳,1,袴田舜,男子,武蔵小杉,31.02,+2.67,0.64,,10.0,10.0,30.9,,,28.35,27.67,27.67,10/4
1096,80,2026,5,2,長水路,個人,21,50m平泳ぎ,男子,,,,,,30～34歳,2,前島悠也,男子,葛西,31.03,+2.68,0.66,,9.0,9.0,31.5,,,28.35,27.67,27.67,10/9
1097,80,2026,5,2,長水路,個人,21,50m平泳ぎ,男子,,,,,,30～34歳,3,今里昂哉,男子,清瀬,31.9,+3.55,0.69,,8.0,8.0,33,,,28.35,27.67,27.67,9/4
1098,80,2026,5,2,長水路,個人,21,50m平泳ぎ,男子,,,,,,30～34歳,4,竹下翔,男子,長津田,38.22,+9.87,0.6,,7.0,7.0,38.5,,,28.35,27.67,27.67,7/7
1099,80,2026,5,2,長水路,個人,21,50m平泳ぎ,男子,,,,,,30～34歳,5,海老原健太,男子,大森,38.85,+10.50,0.76,,6.0,6.0,39.09,,,28.35,27.67,27.67,7/3
1100,80,2026,5,2,長水路,個人,21,50m平泳ぎ,男子,,,,,,30～34歳,6,大野淳哉,男子,上池袋,41.05,+12.70,0.71,,5.0,5.0,42.11,,,28.35,27.67,27.67,6/8
1101,80,2026,5,2,長水路,個人,21,50m平泳ぎ,男子,,,,,,25～29歳,1,石井了,男子,おおたか,30.42,+2.40,0.67,,10.0,10.0,30,,,28.02,27.49,27.21,10/6
1102,80,2026,5,2,長水路,個人,21,50m平泳ぎ,男子,,,,,,25～29歳,2,田中諒也,男子,市ヶ尾,31.49,+3.47,0.78,,9.0,9.0,31,,,28.02,27.49,27.21,10/3
1103,80,2026,5,2,長水路,個人,21,50m平泳ぎ,男子,,,,,,25～29歳,3,田中壮一郎,男子,二俣川,32,+3.98,0.7,,8.0,8.0,33,,,28.02,27.49,27.21,9/8
1104,80,2026,5,2,長水路,個人,21,50m平泳ぎ,男子,,,,,,25～29歳,4,津崎朝輝,男子,武蔵小杉,32.86,+4.84,0.7,,7.0,7.0,32,,,28.02,27.49,27.21,10/10
1105,80,2026,5,2,長水路,個人,21,50m平泳ぎ,男子,,,,,,25～29歳,5,山下純生,男子,成城,33.03,+5.01,0.63,,6.0,6.0,34,,,28.02,27.49,27.21,8/5
1106,80,2026,5,2,長水路,個人,21,50m平泳ぎ,男子,,,,,,25～29歳,6,加間英貴,男子,天王洲,33.29,+5.27,0.65,,5.0,5.0,33,,,28.02,27.49,27.21,9/7
1107,80,2026,5,2,長水路,個人,21,50m平泳ぎ,男子,,,,,,25～29歳,7,荒井啓汰,男子,阿佐谷,33.55,+5.53,0.63,,4.0,4.0,31.71,,,28.02,27.49,27.21,10/1
1108,80,2026,5,2,長水路,個人,21,50m平泳ぎ,男子,,,,,,25～29歳,8,武本侑己,男子,青砥,36.27,+8.25,0.73,,3.0,3.0,36,,,28.02,27.49,27.21,8/2
1109,80,2026,5,2,長水路,個人,21,50m平泳ぎ,男子,,,,,,18～24歳,1,山下修司,男子,市ヶ尾,30.44,+1.16,0.64,,10.0,10.0,31,,,29.28,27.94,記録なし,10/8
1110,80,2026,5,2,長水路,個人,21,50m平泳ぎ,男子,,,,,,18～24歳,2,野中海貴,男子,葛西,32.95,+3.67,0.72,,9.0,9.0,33,,,29.28,27.94,記録なし,9/2
1111,80,2026,5,2,長水路,個人,21,50m平泳ぎ,男子,,,,,,18～24歳,3,木村隼人,男子,八王子,33.9,+4.62,0.82,,8.0,8.0,38,,,29.28,27.94,記録なし,8/10
1112,80,2026,5,2,長水路,個人,21,50m平泳ぎ,男子,,,,,,18～24歳,4,西沢歩,男子,清瀬,34.25,+4.97,0.64,,7.0,7.0,34,,,29.28,27.94,記録なし,8/4
1113,80,2026,5,2,長水路,個人,21,50m平泳ぎ,男子,,,,,,18～24歳,5,浅井春人,男子,清瀬,34.9,+5.62,0.68,,6.0,6.0,34,,,29.28,27.94,記録なし,8/6
1114,80,2026,5,2,長水路,個人,22,50mバタフライ,女子,,,,,,80～84歳,1,古旗美鈴,女子,上池袋,57.47大会新,,1.13,,10.0,10.0,1:05.00,,,58.81,49.85,42.79,1/7
1115,80,2026,5,2,長水路,個人,22,50mバタフライ,女子,,,,,,75～79歳,1,大山恵子,女子,葛西,43.64,-0.67,0.78,,10.0,10.0,47.5,,大会新,44.31,41.54,36.47,3/7
1116,80,2026,5,2,長水路,個人,22,50mバタフライ,女子,,,,,,75～79歳,2,宇田川礼子,女子,我孫子,1:02.99,+18.68,0.82,,9.0,9.0,1:10.00,,,44.31,41.54,36.47,1/3
1117,80,2026,5,2,長水路,個人,22,50mバタフライ,女子,,,,,,70～74歳,1,中村和子,女子,越谷,47.01,+4.88,0.9,,10.0,10.0,47,,,42.13,37.5,34.37,3/6
1118,80,2026,5,2,長水路,個人,22,50mバタフライ,女子,,,,,,70～74歳,2,近藤ひな子,女子,二俣川,50.12,+7.99,0.88,,9.0,9.0,54.78,,,42.13,37.5,34.37,2/4
1119,80,2026,5,2,長水路,個人,22,50mバタフライ,女子,,,,,,70～74歳,3,譲原恵子,女子,我孫子,59.71,+17.58,0.98,,8.0,8.0,58.3,,,42.13,37.5,34.37,2/8
1120,80,2026,5,2,長水路,個人,22,50mバタフライ,女子,,,,,,70～74歳,4,木村恵子,女子,越谷,1:03.26,+21.13,0.72,,7.0,7.0,1:00.84,,,42.13,37.5,34.37,1/4
1121,80,2026,5,2,長水路,個人,22,50mバタフライ,女子,,,,,,65～69歳,1,木村りょう子,女子,福生,44.24,+2.29,0.87,,10.0,10.0,49.34,,,41.95,35.19,32.36,3/8
1122,80,2026,5,2,長水路,個人,22,50mバタフライ,女子,,,,,,65～69歳,2,立石由美子,女子,大森,44.51,+2.56,0.72,,9.0,9.0,50,,,41.95,35.19,32.36,3/2
1123,80,2026,5,2,長水路,個人,22,50mバタフライ,女子,,,,,,65～69歳,3,井手敦子,女子,慶應日吉,49.75,+7.80,0.85,,8.0,8.0,52,,,41.95,35.19,32.36,2/5
1124,80,2026,5,2,長水路,個人,22,50mバタフライ,女子,,,,,,65～69歳,4,塙清子,女子,自由が丘,56.74,+14.79,記録なし,,7.0,7.0,47,,,41.95,35.19,32.36,3/4
1125,80,2026,5,2,長水路,個人,22,50mバタフライ,女子,,,,,,65～69歳,5,下川喜美枝,女子,南千住,58,+16.05,0.9,,6.0,6.0,54.65,,,41.95,35.19,32.36,2/6
1126,80,2026,5,2,長水路,個人,22,50mバタフライ,女子,,,,,,60～64歳,1,若林朋子,女子,大宮宮原,35.29,+0.57,0.72,,10.0,10.0,35.11,,,34.72,33.25,29.9,4/6
1127,80,2026,5,2,長水路,個人,22,50mバタフライ,女子,,,,,,60～64歳,2,中野内嘉子,女子,慶應日吉,41.4,+6.68,0.79,,9.0,9.0,50,,,34.72,33.25,29.9,3/9
1128,80,2026,5,2,長水路,個人,22,50mバタフライ,女子,,,,,,60～64歳,3,大原清美,女子,阿佐谷,50.28,+15.56,1,,8.0,8.0,51.77,,,34.72,33.25,29.9,3/10
1129,80,2026,5,2,長水路,個人,22,50mバタフライ,女子,,,,,,60～64歳,4,山田智子,女子,慶應日吉,51.67,+16.95,0.86,,7.0,7.0,59,,,34.72,33.25,29.9,1/5
1130,80,2026,5,2,長水路,個人,22,50mバタフライ,女子,,,,,,55～59歳,1,西村麻美,女子,阿佐谷,41.75,+8.46,0.75,,10.0,10.0,41,,,33.29,31.61,30.05,4/1
1131,80,2026,5,2,長水路,個人,22,50mバタフライ,女子,,,,,,55～59歳,2,松川律子,女子,二俣川,45.69,+12.40,0.77,,9.0,9.0,47.63,,,33.29,31.61,30.05,3/3
1132,80,2026,5,2,長水路,個人,22,50mバタフライ,女子,,,,,,55～59歳,3,津田千鶴,女子,能見台,48.46,+15.17,0.78,,8.0,8.0,56.24,,,33.29,31.61,30.05,2/3
1133,80,2026,5,2,長水路,個人,22,50mバタフライ,女子,,,,,,55～59歳,4,大久保彩子,女子,阿佐谷,55.16,+21.87,0.86,,7.0,7.0,56,,,33.29,31.61,30.05,2/7
1134,80,2026,5,2,長水路,個人,22,50mバタフライ,女子,,,,,,50～54歳,1,池田百合子,女子,市ヶ尾,31.94,+0.83,0.75,,10.0,10.0,32,,,31.11,30.26,29.08,5/7
1135,80,2026,5,2,長水路,個人,22,50mバタフライ,女子,,,,,,45～49歳,1,吉村華余,女子,長津田,32.28,+0.15,0.82,,10.0,10.0,31.56,,,32.13,29.22,28.4,5/4
1136,80,2026,5,2,長水路,個人,22,50mバタフライ,女子,,,,,,45～49歳,2,大黒明日香,女子,清瀬,38.84,+6.71,1.04,,9.0,9.0,42,,,32.13,29.22,28.4,4/10
1137,80,2026,5,2,長水路,個人,22,50mバタフライ,女子,,,,,,45～49歳,3,錦織佳奈子,女子,新川崎,39.44,+7.31,0.94,,8.0,8.0,42,,,32.13,29.22,28.4,3/5
1138,80,2026,5,2,長水路,個人,22,50mバタフライ,女子,,,,,,45～49歳,4,福澤絵理,女子,CS南行徳,47.91,+15.78,0.84,,7.0,7.0,1:00.00,,,32.13,29.22,28.4,1/6
1139,80,2026,5,2,長水路,個人,22,50mバタフライ,女子,,,,,,40～44歳,1,宮下奏子,女子,市ヶ尾,33.52,+2.94,0.67,,10.0,10.0,33.33,,,30.58,28.75,28.24,5/2
1140,80,2026,5,2,長水路,個人,22,50mバタフライ,女子,,,,,,40～44歳,2,大家萌実,女子,用賀,37.09,+6.51,0.63,,9.0,9.0,40,,,30.58,28.75,28.24,4/2
1141,80,2026,5,2,長水路,個人,22,50mバタフライ,女子,,,,,,40～44歳,3,久保かおり,女子,長津田,50.93,+20.35,0.91,,8.0,8.0,50.1,,,30.58,28.75,28.24,3/1
1142,80,2026,5,2,長水路,個人,22,50mバタフライ,女子,,,,,,35～39歳,1,青木梨緒,女子,葛西,30.7,-0.24,0.68,,10.0,10.0,30.8,,大会新,30.94,28.63,27.46,5/5
1143,80,2026,5,2,長水路,個人,22,50mバタフライ,女子,,,,,,35～39歳,2,海口綾乃,女子,武蔵小杉,34.77,+3.83,0.86,,9.0,9.0,36,,,30.94,28.63,27.46,4/4
1144,80,2026,5,2,長水路,個人,22,50mバタフライ,女子,,,,,,35～39歳,3,柳美希,女子,松戸,35.31,+4.37,0.82,,8.0,8.0,37,,,30.94,28.63,27.46,4/3
1145,80,2026,5,2,長水路,個人,22,50mバタフライ,女子,,,,,,35～39歳,4,佐藤綾子,女子,阿佐谷,37.15,+6.21,0.69,,7.0,7.0,39.47,,,30.94,28.63,27.46,4/8
1146,80,2026,5,2,長水路,個人,22,50mバタフライ,女子,,,,,,30～34歳,1,真如美優,女子,南千住,31.85,+1.52,0.67,,10.0,10.0,30.89,,,30.33,27.74,26.8,5/6
1147,80,2026,5,2,長水路,個人,22,50mバタフライ,女子,,,,,,30～34歳,2,仲田笑美,女子,成城,32.9,+2.57,0.73,,9.0,9.0,33,,,30.33,27.74,26.8,5/8
1148,80,2026,5,2,長水路,個人,22,50mバタフライ,女子,,,,,,25～29歳,1,岡澤志織,女子,茂原,33.52,+3.63,0.75,,10.0,10.0,32.33,,,29.89,26.32,26.32,5/3
1149,80,2026,5,2,長水路,個人,22,50mバタフライ,女子,,,,,,18～24歳,1,篠田璃七,女子,葛西,31.94,+2.60,0.63,,10.0,10.0,34,,,29.34,27.43,記録なし,5/1
1150,80,2026,5,2,長水路,個人,22,50mバタフライ,女子,,,,,,18～24歳,2,松井優依,女子,八王子,35.57,+6.23,0.68,,9.0,9.0,35,,,29.34,27.43,記録なし,4/5
1151,80,2026,5,2,長水路,個人,22,50mバタフライ,女子,,,,,,18～24歳,3,白井凜,女子,市川,35.86,+6.52,0.74,,8.0,8.0,36.67,,,29.34,27.43,記録なし,4/7
1152,80,2026,5,2,長水路,個人,22,50mバタフライ,女子,,,,,,18～24歳,4,皆川すみれ,女子,南青山,37.91,+8.57,0.99,,7.0,7.0,35,,,29.34,27.43,記録なし,5/10
1153,80,2026,5,2,長水路,個人,22,50mバタフライ,女子,,,,,,18～24歳,5,蒲池美咲,女子,八王子,39.97,+10.63,0.66,,6.0,6.0,40,,,29.34,27.43,記録なし,4/9
1154,80,2026,5,2,長水路,個人,23,50mバタフライ,男子,,,,,,80～84歳,1,吉田亮,男子,成城,42.38,-3.86,0.86,,10.0,10.0,42.5,,大会新,46.24,34.75,34.39,2/8
1155,80,2026,5,2,長水路,個人,23,50mバタフライ,男子,,,,,,80～84歳,2,越智義夫,男子,慶應日吉,48.21,+1.97,0.81,,9.0,9.0,50,,,46.24,34.75,34.39,1/2
1156,80,2026,5,2,長水路,個人,23,50mバタフライ,男子,,,,,,80～84歳,3,内田幸稔,男子,松戸,1:07.15,+20.91,0.75,,8.0,8.0,1:00.00,,,46.24,34.75,34.39,1/1
1157,80,2026,5,2,長水路,個人,23,50mバタフライ,男子,,,,,,75～79歳,1,安藤次郎,男子,館山,37.1,+0.37,0.8,,10.0,10.0,38,,,36.73,32.61,31.75,3/2
1158,80,2026,5,2,長水路,個人,23,50mバタフライ,男子,,,,,,70～74歳,1,瀧川一興,男子,大森,36.31,+2.46,0.87,,10.0,10.0,37,,,33.85,31.43,29.69,3/7
1159,80,2026,5,2,長水路,個人,23,50mバタフライ,男子,,,,,,70～74歳,2,香川左近,男子,二俣川,48.37,+14.52,0.96,,9.0,9.0,46,,,33.85,31.43,29.69,1/6
1160,80,2026,5,2,長水路,個人,23,50mバタフライ,男子,,,,,,70～74歳,3,飯沼明,男子,長津田,48.47,+14.62,0.82,,8.0,8.0,48.62,,,33.85,31.43,29.69,1/3
1161,80,2026,5,2,長水路,個人,23,50mバタフライ,男子,,,,,,65～69歳,1,海辺信吉,男子,おおたか,33.56,+0.77,0.74,,10.0,10.0,33.83,,,32.79,29.99,28.14,4/1
1162,80,2026,5,2,長水路,個人,23,50mバタフライ,男子,,,,,,65～69歳,2,岩田寛,男子,慶應日吉,40.61,+7.82,0.93,,9.0,9.0,38.8,,,32.79,29.99,28.14,2/5
1163,80,2026,5,2,長水路,個人,23,50mバタフライ,男子,,,,,,65～69歳,3,伊藤伸彦,男子,横浜,49.51,+16.72,0.72,,8.0,8.0,38,,,32.79,29.99,28.14,3/9
1164,80,2026,5,2,長水路,個人,23,50mバタフライ,男子,,,,,,65～69歳,4,袴塚哲也,男子,墨田区体育館,57.17,+24.38,0.94,,7.0,7.0,45,,,32.79,29.99,28.14,1/5
1165,80,2026,5,2,長水路,個人,23,50mバタフライ,男子,,,,,,60～64歳,1,廣本佳也,男子,上池袋,34.91,+4.28,0.84,,10.0,10.0,32.75,,,30.63,29.18,27.23,4/7
1166,80,2026,5,2,長水路,個人,23,50mバタフライ,男子,,,,,,60～64歳,2,金子勝,男子,岩槻,35.72,+5.09,0.81,,9.0,9.0,33.96,,,30.63,29.18,27.23,4/10
1167,80,2026,5,2,長水路,個人,23,50mバタフライ,男子,,,,,,60～64歳,3,浦田昌和,男子,成城,47.59,+16.96,0.89,,8.0,8.0,42.83,,,30.63,29.18,27.23,2/2
1168,80,2026,5,2,長水路,個人,23,50mバタフライ,男子,,,,,,60～64歳,4,安部盛博,男子,成城,53.57,+22.94,0.85,,7.0,7.0,49.76,,,30.63,29.18,27.23,1/8
1169,80,2026,5,2,長水路,個人,23,50mバタフライ,男子,,,,,,55～59歳,1,門倉孝行,男子,慶應日吉,33.1,+3.12,0.69,,10.0,10.0,35,,,29.98,27.02,26.08,3/6
1170,80,2026,5,2,長水路,個人,23,50mバタフライ,男子,,,,,,55～59歳,2,柄澤英也,男子,用賀,33.53,+3.55,0.68,,9.0,9.0,33.5,,,29.98,27.02,26.08,4/2
1171,80,2026,5,2,長水路,個人,23,50mバタフライ,男子,,,,,,55～59歳,3,前田光輝,男子,おおたか,35.38,+5.40,0.7,,8.0,8.0,37,,,29.98,27.02,26.08,3/3
1172,80,2026,5,2,長水路,個人,23,50mバタフライ,男子,,,,,,55～59歳,4,温井芳浩,男子,谷津,36.51,+6.53,0.9,,7.0,7.0,40,,,29.98,27.02,26.08,2/7
1173,80,2026,5,2,長水路,個人,23,50mバタフライ,男子,,,,,,55～59歳,5,古高正道,男子,天王洲,43.08,+13.10,0.81,,6.0,6.0,43,,,29.98,27.02,26.08,2/9
1174,80,2026,5,2,長水路,個人,23,50mバタフライ,男子,,,,,,55～59歳,6,大塚秀幸,男子,慶應日吉,48.02,+18.04,0.81,,5.0,5.0,47.77,,,29.98,27.02,26.08,1/4
1175,80,2026,5,2,長水路,個人,23,50mバタフライ,男子,,,,,,50～54歳,1,甫坂修男,男子,市川,32.16,+5.16,0.88,,10.0,10.0,31.77,,,27,25.73,25.53,5/10
1176,80,2026,5,2,長水路,個人,23,50mバタフライ,男子,,,,,,50～54歳,2,坂善和,男子,ときわ台,32.39,+5.39,0.66,,9.0,9.0,30,,,27,25.73,25.53,5/8
1177,80,2026,5,2,長水路,個人,23,50mバタフライ,男子,,,,,,50～54歳,3,興野巧磨,男子,八王子,34.16,+7.16,0.8,,8.0,8.0,32.5,,,27,25.73,25.53,4/4
1178,80,2026,5,2,長水路,個人,23,50mバタフライ,男子,,,,,,50～54歳,4,岡本篤志,男子,武蔵小杉,34.49,+7.49,0.8,,7.0,7.0,33,,,27,25.73,25.53,4/3
1179,80,2026,5,2,長水路,個人,23,50mバタフライ,男子,,,,,,50～54歳,5,上田徹,男子,阿佐谷,37.19,+10.19,0.96,,6.0,6.0,38,,,27,25.73,25.53,3/1
1180,80,2026,5,2,長水路,個人,23,50mバタフライ,男子,,,,,,50～54歳,6,宮本昌雄,男子,長津田,39.56,+12.56,0.86,,5.0,5.0,39.17,,,27,25.73,25.53,2/6
1181,80,2026,5,2,長水路,個人,23,50mバタフライ,男子,,,,,,45～49歳,1,鶴谷学,男子,二俣川,27.05,-0.44,0.63,,10.0,10.0,27,,大会新,27.49,25.26,23.15,7/1
1182,80,2026,5,2,長水路,個人,23,50mバタフライ,男子,,,,,,45～49歳,2,永瀬知之,男子,二俣川,29.03,+1.54,0.71,,9.0,9.0,29.5,,,27.49,25.26,23.15,5/7
1183,80,2026,5,2,長水路,個人,23,50mバタフライ,男子,,,,,,45～49歳,3,宅間健介,男子,天王洲,32.34,+4.85,0.75,,8.0,8.0,34,,,27.49,25.26,23.15,3/5
1184,80,2026,5,2,長水路,個人,23,50mバタフライ,男子,,,,,,45～49歳,4,青木一晃,男子,慶應日吉,32.77,+5.28,0.73,,7.0,7.0,33.5,,,27.49,25.26,23.15,4/9
1185,80,2026,5,2,長水路,個人,23,50mバタフライ,男子,,,,,,45～49歳,5,鈴木直哉,男子,八王子,35.7,+8.21,0.94,,6.0,6.0,36.58,,,27.49,25.26,23.15,3/4
1186,80,2026,5,2,長水路,個人,23,50mバタフライ,男子,,,,,,45～49歳,6,草野剛史,男子,二俣川,38.76,+11.27,0.84,,5.0,5.0,38.8,,,27.49,25.26,23.15,3/10
1187,80,2026,5,2,長水路,個人,23,50mバタフライ,男子,,,,,,40～44歳,1,鈴木謙太朗,男子,用賀,26.87,+0.36,0.65,,10.0,10.0,26.5,,,26.51,24.3,23.72,7/8
1188,80,2026,5,2,長水路,個人,23,50mバタフライ,男子,,,,,,40～44歳,2,前田崇行,男子,二俣川,29.34,+2.83,0.76,,9.0,9.0,28.19,,,26.51,24.3,23.72,6/2
1189,80,2026,5,2,長水路,個人,23,50mバタフライ,男子,,,,,,40～44歳,3,矢作歩,男子,長津田,29.43,+2.92,0.81,,8.0,8.0,29.86,,,26.51,24.3,23.72,5/3
1190,80,2026,5,2,長水路,個人,23,50mバタフライ,男子,,,,,,40～44歳,4,小林弘典,男子,大森,29.65,+3.14,0.67,,7.0,7.0,30.78,,,26.51,24.3,23.72,5/2
1191,80,2026,5,2,長水路,個人,23,50mバタフライ,男子,,,,,,35～39歳,1,立石裕太郎,男子,二俣川,26.93,+0.74,0.65,,10.0,10.0,26.6,,,26.19,24.09,23.74,7/9
1192,80,2026,5,2,長水路,個人,23,50mバタフライ,男子,,,,,,35～39歳,2,青木圭祐,男子,葛西,27.18,+0.99,0.7,,9.0,9.0,28,,,26.19,24.09,23.74,6/4
1193,80,2026,5,2,長水路,個人,23,50mバタフライ,男子,,,,,,35～39歳,3,古川貴章,男子,おおたか,29.05,+2.86,0.76,,8.0,8.0,29,,,26.19,24.09,23.74,5/5
1194,80,2026,5,2,長水路,個人,23,50mバタフライ,男子,,,,,,35～39歳,4,増田喬行,男子,大宮宮原,33.17,+6.98,0.76,,7.0,7.0,33,,,26.19,24.09,23.74,4/8
1195,80,2026,5,2,長水路,個人,23,50mバタフライ,男子,,,,,,30～34歳,1,石川和樹,男子,谷津,26.12,+0.59,0.65,,10.0,10.0,26,,,25.53,24.16,23.16,7/3
1196,80,2026,5,2,長水路,個人,23,50mバタフライ,男子,,,,,,30～34歳,2,前島悠也,男子,葛西,27.76,+2.23,0.65,,9.0,9.0,29,,,25.53,24.16,23.16,5/4
1197,80,2026,5,2,長水路,個人,23,50mバタフライ,男子,,,,,,30～34歳,3,神戸優悠希,男子,茂原,27.79,+2.26,0.71,,8.0,8.0,28.5,,,25.53,24.16,23.16,6/9
1198,80,2026,5,2,長水路,個人,23,50mバタフライ,男子,,,,,,30～34歳,4,田端凌也,男子,市ヶ尾,29.32,+3.79,0.73,,7.0,7.0,31,,,25.53,24.16,23.16,5/1
1199,80,2026,5,2,長水路,個人,23,50mバタフライ,男子,,,,,,30～34歳,5,成田昌記,男子,二俣川,29.54,+4.01,0.69,,6.0,6.0,29,,,25.53,24.16,23.16,5/6
1200,80,2026,5,2,長水路,個人,23,50mバタフライ,男子,,,,,,30～34歳,6,丹波雅哉,男子,新川崎,39.84,+14.31,0.92,,5.0,5.0,45,,,25.53,24.16,23.16,2/1
1201,80,2026,5,2,長水路,個人,23,50mバタフライ,男子,,,,,,25～29歳,1,川島由伸,男子,上池袋,24.44,+0.17,0.68,,10.0,10.0,24.1,,,24.27,24.01,23.15,7/5
1202,80,2026,5,2,長水路,個人,23,50mバタフライ,男子,,,,,,25～29歳,2,小島駿紀,男子,ときわ台,25.57,+1.30,0.56,,9.0,9.0,25.6,,,24.27,24.01,23.15,7/7
1203,80,2026,5,2,長水路,個人,23,50mバタフライ,男子,,,,,,25～29歳,3,田中諒也,男子,市ヶ尾,25.85,+1.58,0.72,,8.0,8.0,25,,,24.27,24.01,23.15,7/6
1204,80,2026,5,2,長水路,個人,23,50mバタフライ,男子,,,,,,25～29歳,4,木渕大輝,男子,天王洲,27.06,+2.79,0.65,,7.0,7.0,27.32,,,24.27,24.01,23.15,6/5
1205,80,2026,5,2,長水路,個人,23,50mバタフライ,男子,,,,,,25～29歳,5,津崎朝輝,男子,武蔵小杉,27.55,+3.28,0.7,,6.0,6.0,27,,,24.27,24.01,23.15,7/10
1206,80,2026,5,2,長水路,個人,23,50mバタフライ,男子,,,,,,25～29歳,6,柿沼龍史,男子,成城,28.94,+4.67,0.77,,5.0,5.0,29,,,24.27,24.01,23.15,6/10
1207,80,2026,5,2,長水路,個人,23,50mバタフライ,男子,,,,,,18～24歳,1,服部碧,男子,成城,26.15,+2.12,0.65,,10.0,10.0,25.5,,,24.03,24.03,記録なし,7/4
1208,80,2026,5,2,長水路,個人,23,50mバタフライ,男子,,,,,,18～24歳,2,黒田大介,男子,成城,27.42,+3.39,0.64,,9.0,9.0,28,,,24.03,24.03,記録なし,6/3
1209,80,2026,5,2,長水路,個人,23,50mバタフライ,男子,,,,,,18～24歳,3,安齊大和,男子,ザバス八景,28.21,+4.18,0.67,,8.0,8.0,28,,,24.03,24.03,記録なし,6/8
1210,80,2026,5,2,長水路,個人,23,50mバタフライ,男子,,,,,,18～24歳,4,今橋蒼太郎,男子,大宮宮原,28.39,+4.36,0.63,,7.0,7.0,32,,,24.03,24.03,記録なし,4/6
1211,80,2026,5,2,長水路,個人,23,50mバタフライ,男子,,,,,,18～24歳,5,都築クラウディオ佑亮,男子,おおたか,28.45,+4.42,0.72,,6.0,6.0,28,,,24.03,24.03,記録なし,6/7
