レース番号,競技性別,競技名,世界記録,日本記録,年齢区分,大会記録,順位,選手名,チーム名,水路,時間,大会新,飛込タイム,LAPタイム
No.1,女子,200m自由形,3:14.51,3:14.51,85~89歳,4:28.56,1,森川タェ子,セ・我孫子,1/5,4:46.08,,1.19,"1:06.22,2:18.31,3:31.86"
No.1,女子,200m自由形,3:05.95,3:05.95,80~84歳,4:12.00,1,佐藤由利子,セ・用賀,3/2,3:47.95,大会新,0.92,"51.39,1:49.29,2:48.57"
No.1,女子,200m自由形,3:05.95,3:05.95,80~84歳,4:12.00,2,安澤イソ子,セ・市ヶ尾,1/7,4:24.85,,1.01,"56.13,2:00.04,3:10.61"
No.1,女子,200m自由形,3:05.95,3:05.95,80~84歳,4:12.00,3,御手洗ヨシ,cs南行徳,1/6,4:36.70,,1.06,"56.03,2:05.91,3:22.07"
No.1,女子,200m自由形,2:54.26,2:54.26,75~79歳,3:32.08,1,竹原君枝,セ・慶應日吉,3/9,3:44.09,,0.92,"52.29,1:49.11,2:46.99"
No.1,女子,200m自由形,2:29.72,2:49.80,70~74歳,3:05.67,1,中平信子,セ・成瀬,5/1,3:14.00,,0.85,"44.15,1:33.48,2:24.60"
No.1,女子,200m自由形,2:29.72,2:49.80,70~74歳,3:05.67,2,青砥美智子,セ・葛西,5/9,3:35.16,,1.05,"49.6,1:42.94,2:39.08"
No.1,女子,200m自由形,2:29.72,2:49.80,70~74歳,3:05.67,3,岡村悦子,セ・おおたか,4/9,3:38.29,,1.05,"50.85,1:47.35,2:46.19"
No.1,女子,200m自由形,2:29.72,2:49.80,70~74歳,3:05.67,4,大熊正子,セ・桶川北本,2/4,3:52.45,,0.88,"50.79,1:49.78,2:52.00"
No.1,女子,200m自由形,2:29.72,2:49.80,70~74歳,3:05.67,5,菅井道子,セ・戸塚,2/3,4:08.62,,0.85,"59.4,2:02.84,3:08.61"
No.1,女子,200m自由形,2:25.29,2:42.91,65~69歳,2:54.20,1,菅野泰子,セ・葛西,7/3,2:55.35,,0.86,"40.54,1:25.25,2:10.59"
No.1,女子,200m自由形,2:25.29,2:42.91,65~69歳,2:54.20,2,森谷登志江,セ・慶應日吉,5/5,3:13.36,,0.86,"43.55,1:31.46,2:22.96"
No.1,女子,200m自由形,2:25.29,2:42.91,65~69歳,2:54.20,3,山﨑京子,セ・横浜,6/7,3:16.58,,0.98,"46.43,1:36.82,2:28.51"
No.1,女子,200m自由形,2:25.29,2:42.91,65~69歳,2:54.20,4,育村博子,セ・おおたか,5/8,3:22.48,,0.86,"47.37,1:38.09,2:31.86"
No.1,女子,200m自由形,2:25.29,2:42.91,65~69歳,2:54.20,5,久松葉子,セ・成瀬,4/4,3:27.53,,1.14,"47.53,1:40.75,2:34.98"
No.1,女子,200m自由形,2:25.29,2:42.91,65~69歳,2:54.20,6,森本美恵,セ・松戸,4/3,3:33.44,,0.92,"48.86,1:42.74,2:40.15"
No.1,女子,200m自由形,2:25.29,2:42.91,65~69歳,2:54.20,7,石河久美子,セ・溝ノ口,4/8,3:34.64,,0.77,"49.71,1:43.64,2:39.75"
No.1,女子,200m自由形,2:25.29,2:42.91,65~69歳,2:54.20,8,臼井希代子,セ・大宮宮原,4/2,3:34.65,,1.03,"47.74,1:41.90,2:39.02"
No.1,女子,200m自由形,2:25.29,2:42.91,65~69歳,2:54.20,9,日和久美子,セ・戸塚,4/10,3:42.07,,0.98,"53.11,1:49.50,2:47.51"
No.1,女子,200m自由形,2:25.29,2:42.91,65~69歳,2:54.20,10,岡田美恵子,セ・溝ノ口,3/3,3:53.14,,0.90,"52.8,1:50.37,2:50.24"
No.1,女子,200m自由形,2:25.29,2:42.91,65~69歳,2:54.20,11,三嶋祐子,セ・阿佐谷,2/6,4:03.71,,0.95,
No.1,女子,200m自由形,2:25.29,2:42.91,65~69歳,2:54.20,12,大西和子,セ・天王洲,1/4,4:37.24,,1.07,"1:02.74,2:12.44,3:26.19"
No.1,女子,200m自由形,2:21.03,2:31.90,60~64歳,2:35.22,1,石井裕美,セ・ときわ台,7/4,2:58.32,,0.76,"40.38,1:26.20,2:14.74"
No.1,女子,200m自由形,2:21.03,2:31.90,60~64歳,2:35.22,2,岡田眞弓,セ・清瀬,4/7,3:06.16,,0.86,"43.07,1:30.79,2:19.74"
No.1,女子,200m自由形,2:21.03,2:31.90,60~64歳,2:35.22,3,伊藤みどり,セ・育見台,6/9,3:11.60,,0.86,"41.89,1:28.98,2:19.61"
No.1,女子,200m自由形,2:21.03,2:31.90,60~64歳,2:35.22,4,高橋久美,セ・市川,6/2,3:15.23,,0.76,"44.14,1:33.49,2:23.43"
No.1,女子,200m自由形,2:21.03,2:31.90,60~64歳,2:35.22,5,草森理子,セ・成城,4/1,3:21.87,,0.75,"45.85,1:38.15,2:31.10"
No.1,女子,200m自由形,2:21.03,2:31.90,60~64歳,2:35.22,6,盛田真規子,セ・二俣川,5/2,3:26.33,,0.75,"46.46,1:39.40,2:34.02"
No.1,女子,200m自由形,2:21.03,2:31.90,60~64歳,2:35.22,7,山中恵子,セ・桶川北本,3/7,3:27.70,,0.99,"45.32,1:38.32,2:34.28"
No.1,女子,200m自由形,2:21.03,2:31.90,60~64歳,2:35.22,8,宮内麻里,曽谷・セ,4/5,3:31.11,,1.07,"52.18,1:46.08,2:40.75"
No.1,女子,200m自由形,2:21.03,2:31.90,60~64歳,2:35.22,9,清水孝子,セ・福生,3/5,3:41.52,,0.92,"49.21,1:43.98,2:43.61"
No.1,女子,200m自由形,2:21.03,2:31.90,60~64歳,2:35.22,10,久保とし子,セ・長津田,2/5,3:46.82,,0.96,"48.02,1:44.90,2:45.59"
No.1,女子,200m自由形,2:21.03,2:31.90,60~64歳,2:35.22,11,宮田ひとみ,セ・阿佐谷,3/10,3:53.39,,0.90,"54.95,1:55.10,2:57.27"
No.1,女子,200m自由形,2:21.03,2:31.90,60~64歳,2:35.22,12,桐沢ひとみ,セ・大森,3/8,3:54.05,,1.53,"52.34,1:52.33,2:54.86"
No.1,女子,200m自由形,2:21.03,2:31.90,60~64歳,2:35.22,13,増子保子,セ・蘇我,2/8,3:54.48,,1.00,"53.39,1:51.27,2:53.37"
No.1,女子,200m自由形,2:16.28,2:26.86,55~59歳,2:31.44,1,年岡仁美,セ・千葉みなと,8/10,2:48.05,,0.83,"38.37,1:21.56,2:05.63"
No.1,女子,200m自由形,2:16.28,2:26.86,55~59歳,2:31.44,2,八尋加苗,セ・松戸,6/6,3:07.55,,0.73,"43.55,1:33.43,2:22.21"
No.1,女子,200m自由形,2:16.28,2:26.86,55~59歳,2:31.44,3,松川律子,セ・二俣川,5/4,3:15.85,,0.89,"41.64,1:30.06,2:24.43"
No.1,女子,200m自由形,2:16.28,2:26.86,55~59歳,2:31.44,4,柳田喜代美,セ・育見台,2/2,3:18.24,,0.95,"45.26,1:34.44,2:26.10"
No.1,女子,200m自由形,2:16.28,2:26.86,55~59歳,2:31.44,5,山口仁子,セ・上池袋,5/6,3:21.43,,,"47.98,1:38.91,2:31.09"
No.1,女子,200m自由形,2:16.28,2:26.86,55~59歳,2:31.44,6,棚橋悦子,セ・自由が丘,4/6,3:25.79,,0.83,"47.74,1:40.30,2:34.81"
No.1,女子,200m自由形,2:16.28,2:26.86,55~59歳,2:31.44,7,森内裕子,セ・天王洲,3/4,3:35.98,,0.97,"49.79,1:45.66,2:42.67"
No.1,女子,200m自由形,2:16.28,2:26.86,55~59歳,2:31.44,8,佐々木タ子,セ・市ヶ尾,2/7,3:55.93,,0.97,"54.66,1:54.94,2:56.27"
No.1,女子,200m自由形,2:13.18,2:21.98,50~54歳,2:27.87,1,工藤遵江,セ・F宇都宮,7/5,2:45.27,,0.75,"38.23,1:20.87,2:05.04"
No.1,女子,200m自由形,2:13.18,2:21.98,50~54歳,2:27.87,2,友田智哲,セ・南青山,7/8,2:52.96,,0.85,"39.17,1:22.14,2:07.90"
No.1,女子,200m自由形,2:13.18,2:21.98,50~54歳,2:27.87,3,菅原幸,セ・トレッサ,7/6,2:59.27,,0.84,"40.75,1:27.13,2:15.02"
No.1,女子,200m自由形,2:13.18,2:21.98,50~54歳,2:27.87,4,柳有美子,セ・おおたか,6/10,3:04.98,,0.85,"43.55,1:31.07,2:19.72"
No.1,女子,200m自由形,2:13.18,2:21.98,50~54歳,2:27.87,5,成島志雅子,セ・F宇都宮,6/1,3:13.76,,0.90,"42.47,1:31.35,2:23.52"
No.1,女子,200m自由形,2:13.18,2:21.98,50~54歳,2:27.87,6,小田桐知子,セ・志木,6/8,3:23.08,,1.04,"46.37,1:37.12,2:30.12"
No.1,女子,200m自由形,2:13.18,2:21.98,50~54歳,2:27.87,7,森信子,セ・大森,3/6,3:38.45,,1.21,"50.19,1:46.03,2:43.50"
No.1,女子,200m自由形,2:10.09,2:17.82,45~49歳,2:31.07,1,高橋麻子,セ・市ヶ尾,7/9,2:55.74,,0.75,"40.11,1:24.61,2:11.20"
No.1,女子,200m自由形,2:10.09,2:17.82,45~49歳,2:31.07,2,草野茜,セ・二俣川,7/7,3:00.08,,0.74,"41.52,1:26.59,2:13.49"
No.1,女子,200m自由形,2:10.09,2:17.82,45~49歳,2:31.07,3,吉池奈々,セ・二俣川,7/10,3:01.30,,0.68,"39.79,1:25.30,2:13.02"
No.1,女子,200m自由形,2:10.09,2:17.82,45~49歳,2:31.07,4,細沼悦子,セ・越谷,6/5,3:07.83,,0.87,"41.49,1:29.93,2:21.56"
No.1,女子,200m自由形,2:10.09,2:17.82,45~49歳,2:31.07,5,前田由希映,セ・二俣川,6/3,3:12.46,,0.83,"43.49,1:33.20,2:23.40"
No.1,女子,200m自由形,2:09.28,2:15.70,40~44歳,2:31.64,1,吉村華余,セ・長津田,8/7,2:31.87,,0.75,"34.54,1:12.60,1:52.57"
No.1,女子,200m自由形,2:09.28,2:15.70,40~44歳,2:31.64,2,錦織佳奈子,ザノス川崎,7/1,3:01.00,,0.95,"39.42,1:23.04,2:11.07"
No.1,女子,200m自由形,2:09.28,2:15.70,40~44歳,2:31.64,3,久保かおり,セ・長津田,6/4,3:11.64,,0.87,"41.71,1:30.18,2:21.93"
No.1,女子,200m自由形,2:09.28,2:15.70,40~44歳,2:31.64,4,四井美穂,セ・天王洲,3/1,3:13.06,,0.81,"46.02,1:35.44,2:25.04"
No.1,女子,200m自由形,2:05.50,2:07.99,35~39歳,2:17.30,1,田中美鈴,セ・武蔵小杉,8/3,2:30.03,,0.76,"34.28,1:12.22,1:51.14"
No.1,女子,200m自由形,2:05.50,2:07.99,35~39歳,2:17.30,2,久保美由紀,セ・長津田,5/7,3:26.32,,0.88,"45.7,1:39.83,2:35.36"
No.1,女子,200m自由形,2:02.35,2:04.62,30~34歳,2:20.79,1,長谷川恵,セ・阿佐谷,8/8,2:36.58,,0.87,"35.29,1:14.20,1:55.21"
No.1,女子,200m自由形,2:02.35,2:04.62,30~34歳,2:20.79,2,中山翠,ザノス川崎,5/10,3:10.41,,0.91,"41.95,1:30.22,2:21.56"
No.1,女子,200m自由形,2:04.56,2:06.81,25~29歳,2:20.67,1,竹下菜々美,セ・二俣川,8/2,2:25.11,,0.66,"33.29,1:10.02,1:47.75"
No.1,女子,200m自由形,2:04.56,2:06.81,25~29歳,2:20.67,2,川俣星,セ・新都心,8/4,2:31.38,,0.73,"33.77,1:11.63,1:51.53"
No.1,女子,200m自由形,2:04.56,2:06.81,25~29歳,2:20.67,3,新後海優,セ・トレッサ,8/6,2:32.34,,0.89,"31.51,1:07.39,1:48.60"
No.1,女子,200m自由形,2:04.56,2:06.81,25~29歳,2:20.67,4,村岡礼奈,セ・桶川北本,7/2,2:55.75,,0.76,"38.48,1:21.44,2:08.21"
No.1,女子,200m自由形,2:04.56,2:04.32,18~24歳,2:17.69,1,渡辺美楓,セ・谷津,8/5,2:16.87,大会新,0.67,"31.6,1:06.79,1:42.48"
No.1,女子,200m自由形,2:04.56,2:04.32,18~24歳,2:17.69,2,広瀬幸音,セ・成城,8/1,2:32.16,,0.76,"33.94,1:12.31,1:52.42"
No.2,男子,200m自由形,3:03.50,3:10.33,85~89歳,3:35.53,1,川本剛,セ・長沼,1/8,3:46.84,,1.10,"51.34,1:47.83,2:48.46"
No.2,男子,200m自由形,2:40.22,2:40.87,80~84歳,3:39.71,1,眞壁功,セ・藤沢,1/10,3:45.81,,0.99,"52.27,1:50.05,2:47.61"
No.2,男子,200m自由形,2:25.66,2:33.87,75~79歳,2:51.26,1,嶋﨑昭夫,セ・西東京,1/3,3:31.90,,0.94,"42.37,1:32.94,2:31.34"
No.2,男子,200m自由形,2:22.88,2:22.88,70~74歳,2:44.09,1,若宮強,セ・成城,2/4,3:00.17,,0.76,"41.26,1:27.30,2:16.00"
No.2,男子,200m自由形,2:22.88,2:22.88,70~74歳,2:44.09,2,菱沼和男,セ・葛西,2/2,3:19.08,,0.87,"48.42,1:39.56,2:30.17"
No.2,男子,200m自由形,2:22.88,2:22.88,70~74歳,2:44.09,3,森下善夫,セ・大宮宮原,1/2,3:35.42,,1.03,"48.87,1:42.80,2:40.49"
No.2,男子,200m自由形,2:09.39,2:19.96,65~69歳,2:26.86,1,吉原一彦,セ・阿佐谷,6/8,2:31.29,,0.79,"35.77,1:14.95,1:53.85"
No.2,男子,200m自由形,2:09.39,2:19.96,65~69歳,2:26.86,2,柏木治久,セ・成瀬,2/7,3:01.71,,0.86,"43.38,1:29.96,2:18.29"
No.2,男子,200m自由形,2:09.39,2:19.96,65~69歳,2:26.86,3,井上昌臣,セ・西東京,1/5,3:05.18,,0.98,"39.64,1:24.06,2:13.95"
No.2,男子,200m自由形,2:09.39,2:19.96,65~69歳,2:26.86,4,臼井全人,セ・大宮宮原,2/3,3:14.52,,0.98,"45.84,1:35.03,2:25.73"
No.2,男子,200m自由形,2:09.39,2:19.96,65~69歳,2:26.86,5,折居彰,セ・阿佐谷,1/9,3:29.30,,1.28,"48.93,1:41.33,2:36.38"
No.2,男子,200m自由形,2:09.39,2:19.96,65~69歳,2:26.86,6,中井岳郎,セ・成城,2/10,3:40.54,,0.85,"43.35,1:37.96,2:39.45"
No.2,男子,200m自由形,2:07.68,2:17.26,60~64歳,2:27.29,1,渡部佳彦,セ・市川,6/10,2:27.77,,0.70,"34.31,1:12.51,1:50.35"
No.2,男子,200m自由形,2:07.68,2:17.26,60~64歳,2:27.29,2,下家成人,セ・二俣川,5/7,2:34.32,,0.75,"33.82,1:12.36,1:52.74"
No.2,男子,200m自由形,2:07.68,2:17.26,60~64歳,2:27.29,3,久保田勝己,セ・阿佐谷,5/10,2:40.06,,0.84,"38.02,1:18.60,2:00.86"
No.2,男子,200m自由形,2:07.68,2:17.26,60~64歳,2:27.29,4,神尾尚人,セ・市ヶ尾,4/7,2:40.50,,0.68,"37.46,1:18.71,2:00.62"
No.2,男子,200m自由形,2:07.68,2:17.26,60~64歳,2:27.29,5,若島健二,セ・二俣川,4/1,2:47.51,,0.89,"38.9,1:21.24,2:04.38"
No.2,男子,200m自由形,2:07.68,2:17.26,60~64歳,2:27.29,6,池谷千尋,セ・長津田,3/7,2:53.55,,0.73,"39.92,1:23.41,2:09.30"
No.2,男子,200m自由形,2:07.68,2:17.26,60~64歳,2:27.29,7,名田裕,セ・稲毛海岸,3/3,3:06.09,,0.96,"41.6,1:28.00,2:17.94"
No.2,男子,200m自由形,2:07.68,2:17.26,60~64歳,2:27.29,8,山本和巳,セ・茂原,2/9,3:07.17,,0.78,"43.29,1:30.15,2:19.51"
No.2,男子,200m自由形,2:04.01,2:08.62,55~59歳,2:19.70,1,矢部裕之,セ・長津田,6/3,2:23.97,,0.77,"32.93,1:09.47,1:46.77"
No.2,男子,200m自由形,2:04.01,2:08.62,55~59歳,2:19.70,2,中村勝,セ・南千住,5/5,2:29.74,,0.71,"34.52,1:12.40,1:51.49"
No.2,男子,200m自由形,2:04.01,2:08.62,55~59歳,2:19.70,3,宮木幸彦,セ・葛西,4/9,2:39.30,,0.78,"36.48,1:16.99,1:58.91"
No.2,男子,200m自由形,2:04.01,2:08.62,55~59歳,2:19.70,4,宮川則仁,セ・大宮宮原,4/3,2:42.28,,0.82,"36.82,1:17.37,2:00.13"
No.2,男子,200m自由形,2:04.01,2:08.62,55~59歳,2:19.70,5,塚本幸治,セ・千葉みなと,5/1,2:45.07,,0.83,"37.42,1:18.41,2:01.75"
No.2,男子,200m自由形,2:04.01,2:08.62,55~59歳,2:19.70,6,本間丈博,セ・稲毛海岸,4/4,2:46.45,,0.79,"37.8,1:18.77,2:03.01"
No.2,男子,200m自由形,2:04.01,2:08.62,55~59歳,2:19.70,7,永家一徳,セ・市川,4/2,2:50.69,,0.81,"39.47,1:22.68,2:08.07"
No.2,男子,200m自由形,2:04.01,2:08.62,55~59歳,2:19.70,8,中島茂,セ・s湘南台,3/2,2:57.95,,0.83,"39.76,1:23.52,2:09.85"
No.2,男子,200m自由形,2:04.01,2:08.62,55~59歳,2:19.70,9,近藤正之,セ・上池袋,3/1,3:00.01,,1.03,"38.42,1:22.38,2:10.65"
No.2,男子,200m自由形,2:04.01,2:08.62,55~59歳,2:19.70,10,吉峯幸郎,セ・用賀,3/10,3:03.41,,0.97,"40.97,1:27.18,2:15.89"
No.2,男子,200m自由形,2:04.01,2:08.62,55~59歳,2:19.70,11,高田義久,セ・八王子,3/9,3:08.18,,0.71,"38.7,1:24.99,2:16.59"
No.2,男子,200m自由形,2:04.01,2:08.62,55~59歳,2:19.70,12,大塚秀幸,セ・慶應日吉,2/5,3:11.70,,0.88,"41.03,1:28.24,2:19.54"
No.2,男子,200m自由形,2:04.01,2:08.62,55~59歳,2:19.70,13,萱沼憲司郎,セ・茂原,2/1,3:18.94,,0.91,"44.17,1:34.02,2:28.13"
No.2,男子,200m自由形,2:04.01,2:08.62,55~59歳,2:19.70,14,佐藤流生,セ・天王洲,1/7,3:44.44,,0.97,"47.04,1:41.84,2:43.06"
No.2,男子,200m自由形,1:58.62,2:03.51,50~54歳,2:16.38,1,田窪達,セ・市ヶ尾,8/2,2:14.24,大会新,0.65,"29.41,1:02.63,1:37.28"
No.2,男子,200m自由形,1:58.62,2:03.51,50~54歳,2:16.38,2,山田耕一,セ・清瀬,5/4,2:28.01,,0.75,"34.7,1:12.63,1:51.85"
No.2,男子,200m自由形,1:58.62,2:03.51,50~54歳,2:16.38,3,石上智啓,セ・二俣川,6/9,2:30.76,,0.74,"35.77,1:14.58,1:53.93"
No.2,男子,200m自由形,1:58.62,2:03.51,50~54歳,2:16.38,4,渡部弘一,セ・市川,5/6,2:31.84,,0.77,"33.7,1:13.18,1:53.72"
No.2,男子,200m自由形,1:58.62,2:03.51,50~54歳,2:16.38,5,清田真人,セ・大宮宮原,4/10,2:38.56,,0.67,"36.97,1:18.80,2:00.11"
No.2,男子,200m自由形,1:58.62,2:03.51,50~54歳,2:16.38,6,山田大介,セ・武蔵小杉,5/8,2:38.81,,0.79,"36.98,1:17.10,1:58.16"
No.2,男子,200m自由形,1:58.62,2:03.51,50~54歳,2:16.38,7,渡誠,セ・清瀬,5/9,2:41.61,,0.85,"36.29,1:16.20,2:00.01"
No.2,男子,200m自由形,1:58.62,2:03.51,50~54歳,2:16.38,8,山本英男,セ・大宮宮原,3/6,2:42.25,,0.75,"37.33,1:18.47,2:01.03"
No.2,男子,200m自由形,1:58.62,2:03.51,50~54歳,2:16.38,9,塚越有宏,セ・市ヶ尾,2/6,2:50.97,,0.85,"39.42,1:22.52,2:07.92"
No.2,男子,200m自由形,1:58.62,2:03.51,50~54歳,2:16.38,10,岩崎明,セ・前橋,4/6,2:57.74,,0.92,"40.46,1:25.87,2:13.30"
No.2,男子,200m自由形,1:58.62,2:03.51,50~54歳,2:16.38,11,今井英大,セ・川越,1/1,3:28.62,,1.20,"46.44,1:36.38,2:33.70"
No.2,男子,200m自由形,1:55.39,1:58.36,45~49歳,2:10.91,1,山岡拓馬,セ・清瀬,8/5,2:07.04,大会新,0.71,"28.81,1:01.58,1:35.63"
No.2,男子,200m自由形,1:55.39,1:58.36,45~49歳,2:10.91,2,永瀬知之,セ・二俣川,7/8,2:21.00,,0.77,"31.39,1:07.30,1:44.39"
No.2,男子,200m自由形,1:55.39,1:58.36,45~49歳,2:10.91,3,花井一也,セ・長津田,6/5,2:24.64,,0.69,"33.15,1:08.95,1:47.06"
No.2,男子,200m自由形,1:55.39,1:58.36,45~49歳,2:10.91,4,桐本兼輔,セ・福生,6/1,2:26.80,,0.71,"32.9,1:10.13,1:48.45"
No.2,男子,200m自由形,1:55.39,1:58.36,45~49歳,2:10.91,5,皆川雅登,セ・大宮宮原,6/4,2:38.08,,0.90,"37.11,1:17.41,1:58.96"
No.2,男子,200m自由形,1:55.39,1:58.36,45~49歳,2:10.91,6,齊藤仁,セ・茂原,4/8,2:40.57,,0.70,"35.91,1:15.67,1:58.03"
No.2,男子,200m自由形,1:55.39,1:58.36,45~49歳,2:10.91,7,古屋俊一,セ・ときわ台,5/2,2:52.77,,0.86,"36.03,1:18.60,2:03.87"
No.2,男子,200m自由形,1:55.39,1:58.36,45~49歳,2:10.91,8,志水剛,セ・大宮宮原,1/6,3:16.03,,0.98,"43.17,1:34.49,2:26.44"
No.2,男子,200m自由形,1:55.39,1:58.36,45~49歳,2:10.91,9,櫻井直仁,セ・清瀬,2/8,3:29.04,,1.00,"47.98,1:40.06,2:33.63"
No.2,男子,200m自由形,1:53.65,1:59.07,40~44歳,2:07.37,1,前田崇行,セ・二俣川,8/8,2:13.24,,0.68,"29.5,1:02.90,1:38.52"
No.2,男子,200m自由形,1:53.65,1:59.07,40~44歳,2:07.37,2,石井将太,セ・成瀬,7/4,2:15.46,,0.80,"30.77,1:04.41,1:39.29"
No.2,男子,200m自由形,1:53.65,1:59.07,40~44歳,2:07.37,3,森本祐一,セ・清瀬,7/9,2:19.61,,0.78,"33.15,1:09.28,1:45.04"
No.2,男子,200m自由形,1:53.65,1:59.07,40~44歳,2:07.37,4,大作善祥,セ・柏,6/6,2:29.90,,0.94,"33.58,1:11.14,1:49.98"
No.2,男子,200m自由形,1:53.65,1:59.07,40~44歳,2:07.37,5,田子晃,セ・自由が丘,4/5,2:41.72,,0.80,"36.18,1:16.92,1:59.60"
No.2,男子,200m自由形,1:53.65,1:59.07,40~44歳,2:07.37,6,和田祐児,セ・松戸,3/8,2:54.04,,0.81,"39.16,1:23.65,2:09.03"
No.2,男子,200m自由形,1:51.84,1:51.84,35~39歳,2:03.40,1,高木祥一,セ・武蔵小杉,8/4,2:08.11,,0.76,"29.43,1:01.84,1:35.73"
No.2,男子,200m自由形,1:51.84,1:51.84,35~39歳,2:03.40,2,岩本和也,セ・志木,7/5,2:12.87,,0.70,"30.74,1:04.55,1:39.10"
No.2,男子,200m自由形,1:51.84,1:51.84,35~39歳,2:03.40,3,奥平竜司,セ・武蔵小杉,7/2,2:13.60,,0.65,"29.54,1:02.84,1:38.28"
No.2,男子,200m自由形,1:51.84,1:51.84,35~39歳,2:03.40,4,長田裕史,セ・柏,7/6,2:19.32,,0.65,"32.12,1:07.23,1:43.61"
No.2,男子,200m自由形,1:51.84,1:51.84,35~39歳,2:03.40,5,高津周平,セ・武蔵小杉,7/10,2:23.43,,0.69,"31.2,1:07.66,1:45.27"
No.2,男子,200m自由形,1:51.84,1:51.84,35~39歳,2:03.40,6,浅生真,セ・市川,3/4,2:38.64,,0.76,"34.94,1:13.18,1:55.14"
No.2,男子,200m自由形,1:51.84,1:51.84,35~39歳,2:03.40,7,和田亮,セ・阿佐谷,6/2,2:43.12,,0.78,"35.78,1:15.43,1:59.07"
No.2,男子,200m自由形,1:49.56,1:54.32,30~34歳,2:03.39,1,中西剛,セ・成城,8/7,2:07.68,,0.68,"29.25,1:00.99,1:34.35"
No.2,男子,200m自由形,1:49.56,1:54.32,30~34歳,2:03.39,2,村田健太,セ・二俣川,8/3,2:09.05,,0.69,"29.93,1:02.79,1:36.60"
No.2,男子,200m自由形,1:49.56,1:54.32,30~34歳,2:03.39,3,山田義明,セ・おおたか,1/4,3:01.48,,0.95,"38.83,1:23.12,2:12.83"
No.2,男子,200m自由形,1:50.76,1:53.81,25~29歳,2:02.30,1,小野健,セ・天王洲,8/9,2:11.89,,0.68,"30.2,1:02.74,1:37.06"
No.2,男子,200m自由形,1:50.76,1:53.81,25~29歳,2:02.30,2,泉翔太,セ・葛西,7/7,2:22.32,,0.70,"33.08,1:08.79,1:45.17"
No.2,男子,200m自由形,1:50.76,1:50.21,18~24歳,1:55.00,1,菅原啓,セ・慶應日吉,8/6,2:05.22,,0.72,"28.14,59.89,1:32.84"
No.2,男子,200m自由形,1:50.76,1:50.21,18~24歳,1:55.00,2,黒田大介,セ・成城,8/1,2:10.23,,0.67,"29.02,1:00.81,1:34.82"
No.2,男子,200m自由形,1:50.76,1:50.21,18~24歳,1:55.00,3,柿沼龍史,セ・成城,6/7,2:15.27,,0.62,"29.69,1:03.38,1:38.77"
No.2,男子,200m自由形,1:50.76,1:50.21,18~24歳,1:55.00,4,山浦信,セ・成城,8/10,2:16.61,,0.71,"31.08,1:05.47,1:40.65"
No.2,男子,200m自由形,1:50.76,1:50.21,18~24歳,1:55.00,5,木村隼人,セ・八王子,7/1,2:19.40,,0.64,"28.35,1:01.88,1:39.01"
No.2,男子,200m自由形,1:50.76,1:50.21,18~24歳,1:55.00,6,田中啓二朗,セ・二俣川,7/3,2:19.75,,0.67,"30.96,1:06.15,1:42.78"
No.2,男子,200m自由形,1:50.76,1:50.21,18~24歳,1:55.00,7,日吉将輝,セ・大宮宮原,5/3,2:21.32,,0.71,"30.09,1:04.75,1:42.30"
No.7,女子,200m個人メドレ-,3:53.63,4:07.83,80~84歳,5:04.74,1,小野洋子,セ・我孫子,1/3,5:29.40,,1.05,"1:07.51,2:30.91,4:19.13"
No.7,女子,200m個人メドレ-,3:21.84,3:32.94,75~79歳,4:12.78,1,大山恵子,セ・葛西,2/5,4:01.15,大会新,0.79,"47.02,1:57.53,3:08.36"
No.7,女子,200m個人メドレ-,3:00.96,3:13.19,70~74歳,3:38.48,1,青木華世子,セ・松戸,4/8,3:34.64,大会新,0.81,"46.03,1:41.41,2:46.04"
No.7,女子,200m個人メドレ-,3:00.96,3:13.19,70~74歳,3:38.48,2,菅和江,セ・戸塚,2/7,4:26.19,,1.05,"1:01.63,2:09.18,3:28.25"
No.7,女子,200m個人メドレ-,3:00.96,3:13.19,70~74歳,3:38.48,3,松木真知子,セ・ときわ台,1/7,4:56.87,,0.97,"1:15.29,2:34.52,3:48.87"
No.7,女子,200m個人メドレ-,3:00.96,3:13.19,70~74歳,3:38.48,4,菅井道子,セ・戸塚,2/8,5:12.77,,1.17,"1:15.11,2:42.35,4:03.39"
No.7,女子,200m個人メドレ-,2:51.52,3:11.94,65~69歳,3:33.12,1,森谷登志江,セ・慶應日吉,3/5,3:46.97,,0.88,"53.18,1:51.88,2:56.38"
No.7,女子,200m個人メドレ-,2:51.52,3:11.94,65~69歳,3:33.12,2,井手敦子,セ・慶應日吉,3/7,3:50.01,,1.01,"53.94,1:54.00,3:00.80"
No.7,女子,200m個人メドレ-,2:51.52,3:11.94,65~69歳,3:33.12,3,育村博子,セ・おおたか,3/2,4:02.06,,0.96,"59.78,2:06.76,3:11.39"
No.7,女子,200m個人メドレ-,2:51.52,3:11.94,65~69歳,3:33.12,4,福森公子,セ・育見台,3/1,4:07.74,,1.00,"56.43,2:04.56,3:12.60"
No.7,女子,200m個人メドレ-,2:51.52,3:11.94,65~69歳,3:33.12,5,相馬絹代,セ・溝ノ口,3/3,4:18.14,,0.79,"59.38,2:06.88,3:17.98"
No.7,女子,200m個人メドレ-,2:51.52,3:11.94,65~69歳,3:33.12,6,日和久美子,セ・戸塚,2/3,4:24.59,,0.96,"1:04.83,2:15.04,3:29.01"
No.7,女子,200m個人メドレ-,2:51.52,3:11.94,65~69歳,3:33.12,7,太田初美,セ・越谷,2/4,4:29.68,,0.85,"57.58,2:06.67,3:17.77"
No.7,女子,200m個人メドレ-,2:51.52,3:11.94,65~69歳,3:33.12,8,近藤みゆき,セ・阿佐谷,1/6,4:49.41,,0.70,"1:11.42,2:26.70,3:44.40"
No.7,女子,200m個人メドレ-,2:34.27,2:57.05,60~64歳,3:20.19,1,野島久枝,セ・二俣川,4/4,3:23.34,,0.82,"47.93,1:42.47,2:37.96"
No.7,女子,200m個人メドレ-,2:34.27,2:57.05,60~64歳,3:20.19,2,上野真弓,セ・二俣川,4/9,3:43.13,,0.93,"49.93,1:43.89,2:53.11"
No.7,女子,200m個人メドレ-,2:34.27,2:57.05,60~64歳,3:20.19,3,高松早智子,セ・南宇都宮,3/4,3:44.63,,0.76,"50.17,1:49.02,2:53.85"
No.7,女子,200m個人メドレ-,2:34.27,2:57.05,60~64歳,3:20.19,4,渡部美紀,セ・育見台,3/6,3:55.69,,1.11,"56.9,1:54.71,3:01.76"
No.7,女子,200m個人メドレ-,2:34.27,2:57.05,60~64歳,3:20.19,5,盛田真規子,セ・二俣川,3/9,4:04.55,,0.76,"1:01.29,2:03.61,3:12.09"
No.7,女子,200m個人メドレ-,2:34.27,2:57.05,60~64歳,3:20.19,6,増子保子,セ・蘇我,1/5,4:32.56,,0.94,"1:08.08,2:22.41,3:32.30"
No.7,女子,200m個人メドレ-,2:31.51,2:48.18,55~59歳,2:51.38,1,角南美貴,セ・我孫子,3/8,4:02.82,,0.73,"51.5,1:54.80,3:00.47"
No.7,女子,200m個人メドレ-,2:31.51,2:48.18,55~59歳,2:51.38,2,山口仁子,セ・上池袋,2/6,4:13.87,,,"59.94,2:09.96,3:24.65"
No.7,女子,200m個人メドレ-,2:31.02,2:39.26,50~54歳,2:54.21,1,広瀬百合香,セ・戸塚,5/7,2:54.88,,0.67,"36.19,1:20.50,2:13.99"
No.7,女子,200m個人メドレ-,2:31.02,2:39.26,50~54歳,2:54.21,2,鎌田和代,セ・千葉みなと,4/5,3:12.10,,0.77,"41.13,1:30.78,2:27.65"
No.7,女子,200m個人メドレ-,2:31.02,2:39.26,50~54歳,2:54.21,3,大島江理子,セ・大森,4/3,3:28.78,,0.76,"43.88,1:41.61,2:42.46"
No.7,女子,200m個人メドレ-,2:31.02,2:39.26,50~54歳,2:54.21,4,白須靖子,セ・市ヶ尾,4/10,3:37.66,,0.79,"51.1,1:51.17,2:48.37"
No.7,女子,200m個人メドレ-,2:31.02,2:39.26,50~54歳,2:54.21,5,小田桐知子,セ・志木,4/2,3:50.90,,1.08,"46.03,1:51.77,2:56.51"
No.7,女子,200m個人メドレ-,2:21.37,2:32.81,45~49歳,2:49.83,1,羽田文,セ・成城,5/8,3:06.87,,0.80,"40.13,1:26.83,2:22.19"
No.7,女子,200m個人メドレ-,2:21.37,2:32.81,45~49歳,2:49.83,2,青山里香,セ・成瀬,5/10,3:14.43,,0.94,"44.95,1:30.39,2:30.95"
No.7,女子,200m個人メドレ-,2:21.37,2:32.81,45~49歳,2:49.83,3,佐藤桂子,セ・横浜,4/1,3:46.56,,0.81,"48.1,1:50.08,2:56.57"
No.7,女子,200m個人メドレ-,2:21.37,2:32.81,45~49歳,2:49.83,4,赤坂恵美子,セ・志木,3/10,4:09.60,,0.91,"51.04,1:55.59,3:07.78"
No.7,女子,200m個人メドレ-,2:25.03,2:30.15,40~44歳,2:44.54,1,山田未紗子,セ・越谷,4/6,3:16.66,,0.80,"41.9,1:36.27,2:30.49"
No.7,女子,200m個人メドレ-,2:13.89,2:19.28,30~34歳,2:27.06,1,長谷川恵,セ・阿佐谷,5/3,2:53.41,,0.83,"37.94,1:23.84,2:13.08"
No.7,女子,200m個人メドレ-,2:20.71,2:20.71,25~29歳,2:30.52,1,竹下菜々美,セ・二俣川,5/4,2:43.86,,0.70,"33.85,1:15.68,2:06.21"
No.7,女子,200m個人メドレ-,2:20.71,2:20.71,25~29歳,2:30.52,2,遠藤桃,セ・越谷,5/2,2:48.44,,0.86,"33.68,1:18.64,2:06.69"
No.7,女子,200m個人メドレ-,2:20.71,2:20.71,25~29歳,2:30.52,3,石井理桜子,セ・市川,5/1,3:01.46,,0.70,"36.78,1:24.77,2:17.34"
No.7,女子,200m個人メドレ-,2:20.71,2:20.71,25~29歳,2:30.52,4,嶋田菜々子,セ・おおたか,5/9,3:12.07,,0.69,"39.94,1:27.11,2:25.06"
No.7,女子,200m個人メドレ-,2:20.71,2:20.71,25~29歳,2:30.52,5,足立知実,セ・平塚,4/7,3:21.03,,0.72,"42.11,1:34.69,2:33.07"
No.7,女子,200m個人メドレ-,2:20.71,2:23.20,18~24歳,2:28.28,1,竹山睦月,セ・南青山,5/5,2:37.25,,0.64,"32.63,1:16.31,1:59.47"
No.7,女子,200m個人メドレ-,2:20.71,2:23.20,18~24歳,2:28.28,2,髙﨑優奈,セ・清瀬,5/6,2:42.89,,0.73,"33.06,1:12.75,2:02.36"
No.8,男子,200m個人メドレ-,2:53.12,3:09.33,75~79歳,3:25.77,1,木津誠,セ・成城,2/8,3:27.10,,0.84,"44.39,1:40.42,2:41.87"
No.8,男子,200m個人メドレ-,2:53.12,3:09.33,75~79歳,3:25.77,2,白井清嗣,セ・大宮宮原,1/8,4:18.78,,0.92,"57.43,2:13.11,3:24.41"
No.8,男子,200m個人メドレ-,2:53.12,3:09.33,75~79歳,3:25.77,3,伴野保志,セ・阿佐谷,1/2,4:48.12,,1.24,"1:07.47,2:26.88,3:38.77"
No.8,男子,200m個人メドレ-,2:35.97,2:49.11,70~74歳,3:21.08,1,菱沼和男,セ・葛西,1/7,4:00.95,,0.94,"57.12,2:02.92,3:11.86"
No.8,男子,200m個人メドレ-,2:25.22,2:40.00,65~69歳,2:48.85,1,齋藤博憲,ザノス鶴見,1/5,3:30.31,,1.12,"45.24,1:46.07,2:46.63"
No.8,男子,200m個人メドレ-,2:21.99,2:29.47,60~64歳,2:39.43,1,渡部佳彦,セ・市川,4/5,2:45.96,,0.73,"33.68,1:18.09,2:07.98"
No.8,男子,200m個人メドレ-,2:21.99,2:29.47,60~64歳,2:39.43,2,久保田勝己,セ・阿佐谷,2/5,3:20.51,,0.81,"43.31,1:36.58,2:37.50"
No.8,男子,200m個人メドレ-,2:21.99,2:29.47,60~64歳,2:39.43,3,小池輝明,セ・武蔵小杉,2/4,3:23.13,,0.90,"44.36,1:43.07,2:34.63"
No.8,男子,200m個人メドレ-,2:21.99,2:29.47,60~64歳,2:39.43,4,大塚克,セ・市川,2/6,3:27.32,,0.74,"43.24,1:38.10,2:35.14"
No.8,男子,200m個人メドレ-,2:21.99,2:29.47,60~64歳,2:39.43,5,近江信之,セ・武蔵小杉,2/2,3:28.76,,0.95,"45.55,1:41.71,2:42.96"
No.8,男子,200m個人メドレ-,2:21.99,2:29.47,60~64歳,2:39.43,6,小島淳,セ・柏,1/3,3:30.84,,0.78,"48.15,1:43.79,2:44.41"
No.8,男子,200m個人メドレ-,2:21.99,2:29.47,60~64歳,2:39.43,7,横山恵一,セ・越谷,2/9,3:31.69,,0.87,"46.61,1:43.99,2:43.79"
No.8,男子,200m個人メドレ-,2:21.99,2:29.47,60~64歳,2:39.43,8,二宮博,セ・横浜,1/4,3:47.11,,0.82,"43.13,1:48.93,2:53.29"
No.8,男子,200m個人メドレ-,2:20.67,2:26.24,55~59歳,2:36.80,1,小倉秀和,セ・清瀬,4/6,2:46.13,,0.83,"33.33,1:17.15,2:08.32"
No.8,男子,200m個人メドレ-,2:20.67,2:26.24,55~59歳,2:36.80,2,高田義久,セ・八王子,2/7,3:28.11,,0.72,"39.79,1:38.74,2:36.73"
No.8,男子,200m個人メドレ-,2:11.15,2:20.54,50~54歳,2:32.41,1,中村良樹,セ・武蔵小杉,5/1,2:42.88,,0.69,"33.32,1:15.88,2:04.71"
No.8,男子,200m個人メドレ-,2:11.15,2:20.54,50~54歳,2:32.41,2,長野三郎,セ・千葉みなと,5/9,2:45.79,,0.75,"33.1,1:14.78,2:05.39"
No.8,男子,200m個人メドレ-,2:11.15,2:20.54,50~54歳,2:32.41,3,渡部弘一,セ・市川,3/4,2:48.93,,0.77,"32.06,1:17.21,2:10.18"
No.8,男子,200m個人メドレ-,2:11.15,2:20.54,50~54歳,2:32.41,4,柄澤英也,セ・用賀,4/7,2:50.71,,0.65,"35.9,1:21.40,2:12.71"
No.8,男子,200m個人メドレ-,2:11.15,2:20.54,50~54歳,2:32.41,5,村上政行,セ・武蔵小杉,4/8,2:51.57,,0.88,"37.55,1:25.57,2:11.62"
No.8,男子,200m個人メドレ-,2:11.15,2:20.54,50~54歳,2:32.41,6,北村洋一,セ・大森,4/1,2:54.54,,0.63,"36.73,1:22.64,2:12.00"
No.8,男子,200m個人メドレ-,2:11.15,2:20.54,50~54歳,2:32.41,7,平田博之,セ・ときわ台,3/6,2:59.51,,0.90,"36.87,1:23.83,2:18.03"
No.8,男子,200m個人メドレ-,2:11.15,2:20.54,50~54歳,2:32.41,8,成島毅,セ・F宇都宮,3/9,3:03.56,,0.76,"37.42,1:28.60,2:21.76"
No.8,男子,200m個人メドレ-,2:11.15,2:20.54,50~54歳,2:32.41,9,祖川久茂,セ・長津田,3/8,3:06.01,,0.72,"37.13,1:30.88,2:20.47"
No.8,男子,200m個人メドレ-,2:11.15,2:20.54,50~54歳,2:32.41,10,渡誠,セ・清瀬,3/2,3:08.12,,0.91,"43.91,1:31.21,2:26.01"
No.8,男子,200m個人メドレ-,2:11.15,2:20.54,50~54歳,2:32.41,11,佐々木栄一,G-SPA,3/3,3:19.57,,0.78,"40.47,1:30.75,2:31.27"
No.8,男子,200m個人メドレ-,2:11.15,2:20.54,50~54歳,2:32.41,12,大川明徳,セ・阿佐谷,1/6,3:33.90,,1.02,"39.41,1:41.23,2:44.63"
No.8,男子,200m個人メドレ-,2:10.09,2:16.32,45~49歳,2:19.57,1,羽田浩一,セ・成城,5/6,2:42.73,,0.77,"32.65,1:15.92,2:02.96"
No.8,男子,200m個人メドレ-,2:10.09,2:16.32,45~49歳,2:19.57,2,桐本兼輔,セ・福生,4/10,2:45.29,,0.70,"32.16,1:16.64,2:06.38"
No.8,男子,200m個人メドレ-,2:10.09,2:16.32,45~49歳,2:19.57,3,長谷川仁,セ・南千住,4/4,2:47.77,,0.73,"34.62,1:16.20,2:09.45"
No.8,男子,200m個人メドレ-,2:10.09,2:16.32,45~49歳,2:19.57,4,皆川雅登,セ・大宮宮原,5/4,2:51.11,,0.79,"35.78,1:23.02,2:11.82"
No.8,男子,200m個人メドレ-,2:10.09,2:16.32,45~49歳,2:19.57,5,渡邊忠幸,セ・南宇都宮,4/2,2:53.55,,0.71,"33.18,1:18.68,2:10.72"
No.8,男子,200m個人メドレ-,2:10.09,2:16.32,45~49歳,2:19.57,6,齊藤仁,セ・茂原,3/10,3:01.35,,0.71,"36.62,1:22.37,2:17.17"
No.8,男子,200m個人メドレ-,2:10.09,2:16.32,45~49歳,2:19.57,7,大沢祐輔,セ・福生,3/1,3:18.10,,0.66,"39.99,1:32.44,2:26.81"
No.8,男子,200m個人メドレ-,2:08.63,2:13.76,40~44歳,2:20.44,1,大窪康治,セ・清瀬,5/8,2:24.42,,0.74,"29.97,1:05.82,1:47.61"
No.8,男子,200m個人メドレ-,2:08.63,2:13.76,40~44歳,2:20.44,2,棚網宏之,セ・阿佐谷,6/8,2:34.15,,0.67,"32.49,1:11.42,1:56.43"
No.8,男子,200m個人メドレ-,2:08.63,2:13.76,40~44歳,2:20.44,3,大作善祥,セ・柏,5/2,2:40.69,,0.87,"34.81,1:21.44,2:02.47"
No.8,男子,200m個人メドレ-,2:08.63,2:13.76,40~44歳,2:20.44,4,図師拓千,セ・市ヶ尾,5/10,2:43.56,,0.64,"33.86,1:18.04,2:09.91"
No.8,男子,200m個人メドレ-,2:08.63,2:13.76,40~44歳,2:20.44,5,植木秀志,セ・久喜,4/3,2:43.63,,0.63,"30.73,1:15.79,2:05.81"
No.8,男子,200m個人メドレ-,2:08.63,2:13.76,40~44歳,2:20.44,6,和田祐児,セ・松戸,2/3,3:19.48,,0.91,"42.21,1:39.63,2:35.34"
No.8,男子,200m個人メドレ-,2:05.65,2:08.72,35~39歳,2:17.09,1,浅生真,セ・市川,4/9,2:52.32,,0.78,"35.35,1:22.28,2:10.39"
No.8,男子,200m個人メドレ-,2:02.18,2:07.47,30~34歳,2:17.41,1,村田健太,セ・二俣川,6/6,2:26.19,,0.74,"31.27,1:10.89,1:53.48"
No.8,男子,200m個人メドレ-,2:02.18,2:07.47,30~34歳,2:17.41,2,土屋大貴,セ・平塚,5/5,2:29.32,,0.64,"29.98,1:09.87,1:54.94"
No.8,男子,200m個人メドレ-,2:02.18,2:07.47,30~34歳,2:17.41,3,石井孟,セ・葛西,5/7,2:38.22,,0.67,"29.73,1:12.63,1:57.02"
No.8,男子,200m個人メドレ-,2:03.62,2:04.41,25~29歳,2:10.44,1,今里昂哉,セ・清瀬,6/4,2:20.70,,0.77,"28.63,1:05.40,1:45.30"
No.8,男子,200m個人メドレ-,2:03.62,2:04.41,25~29歳,2:10.44,2,小野健,セ・天王洲,6/3,2:29.19,,0.66,"30.16,1:11.06,1:54.37"
No.8,男子,200m個人メドレ-,2:03.62,2:04.41,25~29歳,2:10.44,3,佐々木天太,セ・用賀,6/2,2:45.25,,0.78,"32.45,1:14.08,2:00.71"
No.8,男子,200m個人メドレ-,2:03.62,2:04.90,18~24歳,2:08.80,1,相原健吾,セ・目黒,6/9,2:23.84,,0.68,"29.3,1:08.16,1:48.33"
No.8,男子,200m個人メドレ-,2:03.62,2:04.90,18~24歳,2:08.80,2,和澤情,セ・八王子,6/7,2:25.11,,0.70,"29.23,1:07.60,1:51.43"
No.8,男子,200m個人メドレ-,2:03.62,2:04.90,18~24歳,2:08.80,3,田中壮一郎,セ・二俣川,6/1,2:28.80,,0.77,"28.81,1:07.50,1:50.82"
No.8,男子,200m個人メドレ-,2:03.62,2:04.90,18~24歳,2:08.80,4,山浦信,セ・成城,6/5,2:29.74,,0.74,"32.62,1:13.43,1:54.50"
No.8,男子,200m個人メドレ-,2:03.62,2:04.90,18~24歳,2:08.80,5,南里輝,セ・蒲田,5/3,2:34.79,,0.58,"31.32,1:12.61,1:56.60"
No.8,男子,200m個人メドレ-,2:03.62,2:04.90,18~24歳,2:08.80,6,萩原裕大,セ・清瀬,6/10,2:37.44,,0.59,"31.32,1:09.78,1:57.41"
No.8,男子,200m個人メドレ-,2:03.62,2:04.90,18~24歳,2:08.80,7,村田雅治,セ・長津田,3/7,2:47.55,,0.65,"31.32,1:14.21,2:03.37"
No.9,女子,100m自由形,1:27.42,1:27.42,85~89歳,1:45.73,1,平田美佐子,セ・天王洲,1/7,2:17.12,,1.22,1:03.02
No.9,女子,100m自由形,1:23.16,1:23.16,80~84歳,1:38.81,1,八田清子,セ・松戸,5/5,1:44.17,,0.72,47.26
No.9,女子,100m自由形,1:23.16,1:23.16,80~84歳,1:38.81,2,安澤イソ子,セ・市ヶ尾,2/8,2:00.41,,0.90,55.1
No.9,女子,100m自由形,1:23.16,1:23.16,80~84歳,1:38.81,3,永島郁子,ザノス鶴見,2/3,2:03.17,,0.98,59.84
No.9,女子,100m自由形,1:23.16,1:23.16,80~84歳,1:38.81,4,武藤治子,セ・二俣川,1/2,2:05.95,,,59.06
No.9,女子,100m自由形,1:23.16,1:23.16,80~84歳,1:38.81,5,舘野圭子,セ・用賀,1/5,2:09.80,,0.90,1:02.43
No.9,女子,100m自由形,1:23.16,1:23.16,80~84歳,1:38.81,6,久保美紀枝,セ・流山,3/9,2:10.06,,1.15,58.06
No.9,女子,100m自由形,1:17.38,1:19.71,75~79歳,1:36.96,1,宇田川礼子,セ・我孫子,3/5,1:45.14,,1.10,49.04
No.9,女子,100m自由形,1:17.38,1:19.71,75~79歳,1:36.96,2,竹原君枝,セ・慶應日吉,4/5,1:45.59,,1.14,51.36
No.9,女子,100m自由形,1:17.38,1:19.71,75~79歳,1:36.96,3,内田良子,セ・用賀,5/8,1:45.92,,0.83,51.87
No.9,女子,100m自由形,1:17.38,1:19.71,75~79歳,1:36.96,4,岡田まり子,cs南行徳,5/7,1:46.09,,0.97,49.67
No.9,女子,100m自由形,1:17.38,1:19.71,75~79歳,1:36.96,5,松木弘美,セ・志木,3/7,1:51.47,,0.74,51.73
No.9,女子,100m自由形,1:17.38,1:19.71,75~79歳,1:36.96,6,大手佳江,セ・南千住,2/5,2:03.18,,1.17,58.61
No.9,女子,100m自由形,1:17.38,1:19.71,75~79歳,1:36.96,7,安部澄子,セ・我孫子,1/3,2:05.25,,,56.88
No.9,女子,100m自由形,1:17.38,1:19.71,75~79歳,1:36.96,8,後藤節子,セ・松戸,2/7,2:10.30,,1.04,1:00.51
No.9,女子,100m自由形,1:06.68,1:14.28,70~74歳,1:21.82,1,原田岳美,セ・藤沢,9/2,1:27.82,,0.76,41.71
No.9,女子,100m自由形,1:06.68,1:14.28,70~74歳,1:21.82,2,中平信子,セ・成瀬,8/7,1:29.11,,0.87,41.71
No.9,女子,100m自由形,1:06.68,1:14.28,70~74歳,1:21.82,3,吉野治子,セ・成城,8/5,1:31.97,,0.78,42.87
No.9,女子,100m自由形,1:06.68,1:14.28,70~74歳,1:21.82,4,後藤明美,セ・天王洲,4/4,1:33.48,,0.96,46.39
No.9,女子,100m自由形,1:06.68,1:14.28,70~74歳,1:21.82,5,近藤ひな子,セ・二俣川,8/4,1:34.05,,1.03,44.35
No.9,女子,100m自由形,1:06.68,1:14.28,70~74歳,1:21.82,6,舛尾妃呂子,セ・稲毛海岸,5/2,1:35.37,,0.91,46.1
No.9,女子,100m自由形,1:06.68,1:14.28,70~74歳,1:21.82,7,青砥美智子,セ・葛西,8/3,1:36.78,,0.93,46.3
No.9,女子,100m自由形,1:06.68,1:14.28,70~74歳,1:21.82,8,伊藤幸英,ザノス鶴見,6/8,1:40.10,,1.03,48.55
No.9,女子,100m自由形,1:06.68,1:14.28,70~74歳,1:21.82,9,清水裕子,セ・二俣川,3/6,1:40.57,,0.92,49.1
No.9,女子,100m自由形,1:06.68,1:14.28,70~74歳,1:21.82,10,相澤史子,セ・松戸,6/4,1:41.35,,0.78,48.15
No.9,女子,100m自由形,1:06.68,1:14.28,70~74歳,1:21.82,11,大熊正子,セ・桶川北本,5/6,1:45.28,,0.86,48.37
No.9,女子,100m自由形,1:06.68,1:14.28,70~74歳,1:21.82,12,宮内佳代子,セ・トレッサ,4/1,1:52.24,,0.82,51.15
No.9,女子,100m自由形,1:06.68,1:14.28,70~74歳,1:21.82,13,富樫博子,セ・大森,3/1,1:57.82,,1.63,52.45
No.9,女子,100m自由形,1:06.68,1:14.28,70~74歳,1:21.82,14,于亜芝,セ・南千住,5/9,2:00.02,,1.02,55.76
No.9,女子,100m自由形,1:06.68,1:14.28,70~74歳,1:21.82,15,長谷川節子,セ・天王洲,2/6,2:06.28,,0.90,1:00.32
No.9,女子,100m自由形,1:06.68,1:14.28,70~74歳,1:21.82,16,友野敬子,セ・館山,1/4,2:13.72,,1.03,1:03.36
No.9,女子,100m自由形,1:04.89,1:13.05,65~69歳,1:18.83,1,菅野泰子,セ・葛西,9/5,1:20.91,,0.76,39.81
No.9,女子,100m自由形,1:04.89,1:13.05,65~69歳,1:18.83,2,野島正代,セ・阿佐谷,9/9,1:25.91,,0.84,41.06
No.9,女子,100m自由形,1:04.89,1:13.05,65~69歳,1:18.83,3,山﨑京子,セ・横浜,9/8,1:29.91,,0.96,43.64
No.9,女子,100m自由形,1:04.89,1:13.05,65~69歳,1:18.83,4,川久保ちづる,ザノス川崎,7/10,1:33.01,,0.89,42.31
No.9,女子,100m自由形,1:04.89,1:13.05,65~69歳,1:18.83,5,井上美佐子,セ・大森,4/10,1:37.17,,0.76,44.08
No.9,女子,100m自由形,1:04.89,1:13.05,65~69歳,1:18.83,6,古宇田淳子,セ・南千住,7/4,1:37.74,,0.77,46.33
No.9,女子,100m自由形,1:04.89,1:13.05,65~69歳,1:18.83,7,五月女美幸,セ・宇都宮,6/3,1:38.04,,1.01,47.38
No.9,女子,100m自由形,1:04.89,1:13.05,65~69歳,1:18.83,8,久松葉子,セ・成瀬,7/6,1:38.08,,1.17,47.6
No.9,女子,100m自由形,1:04.89,1:13.05,65~69歳,1:18.83,9,杉山規子,セ・川越,4/3,1:39.89,,0.89,49.31
No.9,女子,100m自由形,1:04.89,1:13.05,65~69歳,1:18.83,10,光畑千栄子,セ・成瀬,6/9,1:41.19,,0.97,48.26
No.9,女子,100m自由形,1:04.89,1:13.05,65~69歳,1:18.83,11,臼井希代子,セ・大宮宮原,8/10,1:41.92,,1.14,47.8
No.9,女子,100m自由形,1:04.89,1:13.05,65~69歳,1:18.83,12,石崎節代,セ・南千住,6/2,1:44.12,,1.03,48.97
No.9,女子,100m自由形,1:04.89,1:13.05,65~69歳,1:18.83,13,関矢秀子,セ・大宮宮原,3/3,1:47.79,,1.07,48.66
No.9,女子,100m自由形,1:04.89,1:13.05,65~69歳,1:18.83,14,譲原恵子,セ・我孫子,4/9,1:48.34,,1.05,51.6
No.9,女子,100m自由形,1:04.89,1:13.05,65~69歳,1:18.83,15,下川喜美枝,セ・南千住,6/7,1:48.44,,0.91,51.39
No.9,女子,100m自由形,1:04.89,1:13.05,65~69歳,1:18.83,16,松浦敏子,セ・我孫子,3/8,1:49.99,,0.99,49.35
No.9,女子,100m自由形,1:04.89,1:13.05,65~69歳,1:18.83,17,宮原美穂,セ・福生,5/3,1:52.05,,0.81,52.44
No.9,女子,100m自由形,1:04.89,1:13.05,65~69歳,1:18.83,18,中島初美,セ・大森,3/10,1:54.95,,1.24,53.31
No.9,女子,100m自由形,1:03.83,1:07.78,60~64歳,1:11.31,1,永瀬秀子,セ・二俣川,11/2,1:13.83,,0.82,35.28
No.9,女子,100m自由形,1:03.83,1:07.78,60~64歳,1:11.31,2,西井良子,セ・福生,10/8,1:14.51,,0.73,35.46
No.9,女子,100m自由形,1:03.83,1:07.78,60~64歳,1:11.31,3,石原なおみ,セ・阿佐谷,11/1,1:20.22,,0.80,37.54
No.9,女子,100m自由形,1:03.83,1:07.78,60~64歳,1:11.31,4,高橋久美,セ・市川,9/7,1:26.12,,0.74,40.92
No.9,女子,100m自由形,1:03.83,1:07.78,60~64歳,1:11.31,5,福原美奈,セ・稲毛海岸,9/3,1:29.02,,0.77,41.33
No.9,女子,100m自由形,1:03.83,1:07.78,60~64歳,1:11.31,6,高松早智子,セ・南宇都宮,8/1,1:29.17,,0.82,42.71
No.9,女子,100m自由形,1:03.83,1:07.78,60~64歳,1:11.31,7,野崎由美子,セ・おおたか,7/5,1:32.01,,0.95,44.98
No.9,女子,100m自由形,1:03.83,1:07.78,60~64歳,1:11.31,8,茂櫛典子,セ・成城,6/5,1:32.03,,0.72,44.6
No.9,女子,100m自由形,1:03.83,1:07.78,60~64歳,1:11.31,9,細見あけみ,セ・千葉みなと,5/1,1:33.06,,0.83,44.63
No.9,女子,100m自由形,1:03.83,1:07.78,60~64歳,1:11.31,10,加藤雅弓,セ・新都心,7/7,1:36.11,,1.20,45.64
No.9,女子,100m自由形,1:03.83,1:07.78,60~64歳,1:11.31,11,佐々木れい,セ・志木,4/6,1:40.52,,0.83,48.58
No.9,女子,100m自由形,1:03.83,1:07.78,60~64歳,1:11.31,12,久保とし子,セ・長津田,6/6,1:45.63,,1.08,48.38
No.9,女子,100m自由形,1:01.87,1:05.21,55~59歳,1:10.06,1,篠原理恵,セ・南宇都宮,11/8,1:14.24,,0.66,35.21
No.9,女子,100m自由形,1:01.87,1:05.21,55~59歳,1:10.06,2,前畑章子,セ・慶應日吉,10/4,1:17.36,,0.77,36.57
No.9,女子,100m自由形,1:01.87,1:05.21,55~59歳,1:10.06,3,西田三佐子,セ・大宮宮原,8/6,1:25.67,,0.67,41.5
No.9,女子,100m自由形,1:01.87,1:05.21,55~59歳,1:10.06,4,小倉直美,セ・清瀬,7/8,1:26.95,,0.82,39.96
No.9,女子,100m自由形,1:01.87,1:05.21,55~59歳,1:10.06,5,小林弘子,ザノス鶴見,10/7,1:27.36,,0.97,40.5
No.9,女子,100m自由形,1:01.87,1:05.21,55~59歳,1:10.06,6,佐藤直子,セ・我孫子,6/1,1:37.54,,0.76,42.82
No.9,女子,100m自由形,1:01.87,1:05.21,55~59歳,1:10.06,7,鈴木夏実,セ・慶應日吉,7/3,1:38.51,,1.00,46.92
No.9,女子,100m自由形,1:01.87,1:05.21,55~59歳,1:10.06,8,冨樫真樹子,セ・用賀,4/2,1:38.86,,0.76,45.91
No.9,女子,100m自由形,1:01.87,1:05.21,55~59歳,1:10.06,9,下段千寿子,セ・越谷,4/8,1:43.45,,0.84,47.13
No.9,女子,100m自由形,1:01.87,1:05.21,55~59歳,1:10.06,10,佐々木タ子,セ・市ヶ尾,4/7,1:52.34,,0.99,53.97
No.9,女子,100m自由形,1:01.87,1:05.21,55~59歳,1:10.06,11,日置睦,セ・我孫子,2/2,1:55.17,,0.89,53.2
No.9,女子,100m自由形,1:01.87,1:05.21,55~59歳,1:10.06,12,飯田美奈子,セ・西新井,2/4,2:19.53,,1.15,1:03.91
No.9,女子,100m自由形,1:00.40,1:03.99,50~54歳,1:06.25,1,杉本浩美,セ・南千住,11/4,1:11.43,,0.73,
No.9,女子,100m自由形,1:00.40,1:03.99,50~54歳,1:06.25,2,佐々木美佐,セ・平塚,11/6,1:13.87,,0.84,34.98
No.9,女子,100m自由形,1:00.40,1:03.99,50~54歳,1:06.25,3,原田佳子,セ・葛西,11/5,1:14.10,,0.74,34.82
No.9,女子,100m自由形,1:00.40,1:03.99,50~54歳,1:06.25,4,石井紀美子,セ・s湘南台,10/3,1:22.21,,0.72,37.44
No.9,女子,100m自由形,1:00.40,1:03.99,50~54歳,1:06.25,5,酒井貴代,セ・大森,7/9,1:29.71,,0.74,41.24
No.9,女子,100m自由形,1:00.40,1:03.99,50~54歳,1:06.25,6,捶井泰子,セ・用賀,8/8,1:34.71,,0.87,45.12
No.9,女子,100m自由形,1:00.40,1:03.99,50~54歳,1:06.25,7,津田千鶴,セ・育見台,8/2,1:35.07,,0.95,46.81
No.9,女子,100m自由形,1:00.40,1:03.99,50~54歳,1:06.25,8,中村奈穂美,セ・越谷,5/10,1:35.86,,0.91,43.64
No.9,女子,100m自由形,1:00.40,1:03.99,50~54歳,1:06.25,9,北瀬あづさ,セ・市ヶ尾,7/2,1:37.15,,0.77,48.93
No.9,女子,100m自由形,57.4,1:03.18,45~49歳,1:08.19,1,佐々木彩,セ・成城,12/1,1:11.26,,0.70,32.99
No.9,女子,100m自由形,57.4,1:03.18,45~49歳,1:08.19,2,木村美佐子,セ・南宇都宮,12/10,1:12.83,,0.79,35.27
No.9,女子,100m自由形,57.4,1:03.18,45~49歳,1:08.19,3,飯澤美香,セ・我孫子,9/1,1:17.56,,0.80,37.09
No.9,女子,100m自由形,57.4,1:03.18,45~49歳,1:08.19,4,小室桃子,セ・八王子,10/6,1:18.34,,0.87,35.38
No.9,女子,100m自由形,57.4,1:03.18,45~49歳,1:08.19,5,手島幸恵,セ・藤沢,7/1,1:18.78,,0.96,37.24
No.9,女子,100m自由形,57.4,1:03.18,45~49歳,1:08.19,6,藤本淑恵,セ・平塚,9/4,1:24.74,,0.91,40.32
No.9,女子,100m自由形,57.4,1:03.18,45~49歳,1:08.19,7,福本麻美,セ・慶應日吉,9/6,1:24.92,,0.84,40.18
No.9,女子,100m自由形,57.4,1:03.18,45~49歳,1:08.19,8,細沼悦子,セ・越谷,8/9,1:25.25,,0.92,42.42
No.9,女子,100m自由形,58.04,1:02.15,40~44歳,1:06.24,1,四井美穂,セ・天王洲,10/2,1:16.33,,0.80,35.56
No.9,女子,100m自由形,58.04,1:02.15,40~44歳,1:06.24,2,小野真佐子,セ・阿佐谷,10/5,1:18.48,,0.81,36.55
No.9,女子,100m自由形,58.04,1:02.15,40~44歳,1:06.24,3,宮林佑妃,セ・長津田,10/10,1:20.29,,0.91,37.69
No.9,女子,100m自由形,58.04,1:02.15,40~44歳,1:06.24,4,冨永結衣子,セ・大森,10/1,1:24.72,,0.80,38.77
No.9,女子,100m自由形,58.04,1:02.15,40~44歳,1:06.24,5,井島孝子,セ・天王洲,5/4,1:36.90,,1.20,48.8
No.9,女子,100m自由形,57.38,58.87,35~39歳,1:03.35,1,川北恵,セ・長津田,12/4,1:06.31,,0.70,31.23
No.9,女子,100m自由形,57.38,58.87,35~39歳,1:03.35,2,田中美鈴,セ・武蔵小杉,12/7,1:08.34,,0.76,33.04
No.9,女子,100m自由形,57.38,58.87,35~39歳,1:03.35,3,宮下奏子,セ・市ヶ尾,11/9,1:10.41,,0.77,32.99
No.9,女子,100m自由形,55.24,58.2,30~34歳,1:03.35,1,中山翠,ザノス川崎,9/10,1:28.38,,0.86,40.34
No.9,女子,100m自由形,55.24,58.2,30~34歳,1:03.35,2,熊谷紗友梨,セ・s湘南台,6/10,1:42.77,,1.02,46.49
No.9,女子,100m自由形,56.96,57.89,25~29歳,1:00.50,1,川俣星,セ・新都心,12/5,1:06.89,,0.71,31.2
No.9,女子,100m自由形,56.96,57.89,25~29歳,1:00.50,2,仲田笑美,セ・成城,12/8,1:09.23,,0.75,31.87
No.9,女子,100m自由形,56.96,57.89,25~29歳,1:00.50,3,木田景子,セ・平塚,11/7,1:13.08,,0.69,34.62
No.9,女子,100m自由形,56.96,57.89,25~29歳,1:00.50,4,村岡礼奈,セ・桶川北本,11/10,1:21.31,,0.74,37.58
No.9,女子,100m自由形,56.96,58.37,18~24歳,1:01.56,1,佐藤玖弥,セ・目黒,12/6,1:05.68,,0.79,31.34
No.9,女子,100m自由形,56.96,58.37,18~24歳,1:01.56,2,島崎帆乃華,セ・藤沢,12/2,1:08.18,,0.61,31.27
No.9,女子,100m自由形,56.96,58.37,18~24歳,1:01.56,3,西澤瑛倫,セ・越谷,11/3,1:09.34,,0.68,33.84
No.9,女子,100m自由形,56.96,58.37,18~24歳,1:01.56,4,深谷美緒,セ・東十条,12/9,1:09.49,,0.73,32.59
No.10,男子,100m自由形,1:22.25,1:22.25,85~89歳,1:37.90,1,川本剛,セ・長沼,2/2,1:40.60,,1.08,48.42
No.10,男子,100m自由形,1:22.25,1:22.25,85~89歳,1:37.90,2,大堀兵衛,セ・下北沢,1/1,2:13.53,,1.55,1:02.84
No.10,男子,100m自由形,1:08.76,1:08.76,80~84歳,1:27.89,1,井上隆史,セ・市ヶ尾,1/7,1:39.84,,1.05,46.93
No.10,男子,100m自由形,1:08.76,1:08.76,80~84歳,1:27.89,2,眞壁功,セ・藤沢,1/8,1:42.42,,0.94,48.69
No.10,男子,100m自由形,1:06.40,1:06.40,75~79歳,1:13.93,1,今修二,セ・越谷,2/3,1:33.05,,0.93,45.03
No.10,男子,100m自由形,1:06.40,1:06.40,75~79歳,1:13.93,2,石井肇,墨田区体育館,1/3,1:41.63,,1.18,47.33
No.10,男子,100m自由形,1:06.40,1:06.40,75~79歳,1:13.93,3,大内洋,セ・葛西,1/4,1:42.73,,0.86,48.9
No.10,男子,100m自由形,1:03.32,1:03.17,70~74歳,1:11.50,1,亀田一麿,セ・東戸塚,5/6,1:18.03,,0.85,35.69
No.10,男子,100m自由形,1:03.32,1:03.17,70~74歳,1:11.50,2,若宮強,セ・成城,5/2,1:20.75,,0.64,38.13
No.10,男子,100m自由形,1:03.32,1:03.17,70~74歳,1:11.50,3,香川左近,セ・二俣川,3/8,1:28.13,,0.84,40.69
No.10,男子,100m自由形,1:03.32,1:03.17,70~74歳,1:11.50,4,浅野唯男,セ・志木,2/9,1:37.94,,0.97,46.56
No.10,男子,100m自由形,1:03.32,1:03.17,70~74歳,1:11.50,5,松下達一,セ・成城,1/5,1:48.33,,1.16,48.96
No.10,男子,100m自由形,59.49,1:02.14,65~69歳,1:05.19,1,井上昌臣,セ・西東京,2/4,1:19.89,,0.87,38.69
No.10,男子,100m自由形,59.49,1:02.14,65~69歳,1:05.19,2,柏木治久,セ・成瀬,4/4,1:20.33,,0.76,40.29
No.10,男子,100m自由形,59.49,1:02.14,65~69歳,1:05.19,3,槙田誠,セ・南千住,5/9,1:21.82,,0.83,39.19
No.10,男子,100m自由形,59.49,1:02.14,65~69歳,1:05.19,4,竹内新,セ・府中,3/5,1:23.21,,0.91,40.38
No.10,男子,100m自由形,59.49,1:02.14,65~69歳,1:05.19,5,仲宇佐隆一,セ・横浜,4/1,1:24.26,,0.76,39.57
No.10,男子,100m自由形,59.49,1:02.14,65~69歳,1:05.19,6,茂木和哉,セ・市ヶ尾,3/4,1:27.28,,0.77,41.84
No.10,男子,100m自由形,59.49,1:02.14,65~69歳,1:05.19,7,佐藤信弘,セ・桶川北本,3/2,1:27.97,,0.94,39.79
No.10,男子,100m自由形,59.49,1:02.14,65~69歳,1:05.19,8,飯沼明,セ・長津田,2/5,1:29.79,,0.98,44.42
No.10,男子,100m自由形,59.49,1:02.14,65~69歳,1:05.19,9,鈴木哲治,墨田区体育館,3/9,1:34.36,,0.90,43.4
No.10,男子,100m自由形,59.49,1:02.14,65~69歳,1:05.19,10,山中一男,セ・阿佐谷,2/7,1:37.38,,0.81,43.06
No.10,男子,100m自由形,57.66,1:00.33,60~64歳,1:04.30,1,今井正太郎,セ・前橋,9/2,1:06.71,,0.74,32.35
No.10,男子,100m自由形,57.66,1:00.33,60~64歳,1:04.30,2,菊池千二,セ・市ヶ尾,5/5,1:07.48,,0.88,30.95
No.10,男子,100m自由形,57.66,1:00.33,60~64歳,1:04.30,3,海辺信吉,セ・おおたか,7/9,1:11.74,,0.87,33.87
No.10,男子,100m自由形,57.66,1:00.33,60~64歳,1:04.30,4,一色洋志,セ・福生,5/3,1:14.74,,0.76,34.45
No.10,男子,100m自由形,57.66,1:00.33,60~64歳,1:04.30,5,若島健二,セ・二俣川,5/4,1:15.17,,0.86,36.22
No.10,男子,100m自由形,57.66,1:00.33,60~64歳,1:04.30,6,近江信之,セ・武蔵小杉,4/3,1:19.23,,1.01,39.63
No.10,男子,100m自由形,57.66,1:00.33,60~64歳,1:04.30,7,山本和巳,セ・茂原,3/6,1:22.39,,0.79,39.81
No.10,男子,100m自由形,57.66,1:00.33,60~64歳,1:04.30,8,金田雅之,セ・育見台,4/5,1:23.14,,0.83,40.59
No.10,男子,100m自由形,57.66,1:00.33,60~64歳,1:04.30,9,小島淳,セ・柏,3/1,1:23.36,,0.79,39.83
No.10,男子,100m自由形,57.66,1:00.33,60~64歳,1:04.30,10,黒川恵一,セ・市ヶ尾,2/6,1:30.76,,0.80,42.51
No.10,男子,100m自由形,57.66,1:00.33,60~64歳,1:04.30,11,二宮次郎,セ・南宇都宮,4/10,1:31.60,,0.77,40.09
No.10,男子,100m自由形,57.66,1:00.33,60~64歳,1:04.30,12,後藤潤,セ・成城,1/6,1:31.88,,0.89,42.74
No.10,男子,100m自由形,56,57.52,55~59歳,1:02.93,1,金子惠一,セ・前橋,10/2,1:02.48,大会新,0.77,29.89
No.10,男子,100m自由形,56,57.52,55~59歳,1:02.93,2,小林健,セ・葛西,8/8,1:10.11,,0.73,34.01
No.10,男子,100m自由形,56,57.52,55~59歳,1:02.93,3,荒川秀明,セ・前橋,8/4,1:10.38,,0.85,34.38
No.10,男子,100m自由形,56,57.52,55~59歳,1:02.93,4,中津海全士,セ・s湘南台,7/4,1:10.49,,0.78,33.49
No.10,男子,100m自由形,56,57.52,55~59歳,1:02.93,5,楊華,ザノス鶴見,6/5,1:11.48,,0.76,34.39
No.10,男子,100m自由形,56,57.52,55~59歳,1:02.93,6,飯田正敏,セ・用賀,7/1,1:12.54,,0.80,34.23
No.10,男子,100m自由形,56,57.52,55~59歳,1:02.93,7,本間丈博,セ・稲毛海岸,6/4,1:13.56,,0.75,35.21
No.10,男子,100m自由形,56,57.52,55~59歳,1:02.93,8,永家一徳,セ・市川,7/10,1:13.85,,0.72,34.8
No.10,男子,100m自由形,56,57.52,55~59歳,1:02.93,9,近藤正之,セ・上池袋,5/7,1:19.52,,0.96,36.62
No.10,男子,100m自由形,56,57.52,55~59歳,1:02.93,10,大木義之,セ・清瀬,4/9,1:22.49,,0.99,39.3
No.10,男子,100m自由形,56,57.52,55~59歳,1:02.93,11,吉峯幸郎,セ・用賀,5/1,1:23.86,,0.97,38.06
No.10,男子,100m自由形,56,57.52,55~59歳,1:02.93,12,佐藤流生,セ・天王洲,2/8,1:39.26,,0.99,45.47
No.10,男子,100m自由形,56,57.52,55~59歳,1:02.93,13,半澤繁,セ・清瀬,1/2,1:45.57,,0.90,45.78
No.10,男子,100m自由形,54.15,54.61,50~54歳,1:00.40,1,石井龍,セ・成城,11/3,1:02.70,,0.70,29.84
No.10,男子,100m自由形,54.15,54.61,50~54歳,1:00.40,2,藤本豊和,セ・長津田,11/9,1:05.53,,0.75,31.15
No.10,男子,100m自由形,54.15,54.61,50~54歳,1:00.40,3,山田耕一,セ・清瀬,8/6,1:06.78,,0.75,32.35
No.10,男子,100m自由形,54.15,54.61,50~54歳,1:00.40,4,西野宮冬木,セ・長津田,8/7,1:07.59,,0.95,33.34
No.10,男子,100m自由形,54.15,54.61,50~54歳,1:00.40,5,藤井清和,セ・武蔵小杉,7/6,1:10.58,,0.65,33.15
No.10,男子,100m自由形,54.15,54.61,50~54歳,1:00.40,6,前田光輝,セ・おおたか,3/10,1:10.98,,0.68,33.38
No.10,男子,100m自由形,54.15,54.61,50~54歳,1:00.40,7,青木健二,セ・蒲田,8/1,1:12.71,,0.60,32.53
No.10,男子,100m自由形,54.15,54.61,50~54歳,1:00.40,8,足立晃,セ・新川崎,7/5,1:12.73,,0.75,32.58
No.10,男子,100m自由形,54.15,54.61,50~54歳,1:00.40,9,岡田育行,セ・越谷,6/1,1:16.76,,0.79,35.65
No.10,男子,100m自由形,54.15,54.61,50~54歳,1:00.40,10,平田博之,セ・ときわ台,4/8,1:23.33,,0.91,38.38
No.10,男子,100m自由形,54.15,54.61,50~54歳,1:00.40,11,ノーズノーマウィ,セ・松戸,4/6,1:29.11,,1.07,40.12
No.10,男子,100m自由形,54.15,54.61,50~54歳,1:00.40,12,今井英大,セ・川越,1/9,1:30.38,,1.12,44.44
No.10,男子,100m自由形,54.15,54.61,50~54歳,1:00.40,13,高梨繁,ザノス川崎,3/7,1:33.84,,0.69,40.75
No.10,男子,100m自由形,52.24,52.24,45~49歳,56.53,1,北川貴義,セ・阿佐谷,11/10,1:01.83,,0.69,29.44
No.10,男子,100m自由形,52.24,52.24,45~49歳,56.53,2,神部孝高,セ・用賀,9/5,1:02.87,,0.76,30.87
No.10,男子,100m自由形,52.24,52.24,45~49歳,56.53,3,小室秀幸,セ・八王子,9/9,1:04.27,,0.69,30.6
No.10,男子,100m自由形,52.24,52.24,45~49歳,56.53,4,堀川広祐,セ・二俣川,9/4,1:05.62,,0.65,30.99
No.10,男子,100m自由形,52.24,52.24,45~49歳,56.53,5,磯貝知弘,セ・柏,9/7,1:07.01,,0.82,31.32
No.10,男子,100m自由形,52.24,52.24,45~49歳,56.53,6,宅間健介,セ・天王洲,8/3,1:08.72,,0.76,32.43
No.10,男子,100m自由形,52.24,52.24,45~49歳,56.53,7,山岡裕和,セ・ときわ台,8/2,1:09.05,,0.89,32.05
No.10,男子,100m自由形,52.24,52.24,45~49歳,56.53,8,西田幸弘,セ・藤沢,6/3,1:10.07,,1.12,34.78
No.10,男子,100m自由形,52.24,52.24,45~49歳,56.53,9,菅原弘貴,セ・福生,7/2,1:11.50,,0.75,33.77
No.10,男子,100m自由形,52.24,52.24,45~49歳,56.53,10,小島直政,セ・久喜,4/7,1:15.54,,1.07,37.31
No.10,男子,100m自由形,52.24,52.24,45~49歳,56.53,11,田辺直行,セ・武蔵小杉,5/10,1:19.12,,0.90,36.43
No.10,男子,100m自由形,52.24,52.24,45~49歳,56.53,12,小林貴大,セ・蘇我,5/8,1:20.21,,0.76,36.1
No.10,男子,100m自由形,50.73,51.21,40~44歳,56.35,1,鶴谷学,セ・二俣川,12/55,6.20,大会新,0.68,27.21
No.10,男子,100m自由形,50.73,51.21,40~44歳,56.35,2,森本祐一,セ・清瀬,9/6,1:02.39,,0.78,30.45
No.10,男子,100m自由形,50.73,51.21,40~44歳,56.35,3,植木秀志,セ・久喜,9/3,1:03.07,,0.63,30.92
No.10,男子,100m自由形,50.73,51.21,40~44歳,56.35,4,矢作歩,セ・長津田,10/8,1:03.93,,0.84,30.75
No.10,男子,100m自由形,50.73,51.21,40~44歳,56.35,5,木村知行,セ・二俣川,9/8,1:04.73,,0.74,30.63
No.10,男子,100m自由形,50.73,51.21,40~44歳,56.35,6,田子晃,セ・自由が丘,7/7,1:10.69,,0.77,33.51
No.10,男子,100m自由形,50.73,51.21,40~44歳,56.35,7,田中遼太,セ・慶應日吉,4/2,1:19.33,,0.71,36.97
No.10,男子,100m自由形,50.73,51.21,40~44歳,56.35,8,小田島丈典,セ・福生,7/3,1:20.33,,0.78,37.15
No.10,男子,100m自由形,50.73,51.21,40~44歳,56.35,9,清水大輔,セ・桶川北本,3/3,1:29.90,,0.89,41.2
No.10,男子,100m自由形,50.78,50.78,35~39歳,53.85,1,高木祥一,セ・武蔵小杉,12/75,7.56,,0.67,27.63
No.10,男子,100m自由形,50.78,50.78,35~39歳,53.85,2,奥平竜司,セ・武蔵小杉,11/55,9.37,,0.65,28.14
No.10,男子,100m自由形,50.78,50.78,35~39歳,53.85,3,椎本恭平,セ・阿佐谷,11/65,9.47,,0.65,28.08
No.10,男子,100m自由形,50.78,50.78,35~39歳,53.85,4,岩本和也,セ・志木,12/15,9.66,,0.64,28.28
No.10,男子,100m自由形,50.78,50.78,35~39歳,53.85,5,和田亮,セ・阿佐谷,10/9,1:09.05,,0.77,31.73
No.10,男子,100m自由形,50.78,50.78,35~39歳,53.85,6,三浦厚生,セ・武蔵小杉,6/9,1:12.08,,0.87,32.71
No.10,男子,100m自由形,50.78,50.78,35~39歳,53.85,7,増田究,セ・平塚,6/2,1:14.94,,0.66,34.56
No.10,男子,100m自由形,49.8,51.34,30~34歳,53.9,1,板垣義人,セ・トレッサ,12/35,6.38,,0.72,26.37
No.10,男子,100m自由形,49.8,51.34,30~34歳,53.9,2,内藤寿輝,セ・大森,12/65,6.90,,0.86,27.13
No.10,男子,100m自由形,49.8,51.34,30~34歳,53.9,3,伊藤孝優,セ・八王子,10/3,1:01.26,,0.86,29.15
No.10,男子,100m自由形,49.8,51.34,30~34歳,53.9,4,寺田遼太,セ・天王洲,9/1,1:10.24,,0.84,32.22
No.10,男子,100m自由形,49.8,51.34,30~34歳,53.9,5,山田義明,セ・おおたか,2/1,1:20.65,,1.09,38.22
No.10,男子,100m自由形,48.72,50.75,25~29歳,52.13,1,小林和矢,セ・成城,8/55,7.79,,0.67,27.64
No.10,男子,100m自由形,48.72,50.75,25~29歳,52.13,2,松澤朋樹,セ・武蔵小杉,12/45,9.62,,0.79,28.55
No.10,男子,100m自由形,48.72,50.75,25~29歳,52.13,3,前島悠也,セ・葛西,12/9,1:00.61,,0.65,28.01
No.10,男子,100m自由形,48.72,50.75,25~29歳,52.13,4,加納聖士,セ・葛西,11/7,1:01.49,,0.69,29.05
No.10,男子,100m自由形,48.72,50.75,25~29歳,52.13,5,泉翔太,セ・葛西,11/4,1:01.71,,0.74,28.66
No.10,男子,100m自由形,48.72,50.75,25~29歳,52.13,6,武本侑己,セ・青砥,8/9,1:02.77,,0.76,30.12
No.10,男子,100m自由形,48.72,50.75,25~29歳,52.13,7,竹下翔,セ・長津田,8/10,1:13.29,,0.63,31.83
No.10,男子,100m自由形,48.72,51.01,18~24歳,52.11,1,設樂航希,セ・流山,12/85,5.39,,0.65,25.97
No.10,男子,100m自由形,48.72,51.01,18~24歳,52.11,2,木村隼人,セ・八王子,10/45,8.00,,0.64,27.34
No.10,男子,100m自由形,48.72,51.01,18~24歳,52.11,3,荒井優吾,セ・成瀬,12/25,8.63,,0.65,28.18
No.10,男子,100m自由形,48.72,51.01,18~24歳,52.11,4,重高良彦,セ・育見台,10/105,9.06,,0.72,28.25
No.10,男子,100m自由形,48.72,51.01,18~24歳,52.11,5,伊藤水晶,セ・松戸,12/10,1:00.62,,0.67,28.7
No.10,男子,100m自由形,48.72,51.01,18~24歳,52.11,6,柿沼龍史,セ・成城,9/10,1:00.92,,0.61,27.86
No.10,男子,100m自由形,48.72,51.01,18~24歳,52.11,7,法領田徳丞,セ・蒲田,10/6,1:01.56,,0.57,27.65
No.10,男子,100m自由形,48.72,51.01,18~24歳,52.11,8,金子智哉,セ・清瀬,11/1,1:02.03,,0.80,29.1
No.10,男子,100m自由形,48.72,51.01,18~24歳,52.11,9,山﨑陸真,セ・二俣川,10/1,1:04.05,,0.67,29.26
No.10,男子,100m自由形,48.72,51.01,18~24歳,52.11,10,西沢歩,セ・清瀬,10/7,1:04.58,,0.68,29.54
No.10,男子,100m自由形,48.72,51.01,18~24歳,52.11,11,池内駿文,セ・東十条,11/2,1:06.95,,0.83,30.22
No.10,男子,100m自由形,48.72,51.01,18~24歳,52.11,12,岩崎伊吹,セ・おおたか,11/8,1:07.47,,0.66,28.52
No.13,女子,50m背泳ぎ,47.23,47.23,85~89歳,59.22,1,大塚裕子,セ・成城,8/65,9.14,大会新,0.60,
No.13,女子,50m背泳ぎ,47.23,47.23,85~89歳,59.22,2,田中もみぢ,セ・おおたか,6/9,1:00.93,,0.83,
No.13,女子,50m背泳ぎ,47.23,47.23,85~89歳,59.22,3,須山順子,セ・松戸,4/6,1:05.44,,0.91,
No.13,女子,50m背泳ぎ,47.23,47.23,85~89歳,59.22,4,田之ノブ,セ・蘇我,2/5,1:05.80,,0.93,
No.13,女子,50m背泳ぎ,47.23,47.23,85~89歳,59.22,5,森川タェ子,セ・我孫子,1/3,1:11.84,,1.08,
No.13,女子,50m背泳ぎ,47.23,47.23,85~89歳,59.22,6,平田美佐子,セ・天王洲,1/5,1:18.41,,0.81,
No.13,女子,50m背泳ぎ,43.04,43.04,80~84歳,52.86,1,田神洋子,セ・トレッサ,4/35,5.87,,0.66,
No.13,女子,50m背泳ぎ,43.04,43.04,80~84歳,52.86,2,舘野圭子,セ・用賀,5/6,1:01.66,,0.67,
No.13,女子,50m背泳ぎ,43.04,43.04,80~84歳,52.86,3,三浦実恵子,セ・館山,5/5,1:03.58,,0.87,
No.13,女子,50m背泳ぎ,43.04,43.04,80~84歳,52.86,4,浜野セ子,セ・流山,4/7,1:05.44,,0.68,
No.13,女子,50m背泳ぎ,43.04,43.04,80~84歳,52.86,5,岡本靖子,セ・慶應日吉,2/2,1:05.97,,1.07,
No.13,女子,50m背泳ぎ,43.04,43.04,80~84歳,52.86,6,大浜南海江,セ・目黒,2/6,1:07.11,,1.55,
No.13,女子,50m背泳ぎ,43.04,43.04,80~84歳,52.86,7,久保美紀枝,セ・流山,4/4,1:09.99,,0.94,
No.13,女子,50m背泳ぎ,43.04,43.04,80~84歳,52.86,8,川端淑子,セ・天王洲,2/8,1:10.93,,0.85,
No.13,女子,50m背泳ぎ,43.04,43.04,80~84歳,52.86,9,相澤和子,セ・新都心,3/5,1:17.29,,0.60,
No.13,女子,50m背泳ぎ,43.04,43.04,80~84歳,52.86,10,柴田幸子,セ・ときわ台,1/2,1:37.46,,1.48,
No.13,女子,50m背泳ぎ,40.08,40.56,75~79歳,48,1,藤井一恵,セ・大森,9/105,5.40,,0.76,
No.13,女子,50m背泳ぎ,40.08,40.56,75~79歳,48,2,吉田三枝子,墨田区体育館,10/95,5.82,,0.87,
No.13,女子,50m背泳ぎ,40.08,40.56,75~79歳,48,3,川口栄子,セ・松戸,9/35,6.86,,0.94,
No.13,女子,50m背泳ぎ,40.08,40.56,75~79歳,48,4,中村敬子,セ・府中,7/55,7.55,,0.91,
No.13,女子,50m背泳ぎ,40.08,40.56,75~79歳,48,5,栗林眞知子,セ・成城,7/35,7.92,,0.77,
No.13,女子,50m背泳ぎ,40.08,40.56,75~79歳,48,6,古旗美鈴,セ・上池袋,9/55,8.30,,0.81,
No.13,女子,50m背泳ぎ,40.08,40.56,75~79歳,48,7,星幸恵,クリースパ,6/65,8.67,,0.78,
No.13,女子,50m背泳ぎ,40.08,40.56,75~79歳,48,8,内田良子,セ・用賀,8/4,1:00.04,,0.91,
No.13,女子,50m背泳ぎ,40.08,40.56,75~79歳,48,9,浅野美恵子,セ・蒲田,7/4,1:00.11,,0.90,
No.13,女子,50m背泳ぎ,40.08,40.56,75~79歳,48,10,原田早苗,セ・南千住,7/6,1:00.72,,0.90,
No.13,女子,50m背泳ぎ,40.08,40.56,75~79歳,48,11,仲岡輝,セ・我孫子,5/4,1:01.17,,0.75,
No.13,女子,50m背泳ぎ,40.08,40.56,75~79歳,48,12,岡田啓子,セ・桶川北本,7/7,1:01.52,,1.08,
No.13,女子,50m背泳ぎ,40.08,40.56,75~79歳,48,13,橋本順子,セ・おおたか,5/9,1:02.16,,0.74,
No.13,女子,50m背泳ぎ,40.08,40.56,75~79歳,48,14,川島かよ子,セ・天王洲,5/10,1:03.45,,1.08,
No.13,女子,50m背泳ぎ,40.08,40.56,75~79歳,48,15,松木弘美,セ・志木,3/6,1:04.25,,0.89,
No.13,女子,50m背泳ぎ,40.08,40.56,75~79歳,48,16,田野倉和子,セ・慶應日吉,2/4,1:06.59,,0.86,
No.13,女子,50m背泳ぎ,40.08,40.56,75~79歳,48,17,後藤節子,セ・松戸,5/1,1:07.04,,0.88,
No.13,女子,50m背泳ぎ,40.08,40.56,75~79歳,48,18,中田和子,セ・越谷,1/8,1:08.73,,0.88,
No.13,女子,50m背泳ぎ,40.08,40.56,75~79歳,48,19,山口英子,セ・流山,3/8,1:09.41,,0.85,
No.13,女子,50m背泳ぎ,40.08,40.56,75~79歳,48,20,栗原羊子,セ・流山,4/8,1:13.55,,0.97,
No.13,女子,50m背泳ぎ,40.08,40.56,75~79歳,48,21,山本まり子,セ・育見台,3/4,1:15.53,,0.74,
No.13,女子,50m背泳ぎ,40.08,40.56,75~79歳,48,22,小島律子,セ・谷津,1/4,1:16.73,,0.78,
No.13,女子,50m背泳ぎ,40.08,40.56,75~79歳,48,23,佐藤とき子,セ・蘇我,2/9,1:23.02,,0.92,
No.13,女子,50m背泳ぎ,40.08,40.56,75~79歳,48,24,西村咲喜子,セ・志木,1/9,1:42.38,,1.54,
No.13,女子,50m背泳ぎ,34.65,39.67,70~74歳,45.18,1,吉野治子,セ・成城,15/14,8.53,,0.74,
No.13,女子,50m背泳ぎ,34.65,39.67,70~74歳,45.18,2,松村恵子,セ・葛西,13/54,9.84,,0.73,
No.13,女子,50m背泳ぎ,34.65,39.67,70~74歳,45.18,3,石塚孝子,セ・志木,12/35,0.85,,0.88,
No.13,女子,50m背泳ぎ,34.65,39.67,70~74歳,45.18,4,市野克子,セ・大森,11/45,0.97,,0.84,
No.13,女子,50m背泳ぎ,34.65,39.67,70~74歳,45.18,5,近藤ひな子,セ・二俣川,11/65,1.09,,0.76,
No.13,女子,50m背泳ぎ,34.65,39.67,70~74歳,45.18,6,水谷裕子,セ・西新井,12/25,3.30,,0.81,
No.13,女子,50m背泳ぎ,34.65,39.67,70~74歳,45.18,7,見崎幸子,墨田区体育館,9/95,3.52,,0.91,
No.13,女子,50m背泳ぎ,34.65,39.67,70~74歳,45.18,8,平山啓子,セ・南青山,9/45,5.82,,0.80,
No.13,女子,50m背泳ぎ,34.65,39.67,70~74歳,45.18,8,梅田栄己子,セ・天王洲,9/65,5.82,,0.94,
No.13,女子,50m背泳ぎ,34.65,39.67,70~74歳,45.18,10,儀保都志子,セ・成瀬,5/85,6.22,,0.71,
No.13,女子,50m背泳ぎ,34.65,39.67,70~74歳,45.18,11,相澤史子,セ・松戸,11/105,6.54,,0.63,
No.13,女子,50m背泳ぎ,34.65,39.67,70~74歳,45.18,12,岡村悦子,セ・おおたか,4/95,7.86,,0.73,
No.13,女子,50m背泳ぎ,34.65,39.67,70~74歳,45.18,13,矢島きよえ,cs南行徳,5/35,9.29,,0.94,
No.13,女子,50m背泳ぎ,34.65,39.67,70~74歳,45.18,14,大久保祐美子,セ・おおたか,5/25,9.47,,0.84,
No.13,女子,50m背泳ぎ,34.65,39.67,70~74歳,45.18,15,樋口孝子,セ・阿佐谷,7/85,9.89,,1.14,
No.13,女子,50m背泳ぎ,34.65,39.67,70~74歳,45.18,16,藤田悦子,セ・二俣川,3/9,1:00.51,,0.88,
No.13,女子,50m背泳ぎ,34.65,39.67,70~74歳,45.18,17,吉田あけみ,セ・館山,6/3,1:01.32,,0.86,
No.13,女子,50m背泳ぎ,34.65,39.67,70~74歳,45.18,18,池淵玲子,セ・慶應日吉,6/2,1:01.46,,0.73,
No.13,女子,50m背泳ぎ,34.65,39.67,70~74歳,45.18,19,若松はる子,セ・松戸,6/4,1:01.65,,0.69,
No.13,女子,50m背泳ぎ,34.65,39.67,70~74歳,45.18,20,若林多恵子,セ・谷津,1/7,1:02.30,,1.08,
No.13,女子,50m背泳ぎ,34.65,39.67,70~74歳,45.18,21,岩塚美恵子,セ・越谷,3/2,1:02.73,,0.81,
No.13,女子,50m背泳ぎ,34.65,39.67,70~74歳,45.18,22,鬼束洋子,セ・天王洲,2/7,1:03.22,,0.70,
No.13,女子,50m背泳ぎ,34.65,39.67,70~74歳,45.18,23,青木洋子,墨田区体育館,5/7,1:03.72,,0.84,
No.13,女子,50m背泳ぎ,34.65,39.67,70~74歳,45.18,24,橋本美千代,セ・志木,3/1,1:06.93,,1.05,
No.13,女子,50m背泳ぎ,34.65,39.67,70~74歳,45.18,25,上野俊子,セ・桶川北本,4/2,1:07.50,,0.86,
No.13,女子,50m背泳ぎ,34.65,39.67,70~74歳,45.18,26,樋口恵子,セ・育見台,4/5,1:09.17,,1.05,
No.13,女子,50m背泳ぎ,34.65,39.67,70~74歳,45.18,27,長谷川節子,セ・天王洲,4/1,1:09.74,,0.69,
No.13,女子,50m背泳ぎ,34.65,39.67,70~74歳,45.18,28,于亜芝,セ・南千住,10/6,1:09.88,,0.79,
No.13,女子,50m背泳ぎ,34.65,39.67,70~74歳,45.18,29,友野敬子,セ・館山,2/3,1:11.06*手動,,0.71,
No.13,女子,50m背泳ぎ,34.65,39.67,70~74歳,45.18,30,石村眞理子,セ・新川崎,3/3,1:11.26,,0.99,
No.13,女子,50m背泳ぎ,34.65,39.67,70~74歳,45.18,31,寺西寿賀子,セ・天王洲,6/8,1:11.61,,0.83,
No.13,女子,50m背泳ぎ,34.65,39.67,70~74歳,45.18,32,神村祥子,クリースパ,1/6,1:13.09,,0.80,
No.13,女子,50m背泳ぎ,33.59,37.54,65~69歳,43.31,1,石田良子,セ・越谷,14/44,3.86,,0.56,
No.13,女子,50m背泳ぎ,33.59,37.54,65~69歳,43.31,2,田代眞理子,セ・成城,14/64,7.28,,0.76,
No.13,女子,50m背泳ぎ,33.59,37.54,65~69歳,43.31,3,山本由起子,セ・南千住,13/64,7.74,,0.76,
No.13,女子,50m背泳ぎ,33.59,37.54,65~69歳,43.31,4,森本美恵,セ・松戸,12/54,9.11,,0.79,
No.13,女子,50m背泳ぎ,33.59,37.54,65~69歳,43.31,5,相馬絹代,セ・溝ノ口,12/44,9.72,,0.69,
No.13,女子,50m背泳ぎ,33.59,37.54,65~69歳,43.31,6,石崎節代,セ・南千住,12/95,0.22,,0.93,
No.13,女子,50m背泳ぎ,33.59,37.54,65~69歳,43.31,7,櫻田琴,セ・天王洲,10/75,1.38,,0.70,
No.13,女子,50m背泳ぎ,33.59,37.54,65~69歳,43.31,8,関矢秀子,セ・大宮宮原,11/55,1.94,,0.73,
No.13,女子,50m背泳ぎ,33.59,37.54,65~69歳,43.31,9,江幡菜穂子,クリースパ,10/15,2.21,,0.76,
No.13,女子,50m背泳ぎ,33.59,37.54,65~69歳,43.31,10,原昌代,セ・市ヶ尾,11/35,2.51,,0.60,
No.13,女子,50m背泳ぎ,33.59,37.54,65~69歳,43.31,11,岡田美恵子,セ・溝ノ口,11/15,2.99,,0.75,
No.13,女子,50m背泳ぎ,33.59,37.54,65~69歳,43.31,12,掃部典子,曽谷・セ,10/35,3.72,,0.81,
No.13,女子,50m背泳ぎ,33.59,37.54,65~69歳,43.31,13,小笠原京子,セ・流山,7/15,3.87,,0.77,
No.13,女子,50m背泳ぎ,33.59,37.54,65~69歳,43.31,14,東海林慶美,セ・蒲田,11/25,4.34,,0.67,
No.13,女子,50m背泳ぎ,33.59,37.54,65~69歳,43.31,15,上松弘子,セ・上池袋,10/55,5.12,,0.85,
No.13,女子,50m背泳ぎ,33.59,37.54,65~69歳,43.31,16,宮原美穂,セ・福生,6/55,7.12,,0.96,
No.13,女子,50m背泳ぎ,33.59,37.54,65~69歳,43.31,17,新井フ枝,セ・流山,7/25,8.52,,0.94,
No.13,女子,50m背泳ぎ,33.59,37.54,65~69歳,43.31,18,渡辺米子,クリースパ,9/25,9.35,,0.82,
No.13,女子,50m背泳ぎ,33.59,37.54,65~69歳,43.31,19,畠山眞由美,セ・柏,8/7,1:00.87,,0.82,
No.13,女子,50m背泳ぎ,33.59,37.54,65~69歳,43.31,20,須田菜奈子,セ・桶川北本,7/10,1:02.77,,0.88,
No.13,女子,50m背泳ぎ,33.38,36.26,60~64歳,36.26,1,西井良子,セ・福生,17/23,8.62,,0.61,
No.13,女子,50m背泳ぎ,33.38,36.26,60~64歳,36.26,2,石井裕美,セ・ときわ台,17/94,1.54,,0.65,
No.13,女子,50m背泳ぎ,33.38,36.26,60~64歳,36.26,3,武井麻知子,セ・二俣川,16/54,2.41,,0.73,
No.13,女子,50m背泳ぎ,33.38,36.26,60~64歳,36.26,4,上野真弓,セ・二俣川,16/74,4.33,,0.81,
No.13,女子,50m背泳ぎ,33.38,36.26,60~64歳,36.26,5,茂櫛典子,セ・成城,14/74,5.61,,0.55,
No.13,女子,50m背泳ぎ,33.38,36.26,60~64歳,36.26,6,吉川千晶,G-SPA,15/44,5.68,,0.75,
No.13,女子,50m背泳ぎ,33.38,36.26,60~64歳,36.26,7,佐藤明美,セ・館山,15/104,6.45,,0.78,
No.13,女子,50m背泳ぎ,33.38,36.26,60~64歳,36.26,8,座間千鶴子,ザノス八景,14/34,6.80,,0.54,
No.13,女子,50m背泳ぎ,33.38,36.26,60~64歳,36.26,9,高見沢ゆみ子,セ・慶應日吉,14/84,7.49,,0.64,
No.13,女子,50m背泳ぎ,33.38,36.26,60~64歳,36.26,10,松田聡美,セ・成城,14/54,7.71,,0.77,
No.13,女子,50m背泳ぎ,33.38,36.26,60~64歳,36.26,11,田村明美,セ・慶應日吉,12/64,8.89*手動,,0.88,
No.13,女子,50m背泳ぎ,33.38,36.26,60~64歳,36.26,12,大槻真由美,セ・清瀬,14/24,9.70,,0.76,
No.13,女子,50m背泳ぎ,33.38,36.26,60~64歳,36.26,13,野崎由美子,セ・おおたか,11/85,0.30,,0.72,
No.13,女子,50m背泳ぎ,33.38,36.26,60~64歳,36.26,14,神保清美,セ・自由が丘,12/75,0.59,,0.75,
No.13,女子,50m背泳ぎ,33.38,36.26,60~64歳,36.26,15,相澤紋美,セ・阿佐谷,11/75,1.74,,0.72,
No.13,女子,50m背泳ぎ,33.38,36.26,60~64歳,36.26,16,太刀岡早苗,セ・市ヶ尾,8/25,4.44,,0.93,
No.13,女子,50m背泳ぎ,33.38,36.26,60~64歳,36.26,16,宮内麻里,曽谷・セ,12/105,4.44,,0.85,
No.13,女子,50m背泳ぎ,33.38,36.26,60~64歳,36.26,18,津布楽美恵子,セ・ときわ台,6/105,4.60,,0.84,
No.13,女子,50m背泳ぎ,33.38,36.26,60~64歳,36.26,19,吉野ひとみ,セ・松戸,10/105,6.21,,0.83,
No.13,女子,50m背泳ぎ,33.38,36.26,60~64歳,36.26,20,三木純子,セ・流山,6/15,6.50,,0.78,
No.13,女子,50m背泳ぎ,33.38,36.26,60~64歳,36.26,21,田中香苗,セ・青砥,9/15,8.01,,0.98,
No.13,女子,50m背泳ぎ,33.38,36.26,60~64歳,36.26,22,原田由美子,セ・慶應日吉,8/35,8.59,,0.83,
No.13,女子,50m背泳ぎ,33.38,36.26,60~64歳,36.26,23,榮真須美,セ・慶應日吉,8/8,1:00.02,,0.72,
No.13,女子,50m背泳ぎ,33.38,36.26,60~64歳,36.26,24,菊池佐千代,セ・流山,4/10,1:02.71,,0.74,
No.13,女子,50m背泳ぎ,31.99,33.6,55~59歳,35.76,1,仲田久美子,セ・成城,17/14,0.48,,0.70,
No.13,女子,50m背泳ぎ,31.99,33.6,55~59歳,35.76,2,八尋加苗,セ・松戸,16/44,3.71,,0.64,
No.13,女子,50m背泳ぎ,31.99,33.6,55~59歳,35.76,3,生田目則子,セ・自由が丘,16/34,3.95,,0.73,
No.13,女子,50m背泳ぎ,31.99,33.6,55~59歳,35.76,4,及川薫,セ・松戸,15/64,5.39,,0.69,
No.13,女子,50m背泳ぎ,31.99,33.6,55~59歳,35.76,5,小林のぞみ,セ・越谷,13/74,5.79,,0.64,
No.13,女子,50m背泳ぎ,31.99,33.6,55~59歳,35.76,6,中野朗子,セ・慶應日吉,13/44,7.19,,0.61,
No.13,女子,50m背泳ぎ,31.99,33.6,55~59歳,35.76,7,大野結実,セ・横浜,13/84,8.59,,0.95,
No.13,女子,50m背泳ぎ,31.99,33.6,55~59歳,35.76,8,小倉直美,セ・清瀬,14/94,9.52,,0.84,
No.13,女子,50m背泳ぎ,31.99,33.6,55~59歳,35.76,9,山本登美子,セ・桶川北本,12/85,0.53,,0.80,
No.13,女子,50m背泳ぎ,31.99,33.6,55~59歳,35.76,10,柳田喜代美,セ・育見台,2/105,1.26,,0.84,
No.13,女子,50m背泳ぎ,31.99,33.6,55~59歳,35.76,11,蔵屋由紀子,セ・新川崎,9/75,6.35,,0.95,
No.13,女子,50m背泳ぎ,31.99,33.6,55~59歳,35.76,12,日置睦,セ・我孫子,2/1,1:02.55,,0.93,
No.13,女子,50m背泳ぎ,31.59,32.51,50~54歳,32.51,1,舘野美香,セ・目黒,19/13,6.39,,0.72,
No.13,女子,50m背泳ぎ,31.59,32.51,50~54歳,32.51,2,梅澤亮子,セ・桶川北本,18/63,6.69,,0.70,
No.13,女子,50m背泳ぎ,31.59,32.51,50~54歳,32.51,3,浅尾有香,セ・大森,17/63,7.59,,0.72,
No.13,女子,50m背泳ぎ,31.59,32.51,50~54歳,32.51,4,佐々木美佐,セ・平塚,18/83,8.81,,0.69,
No.13,女子,50m背泳ぎ,31.59,32.51,50~54歳,32.51,5,棚網恵理,セ・阿佐谷,17/54,0.44,,0.63,
No.13,女子,50m背泳ぎ,31.59,32.51,50~54歳,32.51,6,菅原幸,セ・トレッサ,17/34,0.60,,0.59,
No.13,女子,50m背泳ぎ,31.59,32.51,50~54歳,32.51,7,友田智哲,セ・南青山,16/84,0.73,,0.70,
No.13,女子,50m背泳ぎ,31.59,32.51,50~54歳,32.51,8,森直子,セ・成城,16/24,3.46,,0.99,
No.13,女子,50m背泳ぎ,31.59,32.51,50~54歳,32.51,9,吉岡智子,セ・新都心,16/104,4.49,,0.77,
No.13,女子,50m背泳ぎ,31.59,32.51,50~54歳,32.51,10,佐藤洋子,セ・成城,15/74,5.55,,0.71,
No.13,女子,50m背泳ぎ,31.59,32.51,50~54歳,32.51,11,北瀬あづさ,セ・市ヶ尾,13/24,6.77,,0.71,
No.13,女子,50m背泳ぎ,31.59,32.51,50~54歳,32.51,12,捶井泰子,セ・用賀,15/94,7.96,,0.87,
No.13,女子,50m背泳ぎ,31.59,32.51,50~54歳,32.51,13,糸川永利子,セ・用賀,13/34,8.78,,0.69,
No.13,女子,50m背泳ぎ,31.59,32.51,50~54歳,32.51,14,森川佳余子,クリースパ,14/104,9.57,,0.73,
No.13,女子,50m背泳ぎ,31.59,32.51,50~54歳,32.51,15,比留川美緒,セ・平塚,8/15,0.73,,0.79,
No.13,女子,50m背泳ぎ,31.59,32.51,50~54歳,32.51,16,小川史枝,セ・越谷LT,10/25,5.09,,1.51,
No.13,女子,50m背泳ぎ,31.59,32.51,50~54歳,32.51,17,村岡貴子,セ・桶川北本,8/95,6.43,,0.88,
No.13,女子,50m背泳ぎ,31.59,32.51,50~54歳,32.51,18,片岡久美子,セ・茂原,13/95,9.41,,1.24,
No.13,女子,50m背泳ぎ,31.59,32.51,50~54歳,32.51,19,久保洋子,セ・流山,3/7,1:10.83,,0.61,
No.13,女子,50m背泳ぎ,31.02,31.38,45~49歳,34.69,1,片岡祥子,セ・千葉みなと,19/103,6.34,,0.73,
No.13,女子,50m背泳ぎ,31.02,31.38,45~49歳,34.69,2,坂本桃枝,G-SPA,18/93,7.33,,0.76,
No.13,女子,50m背泳ぎ,31.02,31.38,45~49歳,34.69,3,青山里香,セ・成瀬,18/23,8.05,,0.63,
No.13,女子,50m背泳ぎ,31.02,31.38,45~49歳,34.69,4,木村美佐子,セ・南宇都宮,15/53,8.52,,0.68,
No.13,女子,50m背泳ぎ,31.02,31.38,45~49歳,34.69,5,栗山貴子,セ・武蔵小杉,17/83,9.75,,0.75,
No.13,女子,50m背泳ぎ,31.02,31.38,45~49歳,34.69,6,関康代,セ・宇都宮,13/14,3.25,,0.68,
No.13,女子,50m背泳ぎ,31.02,31.38,45~49歳,34.69,7,草野茜,セ・二俣川,17/104,4.06,,0.77,
No.13,女子,50m背泳ぎ,31.02,31.38,45~49歳,34.69,8,高橋麻子,セ・市ヶ尾,15/34,4.30,,0.79,
No.13,女子,50m背泳ぎ,31.02,31.38,45~49歳,34.69,9,髙橋里美,セ・横浜,8/10,1:00.24,,0.72,
No.13,女子,50m背泳ぎ,29.62,31.04,40~44歳,34,1,永田加那子,セ・葛西,19/23,8.22,,0.52,
No.13,女子,50m背泳ぎ,29.62,31.04,40~44歳,34,2,小野真佐子,セ・阿佐谷,18/13,9.47,,0.69,
No.13,女子,50m背泳ぎ,29.62,31.04,40~44歳,34,3,小高麻衣子,セ・市川,16/14,6.44,,0.57,
No.13,女子,50m背泳ぎ,29.62,31.04,40~44歳,34,4,吉田瑠夏,曽谷・セ,14/14,8.85,,0.65,
No.13,女子,50m背泳ぎ,29.62,31.04,40~44歳,34,5,小山内詔子,セ・下北沢,9/85,7.72,,0.72,
No.13,女子,50m背泳ぎ,28.63,30.26,35~39歳,34.03,1,中畑眸,セ・成城,17/44,0.45,,0.64,
No.13,女子,50m背泳ぎ,28.63,30.26,35~39歳,34.03,2,萩原ゆりか,セ・天王洲,18/104,0.92,,0.78,
No.13,女子,50m背泳ぎ,28.63,30.26,35~39歳,34.03,3,李鎬善,セ・目黒,15/84,7.63,,0.56,
No.13,女子,50m背泳ぎ,28.63,30.26,35~39歳,34.03,4,國政玲,セ・南青山,10/85,5.22,,0.74,
No.13,女子,50m背泳ぎ,28.57,28.86,30~34歳,32.95,1,田中志歩,セ・大森,19/83,5.63,,0.60,
No.13,女子,50m背泳ぎ,28.57,28.86,30~34歳,32.95,2,柳美希,セ・松戸,15/24,1.56,,0.68,
No.13,女子,50m背泳ぎ,28.57,28.86,30~34歳,32.95,3,髙橋未沙,セ・おおたか,13/104,6.64,,0.76,
No.13,女子,50m背泳ぎ,28.57,28.86,30~34歳,32.95,4,角田優佳里,セ・青砥,12/14,6.84,,0.81,
No.13,女子,50m背泳ぎ,28.39,28.99,25~29歳,32.05,1,岡澤志織,セ・茂原,19/63,1.83,大会新,0.62,
No.13,女子,50m背泳ぎ,28.39,28.99,25~29歳,32.05,2,仲田笑美,セ・成城,19/33,5.20,,0.66,
No.13,女子,50m背泳ぎ,28.39,28.99,25~29歳,32.05,3,髙橋美波,セ・武蔵小杉,18/43,5.41,,0.59,
No.13,女子,50m背泳ぎ,28.39,28.99,25~29歳,32.05,4,石井理桜子,セ・市川,18/73,8.77,,0.64,
No.13,女子,50m背泳ぎ,28.39,30.53,18~24歳,31.94,1,君島凜香,セ・おおたか,19/73,2.91,,0.57,
No.13,女子,50m背泳ぎ,28.39,30.53,18~24歳,31.94,2,髙﨑優奈,セ・清瀬,19/53,3.14,,0.62,
No.13,女子,50m背泳ぎ,28.39,30.53,18~24歳,31.94,3,竜野萌,セ・自由が丘,18/33,4.67,,0.70,
No.13,女子,50m背泳ぎ,28.39,30.53,18~24歳,31.94,4,遠藤優奈,セ・新都心,19/43,4.71,,0.61,
No.13,女子,50m背泳ぎ,28.39,30.53,18~24歳,31.94,5,表侑寿,セ・二俣川,19/93,5.09,,0.63,
No.13,女子,50m背泳ぎ,28.39,30.53,18~24歳,31.94,6,長崎千怜,セ・長津田,18/53,5.13,,0.60,
No.13,女子,50m背泳ぎ,28.39,30.53,18~24歳,31.94,7,伊藤愛羅,セ・八王子,17/73,8.72,,0.77,
No.13,女子,50m背泳ぎ,28.39,30.53,18~24歳,31.94,8,皆川すみれ,セ・南青山,16/94,4.04,,0.72,
No.14,男子,50m背泳ぎ,36.83,38.16,80~84歳,42.72,1,谷口治典,セ・久喜,3/55,2.21,,0.89,
No.14,男子,50m背泳ぎ,36.83,38.16,80~84歳,42.72,2,石川守也,セ・市川,2/55,2.99,,0.72,
No.14,男子,50m背泳ぎ,36.83,38.16,80~84歳,42.72,3,中村欣正,セ・流山,3/6,1:00.79,,0.76,
No.14,男子,50m背泳ぎ,36.83,38.16,80~84歳,42.72,4,丸本芳郎,ザノス鶴見,1/3,1:02.74,,0.86,
No.14,男子,50m背泳ぎ,36.83,38.16,80~84歳,42.72,5,増山晶一,セ・下北沢,1/8,1:10.47,,1.09,
No.14,男子,50m背泳ぎ,34.45,36.38,75~79歳,41.77,1,吉田亮,セ・成城,4/64,2.97,,0.85,
No.14,男子,50m背泳ぎ,34.45,36.38,75~79歳,41.77,2,丸喜章,セ・茂原,4/94,9.73,,0.79,
No.14,男子,50m背泳ぎ,34.45,36.38,75~79歳,41.77,3,田中信夫,セ・越谷,4/14,9.78,,0.68,
No.14,男子,50m背泳ぎ,34.45,36.38,75~79歳,41.77,4,大内洋,セ・葛西,2/65,4.30,,0.79,
No.14,男子,50m背泳ぎ,34.45,36.38,75~79歳,41.77,5,瀧下敏和,セ・志木,2/75,4.41,,1.02,
No.14,男子,50m背泳ぎ,34.45,36.38,75~79歳,41.77,6,松永勝,セ・おおたか,1/45,8.23,,1.22,
No.14,男子,50m背泳ぎ,34.45,36.38,75~79歳,41.77,7,伴野保志,セ・阿佐谷,2/35,9.66,,0.94,
No.14,男子,50m背泳ぎ,34.45,36.38,75~79歳,41.77,8,神保伸幸,セ・南青山,2/8,1:06.29,,0.85,
No.14,男子,50m背泳ぎ,33.16,35.83,70~74歳,39.43,1,鈴木幹男,セ・我孫子,5/14,3.64,,0.77,
No.14,男子,50m背泳ぎ,33.16,35.83,70~74歳,39.43,2,吉村進,セ・阿佐谷,4/34,5.27,,0.75,
No.14,男子,50m背泳ぎ,33.16,35.83,70~74歳,39.43,3,常山賢二,曽谷・セ,4/104,9.30,,0.77,
No.14,男子,50m背泳ぎ,33.16,35.83,70~74歳,39.43,4,宇佐美栄二,セ・阿佐谷,3/15,3.03,,0.69,
No.14,男子,50m背泳ぎ,33.16,35.83,70~74歳,39.43,5,浅野唯男,セ・志木,2/45,5.93,,0.79,
No.14,男子,50m背泳ぎ,33.16,35.83,70~74歳,39.43,6,山田幸男,セ・南千住,1/65,9.72,,0.99,
No.14,男子,50m背泳ぎ,30.95,33.24,65~69歳,38.09,1,冨松実,セ・二俣川,6/93,8.88,,0.67,
No.14,男子,50m背泳ぎ,30.95,33.24,65~69歳,38.09,2,臼井全人,セ・大宮宮原,5/94,3.72,,0.83,
No.14,男子,50m背泳ぎ,30.95,33.24,65~69歳,38.09,3,西森文史郎,セ・長津田,5/104,7.16,,0.67,
No.14,男子,50m背泳ぎ,30.46,31.94,60~64歳,34.85,1,下家成人,セ・二俣川,7/53,5.22,,0.70,
No.14,男子,50m背泳ぎ,30.46,31.94,60~64歳,34.85,2,和田浩一,セ・用賀,6/23,7.51,,0.72,
No.14,男子,50m背泳ぎ,30.46,31.94,60~64歳,34.85,3,村木満,セ・トレッサ,7/74,0.99,,0.74,
No.14,男子,50m背泳ぎ,30.46,31.94,60~64歳,34.85,4,浦田昌和,セ・成城,4/24,7.39,,0.66,
No.14,男子,50m背泳ぎ,30.46,31.94,60~64歳,34.85,5,蛯名昌彦,セ・志木,3/94,7.63,,0.75,
No.14,男子,50m背泳ぎ,30.46,31.94,60~64歳,34.85,6,岡部浩次,セ・上池袋,3/105,4.83,,0.86,
No.14,男子,50m背泳ぎ,29.03,30.09,55~59歳,33.15,1,小倉秀和,セ・清瀬,7/33,6.25,,0.62,
No.14,男子,50m背泳ぎ,29.03,30.09,55~59歳,33.15,2,杉原祥之,ザノス鶴見,7/23,6.36,,0.61,
No.14,男子,50m背泳ぎ,29.03,30.09,55~59歳,33.15,3,久保卓士,セ・天王洲,6/53,8.05,,0.78,
No.14,男子,50m背泳ぎ,29.03,30.09,55~59歳,33.15,4,中津海全士,セ・s湘南台,7/103,9.20,,0.66,
No.14,男子,50m背泳ぎ,29.03,30.09,55~59歳,33.15,5,宮川則仁,セ・大宮宮原,6/64,0.35,,0.77,
No.14,男子,50m背泳ぎ,29.03,30.09,55~59歳,33.15,6,新井良育,セ・市ヶ尾,5/54,0.61,,0.69,
No.14,男子,50m背泳ぎ,29.03,30.09,55~59歳,33.15,7,福田剛紀,G-SPA,5/24,2.13,,0.66,
No.14,男子,50m背泳ぎ,29.03,30.09,55~59歳,33.15,8,温井芳浩,セ・谷津,4/84,4.43,,0.66,
No.14,男子,50m背泳ぎ,29.03,30.09,55~59歳,33.15,9,高橋潤,セ・成瀬,3/44,8.29,,0.94,
No.14,男子,50m背泳ぎ,29.03,30.09,55~59歳,33.15,10,日暮正明,セ・天王洲,3/34,9.78,,0.82,
No.14,男子,50m背泳ぎ,28.2,29.16,50~54歳,30.33,1,田窪達,セ・市ヶ尾,9/43,1.01,,0.72,
No.14,男子,50m背泳ぎ,28.2,29.16,50~54歳,30.33,2,河野悟,セ・慶應日吉,9/23,2.85,,0.68,
No.14,男子,50m背泳ぎ,28.2,29.16,50~54歳,30.33,3,中村良樹,セ・武蔵小杉,8/83,4.10,,0.76,
No.14,男子,50m背泳ぎ,28.2,29.16,50~54歳,30.33,4,長野三郎,セ・千葉みなと,8/53,4.21,,0.71,
No.14,男子,50m背泳ぎ,28.2,29.16,50~54歳,30.33,5,内藤充,セ・新川崎,7/63,4.97,,0.69,
No.14,男子,50m背泳ぎ,28.2,29.16,50~54歳,30.33,6,新井田6司,セ・トレッサ,7/13,6.56,,0.66,
No.14,男子,50m背泳ぎ,28.2,29.16,50~54歳,30.33,7,柄澤英也,セ・用賀,7/83,6.86,,0.69,
No.14,男子,50m背泳ぎ,28.2,29.16,50~54歳,30.33,8,荒井正明,セ・八千代台,6/43,7.44,,0.67,
No.14,男子,50m背泳ぎ,28.2,29.16,50~54歳,30.33,9,岡村勝重,セ・長津田,7/93,8.56,,0.64,
No.14,男子,50m背泳ぎ,28.2,29.16,50~54歳,30.33,10,松本考弘,セ・清瀬,6/34,3.70,,0.74,
No.14,男子,50m背泳ぎ,28.2,29.16,50~54歳,30.33,11,廣瀬淳一,セ・トレッサ,4/54,3.83,,0.73,
No.14,男子,50m背泳ぎ,28.2,29.16,50~54歳,30.33,12,山本英男,セ・大宮宮原,4/44,4.11,,0.77,
No.14,男子,50m背泳ぎ,28.2,29.16,50~54歳,30.33,13,青木正昭,セ・福生,3/84,6.56,,0.70,
No.14,男子,50m背泳ぎ,27.56,27.86,45~49歳,28.42,1,山岡拓馬,セ・清瀬,9/52,8.31,大会新,0.58,
No.14,男子,50m背泳ぎ,27.56,27.86,45~49歳,28.42,2,長谷川仁,セ・南千住,8/33,3.95,,0.65,
No.14,男子,50m背泳ぎ,27.56,27.86,45~49歳,28.42,3,小室秀幸,セ・八王子,6/83,4.60,,0.75,
No.14,男子,50m背泳ぎ,27.56,27.86,45~49歳,28.42,4,栗原大輔,セ・成瀬,5/33,8.71,,0.66,
No.14,男子,50m背泳ぎ,27.56,27.86,45~49歳,28.42,5,若杉佳宏,セ・阿佐谷,5/64,0.34,,0.67,
No.14,男子,50m背泳ぎ,27.56,27.86,45~49歳,28.42,6,菅原弘貴,セ・福生,5/44,0.82,,0.75,
No.14,男子,50m背泳ぎ,27.56,27.86,45~49歳,28.42,7,浅野亮介,セ・新都心,4/74,0.92,,0.70,
No.14,男子,50m背泳ぎ,27.13,27.3,40~44歳,28.54,1,大窪康治,セ・清瀬,8/63,0.52,,0.64,
No.14,男子,50m背泳ぎ,27.13,27.3,40~44歳,28.54,2,寺田貴洋,セ・二俣川,9/83,0.70,,0.67,
No.14,男子,50m背泳ぎ,27.13,27.3,40~44歳,28.54,3,棚網宏之,セ・阿佐谷,9/73,1.51,,0.60,
No.14,男子,50m背泳ぎ,27.13,27.3,40~44歳,28.54,4,川瀬健次,セ・大宮宮原,9/103,4.28,,0.66,
No.14,男子,50m背泳ぎ,27.13,27.3,40~44歳,28.54,5,菱川亮太,セ・市ヶ尾,6/103,7.05,,0.85,
No.14,男子,50m背泳ぎ,26.04,26.27,35~39歳,28.14,1,鈴木遼,セ・二俣川,8/93,6.25,,0.74,
No.14,男子,50m背泳ぎ,26.04,26.27,35~39歳,28.14,2,木村考太,セ・市ヶ尾,6/13,8.17,,0.78,
No.14,男子,50m背泳ぎ,25.53,26.29,30~34歳,27.32,1,土居秀雅,セ・成瀬,9/93,2.50*特別賞(申)*,,0.63,
No.14,男子,50m背泳ぎ,25.53,26.29,30~34歳,27.32,2,杉山大亜,セ・二俣川,8/73,4.95,,0.67,
No.14,男子,50m背泳ぎ,25.44,25.94,25~29歳,26.58,1,中村翼,セ・天王洲,9/62,9.33,,0.59,
No.14,男子,50m背泳ぎ,25.44,26.29,18~24歳,27.77,1,廣川大起,セ・柏,9/13,0.44,,0.50,
No.14,男子,50m背泳ぎ,25.44,26.29,18~24歳,27.77,2,田中啓二朗,セ・二俣川,9/33,2.75,,0.58,
No.14,男子,50m背泳ぎ,25.44,26.29,18~24歳,27.77,3,南里輝,セ・蒲田,8/103,3.66,,0.58,
No.14,男子,50m背泳ぎ,25.44,26.29,18~24歳,27.77,4,岩崎伊吹,セ・おおたか,7/43,5.10,,0.55,
No.14,男子,50m背泳ぎ,25.44,26.29,18~24歳,27.77,5,加藤慎梧,ザノス川崎,5/84,5.95,,0.87,
No.15,女子,50m自由形,45.44,51.68,90~94歳,27.77,1,鈴木静江,クリースパ,2/4,1:08.70,,1.23,
No.15,女子,50m自由形,38.89,38.89,85~89歳,44.13,1,田中もみぢ,セ・おおたか,8/44,9.60,,1.03,
No.15,女子,50m自由形,38.89,38.89,85~89歳,44.13,2,須山順子,セ・松戸,8/75,1.63,,,
No.15,女子,50m自由形,36.61,36.61,80~84歳,41.4,1,八田清子,セ・松戸,13/24,5.08,,0.73,
No.15,女子,50m自由形,36.61,36.61,80~84歳,41.4,2,田神洋子,セ・トレッサ,7/75,0.92,,0.72,
No.15,女子,50m自由形,36.61,36.61,80~84歳,41.4,3,新井昭代,セ・東十条,8/35,1.53,,1.25,
No.15,女子,50m自由形,36.61,36.61,80~84歳,41.4,4,小野洋子,セ・我孫子,3/95,2.34,,1.14,
No.15,女子,50m自由形,36.61,36.61,80~84歳,41.4,5,御手洗ヨシ,cs南行徳,9/15,3.78,,0.97,
No.15,女子,50m自由形,36.61,36.61,80~84歳,41.4,6,武藤治子,セ・二俣川,1/85,5.29,,,
No.15,女子,50m自由形,36.61,36.61,80~84歳,41.4,7,倉元恵子,セ・館山,3/55,6.53,,0.97,
No.15,女子,50m自由形,36.61,36.61,80~84歳,41.4,8,大浜南海江,セ・目黒,3/2,1:00.49,,,
No.15,女子,50m自由形,36.61,36.61,80~84歳,41.4,9,田中洲子,セ・大宮宮原,9/5,1:03.98,,1.26,
No.15,女子,50m自由形,36.61,36.61,80~84歳,41.4,10,相澤和子,セ・新都心,2/5,1:05.19,,1.06,
No.15,女子,50m自由形,36.61,36.61,80~84歳,41.4,11,加藤直子,セ・横浜,1/7,1:22.54,,1.01,
No.15,女子,50m自由形,34.11,35.9,75~79歳,40.6,1,滋野好子,セ・前橋,16/44,4.08,,1.01,
No.15,女子,50m自由形,34.11,35.9,75~79歳,40.6,2,古旗美鈴,セ・上池袋,9/104,5.75,,0.79,
No.15,女子,50m自由形,34.11,35.9,75~79歳,40.6,3,中村敬子,セ・府中,4/54,6.56,,1.06,
No.15,女子,50m自由形,34.11,35.9,75~79歳,40.6,4,藤井一恵,セ・大森,5/24,7.43,,1.02,
No.15,女子,50m自由形,34.11,35.9,75~79歳,40.6,5,川口栄子,セ・松戸,12/74,8.27,,0.94,
No.15,女子,50m自由形,34.11,35.9,75~79歳,40.6,6,坂本光子,セ・越谷,6/44,8.58,,0.83,
No.15,女子,50m自由形,34.11,35.9,75~79歳,40.6,7,岡田啓子,セ・桶川北本,5/34,9.16,,1.25,
No.15,女子,50m自由形,34.11,35.9,75~79歳,40.6,8,吉田三枝子,墨田区体育館,8/24,9.18,,1.04,
No.15,女子,50m自由形,34.11,35.9,75~79歳,40.6,9,星幸恵,クリースパ,9/95,0.24,,0.95,
No.15,女子,50m自由形,34.11,35.9,75~79歳,40.6,10,松永タズヨ,セ・おおたか,8/95,0.30,,1.48,
No.15,女子,50m自由形,34.11,35.9,75~79歳,40.6,11,川島かよ子,セ・天王洲,6/15,1.19,,,
No.15,女子,50m自由形,34.11,35.9,75~79歳,40.6,12,山本まり子,セ・育見台,6/55,2.19,,0.94,
No.15,女子,50m自由形,34.11,35.9,75~79歳,40.6,13,諸橋暁子,曽谷・セ,4/25,2.41,,1.04,
No.15,女子,50m自由形,34.11,35.9,75~79歳,40.6,14,田村俊子,セ・館山,6/65,2.82,,1.01,
No.15,女子,50m自由形,34.11,35.9,75~79歳,40.6,15,小島律子,セ・谷津,7/45,3.44,,0.85,
No.15,女子,50m自由形,34.11,35.9,75~79歳,40.6,16,古田美智子,セ・自由が丘,8/85,5.34,,1.08,
No.15,女子,50m自由形,34.11,35.9,75~79歳,40.6,17,中田和子,セ・越谷,1/35,7.23,,,
No.15,女子,50m自由形,34.11,35.9,75~79歳,40.6,18,柴田千代子,セ・天王洲,4/45,8.46,,,
No.15,女子,50m自由形,34.11,35.9,75~79歳,40.6,19,山口英子,セ・流山,1/5,1:02.11,,1.04,
No.15,女子,50m自由形,34.11,35.9,75~79歳,40.6,20,染谷敏子,セ・天王洲,1/6,1:07.48,,1.12,
No.15,女子,50m自由形,30.73,33.61,70~74歳,37.31,1,青木華世子,セ・松戸,23/33,8.08,,0.75,
No.15,女子,50m自由形,30.73,33.61,70~74歳,37.31,2,原田岳美,セ・藤沢,20/53,8.35,,0.74,
No.15,女子,50m自由形,30.73,33.61,70~74歳,37.31,3,後藤明美,セ・天王洲,9/34,0.14,,1.01,
No.15,女子,50m自由形,30.73,33.61,70~74歳,37.31,4,舛尾妃呂子,セ・稲毛海岸,17/54,2.08,,0.90,
No.15,女子,50m自由形,30.73,33.61,70~74歳,37.31,5,松村恵子,セ・葛西,18/84,2.73,,0.84,
No.15,女子,50m自由形,30.73,33.61,70~74歳,37.31,6,村上美晴,セ・東十条,12/64,3.10,,0.98,
No.15,女子,50m自由形,30.73,33.61,70~74歳,37.31,7,大久保祐美子,セ・おおたか,14/64,3.25,,1.09,
No.15,女子,50m自由形,30.73,33.61,70~74歳,37.31,8,齊藤たか子,ザノス川崎,9/74,3.67,,0.89,
No.15,女子,50m自由形,30.73,33.61,70~74歳,37.31,9,清水裕子,セ・二俣川,14/54,3.72,,0.97,
No.15,女子,50m自由形,30.73,33.61,70~74歳,37.31,10,石塚孝子,セ・志木,18/34,4.10,,0.99,
No.15,女子,50m自由形,30.73,33.61,70~74歳,37.31,11,水谷裕子,セ・西新井,16/64,4.46,,0.85,
No.15,女子,50m自由形,30.73,33.61,70~74歳,37.31,12,梅田栄己子,セ・天王洲,11/74,4.66,,,
No.15,女子,50m自由形,30.73,33.61,70~74歳,37.31,13,見崎幸子,墨田区体育館,12/54,4.71,,0.84,
No.15,女子,50m自由形,30.73,33.61,70~74歳,37.31,14,市野克子,セ・大森,17/94,5.54,,0.89,
No.15,女子,50m自由形,30.73,33.61,70~74歳,37.31,15,崎山治子,セ・用賀,11/34,7.09,,0.96,
No.15,女子,50m自由形,30.73,33.61,70~74歳,37.31,16,樋口孝子,セ・阿佐谷,6/74,7.31,,1.01,
No.15,女子,50m自由形,30.73,33.61,70~74歳,37.31,17,若林多恵子,セ・谷津,11/84,7.88,,0.99,
No.15,女子,50m自由形,30.73,33.61,70~74歳,37.31,18,戸倉陽子,セ・慶應日吉,9/44,9.15,,1.22,
No.15,女子,50m自由形,30.73,33.61,70~74歳,37.31,19,若松はる子,セ・松戸,9/24,9.33,,0.87,
No.15,女子,50m自由形,30.73,33.61,70~74歳,37.31,20,吉田あけみ,セ・館山,8/54,9.47,,0.89,
No.15,女子,50m自由形,30.73,33.61,70~74歳,37.31,21,藤田悦子,セ・二俣川,6/34,9.83,,1.09,
No.15,女子,50m自由形,30.73,33.61,70~74歳,37.31,22,青木洋子,墨田区体育館,9/65,0.11,,1.01,
No.15,女子,50m自由形,30.73,33.61,70~74歳,37.31,23,宮内佳代子,セ・トレッサ,8/105,0.16,,0.96,
No.15,女子,50m自由形,30.73,33.61,70~74歳,37.31,24,大山伴恵,セ・トレッサ,7/35,0.33,,0.91,
No.15,女子,50m自由形,30.73,33.61,70~74歳,37.31,25,山崎美南子,セ・南青山,12/15,0.70,,0.93,
No.15,女子,50m自由形,30.73,33.61,70~74歳,37.31,26,上野俊子,セ・桶川北本,4/95,3.14,,0.95,
No.15,女子,50m自由形,30.73,33.61,70~74歳,37.31,27,橋本美千代,セ・志木,3/15,4.39,,0.96,
No.15,女子,50m自由形,30.73,33.61,70~74歳,37.31,28,富樫博子,セ・大森,4/15,5.46,,1.40,
No.15,女子,50m自由形,30.73,33.61,70~74歳,37.31,29,池淵玲子,セ・慶應日吉,4/65,5.99,,0.79,
No.15,女子,50m自由形,30.73,33.61,70~74歳,37.31,30,石村眞理子,セ・新川崎,6/105,6.63,,0.92,
No.15,女子,50m自由形,29.1,32.46,65~69歳,35.41,1,石田良子,セ・越谷,18/53,7.48,,0.74,
No.15,女子,50m自由形,29.1,32.46,65~69歳,35.41,2,野島正代,セ・阿佐谷,22/53,8.88,,0.84,
No.15,女子,50m自由形,29.1,32.46,65~69歳,35.41,3,ダ典子,セ・自由が丘,21/13,9.10,,0.68,
No.15,女子,50m自由形,29.1,32.46,65~69歳,35.41,4,高梨美樹,セ・成城,22/63,9.22,,0.76,
No.15,女子,50m自由形,29.1,32.46,65~69歳,35.41,5,立石由美子,セ・大森,19/33,9.51,,0.77,
No.15,女子,50m自由形,29.1,32.46,65~69歳,35.41,6,宮清子,セ・自由が丘,21/93,9.90,,1.10,
No.15,女子,50m自由形,29.1,32.46,65~69歳,35.41,7,川久保ちづる,ザノス川崎,20/104,0.50,,1.05,
No.15,女子,50m自由形,29.1,32.46,65~69歳,35.41,8,井上美佐子,セ・大森,15/44,0.80,,0.73,
No.15,女子,50m自由形,29.1,32.46,65~69歳,35.41,9,浅田晴子,セ・八王子,14/44,1.16,,,
No.15,女子,50m自由形,29.1,32.46,65~69歳,35.41,10,米澤美智子,セ・成瀬,20/64,1.80,,0.81,
No.15,女子,50m自由形,29.1,32.46,65~69歳,35.41,11,瀧下節子,セ・志木,15/54,3.05,,0.74,
No.15,女子,50m自由形,29.1,32.46,65~69歳,35.41,12,石河久美子,セ・溝ノ口,14/84,3.23,,0.79,
No.15,女子,50m自由形,29.1,32.46,65~69歳,35.41,13,山梨静枝,セ・我孫子,11/54,4.11,,0.69,
No.15,女子,50m自由形,29.1,32.46,65~69歳,35.41,14,光畑千栄子,セ・成瀬,15/64,4.13,,0.95,
No.15,女子,50m自由形,29.1,32.46,65~69歳,35.41,15,坂口好美,セ・久喜,21/34,4.33,,1.13,
No.15,女子,50m自由形,29.1,32.46,65~69歳,35.41,16,渋谷照代,セ・我孫子,10/44,4.57,,0.98,
No.15,女子,50m自由形,29.1,32.46,65~69歳,35.41,17,三枚堂かよ子,セ・阿佐谷,12/34,4.94,,0.77,
No.15,女子,50m自由形,29.1,32.46,65~69歳,35.41,18,小笠原三春,セ・八王子,17/74,5.50,,0.93,
No.15,女子,50m自由形,29.1,32.46,65~69歳,35.41,19,小関富子,セ・新都心,6/84,6.10,,0.98,
No.15,女子,50m自由形,29.1,32.46,65~69歳,35.41,20,伊藤春美,ザノス川崎,10/64,6.35,,0.85,
No.15,女子,50m自由形,29.1,32.46,65~69歳,35.41,21,松浦敏子,セ・我孫子,4/74,6.67,,1.02,
No.15,女子,50m自由形,29.1,32.46,65~69歳,35.41,22,三嶋祐子,セ・阿佐谷,12/44,7.23,,0.85,
No.15,女子,50m自由形,29.1,32.46,65~69歳,35.41,23,原昌代,セ・市ヶ尾,13/54,7.59,,0.87,
No.15,女子,50m自由形,29.1,32.46,65~69歳,35.41,24,池田則子,セ・松戸,2/64,7.61,,1.33,
No.15,女子,50m自由形,29.1,32.46,65~69歳,35.41,25,小笠原京子,セ・流山,5/64,7.65,,0.94,
No.15,女子,50m自由形,29.1,32.46,65~69歳,35.41,26,須田菜奈子,セ・桶川北本,12/94,7.97,,1.05,
No.15,女子,50m自由形,29.1,32.46,65~69歳,35.41,27,益田加津子,セ・自由が丘,12/84,9.13,,0.94,
No.15,女子,50m自由形,29.1,32.46,65~69歳,35.41,28,渡辺米子,クリースパ,11/25,1.15,,0.94,
No.15,女子,50m自由形,29.1,32.46,65~69歳,35.41,29,池長幸子,セ・桶川北本,7/65,1.38,,1.15,
No.15,女子,50m自由形,29.1,32.46,65~69歳,35.41,30,中島初美,セ・大森,6/25,1.69,,1.22,
No.15,女子,50m自由形,29.1,32.46,65~69歳,35.41,31,池田真理子,セ・大森,13/65,2.32,,1.16,
No.15,女子,50m自由形,29.1,32.46,65~69歳,35.41,32,齋藤準子,セ・茂原,10/55,2.51,,1.05,
No.15,女子,50m自由形,29.1,32.46,65~69歳,35.41,33,藤井道子,セ・我孫子,4/35,2.92,,0.78,
No.15,女子,50m自由形,29.1,32.46,65~69歳,35.41,34,田村加代子,セ・おおたか,5/55,4.11,,0.95,
No.15,女子,50m自由形,29.1,32.46,65~69歳,35.41,35,橋本真紀,セ・慶應日吉,5/45,4.54,,1.02,
No.15,女子,50m自由形,29.1,32.46,65~69歳,35.41,36,加藤かずみ,セ・八王子,2/7,1:00.55,,,
No.15,女子,50m自由形,29.1,32.46,65~69歳,35.41,37,木村恵,セ・我孫子,2/3,1:01.26,,1.06,
No.15,女子,50m自由形,29.1,32.46,65~69歳,35.41,38,小高和子,セ・桶川北本,3/3,1:09.75,,,
No.15,女子,50m自由形,28.84,30.31,60~64歳,32.38,1,永瀬秀子,セ・二俣川,26/73,2.40,,0.79,
No.15,女子,50m自由形,28.84,30.31,60~64歳,32.38,2,石原なおみ,セ・阿佐谷,25/33,5.17,,0.77,
No.15,女子,50m自由形,28.84,30.31,60~64歳,32.38,3,高柳祐子,セ・成城,24/13,6.34,,0.65,
No.15,女子,50m自由形,28.84,30.31,60~64歳,32.38,4,伊藤みどり,セ・育見台,21/43,6.73,,0.91,
No.15,女子,50m自由形,28.84,30.31,60~64歳,32.38,5,佐藤明美,セ・館山,22/33,6.97,,0.77,
No.15,女子,50m自由形,28.84,30.31,60~64歳,32.38,6,大槻真由美,セ・清瀬,23/83,7.49,,0.91,
No.15,女子,50m自由形,28.84,30.31,60~64歳,32.38,7,山本庸子,セ・八王子,22/73,7.92,,1.10,
No.15,女子,50m自由形,28.84,30.31,60~64歳,32.38,8,吉川千晶,G-SPA,22/43,8.28,,0.89,
No.15,女子,50m自由形,28.84,30.31,60~64歳,32.38,9,福原美奈,セ・稲毛海岸,20/43,8.39,,0.76,
No.15,女子,50m自由形,28.84,30.31,60~64歳,32.38,10,伊藤ゆかり,セ・成城,21/63,8.96,,0.81,
No.15,女子,50m自由形,28.84,30.31,60~64歳,32.38,11,窪田久恵,セ・上池袋,20/24,1.04,,1.07,
No.15,女子,50m自由形,28.84,30.31,60~64歳,32.38,12,神保清美,セ・自由が丘,19/64,1.55,,0.68,
No.15,女子,50m自由形,28.84,30.31,60~64歳,32.38,13,細見あけみ,セ・千葉みなと,18/14,1.65,,0.86,
No.15,女子,50m自由形,28.84,30.31,60~64歳,32.38,14,酒井寿美恵,クリースパ,19/24,2.41,,0.79,
No.15,女子,50m自由形,28.84,30.31,60~64歳,32.38,15,大原清美,セ・阿佐谷,17/44,2.67,,1.13,
No.15,女子,50m自由形,28.84,30.31,60~64歳,32.38,16,高見沢ゆみ子,セ・慶應日吉,19/14,2.71,,0.90,
No.15,女子,50m自由形,28.84,30.31,60~64歳,32.38,17,田村明美,セ・慶應日吉,15/14,2.73,,0.84,
No.15,女子,50m自由形,28.84,30.31,60~64歳,32.38,18,加藤雅弓,セ・新都心,15/84,2.86,,1.08,
No.15,女子,50m自由形,28.84,30.31,60~64歳,32.38,19,佐々木れい,セ・志木,9/84,4.15,,0.85,
No.15,女子,50m自由形,28.84,30.31,60~64歳,32.38,20,蛯名とも子,セ・志木,12/24,4.33,,1.05,
No.15,女子,50m自由形,28.84,30.31,60~64歳,32.38,21,長野佐稚子,セ・東十条,13/44,4.34,,0.97,
No.15,女子,50m自由形,28.84,30.31,60~64歳,32.38,22,米林清子,セ・越谷,15/34,4.75,,0.75,
No.15,女子,50m自由形,28.84,30.31,60~64歳,32.38,23,宮田ひとみ,セ・阿佐谷,17/104,4.86,,0.84,
No.15,女子,50m自由形,28.84,30.31,60~64歳,32.38,24,桐沢ひとみ,セ・大森,14/34,5.11,,0.92,
No.15,女子,50m自由形,28.84,30.31,60~64歳,32.38,25,田中香苗,セ・青砥,13/74,5.12,,0.98,
No.15,女子,50m自由形,28.84,30.31,60~64歳,32.38,26,柳沢智子,セ・成城,15/94,5.76,,0.99,
No.15,女子,50m自由形,28.84,30.31,60~64歳,32.38,27,原田由美子,セ・慶應日吉,10/74,6.73,,0.90,
No.15,女子,50m自由形,28.84,30.31,60~64歳,32.38,28,佐々木政子,セ・大森,7/94,8.92,,0.99,
No.15,女子,50m自由形,28.84,30.31,60~64歳,32.38,29,三木純子,セ・流山,7/24,9.12,,0.89,
No.15,女子,50m自由形,28.84,30.31,60~64歳,32.38,30,榮真須美,セ・慶應日吉,10/34,9.50,,0.91,
No.15,女子,50m自由形,28.84,30.31,60~64歳,32.38,31,黒川慶子,セ・上池袋,13/94,9.68,,0.83,
No.15,女子,50m自由形,28.84,30.31,60~64歳,32.38,32,菊池佐千代,セ・流山,4/105,4.02,,0.97,
No.15,女子,50m自由形,28.84,30.31,60~64歳,32.38,33,勝又聡子,セ・福生,5/85,6.79,,0.74,
No.15,女子,50m自由形,27.94,29.09,55~59歳,31.18,1,篠原理恵,セ・南宇都宮,26/43,3.31,,0.65,
No.15,女子,50m自由形,27.94,29.09,55~59歳,31.18,2,羽山恵津子,セ・葛西,25/73,4.86,,0.69,
No.15,女子,50m自由形,27.94,29.09,55~59歳,31.18,3,横尾しずか,セ・用賀,26/13,4.96,,0.77,
No.15,女子,50m自由形,27.94,29.09,55~59歳,31.18,4,鶴岡美佐,ザノス八景,24/93,6.55,,0.79,
No.15,女子,50m自由形,27.94,29.09,55~59歳,31.18,5,大野結実,セ・横浜,23/73,7.68,,0.94,
No.15,女子,50m自由形,27.94,29.09,55~59歳,31.18,6,小林弘子,ザノス鶴見,22/83,8.72,,1.08,
No.15,女子,50m自由形,27.94,29.09,55~59歳,31.18,7,西田三佐子,セ・大宮宮原,22/103,8.80,,0.71,
No.15,女子,50m自由形,27.94,29.09,55~59歳,31.18,8,西田真樹,セ・平塚,21/103,9.52,,0.96,
No.15,女子,50m自由形,27.94,29.09,55~59歳,31.18,9,佐藤美絵子,セ・清瀬,19/83,9.82,,0.73,
No.15,女子,50m自由形,27.94,29.09,55~59歳,31.18,10,棚橋悦子,セ・自由が丘,17/64,0.26,,0.70,
No.15,女子,50m自由形,27.94,29.09,55~59歳,31.18,11,山田智子,セ・慶應日吉,13/84,0.86,,0.81,
No.15,女子,50m自由形,27.94,29.09,55~59歳,31.18,12,佐藤直子,セ・我孫子,10/84,0.90,,0.71,
No.15,女子,50m自由形,27.94,29.09,55~59歳,31.18,13,小池淳子,セ・長津田,18/64,0.96,,0.86,
No.15,女子,50m自由形,27.94,29.09,55~59歳,31.18,14,澤野貴子,セ・葛西,10/24,3.06*手動,,0.69,
No.15,女子,50m自由形,27.94,29.09,55~59歳,31.18,15,三沢弘美,セ・長津田,18/74,3.19,,0.87,
No.15,女子,50m自由形,27.94,29.09,55~59歳,31.18,16,坂井慶子,セ・大宮宮原,16/84,3.59,,0.87,
No.15,女子,50m自由形,27.94,29.09,55~59歳,31.18,17,小林名緒子,セ・大森,16/24,3.68,,0.82,
No.15,女子,50m自由形,27.94,29.09,55~59歳,31.18,18,船津香,セ・自由が丘,17/84,3.79,,0.81,
No.15,女子,50m自由形,27.94,29.09,55~59歳,31.18,19,下段千寿子,セ・越谷,16/34,3.82,,0.84,
No.15,女子,50m自由形,27.94,29.09,55~59歳,31.18,20,鈴木夏実,セ・慶應日吉,13/104,4.35,,1.00,
No.15,女子,50m自由形,27.94,29.09,55~59歳,31.18,21,蔵屋由紀子,セ・新川崎,15/104,4.37,,0.98,
No.15,女子,50m自由形,27.94,29.09,55~59歳,31.18,22,中野朗子,セ・慶應日吉,16/74,4.62,,0.84,
No.15,女子,50m自由形,27.94,29.09,55~59歳,31.18,23,大芦薫,セ・清瀬,8/15,3.90,,1.11,
No.15,女子,50m自由形,27.94,29.09,55~59歳,31.18,24,平澤馨,セ・府中,5/15,4.63,,,
No.15,女子,50m自由形,27.09,28.82,50~54歳,29.26,1,舘野美香,セ・目黒,29/52,9.29,,0.72,
No.15,女子,50m自由形,27.09,28.82,50~54歳,29.26,2,池田百合子,セ・市ヶ尾,29/83,0.03,,0.68,
No.15,女子,50m自由形,27.09,28.82,50~54歳,29.26,3,杉本浩美,セ・南千住,28/33,1.77,,0.67,
No.15,女子,50m自由形,27.09,28.82,50~54歳,29.26,4,原田佳子,セ・葛西,27/73,2.17,,0.70,
No.15,女子,50m自由形,27.09,28.82,50~54歳,29.26,5,浅尾有香,セ・大森,25/83,3.54,,0.74,
No.15,女子,50m自由形,27.09,28.82,50~54歳,29.26,6,工藤遵江,セ・F宇都宮,27/103,3.62,,0.85,
No.15,女子,50m自由形,27.09,28.82,50~54歳,29.26,7,高橋圭,セ・松戸,24/73,3.67,,0.77,
No.15,女子,50m自由形,27.09,28.82,50~54歳,29.26,8,小泉未歌,セ・宇都宮,25/43,4.10,,0.70,
No.15,女子,50m自由形,27.09,28.82,50~54歳,29.26,9,池田智子,セ・目黒,24/63,4.23,,0.75,
No.15,女子,50m自由形,27.09,28.82,50~54歳,29.26,10,棚網恵理,セ・阿佐谷,24/83,5.76,,0.79,
No.15,女子,50m自由形,27.09,28.82,50~54歳,29.26,11,石井紀美子,セ・s湘南台,25/53,5.86,,0.75,
No.15,女子,50m自由形,27.09,28.82,50~54歳,29.26,12,五十嵐知佐,セ・おおたか,22/23,6.67,,0.81,
No.15,女子,50m自由形,27.09,28.82,50~54歳,29.26,13,大島江理子,セ・大森,22/13,6.69,,0.77,
No.15,女子,50m自由形,27.09,28.82,50~54歳,29.26,14,比留川美緒,セ・平塚,10/93,6.78,,0.71,
No.15,女子,50m自由形,27.09,28.82,50~54歳,29.26,15,成島志雅子,セ・F宇都宮,20/73,7.70,,0.96,
No.15,女子,50m自由形,27.09,28.82,50~54歳,29.26,16,酒井貴代,セ・大森,18/43,8.41,,0.79,
No.15,女子,50m自由形,27.09,28.82,50~54歳,29.26,17,田原文月,セ・南千住,21/53,9.55,,0.84,
No.15,女子,50m自由形,27.09,28.82,50~54歳,29.26,18,磯村麻衣子,セ・上池袋,13/33,9.66,,0.77,
No.15,女子,50m自由形,27.09,28.82,50~54歳,29.26,19,糸川永利子,セ・用賀,20/93,9.79,,0.77,
No.15,女子,50m自由形,27.09,28.82,50~54歳,29.26,20,加藤美保,セ・上池袋,19/54,1.87,,0.78,
No.15,女子,50m自由形,27.09,28.82,50~54歳,29.26,21,中村奈穂美,セ・越谷,16/94,2.44,,1.00,
No.15,女子,50m自由形,27.09,28.82,50~54歳,29.26,22,佐藤晶子,セ・おおたか,16/54,2.52,,0.69,
No.15,女子,50m自由形,27.09,28.82,50~54歳,29.26,23,小山香津子,セ・藤沢,17/14,3.67,,0.73,
No.15,女子,50m自由形,27.09,28.82,50~54歳,29.26,24,森信子,セ・大森,14/74,5.55,,1.20,
No.15,女子,50m自由形,27.09,28.82,50~54歳,29.26,25,片岡久美子,セ・茂原,2/84,6.16,,1.32,
No.15,女子,50m自由形,27.09,28.82,50~54歳,29.26,26,岩朋実,セ・川越,14/24,7.49,,0.85,
No.15,女子,50m自由形,27.09,28.82,50~54歳,29.26,27,佐藤淳子,セ・久喜,11/44,7.63,,1.25,
No.15,女子,50m自由形,27.09,28.82,50~54歳,29.26,28,田上麻紀,セ・久喜,7/14,9.57,,0.78,
No.15,女子,50m自由形,27.09,28.82,50~54歳,29.26,29,平野真紀,セ・福生,5/105,0.12,,0.73,
No.15,女子,50m自由形,27.09,28.82,50~54歳,29.26,30,久保洋子,セ・流山,3/75,9.99,,0.90,
No.15,女子,50m自由形,26.59,27.78,45~49歳,29.51,1,片岡祥子,セ・千葉みなと,29/43,0.44,,0.72,
No.15,女子,50m自由形,26.59,27.78,45~49歳,29.51,2,佐々木彩,セ・成城,27/53,1.53,,0.70,
No.15,女子,50m自由形,26.59,27.78,45~49歳,29.51,3,坂本桃枝,G-SPA,25/23,2.26,,0.78,
No.15,女子,50m自由形,26.59,27.78,45~49歳,29.51,4,日下幸子,ザノス川崎,27/93,2.43,,0.91,
No.15,女子,50m自由形,26.59,27.78,45~49歳,29.51,5,小室桃子,セ・八王子,26/83,3.17,,0.84,
No.15,女子,50m自由形,26.59,27.78,45~49歳,29.51,6,ノーズ智絵,セ・松戸,25/63,3.42,,0.73,
No.15,女子,50m自由形,26.59,27.78,45~49歳,29.51,7,高橋真美,セ・志木,25/93,5.04,,0.71,
No.15,女子,50m自由形,26.59,27.78,45~49歳,29.51,8,飯澤美香,セ・我孫子,22/93,5.07,,0.82,
No.15,女子,50m自由形,26.59,27.78,45~49歳,29.51,9,前田由希映,セ・二俣川,24/33,6.02,,0.85,
No.15,女子,50m自由形,26.59,27.78,45~49歳,29.51,10,福本麻美,セ・慶應日吉,24/23,6.33,,0.88,
No.15,女子,50m自由形,26.59,27.78,45~49歳,29.51,11,吉池奈々,セ・二俣川,23/53,6.39,,0.68,
No.15,女子,50m自由形,26.59,27.78,45~49歳,29.51,12,藤本淑恵,セ・平塚,21/73,6.85,,0.94,
No.15,女子,50m自由形,26.59,27.78,45~49歳,29.51,13,佐藤桂子,セ・横浜,23/43,6.97,,0.74,
No.15,女子,50m自由形,26.59,27.78,45~49歳,29.51,14,菅野ゆかり,セ・桶川北本,10/103,6.99,,0.72,
No.15,女子,50m自由形,26.59,27.78,45~49歳,29.51,15,清水佳苗,曽谷・セ,21/23,8.38,,0.83,
No.15,女子,50m自由形,26.59,27.78,45~49歳,29.51,16,髙島典子,セ・大森,20/13,8.55,,0.65,
No.15,女子,50m自由形,26.59,27.78,45~49歳,29.51,17,篠倉有美,セ・成瀬,23/93,8.56,,0.90,
No.15,女子,50m自由形,26.59,27.78,45~49歳,29.51,18,赤坂恵美子,セ・志木,17/24,3.15,,0.92,
No.15,女子,50m自由形,26.59,27.78,45~49歳,29.51,19,福田ュリャ,セ・南青山,17/34,3.27,,0.69,
No.15,女子,50m自由形,26.59,27.78,45~49歳,29.51,20,宮川ひとみ,セ・茂原,10/14,5.72,,1.32,
No.15,女子,50m自由形,26.59,27.78,45~49歳,29.51,21,斉藤靖子,セ・目黒,11/94,7.51,,0.99,
No.15,女子,50m自由形,26.59,27.78,45~49歳,29.51,22,成重夏紀,セ・藤沢,12/104,7.84,,0.95,
No.15,女子,50m自由形,26.59,27.78,45~49歳,29.51,23,小林恵理子,セ・蘇我,7/104,9.24,,1.06,
No.15,女子,50m自由形,26.44,26.95,40~44歳,29.16,1,宮本八重,セ・慶應日吉,27/63,0.95,,0.64,
No.15,女子,50m自由形,26.44,26.95,40~44歳,29.16,2,永田加那子,セ・葛西,27/43,1.85,,0.77,
No.15,女子,50m自由形,26.44,26.95,40~44歳,29.16,3,関川晶子,セ・下北沢,27/33,3.45,,0.78,
No.15,女子,50m自由形,26.44,26.95,40~44歳,29.16,4,中村可奈子,セ・おおたか,26/33,4.45,,0.85,
No.15,女子,50m自由形,26.44,26.95,40~44歳,29.16,5,溝井花代子,セ・葛西,23/63,6.51,,0.83,
No.15,女子,50m自由形,26.44,26.95,40~44歳,29.16,6,小高麻衣子,セ・市川,19/93,8.50,,1.01,
No.15,女子,50m自由形,26.44,26.95,40~44歳,29.16,7,町田麻里,セ・南千住,23/13,8.81,,0.79,
No.15,女子,50m自由形,26.44,26.95,40~44歳,29.16,8,井島孝子,セ・天王洲,13/14,2.90,,1.33,
No.15,女子,50m自由形,26.44,26.95,40~44歳,29.16,9,白花茉莉,セ・久喜,11/104,3.04,,1.05,
No.15,女子,50m自由形,26.44,26.95,40~44歳,29.16,10,谷美希子,セ・府中,16/14,3.77,,0.80,
No.15,女子,50m自由形,26.44,26.95,40~44歳,29.16,11,加藤涼子,セ・桶川北本,18/104,3.90,,0.78,
No.15,女子,50m自由形,26.44,26.95,40~44歳,29.16,12,小山内詔子,セ・下北沢,14/94,7.46,,0.80,
No.15,女子,50m自由形,25.98,27.37,35~39歳,28.87,1,川北恵,セ・長津田,29/62,9.60,,0.71,
No.15,女子,50m自由形,25.98,27.37,35~39歳,28.87,2,新井亜衣,セ・市川,28/52,9.84,,0.79,
No.15,女子,50m自由形,25.98,27.37,35~39歳,28.87,3,菊地美春,セ・目黒,28/83,0.88,,0.64,
No.15,女子,50m自由形,25.98,27.37,35~39歳,28.87,4,新妻梓,セ・西東京,28/43,1.68,,0.67,
No.15,女子,50m自由形,25.98,27.37,35~39歳,28.87,5,中畑眸,セ・成城,28/23,2.16,,0.68,
No.15,女子,50m自由形,25.98,27.37,35~39歳,28.87,6,岩田愛恵,セ・成城,20/33,4.68,,0.77,
No.15,女子,50m自由形,25.98,27.37,35~39歳,28.87,7,李鎬善,セ・目黒,23/23,7.30,,0.70,
No.15,女子,50m自由形,25.98,27.37,35~39歳,28.87,8,中辷澄美,セ・天王洲,21/83,7.97,,0.80,
No.15,女子,50m自由形,25.98,27.37,35~39歳,28.87,9,國政玲,セ・南青山,19/44,1.61,,0.94,
No.15,女子,50m自由形,25.74,26.42,30~34歳,26.42,1,早川舞,セ・蒲田,28/62,9.86,,0.70,
No.15,女子,50m自由形,25.74,26.42,30~34歳,26.42,2,大椛詩織,セ・葛西,28/93,1.16,,0.74,
No.15,女子,50m自由形,25.74,26.42,30~34歳,26.42,3,吉田のばら,セ・南千住,25/13,1.97,,0.95,
No.15,女子,50m自由形,25.74,26.42,30~34歳,26.42,4,深堀陽子,セ・二俣川,26/53,2.99,,0.72,
No.15,女子,50m自由形,25.74,26.42,30~34歳,26.42,5,岡澤美咲,セ・茂原,20/83,6.99,,1.00,
No.15,女子,50m自由形,25.74,26.42,30~34歳,26.42,6,髙橋未沙,セ・おおたか,16/103,9.98,,0.90,
No.15,女子,50m自由形,25.74,26.42,30~34歳,26.42,7,杉田望美,セ・久喜,7/54,0.78,,1.21,
No.15,女子,50m自由形,25.74,26.42,30~34歳,26.42,8,熊谷紗友梨,セ・s湘南台,14/14,5.12,,1.01,
No.15,女子,50m自由形,25.42,26.53,25~29歳,27.43,1,松浦沙弥,ミズノMT,29/23,1.12,,0.64,
No.15,女子,50m自由形,25.42,26.53,25~29歳,27.43,2,松澤春菜,セ・大宮宮原,27/83,1.95,,0.71,
No.15,女子,50m自由形,25.42,26.53,25~29歳,27.43,3,木田景子,セ・平塚,27/23,2.02,,0.72,
No.15,女子,50m自由形,25.42,26.53,25~29歳,27.43,4,宮田さくら,セ・成城,27/13,2.47,,0.77,
No.15,女子,50m自由形,25.42,26.53,25~29歳,27.43,5,岡本詩絵理,セ・藤沢,26/23,3.27,,0.79,
No.15,女子,50m自由形,25.42,26.53,25~29歳,27.43,6,二宮若葉,セ・南青山,24/43,3.83,,0.76,
No.15,女子,50m自由形,25.42,26.53,25~29歳,27.43,7,足立知実,セ・平塚,26/103,5.10,,0.71,
No.15,女子,50m自由形,25.42,26.53,25~29歳,27.43,8,柏木涼,セ・越谷LT,19/103,6.40,,0.82,
No.15,女子,50m自由形,25.42,26.65,18~24歳,28.03,1,高橋紗良,セ・長津田,29/32,9.54,,0.68,
No.15,女子,50m自由形,25.42,26.65,18~24歳,28.03,2,深谷美緒,セ・東十条,26/63,1.02,,0.70,
No.15,女子,50m自由形,25.42,26.65,18~24歳,28.03,3,岡田星理,セ・谷津,28/103,1.26,,0.67,
No.15,女子,50m自由形,25.42,26.65,18~24歳,28.03,4,栃元春乃,セ・西東京,29/103,1.29,,0.69,
No.15,女子,50m自由形,25.42,26.65,18~24歳,28.03,5,櫻井春佳,セ・大宮宮原,29/13,1.87,,0.67,
No.15,女子,50m自由形,25.42,26.65,18~24歳,28.03,6,正垣木梨,セ・下北沢,28/73,2.47,,0.74,
No.15,女子,50m自由形,25.42,26.65,18~24歳,28.03,7,今井恵子,セ・阿佐谷,29/93,2.59,,0.68,
No.15,女子,50m自由形,25.42,26.65,18~24歳,28.03,8,松本彩花,セ・二俣川,26/93,4.57,,0.78,
No.15,女子,50m自由形,25.42,26.65,18~24歳,28.03,9,寺本茉冬,セ・八王子,23/103,4.71,,0.71,
No.15,女子,50m自由形,25.42,26.65,18~24歳,28.03,9,森山稜子,セ・新都心,25/103,4.71,,0.68,
No.16,男子,50m自由形,38.64,40.89,90~94歳,52.43,1,椎野正敏,セ・越谷,2/15,5.87,,1.05,
No.16,男子,50m自由形,33.74,33.74,85~89歳,43.66,1,大堀兵衛,セ・下北沢,1/85,7.11,,1.60,
No.16,男子,50m自由形,33.74,33.74,85~89歳,43.66,2,丸野公敏,セ・南千住,1/9,1:06.37,,,
No.16,男子,50m自由形,31.23,31.23,80~84歳,36.52,1,井口穣,セ・東戸塚,6/54,0.77,,0.82,
No.16,男子,50m自由形,31.23,31.23,80~84歳,36.52,2,池端孝一,セ・成瀬,5/74,1.81,,0.92,
No.16,男子,50m自由形,31.23,31.23,80~84歳,36.52,3,中村欣正,セ・流山,4/44,2.40,,0.80,
No.16,男子,50m自由形,31.23,31.23,80~84歳,36.52,4,井上隆史,セ・市ヶ尾,4/64,4.32,,1.00,
No.16,男子,50m自由形,31.23,31.23,80~84歳,36.52,5,小田稔,セ・慶應日吉,3/64,5.75,,1.00,
No.16,男子,50m自由形,31.23,31.23,80~84歳,36.52,6,保谷由夫,G-SPA,2/55,0.22,,0.92,
No.16,男子,50m自由形,31.23,31.23,80~84歳,36.52,7,増山晶一,セ・下北沢,1/75,4.23,,1.06,
No.16,男子,50m自由形,31.23,31.23,80~84歳,36.52,8,丸本芳郎,ザノス鶴見,1/25,6.18,,,
No.16,男子,50m自由形,29.19,30.08,75~79歳,32.1,1,滋野文夫,セ・前橋,18/93,0.61,大会新,0.86,
No.16,男子,50m自由形,29.19,30.08,75~79歳,32.1,2,木津誠,セ・成城,9/53,5.17,,0.83,
No.16,男子,50m自由形,29.19,30.08,75~79歳,32.1,3,嶋﨑昭夫,セ・西東京,8/33,7.76,,0.85,
No.16,男子,50m自由形,29.19,30.08,75~79歳,32.1,4,瀧下敏和,セ・志木,6/14,1.51,,0.92,
No.16,男子,50m自由形,29.19,30.08,75~79歳,32.1,5,石井肇,墨田区体育館,3/94,2.33,,1.11,
No.16,男子,50m自由形,29.19,30.08,75~79歳,32.1,6,丸喜章,セ・茂原,6/24,3.02,,1.00,
No.16,男子,50m自由形,29.19,30.08,75~79歳,32.1,7,田中信夫,セ・越谷,3/74,5.66,,1.17,
No.16,男子,50m自由形,29.19,30.08,75~79歳,32.1,8,松永勝,セ・おおたか,2/44,6.06,,1.16,
No.16,男子,50m自由形,29.19,30.08,75~79歳,32.1,9,御手洗康美,セ・大森,2/74,6.19,,1.09,
No.16,男子,50m自由形,29.19,30.08,75~79歳,32.1,10,手塚満,セ・おおたか,3/24,7.64,,0.83,
No.16,男子,50m自由形,29.19,30.08,75~79歳,32.1,11,泉保央,セ・慶應日吉,3/34,9.83,,,
No.16,男子,50m自由形,29.19,30.08,75~79歳,32.1,12,内田幸稔,セ・松戸,5/105,0.34,,0.91,
No.16,男子,50m自由形,29.19,30.08,75~79歳,32.1,13,竹島正明,セ・越谷,1/55,2.66,,0.92,
No.16,男子,50m自由形,27.12,28.58,70~74歳,29.64,1,亀田一麿,セ・東戸塚,13/53,3.41,,0.83,
No.16,男子,50m自由形,27.12,28.58,70~74歳,29.64,2,安藤次郎,セ・館山,12/23,3.95,,0.83,
No.16,男子,50m自由形,27.12,28.58,70~74歳,29.64,3,鈴木幹男,セ・我孫子,11/23,6.05,,0.96,
No.16,男子,50m自由形,27.12,28.58,70~74歳,29.64,4,古川賢一郎,ザノス川崎,5/53,9.06,,1.24,
No.16,男子,50m自由形,27.12,28.58,70~74歳,29.64,5,幡場達明,セ・大宮宮原,8/93,9.37,,0.82,
No.16,男子,50m自由形,27.12,28.58,70~74歳,29.64,6,橋本亘,セ・おおたか,5/63,9.45,,0.92,
No.16,男子,50m自由形,27.12,28.58,70~74歳,29.64,7,宇佐美栄二,セ・阿佐谷,7/54,0.53,,0.94,
No.16,男子,50m自由形,27.12,28.58,70~74歳,29.64,8,常山賢二,曽谷・セ,6/74,0.66,,1.03,
No.16,男子,50m自由形,27.12,28.58,70~74歳,29.64,9,服部陽一,セ・成瀬,6/104,1.21,,0.81,
No.16,男子,50m自由形,27.12,28.58,70~74歳,29.64,10,梅村潔,セ・茂原,4/74,2.15,,0.75,
No.16,男子,50m自由形,27.12,28.58,70~74歳,29.64,11,中村雄一,G-SPA,5/44,2.37,,,
No.16,男子,50m自由形,27.12,28.58,70~74歳,29.64,12,松下達一,セ・成城,6/94,3.33,,1.07,
No.16,男子,50m自由形,27.12,28.58,70~74歳,29.64,13,大久保美伸,セ・松戸,3/84,7.02,,1.08,
No.16,男子,50m自由形,27.12,28.58,70~74歳,29.64,14,山田幸男,セ・南千住,3/44,7.41,,1.06,
No.16,男子,50m自由形,27.12,28.58,70~74歳,29.64,15,増田行雄,セ・蒲田,2/84,9.40,,1.07,
No.16,男子,50m自由形,27.12,28.58,70~74歳,29.64,16,髙橋修一,セ・我孫子,2/35,0.52,,1.06,
No.16,男子,50m自由形,27.12,28.58,70~74歳,29.64,17,森下善夫,セ・大宮宮原,3/105,2.30,,0.92,
No.16,男子,50m自由形,26.21,26.35,65~69歳,28.14,1,冨松実,セ・二俣川,15/93,2.99,,0.71,
No.16,男子,50m自由形,26.21,26.35,65~69歳,28.14,2,槙田誠,セ・南千住,12/33,4.68,,0.76,
No.16,男子,50m自由形,26.21,26.35,65~69歳,28.14,3,山梨英克,セ・我孫子,9/63,5.10,,0.74,
No.16,男子,50m自由形,26.21,26.35,65~69歳,28.14,4,佐藤信弘,セ・桶川北本,10/73,5.37,,0.89,
No.16,男子,50m自由形,26.21,26.35,65~69歳,28.14,5,五十嵐洋,セ・おおたか,10/53,5.93,,0.71,
No.16,男子,50m自由形,26.21,26.35,65~69歳,28.14,6,阿部宏之助,セ・上池袋,8/23,8.24,,0.83,
No.16,男子,50m自由形,26.21,26.35,65~69歳,28.14,7,茂木和哉,セ・市ヶ尾,9/33,8.29,,0.78,
No.16,男子,50m自由形,26.21,26.35,65~69歳,28.14,8,西森文史郎,セ・長津田,9/43,8.37,,0.91,
No.16,男子,50m自由形,26.21,26.35,65~69歳,28.14,9,仲宇佐隆一,セ・横浜,10/93,8.41,,0.79,
No.16,男子,50m自由形,26.21,26.35,65~69歳,28.14,10,山中一男,セ・阿佐谷,8/83,9.73,,0.87,
No.16,男子,50m自由形,26.21,26.35,65~69歳,28.14,11,金丸正弘,セ・府中,2/24,0.68,,1.21,
No.16,男子,50m自由形,26.21,26.35,65~69歳,28.14,12,赤坂吉昭,セ・葛西,9/74,1.91,,0.87,
No.16,男子,50m自由形,26.21,26.35,65~69歳,28.14,13,内藤謙一,セ・松戸,2/64,3.18,,1.59,
No.16,男子,50m自由形,26.21,26.35,65~69歳,28.14,14,秋山和弘,ザノス鶴見,3/14,7.29,,0.88,
No.16,男子,50m自由形,26.21,26.35,65~69歳,28.14,15,櫛田伸彦,ザノス鶴見,4/84,7.65,,1.10,
No.16,男子,50m自由形,26.21,26.35,65~69歳,28.14,16,楢橋章,セ・川越,2/95,5.68,,1.34,
No.16,男子,50m自由形,24.82,26.66,60~64歳,27.13,1,金子勝,セ・岩槻,17/23,0.64,,0.67,
No.16,男子,50m自由形,24.82,26.66,60~64歳,27.13,2,和田浩一,セ・用賀,16/63,0.81,,0.78,
No.16,男子,50m自由形,24.82,26.66,60~64歳,27.13,3,沼田真清,セ・南青山,19/73,1.04,,0.59,
No.16,男子,50m自由形,24.82,26.66,60~64歳,27.13,4,廣本佳也,セ・上池袋,15/53,2.02,,0.93,
No.16,男子,50m自由形,24.82,26.66,60~64歳,27.13,5,神尾尚人,セ・市ヶ尾,14/33,2.59,,0.68,
No.16,男子,50m自由形,24.82,26.66,60~64歳,27.13,6,中村幸弘,セ・越谷,14/63,2.74*特別賞(申)*,,0.87,
No.16,男子,50m自由形,24.82,26.66,60~64歳,27.13,7,一色洋志,セ・福生,13/63,2.93,,0.73,
No.16,男子,50m自由形,24.82,26.66,60~64歳,27.13,8,森明法,セ・慶應日吉,11/63,3.08,,0.97,
No.16,男子,50m自由形,24.82,26.66,60~64歳,27.13,9,名田裕,セ・稲毛海岸,13/93,4.48,,0.99,
No.16,男子,50m自由形,24.82,26.66,60~64歳,27.13,10,横浜健,セ・南青山,13/23,4.95,,0.78,
No.16,男子,50m自由形,24.82,26.66,60~64歳,27.13,11,金田雅之,セ・育見台,12/93,5.13,,0.90,
No.16,男子,50m自由形,24.82,26.66,60~64歳,27.13,12,横山恵一,セ・越谷,7/43,5.61,,0.79,
No.16,男子,50m自由形,24.82,26.66,60~64歳,27.13,13,二宮次郎,セ・南宇都宮,8/63,6.60,,0.74,
No.16,男子,50m自由形,24.82,26.66,60~64歳,27.13,14,山元修一,セ・葛西,4/23,9.18,,0.78,
No.16,男子,50m自由形,24.82,26.66,60~64歳,27.13,15,後藤潤,セ・成城,6/33,9.25,,0.84,
No.16,男子,50m自由形,24.82,26.66,60~64歳,27.13,16,渡邉聖,セ・大森,6/83,9.26,,0.97,
No.16,男子,50m自由形,24.82,26.66,60~64歳,27.13,17,山本勝,セ・慶應日吉,7/63,9.34,,0.87,
No.16,男子,50m自由形,24.82,26.66,60~64歳,27.13,18,上松高造,セ・武蔵小杉,5/34,1.31,,0.84,
No.16,男子,50m自由形,24.82,26.66,60~64歳,27.13,19,安藤靖,セ・南青山,8/14,1.68,,0.77,
No.16,男子,50m自由形,24.82,26.66,60~64歳,27.13,20,岡部浩次,セ・上池袋,6/64,2.42,,1.02,
No.16,男子,50m自由形,24.82,26.66,60~64歳,27.13,21,具島春彦,セ・大森,5/85,0.68,,1.07,
No.16,男子,50m自由形,24.82,26.66,60~64歳,27.13,22,中村袋,セ・市川,1/3,1:10.76,,1.03,
No.16,男子,50m自由形,24.45,24.45,55~59歳,26.96,1,金子惠一,セ・前橋,23/92,7.90,,0.75,
No.16,男子,50m自由形,24.45,24.45,55~59歳,26.96,2,阿部憲一,セ・大宮宮原,20/52,8.74,,0.71,
No.16,男子,50m自由形,24.45,24.45,55~59歳,26.96,3,中村勝,セ・南千住,20/22,9.92,,0.69,
No.16,男子,50m自由形,24.45,24.45,55~59歳,26.96,4,小林健,セ・葛西,17/33,0.42,,0.71,
No.16,男子,50m自由形,24.45,24.45,55~59歳,26.96,5,浅田康朗,セ・大森,19/63,0.74,,0.75,
No.16,男子,50m自由形,24.45,24.45,55~59歳,26.96,6,兵藤鋭雄,セ・目黒,17/73,1.03,,0.76,
No.16,男子,50m自由形,24.45,24.45,55~59歳,26.96,7,山賀勝之,セ・南青山,16/33,1.06,,0.69,
No.16,男子,50m自由形,24.45,24.45,55~59歳,26.96,8,新井良育,セ・市ヶ尾,14/93,1.79,,0.79,
No.16,男子,50m自由形,24.45,24.45,55~59歳,26.96,9,山田隆弘,セ・市川,15/73,2.14,,0.77,
No.16,男子,50m自由形,24.45,24.45,55~59歳,26.96,10,穴田啓樹,セ・慶應日吉,12/53,2.88,,0.78,
No.16,男子,50m自由形,24.45,24.45,55~59歳,26.96,11,福田剛紀,G-SPA,13/33,3.13,,0.78,
No.16,男子,50m自由形,24.45,24.45,55~59歳,26.96,12,田中基幹,セ・流山,14/83,3.31,,0.84,
No.16,男子,50m自由形,24.45,24.45,55~59歳,26.96,13,佐藤正章,セ・用賀,14/23,3.77,,0.81,
No.16,男子,50m自由形,24.45,24.45,55~59歳,26.96,14,兼森伸兒,ザノス八景,13/13,4.75,,0.80,
No.16,男子,50m自由形,24.45,24.45,55~59歳,26.96,15,大木義之,セ・清瀬,8/53,6.11,,0.89,
No.16,男子,50m自由形,24.45,24.45,55~59歳,26.96,16,佐野裕之,セ・武蔵小杉,8/73,6.94,,0.79,
No.16,男子,50m自由形,24.45,24.45,55~59歳,26.96,17,北村勇,セ・育見台,9/83,7.33,,0.66,
No.16,男子,50m自由形,24.45,24.45,55~59歳,26.96,18,萱沼憲司郎,セ・茂原,10/13,8.07,,0.88,
No.16,男子,50m自由形,24.45,24.45,55~59歳,26.96,19,福田義晴,セ・市川,8/43,9.27,,0.97,
No.16,男子,50m自由形,24.45,24.45,55~59歳,26.96,20,小野和彦,セ・新川崎,4/94,2.29,,0.89,
No.16,男子,50m自由形,24.45,24.45,55~59歳,26.96,21,安部盛博,セ・成城,5/14,2.78,,0.90,
No.16,男子,50m自由形,24.45,24.45,55~59歳,26.96,22,半澤繁,セ・清瀬,5/94,4.38,,0.80,
No.16,男子,50m自由形,24.45,24.45,55~59歳,26.96,23,須川真彦,セ・s湘南台,1/44,7.87,,1.06,
No.16,男子,50m自由形,24.08,24.08,50~54歳,26.99,1,池田正輝,セ・市ヶ尾,25/32,5.70,大会新,0.67,
No.16,男子,50m自由形,24.08,24.08,50~54歳,26.99,2,大村俊文,セ・二俣川,21/72,6.64,大会新,0.72,
No.16,男子,50m自由形,24.08,24.08,50~54歳,26.99,3,長崎啓,セ・二俣川,23/82,8.73,,0.80,
No.16,男子,50m自由形,24.08,24.08,50~54歳,26.99,4,川端邦武,セ・西台,18/52,9.13,,0.72,
No.16,男子,50m自由形,24.08,24.08,50~54歳,26.99,5,松崎敏明,セ・慶應日吉,22/62,9.27,,0.73,
No.16,男子,50m自由形,24.08,24.08,50~54歳,26.99,6,藤本豊和,セ・長津田,21/62,9.41,,0.63,
No.16,男子,50m自由形,24.08,24.08,50~54歳,26.99,7,石上智啓,セ・二俣川,22/102,9.81,,0.71,
No.16,男子,50m自由形,24.08,24.08,50~54歳,26.99,8,西村太郎,セ・千葉みなと,18/82,9.85,,0.62,
No.16,男子,50m自由形,24.08,24.08,50~54歳,26.99,9,阿部賢裕,セ・育見台,17/42,9.95,,0.73,
No.16,男子,50m自由形,24.08,24.08,50~54歳,26.99,10,増渕博之,セ・藤沢,15/43,0.09,,0.84,
No.16,男子,50m自由形,24.08,24.08,50~54歳,26.99,11,弭間政隆,セ・葛西,17/93,0.21,,0.93,
No.16,男子,50m自由形,24.08,24.08,50~54歳,26.99,12,門倉孝行,セ・慶應日吉,10/63,0.31,,0.94,
No.16,男子,50m自由形,24.08,24.08,50~54歳,26.99,13,荒井正明,セ・八千代台,17/63,0.37,,0.75,
No.16,男子,50m自由形,24.08,24.08,50~54歳,26.99,14,西野宮冬木,セ・長津田,16/23,0.68,,0.86,
No.16,男子,50m自由形,24.08,24.08,50~54歳,26.99,15,前田光輝,セ・おおたか,11/43,0.69,,0.67,
No.16,男子,50m自由形,24.08,24.08,50~54歳,26.99,16,内藤充,セ・新川崎,17/83,0.85,,0.77,
No.16,男子,50m自由形,24.08,24.08,50~54歳,26.99,17,青木健二,セ・蒲田,17/103,1.10,,0.61,
No.16,男子,50m自由形,24.08,24.08,50~54歳,26.99,18,山田大介,セ・武蔵小杉,16/73,1.15,,0.72,
No.16,男子,50m自由形,24.08,24.08,50~54歳,26.99,19,足立晃,セ・新川崎,18/33,1.41,,0.83,
No.16,男子,50m自由形,24.08,24.08,50~54歳,26.99,20,成島毅,セ・F宇都宮,12/63,2.06,,0.80,
No.16,男子,50m自由形,24.08,24.08,50~54歳,26.99,21,廣瀬淳一,セ・トレッサ,15/83,2.59,,0.81,
No.16,男子,50m自由形,24.08,24.08,50~54歳,26.99,22,千葉忠英,セ・天王洲,14/43,3.30,,0.79,
No.16,男子,50m自由形,24.08,24.08,50~54歳,26.99,23,岡田育行,セ・越谷,15/13,3.66,,0.77,
No.16,男子,50m自由形,24.08,24.08,50~54歳,26.99,24,松本考弘,セ・清瀬,15/63,3.84,,0.92,
No.16,男子,50m自由形,24.08,24.08,50~54歳,26.99,25,金子謙一,セ・長津田,12/43,4.15,,0.79,
No.16,男子,50m自由形,24.08,24.08,50~54歳,26.99,26,高梨繁,ザノス川崎,12/73,4.95,,0.72,
No.16,男子,50m自由形,24.08,24.08,50~54歳,26.99,27,塚越有宏,セ・市ヶ尾,7/73,5.37,,0.81,
No.16,男子,50m自由形,24.08,24.08,50~54歳,26.99,28,大川明徳,セ・阿佐谷,10/43,5.54,,1.06,
No.16,男子,50m自由形,24.08,24.08,50~54歳,26.99,29,庄司和明,セ・松戸,10/33,6.11,,0.94,
No.16,男子,50m自由形,24.08,24.08,50~54歳,26.99,30,宮本昌雄,セ・二俣川,12/13,6.42,,0.73,
No.16,男子,50m自由形,24.08,24.08,50~54歳,26.99,31,ノーズノーマウィ,セ・松戸,10/83,6.57,,0.97,
No.16,男子,50m自由形,24.08,24.08,50~54歳,26.99,32,鈴木克彦,セ・平塚,4/13,7.68,,0.78,
No.16,男子,50m自由形,24.08,24.08,50~54歳,26.99,33,三﨑淳二,セ・桶川北本,5/23,8.16,,0.92,
No.16,男子,50m自由形,24.08,24.08,50~54歳,26.99,34,向山高弘,セ・ときわ台,8/103,9.75,,0.93,
No.16,男子,50m自由形,24.08,24.08,50~54歳,26.99,35,東條博,セ・阿佐谷,4/104,2.04,,1.14,
No.16,男子,50m自由形,24.08,24.08,50~54歳,26.99,36,落合理,セ・武蔵小杉,6/44,2.28,,0.85,
No.16,男子,50m自由形,24.08,24.08,50~54歳,26.99,37,飯田勝章,セ・志木,3/54,4.63,,1.06,
No.16,男子,50m自由形,23.55,23.55,45~49歳,25.69,1,北川貴義,セ・阿佐谷,21/42,8.20,,0.71,
No.16,男子,50m自由形,23.55,23.55,45~49歳,25.69,2,倉持公一,セ・天王洲,21/92,8.58,,0.75,
No.16,男子,50m自由形,23.55,23.55,45~49歳,25.69,3,渡邊忠幸,セ・南宇都宮,22/42,8.74,,0.78,
No.16,男子,50m自由形,23.55,23.55,45~49歳,25.69,4,堀川広祐,セ・二俣川,22/12,8.88,,0.66,
No.16,男子,50m自由形,23.55,23.55,45~49歳,25.69,5,宅間健介,セ・天王洲,18/42,9.24,,0.75,
No.16,男子,50m自由形,23.55,23.55,45~49歳,25.69,6,前田潤,セ・松戸,18/22,9.43,,0.59,
No.16,男子,50m自由形,23.55,23.55,45~49歳,25.69,7,佐々木茂倫,セ・流山,20/82,9.50,,0.72,
No.16,男子,50m自由形,23.55,23.55,45~49歳,25.69,8,加地隆史,セ・葛西,18/72,9.77,,0.72,
No.16,男子,50m自由形,23.55,23.55,45~49歳,25.69,8,今井裕介,セ・南千住,20/12,9.77,,0.69,
No.16,男子,50m自由形,23.55,23.55,45~49歳,25.69,10,宮崎健,セ・福生,21/13,0.14,,0.72,
No.16,男子,50m自由形,23.55,23.55,45~49歳,25.69,11,宮岡亮介,セ・亀有,16/53,0.43,,0.78,
No.16,男子,50m自由形,23.55,23.55,45~49歳,25.69,12,磯貝知弘,セ・柏,20/103,0.73,,0.77,
No.16,男子,50m自由形,23.55,23.55,45~49歳,25.69,13,花輪博之,セ・越谷,18/13,0.79,,0.83,
No.16,男子,50m自由形,23.55,23.55,45~49歳,25.69,14,松平一真,セ・本郷台,19/53,0.86,,0.75,
No.16,男子,50m自由形,23.55,23.55,45~49歳,25.69,15,若杉佳宏,セ・阿佐谷,18/103,1.15,,0.74,
No.16,男子,50m自由形,23.55,23.55,45~49歳,25.69,16,栗原大輔,セ・成瀬,13/83,1.38,,0.85,
No.16,男子,50m自由形,23.55,23.55,45~49歳,25.69,17,西田幸弘,セ・藤沢,15/103,1.71,,0.87,
No.16,男子,50m自由形,23.55,23.55,45~49歳,25.69,18,中嶋智史,セ・市ヶ尾,16/83,2.25,,0.70,
No.16,男子,50m自由形,23.55,23.55,45~49歳,25.69,19,櫻井直仁,セ・清瀬,14/103,3.27,,0.88,
No.16,男子,50m自由形,23.55,23.55,45~49歳,25.69,20,浅野亮介,セ・新都心,7/83,3.69,,0.88,
No.16,男子,50m自由形,23.55,23.55,45~49歳,25.69,21,小島直政,セ・久喜,9/23,4.04,,1.03,
No.16,男子,50m自由形,23.55,23.55,45~49歳,25.69,22,小林貴大,セ・蘇我,12/83,4.15,,0.81,
No.16,男子,50m自由形,23.55,23.55,45~49歳,25.69,23,田辺直行,セ・武蔵小杉,7/33,4.60,,0.95,
No.16,男子,50m自由形,23.55,23.55,45~49歳,25.69,24,鈴木直哉,セ・八王子,11/93,5.37,,0.93,
No.16,男子,50m自由形,23.55,23.55,45~49歳,25.69,25,志水剛,セ・大宮宮原,10/103,7.06,,0.88,
No.16,男子,50m自由形,23.14,23.25,40~44歳,25.23,1,島脇晃也,セ・大森,24/42,6.00,,0.66,
No.16,男子,50m自由形,23.14,23.25,40~44歳,25.23,2,前田崇行,セ・二俣川,24/72,6.52,,0.68,
No.16,男子,50m自由形,23.14,23.25,40~44歳,25.23,3,山口雅文,ミズノMT,11/32,6.93,,0.76,
No.16,男子,50m自由形,23.14,23.25,40~44歳,25.23,4,吉田拓磨,セ・上池袋,23/32,7.03,,0.67,
No.16,男子,50m自由形,23.14,23.25,40~44歳,25.23,5,村守,セ・成城,20/42,8.37,,0.79,
No.16,男子,50m自由形,23.14,23.25,40~44歳,25.23,6,木村知行,セ・二俣川,21/32,8.42,,0.71,
No.16,男子,50m自由形,23.14,23.25,40~44歳,25.23,7,石井将太,セ・成瀬,22/52,8.52,,0.77,
No.16,男子,50m自由形,23.14,23.25,40~44歳,25.23,8,鈴木敏志,セ・松戸,23/12,8.90,,0.76,
No.16,男子,50m自由形,23.14,23.25,40~44歳,25.23,9,小林弘典,セ・大森,21/22,9.03,,0.69,
No.16,男子,50m自由形,23.14,23.25,40~44歳,25.23,10,宮崎隆寛,セ・越谷,13/43,2.44,,0.75,
No.16,男子,50m自由形,23.14,23.25,40~44歳,25.23,11,山岡哲也,セ・二俣川,17/13,2.78,,0.84,
No.16,男子,50m自由形,23.14,23.25,40~44歳,25.23,12,小田島丈典,セ・福生,14/53,3.58,,0.78,
No.16,男子,50m自由形,23.14,23.25,40~44歳,25.23,13,上村匠,セ・下北沢,13/73,4.23,,0.86,
No.16,男子,50m自由形,23.14,23.25,40~44歳,25.23,14,田中遼太,セ・慶應日吉,12/103,4.43,,0.69,
No.16,男子,50m自由形,23.14,23.25,40~44歳,25.23,15,宇佐美学,セ・大森,11/53,5.72,,0.83,
No.16,男子,50m自由形,23.14,23.25,40~44歳,25.23,16,清水大輔,セ・桶川北本,10/23,8.06,,0.85,
No.16,男子,50m自由形,22.76,23.2,35~39歳,24.83,1,吉川重行,セ・桶川北本,23/52,6.99,,0.67,
No.16,男子,50m自由形,22.76,23.2,35~39歳,24.83,2,高津周平,セ・武蔵小杉,24/22,7.31,,0.68,
No.16,男子,50m自由形,22.76,23.2,35~39歳,24.83,3,鈴木遼,セ・二俣川,19/42,9.93,,0.73,
No.16,男子,50m自由形,22.76,23.2,35~39歳,24.83,4,手塚一智,セ・大宮宮原,19/33,0.94,,0.72,
No.16,男子,50m自由形,22.76,23.2,35~39歳,24.83,5,佐々木悠介,セ・福島,11/103,6.82,,0.95,
No.16,男子,50m自由形,22.13,22.95,30~34歳,24.64,1,板垣義人,セ・トレッサ,25/52,4.97,,0.66,
No.16,男子,50m自由形,22.13,22.95,30~34歳,24.64,2,塚本拓也,セ・清瀬,23/62,7.00*特別賞(申)*,,0.63,
No.16,男子,50m自由形,22.13,22.95,30~34歳,24.64,3,石井孟,セ・葛西,24/12,7.63,,0.65,
No.16,男子,50m自由形,22.13,22.95,30~34歳,24.64,4,梅林大貴,セ・成城,19/82,8.45,,0.69,
No.16,男子,50m自由形,22.13,22.95,30~34歳,24.64,5,寺田遼太,セ・天王洲,21/52,8.83,,0.88,
No.16,男子,50m自由形,22.13,22.95,30~34歳,24.64,6,大野淳哉,セ・上池袋,14/73,0.87,,0.77,
No.16,男子,50m自由形,22.13,22.95,30~34歳,24.64,7,中村勇介,セ・慶應日吉,11/83,3.91,,0.93,
No.16,男子,50m自由形,22.3,22.75,25~29歳,24.2,1,安芸祐作,ミズノMT,25/72,5.02,,0.63,
No.16,男子,50m自由形,22.3,22.75,25~29歳,24.2,2,神戸優悠希,セ・茂原,20/72,5.84,,0.69,
No.16,男子,50m自由形,22.3,22.75,25~29歳,24.2,3,松尾勇太,セ・南青山,25/82,6.05,,0.61,
No.16,男子,50m自由形,22.3,22.75,25~29歳,24.2,4,宮田遼太,セ・成城,23/22,6.37,,0.71,
No.16,男子,50m自由形,22.3,22.75,25~29歳,24.2,5,松澤朋樹,セ・武蔵小杉,25/92,6.61,,0.80,
No.16,男子,50m自由形,22.3,22.75,25~29歳,24.2,6,小林和矢,セ・成城,19/22,6.64,,0.72,
No.16,男子,50m自由形,22.3,22.75,25~29歳,24.2,7,鈴木央雅,セ・清瀬,24/52,6.70,,0.70,
No.16,男子,50m自由形,22.3,22.75,25~29歳,24.2,8,高見沢重倫,セ・慶應日吉,22/82,6.87,,0.62,
No.16,男子,50m自由形,22.3,22.75,25~29歳,24.2,9,中原志門,セ・大森,24/62,7.05,,0.69,
No.16,男子,50m自由形,22.3,22.75,25~29歳,24.2,10,室坂拓真,セ・用賀,24/32,7.10,,0.65,
No.16,男子,50m自由形,22.3,22.75,25~29歳,24.2,11,谷口太文,ミズノMT,20/32,7.42,,0.66,
No.16,男子,50m自由形,22.3,22.75,25~29歳,24.2,12,加納聖士,セ・葛西,19/92,7.94,,0.68,
No.16,男子,50m自由形,22.3,22.75,25~29歳,24.2,13,川西智大,セ・南千住,22/72,8.29,,0.76,
No.16,男子,50m自由形,22.3,22.75,25~29歳,24.2,14,亀井智貴,セ・用賀,7/23,1.53,,0.74,
No.16,男子,50m自由形,22.3,22.75,25~29歳,24.2,15,岡本昌也,セ・藤沢,9/93,2.84,,0.75,
No.16,男子,50m自由形,22.3,22.76,18~24歳,22.8,1,設樂航希,セ・流山,25/62,4.43,,0.64,
No.16,男子,50m自由形,22.3,22.76,18~24歳,22.8,2,韓準燃,セ・八王子,25/22,4.62,,0.68,
No.16,男子,50m自由形,22.3,22.76,18~24歳,22.8,3,川口皓生,セ・柏,25/42,5.45,,0.64,
No.16,男子,50m自由形,22.3,22.76,18~24歳,22.8,4,村田拓斗,セ・長津田,25/102,5.60,,0.75,
No.16,男子,50m自由形,22.3,22.76,18~24歳,22.8,5,萩原裕大,セ・清瀬,22/92,5.62,,0.58,
No.16,男子,50m自由形,22.3,22.76,18~24歳,22.8,6,青木海斗,セ・用賀,24/82,6.39,,0.67,
No.16,男子,50m自由形,22.3,22.76,18~24歳,22.8,7,村上裕哉,セ・南千住,23/72,6.82,,0.67,
No.16,男子,50m自由形,22.3,22.76,18~24歳,22.8,8,荒井優吾,セ・成瀬,24/92,7.05,,0.64,
No.16,男子,50m自由形,22.3,22.76,18~24歳,22.8,8,重高良彦,セ・育見台,25/12,7.05,,0.73,
No.16,男子,50m自由形,22.3,22.76,18~24歳,22.8,10,秋澤裕介,セ・二俣川,23/42,7.17,,0.70,
No.16,男子,50m自由形,22.3,22.76,18~24歳,22.8,11,金子智哉,セ・清瀬,22/22,7.42,,0.83,
No.16,男子,50m自由形,22.3,22.76,18~24歳,22.8,12,山泉晃也,セ・東十条,21/102,8.86,,0.74,
No.16,男子,50m自由形,22.3,22.76,18~24歳,22.8,13,我妻雄大,セ・南千住,19/102,9.42,,0.68,
No.16,男子,50m自由形,22.3,22.76,18~24歳,22.8,14,和澤情,セ・八王子,24/102,9.49,,0.74,
No.16,男子,50m自由形,22.3,22.76,18~24歳,22.8,15,千原大樹,セ・自由が丘,19/13,0.14,,0.79,
No.16,男子,50m自由形,22.3,22.76,18~24歳,22.8,16,勝又晃希,セ・藤沢,13/103,0.46,,0.66,
No.16,男子,50m自由形,22.3,22.76,18~24歳,22.8,17,前納爽太,セ・葛西,16/13,1.12,,0.75,
No.16,男子,50m自由形,22.3,22.76,18~24歳,22.8,18,田村翔,セ・八王子,9/103,2.03,,0.98,
No.16,男子,50m自由形,22.3,22.76,18~24歳,22.8,19,松本海星,セ・清瀬,16/103,2.54,,0.79,
No.16,男子,50m自由形,22.3,22.76,18~24歳,22.8,20,加藤慎梧,ザノス川崎,9/13,4.00,,0.77,
No.16,男子,50m自由形,22.3,22.76,18~24歳,22.8,21,澤井康成,G-SPA,11/13,5.80,,0.94,
No.20,女子,50m平泳ぎ,51.83,54.32,85~89歳,1:07.67,1,大塚裕子,セ・成城,2/5,1:05.13,大会新,0.83,
No.20,女子,50m平泳ぎ,51.83,54.32,85~89歳,1:07.67,2,上田寿美子,セ・成城,3/5,1:07.38,大会新,1.11,
No.20,女子,50m平泳ぎ,46.94,47.59,80~84歳,58.72,1,佐藤由利子,セ・用賀,4/6,1:01.95,,0.91,
No.20,女子,50m平泳ぎ,46.94,47.59,80~84歳,58.72,2,岡本靖子,セ・慶應日吉,2/3,1:05.11,,1.14,
No.20,女子,50m平泳ぎ,46.94,47.59,80~84歳,58.72,3,永島郁子,ザノス鶴見,1/5,1:10.08,,0.91,
No.20,女子,50m平泳ぎ,46.94,47.59,80~84歳,58.72,4,浜野セ子,セ・流山,1/6,1:16.41,,0.90,
No.20,女子,50m平泳ぎ,43.95,43.95,75~79歳,55.75,1,栗林眞知子,セ・成城,6/45,7.18,,0.83,
No.20,女子,50m平泳ぎ,43.95,43.95,75~79歳,55.75,2,滋野好子,セ・前橋,8/15,7.64,,0.84,
No.20,女子,50m平泳ぎ,43.95,43.95,75~79歳,55.75,3,岡田まり子,cs南行徳,5/8,1:01.05,,0.98,
No.20,女子,50m平泳ぎ,43.95,43.95,75~79歳,55.75,4,福田加代子,セ・戸塚,6/2,1:01.60,,0.78,
No.20,女子,50m平泳ぎ,43.95,43.95,75~79歳,55.75,5,坂本光子,セ・越谷,3/7,1:04.85,,0.93,
No.20,女子,50m平泳ぎ,43.95,43.95,75~79歳,55.75,6,大手佳江,セ・南千住,3/4,1:07.07,,1.01,
No.20,女子,50m平泳ぎ,43.95,43.95,75~79歳,55.75,7,諸橋暁子,曽谷・セ,3/2,1:10.52,,0.99,
No.20,女子,50m平泳ぎ,43.95,43.95,75~79歳,55.75,8,原田早苗,セ・南千住,3/9,1:13.38,,0.94,
No.20,女子,50m平泳ぎ,43.95,43.95,75~79歳,55.75,9,栗原羊子,セ・流山,1/4,1:20.28,,1.05,
No.20,女子,50m平泳ぎ,43.95,43.95,75~79歳,55.75,10,安部澄子,セ・我孫子,1/8,1:25.27,,,
No.20,女子,50m平泳ぎ,43.95,43.95,75~79歳,55.75,11,西村咲喜子,セ・志木,1/9,1:50.43,,,
No.20,女子,50m平泳ぎ,41.67,42.98,70~74歳,46.76,1,小澤優子,セ・葛西,5/55,7.78,,0.88,
No.20,女子,50m平泳ぎ,41.67,42.98,70~74歳,46.76,2,伊藤幸英,ザノス鶴見,4/7,1:00.30,,0.99,
No.20,女子,50m平泳ぎ,41.67,42.98,70~74歳,46.76,3,松木真知子,セ・ときわ台,5/2,1:00.32,,0.93,
No.20,女子,50m平泳ぎ,41.67,42.98,70~74歳,46.76,4,矢島きよえ,cs南行徳,4/4,1:02.98,,1.02,
No.20,女子,50m平泳ぎ,41.67,42.98,70~74歳,46.76,5,荒深なみ,セ・市ヶ尾,3/3,1:03.93,,0.89,
No.20,女子,50m平泳ぎ,41.67,42.98,70~74歳,46.76,6,末光とき子,墨田区体育館,2/6,1:06.24,,0.76,
No.20,女子,50m平泳ぎ,41.67,42.98,70~74歳,46.76,7,樋口恵子,セ・育見台,4/1,1:08.84,,0.95,
No.20,女子,50m平泳ぎ,39.91,42.07,65~69歳,45.59,1,高梨美樹,セ・成城,11/34,8.57,,0.77,
No.20,女子,50m平泳ぎ,39.91,42.07,65~69歳,45.59,2,米澤美智子,セ・成瀬,11/54,9.67,,0.82,
No.20,女子,50m平泳ぎ,39.91,42.07,65~69歳,45.59,3,田代眞理子,セ・成城,10/55,1.06,,0.81,
No.20,女子,50m平泳ぎ,39.91,42.07,65~69歳,45.59,4,瀧下節子,セ・志木,8/55,1.88,,0.76,
No.20,女子,50m平泳ぎ,39.91,42.07,65~69歳,45.59,5,三枚堂かよ子,セ・阿佐谷,9/35,2.19,,0.78,
No.20,女子,50m平泳ぎ,39.91,42.07,65~69歳,45.59,6,浅野みどり,セ・天王洲,8/25,5.14,,0.87,
No.20,女子,50m平泳ぎ,39.91,42.07,65~69歳,45.59,7,小笠原三春,セ・八王子,9/55,5.73,,0.89,
No.20,女子,50m平泳ぎ,39.91,42.07,65~69歳,45.59,8,廣瀬伸子,セ・成城,10/25,6.10,,1.01,
No.20,女子,50m平泳ぎ,39.91,42.07,65~69歳,45.59,9,立間玲子,セ・我孫子,5/45,6.14,,0.91,
No.20,女子,50m平泳ぎ,39.91,42.07,65~69歳,45.59,10,五月女美幸,セ・宇都宮,7/25,6.94,,0.97,
No.20,女子,50m平泳ぎ,39.91,42.07,65~69歳,45.59,11,新井フ枝,セ・流山,7/85,6.98,,1.06,
No.20,女子,50m平泳ぎ,39.91,42.07,65~69歳,45.59,12,掃部典子,曽谷・セ,8/105,8.26,,1.07,
No.20,女子,50m平泳ぎ,39.91,42.07,65~69歳,45.59,13,太田初美,セ・越谷,10/105,8.38,,0.84,
No.20,女子,50m平泳ぎ,39.91,42.07,65~69歳,45.59,14,益田加津子,セ・自由が丘,7/75,8.86,,0.92,
No.20,女子,50m平泳ぎ,39.91,42.07,65~69歳,45.59,15,畠山眞由美,セ・柏,6/9,1:00.11,,0.80,
No.20,女子,50m平泳ぎ,39.91,42.07,65~69歳,45.59,16,藤井道子,セ・我孫子,4/2,1:01.62,,0.85,
No.20,女子,50m平泳ぎ,39.91,42.07,65~69歳,45.59,17,近藤みゆき,セ・阿佐谷,6/8,1:01.76,,0.71,
No.20,女子,50m平泳ぎ,39.91,42.07,65~69歳,45.59,18,渋谷照代,セ・我孫子,4/9,1:04.74,,0.99,
No.20,女子,50m平泳ぎ,39.91,42.07,65~69歳,45.59,19,池田則子,セ・松戸,2/4,1:06.49,,1.07,
No.20,女子,50m平泳ぎ,39.91,42.07,65~69歳,45.59,20,渡邉登美子,セ・阿佐谷,5/6,1:09.40,,0.79,
No.20,女子,50m平泳ぎ,39.91,42.07,65~69歳,45.59,21,木村恵,セ・我孫子,3/1,1:11.52,,0.86,
No.20,女子,50m平泳ぎ,39.91,42.07,65~69歳,45.59,22,田村加代子,セ・おおたか,2/2,1:13.14,,0.98,
No.20,女子,50m平泳ぎ,39.91,42.07,65~69歳,45.59,23,池田真理子,セ・大森,5/10,1:15.57,,1.27,
No.20,女子,50m平泳ぎ,39.91,42.07,65~69歳,45.59,24,橋本真紀,セ・慶應日吉,3/6,1:17.29,,0.92,
No.20,女子,50m平泳ぎ,39.91,42.07,65~69歳,45.59,25,小高和子,セ・桶川北本,2/8,1:21.03,,,
No.20,女子,50m平泳ぎ,39.91,42.07,65~69歳,45.59,26,池長幸子,セ・桶川北本,2/9,1:21.77,,1.04,
No.20,女子,50m平泳ぎ,37.43,38.07,60~64歳,43.45,1,磯村由紀子,セ・越谷,11/84,5.68,,0.79,
No.20,女子,50m平泳ぎ,37.43,38.07,60~64歳,43.45,2,野島久枝,セ・二俣川,12/84,6.62,,0.87,
No.20,女子,50m平泳ぎ,37.43,38.07,60~64歳,43.45,3,山本庸子,セ・八王子,10/64,9.46,,1.14,
No.20,女子,50m平泳ぎ,37.43,38.07,60~64歳,43.45,4,酒井寿美恵,クリースパ,10/44,9.93,,0.77,
No.20,女子,50m平泳ぎ,37.43,38.07,60~64歳,43.45,5,長野佐稚子,セ・東十条,8/65,1.80,,0.98,
No.20,女子,50m平泳ぎ,37.43,38.07,60~64歳,43.45,6,相澤紋美,セ・阿佐谷,9/45,3.08,,0.85,
No.20,女子,50m平泳ぎ,37.43,38.07,60~64歳,43.45,7,山中恵子,セ・桶川北本,10/95,3.33,,1.01,
No.20,女子,50m平泳ぎ,37.43,38.07,60~64歳,43.45,8,太刀岡早苗,セ・市ヶ尾,8/35,3.43,,0.86,
No.20,女子,50m平泳ぎ,37.43,38.07,60~64歳,43.45,9,蛯名とも子,セ・志木,6/75,4.21,,0.80,
No.20,女子,50m平泳ぎ,37.43,38.07,60~64歳,43.45,10,柳沢智子,セ・成城,10/15,4.89,,0.99,
No.20,女子,50m平泳ぎ,37.43,38.07,60~64歳,43.45,11,吉野ひとみ,セ・松戸,7/15,9.74,,0.91,
No.20,女子,50m平泳ぎ,37.43,38.07,60~64歳,43.45,12,勝又聡子,セ・福生,7/9,1:00.09,,0.88,
No.20,女子,50m平泳ぎ,37.43,38.07,60~64歳,43.45,13,佐々木政子,セ・大森,3/8,1:07.35,,0.97,
No.20,女子,50m平泳ぎ,37.43,38.07,60~64歳,43.45,14,黒川慶子,セ・上池袋,4/10,1:09.22,,0.86,
No.20,女子,50m平泳ぎ,35.59,37.52,55~59歳,40,1,前畑章子,セ・慶應日吉,13/94,5.37,,0.73,
No.20,女子,50m平泳ぎ,35.59,37.52,55~59歳,40,2,仲田久美子,セ・成城,11/94,5.78,,0.75,
No.20,女子,50m平泳ぎ,35.59,37.52,55~59歳,40,3,羽山恵津子,セ・葛西,12/44,6.07,,0.71,
No.20,女子,50m平泳ぎ,35.59,37.52,55~59歳,40,4,鶴岡美佐,ザノス八景,12/34,6.66,,0.72,
No.20,女子,50m平泳ぎ,35.59,37.52,55~59歳,40,5,船津香,セ・自由が丘,11/24,8.69,,0.79,
No.20,女子,50m平泳ぎ,35.59,37.52,55~59歳,40,6,佐藤美絵子,セ・清瀬,11/104,8.71,,0.73,
No.20,女子,50m平泳ぎ,35.59,37.52,55~59歳,40,7,角南美貴,セ・我孫子,10/85,0.97,,0.81,
No.20,女子,50m平泳ぎ,35.59,37.52,55~59歳,40,8,三沢弘美,セ・長津田,10/75,1.92,,0.95,
No.20,女子,50m平泳ぎ,35.59,37.52,55~59歳,40,9,小林名緒子,セ・大森,7/45,2.98,,0.86,
No.20,女子,50m平泳ぎ,35.59,37.52,55~59歳,40,10,坂井慶子,セ・大宮宮原,9/85,3.78,,0.93,
No.20,女子,50m平泳ぎ,35.59,37.52,55~59歳,40,11,冨樫真樹子,セ・用賀,8/75,4.80,,0.66,
No.20,女子,50m平泳ぎ,35.59,37.52,55~59歳,40,12,澤野貴子,セ・葛西,6/15,5.73,,0.69,
No.20,女子,50m平泳ぎ,35.59,37.52,55~59歳,40,13,苞車ミ,セ・八王子,6/35,7.07,,0.97,
No.20,女子,50m平泳ぎ,35.59,37.52,55~59歳,40,14,山田智子,セ・慶應日吉,5/95,8.19,,0.88,
No.20,女子,50m平泳ぎ,35.59,37.52,55~59歳,40,15,森内裕子,セ・天王洲,7/105,8.81,,0.98,
No.20,女子,50m平泳ぎ,35.59,37.52,55~59歳,40,16,平澤馨,セ・府中,4/3,1:00.63,,,
No.20,女子,50m平泳ぎ,34.18,37.22,50~54歳,39.33,1,池田智子,セ・目黒,12/64,4.55,,0.78,
No.20,女子,50m平泳ぎ,34.18,37.22,50~54歳,39.33,2,白須靖子,セ・市ヶ尾,11/64,6.32,,0.83,
No.20,女子,50m平泳ぎ,34.18,37.22,50~54歳,39.33,3,佐藤洋子,セ・成城,13/14,6.46,,0.71,
No.20,女子,50m平泳ぎ,34.18,37.22,50~54歳,39.33,4,五十嵐知佐,セ・おおたか,12/24,6.47,,0.73,
No.20,女子,50m平泳ぎ,34.18,37.22,50~54歳,39.33,5,加藤美保,セ・上池袋,12/54,6.96,,0.87,
No.20,女子,50m平泳ぎ,34.18,37.22,50~54歳,39.33,6,田原文月,セ・南千住,11/74,7.49,,0.88,
No.20,女子,50m平泳ぎ,34.18,37.22,50~54歳,39.33,7,磯村麻衣子,セ・上池袋,7/54,8.80,,0.82,
No.20,女子,50m平泳ぎ,34.18,37.22,50~54歳,39.33,8,森川佳余子,クリースパ,10/35,1.56,,0.94,
No.20,女子,50m平泳ぎ,34.18,37.22,50~54歳,39.33,9,佐藤晶子,セ・おおたか,9/75,2.29,,0.72,
No.20,女子,50m平泳ぎ,34.18,37.22,50~54歳,39.33,10,村岡貴子,セ・桶川北本,8/95,4.56,,0.89,
No.20,女子,50m平泳ぎ,34.18,37.22,50~54歳,39.33,11,岩朋実,セ・川越,6/65,7.28,,0.90,
No.20,女子,50m平泳ぎ,34.18,37.22,50~54歳,39.33,12,田上麻紀,セ・久喜,4/85,7.47,,0.87,
No.20,女子,50m平泳ぎ,34.18,37.22,50~54歳,39.33,13,津田千鶴,セ・育見台,9/25,9.93,,1.00,
No.20,女子,50m平泳ぎ,34.18,37.22,50~54歳,39.33,14,大久保彩子,セ・阿佐谷,2/7,1:01.03,,1.17,
No.20,女子,50m平泳ぎ,34.18,37.22,50~54歳,39.33,15,小川史枝,セ・越谷LT,4/5,1:02.00,,0.89,
No.20,女子,50m平泳ぎ,34.18,37.22,50~54歳,39.33,16,佐藤淳子,セ・久喜,5/1,1:03.92,,1.04,
No.20,女子,50m平泳ぎ,34.18,37.22,50~54歳,39.33,17,平野真紀,セ・福生,3/10,1:16.28,,1.08,
No.20,女子,50m平泳ぎ,33.56,35.65,45~49歳,36.63,1,栗山貴子,セ・武蔵小杉,14/74,0.97,,0.83,
No.20,女子,50m平泳ぎ,33.56,35.65,45~49歳,36.63,2,羽田文,セ・成城,14/64,1.84,,0.77,
No.20,女子,50m平泳ぎ,33.56,35.65,45~49歳,36.63,3,小山知子,セ・市ヶ尾,13/74,3.32,,0.70,
No.20,女子,50m平泳ぎ,33.56,35.65,45~49歳,36.63,4,三宅信花,セ・阿佐谷,14/94,3.55,,0.68,
No.20,女子,50m平泳ぎ,33.56,35.65,45~49歳,36.63,5,菅野ゆかり,セ・桶川北本,9/94,6.29,,0.67,
No.20,女子,50m平泳ぎ,33.56,35.65,45~49歳,36.63,6,関康代,セ・宇都宮,13/104,6.91,,0.80,
No.20,女子,50m平泳ぎ,33.56,35.65,45~49歳,36.63,7,手島幸恵,セ・藤沢,12/14,7.72,,0.85,
No.20,女子,50m平泳ぎ,33.56,35.65,45~49歳,36.63,8,小林恵理子,セ・蘇我,9/65,4.20,,1.06,
No.20,女子,50m平泳ぎ,32.42,35.05,40~44歳,38.52,1,中村可奈子,セ・おおたか,14/44,2.17,,0.70,
No.20,女子,50m平泳ぎ,32.42,35.05,40~44歳,38.52,2,山田未紗子,セ・越谷,14/104,3.16,,0.80,
No.20,女子,50m平泳ぎ,32.42,35.05,40~44歳,38.52,3,溝井花代子,セ・葛西,12/74,6.63,,0.83,
No.20,女子,50m平泳ぎ,32.42,35.05,40~44歳,38.52,4,大竹昌子,セ・大森,12/94,8.05,,0.72,
No.20,女子,50m平泳ぎ,32.42,35.05,40~44歳,38.52,5,吉田瑠夏,曽谷・セ,8/45,3.92,,0.98,
No.20,女子,50m平泳ぎ,32.42,35.05,40~44歳,38.52,6,谷美希子,セ・府中,6/105,5.88,,0.79,
No.20,女子,50m平泳ぎ,31.35,33.24,35~39歳,37.84,1,大家萌実,セ・用賀,13/24,4.53,,0.61,
No.20,女子,50m平泳ぎ,31.35,33.24,35~39歳,37.84,2,岩田愛恵,セ・成城,12/104,8.79,,0.84,
No.20,女子,50m平泳ぎ,31.35,33.24,35~39歳,37.84,3,RacaruGabriela,セ・慶應日吉,9/105,0.01,,0.89,
No.20,女子,50m平泳ぎ,31.35,33.24,35~39歳,37.84,4,久保美由紀,セ・長津田,9/15,3.99,,0.85,
No.20,女子,50m平泳ぎ,32.22,32.42,30~34歳,37.51,1,大椛詩織,セ・葛西,13/34,1.62,,0.80,
No.20,女子,50m平泳ぎ,32.22,32.42,30~34歳,37.51,2,深堀陽子,セ・二俣川,14/24,3.23,,0.74,
No.20,女子,50m平泳ぎ,31.6,32.75,25~29歳,36.99,1,遠藤桃,セ・越谷,14/13,9.84,,0.83,
No.20,女子,50m平泳ぎ,31.6,32.75,25~29歳,36.99,2,柏木涼,セ・越谷LT,11/14,4.81,,0.76,
No.20,女子,50m平泳ぎ,31.6,32.57,18~24歳,34.89,1,竹山睦月,セ・南青山,14/53,6.02,,0.61,
No.20,女子,50m平泳ぎ,31.6,32.57,18~24歳,34.89,2,皆川すみれ,セ・南青山,13/84,4.87,,0.83,
No.20,女子,50m平泳ぎ,31.6,32.57,18~24歳,34.89,3,松本彩花,セ・二俣川,11/44,9.71,,0.76,
No.21,男子,50m平泳ぎ,41.68,41.68,80~84歳,49.32,1,池端孝一,セ・成瀬,4/95,4.48,,0.89,
No.21,男子,50m平泳ぎ,41.68,41.68,80~84歳,49.32,2,井口穣,セ・東戸塚,2/65,7.18,,0.84,
No.21,男子,50m平泳ぎ,41.68,41.68,80~84歳,49.32,3,小田稔,セ・慶應日吉,1/2,1:08.91,,1.22,
No.21,男子,50m平泳ぎ,38.12,39.86,75~79歳,42.47,1,今修二,セ・越谷,4/85,0.22,,1.12,
No.21,男子,50m平泳ぎ,38.12,39.86,75~79歳,42.47,2,山口博,セ・志木,3/25,4.70,,1.18,
No.21,男子,50m平泳ぎ,38.12,39.86,75~79歳,42.47,3,服部宣孔,セ・ときわ台,1/9,1:06.08,,1.10,
No.21,男子,50m平泳ぎ,38.12,39.86,75~79歳,42.47,4,手塚満,セ・おおたか,1/8,1:06.55,,0.83,
No.21,男子,50m平泳ぎ,34.69,36.42,70~74歳,40.37,1,吉村進,セ・阿佐谷,7/54,1.99,,0.72,
No.21,男子,50m平泳ぎ,34.69,36.42,70~74歳,40.37,2,村田幸士郎,セ・阿佐谷,6/44,3.34,,0.92,
No.21,男子,50m平泳ぎ,34.69,36.42,70~74歳,40.37,3,古川賢一郎,ザノス川崎,3/54,7.29,,1.11,
No.21,男子,50m平泳ぎ,34.69,36.42,70~74歳,40.37,4,幡場達明,セ・大宮宮原,5/94,8.10,,0.98,
No.21,男子,50m平泳ぎ,34.69,36.42,70~74歳,40.37,5,服部陽一,セ・成瀬,4/75,0.60,,0.94,
No.21,男子,50m平泳ぎ,34.69,36.42,70~74歳,40.37,6,橋本亘,セ・おおたか,3/15,5.91,,0.89,
No.21,男子,50m平泳ぎ,34.69,36.42,70~74歳,40.37,7,増田行雄,セ・蒲田,2/4,1:00.09,,1.21,
No.21,男子,50m平泳ぎ,34.69,36.42,70~74歳,40.37,8,大久保美伸,セ・松戸,2/5,1:00.65,,0.96,
No.21,男子,50m平泳ぎ,34.69,36.42,70~74歳,40.37,9,髙橋修一,セ・我孫子,1/1,1:08.38,,1.02,
No.21,男子,50m平泳ぎ,33.3,33.91,65~69歳,39.36,1,前川正,セ・F東戸塚,6/54,4.03,,0.75,
No.21,男子,50m平泳ぎ,33.3,33.91,65~69歳,39.36,2,山梨英克,セ・我孫子,5/84,6.23,,0.77,
No.21,男子,50m平泳ぎ,33.3,33.91,65~69歳,39.36,3,鈴木哲治,墨田区体育館,4/54,6.35,,0.92,
No.21,男子,50m平泳ぎ,33.3,33.91,65~69歳,39.36,4,中井岳郎,セ・成城,5/54,7.39,,0.79,
No.21,男子,50m平泳ぎ,33.3,33.91,65~69歳,39.36,5,竹内新,セ・府中,2/34,8.48,,0.95,
No.21,男子,50m平泳ぎ,33.3,33.91,65~69歳,39.36,6,大滝恭伸,セ・市ヶ尾,5/74,8.55,,1.02,
No.21,男子,50m平泳ぎ,33.3,33.91,65~69歳,39.36,7,若山聖亮,G-SPA,3/44,9.55,,0.93,
No.21,男子,50m平泳ぎ,33.3,33.91,65~69歳,39.36,8,折居彰,セ・阿佐谷,3/65,0.61,,1.00,
No.21,男子,50m平泳ぎ,33.3,33.91,65~69歳,39.36,9,阿部宏之助,セ・上池袋,4/25,1.88,,0.86,
No.21,男子,50m平泳ぎ,33.3,33.91,65~69歳,39.36,10,内藤謙一,セ・松戸,1/55,2.70,,1.03,
No.21,男子,50m平泳ぎ,33.3,33.91,65~69歳,39.36,11,仲二見実,セ・ときわ台,3/105,4.50,,1.43,
No.21,男子,50m平泳ぎ,33.3,33.91,65~69歳,39.36,12,赤坂吉昭,セ・葛西,5/35,5.97,,0.83,
No.21,男子,50m平泳ぎ,33.3,33.91,65~69歳,39.36,13,秋山和弘,ザノス鶴見,2/75,6.24,,0.81,
No.21,男子,50m平泳ぎ,33.3,33.91,65~69歳,39.36,14,金丸正弘,セ・府中,1/35,8.64,,0.98,
No.21,男子,50m平泳ぎ,33.3,33.91,65~69歳,39.36,15,楢橋章,セ・川越,2/15,9.49,,1.31,
No.21,男子,50m平泳ぎ,30.57,33.14,60~64歳,33.14,1,橋本秀行,セ・千葉みなと,12/93,4.22,,0.71,
No.21,男子,50m平泳ぎ,30.57,33.14,60~64歳,33.14,2,池谷千尋,セ・長津田,9/43,9.93,,0.72,
No.21,男子,50m平泳ぎ,30.57,33.14,60~64歳,33.14,3,稲毛仁,セ・松戸,9/73,9.97,,0.72,
No.21,男子,50m平泳ぎ,30.57,33.14,60~64歳,33.14,4,中村幸弘,セ・越谷,9/104,1.33,,0.98,
No.21,男子,50m平泳ぎ,30.57,33.14,60~64歳,33.14,5,中村浩司,セ・青砥,6/74,5.78,,0.88,
No.21,男子,50m平泳ぎ,30.57,33.14,60~64歳,33.14,6,蛯名昌彦,セ・志木,6/14,6.57,,0.78,
No.21,男子,50m平泳ぎ,30.57,33.14,60~64歳,33.14,7,黒川恵一,セ・市ヶ尾,5/25,0.71,,0.79,
No.21,男子,50m平泳ぎ,30.57,33.14,60~64歳,33.14,8,渡邉聖,セ・大森,4/35,1.39,,1.05,
No.21,男子,50m平泳ぎ,30.57,33.14,60~64歳,33.14,9,中村袋,セ・市川,1/6,1:17.25,,1.20,
No.21,男子,50m平泳ぎ,30.02,31.39,55~59歳,33.14,1,小倉和彦,セ・清瀬,10/53,4.47,,0.74,
No.21,男子,50m平泳ぎ,30.02,31.39,55~59歳,33.14,2,廣松伸一,セ・市ヶ尾,10/103,7.74,,0.79,
No.21,男子,50m平泳ぎ,30.02,31.39,55~59歳,33.14,3,楊華,ザノス鶴見,9/53,9.28,,0.76,
No.21,男子,50m平泳ぎ,30.02,31.39,55~59歳,33.14,4,宮木幸彦,セ・葛西,9/23,9.43,,0.77,
No.21,男子,50m平泳ぎ,30.02,31.39,55~59歳,33.14,5,兼森伸兒,ザノス八景,8/73,9.50,,0.78,
No.21,男子,50m平泳ぎ,30.02,31.39,55~59歳,33.14,6,江藤邦徳,セ・流山,7/63,9.94,,0.65,
No.21,男子,50m平泳ぎ,30.02,31.39,55~59歳,33.14,7,久保卓士,セ・天王洲,8/94,1.51,,0.71,
No.21,男子,50m平泳ぎ,30.02,31.39,55~59歳,33.14,8,兵藤鋭雄,セ・目黒,8/24,1.86,,0.76,
No.21,男子,50m平泳ぎ,30.02,31.39,55~59歳,33.14,9,北村勇,セ・育見台,6/34,3.06,,0.81,
No.21,男子,50m平泳ぎ,30.02,31.39,55~59歳,33.14,10,中島茂,セ・s湘南台,6/64,3.21,,0.82,
No.21,男子,50m平泳ぎ,30.02,31.39,55~59歳,33.14,11,伊藤正二,セ・大森,7/14,3.75,,0.78,
No.21,男子,50m平泳ぎ,30.02,31.39,55~59歳,33.14,12,佐藤正章,セ・用賀,6/94,5.70,,0.75,
No.21,男子,50m平泳ぎ,30.02,31.39,55~59歳,33.14,13,穴田啓樹,セ・慶應日吉,6/84,6.93,,0.74,
No.21,男子,50m平泳ぎ,30.02,31.39,55~59歳,33.14,14,高橋潤,セ・成瀬,3/34,9.28,,0.87,
No.21,男子,50m平泳ぎ,30.02,31.39,55~59歳,33.14,15,日暮正明,セ・天王洲,5/15,2.07,,0.99,
No.21,男子,50m平泳ぎ,30.02,31.39,55~59歳,33.14,16,福田義晴,セ・市川,3/95,2.84,,1.03,
No.21,男子,50m平泳ぎ,30.02,31.39,55~59歳,33.14,17,須川真彦,セ・s湘南台,2/85,7.53,,0.99,
No.21,男子,50m平泳ぎ,30.02,31.39,55~59歳,33.14,18,今村賢治,墨田区体育館,1/75,8.63,,0.98,
No.21,男子,50m平泳ぎ,29.7,29.7,50~54歳,30.56,1,小森康弘,セ・葛西,13/13,2.28,,0.62,
No.21,男子,50m平泳ぎ,29.7,29.7,50~54歳,30.56,2,祖川久茂,セ・長津田,10/83,6.47,,0.68,
No.21,男子,50m平泳ぎ,29.7,29.7,50~54歳,30.56,3,岡村勝重,セ・長津田,10/63,6.58,,0.64,
No.21,男子,50m平泳ぎ,29.7,29.7,50~54歳,30.56,4,西村太郎,セ・千葉みなと,9/33,8.26,,0.63,
No.21,男子,50m平泳ぎ,29.7,29.7,50~54歳,30.56,5,原田真,セ・葛西,8/53,8.85,,0.78,
No.21,男子,50m平泳ぎ,29.7,29.7,50~54歳,30.56,6,阿部賢裕,セ・育見台,8/84,0.09,,0.78,
No.21,男子,50m平泳ぎ,29.7,29.7,50~54歳,30.56,7,北村洋一,セ・大森,8/34,0.28,,0.57,
No.21,男子,50m平泳ぎ,29.7,29.7,50~54歳,30.56,8,長崎啓,セ・二俣川,9/94,0.59,,0.76,
No.21,男子,50m平泳ぎ,29.7,29.7,50~54歳,30.56,9,千葉忠英,セ・天王洲,7/84,2.86,,0.78,
No.21,男子,50m平泳ぎ,29.7,29.7,50~54歳,30.56,10,古高正道,セ・天王洲,7/24,3.76,,0.86,
No.21,男子,50m平泳ぎ,29.7,29.7,50~54歳,30.56,11,久保田裕一,セ・慶應日吉,4/44,4.11,,0.72,
No.21,男子,50m平泳ぎ,29.7,29.7,50~54歳,30.56,12,向山高弘,セ・ときわ台,5/44,6.25,,0.93,
No.21,男子,50m平泳ぎ,29.7,29.7,50~54歳,30.56,13,落合理,セ・武蔵小杉,6/104,7.10,,0.81,
No.21,男子,50m平泳ぎ,29.7,29.7,50~54歳,30.56,14,三﨑淳二,セ・桶川北本,4/105,0.95,,0.98,
No.21,男子,50m平泳ぎ,29.7,29.7,50~54歳,30.56,15,鈴木克彦,セ・平塚,4/65,2.16,,0.89,
No.21,男子,50m平泳ぎ,29.7,29.7,50~54歳,30.56,16,飯田勝章,セ・志木,2/25,9.35,,0.98,
No.21,男子,50m平泳ぎ,29.22,29.22,45~49歳,30.11,1,今井裕介,セ・南千住,10/73,6.68,,0.70,
No.21,男子,50m平泳ぎ,29.22,29.22,45~49歳,30.11,2,原正敏,セ・桶川北本,9/13,7.52,,0.62,
No.21,男子,50m平泳ぎ,29.22,29.22,45~49歳,30.11,3,加地隆史,セ・葛西,10/13,8.73,,0.74,
No.21,男子,50m平泳ぎ,29.22,29.22,45~49歳,30.11,4,宮岡亮介,セ・亀有,8/63,9.12,,0.74,
No.21,男子,50m平泳ぎ,29.22,29.22,45~49歳,30.11,5,佐々木茂倫,セ・流山,10/33,9.14,,0.68,
No.21,男子,50m平泳ぎ,29.22,29.22,45~49歳,30.11,6,山岡裕和,セ・ときわ台,9/83,9.21,,0.91,
No.21,男子,50m平泳ぎ,29.22,29.22,45~49歳,30.11,7,宮崎健,セ・福生,8/43,9.67,,0.73,
No.21,男子,50m平泳ぎ,29.22,29.22,45~49歳,30.11,8,大沢祐輔,セ・福生,7/74,0.73,,0.68,
No.21,男子,50m平泳ぎ,29.22,29.22,45~49歳,30.11,9,花輪博之,セ・越谷,8/14,3.02,,0.83,
No.21,男子,50m平泳ぎ,29.22,29.22,45~49歳,30.11,10,草野剛史,セ・二俣川,7/94,3.83,,0.75,
No.21,男子,50m平泳ぎ,29.22,29.22,45~49歳,30.11,11,加藤大輔,セ・横浜,7/44,5.00,,0.84,
No.21,男子,50m平泳ぎ,28.84,29.04,40~44歳,29.86,1,西尾直人,セ・武蔵小杉,12/53,2.94,,0.73,
No.21,男子,50m平泳ぎ,28.84,29.04,40~44歳,29.86,2,勝吉進一,セ・慶應日吉,12/73,3.72,,0.80,
No.21,男子,50m平泳ぎ,28.84,29.04,40~44歳,29.86,3,吉田拓磨,セ・上池袋,11/73,4.96,,0.67,
No.21,男子,50m平泳ぎ,28.84,29.04,40~44歳,29.86,4,村守,セ・成城,9/63,7.27,,0.77,
No.21,男子,50m平泳ぎ,28.84,29.04,40~44歳,29.86,5,矢作歩,セ・長津田,10/43,8.09,,0.76,
No.21,男子,50m平泳ぎ,28.84,29.04,40~44歳,29.86,6,宇佐美学,セ・大森,6/24,2.91,,0.86,
No.21,男子,50m平泳ぎ,28.84,29.04,40~44歳,29.86,7,山岡哲也,セ・二俣川,8/104,3.05,,0.91,
No.21,男子,50m平泳ぎ,27.83,27.83,35~39歳,29.87,1,立石裕太郎,セ・二俣川,13/23,0.29,,0.65,
No.21,男子,50m平泳ぎ,27.83,27.83,35~39歳,29.87,2,和田弘太郎,セ・阿佐谷,13/73,0.99,,0.67,
No.21,男子,50m平泳ぎ,27.83,27.83,35~39歳,29.87,3,宮川航,セ・南千住,13/33,1.12,,0.73,
No.21,男子,50m平泳ぎ,27.83,27.83,35~39歳,29.87,4,入江徹,ミズノMT,13/83,2.08,,0.70,
No.21,男子,50m平泳ぎ,27.83,27.83,35~39歳,29.87,5,増田究,セ・平塚,12/23,2.32,,0.66,
No.21,男子,50m平泳ぎ,27.83,27.83,35~39歳,29.87,6,長田裕史,セ・柏,12/43,2.93,,0.65,
No.21,男子,50m平泳ぎ,27.83,27.83,35~39歳,29.87,7,木村考太,セ・市ヶ尾,12/103,3.55,,0.74,
No.21,男子,50m平泳ぎ,27.74,27.74,30~34歳,28.35,1,櫃田皓大,セ・育見台,11/63,3.66,,0.68,
No.21,男子,50m平泳ぎ,27.74,27.74,30~34歳,28.35,2,土居秀雅,セ・成瀬,12/13,4.12,,0.64,
No.21,男子,50m平泳ぎ,27.74,27.74,30~34歳,28.35,3,梅林大貴,セ・成城,11/13,5.31,,0.67,
No.21,男子,50m平泳ぎ,27.74,27.74,30~34歳,28.35,4,大野淳哉,セ・上池袋,7/104,2.53,,0.81,
No.21,男子,50m平泳ぎ,27.21,27.58,25~29歳,28.02,1,石井建幹,セ・大宮宮原,13/52,9.33,,0.66,
No.21,男子,50m平泳ぎ,27.21,27.58,25~29歳,28.02,2,石井了,セ・おおたか,13/63,0.24,,0.70,
No.21,男子,50m平泳ぎ,27.21,27.58,25~29歳,28.02,3,今里昂哉,セ・清瀬,12/63,1.83,,0.71,
No.21,男子,50m平泳ぎ,27.21,27.58,25~29歳,28.02,4,前島悠也,セ・葛西,13/103,2.10,,0.65,
No.21,男子,50m平泳ぎ,27.21,27.58,25~29歳,28.02,5,加間英貴,セ・天王洲,13/93,3.56,,0.64,
No.21,男子,50m平泳ぎ,27.21,27.58,25~29歳,28.02,6,川西智大,セ・南千住,11/103,4.17,,0.78,
No.21,男子,50m平泳ぎ,27.21,27.58,25~29歳,28.02,7,佐々木天太,セ・用賀,12/33,4.96,,0.78,
No.21,男子,50m平泳ぎ,27.21,27.58,25~29歳,28.02,8,竹下翔,セ・長津田,10/93,8.81,,0.66,
No.21,男子,50m平泳ぎ,27.21,27.58,25~29歳,28.02,9,岡本昌也,セ・藤沢,5/64,1.54,,0.77,
No.21,男子,50m平泳ぎ,27.21,27.94,18~24歳,29.28,1,廣谷幸翼,セ・志木,13/43,0.30,,0.63,
No.21,男子,50m平泳ぎ,27.21,27.94,18~24歳,29.28,2,田中壮一郎,セ・二俣川,12/83,2.51,,0.76,
No.21,男子,50m平泳ぎ,27.21,27.94,18~24歳,29.28,3,相原健吾,セ・目黒,11/53,2.90,,0.70,
No.21,男子,50m平泳ぎ,27.21,27.94,18~24歳,29.28,4,西沢歩,セ・清瀬,11/33,3.80,,0.66,
No.21,男子,50m平泳ぎ,27.21,27.94,18~24歳,29.28,5,伊藤水晶,セ・松戸,11/83,4.65,,0.66,
No.21,男子,50m平泳ぎ,27.21,27.94,18~24歳,29.28,6,佐々木明日真,セ・市川,11/23,6.20,,0.66,
No.21,男子,50m平泳ぎ,27.21,27.94,18~24歳,29.28,7,勝又晃希,セ・藤沢,7/33,9.32,,0.62,
No.21,男子,50m平泳ぎ,27.21,27.94,18~24歳,29.28,8,田村翔,セ・八王子,5/104,2.83,,1.03,
No.22,女子,50mバタフライ,42.79,49.85,80~84歳,58.81,1,新井昭代,セ・東十条,1/3,1:14.51,,1.20,
No.22,女子,50mバタフライ,38.93,41.54,75~79歳,51.22,1,大山恵子,セ・葛西,4/24,4.31,大会新,0.76,
No.22,女子,50mバタフライ,38.93,41.54,75~79歳,51.22,2,宇田川礼子,セ・我孫子,1/2,1:03.67,,1.06,
No.22,女子,50mバタフライ,38.93,41.54,75~79歳,51.22,3,浅野美恵子,セ・蒲田,1/8,1:05.84,,1.16,
No.22,女子,50mバタフライ,34.43,37.5,70~74歳,42.13,1,木村恵子,セ・越谷,1/4,1:00.61,,0.79,
No.22,女子,50mバタフライ,34.43,37.5,70~74歳,42.13,2,菅和江,セ・戸塚,2/9,1:01.05,,0.99,
No.22,女子,50mバタフライ,34.43,37.5,70~74歳,42.13,3,末光とき子,墨田区体育館,1/9,1:08.92,,1.00,
No.22,女子,50mバタフライ,32.36,35.19,65~69歳,41.95,1,木村りよう子,セ・福生,4/84,4.73,,0.88,
No.22,女子,50mバタフライ,32.36,35.19,65~69歳,41.95,2,ダ典子,セ・自由が丘,4/34,5.72,,0.65,
No.22,女子,50mバタフライ,32.36,35.19,65~69歳,41.95,3,立石由美子,セ・大森,1/64,8.03,,0.73,
No.22,女子,50mバタフライ,32.36,35.19,65~69歳,41.95,4,宮清子,セ・自由が丘,5/14,9.46,,0.93,
No.22,女子,50mバタフライ,32.36,35.19,65~69歳,41.95,5,井手敦子,セ・慶應日吉,4/105,0.94,,0.99,
No.22,女子,50mバタフライ,32.36,35.19,65~69歳,41.95,6,東海林慶美,セ・蒲田,3/105,4.09,,0.85,
No.22,女子,50mバタフライ,32.36,35.19,65~69歳,41.95,7,小関富子,セ・新都心,1/55,5.48,,1.12,
No.22,女子,50mバタフライ,32.36,35.19,65~69歳,41.95,8,廣瀬伸子,セ・成城,3/75,6.03,,0.96,
No.22,女子,50mバタフライ,32.36,35.19,65~69歳,41.95,9,下川喜美枝,セ・南千住,2/55,6.25,,1.02,
No.22,女子,50mバタフライ,32.36,35.19,65~69歳,41.95,10,譲原恵子,セ・我孫子,2/25,7.82,,0.91,
No.22,女子,50mバタフライ,29.9,33.44,60~64歳,35.38,1,武井麻知子,セ・二俣川,5/54,0.38,,0.71,
No.22,女子,50mバタフライ,29.9,33.44,60~64歳,35.38,2,岡田眞弓,セ・清瀬,3/44,7.07,,0.86,
No.22,女子,50mバタフライ,29.9,33.44,60~64歳,35.38,3,伊藤ゆかり,セ・成城,4/54,7.26,,0.86,
No.22,女子,50mバタフライ,29.9,33.44,60~64歳,35.38,4,座間千鶴子,ザノス八景,4/94,9.14,,0.79,
No.22,女子,50mバタフライ,29.9,33.44,60~64歳,35.38,5,大原清美,セ・阿佐谷,3/95,0.90,,1.01,
No.22,女子,50mバタフライ,29.9,33.44,60~64歳,35.38,6,松田聡美,セ・成城,3/15,2.70,,0.90,
No.22,女子,50mバタフライ,29.9,33.44,60~64歳,35.38,7,清水孝子,セ・福生,2/85,9.18,,0.89,
No.22,女子,50mバタフライ,29.9,33.44,60~64歳,35.38,8,米林清子,セ・越谷,2/3,1:00.52,,0.79,
No.22,女子,50mバタフライ,30.43,31.87,55~59歳,33.29,1,年岡仁美,セ・千葉みなと,6/103,6.62,,0.82,
No.22,女子,50mバタフライ,30.43,31.87,55~59歳,33.29,2,生田目則子,セ・自由が丘,5/84,1.26,,0.76,
No.22,女子,50mバタフライ,30.43,31.87,55~59歳,33.29,3,松川律子,セ・二俣川,4/14,7.63,,0.80,
No.22,女子,50mバタフライ,30.43,31.87,55~59歳,33.29,4,小池淳子,セ・長津田,3/64,9.60,,0.91,
No.22,女子,50mバタフライ,30.43,31.87,55~59歳,33.29,5,古谷加寿子,セ・府中,3/35,1.97,,0.77,
No.22,女子,50mバタフライ,30.43,31.87,55~59歳,33.29,6,山本登美子,セ・桶川北本,2/1,1:00.80,,0.89,
No.22,女子,50mバタフライ,29.08,30.26,50~54歳,32.44,1,池田百合子,セ・市ヶ尾,8/73,1.11,大会新,0.68,
No.22,女子,50mバタフライ,29.08,30.26,50~54歳,32.44,2,広瀬百合香,セ・戸塚,7/93,5.36,,0.74,
No.22,女子,50mバタフライ,29.08,30.26,50~54歳,32.44,3,小泉未歌,セ・宇都宮,6/33,5.42,,0.70,
No.22,女子,50mバタフライ,29.08,30.26,50~54歳,32.44,4,鎌田和代,セ・千葉みなと,6/13,6.49,,0.67,
No.22,女子,50mバタフライ,29.08,30.26,50~54歳,32.44,5,小山香津子,セ・藤沢,2/75,0.90,,0.77,
No.22,女子,50mバタフライ,29.08,30.26,50~54歳,32.44,6,大久保彩子,セ・阿佐谷,1/1,1:04.67,,1.20,
No.22,女子,50mバタフライ,28.4,29.33,45~49歳,32.13,1,三宅信花,セ・阿佐谷,6/63,5.09,,0.65,
No.22,女子,50mバタフライ,28.4,29.33,45~49歳,32.13,2,高橋真美,セ・志木,4/64,0.20,,0.72,
No.22,女子,50mバタフライ,28.4,29.33,45~49歳,32.13,3,髙島典子,セ・大森,3/24,6.13,,0.70,
No.22,女子,50mバタフライ,28.4,29.33,45~49歳,32.13,4,清水佳苗,曽谷・セ,5/105,3.96,,0.97,
No.22,女子,50mバタフライ,28.4,29.33,45~49歳,32.13,5,成重夏紀,セ・藤沢,2/65,5.38,,0.87,
No.22,女子,50mバタフライ,28.36,28.75,40~44歳,30.58,1,吉村華余,セ・長津田,8/33,1.50*特別賞(申)*,,0.68,
No.22,女子,50mバタフライ,28.36,28.75,40~44歳,30.58,2,宮本八重,セ・慶應日吉,6/43,3.70,,0.68,
No.22,女子,50mバタフライ,28.36,28.75,40~44歳,30.58,3,錦織佳奈子,ザノス川崎,5/23,9.41,,1.00,
No.22,女子,50mバタフライ,28.36,28.75,40~44歳,30.58,4,冨永結衣子,セ・大森,5/94,3.44,,0.80,
No.22,女子,50mバタフライ,28.36,28.75,40~44歳,30.58,5,宮林佑妃,セ・長津田,4/44,4.42,,0.89,
No.22,女子,50mバタフライ,28.36,28.75,40~44歳,30.58,6,加藤涼子,セ・桶川北本,2/44,8.83,,0.78,
No.22,女子,50mバタフライ,28.36,28.75,40~44歳,30.58,7,久保かおり,セ・長津田,3/85,2.62,,0.93,
No.22,女子,50mバタフライ,27.46,28.63,35~39歳,30.94,1,菊地美春,セ・目黒,8/13,2.02,,0.67,
No.22,女子,50mバタフライ,27.46,28.63,35~39歳,30.94,2,新井亜衣,セ・市川,8/93,3.36,,0.82,
No.22,女子,50mバタフライ,27.46,28.63,35~39歳,30.94,3,宮下奏子,セ・市ヶ尾,5/73,4.45,,0.71,
No.22,女子,50mバタフライ,27.46,28.63,35~39歳,30.94,4,新妻梓,セ・西東京,6/53,4.86,,0.71,
No.22,女子,50mバタフライ,27.46,28.63,35~39歳,30.94,5,大家萌実,セ・用賀,6/83,6.66,,0.63,
No.22,女子,50mバタフライ,27.48,27.74,30~34歳,30.33,1,早川舞,セ・蒲田,7/53,1.33,,0.74,
No.22,女子,50mバタフライ,27.48,27.74,30~34歳,30.33,2,田中志歩,セ・大森,7/23,2.55,,0.68,
No.22,女子,50mバタフライ,27.48,27.74,30~34歳,30.33,3,吉田のばら,セ・南千住,6/23,4.15,,0.91,
No.22,女子,50mバタフライ,27.48,27.74,30~34歳,30.33,4,井唯,セ・慶應日吉,4/73,9.47,,0.82,
No.22,女子,50mバタフライ,26.32,26.32,25~29歳,29.89,1,真如美優,セ・南千住,8/43,1.43,,0.65,
No.22,女子,50mバタフライ,26.32,26.32,25~29歳,29.89,2,岡澤志織,セ・茂原,8/53,1.53,,0.73,
No.22,女子,50mバタフライ,26.32,26.32,25~29歳,29.89,3,嶋田菜々子,セ・おおたか,6/93,6.22,,0.66,
No.22,女子,50mバタフライ,26.32,26.32,25~29歳,29.89,4,岡本詩絵理,セ・藤沢,5/63,6.57,,0.78,
No.22,女子,50mバタフライ,26.32,27.43,18~24歳,29.34,1,長崎千怜,セ・長津田,6/73,0.74,,0.67,
No.22,女子,50mバタフライ,26.32,27.43,18~24歳,29.34,2,君島凜香,セ・おおたか,7/63,1.15,,0.65,
No.22,女子,50mバタフライ,26.32,27.43,18~24歳,29.34,3,島崎帆乃華,セ・藤沢,7/43,1.34,,0.60,
No.22,女子,50mバタフライ,26.32,27.43,18~24歳,29.34,4,栃元春乃,セ・西東京,7/73,1.61,,0.72,
No.22,女子,50mバタフライ,26.32,27.43,18~24歳,29.34,5,西澤瑛倫,セ・越谷,8/23,2.08,,0.62,
No.22,女子,50mバタフライ,26.32,27.43,18~24歳,29.34,6,遠藤優奈,セ・新都心,7/83,2.62,,0.68,
No.22,女子,50mバタフライ,26.32,27.43,18~24歳,29.34,7,高橋紗良,セ・長津田,7/33,2.92,,0.69,
No.22,女子,50mバタフライ,26.32,27.43,18~24歳,29.34,8,岡田星理,セ・谷津,8/103,3.02,,0.68,
No.22,女子,50mバタフライ,26.32,27.43,18~24歳,29.34,9,表侑寿,セ・二俣川,8/83,3.42,,0.68,
No.22,女子,50mバタフライ,26.32,27.43,18~24歳,29.34,10,竜野萌,セ・自由が丘,7/13,3.99,,0.79,
No.23,男子,50mバタフライ,34.39,34.75,80~84歳,46.24,1,石川守也,セ・市川,1/44,9.16,,0.96,
No.23,男子,50mバタフライ,31.75,32.61,75~79歳,39,1,吉田亮,セ・成城,3/94,1.57,,0.88,
No.23,男子,50mバタフライ,31.75,32.61,75~79歳,39,2,白井清嗣,セ・大宮宮原,1/64,7.34,,0.87,
No.23,男子,50mバタフライ,31.75,32.61,75~79歳,39,3,内田幸稔,セ・松戸,1/9,1:03.08,,0.88,
No.23,男子,50mバタフライ,29.98,31.43,70~74歳,34.95,1,安藤次郎,セ・館山,3/53,6.04,,0.84,
No.23,男子,50mバタフライ,29.98,31.43,70~74歳,34.95,2,香川左近,セ・二俣川,2/74,5.34,,0.93,
No.23,男子,50mバタフライ,28.26,29.99,65~69歳,32.79,1,吉原一彦,セ・阿佐谷,6/43,2.86,,0.70,
No.23,男子,50mバタフライ,28.26,29.99,65~69歳,32.79,2,齋藤博憲,ザノス鶴見,1/54,1.11,,1.06,
No.23,男子,50mバタフライ,28.26,29.99,65~69歳,32.79,3,大滝恭伸,セ・市ヶ尾,3/24,1.91,,1.09,
No.23,男子,50mバタフライ,28.26,29.99,65~69歳,32.79,4,飯沼明,セ・長津田,2/94,5.84,,0.92,
No.23,男子,50mバタフライ,28.26,29.99,65~69歳,32.79,5,櫛田伸彦,ザノス鶴見,1/25,7.91,,1.02,
No.23,男子,50mバタフライ,28.26,29.99,65~69歳,32.79,6,仲二見実,セ・ときわ台,1/8,1:08.76,,1.40,
No.23,男子,50mバタフライ,27.57,29.18,60~64歳,31.43,1,今井正太郎,セ・前橋,7/43,0.63,大会新,0.71,
No.23,男子,50mバタフライ,27.57,29.18,60~64歳,31.43,2,菊池千二,セ・市ヶ尾,4/93,2.00,,0.83,
No.23,男子,50mバタフライ,27.57,29.18,60~64歳,31.43,3,海辺信吉,セ・おおたか,6/103,4.37,,0.88,
No.23,男子,50mバタフライ,27.57,29.18,60~64歳,31.43,4,村木満,セ・トレッサ,4/63,4.73,,0.71,
No.23,男子,50mバタフライ,27.57,29.18,60~64歳,31.43,5,金子勝,セ・岩槻,5/93,5.52,,0.74,
No.23,男子,50mバタフライ,27.57,29.18,60~64歳,31.43,6,廣本佳也,セ・上池袋,6/13,5.73,,0.90,
No.23,男子,50mバタフライ,27.57,29.18,60~64歳,31.43,7,大塚克,セ・市川,4/13,9.07,,0.69,
No.23,男子,50mバタフライ,27.57,29.18,60~64歳,31.43,8,二宮博,セ・横浜,3/34,1.99,,0.85,
No.23,男子,50mバタフライ,27.57,29.18,60~64歳,31.43,9,浦田昌和,セ・成城,3/14,3.96,,0.85,
No.23,男子,50mバタフライ,27.57,29.18,60~64歳,31.43,10,山元修一,セ・葛西,1/34,9.21,,0.78,
No.23,男子,50mバタフライ,26.56,27.02,55~59歳,29.98,1,荒川秀明,セ・前橋,7/83,0.70,,0.80,
No.23,男子,50mバタフライ,26.56,27.02,55~59歳,29.98,2,小倉和彦,セ・清瀬,5/63,1.98,,0.69,
No.23,男子,50mバタフライ,26.56,27.02,55~59歳,29.98,3,矢部裕之,セ・長津田,6/73,2.25,,0.76,
No.23,男子,50mバタフライ,26.56,27.02,55~59歳,29.98,4,浅田康朗,セ・大森,5/53,4.25,,0.80,
No.23,男子,50mバタフライ,26.56,27.02,55~59歳,29.98,5,田中基幹,セ・流山,3/43,6.15,,0.87,
No.23,男子,50mバタフライ,26.56,27.02,55~59歳,29.98,6,温井芳浩,セ・谷津,4/53,9.10,,0.89,
No.23,男子,50mバタフライ,26.56,27.02,55~59歳,29.98,7,伊藤正二,セ・大森,2/64,0.25,,0.79,
No.23,男子,50mバタフライ,26.56,27.02,55~59歳,29.98,8,安藤朋邦,セ・南青山,3/84,3.65,,0.98,
No.23,男子,50mバタフライ,26.56,27.02,55~59歳,29.98,9,大塚秀幸,セ・慶應日吉,2/34,7.25,,0.93,
No.23,男子,50mバタフライ,26.56,27.02,55~59歳,29.98,10,安部盛博,セ・成城,1/74,8.83,,0.93,
No.23,男子,50mバタフライ,25.69,25.79,50~54歳,28.18,1,池田正輝,セ・市ヶ尾,11/72,7.00,大会新,0.74,
No.23,男子,50mバタフライ,25.69,25.79,50~54歳,28.18,2,大村俊文,セ・二俣川,7/32,8.69,,0.76,
No.23,男子,50mバタフライ,25.69,25.79,50~54歳,28.18,3,小森康弘,セ・葛西,9/33,0.45,,0.66,
No.23,男子,50mバタフライ,25.69,25.79,50~54歳,28.18,4,石井龍,セ・成城,7/73,0.59,,0.76,
No.23,男子,50mバタフライ,25.69,25.79,50~54歳,28.18,5,河野悟,セ・慶應日吉,6/53,1.28,,0.73,
No.23,男子,50mバタフライ,25.69,25.79,50~54歳,28.18,6,松崎敏明,セ・慶應日吉,4/103,2.66,,0.75,
No.23,男子,50mバタフライ,25.69,25.79,50~54歳,28.18,7,門倉孝行,セ・慶應日吉,4/73,3.33,,0.88,
No.23,男子,50mバタフライ,25.69,25.79,50~54歳,28.18,8,増渕博之,セ・藤沢,5/43,3.69,,0.69,
No.23,男子,50mバタフライ,25.69,25.79,50~54歳,28.18,9,新井田6司,セ・トレッサ,5/73,4.45,,0.76,
No.23,男子,50mバタフライ,25.69,25.79,50~54歳,28.18,10,藤井清和,セ・武蔵小杉,5/83,4.68,,0.68,
No.23,男子,50mバタフライ,25.69,25.79,50~54歳,28.18,11,原田真,セ・葛西,5/103,7.00,,0.78,
No.23,男子,50mバタフライ,25.69,25.79,50~54歳,28.18,12,古高正道,セ・天王洲,2/53,9.76,,0.81,
No.23,男子,50mバタフライ,25.69,25.79,50~54歳,28.18,13,金子謙一,セ・長津田,3/104,0.76,,0.79,
No.23,男子,50mバタフライ,25.69,25.79,50~54歳,28.18,14,宮本昌雄,セ・二俣川,2/84,0.97,,0.94,
No.23,男子,50mバタフライ,25.69,25.79,50~54歳,28.18,15,庄司和明,セ・松戸,2/44,3.23,,0.83,
No.23,男子,50mバタフライ,24.96,25.26,45~49歳,27.49,1,永瀬知之,セ・二俣川,10/102,9.96,,0.73,
No.23,男子,50mバタフライ,24.96,25.26,45~49歳,27.49,2,倉持公一,セ・天王洲,7/23,1.38,,0.74,
No.23,男子,50mバタフライ,24.96,25.26,45~49歳,27.49,3,羽田浩一,セ・成城,8/53,1.58,,0.69,
No.23,男子,50mバタフライ,24.96,25.26,45~49歳,27.49,4,松平一真,セ・本郷台,6/23,4.18,,0.87,
No.23,男子,50mバタフライ,24.96,25.26,45~49歳,27.49,5,鈴木直哉,セ・八王子,4/33,4.56,,0.93,
No.23,男子,50mバタフライ,24.96,25.26,45~49歳,27.49,6,花井一也,セ・長津田,6/93,4.90,,0.66,
No.23,男子,50mバタフライ,24.96,25.26,45~49歳,27.49,7,草野剛史,セ・二俣川,3/63,9.40,,0.74,
No.23,男子,50mバタフライ,24.11,25.06,40~44歳,26.51,1,鶴谷学,セ・二俣川,11/32,6.68,,0.66,
No.23,男子,50mバタフライ,24.11,25.06,40~44歳,26.51,2,寺田貴洋,セ・二俣川,8/62,8.88,,0.75,
No.23,男子,50mバタフライ,24.11,25.06,40~44歳,26.51,3,図師拓千,セ・市ヶ尾,7/63,0.01,,0.66,
No.23,男子,50mバタフライ,24.11,25.06,40~44歳,26.51,4,小林弘典,セ・大森,7/93,0.79,,0.80,
No.23,男子,50mバタフライ,24.11,25.06,40~44歳,26.51,5,阪田高士,セ・茂原,7/53,0.87,,0.78,
No.23,男子,50mバタフライ,24.11,25.06,40~44歳,26.51,6,勝吉進一,セ・慶應日吉,6/33,2.55,,0.75,
No.23,男子,50mバタフライ,24.11,25.06,40~44歳,26.51,7,宮崎隆寛,セ・越谷,4/23,9.01,,0.77,
No.23,男子,50mバタフライ,24.03,24.98,35~39歳,26.19,1,立石裕太郎,セ・二俣川,10/52,7.37,,0.66,
No.23,男子,50mバタフライ,24.03,24.98,35~39歳,26.19,2,椎本恭平,セ・阿佐谷,8/42,9.05,,0.63,
No.23,男子,50mバタフライ,24.03,24.98,35~39歳,26.19,3,吉川重行,セ・桶川北本,10/12,9.75,,0.64,
No.23,男子,50mバタフライ,24.03,24.98,35~39歳,26.19,4,三浦厚生,セ・武蔵小杉,6/83,5.33,,0.87,
No.23,男子,50mバタフライ,23.16,24.16,30~34歳,25.53,1,内藤寿輝,セ・大森,11/82,7.34,,0.68,
No.23,男子,50mバタフライ,23.16,24.16,30~34歳,25.53,2,伊藤孝優,セ・八王子,10/32,7.89,,0.72,
No.23,男子,50mバタフライ,23.16,24.16,30~34歳,25.53,3,土屋大貴,セ・平塚,11/92,8.04,,0.62,
No.23,男子,50mバタフライ,23.16,24.16,30~34歳,25.53,4,塚本拓也,セ・清瀬,8/82,8.50,,0.58,
No.23,男子,50mバタフライ,23.16,24.16,30~34歳,25.53,5,櫃田皓大,セ・育見台,8/72,8.62,,0.65,
No.23,男子,50mバタフライ,23.16,24.16,30~34歳,25.53,6,中西剛,セ・成城,10/82,9.00,,0.64,
No.23,男子,50mバタフライ,23.16,24.16,30~34歳,25.53,7,中村勇介,セ・慶應日吉,2/24,2.59,,1.05,
No.23,男子,50mバタフライ,23.71,24.01,25~29歳,25.39,1,石井了,セ・おおたか,11/52,6.58,,0.67,
No.23,男子,50mバタフライ,23.71,24.01,25~29歳,25.39,2,松尾勇太,セ・南青山,11/22,7.60,,0.60,
No.23,男子,50mバタフライ,23.71,24.01,25~29歳,25.39,3,神戸優悠希,セ・茂原,9/82,7.61,,0.71,
No.23,男子,50mバタフライ,23.71,24.01,25~29歳,25.39,4,宮田遼太,セ・成城,10/62,8.03,,0.72,
No.23,男子,50mバタフライ,23.71,24.01,25~29歳,25.39,5,岡内昭伍,セ・大宮宮原,8/22,8.19,,0.64,
No.23,男子,50mバタフライ,23.71,24.01,25~29歳,25.39,6,高見沢重倫,セ・慶應日吉,8/12,8.28,,0.61,
No.23,男子,50mバタフライ,23.71,24.01,25~29歳,25.39,7,鈴木央雅,セ・清瀬,10/42,8.36,,0.71,
No.23,男子,50mバタフライ,23.71,24.01,25~29歳,25.39,8,中原志門,セ・大森,10/92,8.95,,0.71,
No.23,男子,50mバタフライ,23.71,24.01,25~29歳,25.39,9,室坂拓真,セ・用賀,8/102,9.16,,0.74,
No.23,男子,50mバタフライ,23.71,24.01,25~29歳,25.39,10,野末和志,セ・志木,5/33,2.14,,0.72,
No.23,男子,50mバタフライ,23.71,24.03,18~24歳,24.03,1,菅原啓,セ・慶應日吉,11/42,6.37,,0.70,
No.23,男子,50mバタフライ,23.71,24.03,18~24歳,24.03,2,廣谷幸翼,セ・志木,9/52,6.91,,0.65,
No.23,男子,50mバタフライ,23.71,24.03,18~24歳,24.03,3,川口皓生,セ・柏,11/62,7.60,,0.68,
No.23,男子,50mバタフライ,23.71,24.03,18~24歳,24.03,4,廣川大起,セ・柏,9/72,7.73,,0.65,
No.23,男子,50mバタフライ,23.71,24.03,18~24歳,24.03,5,黒田大介,セ・成城,10/72,7.86,,0.64,
No.23,男子,50mバタフライ,23.71,24.03,18~24歳,24.03,6,法領田徳丞,セ・蒲田,11/102,7.97,,0.60,
No.23,男子,50mバタフライ,23.71,24.03,18~24歳,24.03,7,青木海斗,セ・用賀,9/62,8.22,,0.69,
No.23,男子,50mバタフライ,23.71,24.03,18~24歳,24.03,8,三角一汰,セ・新都心,9/102,8.37,,0.60,
No.23,男子,50mバタフライ,23.71,24.03,18~24歳,24.03,9,山﨑陸真,セ・二俣川,9/22,8.44,,0.70,
No.23,男子,50mバタフライ,23.71,24.03,18~24歳,24.03,10,山泉晃也,セ・東十条,9/92,9.68,,0.70,
No.23,男子,50mバタフライ,23.71,24.03,18~24歳,24.03,11,池内駿文,セ・東十条,10/22,9.79,,0.75,
No.23,男子,50mバタフライ,23.71,24.03,18~24歳,24.03,12,秋澤裕介,セ・二俣川,9/42,9.92,,0.70,
No.23,男子,50mバタフライ,23.71,24.03,18~24歳,24.03,13,村田雅治,セ・長津田,9/13,0.37,,0.63,
No.23,男子,50mバタフライ,23.71,24.03,18~24歳,24.03,14,硲子龍,セ・流山,6/63,2.04,,0.57,
No.23,男子,50mバタフライ,23.71,24.03,18~24歳,24.03,15,前納爽太,セ・葛西,7/103,2.64,,0.74,
No.23,男子,50mバタフライ,23.71,24.03,18~24歳,24.03,16,韓準燃,セ・八王子,11/13,2.88,,0.63,
No.23,男子,50mバタフライ,23.71,24.03,18~24歳,24.03,17,千原大樹,セ・自由が丘,5/13,5.12,,0.69,
No.23,男子,50mバタフライ,23.71,24.03,18~24歳,24.03,18,松本海星,セ・清瀬,4/83,6.54,,0.78,
