第77回セ,トラレスポーツマスターズフェスティノレ(長水路)
会場:東京アクアティクスセ,ター(50谷),17/7115
期日:2024年10月26日(土,)
No.1,女子,200m自由形
世界記録,3:14.51
日本記録,3:14.51
《,85~89歳,》
大会記録,4:28.56
順位,氏名,所属,水路,時間
1,森川タェ子セ・我孫子1/)54:46.08,((1.19)
1:06.22,2:18.31,3:31.86
No.1,女子,200m自由形
世界記録,3:05.95
日本記録,3:05.95
《,80~84歳,》
大会記録,4:12.00
順位,氏名,所属,水路,時間
1,佐藤由利子セ・用賀3/)23:47.95・大会新,((0.92)
51.39,1:49.29,2:48.57
2,安澤イソ子セ・市ヶ尾1/)74:24.85,((1.01)
56.13,2:00.04,3:10.61
3,御手洗ヨシcs南行徳1/)64:36.70,((1.06)
56.03,2:05.91,3:22.07
No.1,女子,200m自由形
世界記録,2:54.26
日本記録,2:54.26
《,75~79歳,》
大会記録,3:32.08
順位,氏名,所属,水路,時間
1,竹原上君枝セ・慶應日吉3/)93:44.09,((0.92)
52.29,1:49.11,2:46.99
No.1,女子,200m自由形
世界記録,2:29.72
日本記録,2:49.80
《,70~74歳,》
大会記録,3:05.67
順位,氏名,所属,水路,時間
1,中平上信子セ・成瀬5/)13:14.00,((0.85)
44.15,1:33.48,2:24.60
2,青砥美智子セ・葛西5/)93:35.16,((1.05)
49.60,1:42.94,2:39.08
3,岡村上悦子セ・おおたか4/)93:38.29,((1.05)
50.85,1:47.35,2:46.19
4,大熊上正子セ・桶川北本2/)43:52.45,((0.88)
50.79,1:49.78,2:52.00
5,菅井上道子セ・戸塚2/)34:08.62,((0.85)
59.40,2:02.84,3:08.61
No.1,女子,200m自由形
世界記録,2:25.29
日本記録,2:42.91
《,65~69歳,》
大会記録,2:54.20
順位,氏名,所属,水路,時間
1,菅野上泰子セ・葛西7/)32:55.35,((0.86)
40.54,1:25.25,2:10.59
2,森谷登志江セ・慶應日吉5/)53:13.36,((0.86)
43.55,1:31.46,2:22.96
3,山﨑上京子セ・横浜6/)73:16.58,((0.98)
46.43,1:36.82,2:28.51
4,育村上博子セ・おおたか5/)83:22.48,((0.86)
47.37,1:38.09,2:31.86
出力日時:10月26日17:51
第77回セ,トラレスポーツマスターズフェスティノレ(長水路)
会場:東京アクアティクスセ,ター(50谷),27/7115
期日:2024年10月26日(土,)
No.1,女子,200m自由形
世界記録,2:25.29
日本記録,2:42.91
《,65~69歳,》
大会記録,2:54.20
順位,氏名,所属,水路,時間
5,久松上葉子セ・成瀬4/)43:27.53,((1.14)
47.53,1:40.75,2:34.98
6,森本上美恵セ・松戸4/)33:33.44,((0.92)
48.86,1:42.74,2:40.15
7,石河久美子セ・溝ノ口4/)83:34.64,((0.77)
49.71,1:43.64,2:39.75
8,臼井希代子セ・大宮宮原4/)23:34.65,((1.03)
47.74,1:41.90,2:39.02
9,日和久美子セ・戸塚4/103:42.07,((0.98)
53.11,1:49.50,2:47.51
10,岡田美恵子セ・溝ノ口3/)33:53.14,((0.90)
52.80,1:50.37,2:50.24
11,三嶋上祐子セ・阿佐谷2/)64:03.71,((0.95)
54.00,1:54.36,2:57.73
12,大西上和子セ・天王洲1/)44:37.24,((1.07)
1:02.74,2:12.44,3:26.19
No.1,女子,200m自由形
世界記録,2:21.03
日本記録,2:31.90
《,60~64歳,》
大会記録,2:35.22
順位,氏名,所属,水路,時間
1,石井上裕美セ・ときわ台7/)42:58.32,((0.76)
40.38,1:26.20,2:14.74
2,岡田上眞弓セ・清瀬4/)73:06.16,((0.86)
43.07,1:30.79,2:19.74
3,伊藤みどりセ・育見台6/)93:11.60,((0.86)
41.89,1:28.98,2:19.61
4,高橋上久美セ・市川6/)23:15.23,((0.76)
44.14,1:33.49,2:23.43
5,草森上理子セ・成城4/)13:21.87,((0.75)
45.85,1:38.15,2:31.10
6,盛田真規子セ・二俣川5/)23:26.33,((0.75)
46.46,1:39.40,2:34.02
7,山中上恵子セ・桶川北本3/)73:27.70,((0.99)
45.32,1:38.32,2:34.28
8,宮内上麻里曽谷・セ4/)53:31.11,((1.07)
52.18,1:46.08,2:40.75
9,清水上孝子セ・福生3/)53:41.52,((0.92)
49.21,1:43.98,2:43.61
10,久保とし子セ・長津田2/)53:46.82,((0.96)
48.02,1:44.90,2:45.59
11,宮田ひとみセ・阿佐谷3/103:53.39,((0.90)
54.95,1:55.10,2:57.27
12,桐沢ひとみセ・大森3/)83:54.05,((1.53)
52.34,1:52.33,2:54.86
出力日時:10月26日17:51
第77回セ,トラレスポーツマスターズフェスティノレ(長水路)
会場:東京アクアティクスセ,ター(50谷),37/7115
期日:2024年10月26日(土,)
No.1,女子,200m自由形
世界記録,2:21.03
日本記録,2:31.90
《,60~64歳,》
大会記録,2:35.22
順位,氏名,所属,水路,時間
13,増子上保子セ・蘇我2/)83:54.48,((1.00)
53.39,1:51.27,2:53.37
No.1,女子,200m自由形
世界記録,2:16.28
日本記録,2:26.86
《,55~59歳,》
大会記録,2:31.44
順位,氏名,所属,水路,時間
1,年岡上仁美セ・千葉みなと8/102:48.05,((0.83)
38.37,1:21.56,2:05.63
2,八尋上加苗セ・松戸6/)63:07.55,((0.73)
43.55,1:33.43,2:22.21
3,松川上律子セ・二俣川5/)43:15.85,((0.89)
41.64,1:30.06,2:24.43
4,柳田喜代美セ・育見台2/)23:18.24,((0.95)
45.26,1:34.44,2:26.10
5,山口上仁子セ・上池袋5/)63:21.43,(
47.98,1:38.91,2:31.09
6,棚橋上悦子セ・自由が丘4/)63:25.79,((0.83)
47.74,1:40.30,2:34.81
7,森内上裕子セ・天王洲3/)43:35.98,((0.97)
49.79,1:45.66,2:42.67
8,佐々木タ子セ・市ヶ尾2/)73:55.93,((0.97)
54.66,1:54.94,2:56.27
No.1,女子,200m自由形
世界記録,2:13.18
日本記録,2:21.98
《,50~54歳,》
大会記録,2:27.87
順位,氏名,所属,水路,時間
1,工藤上遵江セ・F宇都宮7/)52:45.27,((0.75)
38.23,1:20.87,2:05.04
2,友田上智哲セ・南青山7/)82:52.96,((0.85)
39.17,1:22.14,2:07.90
3,菅原上上幸セ・トレッサ7/)62:59.27,((0.84)
40.75,1:27.13,2:15.02
4,柳上有美子セ・おおたか6/103:04.98,((0.85)
43.55,1:31.07,2:19.72
5,成島志雅子セ・F宇都宮6/)13:13.76,((0.90)
42.47,1:31.35,2:23.52
6,小田桐知子セ・志木6/)83:23.08,((1.04)
46.37,1:37.12,2:30.12
7,森上上信子セ・大森3/)63:38.45,((1.21)
50.19,1:46.03,2:43.50
No.1,女子,200m自由形
世界記録,2:10.09
日本記録,2:17.82
《,45~49歳,》
大会記録,2:31.07
順位,氏名,所属,水路,時間
出力日時:10月26日17:51
第77回セ,トラレスポーツマスターズフェスティノレ(長水路)
会場:東京アクアティクスセ,ター(50谷),47/7115
期日:2024年10月26日(土,)
No.1,女子,200m自由形
世界記録,2:10.09
日本記録,2:17.82
《,45~49歳,》
大会記録,2:31.07
順位,氏名,所属,水路,時間
1,高橋上麻子セ・市ヶ尾7/)92:55.74,((0.75)
40.11,1:24.61,2:11.20
2,草野上上茜セ・二俣川7/)73:00.08,((0.74)
41.52,1:26.59,2:13.49
3,吉池上奈々セ・二俣川7/103:01.30,((0.68)
39.79,1:25.30,2:13.02
4,細沼上悦子セ・越谷6/)53:07.83,((0.87)
41.49,1:29.93,2:21.56
5,前田由希映セ・二俣川6/)33:12.46,((0.83)
43.49,1:33.20,2:23.40
No.1,女子,200m自由形
世界記録,2:09.28
日本記録,2:15.70
《,40~44歳,》
大会記録,2:31.64
順位,氏名,所属,水路,時間
1,吉村上華余セ・長津田8/)72:31.87,((0.75)
34.54,1:12.60,1:52.57
2,錦織佳奈子ザノス川崎7/)13:01.00,((0.95)
39.42,1:23.04,2:11.07
3,久保かおりセ・長津田6/)43:11.64,((0.87)
41.71,1:30.18,2:21.93
4,四井上美穂セ・天王洲3/)13:13.06,((0.81)
46.02,1:35.44,2:25.04
No.1,女子,200m自由形
世界記録,2:05.50
日本記録,2:07.99
《,35~39歳,》
大会記録,2:17.30
順位,氏名,所属,水路,時間
1,田中上美鈴セ・武蔵小杉8/)32:30.03,((0.76)
34.28,1:12.22,1:51.14
2,久保美由紀セ・長津田5/)73:26.32,((0.88)
45.70,1:39.83,2:35.36
No.1,女子,200m自由形
世界記録,2:02.35
日本記録,2:04.62
《,30~34歳,》
大会記録,2:20.79
順位,氏名,所属,水路,時間
1,長谷川上恵セ・阿佐谷8/)82:36.58,((0.87)
35.29,1:14.20,1:55.21
2,中山上上翠ザノス川崎5/103:10.41,((0.91)
41.95,1:30.22,2:21.56
No.1,女子,200m自由形
世界記録,2:04.56
日本記録,2:06.81
《,25~29歳,》
大会記録,2:20.67
順位,氏名,所属,水路,時間
1,竹下菜々美セ・二俣川8/)22:25.11,((0.66)
33.29,1:10.02,1:47.75
出力日時:10月26日17:51
第77回セ,トラレスポーツマスターズフェスティノレ(長水路)
会場:東京アクアティクスセ,ター(50谷),57/7115
期日:2024年10月26日(土,)
No.1,女子,200m自由形
世界記録,2:04.56
日本記録,2:06.81
《,25~29歳,》
大会記録,2:20.67
順位,氏名,所属,水路,時間
2,川俣上上星セ・新都心8/)42:31.38,((0.73)
33.77,1:11.63,1:51.53
3,新後上海優セ・トレッサ8/)62:32.34,((0.89)
31.51,1:07.39,1:48.60
4,村岡上礼奈セ・桶川北本7/)22:55.75,((0.76)
38.48,1:21.44,2:08.21
No.1,女子,200m自由形
日本記録,2:04.32
《,18~24歳,》
大会記録,2:17.69
順位,氏名,所属,水路,時間
1,渡辺上美楓セ・谷津8/)52:16.87・大会新,((0.67)
31.60,1:06.79,1:42.48
2,広瀬上幸音セ・成城8/)12:32.16,((0.76)
33.94,1:12.31,1:52.42
出力日時:10月26日17:51
第77回セ,トラレスポーツマスターズフェスティノレ(長水路)
会場:東京アクアティクスセ,ター(50谷),67/7115
期日:2024年10月26日(土,)
No.2,男子,200m自由形
世界記録,3:03.50
日本記録,3:10.33
《,85~89歳,》
大会記録,3:35.53
順位,氏名,所属,水路,時間
1,川本上上剛セ・長沼1/)83:46.84,((1.10)
51.34,1:47.83,2:48.46
No.2,男子,200m自由形
世界記録,2:40.22
日本記録,2:40.87
《,80~84歳,》
大会記録,3:39.71
順位,氏名,所属,水路,時間
1,眞壁上上功セ・藤沢1/103:45.81,((0.99)
52.27,1:50.05,2:47.61
No.2,男子,200m自由形
世界記録,2:25.66
日本記録,2:33.87
《,75~79歳,》
大会記録,2:51.26
順位,氏名,所属,水路,時間
1,嶋﨑上昭夫セ・西東京1/)33:31.90,((0.94)
42.37,1:32.94,2:31.34
No.2,男子,200m自由形
世界記録,2:22.88
日本記録,2:22.88
《,70~74歳,》
大会記録,2:44.09
順位,氏名,所属,水路,時間
1,若宮上上強セ・成城2/)43:00.17,((0.76)
41.26,1:27.30,2:16.00
2,菱沼上和男セ・葛西2/)23:19.08,((0.87)
48.42,1:39.56,2:30.17
3,森下上善夫セ・大宮宮原1/)23:35.42,((1.03)
48.87,1:42.80,2:40.49
No.2,男子,200m自由形
世界記録,2:09.39
日本記録,2:19.96
《,65~69歳,》
大会記録,2:26.86
順位,氏名,所属,水路,時間
1,吉原上一彦セ・阿佐谷6/)82:31.29,((0.79)
35.77,1:14.95,1:53.85
2,柏木上治久セ・成瀬2/)73:01.71,((0.86)
43.38,1:29.96,2:18.29
3,井上上昌臣セ・西東京1/)53:05.18,((0.98)
39.64,1:24.06,2:13.95
4,臼井上全人セ・大宮宮原2/)33:14.52,((0.98)
45.84,1:35.03,2:25.73
5,折居上上彰セ・阿佐谷1/)93:29.30,((1.28)
48.93,1:41.33,2:36.38
6,中井上岳郎セ・成城2/103:40.54,((0.85)
43.35,1:37.96,2:39.45
No.2,男子,200m自由形
世界記録,2:07.68
日本記録,2:17.26
《,60~64歳,》
大会記録,2:27.29
順位,氏名,所属,水路,時間
出力日時:10月26日17:51
第77回セ,トラレスポーツマスターズフェスティノレ(長水路)
会場:東京アクアティクスセ,ター(50谷),77/7115
期日:2024年10月26日(土,)
No.2,男子,200m自由形
世界記録,2:07.68
日本記録,2:17.26
《,60~64歳,》
大会記録,2:27.29
順位,氏名,所属,水路,時間
1,渡部上佳彦セ・市川6/102:27.77,((0.70)
34.31,1:12.51,1:50.35
2,下家上成人セ・二俣川5/)72:34.32,((0.75)
33.82,1:12.36,1:52.74
3,久保田勝己セ・阿佐谷5/102:40.06,((0.84)
38.02,1:18.60,2:00.86
4,神尾上尚人セ・市ヶ尾4/)72:40.50,((0.68)
37.46,1:18.71,2:00.62
5,若島上健二セ・二俣川4/)12:47.51,((0.89)
38.90,1:21.24,2:04.38
6,池谷上千尋セ・長津田3/)72:53.55,((0.73)
39.92,1:23.41,2:09.30
7,名田上上裕セ・稲毛海岸3/)33:06.09,((0.96)
41.60,1:28.00,2:17.94
8,山本上和巳セ・茂原2/)93:07.17,((0.78)
43.29,1:30.15,2:19.51
No.2,男子,200m自由形
世界記録,2:04.01
日本記録,2:08.62
《,55~59歳,》
大会記録,2:19.70
順位,氏名,所属,水路,時間
1,矢部上裕之セ・長津田6/)32:23.97,((0.77)
32.93,1:09.47,1:46.77
2,中村上上勝セ・南千住5/)52:29.74,((0.71)
34.52,1:12.40,1:51.49
3,宮木上幸彦セ・葛西4/)92:39.30,((0.78)
36.48,1:16.99,1:58.91
4,宮川上則仁セ・大宮宮原4/)32:42.28,((0.82)
36.82,1:17.37,2:00.13
5,塚本上幸治セ・千葉みなと5/)12:45.07,((0.83)
37.42,1:18.41,2:01.75
6,本間上丈博セ・稲毛海岸4/)42:46.45,((0.79)
37.80,1:18.77,2:03.01
7,永家上一徳セ・市川4/)22:50.69,((0.81)
39.47,1:22.68,2:08.07
8,中島上上茂セ・s湘南台3/)22:57.95,((0.83)
39.76,1:23.52,2:09.85
9,近藤上正之セ・上池袋3/)13:00.01,((1.03)
38.42,1:22.38,2:10.65
10,吉峯上幸郎セ・用賀3/103:03.41,((0.97)
40.97,1:27.18,2:15.89
11,高田上義久セ・八王子3/)93:08.18,((0.71)
38.70,1:24.99,2:16.59
12,大塚上秀幸セ・慶應日吉2/)53:11.70,((0.88)
41.03,1:28.24,2:19.54
出力日時:10月26日17:51
第77回セ,トラレスポーツマスターズフェスティノレ(長水路)
会場:東京アクアティクスセ,ター(50谷),87/7115
期日:2024年10月26日(土,)
No.2,男子,200m自由形
世界記録,2:04.01
日本記録,2:08.62
《,55~59歳,》
大会記録,2:19.70
順位,氏名,所属,水路,時間
13,萱沼憲司郎セ・茂原2/)13:18.94,((0.91)
44.17,1:34.02,2:28.13
14,佐藤上流生セ・天王洲1/)73:44.44,((0.97)
47.04,1:41.84,2:43.06
No.2,男子,200m自由形
世界記録,1:58.62
日本記録,2:03.51
《,50~54歳,》
大会記録,2:16.38
順位,氏名,所属,水路,時間
1,田窪上上達セ・市ヶ尾8/)22:14.24・大会新,((0.65)
29.41,1:02.63,1:37.28
2,山田上耕一セ・清瀬5/)42:28.01,((0.75)
34.70,1:12.63,1:51.85
3,石上上智啓セ・二俣川6/)92:30.76,((0.74)
35.77,1:14.58,1:53.93
4,渡部上弘一セ・市川5/)62:31.84,((0.77)
33.70,1:13.18,1:53.72
5,清田上真人セ・大宮宮原4/102:38.56,((0.67)
36.97,1:18.80,2:00.11
6,山田上大介セ・武蔵小杉5/)82:38.81,((0.79)
36.98,1:17.10,1:58.16
7,渡上上上誠セ・清瀬5/)92:41.61,((0.85)
36.29,1:16.20,2:00.01
8,山本上英男セ・大宮宮原3/)62:42.25,((0.75)
37.33,1:18.47,2:01.03
9,塚越上有宏セ・市ヶ尾2/)62:50.97,((0.85)
39.42,1:22.52,2:07.92
10,岩崎明セ・前橋4/)62:57.74,((0.92)
40.46,1:25.87,2:13.30
11,今井上英大セ・川越1/)13:28.62,((1.20)
46.44,1:36.38,2:33.70
No.2,男子,200m自由形
世界記録,1:55.39
日本記録,1:58.36
《,45~49歳,》
大会記録,2:10.91
順位,氏名,所属,水路,時間
1,山岡上拓馬セ・清瀬8/)52:07.04・大会新,((0.71)
28.81,1:01.58,1:35.63
2,永瀬上知之セ・二俣川7/)82:21.00,((0.77)
31.39,1:07.30,1:44.39
3,花井上一也セ・長津田6/)52:24.64,((0.69)
33.15,1:08.95,1:47.06
4,桐本上兼輔セ・福生6/)12:26.80,((0.71)
32.90,1:10.13,1:48.45
5,皆川上雅登セ・大宮宮原6/)42:38.08,((0.90)
37.11,1:17.41,1:58.96
出力日時:10月26日17:51
第77回セ,トラレスポーツマスターズフェスティノレ(長水路)
会場:東京アクアティクスセ,ター(50谷),97/7115
期日:2024年10月26日(土,)
No.2,男子,200m自由形
世界記録,1:55.39
日本記録,1:58.36
《,45~49歳,》
大会記録,2:10.91
順位,氏名,所属,水路,時間
6,齊藤上上仁セ・茂原4/)82:40.57,((0.70)
35.91,1:15.67,1:58.03
7,古屋上俊一セ・ときわ台5/)22:52.77,((0.86)
36.03,1:18.60,2:03.87
8,志水上上剛セ・大宮宮原1/)63:16.03,((0.98)
43.17,1:34.49,2:26.44
9,櫻井上直仁セ・清瀬2/)83:29.04,((1.00)
47.98,1:40.06,2:33.63
No.2,男子,200m自由形
世界記録,1:53.65
日本記録,1:59.07
《,40~44歳,》
大会記録,2:07.37
順位,氏名,所属,水路,時間
1,前田上崇行セ・二俣川8/)82:13.24,((0.68)
29.50,1:02.90,1:38.52
2,石井上将太セ・成瀬7/)42:15.46,((0.80)
30.77,1:04.41,1:39.29
3,森本上祐一セ・清瀬7/)92:19.61,((0.78)
33.15,1:09.28,1:45.04
4,大作上善祥セ・柏6/)62:29.90,((0.94)
33.58,1:11.14,1:49.98
5,田子上上晃セ・自由が丘4/)52:41.72,((0.80)
36.18,1:16.92,1:59.60
6,和田上祐児セ・松戸3/)82:54.04,((0.81)
39.16,1:23.65,2:09.03
No.2,男子,200m自由形
世界記録,1:51.84
日本記録,1:51.84
《,35~39歳,》
大会記録,2:03.40
順位,氏名,所属,水路,時間
1,高木上祥一セ・武蔵小杉8/)42:08.11,((0.76)
29.43,1:01.84,1:35.73
2,岩本上和也セ・志木7/)52:12.87,((0.70)
30.74,1:04.55,1:39.10
3,奥平上竜司セ・武蔵小杉7/)22:13.60,((0.65)
29.54,1:02.84,1:38.28
4,長田上裕史セ・柏7/)62:19.32,((0.65)
32.12,1:07.23,1:43.61
5,高津上周平セ・武蔵小杉7/102:23.43,((0.69)
31.20,1:07.66,1:45.27
6,浅生上上真セ・市川3/)42:38.64,((0.76)
34.94,1:13.18,1:55.14
7,和田上上亮セ・阿佐谷6/)22:43.12,((0.78)
35.78,1:15.43,1:59.07
出力日時:10月26日17:51
第77回セ,トラレスポーツマスターズフェスティノレ(長水路)
会場:東京アクアティクスセ,ター(50谷),107/7115
期日:2024年10月26日(土,)
No.2,男子,200m自由形
世界記録,1:49.56
日本記録,1:54.32
《,30~34歳,》
大会記録,2:03.39
順位,氏名,所属,水路,時間
1,中西上上剛セ・成城8/)72:07.68,((0.68)
29.25,1:00.99,1:34.35
2,村田上健太セ・二俣川8/)32:09.05,((0.69)
29.93,1:02.79,1:36.60
3,山田上義明セ・おおたか1/)43:01.48,((0.95)
38.83,1:23.12,2:12.83
No.2,男子,200m自由形
世界記録,1:50.76
日本記録,1:53.81
《,25~29歳,》
大会記録,2:02.30
順位,氏名,所属,水路,時間
1,小野上上健セ・天王洲8/)92:11.89,((0.68)
30.20,1:02.74,1:37.06
2,泉上上翔太セ・葛西7/)72:22.32,((0.70)
33.08,1:08.79,1:45.17
No.2,男子,200m自由形
日本記録,1:50.21
《,18~24歳,》
大会記録,1:55.00
順位,氏名,所属,水路,時間
1,菅原上上啓セ・慶應日吉8/)62:05.22,((0.72)
28.14,59.89,1:32.84
2,黒田上大介セ・成城8/)12:10.23,((0.67)
29.02,1:00.81,1:34.82
3,柿沼上龍史セ・成城6/)72:15.27,((0.62)
29.69,1:03.38,1:38.77
4,山浦上上信セ・成城8/102:16.61,((0.71)
31.08,1:05.47,1:40.65
5,木村上隼人セ・八王子7/)12:19.40,((0.64)
28.35,1:01.88,1:39.01
6,田中啓二朗セ・二俣川7/)32:19.75,((0.67)
30.96,1:06.15,1:42.78
7,日吉上将輝セ・大宮宮原5/)32:21.32,((0.71)
30.09,1:04.75,1:42.30
出力日時:10月26日17:51
第77回セ,トラレスポーツマスターズフェスティノレ(長水路)
会場:東京アクアティクスセ,ター(50谷),117/7115
期日:2024年10月26日(土,)
No.3,女子,4x50mフリ-リレ-
世界記録,2:52.72
日本記録,2:52.72
《,320~359歳,》
大会記録,3:16.24
順位,チ-ム名,合計年齢,水路,時間
1,セ・松戸,324歳,1/)3,3:16.57
44.20,1:30.15,2:21.31
1,八田上清子,((0.91),44.20)
2,川口上栄子,(徳0.25),45.95
3,須山上順子,(-----),51.16
4,後藤上節子,(徳0.86),55.26
2,セ・天王洲,324歳,1/)1,3:57.61
1:06.76,2:05.85,3:02.35
1,新堀上友子,((1.54),1:06.76)
2,平田美佐子,(徳0.41),59.09
3,川端上淑子,(徳0.33),56.50
4,柴田千代子,(-----),55.26
No.3,女子,4x50mフリ-リレ-
世界記録,2:14.99
日本記録,2:31.16
《,280~319歳,》
大会記録,2:45.72
順位,チ-ム名,合計年齢,水路,時間
1,セ・天王洲,283歳,1/)6,2:53.58
43.95,1:31.72,2:12.41
1,梅田栄己子,(43.95)
2,鬼束上洋子,(徳0.72),47.77
3,後藤上明美,(徳0.84),40.69
4,浅野みどり,(徳0.39),41.17
2,セ・大森,286歳,2/)8,3:03.59
53.01,1:36.82,2:22.65
1,富樫上博子,((1.20),53.01)
2,市野上克子,(徳0.92),43.81
3,藤井上一恵,(徳0.71),45.83
4,井上美佐子,(徳0.45),40.94
3,セ・用賀,288歳,1/)7,3:10.56
46.03,1:41.27,2:29.32
1,佐藤由利子,((0.89),46.03)
2,舘野上圭子,(徳0.69),55.24
3,崎山上治子,(-----),48.05
4,捶井上泰子,(-----),41.24
4,セ・おおたか,306歳,1/)2,3:22.20
46.13,1:36.20,2:33.57
1,大久保祐美子,((0.98),46.13)
2,田中もみぢ,(徳0.74),50.07
3,橋本上順子,(-----),57.37
4,松永タズヨ,48.63
5,セ・天王洲,286歳,1/)8,3:24.98
53.05,1:43.91,2:42.97
1,長谷川節子,((0.91),53.05)
2,川島かよ子,(-----),50.86
3,寺西寿賀子,(徳0.43),59.06
4,櫻田上上琴,(徳0.44),42.01
No.3,女子,4x50mフリ-リレ-
世界記録,2:00.75
日本記録,2:07.60
《,240~279歳,》
大会記録,2:18.66
順位,チ-ム名,合計年齢,水路,時間
出力日時:10月26日17:51
第77回セ,トラレスポーツマスターズフェスティノレ(長水路)
会場:東京アクアティクスセ,ター(50谷),127/7115
期日:2024年10月26日(土,)
No.3,女子,4x50mフリ-リレ-
世界記録,2:00.75
日本記録,2:07.60
《,240~279歳,》
大会記録,2:18.66
順位,チ-ム名,合計年齢,水路,時間
1,セ・二俣川,247歳,3/)2,2:24.01
37.22,1:15.02,1:52.19
1,上野上真弓,((0.90),37.22)
2,野島上久枝,(徳0.44),37.80
3,武井麻知子,(徳0.41),37.17
4,永瀬上秀子,(徳0.32),31.82
2,セ・慶應日吉,244歳,2/)4,2:38.42
40.77,1:24.46,2:04.39
1,田村上明美,((0.83),40.77)
2,中野上朗子,(徳0.69),43.69
3,井手上敦子,(徳0.78),39.93
4,前畑上章子,(徳0.45),34.03
3,セ・おおたか,251歳,2/)2,2:41.45
37.19,1:20.76,2:02.85
1,五十嵐知佐,((0.82),37.19)
2,育村上博子,(徳0.56),43.57
3,岡村上悦子,(徳0.78),42.09
4,野崎由美子,(徳0.65),38.60
4,セ・成城,255歳,2/)5,2:46.90
40.79,1:21.37,2:06.78
1,茂櫛上典子,((0.73),40.79)
2,草森上理子,(徳0.42),40.58
3,柳沢上智子,(徳0.46),45.41
4,田代眞理子,(徳0.36),40.12
5,セ・大宮宮原,249歳,2/)9,2:48.66
38.22,1:21.34,2:07.45
1,西田三佐子,((0.80),38.22)
2,臼井希代子,(徳0.54),43.12
3,関矢上秀子,(徳0.48),46.11
4,坂井上慶子,(徳0.41),41.21
6,セ・慶應日吉,252歳,1/)4,2:55.69
41.88,1:31.56,2:17.73
1,山田上智子,((0.88),41.88)
2,榮上真須美,(徳0.95),49.68
3,原田由美子,(徳0.94),46.17
4,森谷登志江,(徳0.40),37.96
7,セ・上池袋,267歳,1/)5,3:04.13
48.94,1:35.27,2:23.19
1,黒川上慶子,((0.90),48.94)
2,古旗上美鈴,(徳0.69),46.33
3,上松上弘子,(徳0.27),47.92
4,窪田上久恵,(-----),40.94
8,セ・大森,248歳,2/)1,3:13.00
39.28,1:32.06,2:23.35
1,酒井上貴代,((0.78),39.28)
2,池田真理子,(-----),52.78
3,中島上初美,(徳0.71),51.29
4,佐々木政子,(徳0.48),49.65
出力日時:10月26日17:51
第77回セ,トラレスポーツマスターズフェスティノレ(長水路)
会場:東京アクアティクスセ,ター(50谷),137/7115
期日:2024年10月26日(土,)
No.3,女子,4x50mフリ-リレ-
世界記録,2:00.75
日本記録,2:07.60
《,240~279歳,》
大会記録,2:18.66
順位,チ-ム名,合計年齢,水路,時間
9,セ・南千住,267歳,1/)9,3:23.24
54.50,1:48.96,2:45.14
1,于上上亜芝,((1.15),54.50)
2,大手上佳江,(徳0.63),54.46
3,原田上早苗,(-----),56.18
4,町田上麻里,(-----),38.10
No.3,女子,4x50mフリ-リレ-
世界記録,1:54.10
日本記録,1:58.55
《,200~239歳,》
大会記録,2:09.81
順位,チ-ム名,合計年齢,水路,時間
1,セ・市ヶ尾,200歳,3/)4,2:14.79
33.08,1:07.59,1:44.81
1,小山上知子,((0.91),33.08)
2,高橋上麻子,(徳0.41),34.51
3,白須上靖子,(徳0.46),37.22
4,池田百合子,(徳0.37),29.98
2,セ・阿佐谷,221歳,3/)9,2:24.59
35.77,1:11.06,1:49.38
1,石原なおみ,((0.82),35.77)
2,棚網上恵理,(徳0.33),35.29
3,野島上正代,(徳0.08),38.32
4,小野真佐子,(-0.02),35.21
3,セ・慶應日吉,202歳,2/)3,2:37.21
38.88,1:18.90,2:01.71
1,RacaruGabriela,((0.94),38.88)
2,高見沢ゆみ子,(徳0.31),40.02
3,鈴木上夏実,(徳0.93),42.81
4,福本上麻美,(徳0.53),35.50
4,ザノス川崎,236歳,2/10,2:47.41
39.05,1:24.11,2:07.89
1,中山上上翠,((0.84),39.05)
2,伊藤上春美,(徳0.29),45.06
3,齊藤たか子,(徳0.55),43.78
4,川久保ちづる,(徳0.47),39.52
No.3,女子,4x50mフリ-リレ-
世界記録,1:48.44
日本記録,1:54.99
《,160~199歳,》
大会記録,2:05.08
順位,チ-ム名,合計年齢,水路,時間
1,セ・成城,199歳,3/)7,2:15.14
33.43,1:08.34,1:44.60
1,羽田上上文,((0.72),33.43)
2,森上上直子,(徳0.37),34.91
3,佐藤上洋子,(徳0.42),36.26
4,佐々木上彩,(徳0.18),30.54
2,セ・二俣川,192歳,3/)8,2:22.32
36.52,1:12.00,1:47.97
1,前田由希映,((0.93),36.52)
2,松川上律子,(徳0.60),35.48
3,吉池上奈々,(徳0.48),35.97
4,草野上上茜,(徳0.31),34.35
出力日時:10月26日17:51
第77回セ,トラレスポーツマスターズフェスティノレ(長水路)
会場:東京アクアティクスセ,ター(50谷),147/7115
期日:2024年10月26日(土,)
No.3,女子,4x50mフリ-リレ-
世界記録,1:48.44
日本記録,1:54.99
《,160~199歳,》
大会記録,2:05.08
順位,チ-ム名,合計年齢,水路,時間
3,セ・天王洲,179歳,2/)7,2:29.78
36.27,1:17.80,1:56.69
1,萩原ゆりか,((0.89),36.27)
2,森内上裕子,(徳0.72),41.53
3,中辷上澄美,(徳0.80),38.89
4,四井上美穂,(徳0.00),33.09
4,セ・南青山,165歳,3/10,2:38.82
42.48,1:30.76,2:05.02
1,福田ュリャ,((0.76),42.48)
2,山崎美南子,(徳0.46),48.28
3,皆川すみれ,(徳0.68),34.26
4,二宮上若葉,(徳0.49),33.80
5,セ・茂原,176歳,2/)6,2:43.32
30.72,1:16.10,2:07.69
1,岡澤上志織,((0.83),30.72)
2,宮川ひとみ,(-----),45.38
3,齋藤上準子,(徳0.64),51.59
4,岡澤上美咲,(徳0.64),35.63
No.3,女子,4x50mフリ-リレ-
世界記録,1:49.03
日本記録,1:50.35
《,120~159歳,》
大会記録,2:00.42
順位,チ-ム名,合計年齢,水路,時間
1,セ・おおたか,152歳,3/)3,2:17.20
34.01,1:11.46,1:45.56
1,中村可奈子,((0.76),34.01)
2,髙橋上未沙,(徳0.92),37.45
3,柳上有美子,(徳0.44),34.10
4,嶋田菜々子,(徳0.34),31.64
2,セ・平塚,155歳,3/)1,2:19.94
36.15,1:14.59,1:45.79
1,藤本上淑恵,((0.93),36.15)
2,西田上真樹,(徳0.52),38.44
3,木田上景子,(徳0.15),31.20
4,足立上知実,(徳0.69),34.15
No.3,女子,4x50mフリ-リレ-
世界記録,1:50.28
日本記録,1:49.78
《,72~119歳,》
大会記録,1:57.97
順位,チ-ム名,合計年齢,水路,時間
1,セ・成城,111歳,3/)6,2:04.63
31.55,1:03.10,1:33.13
1,広瀬上幸音,((0.77),31.55)
2,宮田さくら,(徳0.18),31.55
3,仲田上笑美,(徳0.39),30.03
4,中畑上上眸,(徳0.44),31.50
2,セ・二俣川,100歳,3/)5,2:06.77
30.54,1:04.51,1:37.05
1,表上上侑寿,((0.67),30.54)
2,松本上彩花,(徳0.49),33.97
3,深堀上陽子,(徳0.55),32.54
4,竹下菜々美,(徳0.43),29.72
出力日時:10月26日17:51
第77回セ,トラレスポーツマスターズフェスティノレ(長水路)
会場:東京アクアティクスセ,ター(50谷),157/7115
期日:2024年10月26日(土,)
No.4,男子,4x50mフリ-リレ-
世界記録,1:53.43
日本記録,2:02.59
《,280~319歳,》
大会記録,2:18.54
順位,チ-ム名,合計年齢,水路,時間
1,セ・成城,296歳,1/)7,2:28.92
35.22,1:10.05,1:47.34
1,若宮上上強,((0.73),35.22)
2,木津上上誠,(徳0.54),34.83
3,吉田上上亮,(徳0.75),37.29
4,松下上達一,(徳0.91),41.58
No.4,男子,4x50mフリ-リレ-
世界記録,1:42.40
日本記録,1:52.37
《,240~279歳,》
大会記録,1:53.59
順位,チ-ム名,合計年齢,水路,時間
1,セ・前橋,241歳,3/)5,1:53.10,・大会新
28.77,56.40,1:26.45
1,平田上貴幸,((0.72),28.77)
2,荒川上秀明,(徳0.31),27.63
3,滋野上文夫,(徳0.51),30.05
4,金子上惠一,(徳0.31),26.65
2,セ・二俣川,240歳,2/)6,2:08.11
32.18,1:10.35,1:38.66
1,冨松上上実,((0.71),32.18)
2,香川上左近,(徳0.78),38.17
3,長崎上上啓,(徳0.45),28.31
4,石上上智啓,(徳0.38),29.45
3,セ・市ヶ尾,250歳,2/)7,2:15.47
32.84,1:06.67,1:42.60
1,神尾上尚人,((0.69),32.84)
2,大滝上恭伸,(徳0.16),33.83
3,茂木上和哉,(徳0.17),35.93
4,塚越上有宏,(徳0.36),32.87
4,セ・長津田,244歳,1/)5,2:19.45
33.08,1:10.40,1:49.61
1,金子上謙一,((0.78),33.08)
2,西森文史郎,(徳0.47),37.32
3,飯沼上上明,(徳0.60),39.21
4,西野宮冬木,(徳0.33),29.84
5,セ・おおたか,255歳,1/)2,2:49.40
39.59,1:26.80,2:02.84
1,橋本上上亘,((0.96),39.59)
2,松永上上勝,(徳0.61),47.21
3,山田上義明,(徳0.50),36.04
4,手塚上上満,(徳0.56),46.56
No.4,男子,4x50mフリ-リレ-
世界記録,1:38.24
日本記録,1:43.25
《,200~239歳,》
大会記録,1:46.48
順位,チ-ム名,合計年齢,水路,時間
1,セ・市ヶ尾,208歳,3/)3,1:52.73
25.91,54.86,1:25.47
1,池田上正輝,((0.77),25.91)
2,菊池上千二,(徳0.37),28.95
3,新井上良育,(徳0.48),30.61
4,図師上拓千,(徳0.39),27.26
出力日時:10月26日17:51
第77回セ,トラレスポーツマスターズフェスティノレ(長水路)
会場:東京アクアティクスセ,ター(50谷),167/7115
期日:2024年10月26日(土,)
No.4,男子,4x50mフリ-リレ-
世界記録,1:38.24
日本記録,1:43.25
《,200~239歳,》
大会記録,1:46.48
順位,チ-ム名,合計年齢,水路,時間
2,セ・長津田,208歳,3/)8,1:54.60
29.09,58.25,1:27.05
1,藤本上豊和,((0.68),29.09)
2,矢部上裕之,(徳0.41),29.16
3,岡村上勝重,(徳0.39),28.80
4,花井上一也,(徳0.04),27.55
3,セ・葛西,221歳,2/)5,2:01.59
31.73,1:01.03,1:30.69
1,原田上上真,((0.82),31.73)
2,小林上上健,(徳0.12),29.30
3,弭間上政隆,(徳0.44),29.66
4,宮木上幸彦,(徳0.23),30.90
4,セ・二俣川,202歳,3/)9,2:02.52
30.81,1:01.54,1:34.78
1,堀川上広祐,((0.63),30.81)
2,下家上成人,(徳0.24),30.73
3,草野上剛史,(徳0.58),33.24
4,永瀬上知之,(徳0.37),27.74
5,セ・南青山,213歳,2/)2,2:02.76
31.44,1:02.99,1:36.94
1,山賀上勝之,((0.73),31.44)
2,沼田上真清,(徳0.43),31.55
3,横浜上上健,(徳0.20),33.95
4,松尾上勇太,(徳0.39),25.82
6,セ・慶應日吉,218歳,3/10,2:07.17
29.38,1:02.20,1:38.25
1,松崎上敏明,((0.70),29.38)
2,森上上明法,(徳0.58),32.82
3,久保田裕一,(徳0.35),36.05
4,河野上上悟,(徳0.59),28.92
7,セ・阿佐谷,215歳,2/)8,2:11.77
28.03,1:07.58,1:42.42
1,北川上貴義,((0.70),28.03)
2,折居上上彰,(徳0.78),39.55
3,大川上明徳,(徳0.60),34.84
4,若杉上佳宏,(徳0.22),29.35
8,セ・天王洲,210歳,1/)6,2:14.61
32.73,1:03.25,1:44.51
1,千葉上忠英,((0.71),32.73)
2,宅間上健介,(徳0.64),30.52
3,佐藤上流生,(徳0.95),41.26
4,久保上卓士,(徳0.46),30.10
9,セ・慶應日吉,207歳,2/)9,2:15.54
32.99,1:06.87,1:37.50
1,穴田上啓樹,((0.72),32.99)
2,田中上遼太,(徳0.48),33.88
3,門倉上孝行,(徳0.68),30.63
4,大塚上秀幸,(徳0.54),38.04
出力日時:10月26日17:51
第77回セ,トラレスポーツマスターズフェスティノレ(長水路)
会場:東京アクアティクスセ,ター(50谷),177/7115
期日:2024年10月26日(土,)
No.4,男子,4x50mフリ-リレ-
世界記録,1:38.24
日本記録,1:43.25
《,200~239歳,》
大会記録,1:46.48
順位,チ-ム名,合計年齢,水路,時間
10,セ・武蔵小杉,230歳,3/)2,2:21.33
33.58,1:08.28,1:43.72
1,田辺上直行,((0.75),33.58)
2,近江上信之,(徳0.65),34.70
3,小池上輝明,(徳0.54),35.44
4,佐野上裕之,(徳0.41),37.61
11,セ・上池袋,218歳,1/)4,2:22.08
33.81,1:13.80,1:51.95
1,近藤上正之,((0.97),33.81)
2,岡部上浩次,(徳0.19),39.99
3,阿部宏之助,(徳0.48),38.15
4,大野上淳哉,(徳0.24),30.13
12,セ・大森,239歳,1/)3,2:51.69
32.56,1:18.83,1:59.53
1,松井上哲郎,((0.70),32.56)
2,御手洗康美,(徳0.66),46.27
3,渡邉上上聖,(徳0.73),40.70
4,具島上春彦,(徳0.59),52.16
No.4,男子,4x50mフリ-リレ-
世界記録,1:34.92
日本記録,1:36.77
《,160~199歳,》
大会記録,1:41.69
順位,チ-ム名,合計年齢,水路,時間
1,セ・二俣川,163歳,4/)7,1:49.44
28.52,54.58,1:22.72
1,前田上崇行,((0.74),28.52)
2,鶴谷上上学,(徳0.32),26.06
3,木村上知行,(徳0.41),28.14
4,立石裕太郎,(徳0.46),26.72
2,セ・用賀,182歳,3/)4,1:57.10
28.69,58.54,1:30.91
1,神部上孝高,((0.78),28.69)
2,柄澤上英也,(徳0.30),29.85
3,飯田上正敏,(徳0.52),32.37
4,室坂上拓真,(徳0.13),26.19
3,セ・長津田,162歳,3/)1,2:01.42
27.04,56.27,1:28.51
1,村田上雅治,((0.64),27.04)
2,竹下上上翔,(徳0.02),29.23
3,池谷上千尋,(徳0.18),32.24
4,祖川上久茂,(徳0.35),32.91
4,セ・武蔵小杉,190歳,4/)5,2:04.71
32.41,1:02.70,1:33.55
1,三浦上厚生,((0.92),32.41)
2,山田上大介,(徳0.14),30.29
3,藤井上清和,(徳0.58),30.85
4,村上上政行,(徳0.47),31.16
出力日時:10月26日17:51
第77回セ,トラレスポーツマスターズフェスティノレ(長水路)
会場:東京アクアティクスセ,ター(50谷),187/7115
期日:2024年10月26日(土,)
No.4,男子,4x50mフリ-リレ-
世界記録,1:34.92
日本記録,1:36.77
《,160~199歳,》
大会記録,1:41.69
順位,チ-ム名,合計年齢,水路,時間
5,セ・清瀬,182歳,2/)4,2:06.65
25.22,58.60,1:35.22
1,萩原上裕大,((0.62),25.22)
2,松本上考弘,(徳0.40),33.38
3,大木上義之,(徳0.58),36.62
4,渡上上上誠,(徳0.42),31.43
No.4,男子,4x50mフリ-リレ-
世界記録,1:32.84
日本記録,1:34.17
《,120~159歳,》
大会記録,1:41.73
順位,チ-ム名,合計年齢,水路,時間
1,セ・柏,133歳,4/)3,1:48.76
25.45,50.96,1:19.31
1,川口上皓生,((0.69),25.45)
2,廣川上大起,(徳0.43),25.51
3,長田上裕史,(徳0.31),28.35
4,磯貝上知弘,(徳0.50),29.45
2,セ・阿佐谷,153歳,4/)2,1:50.25
27.00,56.06,1:24.38
1,椎本上恭平,((0.64),27.00)
2,和田上上亮,(徳0.37),29.06
3,棚網上宏之,(徳0.40),28.32
4,和田弘太郎,(徳0.14),25.87
3,セ・天王洲,134歳,3/)7,1:51.66
26.83,55.07,1:23.43
1,小野上上健,((0.61),26.83)
2,加間上英貴,(徳0.34),28.24
3,倉持上公一,(徳0.44),28.36
4,寺田上遼太,(徳0.57),28.23
4,セ・成城,139歳,4/10,1:55.21
28.11,55.96,1:26.77
1,山浦上上信,((0.71),28.11)
2,梅林上大貴,(徳0.21),27.85
3,羽田上浩一,(徳0.40),30.81
4,村上上上守,(徳0.66),28.44
No.4,男子,4x50mフリ-リレ-
世界記録,1:31.95
日本記録,1:33.32
《,72~119歳,》
大会記録,1:40.19
順位,チ-ム名,合計年齢,水路,時間
1,セ・八王子,)93歳,4/)6,1:41.08
25.92,50.01,1:16.32
1,和澤上上情,((0.68),25.92)
2,韓上上準燃,(徳0.37),24.09
3,伊藤上孝優,(徳0.45),26.31
4,木村上隼人,(徳0.31),24.76
2,セ・成城,)96歳,4/)9,1:46.71
27.43,54.73,1:20.85
1,黒田上大介,((0.64),27.43)
2,柿沼上龍史,(徳0.10),27.30
3,小林上和矢,(徳0.33),26.12
4,宮田上遼太,(徳0.21),25.86
出力日時:10月26日17:51
第77回セ,トラレスポーツマスターズフェスティノレ(長水路)
会場:東京アクアティクスセ,ター(50谷),197/7115
期日:2024年10月26日(土,)
No.4,男子,4x50mフリ-リレ-
世界記録,1:31.95
日本記録,1:33.32
《,72~119歳,》
大会記録,1:40.19
順位,チ-ム名,合計年齢,水路,時間
3,セ・葛西,115歳,4/)4,1:46.85
26.63,53.18,1:19.70
1,前島上悠也,((0.63),26.63)
2,石井上上孟,(徳0.32),26.55
3,泉上上翔太,(徳0.33),26.52
4,加納上聖士,(徳0.32),27.15
4,セ・二俣川,)88歳,4/)8,1:49.75
30.29,57.11,1:23.42
1,山﨑上陸真,((0.79),30.29)
2,田中啓二朗,(徳0.16),26.82
3,田中壮一郎,(徳0.41),26.31
4,秋澤上裕介,(徳0.21),26.33
5,セ・清瀬,)93歳,3/)6,1:52.78
27.35,53.74,1:25.28
1,金子上智哉,((0.88),27.35)
2,塚本上拓也,(徳0.46),26.39
3,松本上海星,(徳0.79),31.54
4,西沢上上歩,(徳0.44),27.50
出力日時:10月26日17:51
第77回セ,トラレスポーツマスターズフェスティノレ(長水路)
会場:東京アクアティクスセ,ター(50谷),207/7115
期日:2024年10月26日(土,)
No.5,女子,4x100mフリ-リレ-
世界記録,5:26.29
日本記録,5:38.49
《,280~319歳,》
大会記録,6:20.23
順位,チ-ム名,合計年齢,水路,時間
1,セ・天王洲,288歳,1/)8,7:05.34
50.00,1:49.84,2:41.29,3:44.50,4:35.03,5:28.36,6:13.24
1,梅田栄己子,(,50.00,1:49.84)
2,川島かよ子,(-----),51.45,1:54.66
3,後藤上明美,(徳0.74),50.53,1:43.86
4,浅野みどり,(徳0.59),44.88,1:36.98
No.5,女子,4x100mフリ-リレ-
世界記録,4:36.74
日本記録,4:56.33
《,240~279歳,》
大会記録,5:25.14
順位,チ-ム名,合計年齢,水路,時間
1,セ・二俣川,247歳,2/)2,5:35.72
40.82,1:25.62,2:06.32,2:51.34,3:32.81,4:19.56,4:56.09
1,上野上真弓,((0.90),40.82,1:25.62)
2,野島上久枝,(徳0.48),40.70,1:25.72
3,武井麻知子,(徳0.44),41.47,1:28.22
4,永瀬上秀子,(徳0.35),36.53,1:16.16
2,セ・成城,243歳,1/)5,5:36.26
40.93,1:27.44,2:08.80,2:58.96,3:37.72,4:18.79,4:54.65
1,高梨上美樹,((0.77),40.93,1:27.44)
2,吉野上治子,(徳0.14),41.36,1:31.52
3,森上上直子,(徳0.64),38.76,1:19.83
4,仲田久美子,(徳0.54),35.86,1:17.47
3,セ・南千住,250歳,1/)4,6:19.70
33.86,1:11.90,1:59.32,2:53.82,3:39.60,4:30.53,5:22.72
1,杉本上浩美,((0.70),33.86,1:11.90)
2,石崎上節代,(徳0.70),47.42,1:41.92
3,古宇田淳子,(徳0.57),45.78,1:36.71
4,下川喜美枝,(徳0.82),52.19,1:49.17
4,セ・天王洲,252歳,1/)2,7:02.76
42.43,1:26.40,2:24.89,3:29.36,4:21.46,5:20.18,6:10.70
1,四井上美穂,((0.79),42.43,1:26.40)
2,長谷川節子,(徳0.29),58.49,2:02.96
3,鬼束上洋子,(徳0.76),52.10,1:50.82
4,櫻田上上琴,(徳0.75),50.52,1:42.58
No.5,女子,4x100mフリ-リレ-
世界記録,4:20.68
日本記録,4:29.24
《,200~239歳,》
大会記録,5:18.59
順位,チ-ム名,合計年齢,水路,時間
1,セ・長津田,203歳,1/)6,6:20.72
35.64,1:19.87,2:02.32,2:55.38,3:42.61,4:42.53,5:28.43
1,宮林上佑妃,((0.92),35.64,1:19.87)
2,小池上淳子,(徳0.29),42.45,1:35.51
3,久保とし子,(徳0.41),47.23,1:47.15
4,久保美由紀,(徳0.46),45.90,1:38.19
2,セ・大森,213歳,1/)7,6:36.31
44.94,1:40.94,2:28.67,3:24.59,4:15.87,5:10.93,5:52.34
1,小林名緒子,((0.80),44.94,1:40.94)
2,森上上信子,(徳0.72),47.73,1:43.65
3,桐沢ひとみ,(-----),51.28,1:46.34
4,冨永結衣子,(徳0.49),41.41,1:25.38
出力日時:10月26日17:51
第77回セ,トラレスポーツマスターズフェスティノレ(長水路)
会場:東京アクアティクスセ,ター(50谷),217/7115
期日:2024年10月26日(土,)
No.5,女子,4x100mフリ-リレ-
世界記録,4:06.90
日本記録,4:19.20
《,160~199歳,》
大会記録,4:48.97
順位,チ-ム名,合計年齢,水路,時間
1,セ・目黒,160歳,2/)5,4:36.81,・大会新
32.30,1:08.23,1:45.03,2:25.93,2:57.31,3:31.33,4:02.35
1,菊地上美春,((0.70),32.30,1:08.23)
2,池田上智子,(徳0.51),36.80,1:17.70
3,舘野上美香,(徳0.04),31.38,1:05.40
4,佐藤上玖弥,(徳0.62),31.02,1:05.48
2,セ・阿佐谷,177歳,2/)3,5:20.22
39.10,1:21.40,2:01.14,2:44.15,3:22.12,4:05.35,4:39.49
1,石原なおみ,((0.79),39.10,1:21.40)
2,棚網上恵理,(徳0.30),39.74,1:22.75
3,小野真佐子,(徳0.45),37.97,1:21.20
4,今井上恵子,(徳0.66),34.14,1:14.87
3,セ・二俣川,192歳,2/)8,5:33.78
39.15,1:20.25,2:01.69,2:45.92,3:24.81,4:09.62,4:48.07
1,草野上上茜,((0.71),39.15,1:20.25)
2,前田由希映,(徳0.73),41.44,1:25.67
3,松川上律子,(徳0.37),38.89,1:23.70
4,吉池上奈々,(徳0.44),38.45,1:24.16
4,セ・天王洲,178歳,1/)3,6:25.53
48.49,1:41.05,2:28.81,3:21.64,4:10.09,5:02.13,5:42.02
1,中辷上澄美,((0.89),48.49,1:41.05)
2,井島上孝子,(-----),47.76,1:40.59
3,森内上裕子,(徳0.52),48.45,1:40.49
4,萩原ゆりか,(徳0.60),39.89,1:23.40
No.5,女子,4x100mフリ-リレ-
世界記録,4:04.10
日本記録,4:07.62
《,120~159歳,》
大会記録,4:35.52
順位,チ-ム名,合計年齢,水路,時間
1,セ・成城,137歳,2/)6,4:47.22
34.14,1:15.00,1:46.68,2:24.69,2:57.83,3:36.77,4:10.50
1,中畑上上眸,((0.77),34.14,1:15.00)
2,仲田上笑美,(徳0.44),31.68,1:09.69
3,宮田さくら,(徳0.15),33.14,1:12.08
4,佐々木上彩,(徳0.20),33.73,1:10.45
2,セ・長津田,140歳,2/)7,4:47.49
32.16,1:08.26,1:40.70,2:16.66,2:55.02,3:40.76,4:12.67
1,吉村上華余,((0.78),32.16,1:08.26)
2,長崎上千怜,(徳0.22),32.44,1:08.40
3,久保かおり,(徳0.06),38.36,1:24.10
4,川北上上恵,(-0.01),31.91,1:06.73
No.5,女子,4x100mフリ-リレ-
世界記録,4:00.96
日本記録,4:00.96
《,72~119歳,》
大会記録,4:29.70
順位,チ-ム名,合計年齢,水路,時間
1,セ・二俣川,100歳,2/)4,4:44.81
31.27,1:05.84,1:42.34,2:24.66,3:00.26,3:39.16,4:10.50
1,竹下菜々美,((0.68),31.27,1:05.84)
2,松本上彩花,(徳0.53),36.50,1:18.82
3,深堀上陽子,(徳0.66),35.60,1:14.50
4,表上上侑寿,(徳0.41),31.34,1:05.65
出力日時:10月26日17:51
第77回セ,トラレスポーツマスターズフェスティノレ(長水路)
会場:東京アクアティクスセ,ター(50谷),227/7115
期日:2024年10月26日(土,)
No.6,男子,4x100mフリ-リレ-
世界記録,3:46.05
日本記録,3:50.69
《,200~239歳,》
大会記録,4:07.60
順位,チ-ム名,合計年齢,水路,時間
1,セ・大宮宮原,204歳,1/)6,4:26.88
31.12,1:05.13,1:39.42,2:17.66,2:49.97,3:25.35,3:54.01
1,阿部上憲一,((0.72),31.12,1:05.13)
2,宮川上則仁,(徳0.56),34.29,1:12.53
3,清田上真人,(徳0.41),32.31,1:07.69
4,川瀬上健次,(徳0.33),28.66,1:01.53
2,セ・二俣川,205歳,1/)7,4:45.70
33.77,1:11.71,1:44.89,2:21.49,2:58.77,3:39.05,4:10.61
1,堀川上広祐,((0.67),33.77,1:11.71)
2,下家上成人,(徳0.17),33.18,1:09.78
3,草野上剛史,(徳0.71),37.28,1:17.56
4,石上上智啓,(徳0.22),31.56,1:06.65
3,セ・天王洲,211歳,1/)3,5:09.72
32.49,1:09.52,1:48.08,2:30.37,3:08.25,3:56.98,4:32.79
1,宅間上健介,((0.76),32.49,1:09.52)
2,千葉上忠英,(徳0.70),38.56,1:20.85
3,日暮上正明,(徳0.83),37.88,1:26.61
4,久保上卓士,(徳0.67),35.81,1:12.74
4,セ・阿佐谷,234歳,1/)2,5:12.71
37.41,1:22.48,1:54.58,2:34.15,3:15.89,3:59.47,4:35.60
1,大川上明徳,((1.00),37.41,1:22.48)
2,若杉上佳宏,(徳0.34),32.10,1:11.67
3,吉村上上進,(徳0.69),41.74,1:25.32
4,久保田勝己,(徳0.55),36.13,1:13.24
5,セ・茂原,222歳,1/)8,5:32.59
26.93,57.09,1:36.44,2:25.95,3:10.51,4:07.11,4:48.99
1,神戸優悠希,((0.73),26.93,57.09)
2,萱沼憲司郎,(徳0.60),39.35,1:28.86
3,丸上上喜章,(徳0.10),44.56,1:41.16
4,山本上和巳,(徳0.77),41.88,1:25.48
No.6,男子,4x100mフリ-リレ-
世界記録,3:38.60
日本記録,3:39.77
《,160~199歳,》
大会記録,3:52.78
順位,チ-ム名,合計年齢,水路,時間
1,セ・二俣川,166歳,2/)6,3:49.44,・大会新
27.52,57.37,1:25.71,1:57.16,2:23.67,2:53.39,3:20.34
1,前田上崇行,((0.72),27.52,57.37)
2,永瀬上知之,(徳0.37),28.34,59.79
3,鶴谷上上学,(徳0.51),26.51,56.23
4,立石裕太郎,(徳0.41),26.95,56.05
2,セ・成城,174歳,2/)2,4:15.94
30.48,1:02.86,1:35.28,2:11.44,2:41.36,3:17.02,3:45.03
1,石井上上龍,((0.72),30.48,1:02.86)
2,羽田上浩一,(徳0.44),32.42,1:08.58
3,村上上上守,(徳0.46),29.92,1:05.58
4,中西上上剛,(徳0.31),28.01,58.92
出力日時:10月26日17:51
第77回セ,トラレスポーツマスターズフェスティノレ(長水路)
会場:東京アクアティクスセ,ター(50谷),237/7115
期日:2024年10月26日(土,)
No.6,男子,4x100mフリ-リレ-
世界記録,3:38.60
日本記録,3:39.77
《,160~199歳,》
大会記録,3:52.78
順位,チ-ム名,合計年齢,水路,時間
3,セ・大森,168歳,1/)4,4:53.13
28.74,1:00.67,1:38.48,2:23.00,2:59.72,3:41.08,4:14.47
1,中原上志門,((0.69),28.74,1:00.67)
2,宇佐美上学,(徳0.62),37.81,1:22.33
3,松井上哲郎,(徳0.70),36.72,1:18.08
4,浅田上康朗,(徳0.27),33.39,1:12.05
No.6,男子,4x100mフリ-リレ-
世界記録,3:28.93
日本記録,3:32.50
《,120~159歳,》
大会記録,3:39.10
順位,チ-ム名,合計年齢,水路,時間
1,セ・武蔵小杉,136歳,2/)5,3:54.98
27.64,57.54,1:24.73,1:55.62,2:23.56,2:55.13,3:23.86
1,高木上祥一,((0.78),27.64,57.54)
2,松澤上朋樹,(徳0.40),27.19,58.08
3,奥平上竜司,(徳0.15),27.94,59.51
4,高津上周平,(徳0.54),28.73,59.85
2,セ・阿佐谷,153歳,2/)7,4:04.57
27.16,57.10,1:27.09,1:58.96,2:30.32,3:05.63,3:33.32
1,和田弘太郎,((0.66),27.16,57.10)
2,棚網上宏之,(徳0.45),29.99,1:01.86
3,和田上上亮,(徳0.65),31.36,1:06.67
4,椎本上恭平,(徳0.44),27.69,58.94
3,セ・大宮宮原,128歳,2/)3,4:05.13
29.39,1:00.92,1:33.98,2:09.99,2:38.02,3:09.26,3:36.15
1,日吉上将輝,((0.71),29.39,1:00.92)
2,山本上英男,(徳0.39),33.06,1:09.07
3,岡内上昭伍,(徳0.19),28.03,59.27
4,石井上建幹,(徳0.55),26.89,55.87
4,セ・天王洲,134歳,1/)5,4:20.49
28.05,58.88,1:29.40,2:05.83,2:36.08,3:11.09,3:43.33
1,小野上上健,((0.65),28.05,58.88)
2,寺田上遼太,(徳0.50),30.52,1:06.95
3,倉持上公一,(徳0.36),30.25,1:05.26
4,加間上英貴,(徳0.53),32.24,1:09.40
No.6,男子,4x100mフリ-リレ-
世界記録,3:30.77
日本記録,3:30.77
《,72~119歳,》
大会記録,3:44.19
順位,チ-ム名,合計年齢,水路,時間
1,セ・清瀬,)89歳,2/)8,4:05.30
26.80,1:01.12,1:31.20,2:06.54,2:34.77,3:08.32,3:35.88
1,鈴木上央雅,((0.68),26.80,1:01.12)
2,西沢上上歩,(徳0.46),30.08,1:05.42
3,金子上智哉,(徳0.14),28.23,1:01.78
4,萩原上裕大,(徳0.32),27.56,56.98
2,セ・二俣川,)96歳,2/)4,4:05.88
28.22,1:00.38,1:28.42,2:00.22,2:30.52,3:05.21,3:33.50
1,山﨑上陸真,((0.77),28.22,1:00.38)
2,田中啓二朗,(徳0.25),28.04,59.84
3,杉山上大亜,(徳0.32),30.30,1:04.99
4,秋澤上裕介,(徳0.23),28.29,1:00.67
出力日時:10月26日17:51
第77回セ,トラレスポーツマスターズフェスティノレ(長水路)
会場:東京アクアティクスセ,ター(50谷),247/7115
期日:2024年10月26日(土,)
No.7,女子,200m個人メドレ-
世界記録,3:53.63
日本記録,4:07.83
《,80~84歳,》
大会記録,5:04.74
順位,氏名,所属,水路,時間
1,小野上洋子セ・我孫子1/)35:29.40,((1.05)
1:07.51,2:30.91,4:19.13
No.7,女子,200m個人メドレ-
世界記録,3:21.84
日本記録,3:32.94
《,75~79歳,》
大会記録,4:12.78
順位,氏名,所属,水路,時間
1,大山上恵子セ・葛西2/)54:01.15・大会新,((0.79)
47.02,1:57.53,3:08.36
No.7,女子,200m個人メドレ-
世界記録,3:00.96
日本記録,3:13.19
《,70~74歳,》
大会記録,3:38.48
順位,氏名,所属,水路,時間
1,青木華世子セ・松戸4/)83:34.64・大会新,((0.81)
46.03,1:41.41,2:46.04
2,菅上上和江セ・戸塚2/)74:26.19,((1.05)
1:01.63,2:09.18,3:28.25
3,松木真知子セ・ときわ台1/)74:56.87,((0.97)
1:15.29,2:34.52,3:48.87
4,菅井上道子セ・戸塚2/)85:12.77,((1.17)
1:15.11,2:42.35,4:03.39
)木村上恵子セ・越谷1/)4メ6平2,(-----)
No.7,女子,200m個人メドレ-
世界記録,2:51.52
日本記録,3:11.94
《,65~69歳,》
大会記録,3:33.12
順位,氏名,所属,水路,時間
1,森谷登志江セ・慶應日吉3/)53:46.97,((0.88)
53.18,1:51.88,2:56.38
2,井手上敦子セ・慶應日吉3/)73:50.01,((1.01)
53.94,1:54.00,3:00.80
3,育村上博子セ・おおたか3/)24:02.06,((0.96)
59.78,2:06.76,3:11.39
4,福森上公子セ・育見台3/)14:07.74,((1.00)
56.43,2:04.56,3:12.60
5,相馬上絹代セ・溝ノ口3/)34:18.14,((0.79)
59.38,2:06.88,3:17.98
6,日和久美子セ・戸塚2/)34:24.59,((0.96)
1:04.83,2:15.04,3:29.01
7,太田上初美セ・越谷2/)44:29.68,((0.85)
57.58,2:06.67,3:17.77
8,近藤みゆきセ・阿佐谷1/)64:49.41,((0.70)
1:11.42,2:26.70,3:44.40
出力日時:10月26日17:51
第77回セ,トラレスポーツマスターズフェスティノレ(長水路)
会場:東京アクアティクスセ,ター(50谷),257/7115
期日:2024年10月26日(土,)
No.7,女子,200m個人メドレ-
世界記録,2:34.27
日本記録,2:57.05
《,60~64歳,》
大会記録,3:20.19
順位,氏名,所属,水路,時間
1,野島上久枝セ・二俣川4/)43:23.34,((0.82)
47.93,1:42.47,2:37.96
2,上野上真弓セ・二俣川4/)93:43.13,((0.93)
49.93,1:43.89,2:53.11
3,高松早智子セ・南宇都宮3/)43:44.63,((0.76)
50.17,1:49.02,2:53.85
4,渡部上美紀セ・育見台3/)63:55.69,((1.11)
56.90,1:54.71,3:01.76
5,盛田真規子セ・二俣川3/)94:04.55,((0.76)
1:01.29,2:03.61,3:12.09
6,増子上保子セ・蘇我1/)54:32.56,((0.94)
1:08.08,2:22.41,3:32.30
No.7,女子,200m個人メドレ-
世界記録,2:31.51
日本記録,2:48.18
《,55~59歳,》
大会記録,2:51.38
順位,氏名,所属,水路,時間
1,角南上美貴セ・我孫子3/)84:02.82,((0.73)
51.50,1:54.80,3:00.47
2,山口上仁子セ・上池袋2/)64:13.87,(
59.94,2:09.96,3:24.65
No.7,女子,200m個人メドレ-
世界記録,2:31.02
日本記録,2:39.26
《,50~54歳,》
大会記録,2:54.21
順位,氏名,所属,水路,時間
1,広瀬百合香セ・戸塚5/)72:54.88,((0.67)
36.19,1:20.50,2:13.99
2,鎌田上和代セ・千葉みなと4/)53:12.10,((0.77)
41.13,1:30.78,2:27.65
3,大島江理子セ・大森4/)33:28.78,((0.76)
43.88,1:41.61,2:42.46
4,白須上靖子セ・市ヶ尾4/103:37.66,((0.79)
51.10,1:51.17,2:48.37
5,小田桐知子セ・志木4/)23:50.90,((1.08)
46.03,1:51.77,2:56.51
No.7,女子,200m個人メドレ-
世界記録,2:21.37
日本記録,2:32.81
《,45~49歳,》
大会記録,2:49.83
順位,氏名,所属,水路,時間
1,羽田上上文セ・成城5/)83:06.87,((0.80)
40.13,1:26.83,2:22.19
2,青山上里香セ・成瀬5/103:14.43,((0.94)
44.95,1:30.39,2:30.95
3,佐藤上桂子セ・横浜4/)13:46.56,((0.81)
48.10,1:50.08,2:56.57
出力日時:10月26日17:51
第77回セ,トラレスポーツマスターズフェスティノレ(長水路)
会場:東京アクアティクスセ,ター(50谷),267/7115
期日:2024年10月26日(土,)
No.7,女子,200m個人メドレ-
世界記録,2:21.37
日本記録,2:32.81
《,45~49歳,》
大会記録,2:49.83
順位,氏名,所属,水路,時間
4,赤坂恵美子セ・志木3/104:09.60,((0.91)
51.04,1:55.59,3:07.78
No.7,女子,200m個人メドレ-
世界記録,2:25.03
日本記録,2:30.15
《,40~44歳,》
大会記録,2:44.54
順位,氏名,所属,水路,時間
1,山田未紗子セ・越谷4/)63:16.66,((0.80)
41.90,1:36.27,2:30.49
No.7,女子,200m個人メドレ-
世界記録,2:13.89
日本記録,2:19.28
《,30~34歳,》
大会記録,2:27.06
順位,氏名,所属,水路,時間
1,長谷川上恵セ・阿佐谷5/)32:53.41,((0.83)
37.94,1:23.84,2:13.08
No.7,女子,200m個人メドレ-
世界記録,2:20.71
日本記録,2:20.71
《,25~29歳,》
大会記録,2:30.52
順位,氏名,所属,水路,時間
1,竹下菜々美セ・二俣川5/)42:43.86,((0.70)
33.85,1:15.68,2:06.21
2,遠藤上上桃セ・越谷5/)22:48.44,((0.86)
33.68,1:18.64,2:06.69
3,石井理桜子セ・市川5/)13:01.46,((0.70)
36.78,1:24.77,2:17.34
4,嶋田菜々子セ・おおたか5/)93:12.07,((0.69)
39.94,1:27.11,2:25.06
5,足立上知実セ・平塚4/)73:21.03,((0.72)
42.11,1:34.69,2:33.07
No.7,女子,200m個人メドレ-
日本記録,2:23.20
《,18~24歳,》
大会記録,2:28.28
順位,氏名,所属,水路,時間
1,竹山上睦月セ・南青山5/)52:37.25,((0.64)
32.63,1:16.31,1:59.47
2,髙﨑上優奈セ・清瀬5/)62:42.89,((0.73)
33.06,1:12.75,2:02.36
出力日時:10月26日17:51
第77回セ,トラレスポーツマスターズフェスティノレ(長水路)
会場:東京アクアティクスセ,ター(50谷),277/7115
期日:2024年10月26日(土,)
No.8,男子,200m個人メドレ-
世界記録,2:53.12
日本記録,3:09.33
《,75~79歳,》
大会記録,3:25.77
順位,氏名,所属,水路,時間
1,木津上上誠セ・成城2/)83:27.10,((0.84)
44.39,1:40.42,2:41.87
2,白井上清嗣セ・大宮宮原1/)84:18.78,((0.92)
57.43,2:13.11,3:24.41
3,伴野上保志セ・阿佐谷1/)24:48.12,((1.24)
1:07.47,2:26.88,3:38.77
No.8,男子,200m個人メドレ-
世界記録,2:35.97
日本記録,2:49.11
《,70~74歳,》
大会記録,3:21.08
順位,氏名,所属,水路,時間
1,菱沼上和男セ・葛西1/)74:00.95,((0.94)
57.12,2:02.92,3:11.86
No.8,男子,200m個人メドレ-
世界記録,2:25.22
日本記録,2:40.00
《,65~69歳,》
大会記録,2:48.85
順位,氏名,所属,水路,時間
1,齋藤上博憲ザノス鶴見1/)53:30.31,((1.12)
45.24,1:46.07,2:46.63
No.8,男子,200m個人メドレ-
世界記録,2:21.99
日本記録,2:29.47
《,60~64歳,》
大会記録,2:39.43
順位,氏名,所属,水路,時間
1,渡部上佳彦セ・市川4/)52:45.96,((0.73)
33.68,1:18.09,2:07.98
2,久保田勝己セ・阿佐谷2/)53:20.51,((0.81)
43.31,1:36.58,2:37.50
3,小池上輝明セ・武蔵小杉2/)43:23.13,((0.90)
44.36,1:43.07,2:34.63
4,大塚上上克セ・市川2/)63:27.32,((0.74)
43.24,1:38.10,2:35.14
5,近江上信之セ・武蔵小杉2/)23:28.76,((0.95)
45.55,1:41.71,2:42.96
6,小島上上淳セ・柏1/)33:30.84,((0.78)
48.15,1:43.79,2:44.41
7,横山上恵一セ・越谷2/)93:31.69,((0.87)
46.61,1:43.99,2:43.79
8,二宮上上博セ・横浜1/)43:47.11,((0.82)
43.13,1:48.93,2:53.29
No.8,男子,200m個人メドレ-
世界記録,2:20.67
日本記録,2:26.24
《,55~59歳,》
大会記録,2:36.80
順位,氏名,所属,水路,時間
1,小倉上秀和セ・清瀬4/)62:46.13,((0.83)
33.33,1:17.15,2:08.32
出力日時:10月26日17:51
第77回セ,トラレスポーツマスターズフェスティノレ(長水路)
会場:東京アクアティクスセ,ター(50谷),287/7115
期日:2024年10月26日(土,)
No.8,男子,200m個人メドレ-
世界記録,2:20.67
日本記録,2:26.24
《,55~59歳,》
大会記録,2:36.80
順位,氏名,所属,水路,時間
2,高田上義久セ・八王子2/)73:28.11,((0.72)
39.79,1:38.74,2:36.73
No.8,男子,200m個人メドレ-
世界記録,2:11.15
日本記録,2:20.54
《,50~54歳,》
大会記録,2:32.41
順位,氏名,所属,水路,時間
1,中村上良樹セ・武蔵小杉5/)12:42.88,((0.69)
33.32,1:15.88,2:04.71
2,長野上三郎セ・千葉みなと5/)92:45.79,((0.75)
33.10,1:14.78,2:05.39
3,渡部上弘一セ・市川3/)42:48.93,((0.77)
32.06,1:17.21,2:10.18
4,柄澤上英也セ・用賀4/)72:50.71,((0.65)
35.90,1:21.40,2:12.71
5,村上上政行セ・武蔵小杉4/)82:51.57,((0.88)
37.55,1:25.57,2:11.62
6,北村上洋一セ・大森4/)12:54.54,((0.63)
36.73,1:22.64,2:12.00
7,平田上博之セ・ときわ台3/)62:59.51,((0.90)
36.87,1:23.83,2:18.03
8,成島上上毅セ・F宇都宮3/)93:03.56,((0.76)
37.42,1:28.60,2:21.76
9,祖川上久茂セ・長津田3/)83:06.01,((0.72)
37.13,1:30.88,2:20.47
10,渡上上上誠セ・清瀬3/)23:08.12,((0.91)
43.91,1:31.21,2:26.01
11,佐々木栄一G-sPA3/)33:19.57,((0.78)
40.47,1:30.75,2:31.27
12,大川上明徳セ・阿佐谷1/)63:33.90,((1.02)
39.41,1:41.23,2:44.63
No.8,男子,200m個人メドレ-
世界記録,2:10.09
日本記録,2:16.32
《,45~49歳,》
大会記録,2:19.57
順位,氏名,所属,水路,時間
1,羽田上浩一セ・成城5/)62:42.73,((0.77)
32.65,1:15.92,2:02.96
2,桐本上兼輔セ・福生4/102:45.29,((0.70)
32.16,1:16.64,2:06.38
3,長谷川上仁セ・南千住4/)42:47.77,((0.73)
34.62,1:16.20,2:09.45
4,皆川上雅登セ・大宮宮原5/)42:51.11,((0.79)
35.78,1:23.02,2:11.82
5,渡邊上忠幸セ・南宇都宮4/)22:53.55,((0.71)
33.18,1:18.68,2:10.72
出力日時:10月26日17:51
第77回セ,トラレスポーツマスターズフェスティノレ(長水路)
会場:東京アクアティクスセ,ター(50谷),297/7115
期日:2024年10月26日(土,)
No.8,男子,200m個人メドレ-
世界記録,2:10.09
日本記録,2:16.32
《,45~49歳,》
大会記録,2:19.57
順位,氏名,所属,水路,時間
6,齊藤上上仁セ・茂原3/103:01.35,((0.71)
36.62,1:22.37,2:17.17
7,大沢上祐輔セ・福生3/)13:18.10,((0.66)
39.99,1:32.44,2:26.81
No.8,男子,200m個人メドレ-
世界記録,2:08.63
日本記録,2:13.76
《,40~44歳,》
大会記録,2:20.44
順位,氏名,所属,水路,時間
1,大窪上康治セ・清瀬5/)82:24.42,((0.74)
29.97,1:05.82,1:47.61
2,棚網上宏之セ・阿佐谷6/)82:34.15,((0.67)
32.49,1:11.42,1:56.43
3,大作上善祥セ・柏5/)22:40.69,((0.87)
34.81,1:21.44,2:02.47
4,図師上拓千セ・市ヶ尾5/102:43.56,((0.64)
33.86,1:18.04,2:09.91
5,植木上秀志セ・久喜4/)32:43.63,((0.63)
30.73,1:15.79,2:05.81
6,和田上祐児セ・松戸2/)33:19.48,((0.91)
42.21,1:39.63,2:35.34
No.8,男子,200m個人メドレ-
世界記録,2:05.65
日本記録,2:08.72
《,35~39歳,》
大会記録,2:17.09
順位,氏名,所属,水路,時間
1,浅生上上真セ・市川4/)92:52.32,((0.78)
35.35,1:22.28,2:10.39
No.8,男子,200m個人メドレ-
世界記録,2:02.18
日本記録,2:07.47
《,30~34歳,》
大会記録,2:17.41
順位,氏名,所属,水路,時間
1,村田上健太セ・二俣川6/)62:26.19,((0.74)
31.27,1:10.89,1:53.48
2,土屋上大貴セ・平塚5/)52:29.32,((0.64)
29.98,1:09.87,1:54.94
3,石井上上孟セ・葛西5/)72:38.22,((0.67)
29.73,1:12.63,1:57.02
No.8,男子,200m個人メドレ-
世界記録,2:03.62
日本記録,2:04.41
《,25~29歳,》
大会記録,2:10.44
順位,氏名,所属,水路,時間
1,今里上昂哉セ・清瀬6/)42:20.70,((0.77)
28.63,1:05.40,1:45.30
2,小野上上健セ・天王洲6/)32:29.19,((0.66)
30.16,1:11.06,1:54.37
出力日時:10月26日17:51
第77回セ,トラレスポーツマスターズフェスティノレ(長水路)
会場:東京アクアティクスセ,ター(50谷),307/7115
期日:2024年10月26日(土,)
No.8,男子,200m個人メドレ-
世界記録,2:03.62
日本記録,2:04.41
《,25~29歳,》
大会記録,2:10.44
順位,氏名,所属,水路,時間
3,佐々木天太セ・用賀6/)22:45.25,((0.78)
32.45,1:14.08,2:00.71
No.8,男子,200m個人メドレ-
日本記録,2:04.90
《,18~24歳,》
大会記録,2:08.80
順位,氏名,所属,水路,時間
1,相原上健吾セ・目黒6/)92:23.84,((0.68)
29.30,1:08.16,1:48.33
2,和澤上上情セ・八王子6/)72:25.11,((0.70)
29.23,1:07.60,1:51.43
3,田中壮一郎セ・二俣川6/)12:28.80,((0.77)
28.81,1:07.50,1:50.82
4,山浦上上信セ・成城6/)52:29.74,((0.74)
32.62,1:13.43,1:54.50
5,南上上里輝セ・蒲田5/)32:34.79,((0.58)
31.32,1:12.61,1:56.60
6,萩原上裕大セ・清瀬6/102:37.44,((0.59)
31.32,1:09.78,1:57.41
7,村田上雅治セ・長津田3/)72:47.55,((0.65)
31.32,1:14.21,2:03.37
出力日時:10月26日17:51
第77回セ,トラレスポーツマスターズフェスティノレ(長水路)
会場:東京アクアティクスセ,ター(50谷),317/7115
期日:2024年10月26日(土,)
No.9,女子,100m自由形
世界記録,1:27.42
日本記録,1:27.42
《,85~89歳,》
大会記録,1:45.73
順位,氏名,所属,水路,時間
1,平田美佐子セ・天王洲1/)72:17.12,((1.22)
1:03.02
No.9,女子,100m自由形
世界記録,1:23.16
日本記録,1:23.16
《,80~84歳,》
大会記録,1:38.81
順位,氏名,所属,水路,時間
1,八田上清子セ・松戸5/)51:44.17,((0.72)
47.26
2,安澤イソ子セ・市ヶ尾2/)82:00.41,((0.90)
55.10
3,永島上郁子ザノス鶴見2/)32:03.17,((0.98)
59.84
4,武藤上治子セ・二俣川1/)22:05.95,(
59.06
5,舘野上圭子セ・用賀1/)52:09.80,((0.90)
1:02.43
6,久保美紀枝セ・流山3/)92:10.06,((1.15)
58.06
No.9,女子,100m自由形
世界記録,1:17.38
日本記録,1:19.71
《,75~79歳,》
大会記録,1:36.96
順位,氏名,所属,水路,時間
1,宇田川礼子セ・我孫子3/)51:45.14,((1.10)
49.04
2,竹原上君枝セ・慶應日吉4/)51:45.59,((1.14)
51.36
3,内田上良子セ・用賀5/)81:45.92,((0.83)
51.87
4,岡田まり子cs南行徳5/)71:46.09,((0.97)
49.67
5,松木上弘美セ・志木3/)71:51.47,((0.74)
51.73
6,大手上佳江セ・南千住2/)52:03.18,((1.17)
58.61
7,安部上澄子セ・我孫子1/)32:05.25,(
56.88
8,後藤上節子セ・松戸2/)72:10.30,((1.04)
1:00.51
No.9,女子,100m自由形
世界記録,1:06.68
日本記録,1:14.28
《,70~74歳,》
大会記録,1:21.82
順位,氏名,所属,水路,時間
1,原田上岳美セ・藤沢9/)21:27.82,((0.76)
41.71
出力日時:10月26日17:51
第77回セ,トラレスポーツマスターズフェスティノレ(長水路)
会場:東京アクアティクスセ,ター(50谷),327/7115
期日:2024年10月26日(土,)
No.9,女子,100m自由形
世界記録,1:06.68
日本記録,1:14.28
《,70~74歳,》
大会記録,1:21.82
順位,氏名,所属,水路,時間
2,中平上信子セ・成瀬8/)71:29.11,((0.87)
41.71
3,吉野上治子セ・成城8/)51:31.97,((0.78)
42.87
4,後藤上明美セ・天王洲4/)41:33.48,((0.96)
46.39
5,近藤ひな子セ・二俣川8/)41:34.05,((1.03)
44.35
6,舛尾妃呂子セ・稲毛海岸5/)21:35.37,((0.91)
46.10
7,青砥美智子セ・葛西8/)31:36.78,((0.93)
46.30
8,伊藤上幸英ザノス鶴見6/)81:40.10,((1.03)
48.55
9,清水上裕子セ・二俣川3/)61:40.57,((0.92)
49.10
10,相澤上史子セ・松戸6/)41:41.35,((0.78)
48.15
11,大熊上正子セ・桶川北本5/)61:45.28,((0.86)
48.37
12,宮内佳代子セ・トレッサ4/)11:52.24,((0.82)
51.15
13,富樫上博子セ・大森3/)11:57.82,((1.63)
52.45
14,于上上亜芝セ・南千住5/)92:00.02,((1.02)
55.76
15,長谷川節子セ・天王洲2/)62:06.28,((0.90)
1:00.32
16,友野上敬子セ・館山1/)42:13.72,((1.03)
1:03.36
)戸倉上陽子セ・慶應日吉1/)6出2,(-----)
No.9,女子,100m自由形
世界記録,1:04.89
日本記録,1:13.05
《,65~69歳,》
大会記録,1:18.83
順位,氏名,所属,水路,時間
1,菅野上泰子セ・葛西9/)51:20.91,((0.76)
39.81
2,野島上正代セ・阿佐谷9/)91:25.91,((0.84)
41.06
3,山﨑上京子セ・横浜9/)81:29.91,((0.96)
43.64
4,川久保ちづるザノス川崎7/101:33.01,((0.89)
42.31
出力日時:10月26日17:51
第77回セ,トラレスポーツマスターズフェスティノレ(長水路)
会場:東京アクアティクスセ,ター(50谷),337/7115
期日:2024年10月26日(土,)
No.9,女子,100m自由形
世界記録,1:04.89
日本記録,1:13.05
《,65~69歳,》
大会記録,1:18.83
順位,氏名,所属,水路,時間
5,井上美佐子セ・大森4/101:37.17,((0.76)
44.08
6,古宇田淳子セ・南千住7/)41:37.74,((0.77)
46.33
7,五月女美幸セ・宇都宮6/)31:38.04,((1.01)
47.38
8,久松上葉子セ・成瀬7/)61:38.08,((1.17)
47.60
9,杉山上規子セ・川越4/)31:39.89,((0.89)
49.31
10,光畑千栄子セ・成瀬6/)91:41.19,((0.97)
48.26
11,臼井希代子セ・大宮宮原8/101:41.92,((1.14)
47.80
12,石崎上節代セ・南千住6/)21:44.12,((1.03)
48.97
13,関矢上秀子セ・大宮宮原3/)31:47.79,((1.07)
48.66
14,譲原上恵子セ・我孫子4/)91:48.34,((1.05)
51.60
15,下川喜美枝セ・南千住6/)71:48.44,((0.91)
51.39
16,松浦上敏子セ・我孫子3/)81:49.99,((0.99)
49.35
17,宮原上美穂セ・福生5/)31:52.05,((0.81)
52.44
18,中島上初美セ・大森3/101:54.95,((1.24)
53.31
No.9,女子,100m自由形
世界記録,1:03.83
日本記録,1:07.78
《,60~64歳,》
大会記録,1:11.31
順位,氏名,所属,水路,時間
1,永瀬上秀子セ・二俣川11/)21:13.83,((0.82)
35.28
2,西井上良子セ・福生10/)81:14.51,((0.73)
35.46
3,石原なおみセ・阿佐谷11/)11:20.22,((0.80)
37.54
4,高橋上久美セ・市川9/)71:26.12,((0.74)
40.92
5,福原上美奈セ・稲毛海岸9/)31:29.02,((0.77)
41.33
6,高松早智子セ・南宇都宮8/)11:29.17,((0.82)
42.71
出力日時:10月26日17:51
第77回セ,トラレスポーツマスターズフェスティノレ(長水路)
会場:東京アクアティクスセ,ター(50谷),347/7115
期日:2024年10月26日(土,)
No.9,女子,100m自由形
世界記録,1:03.83
日本記録,1:07.78
《,60~64歳,》
大会記録,1:11.31
順位,氏名,所属,水路,時間
7,野崎由美子セ・おおたか7/)51:32.01,((0.95)
44.98
8,茂櫛上典子セ・成城6/)51:32.03,((0.72)
44.60
9,細見あけみセ・千葉みなと5/)11:33.06,((0.83)
44.63
10,加藤上雅弓セ・新都心7/)71:36.11,((1.20)
45.64
11,佐々木れいセ・志木4/)61:40.52,((0.83)
48.58
12,久保とし子セ・長津田6/)61:45.63,((1.08)
48.38
No.9,女子,100m自由形
世界記録,1:01.87
日本記録,1:05.21
《,55~59歳,》
大会記録,1:10.06
順位,氏名,所属,水路,時間
1,篠原上理恵セ・南宇都宮11/)81:14.24,((0.66)
35.21
2,前畑上章子セ・慶應日吉10/)41:17.36,((0.77)
36.57
3,西田三佐子セ・大宮宮原8/)61:25.67,((0.67)
41.50
4,小倉上直美セ・清瀬7/)81:26.95,((0.82)
39.96
5,小林上弘子ザノス鶴見10/)71:27.36,((0.97)
40.50
6,佐藤上直子セ・我孫子6/)11:37.54,((0.76)
42.82
7,鈴木上夏実セ・慶應日吉7/)31:38.51,((1.00)
46.92
8,冨樫真樹子セ・用賀4/)21:38.86,((0.76)
45.91
9,下段千寿子セ・越谷4/)81:43.45,((0.84)
47.13
10,佐々木タ子セ・市ヶ尾4/)71:52.34,((0.99)
53.97
11,日置上上睦セ・我孫子2/)21:55.17,((0.89)
53.20
12,飯田美奈子セ・西新井2/)42:19.53,((1.15)
1:03.91
No.9,女子,100m自由形
世界記録,1:00.40
日本記録,1:03.99
《,50~54歳,》
大会記録,1:06.25
順位,氏名,所属,水路,時間
出力日時:10月26日17:51
第77回セ,トラレスポーツマスターズフェスティノレ(長水路)
会場:東京アクアティクスセ,ター(50谷),357/7115
期日:2024年10月26日(土,)
No.9,女子,100m自由形
世界記録,1:00.40
日本記録,1:03.99
《,50~54歳,》
大会記録,1:06.25
順位,氏名,所属,水路,時間
1,杉本上浩美セ・南千住11/)41:11.43,((0.73)
34.00
2,佐々木美佐セ・平塚11/)61:13.87,((0.84)
34.98
3,原田上佳子セ・葛西11/)51:14.10,((0.74)
34.82
4,石井紀美子セ・s湘南台10/)31:22.21,((0.72)
37.44
5,酒井上貴代セ・大森7/)91:29.71,((0.74)
41.24
6,捶井上泰子セ・用賀8/)81:34.71,((0.87)
45.12
7,津田上千鶴セ・育見台8/)21:35.07,((0.95)
46.81
8,中村奈穂美セ・越谷5/101:35.86,((0.91)
43.64
9,北瀬あづさセ・市ヶ尾7/)21:37.15,((0.77)
48.93
No.9,女子,100m自由形
世界記録,57.40
日本記録,1:03.18
《,45~49歳,》
大会記録,1:08.19
順位,氏名,所属,水路,時間
1,佐々木上彩セ・成城12/)11:11.26,((0.70)
32.99
2,木村美佐子セ・南宇都宮12/101:12.83,((0.79)
35.27
3,飯澤上美香セ・我孫子9/)11:17.56,((0.80)
37.09
4,小室上桃子セ・八王子10/)61:18.34,((0.87)
35.38
5,手島上幸恵セ・藤沢7/)11:18.78,((0.96)
37.24
6,藤本上淑恵セ・平塚9/)41:24.74,((0.91)
40.32
7,福本上麻美セ・慶應日吉9/)61:24.92,((0.84)
40.18
8,細沼上悦子セ・越谷8/)91:25.25,((0.92)
42.42
No.9,女子,100m自由形
世界記録,58.04
日本記録,1:02.15
《,40~44歳,》
大会記録,1:06.24
順位,氏名,所属,水路,時間
1,四井上美穂セ・天王洲10/)21:16.33,((0.80)
35.56
出力日時:10月26日17:51
第77回セ,トラレスポーツマスターズフェスティノレ(長水路)
会場:東京アクアティクスセ,ター(50谷),367/7115
期日:2024年10月26日(土,)
No.9,女子,100m自由形
世界記録,58.04
日本記録,1:02.15
《,40~44歳,》
大会記録,1:06.24
順位,氏名,所属,水路,時間
2,小野真佐子セ・阿佐谷10/)51:18.48,((0.81)
36.55
3,宮林上佑妃セ・長津田10/101:20.29,((0.91)
37.69
4,冨永結衣子セ・大森10/)11:24.72,((0.80)
38.77
5,井島上孝子セ・天王洲5/)41:36.90,((1.20)
48.80
No.9,女子,100m自由形
世界記録,57.38
日本記録,58.87
《,35~39歳,》
大会記録,1:03.35
順位,氏名,所属,水路,時間
1,川北上上恵セ・長津田12/)41:06.31,((0.70)
31.23
2,田中上美鈴セ・武蔵小杉12/)71:08.34,((0.76)
33.04
3,宮下上奏子セ・市ヶ尾11/)91:10.41,((0.77)
32.99
No.9,女子,100m自由形
世界記録,55.24
日本記録,58.20
《,30~34歳,》
大会記録,1:03.35
順位,氏名,所属,水路,時間
1,中山上上翠ザノス川崎9/101:28.38,((0.86)
40.34
2,熊谷紗友梨セ・s湘南台6/101:42.77,((1.02)
46.49
No.9,女子,100m自由形
世界記録,56.96
日本記録,57.89
《,25~29歳,》
大会記録,1:00.50
順位,氏名,所属,水路,時間
1,川俣上上星セ・新都心12/)51:06.89,((0.71)
31.20
2,仲田上笑美セ・成城12/)81:09.23,((0.75)
31.87
3,木田上景子セ・平塚11/)71:13.08,((0.69)
34.62
4,村岡上礼奈セ・桶川北本11/101:21.31,((0.74)
37.58
No.9,女子,100m自由形
日本記録,58.37
《,18~24歳,》
大会記録,1:01.56
順位,氏名,所属,水路,時間
1,佐藤上玖弥セ・目黒12/)61:05.68,((0.79)
31.34
出力日時:10月26日17:51
第77回セ,トラレスポーツマスターズフェスティノレ(長水路)
会場:東京アクアティクスセ,ター(50谷),377/7115
期日:2024年10月26日(土,)
No.9,女子,100m自由形
日本記録,58.37
《,18~24歳,》
大会記録,1:01.56
順位,氏名,所属,水路,時間
2,島崎帆乃華セ・藤沢12/)21:08.18,((0.61)
31.27
3,西澤上瑛倫セ・越谷11/)31:09.34,((0.68)
33.84
4,深谷上美緒セ・東十条12/)91:09.49,((0.73)
32.59
出力日時:10月26日17:51
第77回セ,トラレスポーツマスターズフェスティノレ(長水路)
会場:東京アクアティクスセ,ター(50谷),387/7115
期日:2024年10月26日(土,)
No.10,男子,100m自由形
世界記録,1:22.25
日本記録,1:22.25
《,85~89歳,》
大会記録,1:37.90
順位,氏名,所属,水路,時間
1,川本上上剛セ・長沼2/)21:40.60,((1.08)
48.42
2,大堀上兵衛セ・下北沢1/)12:13.53,((1.55)
1:02.84
No.10,男子,100m自由形
世界記録,1:08.76
日本記録,1:08.76
《,80~84歳,》
大会記録,1:27.89
順位,氏名,所属,水路,時間
1,井上上隆史セ・市ヶ尾1/)71:39.84,((1.05)
46.93
2,眞壁上上功セ・藤沢1/)81:42.42,((0.94)
48.69
No.10,男子,100m自由形
世界記録,1:06.40
日本記録,1:06.40
《,75~79歳,》
大会記録,1:13.93
順位,氏名,所属,水路,時間
1,今上上修二セ・越谷2/)31:33.05,((0.93)
45.03
2,石井上上肇墨田区体育館1/)31:41.63,((1.18)
47.33
3,大内上上洋セ・葛西1/)41:42.73,((0.86)
48.90
No.10,男子,100m自由形
世界記録,1:03.32
日本記録,1:03.17
《,70~74歳,》
大会記録,1:11.50
順位,氏名,所属,水路,時間
1,亀田上一麿セ・東戸塚5/)61:18.03,((0.85)
35.69
2,若宮上上強セ・成城5/)21:20.75,((0.64)
38.13
3,香川上左近セ・二俣川3/)81:28.13,((0.84)
40.69
4,浅野上唯男セ・志木2/)91:37.94,((0.97)
46.56
5,松下上達一セ・成城1/)51:48.33,((1.16)
48.96
No.10,男子,100m自由形
世界記録,59.49
日本記録,1:02.14
《,65~69歳,》
大会記録,1:05.19
順位,氏名,所属,水路,時間
1,井上上昌臣セ・西東京2/)41:19.89,((0.87)
38.69
2,柏木上治久セ・成瀬4/)41:20.33,((0.76)
40.29
出力日時:10月26日17:51
第77回セ,トラレスポーツマスターズフェスティノレ(長水路)
会場:東京アクアティクスセ,ター(50谷),397/7115
期日:2024年10月26日(土,)
No.10,男子,100m自由形
世界記録,59.49
日本記録,1:02.14
《,65~69歳,》
大会記録,1:05.19
順位,氏名,所属,水路,時間
3,槙田上上誠セ・南千住5/)91:21.82,((0.83)
39.19
4,竹内上上新セ・府中3/)51:23.21,((0.91)
40.38
5,仲宇佐隆一セ・横浜4/)11:24.26,((0.76)
39.57
6,茂木上和哉セ・市ヶ尾3/)41:27.28,((0.77)
41.84
7,佐藤上信弘セ・桶川北本3/)21:27.97,((0.94)
39.79
8,飯沼上上明セ・長津田2/)51:29.79,((0.98)
44.42
9,鈴木上哲治墨田区体育館3/)91:34.36,((0.90)
43.40
10,山中上一男セ・阿佐谷2/)71:37.38,((0.81)
43.06
No.10,男子,100m自由形
世界記録,57.66
日本記録,1:00.33
《,60~64歳,》
大会記録,1:04.30
順位,氏名,所属,水路,時間
1,今井正太郎セ・前橋9/)21:06.71,((0.74)
32.35
2,菊池上千二セ・市ヶ尾5/)51:07.48,((0.88)
30.95
3,海辺上信吉セ・おおたか7/)91:11.74,((0.87)
33.87
4,一色洋志セ・福生5/)31:14.74,((0.76)
34.45
5,若島上健二セ・二俣川5/)41:15.17,((0.86)
36.22
6,近江上信之セ・武蔵小杉4/)31:19.23,((1.01)
39.63
7,山本上和巳セ・茂原3/)61:22.39,((0.79)
39.81
8,金田上雅之セ・育見台4/)51:23.14,((0.83)
40.59
9,小島上上淳セ・柏3/)11:23.36,((0.79)
39.83
10,黒川上恵一セ・市ヶ尾2/)61:30.76,((0.80)
42.51
11,二宮上次郎セ・南宇都宮4/101:31.60,((0.77)
40.09
12,後藤上上潤セ・成城1/)61:31.88,((0.89)
42.74
出力日時:10月26日17:51
第77回セ,トラレスポーツマスターズフェスティノレ(長水路)
会場:東京アクアティクスセ,ター(50谷),407/7115
期日:2024年10月26日(土,)
No.10,男子,100m自由形
世界記録,56.00
日本記録,57.52
《,55~59歳,》
大会記録,1:02.93
順位,氏名,所属,水路,時間
1,金子上惠一セ・前橋10/)21:02.48・大会新,((0.77)
29.89
2,小林上上健セ・葛西8/)81:10.11,((0.73)
34.01
3,荒川上秀明セ・前橋8/)41:10.38,((0.85)
34.38
4,中津海全士セ・s湘南台7/)41:10.49,((0.78)
33.49
5,楊上上上華ザノス鶴見6/)51:11.48,((0.76)
34.39
6,飯田上正敏セ・用賀7/)11:12.54,((0.80)
34.23
7,本間上丈博セ・稲毛海岸6/)41:13.56,((0.75)
35.21
8,永家上一徳セ・市川7/101:13.85,((0.72)
34.80
9,近藤上正之セ・上池袋5/)71:19.52,((0.96)
36.62
10,大木上義之セ・清瀬4/)91:22.49,((0.99)
39.30
11,吉峯上幸郎セ・用賀5/)11:23.86,((0.97)
38.06
12,佐藤上流生セ・天王洲2/)81:39.26,((0.99)
45.47
13,半澤上上繁セ・清瀬1/)21:45.57,((0.90)
45.78
No.10,男子,100m自由形
世界記録,54.15
日本記録,54.61
《,50~54歳,》
大会記録,1:00.40
順位,氏名,所属,水路,時間
1,石井上上龍セ・成城11/)31:02.70,((0.70)
29.84
2,藤本上豊和セ・長津田11/)91:05.53,((0.75)
31.15
3,山田上耕一セ・清瀬8/)61:06.78,((0.75)
32.35
4,西野宮冬木セ・長津田8/)71:07.59,((0.95)
33.34
5,藤井上清和セ・武蔵小杉7/)61:10.58,((0.65)
33.15
6,前田上光輝セ・おおたか3/101:10.98,((0.68)
33.38
7,青木上健二セ・蒲田8/)11:12.71,((0.60)
32.53
出力日時:10月26日17:51
第77回セ,トラレスポーツマスターズフェスティノレ(長水路)
会場:東京アクアティクスセ,ター(50谷),417/7115
期日:2024年10月26日(土,)
No.10,男子,100m自由形
世界記録,54.15
日本記録,54.61
《,50~54歳,》
大会記録,1:00.40
順位,氏名,所属,水路,時間
8,足立上上晃セ・新川崎7/)51:12.73,((0.75)
32.58
9,岡田上育行セ・越谷6/)11:16.76,((0.79)
35.65
10,平田上博之セ・ときわ台4/)81:23.33,((0.91)
38.38
11,ノーズノーマウィセ・松戸4/)61:29.11,((1.07)
40.12
12,今井上英大セ・川越1/)91:30.38,((1.12)
44.44
13,高梨上上繁ザノス川崎3/)71:33.84,((0.69)
40.75
No.10,男子,100m自由形
世界記録,52.24
日本記録,52.24
《,45~49歳,》
大会記録,56.53
順位,氏名,所属,水路,時間
1,北川上貴義セ・阿佐谷11/101:01.83,((0.69)
29.44
2,神部上孝高セ・用賀9/)51:02.87,((0.76)
30.87
3,小室上秀幸セ・八王子9/)91:04.27,((0.69)
30.60
4,堀川上広祐セ・二俣川9/)41:05.62,((0.65)
30.99
5,磯貝上知弘セ・柏9/)71:07.01,((0.82)
31.32
6,宅間上健介セ・天王洲8/)31:08.72,((0.76)
32.43
7,山岡上裕和セ・ときわ台8/)21:09.05,((0.89)
32.05
8,西田上幸弘セ・藤沢6/)31:10.07,((1.12)
34.78
9,菅原上弘貴セ・福生7/)21:11.50,((0.75)
33.77
10,小島上直政セ・久喜4/)71:15.54,((1.07)
37.31
11,田辺上直行セ・武蔵小杉5/101:19.12,((0.90)
36.43
12,小林上貴大セ・蘇我5/)81:20.21,((0.76)
36.10
No.10,男子,100m自由形
世界記録,50.73
日本記録,51.21
《,40~44歳,》
大会記録,56.35
順位,氏名,所属,水路,時間
出力日時:10月26日17:51
第77回セ,トラレスポーツマスターズフェスティノレ(長水路)
会場:東京アクアティクスセ,ター(50谷),427/7115
期日:2024年10月26日(土,)
No.10,男子,100m自由形
世界記録,50.73
日本記録,51.21
《,40~44歳,》
大会記録,56.35
順位,氏名,所属,水路,時間
1,鶴谷上上学セ・二俣川12/)556.20・大会新,((0.68)
27.21
2,森本上祐一セ・清瀬9/)61:02.39,((0.78)
30.45
3,植木上秀志セ・久喜9/)31:03.07,((0.63)
30.92
4,矢作上上歩セ・長津田10/)81:03.93,((0.84)
30.75
5,木村上知行セ・二俣川9/)81:04.73,((0.74)
30.63
6,田子上上晃セ・自由が丘7/)71:10.69,((0.77)
33.51
7,田中上遼太セ・慶應日吉4/)21:19.33,((0.71)
36.97
8,小田島丈典セ・福生7/)31:20.33,((0.78)
37.15
9,清水上大輔セ・桶川北本3/)31:29.90,((0.89)
41.20
No.10,男子,100m自由形
世界記録,50.78
日本記録,50.78
《,35~39歳,》
大会記録,53.85
順位,氏名,所属,水路,時間
1,高木上祥一セ・武蔵小杉12/)757.56,((0.67)
27.63
2,奥平上竜司セ・武蔵小杉11/)559.37,((0.65)
28.14
3,椎本上恭平セ・阿佐谷11/)659.47,((0.65)
28.08
4,岩本上和也セ・志木12/)159.66,((0.64)
28.28
5,和田上上亮セ・阿佐谷10/)91:09.05,((0.77)
31.73
6,三浦上厚生セ・武蔵小杉6/)91:12.08,((0.87)
32.71
7,増田上上究セ・平塚6/)21:14.94,((0.66)
34.56
No.10,男子,100m自由形
世界記録,49.80
日本記録,51.34
《,30~34歳,》
大会記録,53.90
順位,氏名,所属,水路,時間
1,板垣上義人セ・トレッサ12/)356.38,((0.72)
26.37
2,内藤上寿輝セ・大森12/)656.90,((0.86)
27.13
出力日時:10月26日17:51
第77回セ,トラレスポーツマスターズフェスティノレ(長水路)
会場:東京アクアティクスセ,ター(50谷),437/7115
期日:2024年10月26日(土,)
No.10,男子,100m自由形
世界記録,49.80
日本記録,51.34
《,30~34歳,》
大会記録,53.90
順位,氏名,所属,水路,時間
3,伊藤上孝優セ・八王子10/)31:01.26,((0.86)
29.15
4,寺田上遼太セ・天王洲9/)11:10.24,((0.84)
32.22
5,山田上義明セ・おおたか2/)11:20.65,((1.09)
38.22
No.10,男子,100m自由形
世界記録,48.72
日本記録,50.75
《,25~29歳,》
大会記録,52.13
順位,氏名,所属,水路,時間
1,小林上和矢セ・成城8/)557.79,((0.67)
27.64
2,松澤上朋樹セ・武蔵小杉12/)459.62,((0.79)
28.55
3,前島上悠也セ・葛西12/)91:00.61,((0.65)
28.01
4,加納上聖士セ・葛西11/)71:01.49,((0.69)
29.05
5,泉上上翔太セ・葛西11/)41:01.71,((0.74)
28.66
6,武本上侑己セ・青砥8/)91:02.77,((0.76)
30.12
7,竹下上上翔セ・長津田8/101:13.29,((0.63)
31.83
No.10,男子,100m自由形
日本記録,51.01
《,18~24歳,》
大会記録,52.11
順位,氏名,所属,水路,時間
1,設樂上航希セ・流山12/)855.39,((0.65)
25.97
2,木村上隼人セ・八王子10/)458.00,((0.64)
27.34
3,荒井上優吾セ・成瀬12/)258.63,((0.65)
28.18
4,重高上良彦セ・育見台10/1059.06,((0.72)
28.25
5,伊藤上水晶セ・松戸12/101:00.62,((0.67)
28.70
6,柿沼上龍史セ・成城9/101:00.92,((0.61)
27.86
7,法領田徳丞セ・蒲田10/)61:01.56,((0.57)
27.65
8,金子上智哉セ・清瀬11/)11:02.03,((0.80)
29.10
出力日時:10月26日17:51
第77回セ,トラレスポーツマスターズフェスティノレ(長水路)
会場:東京アクアティクスセ,ター(50谷),447/7115
期日:2024年10月26日(土,)
No.10,男子,100m自由形
日本記録,51.01
《,18~24歳,》
大会記録,52.11
順位,氏名,所属,水路,時間
9,山﨑上陸真セ・二俣川10/)11:04.05,((0.67)
29.26
10,西沢上上歩セ・清瀬10/)71:04.58,((0.68)
29.54
11,池内上駿文セ・東十条11/)21:06.95,((0.83)
30.22
12,岩崎上伊吹セ・おおたか11/)81:07.47,((0.66)
28.52
出力日時:10月26日17:51
第77回セ,トラレスポーツマスターズフェスティノレ(長水路)
会場:東京アクアティクスセ,ター(50谷),457/7115
期日:2024年10月26日(土,)
No.11,女子,4x50mメドレ-リレ-
世界記録,2:34.78
日本記録,2:43.32
《,280~319歳,》
大会記録,3:12.99
順位,チ-ム名,合計年齢,水路,時間
1,セ・葛西,286歳,1/)4,3:04.43,・大会新
50.23,1:38.60,2:22.43
1,松村上恵子,((0.77),50.23)
2,菅野上泰子,(徳0.33),48.37
3,大山上恵子,(徳0.50),43.83
4,青砥美智子,(徳0.42),42.00
2,セ・成城,285歳,1/)3,3:28.96
1:01.05,1:55.93,2:49.22
1,大塚上裕子,((0.59),1:01.05)
2,栗林眞知子,(徳0.30),54.88
3,草森上理子,(徳0.45),53.29
4,伊藤ゆかり,(徳0.51),39.74
3,墨田区体育館,297歳,1/)8,3:59.60
58.54,2:04.72,3:16.29
1,吉田三枝子,((0.84),58.54)
2,末光とき子,(徳0.62),1:06.18
3,青木上洋子,(徳0.48),1:11.57
4,見崎上幸子,43.31
4,セ・慶應日吉,305歳,1/)2,3:59.69
1:02.67,2:04.79,3:06.81
1,池淵上玲子,((0.66),1:02.67)
2,岡本上靖子,(徳0.61),1:02.12
3,竹原上君枝,(-0.02),1:02.02
4,田野倉和子,(徳0.66),52.88
No.11,女子,4x50mメドレ-リレ-
世界記録,2:19.90
日本記録,2:25.60
《,240~279歳,》
大会記録,2:34.86
順位,チ-ム名,合計年齢,水路,時間
1,セ・成城,248歳,2/)7,2:46.43
46.64,1:34.75,2:10.81
1,茂櫛上典子,((0.63),46.64)
2,高梨上美樹,(徳0.38),48.11
3,仲田久美子,(徳0.57),36.06
4,高柳上祐子,(徳0.17),35.62
2,セ・二俣川,245歳,2/)3,2:49.28
44.58,1:30.50,2:09.05
1,上野上真弓,((0.79),44.58)
2,野島上久枝,(徳0.56),45.92
3,武井麻知子,(徳0.43),38.55
4,盛田真規子,(徳0.62),40.23
3,セ・成瀬,252歳,2/)2,3:07.96
52.01,1:40.59,2:22.61
1,中平上信子,((0.64),52.01)
2,米澤美智子,(徳0.31),48.58
3,青山上里香,(徳0.41),42.02
4,久松上葉子,(徳0.84),45.35
出力日時:10月26日17:51
第77回セ,トラレスポーツマスターズフェスティノレ(長水路)
会場:東京アクアティクスセ,ター(50谷),467/7115
期日:2024年10月26日(土,)
No.11,女子,4x50mメドレ-リレ-
世界記録,2:19.90
日本記録,2:25.60
《,240~279歳,》
大会記録,2:34.86
順位,チ-ム名,合計年齢,水路,時間
4,セ・成城,258歳,2/)9,3:17.29
48.12,1:37.75,2:32.41
1,松田上聡美,((0.74),48.12)
2,田代眞理子,(徳0.33),49.63
3,廣瀬上伸子,(徳0.54),54.66
4,柳沢上智子,(徳0.67),44.88
No.11,女子,4x50mメドレ-リレ-
世界記録,2:08.87
日本記録,2:13.47
《,200~239歳,》
大会記録,2:20.02
順位,チ-ム名,合計年齢,水路,時間
1,セ・市ヶ尾,200歳,3/)3,2:34.60
43.45,1:26.38,1:57.57
1,高橋上麻子,((0.76),43.45)
2,小山上知子,(徳0.04),42.93
3,池田百合子,(徳0.36),31.19
4,白須上靖子,(徳0.41),37.03
2,セ・越谷,204歳,2/)4,2:38.87
45.42,1:30.12,2:03.19
1,石田上良子,((0.57),45.42)
2,磯村由紀子,(徳0.00),44.70
3,遠藤上上桃,(徳0.75),33.07
4,細沼上悦子,(徳0.34),35.68
3,セ・二俣川,200歳,2/)5,2:47.35
43.16,1:28.00,2:11.34
1,草野上上茜,((0.64),43.16)
2,永瀬上秀子,(徳0.31),44.84
3,吉池上奈々,(徳0.53),43.34
4,前田由希映,(徳0.62),36.01
4,セ・松戸,216歳,2/)6,2:47.92
44.88,1:33.27,2:16.31
1,及川上上薫,((0.78),44.88)
2,八尋上加苗,(徳0.40),48.39
3,青木華世子,(徳0.23),43.04
4,柳上上美希,(徳0.48),31.61
5,セ・慶應日吉,205歳,2/)8,2:54.27
47.98,1:44.62,2:18.42
1,中野上朗子,((0.77),47.98)
2,鈴木上夏実,(-----),56.64
3,宮本上八重,(徳0.47),33.80
4,福本上麻美,(徳0.67),35.85
6,セ・清瀬,239歳,1/)6,3:02.43
52.15,1:41.54,2:25.73
1,小笠原暁子,((0.81),52.15)
2,佐藤美絵子,(徳0.63),49.39
3,岡田上眞弓,(徳0.63),44.19
4,大槻真由美,(徳0.57),36.70
出力日時:10月26日17:51
第77回セ,トラレスポーツマスターズフェスティノレ(長水路)
会場:東京アクアティクスセ,ター(50谷),477/7115
期日:2024年10月26日(土,)
No.11,女子,4x50mメドレ-リレ-
世界記録,2:08.87
日本記録,2:13.47
《,200~239歳,》
大会記録,2:20.02
順位,チ-ム名,合計年齢,水路,時間
7,セ・越谷,227歳,1/)5,3:03.02
45.61,1:39.77,2:18.54
1,小林のぞみ,((0.59),45.61)
2,太田上初美,(徳0.57),54.16
3,山田未紗子,(徳0.28),38.77
4,米林上清子,(徳0.76),44.48
8,セ・桶川北本,205歳,1/)7,3:09.79
55.08,1:51.47,2:27.16
1,村岡上貴子,((0.89),55.08)
2,加藤上涼子,(徳0.65),56.39
3,梅澤上亮子,(徳0.53),35.69
4,山本登美子,(-----),42.63
No.11,女子,4x50mメドレ-リレ-
世界記録,2:02.92
日本記録,2:06.69
《,160~199歳,》
大会記録,2:15.71
順位,チ-ム名,合計年齢,水路,時間
1,セ・葛西,187歳,3/)2,2:29.46
38.15,1:24.31,1:57.38
1,永田加那子,((0.54),38.15)
2,羽山恵津子,(徳0.36),46.16
3,大椛上詩織,(徳0.63),33.07
4,原田上佳子,(徳0.32),32.08
2,セ・大森,199歳,3/10,2:34.98
36.86,1:24.50,1:57.11
1,浅尾上有香,((0.63),36.86)
2,大島江理子,(徳0.54),47.64
3,田中上志歩,(徳0.27),32.61
4,立石由美子,(徳0.47),37.87
3,セ・成城,188歳,3/)8,2:35.59
39.77,1:24.68,2:00.71
1,羽田上上文,((0.73),39.77)
2,佐藤上洋子,(徳0.36),44.91
3,佐々木上彩,(徳0.16),36.03
4,岩田上愛恵,(徳0.40),34.88
4,セ・阿佐谷,191歳,3/)6,2:43.54
38.91,1:28.68,2:05.53
1,小野真佐子,((0.71),38.91)
2,石原なおみ,(徳0.57),49.77
3,今井上恵子,(徳0.63),36.85
4,野島上正代,(徳0.40),38.01
No.11,女子,4x50mメドレ-リレ-
世界記録,1:59.41
日本記録,1:59.41
《,120~159歳,》
大会記録,2:16.17
順位,チ-ム名,合計年齢,水路,時間
1,セ・長津田,140歳,3/)7,2:23.34
36.34,1:15.40,1:46.21
1,川北上上恵,((0.73),36.34)
2,長崎上千怜,(徳0.32),39.06
3,吉村上華余,(徳0.17),30.81
4,久保かおり,(徳0.40),37.13
出力日時:10月26日17:51
第77回セ,トラレスポーツマスターズフェスティノレ(長水路)
会場:東京アクアティクスセ,ター(50谷),487/7115
期日:2024年10月26日(土,)
No.11,女子,4x50mメドレ-リレ-
世界記録,1:59.41
日本記録,1:59.41
《,120~159歳,》
大会記録,2:16.17
順位,チ-ム名,合計年齢,水路,時間
2,セ・南青山,131歳,3/)1,2:33.65
41.09,1:16.99,1:53.04
1,友田上智哲,((0.70),41.09)
2,竹山上睦月,(徳0.32),35.90
3,皆川すみれ,(徳0.63),36.05
4,國政上上玲,(徳0.47),40.61
3,セ・おおたか,152歳,3/)9,2:37.99
44.66,1:27.67,2:03.27
1,髙橋上未沙,((0.84),44.66)
2,中村可奈子,(徳0.77),43.01
3,嶋田菜々子,(徳0.34),35.60
4,柳上有美子,(徳0.58),34.72
No.11,女子,4x50mメドレ-リレ-
世界記録,2:00.05
日本記録,2:02.39
《,72~119歳,》
大会記録,2:13.72
順位,チ-ム名,合計年齢,水路,時間
1,セ・二俣川,100歳,3/)5,2:23.05
34.90,1:17.85,1:49.77
1,竹下菜々美,((0.63),34.90)
2,深堀上陽子,(徳0.52),42.95
3,表上上侑寿,(徳0.34),31.92
4,松本上彩花,(徳0.10),33.28
2,セ・成城,111歳,3/)4,2:23.73
35.97,1:17.47,1:52.41
1,広瀬上幸音,((0.65),35.97)
2,仲田上笑美,(徳0.64),41.50
3,中畑上上眸,(徳0.56),34.94
4,宮田さくら,(徳0.17),31.32
出力日時:10月26日17:51
第77回セ,トラレスポーツマスターズフェスティノレ(長水路)
会場:東京アクアティクスセ,ター(50谷),497/7115
期日:2024年10月26日(土,)
No.12,男子,4x50mメドレ-リレ-
世界記録,2:07.03
日本記録,2:17.91
《,280~319歳,》
大会記録,2:35.20
順位,チ-ム名,合計年齢,水路,時間
1,セ・成城,291歳,1/)7,2:49.09
44.28,1:31.75,2:12.43
1,吉田上上亮,((0.89),44.28)
2,中井上岳郎,(徳0.46),47.47
3,木津上上誠,(徳0.59),40.68
4,若宮上上強,(徳0.60),36.66
2,セ・阿佐谷,285歳,1/)8,3:01.89
59.19,1:42.71,2:21.89
1,伴野上保志,((1.00),59.19)
2,吉村上上進,(徳0.09),43.52
3,久保田勝己,(徳0.42),39.18
4,宇佐美栄二,(徳0.48),40.00
No.12,男子,4x50mメドレ-リレ-
世界記録,1:57.46
日本記録,2:03.13
《,240~279歳,》
大会記録,2:03.13
順位,チ-ム名,合計年齢,水路,時間
1,セ・二俣川,242歳,1/)5,2:38.23
36.27,1:19.80,2:04.04
1,下家上成人,((0.70),36.27)
2,草野上剛史,(徳0.43),43.53
3,香川上左近,(徳0.48),44.24
4,若島上健二,(徳0.46),34.19
2,セ・長津田,252歳,1/)6,2:46.90
45.38,1:25.55,2:13.66
1,西森文史郎,((0.71),45.38)
2,池谷上千尋,(徳0.29),40.17
3,飯沼上上明,(徳0.55),48.11
4,金子上謙一,(徳0.21),33.24
3,セ・葛西,253歳,1/)3,2:50.66
39.23,1:29.50,2:05.33
1,宮木上幸彦,((0.77),39.23)
2,赤坂上吉昭,(徳0.34),50.27
3,原田上上真,(徳0.44),35.83
4,大内上上洋,(徳0.52),45.33
4,G-sPA,251歳,1/)2,2:54.85
41.88,1:29.05,2:13.69
1,佐々木栄一,((0.72),41.88)
2,若山上聖亮,(徳0.79),47.17
3,福田上剛紀,(徳0.21),44.64
4,中村上雄一,(-----),41.16
No.12,男子,4x50mメドレ-リレ-
世界記録,1:50.83
日本記録,1:52.57
《,200~239歳,》
大会記録,1:56.72
順位,チ-ム名,合計年齢,水路,時間
1,セ・市ヶ尾,200歳,4/)9,2:02.39
31.23,1:08.92,1:35.59
1,田窪上上達,((0.64),31.23)
2,廣松上伸一,(徳0.38),37.69
3,池田上正輝,(徳0.23),26.67
4,木村上考太,(徳0.31),26.80
出力日時:10月26日17:51
第77回セ,トラレスポーツマスターズフェスティノレ(長水路)
会場:東京アクアティクスセ,ター(50谷),507/7115
期日:2024年10月26日(土,)
No.12,男子,4x50mメドレ-リレ-
世界記録,1:50.83
日本記録,1:52.57
《,200~239歳,》
大会記録,1:56.72
順位,チ-ム名,合計年齢,水路,時間
2,セ・清瀬,210歳,3/)6,2:08.89
35.08,1:09.78,1:41.53
1,山田上耕一,((0.64),35.08)
2,小倉上和彦,(徳0.36),34.70
3,小倉上秀和,(徳0.53),31.75
4,大窪上康治,(徳0.29),27.36
3,セ・成城,200歳,2/)6,2:18.56
32.66,1:07.85,1:39.12
1,井口上暢彦,((0.69),32.66)
2,石井上上龍,(徳0.65),35.19
3,村上上上守,(徳0.56),31.27
4,浦田上昌和,(徳0.45),39.44
4,セ・二俣川,200歳,2/)5,2:20.23
36.30,1:14.18,1:45.62
1,長崎上上啓,((0.64),36.30)
2,石上上智啓,(徳0.30),37.88
3,堀川上広祐,(徳0.38),31.44
4,宮本上昌雄,(徳0.38),34.61
5,セ・用賀,202歳,2/)4,2:24.78
36.28,1:20.83,1:54.04
1,柄澤上英也,((0.71),36.28)
2,佐藤上正章,(徳0.38),44.55
3,和田上浩一,(徳0.35),33.21
4,亀井上智貴,(徳0.04),30.74
6,セ・松戸,202歳,2/)8,2:28.81
34.61,1:14.61,1:55.74
1,鈴木上敏志,((0.78),34.61)
2,稲毛上上仁,(徳0.55),40.00
3,庄司上和明,(徳0.55),41.13
4,和田上祐児,(-----),33.07
7,セ・天王洲,211歳,1/)4,2:30.85
38.23,1:19.71,1:54.48
1,宅間上健介,((0.74),38.23)
2,千葉上忠英,(徳0.43),41.48
3,久保上卓士,(徳0.71),34.77
4,日暮上正明,(徳0.58),36.37
),セ・越谷,214歳,2/)3,競12
45.27,1:26.05,2:04.34
1,岡田上育行,((0.86),45.27)
2,中村上幸弘,(徳0.55),40.78
3,宮崎上隆寛,(徳0.15),38.29
4,横山上恵一
No.12,男子,4x50mメドレ-リレ-
世界記録,1:45.47
日本記録,1:46.32
《,160~199歳,》
大会記録,1:51.35
順位,チ-ム名,合計年齢,水路,時間
出力日時:10月26日17:51
第77回セ,トラレスポーツマスターズフェスティノレ(長水路)
会場:東京アクアティクスセ,ター(50谷),517/7115
期日:2024年10月26日(土,)
No.12,男子,4x50mメドレ-リレ-
世界記録,1:45.47
日本記録,1:46.32
《,160~199歳,》
大会記録,1:51.35
順位,チ-ム名,合計年齢,水路,時間
1,セ・大宮宮原,163歳,3/)5,2:06.41
39.18,1:08.92,1:36.52
1,宮川上則仁,((0.78),39.18)
2,石井上建幹,(徳0.41),29.74
3,岡内上昭伍,(徳0.29),27.60
4,清田上真人,(徳0.43),29.89
2,セ・二俣川,163歳,4/10,2:06.61
31.42,1:06.00,1:34.93
1,鶴谷上上学,((0.68),31.42)
2,村田上健太,(徳0.45),34.58
3,永瀬上知之,(徳0.23),28.93
4,山岡上哲也,(徳0.28),31.68
3,セ・南千住,192歳,4/)8,2:07.20
34.07,1:05.06,1:38.27
1,長谷川上仁,((0.62),34.07)
2,宮川上上航,(徳0.21),30.99
3,中村上上勝,(徳0.63),33.21
4,今井上裕介,(徳0.36),28.93
4,セ・おおたか,166歳,3/)2,2:09.93
35.39,1:05.76,1:39.73
1,岩崎上伊吹,((0.59),35.39)
2,石井上上了,(徳0.29),30.37
3,海辺上信吉,(徳0.50),33.97
4,前田上光輝,(徳0.64),30.20
5,セ・大森,174歳,3/)1,2:12.96
37.50,1:20.44,1:47.42
1,小林上弘典,((0.74),37.50)
2,伊藤上正二,(徳0.44),42.94
3,内藤上寿輝,(徳0.38),26.98
4,島脇上晃也,(徳0.29),25.54
6,セ・慶應日吉,184歳,3/)3,2:13.68
33.31,1:18.97,1:44.97
1,河野上上悟,((0.66),33.31)
2,穴田上啓樹,(徳0.48),45.66
3,菅原上上啓,(徳0.44),26.00
4,松崎上敏明,(徳0.40),28.71
7,セ・成瀬,168歳,3/10,2:19.20
38.77,1:14.76,1:43.86
1,栗原上大輔,((0.64),38.77)
2,荒井上優吾,(徳0.88),35.99
3,石井上将太,(徳0.32),29.10
4,高橋上上潤,(徳0.54),35.34
8,セ・福生,182歳,2/)2,2:27.02
43.83,1:25.69,1:57.10
1,小田島丈典,((0.77),43.83)
2,菅原上弘貴,(徳0.36),41.86
3,桐本上兼輔,(徳0.49),31.41
4,宮崎上上健,(徳0.13),29.92
出力日時:10月26日17:51
第77回セ,トラレスポーツマスターズフェスティノレ(長水路)
会場:東京アクアティクスセ,ター(50谷),527/7115
期日:2024年10月26日(土,)
No.12,男子,4x50mメドレ-リレ-
世界記録,1:42.06
日本記録,1:42.09
《,120~159歳,》
大会記録,1:52.11
順位,チ-ム名,合計年齢,水路,時間
1,ミズノMT,130歳,3/)9,1:55.28
29.45,1:01.32,1:30.62
1,山口上雅文,((0.71),29.45)
2,入江上上徹,(徳0.46),31.87
3,谷口上太文,(徳0.45),29.30
4,安芸上祐作,(徳0.37),24.66
2,セ・二俣川,144歳,4/)7,1:59.22
34.18,1:04.40,1:33.51
1,杉山上大亜,((0.62),34.18)
2,立石裕太郎,(徳0.26),30.22
3,鈴木上上遼,(徳0.23),29.11
4,前田上崇行,(徳0.41),25.71
3,セ・柏,133歳,4/)5,1:59.92
30.55,1:03.36,1:30.21
1,廣川上大起,((0.52),30.55)
2,長田上裕史,(徳0.17),32.81
3,川口上皓生,(徳0.37),26.85
4,磯貝上知弘,(徳0.62),29.71
4,セ・阿佐谷,153歳,4/)3,2:05.67
31.91,1:11.67,1:40.27
1,棚網上宏之,((0.57),31.91)
2,和田上上亮,(徳0.44),39.76
3,椎本上恭平,(徳0.32),28.60
4,和田弘太郎,(徳0.12),25.40
5,セ・用賀,149歳,3/)8,2:06.29
31.51,1:04.25,1:38.55
1,室坂上拓真,((0.59),31.51)
2,青木上海斗,(徳0.21),32.74
3,飯田上正敏,(徳0.28),34.30
4,神部上孝高,(徳0.33),27.74
6,セ・長津田,142歳,3/)7,2:12.58
36.34,1:12.80,1:42.94
1,矢作上上歩,((0.92),36.34)
2,岡村上勝重,(徳0.37),36.46
3,村田上雅治,(徳0.47),30.14
4,竹下上上翔,(徳0.61),29.64
),セ・八王子,157歳,2/)7,競12
33.16,1:12.61,1:47.56
1,伊藤上孝優,((0.75),33.16)
2,高田上義久,(徳0.33),39.45
3,鈴木上直哉,(徳0.58),34.95
4,田村上上翔
セ・大宮宮原,157歳,3/)4,競12
36.31,1:14.24,1:48.36
1,皆川上雅登,((0.79),36.31)
2,手塚上一智,(徳0.17),37.93
3,山本上英男,(徳0.22),34.12
4,日吉上将輝
出力日時:10月26日17:51
第77回セ,トラレスポーツマスターズフェスティノレ(長水路)
会場:東京アクアティクスセ,ター(50谷),537/7115
期日:2024年10月26日(土,)
No.12,男子,4x50mメドレ-リレ-
世界記録,1:41.78
日本記録,1:41.78
《,72~119歳,》
大会記録,1:46.47
順位,チ-ム名,合計年齢,水路,時間
1,セ・天王洲,117歳,4/)2,1:58.38
29.27,1:02.63,1:30.17
1,中村上上翼,((0.60),29.27)
2,加間上英貴,(徳0.29),33.36
3,小野上上健,(徳0.42),27.54
4,寺田上遼太,(徳0.61),28.21
2,セ・二俣川,)88歳,4/)6,2:00.30
33.31,1:05.19,1:33.99
1,田中啓二朗,((0.59),33.31)
2,田中壮一郎,(徳0.47),31.88
3,山﨑上陸真,(徳0.60),28.80
4,秋澤上裕介,(徳0.24),26.31
3,セ・清瀬,)93歳,4/)1,2:01.56
30.11,1:05.32,1:33.55
1,萩原上裕大,((0.62),30.11)
2,西沢上上歩,(徳0.44),35.21
3,今里上昂哉,(徳0.44),28.23
4,金子上智哉,(徳0.53),28.01
4,セ・葛西,104歳,4/)4,2:03.74
33.23,1:05.08,1:32.89
1,加納上聖士,((0.86),33.23)
2,前島上悠也,(徳0.19),31.85
3,泉上上翔太,(徳0.48),27.81
4,前納上爽太,(徳0.30),30.85
出力日時:10月26日17:51
第77回セ,トラレスポーツマスターズフェスティノレ(長水路)
会場:東京アクアティクスセ,ター(50谷),547/7115
期日:2024年10月26日(土,)
No.13,女子,50m背泳ぎ
世界記録,47.23
日本記録,47.23
《,85~89歳,》
大会記録,59.22
順位,氏名,所属,水路,時間
1,大塚上裕子セ・成城8/)659.14・大会新,((0.60)
2,田中もみぢセ・おおたか6/)91:00.93,((0.83)
3,須山上順子セ・松戸4/)61:05.44,((0.91)
4,田之上ノブセ・蘇我2/)51:05.80,((0.93)
5,森川タェ子セ・我孫子1/)31:11.84,((1.08)
6,平田美佐子セ・天王洲1/)51:18.41,((0.81)
No.13,女子,50m背泳ぎ
世界記録,43.04
日本記録,43.04
《,80~84歳,》
大会記録,52.86
順位,氏名,所属,水路,時間
1,田神上洋子セ・トレッサ4/)355.87,((0.66)
2,舘野上圭子セ・用賀5/)61:01.66,((0.67)
3,三浦実恵子セ・館山5/)51:03.58,((0.87)
4,浜野上セ子セ・流山4/)71:05.44,((0.68)
5,岡本上靖子セ・慶應日吉2/)21:05.97,((1.07)
6,大浜南海江セ・目黒2/)61:07.11,((1.55)
7,久保美紀枝セ・流山4/)41:09.99,((0.94)
8,川端上淑子セ・天王洲2/)81:10.93,((0.85)
9,相澤上和子セ・新都心3/)51:17.29,((0.60)
10,柴田上幸子セ・ときわ台1/)21:37.46,((1.48)
No.13,女子,50m背泳ぎ
世界記録,40.08
日本記録,40.56
《,75~79歳,》
大会記録,48.00
順位,氏名,所属,水路,時間
1,藤井上一恵セ・大森9/1055.40,((0.76)
2,吉田三枝子墨田区体育館10/)955.82,((0.87)
3,川口上栄子セ・松戸9/)356.86,((0.94)
4,中村上敬子セ・府中7/)557.55,((0.91)
5,栗林眞知子セ・成城7/)357.92,((0.77)
6,古旗上美鈴セ・上池袋9/)558.30,((0.81)
7,星上上幸恵クリースパ6/)658.67,((0.78)
8,内田上良子セ・用賀8/)41:00.04,((0.91)
9,浅野美恵子セ・蒲田7/)41:00.11,((0.90)
10,原田上早苗セ・南千住7/)61:00.72,((0.90)
11,仲岡上上輝セ・我孫子5/)41:01.17,((0.75)
12,岡田上啓子セ・桶川北本7/)71:01.52,((1.08)
13,橋本上順子セ・おおたか5/)91:02.16,((0.74)
14,川島かよ子セ・天王洲5/101:03.45,((1.08)
15,松木上弘美セ・志木3/)61:04.25,((0.89)
出力日時:10月26日17:51
第77回セ,トラレスポーツマスターズフェスティノレ(長水路)
会場:東京アクアティクスセ,ター(50谷),557/7115
期日:2024年10月26日(土,)
No.13,女子,50m背泳ぎ
世界記録,40.08
日本記録,40.56
《,75~79歳,》
大会記録,48.00
順位,氏名,所属,水路,時間
16,田野倉和子セ・慶應日吉2/)41:06.59,((0.86)
17,後藤上節子セ・松戸5/)11:07.04,((0.88)
18,中田上和子セ・越谷1/)81:08.73,((0.88)
19,山口上英子セ・流山3/)81:09.41,((0.85)
20,栗原上羊子セ・流山4/)81:13.55,((0.97)
21,山本まり子セ・育見台3/)41:15.53,((0.74)
22,小島上律子セ・谷津1/)41:16.73,((0.78)
23,佐藤とき子セ・蘇我2/)91:23.02,((0.92)
24,西村咲喜子セ・志木1/)91:42.38,((1.54)
No.13,女子,50m背泳ぎ
世界記録,34.65
日本記録,39.67
《,70~74歳,》
大会記録,45.18
順位,氏名,所属,水路,時間
1,吉野上治子セ・成城15/)148.53,((0.74)
2,松村上恵子セ・葛西13/)549.84,((0.73)
3,石塚上孝子セ・志木12/)350.85,((0.88)
4,市野上克子セ・大森11/)450.97,((0.84)
5,近藤ひな子セ・二俣川11/)651.09,((0.76)
6,水谷上裕子セ・西新井12/)253.30,((0.81)
7,見崎上幸子墨田区体育館9/)953.52,((0.91)
8,平山上啓子セ・南青山9/)455.82,((0.80)
8,梅田栄己子セ・天王洲9/)655.82,((0.94)
10,儀保都志子セ・成瀬5/)856.22,((0.71)
11,相澤上史子セ・松戸11/1056.54,((0.63)
12,岡村上悦子セ・おおたか4/)957.86,((0.73)
13,矢島きよえcs南行徳5/)359.29,((0.94)
14,大久保祐美子セ・おおたか5/)259.47,((0.84)
15,樋口上孝子セ・阿佐谷7/)859.89,((1.14)
16,藤田上悦子セ・二俣川3/)91:00.51,((0.88)
17,吉田あけみセ・館山6/)31:01.32,((0.86)
18,池淵上玲子セ・慶應日吉6/)21:01.46,((0.73)
19,若松はる子セ・松戸6/)41:01.65,((0.69)
20,若林多恵子セ・谷津1/)71:02.30,((1.08)
21,岩塚美恵子セ・越谷3/)21:02.73,((0.81)
22,鬼束上洋子セ・天王洲2/)71:03.22,((0.70)
23,青木上洋子墨田区体育館5/)71:03.72,((0.84)
24,橋本美千代セ・志木3/)11:06.93,((1.05)
25,上野上俊子セ・桶川北本4/)21:07.50,((0.86)
26,樋口上恵子セ・育見台4/)51:09.17,((1.05)
出力日時:10月26日17:51
第77回セ,トラレスポーツマスターズフェスティノレ(長水路)
会場:東京アクアティクスセ,ター(50谷),567/7115
期日:2024年10月26日(土,)
No.13,女子,50m背泳ぎ
世界記録,34.65
日本記録,39.67
《,70~74歳,》
大会記録,45.18
順位,氏名,所属,水路,時間
27,長谷川節子セ・天王洲4/)11:09.74,((0.69)
28,于上上亜芝セ・南千住10/)61:09.88,((0.79)
29,友野上敬子セ・館山2/)31:11.06*手動,((0.71)
30,石村眞理子セ・新川崎3/)31:11.26,((0.99)
31,寺西寿賀子セ・天王洲6/)81:11.61,((0.83)
32,神村上祥子クリースパ1/)61:13.09,((0.80)
No.13,女子,50m背泳ぎ
世界記録,33.59
日本記録,37.54
《,65~69歳,》
大会記録,43.31
順位,氏名,所属,水路,時間
1,石田上良子セ・越谷14/)443.86,((0.56)
2,田代眞理子セ・成城14/)647.28,((0.76)
3,山本由起子セ・南千住13/)647.74,((0.76)
4,森本上美恵セ・松戸12/)549.11,((0.79)
5,相馬上絹代セ・溝ノ口12/)449.72,((0.69)
6,石崎上節代セ・南千住12/)950.22,((0.93)
7,櫻田上上琴セ・天王洲10/)751.38,((0.70)
8,関矢上秀子セ・大宮宮原11/)551.94,((0.73)
9,江幡菜穂子クリースパ10/)152.21,((0.76)
10,原上上昌代セ・市ヶ尾11/)352.51,((0.60)
11,岡田美恵子セ・溝ノ口11/)152.99,((0.75)
12,掃部上典子曽谷・セ10/)353.72,((0.81)
13,小笠原京子セ・流山7/)153.87,((0.77)
14,東海林慶美セ・蒲田11/)254.34,((0.67)
15,上松上弘子セ・上池袋10/)555.12,((0.85)
16,宮原上美穂セ・福生6/)557.12,((0.96)
17,新井上フ枝セ・流山7/)258.52,((0.94)
18,渡辺上米子クリースパ9/)259.35,((0.82)
19,畠山眞由美セ・柏8/)71:00.87,((0.82)
20,須田菜奈子セ・桶川北本7/101:02.77,((0.88)
)豊田上典子セ・下北沢7/)9競1,(-----)
No.13,女子,50m背泳ぎ
世界記録,33.38
日本記録,36.26
《,60~64歳,》
大会記録,36.26
順位,氏名,所属,水路,時間
1,西井上良子セ・福生17/)238.62,((0.61)
2,石井上裕美セ・ときわ台17/)941.54,((0.65)
3,武井麻知子セ・二俣川16/)542.41,((0.73)
4,上野上真弓セ・二俣川16/)744.33,((0.81)
出力日時:10月26日17:51
第77回セ,トラレスポーツマスターズフェスティノレ(長水路)
会場:東京アクアティクスセ,ター(50谷),577/7115
期日:2024年10月26日(土,)
No.13,女子,50m背泳ぎ
世界記録,33.38
日本記録,36.26
《,60~64歳,》
大会記録,36.26
順位,氏名,所属,水路,時間
5,茂櫛上典子セ・成城14/)745.61,((0.55)
6,吉川上千晶G-sPA15/)445.68,((0.75)
7,佐藤上明美セ・館山15/1046.45,((0.78)
8,座間千鶴子ザノス八景14/)346.80,((0.54)
9,高見沢ゆみ子セ・慶應日吉14/)847.49,((0.64)
10,松田上聡美セ・成城14/)547.71,((0.77)
11,田村上明美セ・慶應日吉12/)648.89*手動,((0.88)
12,大槻真由美セ・清瀬14/)249.70,((0.76)
13,野崎由美子セ・おおたか11/)850.30,((0.72)
14,神保上清美セ・自由が丘12/)750.59,((0.75)
15,相澤上紋美セ・阿佐谷11/)751.74,((0.72)
16,太刀岡早苗セ・市ヶ尾8/)254.44,((0.93)
16,宮内上麻里曽谷・セ12/1054.44,((0.85)
18,津布楽美恵子セ・ときわ台6/1054.60,((0.84)
19,吉野ひとみセ・松戸10/1056.21,((0.83)
20,三木上純子セ・流山6/)156.50,((0.78)
21,田中上香苗セ・青砥9/)158.01,((0.98)
22,原田由美子セ・慶應日吉8/)358.59,((0.83)
23,榮上真須美セ・慶應日吉8/)81:00.02,((0.72)
24,菊池佐千代セ・流山4/101:02.71,((0.74)
No.13,女子,50m背泳ぎ
世界記録,31.99
日本記録,33.60
《,55~59歳,》
大会記録,35.76
順位,氏名,所属,水路,時間
1,仲田久美子セ・成城17/)140.48,((0.70)
2,八尋上加苗セ・松戸16/)443.71,((0.64)
3,生田目則子セ・自由が丘16/)343.95,((0.73)
4,及川上上薫セ・松戸15/)645.39,((0.69)
5,小林のぞみセ・越谷13/)745.79,((0.64)
6,中野上朗子セ・慶應日吉13/)447.19,((0.61)
7,大野上結実セ・横浜13/)848.59,((0.95)
8,小倉上直美セ・清瀬14/)949.52,((0.84)
9,山本登美子セ・桶川北本12/)850.53,((0.80)
10,柳田喜代美セ・育見台2/1051.26,((0.84)
11,蔵屋由紀子セ・新川崎9/)756.35,((0.95)
12,日置上上睦セ・我孫子2/)11:02.55,((0.93)
出力日時:10月26日17:51
第77回セ,トラレスポーツマスターズフェスティノレ(長水路)
会場:東京アクアティクスセ,ター(50谷),587/7115
期日:2024年10月26日(土,)
No.13,女子,50m背泳ぎ
世界記録,31.59
日本記録,32.51
《,50~54歳,》
大会記録,32.51
順位,氏名,所属,水路,時間
1,舘野上美香セ・目黒19/)136.39,((0.72)
2,梅澤上亮子セ・桶川北本18/)636.69,((0.70)
3,浅尾上有香セ・大森17/)637.59,((0.72)
4,佐々木美佐セ・平塚18/)838.81,((0.69)
5,棚網上恵理セ・阿佐谷17/)540.44,((0.63)
6,菅原上上幸セ・トレッサ17/)340.60,((0.59)
7,友田上智哲セ・南青山16/)840.73,((0.70)
8,森上上直子セ・成城16/)243.46,((0.99)
9,吉岡上智子セ・新都心16/1044.49,((0.77)
10,佐藤上洋子セ・成城15/)745.55,((0.71)
11,北瀬あづさセ・市ヶ尾13/)246.77,((0.71)
12,捶井上泰子セ・用賀15/)947.96,((0.87)
13,糸川永利子セ・用賀13/)348.78,((0.69)
14,森川佳余子クリースパ14/1049.57,((0.73)
15,比留川美緒セ・平塚8/)150.73,((0.79)
16,小川上史枝セ・越谷LT10/)255.09,((1.51)
17,村岡上貴子セ・桶川北本8/)956.43,((0.88)
18,片岡久美子セ・茂原13/)959.41,((1.24)
19,久保上洋子セ・流山3/)71:10.83,((0.61)
No.13,女子,50m背泳ぎ
世界記録,31.02
日本記録,31.38
《,45~49歳,》
大会記録,34.69
順位,氏名,所属,水路,時間
1,片岡上祥子セ・千葉みなと19/1036.34,((0.73)
2,坂本上桃枝G-sPA18/)937.33,((0.76)
3,青山上里香セ・成瀬18/)238.05,((0.63)
4,木村美佐子セ・南宇都宮15/)538.52,((0.68)
5,栗山上貴子セ・武蔵小杉17/)839.75,((0.75)
6,関上上康代セ・宇都宮13/)143.25,((0.68)
7,草野上上茜セ・二俣川17/1044.06,((0.77)
8,高橋上麻子セ・市ヶ尾15/)344.30,((0.79)
9,髙橋上里美セ・横浜8/101:00.24,((0.72)
No.13,女子,50m背泳ぎ
世界記録,29.62
日本記録,31.04
《,40~44歳,》
大会記録,34.00
順位,氏名,所属,水路,時間
1,永田加那子セ・葛西19/)238.22,((0.52)
2,小野真佐子セ・阿佐谷18/)139.47,((0.69)
3,小高麻衣子セ・市川16/)146.44,((0.57)
出力日時:10月26日17:51
第77回セ,トラレスポーツマスターズフェスティノレ(長水路)
会場:東京アクアティクスセ,ター(50谷),597/7115
期日:2024年10月26日(土,)
No.13,女子,50m背泳ぎ
世界記録,29.62
日本記録,31.04
《,40~44歳,》
大会記録,34.00
順位,氏名,所属,水路,時間
4,吉田上瑠夏曽谷・セ14/)148.85,((0.65)
5,小山内詔子セ・下北沢9/)857.72,((0.72)
No.13,女子,50m背泳ぎ
世界記録,28.63
日本記録,30.26
《,35~39歳,》
大会記録,34.03
順位,氏名,所属,水路,時間
1,中畑上上眸セ・成城17/)440.45,((0.64)
2,萩原ゆりかセ・天王洲18/1040.92,((0.78)
3,李上上鎬善セ・目黒15/)847.63,((0.56)
4,國政上上玲セ・南青山10/)855.22,((0.74)
No.13,女子,50m背泳ぎ
世界記録,28.57
日本記録,28.86
《,30~34歳,》
大会記録,32.95
順位,氏名,所属,水路,時間
1,田中上志歩セ・大森19/)835.63,((0.60)
2,柳上上美希セ・松戸15/)241.56,((0.68)
3,髙橋上未沙セ・おおたか13/1046.64,((0.76)
4,角田優佳里セ・青砥12/)146.84,((0.81)
No.13,女子,50m背泳ぎ
世界記録,28.39
日本記録,28.99
《,25~29歳,》
大会記録,32.05
順位,氏名,所属,水路,時間
1,岡澤上志織セ・茂原19/)631.83・大会新,((0.62)
2,仲田上笑美セ・成城19/)335.20,((0.66)
3,髙橋上美波セ・武蔵小杉18/)435.41,((0.59)
4,石井理桜子セ・市川18/)738.77,((0.64)
No.13,女子,50m背泳ぎ
日本記録,30.53
《,18~24歳,》
大会記録,31.94
順位,氏名,所属,水路,時間
1,君島上凜香セ・おおたか19/)732.91,((0.57)
2,髙﨑上優奈セ・清瀬19/)533.14,((0.62)
3,竜野上上萌セ・自由が丘18/)334.67,((0.70)
4,遠藤上優奈セ・新都心19/)434.71,((0.61)
5,表上上侑寿セ・二俣川19/)935.09,((0.63)
6,長崎上千怜セ・長津田18/)535.13,((0.60)
7,伊藤上愛羅セ・八王子17/)738.72,((0.77)
8,皆川すみれセ・南青山16/)944.04,((0.72)
出力日時:10月26日17:51
第77回セ,トラレスポーツマスターズフェスティノレ(長水路)
会場:東京アクアティクスセ,ター(50谷),607/7115
期日:2024年10月26日(土,)
No.14,男子,50m背泳ぎ
世界記録,36.83
日本記録,38.16
《,80~84歳,》
大会記録,42.72
順位,氏名,所属,水路,時間
1,谷口上治典セ・久喜3/)552.21,((0.89)
2,石川上守也セ・市川2/)552.99,((0.72)
3,中村上欣正セ・流山3/)61:00.79,((0.76)
4,丸本上芳郎ザノス鶴見1/)31:02.74,((0.86)
5,増山上晶一セ・下北沢1/)81:10.47,((1.09)
No.14,男子,50m背泳ぎ
世界記録,34.45
日本記録,36.38
《,75~79歳,》
大会記録,41.77
順位,氏名,所属,水路,時間
1,吉田上上亮セ・成城4/)642.97,((0.85)
2,丸上上喜章セ・茂原4/)949.73,((0.79)
3,田中上信夫セ・越谷4/)149.78,((0.68)
4,大内上上洋セ・葛西2/)654.30,((0.79)
5,瀧下上敏和セ・志木2/)754.41,((1.02)
6,松永上上勝セ・おおたか1/)458.23,((1.22)
7,伴野上保志セ・阿佐谷2/)359.66,((0.94)
8,神保上伸幸セ・南青山2/)81:06.29,((0.85)
No.14,男子,50m背泳ぎ
世界記録,33.16
日本記録,35.83
《,70~74歳,》
大会記録,39.43
順位,氏名,所属,水路,時間
1,鈴木上幹男セ・我孫子5/)143.64,((0.77)
2,吉村上上進セ・阿佐谷4/)345.27,((0.75)
3,常山上賢二曽谷・セ4/1049.30,((0.77)
4,宇佐美栄二セ・阿佐谷3/)153.03,((0.69)
5,浅野上唯男セ・志木2/)455.93,((0.79)
6,山田上幸男セ・南千住1/)659.72,((0.99)
No.14,男子,50m背泳ぎ
世界記録,30.95
日本記録,33.24
《,65~69歳,》
大会記録,38.09
順位,氏名,所属,水路,時間
1,冨松上上実セ・二俣川6/)938.88,((0.67)
2,臼井上全人セ・大宮宮原5/)943.72,((0.83)
3,西森文史郎セ・長津田5/1047.16,((0.67)
No.14,男子,50m背泳ぎ
世界記録,30.46
日本記録,31.94
《,60~64歳,》
大会記録,34.85
順位,氏名,所属,水路,時間
1,下家上成人セ・二俣川7/)535.22,((0.70)
2,和田上浩一セ・用賀6/)237.51,((0.72)
出力日時:10月26日17:51
第77回セ,トラレスポーツマスターズフェスティノレ(長水路)
会場:東京アクアティクスセ,ター(50谷),617/7115
期日:2024年10月26日(土,)
No.14,男子,50m背泳ぎ
世界記録,30.46
日本記録,31.94
《,60~64歳,》
大会記録,34.85
順位,氏名,所属,水路,時間
3,村木上上満セ・トレッサ7/)740.99,((0.74)
4,浦田上昌和セ・成城4/)247.39,((0.66)
5,蛯名上昌彦セ・志木3/)947.63,((0.75)
6,岡部上浩次セ・上池袋3/1054.83,((0.86)
No.14,男子,50m背泳ぎ
世界記録,29.03
日本記録,30.09
《,55~59歳,》
大会記録,33.15
順位,氏名,所属,水路,時間
1,小倉上秀和セ・清瀬7/)336.25,((0.62)
2,杉原上祥之ザノス鶴見7/)236.36,((0.61)
3,久保上卓士セ・天王洲6/)538.05,((0.78)
4,中津海全士セ・s湘南台7/1039.20,((0.66)
5,宮川上則仁セ・大宮宮原6/)640.35,((0.77)
6,新井上良育セ・市ヶ尾5/)540.61,((0.69)
7,福田上剛紀G-sPA5/)242.13,((0.66)
8,温井上芳浩セ・谷津4/)844.43,((0.66)
9,高橋上上潤セ・成瀬3/)448.29,((0.94)
10,日暮上正明セ・天王洲3/)349.78,((0.82)
No.14,男子,50m背泳ぎ
世界記録,28.20
日本記録,29.16
《,50~54歳,》
大会記録,30.33
順位,氏名,所属,水路,時間
1,田窪上上達セ・市ヶ尾9/)431.01,((0.72)
2,河野上上悟セ・慶應日吉9/)232.85,((0.68)
3,中村上良樹セ・武蔵小杉8/)834.10,((0.76)
4,長野上三郎セ・千葉みなと8/)534.21,((0.71)
5,内藤上上充セ・新川崎7/)634.97,((0.69)
6,新井田6司セ・トレッサ7/)136.56,((0.66)
7,柄澤上英也セ・用賀7/)836.86,((0.69)
8,荒井上正明セ・八千代台6/)437.44,((0.67)
9,岡村上勝重セ・長津田7/)938.56,((0.64)
10,松本上考弘セ・清瀬6/)343.70,((0.74)
11,廣瀬上淳一セ・トレッサ4/)543.83,((0.73)
12,山本上英男セ・大宮宮原4/)444.11,((0.77)
13,青木上正昭セ・福生3/)846.56,((0.70)
No.14,男子,50m背泳ぎ
世界記録,27.56
日本記録,27.86
《,45~49歳,》
大会記録,28.42
順位,氏名,所属,水路,時間
1,山岡上拓馬セ・清瀬9/)528.31・大会新,((0.58)
出力日時:10月26日17:51
第77回セ,トラレスポーツマスターズフェスティノレ(長水路)
会場:東京アクアティクスセ,ター(50谷),627/7115
期日:2024年10月26日(土,)
No.14,男子,50m背泳ぎ
世界記録,27.56
日本記録,27.86
《,45~49歳,》
大会記録,28.42
順位,氏名,所属,水路,時間
2,長谷川上仁セ・南千住8/)333.95,((0.65)
3,小室上秀幸セ・八王子6/)834.60,((0.75)
4,栗原上大輔セ・成瀬5/)338.71,((0.66)
5,若杉上佳宏セ・阿佐谷5/)640.34,((0.67)
6,菅原上弘貴セ・福生5/)440.82,((0.75)
7,浅野上亮介セ・新都心4/)740.92,((0.70)
No.14,男子,50m背泳ぎ
世界記録,27.13
日本記録,27.30
《,40~44歳,》
大会記録,28.54
順位,氏名,所属,水路,時間
1,大窪上康治セ・清瀬8/)630.52,((0.64)
2,寺田上貴洋セ・二俣川9/)830.70,((0.67)
3,棚網上宏之セ・阿佐谷9/)731.51,((0.60)
4,川瀬上健次セ・大宮宮原9/1034.28,((0.66)
5,菱川上亮太セ・市ヶ尾6/1037.05,((0.85)
No.14,男子,50m背泳ぎ
世界記録,26.04
日本記録,26.27
《,35~39歳,》
大会記録,28.14
順位,氏名,所属,水路,時間
1,鈴木上上遼セ・二俣川8/)936.25,((0.74)
2,木村上考太セ・市ヶ尾6/)138.17,((0.78)
No.14,男子,50m背泳ぎ
世界記録,25.53
日本記録,26.29
《,30~34歳,》
大会記録,27.32
順位,氏名,所属,水路,時間
1,土居秀雅セ・成瀬9/)932.50*特別賞(申)*,((0.63)
2,杉山上大亜セ・二俣川8/)734.95,((0.67)
No.14,男子,50m背泳ぎ
世界記録,25.44
日本記録,25.94
《,25~29歳,》
大会記録,26.58
順位,氏名,所属,水路,時間
1,中村上上翼セ・天王洲9/)629.33,((0.59)
No.14,男子,50m背泳ぎ
日本記録,26.29
《,18~24歳,》
大会記録,27.77
順位,氏名,所属,水路,時間
1,廣川上大起セ・柏9/)130.44,((0.50)
2,田中啓二朗セ・二俣川9/)332.75,((0.58)
3,南上上里輝セ・蒲田8/1033.66,((0.58)
4,岩崎上伊吹セ・おおたか7/)435.10,((0.55)
5,加藤上慎梧ザノス川崎5/)845.95,((0.87)
出力日時:10月26日17:51
第77回セ,トラレスポーツマスターズフェスティノレ(長水路)
会場:東京アクアティクスセ,ター(50谷),637/7115
期日:2024年10月26日(土,)
No.15,女子,50m自由形
世界記録,45.44
《,90~94歳,》
日本記録,51.68
順位,氏名,所属,水路,時間
1,鈴木上静江クリースパ2/)41:08.70,((1.23)
No.15,女子,50m自由形
世界記録,38.89
日本記録,38.89
《,85~89歳,》
大会記録,44.13
順位,氏名,所属,水路,時間
1,田中もみぢセ・おおたか8/)449.60,((1.03)
2,須山上順子セ・松戸8/)751.63,(
No.15,女子,50m自由形
世界記録,36.61
日本記録,36.61
《,80~84歳,》
大会記録,41.40
順位,氏名,所属,水路,時間
1,八田上清子セ・松戸13/)245.08,((0.73)
2,田神上洋子セ・トレッサ7/)750.92,((0.72)
3,新井上昭代セ・東十条8/)351.53,((1.25)
4,小野上洋子セ・我孫子3/)952.34,((1.14)
5,御手洗ヨシcs南行徳9/)153.78,((0.97)
6,武藤上治子セ・二俣川1/)855.29,(
7,倉元上恵子セ・館山3/)556.53,((0.97)
8,大浜南海江セ・目黒3/)21:00.49,(
9,田中上洲子セ・大宮宮原9/)51:03.98,((1.26)
10,相澤上和子セ・新都心2/)51:05.19,((1.06)
11,加藤上直子セ・横浜1/)71:22.54,((1.01)
No.15,女子,50m自由形
世界記録,34.11
日本記録,35.90
《,75~79歳,》
大会記録,40.60
順位,氏名,所属,水路,時間
1,滋野上好子セ・前橋16/)444.08,((1.01)
2,古旗上美鈴セ・上池袋9/1045.75,((0.79)
3,中村上敬子セ・府中4/)546.56,((1.06)
4,藤井上一恵セ・大森5/)247.43,((1.02)
5,川口上栄子セ・松戸12/)748.27,((0.94)
6,坂本上光子セ・越谷6/)448.58,((0.83)
7,岡田上啓子セ・桶川北本5/)349.16,((1.25)
8,吉田三枝子墨田区体育館8/)249.18,((1.04)
9,星上上幸恵クリースパ9/)950.24,((0.95)
10,松永タズヨセ・おおたか8/)950.30,((1.48)
11,川島かよ子セ・天王洲6/)151.19,(
12,山本まり子セ・育見台6/)552.19,((0.94)
13,諸橋上暁子曽谷・セ4/)252.41,((1.04)
14,田村上俊子セ・館山6/)652.82,((1.01)
出力日時:10月26日17:51
第77回セ,トラレスポーツマスターズフェスティノレ(長水路)
会場:東京アクアティクスセ,ター(50谷),647/7115
期日:2024年10月26日(土,)
No.15,女子,50m自由形
世界記録,34.11
日本記録,35.90
《,75~79歳,》
大会記録,40.60
順位,氏名,所属,水路,時間
15,小島上律子セ・谷津7/)453.44,((0.85)
16,古田美智子セ・自由が丘8/)855.34,((1.08)
17,中田上和子セ・越谷1/)357.23,(
18,柴田千代子セ・天王洲4/)458.46,(
19,山口上英子セ・流山1/)51:02.11,((1.04)
20,染谷上敏子セ・天王洲1/)61:07.48,((1.12)
No.15,女子,50m自由形
世界記録,30.73
日本記録,33.61
《,70~74歳,》
大会記録,37.31
順位,氏名,所属,水路,時間
1,青木華世子セ・松戸23/)338.08,((0.75)
2,原田上岳美セ・藤沢20/)538.35,((0.74)
3,後藤上明美セ・天王洲9/)340.14,((1.01)
4,舛尾妃呂子セ・稲毛海岸17/)542.08,((0.90)
5,松村上恵子セ・葛西18/)842.73,((0.84)
6,村上上美晴セ・東十条12/)643.10,((0.98)
7,大久保祐美子セ・おおたか14/)643.25,((1.09)
8,齊藤たか子ザノス川崎9/)743.67,((0.89)
9,清水上裕子セ・二俣川14/)543.72,((0.97)
10,石塚上孝子セ・志木18/)344.10,((0.99)
11,水谷上裕子セ・西新井16/)644.46,((0.85)
12,梅田栄己子セ・天王洲11/)744.66,(
13,見崎上幸子墨田区体育館12/)544.71,((0.84)
14,市野上克子セ・大森17/)945.54,((0.89)
15,崎山上治子セ・用賀11/)347.09,((0.96)
16,樋口上孝子セ・阿佐谷6/)747.31,((1.01)
17,若林多恵子セ・谷津11/)847.88,((0.99)
18,戸倉上陽子セ・慶應日吉9/)449.15,((1.22)
19,若松はる子セ・松戸9/)249.33,((0.87)
20,吉田あけみセ・館山8/)549.47,((0.89)
21,藤田上悦子セ・二俣川6/)349.83,((1.09)
22,青木上洋子墨田区体育館9/)650.11,((1.01)
23,宮内佳代子セ・トレッサ8/1050.16,((0.96)
24,大山上伴恵セ・トレッサ7/)350.33,((0.91)
25,山崎美南子セ・南青山12/)150.70,((0.93)
26,上野上俊子セ・桶川北本4/)953.14,((0.95)
27,橋本美千代セ・志木3/)154.39,((0.96)
28,富樫上博子セ・大森4/)155.46,((1.40)
29,池淵上玲子セ・慶應日吉4/)655.99,((0.79)
出力日時:10月26日17:51
第77回セ,トラレスポーツマスターズフェスティノレ(長水路)
会場:東京アクアティクスセ,ター(50谷),657/7115
期日:2024年10月26日(土,)
No.15,女子,50m自由形
世界記録,30.73
日本記録,33.61
《,70~74歳,》
大会記録,37.31
順位,氏名,所属,水路,時間
30,石村眞理子セ・新川崎6/1056.63,((0.92)
No.15,女子,50m自由形
世界記録,29.10
日本記録,32.46
《,65~69歳,》
大会記録,35.41
順位,氏名,所属,水路,時間
1,石田上良子セ・越谷18/)537.48,((0.74)
2,野島上正代セ・阿佐谷22/)538.88,((0.84)
3,ダ上典子セ・自由が丘21/)139.10,((0.68)
4,高梨上美樹セ・成城22/)639.22,((0.76)
5,立石由美子セ・大森19/)339.51,((0.77)
6,宮上上清子セ・自由が丘21/)939.90,((1.10)
7,川久保ちづるザノス川崎20/1040.50,((1.05)
8,井上美佐子セ・大森15/)440.80,((0.73)
9,浅田上晴子セ・八王子14/)441.16,(
10,米澤美智子セ・成瀬20/)641.80,((0.81)
11,瀧下上節子セ・志木15/)543.05,((0.74)
12,石河久美子セ・溝ノ口14/)843.23,((0.79)
13,山梨上静枝セ・我孫子11/)544.11,((0.69)
14,光畑千栄子セ・成瀬15/)644.13,((0.95)
15,坂口上好美セ・久喜21/)344.33,((1.13)
16,渋谷上照代セ・我孫子10/)444.57,((0.98)
17,三枚堂かよ子セ・阿佐谷12/)344.94,((0.77)
18,小笠原三春セ・八王子17/)745.50,((0.93)
19,小関上富子セ・新都心6/)846.10,((0.98)
20,伊藤上春美ザノス川崎10/)646.35,((0.85)
21,松浦上敏子セ・我孫子4/)746.67,((1.02)
22,三嶋上祐子セ・阿佐谷12/)447.23,((0.85)
23,原上上昌代セ・市ヶ尾13/)547.59,((0.87)
24,池田上則子セ・松戸2/)647.61,((1.33)
25,小笠原京子セ・流山5/)647.65,((0.94)
26,須田菜奈子セ・桶川北本12/)947.97,((1.05)
27,益田加津子セ・自由が丘12/)849.13,((0.94)
28,渡辺上米子クリースパ11/)251.15,((0.94)
29,池長上幸子セ・桶川北本7/)651.38,((1.15)
30,中島上初美セ・大森6/)251.69,((1.22)
31,池田真理子セ・大森13/)652.32,((1.16)
32,齋藤上準子セ・茂原10/)552.51,((1.05)
33,藤井上道子セ・我孫子4/)352.92,((0.78)
34,田村加代子セ・おおたか5/)554.11,((0.95)
出力日時:10月26日17:51
第77回セ,トラレスポーツマスターズフェスティノレ(長水路)
会場:東京アクアティクスセ,ター(50谷),667/7115
期日:2024年10月26日(土,)
No.15,女子,50m自由形
世界記録,29.10
日本記録,32.46
《,65~69歳,》
大会記録,35.41
順位,氏名,所属,水路,時間
35,橋本上真紀セ・慶應日吉5/)454.54,((1.02)
36,加藤かずみセ・八王子2/)71:00.55,(
37,木村上上恵セ・我孫子2/)31:01.26,((1.06)
38,小高上和子セ・桶川北本3/)31:09.75,(
No.15,女子,50m自由形
世界記録,28.84
日本記録,30.31
《,60~64歳,》
大会記録,32.38
順位,氏名,所属,水路,時間
1,永瀬上秀子セ・二俣川26/)732.40,((0.79)
2,石原なおみセ・阿佐谷25/)335.17,((0.77)
3,高柳上祐子セ・成城24/)136.34,((0.65)
4,伊藤みどりセ・育見台21/)436.73,((0.91)
5,佐藤上明美セ・館山22/)336.97,((0.77)
6,大槻真由美セ・清瀬23/)837.49,((0.91)
7,山本上庸子セ・八王子22/)737.92,((1.10)
8,吉川上千晶G-sPA22/)438.28,((0.89)
9,福原上美奈セ・稲毛海岸20/)438.39,((0.76)
10,伊藤ゆかりセ・成城21/)638.96,((0.81)
11,窪田上久恵セ・上池袋20/)241.04,((1.07)
12,神保上清美セ・自由が丘19/)641.55,((0.68)
13,細見あけみセ・千葉みなと18/)141.65,((0.86)
14,酒井寿美恵クリースパ19/)242.41,((0.79)
15,大原上清美セ・阿佐谷17/)442.67,((1.13)
16,高見沢ゆみ子セ・慶應日吉19/)142.71,((0.90)
17,田村上明美セ・慶應日吉15/)142.73,((0.84)
18,加藤上雅弓セ・新都心15/)842.86,((1.08)
19,佐々木れいセ・志木9/)844.15,((0.85)
20,蛯名とも子セ・志木12/)244.33,((1.05)
21,長野佐稚子セ・東十条13/)444.34,((0.97)
22,米林上清子セ・越谷15/)344.75,((0.75)
23,宮田ひとみセ・阿佐谷17/1044.86,((0.84)
24,桐沢ひとみセ・大森14/)345.11,((0.92)
25,田中上香苗セ・青砥13/)745.12,((0.98)
26,柳沢上智子セ・成城15/)945.76,((0.99)
27,原田由美子セ・慶應日吉10/)746.73,((0.90)
28,佐々木政子セ・大森7/)948.92,((0.99)
29,三木上純子セ・流山7/)249.12,((0.89)
30,榮上真須美セ・慶應日吉10/)349.50,((0.91)
31,黒川上慶子セ・上池袋13/)949.68,((0.83)
出力日時:10月26日17:51
第77回セ,トラレスポーツマスターズフェスティノレ(長水路)
会場:東京アクアティクスセ,ター(50谷),677/7115
期日:2024年10月26日(土,)
No.15,女子,50m自由形
世界記録,28.84
日本記録,30.31
《,60~64歳,》
大会記録,32.38
順位,氏名,所属,水路,時間
32,菊池佐千代セ・流山4/1054.02,((0.97)
33,勝又上聡子セ・福生5/)856.79,((0.74)
No.15,女子,50m自由形
世界記録,27.94
日本記録,29.09
《,55~59歳,》
大会記録,31.18
順位,氏名,所属,水路,時間
1,篠原上理恵セ・南宇都宮26/)433.31,((0.65)
2,羽山恵津子セ・葛西25/)734.86,((0.69)
3,横尾しずかセ・用賀26/)134.96,((0.77)
4,鶴岡上美佐ザノス八景24/)936.55,((0.79)
5,大野上結実セ・横浜23/)737.68,((0.94)
6,小林上弘子ザノス鶴見22/)838.72,((1.08)
7,西田三佐子セ・大宮宮原22/1038.80,((0.71)
8,西田上真樹セ・平塚21/1039.52,((0.96)
9,佐藤美絵子セ・清瀬19/)839.82,((0.73)
10,棚橋上悦子セ・自由が丘17/)640.26,((0.70)
11,山田上智子セ・慶應日吉13/)840.86,((0.81)
12,佐藤上直子セ・我孫子10/)840.90,((0.71)
13,小池上淳子セ・長津田18/)640.96,((0.86)
14,澤野上貴子セ・葛西10/)243.06*手動,((0.69)
15,三沢上弘美セ・長津田18/)743.19,((0.87)
16,坂井上慶子セ・大宮宮原16/)843.59,((0.87)
17,小林名緒子セ・大森16/)243.68,((0.82)
18,船津上上香セ・自由が丘17/)843.79,((0.81)
19,下段千寿子セ・越谷16/)343.82,((0.84)
20,鈴木上夏実セ・慶應日吉13/1044.35,((1.00)
21,蔵屋由紀子セ・新川崎15/1044.37,((0.98)
22,中野上朗子セ・慶應日吉16/)744.62,((0.84)
23,大芦上上薫セ・清瀬8/)153.90,((1.11)
24,平澤上上馨セ・府中5/)154.63,(
No.15,女子,50m自由形
世界記録,27.09
日本記録,28.82
《,50~54歳,》
大会記録,29.26
順位,氏名,所属,水路,時間
1,舘野上美香セ・目黒29/)529.29,((0.72)
2,池田百合子セ・市ヶ尾29/)830.03,((0.68)
3,杉本上浩美セ・南千住28/)331.77,((0.67)
4,原田上佳子セ・葛西27/)732.17,((0.70)
5,浅尾上有香セ・大森25/)833.54,((0.74)
出力日時:10月26日17:51
第77回セ,トラレスポーツマスターズフェスティノレ(長水路)
会場:東京アクアティクスセ,ター(50谷),687/7115
期日:2024年10月26日(土,)
No.15,女子,50m自由形
世界記録,27.09
日本記録,28.82
《,50~54歳,》
大会記録,29.26
順位,氏名,所属,水路,時間
6,工藤上遵江セ・F宇都宮27/1033.62,((0.85)
7,高橋上上圭セ・松戸24/)733.67,((0.77)
8,小泉上未歌セ・宇都宮25/)434.10,((0.70)
9,池田上智子セ・目黒24/)634.23,((0.75)
10,棚網上恵理セ・阿佐谷24/)835.76,((0.79)
11,石井紀美子セ・s湘南台25/)535.86,((0.75)
12,五十嵐知佐セ・おおたか22/)236.67,((0.81)
13,大島江理子セ・大森22/)136.69,((0.77)
14,比留川美緒セ・平塚10/)936.78,((0.71)
15,成島志雅子セ・F宇都宮20/)737.70,((0.96)
16,酒井上貴代セ・大森18/)438.41,((0.79)
17,田原上文月セ・南千住21/)539.55,((0.84)
18,磯村麻衣子セ・上池袋13/)339.66,((0.77)
19,糸川永利子セ・用賀20/)939.79,((0.77)
20,加藤上美保セ・上池袋19/)541.87,((0.78)
21,中村奈穂美セ・越谷16/)942.44,((1.00)
22,佐藤上晶子セ・おおたか16/)542.52,((0.69)
23,小山香津子セ・藤沢17/)143.67,((0.73)
24,森上上信子セ・大森14/)745.55,((1.20)
25,片岡久美子セ・茂原2/)846.16,((1.32)
26,岩上上朋実セ・川越14/)247.49,((0.85)
27,佐藤上淳子セ・久喜11/)447.63,((1.25)
28,田上上麻紀セ・久喜7/)149.57,((0.78)
29,平野上真紀セ・福生5/1050.12,((0.73)
30,久保上洋子セ・流山3/)759.99,((0.90)
No.15,女子,50m自由形
世界記録,26.59
日本記録,27.78
《,45~49歳,》
大会記録,29.51
順位,氏名,所属,水路,時間
1,片岡上祥子セ・千葉みなと29/)430.44,((0.72)
2,佐々木上彩セ・成城27/)531.53,((0.70)
3,坂本上桃枝G-sPA25/)232.26,((0.78)
4,日下上幸子ザノス川崎27/)932.43,((0.91)
5,小室上桃子セ・八王子26/)833.17,((0.84)
6,ノーズ智絵セ・松戸25/)633.42,((0.73)
7,高橋上真美セ・志木25/)935.04,((0.71)
8,飯澤上美香セ・我孫子22/)935.07,((0.82)
9,前田由希映セ・二俣川24/)336.02,((0.85)
10,福本上麻美セ・慶應日吉24/)236.33,((0.88)
出力日時:10月26日17:51
第77回セ,トラレスポーツマスターズフェスティノレ(長水路)
会場:東京アクアティクスセ,ター(50谷),697/7115
期日:2024年10月26日(土,)
No.15,女子,50m自由形
世界記録,26.59
日本記録,27.78
《,45~49歳,》
大会記録,29.51
順位,氏名,所属,水路,時間
11,吉池上奈々セ・二俣川23/)536.39,((0.68)
12,藤本上淑恵セ・平塚21/)736.85,((0.94)
13,佐藤上桂子セ・横浜23/)436.97,((0.74)
14,菅野ゆかりセ・桶川北本10/1036.99,((0.72)
15,清水上佳苗曽谷・セ21/)238.38,((0.83)
16,髙島上典子セ・大森20/)138.55,((0.65)
17,篠倉上有美セ・成瀬23/)938.56,((0.90)
18,赤坂恵美子セ・志木17/)243.15,((0.92)
19,福田ュリャセ・南青山17/)343.27,((0.69)
20,宮川ひとみセ・茂原10/)145.72,((1.32)
21,斉藤上靖子セ・目黒11/)947.51,((0.99)
22,成重上夏紀セ・藤沢12/1047.84,((0.95)
23,小林恵理子セ・蘇我7/1049.24,((1.06)
No.15,女子,50m自由形
世界記録,26.44
日本記録,26.95
《,40~44歳,》
大会記録,29.16
順位,氏名,所属,水路,時間
1,宮本上八重セ・慶應日吉27/)630.95,((0.64)
2,永田加那子セ・葛西27/)431.85,((0.77)
3,関川上晶子セ・下北沢27/)333.45,((0.78)
4,中村可奈子セ・おおたか26/)334.45,((0.85)
5,溝井花代子セ・葛西23/)636.51,((0.83)
6,小高麻衣子セ・市川19/)938.50,((1.01)
7,町田上麻里セ・南千住23/)138.81,((0.79)
8,井島上孝子セ・天王洲13/)142.90,((1.33)
9,白花茉莉セ・久喜11/1043.04,((1.05)
10,谷上美希子セ・府中16/)143.77,((0.80)
11,加藤上涼子セ・桶川北本18/1043.90,((0.78)
12,小山内詔子セ・下北沢14/)947.46,((0.80)
No.15,女子,50m自由形
世界記録,25.98
日本記録,27.37
《,35~39歳,》
大会記録,28.87
順位,氏名,所属,水路,時間
1,川北上上恵セ・長津田29/)629.60,((0.71)
2,新井上亜衣セ・市川28/)529.84,((0.79)
3,菊地上美春セ・目黒28/)830.88,((0.64)
4,新妻梓セ・西東京28/)431.68,((0.67)
5,中畑上上眸セ・成城28/)232.16,((0.68)
6,岩田上愛恵セ・成城20/)334.68,((0.77)
出力日時:10月26日17:51
第77回セ,トラレスポーツマスターズフェスティノレ(長水路)
会場:東京アクアティクスセ,ター(50谷),707/7115
期日:2024年10月26日(土,)
No.15,女子,50m自由形
世界記録,25.98
日本記録,27.37
《,35~39歳,》
大会記録,28.87
順位,氏名,所属,水路,時間
7,李上上鎬善セ・目黒23/)237.30,((0.70)
8,中辷上澄美セ・天王洲21/)837.97,((0.80)
9,國政上上玲セ・南青山19/)441.61,((0.94)
No.15,女子,50m自由形
世界記録,25.74
日本記録,26.42
《,30~34歳,》
大会記録,26.42
順位,氏名,所属,水路,時間
1,早川上上舞セ・蒲田28/)629.86,((0.70)
2,大椛上詩織セ・葛西28/)931.16,((0.74)
3,吉田のばらセ・南千住25/)131.97,((0.95)
4,深堀上陽子セ・二俣川26/)532.99,((0.72)
5,岡澤上美咲セ・茂原20/)836.99,((1.00)
6,髙橋上未沙セ・おおたか16/1039.98,((0.90)
7,杉田上望美セ・久喜7/)540.78,((1.21)
8,熊谷紗友梨セ・s湘南台14/)145.12,((1.01)
No.15,女子,50m自由形
世界記録,25.42
日本記録,26.53
《,25~29歳,》
大会記録,27.43
順位,氏名,所属,水路,時間
1,松浦上沙弥ミズノMT29/)231.12,((0.64)
2,松澤上春菜セ・大宮宮原27/)831.95,((0.71)
3,木田上景子セ・平塚27/)232.02,((0.72)
4,宮田さくらセ・成城27/)132.47,((0.77)
5,岡本詩絵理セ・藤沢26/)233.27,((0.79)
6,二宮上若葉セ・南青山24/)433.83,((0.76)
7,足立上知実セ・平塚26/1035.10,((0.71)
8,柏木上上涼セ・越谷LT19/1036.40,((0.82)
No.15,女子,50m自由形
日本記録,26.65
《,18~24歳,》
大会記録,28.03
順位,氏名,所属,水路,時間
1,高橋上紗良セ・長津田29/)329.54,((0.68)
2,深谷上美緒セ・東十条26/)631.02,((0.70)
3,岡田上星理セ・谷津28/1031.26,((0.67)
4,栃元上春乃セ・西東京29/1031.29,((0.69)
5,櫻井上春佳セ・大宮宮原29/)131.87,((0.67)
6,正垣上木梨セ・下北沢28/)732.47,((0.74)
7,今井上恵子セ・阿佐谷29/)932.59,((0.68)
8,松本上彩花セ・二俣川26/)934.57,((0.78)
9,寺本上茉冬セ・八王子23/1034.71,((0.71)
出力日時:10月26日17:51
第77回セ,トラレスポーツマスターズフェスティノレ(長水路)
会場:東京アクアティクスセ,ター(50谷),717/7115
期日:2024年10月26日(土,)
No.15,女子,50m自由形
日本記録,26.65
《,18~24歳,》
大会記録,28.03
順位,氏名,所属,水路,時間
9,森山上稜子セ・新都心25/1034.71,((0.68)
出力日時:10月26日17:51
第77回セ,トラレスポーツマスターズフェスティノレ(長水路)
会場:東京アクアティクスセ,ター(50谷),727/7115
期日:2024年10月26日(土,)
No.16,男子,50m自由形
世界記録,38.64
日本記録,40.89
《,90~94歳,》
大会記録,52.43
順位,氏名,所属,水路,時間
1,椎野上正敏セ・越谷2/)155.87,((1.05)
No.16,男子,50m自由形
世界記録,33.74
日本記録,33.74
《,85~89歳,》
大会記録,43.66
順位,氏名,所属,水路,時間
1,大堀上兵衛セ・下北沢1/)857.11,((1.60)
2,丸野上公敏セ・南千住1/)91:06.37,(
No.16,男子,50m自由形
世界記録,31.23
日本記録,31.23
《,80~84歳,》
大会記録,36.52
順位,氏名,所属,水路,時間
1,井口上上穣セ・東戸塚6/)540.77,((0.82)
2,池端上孝一セ・成瀬5/)741.81,((0.92)
3,中村上欣正セ・流山4/)442.40,((0.80)
4,井上上隆史セ・市ヶ尾4/)644.32,((1.00)
5,小田上上稔セ・慶應日吉3/)645.75,((1.00)
6,保谷上由夫G-sPA2/)550.22,((0.92)
7,増山上晶一セ・下北沢1/)754.23,((1.06)
8,丸本上芳郎ザノス鶴見1/)256.18,(
No.16,男子,50m自由形
世界記録,29.19
日本記録,30.08
《,75~79歳,》
大会記録,32.10
順位,氏名,所属,水路,時間
1,滋野上文夫セ・前橋18/)930.61・大会新,((0.86)
2,木津上上誠セ・成城9/)535.17,((0.83)
3,嶋﨑上昭夫セ・西東京8/)337.76,((0.85)
4,瀧下上敏和セ・志木6/)141.51,((0.92)
5,石井上上肇墨田区体育館3/)942.33,((1.11)
6,丸上上喜章セ・茂原6/)243.02,((1.00)
7,田中上信夫セ・越谷3/)745.66,((1.17)
8,松永上上勝セ・おおたか2/)446.06,((1.16)
9,御手洗康美セ・大森2/)746.19,((1.09)
10,手塚上上満セ・おおたか3/)247.64,((0.83)
11,泉保上上央セ・慶應日吉3/)349.83,(
12,内田上幸稔セ・松戸5/1050.34,((0.91)
13,竹島上正明セ・越谷1/)552.66,((0.92)
No.16,男子,50m自由形
世界記録,27.12
日本記録,28.58
《,70~74歳,》
大会記録,29.64
順位,氏名,所属,水路,時間
出力日時:10月26日17:51
第77回セ,トラレスポーツマスターズフェスティノレ(長水路)
会場:東京アクアティクスセ,ター(50谷),737/7115
期日:2024年10月26日(土,)
No.16,男子,50m自由形
世界記録,27.12
日本記録,28.58
《,70~74歳,》
大会記録,29.64
順位,氏名,所属,水路,時間
1,亀田上一麿セ・東戸塚13/)533.41,((0.83)
2,安藤上次郎セ・館山12/)233.95,((0.83)
3,鈴木上幹男セ・我孫子11/)236.05,((0.96)
4,古川賢一郎ザノス川崎5/)539.06,((1.24)
5,幡場上達明セ・大宮宮原8/)939.37,((0.82)
6,橋本上上亘セ・おおたか5/)639.45,((0.92)
7,宇佐美栄二セ・阿佐谷7/)540.53,((0.94)
8,常山上賢二曽谷・セ6/)740.66,((1.03)
9,服部上陽一セ・成瀬6/1041.21,((0.81)
10,梅村上上潔セ・茂原4/)742.15,((0.75)
11,中村上雄一G-sPA5/)442.37,(
12,松下上達一セ・成城6/)943.33,((1.07)
13,大久保美伸セ・松戸3/)847.02,((1.08)
14,山田上幸男セ・南千住3/)447.41,((1.06)
15,増田上行雄セ・蒲田2/)849.40,((1.07)
16,髙橋上修一セ・我孫子2/)350.52,((1.06)
17,森下上善夫セ・大宮宮原3/1052.30,((0.92)
No.16,男子,50m自由形
世界記録,26.21
日本記録,26.35
《,65~69歳,》
大会記録,28.14
順位,氏名,所属,水路,時間
1,冨松上上実セ・二俣川15/)932.99,((0.71)
2,槙田上上誠セ・南千住12/)334.68,((0.76)
3,山梨上英克セ・我孫子9/)635.10,((0.74)
4,佐藤上信弘セ・桶川北本10/)735.37,((0.89)
5,五十嵐洋セ・おおたか10/)535.93,((0.71)
6,阿部宏之助セ・上池袋8/)238.24,((0.83)
7,茂木上和哉セ・市ヶ尾9/)338.29,((0.78)
8,西森文史郎セ・長津田9/)438.37,((0.91)
9,仲宇佐隆一セ・横浜10/)938.41,((0.79)
10,山中上一男セ・阿佐谷8/)839.73,((0.87)
11,金丸上正弘セ・府中2/)240.68,((1.21)
12,赤坂上吉昭セ・葛西9/)741.91,((0.87)
13,内藤上謙一セ・松戸2/)643.18,((1.59)
14,秋山上和弘ザノス鶴見3/)147.29,((0.88)
15,櫛田上伸彦ザノス鶴見4/)847.65,((1.10)
16,楢橋上上章セ・川越2/)955.68,((1.34)
出力日時:10月26日17:51
第77回セ,トラレスポーツマスターズフェスティノレ(長水路)
会場:東京アクアティクスセ,ター(50谷),747/7115
期日:2024年10月26日(土,)
No.16,男子,50m自由形
世界記録,24.82
日本記録,26.66
《,60~64歳,》
大会記録,27.13
順位,氏名,所属,水路,時間
1,金子上上勝セ・岩槻17/)230.64,((0.67)
2,和田上浩一セ・用賀16/)630.81,((0.78)
3,沼田上真清セ・南青山19/)731.04,((0.59)
4,廣本上佳也セ・上池袋15/)532.02,((0.93)
5,神尾上尚人セ・市ヶ尾14/)332.59,((0.68)
6,中村上幸弘セ・越谷14/)632.74*特別賞(申)*,((0.87)
7,一色上洋志セ・福生13/)632.93,((0.73)
8,森上上明法セ・慶應日吉11/)633.08,((0.97)
9,名田上上裕セ・稲毛海岸13/)934.48,((0.99)
10,横浜上上健セ・南青山13/)234.95,((0.78)
11,金田上雅之セ・育見台12/)935.13,((0.90)
12,横山上恵一セ・越谷7/)435.61,((0.79)
13,二宮上次郎セ・南宇都宮8/)636.60,((0.74)
14,山元上修一セ・葛西4/)239.18,((0.78)
15,後藤上上潤セ・成城6/)339.25,((0.84)
16,渡邉上上聖セ・大森6/)839.26,((0.97)
17,山本上上勝セ・慶應日吉7/)639.34,((0.87)
18,上松上高造セ・武蔵小杉5/)341.31,((0.84)
19,安藤上上靖セ・南青山8/)141.68,((0.77)
20,岡部上浩次セ・上池袋6/)642.42,((1.02)
21,具島上春彦セ・大森5/)850.68,((1.07)
22,中村上上袋セ・市川1/)31:10.76,((1.03)
No.16,男子,50m自由形
世界記録,24.45
日本記録,24.45
《,55~59歳,》
大会記録,26.96
順位,氏名,所属,水路,時間
1,金子上惠一セ・前橋23/)927.90,((0.75)
2,阿部上憲一セ・大宮宮原20/)528.74,((0.71)
3,中村上上勝セ・南千住20/)229.92,((0.69)
4,小林上上健セ・葛西17/)330.42,((0.71)
5,浅田上康朗セ・大森19/)630.74,((0.75)
6,兵藤上鋭雄セ・目黒17/)731.03,((0.76)
7,山賀上勝之セ・南青山16/)331.06,((0.69)
8,新井上良育セ・市ヶ尾14/)931.79,((0.79)
9,山田上隆弘セ・市川15/)732.14,((0.77)
10,穴田上啓樹セ・慶應日吉12/)532.88,((0.78)
11,福田上剛紀G-sPA13/)333.13,((0.78)
12,田中上基幹セ・流山14/)833.31,((0.84)
13,佐藤上正章セ・用賀14/)233.77,((0.81)
出力日時:10月26日17:51
第77回セ,トラレスポーツマスターズフェスティノレ(長水路)
会場:東京アクアティクスセ,ター(50谷),757/7115
期日:2024年10月26日(土,)
No.16,男子,50m自由形
世界記録,24.45
日本記録,24.45
《,55~59歳,》
大会記録,26.96
順位,氏名,所属,水路,時間
14,兼森上伸兒ザノス八景13/)134.75,((0.80)
15,大木上義之セ・清瀬8/)536.11,((0.89)
16,佐野上裕之セ・武蔵小杉8/)736.94,((0.79)
17,北村上上勇セ・育見台9/)837.33,((0.66)
18,萱沼憲司郎セ・茂原10/)138.07,((0.88)
19,福田上義晴セ・市川8/)439.27,((0.97)
20,小野上和彦セ・新川崎4/)942.29,((0.89)
21,安部上盛博セ・成城5/)142.78,((0.90)
22,半澤上上繁セ・清瀬5/)944.38,((0.80)
23,須川上真彦セ・s湘南台1/)447.87,((1.06)
No.16,男子,50m自由形
世界記録,24.08
日本記録,24.08
《,50~54歳,》
大会記録,26.99
順位,氏名,所属,水路,時間
1,池田上正輝セ・市ヶ尾25/)325.70・大会新,((0.67)
2,大村上俊文セ・二俣川21/)726.64・大会新,((0.72)
3,長崎上上啓セ・二俣川23/)828.73,((0.80)
4,川端上邦武セ・西台18/)529.13,((0.72)
5,松崎上敏明セ・慶應日吉22/)629.27,((0.73)
6,藤本上豊和セ・長津田21/)629.41,((0.63)
7,石上上智啓セ・二俣川22/1029.81,((0.71)
8,西村上太郎セ・千葉みなと18/)829.85,((0.62)
9,阿部上賢裕セ・育見台17/)429.95,((0.73)
10,増渕上博之セ・藤沢15/)430.09,((0.84)
11,弭間上政隆セ・葛西17/)930.21,((0.93)
12,門倉上孝行セ・慶應日吉10/)630.31,((0.94)
13,荒井上正明セ・八千代台17/)630.37,((0.75)
14,西野宮冬木セ・長津田16/)230.68,((0.86)
15,前田上光輝セ・おおたか11/)430.69,((0.67)
16,内藤上上充セ・新川崎17/)830.85,((0.77)
17,青木上健二セ・蒲田17/1031.10,((0.61)
18,山田上大介セ・武蔵小杉16/)731.15,((0.72)
19,足立上上晃セ・新川崎18/)331.41,((0.83)
20,成島上上毅セ・F宇都宮12/)632.06,((0.80)
21,廣瀬上淳一セ・トレッサ15/)832.59,((0.81)
22,千葉上忠英セ・天王洲14/)433.30,((0.79)
23,岡田上育行セ・越谷15/)133.66,((0.77)
24,松本上考弘セ・清瀬15/)633.84,((0.92)
25,金子上謙一セ・長津田12/)434.15,((0.79)
出力日時:10月26日17:51
第77回セ,トラレスポーツマスターズフェスティノレ(長水路)
会場:東京アクアティクスセ,ター(50谷),767/7115
期日:2024年10月26日(土,)
No.16,男子,50m自由形
世界記録,24.08
日本記録,24.08
《,50~54歳,》
大会記録,26.99
順位,氏名,所属,水路,時間
26,高梨上上繁ザノス川崎12/)734.95,((0.72)
27,塚越上有宏セ・市ヶ尾7/)735.37,((0.81)
28,大川上明徳セ・阿佐谷10/)435.54,((1.06)
29,庄司上和明セ・松戸10/)336.11,((0.94)
30,宮本上昌雄セ・二俣川12/)136.42,((0.73)
31,ノーズノーマウィセ・松戸10/)836.57,((0.97)
32,鈴木上克彦セ・平塚4/)137.68,((0.78)
33,三﨑上淳二セ・桶川北本5/)238.16,((0.92)
34,向山上高弘セ・ときわ台8/1039.75,((0.93)
35,東條上上博セ・阿佐谷4/1042.04,((1.14)
36,落合上上理セ・武蔵小杉6/)442.28,((0.85)
37,飯田上勝章セ・志木3/)544.63,((1.06)
No.16,男子,50m自由形
世界記録,23.55
日本記録,23.55
《,45~49歳,》
大会記録,25.69
順位,氏名,所属,水路,時間
1,北川上貴義セ・阿佐谷21/)428.20,((0.71)
2,倉持上公一セ・天王洲21/)928.58,((0.75)
3,渡邊上忠幸セ・南宇都宮22/)428.74,((0.78)
4,堀川上広祐セ・二俣川22/)128.88,((0.66)
5,宅間上健介セ・天王洲18/)429.24,((0.75)
6,前田上上潤セ・松戸18/)229.43,((0.59)
7,佐々木茂倫セ・流山20/)829.50,((0.72)
8,加地上隆史セ・葛西18/)729.77,((0.72)
8,今井上裕介セ・南千住20/)129.77,((0.69)
10,宮崎健セ・福生21/)130.14,((0.72)
11,宮岡上亮介セ・亀有16/)530.43,((0.78)
12,磯貝上知弘セ・柏20/1030.73,((0.77)
13,花輪上博之セ・越谷18/)130.79,((0.83)
14,松平上一真セ・本郷台19/)530.86,((0.75)
15,若杉上佳宏セ・阿佐谷18/1031.15,((0.74)
16,栗原上大輔セ・成瀬13/)831.38,((0.85)
17,西田上幸弘セ・藤沢15/1031.71,((0.87)
18,中嶋上智史セ・市ヶ尾16/)832.25,((0.70)
19,櫻井上直仁セ・清瀬14/1033.27,((0.88)
20,浅野上亮介セ・新都心7/)833.69,((0.88)
21,小島上直政セ・久喜9/)234.04,((1.03)
22,小林上貴大セ・蘇我12/)834.15,((0.81)
23,田辺上直行セ・武蔵小杉7/)334.60,((0.95)
出力日時:10月26日17:51
第77回セ,トラレスポーツマスターズフェスティノレ(長水路)
会場:東京アクアティクスセ,ター(50谷),777/7115
期日:2024年10月26日(土,)
No.16,男子,50m自由形
世界記録,23.55
日本記録,23.55
《,45~49歳,》
大会記録,25.69
順位,氏名,所属,水路,時間
24,鈴木上直哉セ・八王子11/)935.37,((0.93)
25,志水上上剛セ・大宮宮原10/1037.06,((0.88)
No.16,男子,50m自由形
世界記録,23.14
日本記録,23.25
《,40~44歳,》
大会記録,25.23
順位,氏名,所属,水路,時間
1,島脇上晃也セ・大森24/)426.00,((0.66)
2,前田上崇行セ・二俣川24/)726.52,((0.68)
3,山口上雅文ミズノMT11/)326.93,((0.76)
4,吉田上拓磨セ・上池袋23/)327.03,((0.67)
5,村上上上守セ・成城20/)428.37,((0.79)
6,木村上知行セ・二俣川21/)328.42,((0.71)
7,石井上将太セ・成瀬22/)528.52,((0.77)
8,鈴木上敏志セ・松戸23/)128.90,((0.76)
9,小林上弘典セ・大森21/)229.03,((0.69)
10,宮崎上隆寛セ・越谷13/)432.44,((0.75)
11,山岡上哲也セ・二俣川17/)132.78,((0.84)
12,小田島丈典セ・福生14/)533.58,((0.78)
13,上村上上匠セ・下北沢13/)734.23,((0.86)
14,田中上遼太セ・慶應日吉12/1034.43,((0.69)
15,宇佐美上学セ・大森11/)535.72,((0.83)
16,清水上大輔セ・桶川北本10/)238.06,((0.85)
No.16,男子,50m自由形
世界記録,22.76
日本記録,23.20
《,35~39歳,》
大会記録,24.83
順位,氏名,所属,水路,時間
1,吉川上重行セ・桶川北本23/)526.99,((0.67)
2,高津上周平セ・武蔵小杉24/)227.31,((0.68)
3,鈴木上上遼セ・二俣川19/)429.93,((0.73)
4,手塚上一智セ・大宮宮原19/)330.94,((0.72)
5,佐々木悠介セ・福島11/1036.82,((0.95)
No.16,男子,50m自由形
世界記録,22.13
日本記録,22.95
《,30~34歳,》
大会記録,24.64
順位,氏名,所属,水路,時間
1,板垣上義人セ・トレッサ25/)524.97,((0.66)
2,塚本上拓也セ・清瀬23/)627.00*特別賞(申)*,((0.63)
3,石井上上孟セ・葛西24/)127.63,((0.65)
4,梅林上大貴セ・成城19/)828.45,((0.69)
5,寺田上遼太セ・天王洲21/)528.83,((0.88)
出力日時:10月26日17:51
第77回セ,トラレスポーツマスターズフェスティノレ(長水路)
会場:東京アクアティクスセ,ター(50谷),787/7115
期日:2024年10月26日(土,)
No.16,男子,50m自由形
世界記録,22.13
日本記録,22.95
《,30~34歳,》
大会記録,24.64
順位,氏名,所属,水路,時間
6,大野上淳哉セ・上池袋14/)730.87,((0.77)
7,中村上勇介セ・慶應日吉11/)833.91,((0.93)
No.16,男子,50m自由形
世界記録,22.30
日本記録,22.75
《,25~29歳,》
大会記録,24.20
順位,氏名,所属,水路,時間
1,安芸上祐作ミズノMT25/)725.02,((0.63)
2,神戸優悠希セ・茂原20/)725.84,((0.69)
3,松尾上勇太セ・南青山25/)826.05,((0.61)
4,宮田上遼太セ・成城23/)226.37,((0.71)
5,松澤上朋樹セ・武蔵小杉25/)926.61,((0.80)
6,小林上和矢セ・成城19/)226.64,((0.72)
7,鈴木上央雅セ・清瀬24/)526.70,((0.70)
8,高見沢重倫セ・慶應日吉22/)826.87,((0.62)
9,中原上志門セ・大森24/)627.05,((0.69)
10,室坂上拓真セ・用賀24/)327.10,((0.65)
11,谷口上太文ミズノMT20/)327.42,((0.66)
12,加納上聖士セ・葛西19/)927.94,((0.68)
13,川西上智大セ・南千住22/)728.29,((0.76)
14,亀井上智貴セ・用賀7/)231.53,((0.74)
15,岡本上昌也セ・藤沢9/)932.84,((0.75)
No.16,男子,50m自由形
日本記録,22.76
《,18~24歳,》
大会記録,22.80
順位,氏名,所属,水路,時間
1,設樂上航希セ・流山25/)624.43,((0.64)
2,韓上上準燃セ・八王子25/)224.62,((0.68)
3,川口上皓生セ・柏25/)425.45,((0.64)
4,村田上拓斗セ・長津田25/1025.60,((0.75)
5,萩原上裕大セ・清瀬22/)925.62,((0.58)
6,青木上海斗セ・用賀24/)826.39,((0.67)
7,村上上裕哉セ・南千住23/)726.82,((0.67)
8,荒井上優吾セ・成瀬24/)927.05,((0.64)
8,重高上良彦セ・育見台25/)127.05,((0.73)
10,秋澤上裕介セ・二俣川23/)427.17,((0.70)
11,金子上智哉セ・清瀬22/)227.42,((0.83)
12,山泉晃也セ・東十条21/1028.86,((0.74)
13,我妻上雄大セ・南千住19/1029.42,((0.68)
14,和澤上上情セ・八王子24/1029.49,((0.74)
出力日時:10月26日17:51
第77回セ,トラレスポーツマスターズフェスティノレ(長水路)
会場:東京アクアティクスセ,ター(50谷),797/7115
期日:2024年10月26日(土,)
No.16,男子,50m自由形
日本記録,22.76
《,18~24歳,》
大会記録,22.80
順位,氏名,所属,水路,時間
15,千原上大樹セ・自由が丘19/)130.14,((0.79)
16,勝又上晃希セ・藤沢13/1030.46,((0.66)
17,前納上爽太セ・葛西16/)131.12,((0.75)
18,田村上上翔セ・八王子9/1032.03,((0.98)
19,松本上海星セ・清瀬16/1032.54,((0.79)
20,加藤上慎梧ザノス川崎9/)134.00,((0.77)
21,澤井上康成G-sPA11/)135.80,((0.94)
出力日時:10月26日17:51
第77回セ,トラレスポーツマスターズフェスティノレ(長水路)
会場:東京アクアティクスセ,ター(50谷),807/7115
期日:2024年10月26日(土,)
No.17,混合,4x50mメドレ-リレ-
世界記録,2:55.98
日本記録,2:55.98
《,320~359歳,》
大会記録,3:18.01
順位,チ-ム名,合計年齢,水路,時間
1,セ・成城,321歳,1/)7,3:36.59
1:02.29,2:09.38,2:35.71
1,大塚上裕子,((0.56),1:02.29)
2,上田寿美子,(徳0.73),1:07.09
3,吉田上上亮,(徳0.81),26.33
4,松下上達一,(-----),1:00.88
No.17,混合,4x50mメドレ-リレ-
世界記録,2:19.17
日本記録,2:26.90
《,280~319歳,》
大会記録,2:48.17
順位,チ-ム名,合計年齢,水路,時間
1,セ・成瀬,282歳,1/)4,3:10.21
51.61,1:40.46,2:28.59
1,中平上信子,((0.74),51.61)
2,米澤美智子,(徳0.56),48.85
3,柏木上治久,(徳0.68),48.13
4,服部上陽一,(徳0.94),41.62
2,セ・阿佐谷,282歳,1/)8,3:50.33
53.18,1:50.49,3:02.61
1,宇佐美栄二,((0.75),53.18)
2,伴野上保志,(徳0.72),57.31
3,近藤みゆき,(徳0.65),1:12.12
4,三嶋上祐子,(徳0.83),47.72
No.17,混合,4x50mメドレ-リレ-
世界記録,2:07.56
日本記録,2:13.81
《,240~279歳,》
大会記録,2:13.81
順位,チ-ム名,合計年齢,水路,時間
1,セ・二俣川,246歳,3/10,2:36.03
35.71,1:20.54,1:59.04
1,下家上成人,((0.76),35.71)
2,若島上健二,(徳0.60),44.83
3,武井麻知子,(徳0.36),38.50
4,上野上真弓,(徳0.19),36.99
2,ザノス鶴見,242歳,2/)8,2:42.21
46.15,1:24.70,1:58.58
1,小林上弘子,((0.73),46.15)
2,楊上上上華,(徳0.51),38.55
3,杉原上祥之,(徳0.38),33.88
4,伊藤上幸英,(徳0.28),43.63
3,セ・成城,247歳,2/)7,2:45.51
48.90,1:23.65,2:06.18
1,吉野上治子,((0.72),48.90)
2,石井上上龍,(徳0.51),34.75
3,浦田上昌和,(徳0.55),42.53
4,高梨上美樹,(徳0.52),39.33
4,セ・長津田,244歳,2/)2,2:55.94
46.63,1:38.06,2:14.40
1,西森文史郎,((0.68),46.63)
2,三沢上弘美,(徳0.33),51.43
3,池谷上千尋,(徳0.28),36.34
4,小池上淳子,(徳0.55),41.54
出力日時:10月26日17:51
第77回セ,トラレスポーツマスターズフェスティノレ(長水路)
会場:東京アクアティクスセ,ター(50谷),817/7115
期日:2024年10月26日(土,)
No.17,混合,4x50mメドレ-リレ-
世界記録,2:07.56
日本記録,2:13.81
《,240~279歳,》
大会記録,2:13.81
順位,チ-ム名,合計年齢,水路,時間
5,セ・阿佐谷,244歳,1/)5,2:57.23
52.12,1:37.30,2:14.27
1,相澤上紋美,((0.77),52.12)
2,村田幸士郎,(徳0.65),45.18
3,大川上明徳,(徳0.53),36.97
4,宮田ひとみ,(徳0.54),42.96
No.17,混合,4x50mメドレ-リレ-
世界記録,1:57.86
日本記録,2:00.33
《,200~239歳,》
大会記録,2:08.68
順位,チ-ム名,合計年齢,水路,時間
1,セ・阿佐谷,200歳,3/)2,2:23.47
41.02,1:17.61,1:48.05
1,棚網上恵理,((0.70),41.02)
2,北川上貴義,(徳0.44),36.59
3,棚網上宏之,(徳0.46),30.44
4,石原なおみ,(徳0.52),35.42
2,セ・成城,230歳,2/)5,2:37.66
44.73,1:33.50,2:01.83
1,若宮上上強,((0.73),44.73)
2,森上上直子,(徳0.52),48.77
3,井口上暢彦,(徳0.65),28.33
4,高柳上祐子,(徳0.59),35.83
3,セ・成瀬,202歳,2/)3,2:42.45
39.80,1:35.11,2:04.40
1,栗原上大輔,((0.58),39.80)
2,久松上葉子,(徳0.93),55.31
3,石井上将太,(徳0.77),29.29
4,篠倉上有美,(徳0.70),38.05
4,セ・慶應日吉,231歳,1/)6,3:04.89
1:00.08,1:43.87,2:17.78
1,榮上真須美,((0.75),1:00.08)
2,久保田裕一,(徳0.61),43.79
3,門倉上孝行,(徳0.79),33.91
4,原田由美子,(徳0.72),47.11
5,セ・川越,200歳,1/)2,3:05.88
54.33,1:53.12,2:27.14
1,岩上上朋実,((1.17),54.33)
2,楢橋上上章,(-----),58.79
3,高橋上由子,(徳0.62),34.02
4,今井上英大,(徳0.86),38.74
),セ・二俣川,209歳,3/)4メ6背5
1,寺田上貴洋,(-----),)
2,永瀬上秀子
3,永瀬上知之
4,松川上律子
No.17,混合,4x50mメドレ-リレ-
世界記録,1:53.25
日本記録,1:55.11
《,160~199歳,》
大会記録,2:07.28
順位,チ-ム名,合計年齢,水路,時間
出力日時:10月26日17:51
第77回セ,トラレスポーツマスターズフェスティノレ(長水路)
会場:東京アクアティクスセ,ター(50谷),827/7115
期日:2024年10月26日(土,)
No.17,混合,4x50mメドレ-リレ-
世界記録,1:53.25
日本記録,1:55.11
《,160~199歳,》
大会記録,2:07.28
順位,チ-ム名,合計年齢,水路,時間
1,セ・長津田,172歳,4/)8,2:13.91
36.52,1:12.37,1:44.42
1,矢作上上歩,((0.81),36.52)
2,祖川上久茂,(徳0.09),35.85
3,吉村上華余,(徳0.41),32.05
4,川北上上恵,(徳0.21),29.49
2,セ・二俣川,171歳,4/10,2:21.53
43.72,1:16.08,1:43.39
1,草野上上茜,((0.65),43.72)
2,立石裕太郎,(徳0.30),32.36
3,鶴谷上上学,(徳0.41),27.31
4,吉池上奈々,(徳0.51),38.14
3,ザノス川崎,196歳,2/)6,2:30.19
33.81,1:20.40,1:56.31
1,河野上大和,((0.67),33.81)
2,古川賢一郎,(徳0.91),46.59
3,日下上幸子,(徳0.69),35.91
4,錦織佳奈子,(徳0.57),33.88
4,セ・成城,192歳,3/)9,2:34.15
37.19,1:28.50,1:59.49
1,羽田上浩一,((0.68),37.19)
2,伊藤ゆかり,(徳0.69),51.31
3,村上上上守,(徳0.22),30.99
4,岩田上愛恵,(徳0.38),34.66
5,セ・用賀,170歳,3/)1,2:35.57
51.35,1:23.30,1:58.84
1,糸川永利子,((0.68),51.35)
2,青木上海斗,(-----),31.95
3,大家上萌実,(徳0.28),35.54
4,吉峯上幸郎,(徳0.59),36.73
6,セ・青砥,182歳,1/)3,2:57.85
58.00,1:50.17,2:20.95
1,田中上香苗,((0.93),58.00)
2,角田優佳里,(徳0.66),52.17
3,武本上侑己,(徳0.14),30.78
4,中村上浩司,(徳0.74),36.90
No.17,混合,4x50mメドレ-リレ-
世界記録,1:49.61
日本記録,1:52.24
《,120~159歳,》
大会記録,2:01.01
順位,チ-ム名,合計年齢,水路,時間
1,セ・成城,126歳,4/)6,2:08.39
35.74,1:10.05,1:37.61
1,仲田上笑美,((0.62),35.74)
2,梅林上大貴,(徳0.34),34.31
3,黒田上大介,(徳0.35),27.56
4,佐々木上彩,(徳0.38),30.78
出力日時:10月26日17:51
第77回セ,トラレスポーツマスターズフェスティノレ(長水路)
会場:東京アクアティクスセ,ター(50谷),837/7115
期日:2024年10月26日(土,)
No.17,混合,4x50mメドレ-リレ-
世界記録,1:49.61
日本記録,1:52.24
《,120~159歳,》
大会記録,2:01.01
順位,チ-ム名,合計年齢,水路,時間
2,セ・平塚,146歳,4/)2,2:10.22
38.15,1:09.86,1:36.91
1,佐々木美佐,((0.73),38.15)
2,増田上上究,(徳0.07),31.71
3,土屋上大貴,(徳0.11),27.05
4,足立上知実,(徳0.09),33.31
3,セ・武蔵小杉,154歳,4/)5,2:10.72
35.59,1:08.48,1:39.82
1,髙橋上美波,((0.66),35.59)
2,西尾上直人,(徳0.32),32.89
3,中村上良樹,(徳0.21),31.34
4,田中上美鈴,(徳0.23),30.90
4,セ・二俣川,137歳,4/)9,2:11.97
34.18,1:06.94,1:35.66
1,竹下菜々美,((0.60),34.18)
2,田中壮一郎,(徳0.46),32.76
3,前田上崇行,(徳0.50),28.72
4,前田由希映,(徳0.58),36.31
5,セ・慶應日吉,147歳,4/)1,2:15.97
37.85,1:22.88,1:50.68
1,宮本上八重,((0.66),37.85)
2,前畑上章子,(徳0.16),45.03
3,高見沢重倫,(徳0.22),27.80
4,菅原上上啓,(徳0.24),25.29
6,セ・阿佐谷,140歳,3/)6,2:20.29
39.73,1:19.83,1:48.45
1,小野真佐子,((0.70),39.73)
2,和田上上亮,(徳0.47),40.10
3,椎本上恭平,(徳0.44),28.62
4,今井上恵子,(徳0.40),31.84
7,セ・天王洲,138歳,3/)8,2:21.13
40.41,1:17.62,1:47.32
1,萩原ゆりか,((0.78),40.41)
2,加間上英貴,(徳0.20),37.21
3,小野上上健,(徳0.49),29.70
4,四井上美穂,(徳0.31),33.81
8,セ・目黒,135歳,3/)3,2:28.42
47.12,1:29.57,1:57.82
1,李上上鎬善,((0.58),47.12)
2,兵藤上鋭雄,(徳0.67),42.45
3,相原上健吾,(徳0.45),28.25
4,佐藤上玖弥,(徳0.49),30.60
9,セ・長津田,156歳,3/)7,2:36.41
51.83,1:29.71,1:58.24
1,宮林上佑妃,((0.71),51.83)
2,岡村上勝重,(徳0.17),37.88
3,村田上拓斗,(徳0.17),28.53
4,久保かおり,(徳0.45),38.17
出力日時:10月26日17:51
第77回セ,トラレスポーツマスターズフェスティノレ(長水路)
会場:東京アクアティクスセ,ター(50谷),847/7115
期日:2024年10月26日(土,)
No.17,混合,4x50mメドレ-リレ-
世界記録,1:49.61
日本記録,1:52.24
《,120~159歳,》
大会記録,2:01.01
順位,チ-ム名,合計年齢,水路,時間
10,セ・桶川北本,154歳,2/)4,2:46.95
44.90,1:39.40,2:09.65
1,村岡上礼奈,((0.65),44.90)
2,村岡上貴子,(徳0.67),54.50
3,吉川上重行,(徳0.49),30.25
4,清水上大輔,(徳0.39),37.30
No.17,混合,4x50mメドレ-リレ-
世界記録,1:47.29
日本記録,1:48.98
《,72~119歳,》
大会記録,2:00.62
順位,チ-ム名,合計年齢,水路,時間
1,セ・成城,100歳,4/)4,2:08.39
35.92,1:09.12,1:36.91
1,広瀬上幸音,((0.63),35.92)
2,小林上和矢,(徳0.30),33.20
3,宮田上遼太,(徳0.28),27.79
4,宮田さくら,(徳0.06),31.48
2,セ・長津田,)86歳,4/)7,2:12.60
35.82,1:13.33,1:43.62
1,長崎上千怜,((0.61),35.82)
2,竹下上上翔,(徳0.32),37.51
3,村田上雅治,(徳0.52),30.29
4,高橋上紗良,(徳0.17),28.98
3,セ・二俣川,)94歳,4/)3,2:13.98
35.12,1:17.71,1:47.26
1,表上上侑寿,((0.64),35.12)
2,深堀上陽子,(徳0.42),42.59
3,山﨑上陸真,(徳0.54),29.55
4,田中啓二朗,(徳0.36),26.72
4,セ・八王子,)84歳,3/)5,2:14.46
38.34,1:10.92,1:39.53
1,伊藤上愛羅,((0.70),38.34)
2,木村上隼人,(徳0.42),32.58
3,和澤上上情,(徳0.45),28.61
4,寺本上茉冬,(徳0.26),34.93
出力日時:10月26日17:51
第77回セ,トラレスポーツマスターズフェスティノレ(長水路)
会場:東京アクアティクスセ,ター(50谷),857/7115
期日:2024年10月26日(土,)
No.18,女子,4x100mメドレ-リレ-
世界記録,5:19.05
日本記録,5:29.51
《,240~279歳,》
大会記録,6:21.43
順位,チ-ム名,合計年齢,水路,時間
1,セ・二俣川,245歳,1/)7,6:42.37*手動
49.23,1:44.85,2:33.70,3:26.45,4:13.09,5:07.98,5:51.11
1,上野上真弓,((0.92),49.23,1:44.85)
2,野島上久枝,(徳0.58),48.85,1:41.60
3,武井麻知子,(徳0.50),46.64,1:41.53
4,盛田真規子,(徳0.92),43.13,1:34.39
2,セ・慶應日吉,247歳,1/)9,7:02.89
51.45,1:47.46,2:33.72,3:31.90,4:25.14,5:25.17,6:11.15
1,高見沢ゆみ子,((0.75),51.45,1:47.46)
2,前畑上章子,(徳0.56),46.26,1:44.44
3,森谷登志江,(徳0.54),53.24,1:53.27
4,田村上明美,(徳0.81),45.98,1:37.72
3,セ・戸塚,260歳,1/10,7:23.99
57.21,2:02.21,3:05.52,4:19.90,4:56.63,5:40.83,6:29.07
1,菅上上和江,((0.79),57.21,2:02.21)
2,菅井上道子,(徳0.69),1:03.31,2:17.69
3,広瀬百合香,(徳0.49),36.73,1:20.93
4,日和久美子,(徳0.53),48.24,1:43.16
4,セ・南千住,252歳,1/)2,7:25.64
48.87,1:45.65,2:34.24,3:31.39,4:30.94,5:47.23,6:33.17
1,山本由起子,((0.82),48.87,1:45.65)
2,田原上文月,(徳0.47),48.59,1:45.74
3,下川喜美枝,(徳0.92),59.55,2:15.84
4,古宇田淳子,(徳0.54),45.94,1:38.41
5,セ・阿佐谷,266歳,1/)1,9:17.39
1:02.01,2:09.75,3:20.12,4:47.95,6:00.59,7:25.56,8:19.64
1,宮田ひとみ,((0.77),1:02.01,2:09.75)
2,渡邉登美子,(徳0.96),1:10.37,2:38.20
3,近藤みゆき,(徳0.79),1:12.64,2:37.61
4,三嶋上祐子,(徳0.97),54.08,1:51.83
No.18,女子,4x100mメドレ-リレ-
世界記録,4:54.41
日本記録,5:04.80
《,200~239歳,》
大会記録,5:42.41
順位,チ-ム名,合計年齢,水路,時間
1,セ・成城,224歳,1/)4,6:11.06*手動
52.36,1:47.58,2:35.66,3:27.48,4:09.13,4:57.51,5:32.83
1,茂櫛上典子,((0.57),52.36,1:47.58)
2,佐藤上洋子,(徳0.57),48.08,1:39.90
3,仲田久美子,(徳0.54),41.65,1:30.03
4,羽田上上文,(徳0.53),35.32,1:13.55
2,セ・二俣川,200歳,1/)3,6:39.55
47.53,1:37.05,2:26.59,3:22.81,4:11.65,5:10.43,5:53.71
1,草野上上茜,((0.70),47.53,1:37.05)
2,永瀬上秀子,(徳0.20),49.54,1:45.76
3,吉池上奈々,(徳0.60),48.84,1:47.62
4,前田由希映,(徳0.96),43.28,1:29.12
No.18,女子,4x100mメドレ-リレ-
世界記録,4:40.42
日本記録,4:42.46
《,160~199歳,》
大会記録,5:17.33
順位,チ-ム名,合計年齢,水路,時間
出力日時:10月26日17:51
第77回セ,トラレスポーツマスターズフェスティノレ(長水路)
会場:東京アクアティクスセ,ター(50谷),867/7115
期日:2024年10月26日(土,)
No.18,女子,4x100mメドレ-リレ-
世界記録,4:40.42
日本記録,4:42.46
《,160~199歳,》
大会記録,5:17.33
順位,チ-ム名,合計年齢,水路,時間
1,セ・阿佐谷,162歳,1/)6,6:04.78
45.83,1:31.52,2:16.15,3:07.83,3:48.47,4:43.78,5:21.51
1,棚網上恵理,((0.71),45.83,1:31.52)
2,三宅上信花,(徳0.45),44.63,1:36.31
3,今井上恵子,(徳0.60),40.64,1:35.95
4,小野真佐子,(徳0.21),37.73,1:21.00
2,セ・慶應日吉,180歳,1/)8,6:46.59
45.58,1:35.19,2:24.26,3:23.37,4:17.12,5:21.35,6:00.52
1,井上上上唯,((0.72),45.58,1:35.19)
2,RacaruGabriela,(徳0.72),49.07,1:48.18
3,井手上敦子,(徳0.74),53.75,1:57.98
4,福本上麻美,(徳0.60),39.17,1:25.24
No.18,女子,4x100mメドレ-リレ-
世界記録,4:30.81
日本記録,4:30.81
《,72~119歳,》
大会記録,5:07.97
順位,チ-ム名,合計年齢,水路,時間
1,セ・二俣川,100歳,1/)5,5:30.01
36.37,1:17.60,2:03.32,2:55.15,3:28.43,4:08.62,4:46.22
1,表上上侑寿,((0.63),36.37,1:17.60)
2,深堀上陽子,(徳0.47),45.72,1:37.55
3,竹下菜々美,(徳0.50),33.28,1:13.47
4,松本上彩花,(徳0.22),37.60,1:21.39
出力日時:10月26日17:51
第77回セ,トラレスポーツマスターズフェスティノレ(長水路)
会場:東京アクアティクスセ,ター(50谷),877/7115
期日:2024年10月26日(土,)
No.19,男子,4x100mメドレ-リレ-
世界記録,5:07.90
日本記録,5:14.37
《,280~319歳,》
大会記録,7:08.16
順位,チ-ム名,合計年齢,水路,時間
1,セ・阿佐谷,281歳,1/)3,6:10.39,・大会新
47.39,1:37.48,2:24.99,3:19.14,3:54.62,4:35.42,5:19.95
1,吉村上上進,((0.76),47.39,1:37.48)
2,村田幸士郎,(徳0.79),47.51,1:41.66
3,吉原上一彦,(徳0.55),35.48,1:16.28
4,折居上上彰,(徳0.80),44.53,1:34.97
No.19,男子,4x100mメドレ-リレ-
世界記録,4:13.76
日本記録,4:15.90
《,200~239歳,》
大会記録,4:43.82
順位,チ-ム名,合計年齢,水路,時間
1,セ・二俣川,202歳,1/)4,5:13.14
37.93,1:18.31,2:04.04,2:55.88,3:29.64,4:09.14,4:38.60
1,下家上成人,((0.70),37.93,1:18.31)
2,草野上剛史,(徳0.47),45.73,1:37.57
3,堀川上広祐,(徳0.42),33.76,1:13.26
4,永瀬上知之,(徳0.50),29.46,1:04.00
2,セ・大宮宮原,204歳,1/)6,5:15.18
43.08,1:28.45,2:07.22,2:51.10,3:24.10,4:06.45,4:39.44
1,宮川上則仁,((0.76),43.08,1:28.45)
2,阿部上憲一,(徳0.09),38.77,1:22.65
3,川瀬上健次,(徳0.40),33.00,1:15.35
4,清田上真人,(徳0.18),32.99,1:08.73
3,セ・天王洲,208歳,1/)7,6:01.42
42.70,1:30.75,2:15.23,3:06.53,3:40.98,4:22.23,5:06.30
1,久保上卓士,((0.66),42.70,1:30.75)
2,千葉上忠英,(徳0.69),44.48,1:35.78
3,倉持上公一,(徳0.45),34.45,1:15.70
4,佐藤上流生,(徳0.86),44.07,1:39.19
4,セ・阿佐谷,209歳,1/)8,6:31.21
43.52,1:33.75,2:32.38,3:42.01,4:18.46,5:03.68,5:44.12
1,若杉上佳宏,((0.70),43.52,1:33.75)
2,伴野上保志,(徳0.91),58.63,2:08.26
3,和田上上亮,(徳0.47),36.45,1:21.67
4,大川上明徳,(徳0.86),40.44,1:27.53
No.19,男子,4x100mメドレ-リレ-
世界記録,4:01.27
日本記録,4:01.27
《,160~199歳,》
大会記録,4:11.57
順位,チ-ム名,合計年齢,水路,時間
1,セ・二俣川,163歳,2/)7,4:33.33
35.03,1:11.14,1:43.33,2:19.50,2:51.21,3:28.80,3:58.51
1,鶴谷上上学,((0.67),35.03,1:11.14)
2,立石裕太郎,(徳0.62),32.19,1:08.36
3,前田上崇行,(徳0.40),31.71,1:09.30
4,木村上知行,(徳0.21),29.71,1:04.53
2,セ・阿佐谷,165歳,2/)9,4:33.36
34.25,1:10.83,1:44.63,2:24.98,2:55.77,3:31.94,4:01.44
1,棚網上宏之,((0.61),34.25,1:10.83)
2,和田弘太郎,(徳0.17),33.80,1:14.15
3,椎本上恭平,(徳0.29),30.79,1:06.96
4,北川上貴義,(徳0.33),29.50,1:01.42
出力日時:10月26日17:51
第77回セ,トラレスポーツマスターズフェスティノレ(長水路)
会場:東京アクアティクスセ,ター(50谷),887/7115
期日:2024年10月26日(土,)
No.19,男子,4x100mメドレ-リレ-
世界記録,4:01.27
日本記録,4:01.27
《,160~199歳,》
大会記録,4:11.57
順位,チ-ム名,合計年齢,水路,時間
3,セ・市ヶ尾,170歳,2/)8,4:37.61
36.25,1:15.29,1:49.45,2:28.61,2:58.06,3:32.32,4:03.62
1,図師上拓千,((0.58),36.25,1:15.29)
2,木村上考太,(徳0.52),34.16,1:13.32
3,田窪上上達,(徳0.34),29.45,1:03.71
4,菱川上亮太,(徳0.46),31.30,1:05.29
4,セ・長津田,193歳,1/)5,5:04.89
45.15,1:31.00,2:09.76,2:52.94,3:24.81,4:01.30,4:31.94
1,藤本上豊和,((0.79),45.15,1:31.00)
2,祖川上久茂,(徳0.18),38.76,1:21.94
3,矢作上上歩,(徳0.64),31.87,1:08.36
4,花井上一也,(徳0.13),30.64,1:03.59
5,セ・慶應日吉,193歳,1/)2,5:55.24
36.10,1:16.74,1:51.73,2:31.66,3:23.36,4:35.66,5:13.05
1,河野上上悟,((0.65),36.10,1:16.74)
2,菅原上上啓,(徳0.27),34.99,1:14.92
3,大塚上秀幸,(徳0.70),51.70,2:04.00
4,森上上明法,(徳0.71),37.39,1:19.58
No.19,男子,4x100mメドレ-リレ-
世界記録,3:47.54
日本記録,3:47.54
《,120~159歳,》
大会記録,4:06.23
順位,チ-ム名,合計年齢,水路,時間
1,セ・武蔵小杉,140歳,2/)5,4:28.37
31.47,1:05.95,1:42.32,2:24.69,2:55.08,3:29.94,3:57.90
1,松澤上朋樹,((0.65),31.47,1:05.95)
2,西尾上直人,(徳0.36),36.37,1:18.74
3,高木上祥一,(徳0.55),30.39,1:05.25
4,奥平上竜司,(徳0.03),27.96,58.43
2,セ・大宮宮原,125歳,2/)6,4:28.64
40.67,1:20.85,1:51.38,2:26.18,2:55.63,3:29.96,3:58.33
1,皆川上雅登,((0.79),40.67,1:20.85)
2,石井上建幹,(徳0.31),30.53,1:05.33
3,岡内上昭伍,(徳0.29),29.45,1:03.78
4,日吉上将輝,(徳0.21),28.37,58.68
No.19,男子,4x100mメドレ-リレ-
世界記録,3:46.80
日本記録,3:46.80
《,72~119歳,》
大会記録,3:59.80
順位,チ-ム名,合計年齢,水路,時間
1,セ・成城,101歳,2/)4,4:25.90
32.38,1:09.29,1:42.52,2:21.76,2:51.94,3:25.95,3:54.06
1,小林上和矢,((0.63),32.38,1:09.29)
2,黒田上大介,(徳0.20),33.23,1:12.47
3,中西上上剛,(徳0.38),30.18,1:04.19
4,柿沼上龍史,(徳0.30),28.11,59.95
2,セ・天王洲,117歳,2/)2,4:35.11
30.91,1:04.61,1:40.20,2:24.08,2:52.60,3:26.67,3:57.32
1,中村上上翼,((0.58),30.91,1:04.61)
2,加間上英貴,(徳0.26),35.59,1:19.47
3,小野上上健,(徳0.44),28.52,1:02.59
4,寺田上遼太,(徳0.44),30.65,1:08.44
出力日時:10月26日17:51
第77回セ,トラレスポーツマスターズフェスティノレ(長水路)
会場:東京アクアティクスセ,ター(50谷),897/7115
期日:2024年10月26日(土,)
No.19,男子,4x100mメドレ-リレ-
世界記録,3:46.80
日本記録,3:46.80
《,72~119歳,》
大会記録,3:59.80
順位,チ-ム名,合計年齢,水路,時間
3,セ・二俣川,)88歳,2/)3,4:42.86
37.40,1:19.00,1:55.64,2:35.02,3:04.12,3:39.02,4:09.23
1,田中啓二朗,((0.59),37.40,1:19.00)
2,田中壮一郎,(徳0.39),36.64,1:16.02
3,山﨑上陸真,(徳0.68),29.10,1:04.00
4,秋澤上裕介,(徳0.32),30.21,1:03.84
出力日時:10月26日17:51
第77回セ,トラレスポーツマスターズフェスティノレ(長水路)
会場:東京アクアティクスセ,ター(50谷),907/7115
期日:2024年10月26日(土,)
No.20,女子,50m平泳ぎ
世界記録,59.40
《,90~94歳,》
日本記録,1:15.13
順位,氏名,所属,水路,時間
)鈴木上静江クリースパ1/)2平14,(-----)
No.20,女子,50m平泳ぎ
世界記録,51.83
日本記録,54.32
《,85~89歳,》
大会記録,1:07.67
順位,氏名,所属,水路,時間
1,大塚上裕子セ・成城2/)51:05.13・大会新,((0.83)
2,上田寿美子セ・成城3/)51:07.38・大会新,((1.11)
No.20,女子,50m平泳ぎ
世界記録,46.94
日本記録,47.59
《,80~84歳,》
大会記録,58.72
順位,氏名,所属,水路,時間
1,佐藤由利子セ・用賀4/)61:01.95,((0.91)
2,岡本上靖子セ・慶應日吉2/)31:05.11,((1.14)
3,永島上郁子ザノス鶴見1/)51:10.08,((0.91)
4,浜野上セ子セ・流山1/)61:16.41,((0.90)
No.20,女子,50m平泳ぎ
世界記録,43.95
日本記録,43.95
《,75~79歳,》
大会記録,55.75
順位,氏名,所属,水路,時間
1,栗林眞知子セ・成城6/)457.18,((0.83)
2,滋野上好子セ・前橋8/)157.64,((0.84)
3,岡田まり子cs南行徳5/)81:01.05,((0.98)
4,福田加代子セ・戸塚6/)21:01.60,((0.78)
5,坂本上光子セ・越谷3/)71:04.85,((0.93)
6,大手上佳江セ・南千住3/)41:07.07,((1.01)
7,諸橋上暁子曽谷・セ3/)21:10.52,((0.99)
8,原田上早苗セ・南千住3/)91:13.38,((0.94)
9,栗原上羊子セ・流山1/)41:20.28,((1.05)
10,安部上澄子セ・我孫子1/)81:25.27,(
11,西村咲喜子セ・志木1/)91:50.43,(
No.20,女子,50m平泳ぎ
世界記録,41.67
日本記録,42.98
《,70~74歳,》
大会記録,46.76
順位,氏名,所属,水路,時間
1,小澤上優子セ・葛西5/)557.78,((0.88)
2,伊藤上幸英ザノス鶴見4/)71:00.30,((0.99)
3,松木真知子セ・ときわ台5/)21:00.32,((0.93)
4,矢島きよえcs南行徳4/)41:02.98,((1.02)
5,荒深上なみセ・市ヶ尾3/)31:03.93,((0.89)
6,末光とき子墨田区体育館2/)61:06.24,((0.76)
出力日時:10月26日17:51
第77回セ,トラレスポーツマスターズフェスティノレ(長水路)
会場:東京アクアティクスセ,ター(50谷),917/7115
期日:2024年10月26日(土,)
No.20,女子,50m平泳ぎ
世界記録,41.67
日本記録,42.98
《,70~74歳,》
大会記録,46.76
順位,氏名,所属,水路,時間
7,樋口上恵子セ・育見台4/)11:08.84,((0.95)
No.20,女子,50m平泳ぎ
世界記録,39.91
日本記録,42.07
《,65~69歳,》
大会記録,45.59
順位,氏名,所属,水路,時間
1,高梨上美樹セ・成城11/)348.57,((0.77)
2,米澤美智子セ・成瀬11/)549.67,((0.82)
3,田代眞理子セ・成城10/)551.06,((0.81)
4,瀧下上節子セ・志木8/)551.88,((0.76)
5,三枚堂かよ子セ・阿佐谷9/)352.19,((0.78)
6,浅野みどりセ・天王洲8/)255.14,((0.87)
7,小笠原三春セ・八王子9/)555.73,((0.89)
8,廣瀬上伸子セ・成城10/)256.10,((1.01)
9,立間上玲子セ・我孫子5/)456.14,((0.91)
10,五月女美幸セ・宇都宮7/)256.94,((0.97)
11,新井上フ枝セ・流山7/)856.98,((1.06)
12,掃部上典子曽谷・セ8/1058.26,((1.07)
13,太田上初美セ・越谷10/1058.38,((0.84)
14,益田加津子セ・自由が丘7/)758.86,((0.92)
15,畠山眞由美セ・柏6/)91:00.11,((0.80)
16,藤井上道子セ・我孫子4/)21:01.62,((0.85)
17,近藤みゆきセ・阿佐谷6/)81:01.76,((0.71)
18,渋谷上照代セ・我孫子4/)91:04.74,((0.99)
19,池田上則子セ・松戸2/)41:06.49,((1.07)
20,渡邉登美子セ・阿佐谷5/)61:09.40,((0.79)
21,木村上上恵セ・我孫子3/)11:11.52,((0.86)
22,田村加代子セ・おおたか2/)21:13.14,((0.98)
23,池田真理子セ・大森5/101:15.57,((1.27)
24,橋本上真紀セ・慶應日吉3/)61:17.29,((0.92)
25,小高上和子セ・桶川北本2/)81:21.03,(
26,池長上幸子セ・桶川北本2/)91:21.77,((1.04)
No.20,女子,50m平泳ぎ
世界記録,37.43
日本記録,38.07
《,60~64歳,》
大会記録,43.45
順位,氏名,所属,水路,時間
1,磯村由紀子セ・越谷11/)845.68,((0.79)
2,野島上久枝セ・二俣川12/)846.62,((0.87)
3,山本上庸子セ・八王子10/)649.46,((1.14)
4,酒井寿美恵クリースパ10/)449.93,((0.77)
出力日時:10月26日17:51
第77回セ,トラレスポーツマスターズフェスティノレ(長水路)
会場:東京アクアティクスセ,ター(50谷),927/7115
期日:2024年10月26日(土,)
No.20,女子,50m平泳ぎ
世界記録,37.43
日本記録,38.07
《,60~64歳,》
大会記録,43.45
順位,氏名,所属,水路,時間
5,長野佐稚子セ・東十条8/)651.80,((0.98)
6,相澤上紋美セ・阿佐谷9/)453.08,((0.85)
7,山中上恵子セ・桶川北本10/)953.33,((1.01)
8,太刀岡早苗セ・市ヶ尾8/)353.43,((0.86)
9,蛯名とも子セ・志木6/)754.21,((0.80)
10,柳沢上智子セ・成城10/)154.89,((0.99)
11,吉野ひとみセ・松戸7/)159.74,((0.91)
12,勝又上聡子セ・福生7/)91:00.09,((0.88)
13,佐々木政子セ・大森3/)81:07.35,((0.97)
14,黒川上慶子セ・上池袋4/101:09.22,((0.86)
No.20,女子,50m平泳ぎ
世界記録,35.59
日本記録,37.52
《,55~59歳,》
大会記録,40.00
順位,氏名,所属,水路,時間
1,前畑上章子セ・慶應日吉13/)945.37,((0.73)
2,仲田久美子セ・成城11/)945.78,((0.75)
3,羽山恵津子セ・葛西12/)446.07,((0.71)
4,鶴岡上美佐ザノス八景12/)346.66,((0.72)
5,船津上上香セ・自由が丘11/)248.69,((0.79)
6,佐藤美絵子セ・清瀬11/1048.71,((0.73)
7,角南上美貴セ・我孫子10/)850.97,((0.81)
8,三沢上弘美セ・長津田10/)751.92,((0.95)
9,小林名緒子セ・大森7/)452.98,((0.86)
10,坂井上慶子セ・大宮宮原9/)853.78,((0.93)
11,冨樫真樹子セ・用賀8/)754.80,((0.66)
12,澤野上貴子セ・葛西6/)155.73,((0.69)
13,苞上上車ミセ・八王子6/)357.07,((0.97)
14,山田上智子セ・慶應日吉5/)958.19,((0.88)
15,森内上裕子セ・天王洲7/1058.81,((0.98)
16,平澤上上馨セ・府中4/)31:00.63,(
No.20,女子,50m平泳ぎ
世界記録,34.18
日本記録,37.22
《,50~54歳,》
大会記録,39.33
順位,氏名,所属,水路,時間
1,池田上智子セ・目黒12/)644.55,((0.78)
2,白須上靖子セ・市ヶ尾11/)646.32,((0.83)
3,佐藤上洋子セ・成城13/)146.46,((0.71)
4,五十嵐知佐セ・おおたか12/)246.47,((0.73)
5,加藤上美保セ・上池袋12/)546.96,((0.87)
出力日時:10月26日17:51
第77回セ,トラレスポーツマスターズフェスティノレ(長水路)
会場:東京アクアティクスセ,ター(50谷),937/7115
期日:2024年10月26日(土,)
No.20,女子,50m平泳ぎ
世界記録,34.18
日本記録,37.22
《,50~54歳,》
大会記録,39.33
順位,氏名,所属,水路,時間
6,田原上文月セ・南千住11/)747.49,((0.88)
7,磯村麻衣子セ・上池袋7/)548.80,((0.82)
8,森川佳余子クリースパ10/)351.56,((0.94)
9,佐藤上晶子セ・おおたか9/)752.29,((0.72)
10,村岡上貴子セ・桶川北本8/)954.56,((0.89)
11,岩上上朋実セ・川越6/)657.28,((0.90)
12,田上上麻紀セ・久喜4/)857.47,((0.87)
13,津田上千鶴セ・育見台9/)259.93,((1.00)
14,大久保彩子セ・阿佐谷2/)71:01.03,((1.17)
15,小川上史枝セ・越谷LT4/)51:02.00,((0.89)
16,佐藤上淳子セ・久喜5/)11:03.92,((1.04)
17,平野上真紀セ・福生3/101:16.28,((1.08)
No.20,女子,50m平泳ぎ
世界記録,33.56
日本記録,35.65
《,45~49歳,》
大会記録,36.63
順位,氏名,所属,水路,時間
1,栗山上貴子セ・武蔵小杉14/)740.97,((0.83)
2,羽田上上文セ・成城14/)641.84,((0.77)
3,小山上知子セ・市ヶ尾13/)743.32,((0.70)
4,三宅上信花セ・阿佐谷14/)943.55,((0.68)
5,菅野ゆかりセ・桶川北本9/)946.29,((0.67)
6,関上上康代セ・宇都宮13/1046.91,((0.80)
7,手島上幸恵セ・藤沢12/)147.72,((0.85)
8,小林恵理子セ・蘇我9/)654.20,((1.06)
No.20,女子,50m平泳ぎ
世界記録,32.42
日本記録,35.05
《,40~44歳,》
大会記録,38.52
順位,氏名,所属,水路,時間
1,中村可奈子セ・おおたか14/)442.17,((0.70)
2,山田未紗子セ・越谷14/1043.16,((0.80)
3,溝井花代子セ・葛西12/)746.63,((0.83)
4,大竹上昌子セ・大森12/)948.05,((0.72)
5,吉田上瑠夏曽谷・セ8/)453.92,((0.98)
6,谷上美希子セ・府中6/1055.88,((0.79)
No.20,女子,50m平泳ぎ
世界記録,31.35
日本記録,33.24
《,35~39歳,》
大会記録,37.84
順位,氏名,所属,水路,時間
1,大家上萌実セ・用賀13/)244.53,((0.61)
2,岩田上愛恵セ・成城12/1048.79,((0.84)
出力日時:10月26日17:51
第77回セ,トラレスポーツマスターズフェスティノレ(長水路)
会場:東京アクアティクスセ,ター(50谷),947/7115
期日:2024年10月26日(土,)
No.20,女子,50m平泳ぎ
世界記録,31.35
日本記録,33.24
《,35~39歳,》
大会記録,37.84
順位,氏名,所属,水路,時間
3,RacaruGabrielaセ・慶應日吉9/1050.01,((0.89)
4,久保美由紀セ・長津田9/)153.99,((0.85)
No.20,女子,50m平泳ぎ
世界記録,32.22
日本記録,32.42
《,30~34歳,》
大会記録,37.51
順位,氏名,所属,水路,時間
1,大椛上詩織セ・葛西13/)341.62,((0.80)
2,深堀上陽子セ・二俣川14/)243.23,((0.74)
No.20,女子,50m平泳ぎ
世界記録,31.60
日本記録,32.75
《,25~29歳,》
大会記録,36.99
順位,氏名,所属,水路,時間
1,遠藤上上桃セ・越谷14/)139.84,((0.83)
2,柏木上上涼セ・越谷LT11/)144.81,((0.76)
No.20,女子,50m平泳ぎ
日本記録,32.57
《,18~24歳,》
大会記録,34.89
順位,氏名,所属,水路,時間
1,竹山上睦月セ・南青山14/)536.02,((0.61)
2,皆川すみれセ・南青山13/)844.87,((0.83)
3,松本上彩花セ・二俣川11/)449.71,((0.76)
出力日時:10月26日17:51
第77回セ,トラレスポーツマスターズフェスティノレ(長水路)
会場:東京アクアティクスセ,ター(50谷),957/7115
期日:2024年10月26日(土,)
No.21,男子,50m平泳ぎ
世界記録,41.68
日本記録,41.68
《,80~84歳,》
大会記録,49.32
順位,氏名,所属,水路,時間
1,池端上孝一セ・成瀬4/)954.48,((0.89)
2,井口上上穣セ・東戸塚2/)657.18,((0.84)
3,小田上上稔セ・慶應日吉1/)21:08.91,((1.22)
No.21,男子,50m平泳ぎ
世界記録,38.12
日本記録,39.86
《,75~79歳,》
大会記録,42.47
順位,氏名,所属,水路,時間
1,今上上修二セ・越谷4/)850.22,((1.12)
2,山口上上博セ・志木3/)254.70,((1.18)
3,服部上宣孔セ・ときわ台1/)91:06.08,((1.10)
4,手塚上上満セ・おおたか1/)81:06.55,((0.83)
No.21,男子,50m平泳ぎ
世界記録,34.69
日本記録,36.42
《,70~74歳,》
大会記録,40.37
順位,氏名,所属,水路,時間
1,吉村上上進セ・阿佐谷7/)541.99,((0.72)
2,村田幸士郎セ・阿佐谷6/)443.34,((0.92)
3,古川賢一郎ザノス川崎3/)547.29,((1.11)
4,幡場上達明セ・大宮宮原5/)948.10,((0.98)
5,服部上陽一セ・成瀬4/)750.60,((0.94)
6,橋本上上亘セ・おおたか3/)155.91,((0.89)
7,増田上行雄セ・蒲田2/)41:00.09,((1.21)
8,大久保美伸セ・松戸2/)51:00.65,((0.96)
9,髙橋上修一セ・我孫子1/)11:08.38,((1.02)
No.21,男子,50m平泳ぎ
世界記録,33.30
日本記録,33.91
《,65~69歳,》
大会記録,39.36
順位,氏名,所属,水路,時間
1,前川上上正セ・F東戸塚6/)544.03,((0.75)
2,山梨上英克セ・我孫子5/)846.23,((0.77)
3,鈴木上哲治墨田区体育館4/)546.35,((0.92)
4,中井上岳郎セ・成城5/)547.39,((0.79)
5,竹内上上新セ・府中2/)348.48,((0.95)
6,大滝上恭伸セ・市ヶ尾5/)748.55,((1.02)
7,若山上聖亮G-sPA3/)449.55,((0.93)
8,折居上上彰セ・阿佐谷3/)650.61,((1.00)
9,阿部宏之助セ・上池袋4/)251.88,((0.86)
10,内藤上謙一セ・松戸1/)552.70,((1.03)
11,仲二見上実セ・ときわ台3/1054.50,((1.43)
12,赤坂上吉昭セ・葛西5/)355.97,((0.83)
出力日時:10月26日17:51
第77回セ,トラレスポーツマスターズフェスティノレ(長水路)
会場:東京アクアティクスセ,ター(50谷),967/7115
期日:2024年10月26日(土,)
No.21,男子,50m平泳ぎ
世界記録,33.30
日本記録,33.91
《,65~69歳,》
大会記録,39.36
順位,氏名,所属,水路,時間
13,秋山上和弘ザノス鶴見2/)756.24,((0.81)
14,金丸上正弘セ・府中1/)358.64,((0.98)
15,楢橋上上章セ・川越2/)159.49,((1.31)
No.21,男子,50m平泳ぎ
世界記録,30.57
日本記録,33.14
《,60~64歳,》
大会記録,33.14
順位,氏名,所属,水路,時間
1,橋本上秀行セ・千葉みなと12/)934.22,((0.71)
2,池谷上千尋セ・長津田9/)439.93,((0.72)
3,稲毛上上仁セ・松戸9/)739.97,((0.72)
4,中村上幸弘セ・越谷9/1041.33,((0.98)
5,中村上浩司セ・青砥6/)745.78,((0.88)
6,蛯名上昌彦セ・志木6/)146.57,((0.78)
7,黒川上恵一セ・市ヶ尾5/)250.71,((0.79)
8,渡邉上上聖セ・大森4/)351.39,((1.05)
9,中村上上袋セ・市川1/)61:17.25,((1.20)
)山本上上勝セ・慶應日吉3/)7平1,(-----)
No.21,男子,50m平泳ぎ
世界記録,30.02
日本記録,31.39
《,55~59歳,》
大会記録,33.14
順位,氏名,所属,水路,時間
1,小倉上和彦セ・清瀬10/)534.47,((0.74)
2,廣松上伸一セ・市ヶ尾10/1037.74,((0.79)
3,楊上上上華ザノス鶴見9/)539.28,((0.76)
4,宮木上幸彦セ・葛西9/)239.43,((0.77)
5,兼森上伸兒ザノス八景8/)739.50,((0.78)
6,江藤上邦徳セ・流山7/)639.94,((0.65)
7,久保上卓士セ・天王洲8/)941.51,((0.71)
8,兵藤上鋭雄セ・目黒8/)241.86,((0.76)
9,北村上上勇セ・育見台6/)343.06,((0.81)
10,中島上上茂セ・s湘南台6/)643.21,((0.82)
11,伊藤上正二セ・大森7/)143.75,((0.78)
12,佐藤上正章セ・用賀6/)945.70,((0.75)
13,穴田上啓樹セ・慶應日吉6/)846.93,((0.74)
14,高橋上上潤セ・成瀬3/)349.28,((0.87)
15,日暮上正明セ・天王洲5/)152.07,((0.99)
16,福田上義晴セ・市川3/)952.84,((1.03)
17,須川上真彦セ・s湘南台2/)857.53,((0.99)
18,今村上賢治墨田区体育館1/)758.63,((0.98)
出力日時:10月26日17:51
第77回セ,トラレスポーツマスターズフェスティノレ(長水路)
会場:東京アクアティクスセ,ター(50谷),977/7115
期日:2024年10月26日(土,)
No.21,男子,50m平泳ぎ
世界記録,29.70
日本記録,29.70
《,50~54歳,》
大会記録,30.56
順位,氏名,所属,水路,時間
1,小森上康弘セ・葛西13/)132.28,((0.62)
2,祖川上久茂セ・長津田10/)836.47,((0.68)
3,岡村上勝重セ・長津田10/)636.58,((0.64)
4,西村上太郎セ・千葉みなと9/)338.26,((0.63)
5,原田上上真セ・葛西8/)538.85,((0.78)
6,阿部上賢裕セ・育見台8/)840.09,((0.78)
7,北村上洋一セ・大森8/)340.28,((0.57)
8,長崎上上啓セ・二俣川9/)940.59,((0.76)
9,千葉上忠英セ・天王洲7/)842.86,((0.78)
10,古高上正道セ・天王洲7/)243.76,((0.86)
11,久保田裕一セ・慶應日吉4/)444.11,((0.72)
12,向山上高弘セ・ときわ台5/)446.25,((0.93)
13,落合上上理セ・武蔵小杉6/1047.10,((0.81)
14,三﨑上淳二セ・桶川北本4/1050.95,((0.98)
15,鈴木上克彦セ・平塚4/)652.16,((0.89)
16,飯田上勝章セ・志木2/)259.35,((0.98)
)東條上上博セ・阿佐谷4/)1平4,(-----)
No.21,男子,50m平泳ぎ
世界記録,29.22
日本記録,29.22
《,45~49歳,》
大会記録,30.11
順位,氏名,所属,水路,時間
1,今井上裕介セ・南千住10/)736.68,((0.70)
2,原上上正敏セ・桶川北本9/)137.52,((0.62)
3,加地上隆史セ・葛西10/)138.73,((0.74)
4,宮岡上亮介セ・亀有8/)639.12,((0.74)
5,佐々木茂倫セ・流山10/)339.14,((0.68)
6,山岡上裕和セ・ときわ台9/)839.21,((0.91)
7,宮崎健セ・福生8/)439.67,((0.73)
8,大沢上祐輔セ・福生7/)740.73,((0.68)
9,花輪上博之セ・越谷8/)143.02,((0.83)
10,草野上剛史セ・二俣川7/)943.83,((0.75)
11,加藤上大輔セ・横浜7/)445.00,((0.84)
No.21,男子,50m平泳ぎ
世界記録,28.84
日本記録,29.04
《,40~44歳,》
大会記録,29.86
順位,氏名,所属,水路,時間
1,西尾上直人セ・武蔵小杉12/)532.94,((0.73)
2,勝吉上進一セ・慶應日吉12/)733.72,((0.80)
3,吉田上拓磨セ・上池袋11/)734.96,((0.67)
出力日時:10月26日17:51
第77回セ,トラレスポーツマスターズフェスティノレ(長水路)
会場:東京アクアティクスセ,ター(50谷),987/7115
期日:2024年10月26日(土,)
No.21,男子,50m平泳ぎ
世界記録,28.84
日本記録,29.04
《,40~44歳,》
大会記録,29.86
順位,氏名,所属,水路,時間
4,村上上上守セ・成城9/)637.27,((0.77)
5,矢作上上歩セ・長津田10/)438.09,((0.76)
6,宇佐美上学セ・大森6/)242.91,((0.86)
7,山岡上哲也セ・二俣川8/1043.05,((0.91)
No.21,男子,50m平泳ぎ
世界記録,27.83
日本記録,27.83
《,35~39歳,》
大会記録,29.87
順位,氏名,所属,水路,時間
1,立石裕太郎セ・二俣川13/)230.29,((0.65)
2,和田弘太郎セ・阿佐谷13/)730.99,((0.67)
3,宮川上上航セ・南千住13/)331.12,((0.73)
4,入江上上徹ミズノMT13/)832.08,((0.70)
5,増田上上究セ・平塚12/)232.32,((0.66)
6,長田上裕史セ・柏12/)432.93,((0.65)
7,木村上考太セ・市ヶ尾12/1033.55,((0.74)
No.21,男子,50m平泳ぎ
世界記録,27.74
日本記録,27.74
《,30~34歳,》
大会記録,28.35
順位,氏名,所属,水路,時間
1,櫃田上皓大セ・育見台11/)633.66,((0.68)
2,土居上秀雅セ・成瀬12/)134.12,((0.64)
3,梅林上大貴セ・成城11/)135.31,((0.67)
4,大野上淳哉セ・上池袋7/1042.53,((0.81)
No.21,男子,50m平泳ぎ
世界記録,27.21
日本記録,27.58
《,25~29歳,》
大会記録,28.02
順位,氏名,所属,水路,時間
1,石井上建幹セ・大宮宮原13/)529.33,((0.66)
2,石井上上了セ・おおたか13/)630.24,((0.70)
3,今里上昂哉セ・清瀬12/)631.83,((0.71)
4,前島上悠也セ・葛西13/1032.10,((0.65)
5,加間上英貴セ・天王洲13/)933.56,((0.64)
6,川西上智大セ・南千住11/1034.17,((0.78)
7,佐々木天太セ・用賀12/)334.96,((0.78)
8,竹下上上翔セ・長津田10/)938.81,((0.66)
9,岡本上昌也セ・藤沢5/)641.54,((0.77)
No.21,男子,50m平泳ぎ
日本記録,27.94
《,18~24歳,》
大会記録,29.28
順位,氏名,所属,水路,時間
出力日時:10月26日17:51
第77回セ,トラレスポーツマスターズフェスティノレ(長水路)
会場:東京アクアティクスセ,ター(50谷),997/7115
期日:2024年10月26日(土,)
No.21,男子,50m平泳ぎ
日本記録,27.94
《,18~24歳,》
大会記録,29.28
順位,氏名,所属,水路,時間
1,廣谷上幸翼セ・志木13/)430.30,((0.63)
2,田中壮一郎セ・二俣川12/)832.51,((0.76)
3,相原上健吾セ・目黒11/)532.90,((0.70)
4,西沢上上歩セ・清瀬11/)333.80,((0.66)
5,伊藤上水晶セ・松戸11/)834.65,((0.66)
6,佐々木明日真セ・市川11/)236.20,((0.66)
7,勝又上晃希セ・藤沢7/)339.32,((0.62)
8,田村上上翔セ・八王子5/1042.83,((1.03)
出力日時:10月26日17:51
第77回セ,トラレスポーツマスターズフェスティノレ(長水路)
会場:東京アクアティクスセ,ター(50谷),1007/7115
期日:2024年10月26日(土,)
No.22,女子,50mバタフライ
世界記録,42.79
日本記録,49.85
《,80~84歳,》
大会記録,58.81
順位,氏名,所属,水路,時間
1,新井上昭代セ・東十条1/)31:14.51,((1.20)
No.22,女子,50mバタフライ
世界記録,38.93
日本記録,41.54
《,75~79歳,》
大会記録,51.22
順位,氏名,所属,水路,時間
1,大山上恵子セ・葛西4/)244.31・大会新,((0.76)
2,宇田川礼子セ・我孫子1/)21:03.67,((1.06)
3,浅野美恵子セ・蒲田1/)81:05.84,((1.16)
No.22,女子,50mバタフライ
世界記録,34.43
日本記録,37.50
《,70~74歳,》
大会記録,42.13
順位,氏名,所属,水路,時間
1,木村上恵子セ・越谷1/)41:00.61,((0.79)
2,菅上上和江セ・戸塚2/)91:01.05,((0.99)
3,末光とき子墨田区体育館1/)91:08.92,((1.00)
No.22,女子,50mバタフライ
世界記録,32.36
日本記録,35.19
《,65~69歳,》
大会記録,41.95
順位,氏名,所属,水路,時間
1,木村りよう子セ・福生4/)844.73,((0.88)
2,ダ上典子セ・自由が丘4/)345.72,((0.65)
3,立石由美子セ・大森1/)648.03,((0.73)
4,宮上上清子セ・自由が丘5/)149.46,((0.93)
5,井手上敦子セ・慶應日吉4/1050.94,((0.99)
6,東海林慶美セ・蒲田3/1054.09,((0.85)
7,小関上富子セ・新都心1/)555.48,((1.12)
8,廣瀬上伸子セ・成城3/)756.03,((0.96)
9,下川喜美枝セ・南千住2/)556.25,((1.02)
10,譲原上恵子セ・我孫子2/)257.82,((0.91)
)浅野みどりセ・天王洲3/)5出2,(-----)
No.22,女子,50mバタフライ
世界記録,29.90
日本記録,33.44
《,60~64歳,》
大会記録,35.38
順位,氏名,所属,水路,時間
1,武井麻知子セ・二俣川5/)540.38,((0.71)
2,岡田上眞弓セ・清瀬3/)447.07,((0.86)
3,伊藤ゆかりセ・成城4/)547.26,((0.86)
4,座間千鶴子ザノス八景4/)949.14,((0.79)
5,大原上清美セ・阿佐谷3/)950.90,((1.01)
6,松田上聡美セ・成城3/)152.70,((0.90)
出力日時:10月26日17:51
第77回セ,トラレスポーツマスターズフェスティノレ(長水路)
会場:東京アクアティクスセ,ター(50谷),1017/7115
期日:2024年10月26日(土,)
No.22,女子,50mバタフライ
世界記録,29.90
日本記録,33.44
《,60~64歳,》
大会記録,35.38
順位,氏名,所属,水路,時間
7,清水上孝子セ・福生2/)859.18,((0.89)
8,米林上清子セ・越谷2/)31:00.52,((0.79)
No.22,女子,50mバタフライ
世界記録,30.43
日本記録,31.87
《,55~59歳,》
大会記録,33.29
順位,氏名,所属,水路,時間
1,年岡上仁美セ・千葉みなと6/1036.62,((0.82)
2,生田目則子セ・自由が丘5/)841.26,((0.76)
3,松川上律子セ・二俣川4/)147.63,((0.80)
4,小池上淳子セ・長津田3/)649.60,((0.91)
5,古谷加寿子セ・府中3/)351.97,((0.77)
6,山本登美子セ・桶川北本2/)11:00.80,((0.89)
No.22,女子,50mバタフライ
世界記録,29.08
日本記録,30.26
《,50~54歳,》
大会記録,32.44
順位,氏名,所属,水路,時間
1,池田百合子セ・市ヶ尾8/)731.11・大会新,((0.68)
2,広瀬百合香セ・戸塚7/)935.36,((0.74)
3,小泉上未歌セ・宇都宮6/)335.42,((0.70)
4,鎌田上和代セ・千葉みなと6/)136.49,((0.67)
5,小山香津子セ・藤沢2/)750.90,((0.77)
6,大久保彩子セ・阿佐谷1/)11:04.67,((1.20)
No.22,女子,50mバタフライ
世界記録,28.40
日本記録,29.33
《,45~49歳,》
大会記録,32.13
順位,氏名,所属,水路,時間
1,三宅上信花セ・阿佐谷6/)635.09,((0.65)
2,高橋上真美セ・志木4/)640.20,((0.72)
3,髙島上典子セ・大森3/)246.13,((0.70)
4,清水上佳苗曽谷・セ5/1053.96,((0.97)
5,成重上夏紀セ・藤沢2/)655.38,((0.87)
No.22,女子,50mバタフライ
世界記録,28.36
日本記録,28.75
《,40~44歳,》
大会記録,30.58
順位,氏名,所属,水路,時間
1,吉村上華余セ・長津田8/)331.50*特別賞(申)*,((0.68)
2,宮本上八重セ・慶應日吉6/)433.70,((0.68)
3,錦織佳奈子ザノス川崎5/)239.41,((1.00)
4,冨永結衣子セ・大森5/)943.44,((0.80)
5,宮林佑妃セ・長津田4/)444.42,((0.89)
出力日時:10月26日17:51
第77回セ,トラレスポーツマスターズフェスティノレ(長水路)
会場:東京アクアティクスセ,ター(50谷),1027/7115
期日:2024年10月26日(土,)
No.22,女子,50mバタフライ
世界記録,28.36
日本記録,28.75
《,40~44歳,》
大会記録,30.58
順位,氏名,所属,水路,時間
6,加藤上涼子セ・桶川北本2/)448.83,((0.78)
7,久保かおりセ・長津田3/)852.62,((0.93)
No.22,女子,50mバタフライ
世界記録,27.46
日本記録,28.63
《,35~39歳,》
大会記録,30.94
順位,氏名,所属,水路,時間
1,菊地上美春セ・目黒8/)132.02,((0.67)
2,新井上亜衣セ・市川8/)933.36,((0.82)
3,宮下上奏子セ・市ヶ尾5/)734.45,((0.71)
4,新妻上上梓セ・西東京6/)534.86,((0.71)
5,大家上萌実セ・用賀6/)836.66,((0.63)
No.22,女子,50mバタフライ
世界記録,27.48
日本記録,27.74
《,30~34歳,》
大会記録,30.33
順位,氏名,所属,水路,時間
1,早川上上舞セ・蒲田7/)531.33,((0.74)
2,田中上志歩セ・大森7/)232.55,((0.68)
3,吉田のばらセ・南千住6/)234.15,((0.91)
4,井上上上唯セ・慶應日吉4/)739.47,((0.82)
No.22,女子,50mバタフライ
世界記録,26.32
日本記録,26.32
《,25~29歳,》
大会記録,29.89
順位,氏名,所属,水路,時間
1,真如上美優セ・南千住8/)431.43,((0.65)
2,岡澤上志織セ・茂原8/)531.53,((0.73)
3,嶋田菜々子セ・おおたか6/)936.22,((0.66)
4,岡本詩絵理セ・藤沢5/)636.57,((0.78)
No.22,女子,50mバタフライ
日本記録,27.43
《,18~24歳,》
大会記録,29.34
順位,氏名,所属,水路,時間
1,長崎上千怜セ・長津田6/)730.74,((0.67)
2,君島上凜香セ・おおたか7/)631.15,((0.65)
3,島崎帆乃華セ・藤沢7/)431.34,((0.60)
4,栃元上春乃セ・西東京7/)731.61,((0.72)
5,西澤上瑛倫セ・越谷8/)232.08,((0.62)
6,遠藤上優奈セ・新都心7/)832.62,((0.68)
7,高橋上紗良セ・長津田7/)332.92,((0.69)
8,岡田上星理セ・谷津8/1033.02,((0.68)
9,表上上侑寿セ・二俣川8/)833.42,((0.68)
出力日時:10月26日17:51
第77回セ,トラレスポーツマスターズフェスティノレ(長水路)
会場:東京アクアティクスセ,ター(50谷),1037/7115
期日:2024年10月26日(土,)
No.22,女子,50mバタフライ
日本記録,27.43
《,18~24歳,》
大会記録,29.34
順位,氏名,所属,水路,時間
10,竜野上上萌セ・自由が丘7/)133.99,((0.79)
)広瀬上幸音セ・成城7/10バ8,(-----)
出力日時:10月26日17:51
第77回セ,トラレスポーツマスターズフェスティノレ(長水路)
会場:東京アクアティクスセ,ター(50谷),1047/7115
期日:2024年10月26日(土,)
No.23,男子,50mバタフライ
世界記録,34.39
日本記録,34.75
《,80~84歳,》
大会記録,46.24
順位,氏名,所属,水路,時間
1,石川上守也セ・市川1/)449.16,((0.96)
No.23,男子,50mバタフライ
世界記録,31.75
日本記録,32.61
《,75~79歳,》
大会記録,39.00
順位,氏名,所属,水路,時間
1,吉田上上亮セ・成城3/)941.57,((0.88)
2,白井上清嗣セ・大宮宮原1/)647.34,((0.87)
3,内田上幸稔セ・松戸1/)91:03.08,((0.88)
No.23,男子,50mバタフライ
世界記録,29.98
日本記録,31.43
《,70~74歳,》
大会記録,34.95
順位,氏名,所属,水路,時間
1,安藤上次郎セ・館山3/)536.04,((0.84)
2,香川上左近セ・二俣川2/)745.34,((0.93)
No.23,男子,50mバタフライ
世界記録,28.26
日本記録,29.99
《,65~69歳,》
大会記録,32.79
順位,氏名,所属,水路,時間
1,吉原上一彦セ・阿佐谷6/)432.86,((0.70)
2,齋藤上博憲ザノス鶴見1/)541.11,((1.06)
3,大滝上恭伸セ・市ヶ尾3/)241.91,((1.09)
4,飯沼上上明セ・長津田2/)945.84,((0.92)
5,櫛田上伸彦ザノス鶴見1/)257.91,((1.02)
6,仲二見上実セ・ときわ台1/)81:08.76,((1.40)
No.23,男子,50mバタフライ
世界記録,27.57
日本記録,29.18
《,60~64歳,》
大会記録,31.43
順位,氏名,所属,水路,時間
1,今井正太郎セ・前橋7/)430.63・大会新,((0.71)
2,菊池上千二セ・市ヶ尾4/)932.00,((0.83)
3,海辺上信吉セ・おおたか6/1034.37,((0.88)
4,村木上上満セ・トレッサ4/)634.73,((0.71)
5,金子上上勝セ・岩槻5/)935.52,((0.74)
6,廣本上佳也セ・上池袋6/)135.73,((0.90)
7,大塚上上克セ・市川4/)139.07,((0.69)
8,二宮上上博セ・横浜3/)341.99,((0.85)
9,浦田上昌和セ・成城3/)143.96,((0.85)
10,山元上修一セ・葛西1/)349.21,((0.78)
出力日時:10月26日17:51
第77回セ,トラレスポーツマスターズフェスティノレ(長水路)
会場:東京アクアティクスセ,ター(50谷),1057/7115
期日:2024年10月26日(土,)
No.23,男子,50mバタフライ
世界記録,26.56
日本記録,27.02
《,55~59歳,》
大会記録,29.98
順位,氏名,所属,水路,時間
1,荒川上秀明セ・前橋7/)830.70,((0.80)
2,小倉上和彦セ・清瀬5/)631.98,((0.69)
3,矢部上裕之セ・長津田6/)732.25,((0.76)
4,浅田上康朗セ・大森5/)534.25,((0.80)
5,田中上基幹セ・流山3/)436.15,((0.87)
6,温井上芳浩セ・谷津4/)539.10,((0.89)
7,伊藤上正二セ・大森2/)640.25,((0.79)
8,安藤上朋邦セ・南青山3/)843.65,((0.98)
9,大塚上秀幸セ・慶應日吉2/)347.25,((0.93)
10,安部上盛博セ・成城1/)748.83,((0.93)
No.23,男子,50mバタフライ
世界記録,25.69
日本記録,25.79
《,50~54歳,》
大会記録,28.18
順位,氏名,所属,水路,時間
1,池田上正輝セ・市ヶ尾11/)727.00・大会新,((0.74)
2,大村上俊文セ・二俣川7/)328.69,((0.76)
3,小森上康弘セ・葛西9/)330.45,((0.66)
4,石井上上龍セ・成城7/)730.59,((0.76)
5,河野上上悟セ・慶應日吉6/)531.28,((0.73)
6,松崎上敏明セ・慶應日吉4/1032.66,((0.75)
7,門倉上孝行セ・慶應日吉4/)733.33,((0.88)
8,増渕上博之セ・藤沢5/)433.69,((0.69)
9,新井田6司セ・トレッサ5/)734.45,((0.76)
10,藤井上清和セ・武蔵小杉5/)834.68,((0.68)
11,原田上上真セ・葛西5/1037.00,((0.78)
12,古高上正道セ・天王洲2/)539.76,((0.81)
13,金子上謙一セ・長津田3/1040.76,((0.79)
14,宮本上昌雄セ・二俣川2/)840.97,((0.94)
15,庄司上和明セ・松戸2/)443.23,((0.83)
No.23,男子,50mバタフライ
世界記録,24.96
日本記録,25.26
《,45~49歳,》
大会記録,27.49
順位,氏名,所属,水路,時間
1,永瀬上知之セ・二俣川10/1029.96,((0.73)
2,倉持上公一セ・天王洲7/)231.38,((0.74)
3,羽田上浩一セ・成城8/)531.58,((0.69)
4,松平上一真セ・本郷台6/)234.18,((0.87)
5,鈴木上直哉セ・八王子4/)334.56,((0.93)
6,花井上一也セ・長津田6/)934.90,((0.66)
出力日時:10月26日17:51
第77回セ,トラレスポーツマスターズフェスティノレ(長水路)
会場:東京アクアティクスセ,ター(50谷),1067/7115
期日:2024年10月26日(土,)
No.23,男子,50mバタフライ
世界記録,24.96
日本記録,25.26
《,45~49歳,》
大会記録,27.49
順位,氏名,所属,水路,時間
7,草野上剛史セ・二俣川3/)639.40,((0.74)
No.23,男子,50mバタフライ
世界記録,24.11
日本記録,25.06
《,40~44歳,》
大会記録,26.51
順位,氏名,所属,水路,時間
1,鶴谷上上学セ・二俣川11/)326.68,((0.66)
2,寺田上貴洋セ・二俣川8/)628.88,((0.75)
3,図師上拓千セ・市ヶ尾7/)630.01,((0.66)
4,小林上弘典セ・大森7/)930.79,((0.80)
5,阪田上高士セ・茂原7/)530.87,((0.78)
6,勝吉上進一セ・慶應日吉6/)332.55,((0.75)
7,宮崎上隆寛セ・越谷4/)239.01,((0.77)
No.23,男子,50mバタフライ
世界記録,24.03
日本記録,24.98
《,35~39歳,》
大会記録,26.19
順位,氏名,所属,水路,時間
1,立石裕太郎セ・二俣川10/)527.37,((0.66)
2,椎本上恭平セ・阿佐谷8/)429.05,((0.63)
3,吉川上重行セ・桶川北本10/)129.75,((0.64)
4,三浦上厚生セ・武蔵小杉6/)835.33,((0.87)
No.23,男子,50mバタフライ
世界記録,23.16
日本記録,24.16
《,30~34歳,》
大会記録,25.53
順位,氏名,所属,水路,時間
1,内藤上寿輝セ・大森11/)827.34,((0.68)
2,伊藤上孝優セ・八王子10/)327.89,((0.72)
3,土屋上大貴セ・平塚11/)928.04,((0.62)
4,塚本上拓也セ・清瀬8/)828.50,((0.58)
5,櫃田上皓大セ・育見台8/)728.62,((0.65)
6,中西上上剛セ・成城10/)829.00,((0.64)
7,中村上勇介セ・慶應日吉2/)242.59,((1.05)
No.23,男子,50mバタフライ
世界記録,23.71
日本記録,24.01
《,25~29歳,》
大会記録,25.39
順位,氏名,所属,水路,時間
1,石井上上了セ・おおたか11/)526.58,((0.67)
2,松尾上勇太セ・南青山11/)227.60,((0.60)
3,神戸優悠希セ・茂原9/)827.61,((0.71)
4,宮田上遼太セ・成城10/)628.03,((0.72)
5,岡内上昭伍セ・大宮宮原8/)228.19,((0.64)
出力日時:10月26日17:51
第77回セ,トラレスポーツマスターズフェスティノレ(長水路)
会場:東京アクアティクスセ,ター(50谷),1077/7115
期日:2024年10月26日(土,)
No.23,男子,50mバタフライ
世界記録,23.71
日本記録,24.01
《,25~29歳,》
大会記録,25.39
順位,氏名,所属,水路,時間
6,高見沢重倫セ・慶應日吉8/)128.28,((0.61)
7,鈴木上央雅セ・清瀬10/)428.36,((0.71)
8,中原上志門セ・大森10/)928.95,((0.71)
9,室坂上拓真セ・用賀8/1029.16,((0.74)
10,野末上和志セ・志木5/)332.14,((0.72)
No.23,男子,50mバタフライ
日本記録,24.03
《,18~24歳,》
大会記録,24.03
順位,氏名,所属,水路,時間
1,菅原上上啓セ・慶應日吉11/)426.37,((0.70)
2,廣谷上幸翼セ・志木9/)526.91,((0.65)
3,川口上皓生セ・柏11/)627.60,((0.68)
4,廣川上大起セ・柏9/)727.73,((0.65)
5,黒田上大介セ・成城10/)727.86,((0.64)
6,法領田徳丞セ・蒲田11/1027.97,((0.60)
7,青木上海斗セ・用賀9/)628.22,((0.69)
8,三角上一汰セ・新都心9/1028.37,((0.60)
9,山﨑上陸真セ・二俣川9/)228.44,((0.70)
10,山泉上晃也セ・東十条9/)929.68,((0.70)
11,池内上駿文セ・東十条10/)229.79,((0.75)
12,秋澤上裕介セ・二俣川9/)429.92,((0.70)
13,村田上雅治セ・長津田9/)130.37,((0.63)
14,硲上上子龍セ・流山6/)632.04,((0.57)
15,前納上爽太セ・葛西7/1032.64,((0.74)
16,韓上上準燃セ・八王子11/)132.88,((0.63)
17,千原上大樹セ・自由が丘5/)135.12,((0.69)
18,松本上海星セ・清瀬4/)836.54,((0.78)
出力日時:10月26日17:51
第77回セ,トラレスポーツマスターズフェスティノレ(長水路)
会場:東京アクアティクスセ,ター(50谷),1087/7115
期日:2024年10月26日(土,)
No.24,混合,4x50mフリ-リレ-
世界記録,2:01.22
日本記録,2:11.09
《,280~319歳,》
大会記録,2:24.46
順位,チ-ム名,合計年齢,水路,時間
1,セ・成城,280歳,2/)5,2:30.67
41.08,1:20.34,1:55.92
1,田代眞理子,((0.74),41.08)
2,高梨上美樹,(徳0.54),39.26
3,木津上上誠,(徳0.66),35.58
4,若宮上上強,(徳0.58),34.75
2,セ・二俣川,281歳,2/)8,2:32.32
32.33,1:10.50,1:53.64
1,冨松上上実,((0.68),32.33)
2,近藤ひな子,(徳0.52),38.17
3,清水上裕子,(徳0.90),43.14
4,香川上左近,(徳0.45),38.68
3,セ・葛西,281歳,1/)4,2:42.03
38.61,1:22.48,2:06.32
1,山元上修一,((0.80),38.61)
2,大内上上洋,(徳0.34),43.87
3,青砥美智子,(徳0.63),43.84
4,菅野上泰子,(徳0.38),35.71
4,セ・市ヶ尾,285歳,1/)6,2:53.98
44.85,1:37.68,2:24.42
1,井上上隆史,((1.11),44.85)
2,荒深上なみ,(徳0.42),52.83
3,原上上昌代,(徳0.06),46.74
4,菊池上千二,(徳0.44),29.56
5,セ・慶應日吉,282歳,1/)7,2:57.61
50.59,1:29.28,2:17.77
1,戸倉上陽子,((1.01),50.59)
2,森谷登志江,(徳0.43),38.69
3,小田上上稔,(徳0.89),48.49
4,山本上上勝,(徳0.47),39.84
No.24,混合,4x50mフリ-リレ-
世界記録,1:52.45
日本記録,1:56.75
《,240~279歳,》
大会記録,2:01.69
順位,チ-ム名,合計年齢,水路,時間
1,セ・阿佐谷,246歳,4/)1,2:20.69
30.41,1:12.61,1:50.36
1,若杉上佳宏,((0.77),30.41)
2,宮田ひとみ,(徳0.15),42.20
3,野島上正代,(徳0.11),37.75
4,吉原上一彦,(徳0.61),30.33
2,セ・二俣川,247歳,4/10,2:22.30
31.02,1:09.58,1:46.97
1,下家上成人,((0.79),31.02)
2,野島上久枝,(徳0.40),38.56
3,武井麻知子,(徳0.37),37.39
4,若島上健二,(徳0.55),35.33
出力日時:10月26日17:51
第77回セ,トラレスポーツマスターズフェスティノレ(長水路)
会場:東京アクアティクスセ,ター(50谷),1097/7115
期日:2024年10月26日(土,)
No.24,混合,4x50mフリ-リレ-
世界記録,1:52.45
日本記録,1:56.75
《,240~279歳,》
大会記録,2:01.69
順位,チ-ム名,合計年齢,水路,時間
3,セ・我孫子,247歳,1/)5,2:29.78
36.65,1:11.43,1:55.10
1,山梨上英克,((0.74),36.65)
2,飯澤上美香,(徳0.57),34.78
3,山梨上静枝,(徳0.39),43.67
4,鈴木上幹男,(徳0.40),34.68
4,セ・長津田,246歳,2/)6,2:33.95
32.38,1:13.83,1:57.14
1,池谷上千尋,((0.73),32.38)
2,小池上淳子,(徳0.48),41.45
3,三沢上弘美,(徳0.23),43.31
4,飯沼上上明,(徳0.38),36.81
5,セ・成城,243歳,2/)3,2:36.23
36.94,1:13.08,1:56.49
1,佐藤上洋子,((0.71),36.94)
2,中井上岳郎,(徳0.50),36.14
3,松田上聡美,(徳0.63),43.41
4,浦田上昌和,(徳0.53),39.74
6,セ・大宮宮原,260歳,1/)3,2:40.80
42.12,1:20.35,1:58.45
1,白井上清嗣,((0.99),42.12)
2,幡場上達明,(徳0.64),38.23
3,西田三佐子,(徳0.52),38.10
4,坂井上慶子,(徳0.48),42.35
7,セ・成城,246歳,2/)2,2:48.67
40.13,1:25.33,2:06.65
1,後藤上上潤,((0.88),40.13)
2,廣瀬上伸子,(徳0.60),45.20
3,草森上理子,(徳0.47),41.32
4,安部上盛博,(徳0.89),42.02
8,セ・阿佐谷,269歳,1/)8,2:53.35
37.94,1:20.66,2:12.48
1,吉村上上進,((0.83),37.94)
2,大原上清美,(徳0.75),42.72
3,近藤みゆき,(徳0.60),51.82
4,折居上上彰,(徳0.63),40.87
9,セ・川越,240歳,1/)2,3:03.74
53.52,1:38.47,2:24.10
1,楢橋上上章,((1.30),53.52)
2,杉山上規子,(徳0.31),44.95
3,岩上上朋実,(徳0.67),45.63
4,今井上英大,(徳0.84),39.64
No.24,混合,4x50mフリ-リレ-
世界記録,1:44.96
日本記録,1:49.36
《,200~239歳,》
大会記録,1:56.75
順位,チ-ム名,合計年齢,水路,時間
出力日時:10月26日17:51
第77回セ,トラレスポーツマスターズフェスティノレ(長水路)
会場:東京アクアティクスセ,ター(50谷),1107/7115
期日:2024年10月26日(土,)
No.24,混合,4x50mフリ-リレ-
世界記録,1:44.96
日本記録,1:49.36
《,200~239歳,》
大会記録,1:56.75
順位,チ-ム名,合計年齢,水路,時間
1,セ・二俣川,213歳,4/)5,2:02.87
28.76,1:03.78,1:36.07
1,堀川上広祐,((0.67),28.76)
2,松川上律子,(徳0.40),35.02
3,永瀬上秀子,(徳0.25),32.29
4,永瀬上知之,(徳0.26),26.80
2,セ・阿佐谷,200歳,4/)7,2:07.05
28.08,1:03.08,1:39.12
1,北川上貴義,((0.72),28.08)
2,棚網上恵理,(徳0.37),35.00
3,石原なおみ,(徳0.59),36.04
4,棚網上宏之,(徳0.45),27.93
3,セ・成城,209歳,4/)8,2:08.79
31.05,1:06.85,1:40.93
1,羽田上浩一,((0.72),31.05)
2,高柳上祐子,(徳0.42),35.80
3,仲田久美子,(徳0.58),34.08
4,村上上上守,(徳0.23),27.86
4,セ・市ヶ尾,213歳,3/)6,2:13.73
30.93,1:07.11,1:41.39
1,廣松上伸一,((0.73),30.93)
2,白須上靖子,(徳0.34),36.18
3,高橋上麻子,(徳0.43),34.28
4,塚越上有宏,(徳0.47),32.34
5,セ・桶川北本,227歳,3/)8,2:16.19
32.23,1:06.80,1:47.20
1,梅澤上亮子,((0.70),32.23)
2,佐藤上信弘,(徳0.42),34.57
3,山中上恵子,(徳0.61),40.40
4,原上上正敏,(徳0.38),28.99
6,セ・大森,207歳,3/)7,2:20.47
27.53,1:06.41,1:50.08
1,中原上志門,((0.68),27.53)
2,立石由美子,(徳0.33),38.88
3,小林名緒子,(徳0.64),43.67
4,浅田上康朗,(徳0.19),30.39
7,セ・横浜,232歳,3/)2,2:25.08
32.81,1:10.90,1:48.62
1,加藤上大輔,((0.85),32.81)
2,山﨑上京子,(徳0.51),38.09
3,大野上結実,(徳0.43),37.72
4,二宮上上博,(徳0.25),36.46
8,セ・長津田,210歳,3/)4,2:26.61
29.73,1:10.14,1:56.30
1,矢部上裕之,((0.76),29.73)
2,久保美由紀,(徳0.39),40.41
3,久保とし子,(徳0.47),46.16
4,西野宮冬木,(徳0.02),30.31
出力日時:10月26日17:51
第77回セ,トラレスポーツマスターズフェスティノレ(長水路)
会場:東京アクアティクスセ,ター(50谷),1117/7115
期日:2024年10月26日(土,)
No.24,混合,4x50mフリ-リレ-
世界記録,1:44.96
日本記録,1:49.36
《,200~239歳,》
大会記録,1:56.75
順位,チ-ム名,合計年齢,水路,時間
9,セ・府中,230歳,2/)9,2:40.97
42.94,1:24.22,2:03.57
1,谷上美希子,((0.80),42.94)
2,古谷加寿子,(徳0.50),41.28
3,金丸上正弘,(徳0.41),39.35
4,竹内上上新,(徳0.58),37.40
),セ・大森,225歳,2/)4,競12
38.00,1:25.29,2:01.41
1,森上上信子,((0.63),38.00)
2,藤井上一恵,(徳0.51),47.29
3,宇佐美上学,(徳0.56),36.12
4,北村上洋一
No.24,混合,4x50mフリ-リレ-
世界記録,1:42.27
日本記録,1:44.31
《,160~199歳,》
大会記録,1:54.40
順位,チ-ム名,合計年齢,水路,時間
1,セ・長津田,164歳,6/)7,1:56.64
29.33,58.53,1:28.46
1,藤本上豊和,((0.71),29.33)
2,吉村上華余,(徳0.28),29.20
3,長崎上千怜,(徳0.41),29.93
4,花井上一也,(徳0.25),28.18
2,セ・成城,166歳,6/10,1:58.28
27.29,54.44,1:25.50
1,石井上上龍,((0.73),27.29)
2,黒田上大介,(徳0.23),27.15
3,佐々木上彩,(徳0.28),31.06
4,羽田上上文,(徳0.39),32.78
3,セ・武蔵小杉,172歳,6/)8,1:59.02
27.06,58.86,1:30.37
1,高津上周平,((0.67),27.06)
2,栗山上貴子,(徳0.37),31.80
3,田中上美鈴,(徳0.35),31.51
4,中村上良樹,(徳0.16),28.65
4,セ・南青山,160歳,3/)5,2:00.88
35.05,1:00.92,1:30.53
1,友田上智哲,((0.83),35.05)
2,松尾上勇太,(徳0.43),25.87
3,竹山上睦月,(徳0.31),29.61
4,山賀上勝之,(徳0.44),30.35
5,セ・二俣川,174歳,5/)6,2:02.29
26.44,1:00.85,1:37.16
1,前田上崇行,((0.69),26.44)
2,草野上上茜,(徳0.27),34.41
3,前田由希映,(徳0.53),36.31
4,鶴谷上上学,(徳0.34),25.13
出力日時:10月26日17:51
第77回セ,トラレスポーツマスターズフェスティノレ(長水路)
会場:東京アクアティクスセ,ター(50谷),1127/7115
期日:2024年10月26日(土,)
No.24,混合,4x50mフリ-リレ-
世界記録,1:42.27
日本記録,1:44.31
《,160~199歳,》
大会記録,1:54.40
順位,チ-ム名,合計年齢,水路,時間
6,セ・市ヶ尾,169歳,4/)6,2:03.49
32.01,1:04.16,1:36.62
1,宮下上奏子,((0.67),32.01)
2,中嶋上智史,(徳0.59),32.15
3,小山上知子,(徳0.21),32.46
4,木村上考太,(徳0.35),26.87
7,セ・目黒,168歳,5/)7,2:04.77
29.36,1:06.49,1:37.62
1,舘野上美香,((0.73),29.36)
2,李上上鎬善,(徳0.07),37.13
3,兵藤上鋭雄,(徳0.64),31.13
4,相原上健吾,(徳0.26),27.15
8,セ・松戸,169歳,4/)2,2:10.36
26.89,59.65,1:33.60
1,伊藤上水晶,((0.66),26.89)
2,ノーズ智絵,(徳0.00),32.76
3,高橋上上圭,(徳0.35),33.95
4,ノーズノーマウィ,(徳0.38),36.76
9,セ・用賀,183歳,3/)9,2:23.53
31.93,1:11.50,1:55.89
1,亀井上智貴,((0.75),31.93)
2,糸川永利子,(徳0.38),39.57
3,冨樫真樹子,(徳0.28),44.39
4,神部上孝高,(徳0.05),27.64
10,セ・上池袋,193歳,3/10,2:23.70
31.80,1:11.99,1:52.77
1,廣本上佳也,((0.89),31.80)
2,磯村麻衣子,(徳0.27),40.19
3,加藤上美保,(徳0.48),40.78
4,大野上淳哉,(徳0.37),30.93
11,セ・青砥,182歳,2/)7,2:29.57
37.15,1:17.15,2:00.94
1,中村上浩司,((0.87),37.15)
2,角田優佳里,(徳0.47),40.00
3,田中上香苗,(徳0.48),43.79
4,武本上侑己,(徳0.41),28.63
),セ・天王洲,160歳,4/)3,競12
29.35
1,寺田上遼太,((0.82),29.35)
2,四井上美穂
3,萩原ゆりか
4,倉持上公一
No.24,混合,4x50mフリ-リレ-
世界記録,1:40.14
日本記録,1:42.93
《,120~159歳,》
大会記録,1:49.82
順位,チ-ム名,合計年齢,水路,時間
出力日時:10月26日17:51
第77回セ,トラレスポーツマスターズフェスティノレ(長水路)
会場:東京アクアティクスセ,ター(50谷),1137/7115
期日:2024年10月26日(土,)
No.24,混合,4x50mフリ-リレ-
世界記録,1:40.14
日本記録,1:42.93
《,120~159歳,》
大会記録,1:49.82
順位,チ-ム名,合計年齢,水路,時間
1,セ・慶應日吉,147歳,6/)2,1:56.06
30.97,1:05.01,1:29.56
1,宮本上八重,((0.72),30.97)
2,前畑上章子,(徳0.27),34.04
3,菅原上上啓,(徳0.30),24.55
4,高見沢重倫,(徳0.19),26.50
2,セ・阿佐谷,144歳,6/)3,1:57.97
25.74,58.52,1:31.47
1,和田弘太郎,((0.68),25.74)
2,三宅上信花,(徳0.24),32.78
3,今井上恵子,(徳0.57),32.95
4,椎本上恭平,(徳0.21),26.50
3,セ・大森,148歳,5/10,1:58.37
30.63,1:07.24,1:33.07
1,田中上志歩,((0.67),30.63)
2,大竹上昌子,(徳0.51),36.61
3,島脇上晃也,(徳0.35),25.83
4,内藤上寿輝,(徳0.34),25.30
4,セ・長津田,123歳,6/)4,1:58.80
29.50,59.18,1:29.16
1,矢作上上歩,((0.90),29.50)
2,竹下上上翔,(徳0.41),29.68
3,川北上上恵,(徳0.36),29.98
4,高橋上紗良,(徳0.31),29.64
5,セ・葛西,139歳,5/)1,1:59.29
27.31,53.91,1:28.33
1,石井上上孟,((0.66),27.31)
2,前島上悠也,(徳0.40),26.60
3,溝井花代子,(徳0.03),34.42
4,大椛上詩織,(徳0.42),30.96
6,セ・茂原,129歳,4/)9,2:00.77
29.24,1:05.49,1:35.38
1,阪田上高士,((0.78),29.24)
2,岡澤上美咲,(徳0.37),36.25
3,岡澤上志織,(徳0.49),29.89
4,神戸優悠希,(徳0.16),25.39
7,セ・清瀬,138歳,6/)9,2:01.08
26.86,57.11,1:34.41
1,今里上昂哉,((0.70),26.86)
2,髙﨑上優奈,(徳0.49),30.25
3,大槻真由美,(徳0.60),37.30
4,塚本上拓也,(徳0.54),26.67
8,セ・成城,137歳,5/)4,2:01.53
27.39,55.68,1:30.17
1,中西上上剛,((0.64),27.39)
2,梅林上大貴,(徳0.36),28.29
3,岩田上愛恵,(徳0.50),34.49
4,中畑上上眸,(徳0.56),31.36
出力日時:10月26日17:51
第77回セ,トラレスポーツマスターズフェスティノレ(長水路)
会場:東京アクアティクスセ,ター(50谷),1147/7115
期日:2024年10月26日(土,)
No.24,混合,4x50mフリ-リレ-
世界記録,1:40.14
日本記録,1:42.93
《,120~159歳,》
大会記録,1:49.82
順位,チ-ム名,合計年齢,水路,時間
9,セ・二俣川,137歳,5/)3,2:02.60
25.94,58.87,1:35.73
1,立石裕太郎,((0.73),25.94)
2,深堀上陽子,(徳0.51),32.93
3,吉池上奈々,(徳0.61),36.86
4,山﨑上陸真,(徳0.36),26.87
10,セ・市川,126歳,4/)4,2:06.52
27.74,56.67,1:29.62
1,佐々木明日真,((0.64),27.74)
2,浅生上上真,(徳0.31),28.93
3,石井理桜子,(徳0.52),32.95
4,小高麻衣子,(徳0.69),36.90
11,ザノス川崎,131歳,3/)1,2:13.79
34.86,1:07.98,1:45.20
1,錦織佳奈子,((0.84),34.86)
2,加藤上慎梧,(徳0.62),33.12
3,中山上上翠,(徳0.51),37.22
4,河野上大和,(徳0.40),28.59
12,セ・慶應日吉,143歳,3/)3,2:20.88
34.18,1:13.71,1:49.89
1,田中上遼太,((0.72),34.18)
2,RacaruGabriela,(徳0.89),39.53
3,井上上上唯,(徳0.57),36.18
4,中村上勇介,(徳0.66),30.99
),セ・用賀,143歳,6/)1,競12
26.48,58.84,1:33.02
1,青木上海斗,((0.70),26.48)
2,大家上萌実,(徳0.27),32.36
3,横尾しずか,(徳0.25),34.18
4,室坂上拓真
No.24,混合,4x50mフリ-リレ-
世界記録,1:38.55
日本記録,1:41.21
《,72~119歳,》
大会記録,1:45.10
順位,チ-ム名,合計年齢,水路,時間
1,セ・二俣川,)88歳,6/)5,1:52.82
26.76,56.53,1:25.75
1,田中啓二朗,((0.64),26.76)
2,表上上侑寿,(徳0.28),29.77
3,竹下菜々美,(徳0.22),29.22
4,秋澤上裕介,(徳0.33),27.07
2,セ・成城,100歳,6/)6,1:54.29
27.00,53.11,1:23.41
1,柿沼上龍史,((0.61),27.00)
2,小林上和矢,(徳0.36),26.11
3,仲田上笑美,(徳0.56),30.30
4,広瀬上幸音,(徳0.29),30.88
出力日時:10月26日17:51
第77回セ,トラレスポーツマスターズフェスティノレ(長水路)
会場:東京アクアティクスセ,ター(50谷),1157/7115
期日:2024年10月26日(土,)
No.24,混合,4x50mフリ-リレ-
世界記録,1:38.55
日本記録,1:41.21
《,72~119歳,》
大会記録,1:45.10
順位,チ-ム名,合計年齢,水路,時間
3,セ・八王子,)85歳,5/)5,1:55.12
25.13,58.14,1:30.85
1,木村上隼人,((0.61),25.13)
2,寺本上茉冬,(徳0.38),33.01
3,伊藤上愛羅,(徳0.12),32.71
4,韓上上準燃,(徳0.33),24.27
4,セ・南千住,105歳,5/)9,1:56.95
27.65,55.69,1:26.12
1,川西上智大,((0.71),27.65)
2,我妻上雄大,(徳0.02),28.04
3,吉田のばら,(徳0.24),30.43
4,真如上美優,(徳0.39),30.83
5,セ・大宮宮原,105歳,5/)2,1:58.94
31.32,1:01.84,1:32.41
1,櫻井上春佳,((0.67),31.32)
2,手塚上一智,(徳0.20),30.52
3,松澤上春菜,(徳0.49),30.57
4,日吉上将輝,(徳0.07),26.53
6,セ・新都心,108歳,5/)8,2:03.29
26.70,59.79,1:33.07
1,三角上一汰,((0.61),26.70)
2,森山上稜子,(徳0.02),33.09
3,浅野上亮介,(徳0.55),33.28
4,遠藤上優奈,(徳0.37),30.22
出力日時:10月26日17:51
