レース番号,競技性別,競技名,世界記録,日本記録,年齢区分,大会記録,順位,チーム名,合計年齢,水路,時間,大会新,LAPタイム,選手名,飛込タイム,タイム
No.3,女子,4x50mフリ-リレ-,2:52.72,2:52.72,320~359歳,3:16.24,1,セ・松戸,324歳,1/3,3:16.57,,"44.2,1:30.15,2:21.31",八田清子,0.91,44.20
No.3,女子,4x50mフリ-リレ-,2:52.72,2:52.72,320~359歳,3:16.24,1,セ・松戸,324歳,1/3,3:16.57,,"44.2,1:30.15,2:21.31",川口栄子,0.25,45.95
No.3,女子,4x50mフリ-リレ-,2:52.72,2:52.72,320~359歳,3:16.24,1,セ・松戸,324歳,1/3,3:16.57,,"44.2,1:30.15,2:21.31",須山順子,,51.16
No.3,女子,4x50mフリ-リレ-,2:52.72,2:52.72,320~359歳,3:16.24,1,セ・松戸,324歳,1/3,3:16.57,,"44.2,1:30.15,2:21.31",後藤節子,0.86,55.26
No.3,女子,4x50mフリ-リレ-,2:52.72,2:52.72,320~359歳,3:16.24,2,セ・天王洲,324歳,1/1,3:57.61,,"1:06.76,2:05.85,3:02.35",新堀友子,1.54,1:06.76
No.3,女子,4x50mフリ-リレ-,2:52.72,2:52.72,320~359歳,3:16.24,2,セ・天王洲,324歳,1/1,3:57.61,,"1:06.76,2:05.85,3:02.35",平田美佐子,0.41,59.09
No.3,女子,4x50mフリ-リレ-,2:52.72,2:52.72,320~359歳,3:16.24,2,セ・天王洲,324歳,1/1,3:57.61,,"1:06.76,2:05.85,3:02.35",川端淑子,0.33,56.5
No.3,女子,4x50mフリ-リレ-,2:52.72,2:52.72,320~359歳,3:16.24,2,セ・天王洲,324歳,1/1,3:57.61,,"1:06.76,2:05.85,3:02.35",柴田千代子,,55.26
No.3,女子,4x50mフリ-リレ-,2:14.99,2:31.16,280~319歳,2:45.72,1,セ・天王洲,283歳,1/6,2:53.58,,"43.95,1:31.72,2:12.41",梅田栄己子,43.95,
No.3,女子,4x50mフリ-リレ-,2:14.99,2:31.16,280~319歳,2:45.72,1,セ・天王洲,283歳,1/6,2:53.58,,"43.95,1:31.72,2:12.41",鬼束洋子,0.72,47.77
No.3,女子,4x50mフリ-リレ-,2:14.99,2:31.16,280~319歳,2:45.72,1,セ・天王洲,283歳,1/6,2:53.58,,"43.95,1:31.72,2:12.41",後藤明美,0.84,40.69
No.3,女子,4x50mフリ-リレ-,2:14.99,2:31.16,280~319歳,2:45.72,1,セ・天王洲,283歳,1/6,2:53.58,,"43.95,1:31.72,2:12.41",浅野みどり,0.39,41.17
No.3,女子,4x50mフリ-リレ-,2:14.99,2:31.16,280~319歳,2:45.72,2,セ・大森,286歳,2/8,3:03.59,,"53.01,1:36.82,2:22.65",富樫博子,1.20,53.01
No.3,女子,4x50mフリ-リレ-,2:14.99,2:31.16,280~319歳,2:45.72,2,セ・大森,286歳,2/8,3:03.59,,"53.01,1:36.82,2:22.65",市野克子,0.92,43.81
No.3,女子,4x50mフリ-リレ-,2:14.99,2:31.16,280~319歳,2:45.72,2,セ・大森,286歳,2/8,3:03.59,,"53.01,1:36.82,2:22.65",藤井一恵,0.71,45.83
No.3,女子,4x50mフリ-リレ-,2:14.99,2:31.16,280~319歳,2:45.72,2,セ・大森,286歳,2/8,3:03.59,,"53.01,1:36.82,2:22.65",井上美佐子,0.45,40.94
No.3,女子,4x50mフリ-リレ-,2:14.99,2:31.16,280~319歳,2:45.72,3,セ・用賀,288歳,1/7,3:10.56,,"46.03,1:41.27,2:29.32",佐藤由利子,0.89,46.03
No.3,女子,4x50mフリ-リレ-,2:14.99,2:31.16,280~319歳,2:45.72,3,セ・用賀,288歳,1/7,3:10.56,,"46.03,1:41.27,2:29.32",舘野圭子,0.69,55.24
No.3,女子,4x50mフリ-リレ-,2:14.99,2:31.16,280~319歳,2:45.72,3,セ・用賀,288歳,1/7,3:10.56,,"46.03,1:41.27,2:29.32",崎山治子,,48.05
No.3,女子,4x50mフリ-リレ-,2:14.99,2:31.16,280~319歳,2:45.72,3,セ・用賀,288歳,1/7,3:10.56,,"46.03,1:41.27,2:29.32",捶井泰子,,41.24
No.3,女子,4x50mフリ-リレ-,2:14.99,2:31.16,280~319歳,2:45.72,4,セ・おおたか,306歳,1/2,3:22.20,,"46.13,1:36.20,2:33.57",大久保祐美子,0.98,46.13
No.3,女子,4x50mフリ-リレ-,2:14.99,2:31.16,280~319歳,2:45.72,4,セ・おおたか,306歳,1/2,3:22.20,,"46.13,1:36.20,2:33.57",田中もみぢ,0.74,50.07
No.3,女子,4x50mフリ-リレ-,2:14.99,2:31.16,280~319歳,2:45.72,4,セ・おおたか,306歳,1/2,3:22.20,,"46.13,1:36.20,2:33.57",橋本順子,,57.37
No.3,女子,4x50mフリ-リレ-,2:14.99,2:31.16,280~319歳,2:45.72,4,セ・おおたか,306歳,1/2,3:22.20,,"46.13,1:36.20,2:33.57",松永タズヨ,48.63,
No.3,女子,4x50mフリ-リレ-,2:14.99,2:31.16,280~319歳,2:45.72,5,セ・天王洲,286歳,1/8,3:24.98,,"53.05,1:43.91,2:42.97",長谷川節子,0.91,53.05
No.3,女子,4x50mフリ-リレ-,2:14.99,2:31.16,280~319歳,2:45.72,5,セ・天王洲,286歳,1/8,3:24.98,,"53.05,1:43.91,2:42.97",川島かよ子,,50.86
No.3,女子,4x50mフリ-リレ-,2:14.99,2:31.16,280~319歳,2:45.72,5,セ・天王洲,286歳,1/8,3:24.98,,"53.05,1:43.91,2:42.97",寺西寿賀子,0.43,59.06
No.3,女子,4x50mフリ-リレ-,2:14.99,2:31.16,280~319歳,2:45.72,5,セ・天王洲,286歳,1/8,3:24.98,,"53.05,1:43.91,2:42.97",櫻田琴,0.44,42.01
No.3,女子,4x50mフリ-リレ-,2:00.75,2:07.60,240~279歳,2:18.66,1,セ・二俣川,247歳,3/2,2:24.01,,"37.22,1:15.02,1:52.19",上野真弓,0.90,37.22
No.3,女子,4x50mフリ-リレ-,2:00.75,2:07.60,240~279歳,2:18.66,1,セ・二俣川,247歳,3/2,2:24.01,,"37.22,1:15.02,1:52.19",野島久枝,0.44,37.8
No.3,女子,4x50mフリ-リレ-,2:00.75,2:07.60,240~279歳,2:18.66,1,セ・二俣川,247歳,3/2,2:24.01,,"37.22,1:15.02,1:52.19",武井麻知子,0.41,37.17
No.3,女子,4x50mフリ-リレ-,2:00.75,2:07.60,240~279歳,2:18.66,1,セ・二俣川,247歳,3/2,2:24.01,,"37.22,1:15.02,1:52.19",永瀬秀子,0.32,31.82
No.3,女子,4x50mフリ-リレ-,2:00.75,2:07.60,240~279歳,2:18.66,2,セ・慶應日吉,244歳,2/4,2:38.42,,"40.77,1:24.46,2:04.39",田村明美,0.83,40.77
No.3,女子,4x50mフリ-リレ-,2:00.75,2:07.60,240~279歳,2:18.66,2,セ・慶應日吉,244歳,2/4,2:38.42,,"40.77,1:24.46,2:04.39",中野朗子,0.69,43.69
No.3,女子,4x50mフリ-リレ-,2:00.75,2:07.60,240~279歳,2:18.66,2,セ・慶應日吉,244歳,2/4,2:38.42,,"40.77,1:24.46,2:04.39",井手敦子,0.78,39.93
No.3,女子,4x50mフリ-リレ-,2:00.75,2:07.60,240~279歳,2:18.66,2,セ・慶應日吉,244歳,2/4,2:38.42,,"40.77,1:24.46,2:04.39",前畑章子,0.45,34.03
No.3,女子,4x50mフリ-リレ-,2:00.75,2:07.60,240~279歳,2:18.66,3,セ・おおたか,251歳,2/2,2:41.45,,"37.19,1:20.76,2:02.85",五十嵐知佐,0.82,37.19
No.3,女子,4x50mフリ-リレ-,2:00.75,2:07.60,240~279歳,2:18.66,3,セ・おおたか,251歳,2/2,2:41.45,,"37.19,1:20.76,2:02.85",育村博子,0.56,43.57
No.3,女子,4x50mフリ-リレ-,2:00.75,2:07.60,240~279歳,2:18.66,3,セ・おおたか,251歳,2/2,2:41.45,,"37.19,1:20.76,2:02.85",岡村悦子,0.78,42.09
No.3,女子,4x50mフリ-リレ-,2:00.75,2:07.60,240~279歳,2:18.66,3,セ・おおたか,251歳,2/2,2:41.45,,"37.19,1:20.76,2:02.85",野崎由美子,0.65,38.6
No.3,女子,4x50mフリ-リレ-,2:00.75,2:07.60,240~279歳,2:18.66,4,セ・成城,255歳,2/5,2:46.90,,"40.79,1:21.37,2:06.78",茂櫛典子,0.73,40.79
No.3,女子,4x50mフリ-リレ-,2:00.75,2:07.60,240~279歳,2:18.66,4,セ・成城,255歳,2/5,2:46.90,,"40.79,1:21.37,2:06.78",草森理子,0.42,40.58
No.3,女子,4x50mフリ-リレ-,2:00.75,2:07.60,240~279歳,2:18.66,4,セ・成城,255歳,2/5,2:46.90,,"40.79,1:21.37,2:06.78",柳沢智子,0.46,45.41
No.3,女子,4x50mフリ-リレ-,2:00.75,2:07.60,240~279歳,2:18.66,4,セ・成城,255歳,2/5,2:46.90,,"40.79,1:21.37,2:06.78",田代眞理子,0.36,40.12
No.3,女子,4x50mフリ-リレ-,2:00.75,2:07.60,240~279歳,2:18.66,5,セ・大宮宮原,249歳,2/9,2:48.66,,"38.22,1:21.34,2:07.45",西田三佐子,0.80,38.22
No.3,女子,4x50mフリ-リレ-,2:00.75,2:07.60,240~279歳,2:18.66,5,セ・大宮宮原,249歳,2/9,2:48.66,,"38.22,1:21.34,2:07.45",臼井希代子,0.54,43.12
No.3,女子,4x50mフリ-リレ-,2:00.75,2:07.60,240~279歳,2:18.66,5,セ・大宮宮原,249歳,2/9,2:48.66,,"38.22,1:21.34,2:07.45",関矢秀子,0.48,46.11
No.3,女子,4x50mフリ-リレ-,2:00.75,2:07.60,240~279歳,2:18.66,5,セ・大宮宮原,249歳,2/9,2:48.66,,"38.22,1:21.34,2:07.45",坂井慶子,0.41,41.21
No.3,女子,4x50mフリ-リレ-,2:00.75,2:07.60,240~279歳,2:18.66,6,セ・慶應日吉,252歳,1/4,2:55.69,,"41.88,1:31.56,2:17.73",山田智子,0.88,41.88
No.3,女子,4x50mフリ-リレ-,2:00.75,2:07.60,240~279歳,2:18.66,6,セ・慶應日吉,252歳,1/4,2:55.69,,"41.88,1:31.56,2:17.73",榮真須美,0.95,49.68
No.3,女子,4x50mフリ-リレ-,2:00.75,2:07.60,240~279歳,2:18.66,6,セ・慶應日吉,252歳,1/4,2:55.69,,"41.88,1:31.56,2:17.73",原田由美子,0.94,46.17
No.3,女子,4x50mフリ-リレ-,2:00.75,2:07.60,240~279歳,2:18.66,6,セ・慶應日吉,252歳,1/4,2:55.69,,"41.88,1:31.56,2:17.73",森谷登志江,0.4,37.96
No.3,女子,4x50mフリ-リレ-,2:00.75,2:07.60,240~279歳,2:18.66,7,セ・上池袋,267歳,1/5,3:04.13,,"48.94,1:35.27,2:23.19",黒川慶子,0.90,48.94
No.3,女子,4x50mフリ-リレ-,2:00.75,2:07.60,240~279歳,2:18.66,7,セ・上池袋,267歳,1/5,3:04.13,,"48.94,1:35.27,2:23.19",古旗美鈴,0.69,46.33
No.3,女子,4x50mフリ-リレ-,2:00.75,2:07.60,240~279歳,2:18.66,7,セ・上池袋,267歳,1/5,3:04.13,,"48.94,1:35.27,2:23.19",上松弘子,0.27,47.92
No.3,女子,4x50mフリ-リレ-,2:00.75,2:07.60,240~279歳,2:18.66,7,セ・上池袋,267歳,1/5,3:04.13,,"48.94,1:35.27,2:23.19",窪田久恵,,40.94
No.3,女子,4x50mフリ-リレ-,2:00.75,2:07.60,240~279歳,2:18.66,8,セ・大森,248歳,2/1,3:13.00,,"39.28,1:32.06,2:23.35",酒井貴代,0.78,39.28
No.3,女子,4x50mフリ-リレ-,2:00.75,2:07.60,240~279歳,2:18.66,8,セ・大森,248歳,2/1,3:13.00,,"39.28,1:32.06,2:23.35",池田真理子,,52.78
No.3,女子,4x50mフリ-リレ-,2:00.75,2:07.60,240~279歳,2:18.66,8,セ・大森,248歳,2/1,3:13.00,,"39.28,1:32.06,2:23.35",中島初美,0.71,51.29
No.3,女子,4x50mフリ-リレ-,2:00.75,2:07.60,240~279歳,2:18.66,8,セ・大森,248歳,2/1,3:13.00,,"39.28,1:32.06,2:23.35",佐々木政子,0.48,49.65
No.3,女子,4x50mフリ-リレ-,2:00.75,2:07.60,240~279歳,2:18.66,9,セ・南千住,267歳,1/9,3:23.24,,"54.5,1:48.96,2:45.14",于亜芝,1.15,54.50
No.3,女子,4x50mフリ-リレ-,2:00.75,2:07.60,240~279歳,2:18.66,9,セ・南千住,267歳,1/9,3:23.24,,"54.5,1:48.96,2:45.14",大手佳江,0.63,54.46
No.3,女子,4x50mフリ-リレ-,2:00.75,2:07.60,240~279歳,2:18.66,9,セ・南千住,267歳,1/9,3:23.24,,"54.5,1:48.96,2:45.14",原田早苗,,56.18
No.3,女子,4x50mフリ-リレ-,2:00.75,2:07.60,240~279歳,2:18.66,9,セ・南千住,267歳,1/9,3:23.24,,"54.5,1:48.96,2:45.14",町田麻里,,38.1
No.3,女子,4x50mフリ-リレ-,1:54.10,1:58.55,200~239歳,2:09.81,1,セ・市ヶ尾,200歳,3/4,2:14.79,,"33.08,1:07.59,1:44.81",小山知子,0.91,33.08
No.3,女子,4x50mフリ-リレ-,1:54.10,1:58.55,200~239歳,2:09.81,1,セ・市ヶ尾,200歳,3/4,2:14.79,,"33.08,1:07.59,1:44.81",高橋麻子,0.41,34.51
No.3,女子,4x50mフリ-リレ-,1:54.10,1:58.55,200~239歳,2:09.81,1,セ・市ヶ尾,200歳,3/4,2:14.79,,"33.08,1:07.59,1:44.81",白須靖子,0.46,37.22
No.3,女子,4x50mフリ-リレ-,1:54.10,1:58.55,200~239歳,2:09.81,1,セ・市ヶ尾,200歳,3/4,2:14.79,,"33.08,1:07.59,1:44.81",池田百合子,0.37,29.98
No.3,女子,4x50mフリ-リレ-,1:54.10,1:58.55,200~239歳,2:09.81,2,セ・阿佐谷,221歳,3/9,2:24.59,,"35.77,1:11.06,1:49.38",石原なおみ,0.82,35.77
No.3,女子,4x50mフリ-リレ-,1:54.10,1:58.55,200~239歳,2:09.81,2,セ・阿佐谷,221歳,3/9,2:24.59,,"35.77,1:11.06,1:49.38",棚網恵理,0.33,35.29
No.3,女子,4x50mフリ-リレ-,1:54.10,1:58.55,200~239歳,2:09.81,2,セ・阿佐谷,221歳,3/9,2:24.59,,"35.77,1:11.06,1:49.38",野島正代,0.08,38.32
No.3,女子,4x50mフリ-リレ-,1:54.10,1:58.55,200~239歳,2:09.81,2,セ・阿佐谷,221歳,3/9,2:24.59,,"35.77,1:11.06,1:49.38",小野真佐子,0.02,35.21
No.3,女子,4x50mフリ-リレ-,1:54.10,1:58.55,200~239歳,2:09.81,3,セ・慶應日吉,202歳,2/3,2:37.21,,"38.88,1:18.90,2:01.71",RacaruGabriela,0.94,38.88
No.3,女子,4x50mフリ-リレ-,1:54.10,1:58.55,200~239歳,2:09.81,3,セ・慶應日吉,202歳,2/3,2:37.21,,"38.88,1:18.90,2:01.71",高見沢ゆみ子,0.31,40.02
No.3,女子,4x50mフリ-リレ-,1:54.10,1:58.55,200~239歳,2:09.81,3,セ・慶應日吉,202歳,2/3,2:37.21,,"38.88,1:18.90,2:01.71",鈴木夏実,0.93,42.81
No.3,女子,4x50mフリ-リレ-,1:54.10,1:58.55,200~239歳,2:09.81,3,セ・慶應日吉,202歳,2/3,2:37.21,,"38.88,1:18.90,2:01.71",福本麻美,0.53,35.5
No.3,女子,4x50mフリ-リレ-,1:54.10,1:58.55,200~239歳,2:09.81,4,ザノス川崎,236歳,2/10,2:47.41,,"39.05,1:24.11,2:07.89",中山翠,0.84,39.05
No.3,女子,4x50mフリ-リレ-,1:54.10,1:58.55,200~239歳,2:09.81,4,ザノス川崎,236歳,2/10,2:47.41,,"39.05,1:24.11,2:07.89",伊藤春美,0.29,45.06
No.3,女子,4x50mフリ-リレ-,1:54.10,1:58.55,200~239歳,2:09.81,4,ザノス川崎,236歳,2/10,2:47.41,,"39.05,1:24.11,2:07.89",齊藤たか子,0.55,43.78
No.3,女子,4x50mフリ-リレ-,1:54.10,1:58.55,200~239歳,2:09.81,4,ザノス川崎,236歳,2/10,2:47.41,,"39.05,1:24.11,2:07.89",川久保ちづる,0.47,39.52
No.3,女子,4x50mフリ-リレ-,1:48.44,1:54.99,160~199歳,2:05.08,1,セ・成城,199歳,3/7,2:15.14,,"33.43,1:08.34,1:44.60",羽田文,0.72,33.43
No.3,女子,4x50mフリ-リレ-,1:48.44,1:54.99,160~199歳,2:05.08,1,セ・成城,199歳,3/7,2:15.14,,"33.43,1:08.34,1:44.60",森直子,0.37,34.91
No.3,女子,4x50mフリ-リレ-,1:48.44,1:54.99,160~199歳,2:05.08,1,セ・成城,199歳,3/7,2:15.14,,"33.43,1:08.34,1:44.60",佐藤洋子,0.42,36.26
No.3,女子,4x50mフリ-リレ-,1:48.44,1:54.99,160~199歳,2:05.08,1,セ・成城,199歳,3/7,2:15.14,,"33.43,1:08.34,1:44.60",佐々木彩,0.18,30.54
No.3,女子,4x50mフリ-リレ-,1:48.44,1:54.99,160~199歳,2:05.08,2,セ・二俣川,192歳,3/8,2:22.32,,"36.52,1:12.00,1:47.97",前田由希映,0.93,36.52
No.3,女子,4x50mフリ-リレ-,1:48.44,1:54.99,160~199歳,2:05.08,2,セ・二俣川,192歳,3/8,2:22.32,,"36.52,1:12.00,1:47.97",松川律子,0.6,35.48
No.3,女子,4x50mフリ-リレ-,1:48.44,1:54.99,160~199歳,2:05.08,2,セ・二俣川,192歳,3/8,2:22.32,,"36.52,1:12.00,1:47.97",吉池奈々,0.48,35.97
No.3,女子,4x50mフリ-リレ-,1:48.44,1:54.99,160~199歳,2:05.08,2,セ・二俣川,192歳,3/8,2:22.32,,"36.52,1:12.00,1:47.97",草野茜,0.31,34.35
No.3,女子,4x50mフリ-リレ-,1:48.44,1:54.99,160~199歳,2:05.08,3,セ・天王洲,179歳,2/7,2:29.78,,"36.27,1:17.80,1:56.69",萩原ゆりか,0.89,36.27
No.3,女子,4x50mフリ-リレ-,1:48.44,1:54.99,160~199歳,2:05.08,3,セ・天王洲,179歳,2/7,2:29.78,,"36.27,1:17.80,1:56.69",森内裕子,0.72,41.53
No.3,女子,4x50mフリ-リレ-,1:48.44,1:54.99,160~199歳,2:05.08,3,セ・天王洲,179歳,2/7,2:29.78,,"36.27,1:17.80,1:56.69",中辷澄美,0.8,38.89
No.3,女子,4x50mフリ-リレ-,1:48.44,1:54.99,160~199歳,2:05.08,3,セ・天王洲,179歳,2/7,2:29.78,,"36.27,1:17.80,1:56.69",四井美穂,0,33.09
No.3,女子,4x50mフリ-リレ-,1:48.44,1:54.99,160~199歳,2:05.08,4,セ・南青山,165歳,3/10,2:38.82,,"42.48,1:30.76,2:05.02",福田ュリャ,0.76,42.48
No.3,女子,4x50mフリ-リレ-,1:48.44,1:54.99,160~199歳,2:05.08,4,セ・南青山,165歳,3/10,2:38.82,,"42.48,1:30.76,2:05.02",山崎美南子,0.46,48.28
No.3,女子,4x50mフリ-リレ-,1:48.44,1:54.99,160~199歳,2:05.08,4,セ・南青山,165歳,3/10,2:38.82,,"42.48,1:30.76,2:05.02",皆川すみれ,0.68,34.26
No.3,女子,4x50mフリ-リレ-,1:48.44,1:54.99,160~199歳,2:05.08,4,セ・南青山,165歳,3/10,2:38.82,,"42.48,1:30.76,2:05.02",二宮若葉,0.49,33.8
No.3,女子,4x50mフリ-リレ-,1:48.44,1:54.99,160~199歳,2:05.08,5,セ・茂原,176歳,2/6,2:43.32,,"30.72,1:16.10,2:07.69",岡澤志織,0.83,30.72
No.3,女子,4x50mフリ-リレ-,1:48.44,1:54.99,160~199歳,2:05.08,5,セ・茂原,176歳,2/6,2:43.32,,"30.72,1:16.10,2:07.69",宮川ひとみ,,45.38
No.3,女子,4x50mフリ-リレ-,1:48.44,1:54.99,160~199歳,2:05.08,5,セ・茂原,176歳,2/6,2:43.32,,"30.72,1:16.10,2:07.69",齋藤準子,0.64,51.59
No.3,女子,4x50mフリ-リレ-,1:48.44,1:54.99,160~199歳,2:05.08,5,セ・茂原,176歳,2/6,2:43.32,,"30.72,1:16.10,2:07.69",岡澤美咲,0.64,35.63
No.3,女子,4x50mフリ-リレ-,1:49.03,1:50.35,120~159歳,2:00.42,1,セ・おおたか,152歳,3/3,2:17.20,,"34.01,1:11.46,1:45.56",中村可奈子,0.76,34.01
No.3,女子,4x50mフリ-リレ-,1:49.03,1:50.35,120~159歳,2:00.42,1,セ・おおたか,152歳,3/3,2:17.20,,"34.01,1:11.46,1:45.56",髙橋未沙,0.92,37.45
No.3,女子,4x50mフリ-リレ-,1:49.03,1:50.35,120~159歳,2:00.42,1,セ・おおたか,152歳,3/3,2:17.20,,"34.01,1:11.46,1:45.56",柳有美子,0.44,34.1
No.3,女子,4x50mフリ-リレ-,1:49.03,1:50.35,120~159歳,2:00.42,1,セ・おおたか,152歳,3/3,2:17.20,,"34.01,1:11.46,1:45.56",嶋田菜々子,0.34,31.64
No.3,女子,4x50mフリ-リレ-,1:49.03,1:50.35,120~159歳,2:00.42,2,セ・平塚,155歳,3/1,2:19.94,,"36.15,1:14.59,1:45.79",藤本淑恵,0.93,36.15
No.3,女子,4x50mフリ-リレ-,1:49.03,1:50.35,120~159歳,2:00.42,2,セ・平塚,155歳,3/1,2:19.94,,"36.15,1:14.59,1:45.79",西田真樹,0.52,38.44
No.3,女子,4x50mフリ-リレ-,1:49.03,1:50.35,120~159歳,2:00.42,2,セ・平塚,155歳,3/1,2:19.94,,"36.15,1:14.59,1:45.79",木田景子,0.15,31.2
No.3,女子,4x50mフリ-リレ-,1:49.03,1:50.35,120~159歳,2:00.42,2,セ・平塚,155歳,3/1,2:19.94,,"36.15,1:14.59,1:45.79",足立知実,0.69,34.15
No.3,女子,4x50mフリ-リレ-,1:50.28,1:49.78,72~119歳,1:57.97,1,セ・成城,111歳,3/6,2:04.63,,"31.55,1:03.10,1:33.13",広瀬幸音,0.77,31.55
No.3,女子,4x50mフリ-リレ-,1:50.28,1:49.78,72~119歳,1:57.97,1,セ・成城,111歳,3/6,2:04.63,,"31.55,1:03.10,1:33.13",宮田さくら,0.18,31.55
No.3,女子,4x50mフリ-リレ-,1:50.28,1:49.78,72~119歳,1:57.97,1,セ・成城,111歳,3/6,2:04.63,,"31.55,1:03.10,1:33.13",仲田笑美,0.39,30.03
No.3,女子,4x50mフリ-リレ-,1:50.28,1:49.78,72~119歳,1:57.97,1,セ・成城,111歳,3/6,2:04.63,,"31.55,1:03.10,1:33.13",中畑眸,0.44,31.5
No.3,女子,4x50mフリ-リレ-,1:50.28,1:49.78,72~119歳,1:57.97,2,セ・二俣川,100歳,3/5,2:06.77,,"30.54,1:04.51,1:37.05",表侑寿,0.67,30.54
No.3,女子,4x50mフリ-リレ-,1:50.28,1:49.78,72~119歳,1:57.97,2,セ・二俣川,100歳,3/5,2:06.77,,"30.54,1:04.51,1:37.05",松本彩花,0.49,33.97
No.3,女子,4x50mフリ-リレ-,1:50.28,1:49.78,72~119歳,1:57.97,2,セ・二俣川,100歳,3/5,2:06.77,,"30.54,1:04.51,1:37.05",深堀陽子,0.55,32.54
No.3,女子,4x50mフリ-リレ-,1:50.28,1:49.78,72~119歳,1:57.97,2,セ・二俣川,100歳,3/5,2:06.77,,"30.54,1:04.51,1:37.05",竹下菜々美,0.43,29.72
No.4,男子,4x50mフリ-リレ-,1:53.43,2:02.59,280~319歳,2:18.54,1,セ・成城,296歳,1/7,2:28.92,,"35.22,1:10.05,1:47.34",若宮強,0.73,35.22
No.4,男子,4x50mフリ-リレ-,1:53.43,2:02.59,280~319歳,2:18.54,1,セ・成城,296歳,1/7,2:28.92,,"35.22,1:10.05,1:47.34",木津誠,0.54,34.83
No.4,男子,4x50mフリ-リレ-,1:53.43,2:02.59,280~319歳,2:18.54,1,セ・成城,296歳,1/7,2:28.92,,"35.22,1:10.05,1:47.34",吉田亮,0.75,37.29
No.4,男子,4x50mフリ-リレ-,1:53.43,2:02.59,280~319歳,2:18.54,1,セ・成城,296歳,1/7,2:28.92,,"35.22,1:10.05,1:47.34",松下達一,0.91,41.58
No.4,男子,4x50mフリ-リレ-,1:42.40,1:52.37,240~279歳,1:53.59,1,セ・前橋,241歳,3/5,1:53.10,,"28.77,56.4,1:26.45",平田貴幸,0.72,28.77
No.4,男子,4x50mフリ-リレ-,1:42.40,1:52.37,240~279歳,1:53.59,1,セ・前橋,241歳,3/5,1:53.10,,"28.77,56.4,1:26.45",荒川秀明,0.31,27.63
No.4,男子,4x50mフリ-リレ-,1:42.40,1:52.37,240~279歳,1:53.59,1,セ・前橋,241歳,3/5,1:53.10,,"28.77,56.4,1:26.45",滋野文夫,0.51,30.05
No.4,男子,4x50mフリ-リレ-,1:42.40,1:52.37,240~279歳,1:53.59,1,セ・前橋,241歳,3/5,1:53.10,,"28.77,56.4,1:26.45",金子惠一,0.31,26.65
No.4,男子,4x50mフリ-リレ-,1:42.40,1:52.37,240~279歳,1:53.59,2,セ・二俣川,240歳,2/6,2:08.11,,"32.18,1:10.35,1:38.66",冨松実,0.71,32.18
No.4,男子,4x50mフリ-リレ-,1:42.40,1:52.37,240~279歳,1:53.59,2,セ・二俣川,240歳,2/6,2:08.11,,"32.18,1:10.35,1:38.66",香川左近,0.78,38.17
No.4,男子,4x50mフリ-リレ-,1:42.40,1:52.37,240~279歳,1:53.59,2,セ・二俣川,240歳,2/6,2:08.11,,"32.18,1:10.35,1:38.66",長崎啓,0.45,28.31
No.4,男子,4x50mフリ-リレ-,1:42.40,1:52.37,240~279歳,1:53.59,2,セ・二俣川,240歳,2/6,2:08.11,,"32.18,1:10.35,1:38.66",石上智啓,0.38,29.45
No.4,男子,4x50mフリ-リレ-,1:42.40,1:52.37,240~279歳,1:53.59,3,セ・市ヶ尾,250歳,2/7,2:15.47,,"32.84,1:06.67,1:42.60",神尾尚人,0.69,32.84
No.4,男子,4x50mフリ-リレ-,1:42.40,1:52.37,240~279歳,1:53.59,3,セ・市ヶ尾,250歳,2/7,2:15.47,,"32.84,1:06.67,1:42.60",大滝恭伸,0.16,33.83
No.4,男子,4x50mフリ-リレ-,1:42.40,1:52.37,240~279歳,1:53.59,3,セ・市ヶ尾,250歳,2/7,2:15.47,,"32.84,1:06.67,1:42.60",茂木和哉,0.17,35.93
No.4,男子,4x50mフリ-リレ-,1:42.40,1:52.37,240~279歳,1:53.59,3,セ・市ヶ尾,250歳,2/7,2:15.47,,"32.84,1:06.67,1:42.60",塚越有宏,0.36,32.87
No.4,男子,4x50mフリ-リレ-,1:42.40,1:52.37,240~279歳,1:53.59,4,セ・長津田,244歳,1/5,2:19.45,,"33.08,1:10.40,1:49.61",金子謙一,0.78,33.08
No.4,男子,4x50mフリ-リレ-,1:42.40,1:52.37,240~279歳,1:53.59,4,セ・長津田,244歳,1/5,2:19.45,,"33.08,1:10.40,1:49.61",西森文史郎,0.47,37.32
No.4,男子,4x50mフリ-リレ-,1:42.40,1:52.37,240~279歳,1:53.59,4,セ・長津田,244歳,1/5,2:19.45,,"33.08,1:10.40,1:49.61",飯沼明,0.6,39.21
No.4,男子,4x50mフリ-リレ-,1:42.40,1:52.37,240~279歳,1:53.59,4,セ・長津田,244歳,1/5,2:19.45,,"33.08,1:10.40,1:49.61",西野宮冬木,0.33,29.84
No.4,男子,4x50mフリ-リレ-,1:42.40,1:52.37,240~279歳,1:53.59,5,セ・おおたか,255歳,1/2,2:49.40,,"39.59,1:26.80,2:02.84",橋本亘,0.96,39.59
No.4,男子,4x50mフリ-リレ-,1:42.40,1:52.37,240~279歳,1:53.59,5,セ・おおたか,255歳,1/2,2:49.40,,"39.59,1:26.80,2:02.84",松永勝,0.61,47.21
No.4,男子,4x50mフリ-リレ-,1:42.40,1:52.37,240~279歳,1:53.59,5,セ・おおたか,255歳,1/2,2:49.40,,"39.59,1:26.80,2:02.84",山田上義明,0.5,36.04
No.4,男子,4x50mフリ-リレ-,1:42.40,1:52.37,240~279歳,1:53.59,5,セ・おおたか,255歳,1/2,2:49.40,,"39.59,1:26.80,2:02.84",手塚満,0.56,46.56
No.4,男子,4x50mフリ-リレ-,1:38.24,1:43.25,200~239歳,1:46.48,1,セ・市ヶ尾,208歳,3/3,1:52.73,,"25.91,54.86,1:25.47",池田正輝,0.77,25.91
No.4,男子,4x50mフリ-リレ-,1:38.24,1:43.25,200~239歳,1:46.48,1,セ・市ヶ尾,208歳,3/3,1:52.73,,"25.91,54.86,1:25.47",菊池千二,0.37,28.95
No.4,男子,4x50mフリ-リレ-,1:38.24,1:43.25,200~239歳,1:46.48,1,セ・市ヶ尾,208歳,3/3,1:52.73,,"25.91,54.86,1:25.47",新井良育,0.48,30.61
No.4,男子,4x50mフリ-リレ-,1:38.24,1:43.25,200~239歳,1:46.48,1,セ・市ヶ尾,208歳,3/3,1:52.73,,"25.91,54.86,1:25.47",図師拓千,0.39,27.26
No.4,男子,4x50mフリ-リレ-,1:38.24,1:43.25,200~239歳,1:46.48,2,セ・長津田,208歳,3/8,1:54.60,,"29.09,58.25,1:27.05",藤本豊和,0.68,29.09
No.4,男子,4x50mフリ-リレ-,1:38.24,1:43.25,200~239歳,1:46.48,2,セ・長津田,208歳,3/8,1:54.60,,"29.09,58.25,1:27.05",矢部裕之,0.41,29.16
No.4,男子,4x50mフリ-リレ-,1:38.24,1:43.25,200~239歳,1:46.48,2,セ・長津田,208歳,3/8,1:54.60,,"29.09,58.25,1:27.05",岡村勝重,0.39,28.8
No.4,男子,4x50mフリ-リレ-,1:38.24,1:43.25,200~239歳,1:46.48,2,セ・長津田,208歳,3/8,1:54.60,,"29.09,58.25,1:27.05",花井一也,0.04,27.55
No.4,男子,4x50mフリ-リレ-,1:38.24,1:43.25,200~239歳,1:46.48,3,セ・葛西,221歳,2/5,2:01.59,,"31.73,1:01.03,1:30.69",原田真,0.82,31.73
No.4,男子,4x50mフリ-リレ-,1:38.24,1:43.25,200~239歳,1:46.48,3,セ・葛西,221歳,2/5,2:01.59,,"31.73,1:01.03,1:30.69",小林健,0.12,29.3
No.4,男子,4x50mフリ-リレ-,1:38.24,1:43.25,200~239歳,1:46.48,3,セ・葛西,221歳,2/5,2:01.59,,"31.73,1:01.03,1:30.69",弭間政隆,0.44,29.66
No.4,男子,4x50mフリ-リレ-,1:38.24,1:43.25,200~239歳,1:46.48,3,セ・葛西,221歳,2/5,2:01.59,,"31.73,1:01.03,1:30.69",宮木幸彦,0.23,30.9
No.4,男子,4x50mフリ-リレ-,1:38.24,1:43.25,200~239歳,1:46.48,4,セ・二俣川,202歳,3/9,2:02.52,,"30.81,1:01.54,1:34.78",堀川広祐,0.63,30.81
No.4,男子,4x50mフリ-リレ-,1:38.24,1:43.25,200~239歳,1:46.48,4,セ・二俣川,202歳,3/9,2:02.52,,"30.81,1:01.54,1:34.78",下家成人,0.24,30.73
No.4,男子,4x50mフリ-リレ-,1:38.24,1:43.25,200~239歳,1:46.48,4,セ・二俣川,202歳,3/9,2:02.52,,"30.81,1:01.54,1:34.78",草野剛史,0.58,33.24
No.4,男子,4x50mフリ-リレ-,1:38.24,1:43.25,200~239歳,1:46.48,4,セ・二俣川,202歳,3/9,2:02.52,,"30.81,1:01.54,1:34.78",永瀬知之,0.37,27.74
No.4,男子,4x50mフリ-リレ-,1:38.24,1:43.25,200~239歳,1:46.48,5,セ・南青山,213歳,2/2,2:02.76,,"31.44,1:02.99,1:36.94",山賀勝之,0.73,31.44
No.4,男子,4x50mフリ-リレ-,1:38.24,1:43.25,200~239歳,1:46.48,5,セ・南青山,213歳,2/2,2:02.76,,"31.44,1:02.99,1:36.94",沼田真清,0.43,31.55
No.4,男子,4x50mフリ-リレ-,1:38.24,1:43.25,200~239歳,1:46.48,5,セ・南青山,213歳,2/2,2:02.76,,"31.44,1:02.99,1:36.94",横浜健,0.2,33.95
No.4,男子,4x50mフリ-リレ-,1:38.24,1:43.25,200~239歳,1:46.48,5,セ・南青山,213歳,2/2,2:02.76,,"31.44,1:02.99,1:36.94",松尾勇太,0.39,25.82
No.4,男子,4x50mフリ-リレ-,1:38.24,1:43.25,200~239歳,1:46.48,6,セ・慶應日吉,218歳,3/10,2:07.17,,"29.38,1:02.20,1:38.25",松崎敏明,0.70,29.38
No.4,男子,4x50mフリ-リレ-,1:38.24,1:43.25,200~239歳,1:46.48,6,セ・慶應日吉,218歳,3/10,2:07.17,,"29.38,1:02.20,1:38.25",森明法,0.58,32.82
No.4,男子,4x50mフリ-リレ-,1:38.24,1:43.25,200~239歳,1:46.48,6,セ・慶應日吉,218歳,3/10,2:07.17,,"29.38,1:02.20,1:38.25",久保田裕一,0.35,36.05
No.4,男子,4x50mフリ-リレ-,1:38.24,1:43.25,200~239歳,1:46.48,6,セ・慶應日吉,218歳,3/10,2:07.17,,"29.38,1:02.20,1:38.25",河野悟,0.59,28.92
No.4,男子,4x50mフリ-リレ-,1:38.24,1:43.25,200~239歳,1:46.48,7,セ・阿佐谷,215歳,2/8,2:11.77,,"28.03,1:07.58,1:42.42",北川貴義,0.70,28.03
No.4,男子,4x50mフリ-リレ-,1:38.24,1:43.25,200~239歳,1:46.48,7,セ・阿佐谷,215歳,2/8,2:11.77,,"28.03,1:07.58,1:42.42",折居彰,0.78,39.55
No.4,男子,4x50mフリ-リレ-,1:38.24,1:43.25,200~239歳,1:46.48,7,セ・阿佐谷,215歳,2/8,2:11.77,,"28.03,1:07.58,1:42.42",大川明徳,0.6,34.84
No.4,男子,4x50mフリ-リレ-,1:38.24,1:43.25,200~239歳,1:46.48,7,セ・阿佐谷,215歳,2/8,2:11.77,,"28.03,1:07.58,1:42.42",若杉佳宏,0.22,29.35
No.4,男子,4x50mフリ-リレ-,1:38.24,1:43.25,200~239歳,1:46.48,8,セ・天王洲,210歳,1/6,2:14.61,,"32.73,1:03.25,1:44.51",千葉忠英,0.71,32.73
No.4,男子,4x50mフリ-リレ-,1:38.24,1:43.25,200~239歳,1:46.48,8,セ・天王洲,210歳,1/6,2:14.61,,"32.73,1:03.25,1:44.51",宅間健介,0.64,30.52
No.4,男子,4x50mフリ-リレ-,1:38.24,1:43.25,200~239歳,1:46.48,8,セ・天王洲,210歳,1/6,2:14.61,,"32.73,1:03.25,1:44.51",佐藤流生,0.95,41.26
No.4,男子,4x50mフリ-リレ-,1:38.24,1:43.25,200~239歳,1:46.48,8,セ・天王洲,210歳,1/6,2:14.61,,"32.73,1:03.25,1:44.51",久保卓士,0.46,30.1
No.4,男子,4x50mフリ-リレ-,1:38.24,1:43.25,200~239歳,1:46.48,9,セ・慶應日吉,207歳,2/9,2:15.54,,"32.99,1:06.87,1:37.50",穴田啓樹,0.72,32.99
No.4,男子,4x50mフリ-リレ-,1:38.24,1:43.25,200~239歳,1:46.48,9,セ・慶應日吉,207歳,2/9,2:15.54,,"32.99,1:06.87,1:37.50",田中遼太,0.48,33.88
No.4,男子,4x50mフリ-リレ-,1:38.24,1:43.25,200~239歳,1:46.48,9,セ・慶應日吉,207歳,2/9,2:15.54,,"32.99,1:06.87,1:37.50",門倉孝行,0.68,30.63
No.4,男子,4x50mフリ-リレ-,1:38.24,1:43.25,200~239歳,1:46.48,9,セ・慶應日吉,207歳,2/9,2:15.54,,"32.99,1:06.87,1:37.50",大塚秀幸,0.54,38.04
No.4,男子,4x50mフリ-リレ-,1:38.24,1:43.25,200~239歳,1:46.48,10,セ・武蔵小杉,230歳,3/2,2:21.33,,"33.58,1:08.28,1:43.72",田辺直行,0.75,33.58
No.4,男子,4x50mフリ-リレ-,1:38.24,1:43.25,200~239歳,1:46.48,10,セ・武蔵小杉,230歳,3/2,2:21.33,,"33.58,1:08.28,1:43.72",近江信之,0.65,34.7
No.4,男子,4x50mフリ-リレ-,1:38.24,1:43.25,200~239歳,1:46.48,10,セ・武蔵小杉,230歳,3/2,2:21.33,,"33.58,1:08.28,1:43.72",小池輝明,0.54,35.44
No.4,男子,4x50mフリ-リレ-,1:38.24,1:43.25,200~239歳,1:46.48,10,セ・武蔵小杉,230歳,3/2,2:21.33,,"33.58,1:08.28,1:43.72",佐野裕之,0.41,37.61
No.4,男子,4x50mフリ-リレ-,1:38.24,1:43.25,200~239歳,1:46.48,11,セ・上池袋,218歳,1/4,2:22.08,,"33.81,1:13.80,1:51.95",近藤正之,0.97,33.81
No.4,男子,4x50mフリ-リレ-,1:38.24,1:43.25,200~239歳,1:46.48,11,セ・上池袋,218歳,1/4,2:22.08,,"33.81,1:13.80,1:51.95",岡部浩次,0.19,39.99
No.4,男子,4x50mフリ-リレ-,1:38.24,1:43.25,200~239歳,1:46.48,11,セ・上池袋,218歳,1/4,2:22.08,,"33.81,1:13.80,1:51.95",阿部宏之助,0.48,38.15
No.4,男子,4x50mフリ-リレ-,1:38.24,1:43.25,200~239歳,1:46.48,11,セ・上池袋,218歳,1/4,2:22.08,,"33.81,1:13.80,1:51.95",大野淳哉,0.24,30.13
No.4,男子,4x50mフリ-リレ-,1:38.24,1:43.25,200~239歳,1:46.48,12,セ・大森,239歳,1/3,2:51.69,,"32.56,1:18.83,1:59.53",松井哲郎,0.70,32.56
No.4,男子,4x50mフリ-リレ-,1:38.24,1:43.25,200~239歳,1:46.48,12,セ・大森,239歳,1/3,2:51.69,,"32.56,1:18.83,1:59.53",御手洗康美,0.66,46.27
No.4,男子,4x50mフリ-リレ-,1:38.24,1:43.25,200~239歳,1:46.48,12,セ・大森,239歳,1/3,2:51.69,,"32.56,1:18.83,1:59.53",渡邉聖,0.73,40.7
No.4,男子,4x50mフリ-リレ-,1:38.24,1:43.25,200~239歳,1:46.48,12,セ・大森,239歳,1/3,2:51.69,,"32.56,1:18.83,1:59.53",具島春彦,0.59,52.16
No.4,男子,4x50mフリ-リレ-,1:34.92,1:36.77,160~199歳,1:41.69,1,セ・二俣川,163歳,4/7,1:49.44,,"28.52,54.58,1:22.72",前田崇行,0.74,28.52
No.4,男子,4x50mフリ-リレ-,1:34.92,1:36.77,160~199歳,1:41.69,1,セ・二俣川,163歳,4/7,1:49.44,,"28.52,54.58,1:22.72",鶴谷学,0.32,26.06
No.4,男子,4x50mフリ-リレ-,1:34.92,1:36.77,160~199歳,1:41.69,1,セ・二俣川,163歳,4/7,1:49.44,,"28.52,54.58,1:22.72",木村知行,0.41,28.14
No.4,男子,4x50mフリ-リレ-,1:34.92,1:36.77,160~199歳,1:41.69,1,セ・二俣川,163歳,4/7,1:49.44,,"28.52,54.58,1:22.72",立石裕太郎,0.46,26.72
No.4,男子,4x50mフリ-リレ-,1:34.92,1:36.77,160~199歳,1:41.69,2,セ・用賀,182歳,3/4,1:57.10,,"28.69,58.54,1:30.91",神部孝高,0.78,28.69
No.4,男子,4x50mフリ-リレ-,1:34.92,1:36.77,160~199歳,1:41.69,2,セ・用賀,182歳,3/4,1:57.10,,"28.69,58.54,1:30.91",柄澤英也,0.3,29.85
No.4,男子,4x50mフリ-リレ-,1:34.92,1:36.77,160~199歳,1:41.69,2,セ・用賀,182歳,3/4,1:57.10,,"28.69,58.54,1:30.91",飯田正敏,0.52,32.37
No.4,男子,4x50mフリ-リレ-,1:34.92,1:36.77,160~199歳,1:41.69,2,セ・用賀,182歳,3/4,1:57.10,,"28.69,58.54,1:30.91",室坂拓真,0.13,26.19
No.4,男子,4x50mフリ-リレ-,1:34.92,1:36.77,160~199歳,1:41.69,3,セ・長津田,162歳,3/1,2:01.42,,"27.04,56.27,1:28.51",村田雅治,0.64,27.04
No.4,男子,4x50mフリ-リレ-,1:34.92,1:36.77,160~199歳,1:41.69,3,セ・長津田,162歳,3/1,2:01.42,,"27.04,56.27,1:28.51",竹下翔,0.02,29.23
No.4,男子,4x50mフリ-リレ-,1:34.92,1:36.77,160~199歳,1:41.69,3,セ・長津田,162歳,3/1,2:01.42,,"27.04,56.27,1:28.51",池谷千尋,0.18,32.24
No.4,男子,4x50mフリ-リレ-,1:34.92,1:36.77,160~199歳,1:41.69,3,セ・長津田,162歳,3/1,2:01.42,,"27.04,56.27,1:28.51",祖川久茂,0.35,32.91
No.4,男子,4x50mフリ-リレ-,1:34.92,1:36.77,160~199歳,1:41.69,4,セ・武蔵小杉,190歳,4/5,2:04.71,,"32.41,1:02.70,1:33.55",三浦厚生,0.92,32.41
No.4,男子,4x50mフリ-リレ-,1:34.92,1:36.77,160~199歳,1:41.69,4,セ・武蔵小杉,190歳,4/5,2:04.71,,"32.41,1:02.70,1:33.55",山田大介,0.14,30.29
No.4,男子,4x50mフリ-リレ-,1:34.92,1:36.77,160~199歳,1:41.69,4,セ・武蔵小杉,190歳,4/5,2:04.71,,"32.41,1:02.70,1:33.55",藤井清和,0.58,30.85
No.4,男子,4x50mフリ-リレ-,1:34.92,1:36.77,160~199歳,1:41.69,4,セ・武蔵小杉,190歳,4/5,2:04.71,,"32.41,1:02.70,1:33.55",村上政行,0.47,31.16
No.4,男子,4x50mフリ-リレ-,1:34.92,1:36.77,160~199歳,1:41.69,5,セ・清瀬,182歳,2/4,2:06.65,,"25.22,58.6,1:35.22",萩原裕大,0.62,25.22
No.4,男子,4x50mフリ-リレ-,1:34.92,1:36.77,160~199歳,1:41.69,5,セ・清瀬,182歳,2/4,2:06.65,,"25.22,58.6,1:35.22",松本考弘,0.4,33.38
No.4,男子,4x50mフリ-リレ-,1:34.92,1:36.77,160~199歳,1:41.69,5,セ・清瀬,182歳,2/4,2:06.65,,"25.22,58.6,1:35.22",大木義之,0.58,36.62
No.4,男子,4x50mフリ-リレ-,1:34.92,1:36.77,160~199歳,1:41.69,5,セ・清瀬,182歳,2/4,2:06.65,,"25.22,58.6,1:35.22",渡誠,0.42,31.43
No.4,男子,4x50mフリ-リレ-,1:32.84,1:34.17,120~159歳,1:41.73,1,セ・柏,133歳,4/3,1:48.76,,"25.45,50.96,1:19.31",川口皓生,0.69,25.45
No.4,男子,4x50mフリ-リレ-,1:32.84,1:34.17,120~159歳,1:41.73,1,セ・柏,133歳,4/3,1:48.76,,"25.45,50.96,1:19.31",廣川大起,0.43,25.51
No.4,男子,4x50mフリ-リレ-,1:32.84,1:34.17,120~159歳,1:41.73,1,セ・柏,133歳,4/3,1:48.76,,"25.45,50.96,1:19.31",長田裕史,0.31,28.35
No.4,男子,4x50mフリ-リレ-,1:32.84,1:34.17,120~159歳,1:41.73,1,セ・柏,133歳,4/3,1:48.76,,"25.45,50.96,1:19.31",磯貝知弘,0.5,29.45
No.4,男子,4x50mフリ-リレ-,1:32.84,1:34.17,120~159歳,1:41.73,2,セ・阿佐谷,153歳,4/2,1:50.25,,,椎本恭平,0.64,27.00
No.4,男子,4x50mフリ-リレ-,1:32.84,1:34.17,120~159歳,1:41.73,2,セ・阿佐谷,153歳,4/2,1:50.25,,,和田亮,0.37,29.06
No.4,男子,4x50mフリ-リレ-,1:32.84,1:34.17,120~159歳,1:41.73,2,セ・阿佐谷,153歳,4/2,1:50.25,,,棚網宏之,0.4,28.32
No.4,男子,4x50mフリ-リレ-,1:32.84,1:34.17,120~159歳,1:41.73,2,セ・阿佐谷,153歳,4/2,1:50.25,,,和田弘太郎,0.14,25.87
No.4,男子,4x50mフリ-リレ-,1:32.84,1:34.17,120~159歳,1:41.73,3,セ・天王洲,134歳,3/7,1:51.66,,"26.83,55.07,1:23.43",小野健,0.61,26.83
No.4,男子,4x50mフリ-リレ-,1:32.84,1:34.17,120~159歳,1:41.73,3,セ・天王洲,134歳,3/7,1:51.66,,"26.83,55.07,1:23.43",加間英貴,0.34,28.24
No.4,男子,4x50mフリ-リレ-,1:32.84,1:34.17,120~159歳,1:41.73,3,セ・天王洲,134歳,3/7,1:51.66,,"26.83,55.07,1:23.43",倉持公一,0.44,28.36
No.4,男子,4x50mフリ-リレ-,1:32.84,1:34.17,120~159歳,1:41.73,3,セ・天王洲,134歳,3/7,1:51.66,,"26.83,55.07,1:23.43",寺田遼太,0.57,28.23
No.4,男子,4x50mフリ-リレ-,1:32.84,1:34.17,120~159歳,1:41.73,4,セ・成城,139歳,4/10,1:55.21,,"28.11,55.96,1:26.77",山浦信,0.71,28.11
No.4,男子,4x50mフリ-リレ-,1:32.84,1:34.17,120~159歳,1:41.73,4,セ・成城,139歳,4/10,1:55.21,,"28.11,55.96,1:26.77",梅林大貴,0.21,27.85
No.4,男子,4x50mフリ-リレ-,1:32.84,1:34.17,120~159歳,1:41.73,4,セ・成城,139歳,4/10,1:55.21,,"28.11,55.96,1:26.77",羽田浩一,0.4,30.81
No.4,男子,4x50mフリ-リレ-,1:32.84,1:34.17,120~159歳,1:41.73,4,セ・成城,139歳,4/10,1:55.21,,"28.11,55.96,1:26.77",村守,0.66,28.44
No.4,男子,4x50mフリ-リレ-,1:31.95,1:33.32,72~119歳,1:40.19,1,セ・八王子,)93歳,4/6,1:41.08,,"25.92,50.01,1:16.32",和澤情,0.68,25.92
No.4,男子,4x50mフリ-リレ-,1:31.95,1:33.32,72~119歳,1:40.19,1,セ・八王子,)93歳,4/6,1:41.08,,"25.92,50.01,1:16.32",韓準燃,0.37,24.09
No.4,男子,4x50mフリ-リレ-,1:31.95,1:33.32,72~119歳,1:40.19,1,セ・八王子,)93歳,4/6,1:41.08,,"25.92,50.01,1:16.32",伊藤孝優,0.45,26.31
No.4,男子,4x50mフリ-リレ-,1:31.95,1:33.32,72~119歳,1:40.19,1,セ・八王子,)93歳,4/6,1:41.08,,"25.92,50.01,1:16.32",木村隼人,0.31,24.76
No.4,男子,4x50mフリ-リレ-,1:31.95,1:33.32,72~119歳,1:40.19,2,セ・成城,)96歳,4/9,1:46.71,,"27.43,54.73,1:20.85",黒田大介,0.64,27.43
No.4,男子,4x50mフリ-リレ-,1:31.95,1:33.32,72~119歳,1:40.19,2,セ・成城,)96歳,4/9,1:46.71,,"27.43,54.73,1:20.85",柿沼龍史,0.1,27.3
No.4,男子,4x50mフリ-リレ-,1:31.95,1:33.32,72~119歳,1:40.19,2,セ・成城,)96歳,4/9,1:46.71,,"27.43,54.73,1:20.85",小林和矢,0.33,26.12
No.4,男子,4x50mフリ-リレ-,1:31.95,1:33.32,72~119歳,1:40.19,2,セ・成城,)96歳,4/9,1:46.71,,"27.43,54.73,1:20.85",宮田遼太,0.21,25.86
No.4,男子,4x50mフリ-リレ-,1:31.95,1:33.32,72~119歳,1:40.19,3,セ・葛西,115歳,4/4,1:46.85,,"26.63,53.18,1:19.70",前島悠也,0.63,26.63
No.4,男子,4x50mフリ-リレ-,1:31.95,1:33.32,72~119歳,1:40.19,3,セ・葛西,115歳,4/4,1:46.85,,"26.63,53.18,1:19.70",石井孟,0.32,26.55
No.4,男子,4x50mフリ-リレ-,1:31.95,1:33.32,72~119歳,1:40.19,3,セ・葛西,115歳,4/4,1:46.85,,"26.63,53.18,1:19.70",泉翔太,0.33,26.52
No.4,男子,4x50mフリ-リレ-,1:31.95,1:33.32,72~119歳,1:40.19,3,セ・葛西,115歳,4/4,1:46.85,,"26.63,53.18,1:19.70",加納聖士,0.32,27.15
No.4,男子,4x50mフリ-リレ-,1:31.95,1:33.32,72~119歳,1:40.19,4,セ・二俣川,)88歳,4/8,1:49.75,,"30.29,57.11,1:23.42",山﨑陸真,0.79,30.29
No.4,男子,4x50mフリ-リレ-,1:31.95,1:33.32,72~119歳,1:40.19,4,セ・二俣川,)88歳,4/8,1:49.75,,"30.29,57.11,1:23.42",田中啓二朗,0.16,26.82
No.4,男子,4x50mフリ-リレ-,1:31.95,1:33.32,72~119歳,1:40.19,4,セ・二俣川,)88歳,4/8,1:49.75,,"30.29,57.11,1:23.42",田中壮一郎,0.41,26.31
No.4,男子,4x50mフリ-リレ-,1:31.95,1:33.32,72~119歳,1:40.19,4,セ・二俣川,)88歳,4/8,1:49.75,,"30.29,57.11,1:23.42",秋澤裕介,0.21,26.33
No.4,男子,4x50mフリ-リレ-,1:31.95,1:33.32,72~119歳,1:40.19,5,セ・清瀬,)93歳,3/6,1:52.78,,"27.35,53.74,1:25.28",金子智哉,0.88,27.35
No.4,男子,4x50mフリ-リレ-,1:31.95,1:33.32,72~119歳,1:40.19,5,セ・清瀬,)93歳,3/6,1:52.78,,"27.35,53.74,1:25.28",塚本拓也,0.46,26.39
No.4,男子,4x50mフリ-リレ-,1:31.95,1:33.32,72~119歳,1:40.19,5,セ・清瀬,)93歳,3/6,1:52.78,,"27.35,53.74,1:25.28",松本海星,0.79,31.54
No.4,男子,4x50mフリ-リレ-,1:31.95,1:33.32,72~119歳,1:40.19,5,セ・清瀬,)93歳,3/6,1:52.78,,"27.35,53.74,1:25.28",西沢歩,0.44,27.5
No.5,女子,4x100mフリ-リレ-,5:26.29,5:38.49,280~319歳,6:20.23,1,セ・天王洲,288歳,1/8,7:05.34,,,梅田栄己子,,50
No.5,女子,4x100mフリ-リレ-,5:26.29,5:38.49,280~319歳,6:20.23,1,セ・天王洲,288歳,1/8,7:05.34,,,川島かよ子,,51.45
No.5,女子,4x100mフリ-リレ-,5:26.29,5:38.49,280~319歳,6:20.23,1,セ・天王洲,288歳,1/8,7:05.34,,,後藤明美,0.74,50.53
No.5,女子,4x100mフリ-リレ-,5:26.29,5:38.49,280~319歳,6:20.23,1,セ・天王洲,288歳,1/8,7:05.34,,,浅野みどり,0.59,44.88
No.5,女子,4x100mフリ-リレ-,4:36.74,4:56.33,240~279歳,5:25.14,1,セ・二俣川,247歳,2/2,5:35.72,,"40.82,1:25.62,2:06.32,2:51.34,3:32.81,4:19.56,4:56.09",上野真弓,0.90,40.82
No.5,女子,4x100mフリ-リレ-,4:36.74,4:56.33,240~279歳,5:25.14,1,セ・二俣川,247歳,2/2,5:35.72,,"40.82,1:25.62,2:06.32,2:51.34,3:32.81,4:19.56,4:56.09",野島久枝,0.48,40.7
No.5,女子,4x100mフリ-リレ-,4:36.74,4:56.33,240~279歳,5:25.14,1,セ・二俣川,247歳,2/2,5:35.72,,"40.82,1:25.62,2:06.32,2:51.34,3:32.81,4:19.56,4:56.09",武井麻知子,0.44,41.47
No.5,女子,4x100mフリ-リレ-,4:36.74,4:56.33,240~279歳,5:25.14,1,セ・二俣川,247歳,2/2,5:35.72,,"40.82,1:25.62,2:06.32,2:51.34,3:32.81,4:19.56,4:56.09",永瀬秀子,0.35,36.53
No.5,女子,4x100mフリ-リレ-,4:36.74,4:56.33,240~279歳,5:25.14,2,セ・成城,243歳,1/5,5:36.26,,"40.93,1:27.44,2:08.80,2:58.96,3:37.72,4:18.79,4:54.65",高梨美樹,0.77,40.93
No.5,女子,4x100mフリ-リレ-,4:36.74,4:56.33,240~279歳,5:25.14,2,セ・成城,243歳,1/5,5:36.26,,"40.93,1:27.44,2:08.80,2:58.96,3:37.72,4:18.79,4:54.65",吉野治子,0.14,41.36
No.5,女子,4x100mフリ-リレ-,4:36.74,4:56.33,240~279歳,5:25.14,2,セ・成城,243歳,1/5,5:36.26,,"40.93,1:27.44,2:08.80,2:58.96,3:37.72,4:18.79,4:54.65",森直子,0.64,38.76
No.5,女子,4x100mフリ-リレ-,4:36.74,4:56.33,240~279歳,5:25.14,2,セ・成城,243歳,1/5,5:36.26,,"40.93,1:27.44,2:08.80,2:58.96,3:37.72,4:18.79,4:54.65",仲田久美子,0.54,35.86
No.5,女子,4x100mフリ-リレ-,4:36.74,4:56.33,240~279歳,5:25.14,3,セ・南千住,250歳,1/4,6:19.70,,"33.86,1:11.90,1:59.32,2:53.82,3:39.60,4:30.53,5:22.72",杉本浩美,0.70,33.86
No.5,女子,4x100mフリ-リレ-,4:36.74,4:56.33,240~279歳,5:25.14,3,セ・南千住,250歳,1/4,6:19.70,,"33.86,1:11.90,1:59.32,2:53.82,3:39.60,4:30.53,5:22.72",石崎節代,0.7,47.42
No.5,女子,4x100mフリ-リレ-,4:36.74,4:56.33,240~279歳,5:25.14,3,セ・南千住,250歳,1/4,6:19.70,,"33.86,1:11.90,1:59.32,2:53.82,3:39.60,4:30.53,5:22.72",古宇田淳子,0.57,45.78
No.5,女子,4x100mフリ-リレ-,4:36.74,4:56.33,240~279歳,5:25.14,3,セ・南千住,250歳,1/4,6:19.70,,"33.86,1:11.90,1:59.32,2:53.82,3:39.60,4:30.53,5:22.72",下川喜美枝,0.82,52.19
No.5,女子,4x100mフリ-リレ-,4:36.74,4:56.33,240~279歳,5:25.14,4,セ・天王洲,252歳,1/2,7:02.76,,"42.43,1:26.40,2:24.89,3:29.36,4:21.46,5:20.18,6:10.70",四井美穂,0.79,42.43
No.5,女子,4x100mフリ-リレ-,4:36.74,4:56.33,240~279歳,5:25.14,4,セ・天王洲,252歳,1/2,7:02.76,,"42.43,1:26.40,2:24.89,3:29.36,4:21.46,5:20.18,6:10.70",長谷川節子,0.29,58.49
No.5,女子,4x100mフリ-リレ-,4:36.74,4:56.33,240~279歳,5:25.14,4,セ・天王洲,252歳,1/2,7:02.76,,"42.43,1:26.40,2:24.89,3:29.36,4:21.46,5:20.18,6:10.70",鬼束洋子,0.76,52.1
No.5,女子,4x100mフリ-リレ-,4:36.74,4:56.33,240~279歳,5:25.14,4,セ・天王洲,252歳,1/2,7:02.76,,"42.43,1:26.40,2:24.89,3:29.36,4:21.46,5:20.18,6:10.70",櫻田琴,0.75,50.52
No.5,女子,4x100mフリ-リレ-,4:20.68,4:29.24,200~239歳,5:18.59,1,セ・長津田,203歳,1/6,6:20.72,,"35.64,1:19.87,2:02.32,2:55.38,3:42.61,4:42.53,5:28.43",宮林佑妃,0.92,35.64
No.5,女子,4x100mフリ-リレ-,4:20.68,4:29.24,200~239歳,5:18.59,1,セ・長津田,203歳,1/6,6:20.72,,"35.64,1:19.87,2:02.32,2:55.38,3:42.61,4:42.53,5:28.43",小池淳子,0.29,42.45
No.5,女子,4x100mフリ-リレ-,4:20.68,4:29.24,200~239歳,5:18.59,1,セ・長津田,203歳,1/6,6:20.72,,"35.64,1:19.87,2:02.32,2:55.38,3:42.61,4:42.53,5:28.43",久保とし子,0.41,47.23
No.5,女子,4x100mフリ-リレ-,4:20.68,4:29.24,200~239歳,5:18.59,1,セ・長津田,203歳,1/6,6:20.72,,"35.64,1:19.87,2:02.32,2:55.38,3:42.61,4:42.53,5:28.43",久保美由紀,0.46,45.9
No.5,女子,4x100mフリ-リレ-,4:20.68,4:29.24,200~239歳,5:18.59,2,セ・大森,213歳,1/7,6:36.31,,"44.94,1:40.94,2:28.67,3:24.59,4:15.87,5:10.93,5:52.34",小林名緒子,0.80,44.94
No.5,女子,4x100mフリ-リレ-,4:20.68,4:29.24,200~239歳,5:18.59,2,セ・大森,213歳,1/7,6:36.31,,"44.94,1:40.94,2:28.67,3:24.59,4:15.87,5:10.93,5:52.34",森信子,0.72,47.73
No.5,女子,4x100mフリ-リレ-,4:20.68,4:29.24,200~239歳,5:18.59,2,セ・大森,213歳,1/7,6:36.31,,"44.94,1:40.94,2:28.67,3:24.59,4:15.87,5:10.93,5:52.34",桐沢ひとみ,,51.28
No.5,女子,4x100mフリ-リレ-,4:20.68,4:29.24,200~239歳,5:18.59,2,セ・大森,213歳,1/7,6:36.31,,"44.94,1:40.94,2:28.67,3:24.59,4:15.87,5:10.93,5:52.34",冨永結衣子,0.49,41.41
No.5,女子,4x100mフリ-リレ-,4:06.90,4:19.20,160~199歳,4:48.97,1,セ・目黒,160歳,2/5,4:36.81,,"32.3,1:08.23,1:45.03,2:25.93,2:57.31,3:31.33,4:02.35",菊地美春,0.70,32.3
No.5,女子,4x100mフリ-リレ-,4:06.90,4:19.20,160~199歳,4:48.97,1,セ・目黒,160歳,2/5,4:36.81,,"32.3,1:08.23,1:45.03,2:25.93,2:57.31,3:31.33,4:02.35",池田智子,0.51,36.8
No.5,女子,4x100mフリ-リレ-,4:06.90,4:19.20,160~199歳,4:48.97,1,セ・目黒,160歳,2/5,4:36.81,,"32.3,1:08.23,1:45.03,2:25.93,2:57.31,3:31.33,4:02.35",舘野美香,0.04,31.38
No.5,女子,4x100mフリ-リレ-,4:06.90,4:19.20,160~199歳,4:48.97,1,セ・目黒,160歳,2/5,4:36.81,,"32.3,1:08.23,1:45.03,2:25.93,2:57.31,3:31.33,4:02.35",佐藤玖弥,0.62,31.02
No.5,女子,4x100mフリ-リレ-,4:06.90,4:19.20,160~199歳,4:48.97,2,セ・阿佐谷,177歳,2/3,5:20.22,,"39.1,1:21.40,2:01.14,2:44.15,3:22.12,4:05.35,4:39.49",石原なおみ,0.79,39.1
No.5,女子,4x100mフリ-リレ-,4:06.90,4:19.20,160~199歳,4:48.97,2,セ・阿佐谷,177歳,2/3,5:20.22,,"39.1,1:21.40,2:01.14,2:44.15,3:22.12,4:05.35,4:39.49",棚網恵理,0.3,39.74
No.5,女子,4x100mフリ-リレ-,4:06.90,4:19.20,160~199歳,4:48.97,2,セ・阿佐谷,177歳,2/3,5:20.22,,"39.1,1:21.40,2:01.14,2:44.15,3:22.12,4:05.35,4:39.49",小野真佐子,0.45,37.97
No.5,女子,4x100mフリ-リレ-,4:06.90,4:19.20,160~199歳,4:48.97,2,セ・阿佐谷,177歳,2/3,5:20.22,,"39.1,1:21.40,2:01.14,2:44.15,3:22.12,4:05.35,4:39.49",今井恵子,0.66,34.14
No.5,女子,4x100mフリ-リレ-,4:06.90,4:19.20,160~199歳,4:48.97,3,セ・二俣川,192歳,2/8,5:33.78,,"39.15,1:20.25,2:01.69,2:45.92,3:24.81,4:09.62,4:48.07",草野茜,0.71,39.15
No.5,女子,4x100mフリ-リレ-,4:06.90,4:19.20,160~199歳,4:48.97,3,セ・二俣川,192歳,2/8,5:33.78,,"39.15,1:20.25,2:01.69,2:45.92,3:24.81,4:09.62,4:48.07",前田由希映,0.73,41.44
No.5,女子,4x100mフリ-リレ-,4:06.90,4:19.20,160~199歳,4:48.97,3,セ・二俣川,192歳,2/8,5:33.78,,"39.15,1:20.25,2:01.69,2:45.92,3:24.81,4:09.62,4:48.07",松川律子,0.37,38.89
No.5,女子,4x100mフリ-リレ-,4:06.90,4:19.20,160~199歳,4:48.97,3,セ・二俣川,192歳,2/8,5:33.78,,"39.15,1:20.25,2:01.69,2:45.92,3:24.81,4:09.62,4:48.07",吉池奈々,0.44,38.45
No.5,女子,4x100mフリ-リレ-,4:06.90,4:19.20,160~199歳,4:48.97,4,セ・天王洲,178歳,1/3,6:25.53,,"48.49,1:41.05,2:28.81,3:21.64,4:10.09,5:02.13,5:42.02",中辷澄美,0.89,48.49
No.5,女子,4x100mフリ-リレ-,4:06.90,4:19.20,160~199歳,4:48.97,4,セ・天王洲,178歳,1/3,6:25.53,,"48.49,1:41.05,2:28.81,3:21.64,4:10.09,5:02.13,5:42.02",井島孝子,,47.76
No.5,女子,4x100mフリ-リレ-,4:06.90,4:19.20,160~199歳,4:48.97,4,セ・天王洲,178歳,1/3,6:25.53,,"48.49,1:41.05,2:28.81,3:21.64,4:10.09,5:02.13,5:42.02",森内裕子,0.52,48.45
No.5,女子,4x100mフリ-リレ-,4:06.90,4:19.20,160~199歳,4:48.97,4,セ・天王洲,178歳,1/3,6:25.53,,"48.49,1:41.05,2:28.81,3:21.64,4:10.09,5:02.13,5:42.02",萩原ゆりか,0.6,39.89
No.5,女子,4x100mフリ-リレ-,4:04.10,4:07.62,120~159歳,4:35.52,1,セ・成城,137歳,2/6,4:47.22,,"34.14,1:15.00,1:46.68,2:24.69,2:57.83,3:36.77,4:10.50",中畑眸,0.77,34.14
No.5,女子,4x100mフリ-リレ-,4:04.10,4:07.62,120~159歳,4:35.52,1,セ・成城,137歳,2/6,4:47.22,,"34.14,1:15.00,1:46.68,2:24.69,2:57.83,3:36.77,4:10.50",仲田笑美,0.44,31.68
No.5,女子,4x100mフリ-リレ-,4:04.10,4:07.62,120~159歳,4:35.52,1,セ・成城,137歳,2/6,4:47.22,,"34.14,1:15.00,1:46.68,2:24.69,2:57.83,3:36.77,4:10.50",宮田さくら,0.15,33.14
No.5,女子,4x100mフリ-リレ-,4:04.10,4:07.62,120~159歳,4:35.52,1,セ・成城,137歳,2/6,4:47.22,,"34.14,1:15.00,1:46.68,2:24.69,2:57.83,3:36.77,4:10.50",佐々木彩,0.2,33.73
No.5,女子,4x100mフリ-リレ-,4:04.10,4:07.62,120~159歳,4:35.52,2,セ・長津田,140歳,2/7,4:47.49,,"32.16,1:08.26,1:40.70,2:16.66,2:55.02,3:40.76,4:12.67",吉村華余,0.78,32.16
No.5,女子,4x100mフリ-リレ-,4:04.10,4:07.62,120~159歳,4:35.52,2,セ・長津田,140歳,2/7,4:47.49,,"32.16,1:08.26,1:40.70,2:16.66,2:55.02,3:40.76,4:12.67",長崎千怜,0.22,32.44
No.5,女子,4x100mフリ-リレ-,4:04.10,4:07.62,120~159歳,4:35.52,2,セ・長津田,140歳,2/7,4:47.49,,"32.16,1:08.26,1:40.70,2:16.66,2:55.02,3:40.76,4:12.67",久保かおり,0.06,38.36
No.5,女子,4x100mフリ-リレ-,4:04.10,4:07.62,120~159歳,4:35.52,2,セ・長津田,140歳,2/7,4:47.49,,"32.16,1:08.26,1:40.70,2:16.66,2:55.02,3:40.76,4:12.67",川北恵,0.01,31.91
No.5,女子,4x100mフリ-リレ-,4:00.96,4:00.96,72~119歳,4:29.70,1,セ・二俣川,100歳,2/4,4:44.81,,"31.27,1:05.84,1:42.34,2:24.66,3:00.26,3:39.16,4:10.50",竹下菜々美,0.68,31.27
No.5,女子,4x100mフリ-リレ-,4:00.96,4:00.96,72~119歳,4:29.70,1,セ・二俣川,100歳,2/4,4:44.81,,"31.27,1:05.84,1:42.34,2:24.66,3:00.26,3:39.16,4:10.50",松本彩花,0.53,36.5
No.5,女子,4x100mフリ-リレ-,4:00.96,4:00.96,72~119歳,4:29.70,1,セ・二俣川,100歳,2/4,4:44.81,,"31.27,1:05.84,1:42.34,2:24.66,3:00.26,3:39.16,4:10.50",深堀陽子,0.66,35.6
No.5,女子,4x100mフリ-リレ-,4:00.96,4:00.96,72~119歳,4:29.70,1,セ・二俣川,100歳,2/4,4:44.81,,"31.27,1:05.84,1:42.34,2:24.66,3:00.26,3:39.16,4:10.50",表侑寿,0.41,31.34
No.6,男子,4x100mフリ-リレ-,3:46.05,3:50.69,200~239歳,4:07.60,1,セ・大宮宮原,204歳,1/6,4:26.88,,"31.12,1:05.13,1:39.42,2:17.66,2:49.97,3:25.35,3:54.01",阿部憲一,0.72,31.12
No.6,男子,4x100mフリ-リレ-,3:46.05,3:50.69,200~239歳,4:07.60,1,セ・大宮宮原,204歳,1/6,4:26.88,,"31.12,1:05.13,1:39.42,2:17.66,2:49.97,3:25.35,3:54.01",宮川則仁,0.56,34.29
No.6,男子,4x100mフリ-リレ-,3:46.05,3:50.69,200~239歳,4:07.60,1,セ・大宮宮原,204歳,1/6,4:26.88,,"31.12,1:05.13,1:39.42,2:17.66,2:49.97,3:25.35,3:54.01",清田真人,0.41,32.31
No.6,男子,4x100mフリ-リレ-,3:46.05,3:50.69,200~239歳,4:07.60,1,セ・大宮宮原,204歳,1/6,4:26.88,,"31.12,1:05.13,1:39.42,2:17.66,2:49.97,3:25.35,3:54.01",川瀬健次,0.33,28.66
No.6,男子,4x100mフリ-リレ-,3:46.05,3:50.69,200~239歳,4:07.60,2,セ・二俣川,205歳,1/7,4:45.70,,"33.77,1:11.71,1:44.89,2:21.49,2:58.77,3:39.05,4:10.61",堀川広祐,0.67,33.77
No.6,男子,4x100mフリ-リレ-,3:46.05,3:50.69,200~239歳,4:07.60,2,セ・二俣川,205歳,1/7,4:45.70,,"33.77,1:11.71,1:44.89,2:21.49,2:58.77,3:39.05,4:10.61",下家成人,0.17,33.18
No.6,男子,4x100mフリ-リレ-,3:46.05,3:50.69,200~239歳,4:07.60,2,セ・二俣川,205歳,1/7,4:45.70,,"33.77,1:11.71,1:44.89,2:21.49,2:58.77,3:39.05,4:10.61",草野剛史,0.71,37.28
No.6,男子,4x100mフリ-リレ-,3:46.05,3:50.69,200~239歳,4:07.60,2,セ・二俣川,205歳,1/7,4:45.70,,"33.77,1:11.71,1:44.89,2:21.49,2:58.77,3:39.05,4:10.61",石上智啓,0.22,31.56
No.6,男子,4x100mフリ-リレ-,3:46.05,3:50.69,200~239歳,4:07.60,3,セ・天王洲,211歳,1/3,5:09.72,,"32.49,1:09.52,1:48.08,2:30.37,3:08.25,3:56.98,4:32.79",宅間健介,0.76,32.49
No.6,男子,4x100mフリ-リレ-,3:46.05,3:50.69,200~239歳,4:07.60,3,セ・天王洲,211歳,1/3,5:09.72,,"32.49,1:09.52,1:48.08,2:30.37,3:08.25,3:56.98,4:32.79",千葉忠英,0.7,38.56
No.6,男子,4x100mフリ-リレ-,3:46.05,3:50.69,200~239歳,4:07.60,3,セ・天王洲,211歳,1/3,5:09.72,,"32.49,1:09.52,1:48.08,2:30.37,3:08.25,3:56.98,4:32.79",日暮正明,0.83,37.88
No.6,男子,4x100mフリ-リレ-,3:46.05,3:50.69,200~239歳,4:07.60,3,セ・天王洲,211歳,1/3,5:09.72,,"32.49,1:09.52,1:48.08,2:30.37,3:08.25,3:56.98,4:32.79",久保卓士,0.67,35.81
No.6,男子,4x100mフリ-リレ-,3:46.05,3:50.69,200~239歳,4:07.60,4,セ・阿佐谷,234歳,1/2,5:12.71,,"37.41,1:22.48,1:54.58,2:34.15,3:15.89,3:59.47,4:35.60",大川明徳,1.00,37.41
No.6,男子,4x100mフリ-リレ-,3:46.05,3:50.69,200~239歳,4:07.60,4,セ・阿佐谷,234歳,1/2,5:12.71,,"37.41,1:22.48,1:54.58,2:34.15,3:15.89,3:59.47,4:35.60",若杉佳宏,0.34,32.1
No.6,男子,4x100mフリ-リレ-,3:46.05,3:50.69,200~239歳,4:07.60,4,セ・阿佐谷,234歳,1/2,5:12.71,,"37.41,1:22.48,1:54.58,2:34.15,3:15.89,3:59.47,4:35.60",吉村進,0.69,41.74
No.6,男子,4x100mフリ-リレ-,3:46.05,3:50.69,200~239歳,4:07.60,4,セ・阿佐谷,234歳,1/2,5:12.71,,"37.41,1:22.48,1:54.58,2:34.15,3:15.89,3:59.47,4:35.60",久保田勝己,0.55,36.13
No.6,男子,4x100mフリ-リレ-,3:46.05,3:50.69,200~239歳,4:07.60,5,セ・茂原,222歳,1/8,5:32.59,,"26.93,57.09,1:36.44,2:25.95,3:10.51,4:07.11,4:48.99",神戸優悠希,0.73,26.93
No.6,男子,4x100mフリ-リレ-,3:46.05,3:50.69,200~239歳,4:07.60,5,セ・茂原,222歳,1/8,5:32.59,,"26.93,57.09,1:36.44,2:25.95,3:10.51,4:07.11,4:48.99",萱沼憲司郎,0.6,39.35
No.6,男子,4x100mフリ-リレ-,3:46.05,3:50.69,200~239歳,4:07.60,5,セ・茂原,222歳,1/8,5:32.59,,"26.93,57.09,1:36.44,2:25.95,3:10.51,4:07.11,4:48.99",丸喜章,0.1,44.56
No.6,男子,4x100mフリ-リレ-,3:46.05,3:50.69,200~239歳,4:07.60,5,セ・茂原,222歳,1/8,5:32.59,,"26.93,57.09,1:36.44,2:25.95,3:10.51,4:07.11,4:48.99",山本和巳,0.77,41.88
No.6,男子,4x100mフリ-リレ-,3:38.60,3:39.77,160~199歳,3:52.78,1,セ・二俣川,166歳,2/6,3:49.44,,"27.52,57.37,1:25.71,1:57.16,2:23.67,2:53.39,3:20.34",前田崇行,0.72,27.52
No.6,男子,4x100mフリ-リレ-,3:38.60,3:39.77,160~199歳,3:52.78,1,セ・二俣川,166歳,2/6,3:49.44,,"27.52,57.37,1:25.71,1:57.16,2:23.67,2:53.39,3:20.34",永瀬知之,0.37,28.34
No.6,男子,4x100mフリ-リレ-,3:38.60,3:39.77,160~199歳,3:52.78,1,セ・二俣川,166歳,2/6,3:49.44,,"27.52,57.37,1:25.71,1:57.16,2:23.67,2:53.39,3:20.34",鶴谷学,0.51,26.51
No.6,男子,4x100mフリ-リレ-,3:38.60,3:39.77,160~199歳,3:52.78,1,セ・二俣川,166歳,2/6,3:49.44,,"27.52,57.37,1:25.71,1:57.16,2:23.67,2:53.39,3:20.34",立石裕太郎,0.41,26.95
No.6,男子,4x100mフリ-リレ-,3:38.60,3:39.77,160~199歳,3:52.78,2,セ・成城,174歳,2/2,4:15.94,,"30.48,1:02.86,1:35.28,2:11.44,2:41.36,3:17.02,3:45.03",石井龍,0.72,30.48
No.6,男子,4x100mフリ-リレ-,3:38.60,3:39.77,160~199歳,3:52.78,2,セ・成城,174歳,2/2,4:15.94,,"30.48,1:02.86,1:35.28,2:11.44,2:41.36,3:17.02,3:45.03",羽田浩一,0.44,32.42
No.6,男子,4x100mフリ-リレ-,3:38.60,3:39.77,160~199歳,3:52.78,2,セ・成城,174歳,2/2,4:15.94,,"30.48,1:02.86,1:35.28,2:11.44,2:41.36,3:17.02,3:45.03",村守,0.46,29.92
No.6,男子,4x100mフリ-リレ-,3:38.60,3:39.77,160~199歳,3:52.78,2,セ・成城,174歳,2/2,4:15.94,,"30.48,1:02.86,1:35.28,2:11.44,2:41.36,3:17.02,3:45.03",中西剛,0.31,28.01
No.6,男子,4x100mフリ-リレ-,3:38.60,3:39.77,160~199歳,3:52.78,3,セ・大森,168歳,1/4,4:53.13,,"28.74,1:00.67,1:38.48,2:23.00,2:59.72,3:41.08,4:14.47",中原志門,0.69,28.74
No.6,男子,4x100mフリ-リレ-,3:38.60,3:39.77,160~199歳,3:52.78,3,セ・大森,168歳,1/4,4:53.13,,"28.74,1:00.67,1:38.48,2:23.00,2:59.72,3:41.08,4:14.47",宇佐美学,0.62,37.81
No.6,男子,4x100mフリ-リレ-,3:38.60,3:39.77,160~199歳,3:52.78,3,セ・大森,168歳,1/4,4:53.13,,"28.74,1:00.67,1:38.48,2:23.00,2:59.72,3:41.08,4:14.47",松井哲郎,0.7,36.72
No.6,男子,4x100mフリ-リレ-,3:38.60,3:39.77,160~199歳,3:52.78,3,セ・大森,168歳,1/4,4:53.13,,"28.74,1:00.67,1:38.48,2:23.00,2:59.72,3:41.08,4:14.47",浅田康朗,0.27,33.39
No.6,男子,4x100mフリ-リレ-,3:28.93,3:32.50,120~159歳,3:39.10,1,セ・武蔵小杉,136歳,2/5,3:54.98,,"27.64,57.54,1:24.73,1:55.62,2:23.56,2:55.13,3:23.86",高木祥一,0.78,27.64
No.6,男子,4x100mフリ-リレ-,3:28.93,3:32.50,120~159歳,3:39.10,1,セ・武蔵小杉,136歳,2/5,3:54.98,,"27.64,57.54,1:24.73,1:55.62,2:23.56,2:55.13,3:23.86",松澤朋樹,0.4,27.19
No.6,男子,4x100mフリ-リレ-,3:28.93,3:32.50,120~159歳,3:39.10,1,セ・武蔵小杉,136歳,2/5,3:54.98,,"27.64,57.54,1:24.73,1:55.62,2:23.56,2:55.13,3:23.86",奥平竜司,0.15,27.94
No.6,男子,4x100mフリ-リレ-,3:28.93,3:32.50,120~159歳,3:39.10,1,セ・武蔵小杉,136歳,2/5,3:54.98,,"27.64,57.54,1:24.73,1:55.62,2:23.56,2:55.13,3:23.86",高津周平,0.54,28.73
No.6,男子,4x100mフリ-リレ-,3:28.93,3:32.50,120~159歳,3:39.10,2,セ・阿佐谷,153歳,2/7,4:04.57,,"27.16,57.1,1:27.09,1:58.96,2:30.32,3:05.63,3:33.32",和田弘太郎,0.66,27.16
No.6,男子,4x100mフリ-リレ-,3:28.93,3:32.50,120~159歳,3:39.10,2,セ・阿佐谷,153歳,2/7,4:04.57,,"27.16,57.1,1:27.09,1:58.96,2:30.32,3:05.63,3:33.32",棚網宏之,0.45,29.99
No.6,男子,4x100mフリ-リレ-,3:28.93,3:32.50,120~159歳,3:39.10,2,セ・阿佐谷,153歳,2/7,4:04.57,,"27.16,57.1,1:27.09,1:58.96,2:30.32,3:05.63,3:33.32",和田亮,0.65,31.36
No.6,男子,4x100mフリ-リレ-,3:28.93,3:32.50,120~159歳,3:39.10,2,セ・阿佐谷,153歳,2/7,4:04.57,,"27.16,57.1,1:27.09,1:58.96,2:30.32,3:05.63,3:33.32",椎本恭平,0.44,27.69
No.6,男子,4x100mフリ-リレ-,3:28.93,3:32.50,120~159歳,3:39.10,3,セ・大宮宮原,128歳,2/3,4:05.13,,"29.39,1:00.92,1:33.98,2:09.99,2:38.02,3:09.26,3:36.15",日吉将輝,0.71,29.39
No.6,男子,4x100mフリ-リレ-,3:28.93,3:32.50,120~159歳,3:39.10,3,セ・大宮宮原,128歳,2/3,4:05.13,,"29.39,1:00.92,1:33.98,2:09.99,2:38.02,3:09.26,3:36.15",山本英男,0.39,33.06
No.6,男子,4x100mフリ-リレ-,3:28.93,3:32.50,120~159歳,3:39.10,3,セ・大宮宮原,128歳,2/3,4:05.13,,"29.39,1:00.92,1:33.98,2:09.99,2:38.02,3:09.26,3:36.15",岡内昭伍,0.19,28.03
No.6,男子,4x100mフリ-リレ-,3:28.93,3:32.50,120~159歳,3:39.10,3,セ・大宮宮原,128歳,2/3,4:05.13,,"29.39,1:00.92,1:33.98,2:09.99,2:38.02,3:09.26,3:36.15",石井建幹,0.55,26.89
No.6,男子,4x100mフリ-リレ-,3:28.93,3:32.50,120~159歳,3:39.10,4,セ・天王洲,134歳,1/5,4:20.49,,"28.05,58.88,1:29.40,2:05.83,2:36.08,3:11.09,3:43.33",小野健,0.65,28.05
No.6,男子,4x100mフリ-リレ-,3:28.93,3:32.50,120~159歳,3:39.10,4,セ・天王洲,134歳,1/5,4:20.49,,"28.05,58.88,1:29.40,2:05.83,2:36.08,3:11.09,3:43.33",寺田遼太,0.5,30.52
No.6,男子,4x100mフリ-リレ-,3:28.93,3:32.50,120~159歳,3:39.10,4,セ・天王洲,134歳,1/5,4:20.49,,"28.05,58.88,1:29.40,2:05.83,2:36.08,3:11.09,3:43.33",倉持公一,0.36,30.25
No.6,男子,4x100mフリ-リレ-,3:28.93,3:32.50,120~159歳,3:39.10,4,セ・天王洲,134歳,1/5,4:20.49,,"28.05,58.88,1:29.40,2:05.83,2:36.08,3:11.09,3:43.33",加間英貴,0.53,32.24
No.6,男子,4x100mフリ-リレ-,3:30.77,3:30.77,72~119歳,3:44.19,1,セ・清瀬,)89歳,2/8,4:05.30,,"26.8,1:01.12,1:31.20,2:06.54,2:34.77,3:08.32,3:35.88",鈴木央雅,0.68,26.8
No.6,男子,4x100mフリ-リレ-,3:30.77,3:30.77,72~119歳,3:44.19,1,セ・清瀬,)89歳,2/8,4:05.30,,"26.8,1:01.12,1:31.20,2:06.54,2:34.77,3:08.32,3:35.88",西沢歩,0.46,30.08
No.6,男子,4x100mフリ-リレ-,3:30.77,3:30.77,72~119歳,3:44.19,1,セ・清瀬,)89歳,2/8,4:05.30,,"26.8,1:01.12,1:31.20,2:06.54,2:34.77,3:08.32,3:35.88",金子智哉,0.14,28.23
No.6,男子,4x100mフリ-リレ-,3:30.77,3:30.77,72~119歳,3:44.19,1,セ・清瀬,)89歳,2/8,4:05.30,,"26.8,1:01.12,1:31.20,2:06.54,2:34.77,3:08.32,3:35.88",萩原裕大,0.32,27.56
No.6,男子,4x100mフリ-リレ-,3:30.77,3:30.77,72~119歳,3:44.19,2,セ・二俣川,)96歳,2/4,4:05.88,,"28.22,1:00.38,1:28.42,2:00.22,2:30.52,3:05.21,3:33.50",山﨑陸真,0.77,28.22
No.6,男子,4x100mフリ-リレ-,3:30.77,3:30.77,72~119歳,3:44.19,2,セ・二俣川,)96歳,2/4,4:05.88,,"28.22,1:00.38,1:28.42,2:00.22,2:30.52,3:05.21,3:33.50",田中啓二朗,0.25,28.04
No.6,男子,4x100mフリ-リレ-,3:30.77,3:30.77,72~119歳,3:44.19,2,セ・二俣川,)96歳,2/4,4:05.88,,"28.22,1:00.38,1:28.42,2:00.22,2:30.52,3:05.21,3:33.50",杉山大亜,0.32,30.3
No.6,男子,4x100mフリ-リレ-,3:30.77,3:30.77,72~119歳,3:44.19,2,セ・二俣川,)96歳,2/4,4:05.88,,"28.22,1:00.38,1:28.42,2:00.22,2:30.52,3:05.21,3:33.50",秋澤裕介,0.23,28.29
No.11,女子,4x50mメドレ-リレ-,2:34.78,2:43.32,280~319歳,3:12.99,1,セ・葛西,286歳,1/4,3:04.43,,"50.23,1:38.60,2:22.43",松村恵子,0.77,50.23
No.11,女子,4x50mメドレ-リレ-,2:34.78,2:43.32,280~319歳,3:12.99,1,セ・葛西,286歳,1/4,3:04.43,,"50.23,1:38.60,2:22.43",菅野泰子,0.33,48.37
No.11,女子,4x50mメドレ-リレ-,2:34.78,2:43.32,280~319歳,3:12.99,1,セ・葛西,286歳,1/4,3:04.43,,"50.23,1:38.60,2:22.43",大山恵子,0.5,43.83
No.11,女子,4x50mメドレ-リレ-,2:34.78,2:43.32,280~319歳,3:12.99,1,セ・葛西,286歳,1/4,3:04.43,,"50.23,1:38.60,2:22.43",青砥美智子,0.42,42
No.11,女子,4x50mメドレ-リレ-,2:34.78,2:43.32,280~319歳,3:12.99,2,セ・成城,285歳,1/3,3:28.96,,"1:01.05,1:55.93,2:49.22",大塚裕子,0.59,1:01.05
No.11,女子,4x50mメドレ-リレ-,2:34.78,2:43.32,280~319歳,3:12.99,2,セ・成城,285歳,1/3,3:28.96,,"1:01.05,1:55.93,2:49.22",栗林眞知子,0.3,54.88
No.11,女子,4x50mメドレ-リレ-,2:34.78,2:43.32,280~319歳,3:12.99,2,セ・成城,285歳,1/3,3:28.96,,"1:01.05,1:55.93,2:49.22",草森理子,0.45,53.29
No.11,女子,4x50mメドレ-リレ-,2:34.78,2:43.32,280~319歳,3:12.99,2,セ・成城,285歳,1/3,3:28.96,,"1:01.05,1:55.93,2:49.22",伊藤ゆかり,0.51,39.74
No.11,女子,4x50mメドレ-リレ-,2:34.78,2:43.32,280~319歳,3:12.99,3,墨田区体育館,297歳,1/8,3:59.60,,"58.54,2:04.72,3:16.29",吉田三枝子,0.84,58.54
No.11,女子,4x50mメドレ-リレ-,2:34.78,2:43.32,280~319歳,3:12.99,3,墨田区体育館,297歳,1/8,3:59.60,,"58.54,2:04.72,3:16.29",末光とき子,0.62,1:06.18
No.11,女子,4x50mメドレ-リレ-,2:34.78,2:43.32,280~319歳,3:12.99,3,墨田区体育館,297歳,1/8,3:59.60,,"58.54,2:04.72,3:16.29",青木洋子,0.48,1:11.57
No.11,女子,4x50mメドレ-リレ-,2:34.78,2:43.32,280~319歳,3:12.99,3,墨田区体育館,297歳,1/8,3:59.60,,"58.54,2:04.72,3:16.29",見崎幸子,43.31,
No.11,女子,4x50mメドレ-リレ-,2:34.78,2:43.32,280~319歳,3:12.99,4,セ・慶應日吉,305歳,1/2,3:59.69,,"1:02.67,2:04.79,3:06.81",池淵玲子,0.66,1:02.67
No.11,女子,4x50mメドレ-リレ-,2:34.78,2:43.32,280~319歳,3:12.99,4,セ・慶應日吉,305歳,1/2,3:59.69,,"1:02.67,2:04.79,3:06.81",岡本靖子,0.61,1:02.12
No.11,女子,4x50mメドレ-リレ-,2:34.78,2:43.32,280~319歳,3:12.99,4,セ・慶應日吉,305歳,1/2,3:59.69,,"1:02.67,2:04.79,3:06.81",竹原君枝,0.02,1:02.02
No.11,女子,4x50mメドレ-リレ-,2:34.78,2:43.32,280~319歳,3:12.99,4,セ・慶應日吉,305歳,1/2,3:59.69,,"1:02.67,2:04.79,3:06.81",田野倉和子,0.66,52.88
No.11,女子,4x50mメドレ-リレ-,2:19.90,2:25.60,240~279歳,2:34.86,1,セ・成城,248歳,2/7,2:46.43,,"46.64,1:34.75,2:10.81",茂櫛典子,0.63,46.64
No.11,女子,4x50mメドレ-リレ-,2:19.90,2:25.60,240~279歳,2:34.86,1,セ・成城,248歳,2/7,2:46.43,,"46.64,1:34.75,2:10.81",高梨美樹,0.38,48.11
No.11,女子,4x50mメドレ-リレ-,2:19.90,2:25.60,240~279歳,2:34.86,1,セ・成城,248歳,2/7,2:46.43,,"46.64,1:34.75,2:10.81",仲田久美子,0.57,36.06
No.11,女子,4x50mメドレ-リレ-,2:19.90,2:25.60,240~279歳,2:34.86,1,セ・成城,248歳,2/7,2:46.43,,"46.64,1:34.75,2:10.81",高柳祐子,0.17,35.62
No.11,女子,4x50mメドレ-リレ-,2:19.90,2:25.60,240~279歳,2:34.86,2,セ・二俣川,245歳,2/3,2:49.28,,"44.58,1:30.50,2:09.05",上野真弓,0.79,44.58
No.11,女子,4x50mメドレ-リレ-,2:19.90,2:25.60,240~279歳,2:34.86,2,セ・二俣川,245歳,2/3,2:49.28,,"44.58,1:30.50,2:09.05",野島久枝,0.56,45.92
No.11,女子,4x50mメドレ-リレ-,2:19.90,2:25.60,240~279歳,2:34.86,2,セ・二俣川,245歳,2/3,2:49.28,,"44.58,1:30.50,2:09.05",武井麻知子,0.43,38.55
No.11,女子,4x50mメドレ-リレ-,2:19.90,2:25.60,240~279歳,2:34.86,2,セ・二俣川,245歳,2/3,2:49.28,,"44.58,1:30.50,2:09.05",盛田真規子,0.62,40.23
No.11,女子,4x50mメドレ-リレ-,2:19.90,2:25.60,240~279歳,2:34.86,3,セ・成瀬,252歳,2/2,3:07.96,,"52.01,1:40.59,2:22.61",中平信子,0.64,52.01
No.11,女子,4x50mメドレ-リレ-,2:19.90,2:25.60,240~279歳,2:34.86,3,セ・成瀬,252歳,2/2,3:07.96,,"52.01,1:40.59,2:22.61",米澤美智子,0.31,48.58
No.11,女子,4x50mメドレ-リレ-,2:19.90,2:25.60,240~279歳,2:34.86,3,セ・成瀬,252歳,2/2,3:07.96,,"52.01,1:40.59,2:22.61",青山里香,0.41,42.02
No.11,女子,4x50mメドレ-リレ-,2:19.90,2:25.60,240~279歳,2:34.86,3,セ・成瀬,252歳,2/2,3:07.96,,"52.01,1:40.59,2:22.61",久松葉子,0.84,45.35
No.11,女子,4x50mメドレ-リレ-,2:19.90,2:25.60,240~279歳,2:34.86,4,セ・成城,258歳,2/9,3:17.29,,"48.12,1:37.75,2:32.41",松田聡美,0.74,48.12
No.11,女子,4x50mメドレ-リレ-,2:19.90,2:25.60,240~279歳,2:34.86,4,セ・成城,258歳,2/9,3:17.29,,"48.12,1:37.75,2:32.41",田代眞理子,0.33,49.63
No.11,女子,4x50mメドレ-リレ-,2:19.90,2:25.60,240~279歳,2:34.86,4,セ・成城,258歳,2/9,3:17.29,,"48.12,1:37.75,2:32.41",廣瀬伸子,0.54,54.66
No.11,女子,4x50mメドレ-リレ-,2:19.90,2:25.60,240~279歳,2:34.86,4,セ・成城,258歳,2/9,3:17.29,,"48.12,1:37.75,2:32.41",柳沢智子,0.67,44.88
No.11,女子,4x50mメドレ-リレ-,2:08.87,2:13.47,200~239歳,2:20.02,1,セ・市ヶ尾,200歳,3/3,2:34.60,,"43.45,1:26.38,1:57.57",高橋麻子,0.76,43.45
No.11,女子,4x50mメドレ-リレ-,2:08.87,2:13.47,200~239歳,2:20.02,1,セ・市ヶ尾,200歳,3/3,2:34.60,,"43.45,1:26.38,1:57.57",小山知子,0.04,42.93
No.11,女子,4x50mメドレ-リレ-,2:08.87,2:13.47,200~239歳,2:20.02,1,セ・市ヶ尾,200歳,3/3,2:34.60,,"43.45,1:26.38,1:57.57",池田百合子,0.36,31.19
No.11,女子,4x50mメドレ-リレ-,2:08.87,2:13.47,200~239歳,2:20.02,1,セ・市ヶ尾,200歳,3/3,2:34.60,,"43.45,1:26.38,1:57.57",白須靖子,0.41,37.03
No.11,女子,4x50mメドレ-リレ-,2:08.87,2:13.47,200~239歳,2:20.02,2,セ・越谷,204歳,2/4,2:38.87,,"45.42,1:30.12,2:03.19",石田良子,0.57,45.42
No.11,女子,4x50mメドレ-リレ-,2:08.87,2:13.47,200~239歳,2:20.02,2,セ・越谷,204歳,2/4,2:38.87,,"45.42,1:30.12,2:03.19",磯村由紀子,0,44.7
No.11,女子,4x50mメドレ-リレ-,2:08.87,2:13.47,200~239歳,2:20.02,2,セ・越谷,204歳,2/4,2:38.87,,"45.42,1:30.12,2:03.19",遠藤桃,0.75,33.07
No.11,女子,4x50mメドレ-リレ-,2:08.87,2:13.47,200~239歳,2:20.02,2,セ・越谷,204歳,2/4,2:38.87,,"45.42,1:30.12,2:03.19",細沼悦子,0.34,35.68
No.11,女子,4x50mメドレ-リレ-,2:08.87,2:13.47,200~239歳,2:20.02,3,セ・二俣川,200歳,2/5,2:47.35,,"43.16,1:28.00,2:11.34",草野茜,0.64,43.16
No.11,女子,4x50mメドレ-リレ-,2:08.87,2:13.47,200~239歳,2:20.02,3,セ・二俣川,200歳,2/5,2:47.35,,"43.16,1:28.00,2:11.34",永瀬秀子,0.31,44.84
No.11,女子,4x50mメドレ-リレ-,2:08.87,2:13.47,200~239歳,2:20.02,3,セ・二俣川,200歳,2/5,2:47.35,,"43.16,1:28.00,2:11.34",吉池奈々,0.53,43.34
No.11,女子,4x50mメドレ-リレ-,2:08.87,2:13.47,200~239歳,2:20.02,3,セ・二俣川,200歳,2/5,2:47.35,,"43.16,1:28.00,2:11.34",前田由希映,0.62,36.01
No.11,女子,4x50mメドレ-リレ-,2:08.87,2:13.47,200~239歳,2:20.02,4,セ・松戸,216歳,2/6,2:47.92,,"44.88,1:33.27,2:16.31",及川薫,0.78,44.88
No.11,女子,4x50mメドレ-リレ-,2:08.87,2:13.47,200~239歳,2:20.02,4,セ・松戸,216歳,2/6,2:47.92,,"44.88,1:33.27,2:16.31",八尋加苗,0.4,48.39
No.11,女子,4x50mメドレ-リレ-,2:08.87,2:13.47,200~239歳,2:20.02,4,セ・松戸,216歳,2/6,2:47.92,,"44.88,1:33.27,2:16.31",青木華世子,0.23,43.04
No.11,女子,4x50mメドレ-リレ-,2:08.87,2:13.47,200~239歳,2:20.02,4,セ・松戸,216歳,2/6,2:47.92,,"44.88,1:33.27,2:16.31",柳美希,0.48,31.61
No.11,女子,4x50mメドレ-リレ-,2:08.87,2:13.47,200~239歳,2:20.02,5,セ・慶應日吉,205歳,2/8,2:54.27,,"47.98,1:44.62,2:18.42",中野朗子,0.77,47.98
No.11,女子,4x50mメドレ-リレ-,2:08.87,2:13.47,200~239歳,2:20.02,5,セ・慶應日吉,205歳,2/8,2:54.27,,"47.98,1:44.62,2:18.42",鈴木夏実,,56.64
No.11,女子,4x50mメドレ-リレ-,2:08.87,2:13.47,200~239歳,2:20.02,5,セ・慶應日吉,205歳,2/8,2:54.27,,"47.98,1:44.62,2:18.42",宮本八重,0.47,33.8
No.11,女子,4x50mメドレ-リレ-,2:08.87,2:13.47,200~239歳,2:20.02,5,セ・慶應日吉,205歳,2/8,2:54.27,,"47.98,1:44.62,2:18.42",福本麻美,0.67,35.85
No.11,女子,4x50mメドレ-リレ-,2:08.87,2:13.47,200~239歳,2:20.02,6,セ・清瀬,239歳,1/6,3:02.43,,"52.15,1:41.54,2:25.73",小笠原暁子,0.81,52.15
No.11,女子,4x50mメドレ-リレ-,2:08.87,2:13.47,200~239歳,2:20.02,6,セ・清瀬,239歳,1/6,3:02.43,,"52.15,1:41.54,2:25.73",佐藤美絵子,0.63,49.39
No.11,女子,4x50mメドレ-リレ-,2:08.87,2:13.47,200~239歳,2:20.02,6,セ・清瀬,239歳,1/6,3:02.43,,"52.15,1:41.54,2:25.73",岡田眞弓,0.63,44.19
No.11,女子,4x50mメドレ-リレ-,2:08.87,2:13.47,200~239歳,2:20.02,6,セ・清瀬,239歳,1/6,3:02.43,,"52.15,1:41.54,2:25.73",大槻真由美,0.57,36.7
No.11,女子,4x50mメドレ-リレ-,2:08.87,2:13.47,200~239歳,2:20.02,7,セ・越谷,227歳,1/5,3:03.02,,"45.61,1:39.77,2:18.54",小林のぞみ,0.59,45.61
No.11,女子,4x50mメドレ-リレ-,2:08.87,2:13.47,200~239歳,2:20.02,7,セ・越谷,227歳,1/5,3:03.02,,"45.61,1:39.77,2:18.54",太田初美,0.57,54.16
No.11,女子,4x50mメドレ-リレ-,2:08.87,2:13.47,200~239歳,2:20.02,7,セ・越谷,227歳,1/5,3:03.02,,"45.61,1:39.77,2:18.54",山田未紗子,0.28,38.77
No.11,女子,4x50mメドレ-リレ-,2:08.87,2:13.47,200~239歳,2:20.02,7,セ・越谷,227歳,1/5,3:03.02,,"45.61,1:39.77,2:18.54",米林清子,0.76,44.48
No.11,女子,4x50mメドレ-リレ-,2:08.87,2:13.47,200~239歳,2:20.02,8,セ・桶川北本,205歳,1/7,3:09.79,,"55.08,1:51.47,2:27.16",村岡貴子,0.89,55.08
No.11,女子,4x50mメドレ-リレ-,2:08.87,2:13.47,200~239歳,2:20.02,8,セ・桶川北本,205歳,1/7,3:09.79,,"55.08,1:51.47,2:27.16",加藤涼子,0.65,56.39
No.11,女子,4x50mメドレ-リレ-,2:08.87,2:13.47,200~239歳,2:20.02,8,セ・桶川北本,205歳,1/7,3:09.79,,"55.08,1:51.47,2:27.16",梅澤亮子,0.53,35.69
No.11,女子,4x50mメドレ-リレ-,2:08.87,2:13.47,200~239歳,2:20.02,8,セ・桶川北本,205歳,1/7,3:09.79,,"55.08,1:51.47,2:27.16",山本登美子,,42.63
No.11,女子,4x50mメドレ-リレ-,2:02.92,2:06.69,160~199歳,2:15.71,1,セ・葛西,187歳,3/2,2:29.46,,"38.15,1:24.31,1:57.38",永田加那子,0.54,38.15
No.11,女子,4x50mメドレ-リレ-,2:02.92,2:06.69,160~199歳,2:15.71,1,セ・葛西,187歳,3/2,2:29.46,,"38.15,1:24.31,1:57.38",羽山恵津子,0.36,46.16
No.11,女子,4x50mメドレ-リレ-,2:02.92,2:06.69,160~199歳,2:15.71,1,セ・葛西,187歳,3/2,2:29.46,,"38.15,1:24.31,1:57.38",大椛詩織,0.63,33.07
No.11,女子,4x50mメドレ-リレ-,2:02.92,2:06.69,160~199歳,2:15.71,1,セ・葛西,187歳,3/2,2:29.46,,"38.15,1:24.31,1:57.38",原田佳子,0.32,32.08
No.11,女子,4x50mメドレ-リレ-,2:02.92,2:06.69,160~199歳,2:15.71,2,セ・大森,199歳,3/10,2:34.98,,"36.86,1:24.50,1:57.11",浅尾有香,0.63,36.86
No.11,女子,4x50mメドレ-リレ-,2:02.92,2:06.69,160~199歳,2:15.71,2,セ・大森,199歳,3/10,2:34.98,,"36.86,1:24.50,1:57.11",大島江理子,0.54,47.64
No.11,女子,4x50mメドレ-リレ-,2:02.92,2:06.69,160~199歳,2:15.71,2,セ・大森,199歳,3/10,2:34.98,,"36.86,1:24.50,1:57.11",田中志歩,0.27,32.61
No.11,女子,4x50mメドレ-リレ-,2:02.92,2:06.69,160~199歳,2:15.71,2,セ・大森,199歳,3/10,2:34.98,,"36.86,1:24.50,1:57.11",立石由美子,0.47,37.87
No.11,女子,4x50mメドレ-リレ-,2:02.92,2:06.69,160~199歳,2:15.71,3,セ・成城,188歳,3/8,2:35.59,,"39.77,1:24.68,2:00.71",羽田文,0.73,39.77
No.11,女子,4x50mメドレ-リレ-,2:02.92,2:06.69,160~199歳,2:15.71,3,セ・成城,188歳,3/8,2:35.59,,"39.77,1:24.68,2:00.71",佐藤洋子,0.36,44.91
No.11,女子,4x50mメドレ-リレ-,2:02.92,2:06.69,160~199歳,2:15.71,3,セ・成城,188歳,3/8,2:35.59,,"39.77,1:24.68,2:00.71",佐々木彩,0.16,36.03
No.11,女子,4x50mメドレ-リレ-,2:02.92,2:06.69,160~199歳,2:15.71,3,セ・成城,188歳,3/8,2:35.59,,"39.77,1:24.68,2:00.71",岩田愛恵,0.4,34.88
No.11,女子,4x50mメドレ-リレ-,2:02.92,2:06.69,160~199歳,2:15.71,4,セ・阿佐谷,191歳,3/6,2:43.54,,"38.91,1:28.68,2:05.53",小野真佐子,0.71,38.91
No.11,女子,4x50mメドレ-リレ-,2:02.92,2:06.69,160~199歳,2:15.71,4,セ・阿佐谷,191歳,3/6,2:43.54,,"38.91,1:28.68,2:05.53",石原なおみ,0.57,49.77
No.11,女子,4x50mメドレ-リレ-,2:02.92,2:06.69,160~199歳,2:15.71,4,セ・阿佐谷,191歳,3/6,2:43.54,,"38.91,1:28.68,2:05.53",今井恵子,0.63,36.85
No.11,女子,4x50mメドレ-リレ-,2:02.92,2:06.69,160~199歳,2:15.71,4,セ・阿佐谷,191歳,3/6,2:43.54,,"38.91,1:28.68,2:05.53",野島正代,0.4,38.01
No.11,女子,4x50mメドレ-リレ-,1:59.41,1:59.41,120~159歳,2:16.17,1,セ・長津田,140歳,3/7,2:23.34,,"36.34,1:15.40,1:46.21",川北恵,0.73,36.34
No.11,女子,4x50mメドレ-リレ-,1:59.41,1:59.41,120~159歳,2:16.17,1,セ・長津田,140歳,3/7,2:23.34,,"36.34,1:15.40,1:46.21",長崎千怜,0.32,39.06
No.11,女子,4x50mメドレ-リレ-,1:59.41,1:59.41,120~159歳,2:16.17,1,セ・長津田,140歳,3/7,2:23.34,,"36.34,1:15.40,1:46.21",吉村華余,0.17,30.81
No.11,女子,4x50mメドレ-リレ-,1:59.41,1:59.41,120~159歳,2:16.17,1,セ・長津田,140歳,3/7,2:23.34,,"36.34,1:15.40,1:46.21",久保かおり,0.4,37.13
No.11,女子,4x50mメドレ-リレ-,1:59.41,1:59.41,120~159歳,2:16.17,2,セ・南青山,131歳,3/1,2:33.65,,"41.09,1:16.99,1:53.04",友田智哲,0.70,41.09
No.11,女子,4x50mメドレ-リレ-,1:59.41,1:59.41,120~159歳,2:16.17,2,セ・南青山,131歳,3/1,2:33.65,,"41.09,1:16.99,1:53.04",竹山睦月,0.32,35.9
No.11,女子,4x50mメドレ-リレ-,1:59.41,1:59.41,120~159歳,2:16.17,2,セ・南青山,131歳,3/1,2:33.65,,"41.09,1:16.99,1:53.04",皆川すみれ,0.63,36.05
No.11,女子,4x50mメドレ-リレ-,1:59.41,1:59.41,120~159歳,2:16.17,2,セ・南青山,131歳,3/1,2:33.65,,"41.09,1:16.99,1:53.04",國政玲,0.47,40.61
No.11,女子,4x50mメドレ-リレ-,1:59.41,1:59.41,120~159歳,2:16.17,3,セ・おおたか,152歳,3/9,2:37.99,,"44.66,1:27.67,2:03.27",髙橋未沙,0.84,44.66
No.11,女子,4x50mメドレ-リレ-,1:59.41,1:59.41,120~159歳,2:16.17,3,セ・おおたか,152歳,3/9,2:37.99,,"44.66,1:27.67,2:03.27",中村可奈子,0.77,43.01
No.11,女子,4x50mメドレ-リレ-,1:59.41,1:59.41,120~159歳,2:16.17,3,セ・おおたか,152歳,3/9,2:37.99,,"44.66,1:27.67,2:03.27",嶋田菜々子,0.34,35.6
No.11,女子,4x50mメドレ-リレ-,1:59.41,1:59.41,120~159歳,2:16.17,3,セ・おおたか,152歳,3/9,2:37.99,,"44.66,1:27.67,2:03.27",柳有美子,0.58,34.72
No.11,女子,4x50mメドレ-リレ-,2:00.05,2:02.39,72~119歳,2:13.72,1,セ・二俣川,100歳,3/5,2:23.05,,"34.9,1:17.85,1:49.77",竹下菜々美,0.63,34.90
No.11,女子,4x50mメドレ-リレ-,2:00.05,2:02.39,72~119歳,2:13.72,1,セ・二俣川,100歳,3/5,2:23.05,,"34.9,1:17.85,1:49.77",深堀陽子,0.52,42.95
No.11,女子,4x50mメドレ-リレ-,2:00.05,2:02.39,72~119歳,2:13.72,1,セ・二俣川,100歳,3/5,2:23.05,,"34.9,1:17.85,1:49.77",表侑寿,0.34,31.92
No.11,女子,4x50mメドレ-リレ-,2:00.05,2:02.39,72~119歳,2:13.72,1,セ・二俣川,100歳,3/5,2:23.05,,"34.9,1:17.85,1:49.77",松本彩花,0.1,33.28
No.11,女子,4x50mメドレ-リレ-,2:00.05,2:02.39,72~119歳,2:13.72,2,セ・成城,111歳,3/4,2:23.73,,"35.97,1:17.47,1:52.41",広瀬幸音,0.65,35.97
No.11,女子,4x50mメドレ-リレ-,2:00.05,2:02.39,72~119歳,2:13.72,2,セ・成城,111歳,3/4,2:23.73,,"35.97,1:17.47,1:52.41",仲田笑美,0.64,41.5
No.11,女子,4x50mメドレ-リレ-,2:00.05,2:02.39,72~119歳,2:13.72,2,セ・成城,111歳,3/4,2:23.73,,"35.97,1:17.47,1:52.41",中畑眸,0.56,34.94
No.11,女子,4x50mメドレ-リレ-,2:00.05,2:02.39,72~119歳,2:13.72,2,セ・成城,111歳,3/4,2:23.73,,"35.97,1:17.47,1:52.41",宮田さくら,0.17,31.32
No.12,男子,4x50mメドレ-リレ-,2:07.03,2:17.91,280~319歳,2:35.20,1,セ・成城,291歳,1/7,2:49.09,,"44.28,1:31.75,2:12.43",吉田亮,0.89,44.28
No.12,男子,4x50mメドレ-リレ-,2:07.03,2:17.91,280~319歳,2:35.20,1,セ・成城,291歳,1/7,2:49.09,,"44.28,1:31.75,2:12.43",中井岳郎,0.46,47.47
No.12,男子,4x50mメドレ-リレ-,2:07.03,2:17.91,280~319歳,2:35.20,1,セ・成城,291歳,1/7,2:49.09,,"44.28,1:31.75,2:12.43",木津誠,0.59,40.68
No.12,男子,4x50mメドレ-リレ-,2:07.03,2:17.91,280~319歳,2:35.20,1,セ・成城,291歳,1/7,2:49.09,,"44.28,1:31.75,2:12.43",若宮強,0.6,36.66
No.12,男子,4x50mメドレ-リレ-,2:07.03,2:17.91,280~319歳,2:35.20,2,セ・阿佐谷,285歳,1/8,3:01.89,,"59.19,1:42.71,2:21.89",伴野保志,1.00,59.19
No.12,男子,4x50mメドレ-リレ-,2:07.03,2:17.91,280~319歳,2:35.20,2,セ・阿佐谷,285歳,1/8,3:01.89,,"59.19,1:42.71,2:21.89",吉村進,0.09,43.52
No.12,男子,4x50mメドレ-リレ-,2:07.03,2:17.91,280~319歳,2:35.20,2,セ・阿佐谷,285歳,1/8,3:01.89,,"59.19,1:42.71,2:21.89",久保田勝己,0.42,39.18
No.12,男子,4x50mメドレ-リレ-,2:07.03,2:17.91,280~319歳,2:35.20,2,セ・阿佐谷,285歳,1/8,3:01.89,,"59.19,1:42.71,2:21.89",宇佐美栄二,0.48,40
No.12,男子,4x50mメドレ-リレ-,1:57.46,2:03.13,240~279歳,2:03.13,1,セ・二俣川,242歳,1/5,2:38.23,,"36.27,1:19.80,2:04.04",下家成人,0.70,36.27
No.12,男子,4x50mメドレ-リレ-,1:57.46,2:03.13,240~279歳,2:03.13,1,セ・二俣川,242歳,1/5,2:38.23,,"36.27,1:19.80,2:04.04",草野剛史,0.43,43.53
No.12,男子,4x50mメドレ-リレ-,1:57.46,2:03.13,240~279歳,2:03.13,1,セ・二俣川,242歳,1/5,2:38.23,,"36.27,1:19.80,2:04.04",香川左近,0.48,44.24
No.12,男子,4x50mメドレ-リレ-,1:57.46,2:03.13,240~279歳,2:03.13,1,セ・二俣川,242歳,1/5,2:38.23,,"36.27,1:19.80,2:04.04",若島健二,0.46,34.19
No.12,男子,4x50mメドレ-リレ-,1:57.46,2:03.13,240~279歳,2:03.13,2,セ・長津田,252歳,1/6,2:46.90,,"45.38,1:25.55,2:13.66",西森文史郎,0.71,45.38
No.12,男子,4x50mメドレ-リレ-,1:57.46,2:03.13,240~279歳,2:03.13,2,セ・長津田,252歳,1/6,2:46.90,,"45.38,1:25.55,2:13.66",池谷千尋,0.29,40.17
No.12,男子,4x50mメドレ-リレ-,1:57.46,2:03.13,240~279歳,2:03.13,2,セ・長津田,252歳,1/6,2:46.90,,"45.38,1:25.55,2:13.66",飯沼明,0.55,48.11
No.12,男子,4x50mメドレ-リレ-,1:57.46,2:03.13,240~279歳,2:03.13,2,セ・長津田,252歳,1/6,2:46.90,,"45.38,1:25.55,2:13.66",金子謙一,0.21,33.24
No.12,男子,4x50mメドレ-リレ-,1:57.46,2:03.13,240~279歳,2:03.13,3,セ・葛西,253歳,1/3,2:50.66,,"39.23,1:29.50,2:05.33",宮木幸彦,0.77,39.23
No.12,男子,4x50mメドレ-リレ-,1:57.46,2:03.13,240~279歳,2:03.13,3,セ・葛西,253歳,1/3,2:50.66,,"39.23,1:29.50,2:05.33",赤坂吉昭,0.34,50.27
No.12,男子,4x50mメドレ-リレ-,1:57.46,2:03.13,240~279歳,2:03.13,3,セ・葛西,253歳,1/3,2:50.66,,"39.23,1:29.50,2:05.33",原田真,0.44,35.83
No.12,男子,4x50mメドレ-リレ-,1:57.46,2:03.13,240~279歳,2:03.13,3,セ・葛西,253歳,1/3,2:50.66,,"39.23,1:29.50,2:05.33",大内洋,0.52,45.33
No.12,男子,4x50mメドレ-リレ-,1:57.46,2:03.13,240~279歳,2:03.13,4,G-SPA,251歳,1/2,2:54.85,,"41.88,1:29.05,2:13.69",佐々木栄一,0.72,41.88
No.12,男子,4x50mメドレ-リレ-,1:57.46,2:03.13,240~279歳,2:03.13,4,G-SPA,251歳,1/2,2:54.85,,"41.88,1:29.05,2:13.69",若山聖亮,0.79,47.17
No.12,男子,4x50mメドレ-リレ-,1:57.46,2:03.13,240~279歳,2:03.13,4,G-SPA,251歳,1/2,2:54.85,,"41.88,1:29.05,2:13.69",福田剛紀,0.21,44.64
No.12,男子,4x50mメドレ-リレ-,1:57.46,2:03.13,240~279歳,2:03.13,4,G-SPA,251歳,1/2,2:54.85,,"41.88,1:29.05,2:13.69",中村雄一,,41.16
No.12,男子,4x50mメドレ-リレ-,1:50.83,1:52.57,200~239歳,1:56.72,1,セ・市ヶ尾,200歳,4/9,2:02.39,,"31.23,1:08.92,1:35.59",田窪達,0.64,31.23
No.12,男子,4x50mメドレ-リレ-,1:50.83,1:52.57,200~239歳,1:56.72,1,セ・市ヶ尾,200歳,4/9,2:02.39,,"31.23,1:08.92,1:35.59",廣松伸一,0.38,37.69
No.12,男子,4x50mメドレ-リレ-,1:50.83,1:52.57,200~239歳,1:56.72,1,セ・市ヶ尾,200歳,4/9,2:02.39,,"31.23,1:08.92,1:35.59",池田正輝,0.23,26.67
No.12,男子,4x50mメドレ-リレ-,1:50.83,1:52.57,200~239歳,1:56.72,1,セ・市ヶ尾,200歳,4/9,2:02.39,,"31.23,1:08.92,1:35.59",木村考太,0.31,26.8
No.12,男子,4x50mメドレ-リレ-,1:50.83,1:52.57,200~239歳,1:56.72,2,セ・清瀬,210歳,3/6,2:08.89,,"35.08,1:09.78,1:41.53",山田耕一,0.64,35.08
No.12,男子,4x50mメドレ-リレ-,1:50.83,1:52.57,200~239歳,1:56.72,2,セ・清瀬,210歳,3/6,2:08.89,,"35.08,1:09.78,1:41.53",小倉和彦,0.36,34.7
No.12,男子,4x50mメドレ-リレ-,1:50.83,1:52.57,200~239歳,1:56.72,2,セ・清瀬,210歳,3/6,2:08.89,,"35.08,1:09.78,1:41.53",小倉秀和,0.53,31.75
No.12,男子,4x50mメドレ-リレ-,1:50.83,1:52.57,200~239歳,1:56.72,2,セ・清瀬,210歳,3/6,2:08.89,,"35.08,1:09.78,1:41.53",大窪康治,0.29,27.36
No.12,男子,4x50mメドレ-リレ-,1:50.83,1:52.57,200~239歳,1:56.72,3,セ・成城,200歳,2/6,2:18.56,,"32.66,1:07.85,1:39.12",井口暢彦,0.69,32.66
No.12,男子,4x50mメドレ-リレ-,1:50.83,1:52.57,200~239歳,1:56.72,3,セ・成城,200歳,2/6,2:18.56,,"32.66,1:07.85,1:39.12",石井龍,0.65,35.19
No.12,男子,4x50mメドレ-リレ-,1:50.83,1:52.57,200~239歳,1:56.72,3,セ・成城,200歳,2/6,2:18.56,,"32.66,1:07.85,1:39.12",村守,0.56,31.27
No.12,男子,4x50mメドレ-リレ-,1:50.83,1:52.57,200~239歳,1:56.72,3,セ・成城,200歳,2/6,2:18.56,,"32.66,1:07.85,1:39.12",浦田昌和,0.45,39.44
No.12,男子,4x50mメドレ-リレ-,1:50.83,1:52.57,200~239歳,1:56.72,4,セ・二俣川,200歳,2/5,2:20.23,,"36.3,1:14.18,1:45.62",長崎啓,0.64,36.30
No.12,男子,4x50mメドレ-リレ-,1:50.83,1:52.57,200~239歳,1:56.72,4,セ・二俣川,200歳,2/5,2:20.23,,"36.3,1:14.18,1:45.62",石上智啓,0.3,37.88
No.12,男子,4x50mメドレ-リレ-,1:50.83,1:52.57,200~239歳,1:56.72,4,セ・二俣川,200歳,2/5,2:20.23,,"36.3,1:14.18,1:45.62",堀川広祐,0.38,31.44
No.12,男子,4x50mメドレ-リレ-,1:50.83,1:52.57,200~239歳,1:56.72,4,セ・二俣川,200歳,2/5,2:20.23,,"36.3,1:14.18,1:45.62",宮本昌雄,0.38,34.61
No.12,男子,4x50mメドレ-リレ-,1:50.83,1:52.57,200~239歳,1:56.72,5,セ・用賀,202歳,2/4,2:24.78,,"36.28,1:20.83,1:54.04",柄澤英也,0.71,36.28
No.12,男子,4x50mメドレ-リレ-,1:50.83,1:52.57,200~239歳,1:56.72,5,セ・用賀,202歳,2/4,2:24.78,,"36.28,1:20.83,1:54.04",佐藤正章,0.38,44.55
No.12,男子,4x50mメドレ-リレ-,1:50.83,1:52.57,200~239歳,1:56.72,5,セ・用賀,202歳,2/4,2:24.78,,"36.28,1:20.83,1:54.04",和田浩一,0.35,33.21
No.12,男子,4x50mメドレ-リレ-,1:50.83,1:52.57,200~239歳,1:56.72,5,セ・用賀,202歳,2/4,2:24.78,,"36.28,1:20.83,1:54.04",亀井智貴,0.04,30.74
No.12,男子,4x50mメドレ-リレ-,1:50.83,1:52.57,200~239歳,1:56.72,6,セ・松戸,202歳,2/8,2:28.81,,"34.61,1:14.61,1:55.74",鈴木敏志,0.78,34.61
No.12,男子,4x50mメドレ-リレ-,1:50.83,1:52.57,200~239歳,1:56.72,6,セ・松戸,202歳,2/8,2:28.81,,"34.61,1:14.61,1:55.74",稲毛仁,0.55,40
No.12,男子,4x50mメドレ-リレ-,1:50.83,1:52.57,200~239歳,1:56.72,6,セ・松戸,202歳,2/8,2:28.81,,"34.61,1:14.61,1:55.74",庄司和明,0.55,41.13
No.12,男子,4x50mメドレ-リレ-,1:50.83,1:52.57,200~239歳,1:56.72,6,セ・松戸,202歳,2/8,2:28.81,,"34.61,1:14.61,1:55.74",和田祐児,,33.07
No.12,男子,4x50mメドレ-リレ-,1:50.83,1:52.57,200~239歳,1:56.72,7,セ・天王洲,211歳,1/4,2:30.85,,"38.23,1:19.71,1:54.48",宅間健介,0.74,38.23
No.12,男子,4x50mメドレ-リレ-,1:50.83,1:52.57,200~239歳,1:56.72,7,セ・天王洲,211歳,1/4,2:30.85,,"38.23,1:19.71,1:54.48",千葉忠英,0.43,41.48
No.12,男子,4x50mメドレ-リレ-,1:50.83,1:52.57,200~239歳,1:56.72,7,セ・天王洲,211歳,1/4,2:30.85,,"38.23,1:19.71,1:54.48",久保卓士,0.71,34.77
No.12,男子,4x50mメドレ-リレ-,1:50.83,1:52.57,200~239歳,1:56.72,7,セ・天王洲,211歳,1/4,2:30.85,,"38.23,1:19.71,1:54.48",日暮正明,0.58,36.37
No.12,男子,4x50mメドレ-リレ-,1:50.83,1:52.57,200~239歳,1:56.72,7,セ・天王洲,211歳,1/4,2:30.85,,"45.27,1:26.05,2:04.34",岡田育行,0.86,45.27
No.12,男子,4x50mメドレ-リレ-,1:50.83,1:52.57,200~239歳,1:56.72,7,セ・天王洲,211歳,1/4,2:30.85,,"45.27,1:26.05,2:04.34",中村幸弘,0.55,40.78
No.12,男子,4x50mメドレ-リレ-,1:50.83,1:52.57,200~239歳,1:56.72,7,セ・天王洲,211歳,1/4,2:30.85,,"45.27,1:26.05,2:04.34",宮崎隆寛,0.15,38.29
No.12,男子,4x50mメドレ-リレ-,1:50.83,1:52.57,200~239歳,1:56.72,7,セ・天王洲,211歳,1/4,2:30.85,,"45.27,1:26.05,2:04.34",横山恵一,,
No.12,男子,4x50mメドレ-リレ-,1:45.47,1:46.32,160~199歳,1:51.35,1,セ・大宮宮原,163歳,3/5,2:06.41,,"39.18,1:08.92,1:36.52",宮川則仁,0.78,39.18
No.12,男子,4x50mメドレ-リレ-,1:45.47,1:46.32,160~199歳,1:51.35,1,セ・大宮宮原,163歳,3/5,2:06.41,,"39.18,1:08.92,1:36.52",石井建幹,0.41,29.74
No.12,男子,4x50mメドレ-リレ-,1:45.47,1:46.32,160~199歳,1:51.35,1,セ・大宮宮原,163歳,3/5,2:06.41,,"39.18,1:08.92,1:36.52",岡内昭伍,0.29,27.6
No.12,男子,4x50mメドレ-リレ-,1:45.47,1:46.32,160~199歳,1:51.35,1,セ・大宮宮原,163歳,3/5,2:06.41,,"39.18,1:08.92,1:36.52",清田真人,0.43,29.89
No.12,男子,4x50mメドレ-リレ-,1:45.47,1:46.32,160~199歳,1:51.35,2,セ・二俣川,163歳,4/10,2:06.61,,"31.42,1:06.00,1:34.93",鶴谷学,0.68,31.42
No.12,男子,4x50mメドレ-リレ-,1:45.47,1:46.32,160~199歳,1:51.35,2,セ・二俣川,163歳,4/10,2:06.61,,"31.42,1:06.00,1:34.93",村田健太,0.45,34.58
No.12,男子,4x50mメドレ-リレ-,1:45.47,1:46.32,160~199歳,1:51.35,2,セ・二俣川,163歳,4/10,2:06.61,,"31.42,1:06.00,1:34.93",永瀬知之,0.23,28.93
No.12,男子,4x50mメドレ-リレ-,1:45.47,1:46.32,160~199歳,1:51.35,2,セ・二俣川,163歳,4/10,2:06.61,,"31.42,1:06.00,1:34.93",山岡哲也,0.28,31.68
No.12,男子,4x50mメドレ-リレ-,1:45.47,1:46.32,160~199歳,1:51.35,3,セ・南千住,192歳,4/8,2:07.20,,"34.07,1:05.06,1:38.27",長谷川仁,0.62,34.07
No.12,男子,4x50mメドレ-リレ-,1:45.47,1:46.32,160~199歳,1:51.35,3,セ・南千住,192歳,4/8,2:07.20,,"34.07,1:05.06,1:38.27",宮川航,0.21,30.99
No.12,男子,4x50mメドレ-リレ-,1:45.47,1:46.32,160~199歳,1:51.35,3,セ・南千住,192歳,4/8,2:07.20,,"34.07,1:05.06,1:38.27",中村勝,0.63,33.21
No.12,男子,4x50mメドレ-リレ-,1:45.47,1:46.32,160~199歳,1:51.35,3,セ・南千住,192歳,4/8,2:07.20,,"34.07,1:05.06,1:38.27",今井裕介,0.36,28.93
No.12,男子,4x50mメドレ-リレ-,1:45.47,1:46.32,160~199歳,1:51.35,4,セ・おおたか,166歳,3/2,2:09.93,,"35.39,1:05.76,1:39.73",岩崎伊吹,0.59,35.39
No.12,男子,4x50mメドレ-リレ-,1:45.47,1:46.32,160~199歳,1:51.35,4,セ・おおたか,166歳,3/2,2:09.93,,"35.39,1:05.76,1:39.73",石井了,0.29,30.37
No.12,男子,4x50mメドレ-リレ-,1:45.47,1:46.32,160~199歳,1:51.35,4,セ・おおたか,166歳,3/2,2:09.93,,"35.39,1:05.76,1:39.73",海辺信吉,0.5,33.97
No.12,男子,4x50mメドレ-リレ-,1:45.47,1:46.32,160~199歳,1:51.35,4,セ・おおたか,166歳,3/2,2:09.93,,"35.39,1:05.76,1:39.73",前田光輝,0.64,30.2
No.12,男子,4x50mメドレ-リレ-,1:45.47,1:46.32,160~199歳,1:51.35,5,セ・大森,174歳,3/1,2:12.96,,"37.5,1:20.44,1:47.42",小林弘典,0.74,37.50
No.12,男子,4x50mメドレ-リレ-,1:45.47,1:46.32,160~199歳,1:51.35,5,セ・大森,174歳,3/1,2:12.96,,"37.5,1:20.44,1:47.42",伊藤正二,0.44,42.94
No.12,男子,4x50mメドレ-リレ-,1:45.47,1:46.32,160~199歳,1:51.35,5,セ・大森,174歳,3/1,2:12.96,,"37.5,1:20.44,1:47.42",内藤寿輝,0.38,26.98
No.12,男子,4x50mメドレ-リレ-,1:45.47,1:46.32,160~199歳,1:51.35,5,セ・大森,174歳,3/1,2:12.96,,"37.5,1:20.44,1:47.42",島脇晃也,0.29,25.54
No.12,男子,4x50mメドレ-リレ-,1:45.47,1:46.32,160~199歳,1:51.35,6,セ・慶應日吉,184歳,3/3,2:13.68,,"33.31,1:18.97,1:44.97",河野悟,0.66,33.31
No.12,男子,4x50mメドレ-リレ-,1:45.47,1:46.32,160~199歳,1:51.35,6,セ・慶應日吉,184歳,3/3,2:13.68,,"33.31,1:18.97,1:44.97",穴田啓樹,0.48,45.66
No.12,男子,4x50mメドレ-リレ-,1:45.47,1:46.32,160~199歳,1:51.35,6,セ・慶應日吉,184歳,3/3,2:13.68,,"33.31,1:18.97,1:44.97",菅原啓,0.44,26
No.12,男子,4x50mメドレ-リレ-,1:45.47,1:46.32,160~199歳,1:51.35,6,セ・慶應日吉,184歳,3/3,2:13.68,,"33.31,1:18.97,1:44.97",松崎敏明,0.4,28.71
No.12,男子,4x50mメドレ-リレ-,1:45.47,1:46.32,160~199歳,1:51.35,7,セ・成瀬,168歳,3/10,2:19.20,,"38.77,1:14.76,1:43.86",栗原大輔,0.64,38.77
No.12,男子,4x50mメドレ-リレ-,1:45.47,1:46.32,160~199歳,1:51.35,7,セ・成瀬,168歳,3/10,2:19.20,,"38.77,1:14.76,1:43.86",荒井優吾,0.88,35.99
No.12,男子,4x50mメドレ-リレ-,1:45.47,1:46.32,160~199歳,1:51.35,7,セ・成瀬,168歳,3/10,2:19.20,,"38.77,1:14.76,1:43.86",石井将太,0.32,29.1
No.12,男子,4x50mメドレ-リレ-,1:45.47,1:46.32,160~199歳,1:51.35,7,セ・成瀬,168歳,3/10,2:19.20,,"38.77,1:14.76,1:43.86",高橋潤,0.54,35.34
No.12,男子,4x50mメドレ-リレ-,1:45.47,1:46.32,160~199歳,1:51.35,8,セ・福生,182歳,2/2,2:27.02,,"43.83,1:25.69,1:57.10",小田島丈典,0.77,43.83
No.12,男子,4x50mメドレ-リレ-,1:45.47,1:46.32,160~199歳,1:51.35,8,セ・福生,182歳,2/2,2:27.02,,"43.83,1:25.69,1:57.10",菅原弘貴,0.36,41.86
No.12,男子,4x50mメドレ-リレ-,1:45.47,1:46.32,160~199歳,1:51.35,8,セ・福生,182歳,2/2,2:27.02,,"43.83,1:25.69,1:57.10",桐本兼輔,0.49,31.41
No.12,男子,4x50mメドレ-リレ-,1:45.47,1:46.32,160~199歳,1:51.35,8,セ・福生,182歳,2/2,2:27.02,,"43.83,1:25.69,1:57.10",宮崎健,0.13,29.92
No.12,男子,4x50mメドレ-リレ-,1:42.06,1:42.09,120~159歳,1:52.11,1,ミズノMT,130歳,3/9,1:55.28,,"29.45,1:01.32,1:30.62",山口雅文,0.71,29.45
No.12,男子,4x50mメドレ-リレ-,1:42.06,1:42.09,120~159歳,1:52.11,1,ミズノMT,130歳,3/9,1:55.28,,"29.45,1:01.32,1:30.62",入江徹,0.46,31.87
No.12,男子,4x50mメドレ-リレ-,1:42.06,1:42.09,120~159歳,1:52.11,1,ミズノMT,130歳,3/9,1:55.28,,"29.45,1:01.32,1:30.62",谷口太文,0.45,29.3
No.12,男子,4x50mメドレ-リレ-,1:42.06,1:42.09,120~159歳,1:52.11,1,ミズノMT,130歳,3/9,1:55.28,,"29.45,1:01.32,1:30.62",安芸祐作,0.37,24.66
No.12,男子,4x50mメドレ-リレ-,1:42.06,1:42.09,120~159歳,1:52.11,2,セ・二俣川,144歳,4/7,1:59.22,,"34.18,1:04.40,1:33.51",杉山大亜,0.62,34.18
No.12,男子,4x50mメドレ-リレ-,1:42.06,1:42.09,120~159歳,1:52.11,2,セ・二俣川,144歳,4/7,1:59.22,,"34.18,1:04.40,1:33.51",立石裕太郎,0.26,30.22
No.12,男子,4x50mメドレ-リレ-,1:42.06,1:42.09,120~159歳,1:52.11,2,セ・二俣川,144歳,4/7,1:59.22,,"34.18,1:04.40,1:33.51",鈴木遼,0.23,29.11
No.12,男子,4x50mメドレ-リレ-,1:42.06,1:42.09,120~159歳,1:52.11,2,セ・二俣川,144歳,4/7,1:59.22,,"34.18,1:04.40,1:33.51",前田崇行,0.41,25.71
No.12,男子,4x50mメドレ-リレ-,1:42.06,1:42.09,120~159歳,1:52.11,3,セ・柏,133歳,4/5,1:59.92,,"30.55,1:03.36,1:30.21",廣川大起,0.52,30.55
No.12,男子,4x50mメドレ-リレ-,1:42.06,1:42.09,120~159歳,1:52.11,3,セ・柏,133歳,4/5,1:59.92,,"30.55,1:03.36,1:30.21",長田裕史,0.17,32.81
No.12,男子,4x50mメドレ-リレ-,1:42.06,1:42.09,120~159歳,1:52.11,3,セ・柏,133歳,4/5,1:59.92,,"30.55,1:03.36,1:30.21",川口皓生,0.37,26.85
No.12,男子,4x50mメドレ-リレ-,1:42.06,1:42.09,120~159歳,1:52.11,3,セ・柏,133歳,4/5,1:59.92,,"30.55,1:03.36,1:30.21",磯貝知弘,0.62,29.71
No.12,男子,4x50mメドレ-リレ-,1:42.06,1:42.09,120~159歳,1:52.11,4,セ・阿佐谷,153歳,4/3,2:05.67,,"31.91,1:11.67,1:40.27",棚網宏之,0.57,31.91
No.12,男子,4x50mメドレ-リレ-,1:42.06,1:42.09,120~159歳,1:52.11,4,セ・阿佐谷,153歳,4/3,2:05.67,,"31.91,1:11.67,1:40.27",和田亮,0.44,39.76
No.12,男子,4x50mメドレ-リレ-,1:42.06,1:42.09,120~159歳,1:52.11,4,セ・阿佐谷,153歳,4/3,2:05.67,,"31.91,1:11.67,1:40.27",椎本恭平,0.32,28.6
No.12,男子,4x50mメドレ-リレ-,1:42.06,1:42.09,120~159歳,1:52.11,4,セ・阿佐谷,153歳,4/3,2:05.67,,"31.91,1:11.67,1:40.27",和田弘太郎,0.12,25.4
No.12,男子,4x50mメドレ-リレ-,1:42.06,1:42.09,120~159歳,1:52.11,5,セ・用賀,149歳,3/8,2:06.29,,"31.51,1:04.25,1:38.55",室坂拓真,0.59,31.51
No.12,男子,4x50mメドレ-リレ-,1:42.06,1:42.09,120~159歳,1:52.11,5,セ・用賀,149歳,3/8,2:06.29,,"31.51,1:04.25,1:38.55",青木海斗,0.21,32.74
No.12,男子,4x50mメドレ-リレ-,1:42.06,1:42.09,120~159歳,1:52.11,5,セ・用賀,149歳,3/8,2:06.29,,"31.51,1:04.25,1:38.55",飯田正敏,0.28,34.3
No.12,男子,4x50mメドレ-リレ-,1:42.06,1:42.09,120~159歳,1:52.11,5,セ・用賀,149歳,3/8,2:06.29,,"31.51,1:04.25,1:38.55",神部孝高,0.33,27.74
No.12,男子,4x50mメドレ-リレ-,1:42.06,1:42.09,120~159歳,1:52.11,6,セ・長津田,142歳,3/7,2:12.58,,"36.34,1:12.80,1:42.94",矢作歩,0.92,36.34
No.12,男子,4x50mメドレ-リレ-,1:42.06,1:42.09,120~159歳,1:52.11,6,セ・長津田,142歳,3/7,2:12.58,,"36.34,1:12.80,1:42.94",岡村勝重,0.37,36.46
No.12,男子,4x50mメドレ-リレ-,1:42.06,1:42.09,120~159歳,1:52.11,6,セ・長津田,142歳,3/7,2:12.58,,"36.34,1:12.80,1:42.94",村田雅治,0.47,30.14
No.12,男子,4x50mメドレ-リレ-,1:42.06,1:42.09,120~159歳,1:52.11,6,セ・長津田,142歳,3/7,2:12.58,,"36.34,1:12.80,1:42.94",竹下翔,0.61,29.64
No.12,男子,4x50mメドレ-リレ-,1:42.06,1:42.09,120~159歳,1:52.11,6,セ・長津田,142歳,3/7,2:12.58,,"33.16,1:12.61,1:47.56",伊藤孝優,0.75,33.16
No.12,男子,4x50mメドレ-リレ-,1:42.06,1:42.09,120~159歳,1:52.11,6,セ・長津田,142歳,3/7,2:12.58,,"33.16,1:12.61,1:47.56",高田義久,0.33,39.45
No.12,男子,4x50mメドレ-リレ-,1:42.06,1:42.09,120~159歳,1:52.11,6,セ・長津田,142歳,3/7,2:12.58,,"33.16,1:12.61,1:47.56",鈴木直哉,0.58,34.95
No.12,男子,4x50mメドレ-リレ-,1:42.06,1:42.09,120~159歳,1:52.11,6,セ・長津田,142歳,3/7,2:12.58,,"33.16,1:12.61,1:47.56",田村翔,,
No.12,男子,4x50mメドレ-リレ-,1:42.06,1:42.09,120~159歳,1:52.11,6,セ・長津田,142歳,3/7,2:12.58,,"36.31,1:14.24,1:48.36",皆川雅登,0.79,36.31
No.12,男子,4x50mメドレ-リレ-,1:42.06,1:42.09,120~159歳,1:52.11,6,セ・長津田,142歳,3/7,2:12.58,,"36.31,1:14.24,1:48.36",手塚一智,0.17,37.93
No.12,男子,4x50mメドレ-リレ-,1:42.06,1:42.09,120~159歳,1:52.11,6,セ・長津田,142歳,3/7,2:12.58,,"36.31,1:14.24,1:48.36",山本英男,0.22,34.12
No.12,男子,4x50mメドレ-リレ-,1:42.06,1:42.09,120~159歳,1:52.11,6,セ・長津田,142歳,3/7,2:12.58,,"36.31,1:14.24,1:48.36",日吉将輝,,
No.12,男子,4x50mメドレ-リレ-,1:41.78,1:41.78,72~119歳,1:46.47,1,セ・天王洲,117歳,4/2,1:58.38,,"29.27,1:02.63,1:30.17",中村翼,0.60,29.27
No.12,男子,4x50mメドレ-リレ-,1:41.78,1:41.78,72~119歳,1:46.47,1,セ・天王洲,117歳,4/2,1:58.38,,"29.27,1:02.63,1:30.17",加間英貴,0.29,33.36
No.12,男子,4x50mメドレ-リレ-,1:41.78,1:41.78,72~119歳,1:46.47,1,セ・天王洲,117歳,4/2,1:58.38,,"29.27,1:02.63,1:30.17",小野健,0.42,27.54
No.12,男子,4x50mメドレ-リレ-,1:41.78,1:41.78,72~119歳,1:46.47,1,セ・天王洲,117歳,4/2,1:58.38,,"29.27,1:02.63,1:30.17",寺田遼太,0.61,28.21
No.12,男子,4x50mメドレ-リレ-,1:41.78,1:41.78,72~119歳,1:46.47,2,セ・二俣川,)88歳,4/6,2:00.30,,"33.31,1:05.19,1:33.99",田中啓二朗,0.59,33.31
No.12,男子,4x50mメドレ-リレ-,1:41.78,1:41.78,72~119歳,1:46.47,2,セ・二俣川,)88歳,4/6,2:00.30,,"33.31,1:05.19,1:33.99",田中壮一郎,0.47,31.88
No.12,男子,4x50mメドレ-リレ-,1:41.78,1:41.78,72~119歳,1:46.47,2,セ・二俣川,)88歳,4/6,2:00.30,,"33.31,1:05.19,1:33.99",山﨑陸真,0.6,28.8
No.12,男子,4x50mメドレ-リレ-,1:41.78,1:41.78,72~119歳,1:46.47,2,セ・二俣川,)88歳,4/6,2:00.30,,"33.31,1:05.19,1:33.99",秋澤裕介,0.24,26.31
No.12,男子,4x50mメドレ-リレ-,1:41.78,1:41.78,72~119歳,1:46.47,3,セ・清瀬,)93歳,4/1,2:01.56,,"30.11,1:05.32,1:33.55",萩原裕大,0.62,30.11
No.12,男子,4x50mメドレ-リレ-,1:41.78,1:41.78,72~119歳,1:46.47,3,セ・清瀬,)93歳,4/1,2:01.56,,"30.11,1:05.32,1:33.55",西沢歩,0.44,35.21
No.12,男子,4x50mメドレ-リレ-,1:41.78,1:41.78,72~119歳,1:46.47,3,セ・清瀬,)93歳,4/1,2:01.56,,"30.11,1:05.32,1:33.55",今里昂哉,0.44,28.23
No.12,男子,4x50mメドレ-リレ-,1:41.78,1:41.78,72~119歳,1:46.47,3,セ・清瀬,)93歳,4/1,2:01.56,,"30.11,1:05.32,1:33.55",金子智哉,0.53,28.01
No.12,男子,4x50mメドレ-リレ-,1:41.78,1:41.78,72~119歳,1:46.47,4,セ・葛西,104歳,4/4,2:03.74,,"33.23,1:05.08,1:32.89",加納聖士,0.86,33.23
No.12,男子,4x50mメドレ-リレ-,1:41.78,1:41.78,72~119歳,1:46.47,4,セ・葛西,104歳,4/4,2:03.74,,"33.23,1:05.08,1:32.89",前島悠也,0.19,31.85
No.12,男子,4x50mメドレ-リレ-,1:41.78,1:41.78,72~119歳,1:46.47,4,セ・葛西,104歳,4/4,2:03.74,,"33.23,1:05.08,1:32.89",泉翔太,0.48,27.81
No.12,男子,4x50mメドレ-リレ-,1:41.78,1:41.78,72~119歳,1:46.47,4,セ・葛西,104歳,4/4,2:03.74,,"33.23,1:05.08,1:32.89",前納爽太,0.3,30.85
No.17,混合,4x50mメドレ-リレ-,2:55.98,2:55.98,320~359歳,3:18.01,1,セ・成城,321歳,1/7,3:36.59,,"1:02.29,2:09.38,2:35.71",大塚裕子,0.56,1:02.29
No.17,混合,4x50mメドレ-リレ-,2:55.98,2:55.98,320~359歳,3:18.01,1,セ・成城,321歳,1/7,3:36.59,,"1:02.29,2:09.38,2:35.71",上田寿美子,0.73,1:07.09
No.17,混合,4x50mメドレ-リレ-,2:55.98,2:55.98,320~359歳,3:18.01,1,セ・成城,321歳,1/7,3:36.59,,"1:02.29,2:09.38,2:35.71",吉田亮,0.81,26.33
No.17,混合,4x50mメドレ-リレ-,2:55.98,2:55.98,320~359歳,3:18.01,1,セ・成城,321歳,1/7,3:36.59,,"1:02.29,2:09.38,2:35.71",松下達一,,1:00.88
No.17,混合,4x50mメドレ-リレ-,2:19.17,2:26.90,280~319歳,2:48.17,1,セ・成瀬,282歳,1/4,3:10.21,,"51.61,1:40.46,2:28.59",中平信子,0.74,51.61
No.17,混合,4x50mメドレ-リレ-,2:19.17,2:26.90,280~319歳,2:48.17,1,セ・成瀬,282歳,1/4,3:10.21,,"51.61,1:40.46,2:28.59",米澤美智子,0.56,48.85
No.17,混合,4x50mメドレ-リレ-,2:19.17,2:26.90,280~319歳,2:48.17,1,セ・成瀬,282歳,1/4,3:10.21,,"51.61,1:40.46,2:28.59",柏木治久,0.68,48.13
No.17,混合,4x50mメドレ-リレ-,2:19.17,2:26.90,280~319歳,2:48.17,1,セ・成瀬,282歳,1/4,3:10.21,,"51.61,1:40.46,2:28.59",服部陽一,0.94,41.62
No.17,混合,4x50mメドレ-リレ-,2:19.17,2:26.90,280~319歳,2:48.17,2,セ・阿佐谷,282歳,1/8,3:50.33,,"53.18,1:50.49,3:02.61",宇佐美栄二,0.75,53.18
No.17,混合,4x50mメドレ-リレ-,2:19.17,2:26.90,280~319歳,2:48.17,2,セ・阿佐谷,282歳,1/8,3:50.33,,"53.18,1:50.49,3:02.61",伴野保志,0.72,57.31
No.17,混合,4x50mメドレ-リレ-,2:19.17,2:26.90,280~319歳,2:48.17,2,セ・阿佐谷,282歳,1/8,3:50.33,,"53.18,1:50.49,3:02.61",近藤みゆき,0.65,1:12.12
No.17,混合,4x50mメドレ-リレ-,2:19.17,2:26.90,280~319歳,2:48.17,2,セ・阿佐谷,282歳,1/8,3:50.33,,"53.18,1:50.49,3:02.61",三嶋祐子,0.83,47.72
No.17,混合,4x50mメドレ-リレ-,2:07.56,2:13.81,240~279歳,2:13.81,1,セ・二俣川,246歳,3/10,2:36.03,,"35.71,1:20.54,1:59.04",下家成人,0.76,35.71
No.17,混合,4x50mメドレ-リレ-,2:07.56,2:13.81,240~279歳,2:13.81,1,セ・二俣川,246歳,3/10,2:36.03,,"35.71,1:20.54,1:59.04",若島健二,0.6,44.83
No.17,混合,4x50mメドレ-リレ-,2:07.56,2:13.81,240~279歳,2:13.81,1,セ・二俣川,246歳,3/10,2:36.03,,"35.71,1:20.54,1:59.04",武井麻知子,0.36,38.5
No.17,混合,4x50mメドレ-リレ-,2:07.56,2:13.81,240~279歳,2:13.81,1,セ・二俣川,246歳,3/10,2:36.03,,"35.71,1:20.54,1:59.04",上野真弓,0.19,36.99
No.17,混合,4x50mメドレ-リレ-,2:07.56,2:13.81,240~279歳,2:13.81,2,ザノス鶴見,242歳,2/8,2:42.21,,"46.15,1:24.70,1:58.58",小林弘子,0.73,46.15
No.17,混合,4x50mメドレ-リレ-,2:07.56,2:13.81,240~279歳,2:13.81,2,ザノス鶴見,242歳,2/8,2:42.21,,"46.15,1:24.70,1:58.58",楊華,0.51,38.55
No.17,混合,4x50mメドレ-リレ-,2:07.56,2:13.81,240~279歳,2:13.81,2,ザノス鶴見,242歳,2/8,2:42.21,,"46.15,1:24.70,1:58.58",杉原祥之,0.38,33.88
No.17,混合,4x50mメドレ-リレ-,2:07.56,2:13.81,240~279歳,2:13.81,2,ザノス鶴見,242歳,2/8,2:42.21,,"46.15,1:24.70,1:58.58",伊藤幸英,0.28,43.63
No.17,混合,4x50mメドレ-リレ-,2:07.56,2:13.81,240~279歳,2:13.81,3,セ・成城,247歳,2/7,2:45.51,,"48.9,1:23.65,2:06.18",吉野治子,0.72,48.90
No.17,混合,4x50mメドレ-リレ-,2:07.56,2:13.81,240~279歳,2:13.81,3,セ・成城,247歳,2/7,2:45.51,,"48.9,1:23.65,2:06.18",石井龍,0.51,34.75
No.17,混合,4x50mメドレ-リレ-,2:07.56,2:13.81,240~279歳,2:13.81,3,セ・成城,247歳,2/7,2:45.51,,"48.9,1:23.65,2:06.18",浦田昌和,0.55,42.53
No.17,混合,4x50mメドレ-リレ-,2:07.56,2:13.81,240~279歳,2:13.81,3,セ・成城,247歳,2/7,2:45.51,,"48.9,1:23.65,2:06.18",高梨美樹,0.52,39.33
No.17,混合,4x50mメドレ-リレ-,2:07.56,2:13.81,240~279歳,2:13.81,4,セ・長津田,244歳,2/2,2:55.94,,"46.63,1:38.06,2:14.40",西森文史郎,0.68,46.63
No.17,混合,4x50mメドレ-リレ-,2:07.56,2:13.81,240~279歳,2:13.81,4,セ・長津田,244歳,2/2,2:55.94,,"46.63,1:38.06,2:14.40",三沢弘美,0.33,51.43
No.17,混合,4x50mメドレ-リレ-,2:07.56,2:13.81,240~279歳,2:13.81,4,セ・長津田,244歳,2/2,2:55.94,,"46.63,1:38.06,2:14.40",池谷千尋,0.28,36.34
No.17,混合,4x50mメドレ-リレ-,2:07.56,2:13.81,240~279歳,2:13.81,4,セ・長津田,244歳,2/2,2:55.94,,"46.63,1:38.06,2:14.40",小池淳子,0.55,41.54
No.17,混合,4x50mメドレ-リレ-,2:07.56,2:13.81,240~279歳,2:13.81,5,セ・阿佐谷,244歳,1/5,2:57.23,,"52.12,1:37.30,2:14.27",相澤紋美,0.77,52.12
No.17,混合,4x50mメドレ-リレ-,2:07.56,2:13.81,240~279歳,2:13.81,5,セ・阿佐谷,244歳,1/5,2:57.23,,"52.12,1:37.30,2:14.27",村田幸士郎,0.65,45.18
No.17,混合,4x50mメドレ-リレ-,2:07.56,2:13.81,240~279歳,2:13.81,5,セ・阿佐谷,244歳,1/5,2:57.23,,"52.12,1:37.30,2:14.27",大川明徳,0.53,36.97
No.17,混合,4x50mメドレ-リレ-,2:07.56,2:13.81,240~279歳,2:13.81,5,セ・阿佐谷,244歳,1/5,2:57.23,,"52.12,1:37.30,2:14.27",宮田ひとみ,0.54,42.96
No.17,混合,4x50mメドレ-リレ-,1:57.86,2:00.33,200~239歳,2:08.68,1,セ・阿佐谷,200歳,3/2,2:23.47,,"41.02,1:17.61,1:48.05",棚網恵理,0.70,41.02
No.17,混合,4x50mメドレ-リレ-,1:57.86,2:00.33,200~239歳,2:08.68,1,セ・阿佐谷,200歳,3/2,2:23.47,,"41.02,1:17.61,1:48.05",北川貴義,0.44,36.59
No.17,混合,4x50mメドレ-リレ-,1:57.86,2:00.33,200~239歳,2:08.68,1,セ・阿佐谷,200歳,3/2,2:23.47,,"41.02,1:17.61,1:48.05",棚網宏之,0.46,30.44
No.17,混合,4x50mメドレ-リレ-,1:57.86,2:00.33,200~239歳,2:08.68,1,セ・阿佐谷,200歳,3/2,2:23.47,,"41.02,1:17.61,1:48.05",石原なおみ,0.52,35.42
No.17,混合,4x50mメドレ-リレ-,1:57.86,2:00.33,200~239歳,2:08.68,2,セ・成城,230歳,2/5,2:37.66,,"44.73,1:33.50,2:01.83",若宮強,0.73,44.73
No.17,混合,4x50mメドレ-リレ-,1:57.86,2:00.33,200~239歳,2:08.68,2,セ・成城,230歳,2/5,2:37.66,,"44.73,1:33.50,2:01.83",森直子,0.52,48.77
No.17,混合,4x50mメドレ-リレ-,1:57.86,2:00.33,200~239歳,2:08.68,2,セ・成城,230歳,2/5,2:37.66,,"44.73,1:33.50,2:01.83",井口暢彦,0.65,28.33
No.17,混合,4x50mメドレ-リレ-,1:57.86,2:00.33,200~239歳,2:08.68,2,セ・成城,230歳,2/5,2:37.66,,"44.73,1:33.50,2:01.83",高柳祐子,0.59,35.83
No.17,混合,4x50mメドレ-リレ-,1:57.86,2:00.33,200~239歳,2:08.68,3,セ・成瀬,202歳,2/3,2:42.45,,"39.8,1:35.11,2:04.40",栗原大輔,0.58,39.80
No.17,混合,4x50mメドレ-リレ-,1:57.86,2:00.33,200~239歳,2:08.68,3,セ・成瀬,202歳,2/3,2:42.45,,"39.8,1:35.11,2:04.40",久松葉子,0.93,55.31
No.17,混合,4x50mメドレ-リレ-,1:57.86,2:00.33,200~239歳,2:08.68,3,セ・成瀬,202歳,2/3,2:42.45,,"39.8,1:35.11,2:04.40",石井将太,0.77,29.29
No.17,混合,4x50mメドレ-リレ-,1:57.86,2:00.33,200~239歳,2:08.68,3,セ・成瀬,202歳,2/3,2:42.45,,"39.8,1:35.11,2:04.40",篠倉有美,0.7,38.05
No.17,混合,4x50mメドレ-リレ-,1:57.86,2:00.33,200~239歳,2:08.68,4,セ・慶應日吉,231歳,1/6,3:04.89,,"1:00.08,1:43.87,2:17.78",榮真須美,0.75,1:00.08
No.17,混合,4x50mメドレ-リレ-,1:57.86,2:00.33,200~239歳,2:08.68,4,セ・慶應日吉,231歳,1/6,3:04.89,,"1:00.08,1:43.87,2:17.78",久保田裕一,0.61,43.79
No.17,混合,4x50mメドレ-リレ-,1:57.86,2:00.33,200~239歳,2:08.68,4,セ・慶應日吉,231歳,1/6,3:04.89,,"1:00.08,1:43.87,2:17.78",門倉孝行,0.79,33.91
No.17,混合,4x50mメドレ-リレ-,1:57.86,2:00.33,200~239歳,2:08.68,4,セ・慶應日吉,231歳,1/6,3:04.89,,"1:00.08,1:43.87,2:17.78",原田由美子,0.72,47.11
No.17,混合,4x50mメドレ-リレ-,1:57.86,2:00.33,200~239歳,2:08.68,5,セ・川越,200歳,1/2,3:05.88,,"54.33,1:53.12,2:27.14",岩朋実,1.17,54.33
No.17,混合,4x50mメドレ-リレ-,1:57.86,2:00.33,200~239歳,2:08.68,5,セ・川越,200歳,1/2,3:05.88,,"54.33,1:53.12,2:27.14",楢橋章,,58.79
No.17,混合,4x50mメドレ-リレ-,1:57.86,2:00.33,200~239歳,2:08.68,5,セ・川越,200歳,1/2,3:05.88,,"54.33,1:53.12,2:27.14",高橋由子,0.62,34.02
No.17,混合,4x50mメドレ-リレ-,1:57.86,2:00.33,200~239歳,2:08.68,5,セ・川越,200歳,1/2,3:05.88,,"54.33,1:53.12,2:27.14",今井英大,0.86,38.74
No.17,混合,4x50mメドレ-リレ-,1:57.86,2:00.33,200~239歳,2:08.68,5,セ・川越,200歳,1/2,3:05.88,,"54.33,1:53.12,2:27.14",寺田貴洋,,
No.17,混合,4x50mメドレ-リレ-,1:57.86,2:00.33,200~239歳,2:08.68,5,セ・川越,200歳,1/2,3:05.88,,"54.33,1:53.12,2:27.14",永瀬秀子,,
No.17,混合,4x50mメドレ-リレ-,1:57.86,2:00.33,200~239歳,2:08.68,5,セ・川越,200歳,1/2,3:05.88,,"54.33,1:53.12,2:27.14",永瀬知之,,
No.17,混合,4x50mメドレ-リレ-,1:57.86,2:00.33,200~239歳,2:08.68,5,セ・川越,200歳,1/2,3:05.88,,"54.33,1:53.12,2:27.14",松川律子,,
No.17,混合,4x50mメドレ-リレ-,1:53.25,1:55.11,160~199歳,2:07.28,1,セ・長津田,172歳,4/8,2:13.91,,"36.52,1:12.37,1:44.42",矢作歩,0.81,36.52
No.17,混合,4x50mメドレ-リレ-,1:53.25,1:55.11,160~199歳,2:07.28,1,セ・長津田,172歳,4/8,2:13.91,,"36.52,1:12.37,1:44.42",祖川久茂,0.09,35.85
No.17,混合,4x50mメドレ-リレ-,1:53.25,1:55.11,160~199歳,2:07.28,1,セ・長津田,172歳,4/8,2:13.91,,"36.52,1:12.37,1:44.42",吉村華余,0.41,32.05
No.17,混合,4x50mメドレ-リレ-,1:53.25,1:55.11,160~199歳,2:07.28,1,セ・長津田,172歳,4/8,2:13.91,,"36.52,1:12.37,1:44.42",川北恵,0.21,29.49
No.17,混合,4x50mメドレ-リレ-,1:53.25,1:55.11,160~199歳,2:07.28,2,セ・二俣川,171歳,4/10,2:21.53,,"43.72,1:16.08,1:43.39",草野茜,0.65,43.72
No.17,混合,4x50mメドレ-リレ-,1:53.25,1:55.11,160~199歳,2:07.28,2,セ・二俣川,171歳,4/10,2:21.53,,"43.72,1:16.08,1:43.39",立石裕太郎,0.3,32.36
No.17,混合,4x50mメドレ-リレ-,1:53.25,1:55.11,160~199歳,2:07.28,2,セ・二俣川,171歳,4/10,2:21.53,,"43.72,1:16.08,1:43.39",鶴谷学,0.41,27.31
No.17,混合,4x50mメドレ-リレ-,1:53.25,1:55.11,160~199歳,2:07.28,2,セ・二俣川,171歳,4/10,2:21.53,,"43.72,1:16.08,1:43.39",吉池奈々,0.51,38.14
No.17,混合,4x50mメドレ-リレ-,1:53.25,1:55.11,160~199歳,2:07.28,3,ザノス川崎,196歳,2/6,2:30.19,,"33.81,1:20.40,1:56.31",河野大和,0.67,33.81
No.17,混合,4x50mメドレ-リレ-,1:53.25,1:55.11,160~199歳,2:07.28,3,ザノス川崎,196歳,2/6,2:30.19,,"33.81,1:20.40,1:56.31",古川賢一郎,0.91,46.59
No.17,混合,4x50mメドレ-リレ-,1:53.25,1:55.11,160~199歳,2:07.28,3,ザノス川崎,196歳,2/6,2:30.19,,"33.81,1:20.40,1:56.31",日下幸子,0.69,35.91
No.17,混合,4x50mメドレ-リレ-,1:53.25,1:55.11,160~199歳,2:07.28,3,ザノス川崎,196歳,2/6,2:30.19,,"33.81,1:20.40,1:56.31",錦織佳奈子,0.57,33.88
No.17,混合,4x50mメドレ-リレ-,1:53.25,1:55.11,160~199歳,2:07.28,4,セ・成城,192歳,3/9,2:34.15,,"37.19,1:28.50,1:59.49",羽田浩一,0.68,37.19
No.17,混合,4x50mメドレ-リレ-,1:53.25,1:55.11,160~199歳,2:07.28,4,セ・成城,192歳,3/9,2:34.15,,"37.19,1:28.50,1:59.49",伊藤ゆかり,0.69,51.31
No.17,混合,4x50mメドレ-リレ-,1:53.25,1:55.11,160~199歳,2:07.28,4,セ・成城,192歳,3/9,2:34.15,,"37.19,1:28.50,1:59.49",村守,0.22,30.99
No.17,混合,4x50mメドレ-リレ-,1:53.25,1:55.11,160~199歳,2:07.28,4,セ・成城,192歳,3/9,2:34.15,,"37.19,1:28.50,1:59.49",岩田愛恵,0.38,34.66
No.17,混合,4x50mメドレ-リレ-,1:53.25,1:55.11,160~199歳,2:07.28,5,セ・用賀,170歳,3/1,2:35.57,,"51.35,1:23.30,1:58.84",糸川永利子,0.68,51.35
No.17,混合,4x50mメドレ-リレ-,1:53.25,1:55.11,160~199歳,2:07.28,5,セ・用賀,170歳,3/1,2:35.57,,"51.35,1:23.30,1:58.84",青木海斗,,31.95
No.17,混合,4x50mメドレ-リレ-,1:53.25,1:55.11,160~199歳,2:07.28,5,セ・用賀,170歳,3/1,2:35.57,,"51.35,1:23.30,1:58.84",大家萌実,0.28,35.54
No.17,混合,4x50mメドレ-リレ-,1:53.25,1:55.11,160~199歳,2:07.28,5,セ・用賀,170歳,3/1,2:35.57,,"51.35,1:23.30,1:58.84",吉峯幸郎,0.59,36.73
No.17,混合,4x50mメドレ-リレ-,1:53.25,1:55.11,160~199歳,2:07.28,6,セ・青砥,182歳,1/3,2:57.85,,,田中香苗,0.93,58.00
No.17,混合,4x50mメドレ-リレ-,1:53.25,1:55.11,160~199歳,2:07.28,6,セ・青砥,182歳,1/3,2:57.85,,,角田優佳里,0.66,52.17
No.17,混合,4x50mメドレ-リレ-,1:53.25,1:55.11,160~199歳,2:07.28,6,セ・青砥,182歳,1/3,2:57.85,,,武本侑己,0.14,30.78
No.17,混合,4x50mメドレ-リレ-,1:53.25,1:55.11,160~199歳,2:07.28,6,セ・青砥,182歳,1/3,2:57.85,,,中村浩司,0.74,36.9
No.17,混合,4x50mメドレ-リレ-,1:49.61,1:52.24,120~159歳,2:01.01,1,セ・成城,126歳,4/6,2:08.39,,"35.74,1:10.05,1:37.61",仲田笑美,0.62,35.74
No.17,混合,4x50mメドレ-リレ-,1:49.61,1:52.24,120~159歳,2:01.01,1,セ・成城,126歳,4/6,2:08.39,,"35.74,1:10.05,1:37.61",梅林大貴,0.34,34.31
No.17,混合,4x50mメドレ-リレ-,1:49.61,1:52.24,120~159歳,2:01.01,1,セ・成城,126歳,4/6,2:08.39,,"35.74,1:10.05,1:37.61",黒田大介,0.35,27.56
No.17,混合,4x50mメドレ-リレ-,1:49.61,1:52.24,120~159歳,2:01.01,1,セ・成城,126歳,4/6,2:08.39,,"35.74,1:10.05,1:37.61",佐々木彩,0.38,30.78
No.17,混合,4x50mメドレ-リレ-,1:49.61,1:52.24,120~159歳,2:01.01,2,セ・平塚,146歳,4/2,2:10.22,,"38.15,1:09.86,1:36.91",佐々木美佐,0.73,38.15
No.17,混合,4x50mメドレ-リレ-,1:49.61,1:52.24,120~159歳,2:01.01,2,セ・平塚,146歳,4/2,2:10.22,,"38.15,1:09.86,1:36.91",増田究,0.07,31.71
No.17,混合,4x50mメドレ-リレ-,1:49.61,1:52.24,120~159歳,2:01.01,2,セ・平塚,146歳,4/2,2:10.22,,"38.15,1:09.86,1:36.91",土屋大貴,0.11,27.05
No.17,混合,4x50mメドレ-リレ-,1:49.61,1:52.24,120~159歳,2:01.01,2,セ・平塚,146歳,4/2,2:10.22,,"38.15,1:09.86,1:36.91",足立知実,0.09,33.31
No.17,混合,4x50mメドレ-リレ-,1:49.61,1:52.24,120~159歳,2:01.01,3,セ・武蔵小杉,154歳,4/5,2:10.72,,"35.59,1:08.48,1:39.82",髙橋美波,0.66,35.59
No.17,混合,4x50mメドレ-リレ-,1:49.61,1:52.24,120~159歳,2:01.01,3,セ・武蔵小杉,154歳,4/5,2:10.72,,"35.59,1:08.48,1:39.82",西尾直人,0.32,32.89
No.17,混合,4x50mメドレ-リレ-,1:49.61,1:52.24,120~159歳,2:01.01,3,セ・武蔵小杉,154歳,4/5,2:10.72,,"35.59,1:08.48,1:39.82",中村良樹,0.21,31.34
No.17,混合,4x50mメドレ-リレ-,1:49.61,1:52.24,120~159歳,2:01.01,3,セ・武蔵小杉,154歳,4/5,2:10.72,,"35.59,1:08.48,1:39.82",田中美鈴,0.23,30.9
No.17,混合,4x50mメドレ-リレ-,1:49.61,1:52.24,120~159歳,2:01.01,4,セ・二俣川,137歳,4/9,2:11.97,,"34.18,1:06.94,1:35.66",竹下菜々美,0.60,34.18
No.17,混合,4x50mメドレ-リレ-,1:49.61,1:52.24,120~159歳,2:01.01,4,セ・二俣川,137歳,4/9,2:11.97,,"34.18,1:06.94,1:35.66",田中壮一郎,0.46,32.76
No.17,混合,4x50mメドレ-リレ-,1:49.61,1:52.24,120~159歳,2:01.01,4,セ・二俣川,137歳,4/9,2:11.97,,"34.18,1:06.94,1:35.66",前田崇行,0.5,28.72
No.17,混合,4x50mメドレ-リレ-,1:49.61,1:52.24,120~159歳,2:01.01,4,セ・二俣川,137歳,4/9,2:11.97,,"34.18,1:06.94,1:35.66",前田由希映,0.58,36.31
No.17,混合,4x50mメドレ-リレ-,1:49.61,1:52.24,120~159歳,2:01.01,5,セ・慶應日吉,147歳,4/1,2:15.97,,"37.85,1:22.88,1:50.68",宮本八重,0.66,37.85
No.17,混合,4x50mメドレ-リレ-,1:49.61,1:52.24,120~159歳,2:01.01,5,セ・慶應日吉,147歳,4/1,2:15.97,,"37.85,1:22.88,1:50.68",前畑章子,0.16,45.03
No.17,混合,4x50mメドレ-リレ-,1:49.61,1:52.24,120~159歳,2:01.01,5,セ・慶應日吉,147歳,4/1,2:15.97,,"37.85,1:22.88,1:50.68",高見沢重倫,0.22,27.8
No.17,混合,4x50mメドレ-リレ-,1:49.61,1:52.24,120~159歳,2:01.01,5,セ・慶應日吉,147歳,4/1,2:15.97,,"37.85,1:22.88,1:50.68",菅原啓,0.24,25.29
No.17,混合,4x50mメドレ-リレ-,1:49.61,1:52.24,120~159歳,2:01.01,6,セ・阿佐谷,140歳,3/6,2:20.29,,"39.73,1:19.83,1:48.45",小野真佐子,0.70,39.73
No.17,混合,4x50mメドレ-リレ-,1:49.61,1:52.24,120~159歳,2:01.01,6,セ・阿佐谷,140歳,3/6,2:20.29,,"39.73,1:19.83,1:48.45",和田亮,0.47,40.1
No.17,混合,4x50mメドレ-リレ-,1:49.61,1:52.24,120~159歳,2:01.01,6,セ・阿佐谷,140歳,3/6,2:20.29,,"39.73,1:19.83,1:48.45",椎本恭平,0.44,28.62
No.17,混合,4x50mメドレ-リレ-,1:49.61,1:52.24,120~159歳,2:01.01,6,セ・阿佐谷,140歳,3/6,2:20.29,,"39.73,1:19.83,1:48.45",今井恵子,0.4,31.84
No.17,混合,4x50mメドレ-リレ-,1:49.61,1:52.24,120~159歳,2:01.01,7,セ・天王洲,138歳,3/8,2:21.13,,"40.41,1:17.62,1:47.32",萩原ゆりか,0.78,40.41
No.17,混合,4x50mメドレ-リレ-,1:49.61,1:52.24,120~159歳,2:01.01,7,セ・天王洲,138歳,3/8,2:21.13,,"40.41,1:17.62,1:47.32",加間英貴,0.2,37.21
No.17,混合,4x50mメドレ-リレ-,1:49.61,1:52.24,120~159歳,2:01.01,7,セ・天王洲,138歳,3/8,2:21.13,,"40.41,1:17.62,1:47.32",小野健,0.49,29.7
No.17,混合,4x50mメドレ-リレ-,1:49.61,1:52.24,120~159歳,2:01.01,7,セ・天王洲,138歳,3/8,2:21.13,,"40.41,1:17.62,1:47.32",四井美穂,0.31,33.81
No.17,混合,4x50mメドレ-リレ-,1:49.61,1:52.24,120~159歳,2:01.01,8,セ・目黒,135歳,3/3,2:28.42,,"47.12,1:29.57,1:57.82",李鎬善,0.58,47.12
No.17,混合,4x50mメドレ-リレ-,1:49.61,1:52.24,120~159歳,2:01.01,8,セ・目黒,135歳,3/3,2:28.42,,"47.12,1:29.57,1:57.82",兵藤鋭雄,0.67,42.45
No.17,混合,4x50mメドレ-リレ-,1:49.61,1:52.24,120~159歳,2:01.01,8,セ・目黒,135歳,3/3,2:28.42,,"47.12,1:29.57,1:57.82",相原健吾,0.45,28.25
No.17,混合,4x50mメドレ-リレ-,1:49.61,1:52.24,120~159歳,2:01.01,8,セ・目黒,135歳,3/3,2:28.42,,"47.12,1:29.57,1:57.82",佐藤玖弥,0.49,30.6
No.17,混合,4x50mメドレ-リレ-,1:49.61,1:52.24,120~159歳,2:01.01,9,セ・長津田,156歳,3/7,2:36.41,,"51.83,1:29.71,1:58.24",宮林佑妃,0.71,51.83
No.17,混合,4x50mメドレ-リレ-,1:49.61,1:52.24,120~159歳,2:01.01,9,セ・長津田,156歳,3/7,2:36.41,,"51.83,1:29.71,1:58.24",岡村勝重,0.17,37.88
No.17,混合,4x50mメドレ-リレ-,1:49.61,1:52.24,120~159歳,2:01.01,9,セ・長津田,156歳,3/7,2:36.41,,"51.83,1:29.71,1:58.24",村田拓斗,0.17,28.53
No.17,混合,4x50mメドレ-リレ-,1:49.61,1:52.24,120~159歳,2:01.01,9,セ・長津田,156歳,3/7,2:36.41,,"51.83,1:29.71,1:58.24",久保かおり,0.45,38.17
No.17,混合,4x50mメドレ-リレ-,1:49.61,1:52.24,120~159歳,2:01.01,10,セ・桶川北本,154歳,2/4,2:46.95,,"44.9,1:39.40,2:09.65",村岡礼奈,0.65,44.90
No.17,混合,4x50mメドレ-リレ-,1:49.61,1:52.24,120~159歳,2:01.01,10,セ・桶川北本,154歳,2/4,2:46.95,,"44.9,1:39.40,2:09.65",村岡貴子,0.67,54.5
No.17,混合,4x50mメドレ-リレ-,1:49.61,1:52.24,120~159歳,2:01.01,10,セ・桶川北本,154歳,2/4,2:46.95,,"44.9,1:39.40,2:09.65",吉川重行,0.49,30.25
No.17,混合,4x50mメドレ-リレ-,1:49.61,1:52.24,120~159歳,2:01.01,10,セ・桶川北本,154歳,2/4,2:46.95,,"44.9,1:39.40,2:09.65",清水大輔,0.39,37.3
No.17,混合,4x50mメドレ-リレ-,1:47.29,1:48.98,72~119歳,2:00.62,1,セ・成城,100歳,4/4,2:08.39,,"35.92,1:09.12,1:36.91",広瀬幸音,0.63,35.92
No.17,混合,4x50mメドレ-リレ-,1:47.29,1:48.98,72~119歳,2:00.62,1,セ・成城,100歳,4/4,2:08.39,,"35.92,1:09.12,1:36.91",小林和矢,0.3,33.2
No.17,混合,4x50mメドレ-リレ-,1:47.29,1:48.98,72~119歳,2:00.62,1,セ・成城,100歳,4/4,2:08.39,,"35.92,1:09.12,1:36.91",宮田遼太,0.28,27.79
No.17,混合,4x50mメドレ-リレ-,1:47.29,1:48.98,72~119歳,2:00.62,1,セ・成城,100歳,4/4,2:08.39,,"35.92,1:09.12,1:36.91",宮田さくら,0.06,31.48
No.17,混合,4x50mメドレ-リレ-,1:47.29,1:48.98,72~119歳,2:00.62,2,セ・長津田,)86歳,4/7,2:12.60,,"35.82,1:13.33,1:43.62",長崎千怜,0.61,35.82
No.17,混合,4x50mメドレ-リレ-,1:47.29,1:48.98,72~119歳,2:00.62,2,セ・長津田,)86歳,4/7,2:12.60,,"35.82,1:13.33,1:43.62",竹下翔,0.32,37.51
No.17,混合,4x50mメドレ-リレ-,1:47.29,1:48.98,72~119歳,2:00.62,2,セ・長津田,)86歳,4/7,2:12.60,,"35.82,1:13.33,1:43.62",村田雅治,0.52,30.29
No.17,混合,4x50mメドレ-リレ-,1:47.29,1:48.98,72~119歳,2:00.62,2,セ・長津田,)86歳,4/7,2:12.60,,"35.82,1:13.33,1:43.62",高橋紗良,0.17,28.98
No.17,混合,4x50mメドレ-リレ-,1:47.29,1:48.98,72~119歳,2:00.62,3,セ・二俣川,)94歳,4/3,2:13.98,,"35.12,1:17.71,1:47.26",表侑寿,0.64,35.12
No.17,混合,4x50mメドレ-リレ-,1:47.29,1:48.98,72~119歳,2:00.62,3,セ・二俣川,)94歳,4/3,2:13.98,,"35.12,1:17.71,1:47.26",深堀陽子,0.42,42.59
No.17,混合,4x50mメドレ-リレ-,1:47.29,1:48.98,72~119歳,2:00.62,3,セ・二俣川,)94歳,4/3,2:13.98,,"35.12,1:17.71,1:47.26",山﨑陸真,0.54,29.55
No.17,混合,4x50mメドレ-リレ-,1:47.29,1:48.98,72~119歳,2:00.62,3,セ・二俣川,)94歳,4/3,2:13.98,,"35.12,1:17.71,1:47.26",田中啓二朗,0.36,26.72
No.17,混合,4x50mメドレ-リレ-,1:47.29,1:48.98,72~119歳,2:00.62,4,セ・八王子,)84歳,3/5,2:14.46,,"38.34,1:10.92,1:39.53",伊藤愛羅,0.70,38.34
No.17,混合,4x50mメドレ-リレ-,1:47.29,1:48.98,72~119歳,2:00.62,4,セ・八王子,)84歳,3/5,2:14.46,,"38.34,1:10.92,1:39.53",木村隼人,0.42,32.58
No.17,混合,4x50mメドレ-リレ-,1:47.29,1:48.98,72~119歳,2:00.62,4,セ・八王子,)84歳,3/5,2:14.46,,"38.34,1:10.92,1:39.53",和澤情,0.45,28.61
No.17,混合,4x50mメドレ-リレ-,1:47.29,1:48.98,72~119歳,2:00.62,4,セ・八王子,)84歳,3/5,2:14.46,,"38.34,1:10.92,1:39.53",寺本茉冬,0.26,34.93
No.18,女子,4x100mメドレ-リレ-,5:19.05,5:29.51,240~279歳,6:21.43,1,セ・二俣川,245歳,1/7,6:42.37*手動,,"49.23,1:44.85,2:33.70,3:26.45,4:13.09,5:07.98,5:51.11",上野真弓,0.92,49.23
No.18,女子,4x100mメドレ-リレ-,5:19.05,5:29.51,240~279歳,6:21.43,1,セ・二俣川,245歳,1/7,6:42.37*手動,,"49.23,1:44.85,2:33.70,3:26.45,4:13.09,5:07.98,5:51.11",野島久枝,0.58,48.85
No.18,女子,4x100mメドレ-リレ-,5:19.05,5:29.51,240~279歳,6:21.43,1,セ・二俣川,245歳,1/7,6:42.37*手動,,"49.23,1:44.85,2:33.70,3:26.45,4:13.09,5:07.98,5:51.11",武井麻知子,0.5,46.64
No.18,女子,4x100mメドレ-リレ-,5:19.05,5:29.51,240~279歳,6:21.43,1,セ・二俣川,245歳,1/7,6:42.37*手動,,"49.23,1:44.85,2:33.70,3:26.45,4:13.09,5:07.98,5:51.11",盛田真規子,0.92,43.13
No.18,女子,4x100mメドレ-リレ-,5:19.05,5:29.51,240~279歳,6:21.43,2,セ・慶應日吉,247歳,1/9,7:02.89,,"51.45,1:47.46,2:33.72,3:31.90,4:25.14,5:25.17,6:11.15",高見沢ゆみ子,0.75,51.45
No.18,女子,4x100mメドレ-リレ-,5:19.05,5:29.51,240~279歳,6:21.43,2,セ・慶應日吉,247歳,1/9,7:02.89,,"51.45,1:47.46,2:33.72,3:31.90,4:25.14,5:25.17,6:11.15",前畑章子,0.56,46.26
No.18,女子,4x100mメドレ-リレ-,5:19.05,5:29.51,240~279歳,6:21.43,2,セ・慶應日吉,247歳,1/9,7:02.89,,"51.45,1:47.46,2:33.72,3:31.90,4:25.14,5:25.17,6:11.15",森谷登志江,0.54,53.24
No.18,女子,4x100mメドレ-リレ-,5:19.05,5:29.51,240~279歳,6:21.43,2,セ・慶應日吉,247歳,1/9,7:02.89,,"51.45,1:47.46,2:33.72,3:31.90,4:25.14,5:25.17,6:11.15",田村明美,0.81,45.98
No.18,女子,4x100mメドレ-リレ-,5:19.05,5:29.51,240~279歳,6:21.43,3,セ・戸塚,260歳,1/10,7:23.99,,"57.21,2:02.21,3:05.52,4:19.90,4:56.63,5:40.83,6:29.07",菅和江,0.79,57.21
No.18,女子,4x100mメドレ-リレ-,5:19.05,5:29.51,240~279歳,6:21.43,3,セ・戸塚,260歳,1/10,7:23.99,,"57.21,2:02.21,3:05.52,4:19.90,4:56.63,5:40.83,6:29.07",菅井道子,0.69,1:03.31
No.18,女子,4x100mメドレ-リレ-,5:19.05,5:29.51,240~279歳,6:21.43,3,セ・戸塚,260歳,1/10,7:23.99,,"57.21,2:02.21,3:05.52,4:19.90,4:56.63,5:40.83,6:29.07",広瀬百合香,0.49,36.73
No.18,女子,4x100mメドレ-リレ-,5:19.05,5:29.51,240~279歳,6:21.43,3,セ・戸塚,260歳,1/10,7:23.99,,"57.21,2:02.21,3:05.52,4:19.90,4:56.63,5:40.83,6:29.07",日和久美子,0.53,48.24
No.18,女子,4x100mメドレ-リレ-,5:19.05,5:29.51,240~279歳,6:21.43,4,セ・南千住,252歳,1/2,7:25.64,,"48.87,1:45.65,2:34.24,3:31.39,4:30.94,5:47.23,6:33.17",山本由起子,0.82,48.87
No.18,女子,4x100mメドレ-リレ-,5:19.05,5:29.51,240~279歳,6:21.43,4,セ・南千住,252歳,1/2,7:25.64,,"48.87,1:45.65,2:34.24,3:31.39,4:30.94,5:47.23,6:33.17",田原文月,0.47,48.59
No.18,女子,4x100mメドレ-リレ-,5:19.05,5:29.51,240~279歳,6:21.43,4,セ・南千住,252歳,1/2,7:25.64,,"48.87,1:45.65,2:34.24,3:31.39,4:30.94,5:47.23,6:33.17",下川喜美枝,0.92,59.55
No.18,女子,4x100mメドレ-リレ-,5:19.05,5:29.51,240~279歳,6:21.43,4,セ・南千住,252歳,1/2,7:25.64,,"48.87,1:45.65,2:34.24,3:31.39,4:30.94,5:47.23,6:33.17",古宇田淳子,0.54,45.94
No.18,女子,4x100mメドレ-リレ-,5:19.05,5:29.51,240~279歳,6:21.43,5,セ・阿佐谷,266歳,1/1,9:17.39,,"1:02.01,2:09.75,3:20.12,4:47.95,6:00.59,7:25.56,8:19.64",宮田ひとみ,0.77,1:02.01
No.18,女子,4x100mメドレ-リレ-,5:19.05,5:29.51,240~279歳,6:21.43,5,セ・阿佐谷,266歳,1/1,9:17.39,,"1:02.01,2:09.75,3:20.12,4:47.95,6:00.59,7:25.56,8:19.64",渡邉登美子,0.96,1:10.37
No.18,女子,4x100mメドレ-リレ-,5:19.05,5:29.51,240~279歳,6:21.43,5,セ・阿佐谷,266歳,1/1,9:17.39,,"1:02.01,2:09.75,3:20.12,4:47.95,6:00.59,7:25.56,8:19.64",近藤みゆき,0.79,1:12.64
No.18,女子,4x100mメドレ-リレ-,5:19.05,5:29.51,240~279歳,6:21.43,5,セ・阿佐谷,266歳,1/1,9:17.39,,"1:02.01,2:09.75,3:20.12,4:47.95,6:00.59,7:25.56,8:19.64",三嶋祐子,0.97,54.08
No.18,女子,4x100mメドレ-リレ-,4:54.41,5:04.80,200~239歳,5:42.41,1,セ・成城,224歳,1/4,6:11.06*手動,,"52.36,1:47.58,2:35.66,3:27.48,4:09.13,4:57.51,5:32.83",茂櫛典子,0.57,52.36
No.18,女子,4x100mメドレ-リレ-,4:54.41,5:04.80,200~239歳,5:42.41,1,セ・成城,224歳,1/4,6:11.06*手動,,"52.36,1:47.58,2:35.66,3:27.48,4:09.13,4:57.51,5:32.83",佐藤洋子,0.57,48.08
No.18,女子,4x100mメドレ-リレ-,4:54.41,5:04.80,200~239歳,5:42.41,1,セ・成城,224歳,1/4,6:11.06*手動,,"52.36,1:47.58,2:35.66,3:27.48,4:09.13,4:57.51,5:32.83",仲田久美子,0.54,41.65
No.18,女子,4x100mメドレ-リレ-,4:54.41,5:04.80,200~239歳,5:42.41,1,セ・成城,224歳,1/4,6:11.06*手動,,"52.36,1:47.58,2:35.66,3:27.48,4:09.13,4:57.51,5:32.83",羽田文,0.53,35.32
No.18,女子,4x100mメドレ-リレ-,4:54.41,5:04.80,200~239歳,5:42.41,2,セ・二俣川,200歳,1/3,6:39.55,,"47.53,1:37.05,2:26.59,3:22.81,4:11.65,5:10.43,5:53.71",草野茜,0.70,47.53
No.18,女子,4x100mメドレ-リレ-,4:54.41,5:04.80,200~239歳,5:42.41,2,セ・二俣川,200歳,1/3,6:39.55,,"47.53,1:37.05,2:26.59,3:22.81,4:11.65,5:10.43,5:53.71",永瀬秀子,0.2,49.54
No.18,女子,4x100mメドレ-リレ-,4:54.41,5:04.80,200~239歳,5:42.41,2,セ・二俣川,200歳,1/3,6:39.55,,"47.53,1:37.05,2:26.59,3:22.81,4:11.65,5:10.43,5:53.71",吉池奈々,0.6,48.84
No.18,女子,4x100mメドレ-リレ-,4:54.41,5:04.80,200~239歳,5:42.41,2,セ・二俣川,200歳,1/3,6:39.55,,"47.53,1:37.05,2:26.59,3:22.81,4:11.65,5:10.43,5:53.71",前田由希映,0.96,43.28
No.18,女子,4x100mメドレ-リレ-,4:40.42,4:42.46,160~199歳,5:17.33,1,セ・阿佐谷,162歳,1/6,6:04.78,,"45.83,1:31.52,2:16.15,3:07.83,3:48.47,4:43.78,5:21.51",棚網恵理,0.71,45.83
No.18,女子,4x100mメドレ-リレ-,4:40.42,4:42.46,160~199歳,5:17.33,1,セ・阿佐谷,162歳,1/6,6:04.78,,"45.83,1:31.52,2:16.15,3:07.83,3:48.47,4:43.78,5:21.51",三宅信花,0.45,44.63
No.18,女子,4x100mメドレ-リレ-,4:40.42,4:42.46,160~199歳,5:17.33,1,セ・阿佐谷,162歳,1/6,6:04.78,,"45.83,1:31.52,2:16.15,3:07.83,3:48.47,4:43.78,5:21.51",今井恵子,0.6,40.64
No.18,女子,4x100mメドレ-リレ-,4:40.42,4:42.46,160~199歳,5:17.33,1,セ・阿佐谷,162歳,1/6,6:04.78,,"45.83,1:31.52,2:16.15,3:07.83,3:48.47,4:43.78,5:21.51",小野真佐子,0.21,37.73
No.18,女子,4x100mメドレ-リレ-,4:40.42,4:42.46,160~199歳,5:17.33,2,セ・慶應日吉,180歳,1/8,6:46.59,,"45.58,1:35.19,2:24.26,3:23.37,4:17.12,5:21.35,6:00.52",井唯,0.72,45.58
No.18,女子,4x100mメドレ-リレ-,4:40.42,4:42.46,160~199歳,5:17.33,2,セ・慶應日吉,180歳,1/8,6:46.59,,"45.58,1:35.19,2:24.26,3:23.37,4:17.12,5:21.35,6:00.52",RacaruGabriela,0.72,49.07
No.18,女子,4x100mメドレ-リレ-,4:40.42,4:42.46,160~199歳,5:17.33,2,セ・慶應日吉,180歳,1/8,6:46.59,,"45.58,1:35.19,2:24.26,3:23.37,4:17.12,5:21.35,6:00.52",井手敦子,0.74,53.75
No.18,女子,4x100mメドレ-リレ-,4:40.42,4:42.46,160~199歳,5:17.33,2,セ・慶應日吉,180歳,1/8,6:46.59,,"45.58,1:35.19,2:24.26,3:23.37,4:17.12,5:21.35,6:00.52",福本麻美,0.6,39.17
No.18,女子,4x100mメドレ-リレ-,4:30.81,4:30.81,72~119歳,5:07.97,1,セ・二俣川,100歳,1/5,5:30.01,,"36.37,1:17.60,2:03.32,2:55.15,3:28.43,4:08.62,4:46.22",表侑寿,0.63,36.37
No.18,女子,4x100mメドレ-リレ-,4:30.81,4:30.81,72~119歳,5:07.97,1,セ・二俣川,100歳,1/5,5:30.01,,"36.37,1:17.60,2:03.32,2:55.15,3:28.43,4:08.62,4:46.22",深堀陽子,0.47,45.72
No.18,女子,4x100mメドレ-リレ-,4:30.81,4:30.81,72~119歳,5:07.97,1,セ・二俣川,100歳,1/5,5:30.01,,"36.37,1:17.60,2:03.32,2:55.15,3:28.43,4:08.62,4:46.22",竹下菜々美,0.5,33.28
No.18,女子,4x100mメドレ-リレ-,4:30.81,4:30.81,72~119歳,5:07.97,1,セ・二俣川,100歳,1/5,5:30.01,,"36.37,1:17.60,2:03.32,2:55.15,3:28.43,4:08.62,4:46.22",松本彩花,0.22,37.6
No.19,男子,4x100mメドレ-リレ-,5:07.90,5:14.37,280~319歳,7:08.16,1,セ・阿佐谷,281歳,1/3,6:10.39,,"47.39,1:37.48,2:24.99,3:19.14,3:54.62,4:35.42,5:19.95",吉村進,0.76,47.39
No.19,男子,4x100mメドレ-リレ-,5:07.90,5:14.37,280~319歳,7:08.16,1,セ・阿佐谷,281歳,1/3,6:10.39,,"47.39,1:37.48,2:24.99,3:19.14,3:54.62,4:35.42,5:19.95",村田幸士郎,0.79,47.51
No.19,男子,4x100mメドレ-リレ-,5:07.90,5:14.37,280~319歳,7:08.16,1,セ・阿佐谷,281歳,1/3,6:10.39,,"47.39,1:37.48,2:24.99,3:19.14,3:54.62,4:35.42,5:19.95",吉原一彦,0.55,35.48
No.19,男子,4x100mメドレ-リレ-,5:07.90,5:14.37,280~319歳,7:08.16,1,セ・阿佐谷,281歳,1/3,6:10.39,,"47.39,1:37.48,2:24.99,3:19.14,3:54.62,4:35.42,5:19.95",折居彰,0.8,44.53
No.19,男子,4x100mメドレ-リレ-,4:13.76,4:15.90,200~239歳,4:43.82,1,セ・二俣川,202歳,1/4,5:13.14,,"37.93,1:18.31,2:04.04,2:55.88,3:29.64,4:09.14,4:38.60",下家成人,0.70,37.93
No.19,男子,4x100mメドレ-リレ-,4:13.76,4:15.90,200~239歳,4:43.82,1,セ・二俣川,202歳,1/4,5:13.14,,"37.93,1:18.31,2:04.04,2:55.88,3:29.64,4:09.14,4:38.60",草野剛史,0.47,45.73
No.19,男子,4x100mメドレ-リレ-,4:13.76,4:15.90,200~239歳,4:43.82,1,セ・二俣川,202歳,1/4,5:13.14,,"37.93,1:18.31,2:04.04,2:55.88,3:29.64,4:09.14,4:38.60",堀川広祐,0.42,33.76
No.19,男子,4x100mメドレ-リレ-,4:13.76,4:15.90,200~239歳,4:43.82,1,セ・二俣川,202歳,1/4,5:13.14,,"37.93,1:18.31,2:04.04,2:55.88,3:29.64,4:09.14,4:38.60",永瀬知之,0.5,29.46
No.19,男子,4x100mメドレ-リレ-,4:13.76,4:15.90,200~239歳,4:43.82,2,セ・大宮宮原,204歳,1/6,5:15.18,,"43.08,1:28.45,2:07.22,2:51.10,3:24.10,4:06.45,4:39.44",宮川則仁,0.76,43.08
No.19,男子,4x100mメドレ-リレ-,4:13.76,4:15.90,200~239歳,4:43.82,2,セ・大宮宮原,204歳,1/6,5:15.18,,"43.08,1:28.45,2:07.22,2:51.10,3:24.10,4:06.45,4:39.44",阿部憲一,0.09,38.77
No.19,男子,4x100mメドレ-リレ-,4:13.76,4:15.90,200~239歳,4:43.82,2,セ・大宮宮原,204歳,1/6,5:15.18,,"43.08,1:28.45,2:07.22,2:51.10,3:24.10,4:06.45,4:39.44",川瀬健次,0.4,33
No.19,男子,4x100mメドレ-リレ-,4:13.76,4:15.90,200~239歳,4:43.82,2,セ・大宮宮原,204歳,1/6,5:15.18,,"43.08,1:28.45,2:07.22,2:51.10,3:24.10,4:06.45,4:39.44",清田真人,0.18,32.99
No.19,男子,4x100mメドレ-リレ-,4:13.76,4:15.90,200~239歳,4:43.82,3,セ・天王洲,208歳,1/7,6:01.42,,"42.7,1:30.75,2:15.23,3:06.53,3:40.98,4:22.23,5:06.30",久保卓士,0.66,42.7
No.19,男子,4x100mメドレ-リレ-,4:13.76,4:15.90,200~239歳,4:43.82,3,セ・天王洲,208歳,1/7,6:01.42,,"42.7,1:30.75,2:15.23,3:06.53,3:40.98,4:22.23,5:06.30",千葉忠英,0.69,44.48
No.19,男子,4x100mメドレ-リレ-,4:13.76,4:15.90,200~239歳,4:43.82,3,セ・天王洲,208歳,1/7,6:01.42,,"42.7,1:30.75,2:15.23,3:06.53,3:40.98,4:22.23,5:06.30",倉持公一,0.45,34.45
No.19,男子,4x100mメドレ-リレ-,4:13.76,4:15.90,200~239歳,4:43.82,3,セ・天王洲,208歳,1/7,6:01.42,,"42.7,1:30.75,2:15.23,3:06.53,3:40.98,4:22.23,5:06.30",佐藤流生,0.86,44.07
No.19,男子,4x100mメドレ-リレ-,4:13.76,4:15.90,200~239歳,4:43.82,4,セ・阿佐谷,209歳,1/8,6:31.21,,"43.52,1:33.75,2:32.38,3:42.01,4:18.46,5:03.68,5:44.12",若杉佳宏,0.70,43.52
No.19,男子,4x100mメドレ-リレ-,4:13.76,4:15.90,200~239歳,4:43.82,4,セ・阿佐谷,209歳,1/8,6:31.21,,"43.52,1:33.75,2:32.38,3:42.01,4:18.46,5:03.68,5:44.12",伴野保志,0.91,58.63
No.19,男子,4x100mメドレ-リレ-,4:13.76,4:15.90,200~239歳,4:43.82,4,セ・阿佐谷,209歳,1/8,6:31.21,,"43.52,1:33.75,2:32.38,3:42.01,4:18.46,5:03.68,5:44.12",和田亮,0.47,36.45
No.19,男子,4x100mメドレ-リレ-,4:13.76,4:15.90,200~239歳,4:43.82,4,セ・阿佐谷,209歳,1/8,6:31.21,,"43.52,1:33.75,2:32.38,3:42.01,4:18.46,5:03.68,5:44.12",大川明徳,0.86,40.44
No.19,男子,4x100mメドレ-リレ-,4:01.27,4:01.27,160~199歳,4:11.57,1,セ・二俣川,163歳,2/7,4:33.33,,"35.03,1:11.14,1:43.33,2:19.50,2:51.21,3:28.80,3:58.51",鶴谷学,0.67,35.03
No.19,男子,4x100mメドレ-リレ-,4:01.27,4:01.27,160~199歳,4:11.57,1,セ・二俣川,163歳,2/7,4:33.33,,"35.03,1:11.14,1:43.33,2:19.50,2:51.21,3:28.80,3:58.51",立石裕太郎,0.62,32.19
No.19,男子,4x100mメドレ-リレ-,4:01.27,4:01.27,160~199歳,4:11.57,1,セ・二俣川,163歳,2/7,4:33.33,,"35.03,1:11.14,1:43.33,2:19.50,2:51.21,3:28.80,3:58.51",前田崇行,0.4,31.71
No.19,男子,4x100mメドレ-リレ-,4:01.27,4:01.27,160~199歳,4:11.57,1,セ・二俣川,163歳,2/7,4:33.33,,"35.03,1:11.14,1:43.33,2:19.50,2:51.21,3:28.80,3:58.51",木村知行,0.21,29.71
No.19,男子,4x100mメドレ-リレ-,4:01.27,4:01.27,160~199歳,4:11.57,2,セ・阿佐谷,165歳,2/9,4:33.36,,"34.25,1:10.83,1:44.63,2:24.98,2:55.77,3:31.94,4:01.44",棚網宏之,0.61,34.25
No.19,男子,4x100mメドレ-リレ-,4:01.27,4:01.27,160~199歳,4:11.57,2,セ・阿佐谷,165歳,2/9,4:33.36,,"34.25,1:10.83,1:44.63,2:24.98,2:55.77,3:31.94,4:01.44",和田弘太郎,0.17,33.8
No.19,男子,4x100mメドレ-リレ-,4:01.27,4:01.27,160~199歳,4:11.57,2,セ・阿佐谷,165歳,2/9,4:33.36,,"34.25,1:10.83,1:44.63,2:24.98,2:55.77,3:31.94,4:01.44",椎本恭平,0.29,30.79
No.19,男子,4x100mメドレ-リレ-,4:01.27,4:01.27,160~199歳,4:11.57,2,セ・阿佐谷,165歳,2/9,4:33.36,,"34.25,1:10.83,1:44.63,2:24.98,2:55.77,3:31.94,4:01.44",北川貴義,0.33,29.5
No.19,男子,4x100mメドレ-リレ-,4:01.27,4:01.27,160~199歳,4:11.57,3,セ・市ヶ尾,170歳,2/8,4:37.61,,"36.25,1:15.29,1:49.45,2:28.61,2:58.06,3:32.32,4:03.62",図師拓千,0.58,36.25
No.19,男子,4x100mメドレ-リレ-,4:01.27,4:01.27,160~199歳,4:11.57,3,セ・市ヶ尾,170歳,2/8,4:37.61,,"36.25,1:15.29,1:49.45,2:28.61,2:58.06,3:32.32,4:03.62",木村考太,0.52,34.16
No.19,男子,4x100mメドレ-リレ-,4:01.27,4:01.27,160~199歳,4:11.57,3,セ・市ヶ尾,170歳,2/8,4:37.61,,"36.25,1:15.29,1:49.45,2:28.61,2:58.06,3:32.32,4:03.62",田窪達,0.34,29.45
No.19,男子,4x100mメドレ-リレ-,4:01.27,4:01.27,160~199歳,4:11.57,3,セ・市ヶ尾,170歳,2/8,4:37.61,,"36.25,1:15.29,1:49.45,2:28.61,2:58.06,3:32.32,4:03.62",菱川亮太,0.46,31.3
No.19,男子,4x100mメドレ-リレ-,4:01.27,4:01.27,160~199歳,4:11.57,4,セ・長津田,193歳,1/5,5:04.89,,"45.15,1:31.00,2:09.76,2:52.94,3:24.81,4:01.30,4:31.94",藤本豊和,0.79,45.15
No.19,男子,4x100mメドレ-リレ-,4:01.27,4:01.27,160~199歳,4:11.57,4,セ・長津田,193歳,1/5,5:04.89,,"45.15,1:31.00,2:09.76,2:52.94,3:24.81,4:01.30,4:31.94",祖川久茂,0.18,38.76
No.19,男子,4x100mメドレ-リレ-,4:01.27,4:01.27,160~199歳,4:11.57,4,セ・長津田,193歳,1/5,5:04.89,,"45.15,1:31.00,2:09.76,2:52.94,3:24.81,4:01.30,4:31.94",矢作歩,0.64,31.87
No.19,男子,4x100mメドレ-リレ-,4:01.27,4:01.27,160~199歳,4:11.57,4,セ・長津田,193歳,1/5,5:04.89,,"45.15,1:31.00,2:09.76,2:52.94,3:24.81,4:01.30,4:31.94",花井一也,0.13,30.64
No.19,男子,4x100mメドレ-リレ-,4:01.27,4:01.27,160~199歳,4:11.57,5,セ・慶應日吉,193歳,1/2,5:55.24,,"36.1,1:16.74,1:51.73,2:31.66,3:23.36,4:35.66,5:13.05",河野悟,0.65,36.1
No.19,男子,4x100mメドレ-リレ-,4:01.27,4:01.27,160~199歳,4:11.57,5,セ・慶應日吉,193歳,1/2,5:55.24,,"36.1,1:16.74,1:51.73,2:31.66,3:23.36,4:35.66,5:13.05",菅原啓,0.27,34.99
No.19,男子,4x100mメドレ-リレ-,4:01.27,4:01.27,160~199歳,4:11.57,5,セ・慶應日吉,193歳,1/2,5:55.24,,"36.1,1:16.74,1:51.73,2:31.66,3:23.36,4:35.66,5:13.05",大塚秀幸,0.7,51.7
No.19,男子,4x100mメドレ-リレ-,4:01.27,4:01.27,160~199歳,4:11.57,5,セ・慶應日吉,193歳,1/2,5:55.24,,"36.1,1:16.74,1:51.73,2:31.66,3:23.36,4:35.66,5:13.05",森明法,0.71,37.39
No.19,男子,4x100mメドレ-リレ-,3:47.54,3:47.54,120~159歳,4:06.23,1,セ・武蔵小杉,140歳,2/5,4:28.37,,"31.47,1:05.95,1:42.32,2:24.69,2:55.08,3:29.94,3:57.90",松澤朋樹,0.65,31.47
No.19,男子,4x100mメドレ-リレ-,3:47.54,3:47.54,120~159歳,4:06.23,1,セ・武蔵小杉,140歳,2/5,4:28.37,,"31.47,1:05.95,1:42.32,2:24.69,2:55.08,3:29.94,3:57.90",西尾直人,0.36,36.37
No.19,男子,4x100mメドレ-リレ-,3:47.54,3:47.54,120~159歳,4:06.23,1,セ・武蔵小杉,140歳,2/5,4:28.37,,"31.47,1:05.95,1:42.32,2:24.69,2:55.08,3:29.94,3:57.90",高木祥一,0.55,30.39
No.19,男子,4x100mメドレ-リレ-,3:47.54,3:47.54,120~159歳,4:06.23,1,セ・武蔵小杉,140歳,2/5,4:28.37,,"31.47,1:05.95,1:42.32,2:24.69,2:55.08,3:29.94,3:57.90",奥平竜司,0.03,27.96
No.19,男子,4x100mメドレ-リレ-,3:47.54,3:47.54,120~159歳,4:06.23,2,セ・大宮宮原,125歳,2/6,4:28.64,,"40.67,1:20.85,1:51.38,2:26.18,2:55.63,3:29.96,3:58.33",皆川雅登,0.79,40.67
No.19,男子,4x100mメドレ-リレ-,3:47.54,3:47.54,120~159歳,4:06.23,2,セ・大宮宮原,125歳,2/6,4:28.64,,"40.67,1:20.85,1:51.38,2:26.18,2:55.63,3:29.96,3:58.33",石井建幹,0.31,30.53
No.19,男子,4x100mメドレ-リレ-,3:47.54,3:47.54,120~159歳,4:06.23,2,セ・大宮宮原,125歳,2/6,4:28.64,,"40.67,1:20.85,1:51.38,2:26.18,2:55.63,3:29.96,3:58.33",岡内昭伍,0.29,29.45
No.19,男子,4x100mメドレ-リレ-,3:47.54,3:47.54,120~159歳,4:06.23,2,セ・大宮宮原,125歳,2/6,4:28.64,,"40.67,1:20.85,1:51.38,2:26.18,2:55.63,3:29.96,3:58.33",日吉将輝,0.21,28.37
No.19,男子,4x100mメドレ-リレ-,3:46.80,3:46.80,72~119歳,3:59.80,1,セ・成城,101歳,2/4,4:25.90,,"32.38,1:09.29,1:42.52,2:21.76,2:51.94,3:25.95,3:54.06",小林和矢,0.63,32.38
No.19,男子,4x100mメドレ-リレ-,3:46.80,3:46.80,72~119歳,3:59.80,1,セ・成城,101歳,2/4,4:25.90,,"32.38,1:09.29,1:42.52,2:21.76,2:51.94,3:25.95,3:54.06",黒田大介,0.2,33.23
No.19,男子,4x100mメドレ-リレ-,3:46.80,3:46.80,72~119歳,3:59.80,1,セ・成城,101歳,2/4,4:25.90,,"32.38,1:09.29,1:42.52,2:21.76,2:51.94,3:25.95,3:54.06",中西剛,0.38,30.18
No.19,男子,4x100mメドレ-リレ-,3:46.80,3:46.80,72~119歳,3:59.80,1,セ・成城,101歳,2/4,4:25.90,,"32.38,1:09.29,1:42.52,2:21.76,2:51.94,3:25.95,3:54.06",柿沼龍史,0.3,28.11
No.19,男子,4x100mメドレ-リレ-,3:46.80,3:46.80,72~119歳,3:59.80,2,セ・天王洲,117歳,2/2,4:35.11,,"30.91,1:04.61,1:40.20,2:24.08,2:52.60,3:26.67,3:57.32",中村翼,0.58,30.91
No.19,男子,4x100mメドレ-リレ-,3:46.80,3:46.80,72~119歳,3:59.80,2,セ・天王洲,117歳,2/2,4:35.11,,"30.91,1:04.61,1:40.20,2:24.08,2:52.60,3:26.67,3:57.32",加間英貴,0.26,35.59
No.19,男子,4x100mメドレ-リレ-,3:46.80,3:46.80,72~119歳,3:59.80,2,セ・天王洲,117歳,2/2,4:35.11,,"30.91,1:04.61,1:40.20,2:24.08,2:52.60,3:26.67,3:57.32",小野健,0.44,28.52
No.19,男子,4x100mメドレ-リレ-,3:46.80,3:46.80,72~119歳,3:59.80,2,セ・天王洲,117歳,2/2,4:35.11,,"30.91,1:04.61,1:40.20,2:24.08,2:52.60,3:26.67,3:57.32",寺田遼太,0.44,30.65
No.19,男子,4x100mメドレ-リレ-,3:46.80,3:46.80,72~119歳,3:59.80,3,セ・二俣川,)88歳,2/3,4:42.86,,"37.4,1:19.00,1:55.64,2:35.02,3:04.12,3:39.02,4:09.23",田中啓二朗,0.59,37.4
No.19,男子,4x100mメドレ-リレ-,3:46.80,3:46.80,72~119歳,3:59.80,3,セ・二俣川,)88歳,2/3,4:42.86,,"37.4,1:19.00,1:55.64,2:35.02,3:04.12,3:39.02,4:09.23",田中壮一郎,0.39,36.64
No.19,男子,4x100mメドレ-リレ-,3:46.80,3:46.80,72~119歳,3:59.80,3,セ・二俣川,)88歳,2/3,4:42.86,,"37.4,1:19.00,1:55.64,2:35.02,3:04.12,3:39.02,4:09.23",山﨑陸真,0.68,29.1
No.19,男子,4x100mメドレ-リレ-,3:46.80,3:46.80,72~119歳,3:59.80,3,セ・二俣川,)88歳,2/3,4:42.86,,"37.4,1:19.00,1:55.64,2:35.02,3:04.12,3:39.02,4:09.23",秋澤裕介,0.32,30.21
No.24,混合,4x50mフリ-リレ-,2:01.22,2:11.09,280~319歳,2:24.46,1,セ・成城,280歳,2/5,2:30.67,,"41.08,1:20.34,1:55.92",田代眞理子,0.74,41.08
No.24,混合,4x50mフリ-リレ-,2:01.22,2:11.09,280~319歳,2:24.46,1,セ・成城,280歳,2/5,2:30.67,,"41.08,1:20.34,1:55.92",高梨美樹,0.54,39.26
No.24,混合,4x50mフリ-リレ-,2:01.22,2:11.09,280~319歳,2:24.46,1,セ・成城,280歳,2/5,2:30.67,,"41.08,1:20.34,1:55.92",木津誠,0.66,35.58
No.24,混合,4x50mフリ-リレ-,2:01.22,2:11.09,280~319歳,2:24.46,1,セ・成城,280歳,2/5,2:30.67,,"41.08,1:20.34,1:55.92",若宮強,0.58,34.75
No.24,混合,4x50mフリ-リレ-,2:01.22,2:11.09,280~319歳,2:24.46,2,セ・二俣川,281歳,2/8,2:32.32,,"32.33,1:10.50,1:53.64",冨松実,0.68,32.33
No.24,混合,4x50mフリ-リレ-,2:01.22,2:11.09,280~319歳,2:24.46,2,セ・二俣川,281歳,2/8,2:32.32,,"32.33,1:10.50,1:53.64",近藤ひな子,0.52,38.17
No.24,混合,4x50mフリ-リレ-,2:01.22,2:11.09,280~319歳,2:24.46,2,セ・二俣川,281歳,2/8,2:32.32,,"32.33,1:10.50,1:53.64",清水裕子,0.9,43.14
No.24,混合,4x50mフリ-リレ-,2:01.22,2:11.09,280~319歳,2:24.46,2,セ・二俣川,281歳,2/8,2:32.32,,"32.33,1:10.50,1:53.64",香川左近,0.45,38.68
No.24,混合,4x50mフリ-リレ-,2:01.22,2:11.09,280~319歳,2:24.46,3,セ・葛西,281歳,1/4,2:42.03,,"38.61,1:22.48,2:06.32",山元修一,0.80,38.61
No.24,混合,4x50mフリ-リレ-,2:01.22,2:11.09,280~319歳,2:24.46,3,セ・葛西,281歳,1/4,2:42.03,,"38.61,1:22.48,2:06.32",大内洋,0.34,43.87
No.24,混合,4x50mフリ-リレ-,2:01.22,2:11.09,280~319歳,2:24.46,3,セ・葛西,281歳,1/4,2:42.03,,"38.61,1:22.48,2:06.32",青砥美智子,0.63,43.84
No.24,混合,4x50mフリ-リレ-,2:01.22,2:11.09,280~319歳,2:24.46,3,セ・葛西,281歳,1/4,2:42.03,,"38.61,1:22.48,2:06.32",菅野泰子,0.38,35.71
No.24,混合,4x50mフリ-リレ-,2:01.22,2:11.09,280~319歳,2:24.46,4,セ・市ヶ尾,285歳,1/6,2:53.98,,"44.85,1:37.68,2:24.42",井上隆史,1.11,44.85
No.24,混合,4x50mフリ-リレ-,2:01.22,2:11.09,280~319歳,2:24.46,4,セ・市ヶ尾,285歳,1/6,2:53.98,,"44.85,1:37.68,2:24.42",荒深なみ,0.42,52.83
No.24,混合,4x50mフリ-リレ-,2:01.22,2:11.09,280~319歳,2:24.46,4,セ・市ヶ尾,285歳,1/6,2:53.98,,"44.85,1:37.68,2:24.42",原昌代,0.06,46.74
No.24,混合,4x50mフリ-リレ-,2:01.22,2:11.09,280~319歳,2:24.46,4,セ・市ヶ尾,285歳,1/6,2:53.98,,"44.85,1:37.68,2:24.42",菊池千二,0.44,29.56
No.24,混合,4x50mフリ-リレ-,2:01.22,2:11.09,280~319歳,2:24.46,5,セ・慶應日吉,282歳,1/7,2:57.61,,"50.59,1:29.28,2:17.77",戸倉陽子,1.01,50.59
No.24,混合,4x50mフリ-リレ-,2:01.22,2:11.09,280~319歳,2:24.46,5,セ・慶應日吉,282歳,1/7,2:57.61,,"50.59,1:29.28,2:17.77",森谷登志江,0.43,38.69
No.24,混合,4x50mフリ-リレ-,2:01.22,2:11.09,280~319歳,2:24.46,5,セ・慶應日吉,282歳,1/7,2:57.61,,"50.59,1:29.28,2:17.77",小田稔,0.89,48.49
No.24,混合,4x50mフリ-リレ-,2:01.22,2:11.09,280~319歳,2:24.46,5,セ・慶應日吉,282歳,1/7,2:57.61,,"50.59,1:29.28,2:17.77",山本勝,0.47,39.84
No.24,混合,4x50mフリ-リレ-,1:52.45,1:56.75,240~279歳,2:01.69,1,セ・阿佐谷,246歳,4/1,2:20.69,,"30.41,1:12.61,1:50.36",若杉佳宏,0.77,30.41
No.24,混合,4x50mフリ-リレ-,1:52.45,1:56.75,240~279歳,2:01.69,1,セ・阿佐谷,246歳,4/1,2:20.69,,"30.41,1:12.61,1:50.36",宮田ひとみ,0.15,42.2
No.24,混合,4x50mフリ-リレ-,1:52.45,1:56.75,240~279歳,2:01.69,1,セ・阿佐谷,246歳,4/1,2:20.69,,"30.41,1:12.61,1:50.36",野島正代,0.11,37.75
No.24,混合,4x50mフリ-リレ-,1:52.45,1:56.75,240~279歳,2:01.69,1,セ・阿佐谷,246歳,4/1,2:20.69,,"30.41,1:12.61,1:50.36",吉原一彦,0.61,30.33
No.24,混合,4x50mフリ-リレ-,1:52.45,1:56.75,240~279歳,2:01.69,2,セ・二俣川,247歳,4/10,2:22.30,,"31.02,1:09.58,1:46.97",下家成人,0.79,31.02
No.24,混合,4x50mフリ-リレ-,1:52.45,1:56.75,240~279歳,2:01.69,2,セ・二俣川,247歳,4/10,2:22.30,,"31.02,1:09.58,1:46.97",野島久枝,0.4,38.56
No.24,混合,4x50mフリ-リレ-,1:52.45,1:56.75,240~279歳,2:01.69,2,セ・二俣川,247歳,4/10,2:22.30,,"31.02,1:09.58,1:46.97",武井麻知子,0.37,37.39
No.24,混合,4x50mフリ-リレ-,1:52.45,1:56.75,240~279歳,2:01.69,2,セ・二俣川,247歳,4/10,2:22.30,,"31.02,1:09.58,1:46.97",若島健二,0.55,35.33
No.24,混合,4x50mフリ-リレ-,1:52.45,1:56.75,240~279歳,2:01.69,3,セ・我孫子,247歳,1/5,2:29.78,,"36.65,1:11.43,1:55.10",山梨英克,0.74,36.65
No.24,混合,4x50mフリ-リレ-,1:52.45,1:56.75,240~279歳,2:01.69,3,セ・我孫子,247歳,1/5,2:29.78,,"36.65,1:11.43,1:55.10",飯澤美香,0.57,34.78
No.24,混合,4x50mフリ-リレ-,1:52.45,1:56.75,240~279歳,2:01.69,3,セ・我孫子,247歳,1/5,2:29.78,,"36.65,1:11.43,1:55.10",山梨静枝,0.39,43.67
No.24,混合,4x50mフリ-リレ-,1:52.45,1:56.75,240~279歳,2:01.69,3,セ・我孫子,247歳,1/5,2:29.78,,"36.65,1:11.43,1:55.10",鈴木幹男,0.4,34.68
No.24,混合,4x50mフリ-リレ-,1:52.45,1:56.75,240~279歳,2:01.69,4,セ・長津田,246歳,2/6,2:33.95,,"32.38,1:13.83,1:57.14",池谷千尋,0.73,32.38
No.24,混合,4x50mフリ-リレ-,1:52.45,1:56.75,240~279歳,2:01.69,4,セ・長津田,246歳,2/6,2:33.95,,"32.38,1:13.83,1:57.14",小池淳子,0.48,41.45
No.24,混合,4x50mフリ-リレ-,1:52.45,1:56.75,240~279歳,2:01.69,4,セ・長津田,246歳,2/6,2:33.95,,"32.38,1:13.83,1:57.14",三沢弘美,0.23,43.31
No.24,混合,4x50mフリ-リレ-,1:52.45,1:56.75,240~279歳,2:01.69,4,セ・長津田,246歳,2/6,2:33.95,,"32.38,1:13.83,1:57.14",飯沼明,0.38,36.81
No.24,混合,4x50mフリ-リレ-,1:52.45,1:56.75,240~279歳,2:01.69,5,セ・成城,243歳,2/3,2:36.23,,"36.94,1:13.08,1:56.49",佐藤洋子,0.71,36.94
No.24,混合,4x50mフリ-リレ-,1:52.45,1:56.75,240~279歳,2:01.69,5,セ・成城,243歳,2/3,2:36.23,,"36.94,1:13.08,1:56.49",中井岳郎,0.5,36.14
No.24,混合,4x50mフリ-リレ-,1:52.45,1:56.75,240~279歳,2:01.69,5,セ・成城,243歳,2/3,2:36.23,,"36.94,1:13.08,1:56.49",松田聡美,0.63,43.41
No.24,混合,4x50mフリ-リレ-,1:52.45,1:56.75,240~279歳,2:01.69,5,セ・成城,243歳,2/3,2:36.23,,"36.94,1:13.08,1:56.49",浦田昌和,0.53,39.74
No.24,混合,4x50mフリ-リレ-,1:52.45,1:56.75,240~279歳,2:01.69,6,セ・大宮宮原,260歳,1/3,2:40.80,,"42.12,1:20.35,1:58.45",白井清嗣,0.99,42.12
No.24,混合,4x50mフリ-リレ-,1:52.45,1:56.75,240~279歳,2:01.69,6,セ・大宮宮原,260歳,1/3,2:40.80,,"42.12,1:20.35,1:58.45",幡場達明,0.64,38.23
No.24,混合,4x50mフリ-リレ-,1:52.45,1:56.75,240~279歳,2:01.69,6,セ・大宮宮原,260歳,1/3,2:40.80,,"42.12,1:20.35,1:58.45",西田三佐子,0.52,38.1
No.24,混合,4x50mフリ-リレ-,1:52.45,1:56.75,240~279歳,2:01.69,6,セ・大宮宮原,260歳,1/3,2:40.80,,"42.12,1:20.35,1:58.45",坂井慶子,0.48,42.35
No.24,混合,4x50mフリ-リレ-,1:52.45,1:56.75,240~279歳,2:01.69,7,セ・成城,246歳,2/2,2:48.67,,"40.13,1:25.33,2:06.65",後藤潤,0.88,40.13
No.24,混合,4x50mフリ-リレ-,1:52.45,1:56.75,240~279歳,2:01.69,7,セ・成城,246歳,2/2,2:48.67,,"40.13,1:25.33,2:06.65",廣瀬伸子,0.6,45.2
No.24,混合,4x50mフリ-リレ-,1:52.45,1:56.75,240~279歳,2:01.69,7,セ・成城,246歳,2/2,2:48.67,,"40.13,1:25.33,2:06.65",草森理子,0.47,41.32
No.24,混合,4x50mフリ-リレ-,1:52.45,1:56.75,240~279歳,2:01.69,7,セ・成城,246歳,2/2,2:48.67,,"40.13,1:25.33,2:06.65",安部盛博,0.89,42.02
No.24,混合,4x50mフリ-リレ-,1:52.45,1:56.75,240~279歳,2:01.69,8,セ・阿佐谷,269歳,1/8,2:53.35,,"37.94,1:20.66,2:12.48",吉村進,0.83,37.94
No.24,混合,4x50mフリ-リレ-,1:52.45,1:56.75,240~279歳,2:01.69,8,セ・阿佐谷,269歳,1/8,2:53.35,,"37.94,1:20.66,2:12.48",大原清美,0.75,42.72
No.24,混合,4x50mフリ-リレ-,1:52.45,1:56.75,240~279歳,2:01.69,8,セ・阿佐谷,269歳,1/8,2:53.35,,"37.94,1:20.66,2:12.48",近藤みゆき,0.6,51.82
No.24,混合,4x50mフリ-リレ-,1:52.45,1:56.75,240~279歳,2:01.69,8,セ・阿佐谷,269歳,1/8,2:53.35,,"37.94,1:20.66,2:12.48",折居彰,0.63,40.87
No.24,混合,4x50mフリ-リレ-,1:52.45,1:56.75,240~279歳,2:01.69,9,セ・川越,240歳,1/2,3:03.74,,"53.52,1:38.47,2:24.10",楢橋章,1.30,53.52
No.24,混合,4x50mフリ-リレ-,1:52.45,1:56.75,240~279歳,2:01.69,9,セ・川越,240歳,1/2,3:03.74,,"53.52,1:38.47,2:24.10",杉山規子,0.31,44.95
No.24,混合,4x50mフリ-リレ-,1:52.45,1:56.75,240~279歳,2:01.69,9,セ・川越,240歳,1/2,3:03.74,,"53.52,1:38.47,2:24.10",岩朋実,0.67,45.63
No.24,混合,4x50mフリ-リレ-,1:52.45,1:56.75,240~279歳,2:01.69,9,セ・川越,240歳,1/2,3:03.74,,"53.52,1:38.47,2:24.10",今井英大,0.84,39.64
No.24,混合,4x50mフリ-リレ-,1:44.96,1:49.36,200~239歳,1:56.75,1,セ・二俣川,213歳,4/5,2:02.87,,"28.76,1:03.78,1:36.07",堀川広祐,0.67,28.76
No.24,混合,4x50mフリ-リレ-,1:44.96,1:49.36,200~239歳,1:56.75,1,セ・二俣川,213歳,4/5,2:02.87,,"28.76,1:03.78,1:36.07",松川律子,0.4,35.02
No.24,混合,4x50mフリ-リレ-,1:44.96,1:49.36,200~239歳,1:56.75,1,セ・二俣川,213歳,4/5,2:02.87,,"28.76,1:03.78,1:36.07",永瀬秀子,0.25,32.29
No.24,混合,4x50mフリ-リレ-,1:44.96,1:49.36,200~239歳,1:56.75,1,セ・二俣川,213歳,4/5,2:02.87,,"28.76,1:03.78,1:36.07",永瀬知之,0.26,26.8
No.24,混合,4x50mフリ-リレ-,1:44.96,1:49.36,200~239歳,1:56.75,2,セ・阿佐谷,200歳,4/7,2:07.05,,"28.08,1:03.08,1:39.12",北川貴義,0.72,28.08
No.24,混合,4x50mフリ-リレ-,1:44.96,1:49.36,200~239歳,1:56.75,2,セ・阿佐谷,200歳,4/7,2:07.05,,"28.08,1:03.08,1:39.12",棚網恵理,0.37,35
No.24,混合,4x50mフリ-リレ-,1:44.96,1:49.36,200~239歳,1:56.75,2,セ・阿佐谷,200歳,4/7,2:07.05,,"28.08,1:03.08,1:39.12",石原なおみ,0.59,36.04
No.24,混合,4x50mフリ-リレ-,1:44.96,1:49.36,200~239歳,1:56.75,2,セ・阿佐谷,200歳,4/7,2:07.05,,"28.08,1:03.08,1:39.12",棚網宏之,0.45,27.93
No.24,混合,4x50mフリ-リレ-,1:44.96,1:49.36,200~239歳,1:56.75,3,セ・成城,209歳,4/8,2:08.79,,"31.05,1:06.85,1:40.93",羽田浩一,0.72,31.05
No.24,混合,4x50mフリ-リレ-,1:44.96,1:49.36,200~239歳,1:56.75,3,セ・成城,209歳,4/8,2:08.79,,"31.05,1:06.85,1:40.93",高柳祐子,0.42,35.8
No.24,混合,4x50mフリ-リレ-,1:44.96,1:49.36,200~239歳,1:56.75,3,セ・成城,209歳,4/8,2:08.79,,"31.05,1:06.85,1:40.93",仲田久美子,0.58,34.08
No.24,混合,4x50mフリ-リレ-,1:44.96,1:49.36,200~239歳,1:56.75,3,セ・成城,209歳,4/8,2:08.79,,"31.05,1:06.85,1:40.93",村守,0.23,27.86
No.24,混合,4x50mフリ-リレ-,1:44.96,1:49.36,200~239歳,1:56.75,4,セ・市ヶ尾,213歳,3/6,2:13.73,,"30.93,1:07.11,1:41.39",廣松伸一,0.73,30.93
No.24,混合,4x50mフリ-リレ-,1:44.96,1:49.36,200~239歳,1:56.75,4,セ・市ヶ尾,213歳,3/6,2:13.73,,"30.93,1:07.11,1:41.39",白須靖子,0.34,36.18
No.24,混合,4x50mフリ-リレ-,1:44.96,1:49.36,200~239歳,1:56.75,4,セ・市ヶ尾,213歳,3/6,2:13.73,,"30.93,1:07.11,1:41.39",高橋麻子,0.43,34.28
No.24,混合,4x50mフリ-リレ-,1:44.96,1:49.36,200~239歳,1:56.75,4,セ・市ヶ尾,213歳,3/6,2:13.73,,"30.93,1:07.11,1:41.39",塚越有宏,0.47,32.34
No.24,混合,4x50mフリ-リレ-,1:44.96,1:49.36,200~239歳,1:56.75,5,セ・桶川北本,227歳,3/8,2:16.19,,"32.23,1:06.80,1:47.20",梅澤亮子,0.70,32.23
No.24,混合,4x50mフリ-リレ-,1:44.96,1:49.36,200~239歳,1:56.75,5,セ・桶川北本,227歳,3/8,2:16.19,,"32.23,1:06.80,1:47.20",佐藤信弘,0.42,34.57
No.24,混合,4x50mフリ-リレ-,1:44.96,1:49.36,200~239歳,1:56.75,5,セ・桶川北本,227歳,3/8,2:16.19,,"32.23,1:06.80,1:47.20",山中恵子,0.61,40.4
No.24,混合,4x50mフリ-リレ-,1:44.96,1:49.36,200~239歳,1:56.75,5,セ・桶川北本,227歳,3/8,2:16.19,,"32.23,1:06.80,1:47.20",原正敏,0.38,28.99
No.24,混合,4x50mフリ-リレ-,1:44.96,1:49.36,200~239歳,1:56.75,6,セ・大森,207歳,3/7,2:20.47,,"27.53,1:06.41,1:50.08",中原志門,0.68,27.53
No.24,混合,4x50mフリ-リレ-,1:44.96,1:49.36,200~239歳,1:56.75,6,セ・大森,207歳,3/7,2:20.47,,"27.53,1:06.41,1:50.08",立石由美子,0.33,38.88
No.24,混合,4x50mフリ-リレ-,1:44.96,1:49.36,200~239歳,1:56.75,6,セ・大森,207歳,3/7,2:20.47,,"27.53,1:06.41,1:50.08",小林名緒子,0.64,43.67
No.24,混合,4x50mフリ-リレ-,1:44.96,1:49.36,200~239歳,1:56.75,6,セ・大森,207歳,3/7,2:20.47,,"27.53,1:06.41,1:50.08",浅田康朗,0.19,30.39
No.24,混合,4x50mフリ-リレ-,1:44.96,1:49.36,200~239歳,1:56.75,7,セ・横浜,232歳,3/2,2:25.08,,"32.81,1:10.90,1:48.62",加藤大輔,0.85,32.81
No.24,混合,4x50mフリ-リレ-,1:44.96,1:49.36,200~239歳,1:56.75,7,セ・横浜,232歳,3/2,2:25.08,,"32.81,1:10.90,1:48.62",山﨑京子,0.51,38.09
No.24,混合,4x50mフリ-リレ-,1:44.96,1:49.36,200~239歳,1:56.75,7,セ・横浜,232歳,3/2,2:25.08,,"32.81,1:10.90,1:48.62",大野結実,0.43,37.72
No.24,混合,4x50mフリ-リレ-,1:44.96,1:49.36,200~239歳,1:56.75,7,セ・横浜,232歳,3/2,2:25.08,,"32.81,1:10.90,1:48.62",二宮博,0.25,36.46
No.24,混合,4x50mフリ-リレ-,1:44.96,1:49.36,200~239歳,1:56.75,8,セ・長津田,210歳,3/4,2:26.61,,"29.73,1:10.14,1:56.30",矢部裕之,0.76,29.73
No.24,混合,4x50mフリ-リレ-,1:44.96,1:49.36,200~239歳,1:56.75,8,セ・長津田,210歳,3/4,2:26.61,,"29.73,1:10.14,1:56.30",久保美由紀,0.39,40.41
No.24,混合,4x50mフリ-リレ-,1:44.96,1:49.36,200~239歳,1:56.75,8,セ・長津田,210歳,3/4,2:26.61,,"29.73,1:10.14,1:56.30",久保とし子,0.47,46.16
No.24,混合,4x50mフリ-リレ-,1:44.96,1:49.36,200~239歳,1:56.75,8,セ・長津田,210歳,3/4,2:26.61,,"29.73,1:10.14,1:56.30",西野宮冬木,0.02,30.31
No.24,混合,4x50mフリ-リレ-,1:44.96,1:49.36,200~239歳,1:56.75,9,セ・府中,230歳,2/9,2:40.97,,"42.94,1:24.22,2:03.57",谷美希子,0.80,42.94
No.24,混合,4x50mフリ-リレ-,1:44.96,1:49.36,200~239歳,1:56.75,9,セ・府中,230歳,2/9,2:40.97,,"42.94,1:24.22,2:03.57",古谷加寿子,0.5,41.28
No.24,混合,4x50mフリ-リレ-,1:44.96,1:49.36,200~239歳,1:56.75,9,セ・府中,230歳,2/9,2:40.97,,"42.94,1:24.22,2:03.57",金丸正弘,0.41,39.35
No.24,混合,4x50mフリ-リレ-,1:44.96,1:49.36,200~239歳,1:56.75,9,セ・府中,230歳,2/9,2:40.97,,"42.94,1:24.22,2:03.57",竹内新,0.58,37.4
No.24,混合,4x50mフリ-リレ-,1:44.96,1:49.36,200~239歳,1:56.75,9,セ・府中,230歳,2/9,2:40.97,,"42.94,1:24.22,2:03.57",森信子,0.63,38.00
No.24,混合,4x50mフリ-リレ-,1:44.96,1:49.36,200~239歳,1:56.75,9,セ・府中,230歳,2/9,2:40.97,,"42.94,1:24.22,2:03.57",藤井一恵,0.51,47.29
No.24,混合,4x50mフリ-リレ-,1:44.96,1:49.36,200~239歳,1:56.75,9,セ・府中,230歳,2/9,2:40.97,,"42.94,1:24.22,2:03.57",宇佐美学,0.56,36.12
No.24,混合,4x50mフリ-リレ-,1:44.96,1:49.36,200~239歳,1:56.75,9,セ・府中,230歳,2/9,2:40.97,,"42.94,1:24.22,2:03.57",北村洋一,,
No.24,混合,4x50mフリ-リレ-,1:42.27,1:44.31,160~199歳,1:54.40,1,セ・長津田,164歳,6/7,1:56.64,,"29.33,58.53,1:28.46",藤本豊和,0.71,29.33
No.24,混合,4x50mフリ-リレ-,1:42.27,1:44.31,160~199歳,1:54.40,1,セ・長津田,164歳,6/7,1:56.64,,"29.33,58.53,1:28.46",吉村華余,0.28,29.2
No.24,混合,4x50mフリ-リレ-,1:42.27,1:44.31,160~199歳,1:54.40,1,セ・長津田,164歳,6/7,1:56.64,,"29.33,58.53,1:28.46",長崎千怜,0.41,29.93
No.24,混合,4x50mフリ-リレ-,1:42.27,1:44.31,160~199歳,1:54.40,1,セ・長津田,164歳,6/7,1:56.64,,"29.33,58.53,1:28.46",花井一也,0.25,28.18
No.24,混合,4x50mフリ-リレ-,1:42.27,1:44.31,160~199歳,1:54.40,2,セ・成城,166歳,6/10,1:58.28,,"27.29,54.44,1:25.50",石井龍,0.73,27.29
No.24,混合,4x50mフリ-リレ-,1:42.27,1:44.31,160~199歳,1:54.40,2,セ・成城,166歳,6/10,1:58.28,,"27.29,54.44,1:25.50",黒田大介,0.23,27.15
No.24,混合,4x50mフリ-リレ-,1:42.27,1:44.31,160~199歳,1:54.40,2,セ・成城,166歳,6/10,1:58.28,,"27.29,54.44,1:25.50",佐々木彩,0.28,31.06
No.24,混合,4x50mフリ-リレ-,1:42.27,1:44.31,160~199歳,1:54.40,2,セ・成城,166歳,6/10,1:58.28,,"27.29,54.44,1:25.50",羽田文,0.39,32.78
No.24,混合,4x50mフリ-リレ-,1:42.27,1:44.31,160~199歳,1:54.40,3,セ・武蔵小杉,172歳,6/8,1:59.02,,"27.06,58.86,1:30.37",高津周平,0.67,27.06
No.24,混合,4x50mフリ-リレ-,1:42.27,1:44.31,160~199歳,1:54.40,3,セ・武蔵小杉,172歳,6/8,1:59.02,,"27.06,58.86,1:30.37",栗山貴子,0.37,31.8
No.24,混合,4x50mフリ-リレ-,1:42.27,1:44.31,160~199歳,1:54.40,3,セ・武蔵小杉,172歳,6/8,1:59.02,,"27.06,58.86,1:30.37",田中美鈴,0.35,31.51
No.24,混合,4x50mフリ-リレ-,1:42.27,1:44.31,160~199歳,1:54.40,3,セ・武蔵小杉,172歳,6/8,1:59.02,,"27.06,58.86,1:30.37",中村良樹,0.16,28.65
No.24,混合,4x50mフリ-リレ-,1:42.27,1:44.31,160~199歳,1:54.40,4,セ・南青山,160歳,3/5,2:00.88,,"35.05,1:00.92,1:30.53",友田智哲,0.83,35.05
No.24,混合,4x50mフリ-リレ-,1:42.27,1:44.31,160~199歳,1:54.40,4,セ・南青山,160歳,3/5,2:00.88,,"35.05,1:00.92,1:30.53",松尾勇太,0.43,25.87
No.24,混合,4x50mフリ-リレ-,1:42.27,1:44.31,160~199歳,1:54.40,4,セ・南青山,160歳,3/5,2:00.88,,"35.05,1:00.92,1:30.53",竹山睦月,0.31,29.61
No.24,混合,4x50mフリ-リレ-,1:42.27,1:44.31,160~199歳,1:54.40,4,セ・南青山,160歳,3/5,2:00.88,,"35.05,1:00.92,1:30.53",山賀勝之,0.44,30.35
No.24,混合,4x50mフリ-リレ-,1:42.27,1:44.31,160~199歳,1:54.40,5,セ・二俣川,174歳,5/6,2:02.29,,"26.44,1:00.85,1:37.16",前田崇行,0.69,26.44
No.24,混合,4x50mフリ-リレ-,1:42.27,1:44.31,160~199歳,1:54.40,5,セ・二俣川,174歳,5/6,2:02.29,,"26.44,1:00.85,1:37.16",草野茜,0.27,34.41
No.24,混合,4x50mフリ-リレ-,1:42.27,1:44.31,160~199歳,1:54.40,5,セ・二俣川,174歳,5/6,2:02.29,,"26.44,1:00.85,1:37.16",前田由希映,0.53,36.31
No.24,混合,4x50mフリ-リレ-,1:42.27,1:44.31,160~199歳,1:54.40,5,セ・二俣川,174歳,5/6,2:02.29,,"26.44,1:00.85,1:37.16",鶴谷学,0.34,25.13
No.24,混合,4x50mフリ-リレ-,1:42.27,1:44.31,160~199歳,1:54.40,6,セ・市ヶ尾,169歳,4/6,2:03.49,,"32.01,1:04.16,1:36.62",宮下奏子,0.67,32.01
No.24,混合,4x50mフリ-リレ-,1:42.27,1:44.31,160~199歳,1:54.40,6,セ・市ヶ尾,169歳,4/6,2:03.49,,"32.01,1:04.16,1:36.62",中嶋智史,0.59,32.15
No.24,混合,4x50mフリ-リレ-,1:42.27,1:44.31,160~199歳,1:54.40,6,セ・市ヶ尾,169歳,4/6,2:03.49,,"32.01,1:04.16,1:36.62",小山知子,0.21,32.46
No.24,混合,4x50mフリ-リレ-,1:42.27,1:44.31,160~199歳,1:54.40,6,セ・市ヶ尾,169歳,4/6,2:03.49,,"32.01,1:04.16,1:36.62",木村考太,0.35,26.87
No.24,混合,4x50mフリ-リレ-,1:42.27,1:44.31,160~199歳,1:54.40,7,セ・目黒,168歳,5/7,2:04.77,,"29.36,1:06.49,1:37.62",舘野美香,0.73,29.36
No.24,混合,4x50mフリ-リレ-,1:42.27,1:44.31,160~199歳,1:54.40,7,セ・目黒,168歳,5/7,2:04.77,,"29.36,1:06.49,1:37.62",李鎬善,0.07,37.13
No.24,混合,4x50mフリ-リレ-,1:42.27,1:44.31,160~199歳,1:54.40,7,セ・目黒,168歳,5/7,2:04.77,,"29.36,1:06.49,1:37.62",兵藤鋭雄,0.64,31.13
No.24,混合,4x50mフリ-リレ-,1:42.27,1:44.31,160~199歳,1:54.40,7,セ・目黒,168歳,5/7,2:04.77,,"29.36,1:06.49,1:37.62",相原健吾,0.26,27.15
No.24,混合,4x50mフリ-リレ-,1:42.27,1:44.31,160~199歳,1:54.40,8,セ・松戸,169歳,4/2,2:10.36,,"26.89,59.65,1:33.60",伊藤水晶,0.66,26.89
No.24,混合,4x50mフリ-リレ-,1:42.27,1:44.31,160~199歳,1:54.40,8,セ・松戸,169歳,4/2,2:10.36,,"26.89,59.65,1:33.60",ノーズ智絵,0,32.76
No.24,混合,4x50mフリ-リレ-,1:42.27,1:44.31,160~199歳,1:54.40,8,セ・松戸,169歳,4/2,2:10.36,,"26.89,59.65,1:33.60",高橋圭,0.35,33.95
No.24,混合,4x50mフリ-リレ-,1:42.27,1:44.31,160~199歳,1:54.40,8,セ・松戸,169歳,4/2,2:10.36,,"26.89,59.65,1:33.60",ノーズノーマウィ,0.38,36.76
No.24,混合,4x50mフリ-リレ-,1:42.27,1:44.31,160~199歳,1:54.40,9,セ・用賀,183歳,3/9,2:23.53,,"31.93,1:11.50,1:55.89",亀井智貴,0.75,31.93
No.24,混合,4x50mフリ-リレ-,1:42.27,1:44.31,160~199歳,1:54.40,9,セ・用賀,183歳,3/9,2:23.53,,"31.93,1:11.50,1:55.89",糸川永利子,0.38,39.57
No.24,混合,4x50mフリ-リレ-,1:42.27,1:44.31,160~199歳,1:54.40,9,セ・用賀,183歳,3/9,2:23.53,,"31.93,1:11.50,1:55.89",冨樫真樹子,0.28,44.39
No.24,混合,4x50mフリ-リレ-,1:42.27,1:44.31,160~199歳,1:54.40,9,セ・用賀,183歳,3/9,2:23.53,,"31.93,1:11.50,1:55.89",神部孝高,0.05,27.64
No.24,混合,4x50mフリ-リレ-,1:42.27,1:44.31,160~199歳,1:54.40,10,セ・上池袋,193歳,3/10,2:23.70,,"31.8,1:11.99,1:52.77",廣本佳也,0.89,31.80
No.24,混合,4x50mフリ-リレ-,1:42.27,1:44.31,160~199歳,1:54.40,10,セ・上池袋,193歳,3/10,2:23.70,,"31.8,1:11.99,1:52.77",磯村麻衣子,0.27,40.19
No.24,混合,4x50mフリ-リレ-,1:42.27,1:44.31,160~199歳,1:54.40,10,セ・上池袋,193歳,3/10,2:23.70,,"31.8,1:11.99,1:52.77",加藤美保,0.48,40.78
No.24,混合,4x50mフリ-リレ-,1:42.27,1:44.31,160~199歳,1:54.40,10,セ・上池袋,193歳,3/10,2:23.70,,"31.8,1:11.99,1:52.77",大野淳哉,0.37,30.93
No.24,混合,4x50mフリ-リレ-,1:42.27,1:44.31,160~199歳,1:54.40,11,セ・青砥,182歳,2/7,2:29.57,,"37.15,1:17.15,2:00.94",中村浩司,0.87,37.15
No.24,混合,4x50mフリ-リレ-,1:42.27,1:44.31,160~199歳,1:54.40,11,セ・青砥,182歳,2/7,2:29.57,,"37.15,1:17.15,2:00.94",角田優佳里,0.47,40
No.24,混合,4x50mフリ-リレ-,1:42.27,1:44.31,160~199歳,1:54.40,11,セ・青砥,182歳,2/7,2:29.57,,"37.15,1:17.15,2:00.94",田中香苗,0.48,43.79
No.24,混合,4x50mフリ-リレ-,1:42.27,1:44.31,160~199歳,1:54.40,11,セ・青砥,182歳,2/7,2:29.57,,"37.15,1:17.15,2:00.94",武本侑己,0.41,28.63
No.24,混合,4x50mフリ-リレ-,1:42.27,1:44.31,160~199歳,1:54.40,11,セ・青砥,182歳,2/7,2:29.57,,29.35,寺田遼太,0.82,29.35
No.24,混合,4x50mフリ-リレ-,1:42.27,1:44.31,160~199歳,1:54.40,11,セ・青砥,182歳,2/7,2:29.57,,29.35,四井美穂,,
No.24,混合,4x50mフリ-リレ-,1:42.27,1:44.31,160~199歳,1:54.40,11,セ・青砥,182歳,2/7,2:29.57,,29.35,萩原ゆりか,,
No.24,混合,4x50mフリ-リレ-,1:42.27,1:44.31,160~199歳,1:54.40,11,セ・青砥,182歳,2/7,2:29.57,,29.35,倉持公一,,
No.24,混合,4x50mフリ-リレ-,1:40.14,1:42.93,120~159歳,1:49.82,1,セ・慶應日吉,147歳,6/2,1:56.06,,"30.97,1:05.01,1:29.56",宮本八重,0.72,30.97
No.24,混合,4x50mフリ-リレ-,1:40.14,1:42.93,120~159歳,1:49.82,1,セ・慶應日吉,147歳,6/2,1:56.06,,"30.97,1:05.01,1:29.56",前畑章子,0.27,34.04
No.24,混合,4x50mフリ-リレ-,1:40.14,1:42.93,120~159歳,1:49.82,1,セ・慶應日吉,147歳,6/2,1:56.06,,"30.97,1:05.01,1:29.56",菅原啓,0.3,24.55
No.24,混合,4x50mフリ-リレ-,1:40.14,1:42.93,120~159歳,1:49.82,1,セ・慶應日吉,147歳,6/2,1:56.06,,"30.97,1:05.01,1:29.56",高見沢重倫,0.19,26.5
No.24,混合,4x50mフリ-リレ-,1:40.14,1:42.93,120~159歳,1:49.82,2,セ・阿佐谷,144歳,6/3,1:57.97,,"25.74,58.52,1:31.47",和田弘太郎,0.68,25.74
No.24,混合,4x50mフリ-リレ-,1:40.14,1:42.93,120~159歳,1:49.82,2,セ・阿佐谷,144歳,6/3,1:57.97,,"25.74,58.52,1:31.47",三宅信花,0.24,32.78
No.24,混合,4x50mフリ-リレ-,1:40.14,1:42.93,120~159歳,1:49.82,2,セ・阿佐谷,144歳,6/3,1:57.97,,"25.74,58.52,1:31.47",今井恵子,0.57,32.95
No.24,混合,4x50mフリ-リレ-,1:40.14,1:42.93,120~159歳,1:49.82,2,セ・阿佐谷,144歳,6/3,1:57.97,,"25.74,58.52,1:31.47",椎本恭平,0.21,26.5
No.24,混合,4x50mフリ-リレ-,1:40.14,1:42.93,120~159歳,1:49.82,3,セ・大森,148歳,5/10,1:58.37,,"30.63,1:07.24,1:33.07",田中志歩,0.67,30.63
No.24,混合,4x50mフリ-リレ-,1:40.14,1:42.93,120~159歳,1:49.82,3,セ・大森,148歳,5/10,1:58.37,,"30.63,1:07.24,1:33.07",大竹昌子,0.51,36.61
No.24,混合,4x50mフリ-リレ-,1:40.14,1:42.93,120~159歳,1:49.82,3,セ・大森,148歳,5/10,1:58.37,,"30.63,1:07.24,1:33.07",島脇晃也,0.35,25.83
No.24,混合,4x50mフリ-リレ-,1:40.14,1:42.93,120~159歳,1:49.82,3,セ・大森,148歳,5/10,1:58.37,,"30.63,1:07.24,1:33.07",内藤寿輝,0.34,25.3
No.24,混合,4x50mフリ-リレ-,1:40.14,1:42.93,120~159歳,1:49.82,4,セ・長津田,123歳,6/4,1:58.80,,"29.5,59.18,1:29.16",矢作歩,0.90,29.50
No.24,混合,4x50mフリ-リレ-,1:40.14,1:42.93,120~159歳,1:49.82,4,セ・長津田,123歳,6/4,1:58.80,,"29.5,59.18,1:29.16",竹下翔,0.41,29.68
No.24,混合,4x50mフリ-リレ-,1:40.14,1:42.93,120~159歳,1:49.82,4,セ・長津田,123歳,6/4,1:58.80,,"29.5,59.18,1:29.16",川北恵,0.36,29.98
No.24,混合,4x50mフリ-リレ-,1:40.14,1:42.93,120~159歳,1:49.82,4,セ・長津田,123歳,6/4,1:58.80,,"29.5,59.18,1:29.16",高橋紗良,0.31,29.64
No.24,混合,4x50mフリ-リレ-,1:40.14,1:42.93,120~159歳,1:49.82,5,セ・葛西,139歳,5/1,1:59.29,,"27.31,53.91,1:28.33",石井孟,0.66,27.31
No.24,混合,4x50mフリ-リレ-,1:40.14,1:42.93,120~159歳,1:49.82,5,セ・葛西,139歳,5/1,1:59.29,,"27.31,53.91,1:28.33",前島悠也,0.4,26.6
No.24,混合,4x50mフリ-リレ-,1:40.14,1:42.93,120~159歳,1:49.82,5,セ・葛西,139歳,5/1,1:59.29,,"27.31,53.91,1:28.33",溝井花代子,0.03,34.42
No.24,混合,4x50mフリ-リレ-,1:40.14,1:42.93,120~159歳,1:49.82,5,セ・葛西,139歳,5/1,1:59.29,,"27.31,53.91,1:28.33",大椛詩織,0.42,30.96
No.24,混合,4x50mフリ-リレ-,1:40.14,1:42.93,120~159歳,1:49.82,6,セ・茂原,129歳,4/9,2:00.77,,"29.24,1:05.49,1:35.38",阪田高士,0.78,29.24
No.24,混合,4x50mフリ-リレ-,1:40.14,1:42.93,120~159歳,1:49.82,6,セ・茂原,129歳,4/9,2:00.77,,"29.24,1:05.49,1:35.38",岡澤美咲,0.37,36.25
No.24,混合,4x50mフリ-リレ-,1:40.14,1:42.93,120~159歳,1:49.82,6,セ・茂原,129歳,4/9,2:00.77,,"29.24,1:05.49,1:35.38",岡澤志織,0.49,29.89
No.24,混合,4x50mフリ-リレ-,1:40.14,1:42.93,120~159歳,1:49.82,6,セ・茂原,129歳,4/9,2:00.77,,"29.24,1:05.49,1:35.38",神戸優悠希,0.16,25.39
No.24,混合,4x50mフリ-リレ-,1:40.14,1:42.93,120~159歳,1:49.82,7,セ・清瀬,138歳,6/9,2:01.08,,"26.86,57.11,1:34.41",今里昂哉,0.70,26.86
No.24,混合,4x50mフリ-リレ-,1:40.14,1:42.93,120~159歳,1:49.82,7,セ・清瀬,138歳,6/9,2:01.08,,"26.86,57.11,1:34.41",髙﨑優奈,0.49,30.25
No.24,混合,4x50mフリ-リレ-,1:40.14,1:42.93,120~159歳,1:49.82,7,セ・清瀬,138歳,6/9,2:01.08,,"26.86,57.11,1:34.41",大槻真由美,0.6,37.3
No.24,混合,4x50mフリ-リレ-,1:40.14,1:42.93,120~159歳,1:49.82,7,セ・清瀬,138歳,6/9,2:01.08,,"26.86,57.11,1:34.41",塚本拓也,0.54,26.67
No.24,混合,4x50mフリ-リレ-,1:40.14,1:42.93,120~159歳,1:49.82,8,セ・成城,137歳,5/4,2:01.53,,"27.39,55.68,1:30.17",中西剛,0.64,27.39
No.24,混合,4x50mフリ-リレ-,1:40.14,1:42.93,120~159歳,1:49.82,8,セ・成城,137歳,5/4,2:01.53,,"27.39,55.68,1:30.17",梅林大貴,0.36,28.29
No.24,混合,4x50mフリ-リレ-,1:40.14,1:42.93,120~159歳,1:49.82,8,セ・成城,137歳,5/4,2:01.53,,"27.39,55.68,1:30.17",岩田愛恵,0.5,34.49
No.24,混合,4x50mフリ-リレ-,1:40.14,1:42.93,120~159歳,1:49.82,8,セ・成城,137歳,5/4,2:01.53,,"27.39,55.68,1:30.17",中畑眸,0.56,31.36
No.24,混合,4x50mフリ-リレ-,1:40.14,1:42.93,120~159歳,1:49.82,9,セ・二俣川,137歳,5/3,2:02.60,,"25.94,58.87,1:35.73",立石裕太郎,0.73,25.94
No.24,混合,4x50mフリ-リレ-,1:40.14,1:42.93,120~159歳,1:49.82,9,セ・二俣川,137歳,5/3,2:02.60,,"25.94,58.87,1:35.73",深堀陽子,0.51,32.93
No.24,混合,4x50mフリ-リレ-,1:40.14,1:42.93,120~159歳,1:49.82,9,セ・二俣川,137歳,5/3,2:02.60,,"25.94,58.87,1:35.73",吉池奈々,0.61,36.86
No.24,混合,4x50mフリ-リレ-,1:40.14,1:42.93,120~159歳,1:49.82,9,セ・二俣川,137歳,5/3,2:02.60,,"25.94,58.87,1:35.73",山﨑陸真,0.36,26.87
No.24,混合,4x50mフリ-リレ-,1:40.14,1:42.93,120~159歳,1:49.82,10,セ・市川,126歳,4/4,2:06.52,,"27.74,56.67,1:29.62",佐々木明日真,0.64,27.74
No.24,混合,4x50mフリ-リレ-,1:40.14,1:42.93,120~159歳,1:49.82,10,セ・市川,126歳,4/4,2:06.52,,"27.74,56.67,1:29.62",浅生真,0.31,28.93
No.24,混合,4x50mフリ-リレ-,1:40.14,1:42.93,120~159歳,1:49.82,10,セ・市川,126歳,4/4,2:06.52,,"27.74,56.67,1:29.62",石井理桜子,0.52,32.95
No.24,混合,4x50mフリ-リレ-,1:40.14,1:42.93,120~159歳,1:49.82,10,セ・市川,126歳,4/4,2:06.52,,"27.74,56.67,1:29.62",小高麻衣子,0.69,36.9
No.24,混合,4x50mフリ-リレ-,1:40.14,1:42.93,120~159歳,1:49.82,11,ザノス川崎,131歳,3/1,2:13.79,,"34.86,1:07.98,1:45.20",錦織佳奈子,0.84,34.86
No.24,混合,4x50mフリ-リレ-,1:40.14,1:42.93,120~159歳,1:49.82,11,ザノス川崎,131歳,3/1,2:13.79,,"34.86,1:07.98,1:45.20",加藤慎梧,0.62,33.12
No.24,混合,4x50mフリ-リレ-,1:40.14,1:42.93,120~159歳,1:49.82,11,ザノス川崎,131歳,3/1,2:13.79,,"34.86,1:07.98,1:45.20",中山翠,0.51,37.22
No.24,混合,4x50mフリ-リレ-,1:40.14,1:42.93,120~159歳,1:49.82,11,ザノス川崎,131歳,3/1,2:13.79,,"34.86,1:07.98,1:45.20",河野大和,0.4,28.59
No.24,混合,4x50mフリ-リレ-,1:40.14,1:42.93,120~159歳,1:49.82,12,セ・慶應日吉,143歳,3/3,2:20.88,,"34.18,1:13.71,1:49.89",田中遼太,0.72,34.18
No.24,混合,4x50mフリ-リレ-,1:40.14,1:42.93,120~159歳,1:49.82,12,セ・慶應日吉,143歳,3/3,2:20.88,,"34.18,1:13.71,1:49.89",RacaruGabriela,0.89,39.53
No.24,混合,4x50mフリ-リレ-,1:40.14,1:42.93,120~159歳,1:49.82,12,セ・慶應日吉,143歳,3/3,2:20.88,,"34.18,1:13.71,1:49.89",井唯,0.57,36.18
No.24,混合,4x50mフリ-リレ-,1:40.14,1:42.93,120~159歳,1:49.82,12,セ・慶應日吉,143歳,3/3,2:20.88,,"34.18,1:13.71,1:49.89",中村勇介,0.66,30.99
No.24,混合,4x50mフリ-リレ-,1:40.14,1:42.93,120~159歳,1:49.82,12,セ・慶應日吉,143歳,3/3,2:20.88,,"26.48,58.84,1:33.02",青木海斗,0.70,26.48
No.24,混合,4x50mフリ-リレ-,1:40.14,1:42.93,120~159歳,1:49.82,12,セ・慶應日吉,143歳,3/3,2:20.88,,"26.48,58.84,1:33.02",大家萌実,0.27,32.36
No.24,混合,4x50mフリ-リレ-,1:40.14,1:42.93,120~159歳,1:49.82,12,セ・慶應日吉,143歳,3/3,2:20.88,,"26.48,58.84,1:33.02",横尾しずか,0.25,34.18
No.24,混合,4x50mフリ-リレ-,1:40.14,1:42.93,120~159歳,1:49.82,12,セ・慶應日吉,143歳,3/3,2:20.88,,"26.48,58.84,1:33.02",室坂拓真,,
No.24,混合,4x50mフリ-リレ-,1:38.55,1:41.21,72~119歳,1:45.10,1,セ・二俣川,)88歳,6/5,1:52.82,,"26.76,56.53,1:25.75",田中啓二朗,0.64,26.76
No.24,混合,4x50mフリ-リレ-,1:38.55,1:41.21,72~119歳,1:45.10,1,セ・二俣川,)88歳,6/5,1:52.82,,"26.76,56.53,1:25.75",表侑寿,0.28,29.77
No.24,混合,4x50mフリ-リレ-,1:38.55,1:41.21,72~119歳,1:45.10,1,セ・二俣川,)88歳,6/5,1:52.82,,"26.76,56.53,1:25.75",竹下菜々美,0.22,29.22
No.24,混合,4x50mフリ-リレ-,1:38.55,1:41.21,72~119歳,1:45.10,1,セ・二俣川,)88歳,6/5,1:52.82,,"26.76,56.53,1:25.75",秋澤裕介,0.33,27.07
No.24,混合,4x50mフリ-リレ-,1:38.55,1:41.21,72~119歳,1:45.10,2,セ・成城,100歳,6/6,1:54.29,,,柿沼龍史,0.61,27.00
No.24,混合,4x50mフリ-リレ-,1:38.55,1:41.21,72~119歳,1:45.10,2,セ・成城,100歳,6/6,1:54.29,,,小林和矢,0.36,26.11
No.24,混合,4x50mフリ-リレ-,1:38.55,1:41.21,72~119歳,1:45.10,2,セ・成城,100歳,6/6,1:54.29,,,仲田笑美,0.56,30.3
No.24,混合,4x50mフリ-リレ-,1:38.55,1:41.21,72~119歳,1:45.10,2,セ・成城,100歳,6/6,1:54.29,,,広瀬幸音,0.29,30.88
No.24,混合,4x50mフリ-リレ-,1:38.55,1:41.21,72~119歳,1:45.10,3,セ・八王子,)85歳,5/5,1:55.12,,"25.13,58.14,1:30.85",木村隼人,0.61,25.13
No.24,混合,4x50mフリ-リレ-,1:38.55,1:41.21,72~119歳,1:45.10,3,セ・八王子,)85歳,5/5,1:55.12,,"25.13,58.14,1:30.85",寺本茉冬,0.38,33.01
No.24,混合,4x50mフリ-リレ-,1:38.55,1:41.21,72~119歳,1:45.10,3,セ・八王子,)85歳,5/5,1:55.12,,"25.13,58.14,1:30.85",伊藤愛羅,0.12,32.71
No.24,混合,4x50mフリ-リレ-,1:38.55,1:41.21,72~119歳,1:45.10,3,セ・八王子,)85歳,5/5,1:55.12,,"25.13,58.14,1:30.85",韓準燃,0.33,24.27
No.24,混合,4x50mフリ-リレ-,1:38.55,1:41.21,72~119歳,1:45.10,4,セ・南千住,105歳,5/9,1:56.95,,"27.65,55.69,1:26.12",川西智大,0.71,27.65
No.24,混合,4x50mフリ-リレ-,1:38.55,1:41.21,72~119歳,1:45.10,4,セ・南千住,105歳,5/9,1:56.95,,"27.65,55.69,1:26.12",我妻雄大,0.02,28.04
No.24,混合,4x50mフリ-リレ-,1:38.55,1:41.21,72~119歳,1:45.10,4,セ・南千住,105歳,5/9,1:56.95,,"27.65,55.69,1:26.12",吉田のばら,0.24,30.43
No.24,混合,4x50mフリ-リレ-,1:38.55,1:41.21,72~119歳,1:45.10,4,セ・南千住,105歳,5/9,1:56.95,,"27.65,55.69,1:26.12",真如美優,0.39,30.83
No.24,混合,4x50mフリ-リレ-,1:38.55,1:41.21,72~119歳,1:45.10,5,セ・大宮宮原,105歳,5/2,1:58.94,,"31.32,1:01.84,1:32.41",櫻井春佳,0.67,31.32
No.24,混合,4x50mフリ-リレ-,1:38.55,1:41.21,72~119歳,1:45.10,5,セ・大宮宮原,105歳,5/2,1:58.94,,"31.32,1:01.84,1:32.41",手塚一智,0.2,30.52
No.24,混合,4x50mフリ-リレ-,1:38.55,1:41.21,72~119歳,1:45.10,5,セ・大宮宮原,105歳,5/2,1:58.94,,"31.32,1:01.84,1:32.41",松澤春菜,0.49,30.57
No.24,混合,4x50mフリ-リレ-,1:38.55,1:41.21,72~119歳,1:45.10,5,セ・大宮宮原,105歳,5/2,1:58.94,,"31.32,1:01.84,1:32.41",日吉将輝,0.07,26.53
No.24,混合,4x50mフリ-リレ-,1:38.55,1:41.21,72~119歳,1:45.10,6,セ・新都心,108歳,5/8,2:03.29,,"26.7,59.79,1:33.07",三角一汰,0.61,26.70
No.24,混合,4x50mフリ-リレ-,1:38.55,1:41.21,72~119歳,1:45.10,6,セ・新都心,108歳,5/8,2:03.29,,"26.7,59.79,1:33.07",森山稜子,0.02,33.09
No.24,混合,4x50mフリ-リレ-,1:38.55,1:41.21,72~119歳,1:45.10,6,セ・新都心,108歳,5/8,2:03.29,,"26.7,59.79,1:33.07",浅野亮介,0.55,33.28
No.24,混合,4x50mフリ-リレ-,1:38.55,1:41.21,72~119歳,1:45.10,6,セ・新都心,108歳,5/8,2:03.29,,"26.7,59.79,1:33.07",遠藤優奈,0.37,30.22
