ID,回,年,月,日,水路,タイプ,レース番号,競技名,競技性別,リレー年齢区分,リレー実年齢合計,リレータイム,リレー大会新差,リレー泳順,個人年齢区分,順位,選手名,性別,チーム名,個人タイム,個人大会新差,飛込タイム,LAPタイム,個人得点,チーム得点,申請タイム,ぴったり賞,大会新,大会記録,日本記録,世界記録,レーン
1,77,2024,10,26,長水路,個人,1,200m自由形,女子,,,,,,85～89歳,1,森川タエ子,女子,セ・我孫子,4:46.08,,,,,,,,,4:28.56,3:14.51,3:14.51,1/5
2,77,2024,10,26,長水路,個人,1,200m自由形,女子,,,,,,80～84歳,1,佐藤由利子,女子,セ・用賀,3:47.95,,,"51.39,1:49.29,2:48.57",,,,,TRUE,4:12.00,3:05.95,3:05.95,3/2
3,77,2024,10,26,長水路,個人,1,200m自由形,女子,,,,,,80～84歳,2,安澤イソ子,女子,セ・市ヶ尾,4:24.85,,,"56.13,2:00.04,3:10.61",,,,,,4:12.00,3:05.95,3:05.95,1/7
4,77,2024,10,26,長水路,個人,1,200m自由形,女子,,,,,,80～84歳,3,御手洗ヨシ,女子,CS南行徳,4:36.70,,,"56.03,2:05.91,3:22.07",,,,,,4:12.00,3:05.95,3:05.95,1/6
5,77,2024,10,26,長水路,個人,1,200m自由形,女子,,,,,,75～79歳,1,竹原君枝,女子,セ・慶應日吉,3:44.09,,,"52.29,1:49.11,2:46.99",,,,,,3:32.08,2:54.26,2:54.26,3/9
6,77,2024,10,26,長水路,個人,1,200m自由形,女子,,,,,,70～74歳,1,中平信子,女子,セ・成瀬,3:14.00,,,"44.15,1:33.48,2:24.60",,,,,,3:05.67,2:49.80,2:29.72,5/1
7,77,2024,10,26,長水路,個人,1,200m自由形,女子,,,,,,70～74歳,2,青砥美智子,女子,セ・葛西,3:35.16,,,"49.60,1:42.94,2:39.08",,,,,,3:05.67,2:49.80,2:29.72,5/9
8,77,2024,10,26,長水路,個人,1,200m自由形,女子,,,,,,70～74歳,3,岡村悦子,女子,セ・おおたか,3:38.29,,,"50.85,1:47.35,2:46.19",,,,,,3:05.67,2:49.80,2:29.72,4/9
9,77,2024,10,26,長水路,個人,1,200m自由形,女子,,,,,,70～74歳,4,大熊正子,女子,セ・桶川北本,3:52.45,,,"50.79,1:49.78,2:52.00",,,,,,3:05.67,2:49.80,2:29.72,2/4
10,77,2024,10,26,長水路,個人,1,200m自由形,女子,,,,,,70～74歳,5,菅井道子,女子,セ・戸塚,4:08.62,,,"59.40,2:02.84,3:08.61",,,,,,3:05.67,2:49.80,2:29.72,2/3
11,77,2024,10,26,長水路,個人,1,200m自由形,女子,,,,,,65～69歳,1,菅野泰子,女子,セ・葛西,2:55.35,,,"40.54,1:25.25,2:10.59",,,,,,2:54.20,2:42.91,2:25.29,7/3
12,77,2024,10,26,長水路,個人,1,200m自由形,女子,,,,,,65～69歳,2,森谷登志江,女子,セ・慶應日吉,3:13.36,,,"43.55,1:31.46,2:22.96",,,,,,2:54.20,2:42.91,2:25.29,5/5
13,77,2024,10,26,長水路,個人,1,200m自由形,女子,,,,,,65～69歳,3,山崎京子,女子,セ・横浜,3:16.58,,,"46.43,1:36.82,2:28.51",,,,,,2:54.20,2:42.91,2:25.29,6/7
14,77,2024,10,26,長水路,個人,1,200m自由形,女子,,,,,,65～69歳,4,育村博子,女子,セ・おおたか,3:22.48,,,"47.37,1:38.09,2:31.86",,,,,,2:54.20,2:42.91,2:25.29,5/8
15,77,2024,10,26,長水路,個人,1,200m自由形,女子,,,,,,65～69歳,5,久松葉子,女子,セ・成瀬,3:27.53,,,"47.53,1:40.75,2:34.98",,,,,,2:54.20,2:42.91,2:25.29,4/4
16,77,2024,10,26,長水路,個人,1,200m自由形,女子,,,,,,65～69歳,6,森本美恵,女子,セ・松戸,3:33.44,,,"48.86,1:42.74,2:40.15",,,,,,2:54.20,2:42.91,2:25.29,4/3
17,77,2024,10,26,長水路,個人,1,200m自由形,女子,,,,,,65～69歳,7,石河久美子,女子,セ・溝ノ口,3:34.64,,,"49.71,1:43.64,2:39.75",,,,,,2:54.20,2:42.91,2:25.29,4/8
18,77,2024,10,26,長水路,個人,1,200m自由形,女子,,,,,,65～69歳,8,臼井希代子,女子,セ・大宮宮原,3:34.65,,,"47.74,1:41.90,2:39.02",,,,,,2:54.20,2:42.91,2:25.29,4/2
19,77,2024,10,26,長水路,個人,1,200m自由形,女子,,,,,,65～69歳,9,日和久美子,女子,セ・戸塚,3:42.07,,,"53.11,1:49.50,2:47.51",,,,,,2:54.20,2:42.91,2:25.29,4/10
20,77,2024,10,26,長水路,個人,1,200m自由形,女子,,,,,,65～69歳,10,岡田美恵子,女子,セ・溝ノ口,3:53.14,,,"52.80,1:50.37,2:50.24",,,,,,2:54.20,2:42.91,2:25.29,3/3
21,77,2024,10,26,長水路,個人,1,200m自由形,女子,,,,,,65～69歳,11,三嶋祐子,女子,セ・阿佐谷,4:03.71,,,"54.00,1:54.36,2:57.73",,,,,,2:54.20,2:42.91,2:25.29,2/6
22,77,2024,10,26,長水路,個人,1,200m自由形,女子,,,,,,65～69歳,12,大西和子,女子,セ・天王洲,4:37.24,,,,,,,,,2:54.20,2:42.91,2:25.29,1/4
23,77,2024,10,26,長水路,個人,1,200m自由形,女子,,,,,,60～64歳,1,石井裕美,女子,セ・ときわ台,2:58.32,,,"40.38,1:26.20,2:14.74",,,,,,2:35.22,2:31.90,2:21.03,7/4
24,77,2024,10,26,長水路,個人,1,200m自由形,女子,,,,,,60～64歳,2,岡田眞弓,女子,セ・清瀬,3:06.16,,,"43.07,1:30.79,2:19.74",,,,,,2:35.22,2:31.90,2:21.03,4/7
25,77,2024,10,26,長水路,個人,1,200m自由形,女子,,,,,,60～64歳,3,伊藤みどり,女子,セ・能見台,3:11.60,,,"41.89,1:28.98,2:19.61",,,,,,2:35.22,2:31.90,2:21.03,6/9
26,77,2024,10,26,長水路,個人,1,200m自由形,女子,,,,,,60～64歳,4,高橋久美,女子,セ・市川,3:15.23,,,"44.14,1:33.49,2:23.43",,,,,,2:35.22,2:31.90,2:21.03,6/2
27,77,2024,10,26,長水路,個人,1,200m自由形,女子,,,,,,60～64歳,5,草森理子,女子,セ・成城,3:21.87,,,"45.85,1:38.15,2:31.10",,,,,,2:35.22,2:31.90,2:21.03,4/1
28,77,2024,10,26,長水路,個人,1,200m自由形,女子,,,,,,60～64歳,6,盛田真規子,女子,セ・二俣川,3:26.33,,,"46.46,1:39.40,2:34.02",,,,,,2:35.22,2:31.90,2:21.03,5/2
29,77,2024,10,26,長水路,個人,1,200m自由形,女子,,,,,,60～64歳,7,山中恵子,女子,セ・桶川北本,3:27.70,,,"45.32,1:38.32,2:34.28",,,,,,2:35.22,2:31.90,2:21.03,3/7
30,77,2024,10,26,長水路,個人,1,200m自由形,女子,,,,,,60～64歳,8,宮内麻里,女子,曽谷・セ,3:31.11,,,"52.18,1:46.08,2:40.75",,,,,,2:35.22,2:31.90,2:21.03,4/5
31,77,2024,10,26,長水路,個人,1,200m自由形,女子,,,,,,60～64歳,9,清水孝子,女子,セ・福生,3:41.52,,,"49.21,1:43.98,2:43.61",,,,,,2:35.22,2:31.90,2:21.03,3/5
32,77,2024,10,26,長水路,個人,1,200m自由形,女子,,,,,,60～64歳,10,久保とし子,女子,セ・長津田,3:46.82,,,"48.02,1:44.90,2:45.59",,,,,,2:35.22,2:31.90,2:21.03,2/5
33,77,2024,10,26,長水路,個人,1,200m自由形,女子,,,,,,60～64歳,11,宮田ひとみ,女子,セ・阿佐谷,3:53.39,,,"54.95,1:55.10,2:57.27",,,,,,2:35.22,2:31.90,2:21.03,3/10
34,77,2024,10,26,長水路,個人,1,200m自由形,女子,,,,,,60～64歳,12,桐沢ひとみ,女子,セ・大森,3:54.05,,,"52.34,1:52.33,2:54.86",,,,,,2:35.22,2:31.90,2:21.03,3/8
35,77,2024,10,26,長水路,個人,1,200m自由形,女子,,,,,,60～64歳,13,増子保子,女子,セ・蘇我,3:54.48,,,"53.39,1:51.27,2:53.37",,,,,,2:35.22,2:31.90,2:21.03,2/8
36,77,2024,10,26,長水路,個人,1,200m自由形,女子,,,,,,55～59歳,1,年岡仁美,女子,セ・千葉みなと,2:48.05,,,"38.37,1:21.56,2:05.63",,,,,,2:31.44,2:26.86,2:16.28,8/10
37,77,2024,10,26,長水路,個人,1,200m自由形,女子,,,,,,55～59歳,2,八尋加苗,女子,セ・松戸,3:07.55,,,"43.55,1:33.43,2:22.21",,,,,,2:31.44,2:26.86,2:16.28,6/6
38,77,2024,10,26,長水路,個人,1,200m自由形,女子,,,,,,55～59歳,3,松川律子,女子,セ・二俣川,3:15.85,,,"41.64,1:30.06,2:24.43",,,,,,2:31.44,2:26.86,2:16.28,5/4
39,77,2024,10,26,長水路,個人,1,200m自由形,女子,,,,,,55～59歳,4,柳田喜代美,女子,セ・能見台,3:18.24,,,"45.26,1:34.44,2:26.10",,,,,,2:31.44,2:26.86,2:16.28,2/2
40,77,2024,10,26,長水路,個人,1,200m自由形,女子,,,,,,55～59歳,5,山口仁子,女子,セ・上池袋,3:21.43,,,"47.98,1:38.91,2:31.09",,,,,,2:31.44,2:26.86,2:16.28,5/6
41,77,2024,10,26,長水路,個人,1,200m自由形,女子,,,,,,55～59歳,6,棚橋悦子,女子,セ・自由が丘,3:25.79,,,"47.74,1:40.30,2:34.81",,,,,,2:31.44,2:26.86,2:16.28,4/6
42,77,2024,10,26,長水路,個人,1,200m自由形,女子,,,,,,55～59歳,7,森内裕子,女子,セ・天王洲,3:35.98,,,"49.79,1:45.66,2:42.67",,,,,,2:31.44,2:26.86,2:16.28,3/4
43,77,2024,10,26,長水路,個人,1,200m自由形,女子,,,,,,55～59歳,8,佐々木夕子,女子,セ・市ヶ尾,3:55.93,,,"54.66,1:54.94,2:56.27",,,,,,2:31.44,2:26.86,2:16.28,2/7
44,77,2024,10,26,長水路,個人,1,200m自由形,女子,,,,,,50～54歳,1,工藤遵江,女子,セ・F宇都宮,2:45.27,,,"38.23,1:20.87,2:05.04",,,,,,2:27.87,2:21.98,2:13.18,7/5
45,77,2024,10,26,長水路,個人,1,200m自由形,女子,,,,,,50～54歳,2,友田智哲,女子,セ・南青山,2:52.96,,,"39.17,1:22.14,2:07.90",,,,,,2:27.87,2:21.98,2:13.18,7/8
46,77,2024,10,26,長水路,個人,1,200m自由形,女子,,,,,,50～54歳,3,菅原幸,女子,セ・トレッサ,2:59.27,,,"40.75,1:27.13,2:15.02",,,,,,2:27.87,2:21.98,2:13.18,7/6
47,77,2024,10,26,長水路,個人,1,200m自由形,女子,,,,,,50～54歳,4,柳有美子,女子,セ・おおたか,3:04.98,,,"43.55,1:31.07,2:19.72",,,,,,2:27.87,2:21.98,2:13.18,6/10
48,77,2024,10,26,長水路,個人,1,200m自由形,女子,,,,,,50～54歳,5,成島志雅子,女子,セ・F宇都宮,3:13.76,,,"42.47,1:31.35,2:23.52",,,,,,2:27.87,2:21.98,2:13.18,6/1
49,77,2024,10,26,長水路,個人,1,200m自由形,女子,,,,,,50～54歳,6,小田桐知子,女子,セ・志木,3:23.08,,,"46.37,1:37.12,2:30.12",,,,,,2:27.87,2:21.98,2:13.18,6/8
50,77,2024,10,26,長水路,個人,1,200m自由形,女子,,,,,,50～54歳,7,森信子,女子,セ・大森,3:38.45,,,"50.19,1:46.03,2:43.50",,,,,,2:27.87,2:21.98,2:13.18,3/6
51,77,2024,10,26,長水路,個人,1,200m自由形,女子,,,,,,45～49歳,1,高橋麻子,女子,セ・市ヶ尾,2:55.74,,,"40.11,1:24.61,2:11.20",,,,,,2:31.07,2:17.82,2:10.09,7/9
52,77,2024,10,26,長水路,個人,1,200m自由形,女子,,,,,,45～49歳,2,草野茜,女子,セ・二俣川,3:00.08,,,"41.52,1:26.59,2:13.49",,,,,,2:31.07,2:17.82,2:10.09,7/7
53,77,2024,10,26,長水路,個人,1,200m自由形,女子,,,,,,45～49歳,3,吉池奈々,女子,セ・二俣川,3:01.30,,,"39.79,1:25.30,2:13.02",,,,,,2:31.07,2:17.82,2:10.09,7/10
54,77,2024,10,26,長水路,個人,1,200m自由形,女子,,,,,,45～49歳,4,細沼悦子,女子,セ・越谷,3:07.83,,,"41.49,1:29.93,2:21.56",,,,,,2:31.07,2:17.82,2:10.09,6/5
55,77,2024,10,26,長水路,個人,1,200m自由形,女子,,,,,,45～49歳,5,前田由希映,女子,セ・二俣川,3:12.46,,,"43.49,1:33.20,2:23.40",,,,,,2:31.07,2:17.82,2:10.09,6/3
56,77,2024,10,26,長水路,個人,1,200m自由形,女子,,,,,,40～44歳,1,吉村華余,女子,セ・長津田,2:31.87,,,"34.54,1:12.60,1:52.57",,,,,,2:31.64,2:15.70,2:09.28,8/7
57,77,2024,10,26,長水路,個人,1,200m自由形,女子,,,,,,40～44歳,2,錦織佳奈子,女子,ザバス川崎,3:01.00,,,"39.42,1:23.04,2:11.07",,,,,,2:31.64,2:15.70,2:09.28,7/1
58,77,2024,10,26,長水路,個人,1,200m自由形,女子,,,,,,40～44歳,3,久保かおり,女子,セ・長津田,3:11.64,,,"41.71,1:30.18,2:21.93",,,,,,2:31.64,2:15.70,2:09.28,6/4
59,77,2024,10,26,長水路,個人,1,200m自由形,女子,,,,,,40～44歳,4,四井美穂,女子,セ・天王洲,3:13.06,,,"46.02,1:35.44,2:25.04",,,,,,2:31.64,2:15.70,2:09.28,3/1
60,77,2024,10,26,長水路,個人,1,200m自由形,女子,,,,,,35～39歳,1,田中美鈴,女子,セ・武蔵小杉,2:30.03,,,"34.28,1:12.22,1:51.14",,,,,,2:17.30,2:07.99,2:05.50,8/3
61,77,2024,10,26,長水路,個人,1,200m自由形,女子,,,,,,35～39歳,2,久保美由紀,女子,セ・長津田,3:26.32,,,"45.70,1:39.83,2:35.36",,,,,,2:17.30,2:07.99,2:05.50,5/7
62,77,2024,10,26,長水路,個人,1,200m自由形,女子,,,,,,30～34歳,1,長谷川恵,女子,セ・阿佐谷,2:36.58,,,"35.29,1:14.20,1:55.21",,,,,,2:20.79,2:04.62,2:02.35,8/8
63,77,2024,10,26,長水路,個人,1,200m自由形,女子,,,,,,30～34歳,2,中山翠,女子,ザバス川崎,3:10.41,,,"41.95,1:30.22,2:21.56",,,,,,2:20.79,2:04.62,2:02.35,5/10
64,77,2024,10,26,長水路,個人,1,200m自由形,女子,,,,,,25～29歳,1,竹下菜々美,女子,セ・二俣川,2:25.11,,,"33.29,1:10.02,1:47.75",,,,,,2:20.67,2:06.81,2:04.56,8/2
65,77,2024,10,26,長水路,個人,1,200m自由形,女子,,,,,,25～29歳,2,川俣星,女子,セ・新都心,2:31.38,,,"33.77,1:11.63,1:51.53",,,,,,2:20.67,2:06.81,2:04.56,8/4
66,77,2024,10,26,長水路,個人,1,200m自由形,女子,,,,,,25～29歳,3,新後海優,女子,セ・トレッサ,2:32.34,,,"31.51,1:07.39,1:48.60",,,,,,2:20.67,2:06.81,2:04.56,8/6
67,77,2024,10,26,長水路,個人,1,200m自由形,女子,,,,,,25～29歳,4,村岡礼奈,女子,セ・桶川北本,2:55.75,,,"38.48,1:21.44,2:08.21",,,,,,2:20.67,2:06.81,2:04.56,7/2
68,77,2024,10,26,長水路,個人,1,200m自由形,女子,,,,,,18～24歳,1,渡辺美楓,女子,セ・谷津,2:16.87,,,"31.60,1:06.79,1:42.48",,,,,TRUE,2:17.69,2:04.32,,8/5
69,77,2024,10,26,長水路,個人,1,200m自由形,女子,,,,,,18～24歳,2,広瀬幸音,女子,セ・成城,2:32.16,,,"33.94,1:12.31,1:52.42",,,,,,2:17.69,2:04.32,,8/1
70,77,2024,10,26,長水路,個人,2,200m自由形,男子,,,,,,85～89歳,1,川本剛,男子,セ・長沼,3:46.84,,,"51.34,1:47.83,2:48.46",,,,,,3:35.53,3:10.33,3:03.50,1/8
71,77,2024,10,26,長水路,個人,2,200m自由形,男子,,,,,,80～84歳,1,眞壁功,男子,セ・藤沢,3:45.81,,,"52.27,1:50.05,2:47.61",,,,,,3:39.71,2:40.87,2:40.22,1/10
72,77,2024,10,26,長水路,個人,2,200m自由形,男子,,,,,,75～79歳,1,嶋﨑昭夫,男子,セ・西東京,3:31.90,,,"42.37,1:32.94,2:31.34",,,,,,2:51.26,2:33.87,2:25.66,1/3
73,77,2024,10,26,長水路,個人,2,200m自由形,男子,,,,,,70～74歳,1,若宮強,男子,セ・成城,3:00.17,,,"41.26,1:27.30,2:16.00",,,,,,2:44.09,2:22.88,2:22.88,2/4
74,77,2024,10,26,長水路,個人,2,200m自由形,男子,,,,,,70～74歳,2,菱沼和男,男子,セ・葛西,3:19.08,,,"48.42,1:39.56,2:30.17",,,,,,2:44.09,2:22.88,2:22.88,2/2
75,77,2024,10,26,長水路,個人,2,200m自由形,男子,,,,,,70～74歳,3,森下善夫,男子,セ・大宮宮原,3:35.42,,,"48.87,1:42.80,2:40.49",,,,,,2:44.09,2:22.88,2:22.88,1/2
76,77,2024,10,26,長水路,個人,2,200m自由形,男子,,,,,,65～69歳,1,吉原一彦,男子,セ・阿佐谷,2:31.29,,,"35.77,1:14.95,1:53.85",,,,,,2:26.86,2:19.96,2:09.39,6/8
77,77,2024,10,26,長水路,個人,2,200m自由形,男子,,,,,,65～69歳,2,柏木治久,男子,セ・成瀬,3:01.71,,,"43.38,1:29.96,2:18.29",,,,,,2:26.86,2:19.96,2:09.39,2/7
78,77,2024,10,26,長水路,個人,2,200m自由形,男子,,,,,,65～69歳,3,井上昌臣,男子,セ・西東京,3:05.18,,,"39.64,1:24.06,2:13.95",,,,,,2:26.86,2:19.96,2:09.39,1/5
79,77,2024,10,26,長水路,個人,2,200m自由形,男子,,,,,,65～69歳,4,臼井全人,男子,セ・大宮宮原,3:14.52,,,"45.84,1:35.03,2:25.73",,,,,,2:26.86,2:19.96,2:09.39,2/3
80,77,2024,10,26,長水路,個人,2,200m自由形,男子,,,,,,65～69歳,5,折居彰,男子,セ・阿佐谷,3:29.30,,,"48.93,1:41.33,2:36.38",,,,,,2:26.86,2:19.96,2:09.39,1/9
81,77,2024,10,26,長水路,個人,2,200m自由形,男子,,,,,,65～69歳,6,中井岳郎,男子,セ・成城,3:40.54,,,"43.35,1:37.96,2:39.45",,,,,,2:26.86,2:19.96,2:09.39,2/10
82,77,2024,10,26,長水路,個人,2,200m自由形,男子,,,,,,60～64歳,1,渡部佳彦,男子,セ・市川,2:27.77,,,"34.31,1:12.51,1:50.35",,,,,,2:27.29,2:17.26,2:07.68,6/10
83,77,2024,10,26,長水路,個人,2,200m自由形,男子,,,,,,60～64歳,2,下家成人,男子,セ・二俣川,2:34.32,,,"33.82,1:12.36,1:52.74",,,,,,2:27.29,2:17.26,2:07.68,5/7
84,77,2024,10,26,長水路,個人,2,200m自由形,男子,,,,,,60～64歳,3,久保田勝己,男子,セ・阿佐谷,2:40.06,,,"38.02,1:18.60,2:00.86",,,,,,2:27.29,2:17.26,2:07.68,5/10
85,77,2024,10,26,長水路,個人,2,200m自由形,男子,,,,,,60～64歳,4,神尾尚人,男子,セ・市ヶ尾,2:40.50,,,"37.46,1:18.71,2:00.62",,,,,,2:27.29,2:17.26,2:07.68,4/7
86,77,2024,10,26,長水路,個人,2,200m自由形,男子,,,,,,60～64歳,5,若島健二,男子,セ・二俣川,2:47.51,,,"38.90,1:21.24,2:04.38",,,,,,2:27.29,2:17.26,2:07.68,4/1
87,77,2024,10,26,長水路,個人,2,200m自由形,男子,,,,,,60～64歳,6,池谷千尋,男子,セ・長津田,2:53.55,,,"39.92,1:23.41,2:09.30",,,,,,2:27.29,2:17.26,2:07.68,3/7
88,77,2024,10,26,長水路,個人,2,200m自由形,男子,,,,,,60～64歳,7,名田裕,男子,セ・稲毛海岸,3:06.09,,,"41.60,1:28.00,2:17.94",,,,,,2:27.29,2:17.26,2:07.68,3/3
89,77,2024,10,26,長水路,個人,2,200m自由形,男子,,,,,,60～64歳,8,山本和巳,男子,セ・茂原,3:07.17,,,"43.29,1:30.15,2:19.51",,,,,,2:27.29,2:17.26,2:07.68,2/9
90,77,2024,10,26,長水路,個人,2,200m自由形,男子,,,,,,55～59歳,1,矢部裕之,男子,セ・長津田,2:23.97,,,"32.93,1:09.47,1:46.77",,,,,,2:19.70,2:08.62,2:04.01,6/3
91,77,2024,10,26,長水路,個人,2,200m自由形,男子,,,,,,55～59歳,2,中村勝,男子,セ・南千住,2:29.74,,,"34.52,1:12.40,1:51.49",,,,,,2:19.70,2:08.62,2:04.01,5/5
92,77,2024,10,26,長水路,個人,2,200m自由形,男子,,,,,,55～59歳,3,宮木幸彦,男子,セ・葛西,2:39.30,,,"36.48,1:16.99,1:58.91",,,,,,2:19.70,2:08.62,2:04.01,4/9
93,77,2024,10,26,長水路,個人,2,200m自由形,男子,,,,,,55～59歳,4,宮川則仁,男子,セ・大宮宮原,2:42.28,,,"36.82,1:17.37,2:00.13",,,,,,2:19.70,2:08.62,2:04.01,4/3
94,77,2024,10,26,長水路,個人,2,200m自由形,男子,,,,,,55～59歳,5,塚本幸治,男子,セ・千葉みなと,2:45.07,,,"37.42,1:18.41,2:01.75",,,,,,2:19.70,2:08.62,2:04.01,5/1
95,77,2024,10,26,長水路,個人,2,200m自由形,男子,,,,,,55～59歳,6,本間丈博,男子,セ・稲毛海岸,2:46.45,,,"37.80,1:18.77,2:03.01",,,,,,2:19.70,2:08.62,2:04.01,4/4
96,77,2024,10,26,長水路,個人,2,200m自由形,男子,,,,,,55～59歳,7,永家一徳,男子,セ・市川,2:50.69,,,"39.47,1:22.68,2:08.07",,,,,,2:19.70,2:08.62,2:04.01,4/2
97,77,2024,10,26,長水路,個人,2,200m自由形,男子,,,,,,55～59歳,8,中島茂,男子,セ・S湘南台,2:57.95,,,"39.76,1:23.52,2:09.85",,,,,,2:19.70,2:08.62,2:04.01,3/2
98,77,2024,10,26,長水路,個人,2,200m自由形,男子,,,,,,55～59歳,9,近藤正之,男子,セ・上池袋,3:00.01,,,"38.42,1:22.38,2:10.65",,,,,,2:19.70,2:08.62,2:04.01,3/1
99,77,2024,10,26,長水路,個人,2,200m自由形,男子,,,,,,55～59歳,10,吉峯幸郎,男子,セ・用賀,3:03.41,,,"40.97,1:27.18,2:15.89",,,,,,2:19.70,2:08.62,2:04.01,3/10
100,77,2024,10,26,長水路,個人,2,200m自由形,男子,,,,,,55～59歳,11,高田義久,男子,セ・八王子,3:08.18,,,"38.70,1:24.99,2:16.59",,,,,,2:19.70,2:08.62,2:04.01,3/9
101,77,2024,10,26,長水路,個人,2,200m自由形,男子,,,,,,55～59歳,12,大塚秀幸,男子,セ・慶應日吉,3:11.70,,,"41.03,1:28.24,2:19.54",,,,,,2:19.70,2:08.62,2:04.01,2/5
102,77,2024,10,26,長水路,個人,2,200m自由形,男子,,,,,,55～59歳,13,萱沼憲司郎,男子,セ・茂原,3:18.94,,,"44.17,1:34.02,2:28.13",,,,,,2:19.70,2:08.62,2:04.01,2/1
103,77,2024,10,26,長水路,個人,2,200m自由形,男子,,,,,,55～59歳,14,佐藤流生,男子,セ・天王洲,3:44.44,,,"47.04,1:41.84,2:43.06",,,,,,2:19.70,2:08.62,2:04.01,1/7
104,77,2024,10,26,長水路,個人,2,200m自由形,男子,,,,,,50～54歳,1,田窪達,男子,セ・市ヶ尾,2:14.24,,,"29.41,1:02.63,1:37.28",,,,,TRUE,2:16.38,2:03.51,1:58.62,8/2
105,77,2024,10,26,長水路,個人,2,200m自由形,男子,,,,,,50～54歳,2,山田耕一,男子,セ・清瀬,2:28.01,,,"34.70,1:12.63,1:51.85",,,,,,2:16.38,2:03.51,1:58.62,5/4
106,77,2024,10,26,長水路,個人,2,200m自由形,男子,,,,,,50～54歳,3,石上智啓,男子,セ・二俣川,2:30.76,,,"35.77,1:14.58,1:53.93",,,,,,2:16.38,2:03.51,1:58.62,6/9
107,77,2024,10,26,長水路,個人,2,200m自由形,男子,,,,,,50～54歳,4,渡部弘一,男子,セ・市川,2:31.84,,,"33.70,1:13.18,1:53.72",,,,,,2:16.38,2:03.51,1:58.62,5/6
108,77,2024,10,26,長水路,個人,2,200m自由形,男子,,,,,,50～54歳,5,清田真人,男子,セ・大宮宮原,2:38.56,,,"36.97,1:18.80,2:00.11",,,,,,2:16.38,2:03.51,1:58.62,4/10
109,77,2024,10,26,長水路,個人,2,200m自由形,男子,,,,,,50～54歳,6,山田大介,男子,セ・武蔵小杉,2:38.81,,,"36.98,1:17.10,1:58.16",,,,,,2:16.38,2:03.51,1:58.62,5/8
110,77,2024,10,26,長水路,個人,2,200m自由形,男子,,,,,,50～54歳,7,渡誠,男子,セ・清瀬,2:41.61,,,"36.29,1:16.20,2:00.01",,,,,,2:16.38,2:03.51,1:58.62,5/9
111,77,2024,10,26,長水路,個人,2,200m自由形,男子,,,,,,50～54歳,8,山本英男,男子,セ・大宮宮原,2:42.25,,,"37.33,1:18.47,2:01.03",,,,,,2:16.38,2:03.51,1:58.62,3/6
112,77,2024,10,26,長水路,個人,2,200m自由形,男子,,,,,,50～54歳,9,塚越有宏,男子,セ・市ヶ尾,2:50.97,,,"39.42,1:22.52,2:07.92",,,,,,2:16.38,2:03.51,1:58.62,2/6
113,77,2024,10,26,長水路,個人,2,200m自由形,男子,,,,,,50～54歳,10,岩崎明,男子,セ・前橋,2:57.74,,,"40.46,1:25.87,2:13.30",,,,,,2:16.38,2:03.51,1:58.62,4/6
114,77,2024,10,26,長水路,個人,2,200m自由形,男子,,,,,,50～54歳,11,今井英大,男子,セ・川越,3:28.62,,,"46.44,1:36.38,2:33.70",,,,,,2:16.38,2:03.51,1:58.62,1/1
115,77,2024,10,26,長水路,個人,2,200m自由形,男子,,,,,,45～49歳,1,山岡拓馬,男子,セ・清瀬,2:07.04,,,"28.81,1:01.58,1:35.63",,,,,TRUE,2:10.91,1:58.36,1:55.39,8/5
116,77,2024,10,26,長水路,個人,2,200m自由形,男子,,,,,,45～49歳,2,永瀬知之,男子,セ・二俣川,2:21.00,,,"31.39,1:07.30,1:44.39",,,,,,2:10.91,1:58.36,1:55.39,7/8
117,77,2024,10,26,長水路,個人,2,200m自由形,男子,,,,,,45～49歳,3,花井一也,男子,セ・長津田,2:24.64,,,"33.15,1:08.95,1:47.06",,,,,,2:10.91,1:58.36,1:55.39,6/5
118,77,2024,10,26,長水路,個人,2,200m自由形,男子,,,,,,45～49歳,4,桐本兼輔,男子,セ・福生,2:26.80,,,"32.90,1:10.13,1:48.45",,,,,,2:10.91,1:58.36,1:55.39,6/1
119,77,2024,10,26,長水路,個人,2,200m自由形,男子,,,,,,45～49歳,5,皆川雅登,男子,セ・大宮宮原,2:38.08,,,"37.11,1:17.41,1:58.96",,,,,,2:10.91,1:58.36,1:55.39,6/4
120,77,2024,10,26,長水路,個人,2,200m自由形,男子,,,,,,45～49歳,6,齊藤仁,男子,セ・茂原,2:40.57,,,"35.91,1:15.67,1:58.03",,,,,,2:10.91,1:58.36,1:55.39,4/8
121,77,2024,10,26,長水路,個人,2,200m自由形,男子,,,,,,45～49歳,7,古屋俊一,男子,セ・ときわ台,2:52.77,,,"36.03,1:18.60,2:03.87",,,,,,2:10.91,1:58.36,1:55.39,5/2
122,77,2024,10,26,長水路,個人,2,200m自由形,男子,,,,,,45～49歳,8,志水剛,男子,セ・大宮宮原,3:16.03,,,"43.17,1:34.44,2:26.44",,,,,,2:10.91,1:58.36,1:55.39,1/6
123,77,2024,10,26,長水路,個人,2,200m自由形,男子,,,,,,45～49歳,9,櫻井直仁,男子,セ・清瀬,3:29.04,,,"47.98,1:40.06,2:33.63",,,,,,2:10.91,1:58.36,1:55.39,2/8
124,77,2024,10,26,長水路,個人,2,200m自由形,男子,,,,,,40～44歳,1,前田崇行,男子,セ・二俣川,2:13.24,,,"29.50,1:02.90,1:38.52",,,,,,2:07.37,1:59.07,1:53.65,8/8
125,77,2024,10,26,長水路,個人,2,200m自由形,男子,,,,,,40～44歳,2,石井将太,男子,セ・成瀬,2:15.46,,,"30.77,1:04.41,1:39.29",,,,,,2:07.37,1:59.07,1:53.65,7/4
126,77,2024,10,26,長水路,個人,2,200m自由形,男子,,,,,,40～44歳,3,森本祐一,男子,セ・清瀬,2:19.61,,,"33.15,1:09.28,1:45.04",,,,,,2:07.37,1:59.07,1:53.65,7/9
127,77,2024,10,26,長水路,個人,2,200m自由形,男子,,,,,,40～44歳,4,大作善洋,男子,セ・柏,2:29.90,,,"33.58,1:11.14,1:49.98",,,,,,2:07.37,1:59.07,1:53.65,6/6
128,77,2024,10,26,長水路,個人,2,200m自由形,男子,,,,,,40～44歳,5,田子晃,男子,セ・自由が丘,2:41.72,,,"36.18,1:16.92,1:59.60",,,,,,2:07.37,1:59.07,1:53.65,4/5
129,77,2024,10,26,長水路,個人,2,200m自由形,男子,,,,,,40～44歳,6,和田祐児,男子,セ・松戸,2:54.04,,,"39.16,1:23.65,2:09.03",,,,,,2:07.37,1:59.07,1:53.65,3/8
130,77,2024,10,26,長水路,個人,2,200m自由形,男子,,,,,,35～39歳,1,高木祥一,男子,セ・武蔵小杉,2:08.11,,,"29.43,1:01.84,1:35.73",,,,,,2:03.40,1:51.84,1:51.84,8/4
131,77,2024,10,26,長水路,個人,2,200m自由形,男子,,,,,,35～39歳,2,岩本和也,男子,セ・志木,2:12.87,,,"30.74,1:04.55,1:39.10",,,,,,2:03.40,1:51.84,1:51.84,7/5
132,77,2024,10,26,長水路,個人,2,200m自由形,男子,,,,,,35～39歳,3,奥平竜司,男子,セ・武蔵小杉,2:13.60,,,"29.54,1:02.84,1:38.28",,,,,,2:03.40,1:51.84,1:51.84,7/2
133,77,2024,10,26,長水路,個人,2,200m自由形,男子,,,,,,35～39歳,4,長田裕史,男子,セ・柏,2:19.32,,,"32.12,1:07.23,1:43.61",,,,,,2:03.40,1:51.84,1:51.84,7/6
134,77,2024,10,26,長水路,個人,2,200m自由形,男子,,,,,,35～39歳,5,高津周平,男子,セ・武蔵小杉,2:23.43,,,"31.20,1:07.66,1:45.27",,,,,,2:03.40,1:51.84,1:51.84,7/10
135,77,2024,10,26,長水路,個人,2,200m自由形,男子,,,,,,35～39歳,6,浅生真,男子,セ・市川,2:38.64,,,"34.94,1:13.18,1:55.14",,,,,,2:03.40,1:51.84,1:51.84,3/4
136,77,2024,10,26,長水路,個人,2,200m自由形,男子,,,,,,35～39歳,7,和田亮,男子,セ・阿佐谷,2:43.12,,,"35.78,1:15.43,1:59.07",,,,,,2:03.40,1:51.84,1:51.84,6/2
137,77,2024,10,26,長水路,個人,2,200m自由形,男子,,,,,,30～34歳,1,中西剛,男子,セ・成城,2:07.68,,,"29.25,1:00.99,1:34.35",,,,,,2:03.39,1:54.32,1:49.56,8/7
138,77,2024,10,26,長水路,個人,2,200m自由形,男子,,,,,,30～34歳,2,村田健太,男子,セ・二俣川,2:09.05,,,"29.93,1:02.79,1:36.60",,,,,,2:03.39,1:54.32,1:49.56,8/3
139,77,2024,10,26,長水路,個人,2,200m自由形,男子,,,,,,30～34歳,3,山田義明,男子,セ・おおたか,3:01.48,,,"38.83,1:23.12,2:12.83",,,,,,2:03.39,1:54.32,1:49.56,1/4
140,77,2024,10,26,長水路,個人,2,200m自由形,男子,,,,,,25～29歳,1,小野健,男子,セ・天王洲,2:11.89,,,"30.20,1:02.74,1:37.06",,,,,,2:02.30,1:53.81,1:50.76,8/9
141,77,2024,10,26,長水路,個人,2,200m自由形,男子,,,,,,25～29歳,2,泉翔太,男子,セ・葛西,2:22.32,,,"33.08,1:08.79,1:45.17",,,,,,2:02.30,1:53.81,1:50.76,7/7
142,77,2024,10,26,長水路,個人,2,200m自由形,男子,,,,,,18～24歳,1,菅原啓,男子,セ・慶應日吉,2:05.22,,,"28.14,59.89,1:32.84",,,,,,1:55.00,1:50.21,,8/6
143,77,2024,10,26,長水路,個人,2,200m自由形,男子,,,,,,18～24歳,2,黒田大介,男子,セ・成城,2:10.23,,,"29.02,1:00.81,1:34.82",,,,,,1:55.00,1:50.21,,8/1
144,77,2024,10,26,長水路,個人,2,200m自由形,男子,,,,,,18～24歳,3,柿沼龍史,男子,セ・成城,2:15.27,,,"29.69,1:03.38,1:38.77",,,,,,1:55.00,1:50.21,,6/7
145,77,2024,10,26,長水路,個人,2,200m自由形,男子,,,,,,18～24歳,4,山浦信,男子,セ・成城,2:16.61,,,"31.08,1:05.47,1:40.65",,,,,,1:55.00,1:50.21,,8/10
146,77,2024,10,26,長水路,個人,2,200m自由形,男子,,,,,,18～24歳,5,木村隼人,男子,セ・八王子,2:19.40,,,"28.35,1:01.88,1:39.01",,,,,,1:55.00,1:50.21,,7/1
147,77,2024,10,26,長水路,個人,2,200m自由形,男子,,,,,,18～24歳,6,田中啓二朗,男子,セ・二俣川,2:19.75,,,"30.96,1:06.15,1:42.78",,,,,,1:55.00,1:50.21,,7/3
148,77,2024,10,26,長水路,個人,2,200m自由形,男子,,,,,,18～24歳,7,日吉将輝,男子,セ・大宮宮原,2:21.32,,,"30.09,1:04.75,1:42.30",,,,,,1:55.00,1:50.21,,5/3
149,77,2024,10,26,長水路,個人,7,200m個人メドレー,女子,,,,,,80～84歳,1,小野洋子,女子,セ・我孫子,5:29.40,,,"1:07.51,2:30.91,4:19.13",,,,,,5:04.74,4:07.83,3:53.63,1/3
150,77,2024,10,26,長水路,個人,7,200m個人メドレー,女子,,,,,,75～79歳,1,大山恵子,女子,セ・葛西,4:01.15,,,"47.02,1:57.53,3:08.36",,,,,TRUE,4:12.78,3:32.94,3:21.84,2/5
151,77,2024,10,26,長水路,個人,7,200m個人メドレー,女子,,,,,,70～74歳,1,青木華世子,女子,セ・松戸,3:34.64,,,"46.03,1:41.41,2:46.04",,,,,TRUE,3:38.48,3:13.19,3:00.96,4/8
152,77,2024,10,26,長水路,個人,7,200m個人メドレー,女子,,,,,,70～74歳,2,菅和江,女子,セ・戸塚,4:26.19,,,"1:01.63,2:09.18,3:28.25",,,,,,3:38.48,3:13.19,3:00.96,2/7
153,77,2024,10,26,長水路,個人,7,200m個人メドレー,女子,,,,,,70～74歳,3,松木真知子,女子,セ・ときわ台,4:56.87,,,"1:15.29,2:34.52,3:48.87",,,,,,3:38.48,3:13.19,3:00.96,1/7
154,77,2024,10,26,長水路,個人,7,200m個人メドレー,女子,,,,,,70～74歳,4,菅井道子,女子,セ・戸塚,5:12.77,,,"1:15.11,2:42.35,4:03.39",,,,,,3:38.48,3:13.19,3:00.96,2/8
155,77,2024,10,26,長水路,個人,7,200m個人メドレー,女子,,,,,,70～74歳,,木村恵子,女子,セ・越谷,,,,,,,,,,3:38.48,3:13.19,3:00.96,1/4
156,77,2024,10,26,長水路,個人,7,200m個人メドレー,女子,,,,,,65～69歳,1,森谷登志江,女子,セ・慶應日吉,3:46.97,,,"53.18,1:51.88,2:56.38",,,,,,3:33.12,3:11.94,2:51.52,3/5
157,77,2024,10,26,長水路,個人,7,200m個人メドレー,女子,,,,,,65～69歳,2,井手敦子,女子,セ・慶應日吉,3:50.01,,,"53.94,1:54.00,3:00.80",,,,,,3:33.12,3:11.94,2:51.52,3/7
158,77,2024,10,26,長水路,個人,7,200m個人メドレー,女子,,,,,,65～69歳,3,育村博子,女子,セ・おおたか,4:02.06,,,"59.78,2:06.76,3:11.39",,,,,,3:33.12,3:11.94,2:51.52,3/2
159,77,2024,10,26,長水路,個人,7,200m個人メドレー,女子,,,,,,65～69歳,4,福森公子,女子,セ・能見台,4:07.74,,,"56.43,2:04.56,3:12.60",,,,,,3:33.12,3:11.94,2:51.52,3/1
160,77,2024,10,26,長水路,個人,7,200m個人メドレー,女子,,,,,,65～69歳,5,相馬絹代,女子,セ・溝ノ口,4:18.14,,,"59.38,2:06.88,3:17.98",,,,,,3:33.12,3:11.94,2:51.52,3/3
161,77,2024,10,26,長水路,個人,7,200m個人メドレー,女子,,,,,,65～69歳,6,日和久美子,女子,セ・戸塚,4:24.59,,,"1:04.83,2:15.04,3:29.01",,,,,,3:33.12,3:11.94,2:51.52,2/3
162,77,2024,10,26,長水路,個人,7,200m個人メドレー,女子,,,,,,65～69歳,7,太田初美,女子,セ・越谷,4:29.68,,,"57.58,2:06.67,3:17.77",,,,,,3:33.12,3:11.94,2:51.52,2/4
163,77,2024,10,26,長水路,個人,7,200m個人メドレー,女子,,,,,,65～69歳,8,近藤みゆき,女子,セ・阿佐谷,4:49.41,,,"1:11.42,2:26.70,3:44.40",,,,,,3:33.12,3:11.94,2:51.52,1/6
164,77,2024,10,26,長水路,個人,7,200m個人メドレー,女子,,,,,,60～64歳,1,野島久枝,女子,セ・二俣川,3:23.34,,,"47.93,1:42.47,2:37.96",,,,,,3:20.19,2:57.05,2:34.27,4/4
165,77,2024,10,26,長水路,個人,7,200m個人メドレー,女子,,,,,,60～64歳,2,上野真弓,女子,セ・二俣川,3:43.13,,,"49.93,1:43.89,2:53.11",,,,,,3:20.19,2:57.05,2:34.27,4/9
166,77,2024,10,26,長水路,個人,7,200m個人メドレー,女子,,,,,,60～64歳,3,高松早智子,女子,セ・南宇都宮,3:44.63,,,"50.17,1:49.02,2:53.85",,,,,,3:20.19,2:57.05,2:34.27,3/4
167,77,2024,10,26,長水路,個人,7,200m個人メドレー,女子,,,,,,60～64歳,4,渡部美紀,女子,セ・能見台,3:55.69,,,"56.90,1:54.71,3:01.76",,,,,,3:20.19,2:57.05,2:34.27,3/6
168,77,2024,10,26,長水路,個人,7,200m個人メドレー,女子,,,,,,60～64歳,5,盛田真規子,女子,セ・二俣川,4:04.55,,,"1:01.29,2:03.61,3:12.09",,,,,,3:20.19,2:57.05,2:34.27,3/9
169,77,2024,10,26,長水路,個人,7,200m個人メドレー,女子,,,,,,60～64歳,6,増子保子,女子,セ・蘇我,4:32.56,,,"1:08.08,2:22.41,3:32.30",,,,,,3:20.19,2:57.05,2:34.27,1/5
170,77,2024,10,26,長水路,個人,7,200m個人メドレー,女子,,,,,,55～59歳,1,角南美貴,女子,セ・我孫子,4:02.82,,,"51.50,1:54.80,3:00.47",,,,,,2:51.38,2:48.18,2:31.51,3/8
171,77,2024,10,26,長水路,個人,7,200m個人メドレー,女子,,,,,,55～59歳,2,山口仁子,女子,セ・上池袋,4:13.87,,,"59.94,2:09.96,3:24.65",,,,,,2:51.38,2:48.18,2:31.51,2/6
172,77,2024,10,26,長水路,個人,7,200m個人メドレー,女子,,,,,,50～54歳,1,広瀬百合香,女子,セ・戸塚,2:54.88,,,"36.19,1:20.50,2:13.99",,,,,,2:54.21,2:39.26,2:31.02,5/7
173,77,2024,10,26,長水路,個人,7,200m個人メドレー,女子,,,,,,50～54歳,2,鎌田和代,女子,セ・千葉みなと,3:12.10,,,"41.13,1:30.78,2:27.65",,,,,,2:54.21,2:39.26,2:31.02,4/5
174,77,2024,10,26,長水路,個人,7,200m個人メドレー,女子,,,,,,50～54歳,3,大島江理子,女子,セ・大森,3:28.78,,,"43.88,1:41.61,2:42.46",,,,,,2:54.21,2:39.26,2:31.02,4/3
175,77,2024,10,26,長水路,個人,7,200m個人メドレー,女子,,,,,,50～54歳,4,白須靖子,女子,セ・市ヶ尾,3:37.66,,,"51.10,1:51.17,2:48.37",,,,,,2:54.21,2:39.26,2:31.02,4/10
176,77,2024,10,26,長水路,個人,7,200m個人メドレー,女子,,,,,,50～54歳,5,小田桐知子,女子,セ・志木,3:50.90,,,"46.03,1:51.77,2:56.51",,,,,,2:54.21,2:39.26,2:31.02,4/2
177,77,2024,10,26,長水路,個人,7,200m個人メドレー,女子,,,,,,45～49歳,1,羽田文,女子,セ・成城,3:06.87,,,"40.13,1:26.83,2:22.19",,,,,,2:49.83,2:32.81,2:21.37,5/8
178,77,2024,10,26,長水路,個人,7,200m個人メドレー,女子,,,,,,45～49歳,2,青山里香,女子,セ・成瀬,3:14.43,,,"44.95,1:30.39,2:30.95",,,,,,2:49.83,2:32.81,2:21.37,5/10
179,77,2024,10,26,長水路,個人,7,200m個人メドレー,女子,,,,,,45～49歳,3,佐藤桂子,女子,セ・横浜,3:46.56,,,"48.10,1:50.08,2:56.57",,,,,,2:49.83,2:32.81,2:21.37,4/1
180,77,2024,10,26,長水路,個人,7,200m個人メドレー,女子,,,,,,45～49歳,4,赤坂恵美子,女子,セ・志木,4:09.60,,,"51.04,1:55.59,3:07.78",,,,,,2:49.83,2:32.81,2:21.37,3/10
181,77,2024,10,26,長水路,個人,7,200m個人メドレー,女子,,,,,,40～44歳,1,山田未紗子,女子,セ・越谷,3:16.66,,,"41.90,1:36.27,2:30.49",,,,,,2:44.54,2:30.15,2:25.03,4/6
182,77,2024,10,26,長水路,個人,7,200m個人メドレー,女子,,,,,,30～34歳,1,長谷川恵,女子,セ・阿佐谷,2:53.41,,,"37.94,1:23.84,2:13.08",,,,,,2:27.06,2:19.28,2:13.89,5/3
183,77,2024,10,26,長水路,個人,7,200m個人メドレー,女子,,,,,,25～29歳,1,竹下菜々美,女子,セ・二俣川,2:43.86,,,"33.85,1:15.68,2:06.21",,,,,,2:30.52,2:20.71,2:20.71,5/4
184,77,2024,10,26,長水路,個人,7,200m個人メドレー,女子,,,,,,25～29歳,2,遠藤桃,女子,セ・越谷,2:48.44,,,"33.68,1:18.64,2:06.69",,,,,,2:30.52,2:20.71,2:20.71,5/2
185,77,2024,10,26,長水路,個人,7,200m個人メドレー,女子,,,,,,25～29歳,3,石井理桜子,女子,セ・市川,3:01.46,,,"36.78,1:24.77,2:17.34",,,,,,2:30.52,2:20.71,2:20.71,5/1
186,77,2024,10,26,長水路,個人,7,200m個人メドレー,女子,,,,,,25～29歳,4,嶋田菜々子,女子,セ・おおたか,3:12.07,,,"39.94,1:27.11,2:25.06",,,,,,2:30.52,2:20.71,2:20.71,5/9
187,77,2024,10,26,長水路,個人,7,200m個人メドレー,女子,,,,,,25～29歳,5,足立知実,女子,セ・平塚,3:21.03,,,"42.11,1:34.69,2:33.07",,,,,,2:30.52,2:20.71,2:20.71,4/7
188,77,2024,10,26,長水路,個人,7,200m個人メドレー,女子,,,,,,18～24歳,1,竹山睦月,女子,セ・南青山,2:37.25,,,"32.63,1:16.31,1:59.47",,,,,,2:28.28,,,5/5
189,77,2024,10,26,長水路,個人,7,200m個人メドレー,女子,,,,,,18～24歳,2,高崎優奈,女子,セ・清瀬,2:42.89,,,"33.06,1:12.75,2:02.36",,,,,,2:28.28,,,5/6
190,77,2024,10,26,長水路,個人,8,200m個人メドレー,男子,,,,,,75～79歳,1,木津誠,男子,セ・成城,3:27.10,,,"44.39,1:40.42,2:41.87",,,,,,3:25.77,3:09.33,2:53.12,2/8
191,77,2024,10,26,長水路,個人,8,200m個人メドレー,男子,,,,,,75～79歳,2,白井清嗣,男子,セ・大宮宮原,4:18.78,,,"57.43,2:13.11,3:24.41",,,,,,3:25.77,3:09.33,2:53.12,1/8
192,77,2024,10,26,長水路,個人,8,200m個人メドレー,男子,,,,,,75～79歳,3,伴野保志,男子,セ・阿佐谷,4:48.12,,,"1:07.47,2:26.88,3:38.77",,,,,,3:25.77,3:09.33,2:53.12,1/2
193,77,2024,10,26,長水路,個人,8,200m個人メドレー,男子,,,,,,70～74歳,1,菱沼和男,男子,セ・葛西,4:00.95,,,"57.12,2:02.92,3:11.86",,,,,,3:21.08,2:49.11,2:35.97,1/7
194,77,2024,10,26,長水路,個人,8,200m個人メドレー,男子,,,,,,65～69歳,1,齋藤博憲,男子,ザバス鶴見,3:30.31,,,"45.24,1:46.07,2:46.63",,,,,,2:48.85,2:40.00,2:25.22,1/5
195,77,2024,10,26,長水路,個人,8,200m個人メドレー,男子,,,,,,60～64歳,1,渡部佳彦,男子,セ・市川,2:45.96,,,"33.68,1:18.09,2:07.98",,,,,,2:39.43,2:29.47,2:21.99,4/5
196,77,2024,10,26,長水路,個人,8,200m個人メドレー,男子,,,,,,60～64歳,2,久保田勝己,男子,セ・阿佐谷,3:20.51,,,"43.31,1:36.58,2:37.50",,,,,,2:39.43,2:29.47,2:21.99,2/5
197,77,2024,10,26,長水路,個人,8,200m個人メドレー,男子,,,,,,60～64歳,3,小池輝明,男子,セ・武蔵小杉,3:23.13,,,"44.36,1:43.07,2:34.63",,,,,,2:39.43,2:29.47,2:21.99,2/4
198,77,2024,10,26,長水路,個人,8,200m個人メドレー,男子,,,,,,60～64歳,4,大塚克,男子,セ・市川,3:27.32,,,"43.24,1:38.10,2:35.14",,,,,,2:39.43,2:29.47,2:21.99,2/6
199,77,2024,10,26,長水路,個人,8,200m個人メドレー,男子,,,,,,60～64歳,5,近江信之,男子,セ・武蔵小杉,3:28.76,,,"45.55,1:41.71,2:42.96",,,,,,2:39.43,2:29.47,2:21.99,2/2
200,77,2024,10,26,長水路,個人,8,200m個人メドレー,男子,,,,,,60～64歳,6,小島淳,男子,セ・柏,3:30.84,,,"48.15,1:43.79,2:44.41",,,,,,2:39.43,2:29.47,2:21.99,1/3
201,77,2024,10,26,長水路,個人,8,200m個人メドレー,男子,,,,,,60～64歳,7,横山恵一,男子,セ・越谷,3:31.69,,,"46.61,1:43.99,2:43.79",,,,,,2:39.43,2:29.47,2:21.99,2/9
202,77,2024,10,26,長水路,個人,8,200m個人メドレー,男子,,,,,,60～64歳,8,二宮博,男子,セ・横浜,3:47.11,,,"43.13,1:48.93,2:53.29",,,,,,2:39.43,2:29.47,2:21.99,1/4
203,77,2024,10,26,長水路,個人,8,200m個人メドレー,男子,,,,,,55～59歳,1,小倉秀和,男子,セ・清瀬,2:46.13,,,"33.33,1:17.15,2:08.32",,,,,,2:36.80,2:26.24,2:20.67,4/6
204,77,2024,10,26,長水路,個人,8,200m個人メドレー,男子,,,,,,55～59歳,2,高田義久,男子,セ・八王子,3:28.11,,,"39.79,1:38.74,2:36.73",,,,,,,,,2/7
205,77,2024,10,26,長水路,個人,8,200m個人メドレー,男子,,,,,,50～54歳,1,中村良樹,男子,セ・武蔵小杉,2:42.88,,,"33.32,1:15.88,2:04.71",,,,,,2:32.41,2:20.54,2:11.15,5/1
206,77,2024,10,26,長水路,個人,8,200m個人メドレー,男子,,,,,,50～54歳,2,長野三郎,男子,セ・千葉みなと,2:45.79,,,"33.10,1:14.78,2:05.39",,,,,,2:32.41,2:20.54,2:11.15,5/9
207,77,2024,10,26,長水路,個人,8,200m個人メドレー,男子,,,,,,50～54歳,3,渡部弘一,男子,セ・市川,2:48.93,,,"32.06,1:17.21,2:10.18",,,,,,2:32.41,2:20.54,2:11.15,3/4
208,77,2024,10,26,長水路,個人,8,200m個人メドレー,男子,,,,,,50～54歳,4,柄澤英也,男子,セ・用賀,2:50.71,,,"35.90,1:21.40,2:12.71",,,,,,2:32.41,2:20.54,2:11.15,4/7
209,77,2024,10,26,長水路,個人,8,200m個人メドレー,男子,,,,,,50～54歳,5,村上政行,男子,セ・武蔵小杉,2:51.57,,,"37.55,1:25.57,2:11.62",,,,,,2:32.41,2:20.54,2:11.15,4/8
210,77,2024,10,26,長水路,個人,8,200m個人メドレー,男子,,,,,,50～54歳,6,北村洋一,男子,セ・大森,2:54.54,,,"36.73,1:22.64,2:12.00",,,,,,2:32.41,2:20.54,2:11.15,4/1
211,77,2024,10,26,長水路,個人,8,200m個人メドレー,男子,,,,,,50～54歳,7,平田博之,男子,セ・ときわ台,2:59.51,,,"36.87,1:23.83,2:18.03",,,,,,2:32.41,2:20.54,2:11.15,3/6
212,77,2024,10,26,長水路,個人,8,200m個人メドレー,男子,,,,,,50～54歳,8,成島毅,男子,セ・F宇都宮,3:03.56,,,"37.42,1:28.60,2:21.76",,,,,,2:32.41,2:20.54,2:11.15,3/9
213,77,2024,10,26,長水路,個人,8,200m個人メドレー,男子,,,,,,50～54歳,9,祖川久茂,男子,セ・長津田,3:06.01,,,"37.13,1:30.88,2:20.47",,,,,,2:32.41,2:20.54,2:11.15,3/8
214,77,2024,10,26,長水路,個人,8,200m個人メドレー,男子,,,,,,50～54歳,10,渡誠,男子,セ・清瀬,3:08.12,,,"43.91,1:31.21,2:26.01",,,,,,2:32.41,2:20.54,2:11.15,3/2
215,77,2024,10,26,長水路,個人,8,200m個人メドレー,男子,,,,,,50～54歳,11,佐々木栄一,男子,G-SPA,3:19.57,,,"40.47,1:30.75,2:31.27",,,,,,2:32.41,2:20.54,2:11.15,3/3
216,77,2024,10,26,長水路,個人,8,200m個人メドレー,男子,,,,,,50～54歳,12,大川明徳,男子,セ・阿佐谷,3:33.90,,,"39.41,1:41.23,2:44.63",,,,,,2:32.41,2:20.54,2:11.15,1/6
217,77,2024,10,26,長水路,個人,8,200m個人メドレー,男子,,,,,,45～49歳,1,羽田浩一,男子,セ・成城,2:42.73,,,"32.65,1:15.92,2:02.96",,,,,,2:19.57,2:16.32,2:10.09,5/6
218,77,2024,10,26,長水路,個人,8,200m個人メドレー,男子,,,,,,45～49歳,2,桐本兼輔,男子,セ・福生,2:45.29,,,"32.16,1:16.64,2:06.38",,,,,,2:19.57,2:16.32,2:10.09,4/10
219,77,2024,10,26,長水路,個人,8,200m個人メドレー,男子,,,,,,45～49歳,3,長谷川仁,男子,セ・南千住,2:47.77,,,"34.62,1:16.20,2:09.45",,,,,,2:19.57,2:16.32,2:10.09,4/4
220,77,2024,10,26,長水路,個人,8,200m個人メドレー,男子,,,,,,45～49歳,4,皆川雅登,男子,セ・大宮宮原,2:51.11,,,"35.78,1:23.02,2:11.82",,,,,,2:19.57,2:16.32,2:10.09,5/4
221,77,2024,10,26,長水路,個人,8,200m個人メドレー,男子,,,,,,45～49歳,5,渡邊忠幸,男子,セ・南宇都宮,2:53.55,,,"33.18,1:18.68,2:10.72",,,,,,2:19.57,2:16.32,2:10.09,4/2
222,77,2024,10,26,長水路,個人,8,200m個人メドレー,男子,,,,,,45～49歳,6,齊藤仁,男子,セ・茂原,3:01.35,,,"36.62,1:22.37,2:17.17",,,,,,,,,3/10
223,77,2024,10,26,長水路,個人,8,200m個人メドレー,男子,,,,,,45～49歳,7,大沢祐輔,男子,セ・福生,3:18.10,,,"39.99,1:32.44,2:26.81",,,,,,,,,3/1
224,77,2024,10,26,長水路,個人,8,200m個人メドレー,男子,,,,,,40～44歳,1,大窪康治,男子,セ・清瀬,2:24.42,,,"29.97,1:05.82,1:47.61",,,,,,2:20.44,2:13.76,2:08.63,5/8
225,77,2024,10,26,長水路,個人,8,200m個人メドレー,男子,,,,,,40～44歳,2,棚網宏之,男子,セ・阿佐谷,2:34.15,,,"32.49,1:11.42,1:56.43",,,,,,2:20.44,2:13.76,2:08.63,6/8
226,77,2024,10,26,長水路,個人,8,200m個人メドレー,男子,,,,,,40～44歳,3,大作善祥,男子,セ・柏,2:40.69,,,"34.81,1:21.44,2:02.47",,,,,,2:20.44,2:13.76,2:08.63,5/2
227,77,2024,10,26,長水路,個人,8,200m個人メドレー,男子,,,,,,40～44歳,4,図師拓千,男子,セ・市ヶ尾,2:43.56,,,"33.86,1:18.04,2:09.91",,,,,,2:20.44,2:13.76,2:08.63,5/10
228,77,2024,10,26,長水路,個人,8,200m個人メドレー,男子,,,,,,40～44歳,5,植木秀志,男子,セ・久喜,2:43.63,,,"30.73,1:15.79,2:05.81",,,,,,2:20.44,2:13.76,2:08.63,4/3
229,77,2024,10,26,長水路,個人,8,200m個人メドレー,男子,,,,,,40～44歳,6,和田祐児,男子,セ・松戸,3:19.48,,,"42.21,1:39.63,2:35.34",,,,,,2:20.44,2:13.76,2:08.63,2/3
230,77,2024,10,26,長水路,個人,8,200m個人メドレー,男子,,,,,,35～39歳,1,浅生真,男子,セ・市川,2:52.32,,,"35.35,1:22.28,2:10.39",,,,,,2:17.09,2:08.72,2:05.65,4/9
231,77,2024,10,26,長水路,個人,8,200m個人メドレー,男子,,,,,,30～34歳,1,村田健太,男子,セ・二俣川,2:26.19,,,"31.27,1:10.89,1:53.48",,,,,,2:17.41,2:07.47,2:02.18,6/6
232,77,2024,10,26,長水路,個人,8,200m個人メドレー,男子,,,,,,30～34歳,2,土屋大貴,男子,セ・平塚,2:29.32,,,"29.98,1:09.87,1:54.94",,,,,,2:17.41,2:07.47,2:02.18,5/5
233,77,2024,10,26,長水路,個人,8,200m個人メドレー,男子,,,,,,30～34歳,3,石井孟,男子,セ・葛西,2:38.22,,,"29.73,1:12.63,1:57.02",,,,,,2:17.41,2:07.47,2:02.18,5/7
234,77,2024,10,26,長水路,個人,8,200m個人メドレー,男子,,,,,,25～29歳,1,今里昂哉,男子,セ・清瀬,2:20.70,,,"28.63,1:05.40,1:45.30",,,,,,2:10.44,2:04.41,2:03.62,6/4
235,77,2024,10,26,長水路,個人,8,200m個人メドレー,男子,,,,,,25～29歳,2,小野健,男子,セ・天王洲,2:29.19,,,"30.16,1:11.06,1:54.37",,,,,,2:10.44,2:04.41,2:03.62,6/3
236,77,2024,10,26,長水路,個人,8,200m個人メドレー,男子,,,,,,25～29歳,3,佐々木天太,男子,セ・用賀,2:45.25,,,"32.45,1:14.08,2:00.71",,,,,,,,,6/2
237,77,2024,10,26,長水路,個人,8,200m個人メドレー,男子,,,,,,18～24歳,1,相原健吾,男子,セ・目黒,2:23.84,,,"29.30,1:08.16,1:48.33",,,,,,2:08.80,2:04.90,,6/9
238,77,2024,10,26,長水路,個人,8,200m個人メドレー,男子,,,,,,18～24歳,2,和澤情,男子,セ・八王子,2:25.11,,,"29.23,1:07.60,1:51.43",,,,,,2:08.80,2:04.90,,6/7
239,77,2024,10,26,長水路,個人,8,200m個人メドレー,男子,,,,,,18～24歳,3,田中壮一郎,男子,セ・二俣川,2:28.80,,,"28.81,1:07.50,1:50.82",,,,,,2:08.80,2:04.90,,6/1
240,77,2024,10,26,長水路,個人,8,200m個人メドレー,男子,,,,,,18～24歳,4,山浦信,男子,セ・成城,2:29.74,,,"32.62,1:13.43,1:54.50",,,,,,2:08.80,2:04.90,,6/5
241,77,2024,10,26,長水路,個人,8,200m個人メドレー,男子,,,,,,18～24歳,5,南里輝,男子,セ・蒲田,2:34.79,,,"31.32,1:12.61,1:56.60",,,,,,2:08.80,2:04.90,,5/3
242,77,2024,10,26,長水路,個人,8,200m個人メドレー,男子,,,,,,18～24歳,6,萩原裕大,男子,セ・清瀬,2:37.44,,,"31.32,1:09.78,1:57.41",,,,,,2:08.80,2:04.90,,6/10
243,77,2024,10,26,長水路,個人,8,200m個人メドレー,男子,,,,,,18～24歳,7,村田雅治,男子,セ・長津田,2:47.55,,,"31.32,1:14.21,2:03.37",,,,,,2:08.80,2:04.90,,3/7
244,77,2024,10,26,長水路,個人,9,100m自由形,女子,,,,,,85～89歳,1,平田美佐子,女子,セ・天王洲,2:17.12,,,,,,,,,1:45.73,1:27.42,1:27.42,1/7
245,77,2024,10,26,長水路,個人,9,100m自由形,女子,,,,,,80～84歳,1,八田清子,女子,セ・松戸,1:44.17,,,,,,,,,1:38.81,1:23.16,1:23.16,5/5
246,77,2024,10,26,長水路,個人,9,100m自由形,女子,,,,,,80～84歳,2,安澤イソ子,女子,セ・市ヶ尾,2:00.41,,,,,,,,,1:38.81,1:23.16,1:23.16,2/8
247,77,2024,10,26,長水路,個人,9,100m自由形,女子,,,,,,80～84歳,3,永島郁子,女子,ザバス鶴見,2:03.17,,,,,,,,,1:38.81,1:23.16,1:23.16,2/3
248,77,2024,10,26,長水路,個人,9,100m自由形,女子,,,,,,80～84歳,4,武藤治子,女子,セ・二俣川,2:05.95,,,,,,,,,1:38.81,1:23.16,1:23.16,1/2
249,77,2024,10,26,長水路,個人,9,100m自由形,女子,,,,,,80～84歳,5,舘野圭子,女子,セ・用賀,2:09.80,,,,,,,,,1:38.81,1:23.16,1:23.16,1/5
250,77,2024,10,26,長水路,個人,9,100m自由形,女子,,,,,,80～84歳,6,久保美紀枝,女子,セ・流山,2:10.06,,,,,,,,,1:38.81,1:23.16,1:23.16,3/9
251,77,2024,10,26,長水路,個人,9,100m自由形,女子,,,,,,75～79歳,1,宇田川礼子,女子,セ・我孫子,1:45.14,,,,,,,,,1:36.96,1:19.71,1:17.38,3/5
252,77,2024,10,26,長水路,個人,9,100m自由形,女子,,,,,,75～79歳,2,竹原君枝,女子,セ・慶應日吉,1:45.59,,,,,,,,,1:36.96,1:19.71,1:17.38,4/5
253,77,2024,10,26,長水路,個人,9,100m自由形,女子,,,,,,75～79歳,3,内田良子,女子,セ・用賀,1:45.92,,,,,,,,,1:36.96,1:19.71,1:17.38,5/8
254,77,2024,10,26,長水路,個人,9,100m自由形,女子,,,,,,75～79歳,4,岡田まり子,女子,CS南行徳,1:46.09,,,,,,,,,1:36.96,1:19.71,1:17.38,5/7
255,77,2024,10,26,長水路,個人,9,100m自由形,女子,,,,,,75～79歳,5,松木弘美,女子,セ・志木,1:51.47,,,,,,,,,1:36.96,1:19.71,1:17.38,3/7
256,77,2024,10,26,長水路,個人,9,100m自由形,女子,,,,,,75～79歳,6,大手佳江,女子,セ・南千住,2:03.18,,,,,,,,,1:36.96,1:19.71,1:17.38,2/5
257,77,2024,10,26,長水路,個人,9,100m自由形,女子,,,,,,75～79歳,7,安部澄子,女子,セ・我孫子,2:05.25,,,,,,,,,1:36.96,1:19.71,1:17.38,1/3
258,77,2024,10,26,長水路,個人,9,100m自由形,女子,,,,,,75～79歳,8,後藤節子,女子,セ・松戸,2:10.30,,,,,,,,,1:36.96,1:19.71,1:17.38,2/7
259,77,2024,10,26,長水路,個人,9,100m自由形,女子,,,,,,70～74歳,1,原田岳美,女子,セ・藤沢,1:27.82,,,,,,,,,1:21.82,1:14.28,1:06.68,9/2
260,77,2024,10,26,長水路,個人,9,100m自由形,女子,,,,,,70～74歳,2,中平信子,女子,セ・成瀬,1:29.11,,,,,,,,,,,,8/7
261,77,2024,10,26,長水路,個人,9,100m自由形,女子,,,,,,70～74歳,3,吉野治子,女子,セ・成城,1:31.97,,,,,,,,,,,,8/5
262,77,2024,10,26,長水路,個人,9,100m自由形,女子,,,,,,70～74歳,4,後藤明美,女子,セ・天王洲,1:33.48,,,,,,,,,,,,4/4
263,77,2024,10,26,長水路,個人,9,100m自由形,女子,,,,,,70～74歳,5,近藤ひな子,女子,セ・二俣川,1:34.05,,,,,,,,,,,,8/4
264,77,2024,10,26,長水路,個人,9,100m自由形,女子,,,,,,70～74歳,6,舛尾妃呂子,女子,セ・稲毛海岸,1:35.37,,,,,,,,,,,,5/2
265,77,2024,10,26,長水路,個人,9,100m自由形,女子,,,,,,70～74歳,7,青砥美智子,女子,セ・葛西,1:36.78,,,,,,,,,,,,8/3
266,77,2024,10,26,長水路,個人,9,100m自由形,女子,,,,,,70～74歳,8,伊藤幸英,女子,ザバス鶴見,1:40.10,,,,,,,,,,,,6/8
267,77,2024,10,26,長水路,個人,9,100m自由形,女子,,,,,,70～74歳,9,清水裕子,女子,セ・二俣川,1:40.57,,,,,,,,,,,,3/6
268,77,2024,10,26,長水路,個人,9,100m自由形,女子,,,,,,70～74歳,10,相澤史子,女子,セ・松戸,1:41.35,,,,,,,,,,,,6/4
269,77,2024,10,26,長水路,個人,9,100m自由形,女子,,,,,,70～74歳,11,大熊正子,女子,セ・桶川北本,1:45.28,,,,,,,,,,,,5/6
270,77,2024,10,26,長水路,個人,9,100m自由形,女子,,,,,,70～74歳,12,宮内佳代子,女子,セ・トレッサ,1:52.24,,,,,,,,,,,,4/1
271,77,2024,10,26,長水路,個人,9,100m自由形,女子,,,,,,70～74歳,13,富樫博子,女子,セ・大森,1:57.82,,,,,,,,,,,,3/1
272,77,2024,10,26,長水路,個人,9,100m自由形,女子,,,,,,70～74歳,14,于亜芝,女子,セ・南千住,2:00.02,,,,,,,,,,,,5/9
273,77,2024,10,26,長水路,個人,9,100m自由形,女子,,,,,,70～74歳,15,長谷川節子,女子,セ・天王洲,2:06.28,,,,,,,,,,,,2/6
274,77,2024,10,26,長水路,個人,9,100m自由形,女子,,,,,,70～74歳,16,友野敬子,女子,セ・館山,2:13.72,,,,,,,,,,,,1/4
275,77,2024,10,26,長水路,個人,9,100m自由形,女子,,,,,,70～74歳,,戸倉陽子,女子,セ・慶應日吉,,,,,,,,,,,,,1/6
276,77,2024,10,26,長水路,個人,9,100m自由形,女子,,,,,,65～69歳,1,菅野泰子,女子,セ・葛西,1:20.91,,,,,,,,,1:18.83,1:13.05,1:04.89,9/5
277,77,2024,10,26,長水路,個人,9,100m自由形,女子,,,,,,65～69歳,2,野島正代,女子,セ・阿佐谷,1:25.91,,,,,,,,,1:18.83,1:13.05,1:04.89,9/9
278,77,2024,10,26,長水路,個人,9,100m自由形,女子,,,,,,65～69歳,3,山﨑京子,女子,セ・横浜,1:29.91,,,,,,,,,1:18.83,1:13.05,1:04.89,9/8
279,77,2024,10,26,長水路,個人,9,100m自由形,女子,,,,,,65～69歳,4,川久保ちづる,女子,ザバス川崎,1:33.01,,,,,,,,,1:18.83,1:13.05,1:04.89,7/10
280,77,2024,10,26,長水路,個人,9,100m自由形,女子,,,,,,65～69歳,5,井上美佐子,女子,セ・大森,1:37.17,,,,,,,,,,,,4/10
281,77,2024,10,26,長水路,個人,9,100m自由形,女子,,,,,,65～69歳,6,古宇田淳子,女子,セ・南千住,1:37.74,,,,,,,,,,,,7/4
282,77,2024,10,26,長水路,個人,9,100m自由形,女子,,,,,,65～69歳,7,五月女美幸,女子,セ・宇都宮,1:38.04,,,,,,,,,,,,6/3
283,77,2024,10,26,長水路,個人,9,100m自由形,女子,,,,,,65～69歳,8,久松葉子,女子,セ・成瀬,1:38.08,,,,,,,,,,,,7/6
284,77,2024,10,26,長水路,個人,9,100m自由形,女子,,,,,,65～69歳,9,杉山規子,女子,セ・川越,1:39.89,,,,,,,,,,,,4/3
285,77,2024,10,26,長水路,個人,9,100m自由形,女子,,,,,,65～69歳,10,光畑千栄子,女子,セ・成瀬,1:41.19,,,,,,,,,,,,6/9
286,77,2024,10,26,長水路,個人,9,100m自由形,女子,,,,,,65～69歳,11,臼井希代子,女子,セ・大宮宮原,1:41.92,,,,,,,,,,,,8/10
287,77,2024,10,26,長水路,個人,9,100m自由形,女子,,,,,,65～69歳,12,石崎節代,女子,セ・南千住,1:44.12,,,,,,,,,,,,6/2
288,77,2024,10,26,長水路,個人,9,100m自由形,女子,,,,,,65～69歳,13,関矢秀子,女子,セ・大宮宮原,1:47.79,,,,,,,,,,,,3/3
289,77,2024,10,26,長水路,個人,9,100m自由形,女子,,,,,,65～69歳,14,譲原恵子,女子,セ・我孫子,1:48.34,,,,,,,,,,,,4/9
290,77,2024,10,26,長水路,個人,9,100m自由形,女子,,,,,,65～69歳,15,下川喜美枝,女子,セ・南千住,1:48.44,,,,,,,,,,,,6/7
291,77,2024,10,26,長水路,個人,9,100m自由形,女子,,,,,,65～69歳,16,松浦敏子,女子,セ・我孫子,1:49.99,,,,,,,,,,,,3/8
292,77,2024,10,26,長水路,個人,9,100m自由形,女子,,,,,,65～69歳,17,宮原美穂,女子,セ・福生,1:52.05,,,,,,,,,,,,5/3
293,77,2024,10,26,長水路,個人,9,100m自由形,女子,,,,,,65～69歳,18,中島初美,女子,セ・大森,1:54.95,,,,,,,,,,,,3/10
294,77,2024,10,26,長水路,個人,9,100m自由形,女子,,,,,,60～64歳,1,永瀬秀子,女子,セ・二俣川,1:13.83,,,,,,,,,1:11.31,1:07.78,1:03.83,11/2
295,77,2024,10,26,長水路,個人,9,100m自由形,女子,,,,,,60～64歳,2,西井良子,女子,セ・福生,1:14.51,,,,,,,,,1:11.31,1:07.78,1:03.83,10/8
296,77,2024,10,26,長水路,個人,9,100m自由形,女子,,,,,,60～64歳,3,石原なおみ,女子,セ・阿佐谷,1:20.22,,,,,,,,,1:11.31,1:07.78,1:03.83,11/1
297,77,2024,10,26,長水路,個人,9,100m自由形,女子,,,,,,60～64歳,4,高橋久美,女子,セ・市川,1:26.12,,,,,,,,,1:11.31,1:07.78,1:03.83,9/7
298,77,2024,10,26,長水路,個人,9,100m自由形,女子,,,,,,60～64歳,5,福原美奈,女子,セ・稲毛海岸,1:29.02,,,,,,,,,1:11.31,1:07.78,1:03.83,9/3
299,77,2024,10,26,長水路,個人,9,100m自由形,女子,,,,,,60～64歳,6,高松早智子,女子,セ・南宇都宮,1:29.17,,,,,,,,,1:11.31,1:07.78,1:03.83,8/1
300,77,2024,10,26,長水路,個人,9,100m自由形,女子,,,,,,60～64歳,7,野崎由美子,女子,セ・おおたか,1:32.01,,,,,,,,,,,,7/5
301,77,2024,10,26,長水路,個人,9,100m自由形,女子,,,,,,60～64歳,8,茂櫛典子,女子,セ・成城,1:32.03,,,,,,,,,,,,6/5
302,77,2024,10,26,長水路,個人,9,100m自由形,女子,,,,,,60～64歳,9,細見あけみ,女子,セ・千葉みなと,1:33.06,,,,,,,,,,,,5/1
303,77,2024,10,26,長水路,個人,9,100m自由形,女子,,,,,,60～64歳,10,加藤雅弓,女子,セ・新都心,1:36.11,,,,,,,,,,,,7/7
304,77,2024,10,26,長水路,個人,9,100m自由形,女子,,,,,,60～64歳,11,佐々木れい,女子,セ・志木,1:40.52,,,,,,,,,,,,4/6
305,77,2024,10,26,長水路,個人,9,100m自由形,女子,,,,,,60～64歳,12,久保とし子,女子,セ・長津田,1:45.63,,,,,,,,,,,,6/6
306,77,2024,10,26,長水路,個人,9,100m自由形,女子,,,,,,55～59歳,1,篠原理恵,女子,セ・南宇都宮,1:14.24,,,,,,,,,1:10.06,1:05.21,1:01.87,11/8
307,77,2024,10,26,長水路,個人,9,100m自由形,女子,,,,,,55～59歳,2,前畑章子,女子,セ・慶應日吉,1:17.36,,,,,,,,,1:10.06,1:05.21,1:01.87,10/4
308,77,2024,10,26,長水路,個人,9,100m自由形,女子,,,,,,55～59歳,3,西田三佐子,女子,セ・大宮宮原,1:25.67,,,,,,,,,1:10.06,1:05.21,1:01.87,8/6
309,77,2024,10,26,長水路,個人,9,100m自由形,女子,,,,,,55～59歳,4,小倉直美,女子,セ・清瀬,1:26.95,,,,,,,,,1:10.06,1:05.21,1:01.87,7/8
310,77,2024,10,26,長水路,個人,9,100m自由形,女子,,,,,,55～59歳,5,小林弘子,女子,ザバス鶴見,1:27.36,,,,,,,,,1:10.06,1:05.21,1:01.87,10/7
311,77,2024,10,26,長水路,個人,9,100m自由形,女子,,,,,,55～59歳,6,佐藤直子,女子,セ・我孫子,1:37.54,,,,,,,,,1:10.06,1:05.21,1:01.87,6/1
312,77,2024,10,26,長水路,個人,9,100m自由形,女子,,,,,,55～59歳,7,鈴木夏実,女子,セ・慶應日吉,1:38.51,,,,,,,,,1:10.06,1:05.21,1:01.87,7/3
313,77,2024,10,26,長水路,個人,9,100m自由形,女子,,,,,,55～59歳,8,富樫真樹子,女子,セ・用賀,1:38.86,,,,,,,,,1:10.06,1:05.21,1:01.87,4/2
314,77,2024,10,26,長水路,個人,9,100m自由形,女子,,,,,,55～59歳,9,下段千寿子,女子,セ・越谷,1:43.45,,,,,,,,,1:10.06,1:05.21,1:01.87,4/8
315,77,2024,10,26,長水路,個人,9,100m自由形,女子,,,,,,55～59歳,10,佐々木夕子,女子,セ・市ヶ尾,1:52.34,,,,,,,,,1:10.06,1:05.21,1:01.87,4/7
316,77,2024,10,26,長水路,個人,9,100m自由形,女子,,,,,,55～59歳,11,日置睦,女子,セ・我孫子,1:55.17,,,,,,,,,1:10.06,1:05.21,1:01.87,2/2
317,77,2024,10,26,長水路,個人,9,100m自由形,女子,,,,,,55～59歳,12,飯田美奈子,女子,セ・西新井,2:19.53,,,,,,,,,1:10.06,1:05.21,1:01.87,2/4
318,77,2024,10,26,長水路,個人,9,100m自由形,女子,,,,,,50～54歳,1,杉本浩美,女子,セ・南千住,1:11.43,,,,,,,,,1:06.25,1:03.99,1:00.40,11/4
319,77,2024,10,26,長水路,個人,9,100m自由形,女子,,,,,,50～54歳,2,佐々木美佐,女子,セ・平塚,1:13.87,,,,,,,,,1:06.25,1:03.99,1:00.40,11/6
320,77,2024,10,26,長水路,個人,9,100m自由形,女子,,,,,,50～54歳,3,原田佳子,女子,セ・葛西,1:14.10,,,,,,,,,1:06.25,1:03.99,1:00.40,11/5
321,77,2024,10,26,長水路,個人,9,100m自由形,女子,,,,,,50～54歳,4,石井紀美子,女子,セ・S湘南台,1:22.21,,,,,,,,,1:06.25,1:03.99,1:00.40,10/3
322,77,2024,10,26,長水路,個人,9,100m自由形,女子,,,,,,50～54歳,5,酒井貴代,女子,セ・大森,1:29.71,,,,,,,,,1:06.25,1:03.99,1:00.40,7/9
323,77,2024,10,26,長水路,個人,9,100m自由形,女子,,,,,,50～54歳,6,捶井泰子,女子,セ・用賀,1:34.71,,,,,,,,,1:06.25,1:03.99,1:00.40,8/8
324,77,2024,10,26,長水路,個人,9,100m自由形,女子,,,,,,50～54歳,7,津田千鶴,女子,セ・能見台,1:35.07,,,,,,,,,1:06.25,1:03.99,1:00.40,8/2
325,77,2024,10,26,長水路,個人,9,100m自由形,女子,,,,,,50～54歳,8,中村奈穂美,女子,セ・越谷,1:35.86,,,,,,,,,1:06.25,1:03.99,1:00.40,5/10
326,77,2024,10,26,長水路,個人,9,100m自由形,女子,,,,,,50～54歳,9,北瀬あづさ,女子,セ・市ヶ尾,1:37.15,,,,,,,,,1:06.25,1:03.99,1:00.40,7/2
327,77,2024,10,26,長水路,個人,9,100m自由形,女子,,,,,,45～49歳,1,佐々木彩,女子,セ・成城,1:11.26,,,,,,,,,1:08.19,1:03.18,57.40,12/1
328,77,2024,10,26,長水路,個人,9,100m自由形,女子,,,,,,45～49歳,2,木村美佐子,女子,セ・南宇都宮,1:12.83,,,,,,,,,1:08.19,1:03.18,57.40,12/10
329,77,2024,10,26,長水路,個人,9,100m自由形,女子,,,,,,45～49歳,3,飯澤美香,女子,セ・我孫子,1:17.56,,,,,,,,,1:08.19,1:03.18,57.40,9/1
330,77,2024,10,26,長水路,個人,9,100m自由形,女子,,,,,,45～49歳,4,小室桃子,女子,セ・八王子,1:18.34,,,,,,,,,1:08.19,1:03.18,57.40,10/6
331,77,2024,10,26,長水路,個人,9,100m自由形,女子,,,,,,45～49歳,5,手島幸恵,女子,セ・藤沢,1:18.78,,,,,,,,,1:08.19,1:03.18,57.40,7/1
332,77,2024,10,26,長水路,個人,9,100m自由形,女子,,,,,,45～49歳,6,藤本淑恵,女子,セ・平塚,1:24.74,,,,,,,,,1:08.19,1:03.18,57.40,9/4
333,77,2024,10,26,長水路,個人,9,100m自由形,女子,,,,,,45～49歳,7,福本麻美,女子,セ・慶應日吉,1:24.92,,,,,,,,,1:08.19,1:03.18,57.40,9/6
334,77,2024,10,26,長水路,個人,9,100m自由形,女子,,,,,,45～49歳,8,細沼悦子,女子,セ・越谷,1:25.25,,,,,,,,,1:08.19,1:03.18,57.40,8/9
335,77,2024,10,26,長水路,個人,9,100m自由形,女子,,,,,,40～44歳,1,四井美穂,女子,セ・天王洲,1:16.33,,,,,,,,,1:06.24,1:02.15,58.04,10/2
336,77,2024,10,26,長水路,個人,9,100m自由形,女子,,,,,,40～44歳,2,小野真佐子,女子,セ・阿佐谷,1:18.48,,,,,,,,,,,,10/5
337,77,2024,10,26,長水路,個人,9,100m自由形,女子,,,,,,40～44歳,3,宮林佑妃,女子,セ・長津田,1:20.29,,,,,,,,,,,,10/10
338,77,2024,10,26,長水路,個人,9,100m自由形,女子,,,,,,40～44歳,4,富永結衣子,女子,セ・大森,1:24.72,,,,,,,,,,,,10/1
339,77,2024,10,26,長水路,個人,9,100m自由形,女子,,,,,,40～44歳,5,井島孝子,女子,セ・天王洲,1:36.90,,,,,,,,,,,,5/4
340,77,2024,10,26,長水路,個人,9,100m自由形,女子,,,,,,35～39歳,1,川北恵,女子,セ・長津田,1:06.31,,,,,,,,,1:03.35,58.87,57.38,12/4
341,77,2024,10,26,長水路,個人,9,100m自由形,女子,,,,,,35～39歳,2,田中美鈴,女子,セ・武蔵小杉,1:08.34,,,,,,,,,1:03.35,58.87,57.38,12/7
342,77,2024,10,26,長水路,個人,9,100m自由形,女子,,,,,,35～39歳,3,宮下奏子,女子,セ・市ヶ尾,1:10.41,,,,,,,,,1:03.35,58.87,57.38,11/9
343,77,2024,10,26,長水路,個人,9,100m自由形,女子,,,,,,30～34歳,1,中山翠,女子,ザバス川崎,1:28.38,,,,,,,,,1:03.35,58.20,55.24,9/10
344,77,2024,10,26,長水路,個人,9,100m自由形,女子,,,,,,30～34歳,2,熊谷紗友梨,女子,セ・S湘南台,1:42.77,,,,,,,,,1:03.35,58.20,55.24,6/10
345,77,2024,10,26,長水路,個人,9,100m自由形,女子,,,,,,25～29歳,1,川俣星,女子,セ・新都心,1:06.89,,,,,,,,,1:00.50,57.89,56.96,12/5
346,77,2024,10,26,長水路,個人,9,100m自由形,女子,,,,,,25～29歳,2,仲田笑美,女子,セ・成城,1:09.23,,,,,,,,,1:00.50,57.89,56.96,12/8
347,77,2024,10,26,長水路,個人,9,100m自由形,女子,,,,,,25～29歳,3,木田景子,女子,セ・平塚,1:13.08,,,,,,,,,1:00.50,57.89,56.96,11/7
348,77,2024,10,26,長水路,個人,9,100m自由形,女子,,,,,,25～29歳,4,村岡礼奈,女子,セ・桶川北本,1:21.31,,,,,,,,,1:00.50,57.89,56.96,11/10
349,77,2024,10,26,長水路,個人,9,100m自由形,女子,,,,,,18～24歳,1,佐藤玖弥,女子,セ・目黒,1:05.68,,,,,,,,,1:01.56,,,12/6
350,77,2024,10,26,長水路,個人,9,100m自由形,女子,,,,,,18～24歳,2,島崎帆乃華,女子,セ・藤沢,1:08.18,,,,,,,,,,,,12/2
351,77,2024,10,26,長水路,個人,9,100m自由形,女子,,,,,,18～24歳,3,西澤瑛倫,女子,セ・越谷,1:09.34,,,,,,,,,,,,11/3
352,77,2024,10,26,長水路,個人,9,100m自由形,女子,,,,,,18～24歳,4,深谷美緒,女子,セ・東十条,1:09.49,,,,,,,,,,,,12/9
353,77,2024,10,26,長水路,個人,10,100m自由形,男子,,,,,,85～89歳,1,川本剛,男子,セ・長沼,1:40.60,,,,,,,,,1:37.90,1:22.25,1:22.25,2/2
354,77,2024,10,26,長水路,個人,10,100m自由形,男子,,,,,,85～89歳,2,大堀兵衛,男子,セ・下北沢,2:13.53,,,,,,,,,1:37.90,1:22.25,1:22.25,1/1
355,77,2024,10,26,長水路,個人,10,100m自由形,男子,,,,,,80～84歳,1,井上隆史,男子,セ・市ヶ尾,1:39.84,,,,,,,,,1:27.89,1:08.76,1:08.76,1/7
356,77,2024,10,26,長水路,個人,10,100m自由形,男子,,,,,,80～84歳,2,眞壁功,男子,セ・藤沢,1:42.42,,,,,,,,,1:27.89,1:08.76,1:08.76,1/8
357,77,2024,10,26,長水路,個人,10,100m自由形,男子,,,,,,75～79歳,1,今修二,男子,セ・越谷,1:33.05,,,,,,,,,1:13.93,1:06.40,1:06.40,2/3
358,77,2024,10,26,長水路,個人,10,100m自由形,男子,,,,,,75～79歳,2,石井肇,男子,墨田区体育館,1:41.63,,,,,,,,,1:13.93,1:06.40,1:06.40,1/3
359,77,2024,10,26,長水路,個人,10,100m自由形,男子,,,,,,75～79歳,3,大内洋,男子,セ・葛西,1:42.73,,,,,,,,,1:13.93,1:06.40,1:06.40,1/4
360,77,2024,10,26,長水路,個人,10,100m自由形,男子,,,,,,70～74歳,1,亀田一麿,男子,セ・東戸塚,1:18.03,,,,,,,,,1:11.50,1:03.17,1:03.32,5/6
361,77,2024,10,26,長水路,個人,10,100m自由形,男子,,,,,,70～74歳,2,若宮強,男子,セ・成城,1:20.75,,,,,,,,,1:11.50,1:03.17,1:03.32,5/2
362,77,2024,10,26,長水路,個人,10,100m自由形,男子,,,,,,70～74歳,3,香川左近,男子,セ・二俣川,1:28.13,,,,,,,,,1:11.50,1:03.17,1:03.32,3/8
363,77,2024,10,26,長水路,個人,10,100m自由形,男子,,,,,,70～74歳,4,浅野唯男,男子,セ・志木,1:37.94,,,,,,,,,1:11.50,1:03.17,1:03.32,2/9
364,77,2024,10,26,長水路,個人,10,100m自由形,男子,,,,,,70～74歳,5,松下達一,男子,セ・成城,1:48.33,,,,,,,,,1:11.50,1:03.17,1:03.32,1/5
365,77,2024,10,26,長水路,個人,10,100m自由形,男子,,,,,,65～69歳,1,井上昌臣,男子,セ・西東京,1:19.89,,,,,,,,,1:05.19,1:02.14,59.49,2/4
366,77,2024,10,26,長水路,個人,10,100m自由形,男子,,,,,,65～69歳,2,柏木治久,男子,セ・成城,1:20.33,,,,,,,,,1:05.19,1:02.14,59.49,4/4
367,77,2024,10,26,長水路,個人,10,100m自由形,男子,,,,,,65～69歳,3,槙田誠,男子,セ・南千住,1:21.82,,,,,,,,,,,,5/9
368,77,2024,10,26,長水路,個人,10,100m自由形,男子,,,,,,65～69歳,4,竹内新,男子,セ・府中,1:23.21,,,,,,,,,,,,3/5
369,77,2024,10,26,長水路,個人,10,100m自由形,男子,,,,,,65～69歳,5,仲宇佐隆一,男子,セ・横浜,1:24.26,,,,,,,,,,,,4/1
370,77,2024,10,26,長水路,個人,10,100m自由形,男子,,,,,,65～69歳,6,茂木和哉,男子,セ・市ヶ尾,1:27.28,,,,,,,,,,,,3/4
371,77,2024,10,26,長水路,個人,10,100m自由形,男子,,,,,,65～69歳,7,佐藤信弘,男子,セ・桶川北本,1:27.97,,,,,,,,,,,,3/2
372,77,2024,10,26,長水路,個人,10,100m自由形,男子,,,,,,65～69歳,8,飯沼明,男子,セ・長津田,1:29.79,,,,,,,,,,,,2/5
373,77,2024,10,26,長水路,個人,10,100m自由形,男子,,,,,,65～69歳,9,鈴木哲治,男子,墨田区体育館,1:34.36,,,,,,,,,,,,3/9
374,77,2024,10,26,長水路,個人,10,100m自由形,男子,,,,,,65～69歳,10,山中一男,男子,セ・阿佐谷,1:37.38,,,,,,,,,,,,2/7
375,77,2024,10,26,長水路,個人,10,100m自由形,男子,,,,,,60～64歳,1,今井正太郎,男子,セ・前橋,1:06.71,,,,,,,,,1:04.30,1:00.33,57.66,9/2
376,77,2024,10,26,長水路,個人,10,100m自由形,男子,,,,,,60～64歳,2,菊池千二,男子,セ・市ヶ尾,1:07.48,,,,,,,,,1:04.30,1:00.33,57.66,5/5
377,77,2024,10,26,長水路,個人,10,100m自由形,男子,,,,,,60～64歳,3,海辺信吉,男子,セ・おおたか,1:11.74,,,,,,,,,1:04.30,1:00.33,57.66,7/9
378,77,2024,10,26,長水路,個人,10,100m自由形,男子,,,,,,60～64歳,4,一色洋志,男子,セ・福生,1:14.74,,,,,,,,,1:04.30,1:00.33,57.66,5/3
379,77,2024,10,26,長水路,個人,10,100m自由形,男子,,,,,,60～64歳,5,若島健二,男子,セ・二俣川,1:15.17,,,,,,,,,1:04.30,1:00.33,57.66,5/4
380,77,2024,10,26,長水路,個人,10,100m自由形,男子,,,,,,60～64歳,6,近江信之,男子,セ・武蔵小杉,1:19.23,,,,,,,,,1:04.30,1:00.33,57.66,4/3
381,77,2024,10,26,長水路,個人,10,100m自由形,男子,,,,,,60～64歳,7,山本和巳,男子,セ・茂原,1:22.39,,,,,,,,,1:04.30,1:00.33,57.66,3/6
382,77,2024,10,26,長水路,個人,10,100m自由形,男子,,,,,,60～64歳,8,金田雅之,男子,セ・能見台,1:23.14,,,,,,,,,1:04.30,1:00.33,57.66,4/5
383,77,2024,10,26,長水路,個人,10,100m自由形,男子,,,,,,60～64歳,9,小島淳,男子,セ・柏,1:23.36,,,,,,,,,1:04.30,1:00.33,57.66,3/1
384,77,2024,10,26,長水路,個人,10,100m自由形,男子,,,,,,60～64歳,10,黒川恵一,男子,セ・市ヶ尾,1:30.76,,,,,,,,,1:04.30,1:00.33,57.66,2/6
385,77,2024,10,26,長水路,個人,10,100m自由形,男子,,,,,,60～64歳,11,二宮次郎,男子,セ・南宇都宮,1:31.60,,,,,,,,,1:04.30,1:00.33,57.66,4/10
386,77,2024,10,26,長水路,個人,10,100m自由形,男子,,,,,,60～64歳,12,後藤潤,男子,セ・成城,1:31.88,,,,,,,,,1:04.30,1:00.33,57.66,1/6
387,77,2024,10,26,長水路,個人,10,100m自由形,男子,,,,,,55～59歳,1,金子惠一,男子,セ・前橋,1:02.48,,,,,,,,TRUE,1:02.93,57.52,56.00,10/2
388,77,2024,10,26,長水路,個人,10,100m自由形,男子,,,,,,55～59歳,2,小林健,男子,セ・葛西,1:10.11,,,,,,,,,1:02.93,57.52,56.00,8/8
389,77,2024,10,26,長水路,個人,10,100m自由形,男子,,,,,,55～59歳,3,荒川秀明,男子,セ・前橋,1:10.38,,,,,,,,,1:02.93,57.52,56.00,8/4
390,77,2024,10,26,長水路,個人,10,100m自由形,男子,,,,,,55～59歳,4,中津海全士,男子,セ・S湘南台,1:10.49,,,,,,,,,1:02.93,57.52,56.00,7/4
391,77,2024,10,26,長水路,個人,10,100m自由形,男子,,,,,,55～59歳,5,楊華,男子,ザバス鶴見,1:11.48,,,,,,,,,1:02.93,57.52,56.00,6/5
392,77,2024,10,26,長水路,個人,10,100m自由形,男子,,,,,,55～59歳,6,飯田正敏,男子,セ・用賀,1:12.54,,,,,,,,,1:02.93,57.52,56.00,7/1
393,77,2024,10,26,長水路,個人,10,100m自由形,男子,,,,,,55～59歳,7,本間丈博,男子,セ・稲毛海岸,1:13.56,,,,,,,,,1:02.93,57.52,56.00,6/4
394,77,2024,10,26,長水路,個人,10,100m自由形,男子,,,,,,55～59歳,8,永家一徳,男子,セ・市川,1:13.85,,,,,,,,,1:02.93,57.52,56.00,7/10
395,77,2024,10,26,長水路,個人,10,100m自由形,男子,,,,,,55～59歳,9,近藤正之,男子,セ・上池袋,1:19.52,,,,,,,,,1:02.93,57.52,56.00,5/7
396,77,2024,10,26,長水路,個人,10,100m自由形,男子,,,,,,55～59歳,10,大木義之,男子,セ・清瀬,1:22.49,,,,,,,,,1:02.93,57.52,56.00,4/9
397,77,2024,10,26,長水路,個人,10,100m自由形,男子,,,,,,55～59歳,11,吉峯幸郎,男子,セ・用賀,1:23.86,,,,,,,,,1:02.93,57.52,56.00,5/1
398,77,2024,10,26,長水路,個人,10,100m自由形,男子,,,,,,55～59歳,12,佐騰流生,男子,セ・天王洲,1:39.26,,,,,,,,,1:02.93,57.52,56.00,2/8
399,77,2024,10,26,長水路,個人,10,100m自由形,男子,,,,,,55～59歳,13,半澤繁,男子,セ・清瀬,1:45.57,,,,,,,,,1:02.93,57.52,56.00,1/2
400,77,2024,10,26,長水路,個人,10,100m自由形,男子,,,,,,50～54歳,1,石井龍,男子,セ・成城,1:02.70,,,,,,,,,1:00.40,54.61,54.15,11/3
401,77,2024,10,26,長水路,個人,10,100m自由形,男子,,,,,,50～54歳,2,藤本豊和,男子,セ・長津田,1:05.53,,,,,,,,,1:00.40,54.61,54.15,11/9
402,77,2024,10,26,長水路,個人,10,100m自由形,男子,,,,,,50～54歳,3,山田耕一,男子,セ・清瀬,1:06.78,,,,,,,,,1:00.40,54.61,54.15,8/6
403,77,2024,10,26,長水路,個人,10,100m自由形,男子,,,,,,50～54歳,4,西野宮冬木,男子,セ・長津田,1:07.59,,,,,,,,,1:00.40,54.61,54.15,8/7
404,77,2024,10,26,長水路,個人,10,100m自由形,男子,,,,,,50～54歳,5,藤井清和,男子,セ・武蔵小杉,1:10.58,,,,,,,,,1:00.40,54.61,54.15,7/6
405,77,2024,10,26,長水路,個人,10,100m自由形,男子,,,,,,50～54歳,6,前田光輝,男子,セ・おおたか,1:10.98,,,,,,,,,1:00.40,54.61,54.15,3/10
406,77,2024,10,26,長水路,個人,10,100m自由形,男子,,,,,,50～54歳,7,青木健二,男子,セ・蒲田,1:12.71,,,,,,,,,1:00.40,54.61,54.15,8/1
407,77,2024,10,26,長水路,個人,10,100m自由形,男子,,,,,,50～54歳,8,足立晃,男子,セ・新川崎,1:12.73,,,,,,,,,,,,7/5
408,77,2024,10,26,長水路,個人,10,100m自由形,男子,,,,,,50～54歳,9,岡田能行,男子,セ・越谷,1:16.76,,,,,,,,,,,,6/1
409,77,2024,10,26,長水路,個人,10,100m自由形,男子,,,,,,50～54歳,10,平田博之,男子,セ・ときわ台,1:23.33,,,,,,,,,,,,4/8
410,77,2024,10,26,長水路,個人,10,100m自由形,男子,,,,,,50～54歳,11,バーンズノーマンウィ,男子,セ・松戸,1:29.11,,,,,,,,,,,,4/6
411,77,2024,10,26,長水路,個人,10,100m自由形,男子,,,,,,50～54歳,12,今井英大,男子,セ・川越,1:30.38,,,,,,,,,,,,1/9
412,77,2024,10,26,長水路,個人,10,100m自由形,男子,,,,,,50～54歳,13,高梨繁,男子,ザバス川崎,1:33.84,,,,,,,,,,,,3/7
413,77,2024,10,26,長水路,個人,10,100m自由形,男子,,,,,,45～49歳,1,北川貴義,男子,セ・阿佐谷,1:01.83,,,,,,,,,56.53,52.24,52.24,11/10
414,77,2024,10,26,長水路,個人,10,100m自由形,男子,,,,,,45～49歳,2,神部孝高,男子,セ・用賀,1:02.87,,,,,,,,,56.53,52.24,52.24,9/5
415,77,2024,10,26,長水路,個人,10,100m自由形,男子,,,,,,45～49歳,3,小室秀幸,男子,セ・八王子,1:04.27,,,,,,,,,56.53,52.24,52.24,9/9
416,77,2024,10,26,長水路,個人,10,100m自由形,男子,,,,,,45～49歳,4,堀川広祐,男子,セ・二俣川,1:05.62,,,,,,,,,56.53,52.24,52.24,9/4
417,77,2024,10,26,長水路,個人,10,100m自由形,男子,,,,,,45～49歳,5,磯貝知弘,男子,セ・柏,1:07.01,,,,,,,,,56.53,52.24,52.24,9/7
418,77,2024,10,26,長水路,個人,10,100m自由形,男子,,,,,,45～49歳,6,宅間健介,男子,セ・天王洲,1:08.72,,,,,,,,,56.53,52.24,52.24,8/3
419,77,2024,10,26,長水路,個人,10,100m自由形,男子,,,,,,45～49歳,7,山岡裕和,男子,セ・ときわ台,1:09.05,,,,,,,,,56.53,52.24,52.24,8/2
420,77,2024,10,26,長水路,個人,10,100m自由形,男子,,,,,,45～49歳,8,西田幸弘,男子,セ・藤沢,1:10.07,,,,,,,,,56.53,52.24,52.24,6/3
421,77,2024,10,26,長水路,個人,10,100m自由形,男子,,,,,,45～49歳,9,菅原弘貴,男子,セ・福生,1:11.50,,,,,,,,,56.53,52.24,52.24,7/2
422,77,2024,10,26,長水路,個人,10,100m自由形,男子,,,,,,45～49歳,10,小島直政,男子,セ・久喜,1:15.54,,,,,,,,,56.53,52.24,52.24,4/7
423,77,2024,10,26,長水路,個人,10,100m自由形,男子,,,,,,45～49歳,11,田辺直行,男子,セ・武蔵小杉,1:19.12,,,,,,,,,56.53,52.24,52.24,5/10
424,77,2024,10,26,長水路,個人,10,100m自由形,男子,,,,,,45～49歳,12,小林貴大,男子,セ・蘇我,1:20.21,,,,,,,,,56.53,52.24,52.24,5/8
425,77,2024,10,26,長水路,個人,10,100m自由形,男子,,,,,,40～44歳,1,鶴谷学,男子,セ・二俣川,56.20,,,,,,,,TRUE,,,,12/5
426,77,2024,10,26,長水路,個人,10,100m自由形,男子,,,,,,40～44歳,2,森本祐一,男子,セ・清瀬,1:02.39,,,,,,,,,,,,9/6
427,77,2024,10,26,長水路,個人,10,100m自由形,男子,,,,,,40～44歳,3,植木秀志,男子,セ・久喜,1:03.07,,,,,,,,,,,,9/3
428,77,2024,10,26,長水路,個人,10,100m自由形,男子,,,,,,40～44歳,4,矢作歩,男子,セ・長津田,1:03.93,,,,,,,,,,,,10/8
429,77,2024,10,26,長水路,個人,10,100m自由形,男子,,,,,,40～44歳,5,木村知行,男子,セ・二俣川,1:04.73,,,,,,,,,,,,9/8
430,77,2024,10,26,長水路,個人,10,100m自由形,男子,,,,,,40～44歳,6,田子晃,男子,セ・自由が丘,1:10.69,,,,,,,,,,,,7/7
431,77,2024,10,26,長水路,個人,10,100m自由形,男子,,,,,,40～44歳,7,田中遼太,男子,セ・慶應日吉,1:19.33,,,,,,,,,,,,4/2
432,77,2024,10,26,長水路,個人,10,100m自由形,男子,,,,,,40～44歳,8,小田島丈典,男子,セ・福生,1:20.33,,,,,,,,,,,,7/3
433,77,2024,10,26,長水路,個人,10,100m自由形,男子,,,,,,40～44歳,9,清水大輔,男子,セ・桶川北本,1:29.90,,,,,,,,,,,,3/3
434,77,2024,10,26,長水路,個人,10,100m自由形,男子,,,,,,35～39歳,1,高木祥一,男子,セ・武蔵小杉,57.56,,,,,,,,,53.85,50.78,50.78,12/7
435,77,2024,10,26,長水路,個人,10,100m自由形,男子,,,,,,35～39歳,2,奥平竜司,男子,セ・武蔵小杉,59.37,,,,,,,,,53.85,50.78,50.78,11/5
436,77,2024,10,26,長水路,個人,10,100m自由形,男子,,,,,,35～39歳,3,椎本恭平,男子,セ・阿佐谷,59.47,,,,,,,,,53.85,50.78,50.78,11/6
437,77,2024,10,26,長水路,個人,10,100m自由形,男子,,,,,,35～39歳,4,岩本和也,男子,セ・志木,59.66,,,,,,,,,53.85,50.78,50.78,12/1
438,77,2024,10,26,長水路,個人,10,100m自由形,男子,,,,,,35～39歳,5,和田亮,男子,セ・阿佐谷,1:09.05,,,,,,,,,53.85,50.78,50.78,10/9
439,77,2024,10,26,長水路,個人,10,100m自由形,男子,,,,,,35～39歳,6,三浦惇生,男子,セ・武蔵小杉,1:12.08,,,,,,,,,53.85,50.78,50.78,6/9
440,77,2024,10,26,長水路,個人,10,100m自由形,男子,,,,,,35～39歳,7,増田究,男子,セ・平塚,1:14.94,,,,,,,,,53.85,50.78,50.78,6/2
441,77,2024,10,26,長水路,個人,10,100m自由形,男子,,,,,,30～34歳,1,板垣義人,男子,セ・トレッサ,56.38,,,,,,,,,53.90,51.34,49.80,12/3
442,77,2024,10,26,長水路,個人,10,100m自由形,男子,,,,,,30～34歳,2,内藤寿輝,男子,セ・大森,56.90,,,,,,,,,53.90,51.34,49.80,12/6
443,77,2024,10,26,長水路,個人,10,100m自由形,男子,,,,,,30～34歳,3,伊藤孝優,男子,セ・八王子,1:01.26,,,,,,,,,,,,10/3
444,77,2024,10,26,長水路,個人,10,100m自由形,男子,,,,,,30～34歳,4,寺田遼太,男子,セ・天王洲,1:10.24,,,,,,,,,,,,9/1
445,77,2024,10,26,長水路,個人,10,100m自由形,男子,,,,,,30～34歳,5,山田義明,男子,セ・おおたか,1:20.65,,,,,,,,,,,,2/1
446,77,2024,10,26,長水路,個人,10,100m自由形,男子,,,,,,25～29歳,1,小林和矢,男子,セ・成城,57.79,,,,,,,,,52.13,50.75,48.72,8/5
447,77,2024,10,26,長水路,個人,10,100m自由形,男子,,,,,,25～29歳,2,松澤朋樹,男子,セ・武蔵小杉,59.62,,,,,,,,,52.13,50.75,48.72,12/4
448,77,2024,10,26,長水路,個人,10,100m自由形,男子,,,,,,25～29歳,3,前島悠也,男子,セ・葛西,1:00.61,,,,,,,,,52.13,50.75,48.72,12/9
449,77,2024,10,26,長水路,個人,10,100m自由形,男子,,,,,,25～29歳,4,加納聖士,男子,セ・葛西,1:01.49,,,,,,,,,52.13,50.75,48.72,11/7
450,77,2024,10,26,長水路,個人,10,100m自由形,男子,,,,,,25～29歳,5,泉翔太,男子,セ・葛西,1:01.71,,,,,,,,,52.13,50.75,48.72,11/4
451,77,2024,10,26,長水路,個人,10,100m自由形,男子,,,,,,25～29歳,6,武本侑己,男子,セ・青砥,1:02.77,,,,,,,,,52.13,50.75,48.72,8/9
452,77,2024,10,26,長水路,個人,10,100m自由形,男子,,,,,,25～29歳,7,竹下翔,男子,セ・長津田,1:13.29,,,,,,,,,52.13,50.75,48.72,8/10
453,77,2024,10,26,長水路,個人,10,100m自由形,男子,,,,,,18～24歳,1,設樂航希,男子,セ・流山,55.39,,,,,,,,,52.11,,,12/8
454,77,2024,10,26,長水路,個人,10,100m自由形,男子,,,,,,18～24歳,2,木村隼人,男子,セ・八王子,58.00,,,,,,,,,52.11,,,10/4
455,77,2024,10,26,長水路,個人,10,100m自由形,男子,,,,,,18～24歳,3,荒井優吾,男子,セ・成瀬,58.63,,,,,,,,,52.11,,,12/2
456,77,2024,10,26,長水路,個人,10,100m自由形,男子,,,,,,18～24歳,4,重高良彦,男子,セ・能見台,59.06,,,,,,,,,52.11,,,10/10
457,77,2024,10,26,長水路,個人,10,100m自由形,男子,,,,,,18～24歳,5,伊藤水晶,男子,セ・松戸,1:00.62,,,,,,,,,52.11,,,12/10
458,77,2024,10,26,長水路,個人,10,100m自由形,男子,,,,,,18～24歳,6,柿沼龍史,男子,セ・成城,1:00.92,,,,,,,,,52.11,,,9/10
459,77,2024,10,26,長水路,個人,10,100m自由形,男子,,,,,,18～24歳,7,法領田徳丞,男子,セ・蒲田,1:01.56,,,,,,,,,52.11,,,10/6
460,77,2024,10,26,長水路,個人,10,100m自由形,男子,,,,,,18～24歳,8,金子智哉,男子,セ・清瀬,1:02.03,,,,,,,,,52.11,,,11/1
461,77,2024,10,26,長水路,個人,10,100m自由形,男子,,,,,,18～24歳,9,山﨑陸真,男子,セ・二俣川,1:04.05,,,,,,,,,,,,10/1
462,77,2024,10,26,長水路,個人,10,100m自由形,男子,,,,,,18～24歳,10,西沢歩,男子,セ・清瀬,1:04.58,,,,,,,,,,,,10/7
463,77,2024,10,26,長水路,個人,10,100m自由形,男子,,,,,,18～24歳,11,池内駿文,男子,セ・東十条,1:06.95,,,,,,,,,,,,11/2
464,77,2024,10,26,長水路,個人,10,100m自由形,男子,,,,,,18～24歳,12,岩崎伊吹,男子,セ・おおたか,1:07.47,,,,,,,,,,,,11/8
465,77,2024,10,26,長水路,個人,13,50m背泳ぎ,女子,,,,,,85～89歳,1,大塚裕子,女子,セ・成城,59.14,,,,,,,,TRUE,59.22,47.23,47.23,8/6
466,77,2024,10,26,長水路,個人,13,50m背泳ぎ,女子,,,,,,85～89歳,2,田中もみぢ,女子,セ・おおたか,1:00.93,,,,,,,,,59.22,47.23,47.23,6/9
467,77,2024,10,26,長水路,個人,13,50m背泳ぎ,女子,,,,,,85～89歳,3,須山順子,女子,セ・松戸,1:05.44,,,,,,,,,59.22,47.23,47.23,4/6
468,77,2024,10,26,長水路,個人,13,50m背泳ぎ,女子,,,,,,85～89歳,4,田之上ノブ,女子,セ・蘇我,1:05.80,,,,,,,,,59.22,47.23,47.23,2/5
469,77,2024,10,26,長水路,個人,13,50m背泳ぎ,女子,,,,,,85～89歳,5,森川タエ子,女子,セ・我孫子,1:11.84,,,,,,,,,59.22,47.23,47.23,1/3
470,77,2024,10,26,長水路,個人,13,50m背泳ぎ,女子,,,,,,85～89歳,6,平田美佐子,女子,セ・天王洲,1:18.41,,,,,,,,,59.22,47.23,47.23,1/5
471,77,2024,10,26,長水路,個人,13,50m背泳ぎ,女子,,,,,,80～84歳,1,田神洋子,女子,セ・トレッサ,55.87,,,,,,,,,52.86,43.04,43.04,4/3
472,77,2024,10,26,長水路,個人,13,50m背泳ぎ,女子,,,,,,80～84歳,2,舘野圭子,女子,セ・用賀,1:01.66,,,,,,,,,52.86,43.04,43.04,5/6
473,77,2024,10,26,長水路,個人,13,50m背泳ぎ,女子,,,,,,80～84歳,3,三浦実恵子,女子,セ・館山,1:03.58,,,,,,,,,52.86,43.04,43.04,5/5
474,77,2024,10,26,長水路,個人,13,50m背泳ぎ,女子,,,,,,80～84歳,4,浜野操子,女子,セ・流山,1:05.44,,,,,,,,,52.86,43.04,43.04,4/7
475,77,2024,10,26,長水路,個人,13,50m背泳ぎ,女子,,,,,,80～84歳,5,岡本靖子,女子,セ・慶應日吉,1:05.97,,,,,,,,,52.86,43.04,43.04,2/2
476,77,2024,10,26,長水路,個人,13,50m背泳ぎ,女子,,,,,,80～84歳,6,大浜南海江,女子,セ・目黒,1:07.11,,,,,,,,,52.86,43.04,43.04,2/6
477,77,2024,10,26,長水路,個人,13,50m背泳ぎ,女子,,,,,,80～84歳,7,久保美紀枝,女子,セ・流山,1:09.99,,,,,,,,,52.86,43.04,43.04,4/4
478,77,2024,10,26,長水路,個人,13,50m背泳ぎ,女子,,,,,,80～84歳,8,川端淑子,女子,セ・天王洲,1:10.93,,,,,,,,,52.86,43.04,43.04,2/8
479,77,2024,10,26,長水路,個人,13,50m背泳ぎ,女子,,,,,,80～84歳,9,相澤和子,女子,セ・新都心,1:17.29,,,,,,,,,52.86,43.04,43.04,3/5
480,77,2024,10,26,長水路,個人,13,50m背泳ぎ,女子,,,,,,80～84歳,10,柴田幸子,女子,セ・ときわ台,1:37.46,,,,,,,,,52.86,43.04,43.04,1/2
481,77,2024,10,26,長水路,個人,13,50m背泳ぎ,女子,,,,,,75～79歳,1,藤井一恵,女子,セ・大森,55.40,,,,,,,,,48.00,40.56,40.08,9/10
482,77,2024,10,26,長水路,個人,13,50m背泳ぎ,女子,,,,,,75～79歳,2,吉田三枝子,女子,墨田区体育館,55.82,,,,,,,,,48.00,40.56,40.08,10/9
483,77,2024,10,26,長水路,個人,13,50m背泳ぎ,女子,,,,,,75～79歳,3,川口栄子,女子,セ・松戸,56.86,,,,,,,,,48.00,40.56,40.08,9/3
484,77,2024,10,26,長水路,個人,13,50m背泳ぎ,女子,,,,,,75～79歳,4,中村敬子,女子,セ・府中,57.55,,,,,,,,,48.00,40.56,40.08,7/5
485,77,2024,10,26,長水路,個人,13,50m背泳ぎ,女子,,,,,,75～79歳,5,栗林眞知子,女子,セ・成城,57.92,,,,,,,,,48.00,40.56,40.08,7/3
486,77,2024,10,26,長水路,個人,13,50m背泳ぎ,女子,,,,,,75～79歳,6,古旗美鈴,女子,セ・上池袋,58.30,,,,,,,,,48.00,40.56,40.08,9/5
487,77,2024,10,26,長水路,個人,13,50m背泳ぎ,女子,,,,,,75～79歳,7,星幸恵,女子,クリーンスパ,58.67,,,,,,,,,48.00,40.56,40.08,6/6
488,77,2024,10,26,長水路,個人,13,50m背泳ぎ,女子,,,,,,75～79歳,8,内田良子,女子,セ・用賀,1:00.04,,,,,,,,,48.00,40.56,40.08,8/4
489,77,2024,10,26,長水路,個人,13,50m背泳ぎ,女子,,,,,,75～79歳,9,浅野美恵子,女子,セ・蒲田,1:00.11,,,,,,,,,48.00,40.56,40.08,7/4
490,77,2024,10,26,長水路,個人,13,50m背泳ぎ,女子,,,,,,75～79歳,10,原田早苗,女子,セ・南千住,1:00.72,,,,,,,,,48.00,40.56,40.08,7/6
491,77,2024,10,26,長水路,個人,13,50m背泳ぎ,女子,,,,,,75～79歳,11,仲岡輝,女子,セ・我孫子,1:01.17,,,,,,,,,48.00,40.56,40.08,5/4
492,77,2024,10,26,長水路,個人,13,50m背泳ぎ,女子,,,,,,75～79歳,12,岡田啓子,女子,セ・桶川北本,1:01.52,,,,,,,,,48.00,40.56,40.08,7/7
493,77,2024,10,26,長水路,個人,13,50m背泳ぎ,女子,,,,,,75～79歳,13,橋本順子,女子,セ・おおたか,1:02.16,,,,,,,,,48.00,40.56,40.08,5/9
494,77,2024,10,26,長水路,個人,13,50m背泳ぎ,女子,,,,,,75～79歳,14,川島かよ子,女子,セ・天王洲,1:03.45,,,,,,,,,48.00,40.56,40.08,5/10
495,77,2024,10,26,長水路,個人,13,50m背泳ぎ,女子,,,,,,75～79歳,15,松木弘美,女子,セ・志木,1:04.25,,,,,,,,,48.00,40.56,40.08,3/6
496,77,2024,10,26,長水路,個人,13,50m背泳ぎ,女子,,,,,,75～79歳,16,田野倉和子,女子,セ・慶應日吉,1:06.59,,,,,,,,,,,,2/4
497,77,2024,10,26,長水路,個人,13,50m背泳ぎ,女子,,,,,,75～79歳,17,後藤節子,女子,セ・松戸,1:07.04,,,,,,,,,,,,5/1
498,77,2024,10,26,長水路,個人,13,50m背泳ぎ,女子,,,,,,75～79歳,18,中田和子,女子,セ・越谷,1:08.73,,,,,,,,,,,,1/8
499,77,2024,10,26,長水路,個人,13,50m背泳ぎ,女子,,,,,,75～79歳,19,山口英子,女子,セ・流山,1:09.41,,,,,,,,,,,,3/8
500,77,2024,10,26,長水路,個人,13,50m背泳ぎ,女子,,,,,,75～79歳,20,栗原羊子,女子,セ・流山,1:13.55,,,,,,,,,,,,4/8
501,77,2024,10,26,長水路,個人,13,50m背泳ぎ,女子,,,,,,75～79歳,21,山本まり子,女子,セ・能見台,1:15.53,,,,,,,,,,,,3/4
502,77,2024,10,26,長水路,個人,13,50m背泳ぎ,女子,,,,,,75～79歳,22,小島律子,女子,セ・谷津,1:16.73,,,,,,,,,,,,1/4
503,77,2024,10,26,長水路,個人,13,50m背泳ぎ,女子,,,,,,75～79歳,23,佐藤とき子,女子,セ・蘇我,1:23.02,,,,,,,,,,,,2/9
504,77,2024,10,26,長水路,個人,13,50m背泳ぎ,女子,,,,,,75～79歳,24,西村咲喜子,女子,セ・志木,1:42.38,,,,,,,,,,,,1/9
505,77,2024,10,26,長水路,個人,13,50m背泳ぎ,女子,,,,,,70～74歳,1,吉野治子,女子,セ・成城,48.53,,,,,,,,,45.18,39.67,34.65,15/1
506,77,2024,10,26,長水路,個人,13,50m背泳ぎ,女子,,,,,,70～74歳,2,松村恵子,女子,セ・葛西,49.84,,,,,,,,,45.18,39.67,34.65,13/5
507,77,2024,10,26,長水路,個人,13,50m背泳ぎ,女子,,,,,,70～74歳,3,石塚孝子,女子,セ・志木,50.85,,,,,,,,,45.18,39.67,34.65,12/3
508,77,2024,10,26,長水路,個人,13,50m背泳ぎ,女子,,,,,,70～74歳,4,市野克子,女子,セ・大森,50.97,,,,,,,,,45.18,39.67,34.65,11/4
509,77,2024,10,26,長水路,個人,13,50m背泳ぎ,女子,,,,,,70～74歳,5,近藤ひな子,女子,セ・二俣川,51.09,,,,,,,,,45.18,39.67,34.65,11/6
510,77,2024,10,26,長水路,個人,13,50m背泳ぎ,女子,,,,,,70～74歳,6,水谷裕子,女子,セ・西新井,53.30,,,,,,,,,45.18,39.67,34.65,12/2
511,77,2024,10,26,長水路,個人,13,50m背泳ぎ,女子,,,,,,70～74歳,7,見崎幸子,女子,墨田区体育館,53.52,,,,,,,,,45.18,39.67,34.65,9/9
512,77,2024,10,26,長水路,個人,13,50m背泳ぎ,女子,,,,,,70～74歳,8,平山啓子,女子,セ・南青山,55.82,,,,,,,,,45.18,39.67,34.65,9/4
513,77,2024,10,26,長水路,個人,13,50m背泳ぎ,女子,,,,,,70～74歳,8,梅田栄己子,女子,セ・天王洲,55.82,,,,,,,,,45.18,39.67,34.65,9/6
514,77,2024,10,26,長水路,個人,13,50m背泳ぎ,女子,,,,,,70～74歳,10,儀保都志子,女子,セ・成瀬,56.22,,,,,,,,,45.18,39.67,34.65,5/8
515,77,2024,10,26,長水路,個人,13,50m背泳ぎ,女子,,,,,,70～74歳,11,相澤史子,女子,セ・松戸,56.54,,,,,,,,,45.18,39.67,34.65,11/10
516,77,2024,10,26,長水路,個人,13,50m背泳ぎ,女子,,,,,,70～74歳,12,岡村悦子,女子,セ・おおたか,57.86,,,,,,,,,45.18,39.67,34.65,4/9
517,77,2024,10,26,長水路,個人,13,50m背泳ぎ,女子,,,,,,70～74歳,13,矢島きよえ,女子,CS南行徳,59.29,,,,,,,,,45.18,39.67,34.65,5/3
518,77,2024,10,26,長水路,個人,13,50m背泳ぎ,女子,,,,,,70～74歳,14,大久保祐美子,女子,セ・おおたか,59.47,,,,,,,,,45.18,39.67,34.65,5/2
519,77,2024,10,26,長水路,個人,13,50m背泳ぎ,女子,,,,,,70～74歳,15,樋口孝子,女子,セ・阿佐谷,59.89,,,,,,,,,45.18,39.67,34.65,7/8
520,77,2024,10,26,長水路,個人,13,50m背泳ぎ,女子,,,,,,70～74歳,16,藤田悦子,女子,セ・二俣川,1:00.51,,,,,,,,,45.18,39.67,34.65,3/9
521,77,2024,10,26,長水路,個人,13,50m背泳ぎ,女子,,,,,,70～74歳,17,吉田あけみ,女子,セ・館山,1:01.32,,,,,,,,,45.18,39.67,34.65,6/3
522,77,2024,10,26,長水路,個人,13,50m背泳ぎ,女子,,,,,,70～74歳,18,池淵玲子,女子,セ・慶應日吉,1:01.46,,,,,,,,,45.18,39.67,34.65,6/2
523,77,2024,10,26,長水路,個人,13,50m背泳ぎ,女子,,,,,,70～74歳,19,若松はる子,女子,セ・松戸,1:01.65,,,,,,,,,45.18,39.67,34.65,6/4
524,77,2024,10,26,長水路,個人,13,50m背泳ぎ,女子,,,,,,70～74歳,20,若林多恵子,女子,セ・谷津,1:02.30,,,,,,,,,45.18,39.67,34.65,1/7
525,77,2024,10,26,長水路,個人,13,50m背泳ぎ,女子,,,,,,70～74歳,21,岩塚美恵子,女子,セ・越谷,1:02.73,,,,,,,,,45.18,39.67,34.65,3/2
526,77,2024,10,26,長水路,個人,13,50m背泳ぎ,女子,,,,,,70～74歳,22,鬼束洋子,女子,セ・天王洲,1:03.22,,,,,,,,,45.18,39.67,34.65,2/7
527,77,2024,10,26,長水路,個人,13,50m背泳ぎ,女子,,,,,,70～74歳,23,青木洋子,女子,墨田区体育館,1:03.72,,,,,,,,,45.18,39.67,34.65,5/7
528,77,2024,10,26,長水路,個人,13,50m背泳ぎ,女子,,,,,,70～74歳,24,橋本美千代,女子,セ・志木,1:06.93,,,,,,,,,45.18,39.67,34.65,3/1
529,77,2024,10,26,長水路,個人,13,50m背泳ぎ,女子,,,,,,70～74歳,25,上野俊子,女子,セ・桶川北本,1:07.50,,,,,,,,,45.18,39.67,34.65,4/2
530,77,2024,10,26,長水路,個人,13,50m背泳ぎ,女子,,,,,,70～74歳,26,樋口恵子,女子,セ・能見台,1:09.17,,,,,,,,,45.18,39.67,34.65,4/5
531,77,2024,10,26,長水路,個人,13,50m背泳ぎ,女子,,,,,,70～74歳,27,長谷川節子,女子,セ・天王洲,1:09.74,,,,,,,,,,,,4/1
532,77,2024,10,26,長水路,個人,13,50m背泳ぎ,女子,,,,,,70～74歳,28,于亜芝,女子,セ・南千住,1:09.88,,,,,,,,,,,,10/6
533,77,2024,10,26,長水路,個人,13,50m背泳ぎ,女子,,,,,,70～74歳,29,友野敬子,女子,セ・館山,1:11.06,,,,,,,,,,,,2/3
534,77,2024,10,26,長水路,個人,13,50m背泳ぎ,女子,,,,,,70～74歳,30,石村眞理子,女子,セ・新川崎,1:11.26,,,,,,,,,,,,3/3
535,77,2024,10,26,長水路,個人,13,50m背泳ぎ,女子,,,,,,70～74歳,31,寺西寿賀子,女子,セ・天王洲,1:11.61,,,,,,,,,,,,6/8
536,77,2024,10,26,長水路,個人,13,50m背泳ぎ,女子,,,,,,70～74歳,32,神村祥子,女子,クリーンスパ,1:13.09,,,,,,,,,,,,1/6
537,77,2024,10,26,長水路,個人,13,50m背泳ぎ,女子,,,,,,65～69歳,1,石田良子,女子,セ・越谷,43.86,,,,,,,,,43.31,37.54,33.59,14/4
538,77,2024,10,26,長水路,個人,13,50m背泳ぎ,女子,,,,,,65～69歳,2,田代眞理子,女子,セ・成城,47.28,,,,,,,,,43.31,37.54,33.59,14/6
539,77,2024,10,26,長水路,個人,13,50m背泳ぎ,女子,,,,,,65～69歳,3,山本由起子,女子,セ・南千住,47.74,,,,,,,,,43.31,37.54,33.59,13/6
540,77,2024,10,26,長水路,個人,13,50m背泳ぎ,女子,,,,,,65～69歳,4,森本美恵,女子,セ・松戸,49.11,,,,,,,,,43.31,37.54,33.59,12/5
541,77,2024,10,26,長水路,個人,13,50m背泳ぎ,女子,,,,,,65～69歳,5,相馬絹代,女子,セ・溝ノ口,49.72,,,,,,,,,43.31,37.54,33.59,12/4
542,77,2024,10,26,長水路,個人,13,50m背泳ぎ,女子,,,,,,65～69歳,6,石崎節代,女子,セ・南千住,50.22,,,,,,,,,43.31,37.54,33.59,12/9
543,77,2024,10,26,長水路,個人,13,50m背泳ぎ,女子,,,,,,65～69歳,7,櫻田琴,女子,セ・天王洲,51.38,,,,,,,,,43.31,37.54,33.59,10/7
544,77,2024,10,26,長水路,個人,13,50m背泳ぎ,女子,,,,,,65～69歳,8,関矢秀子,女子,セ・大宮宮原,51.94,,,,,,,,,43.31,37.54,33.59,11/5
545,77,2024,10,26,長水路,個人,13,50m背泳ぎ,女子,,,,,,65～69歳,9,江幡菜穂子,女子,クリーンスパ,52.21,,,,,,,,,43.31,37.54,33.59,10/1
546,77,2024,10,26,長水路,個人,13,50m背泳ぎ,女子,,,,,,65～69歳,10,原昌代,女子,セ・市ヶ尾,52.51,,,,,,,,,43.31,37.54,33.59,11/3
547,77,2024,10,26,長水路,個人,13,50m背泳ぎ,女子,,,,,,65～69歳,11,岡田美恵子,女子,セ・溝ノ口,52.99,,,,,,,,,43.31,37.54,33.59,11/1
548,77,2024,10,26,長水路,個人,13,50m背泳ぎ,女子,,,,,,65～69歳,12,掃部典子,女子,曽谷・セ,53.72,,,,,,,,,43.31,37.54,33.59,10/3
549,77,2024,10,26,長水路,個人,13,50m背泳ぎ,女子,,,,,,65～69歳,13,小笠原京子,女子,セ・流山,53.87,,,,,,,,,43.31,37.54,33.59,7/1
550,77,2024,10,26,長水路,個人,13,50m背泳ぎ,女子,,,,,,65～69歳,14,東海林慶美,女子,セ・蒲田,54.34,,,,,,,,,43.31,37.54,33.59,11/2
551,77,2024,10,26,長水路,個人,13,50m背泳ぎ,女子,,,,,,65～69歳,15,上松弘子,女子,セ・上池袋,55.12,,,,,,,,,43.31,37.54,33.59,10/5
552,77,2024,10,26,長水路,個人,13,50m背泳ぎ,女子,,,,,,65～69歳,16,宮原美穂,女子,セ・福生,57.12,,,,,,,,,43.31,37.54,33.59,6/5
553,77,2024,10,26,長水路,個人,13,50m背泳ぎ,女子,,,,,,65～69歳,17,新井瑞枝,女子,セ・流山,58.52,,,,,,,,,43.31,37.54,33.59,7/2
554,77,2024,10,26,長水路,個人,13,50m背泳ぎ,女子,,,,,,65～69歳,18,渡辺米子,女子,クリーンスパ,59.35,,,,,,,,,43.31,37.54,33.59,9/2
555,77,2024,10,26,長水路,個人,13,50m背泳ぎ,女子,,,,,,65～69歳,19,畠山眞由美,女子,セ・柏,1:00.87,,,,,,,,,43.31,37.54,33.59,8/7
556,77,2024,10,26,長水路,個人,13,50m背泳ぎ,女子,,,,,,65～69歳,20,須田菜奈子,女子,セ・桶川北本,1:02.77,,,,,,,,,43.31,37.54,33.59,7/10
557,77,2024,10,26,長水路,個人,13,50m背泳ぎ,女子,,,,,,65～69歳,,豊田典子,女子,セ・下北沢,,,,,,,,,,43.31,37.54,33.59,7/9
558,77,2024,10,26,長水路,個人,13,50m背泳ぎ,女子,,,,,,60～64歳,1,西井良子,女子,セ・福生,38.62,,,,,,,,,36.26,36.26,33.38,17/2
559,77,2024,10,26,長水路,個人,13,50m背泳ぎ,女子,,,,,,60～64歳,2,石井裕美,女子,セ・ときわ台,41.54,,,,,,,,,36.26,36.26,33.38,17/9
560,77,2024,10,26,長水路,個人,13,50m背泳ぎ,女子,,,,,,60～64歳,3,武井麻知子,女子,セ・二俣川,42.41,,,,,,,,,36.26,36.26,33.38,16/5
561,77,2024,10,26,長水路,個人,13,50m背泳ぎ,女子,,,,,,60～64歳,4,上野真弓,女子,セ・二俣川,44.33,,,,,,,,,36.26,36.26,33.38,16/7
562,77,2024,10,26,長水路,個人,13,50m背泳ぎ,女子,,,,,,60～64歳,5,茂櫛典子,女子,セ・成城,45.61,,,,,,,,,,,,14/7
563,77,2024,10,26,長水路,個人,13,50m背泳ぎ,女子,,,,,,60～64歳,6,吉川千晶,女子,Ｇ－ＳＰＡ,45.68,,,,,,,,,,,,15/4
564,77,2024,10,26,長水路,個人,13,50m背泳ぎ,女子,,,,,,60～64歳,7,佐藤明美,女子,セ・館山,46.45,,,,,,,,,,,,15/10
565,77,2024,10,26,長水路,個人,13,50m背泳ぎ,女子,,,,,,60～64歳,8,座間千鶴子,女子,ザバス八景,46.80,,,,,,,,,,,,14/3
566,77,2024,10,26,長水路,個人,13,50m背泳ぎ,女子,,,,,,60～64歳,9,高見沢ゆみ子,女子,セ・慶應日吉,47.49,,,,,,,,,,,,14/8
567,77,2024,10,26,長水路,個人,13,50m背泳ぎ,女子,,,,,,60～64歳,10,松田聡美,女子,セ・成城,47.71,,,,,,,,,,,,14/5
568,77,2024,10,26,長水路,個人,13,50m背泳ぎ,女子,,,,,,60～64歳,11,田村明美,女子,セ・慶應日吉,48.89,,,,,,,,,,,,12/6
569,77,2024,10,26,長水路,個人,13,50m背泳ぎ,女子,,,,,,60～64歳,12,大槻真由美,女子,セ・清瀬,49.70,,,,,,,,,,,,14/2
570,77,2024,10,26,長水路,個人,13,50m背泳ぎ,女子,,,,,,60～64歳,13,野崎由美子,女子,セ・おおたか,50.30,,,,,,,,,,,,11/8
571,77,2024,10,26,長水路,個人,13,50m背泳ぎ,女子,,,,,,60～64歳,14,神保清美,女子,セ・自由が丘,50.59,,,,,,,,,,,,12/7
572,77,2024,10,26,長水路,個人,13,50m背泳ぎ,女子,,,,,,60～64歳,15,相澤紋美,女子,セ・阿佐谷,51.74,,,,,,,,,,,,11/7
573,77,2024,10,26,長水路,個人,13,50m背泳ぎ,女子,,,,,,60～64歳,16,太刀岡早苗,女子,セ・市ヶ尾,54.44,,,,,,,,,,,,8/2
574,77,2024,10,26,長水路,個人,13,50m背泳ぎ,女子,,,,,,60～64歳,16,宮内麻里,女子,曽谷・セ,54.44,,,,,,,,,,,,12/10
575,77,2024,10,26,長水路,個人,13,50m背泳ぎ,女子,,,,,,60～64歳,18,津布楽美恵子,女子,セ・ときわ台,54.60,,,,,,,,,,,,6/10
576,77,2024,10,26,長水路,個人,13,50m背泳ぎ,女子,,,,,,60～64歳,19,吉野ひとみ,女子,セ・松戸,56.21,,,,,,,,,,,,10/10
577,77,2024,10,26,長水路,個人,13,50m背泳ぎ,女子,,,,,,60～64歳,20,三木純子,女子,セ・流山,56.50,,,,,,,,,,,,6/1
578,77,2024,10,26,長水路,個人,13,50m背泳ぎ,女子,,,,,,60～64歳,21,田中香苗,女子,セ・青砥,58.01,,,,,,,,,,,,9/1
579,77,2024,10,26,長水路,個人,13,50m背泳ぎ,女子,,,,,,60～64歳,22,原田由美子,女子,セ・慶應日吉,58.59,,,,,,,,,,,,8/3
580,77,2024,10,26,長水路,個人,13,50m背泳ぎ,女子,,,,,,60～64歳,23,榮真須美,女子,セ・慶應日吉,1:00.02,,,,,,,,,,,,8/8
581,77,2024,10,26,長水路,個人,13,50m背泳ぎ,女子,,,,,,60～64歳,24,菊池佐千代,女子,セ・流山,1:02.71,,,,,,,,,,,,4/10
582,77,2024,10,26,長水路,個人,13,50m背泳ぎ,女子,,,,,,55～59歳,1,仲田久美子,女子,セ・成城,40.48,,,,,,,,,35.76,33.60,31.99,17/1
583,77,2024,10,26,長水路,個人,13,50m背泳ぎ,女子,,,,,,55～59歳,2,八尋加苗,女子,セ・松戸,43.71,,,,,,,,,35.76,33.60,31.99,16/4
584,77,2024,10,26,長水路,個人,13,50m背泳ぎ,女子,,,,,,55～59歳,3,生田目則子,女子,セ・自由が丘,43.95,,,,,,,,,35.76,33.60,31.99,16/3
585,77,2024,10,26,長水路,個人,13,50m背泳ぎ,女子,,,,,,55～59歳,4,及川薫,女子,セ・松戸,45.39,,,,,,,,,35.76,33.60,31.99,15/6
586,77,2024,10,26,長水路,個人,13,50m背泳ぎ,女子,,,,,,55～59歳,5,小林のぞみ,女子,セ・越谷,45.79,,,,,,,,,35.76,33.60,31.99,13/7
587,77,2024,10,26,長水路,個人,13,50m背泳ぎ,女子,,,,,,55～59歳,6,中野朗子,女子,セ・慶應日吉,47.19,,,,,,,,,35.76,33.60,31.99,13/4
588,77,2024,10,26,長水路,個人,13,50m背泳ぎ,女子,,,,,,55～59歳,7,大野結実,女子,セ・横浜,48.59,,,,,,,,,35.76,33.60,31.99,13/8
589,77,2024,10,26,長水路,個人,13,50m背泳ぎ,女子,,,,,,55～59歳,8,小倉直美,女子,セ・清瀬,49.52,,,,,,,,,35.76,33.60,31.99,14/9
590,77,2024,10,26,長水路,個人,13,50m背泳ぎ,女子,,,,,,55～59歳,9,山本登美子,女子,セ・桶川北本,50.53,,,,,,,,,35.76,33.60,31.99,12/8
591,77,2024,10,26,長水路,個人,13,50m背泳ぎ,女子,,,,,,55～59歳,10,柳田喜代美,女子,セ・能見台,51.26,,,,,,,,,35.76,33.60,31.99,2/10
592,77,2024,10,26,長水路,個人,13,50m背泳ぎ,女子,,,,,,55～59歳,11,蔵屋由紀子,女子,セ・新川崎,56.35,,,,,,,,,35.76,33.60,31.99,9/7
593,77,2024,10,26,長水路,個人,13,50m背泳ぎ,女子,,,,,,55～59歳,12,日置睦,女子,セ・我孫子,1:02.55,,,,,,,,,35.76,33.60,31.99,2/1
594,77,2024,10,26,長水路,個人,13,50m背泳ぎ,女子,,,,,,50～54歳,1,舘野美香,女子,セ・目黒,36.39,,,,,,,,,32.51,32.51,31.59,19/1
595,77,2024,10,26,長水路,個人,13,50m背泳ぎ,女子,,,,,,50～54歳,2,梅澤亮子,女子,セ・桶川北本,36.69,,,,,,,,,32.51,32.51,31.59,18/6
596,77,2024,10,26,長水路,個人,13,50m背泳ぎ,女子,,,,,,50～54歳,3,浅尾有香,女子,セ・大森,37.59,,,,,,,,,32.51,32.51,31.59,17/6
597,77,2024,10,26,長水路,個人,13,50m背泳ぎ,女子,,,,,,50～54歳,4,佐々木美佐,女子,セ・平塚,38.81,,,,,,,,,32.51,32.51,31.59,18/8
598,77,2024,10,26,長水路,個人,13,50m背泳ぎ,女子,,,,,,50～54歳,5,棚網恵理,女子,セ・阿佐谷,40.44,,,,,,,,,32.51,32.51,31.59,17/5
599,77,2024,10,26,長水路,個人,13,50m背泳ぎ,女子,,,,,,50～54歳,6,菅原幸,女子,セ・トレッサ,40.60,,,,,,,,,32.51,32.51,31.59,17/3
600,77,2024,10,26,長水路,個人,13,50m背泳ぎ,女子,,,,,,50～54歳,7,友田智哲,女子,セ・南青山,40.73,,,,,,,,,32.51,32.51,31.59,16/8
601,77,2024,10,26,長水路,個人,13,50m背泳ぎ,女子,,,,,,50～54歳,8,森直子,女子,セ・成城,43.46,,,,,,,,,32.51,32.51,31.59,16/2
602,77,2024,10,26,長水路,個人,13,50m背泳ぎ,女子,,,,,,50～54歳,9,吉岡智子,女子,セ・新都心,44.49,,,,,,,,,32.51,32.51,31.59,16/10
603,77,2024,10,26,長水路,個人,13,50m背泳ぎ,女子,,,,,,50～54歳,10,佐藤洋子,女子,セ・成城,45.55,,,,,,,,,32.51,32.51,31.59,15/7
604,77,2024,10,26,長水路,個人,13,50m背泳ぎ,女子,,,,,,50～54歳,11,北瀬あづさ,女子,セ・市ヶ尾,46.77,,,,,,,,,32.51,32.51,31.59,13/2
605,77,2024,10,26,長水路,個人,13,50m背泳ぎ,女子,,,,,,50～54歳,12,捶井泰子,女子,セ・用賀,47.96,,,,,,,,,32.51,32.51,31.59,15/9
606,77,2024,10,26,長水路,個人,13,50m背泳ぎ,女子,,,,,,50～54歳,13,糸川永利子,女子,セ・用賀,48.78,,,,,,,,,32.51,32.51,31.59,13/3
607,77,2024,10,26,長水路,個人,13,50m背泳ぎ,女子,,,,,,50～54歳,14,森川佳奈子,女子,クリーンスパ,49.57,,,,,,,,,32.51,32.51,31.59,14/10
608,77,2024,10,26,長水路,個人,13,50m背泳ぎ,女子,,,,,,50～54歳,15,比留川美緒,女子,セ・平塚,50.73,,,,,,,,,32.51,32.51,31.59,8/1
609,77,2024,10,26,長水路,個人,13,50m背泳ぎ,女子,,,,,,50～54歳,16,小川史枝,女子,セ・越谷LT,55.09,,,,,,,,,32.51,32.51,31.59,10/2
610,77,2024,10,26,長水路,個人,13,50m背泳ぎ,女子,,,,,,50～54歳,17,村岡貴子,女子,セ・桶川北本,56.43,,,,,,,,,32.51,32.51,31.59,8/9
611,77,2024,10,26,長水路,個人,13,50m背泳ぎ,女子,,,,,,50～54歳,18,片岡久美子,女子,セ・茂原,59.41,,,,,,,,,32.51,32.51,31.59,13/9
612,77,2024,10,26,長水路,個人,13,50m背泳ぎ,女子,,,,,,50～54歳,19,久保洋子,女子,セ・流山,1:10.83,,,,,,,,,32.51,32.51,31.59,3/7
613,77,2024,10,26,長水路,個人,13,50m背泳ぎ,女子,,,,,,45～49歳,1,片岡祥子,女子,セ・千葉みなと,36.34,,,,,,,,,34.69,31.38,31.02,19/10
614,77,2024,10,26,長水路,個人,13,50m背泳ぎ,女子,,,,,,45～49歳,2,坂本桃枝,女子,Ｇ－ＳＰＡ,37.33,,,,,,,,,34.69,31.38,31.02,18/9
615,77,2024,10,26,長水路,個人,13,50m背泳ぎ,女子,,,,,,45～49歳,3,青山里香,女子,セ・成瀬,38.05,,,,,,,,,34.69,31.38,31.02,18/2
616,77,2024,10,26,長水路,個人,13,50m背泳ぎ,女子,,,,,,45～49歳,4,木村美佐子,女子,セ・南宇都宮,38.52,,,,,,,,,34.69,31.38,31.02,15/5
617,77,2024,10,26,長水路,個人,13,50m背泳ぎ,女子,,,,,,45～49歳,5,栗山貴子,女子,セ・武蔵小杉,39.75,,,,,,,,,34.69,31.38,31.02,17/8
618,77,2024,10,26,長水路,個人,13,50m背泳ぎ,女子,,,,,,45～49歳,6,関康代,女子,セ・宇都宮,43.25,,,,,,,,,34.69,31.38,31.02,13/1
619,77,2024,10,26,長水路,個人,13,50m背泳ぎ,女子,,,,,,45～49歳,7,草野茜,女子,セ・二俣川,44.06,,,,,,,,,34.69,31.38,31.02,17/10
620,77,2024,10,26,長水路,個人,13,50m背泳ぎ,女子,,,,,,45～49歳,8,高橋麻子,女子,セ・市ヶ尾,44.30,,,,,,,,,34.69,31.38,31.02,15/3
621,77,2024,10,26,長水路,個人,13,50m背泳ぎ,女子,,,,,,45～49歳,9,高橋里美,女子,セ・横浜,1:00.24,,,,,,,,,34.69,31.38,31.02,8/10
622,77,2024,10,26,長水路,個人,13,50m背泳ぎ,女子,,,,,,40～44歳,1,永田加那子,女子,セ・葛西,38.22,,,,,,,,,34.00,31.04,29.62,19/2
623,77,2024,10,26,長水路,個人,13,50m背泳ぎ,女子,,,,,,40～44歳,2,小野真佐子,女子,セ・阿佐谷,39.47,,,,,,,,,34.00,31.04,29.62,18/1
624,77,2024,10,26,長水路,個人,13,50m背泳ぎ,女子,,,,,,40～44歳,3,小高麻衣子,女子,セ・市川,46.44,,,,,,,,,34.00,31.04,29.62,16/1
625,77,2024,10,26,長水路,個人,13,50m背泳ぎ,女子,,,,,,40～44歳,4,吉田瑠夏,女子,曽谷・セ,48.85,,,,,,,,,,,,14/1
626,77,2024,10,26,長水路,個人,13,50m背泳ぎ,女子,,,,,,40～44歳,5,小山内詔子,女子,セ・下北沢,57.72,,,,,,,,,,,,9/8
627,77,2024,10,26,長水路,個人,13,50m背泳ぎ,女子,,,,,,35～39歳,1,中畑眸,女子,セ・成城,40.45,,,,,,,,,34.03,30.26,28.63,17/4
628,77,2024,10,26,長水路,個人,13,50m背泳ぎ,女子,,,,,,35～39歳,2,萩原ゆりか,女子,セ・天王洲,40.92,,,,,,,,,34.03,30.26,28.63,18/10
629,77,2024,10,26,長水路,個人,13,50m背泳ぎ,女子,,,,,,35～39歳,3,李鎬善,女子,セ・目黒,47.63,,,,,,,,,34.03,30.26,28.63,15/8
630,77,2024,10,26,長水路,個人,13,50m背泳ぎ,女子,,,,,,35～39歳,4,國政玲,女子,セ・南青山,55.22,,,,,,,,,34.03,30.26,28.63,10/8
631,77,2024,10,26,長水路,個人,13,50m背泳ぎ,女子,,,,,,30～34歳,1,田中志歩,女子,セ・大森,35.63,,,,,,,,,32.95,28.86,28.57,19/8
632,77,2024,10,26,長水路,個人,13,50m背泳ぎ,女子,,,,,,30～34歳,2,柳美希,女子,セ・松戸,41.56,,,,,,,,,32.95,28.86,28.57,15/2
633,77,2024,10,26,長水路,個人,13,50m背泳ぎ,女子,,,,,,30～34歳,3,高橋未沙,女子,セ・おおたか,46.64,,,,,,,,,32.95,28.86,28.57,13/10
634,77,2024,10,26,長水路,個人,13,50m背泳ぎ,女子,,,,,,30～34歳,4,角田優佳里,女子,セ・青砥,46.84,,,,,,,,,32.95,28.86,28.57,12/1
635,77,2024,10,26,長水路,個人,13,50m背泳ぎ,女子,,,,,,25～29歳,1,岡澤志織,女子,セ・茂原,31.83,,,,,,,,TRUE,32.05,28.99,28.39,19/6
636,77,2024,10,26,長水路,個人,13,50m背泳ぎ,女子,,,,,,25～29歳,2,仲田笑美,女子,セ・成城,35.20,,,,,,,,,32.05,28.99,28.39,19/3
637,77,2024,10,26,長水路,個人,13,50m背泳ぎ,女子,,,,,,25～29歳,3,高橋美波,女子,セ・武蔵小杉,35.41,,,,,,,,,32.05,28.99,28.39,18/4
638,77,2024,10,26,長水路,個人,13,50m背泳ぎ,女子,,,,,,25～29歳,4,石井理桜子,女子,セ・市川,38.77,,,,,,,,,32.05,28.99,28.39,18/7
639,77,2024,10,26,長水路,個人,13,50m背泳ぎ,女子,,,,,,18～24歳,1,君島凜香,女子,セ・おおたか,32.91,,,,,,,,,31.94,,,19/7
640,77,2024,10,26,長水路,個人,13,50m背泳ぎ,女子,,,,,,18～24歳,2,高﨑優奈,女子,セ・清瀬,33.14,,,,,,,,,31.94,,,19/5
641,77,2024,10,26,長水路,個人,13,50m背泳ぎ,女子,,,,,,18～24歳,3,竜野萌,女子,セ・自由が丘,34.67,,,,,,,,,31.94,,,18/3
642,77,2024,10,26,長水路,個人,13,50m背泳ぎ,女子,,,,,,18～24歳,4,遠藤優奈,女子,セ・新都心,34.71,,,,,,,,,31.94,,,19/4
643,77,2024,10,26,長水路,個人,13,50m背泳ぎ,女子,,,,,,18～24歳,5,表侑寿,女子,セ・二俣川,35.09,,,,,,,,,31.94,,,19/9
644,77,2024,10,26,長水路,個人,13,50m背泳ぎ,女子,,,,,,18～24歳,6,長崎千怜,女子,セ・長津田,35.13,,,,,,,,,31.94,,,18/5
645,77,2024,10,26,長水路,個人,13,50m背泳ぎ,女子,,,,,,18～24歳,7,伊藤愛羅,女子,セ・八王子,38.72,,,,,,,,,31.94,,,17/7
646,77,2024,10,26,長水路,個人,13,50m背泳ぎ,女子,,,,,,18～24歳,8,皆川すみれ,女子,セ・南青山,44.04,,,,,,,,,31.94,,,16/9
647,77,2024,10,26,長水路,個人,14,50m背泳ぎ,男子,,,,,,80～84歳,1,谷口治典,男子,セ・久喜,52.21,,,,,,,,,42.72,38.16,36.83,3/5
648,77,2024,10,26,長水路,個人,14,50m背泳ぎ,男子,,,,,,80～84歳,2,石川守也,男子,セ・市川,52.99,,,,,,,,,42.72,38.16,36.83,2/5
649,77,2024,10,26,長水路,個人,14,50m背泳ぎ,男子,,,,,,80～84歳,3,中村欣正,男子,セ・流山,1:00.79,,,,,,,,,42.72,38.16,36.83,3/6
650,77,2024,10,26,長水路,個人,14,50m背泳ぎ,男子,,,,,,80～84歳,4,丸本芳郎,男子,ザバス鶴見,1:02.74,,,,,,,,,42.72,38.16,36.83,1/3
651,77,2024,10,26,長水路,個人,14,50m背泳ぎ,男子,,,,,,80～84歳,5,増山晶一,男子,セ・下北沢,1:10.47,,,,,,,,,42.72,38.16,36.83,1/8
652,77,2024,10,26,長水路,個人,14,50m背泳ぎ,男子,,,,,,75～79歳,1,吉田亮,男子,セ・成城,42.97,,,,,,,,,41.77,36.38,34.45,4/6
653,77,2024,10,26,長水路,個人,14,50m背泳ぎ,男子,,,,,,75～79歳,2,丸喜章,男子,セ・茂原,49.73,,,,,,,,,41.77,36.38,34.45,4/9
654,77,2024,10,26,長水路,個人,14,50m背泳ぎ,男子,,,,,,75～79歳,3,田中信夫,男子,セ・越谷,49.78,,,,,,,,,41.77,36.38,34.45,4/1
655,77,2024,10,26,長水路,個人,14,50m背泳ぎ,男子,,,,,,75～79歳,4,大内洋,男子,セ・葛西,54.30,,,,,,,,,41.77,36.38,34.45,2/6
656,77,2024,10,26,長水路,個人,14,50m背泳ぎ,男子,,,,,,75～79歳,5,瀧下敏和,男子,セ・志木,54.41,,,,,,,,,41.77,36.38,34.45,2/7
657,77,2024,10,26,長水路,個人,14,50m背泳ぎ,男子,,,,,,75～79歳,6,松永勝,男子,セ・おおたか,58.23,,,,,,,,,41.77,36.38,34.45,1/4
658,77,2024,10,26,長水路,個人,14,50m背泳ぎ,男子,,,,,,75～79歳,7,伴野保志,男子,セ・阿佐谷,59.66,,,,,,,,,41.77,36.38,34.45,2/3
659,77,2024,10,26,長水路,個人,14,50m背泳ぎ,男子,,,,,,75～79歳,8,神保伸幸,男子,セ・南青山,1:06.29,,,,,,,,,41.77,36.38,34.45,2/8
660,77,2024,10,26,長水路,個人,14,50m背泳ぎ,男子,,,,,,70～74歳,1,鈴木幹男,男子,セ・我孫子,43.64,,,,,,,,,39.43,35.83,33.16,5/1
661,77,2024,10,26,長水路,個人,14,50m背泳ぎ,男子,,,,,,70～74歳,2,吉村進,男子,セ・阿佐谷,45.27,,,,,,,,,39.43,35.83,33.16,4/3
662,77,2024,10,26,長水路,個人,14,50m背泳ぎ,男子,,,,,,70～74歳,3,常山賢二,男子,曽谷・セ,49.30,,,,,,,,,39.43,35.83,33.16,4/10
663,77,2024,10,26,長水路,個人,14,50m背泳ぎ,男子,,,,,,70～74歳,4,宇佐美栄二,男子,セ・阿佐谷,53.03,,,,,,,,,39.43,35.83,33.16,3/1
664,77,2024,10,26,長水路,個人,14,50m背泳ぎ,男子,,,,,,70～74歳,5,浅野唯男,男子,セ・志木,55.93,,,,,,,,,39.43,35.83,33.16,2/4
665,77,2024,10,26,長水路,個人,14,50m背泳ぎ,男子,,,,,,70～74歳,6,山田幸男,男子,セ・南千住,59.72,,,,,,,,,39.43,35.83,33.16,1/6
666,77,2024,10,26,長水路,個人,14,50m背泳ぎ,男子,,,,,,65～69歳,1,冨松実,男子,セ・二俣川,38.88,,,,,,,,,38.09,33.24,30.95,6/9
667,77,2024,10,26,長水路,個人,14,50m背泳ぎ,男子,,,,,,65～69歳,2,臼井全人,男子,セ・大宮宮原,43.72,,,,,,,,,38.09,33.24,30.95,5/9
668,77,2024,10,26,長水路,個人,14,50m背泳ぎ,男子,,,,,,65～69歳,3,西森文史郎,男子,セ・長津田,47.16,,,,,,,,,38.09,33.24,30.95,5/10
669,77,2024,10,26,長水路,個人,14,50m背泳ぎ,男子,,,,,,60～64歳,1,下家成人,男子,セ・二俣川,35.22,,,,,,,,,34.85,31.94,30.46,7/5
670,77,2024,10,26,長水路,個人,14,50m背泳ぎ,男子,,,,,,60～64歳,2,和田浩一,男子,セ・用賀,37.51,,,,,,,,,34.85,31.94,30.46,6/2
671,77,2024,10,26,長水路,個人,14,50m背泳ぎ,男子,,,,,,60～64歳,3,村木満,男子,セ・トレッサ,40.99,,,,,,,,,,,,7/7
672,77,2024,10,26,長水路,個人,14,50m背泳ぎ,男子,,,,,,60～64歳,4,浦田昌和,男子,セ・成城,47.39,,,,,,,,,,,,4/2
673,77,2024,10,26,長水路,個人,14,50m背泳ぎ,男子,,,,,,60～64歳,5,蛯名昌彦,男子,セ・志木,47.63,,,,,,,,,,,,3/9
674,77,2024,10,26,長水路,個人,14,50m背泳ぎ,男子,,,,,,60～64歳,6,岡部浩次,男子,セ・上池袋,54.83,,,,,,,,,,,,3/10
675,77,2024,10,26,長水路,個人,14,50m背泳ぎ,男子,,,,,,55～59歳,1,小倉秀和,男子,セ・清瀬,36.25,,,,,,,,,33.15,30.09,29.03,7/3
676,77,2024,10,26,長水路,個人,14,50m背泳ぎ,男子,,,,,,55～59歳,2,杉原祥之,男子,ザバス鶴見,36.36,,,,,,,,,33.15,30.09,29.03,7/2
677,77,2024,10,26,長水路,個人,14,50m背泳ぎ,男子,,,,,,55～59歳,3,久保卓士,男子,セ・天王洲,38.05,,,,,,,,,33.15,30.09,29.03,6/5
678,77,2024,10,26,長水路,個人,14,50m背泳ぎ,男子,,,,,,55～59歳,4,中津海全士,男子,セ・Ｓ湘南台,39.20,,,,,,,,,33.15,30.09,29.03,7/10
679,77,2024,10,26,長水路,個人,14,50m背泳ぎ,男子,,,,,,55～59歳,5,宮川則仁,男子,セ・大宮宮原,40.35,,,,,,,,,33.15,30.09,29.03,6/6
680,77,2024,10,26,長水路,個人,14,50m背泳ぎ,男子,,,,,,55～59歳,6,新井良育,男子,セ・市ヶ尾,40.61,,,,,,,,,33.15,30.09,29.03,5/5
681,77,2024,10,26,長水路,個人,14,50m背泳ぎ,男子,,,,,,55～59歳,7,福田剛紀,男子,Ｇ－ＳＰＡ,42.13,,,,,,,,,33.15,30.09,29.03,5/2
682,77,2024,10,26,長水路,個人,14,50m背泳ぎ,男子,,,,,,55～59歳,8,温井芳浩,男子,セ・谷津,44.43,,,,,,,,,33.15,30.09,29.03,4/8
683,77,2024,10,26,長水路,個人,14,50m背泳ぎ,男子,,,,,,55～59歳,9,高橋潤,男子,セ・成瀬,48.29,,,,,,,,,33.15,30.09,29.03,3/4
684,77,2024,10,26,長水路,個人,14,50m背泳ぎ,男子,,,,,,55～59歳,10,日暮正明,男子,セ・天王洲,49.78,,,,,,,,,33.15,30.09,29.03,3/3
685,77,2024,10,26,長水路,個人,14,50m背泳ぎ,男子,,,,,,50～54歳,1,田窪達,男子,セ・市ヶ尾,31.01,,,,,,,,,30.33,29.16,28.20,9/4
686,77,2024,10,26,長水路,個人,14,50m背泳ぎ,男子,,,,,,50～54歳,2,河野悟,男子,セ・慶應日吉,32.85,,,,,,,,,30.33,29.16,28.20,9/2
687,77,2024,10,26,長水路,個人,14,50m背泳ぎ,男子,,,,,,50～54歳,3,中村良樹,男子,セ・武蔵小杉,34.10,,,,,,,,,30.33,29.16,28.20,8/8
688,77,2024,10,26,長水路,個人,14,50m背泳ぎ,男子,,,,,,50～54歳,4,長野三郎,男子,セ・千葉みなと,34.21,,,,,,,,,30.33,29.16,28.20,8/5
689,77,2024,10,26,長水路,個人,14,50m背泳ぎ,男子,,,,,,50～54歳,5,内藤充,男子,セ・新川崎,34.97,,,,,,,,,30.33,29.16,28.20,7/6
690,77,2024,10,26,長水路,個人,14,50m背泳ぎ,男子,,,,,,50～54歳,6,新井田将司,男子,セ・トレッサ,36.56,,,,,,,,,30.33,29.16,28.20,7/1
691,77,2024,10,26,長水路,個人,14,50m背泳ぎ,男子,,,,,,50～54歳,7,柄澤英也,男子,セ・用賀,36.86,,,,,,,,,30.33,29.16,28.20,7/8
692,77,2024,10,26,長水路,個人,14,50m背泳ぎ,男子,,,,,,50～54歳,8,荒井正明,男子,セ・八千代台,37.44,,,,,,,,,30.33,29.16,28.20,6/4
693,77,2024,10,26,長水路,個人,14,50m背泳ぎ,男子,,,,,,50～54歳,9,岡村勝重,男子,セ・長津田,38.56,,,,,,,,,30.33,29.16,28.20,7/9
694,77,2024,10,26,長水路,個人,14,50m背泳ぎ,男子,,,,,,50～54歳,10,松本考弘,男子,セ・清瀬,43.70,,,,,,,,,30.33,29.16,28.20,6/3
695,77,2024,10,26,長水路,個人,14,50m背泳ぎ,男子,,,,,,50～54歳,11,廣瀬淳一,男子,セ・トレッサ,43.83,,,,,,,,,30.33,29.16,28.20,4/5
696,77,2024,10,26,長水路,個人,14,50m背泳ぎ,男子,,,,,,50～54歳,12,山本英男,男子,セ・大宮宮原,44.11,,,,,,,,,30.33,29.16,28.20,4/4
697,77,2024,10,26,長水路,個人,14,50m背泳ぎ,男子,,,,,,50～54歳,13,青木正昭,男子,セ・福生,46.56,,,,,,,,,30.33,29.16,28.20,3/8
698,77,2024,10,26,長水路,個人,14,50m背泳ぎ,男子,,,,,,45～49歳,1,山岡拓馬,男子,セ・清瀬,28.31,,,,,,,,TRUE,28.42,27.86,27.56,9/5
699,77,2024,10,26,長水路,個人,14,50m背泳ぎ,男子,,,,,,45～49歳,2,長谷川仁,男子,セ・南千住,33.95,,,,,,,,,,,,8/3
700,77,2024,10,26,長水路,個人,14,50m背泳ぎ,男子,,,,,,45～49歳,3,小室秀幸,男子,セ・八王子,34.60,,,,,,,,,,,,6/8
701,77,2024,10,26,長水路,個人,14,50m背泳ぎ,男子,,,,,,45～49歳,4,栗原大輔,男子,セ・成瀬,38.71,,,,,,,,,,,,5/3
702,77,2024,10,26,長水路,個人,14,50m背泳ぎ,男子,,,,,,45～49歳,5,若杉佳宏,男子,セ・阿佐谷,40.34,,,,,,,,,,,,5/6
703,77,2024,10,26,長水路,個人,14,50m背泳ぎ,男子,,,,,,45～49歳,6,菅原弘貴,男子,セ・福生,40.82,,,,,,,,,,,,5/4
704,77,2024,10,26,長水路,個人,14,50m背泳ぎ,男子,,,,,,45～49歳,7,浅野亮介,男子,セ・新都心,40.92,,,,,,,,,,,,4/7
705,77,2024,10,26,長水路,個人,14,50m背泳ぎ,男子,,,,,,40～44歳,1,大窪康治,男子,セ・清瀬,30.52,,,,,,,,,28.54,27.30,27.13,8/6
706,77,2024,10,26,長水路,個人,14,50m背泳ぎ,男子,,,,,,40～44歳,2,寺田貴洋,男子,セ・二俣川,30.70,,,,,,,,,28.54,27.30,27.13,9/8
707,77,2024,10,26,長水路,個人,14,50m背泳ぎ,男子,,,,,,40～44歳,3,棚網宏之,男子,セ・阿佐谷,31.51,,,,,,,,,28.54,27.30,27.13,9/7
708,77,2024,10,26,長水路,個人,14,50m背泳ぎ,男子,,,,,,40～44歳,4,川瀬健次,男子,セ・大宮宮原,34.28,,,,,,,,,28.54,27.30,27.13,9/10
709,77,2024,10,26,長水路,個人,14,50m背泳ぎ,男子,,,,,,40～44歳,5,菱川亮太,男子,セ・市ヶ尾,37.05,,,,,,,,,28.54,27.30,27.13,6/10
710,77,2024,10,26,長水路,個人,14,50m背泳ぎ,男子,,,,,,35～39歳,1,鈴木遼,男子,セ・二俣川,36.25,,,,,,,,,28.14,26.27,26.04,8/9
711,77,2024,10,26,長水路,個人,14,50m背泳ぎ,男子,,,,,,35～39歳,2,木村考太,男子,セ・市ヶ尾,38.17,,,,,,,,,28.14,26.27,26.04,6/1
712,77,2024,10,26,長水路,個人,14,50m背泳ぎ,男子,,,,,,30～34歳,1,土居秀雅,男子,セ・成瀬,32.50,,,,,,,,,27.32,26.29,25.53,9/9
713,77,2024,10,26,長水路,個人,14,50m背泳ぎ,男子,,,,,,30～34歳,2,杉山大亜,男子,セ・二俣川,34.95,,,,,,,,,27.32,26.29,25.53,8/7
714,77,2024,10,26,長水路,個人,14,50m背泳ぎ,男子,,,,,,25～29歳,1,中村翼,男子,セ・天王洲,29.33,,,,,,,,,26.58,25.94,25.44,9/6
715,77,2024,10,26,長水路,個人,14,50m背泳ぎ,男子,,,,,,18～24歳,1,廣川大起,男子,セ・柏,30.44,,,,,,,,,27.77,,,9/1
716,77,2024,10,26,長水路,個人,14,50m背泳ぎ,男子,,,,,,18～24歳,2,田中啓二朗,男子,セ・二俣川,32.75,,,,,,,,,27.77,,,9/3
717,77,2024,10,26,長水路,個人,14,50m背泳ぎ,男子,,,,,,18～24歳,3,南里輝,男子,セ・蒲田,33.66,,,,,,,,,27.77,,,8/10
718,77,2024,10,26,長水路,個人,14,50m背泳ぎ,男子,,,,,,18～24歳,4,岩崎伊吹,男子,セ・おおたか,35.10,,,,,,,,,27.77,,,7/4
719,77,2024,10,26,長水路,個人,14,50m背泳ぎ,男子,,,,,,18～24歳,5,加藤慎梧,男子,ザバス川崎,45.95,,,,,,,,,27.77,,,5/8
720,77,2024,10,26,長水路,個人,15,50m自由形,女子,,,,,,90～94歳,1,鈴木静江,女子,クリーンスパ,1:08.70,,,,,,,,,,51.68,45.44,2/4
721,77,2024,10,26,長水路,個人,15,50m自由形,女子,,,,,,85～89歳,1,田中もみぢ,女子,セ・おおたか,49.60,,,,,,,,,44.13,38.89,38.89,8/4
722,77,2024,10,26,長水路,個人,15,50m自由形,女子,,,,,,85～89歳,2,須山順子,女子,セ・松戸,51.63,,,,,,,,,44.13,38.89,38.89,8/7
723,77,2024,10,26,長水路,個人,15,50m自由形,女子,,,,,,80～84歳,1,八田清子,女子,セ・松戸,45.08,,,,,,,,,41.40,36.61,36.61,13/2
724,77,2024,10,26,長水路,個人,15,50m自由形,女子,,,,,,80～84歳,2,田神洋子,女子,セ・トレッサ,50.92,,,,,,,,,41.40,36.61,36.61,7/7
725,77,2024,10,26,長水路,個人,15,50m自由形,女子,,,,,,80～84歳,3,新井昭代,女子,セ・東十条,51.53,,,,,,,,,41.40,36.61,36.61,8/3
726,77,2024,10,26,長水路,個人,15,50m自由形,女子,,,,,,80～84歳,4,小野洋子,女子,セ・我孫子,52.34,,,,,,,,,41.40,36.61,36.61,3/9
727,77,2024,10,26,長水路,個人,15,50m自由形,女子,,,,,,80～84歳,5,御手洗ヨシ,女子,CS南行徳,53.78,,,,,,,,,41.40,36.61,36.61,9/1
728,77,2024,10,26,長水路,個人,15,50m自由形,女子,,,,,,80～84歳,6,武藤治子,女子,セ・二俣川,55.22,,,,,,,,,41.40,36.61,36.61,1/8
729,77,2024,10,26,長水路,個人,15,50m自由形,女子,,,,,,80～84歳,7,倉元恵子,女子,セ・館山,56.53,,,,,,,,,41.40,36.61,36.61,3/5
730,77,2024,10,26,長水路,個人,15,50m自由形,女子,,,,,,80～84歳,8,大浜南海江,女子,セ・目黒,1:00.49,,,,,,,,,41.40,36.61,36.61,3/2
731,77,2024,10,26,長水路,個人,15,50m自由形,女子,,,,,,80～84歳,9,田中瑛子,女子,セ・大宮宮原,1:03.98,,,,,,,,,41.40,36.61,36.61,9/5
732,77,2024,10,26,長水路,個人,15,50m自由形,女子,,,,,,80～84歳,10,相澤和子,女子,セ・新都心,1:05.19,,,,,,,,,41.40,36.61,36.61,2/5
733,77,2024,10,26,長水路,個人,15,50m自由形,女子,,,,,,80～84歳,11,加藤直子,女子,セ・横浜,1:22.54,,,,,,,,,41.40,36.61,36.61,1/7
734,77,2024,10,26,長水路,個人,15,50m自由形,女子,,,,,,75～79歳,1,滋野好子,女子,セ・前橋,44.08,,,,,,,,,40.60,35.90,34.11,16/4
735,77,2024,10,26,長水路,個人,15,50m自由形,女子,,,,,,75～79歳,2,古旗美鈴,女子,セ・上池袋,45.75,,,,,,,,,40.60,35.90,34.11,9/10
736,77,2024,10,26,長水路,個人,15,50m自由形,女子,,,,,,75～79歳,3,中村敬子,女子,セ・府中,46.56,,,,,,,,,40.60,35.90,34.11,4/5
737,77,2024,10,26,長水路,個人,15,50m自由形,女子,,,,,,75～79歳,4,藤井一恵,女子,セ・大森,47.43,,,,,,,,,40.60,35.90,34.11,5/2
738,77,2024,10,26,長水路,個人,15,50m自由形,女子,,,,,,75～79歳,5,川口栄子,女子,セ・松戸,48.27,,,,,,,,,40.60,35.90,34.11,12/7
739,77,2024,10,26,長水路,個人,15,50m自由形,女子,,,,,,75～79歳,6,坂本光子,女子,セ・越谷,48.58,,,,,,,,,40.60,35.90,34.11,6/4
740,77,2024,10,26,長水路,個人,15,50m自由形,女子,,,,,,75～79歳,7,岡田啓子,女子,セ・桶川北本,49.16,,,,,,,,,40.60,35.90,34.11,5/3
741,77,2024,10,26,長水路,個人,15,50m自由形,女子,,,,,,75～79歳,8,吉田三枝子,女子,墨田区体育館,49.18,,,,,,,,,40.60,35.90,34.11,8/2
742,77,2024,10,26,長水路,個人,15,50m自由形,女子,,,,,,75～79歳,9,星幸恵,女子,クリーンスパ,50.24,,,,,,,,,40.60,35.90,34.11,9/9
743,77,2024,10,26,長水路,個人,15,50m自由形,女子,,,,,,75～79歳,10,松永タズヨ,女子,セ・おおたか,50.30,,,,,,,,,40.60,35.90,34.11,8/9
744,77,2024,10,26,長水路,個人,15,50m自由形,女子,,,,,,75～79歳,11,川島かよ子,女子,セ・天王洲,51.19,,,,,,,,,40.60,35.90,34.11,6/1
745,77,2024,10,26,長水路,個人,15,50m自由形,女子,,,,,,75～79歳,12,山本まり子,女子,セ・能見台,52.19,,,,,,,,,40.60,35.90,34.11,6/5
746,77,2024,10,26,長水路,個人,15,50m自由形,女子,,,,,,75～79歳,13,諸橋暁子,女子,曽谷・セ,52.41,,,,,,,,,40.60,35.90,34.11,4/2
747,77,2024,10,26,長水路,個人,15,50m自由形,女子,,,,,,75～79歳,14,田村俊子,女子,セ・館山,52.82,,,,,,,,,40.60,35.90,34.11,6/6
748,77,2024,10,26,長水路,個人,15,50m自由形,女子,,,,,,75～79歳,15,小島律子,女子,セ・谷津,53.44,,,,,,,,,,,,7/4
749,77,2024,10,26,長水路,個人,15,50m自由形,女子,,,,,,75～79歳,16,古田美智子,女子,セ・自由が丘,55.34,,,,,,,,,,,,8/8
750,77,2024,10,26,長水路,個人,15,50m自由形,女子,,,,,,75～79歳,17,中田和子,女子,セ・越谷,57.23,,,,,,,,,,,,1/3
751,77,2024,10,26,長水路,個人,15,50m自由形,女子,,,,,,75～79歳,18,柴田千代子,女子,セ・天王洲,58.46,,,,,,,,,,,,4/4
752,77,2024,10,26,長水路,個人,15,50m自由形,女子,,,,,,75～79歳,19,山口英子,女子,セ・流山,1:02.11,,,,,,,,,,,,1/5
753,77,2024,10,26,長水路,個人,15,50m自由形,女子,,,,,,75～79歳,20,染谷敏子,女子,セ・天王洲,1:07.48,,,,,,,,,,,,1/6
754,77,2024,10,26,長水路,個人,15,50m自由形,女子,,,,,,70～74歳,1,青木華世子,女子,セ・松戸,38.08,,,,,,,,,37.31,33.61,30.73,23/3
755,77,2024,10,26,長水路,個人,15,50m自由形,女子,,,,,,70～74歳,2,原田岳美,女子,セ・藤沢,38.35,,,,,,,,,37.31,33.61,30.73,20/5
756,77,2024,10,26,長水路,個人,15,50m自由形,女子,,,,,,70～74歳,3,後藤明美,女子,セ・天王洲,40.14,,,,,,,,,37.31,33.61,30.73,9/3
757,77,2024,10,26,長水路,個人,15,50m自由形,女子,,,,,,70～74歳,4,舛尾妃呂子,女子,セ・稲毛海岸,42.08,,,,,,,,,37.31,33.61,30.73,17/5
758,77,2024,10,26,長水路,個人,15,50m自由形,女子,,,,,,70～74歳,5,松村恵子,女子,セ・葛西,42.73,,,,,,,,,37.31,33.61,30.73,18/8
759,77,2024,10,26,長水路,個人,15,50m自由形,女子,,,,,,70～74歳,6,村上美晴,女子,セ・東十条,43.10,,,,,,,,,37.31,33.61,30.73,12/6
760,77,2024,10,26,長水路,個人,15,50m自由形,女子,,,,,,70～74歳,7,大久保祐美子,女子,セ・おおたか,43.25,,,,,,,,,37.31,33.61,30.73,14/6
761,77,2024,10,26,長水路,個人,15,50m自由形,女子,,,,,,70～74歳,8,齊藤たか子,女子,ザバス川崎,43.67,,,,,,,,,37.31,33.61,30.73,9/7
762,77,2024,10,26,長水路,個人,15,50m自由形,女子,,,,,,70～74歳,9,清水裕子,女子,セ・二俣川,43.72,,,,,,,,,37.31,33.61,30.73,14/5
763,77,2024,10,26,長水路,個人,15,50m自由形,女子,,,,,,70～74歳,10,石塚孝子,女子,セ・志木,44.10,,,,,,,,,37.31,33.61,30.73,18/3
764,77,2024,10,26,長水路,個人,15,50m自由形,女子,,,,,,70～74歳,11,水谷裕子,女子,セ・西新井,44.46,,,,,,,,,37.31,33.61,30.73,16/6
765,77,2024,10,26,長水路,個人,15,50m自由形,女子,,,,,,70～74歳,12,梅田栄己子,女子,セ・天王洲,44.66,,,,,,,,,37.31,33.61,30.73,11/7
766,77,2024,10,26,長水路,個人,15,50m自由形,女子,,,,,,70～74歳,13,見崎幸子,女子,墨田区体育館,44.71,,,,,,,,,37.31,33.61,30.73,12/5
767,77,2024,10,26,長水路,個人,15,50m自由形,女子,,,,,,70～74歳,14,市野克子,女子,セ・大森,45.54,,,,,,,,,37.31,33.61,30.73,17/9
768,77,2024,10,26,長水路,個人,15,50m自由形,女子,,,,,,70～74歳,15,崎山治子,女子,セ・用賀,47.09,,,,,,,,,37.31,33.61,30.73,11/3
769,77,2024,10,26,長水路,個人,15,50m自由形,女子,,,,,,70～74歳,16,樋口孝子,女子,セ・阿佐谷,47.31,,,,,,,,,37.31,33.61,30.73,6/7
770,77,2024,10,26,長水路,個人,15,50m自由形,女子,,,,,,70～74歳,17,若林多恵子,女子,セ・谷津,47.88,,,,,,,,,37.31,33.61,30.73,11/8
771,77,2024,10,26,長水路,個人,15,50m自由形,女子,,,,,,70～74歳,18,戸倉陽子,女子,セ・慶應日吉,49.15,,,,,,,,,37.31,33.61,30.73,9/4
772,77,2024,10,26,長水路,個人,15,50m自由形,女子,,,,,,70～74歳,19,若松はる子,女子,セ・松戸,49.33,,,,,,,,,37.31,33.61,30.73,9/2
773,77,2024,10,26,長水路,個人,15,50m自由形,女子,,,,,,70～74歳,20,吉田あけみ,女子,セ・館山,49.47,,,,,,,,,37.31,33.61,30.73,8/5
774,77,2024,10,26,長水路,個人,15,50m自由形,女子,,,,,,70～74歳,21,藤田悦子,女子,セ・二俣川,49.83,,,,,,,,,37.31,33.61,30.73,6/3
775,77,2024,10,26,長水路,個人,15,50m自由形,女子,,,,,,70～74歳,22,青木洋子,女子,墨田区体育館,50.11,,,,,,,,,37.31,33.61,30.73,9/6
776,77,2024,10,26,長水路,個人,15,50m自由形,女子,,,,,,70～74歳,23,宮内佳代子,女子,セ・トレッサ,50.16,,,,,,,,,37.31,33.61,30.73,8/10
777,77,2024,10,26,長水路,個人,15,50m自由形,女子,,,,,,70～74歳,24,大山伴恵,女子,セ・トレッサ,50.33,,,,,,,,,37.31,33.61,30.73,7/3
778,77,2024,10,26,長水路,個人,15,50m自由形,女子,,,,,,70～74歳,25,山崎美南子,女子,セ・南青山,50.70,,,,,,,,,37.31,33.61,30.73,12/1
779,77,2024,10,26,長水路,個人,15,50m自由形,女子,,,,,,70～74歳,26,上野俊子,女子,セ・桶川北本,53.14,,,,,,,,,37.31,33.61,30.73,4/9
780,77,2024,10,26,長水路,個人,15,50m自由形,女子,,,,,,70～74歳,27,橋本美千代,女子,セ・志木,54.39,,,,,,,,,37.31,33.61,30.73,3/1
781,77,2024,10,26,長水路,個人,15,50m自由形,女子,,,,,,70～74歳,28,富樫博子,女子,セ・大森,55.46,,,,,,,,,37.31,33.61,30.73,4/1
782,77,2024,10,26,長水路,個人,15,50m自由形,女子,,,,,,70～74歳,29,池淵玲子,女子,セ・慶應日吉,55.99,,,,,,,,,37.31,33.61,30.73,4/6
783,77,2024,10,26,長水路,個人,15,50m自由形,女子,,,,,,70～74歳,30,石村眞理子,女子,セ・新川崎,56.63,,,,,,,,,,,29.10,6/10
784,77,2024,10,26,長水路,個人,15,50m自由形,女子,,,,,,65～69歳,1,石田良子,女子,セ・越谷,37.48,,,,,,,,,35.41,32.46,29.10,18/5
785,77,2024,10,26,長水路,個人,15,50m自由形,女子,,,,,,65～69歳,2,野島正代,女子,セ・阿佐谷,38.88,,,,,,,,,35.41,32.46,29.10,22/5
786,77,2024,10,26,長水路,個人,15,50m自由形,女子,,,,,,65～69歳,3,ダン典子,女子,セ・自由が丘,39.10,,,,,,,,,35.41,32.46,29.10,21/1
787,77,2024,10,26,長水路,個人,15,50m自由形,女子,,,,,,65～69歳,4,高梨美樹,女子,セ・成城,39.22,,,,,,,,,35.41,32.46,29.10,22/6
788,77,2024,10,26,長水路,個人,15,50m自由形,女子,,,,,,65～69歳,5,立石由美子,女子,セ・大森,39.51,,,,,,,,,35.41,32.46,29.10,19/3
789,77,2024,10,26,長水路,個人,15,50m自由形,女子,,,,,,65～69歳,6,塙清子,女子,セ・自由が丘,39.90,,,,,,,,,35.41,32.46,29.10,21/9
790,77,2024,10,26,長水路,個人,15,50m自由形,女子,,,,,,65～69歳,7,川久保ちづる,女子,ザバス川崎,40.50,,,,,,,,,35.41,32.46,29.10,20/10
791,77,2024,10,26,長水路,個人,15,50m自由形,女子,,,,,,65～69歳,8,井上美佐子,女子,セ・大森,40.80,,,,,,,,,35.41,32.46,29.10,15/4
792,77,2024,10,26,長水路,個人,15,50m自由形,女子,,,,,,65～69歳,9,浅田晴子,女子,セ・八王子,41.16,,,,,,,,,35.41,32.46,29.10,14/4
793,77,2024,10,26,長水路,個人,15,50m自由形,女子,,,,,,65～69歳,10,米澤美智子,女子,セ・成瀬,41.80,,,,,,,,,35.41,32.46,29.10,20/6
794,77,2024,10,26,長水路,個人,15,50m自由形,女子,,,,,,65～69歳,11,瀧下節子,女子,セ・志木,43.05,,,,,,,,,35.41,32.46,29.10,15/5
795,77,2024,10,26,長水路,個人,15,50m自由形,女子,,,,,,65～69歳,12,石河久美子,女子,セ・溝ノ口,43.23,,,,,,,,,35.41,32.46,29.10,14/8
796,77,2024,10,26,長水路,個人,15,50m自由形,女子,,,,,,65～69歳,13,山梨静枝,女子,セ・我孫子,44.11,,,,,,,,,35.41,32.46,29.10,11/5
797,77,2024,10,26,長水路,個人,15,50m自由形,女子,,,,,,65～69歳,14,光畑千栄子,女子,セ・成瀬,44.13,,,,,,,,,35.41,32.46,29.10,15/6
798,77,2024,10,26,長水路,個人,15,50m自由形,女子,,,,,,65～69歳,15,坂口好美,女子,セ・久喜,44.33,,,,,,,,,35.41,32.46,29.10,21/3
799,77,2024,10,26,長水路,個人,15,50m自由形,女子,,,,,,65～69歳,16,渋谷照代,女子,セ・我孫子,44.57,,,,,,,,,35.41,32.46,29.10,10/4
800,77,2024,10,26,長水路,個人,15,50m自由形,女子,,,,,,65～69歳,17,三枚堂かよ子,女子,セ・阿佐谷,44.94,,,,,,,,,35.41,32.46,29.10,12/3
801,77,2024,10,26,長水路,個人,15,50m自由形,女子,,,,,,65～69歳,18,小笠原三春,女子,セ・八王子,45.50,,,,,,,,,35.41,32.46,29.10,17/7
802,77,2024,10,26,長水路,個人,15,50m自由形,女子,,,,,,65～69歳,19,小関富子,女子,セ・新都心,46.10,,,,,,,,,35.41,32.46,29.10,6/8
803,77,2024,10,26,長水路,個人,15,50m自由形,女子,,,,,,65～69歳,20,伊藤春美,女子,ザバス川崎,46.35,,,,,,,,,35.41,32.46,29.10,10/6
804,77,2024,10,26,長水路,個人,15,50m自由形,女子,,,,,,65～69歳,21,松浦敏子,女子,セ・我孫子,46.67,,,,,,,,,35.41,32.46,29.10,4/7
805,77,2024,10,26,長水路,個人,15,50m自由形,女子,,,,,,65～69歳,22,三嶋祐子,女子,セ・阿佐谷,47.23,,,,,,,,,35.41,32.46,29.10,12/4
806,77,2024,10,26,長水路,個人,15,50m自由形,女子,,,,,,65～69歳,23,原昌代,女子,セ・市ヶ尾,47.59,,,,,,,,,35.41,32.46,29.10,13/5
807,77,2024,10,26,長水路,個人,15,50m自由形,女子,,,,,,65～69歳,24,池田則子,女子,セ・松戸,47.61,,,,,,,,,35.41,32.46,29.10,2/6
808,77,2024,10,26,長水路,個人,15,50m自由形,女子,,,,,,65～69歳,25,小笠原京子,女子,セ・流山,47.65,,,,,,,,,35.41,32.46,29.10,5/6
809,77,2024,10,26,長水路,個人,15,50m自由形,女子,,,,,,65～69歳,26,須田菜奈子,女子,セ・桶川北本,47.97,,,,,,,,,35.41,32.46,29.10,12/9
810,77,2024,10,26,長水路,個人,15,50m自由形,女子,,,,,,65～69歳,27,益田加津子,女子,セ・自由が丘,49.13,,,,,,,,,35.41,32.46,29.10,12/8
811,77,2024,10,26,長水路,個人,15,50m自由形,女子,,,,,,65～69歳,28,渡辺米子,女子,クリーンスパ,51.15,,,,,,,,,35.41,32.46,29.10,11/2
812,77,2024,10,26,長水路,個人,15,50m自由形,女子,,,,,,65～69歳,29,池長幸子,女子,セ・桶川北本,51.38,,,,,,,,,35.41,32.46,29.10,7/6
813,77,2024,10,26,長水路,個人,15,50m自由形,女子,,,,,,65～69歳,30,中島初美,女子,セ・大森,51.69,,,,,,,,,35.41,32.46,29.10,6/2
814,77,2024,10,26,長水路,個人,15,50m自由形,女子,,,,,,65～69歳,31,池田真理子,女子,セ・大森,52.32,,,,,,,,,35.41,32.46,29.10,13/6
815,77,2024,10,26,長水路,個人,15,50m自由形,女子,,,,,,65～69歳,32,齋藤準子,女子,セ・茂原,52.51,,,,,,,,,35.41,32.46,29.10,10/5
816,77,2024,10,26,長水路,個人,15,50m自由形,女子,,,,,,65～69歳,33,藤井道子,女子,セ・我孫子,52.92,,,,,,,,,35.41,32.46,29.10,4/3
817,77,2024,10,26,長水路,個人,15,50m自由形,女子,,,,,,65～69歳,34,田村加代子,女子,セ・おおたか,54.11,,,,,,,,,35.41,32.46,29.10,5/5
818,77,2024,10,26,長水路,個人,15,50m自由形,女子,,,,,,65～69歳,35,橋本真紀,女子,セ・慶應日吉,54.54,,,,,,,,,,,,5/4
819,77,2024,10,26,長水路,個人,15,50m自由形,女子,,,,,,65～69歳,36,加藤かずみ,女子,セ・八王子,1:00.55,,,,,,,,,,,,2/7
820,77,2024,10,26,長水路,個人,15,50m自由形,女子,,,,,,65～69歳,37,木村恵,女子,セ・我孫子,1:01.26,,,,,,,,,,,,2/3
821,77,2024,10,26,長水路,個人,15,50m自由形,女子,,,,,,65～69歳,38,小高和子,女子,セ・桶川北本,1:09.75,,,,,,,,,,,,3/3
822,77,2024,10,26,長水路,個人,15,50m自由形,女子,,,,,,60～64歳,1,永瀬秀子,女子,セ・二俣川,32.40,,,,,,,,,32.38,30.31,28.84,26/7
823,77,2024,10,26,長水路,個人,15,50m自由形,女子,,,,,,60～64歳,2,石原なおみ,女子,セ・阿佐谷,35.17,,,,,,,,,32.38,30.31,28.84,25/3
824,77,2024,10,26,長水路,個人,15,50m自由形,女子,,,,,,60～64歳,3,高柳祐子,女子,セ・成城,36.34,,,,,,,,,32.38,30.31,28.84,24/1
825,77,2024,10,26,長水路,個人,15,50m自由形,女子,,,,,,60～64歳,4,伊藤みどり,女子,セ・能見台,36.73,,,,,,,,,32.38,30.31,28.84,21/4
826,77,2024,10,26,長水路,個人,15,50m自由形,女子,,,,,,60～64歳,5,佐藤明美,女子,セ・館山,36.97,,,,,,,,,32.38,30.31,28.84,22/3
827,77,2024,10,26,長水路,個人,15,50m自由形,女子,,,,,,60～64歳,6,大槻真由美,女子,セ・清瀬,37.49,,,,,,,,,32.38,30.31,28.84,23/8
828,77,2024,10,26,長水路,個人,15,50m自由形,女子,,,,,,60～64歳,7,山本庸子,女子,セ・八王子,37.92,,,,,,,,,32.38,30.31,28.84,22/7
829,77,2024,10,26,長水路,個人,15,50m自由形,女子,,,,,,60～64歳,8,吉川千晶,女子,Ｇ－ＳＰＡ,38.28,,,,,,,,,32.38,30.31,28.84,22/4
830,77,2024,10,26,長水路,個人,15,50m自由形,女子,,,,,,60～64歳,9,福原美奈,女子,セ・稲毛海岸,38.39,,,,,,,,,32.38,30.31,28.84,20/4
831,77,2024,10,26,長水路,個人,15,50m自由形,女子,,,,,,60～64歳,10,伊藤ゆかり,女子,セ・成城,38.96,,,,,,,,,32.38,30.31,28.84,21/6
832,77,2024,10,26,長水路,個人,15,50m自由形,女子,,,,,,60～64歳,11,窪田久恵,女子,セ・上池袋,41.04,,,,,,,,,32.38,30.31,28.84,20/2
833,77,2024,10,26,長水路,個人,15,50m自由形,女子,,,,,,60～64歳,12,神保清美,女子,セ・自由が丘,41.55,,,,,,,,,32.38,30.31,28.84,19/6
834,77,2024,10,26,長水路,個人,15,50m自由形,女子,,,,,,60～64歳,13,細見あけみ,女子,セ・千葉みなと,41.65,,,,,,,,,32.38,30.31,28.84,18/1
835,77,2024,10,26,長水路,個人,15,50m自由形,女子,,,,,,60～64歳,14,酒井寿美恵,女子,クリーンスパ,42.41,,,,,,,,,32.38,30.31,28.84,19/2
836,77,2024,10,26,長水路,個人,15,50m自由形,女子,,,,,,60～64歳,15,大原清美,女子,セ・阿佐谷,42.67,,,,,,,,,32.38,30.31,28.84,17/4
837,77,2024,10,26,長水路,個人,15,50m自由形,女子,,,,,,60～64歳,16,高見沢ゆみ子,女子,セ・慶應日吉,42.71,,,,,,,,,32.38,30.31,28.84,19/1
838,77,2024,10,26,長水路,個人,15,50m自由形,女子,,,,,,60～64歳,17,田村明美,女子,セ・慶應日吉,42.73,,,,,,,,,32.38,30.31,28.84,15/1
839,77,2024,10,26,長水路,個人,15,50m自由形,女子,,,,,,60～64歳,18,加藤雅弓,女子,セ・新都心,42.86,,,,,,,,,32.38,30.31,28.84,15/8
840,77,2024,10,26,長水路,個人,15,50m自由形,女子,,,,,,60～64歳,19,佐々木れい,女子,セ・志木,44.15,,,,,,,,,32.38,30.31,28.84,9/8
841,77,2024,10,26,長水路,個人,15,50m自由形,女子,,,,,,60～64歳,20,蛯名とも子,女子,セ・志木,44.33,,,,,,,,,32.38,30.31,28.84,12/2
842,77,2024,10,26,長水路,個人,15,50m自由形,女子,,,,,,60～64歳,21,長野佐稚子,女子,セ・東十条,44.34,,,,,,,,,32.38,30.31,28.84,13/4
843,77,2024,10,26,長水路,個人,15,50m自由形,女子,,,,,,60～64歳,22,米林清子,女子,セ・越谷,44.75,,,,,,,,,32.38,30.31,28.84,15/3
844,77,2024,10,26,長水路,個人,15,50m自由形,女子,,,,,,60～64歳,23,宮田ひとみ,女子,セ・阿佐谷,44.86,,,,,,,,,32.38,30.31,28.84,17/10
845,77,2024,10,26,長水路,個人,15,50m自由形,女子,,,,,,60～64歳,24,桐沢ひとみ,女子,セ・大森,45.11,,,,,,,,,32.38,30.31,28.84,14/3
846,77,2024,10,26,長水路,個人,15,50m自由形,女子,,,,,,60～64歳,25,田中香苗,女子,セ・青砥,45.12,,,,,,,,,32.38,30.31,28.84,13/7
847,77,2024,10,26,長水路,個人,15,50m自由形,女子,,,,,,60～64歳,26,柳沢智子,女子,セ・成城,45.76,,,,,,,,,32.38,30.31,28.84,15/9
848,77,2024,10,26,長水路,個人,15,50m自由形,女子,,,,,,60～64歳,27,原田由美子,女子,セ・慶應日吉,46.73,,,,,,,,,32.38,30.31,28.84,10/7
849,77,2024,10,26,長水路,個人,15,50m自由形,女子,,,,,,60～64歳,28,佐々木政子,女子,セ・大森,48.92,,,,,,,,,32.38,30.31,28.84,7/9
850,77,2024,10,26,長水路,個人,15,50m自由形,女子,,,,,,60～64歳,29,三木純子,女子,セ・流山,49.12,,,,,,,,,32.38,30.31,28.84,7/2
851,77,2024,10,26,長水路,個人,15,50m自由形,女子,,,,,,60～64歳,30,榮真須美,女子,セ・慶應日吉,49.50,,,,,,,,,32.38,30.31,28.84,10/3
852,77,2024,10,26,長水路,個人,15,50m自由形,女子,,,,,,60～64歳,31,黒川慶子,女子,セ・上池袋,49.68,,,,,,,,,32.38,30.31,28.84,13/9
853,77,2024,10,26,長水路,個人,15,50m自由形,女子,,,,,,60～64歳,32,菊池佐千代,女子,セ・流山,54.02,,,,,,,,,,,,4/10
854,77,2024,10,26,長水路,個人,15,50m自由形,女子,,,,,,60～64歳,33,勝又聡子,女子,セ・福生,56.79,,,,,,,,,,,,5/8
855,77,2024,10,26,長水路,個人,15,50m自由形,女子,,,,,,55～59歳,1,篠原理恵,女子,セ・南宇都宮,33.31,,,,,,,,,31.18,29.09,27.94,26/4
856,77,2024,10,26,長水路,個人,15,50m自由形,女子,,,,,,55～59歳,2,羽山恵津子,女子,セ・葛西,34.86,,,,,,,,,31.18,29.09,27.94,25/7
857,77,2024,10,26,長水路,個人,15,50m自由形,女子,,,,,,55～59歳,3,横尾しずか,女子,セ・用賀,34.96,,,,,,,,,31.18,29.09,27.94,26/1
858,77,2024,10,26,長水路,個人,15,50m自由形,女子,,,,,,55～59歳,4,鶴岡美佐,女子,ザバス八景,36.55,,,,,,,,,31.18,29.09,27.94,24/9
859,77,2024,10,26,長水路,個人,15,50m自由形,女子,,,,,,55～59歳,5,大野結実,女子,セ・横浜,37.68,,,,,,,,,31.18,29.09,27.94,23/7
860,77,2024,10,26,長水路,個人,15,50m自由形,女子,,,,,,55～59歳,6,小林弘子,女子,ザバス鶴見,38.72,,,,,,,,,31.18,29.09,27.94,22/8
861,77,2024,10,26,長水路,個人,15,50m自由形,女子,,,,,,55～59歳,7,西田三佐子,女子,セ・大宮宮原,38.80,,,,,,,,,31.18,29.09,27.94,22/10
862,77,2024,10,26,長水路,個人,15,50m自由形,女子,,,,,,55～59歳,8,西田真樹,女子,セ・平塚,39.52,,,,,,,,,31.18,29.09,27.94,21/10
863,77,2024,10,26,長水路,個人,15,50m自由形,女子,,,,,,55～59歳,9,佐藤美絵子,女子,セ・清瀬,39.82,,,,,,,,,31.18,29.09,27.94,19/8
864,77,2024,10,26,長水路,個人,15,50m自由形,女子,,,,,,55～59歳,10,棚橋悦子,女子,セ・自由が丘,40.26,,,,,,,,,31.18,29.09,27.94,17/6
865,77,2024,10,26,長水路,個人,15,50m自由形,女子,,,,,,55～59歳,11,山田智子,女子,セ・慶應日吉,40.86,,,,,,,,,31.18,29.09,27.94,13/8
866,77,2024,10,26,長水路,個人,15,50m自由形,女子,,,,,,55～59歳,12,佐藤直子,女子,セ・我孫子,40.90,,,,,,,,,31.18,29.09,27.94,10/8
867,77,2024,10,26,長水路,個人,15,50m自由形,女子,,,,,,55～59歳,13,小池淳子,女子,セ・長津田,40.96,,,,,,,,,31.18,29.09,27.94,18/6
868,77,2024,10,26,長水路,個人,15,50m自由形,女子,,,,,,55～59歳,14,澤野貴子,女子,セ・葛西,43.06,,,,,,,,,31.18,29.09,27.94,10/2
869,77,2024,10,26,長水路,個人,15,50m自由形,女子,,,,,,55～59歳,15,三沢弘美,女子,セ・長津田,43.19,,,,,,,,,31.18,29.09,27.94,18/7
870,77,2024,10,26,長水路,個人,15,50m自由形,女子,,,,,,55～59歳,16,坂井慶子,女子,セ・大宮宮原,43.59,,,,,,,,,31.18,29.09,27.94,16/8
871,77,2024,10,26,長水路,個人,15,50m自由形,女子,,,,,,55～59歳,17,小林名緒子,女子,セ・大森,43.68,,,,,,,,,31.18,29.09,27.94,16/2
872,77,2024,10,26,長水路,個人,15,50m自由形,女子,,,,,,55～59歳,18,船津香,女子,セ・自由が丘,43.79,,,,,,,,,31.18,29.09,27.94,17/8
873,77,2024,10,26,長水路,個人,15,50m自由形,女子,,,,,,55～59歳,19,下段千寿子,女子,セ・越谷,43.82,,,,,,,,,31.18,29.09,27.94,16/3
874,77,2024,10,26,長水路,個人,15,50m自由形,女子,,,,,,55～59歳,20,鈴木夏実,女子,セ・慶應日吉,44.35,,,,,,,,,31.18,29.09,27.94,13/10
875,77,2024,10,26,長水路,個人,15,50m自由形,女子,,,,,,55～59歳,21,蔵屋由紀子,女子,セ・新川崎,44.37,,,,,,,,,31.18,29.09,27.94,15/10
876,77,2024,10,26,長水路,個人,15,50m自由形,女子,,,,,,55～59歳,22,中野朗子,女子,セ・慶應日吉,44.62,,,,,,,,,31.18,29.09,27.94,16/7
877,77,2024,10,26,長水路,個人,15,50m自由形,女子,,,,,,55～59歳,23,大芦薫,女子,セ・清瀬,53.90,,,,,,,,,31.18,29.09,27.94,8/1
878,77,2024,10,26,長水路,個人,15,50m自由形,女子,,,,,,55～59歳,24,平澤馨,女子,セ・府中,54.63,,,,,,,,,31.18,29.09,27.94,5/1
879,77,2024,10,26,長水路,個人,15,50m自由形,女子,,,,,,50～54歳,1,舘野美香,女子,セ・目黒,29.29,,,,,,,,,29.26,28.82,27.09,29/5
880,77,2024,10,26,長水路,個人,15,50m自由形,女子,,,,,,50～54歳,2,池田百合子,女子,セ・市ヶ尾,30.03,,,,,,,,,29.26,28.82,27.09,29/8
881,77,2024,10,26,長水路,個人,15,50m自由形,女子,,,,,,50～54歳,3,杉本浩美,女子,セ・南千住,31.77,,,,,,,,,29.26,28.82,27.09,28/3
882,77,2024,10,26,長水路,個人,15,50m自由形,女子,,,,,,50～54歳,4,原田佳子,女子,セ・葛西,32.17,,,,,,,,,29.26,28.82,27.09,27/7
883,77,2024,10,26,長水路,個人,15,50m自由形,女子,,,,,,50～54歳,5,浅尾有香,女子,セ・大森,33.54,,,,,,,,,29.26,28.82,27.09,25/8
884,77,2024,10,26,長水路,個人,15,50m自由形,女子,,,,,,50～54歳,6,工藤遵江,女子,セ・F宇都宮,33.62,,,,,,,,,,,,27/10
885,77,2024,10,26,長水路,個人,15,50m自由形,女子,,,,,,50～54歳,7,高橋圭,女子,セ・松戸,33.67,,,,,,,,,,,,24/7
886,77,2024,10,26,長水路,個人,15,50m自由形,女子,,,,,,50～54歳,8,小泉未歌,女子,セ・宇都宮,34.10,,,,,,,,,,,,25/4
887,77,2024,10,26,長水路,個人,15,50m自由形,女子,,,,,,50～54歳,9,池田智子,女子,セ・目黒,34.23,,,,,,,,,,,,24/6
888,77,2024,10,26,長水路,個人,15,50m自由形,女子,,,,,,50～54歳,10,棚網恵理,女子,セ・阿佐谷,35.76,,,,,,,,,,,,24/8
889,77,2024,10,26,長水路,個人,15,50m自由形,女子,,,,,,50～54歳,11,石井紀美子,女子,セ・S湘南台,35.86,,,,,,,,,,,,25/5
890,77,2024,10,26,長水路,個人,15,50m自由形,女子,,,,,,50～54歳,12,五十嵐知佐,女子,セ・おおたか,36.67,,,,,,,,,,,,22/2
891,77,2024,10,26,長水路,個人,15,50m自由形,女子,,,,,,50～54歳,13,大島江理子,女子,セ・大森,36.69,,,,,,,,,,,,22/1
892,77,2024,10,26,長水路,個人,15,50m自由形,女子,,,,,,50～54歳,14,比留川美緒,女子,セ・平塚,36.78,,,,,,,,,,,,10/9
893,77,2024,10,26,長水路,個人,15,50m自由形,女子,,,,,,50～54歳,15,成島志雅子,女子,セ・F宇都宮,37.70,,,,,,,,,,,,20/7
894,77,2024,10,26,長水路,個人,15,50m自由形,女子,,,,,,50～54歳,16,酒井貴代,女子,セ・大森,38.41,,,,,,,,,,,,18/4
895,77,2024,10,26,長水路,個人,15,50m自由形,女子,,,,,,50～54歳,17,田原文月,女子,セ・南千住,39.55,,,,,,,,,,,,21/5
896,77,2024,10,26,長水路,個人,15,50m自由形,女子,,,,,,50～54歳,18,磯村麻衣子,女子,セ・上池袋,39.66,,,,,,,,,,,,13/3
897,77,2024,10,26,長水路,個人,15,50m自由形,女子,,,,,,50～54歳,19,糸川永利子,女子,セ・用賀,39.79,,,,,,,,,,,,20/9
898,77,2024,10,26,長水路,個人,15,50m自由形,女子,,,,,,50～54歳,20,加藤美保,女子,セ・上池袋,41.87,,,,,,,,,,,,19/5
899,77,2024,10,26,長水路,個人,15,50m自由形,女子,,,,,,50～54歳,21,中村奈穂美,女子,セ・越谷,42.44,,,,,,,,,,,,16/9
900,77,2024,10,26,長水路,個人,15,50m自由形,女子,,,,,,50～54歳,22,佐藤晶子,女子,セ・おおたか,42.52,,,,,,,,,,,,16/5
901,77,2024,10,26,長水路,個人,15,50m自由形,女子,,,,,,50～54歳,23,小山香津子,女子,セ・藤沢,43.67,,,,,,,,,,,,17/1
902,77,2024,10,26,長水路,個人,15,50m自由形,女子,,,,,,50～54歳,24,森信子,女子,セ・大森,45.55,,,,,,,,,,,,14/7
903,77,2024,10,26,長水路,個人,15,50m自由形,女子,,,,,,50～54歳,25,片岡久美子,女子,セ・茂原,46.16,,,,,,,,,,,,2/8
904,77,2024,10,26,長水路,個人,15,50m自由形,女子,,,,,,50～54歳,26,岩朋実,女子,セ・川越,47.49,,,,,,,,,,,,14/2
905,77,2024,10,26,長水路,個人,15,50m自由形,女子,,,,,,50～54歳,27,佐藤淳子,女子,セ・久喜,47.63,,,,,,,,,,,,11/4
906,77,2024,10,26,長水路,個人,15,50m自由形,女子,,,,,,50～54歳,28,田上麻紀,女子,セ・久喜,49.57,,,,,,,,,,,,7/1
907,77,2024,10,26,長水路,個人,15,50m自由形,女子,,,,,,50～54歳,29,平野真紀,女子,セ・福生,50.12,,,,,,,,,,,,5/10
908,77,2024,10,26,長水路,個人,15,50m自由形,女子,,,,,,50～54歳,30,久保洋子,女子,セ・流山,59.99,,,,,,,,,,,,3/7
909,77,2024,10,26,長水路,個人,15,50m自由形,女子,,,,,,45～49歳,1,片岡祥子,女子,セ・千葉みなと,30.44,,,,,,,,,29.51,27.78,26.59,29/4
910,77,2024,10,26,長水路,個人,15,50m自由形,女子,,,,,,45～49歳,2,佐々木彩,女子,セ・成城,31.53,,,,,,,,,29.51,27.78,26.59,27/5
911,77,2024,10,26,長水路,個人,15,50m自由形,女子,,,,,,45～49歳,3,坂本桃枝,女子,Ｇ－ＳＰＡ,32.26,,,,,,,,,29.51,27.78,26.59,25/2
912,77,2024,10,26,長水路,個人,15,50m自由形,女子,,,,,,45～49歳,4,日下幸子,女子,ザバス川崎,32.43,,,,,,,,,29.51,27.78,26.59,27/9
913,77,2024,10,26,長水路,個人,15,50m自由形,女子,,,,,,45～49歳,5,小室桃子,女子,セ・八王子,33.17,,,,,,,,,29.51,27.78,26.59,26/8
914,77,2024,10,26,長水路,個人,15,50m自由形,女子,,,,,,45～49歳,6,バーンズ智絵,女子,セ・松戸,33.42,,,,,,,,,29.51,27.78,26.59,25/6
915,77,2024,10,26,長水路,個人,15,50m自由形,女子,,,,,,45～49歳,7,高橋真美,女子,セ・志木,35.04,,,,,,,,,29.51,27.78,26.59,25/9
916,77,2024,10,26,長水路,個人,15,50m自由形,女子,,,,,,45～49歳,8,飯澤美香,女子,セ・我孫子,35.07,,,,,,,,,29.51,27.78,26.59,22/9
917,77,2024,10,26,長水路,個人,15,50m自由形,女子,,,,,,45～49歳,9,前田由希映,女子,セ・二俣川,36.02,,,,,,,,,29.51,27.78,26.59,24/3
918,77,2024,10,26,長水路,個人,15,50m自由形,女子,,,,,,45～49歳,10,福本麻美,女子,セ・慶應日吉,36.33,,,,,,,,,29.51,27.78,26.59,24/2
919,77,2024,10,26,長水路,個人,15,50m自由形,女子,,,,,,45～49歳,11,吉池奈々,女子,セ・二俣川,36.39,,,,,,,,,,,,23/5
920,77,2024,10,26,長水路,個人,15,50m自由形,女子,,,,,,45～49歳,12,藤本淑恵,女子,セ・平塚,36.85,,,,,,,,,,,,21/7
921,77,2024,10,26,長水路,個人,15,50m自由形,女子,,,,,,45～49歳,13,佐藤桂子,女子,セ・横浜,36.97,,,,,,,,,,,,23/4
922,77,2024,10,26,長水路,個人,15,50m自由形,女子,,,,,,45～49歳,14,菅野ゆかり,女子,セ・桶川北本,36.99,,,,,,,,,,,,10/10
923,77,2024,10,26,長水路,個人,15,50m自由形,女子,,,,,,45～49歳,15,清水佳苗,女子,曽谷・セ,38.38,,,,,,,,,,,,21/2
924,77,2024,10,26,長水路,個人,15,50m自由形,女子,,,,,,45～49歳,16,高島典子,女子,セ・大森,38.55,,,,,,,,,,,,20/1
925,77,2024,10,26,長水路,個人,15,50m自由形,女子,,,,,,45～49歳,17,篠倉有美,女子,セ・成瀬,38.56,,,,,,,,,,,,23/9
926,77,2024,10,26,長水路,個人,15,50m自由形,女子,,,,,,45～49歳,18,赤坂恵美子,女子,セ・志木,43.15,,,,,,,,,,,,17/2
927,77,2024,10,26,長水路,個人,15,50m自由形,女子,,,,,,45～49歳,19,福田ユリヤ,女子,セ・南青山,43.27,,,,,,,,,,,,17/3
928,77,2024,10,26,長水路,個人,15,50m自由形,女子,,,,,,45～49歳,20,宮川ひとみ,女子,セ・茂原,45.72,,,,,,,,,,,,10/1
929,77,2024,10,26,長水路,個人,15,50m自由形,女子,,,,,,45～49歳,21,斉藤靖子,女子,セ・目黒,47.51,,,,,,,,,,,,11/9
930,77,2024,10,26,長水路,個人,15,50m自由形,女子,,,,,,45～49歳,22,成重夏紀,女子,セ・藤沢,47.84,,,,,,,,,,,,12/10
931,77,2024,10,26,長水路,個人,15,50m自由形,女子,,,,,,45～49歳,23,小林恵理子,女子,セ・蘇我,49.24,,,,,,,,,,,,7/10
932,77,2024,10,26,長水路,個人,15,50m自由形,女子,,,,,,40～44歳,1,宮本八重,女子,セ・慶應日吉,30.95,,,,,,,,,29.16,26.95,26.44,27/6
933,77,2024,10,26,長水路,個人,15,50m自由形,女子,,,,,,40～44歳,2,永田加那子,女子,セ・葛西,31.85,,,,,,,,,29.16,26.95,26.44,27/4
934,77,2024,10,26,長水路,個人,15,50m自由形,女子,,,,,,40～44歳,3,関川晶子,女子,セ・下北沢,33.45,,,,,,,,,29.16,26.95,26.44,27/3
935,77,2024,10,26,長水路,個人,15,50m自由形,女子,,,,,,40～44歳,4,中村可奈子,女子,セ・おおたか,34.45,,,,,,,,,29.16,26.95,26.44,26/3
936,77,2024,10,26,長水路,個人,15,50m自由形,女子,,,,,,40～44歳,5,溝井花代子,女子,セ・葛西,36.51,,,,,,,,,29.16,26.95,26.44,23/6
937,77,2024,10,26,長水路,個人,15,50m自由形,女子,,,,,,40～44歳,6,小高麻衣子,女子,セ・市川,38.50,,,,,,,,,29.16,26.95,26.44,19/9
938,77,2024,10,26,長水路,個人,15,50m自由形,女子,,,,,,40～44歳,7,町田麻里,女子,セ・南千住,38.81,,,,,,,,,29.16,26.95,26.44,23/1
939,77,2024,10,26,長水路,個人,15,50m自由形,女子,,,,,,40～44歳,8,井島孝子,女子,セ・天王洲,42.90,,,,,,,,,29.16,26.95,26.44,13/1
940,77,2024,10,26,長水路,個人,15,50m自由形,女子,,,,,,40～44歳,9,白花茉莉,女子,セ・久喜,43.04,,,,,,,,,29.16,26.95,26.44,11/10
941,77,2024,10,26,長水路,個人,15,50m自由形,女子,,,,,,40～44歳,10,谷美希子,女子,セ・府中,43.77,,,,,,,,,29.16,26.95,26.44,16/1
942,77,2024,10,26,長水路,個人,15,50m自由形,女子,,,,,,40～44歳,11,加藤涼子,女子,セ・桶川北本,43.90,,,,,,,,,29.16,26.95,26.44,18/10
943,77,2024,10,26,長水路,個人,15,50m自由形,女子,,,,,,40～44歳,12,小山内詔子,女子,セ・下北沢,47.46,,,,,,,,,29.16,26.95,26.44,14/9
944,77,2024,10,26,長水路,個人,15,50m自由形,女子,,,,,,35～39歳,1,川北恵,女子,セ・長津田,29.60,,,,,,,,,28.87,27.37,25.98,29/6
945,77,2024,10,26,長水路,個人,15,50m自由形,女子,,,,,,35～39歳,2,新井亜衣,女子,セ・市川,29.84,,,,,,,,,28.87,27.37,25.98,28/5
946,77,2024,10,26,長水路,個人,15,50m自由形,女子,,,,,,35～39歳,3,菊地美春,女子,セ・目黒,30.88,,,,,,,,,28.87,27.37,25.98,28/8
947,77,2024,10,26,長水路,個人,15,50m自由形,女子,,,,,,35～39歳,4,新妻梓,女子,セ・西東京,31.68,,,,,,,,,28.87,27.37,25.98,28/4
948,77,2024,10,26,長水路,個人,15,50m自由形,女子,,,,,,35～39歳,5,中畑眸,女子,セ・成城,32.16,,,,,,,,,28.87,27.37,25.98,28/2
949,77,2024,10,26,長水路,個人,15,50m自由形,女子,,,,,,35～39歳,6,岩田愛恵,女子,セ・成城,34.68,,,,,,,,,28.87,27.37,25.98,20/3
950,77,2024,10,26,長水路,個人,15,50m自由形,女子,,,,,,35～39歳,7,李鎬善,女子,セ・目黒,37.30,,,,,,,,,,,,23/2
951,77,2024,10,26,長水路,個人,15,50m自由形,女子,,,,,,35～39歳,8,中辻澄美,女子,セ・天王洲,37.97,,,,,,,,,,,,21/8
952,77,2024,10,26,長水路,個人,15,50m自由形,女子,,,,,,35～39歳,9,國政玲,女子,セ・南青山,41.61,,,,,,,,,,,,19/4
953,77,2024,10,26,長水路,個人,15,50m自由形,女子,,,,,,30～34歳,1,早川舞,女子,セ・蒲田,29.86,,,,,,,,,26.42,26.42,25.74,28/6
954,77,2024,10,26,長水路,個人,15,50m自由形,女子,,,,,,30～34歳,2,大椛詩織,女子,セ・葛西,31.16,,,,,,,,,26.42,26.42,25.74,28/9
955,77,2024,10,26,長水路,個人,15,50m自由形,女子,,,,,,30～34歳,3,吉田のばら,女子,セ・南千住,31.97,,,,,,,,,26.42,26.42,25.74,25/1
956,77,2024,10,26,長水路,個人,15,50m自由形,女子,,,,,,30～34歳,4,深堀陽子,女子,セ・二俣川,32.99,,,,,,,,,26.42,26.42,25.74,26/5
957,77,2024,10,26,長水路,個人,15,50m自由形,女子,,,,,,30～34歳,5,岡澤美咲,女子,セ・茂原,36.99,,,,,,,,,26.42,26.42,25.74,20/8
958,77,2024,10,26,長水路,個人,15,50m自由形,女子,,,,,,30～34歳,6,高橋未沙,女子,セ・おおたか,39.98,,,,,,,,,26.42,26.42,25.74,16/10
959,77,2024,10,26,長水路,個人,15,50m自由形,女子,,,,,,30～34歳,7,杉田望美,女子,セ・久喜,40.78,,,,,,,,,26.42,26.42,25.74,7/5
960,77,2024,10,26,長水路,個人,15,50m自由形,女子,,,,,,30～34歳,8,熊谷紗友梨,女子,セ・S湘南台,45.12,,,,,,,,,26.42,26.42,25.74,14/1
961,77,2024,10,26,長水路,個人,15,50m自由形,女子,,,,,,25～29歳,1,松浦沙弥,女子,ミズノMT,31.12,,,,,,,,,27.43,26.53,25.42,29/2
962,77,2024,10,26,長水路,個人,15,50m自由形,女子,,,,,,25～29歳,2,松澤春菜,女子,セ・大宮宮原,31.95,,,,,,,,,27.43,26.53,25.42,27/8
963,77,2024,10,26,長水路,個人,15,50m自由形,女子,,,,,,25～29歳,3,木田景子,女子,セ・平塚,32.02,,,,,,,,,27.43,26.53,25.42,27/2
964,77,2024,10,26,長水路,個人,15,50m自由形,女子,,,,,,25～29歳,4,宮田さくら,女子,セ・成城,32.47,,,,,,,,,27.43,26.53,25.42,27/1
965,77,2024,10,26,長水路,個人,15,50m自由形,女子,,,,,,25～29歳,5,岡本詩絵理,女子,セ・藤沢,33.27,,,,,,,,,27.43,26.53,25.42,26/2
966,77,2024,10,26,長水路,個人,15,50m自由形,女子,,,,,,25～29歳,6,二宮若葉,女子,セ・南青山,33.83,,,,,,,,,27.43,26.53,25.42,24/4
967,77,2024,10,26,長水路,個人,15,50m自由形,女子,,,,,,25～29歳,7,足立知実,女子,セ・平塚,35.10,,,,,,,,,27.43,26.53,25.42,26/10
968,77,2024,10,26,長水路,個人,15,50m自由形,女子,,,,,,25～29歳,8,柏木涼,女子,セ・越谷LT,36.40,,,,,,,,,27.43,26.53,25.42,19/10
969,77,2024,10,26,長水路,個人,15,50m自由形,女子,,,,,,18～24歳,1,高橋紗良,女子,セ・長津田,29.54,,,,,,,,,28.03,26.65,,29/3
970,77,2024,10,26,長水路,個人,15,50m自由形,女子,,,,,,18～24歳,2,深谷美緒,女子,セ・東十条,31.02,,,,,,,,,28.03,26.65,,26/6
971,77,2024,10,26,長水路,個人,15,50m自由形,女子,,,,,,18～24歳,3,岡田星理,女子,セ・谷津,31.26,,,,,,,,,28.03,26.65,,28/10
972,77,2024,10,26,長水路,個人,15,50m自由形,女子,,,,,,18～24歳,4,栃元春乃,女子,セ・西東京,31.29,,,,,,,,,28.03,26.65,,29/10
973,77,2024,10,26,長水路,個人,15,50m自由形,女子,,,,,,18～24歳,5,櫻井春佳,女子,セ・大宮宮原,31.87,,,,,,,,,28.03,26.65,,29/1
974,77,2024,10,26,長水路,個人,15,50m自由形,女子,,,,,,18～24歳,6,正垣木梨,女子,セ・下北沢,32.47,,,,,,,,,28.03,26.65,,28/7
975,77,2024,10,26,長水路,個人,15,50m自由形,女子,,,,,,18～24歳,7,今井恵子,女子,セ・阿佐谷,32.59,,,,,,,,,28.03,26.65,,29/9
976,77,2024,10,26,長水路,個人,15,50m自由形,女子,,,,,,18～24歳,8,松本彩花,女子,セ・二俣川,34.57,,,,,,,,,28.03,26.65,,26/9
977,77,2024,10,26,長水路,個人,15,50m自由形,女子,,,,,,18～24歳,9,寺本茉冬,女子,セ・八王子,34.71,,,,,,,,,28.03,26.65,,23/10
978,77,2024,10,26,長水路,個人,15,50m自由形,女子,,,,,,18～24歳,9,森山稜子,女子,セ・新都心,34.71,,,,,,,,,,,,25/10
979,77,2024,10,26,長水路,個人,16,50m自由形,男子,,,,,,90～94歳,1,椎野正敏,男子,セ・越谷,55.87,,,,,,,,,52.43,40.89,38.64,2/1
980,77,2024,10,26,長水路,個人,16,50m自由形,男子,,,,,,85～89歳,1,大堀兵衛,男子,セ・下北沢,57.11,,,,,,,,,43.66,33.74,33.74,1/8
981,77,2024,10,26,長水路,個人,16,50m自由形,男子,,,,,,85～89歳,2,丸野公敏,男子,セ・南千住,1:06.37,,,,,,,,,43.66,33.74,33.74,1/9
982,77,2024,10,26,長水路,個人,16,50m自由形,男子,,,,,,80～84歳,1,井口穣,男子,セ・東戸塚,40.77,,,,,,,,,36.52,31.23,31.23,6/5
983,77,2024,10,26,長水路,個人,16,50m自由形,男子,,,,,,80～84歳,2,池端孝一,男子,セ・成瀬,41.81,,,,,,,,,36.52,31.23,31.23,5/7
984,77,2024,10,26,長水路,個人,16,50m自由形,男子,,,,,,80～84歳,3,中村欣正,男子,セ・流山,42.40,,,,,,,,,36.52,31.23,31.23,4/4
985,77,2024,10,26,長水路,個人,16,50m自由形,男子,,,,,,80～84歳,4,井上隆史,男子,セ・市ヶ尾,44.32,,,,,,,,,36.52,31.23,31.23,4/6
986,77,2024,10,26,長水路,個人,16,50m自由形,男子,,,,,,80～84歳,5,小田稔,男子,セ・慶應日吉,45.75,,,,,,,,,36.52,31.23,31.23,3/6
987,77,2024,10,26,長水路,個人,16,50m自由形,男子,,,,,,80～84歳,6,保谷由夫,男子,Ｇ－ＳＰＡ,50.22,,,,,,,,,36.52,31.23,31.23,2/5
988,77,2024,10,26,長水路,個人,16,50m自由形,男子,,,,,,80～84歳,7,増山晶一,男子,セ・下北沢,54.23,,,,,,,,,36.52,31.23,31.23,1/7
989,77,2024,10,26,長水路,個人,16,50m自由形,男子,,,,,,80～84歳,8,丸本芳郎,男子,ザバス鶴見,56.18,,,,,,,,,36.52,31.23,31.23,1/2
990,77,2024,10,26,長水路,個人,16,50m自由形,男子,,,,,,75～79歳,1,滋野文夫,男子,セ・前橋,30.61,,,,,,,,TRUE,32.10,30.08,29.19,18/9
991,77,2024,10,26,長水路,個人,16,50m自由形,男子,,,,,,75～79歳,2,木津誠,男子,セ・成城,35.17,,,,,,,,,32.10,30.08,29.19,9/5
992,77,2024,10,26,長水路,個人,16,50m自由形,男子,,,,,,75～79歳,3,嶋﨑昭夫,男子,セ・西東京,37.76,,,,,,,,,32.10,30.08,29.19,8/3
993,77,2024,10,26,長水路,個人,16,50m自由形,男子,,,,,,75～79歳,4,瀧下敏和,男子,セ・志木,41.51,,,,,,,,,32.10,30.08,29.19,6/1
994,77,2024,10,26,長水路,個人,16,50m自由形,男子,,,,,,75～79歳,5,石井肇,男子,墨田区体育館,42.33,,,,,,,,,32.10,30.08,29.19,3/9
995,77,2024,10,26,長水路,個人,16,50m自由形,男子,,,,,,75～79歳,6,丸喜章,男子,セ・茂原,43.02,,,,,,,,,32.10,30.08,29.19,6/2
996,77,2024,10,26,長水路,個人,16,50m自由形,男子,,,,,,75～79歳,7,田中信夫,男子,セ・越谷,45.66,,,,,,,,,32.10,30.08,29.19,3/7
997,77,2024,10,26,長水路,個人,16,50m自由形,男子,,,,,,75～79歳,8,松永勝,男子,セ・おおたか,46.06,,,,,,,,,32.10,30.08,29.19,2/4
998,77,2024,10,26,長水路,個人,16,50m自由形,男子,,,,,,75～79歳,9,御手洗康美,男子,セ・大森,46.19,,,,,,,,,32.10,30.08,29.19,2/7
999,77,2024,10,26,長水路,個人,16,50m自由形,男子,,,,,,75～79歳,10,手塚満,男子,セ・おおたか,47.64,,,,,,,,,32.10,30.08,29.19,3/2
1000,77,2024,10,26,長水路,個人,16,50m自由形,男子,,,,,,75～79歳,11,泉保央,男子,セ・慶應日吉,49.83,,,,,,,,,32.10,30.08,29.19,3/3
1001,77,2024,10,26,長水路,個人,16,50m自由形,男子,,,,,,75～79歳,12,内田幸稔,男子,セ・松戸,50.34,,,,,,,,,32.10,30.08,29.19,5/10
1002,77,2024,10,26,長水路,個人,16,50m自由形,男子,,,,,,75～79歳,13,竹島正明,男子,セ・越谷,52.66,,,,,,,,,32.10,30.08,29.19,1/5
1003,77,2024,10,26,長水路,個人,16,50m自由形,男子,,,,,,70～74歳,1,亀田一麿,男子,セ・東戸塚,33.41,,,,,,,,,,,,13/5
1004,77,2024,10,26,長水路,個人,16,50m自由形,男子,,,,,,70～74歳,2,安藤次郎,男子,セ・館山,33.95,,,,,,,,,,,,12/2
1005,77,2024,10,26,長水路,個人,16,50m自由形,男子,,,,,,70～74歳,3,鈴木幹男,男子,セ・我孫子,36.05,,,,,,,,,,,,11/2
1006,77,2024,10,26,長水路,個人,16,50m自由形,男子,,,,,,70～74歳,4,古川賢一郎,男子,ザバス川崎,39.06,,,,,,,,,,,,5/5
1007,77,2024,10,26,長水路,個人,16,50m自由形,男子,,,,,,70～74歳,5,幡場達明,男子,セ・大宮宮原,39.37,,,,,,,,,,,,8/9
1008,77,2024,10,26,長水路,個人,16,50m自由形,男子,,,,,,70～74歳,6,橋本亘,男子,セ・おおたか,39.45,,,,,,,,,,,,5/6
1009,77,2024,10,26,長水路,個人,16,50m自由形,男子,,,,,,70～74歳,7,宇佐美栄二,男子,セ・阿佐谷,40.53,,,,,,,,,,,,7/5
1010,77,2024,10,26,長水路,個人,16,50m自由形,男子,,,,,,70～74歳,8,常山賢二,男子,曽谷・セ,40.66,,,,,,,,,,,,6/7
1011,77,2024,10,26,長水路,個人,16,50m自由形,男子,,,,,,70～74歳,9,服部陽一,男子,セ・成瀬,41.21,,,,,,,,,,,,6/10
1012,77,2024,10,26,長水路,個人,16,50m自由形,男子,,,,,,70～74歳,10,梅村潔,男子,セ・茂原,42.15,,,,,,,,,,,,4/7
1013,77,2024,10,26,長水路,個人,16,50m自由形,男子,,,,,,70～74歳,11,中村雄一,男子,Ｇ－ＳＰＡ,42.37,,,,,,,,,,,,5/4
1014,77,2024,10,26,長水路,個人,16,50m自由形,男子,,,,,,70～74歳,12,松下達一,男子,セ・成城,43.33,,,,,,,,,,,,6/9
1015,77,2024,10,26,長水路,個人,16,50m自由形,男子,,,,,,70～74歳,13,大久保美伸,男子,セ・松戸,47.02,,,,,,,,,,,,3/8
1016,77,2024,10,26,長水路,個人,16,50m自由形,男子,,,,,,70～74歳,14,山田幸男,男子,セ・南千住,47.41,,,,,,,,,,,,3/4
1017,77,2024,10,26,長水路,個人,16,50m自由形,男子,,,,,,70～74歳,15,増田行雄,男子,セ・蒲田,49.40,,,,,,,,,,,,2/8
1018,77,2024,10,26,長水路,個人,16,50m自由形,男子,,,,,,70～74歳,16,高橋修一,男子,セ・我孫子,50.52,,,,,,,,,,,,2/3
1019,77,2024,10,26,長水路,個人,16,50m自由形,男子,,,,,,70～74歳,17,森下善夫,男子,セ・大宮宮原,52.30,,,,,,,,,,,,3/10
1020,77,2024,10,26,長水路,個人,16,50m自由形,男子,,,,,,65～69歳,1,冨松実,男子,セ・二俣川,32.99,,,,,,,,,28.14,26.35,26.21,15/9
1021,77,2024,10,26,長水路,個人,16,50m自由形,男子,,,,,,65～69歳,2,槙田誠,男子,セ・南千住,34.68,,,,,,,,,28.14,26.35,26.21,12/3
1022,77,2024,10,26,長水路,個人,16,50m自由形,男子,,,,,,65～69歳,3,山梨英克,男子,セ・我孫子,35.10,,,,,,,,,28.14,26.35,26.21,9/6
1023,77,2024,10,26,長水路,個人,16,50m自由形,男子,,,,,,65～69歳,4,佐藤信弘,男子,セ・桶川北本,35.37,,,,,,,,,28.14,26.35,26.21,10/7
1024,77,2024,10,26,長水路,個人,16,50m自由形,男子,,,,,,65～69歳,5,五十嵐洋,男子,セ・おおたか,35.93,,,,,,,,,28.14,26.35,26.21,10/5
1025,77,2024,10,26,長水路,個人,16,50m自由形,男子,,,,,,65～69歳,6,阿部宏之助,男子,セ・上池袋,38.24,,,,,,,,,28.14,26.35,26.21,8/2
1026,77,2024,10,26,長水路,個人,16,50m自由形,男子,,,,,,65～69歳,7,茂木和哉,男子,セ・市ヶ尾,38.29,,,,,,,,,28.14,26.35,26.21,9/3
1027,77,2024,10,26,長水路,個人,16,50m自由形,男子,,,,,,65～69歳,8,西森文史郎,男子,セ・長津田,38.37,,,,,,,,,28.14,26.35,26.21,9/4
1028,77,2024,10,26,長水路,個人,16,50m自由形,男子,,,,,,65～69歳,9,仲宇佐隆一,男子,セ・横浜,38.41,,,,,,,,,28.14,26.35,26.21,10/9
1029,77,2024,10,26,長水路,個人,16,50m自由形,男子,,,,,,65～69歳,10,山中一男,男子,セ・阿佐谷,39.73,,,,,,,,,28.14,26.35,26.21,8/8
1030,77,2024,10,26,長水路,個人,16,50m自由形,男子,,,,,,65～69歳,11,金丸正弘,男子,セ・府中,40.68,,,,,,,,,28.14,26.35,26.21,2/2
1031,77,2024,10,26,長水路,個人,16,50m自由形,男子,,,,,,65～69歳,12,赤坂吉昭,男子,セ・葛西,41.91,,,,,,,,,28.14,26.35,26.21,9/7
1032,77,2024,10,26,長水路,個人,16,50m自由形,男子,,,,,,65～69歳,13,内藤謙一,男子,セ・松戸,43.18,,,,,,,,,28.14,26.35,26.21,2/6
1033,77,2024,10,26,長水路,個人,16,50m自由形,男子,,,,,,65～69歳,14,秋山和弘,男子,ザバス鶴見,47.29,,,,,,,,,28.14,26.35,26.21,3/1
1034,77,2024,10,26,長水路,個人,16,50m自由形,男子,,,,,,65～69歳,15,櫛田伸彦,男子,ザバス鶴見,47.65,,,,,,,,,28.14,26.35,26.21,4/8
1035,77,2024,10,26,長水路,個人,16,50m自由形,男子,,,,,,65～69歳,16,楢橋章,男子,セ・川越,55.68,,,,,,,,,28.14,26.35,26.21,2/9
1036,77,2024,10,26,長水路,個人,16,50m自由形,男子,,,,,,60～64歳,1,金子勝,男子,セ・岩槻,30.64,,,,,,,,,27.13,26.66,24.82,17/2
1037,77,2024,10,26,長水路,個人,16,50m自由形,男子,,,,,,60～64歳,2,和田浩一,男子,セ・用賀,30.81,,,,,,,,,27.13,26.66,24.82,16/6
1038,77,2024,10,26,長水路,個人,16,50m自由形,男子,,,,,,60～64歳,3,沼田真清,男子,セ・南青山,31.04,,,,,,,,,27.13,26.66,24.82,19/7
1039,77,2024,10,26,長水路,個人,16,50m自由形,男子,,,,,,60～64歳,4,廣本佳也,男子,セ・上池袋,32.02,,,,,,,,,27.13,26.66,24.82,15/5
1040,77,2024,10,26,長水路,個人,16,50m自由形,男子,,,,,,60～64歳,5,神尾尚人,男子,セ・市ヶ尾,32.59,,,,,,,,,27.13,26.66,24.82,14/3
1041,77,2024,10,26,長水路,個人,16,50m自由形,男子,,,,,,60～64歳,6,中村幸弘,男子,セ・越谷,32.74,,,,,,,,,27.13,26.66,24.82,14/6
1042,77,2024,10,26,長水路,個人,16,50m自由形,男子,,,,,,60～64歳,7,一色洋志,男子,セ・福生,32.93,,,,,,,,,27.13,26.66,24.82,13/6
1043,77,2024,10,26,長水路,個人,16,50m自由形,男子,,,,,,60～64歳,8,森明法,男子,セ・慶應日吉,33.08,,,,,,,,,27.13,26.66,24.82,11/6
1044,77,2024,10,26,長水路,個人,16,50m自由形,男子,,,,,,60～64歳,9,名田裕,男子,セ・稲毛海岸,34.48,,,,,,,,,27.13,26.66,24.82,13/9
1045,77,2024,10,26,長水路,個人,16,50m自由形,男子,,,,,,60～64歳,10,横浜健,男子,セ・南青山,34.95,,,,,,,,,27.13,26.66,24.82,13/2
1046,77,2024,10,26,長水路,個人,16,50m自由形,男子,,,,,,60～64歳,11,金田雅之,男子,セ・能見台,35.13,,,,,,,,,27.13,26.66,24.82,12/9
1047,77,2024,10,26,長水路,個人,16,50m自由形,男子,,,,,,60～64歳,12,横山恵一,男子,セ・越谷,35.61,,,,,,,,,27.13,26.66,24.82,7/4
1048,77,2024,10,26,長水路,個人,16,50m自由形,男子,,,,,,60～64歳,13,二宮次郎,男子,セ・南宇都宮,36.60,,,,,,,,,27.13,26.66,24.82,8/6
1049,77,2024,10,26,長水路,個人,16,50m自由形,男子,,,,,,60～64歳,14,山元修一,男子,セ・葛西,39.18,,,,,,,,,27.13,26.66,24.82,4/2
1050,77,2024,10,26,長水路,個人,16,50m自由形,男子,,,,,,60～64歳,15,後藤潤,男子,セ・成城,39.25,,,,,,,,,27.13,26.66,24.82,6/3
1051,77,2024,10,26,長水路,個人,16,50m自由形,男子,,,,,,60～64歳,16,渡邉聖,男子,セ・大森,39.26,,,,,,,,,27.13,26.66,24.82,6/8
1052,77,2024,10,26,長水路,個人,16,50m自由形,男子,,,,,,60～64歳,17,山本勝,男子,セ・慶應日吉,39.34,,,,,,,,,27.13,26.66,24.82,7/6
1053,77,2024,10,26,長水路,個人,16,50m自由形,男子,,,,,,60～64歳,18,上松高造,男子,セ・武蔵小杉,41.31,,,,,,,,,27.13,26.66,24.82,5/3
1054,77,2024,10,26,長水路,個人,16,50m自由形,男子,,,,,,60～64歳,19,安藤靖,男子,セ・南青山,41.68,,,,,,,,,27.13,26.66,24.82,8/1
1055,77,2024,10,26,長水路,個人,16,50m自由形,男子,,,,,,60～64歳,20,岡部浩次,男子,セ・上池袋,42.42,,,,,,,,,27.13,26.66,24.82,6/6
1056,77,2024,10,26,長水路,個人,16,50m自由形,男子,,,,,,60～64歳,21,具島春彦,男子,セ・大森,50.68,,,,,,,,,27.13,26.66,24.82,5/8
1057,77,2024,10,26,長水路,個人,16,50m自由形,男子,,,,,,60～64歳,22,中村努,男子,セ・市川,1:10.76,,,,,,,,,27.13,26.66,24.82,1/3
1058,77,2024,10,26,長水路,個人,16,50m自由形,男子,,,,,,55～59歳,1,金子惠一,男子,セ・前橋,27.90,,,,,,,,,26.96,24.45,24.45,23/9
1059,77,2024,10,26,長水路,個人,16,50m自由形,男子,,,,,,55～59歳,2,阿部憲一,男子,セ・大宮宮原,28.74,,,,,,,,,26.96,24.45,24.45,20/5
1060,77,2024,10,26,長水路,個人,16,50m自由形,男子,,,,,,55～59歳,3,中村勝,男子,セ・南千住,29.92,,,,,,,,,26.96,24.45,24.45,20/2
1061,77,2024,10,26,長水路,個人,16,50m自由形,男子,,,,,,55～59歳,4,小林健,男子,セ・葛西,30.42,,,,,,,,,26.96,24.45,24.45,17/3
1062,77,2024,10,26,長水路,個人,16,50m自由形,男子,,,,,,55～59歳,5,浅田康朗,男子,セ・大森,30.74,,,,,,,,,26.96,24.45,24.45,19/6
1063,77,2024,10,26,長水路,個人,16,50m自由形,男子,,,,,,55～59歳,6,兵藤鋭雄,男子,セ・目黒,31.03,,,,,,,,,26.96,24.45,24.45,17/7
1064,77,2024,10,26,長水路,個人,16,50m自由形,男子,,,,,,55～59歳,7,山賀勝之,男子,セ・南青山,31.06,,,,,,,,,26.96,24.45,24.45,16/3
1065,77,2024,10,26,長水路,個人,16,50m自由形,男子,,,,,,55～59歳,8,新井良育,男子,セ・市ヶ尾,31.79,,,,,,,,,26.96,24.45,24.45,14/9
1066,77,2024,10,26,長水路,個人,16,50m自由形,男子,,,,,,55～59歳,9,山田隆弘,男子,セ・市川,32.14,,,,,,,,,26.96,24.45,24.45,15/7
1067,77,2024,10,26,長水路,個人,16,50m自由形,男子,,,,,,55～59歳,10,穴田啓樹,男子,セ・慶應日吉,32.88,,,,,,,,,26.96,24.45,24.45,12/5
1068,77,2024,10,26,長水路,個人,16,50m自由形,男子,,,,,,55～59歳,11,福田剛紀,男子,Ｇ－ＳＰＡ,33.13,,,,,,,,,26.96,24.45,24.45,13/3
1069,77,2024,10,26,長水路,個人,16,50m自由形,男子,,,,,,55～59歳,12,田中基幹,男子,セ・流山,33.31,,,,,,,,,26.96,24.45,24.45,14/8
1070,77,2024,10,26,長水路,個人,16,50m自由形,男子,,,,,,55～59歳,13,佐藤正章,男子,セ・用賀,33.77,,,,,,,,,26.96,24.45,24.45,14/2
1071,77,2024,10,26,長水路,個人,16,50m自由形,男子,,,,,,55～59歳,14,兼森伸兒,男子,ザバス八景,34.75,,,,,,,,,,,,13/1
1072,77,2024,10,26,長水路,個人,16,50m自由形,男子,,,,,,55～59歳,15,大木義之,男子,セ・清瀬,36.11,,,,,,,,,,,,8/5
1073,77,2024,10,26,長水路,個人,16,50m自由形,男子,,,,,,55～59歳,16,佐野裕之,男子,セ・武蔵小杉,36.94,,,,,,,,,,,,8/7
1074,77,2024,10,26,長水路,個人,16,50m自由形,男子,,,,,,55～59歳,17,北村勇,男子,セ・能見台,37.33,,,,,,,,,,,,9/8
1075,77,2024,10,26,長水路,個人,16,50m自由形,男子,,,,,,55～59歳,18,萱沼憲司郎,男子,セ・茂原,38.07,,,,,,,,,,,,10/1
1076,77,2024,10,26,長水路,個人,16,50m自由形,男子,,,,,,55～59歳,19,福田義晴,男子,セ・市川,39.27,,,,,,,,,,,,8/4
1077,77,2024,10,26,長水路,個人,16,50m自由形,男子,,,,,,55～59歳,20,小野和彦,男子,セ・新川崎,42.29,,,,,,,,,,,,4/9
1078,77,2024,10,26,長水路,個人,16,50m自由形,男子,,,,,,55～59歳,21,安部盛博,男子,セ・成城,42.78,,,,,,,,,,,,5/1
1079,77,2024,10,26,長水路,個人,16,50m自由形,男子,,,,,,55～59歳,22,半澤繁,男子,セ・清瀬,44.38,,,,,,,,,,,,5/9
1080,77,2024,10,26,長水路,個人,16,50m自由形,男子,,,,,,55～59歳,23,須川真彦,男子,セ・S湘南台,47.87,,,,,,,,,,,,1/4
1081,77,2024,10,26,長水路,個人,16,50m自由形,男子,,,,,,50～54歳,1,池田正輝,男子,セ・市ヶ尾,25.70,,,,,,,,TRUE,26.99,24.08,24.08,25/3
1082,77,2024,10,26,長水路,個人,16,50m自由形,男子,,,,,,50～54歳,2,大村俊文,男子,セ・二俣川,26.64,,,,,,,,TRUE,26.99,24.08,24.08,21/7
1083,77,2024,10,26,長水路,個人,16,50m自由形,男子,,,,,,50～54歳,3,長崎啓,男子,セ・二俣川,28.73,,,,,,,,,26.99,24.08,24.08,23/8
1084,77,2024,10,26,長水路,個人,16,50m自由形,男子,,,,,,50～54歳,4,川端邦武,男子,セ・西台,29.13,,,,,,,,,26.99,24.08,24.08,18/5
1085,77,2024,10,26,長水路,個人,16,50m自由形,男子,,,,,,50～54歳,5,松崎敏明,男子,セ・慶應日吉,29.27,,,,,,,,,26.99,24.08,24.08,22/6
1086,77,2024,10,26,長水路,個人,16,50m自由形,男子,,,,,,50～54歳,6,藤本豊和,男子,セ・長津田,29.41,,,,,,,,,26.99,24.08,24.08,21/6
1087,77,2024,10,26,長水路,個人,16,50m自由形,男子,,,,,,50～54歳,7,石上智啓,男子,セ・二俣川,29.81,,,,,,,,,26.99,24.08,24.08,22/10
1088,77,2024,10,26,長水路,個人,16,50m自由形,男子,,,,,,50～54歳,8,西村太郎,男子,セ・千葉みなと,29.85,,,,,,,,,26.99,24.08,24.08,18/8
1089,77,2024,10,26,長水路,個人,16,50m自由形,男子,,,,,,50～54歳,9,阿部賢裕,男子,セ・能見台,29.95,,,,,,,,,26.99,24.08,24.08,17/4
1090,77,2024,10,26,長水路,個人,16,50m自由形,男子,,,,,,50～54歳,10,増渕博之,男子,セ・藤沢,30.09,,,,,,,,,26.99,24.08,24.08,15/4
1091,77,2024,10,26,長水路,個人,16,50m自由形,男子,,,,,,50～54歳,11,弭間政隆,男子,セ・葛西,30.21,,,,,,,,,26.99,24.08,24.08,17/9
1092,77,2024,10,26,長水路,個人,16,50m自由形,男子,,,,,,50～54歳,12,門倉孝行,男子,セ・慶應日吉,30.31,,,,,,,,,26.99,24.08,24.08,10/6
1093,77,2024,10,26,長水路,個人,16,50m自由形,男子,,,,,,50～54歳,13,荒井正明,男子,セ・八千代台,30.37,,,,,,,,,26.99,24.08,24.08,17/6
1094,77,2024,10,26,長水路,個人,16,50m自由形,男子,,,,,,50～54歳,14,西野宮冬木,男子,セ・長津田,30.68,,,,,,,,,26.99,24.08,24.08,16/2
1095,77,2024,10,26,長水路,個人,16,50m自由形,男子,,,,,,50～54歳,15,前田光輝,男子,セ・おおたか,30.69,,,,,,,,,26.99,24.08,24.08,11/4
1096,77,2024,10,26,長水路,個人,16,50m自由形,男子,,,,,,50～54歳,16,内藤充,男子,セ・新川崎,30.85,,,,,,,,,26.99,24.08,24.08,17/8
1097,77,2024,10,26,長水路,個人,16,50m自由形,男子,,,,,,50～54歳,17,青木健二,男子,セ・蒲田,31.10,,,,,,,,,26.99,24.08,24.08,17/10
1098,77,2024,10,26,長水路,個人,16,50m自由形,男子,,,,,,50～54歳,18,山田大介,男子,セ・武蔵小杉,31.15,,,,,,,,,26.99,24.08,24.08,16/7
1099,77,2024,10,26,長水路,個人,16,50m自由形,男子,,,,,,50～54歳,19,足立晃,男子,セ・新川崎,31.41,,,,,,,,,26.99,24.08,24.08,18/3
1100,77,2024,10,26,長水路,個人,16,50m自由形,男子,,,,,,50～54歳,20,成島毅,男子,セ・F宇都宮,32.06,,,,,,,,,26.99,24.08,24.08,12/6
1101,77,2024,10,26,長水路,個人,16,50m自由形,男子,,,,,,50～54歳,21,廣瀬淳一,男子,セ・トレッサ,32.59,,,,,,,,,26.99,24.08,24.08,15/8
1102,77,2024,10,26,長水路,個人,16,50m自由形,男子,,,,,,50～54歳,22,千葉忠英,男子,セ・天王洲,33.30,,,,,,,,,26.99,24.08,24.08,14/4
1103,77,2024,10,26,長水路,個人,16,50m自由形,男子,,,,,,50～54歳,23,岡田能行,男子,セ・越谷,33.66,,,,,,,,,26.99,24.08,24.08,15/1
1104,77,2024,10,26,長水路,個人,16,50m自由形,男子,,,,,,50～54歳,24,松本考弘,男子,セ・清瀬,33.84,,,,,,,,,26.99,24.08,24.08,15/6
1105,77,2024,10,26,長水路,個人,16,50m自由形,男子,,,,,,50～54歳,25,金子謙一,男子,セ・長津田,34.15,,,,,,,,,26.99,24.08,24.08,12/4
1106,77,2024,10,26,長水路,個人,16,50m自由形,男子,,,,,,50～54歳,26,高梨繁,男子,ザバス川崎,34.95,,,,,,,,,,,,12/7
1107,77,2024,10,26,長水路,個人,16,50m自由形,男子,,,,,,50～54歳,27,塚越有宏,男子,セ・市ヶ尾,35.37,,,,,,,,,,,,7/7
1108,77,2024,10,26,長水路,個人,16,50m自由形,男子,,,,,,50～54歳,28,大川明徳,男子,セ・阿佐谷,35.54,,,,,,,,,,,,10/4
1109,77,2024,10,26,長水路,個人,16,50m自由形,男子,,,,,,50～54歳,29,庄司和明,男子,セ・松戸,36.11,,,,,,,,,,,,10/3
1110,77,2024,10,26,長水路,個人,16,50m自由形,男子,,,,,,50～54歳,30,宮本昌雄,男子,セ・二俣川,36.42,,,,,,,,,,,,12/1
1111,77,2024,10,26,長水路,個人,16,50m自由形,男子,,,,,,50～54歳,31,バーンズノーマンウィ,男子,セ・松戸,36.57,,,,,,,,,,,,10/8
1112,77,2024,10,26,長水路,個人,16,50m自由形,男子,,,,,,50～54歳,32,鈴木克彦,男子,セ・平塚,37.68,,,,,,,,,,,,4/1
1113,77,2024,10,26,長水路,個人,16,50m自由形,男子,,,,,,50～54歳,33,三﨑淳二,男子,セ・桶川北本,38.16,,,,,,,,,,,,5/2
1114,77,2024,10,26,長水路,個人,16,50m自由形,男子,,,,,,50～54歳,34,向山高弘,男子,セ・ときわ台,39.75,,,,,,,,,,,,8/10
1115,77,2024,10,26,長水路,個人,16,50m自由形,男子,,,,,,50～54歳,35,東條博,男子,セ・阿佐谷,42.04,,,,,,,,,,,,4/10
1116,77,2024,10,26,長水路,個人,16,50m自由形,男子,,,,,,50～54歳,36,落合理,男子,セ・武蔵小杉,42.28,,,,,,,,,,,,6/4
1117,77,2024,10,26,長水路,個人,16,50m自由形,男子,,,,,,50～54歳,37,飯田勝章,男子,セ・志木,44.63,,,,,,,,,,,,3/5
1118,77,2024,10,26,長水路,個人,16,50m自由形,男子,,,,,,45～49歳,1,北川貴義,男子,セ・阿佐谷,28.20,,,,,,,,,25.69,23.55,23.55,21/4
1119,77,2024,10,26,長水路,個人,16,50m自由形,男子,,,,,,45～49歳,2,倉持公一,男子,セ・天王洲,28.58,,,,,,,,,25.69,23.55,23.55,21/9
1120,77,2024,10,26,長水路,個人,16,50m自由形,男子,,,,,,45～49歳,3,渡邊忠幸,男子,セ・南宇都宮,28.74,,,,,,,,,25.69,23.55,23.55,22/4
1121,77,2024,10,26,長水路,個人,16,50m自由形,男子,,,,,,45～49歳,4,堀川広祐,男子,セ・二俣川,28.88,,,,,,,,,25.69,23.55,23.55,22/1
1122,77,2024,10,26,長水路,個人,16,50m自由形,男子,,,,,,45～49歳,5,宅間健介,男子,セ・天王洲,29.24,,,,,,,,,25.69,23.55,23.55,18/4
1123,77,2024,10,26,長水路,個人,16,50m自由形,男子,,,,,,45～49歳,6,前田潤,男子,セ・松戸,29.43,,,,,,,,,25.69,23.55,23.55,18/2
1124,77,2024,10,26,長水路,個人,16,50m自由形,男子,,,,,,45～49歳,7,佐々木茂倫,男子,セ・流山,29.50,,,,,,,,,25.69,23.55,23.55,20/8
1125,77,2024,10,26,長水路,個人,16,50m自由形,男子,,,,,,45～49歳,8,加地隆史,男子,セ・葛西,29.77,,,,,,,,,25.69,23.55,23.55,18/7
1126,77,2024,10,26,長水路,個人,16,50m自由形,男子,,,,,,45～49歳,8,今井裕介,男子,セ・南千住,29.77,,,,,,,,,25.69,23.55,23.55,20/1
1127,77,2024,10,26,長水路,個人,16,50m自由形,男子,,,,,,45～49歳,10,宮崎健,男子,セ・福生,30.14,,,,,,,,,25.69,23.55,23.55,21/1
1128,77,2024,10,26,長水路,個人,16,50m自由形,男子,,,,,,45～49歳,11,宮岡亮介,男子,セ・亀有,30.43,,,,,,,,,25.69,23.55,23.55,16/5
1129,77,2024,10,26,長水路,個人,16,50m自由形,男子,,,,,,45～49歳,12,磯貝知弘,男子,セ・柏,30.73,,,,,,,,,25.69,23.55,23.55,20/10
1130,77,2024,10,26,長水路,個人,16,50m自由形,男子,,,,,,45～49歳,13,花輪博之,男子,セ・越谷,30.79,,,,,,,,,25.69,23.55,23.55,18/1
1131,77,2024,10,26,長水路,個人,16,50m自由形,男子,,,,,,45～49歳,14,松平一真,男子,セ・本郷台,30.86,,,,,,,,,25.69,23.55,23.55,19/5
1132,77,2024,10,26,長水路,個人,16,50m自由形,男子,,,,,,45～49歳,15,若杉佳宏,男子,セ・阿佐谷,31.15,,,,,,,,,25.69,23.55,23.55,18/10
1133,77,2024,10,26,長水路,個人,16,50m自由形,男子,,,,,,45～49歳,16,栗原大輔,男子,セ・成瀬,31.38,,,,,,,,,25.69,23.55,23.55,13/8
1134,77,2024,10,26,長水路,個人,16,50m自由形,男子,,,,,,45～49歳,17,西田幸弘,男子,セ・藤沢,31.71,,,,,,,,,25.69,23.55,23.55,15/10
1135,77,2024,10,26,長水路,個人,16,50m自由形,男子,,,,,,45～49歳,18,中嶋智史,男子,セ・市ヶ尾,32.25,,,,,,,,,25.69,23.55,23.55,16/8
1136,77,2024,10,26,長水路,個人,16,50m自由形,男子,,,,,,45～49歳,19,櫻井直仁,男子,セ・清瀬,33.27,,,,,,,,,25.69,23.55,23.55,14/10
1137,77,2024,10,26,長水路,個人,16,50m自由形,男子,,,,,,45～49歳,20,浅野亮介,男子,セ・新都心,33.69,,,,,,,,,25.69,23.55,23.55,7/8
1138,77,2024,10,26,長水路,個人,16,50m自由形,男子,,,,,,45～49歳,21,小島直政,男子,セ・久喜,34.04,,,,,,,,,25.69,23.55,23.55,9/2
1139,77,2024,10,26,長水路,個人,16,50m自由形,男子,,,,,,45～49歳,22,小林貴大,男子,セ・蘇我,34.15,,,,,,,,,25.69,23.55,23.55,12/8
1140,77,2024,10,26,長水路,個人,16,50m自由形,男子,,,,,,45～49歳,23,田辺直行,男子,セ・武蔵小杉,34.60,,,,,,,,,25.69,23.55,23.55,7/3
1141,77,2024,10,26,長水路,個人,16,50m自由形,男子,,,,,,45～49歳,24,鈴木直哉,男子,セ・八王子,35.37,,,,,,,,,,,,11/9
1142,77,2024,10,26,長水路,個人,16,50m自由形,男子,,,,,,45～49歳,25,志水剛,男子,セ・大宮宮原,37.06,,,,,,,,,,,,10/10
1143,77,2024,10,26,長水路,個人,16,50m自由形,男子,,,,,,40～44歳,1,前田崇行,男子,セ・二俣川,26.52,,,,,,,,,25.23,23.25,23.14,24/7
1144,77,2024,10,26,長水路,個人,16,50m自由形,男子,,,,,,40～44歳,2,山口雅文,男子,ミズノMT,26.93,,,,,,,,,25.23,23.25,23.14,11/3
1145,77,2024,10,26,長水路,個人,16,50m自由形,男子,,,,,,40～44歳,3,吉田拓磨,男子,セ・上池袋,27.03,,,,,,,,,25.23,23.25,23.14,23/3
1146,77,2024,10,26,長水路,個人,16,50m自由形,男子,,,,,,40～44歳,4,村上守,男子,セ・成城,28.37,,,,,,,,,25.23,23.25,23.14,20/4
1147,77,2024,10,26,長水路,個人,16,50m自由形,男子,,,,,,40～44歳,5,木村知行,男子,セ・二俣川,28.42,,,,,,,,,25.23,23.25,23.14,21/3
1148,77,2024,10,26,長水路,個人,16,50m自由形,男子,,,,,,40～44歳,6,石井将太,男子,セ・成瀬,28.52,,,,,,,,,25.23,23.25,23.14,22/5
1149,77,2024,10,26,長水路,個人,16,50m自由形,男子,,,,,,40～44歳,7,鈴木敏志,男子,セ・松戸,28.90,,,,,,,,,25.23,23.25,23.14,23/1
1150,77,2024,10,26,長水路,個人,16,50m自由形,男子,,,,,,40～44歳,8,小林弘典,男子,セ・大森,29.03,,,,,,,,,25.23,23.25,23.14,21/2
1151,77,2024,10,26,長水路,個人,16,50m自由形,男子,,,,,,40～44歳,9,宮崎隆寛,男子,セ・越谷,32.44,,,,,,,,,25.23,23.25,23.14,13/4
1152,77,2024,10,26,長水路,個人,16,50m自由形,男子,,,,,,40～44歳,10,山岡哲也,男子,セ・二俣川,32.78,,,,,,,,,25.23,23.25,23.14,17/1
1153,77,2024,10,26,長水路,個人,16,50m自由形,男子,,,,,,40～44歳,11,小田島丈典,男子,セ・福生,33.58,,,,,,,,,25.23,23.25,23.14,14/5
1154,77,2024,10,26,長水路,個人,16,50m自由形,男子,,,,,,40～44歳,12,上村匠,男子,セ・下北沢,34.23,,,,,,,,,25.23,23.25,23.14,13/7
1155,77,2024,10,26,長水路,個人,16,50m自由形,男子,,,,,,40～44歳,13,田中遼太,男子,セ・慶應日吉,34.43,,,,,,,,,25.23,23.25,23.14,12/10
1156,77,2024,10,26,長水路,個人,16,50m自由形,男子,,,,,,40～44歳,14,宇佐美学,男子,セ・大森,35.72,,,,,,,,,25.23,23.25,23.14,11/5
1157,77,2024,10,26,長水路,個人,16,50m自由形,男子,,,,,,40～44歳,15,清水大輔,男子,セ・桶川北本,38.06,,,,,,,,,25.23,23.25,23.14,10/2
1158,77,2024,10,26,長水路,個人,16,50m自由形,男子,,,,,,35～39歳,1,吉川重行,男子,セ・桶川北本,26.99,,,,,,,,,24.83,23.20,22.76,23/5
1159,77,2024,10,26,長水路,個人,16,50m自由形,男子,,,,,,35～39歳,2,高津周平,男子,セ・武蔵小杉,27.31,,,,,,,,,24.83,23.20,22.76,24/2
1160,77,2024,10,26,長水路,個人,16,50m自由形,男子,,,,,,35～39歳,3,鈴木遼,男子,セ・二俣川,29.93,,,,,,,,,24.83,23.20,22.76,19/4
1161,77,2024,10,26,長水路,個人,16,50m自由形,男子,,,,,,35～39歳,4,手塚一智,男子,セ・大宮宮原,30.94,,,,,,,,,24.83,23.20,22.76,19/3
1162,77,2024,10,26,長水路,個人,16,50m自由形,男子,,,,,,35～39歳,5,佐々木悠介,男子,セ・福島,36.82,,,,,,,,,24.83,23.20,22.76,11/10
1163,77,2024,10,26,長水路,個人,16,50m自由形,男子,,,,,,30～34歳,1,板垣義人,男子,セ・トレッサ,24.97,,,,,,,,,24.64,22.95,22.13,25/5
1164,77,2024,10,26,長水路,個人,16,50m自由形,男子,,,,,,30～34歳,2,塚本拓也,男子,セ・清瀬,27.00,,,,,,,,,24.64,22.95,22.13,23/6
1165,77,2024,10,26,長水路,個人,16,50m自由形,男子,,,,,,30～34歳,3,石井孟,男子,セ・葛西,27.63,,,,,,,,,24.64,22.95,22.13,24/1
1166,77,2024,10,26,長水路,個人,16,50m自由形,男子,,,,,,30～34歳,4,梅林大貴,男子,セ・成城,28.45,,,,,,,,,24.64,22.95,22.13,19/8
1167,77,2024,10,26,長水路,個人,16,50m自由形,男子,,,,,,30～34歳,5,寺田遼太,男子,セ・天王洲,28.83,,,,,,,,,24.64,22.95,22.13,21/5
1168,77,2024,10,26,長水路,個人,16,50m自由形,男子,,,,,,30～34歳,6,大野淳哉,男子,セ・上池袋,30.87,,,,,,,,,24.64,22.95,22.13,14/7
1169,77,2024,10,26,長水路,個人,16,50m自由形,男子,,,,,,30～34歳,7,中村勇介,男子,セ・慶應日吉,33.91,,,,,,,,,24.64,22.95,22.13,11/8
1170,77,2024,10,26,長水路,個人,16,50m自由形,男子,,,,,,25～29歳,1,安芸祐作,男子,ミズノMT,25.02,,,,,,,,,24.20,22.75,22.30,25/7
1171,77,2024,10,26,長水路,個人,16,50m自由形,男子,,,,,,25～29歳,2,神戸優悠希,男子,セ・茂原,25.84,,,,,,,,,24.20,22.75,22.30,20/7
1172,77,2024,10,26,長水路,個人,16,50m自由形,男子,,,,,,25～29歳,3,松尾勇太,男子,セ・南青山,26.05,,,,,,,,,24.20,22.75,22.30,25/8
1173,77,2024,10,26,長水路,個人,16,50m自由形,男子,,,,,,25～29歳,4,宮田遼太,男子,セ・成城,26.37,,,,,,,,,24.20,22.75,22.30,23/2
1174,77,2024,10,26,長水路,個人,16,50m自由形,男子,,,,,,25～29歳,5,松澤朋樹,男子,セ・武蔵小杉,26.61,,,,,,,,,24.20,22.75,22.30,25/9
1175,77,2024,10,26,長水路,個人,16,50m自由形,男子,,,,,,25～29歳,6,小林和矢,男子,セ・成城,26.64,,,,,,,,,24.20,22.75,22.30,19/2
1176,77,2024,10,26,長水路,個人,16,50m自由形,男子,,,,,,25～29歳,7,鈴木央雅,男子,セ・清瀬,26.70,,,,,,,,,24.20,22.75,22.30,24/5
1177,77,2024,10,26,長水路,個人,16,50m自由形,男子,,,,,,25～29歳,8,高見沢重倫,男子,セ・慶應日吉,26.87,,,,,,,,,24.20,22.75,22.30,22/8
1178,77,2024,10,26,長水路,個人,16,50m自由形,男子,,,,,,25～29歳,9,中原志門,男子,セ・大森,27.05,,,,,,,,,24.20,22.75,22.30,24/6
1179,77,2024,10,26,長水路,個人,16,50m自由形,男子,,,,,,25～29歳,10,室坂拓真,男子,セ・用賀,27.10,,,,,,,,,24.20,22.75,22.30,24/3
1180,77,2024,10,26,長水路,個人,16,50m自由形,男子,,,,,,25～29歳,11,谷口太文,男子,ミズノMT,27.42,,,,,,,,,24.20,22.75,22.30,20/3
1181,77,2024,10,26,長水路,個人,16,50m自由形,男子,,,,,,25～29歳,12,加納聖士,男子,セ・葛西,27.94,,,,,,,,,24.20,22.75,22.30,19/9
1182,77,2024,10,26,長水路,個人,16,50m自由形,男子,,,,,,25～29歳,13,川西智大,男子,セ・南千住,28.29,,,,,,,,,24.20,22.75,22.30,22/7
1183,77,2024,10,26,長水路,個人,16,50m自由形,男子,,,,,,25～29歳,14,亀井智貴,男子,セ・用賀,31.53,,,,,,,,,24.20,22.75,22.30,7/2
1184,77,2024,10,26,長水路,個人,16,50m自由形,男子,,,,,,25～29歳,15,岡本昌也,男子,セ・藤沢,32.84,,,,,,,,,24.20,22.75,22.30,9/9
1185,77,2024,10,26,長水路,個人,16,50m自由形,男子,,,,,,18～24歳,1,設樂航希,男子,セ・流山,24.43,,,,,,,,,22.80,,,25/6
1186,77,2024,10,26,長水路,個人,16,50m自由形,男子,,,,,,18～24歳,2,韓準爀,男子,セ・八王子,24.62,,,,,,,,,22.80,,,25/2
1187,77,2024,10,26,長水路,個人,16,50m自由形,男子,,,,,,18～24歳,3,川口皓生,男子,セ・柏,25.45,,,,,,,,,22.80,,,25/4
1188,77,2024,10,26,長水路,個人,16,50m自由形,男子,,,,,,18～24歳,4,村田拓斗,男子,セ・長津田,25.60,,,,,,,,,22.80,,,25/10
1189,77,2024,10,26,長水路,個人,16,50m自由形,男子,,,,,,18～24歳,5,萩原裕大,男子,セ・清瀬,25.62,,,,,,,,,22.80,,,22/9
1190,77,2024,10,26,長水路,個人,16,50m自由形,男子,,,,,,18～24歳,6,青木海斗,男子,セ・用賀,26.39,,,,,,,,,22.80,,,24/8
1191,77,2024,10,26,長水路,個人,16,50m自由形,男子,,,,,,18～24歳,7,村上裕哉,男子,セ・南千住,26.82,,,,,,,,,22.80,,,23/7
1192,77,2024,10,26,長水路,個人,16,50m自由形,男子,,,,,,18～24歳,8,荒井優吾,男子,セ・成瀬,27.05,,,,,,,,,22.80,,,24/9
1193,77,2024,10,26,長水路,個人,16,50m自由形,男子,,,,,,18～24歳,8,重高良彦,男子,セ・能見台,27.05,,,,,,,,,22.80,,,25/1
1194,77,2024,10,26,長水路,個人,16,50m自由形,男子,,,,,,18～24歳,10,秋澤裕介,男子,セ・二俣川,27.17,,,,,,,,,22.80,,,23/4
1195,77,2024,10,26,長水路,個人,16,50m自由形,男子,,,,,,18～24歳,11,金子智哉,男子,セ・清瀬,27.42,,,,,,,,,22.80,,,22/2
1196,77,2024,10,26,長水路,個人,16,50m自由形,男子,,,,,,18～24歳,12,山泉晃也,男子,セ・東十条,28.86,,,,,,,,,22.80,,,21/10
1197,77,2024,10,26,長水路,個人,16,50m自由形,男子,,,,,,18～24歳,13,我妻雄大,男子,セ・南千住,29.42,,,,,,,,,22.80,,,19/10
1198,77,2024,10,26,長水路,個人,16,50m自由形,男子,,,,,,18～24歳,14,和澤情,男子,セ・八王子,29.49,,,,,,,,,22.80,,,24/10
1199,77,2024,10,26,長水路,個人,16,50m自由形,男子,,,,,,18～24歳,15,千原大樹,男子,セ・自由が丘,30.14,,,,,,,,,22.80,,,19/1
1200,77,2024,10,26,長水路,個人,16,50m自由形,男子,,,,,,18～24歳,16,勝又晃希,男子,セ・藤沢,30.46,,,,,,,,,22.80,,,13/10
1201,77,2024,10,26,長水路,個人,16,50m自由形,男子,,,,,,18～24歳,17,前納爽太,男子,セ・葛西,31.12,,,,,,,,,22.80,,,16/1
1202,77,2024,10,26,長水路,個人,16,50m自由形,男子,,,,,,18～24歳,18,田村翔,男子,セ・八王子,32.03,,,,,,,,,22.80,,,9/10
1203,77,2024,10,26,長水路,個人,16,50m自由形,男子,,,,,,18～24歳,19,松本海星,男子,セ・清瀬,32.54,,,,,,,,,22.80,,,16/10
1204,77,2024,10,26,長水路,個人,16,50m自由形,男子,,,,,,18～24歳,20,加藤慎梧,男子,ザバス川崎,34.00,,,,,,,,,22.80,,,9/1
1205,77,2024,10,26,長水路,個人,16,50m自由形,男子,,,,,,18～24歳,21,澤井康成,男子,Ｇ－ＳＰＡ,35.80,,,,,,,,,22.80,,,11/1
1206,77,2024,10,26,長水路,個人,20,50m平泳ぎ,女子,,,,,,90～94歳,,鈴木静江,女子,クリーンスパ,,,,,,,,,,,1:15.13,59.40,1/2
1207,77,2024,10,26,長水路,個人,20,50m平泳ぎ,女子,,,,,,85～89歳,1,大塚裕子,女子,セ・成城,1:05.13,,,,,,,,TRUE,1:07.67,54.32,51.83,2/5
1208,77,2024,10,26,長水路,個人,20,50m平泳ぎ,女子,,,,,,85～89歳,2,上田寿美子,女子,セ・成城,1:07.38,,,,,,,,TRUE,1:07.67,54.32,51.83,3/5
1209,77,2024,10,26,長水路,個人,20,50m平泳ぎ,女子,,,,,,80～84歳,1,佐藤由利子,女子,セ・用賀,1:01.95,,,,,,,,,58.72,47.59,46.94,4/6
1210,77,2024,10,26,長水路,個人,20,50m平泳ぎ,女子,,,,,,80～84歳,2,岡本靖子,女子,セ・慶應日吉,1:05.11,,,,,,,,,58.72,47.59,46.94,2/3
1211,77,2024,10,26,長水路,個人,20,50m平泳ぎ,女子,,,,,,80～84歳,3,永島郁子,女子,ザバス鶴見,1:10.08,,,,,,,,,58.72,47.59,46.94,1/5
1212,77,2024,10,26,長水路,個人,20,50m平泳ぎ,女子,,,,,,80～84歳,4,浜野操子,女子,セ・流山,1:16.41,,,,,,,,,58.72,47.59,46.94,1/6
1213,77,2024,10,26,長水路,個人,20,50m平泳ぎ,女子,,,,,,75～79歳,1,栗林眞知子,女子,セ・成城,57.18,,,,,,,,,55.75,43.95,43.95,6/4
1214,77,2024,10,26,長水路,個人,20,50m平泳ぎ,女子,,,,,,75～79歳,2,滋野好子,女子,セ・前橋,57.64,,,,,,,,,55.75,43.95,43.95,8/1
1215,77,2024,10,26,長水路,個人,20,50m平泳ぎ,女子,,,,,,75～79歳,3,岡田まり子,女子,CS南行徳,1:01.05,,,,,,,,,55.75,43.95,43.95,5/8
1216,77,2024,10,26,長水路,個人,20,50m平泳ぎ,女子,,,,,,75～79歳,4,福田加代子,女子,セ・戸塚,1:01.60,,,,,,,,,55.75,43.95,43.95,6/2
1217,77,2024,10,26,長水路,個人,20,50m平泳ぎ,女子,,,,,,75～79歳,5,坂本光子,女子,セ・越谷,1:04.85,,,,,,,,,55.75,43.95,43.95,3/7
1218,77,2024,10,26,長水路,個人,20,50m平泳ぎ,女子,,,,,,75～79歳,6,大手佳江,女子,セ・南千住,1:07.07,,,,,,,,,55.75,43.95,43.95,3/4
1219,77,2024,10,26,長水路,個人,20,50m平泳ぎ,女子,,,,,,75～79歳,7,諸橋暁子,女子,曽谷・セ,1:10.52,,,,,,,,,55.75,43.95,43.95,3/2
1220,77,2024,10,26,長水路,個人,20,50m平泳ぎ,女子,,,,,,75～79歳,8,原田早苗,女子,セ・南千住,1:13.38,,,,,,,,,55.75,43.95,43.95,3/9
1221,77,2024,10,26,長水路,個人,20,50m平泳ぎ,女子,,,,,,75～79歳,9,栗原羊子,女子,セ・流山,1:20.28,,,,,,,,,55.75,43.95,43.95,1/4
1222,77,2024,10,26,長水路,個人,20,50m平泳ぎ,女子,,,,,,75～79歳,10,安部澄子,女子,セ・我孫子,1:25.27,,,,,,,,,55.75,43.95,43.95,1/8
1223,77,2024,10,26,長水路,個人,20,50m平泳ぎ,女子,,,,,,75～79歳,11,西村咲喜子,女子,セ・志木,1:50.43,,,,,,,,,55.75,43.95,43.95,1/9
1224,77,2024,10,26,長水路,個人,20,50m平泳ぎ,女子,,,,,,70～74歳,1,小澤優子,女子,セ・葛西,57.78,,,,,,,,,46.76,42.98,41.67,5/5
1225,77,2024,10,26,長水路,個人,20,50m平泳ぎ,女子,,,,,,70～74歳,2,伊藤幸英,女子,ザバス鶴見,1:00.30,,,,,,,,,46.76,42.98,41.67,4/7
1226,77,2024,10,26,長水路,個人,20,50m平泳ぎ,女子,,,,,,70～74歳,3,松木真知子,女子,セ・ときわ台,1:00.32,,,,,,,,,46.76,42.98,41.67,5/2
1227,77,2024,10,26,長水路,個人,20,50m平泳ぎ,女子,,,,,,70～74歳,4,矢島きよえ,女子,CS南行徳,1:02.98,,,,,,,,,46.76,42.98,41.67,4/4
1228,77,2024,10,26,長水路,個人,20,50m平泳ぎ,女子,,,,,,70～74歳,5,荒深なみ,女子,セ・市ヶ尾,1:03.93,,,,,,,,,46.76,42.98,41.67,3/3
1229,77,2024,10,26,長水路,個人,20,50m平泳ぎ,女子,,,,,,70～74歳,6,末光とき子,女子,墨田区体育館,1:06.24,,,,,,,,,46.76,42.98,41.67,2/6
1230,77,2024,10,26,長水路,個人,20,50m平泳ぎ,女子,,,,,,70～74歳,7,樋口恵子,女子,セ・能見台,1:08.84,,,,,,,,,46.76,42.98,41.67,4/1
1231,77,2024,10,26,長水路,個人,20,50m平泳ぎ,女子,,,,,,65～69歳,1,高梨美樹,女子,セ・成城,48.57,,,,,,,,,45.59,42.07,39.91,11/3
1232,77,2024,10,26,長水路,個人,20,50m平泳ぎ,女子,,,,,,65～69歳,2,米澤美智子,女子,セ・成瀬,49.67,,,,,,,,,45.59,42.07,39.91,11/5
1233,77,2024,10,26,長水路,個人,20,50m平泳ぎ,女子,,,,,,65～69歳,3,田代眞理子,女子,セ・成城,51.06,,,,,,,,,45.59,42.07,39.91,10/5
1234,77,2024,10,26,長水路,個人,20,50m平泳ぎ,女子,,,,,,65～69歳,4,瀧下節子,女子,セ・志木,51.88,,,,,,,,,45.59,42.07,39.91,8/5
1235,77,2024,10,26,長水路,個人,20,50m平泳ぎ,女子,,,,,,65～69歳,5,三枚堂かよ子,女子,セ・阿佐谷,52.19,,,,,,,,,45.59,42.07,39.91,9/3
1236,77,2024,10,26,長水路,個人,20,50m平泳ぎ,女子,,,,,,65～69歳,6,浅野みどり,女子,セ・天王洲,55.14,,,,,,,,,45.59,42.07,39.91,8/2
1237,77,2024,10,26,長水路,個人,20,50m平泳ぎ,女子,,,,,,65～69歳,7,小笠原三春,女子,セ・八王子,55.73,,,,,,,,,45.59,42.07,39.91,9/5
1238,77,2024,10,26,長水路,個人,20,50m平泳ぎ,女子,,,,,,65～69歳,8,廣瀬伸子,女子,セ・成城,56.10,,,,,,,,,45.59,42.07,39.91,10/2
1239,77,2024,10,26,長水路,個人,20,50m平泳ぎ,女子,,,,,,65～69歳,9,立間玲子,女子,セ・我孫子,56.14,,,,,,,,,45.59,42.07,39.91,5/4
1240,77,2024,10,26,長水路,個人,20,50m平泳ぎ,女子,,,,,,65～69歳,10,五月女美幸,女子,セ・宇都宮,56.94,,,,,,,,,45.59,42.07,39.91,7/2
1241,77,2024,10,26,長水路,個人,20,50m平泳ぎ,女子,,,,,,65～69歳,11,新井瑞枝,女子,セ・流山,56.98,,,,,,,,,45.59,42.07,39.91,7/8
1242,77,2024,10,26,長水路,個人,20,50m平泳ぎ,女子,,,,,,65～69歳,12,掃部典子,女子,曽谷・セ,58.26,,,,,,,,,45.59,42.07,39.91,8/10
1243,77,2024,10,26,長水路,個人,20,50m平泳ぎ,女子,,,,,,65～69歳,13,太田初美,女子,セ・越谷,58.38,,,,,,,,,45.59,42.07,39.91,10/10
1244,77,2024,10,26,長水路,個人,20,50m平泳ぎ,女子,,,,,,65～69歳,14,益田加津子,女子,セ・自由が丘,58.86,,,,,,,,,45.59,42.07,39.91,7/7
1245,77,2024,10,26,長水路,個人,20,50m平泳ぎ,女子,,,,,,65～69歳,15,畠山眞由美,女子,セ・柏,1:00.11,,,,,,,,,45.59,42.07,39.91,6/9
1246,77,2024,10,26,長水路,個人,20,50m平泳ぎ,女子,,,,,,65～69歳,16,藤井道子,女子,セ・我孫子,1:01.62,,,,,,,,,45.59,42.07,39.91,4/2
1247,77,2024,10,26,長水路,個人,20,50m平泳ぎ,女子,,,,,,65～69歳,17,近藤みゆき,女子,セ・阿佐谷,1:01.76,,,,,,,,,45.59,42.07,39.91,6/8
1248,77,2024,10,26,長水路,個人,20,50m平泳ぎ,女子,,,,,,65～69歳,18,渋谷照代,女子,セ・我孫子,1:04.74,,,,,,,,,45.59,42.07,39.91,4/9
1249,77,2024,10,26,長水路,個人,20,50m平泳ぎ,女子,,,,,,65～69歳,19,池田則子,女子,セ・松戸,1:06.49,,,,,,,,,45.59,42.07,39.91,2/4
1250,77,2024,10,26,長水路,個人,20,50m平泳ぎ,女子,,,,,,65～69歳,20,渡邉登美子,女子,セ・阿佐谷,1:09.40,,,,,,,,,45.59,42.07,39.91,5/6
1251,77,2024,10,26,長水路,個人,20,50m平泳ぎ,女子,,,,,,65～69歳,21,木村恵,女子,セ・我孫子,1:11.52,,,,,,,,,45.59,42.07,39.91,3/1
1252,77,2024,10,26,長水路,個人,20,50m平泳ぎ,女子,,,,,,65～69歳,22,田村加代子,女子,セ・おおたか,1:13.14,,,,,,,,,45.59,42.07,39.91,2/2
1253,77,2024,10,26,長水路,個人,20,50m平泳ぎ,女子,,,,,,65～69歳,23,池田真理子,女子,セ・大森,1:15.57,,,,,,,,,45.59,42.07,39.91,5/10
1254,77,2024,10,26,長水路,個人,20,50m平泳ぎ,女子,,,,,,65～69歳,24,橋本真紀,女子,セ・慶應日吉,1:17.29,,,,,,,,,45.59,42.07,39.91,3/6
1255,77,2024,10,26,長水路,個人,20,50m平泳ぎ,女子,,,,,,65～69歳,25,小高和子,女子,セ・桶川北本,1:21.03,,,,,,,,,45.59,42.07,39.91,2/8
1256,77,2024,10,26,長水路,個人,20,50m平泳ぎ,女子,,,,,,65～69歳,26,池長幸子,女子,セ・桶川北本,1:21.77,,,,,,,,,45.59,42.07,39.91,2/9
1257,77,2024,10,26,長水路,個人,20,50m平泳ぎ,女子,,,,,,60～64歳,1,磯村由紀子,女子,セ・越谷,45.68,,,,,,,,,43.45,38.07,37.43,11/8
1258,77,2024,10,26,長水路,個人,20,50m平泳ぎ,女子,,,,,,60～64歳,2,野島久枝,女子,セ・二俣川,46.62,,,,,,,,,43.45,38.07,37.43,12/8
1259,77,2024,10,26,長水路,個人,20,50m平泳ぎ,女子,,,,,,60～64歳,3,山本庸子,女子,セ・八王子,49.46,,,,,,,,,43.45,38.07,37.43,10/6
1260,77,2024,10,26,長水路,個人,20,50m平泳ぎ,女子,,,,,,60～64歳,4,酒井寿美恵,女子,クリーンスパ,49.93,,,,,,,,,43.45,38.07,37.43,10/4
1261,77,2024,10,26,長水路,個人,20,50m平泳ぎ,女子,,,,,,60～64歳,5,長野佐稚子,女子,セ・東十条,51.80,,,,,,,,,43.45,38.07,37.43,8/6
1262,77,2024,10,26,長水路,個人,20,50m平泳ぎ,女子,,,,,,60～64歳,6,相澤紋美,女子,セ・阿佐谷,53.08,,,,,,,,,43.45,38.07,37.43,9/4
1263,77,2024,10,26,長水路,個人,20,50m平泳ぎ,女子,,,,,,60～64歳,7,山中恵子,女子,セ・桶川北本,53.33,,,,,,,,,43.45,38.07,37.43,10/9
1264,77,2024,10,26,長水路,個人,20,50m平泳ぎ,女子,,,,,,60～64歳,8,太刀岡早苗,女子,セ・市ヶ尾,53.43,,,,,,,,,43.45,38.07,37.43,8/3
1265,77,2024,10,26,長水路,個人,20,50m平泳ぎ,女子,,,,,,60～64歳,9,蛯名とも子,女子,セ・志木,54.21,,,,,,,,,43.45,38.07,37.43,6/7
1266,77,2024,10,26,長水路,個人,20,50m平泳ぎ,女子,,,,,,60～64歳,10,柳沢智子,女子,セ・成城,54.89,,,,,,,,,43.45,38.07,37.43,10/1
1267,77,2024,10,26,長水路,個人,20,50m平泳ぎ,女子,,,,,,60～64歳,11,吉野ひとみ,女子,セ・松戸,59.74,,,,,,,,,43.45,38.07,37.43,7/1
1268,77,2024,10,26,長水路,個人,20,50m平泳ぎ,女子,,,,,,60～64歳,12,勝又聡子,女子,セ・福生,1:00.09,,,,,,,,,43.45,38.07,37.43,7/9
1269,77,2024,10,26,長水路,個人,20,50m平泳ぎ,女子,,,,,,60～64歳,13,佐々木政子,女子,セ・大森,1:07.35,,,,,,,,,43.45,38.07,37.43,3/8
1270,77,2024,10,26,長水路,個人,20,50m平泳ぎ,女子,,,,,,60～64歳,14,黒川慶子,女子,セ・上池袋,1:09.22,,,,,,,,,43.45,38.07,37.43,4/10
1271,77,2024,10,26,長水路,個人,20,50m平泳ぎ,女子,,,,,,55～59歳,1,前畑章子,女子,セ・慶應日吉,45.37,,,,,,,,,40.00,37.52,35.59,13/9
1272,77,2024,10,26,長水路,個人,20,50m平泳ぎ,女子,,,,,,55～59歳,2,仲田久美子,女子,セ・成城,45.78,,,,,,,,,40.00,37.52,35.59,11/9
1273,77,2024,10,26,長水路,個人,20,50m平泳ぎ,女子,,,,,,55～59歳,3,羽山恵津子,女子,セ・葛西,46.07,,,,,,,,,40.00,37.52,35.59,12/4
1274,77,2024,10,26,長水路,個人,20,50m平泳ぎ,女子,,,,,,55～59歳,4,鶴岡美佐,女子,ザバス八景,46.66,,,,,,,,,40.00,37.52,35.59,12/3
1275,77,2024,10,26,長水路,個人,20,50m平泳ぎ,女子,,,,,,55～59歳,5,船津香,女子,セ・自由が丘,48.69,,,,,,,,,40.00,37.52,35.59,11/2
1276,77,2024,10,26,長水路,個人,20,50m平泳ぎ,女子,,,,,,55～59歳,6,佐藤美絵子,女子,セ・清瀬,48.71,,,,,,,,,40.00,37.52,35.59,11/10
1277,77,2024,10,26,長水路,個人,20,50m平泳ぎ,女子,,,,,,55～59歳,7,角南美貴,女子,セ・我孫子,50.97,,,,,,,,,40.00,37.52,35.59,10/8
1278,77,2024,10,26,長水路,個人,20,50m平泳ぎ,女子,,,,,,55～59歳,8,三沢弘美,女子,セ・長津田,51.92,,,,,,,,,40.00,37.52,35.59,10/7
1279,77,2024,10,26,長水路,個人,20,50m平泳ぎ,女子,,,,,,55～59歳,9,小林名緒子,女子,セ・大森,52.98,,,,,,,,,40.00,37.52,35.59,7/4
1280,77,2024,10,26,長水路,個人,20,50m平泳ぎ,女子,,,,,,55～59歳,10,坂井慶子,女子,セ・大宮宮原,53.78,,,,,,,,,40.00,37.52,35.59,9/8
1281,77,2024,10,26,長水路,個人,20,50m平泳ぎ,女子,,,,,,55～59歳,11,冨樫真樹子,女子,セ・用賀,54.80,,,,,,,,,40.00,37.52,35.59,8/7
1282,77,2024,10,26,長水路,個人,20,50m平泳ぎ,女子,,,,,,55～59歳,12,澤野貴子,女子,セ・葛西,55.73,,,,,,,,,40.00,37.52,35.59,6/1
1283,77,2024,10,26,長水路,個人,20,50m平泳ぎ,女子,,,,,,55～59歳,13,范連杰,女子,セ・八王子,57.07,,,,,,,,,40.00,37.52,35.59,6/3
1284,77,2024,10,26,長水路,個人,20,50m平泳ぎ,女子,,,,,,55～59歳,14,山田智子,女子,セ・慶應日吉,58.19,,,,,,,,,40.00,37.52,35.59,5/9
1285,77,2024,10,26,長水路,個人,20,50m平泳ぎ,女子,,,,,,55～59歳,15,森内裕子,女子,セ・天王洲,58.81,,,,,,,,,40.00,37.52,35.59,7/10
1286,77,2024,10,26,長水路,個人,20,50m平泳ぎ,女子,,,,,,55～59歳,16,平澤馨,女子,セ・府中,1:00.63,,,,,,,,,40.00,37.52,35.59,4/3
1287,77,2024,10,26,長水路,個人,20,50m平泳ぎ,女子,,,,,,50～54歳,1,池田智子,女子,セ・目黒,44.55,,,,,,,,,39.33,37.22,34.18,12/6
1288,77,2024,10,26,長水路,個人,20,50m平泳ぎ,女子,,,,,,50～54歳,2,白須靖子,女子,セ・市ヶ尾,46.32,,,,,,,,,39.33,37.22,34.18,11/6
1289,77,2024,10,26,長水路,個人,20,50m平泳ぎ,女子,,,,,,50～54歳,3,佐藤洋子,女子,セ・成城,46.46,,,,,,,,,39.33,37.22,34.18,13/1
1290,77,2024,10,26,長水路,個人,20,50m平泳ぎ,女子,,,,,,50～54歳,4,五十嵐知佐,女子,セ・おおたか,46.47,,,,,,,,,39.33,37.22,34.18,12/2
1291,77,2024,10,26,長水路,個人,20,50m平泳ぎ,女子,,,,,,50～54歳,5,加藤美保,女子,セ・上池袋,46.96,,,,,,,,,39.33,37.22,34.18,12/5
1292,77,2024,10,26,長水路,個人,20,50m平泳ぎ,女子,,,,,,50～54歳,6,田原文月,女子,セ・南千住,47.49,,,,,,,,,39.33,37.22,34.18,11/7
1293,77,2024,10,26,長水路,個人,20,50m平泳ぎ,女子,,,,,,50～54歳,7,磯村麻衣子,女子,セ・上池袋,48.80,,,,,,,,,39.33,37.22,34.18,7/5
1294,77,2024,10,26,長水路,個人,20,50m平泳ぎ,女子,,,,,,50～54歳,8,森川佳奈子,女子,クリーンスパ,51.56,,,,,,,,,39.33,37.22,34.18,10/3
1295,77,2024,10,26,長水路,個人,20,50m平泳ぎ,女子,,,,,,50～54歳,9,佐藤晶子,女子,セ・おおたか,52.29,,,,,,,,,39.33,37.22,34.18,9/7
1296,77,2024,10,26,長水路,個人,20,50m平泳ぎ,女子,,,,,,50～54歳,10,村岡貴子,女子,セ・桶川北本,54.56,,,,,,,,,39.33,37.22,34.18,8/9
1297,77,2024,10,26,長水路,個人,20,50m平泳ぎ,女子,,,,,,50～54歳,11,岩朋実,女子,セ・川越,57.28,,,,,,,,,39.33,37.22,34.18,6/6
1298,77,2024,10,26,長水路,個人,20,50m平泳ぎ,女子,,,,,,50～54歳,12,田上麻紀,女子,セ・久喜,57.47,,,,,,,,,39.33,37.22,34.18,4/8
1299,77,2024,10,26,長水路,個人,20,50m平泳ぎ,女子,,,,,,50～54歳,13,津田千鶴,女子,セ・能見台,59.93,,,,,,,,,39.33,37.22,34.18,9/2
1300,77,2024,10,26,長水路,個人,20,50m平泳ぎ,女子,,,,,,50～54歳,14,大久保彩子,女子,セ・阿佐谷,1:01.03,,,,,,,,,39.33,37.22,34.18,2/7
1301,77,2024,10,26,長水路,個人,20,50m平泳ぎ,女子,,,,,,50～54歳,15,小川史枝,女子,セ・越谷LT,1:02.00,,,,,,,,,39.33,37.22,34.18,4/5
1302,77,2024,10,26,長水路,個人,20,50m平泳ぎ,女子,,,,,,50～54歳,16,佐藤淳子,女子,セ・久喜,1:03.92,,,,,,,,,39.33,37.22,34.18,5/1
1303,77,2024,10,26,長水路,個人,20,50m平泳ぎ,女子,,,,,,50～54歳,17,平野真紀,女子,セ・福生,1:16.28,,,,,,,,,39.33,37.22,34.18,3/10
1304,77,2024,10,26,長水路,個人,20,50m平泳ぎ,女子,,,,,,45～49歳,1,栗山貴子,女子,セ・武蔵小杉,40.97,,,,,,,,,36.63,35.65,33.56,14/7
1305,77,2024,10,26,長水路,個人,20,50m平泳ぎ,女子,,,,,,45～49歳,2,羽田文,女子,セ・成城,41.84,,,,,,,,,36.63,35.65,33.56,14/6
1306,77,2024,10,26,長水路,個人,20,50m平泳ぎ,女子,,,,,,45～49歳,3,小山知子,女子,セ・市ヶ尾,43.32,,,,,,,,,36.63,35.65,33.56,13/7
1307,77,2024,10,26,長水路,個人,20,50m平泳ぎ,女子,,,,,,45～49歳,4,三宅信花,女子,セ・阿佐谷,43.55,,,,,,,,,36.63,35.65,33.56,14/9
1308,77,2024,10,26,長水路,個人,20,50m平泳ぎ,女子,,,,,,45～49歳,5,菅野ゆかり,女子,セ・桶川北本,46.29,,,,,,,,,36.63,35.65,33.56,9/9
1309,77,2024,10,26,長水路,個人,20,50m平泳ぎ,女子,,,,,,45～49歳,6,関康代,女子,セ・宇都宮,46.91,,,,,,,,,36.63,35.65,33.56,13/10
1310,77,2024,10,26,長水路,個人,20,50m平泳ぎ,女子,,,,,,45～49歳,7,手島幸恵,女子,セ・藤沢,47.72,,,,,,,,,36.63,35.65,33.56,12/1
1311,77,2024,10,26,長水路,個人,20,50m平泳ぎ,女子,,,,,,45～49歳,8,小林恵理子,女子,セ・蘇我,54.20,,,,,,,,,36.63,35.65,33.56,9/6
1312,77,2024,10,26,長水路,個人,20,50m平泳ぎ,女子,,,,,,40～44歳,1,中村可奈子,女子,セ・おおたか,42.17,,,,,,,,,38.52,35.05,32.42,14/4
1313,77,2024,10,26,長水路,個人,20,50m平泳ぎ,女子,,,,,,40～44歳,2,山田未紗子,女子,セ・越谷,43.16,,,,,,,,,38.52,35.05,32.42,14/10
1314,77,2024,10,26,長水路,個人,20,50m平泳ぎ,女子,,,,,,40～44歳,3,溝井花代子,女子,セ・葛西,46.63,,,,,,,,,38.52,35.05,32.42,12/7
1315,77,2024,10,26,長水路,個人,20,50m平泳ぎ,女子,,,,,,40～44歳,4,大竹昌子,女子,セ・大森,48.05,,,,,,,,,38.52,35.05,32.42,12/9
1316,77,2024,10,26,長水路,個人,20,50m平泳ぎ,女子,,,,,,40～44歳,5,吉田瑠夏,女子,曽谷・セ,53.92,,,,,,,,,38.52,35.05,32.42,8/4
1317,77,2024,10,26,長水路,個人,20,50m平泳ぎ,女子,,,,,,40～44歳,6,谷美希子,女子,セ・府中,55.88,,,,,,,,,38.52,35.05,32.42,6/10
1318,77,2024,10,26,長水路,個人,20,50m平泳ぎ,女子,,,,,,35～39歳,1,大家萌実,女子,セ・用賀,44.53,,,,,,,,,37.84,33.24,31.35,13/2
1319,77,2024,10,26,長水路,個人,20,50m平泳ぎ,女子,,,,,,35～39歳,2,岩田愛恵,女子,セ・成城,48.79,,,,,,,,,37.84,33.24,31.35,12/10
1320,77,2024,10,26,長水路,個人,20,50m平泳ぎ,女子,,,,,,35～39歳,3,RacaruGabriela,女子,セ・慶應日吉,50.01,,,,,,,,,37.84,33.24,31.35,9/10
1321,77,2024,10,26,長水路,個人,20,50m平泳ぎ,女子,,,,,,35～39歳,4,久保美由紀,女子,セ・長津田,53.99,,,,,,,,,37.84,33.24,31.35,9/1
1322,77,2024,10,26,長水路,個人,20,50m平泳ぎ,女子,,,,,,30～34歳,1,大椛詩織,女子,セ・葛西,41.62,,,,,,,,,37.51,32.42,32.22,13/3
1323,77,2024,10,26,長水路,個人,20,50m平泳ぎ,女子,,,,,,30～34歳,2,深堀陽子,女子,セ・二俣川,43.23,,,,,,,,,37.51,32.42,32.22,14/2
1324,77,2024,10,26,長水路,個人,20,50m平泳ぎ,女子,,,,,,25～29歳,1,遠藤桃,女子,セ・越谷,39.84,,,,,,,,,36.99,32.75,31.60,14/1
1325,77,2024,10,26,長水路,個人,20,50m平泳ぎ,女子,,,,,,25～29歳,2,柏木涼,女子,セ・越谷LT,44.81,,,,,,,,,36.99,32.75,31.60,11/1
1326,77,2024,10,26,長水路,個人,20,50m平泳ぎ,女子,,,,,,18～24歳,1,竹山睦月,女子,セ・南青山,36.02,,,,,,,,,34.89,,,14/5
1327,77,2024,10,26,長水路,個人,20,50m平泳ぎ,女子,,,,,,18～24歳,2,皆川すみれ,女子,セ・南青山,44.87,,,,,,,,,34.89,,,13/8
1328,77,2024,10,26,長水路,個人,20,50m平泳ぎ,女子,,,,,,18～24歳,3,松本彩花,女子,セ・二俣川,49.71,,,,,,,,,34.89,,,11/4
1329,77,2024,10,26,長水路,個人,21,50m平泳ぎ,男子,,,,,,80～84歳,1,池端孝一,男子,セ・成瀬,54.48,,,,,,,,,49.32,41.68,41.68,4/9
1330,77,2024,10,26,長水路,個人,21,50m平泳ぎ,男子,,,,,,80～84歳,2,井口穣,男子,セ・東戸塚,57.18,,,,,,,,,49.32,41.68,41.68,2/6
1331,77,2024,10,26,長水路,個人,21,50m平泳ぎ,男子,,,,,,80～84歳,3,小田稔,男子,セ・慶應日吉,1:08.91,,,,,,,,,49.32,41.68,41.68,1/2
1332,77,2024,10,26,長水路,個人,21,50m平泳ぎ,男子,,,,,,75～79歳,1,今修二,男子,セ・越谷,50.22,,,,,,,,,42.47,39.86,38.12,4/8
1333,77,2024,10,26,長水路,個人,21,50m平泳ぎ,男子,,,,,,75～79歳,2,山口博,男子,セ・志木,54.70,,,,,,,,,42.47,39.86,38.12,3/2
1334,77,2024,10,26,長水路,個人,21,50m平泳ぎ,男子,,,,,,75～79歳,3,服部宜孔,男子,セ・ときわ台,1:06.08,,,,,,,,,42.47,39.86,38.12,1/9
1335,77,2024,10,26,長水路,個人,21,50m平泳ぎ,男子,,,,,,75～79歳,4,手塚満,男子,セ・おおたか,1:06.55,,,,,,,,,42.47,39.86,38.12,1/8
1336,77,2024,10,26,長水路,個人,21,50m平泳ぎ,男子,,,,,,70～74歳,1,吉村進,男子,セ・阿佐谷,41.99,,,,,,,,,40.37,36.42,34.69,7/5
1337,77,2024,10,26,長水路,個人,21,50m平泳ぎ,男子,,,,,,70～74歳,2,村田幸士郎,男子,セ・阿佐谷,43.34,,,,,,,,,40.37,36.42,34.69,6/4
1338,77,2024,10,26,長水路,個人,21,50m平泳ぎ,男子,,,,,,70～74歳,3,古川賢一郎,男子,ザバス川崎,47.29,,,,,,,,,40.37,36.42,34.69,3/5
1339,77,2024,10,26,長水路,個人,21,50m平泳ぎ,男子,,,,,,70～74歳,4,幡場達明,男子,セ・大宮宮原,48.10,,,,,,,,,40.37,36.42,34.69,5/9
1340,77,2024,10,26,長水路,個人,21,50m平泳ぎ,男子,,,,,,70～74歳,5,服部陽一,男子,セ・成瀬,50.60,,,,,,,,,40.37,36.42,34.69,4/7
1341,77,2024,10,26,長水路,個人,21,50m平泳ぎ,男子,,,,,,70～74歳,6,橋本亘,男子,セ・おおたか,55.91,,,,,,,,,40.37,36.42,34.69,3/1
1342,77,2024,10,26,長水路,個人,21,50m平泳ぎ,男子,,,,,,70～74歳,7,増田行雄,男子,セ・蒲田,1:00.09,,,,,,,,,40.37,36.42,34.69,2/4
1343,77,2024,10,26,長水路,個人,21,50m平泳ぎ,男子,,,,,,70～74歳,8,大久保美伸,男子,セ・松戸,1:00.65,,,,,,,,,40.37,36.42,34.69,2/5
1344,77,2024,10,26,長水路,個人,21,50m平泳ぎ,男子,,,,,,70～74歳,9,高橋修一,男子,セ・我孫子,1:08.38,,,,,,,,,40.37,36.42,34.69,1/1
1345,77,2024,10,26,長水路,個人,21,50m平泳ぎ,男子,,,,,,65～69歳,1,前川正,男子,セ・F東戸塚,44.03,,,,,,,,,39.36,33.91,33.30,6/5
1346,77,2024,10,26,長水路,個人,21,50m平泳ぎ,男子,,,,,,65～69歳,2,山梨英克,男子,セ・我孫子,46.23,,,,,,,,,39.36,33.91,33.30,5/8
1347,77,2024,10,26,長水路,個人,21,50m平泳ぎ,男子,,,,,,65～69歳,3,鈴木哲治,男子,墨田区体育館,46.35,,,,,,,,,39.36,33.91,33.30,4/5
1348,77,2024,10,26,長水路,個人,21,50m平泳ぎ,男子,,,,,,65～69歳,4,中井岳郎,男子,セ・成城,47.39,,,,,,,,,39.36,33.91,33.30,5/5
1349,77,2024,10,26,長水路,個人,21,50m平泳ぎ,男子,,,,,,65～69歳,5,竹内新,男子,セ・府中,48.48,,,,,,,,,39.36,33.91,33.30,2/3
1350,77,2024,10,26,長水路,個人,21,50m平泳ぎ,男子,,,,,,65～69歳,6,大滝恭伸,男子,セ・市ヶ尾,48.55,,,,,,,,,39.36,33.91,33.30,5/7
1351,77,2024,10,26,長水路,個人,21,50m平泳ぎ,男子,,,,,,65～69歳,7,若山聖亮,男子,G-SPA,49.55,,,,,,,,,39.36,33.91,33.30,3/4
1352,77,2024,10,26,長水路,個人,21,50m平泳ぎ,男子,,,,,,65～69歳,8,折居彰,男子,セ・阿佐谷,50.61,,,,,,,,,39.36,33.91,33.30,3/6
1353,77,2024,10,26,長水路,個人,21,50m平泳ぎ,男子,,,,,,65～69歳,9,阿部宏之助,男子,セ・上池袋,51.88,,,,,,,,,39.36,33.91,33.30,4/2
1354,77,2024,10,26,長水路,個人,21,50m平泳ぎ,男子,,,,,,65～69歳,10,内藤謙一,男子,セ・松戸,52.70,,,,,,,,,39.36,33.91,33.30,1/5
1355,77,2024,10,26,長水路,個人,21,50m平泳ぎ,男子,,,,,,65～69歳,11,仲二見実,男子,セ・ときわ台,54.50,,,,,,,,,39.36,33.91,33.30,3/10
1356,77,2024,10,26,長水路,個人,21,50m平泳ぎ,男子,,,,,,65～69歳,12,赤坂吉昭,男子,セ・葛西,55.97,,,,,,,,,39.36,33.91,33.30,5/3
1357,77,2024,10,26,長水路,個人,21,50m平泳ぎ,男子,,,,,,65～69歳,13,秋山和弘,男子,ザバス鶴見,56.24,,,,,,,,,39.36,33.91,33.30,2/7
1358,77,2024,10,26,長水路,個人,21,50m平泳ぎ,男子,,,,,,65～69歳,14,金丸正弘,男子,セ・府中,58.64,,,,,,,,,39.36,33.91,33.30,1/3
1359,77,2024,10,26,長水路,個人,21,50m平泳ぎ,男子,,,,,,65～69歳,15,楢橋章,男子,セ・川越,59.49,,,,,,,,,39.36,33.91,33.30,2/1
1360,77,2024,10,26,長水路,個人,21,50m平泳ぎ,男子,,,,,,60～64歳,1,橋本秀行,男子,セ・千葉みなと,34.22,,,,,,,,,33.14,33.14,30.57,12/9
1361,77,2024,10,26,長水路,個人,21,50m平泳ぎ,男子,,,,,,60～64歳,2,池谷千尋,男子,セ・長津田,39.93,,,,,,,,,33.14,33.14,30.57,9/4
1362,77,2024,10,26,長水路,個人,21,50m平泳ぎ,男子,,,,,,60～64歳,3,稲毛仁,男子,セ・松戸,39.97,,,,,,,,,33.14,33.14,30.57,9/7
1363,77,2024,10,26,長水路,個人,21,50m平泳ぎ,男子,,,,,,60～64歳,4,中村幸弘,男子,セ・越谷,41.33,,,,,,,,,33.14,33.14,30.57,9/10
1364,77,2024,10,26,長水路,個人,21,50m平泳ぎ,男子,,,,,,60～64歳,5,中村浩司,男子,セ・青砥,45.78,,,,,,,,,33.14,33.14,30.57,6/7
1365,77,2024,10,26,長水路,個人,21,50m平泳ぎ,男子,,,,,,60～64歳,6,蛯名昌彦,男子,セ・志木,46.57,,,,,,,,,33.14,33.14,30.57,6/1
1366,77,2024,10,26,長水路,個人,21,50m平泳ぎ,男子,,,,,,60～64歳,7,黒川恵一,男子,セ・市ヶ尾,50.71,,,,,,,,,33.14,33.14,30.57,5/2
1367,77,2024,10,26,長水路,個人,21,50m平泳ぎ,男子,,,,,,60～64歳,8,渡邉聖,男子,セ・大森,51.39,,,,,,,,,33.14,33.14,30.57,4/3
1368,77,2024,10,26,長水路,個人,21,50m平泳ぎ,男子,,,,,,60～64歳,9,中村努,男子,セ・市川,1:17.25,,,,,,,,,33.14,33.14,30.57,1/6
1369,77,2024,10,26,長水路,個人,21,50m平泳ぎ,男子,,,,,,60～64歳,,山本勝,男子,セ・慶應日吉,,,,,,,,,,33.14,33.14,30.57,3/7
1370,77,2024,10,26,長水路,個人,21,50m平泳ぎ,男子,,,,,,55～59歳,1,小倉和彦,男子,セ・清瀬,34.47,,,,,,,,,33.14,31.39,30.02,10/5
1371,77,2024,10,26,長水路,個人,21,50m平泳ぎ,男子,,,,,,55～59歳,2,廣松伸一,男子,セ・市ヶ尾,37.74,,,,,,,,,33.14,31.39,30.02,10/10
1372,77,2024,10,26,長水路,個人,21,50m平泳ぎ,男子,,,,,,55～59歳,3,楊華,男子,ザバス鶴見,39.28,,,,,,,,,33.14,31.39,30.02,9/5
1373,77,2024,10,26,長水路,個人,21,50m平泳ぎ,男子,,,,,,55～59歳,4,宮木幸彦,男子,セ・葛西,39.43,,,,,,,,,33.14,31.39,30.02,9/2
1374,77,2024,10,26,長水路,個人,21,50m平泳ぎ,男子,,,,,,55～59歳,5,兼森伸兒,男子,ザバス八景,39.50,,,,,,,,,33.14,31.39,30.02,8/7
1375,77,2024,10,26,長水路,個人,21,50m平泳ぎ,男子,,,,,,55～59歳,6,江藤邦徳,男子,セ・流山,39.94,,,,,,,,,33.14,31.39,30.02,7/6
1376,77,2024,10,26,長水路,個人,21,50m平泳ぎ,男子,,,,,,55～59歳,7,久保卓士,男子,セ・天王洲,41.51,,,,,,,,,33.14,31.39,30.02,8/9
1377,77,2024,10,26,長水路,個人,21,50m平泳ぎ,男子,,,,,,55～59歳,8,兵藤鋭雄,男子,セ・目黒,41.86,,,,,,,,,33.14,31.39,30.02,8/2
1378,77,2024,10,26,長水路,個人,21,50m平泳ぎ,男子,,,,,,55～59歳,9,北村勇,男子,セ・能見台,43.06,,,,,,,,,33.14,31.39,30.02,6/3
1379,77,2024,10,26,長水路,個人,21,50m平泳ぎ,男子,,,,,,55～59歳,10,中島茂,男子,セ・S湘南台,43.21,,,,,,,,,33.14,31.39,30.02,6/6
1380,77,2024,10,26,長水路,個人,21,50m平泳ぎ,男子,,,,,,55～59歳,11,伊藤正二,男子,セ・大森,43.75,,,,,,,,,33.14,31.39,30.02,7/1
1381,77,2024,10,26,長水路,個人,21,50m平泳ぎ,男子,,,,,,55～59歳,12,佐藤正章,男子,セ・用賀,45.70,,,,,,,,,33.14,31.39,30.02,6/9
1382,77,2024,10,26,長水路,個人,21,50m平泳ぎ,男子,,,,,,55～59歳,13,穴田啓樹,男子,セ・慶應日吉,46.93,,,,,,,,,33.14,31.39,30.02,6/8
1383,77,2024,10,26,長水路,個人,21,50m平泳ぎ,男子,,,,,,55～59歳,14,高橋潤,男子,セ・成瀬,49.28,,,,,,,,,33.14,31.39,30.02,3/3
1384,77,2024,10,26,長水路,個人,21,50m平泳ぎ,男子,,,,,,55～59歳,15,日暮文明,男子,セ・天王洲,52.07,,,,,,,,,33.14,31.39,30.02,5/1
1385,77,2024,10,26,長水路,個人,21,50m平泳ぎ,男子,,,,,,55～59歳,16,福田義晴,男子,セ・市川,52.84,,,,,,,,,33.14,31.39,30.02,3/9
1386,77,2024,10,26,長水路,個人,21,50m平泳ぎ,男子,,,,,,55～59歳,17,須川真彦,男子,セ・S湘南台,57.53,,,,,,,,,33.14,31.39,30.02,2/8
1387,77,2024,10,26,長水路,個人,21,50m平泳ぎ,男子,,,,,,55～59歳,18,今村賢治,男子,墨田区体育館,58.63,,,,,,,,,33.14,31.39,30.02,1/7
1388,77,2024,10,26,長水路,個人,21,50m平泳ぎ,男子,,,,,,50～54歳,1,小森康弘,男子,セ・葛西,32.28,,,,,,,,,30.56,29.70,29.70,13/1
1389,77,2024,10,26,長水路,個人,21,50m平泳ぎ,男子,,,,,,50～54歳,2,祖川久茂,男子,セ・長津田,36.47,,,,,,,,,30.56,29.70,29.70,10/8
1390,77,2024,10,26,長水路,個人,21,50m平泳ぎ,男子,,,,,,50～54歳,3,岡村勝重,男子,セ・長津田,36.58,,,,,,,,,30.56,29.70,29.70,10/6
1391,77,2024,10,26,長水路,個人,21,50m平泳ぎ,男子,,,,,,50～54歳,4,西村太郎,男子,セ・千葉みなと,38.26,,,,,,,,,30.56,29.70,29.70,9/3
1392,77,2024,10,26,長水路,個人,21,50m平泳ぎ,男子,,,,,,50～54歳,5,原田真,男子,セ・葛西,38.85,,,,,,,,,30.56,29.70,29.70,8/5
1393,77,2024,10,26,長水路,個人,21,50m平泳ぎ,男子,,,,,,50～54歳,6,阿部賢裕,男子,セ・能見台,40.09,,,,,,,,,30.56,29.70,29.70,8/8
1394,77,2024,10,26,長水路,個人,21,50m平泳ぎ,男子,,,,,,50～54歳,7,北村洋一,男子,セ・大森,40.28,,,,,,,,,30.56,29.70,29.70,8/3
1395,77,2024,10,26,長水路,個人,21,50m平泳ぎ,男子,,,,,,50～54歳,8,長崎啓,男子,セ・二俣川,40.59,,,,,,,,,30.56,29.70,29.70,9/9
1396,77,2024,10,26,長水路,個人,21,50m平泳ぎ,男子,,,,,,50～54歳,9,千葉忠英,男子,セ・天王洲,42.86,,,,,,,,,30.56,29.70,29.70,7/8
1397,77,2024,10,26,長水路,個人,21,50m平泳ぎ,男子,,,,,,50～54歳,10,古高正道,男子,セ・天王洲,43.76,,,,,,,,,30.56,29.70,29.70,7/2
1398,77,2024,10,26,長水路,個人,21,50m平泳ぎ,男子,,,,,,50～54歳,11,久保田裕一,男子,セ・慶應日吉,44.11,,,,,,,,,30.56,29.70,29.70,4/4
1399,77,2024,10,26,長水路,個人,21,50m平泳ぎ,男子,,,,,,50～54歳,12,向山高弘,男子,セ・ときわ台,46.25,,,,,,,,,30.56,29.70,29.70,5/4
1400,77,2024,10,26,長水路,個人,21,50m平泳ぎ,男子,,,,,,50～54歳,13,落合理,男子,セ・武蔵小杉,47.10,,,,,,,,,30.56,29.70,29.70,6/10
1401,77,2024,10,26,長水路,個人,21,50m平泳ぎ,男子,,,,,,50～54歳,14,三﨑淳二,男子,セ・桶川北本,50.95,,,,,,,,,30.56,29.70,29.70,4/10
1402,77,2024,10,26,長水路,個人,21,50m平泳ぎ,男子,,,,,,50～54歳,15,鈴木克彦,男子,セ・平塚,52.16,,,,,,,,,30.56,29.70,29.70,4/6
1403,77,2024,10,26,長水路,個人,21,50m平泳ぎ,男子,,,,,,50～54歳,16,飯田勝章,男子,セ・志木,59.35,,,,,,,,,30.56,29.70,29.70,2/2
1404,77,2024,10,26,長水路,個人,21,50m平泳ぎ,男子,,,,,,50～54歳,,東條博,男子,セ・阿佐谷,,,,,,,,,,30.56,29.70,29.70,4/1
1405,77,2024,10,26,長水路,個人,21,50m平泳ぎ,男子,,,,,,45～49歳,1,今井裕介,男子,セ・南千住,36.68,,,,,,,,,30.11,29.22,29.22,10/7
1406,77,2024,10,26,長水路,個人,21,50m平泳ぎ,男子,,,,,,45～49歳,2,原正敏,男子,セ・桶川北本,37.52,,,,,,,,,30.11,29.22,29.22,9/1
1407,77,2024,10,26,長水路,個人,21,50m平泳ぎ,男子,,,,,,45～49歳,3,加地隆史,男子,セ・葛西,38.73,,,,,,,,,30.11,29.22,29.22,10/1
1408,77,2024,10,26,長水路,個人,21,50m平泳ぎ,男子,,,,,,45～49歳,4,宮岡亮介,男子,セ・亀有,39.12,,,,,,,,,30.11,29.22,29.22,8/6
1409,77,2024,10,26,長水路,個人,21,50m平泳ぎ,男子,,,,,,45～49歳,5,佐々木茂倫,男子,セ・流山,39.14,,,,,,,,,30.11,29.22,29.22,10/3
1410,77,2024,10,26,長水路,個人,21,50m平泳ぎ,男子,,,,,,45～49歳,6,山岡裕和,男子,セ・ときわ台,39.21,,,,,,,,,30.11,29.22,29.22,9/8
1411,77,2024,10,26,長水路,個人,21,50m平泳ぎ,男子,,,,,,45～49歳,7,宮崎健,男子,セ・福生,39.67,,,,,,,,,30.11,29.22,29.22,8/4
1412,77,2024,10,26,長水路,個人,21,50m平泳ぎ,男子,,,,,,45～49歳,8,大沢祐輔,男子,セ・福生,40.73,,,,,,,,,30.11,29.22,29.22,7/7
1413,77,2024,10,26,長水路,個人,21,50m平泳ぎ,男子,,,,,,45～49歳,9,花輪博之,男子,セ・越谷,43.02,,,,,,,,,30.11,29.22,29.22,8/1
1414,77,2024,10,26,長水路,個人,21,50m平泳ぎ,男子,,,,,,45～49歳,10,草野剛史,男子,セ・二俣川,43.83,,,,,,,,,30.11,29.22,29.22,7/9
1415,77,2024,10,26,長水路,個人,21,50m平泳ぎ,男子,,,,,,45～49歳,11,加藤大輔,男子,セ・横浜,45.00,,,,,,,,,30.11,29.22,29.22,7/4
1416,77,2024,10,26,長水路,個人,21,50m平泳ぎ,男子,,,,,,40～44歳,1,西尾直人,男子,セ・武蔵小杉,32.94,,,,,,,,,29.86,29.04,28.84,12/5
1417,77,2024,10,26,長水路,個人,21,50m平泳ぎ,男子,,,,,,40～44歳,2,勝吉進一,男子,セ・慶應日吉,33.72,,,,,,,,,29.86,29.04,28.84,12/7
1418,77,2024,10,26,長水路,個人,21,50m平泳ぎ,男子,,,,,,40～44歳,3,吉田拓磨,男子,セ・上池袋,34.96,,,,,,,,,29.86,29.04,28.84,11/7
1419,77,2024,10,26,長水路,個人,21,50m平泳ぎ,男子,,,,,,40～44歳,4,村上守,男子,セ・成城,37.27,,,,,,,,,29.86,29.04,28.84,9/6
1420,77,2024,10,26,長水路,個人,21,50m平泳ぎ,男子,,,,,,40～44歳,5,矢作歩,男子,セ・長津田,38.09,,,,,,,,,29.86,29.04,28.84,10/4
1421,77,2024,10,26,長水路,個人,21,50m平泳ぎ,男子,,,,,,40～44歳,6,宇佐美学,男子,セ・大森,42.91,,,,,,,,,29.86,29.04,28.84,6/2
1422,77,2024,10,26,長水路,個人,21,50m平泳ぎ,男子,,,,,,40～44歳,7,山岡哲也,男子,セ・二俣川,43.05,,,,,,,,,29.86,29.04,28.84,8/10
1423,77,2024,10,26,長水路,個人,21,50m平泳ぎ,男子,,,,,,35～39歳,1,立石裕太郎,男子,セ・二俣川,30.29,,,,,,,,,29.87,27.83,27.83,13/2
1424,77,2024,10,26,長水路,個人,21,50m平泳ぎ,男子,,,,,,35～39歳,2,和田弘太郎,男子,セ・阿佐谷,30.99,,,,,,,,,29.87,27.83,27.83,13/7
1425,77,2024,10,26,長水路,個人,21,50m平泳ぎ,男子,,,,,,35～39歳,3,宮川航,男子,セ・南千住,31.12,,,,,,,,,29.87,27.83,27.83,13/3
1426,77,2024,10,26,長水路,個人,21,50m平泳ぎ,男子,,,,,,35～39歳,4,入江徹,男子,ミズノMT,32.08,,,,,,,,,29.87,27.83,27.83,13/8
1427,77,2024,10,26,長水路,個人,21,50m平泳ぎ,男子,,,,,,35～39歳,5,増田究,男子,セ・平塚,32.32,,,,,,,,,29.87,27.83,27.83,12/2
1428,77,2024,10,26,長水路,個人,21,50m平泳ぎ,男子,,,,,,35～39歳,6,長田裕史,男子,セ・柏,32.93,,,,,,,,,29.87,27.83,27.83,12/4
1429,77,2024,10,26,長水路,個人,21,50m平泳ぎ,男子,,,,,,35～39歳,7,木村考太,男子,セ・市ヶ尾,33.55,,,,,,,,,29.87,27.83,27.83,12/10
1430,77,2024,10,26,長水路,個人,21,50m平泳ぎ,男子,,,,,,30～34歳,1,櫃田皓大,男子,セ・能見台,33.66,,,,,,,,,28.35,27.74,27.74,11/6
1431,77,2024,10,26,長水路,個人,21,50m平泳ぎ,男子,,,,,,30～34歳,2,土居秀雅,男子,セ・成瀬,34.12,,,,,,,,,28.35,27.74,27.74,12/1
1432,77,2024,10,26,長水路,個人,21,50m平泳ぎ,男子,,,,,,30～34歳,3,梅林大貴,男子,セ・成城,35.31,,,,,,,,,28.35,27.74,27.74,11/1
1433,77,2024,10,26,長水路,個人,21,50m平泳ぎ,男子,,,,,,30～34歳,4,大野淳哉,男子,セ・上池袋,42.53,,,,,,,,,28.35,27.74,27.74,7/10
1434,77,2024,10,26,長水路,個人,21,50m平泳ぎ,男子,,,,,,25～29歳,1,石井建幹,男子,セ・大宮宮原,29.33,,,,,,,,,28.02,27.58,27.21,13/5
1435,77,2024,10,26,長水路,個人,21,50m平泳ぎ,男子,,,,,,25～29歳,2,石井了,男子,セ・おおたか,30.24,,,,,,,,,28.02,27.58,27.21,13/6
1436,77,2024,10,26,長水路,個人,21,50m平泳ぎ,男子,,,,,,25～29歳,3,今里昂哉,男子,セ・清瀬,31.83,,,,,,,,,28.02,27.58,27.21,12/6
1437,77,2024,10,26,長水路,個人,21,50m平泳ぎ,男子,,,,,,25～29歳,4,前島悠也,男子,セ・葛西,32.10,,,,,,,,,28.02,27.58,27.21,13/10
1438,77,2024,10,26,長水路,個人,21,50m平泳ぎ,男子,,,,,,25～29歳,5,加間英貴,男子,セ・天王洲,33.56,,,,,,,,,28.02,27.58,27.21,13/9
1439,77,2024,10,26,長水路,個人,21,50m平泳ぎ,男子,,,,,,25～29歳,6,川西智大,男子,セ・南千住,34.17,,,,,,,,,28.02,27.58,27.21,11/10
1440,77,2024,10,26,長水路,個人,21,50m平泳ぎ,男子,,,,,,25～29歳,7,佐々木天太,男子,セ・用賀,34.96,,,,,,,,,28.02,27.58,27.21,12/3
1441,77,2024,10,26,長水路,個人,21,50m平泳ぎ,男子,,,,,,25～29歳,8,竹下翔,男子,セ・長津田,38.81,,,,,,,,,28.02,27.58,27.21,10/9
1442,77,2024,10,26,長水路,個人,21,50m平泳ぎ,男子,,,,,,25～29歳,9,岡本昌也,男子,セ・藤沢,41.54,,,,,,,,,28.02,27.58,27.21,5/6
1443,77,2024,10,26,長水路,個人,21,50m平泳ぎ,男子,,,,,,18～24歳,1,廣谷幸翼,男子,セ・志木,30.30,,,,,,,,,29.28,27.94,,13/4
1444,77,2024,10,26,長水路,個人,21,50m平泳ぎ,男子,,,,,,18～24歳,2,田中壮一郎,男子,セ・二俣川,32.51,,,,,,,,,29.28,27.94,,12/8
1445,77,2024,10,26,長水路,個人,21,50m平泳ぎ,男子,,,,,,18～24歳,3,相原健吾,男子,セ・目黒,32.90,,,,,,,,,29.28,27.94,,11/5
1446,77,2024,10,26,長水路,個人,21,50m平泳ぎ,男子,,,,,,18～24歳,4,西沢歩,男子,セ・清瀬,33.80,,,,,,,,,29.28,27.94,,11/3
1447,77,2024,10,26,長水路,個人,21,50m平泳ぎ,男子,,,,,,18～24歳,5,伊藤水晶,男子,セ・松戸,34.65,,,,,,,,,29.28,27.94,,11/8
1448,77,2024,10,26,長水路,個人,21,50m平泳ぎ,男子,,,,,,18～24歳,6,佐々木明日真,男子,セ・市川,36.20,,,,,,,,,29.28,27.94,,11/2
1449,77,2024,10,26,長水路,個人,21,50m平泳ぎ,男子,,,,,,18～24歳,7,勝又晃希,男子,セ・藤沢,39.32,,,,,,,,,29.28,27.94,,7/3
1450,77,2024,10,26,長水路,個人,21,50m平泳ぎ,男子,,,,,,18～24歳,8,田村翔,男子,セ・八王子,42.83,,,,,,,,,29.28,27.94,,5/10
1451,77,2024,10,26,長水路,個人,22,50mバタフライ,女子,,,,,,80～84歳,1,新井昭代,女子,セ・東十条,1:14.51,,,,,,,,,58.81,49.85,42.79,1/3
1452,77,2024,10,26,長水路,個人,22,50mバタフライ,女子,,,,,,75～79歳,1,大山恵子,女子,セ・葛西,44.31,,,,,,,,TRUE,51.22,41.54,38.93,4/2
1453,77,2024,10,26,長水路,個人,22,50mバタフライ,女子,,,,,,75～79歳,2,宇田川礼子,女子,セ・我孫子,1:03.67,,,,,,,,,51.22,41.54,38.93,1/2
1454,77,2024,10,26,長水路,個人,22,50mバタフライ,女子,,,,,,75～79歳,3,浅野美恵子,女子,セ・蒲田,1:05.84,,,,,,,,,51.22,41.54,38.93,1/8
1455,77,2024,10,26,長水路,個人,22,50mバタフライ,女子,,,,,,70～74歳,1,木村恵子,女子,セ・越谷,1:00.61,,,,,,,,,42.13,37.50,34.43,1/4
1456,77,2024,10,26,長水路,個人,22,50mバタフライ,女子,,,,,,70～74歳,2,菅和江,女子,セ・戸塚,1:01.05,,,,,,,,,42.13,37.50,34.43,2/9
1457,77,2024,10,26,長水路,個人,22,50mバタフライ,女子,,,,,,70～74歳,3,末光とき子,女子,墨田区体育館,1:08.92,,,,,,,,,42.13,37.50,34.43,1/9
1458,77,2024,10,26,長水路,個人,22,50mバタフライ,女子,,,,,,65～69歳,1,木村りょう子,女子,セ・福生,44.73,,,,,,,,,41.95,35.19,32.36,4/8
1459,77,2024,10,26,長水路,個人,22,50mバタフライ,女子,,,,,,65～69歳,2,ダン典子,女子,セ・自由が丘,45.72,,,,,,,,,41.95,35.19,32.36,4/3
1460,77,2024,10,26,長水路,個人,22,50mバタフライ,女子,,,,,,65～69歳,3,立石由美子,女子,セ・大森,48.03,,,,,,,,,41.95,35.19,32.36,1/6
1461,77,2024,10,26,長水路,個人,22,50mバタフライ,女子,,,,,,65～69歳,4,塙清子,女子,セ・自由が丘,49.46,,,,,,,,,41.95,35.19,32.36,5/1
1462,77,2024,10,26,長水路,個人,22,50mバタフライ,女子,,,,,,65～69歳,5,井手敦子,女子,セ・慶應日吉,50.94,,,,,,,,,41.95,35.19,32.36,4/10
1463,77,2024,10,26,長水路,個人,22,50mバタフライ,女子,,,,,,65～69歳,6,東海林慶美,女子,セ・蒲田,54.09,,,,,,,,,41.95,35.19,32.36,3/10
1464,77,2024,10,26,長水路,個人,22,50mバタフライ,女子,,,,,,65～69歳,7,小関富子,女子,セ・新都心,55.48,,,,,,,,,41.95,35.19,32.36,1/5
1465,77,2024,10,26,長水路,個人,22,50mバタフライ,女子,,,,,,65～69歳,8,廣瀬伸子,女子,セ・成城,56.03,,,,,,,,,41.95,35.19,32.36,3/7
1466,77,2024,10,26,長水路,個人,22,50mバタフライ,女子,,,,,,65～69歳,9,下川喜美枝,女子,セ・南千住,56.25,,,,,,,,,41.95,35.19,32.36,2/5
1467,77,2024,10,26,長水路,個人,22,50mバタフライ,女子,,,,,,65～69歳,10,譲原恵子,女子,セ・我孫子,57.82,,,,,,,,,41.95,35.19,32.36,2/2
1468,77,2024,10,26,長水路,個人,22,50mバタフライ,女子,,,,,,65～69歳,,浅野みどり,女子,セ・天王洲,,,,,,,,,,41.95,35.19,32.36,3/5
1469,77,2024,10,26,長水路,個人,22,50mバタフライ,女子,,,,,,60～64歳,1,武井麻知子,女子,セ・二俣川,40.38,,,,,,,,,35.38,33.44,29.90,5/5
1470,77,2024,10,26,長水路,個人,22,50mバタフライ,女子,,,,,,60～64歳,2,岡田眞弓,女子,セ・清瀬,47.07,,,,,,,,,35.38,33.44,29.90,3/4
1471,77,2024,10,26,長水路,個人,22,50mバタフライ,女子,,,,,,60～64歳,3,伊藤ゆかり,女子,セ・成城,47.26,,,,,,,,,35.38,33.44,29.90,4/5
1472,77,2024,10,26,長水路,個人,22,50mバタフライ,女子,,,,,,60～64歳,4,座間千鶴子,女子,ザバス八景,49.14,,,,,,,,,35.38,33.44,29.90,4/9
1473,77,2024,10,26,長水路,個人,22,50mバタフライ,女子,,,,,,60～64歳,5,大原清美,女子,セ・阿佐谷,50.90,,,,,,,,,35.38,33.44,29.90,3/9
1474,77,2024,10,26,長水路,個人,22,50mバタフライ,女子,,,,,,60～64歳,6,松田聡美,女子,セ・成城,52.70,,,,,,,,,35.38,33.44,29.90,3/1
1475,77,2024,10,26,長水路,個人,22,50mバタフライ,女子,,,,,,60～64歳,7,清水孝子,女子,セ・福生,59.18,,,,,,,,,35.38,33.44,29.90,2/8
1476,77,2024,10,26,長水路,個人,22,50mバタフライ,女子,,,,,,60～64歳,8,米林清子,女子,セ・越谷,1:00.52,,,,,,,,,35.38,33.44,29.90,2/3
1477,77,2024,10,26,長水路,個人,22,50mバタフライ,女子,,,,,,55～59歳,1,年岡仁美,女子,セ・千葉みなと,36.62,,,,,,,,,33.29,31.87,30.43,6/10
1478,77,2024,10,26,長水路,個人,22,50mバタフライ,女子,,,,,,55～59歳,2,生田目則子,女子,セ・自由が丘,41.26,,,,,,,,,33.29,31.87,30.43,5/8
1479,77,2024,10,26,長水路,個人,22,50mバタフライ,女子,,,,,,55～59歳,3,松川律子,女子,セ・二俣川,47.63,,,,,,,,,33.29,31.87,30.43,4/1
1480,77,2024,10,26,長水路,個人,22,50mバタフライ,女子,,,,,,55～59歳,4,小池淳子,女子,セ・長津田,49.60,,,,,,,,,33.29,31.87,30.43,3/6
1481,77,2024,10,26,長水路,個人,22,50mバタフライ,女子,,,,,,55～59歳,5,古谷加寿子,女子,セ・府中,51.97,,,,,,,,,33.29,31.87,30.43,3/3
1482,77,2024,10,26,長水路,個人,22,50mバタフライ,女子,,,,,,55～59歳,6,山本登美子,女子,セ・桶川北本,1:00.80,,,,,,,,,33.29,31.87,30.43,2/1
1483,77,2024,10,26,長水路,個人,22,50mバタフライ,女子,,,,,,50～54歳,1,池田百合子,女子,セ・市ヶ尾,31.11,,,,,,,,TRUE,32.44,30.26,29.08,8/7
1484,77,2024,10,26,長水路,個人,22,50mバタフライ,女子,,,,,,50～54歳,2,広瀬百合香,女子,セ・戸塚,35.36,,,,,,,,,32.44,30.26,29.08,7/9
1485,77,2024,10,26,長水路,個人,22,50mバタフライ,女子,,,,,,50～54歳,3,小泉未歌,女子,セ・宇都宮,35.42,,,,,,,,,32.44,30.26,29.08,6/3
1486,77,2024,10,26,長水路,個人,22,50mバタフライ,女子,,,,,,50～54歳,4,鎌田和代,女子,セ・千葉みなと,36.49,,,,,,,,,32.44,30.26,29.08,6/1
1487,77,2024,10,26,長水路,個人,22,50mバタフライ,女子,,,,,,50～54歳,5,小山香津子,女子,セ・藤沢,50.90,,,,,,,,,32.44,30.26,29.08,2/7
1488,77,2024,10,26,長水路,個人,22,50mバタフライ,女子,,,,,,50～54歳,6,大久保彩子,女子,セ・阿佐谷,1:04.67,,,,,,,,,32.44,30.26,29.08,1/1
1489,77,2024,10,26,長水路,個人,22,50mバタフライ,女子,,,,,,45～49歳,1,三宅信花,女子,セ・阿佐谷,35.09,,,,,,,,,32.13,29.33,28.40,6/6
1490,77,2024,10,26,長水路,個人,22,50mバタフライ,女子,,,,,,45～49歳,2,高橋真美,女子,セ・志木,40.20,,,,,,,,,32.13,29.33,28.40,4/6
1491,77,2024,10,26,長水路,個人,22,50mバタフライ,女子,,,,,,45～49歳,3,高島典子,女子,セ・大森,46.13,,,,,,,,,32.13,29.33,28.40,3/2
1492,77,2024,10,26,長水路,個人,22,50mバタフライ,女子,,,,,,45～49歳,4,清水佳苗,女子,曽谷・セ,53.96,,,,,,,,,32.13,29.33,28.40,5/10
1493,77,2024,10,26,長水路,個人,22,50mバタフライ,女子,,,,,,45～49歳,5,成重夏紀,女子,セ・藤沢,55.38,,,,,,,,,32.13,29.33,28.40,2/6
1494,77,2024,10,26,長水路,個人,22,50mバタフライ,女子,,,,,,40～44歳,1,吉村華余,女子,セ・長津田,31.50,,,,,,,,,30.58,28.75,28.36,8/3
1495,77,2024,10,26,長水路,個人,22,50mバタフライ,女子,,,,,,40～44歳,2,宮本八重,女子,セ・慶應日吉,33.70,,,,,,,,,30.58,28.75,28.36,6/4
1496,77,2024,10,26,長水路,個人,22,50mバタフライ,女子,,,,,,40～44歳,3,錦織佳奈子,女子,ザバス川崎,39.41,,,,,,,,,30.58,28.75,28.36,5/2
1497,77,2024,10,26,長水路,個人,22,50mバタフライ,女子,,,,,,40～44歳,4,冨永結衣子,女子,セ・大森,43.44,,,,,,,,,30.58,28.75,28.36,5/9
1498,77,2024,10,26,長水路,個人,22,50mバタフライ,女子,,,,,,40～44歳,5,宮林佑妃,女子,セ・長津田,44.42,,,,,,,,,30.58,28.75,28.36,4/4
1499,77,2024,10,26,長水路,個人,22,50mバタフライ,女子,,,,,,40～44歳,6,加藤涼子,女子,セ・桶川北本,48.83,,,,,,,,,30.58,28.75,28.36,2/4
1500,77,2024,10,26,長水路,個人,22,50mバタフライ,女子,,,,,,40～44歳,7,久保かおり,女子,セ・長津田,52.62,,,,,,,,,30.58,28.75,28.36,3/8
1501,77,2024,10,26,長水路,個人,22,50mバタフライ,女子,,,,,,35～39歳,1,菊地美春,女子,セ・目黒,32.02,,,,,,,,,30.94,28.63,27.46,8/1
1502,77,2024,10,26,長水路,個人,22,50mバタフライ,女子,,,,,,35～39歳,2,新井亜衣,女子,セ・市川,33.36,,,,,,,,,30.94,28.63,27.46,8/9
1503,77,2024,10,26,長水路,個人,22,50mバタフライ,女子,,,,,,35～39歳,3,宮下奏子,女子,セ・市ヶ尾,34.45,,,,,,,,,30.94,28.63,27.46,5/7
1504,77,2024,10,26,長水路,個人,22,50mバタフライ,女子,,,,,,35～39歳,4,新妻梓,女子,セ・西東京,34.86,,,,,,,,,30.94,28.63,27.46,6/5
1505,77,2024,10,26,長水路,個人,22,50mバタフライ,女子,,,,,,35～39歳,5,大家萌実,女子,セ・用賀,36.66,,,,,,,,,30.94,28.63,27.46,6/8
1506,77,2024,10,26,長水路,個人,22,50mバタフライ,女子,,,,,,30～34歳,1,早川舞,女子,セ・蒲田,31.33,,,,,,,,,30.33,27.74,27.48,7/5
1507,77,2024,10,26,長水路,個人,22,50mバタフライ,女子,,,,,,30～34歳,2,田中志歩,女子,セ・大森,32.55,,,,,,,,,30.33,27.74,27.48,7/2
1508,77,2024,10,26,長水路,個人,22,50mバタフライ,女子,,,,,,30～34歳,3,吉田のばら,女子,セ・南千住,34.15,,,,,,,,,30.33,27.74,27.48,6/2
1509,77,2024,10,26,長水路,個人,22,50mバタフライ,女子,,,,,,30～34歳,4,井上唯,女子,セ・慶應日吉,39.47,,,,,,,,,30.33,27.74,27.48,4/7
1510,77,2024,10,26,長水路,個人,22,50mバタフライ,女子,,,,,,25～29歳,1,真如美優,女子,セ・南千住,31.43,,,,,,,,,29.89,26.32,26.32,8/4
1511,77,2024,10,26,長水路,個人,22,50mバタフライ,女子,,,,,,25～29歳,2,岡澤志織,女子,セ・茂原,31.53,,,,,,,,,29.89,26.32,26.32,8/5
1512,77,2024,10,26,長水路,個人,22,50mバタフライ,女子,,,,,,25～29歳,3,嶋田菜々子,女子,セ・おおたか,36.22,,,,,,,,,29.89,26.32,26.32,6/9
1513,77,2024,10,26,長水路,個人,22,50mバタフライ,女子,,,,,,25～29歳,4,岡本詩絵理,女子,セ・藤沢,36.57,,,,,,,,,29.89,26.32,26.32,5/6
1514,77,2024,10,26,長水路,個人,22,50mバタフライ,女子,,,,,,18～24歳,1,長崎千怜,女子,セ・長津田,30.74,,,,,,,,,29.34,27.43,,6/7
1515,77,2024,10,26,長水路,個人,22,50mバタフライ,女子,,,,,,18～24歳,2,君島凜香,女子,セ・おおたか,31.15,,,,,,,,,29.34,27.43,,7/6
1516,77,2024,10,26,長水路,個人,22,50mバタフライ,女子,,,,,,18～24歳,3,島崎帆乃華,女子,セ・藤沢,31.34,,,,,,,,,29.34,27.43,,7/4
1517,77,2024,10,26,長水路,個人,22,50mバタフライ,女子,,,,,,18～24歳,4,栃元春乃,女子,セ・西東京,31.61,,,,,,,,,29.34,27.43,,7/7
1518,77,2024,10,26,長水路,個人,22,50mバタフライ,女子,,,,,,18～24歳,5,西澤瑛倫,女子,セ・越谷,32.08,,,,,,,,,29.34,27.43,,8/2
1519,77,2024,10,26,長水路,個人,22,50mバタフライ,女子,,,,,,18～24歳,6,遠藤優奈,女子,セ・新都心,32.62,,,,,,,,,29.34,27.43,,7/8
1520,77,2024,10,26,長水路,個人,22,50mバタフライ,女子,,,,,,18～24歳,7,高橋紗良,女子,セ・長津田,32.92,,,,,,,,,29.34,27.43,,7/3
1521,77,2024,10,26,長水路,個人,22,50mバタフライ,女子,,,,,,18～24歳,8,岡田星理,女子,セ・谷津,33.02,,,,,,,,,29.34,27.43,,8/10
1522,77,2024,10,26,長水路,個人,22,50mバタフライ,女子,,,,,,18～24歳,9,表侑寿,女子,セ・二俣川,33.42,,,,,,,,,29.34,27.43,,8/8
1523,77,2024,10,26,長水路,個人,22,50mバタフライ,女子,,,,,,18～24歳,10,竜野萌,女子,セ・自由が丘,33.99,,,,,,,,,29.34,27.43,,7/1
1524,77,2024,10,26,長水路,個人,22,50mバタフライ,女子,,,,,,18～24歳,,広瀬幸音,女子,セ・成城,,,,,,,,,,29.34,27.43,,7/10
1525,77,2024,10,26,長水路,個人,23,50mバタフライ,男子,,,,,,80～84歳,1,石川守也,男子,セ・市川,49.16,,,,,,,,,46.24,34.75,34.39,1/4
1526,77,2024,10,26,長水路,個人,23,50mバタフライ,男子,,,,,,75～79歳,1,吉田亮,男子,セ・成城,41.57,,,,,,,,,39.00,32.61,31.75,3/9
1527,77,2024,10,26,長水路,個人,23,50mバタフライ,男子,,,,,,75～79歳,2,白井清嗣,男子,セ・大宮宮原,47.34,,,,,,,,,39.00,32.61,31.75,1/6
1528,77,2024,10,26,長水路,個人,23,50mバタフライ,男子,,,,,,75～79歳,3,内田幸稔,男子,セ・松戸,1:03.08,,,,,,,,,39.00,32.61,31.75,1/9
1529,77,2024,10,26,長水路,個人,23,50mバタフライ,男子,,,,,,70～74歳,1,安藤次郎,男子,セ・館山,36.04,,,,,,,,,34.95,31.43,29.98,3/5
1530,77,2024,10,26,長水路,個人,23,50mバタフライ,男子,,,,,,70～74歳,2,香川左近,男子,セ・二俣川,45.34,,,,,,,,,34.95,31.43,29.98,2/7
1531,77,2024,10,26,長水路,個人,23,50mバタフライ,男子,,,,,,65～69歳,1,吉原一彦,男子,セ・阿佐谷,32.86,,,,,,,,,32.79,29.99,28.26,6/4
1532,77,2024,10,26,長水路,個人,23,50mバタフライ,男子,,,,,,65～69歳,2,齋藤博憲,男子,ザバス鶴見,41.11,,,,,,,,,32.79,29.99,28.26,1/5
1533,77,2024,10,26,長水路,個人,23,50mバタフライ,男子,,,,,,65～69歳,3,大滝恭伸,男子,セ・市ヶ尾,41.91,,,,,,,,,32.79,29.99,28.26,3/2
1534,77,2024,10,26,長水路,個人,23,50mバタフライ,男子,,,,,,65～69歳,4,飯沼明,男子,セ・長津田,45.84,,,,,,,,,32.79,29.99,28.26,2/9
1535,77,2024,10,26,長水路,個人,23,50mバタフライ,男子,,,,,,65～69歳,5,櫛田伸彦,男子,ザバス鶴見,57.91,,,,,,,,,32.79,29.99,28.26,1/2
1536,77,2024,10,26,長水路,個人,23,50mバタフライ,男子,,,,,,65～69歳,6,仲二見実,男子,セ・ときわ台,1:08.76,,,,,,,,,32.79,29.99,28.26,1/8
1537,77,2024,10,26,長水路,個人,23,50mバタフライ,男子,,,,,,60～64歳,1,今井正太郎,男子,セ・前橋,30.63,,,,,,,,TRUE,31.43,29.18,27.57,7/4
1538,77,2024,10,26,長水路,個人,23,50mバタフライ,男子,,,,,,60～64歳,2,菊池千二,男子,セ・市ヶ尾,32.00,,,,,,,,,31.43,29.18,27.57,4/9
1539,77,2024,10,26,長水路,個人,23,50mバタフライ,男子,,,,,,60～64歳,3,海辺信吉,男子,セ・おおたか,34.37,,,,,,,,,31.43,29.18,27.57,6/10
1540,77,2024,10,26,長水路,個人,23,50mバタフライ,男子,,,,,,60～64歳,4,村木満,男子,セ・トレッサ,34.73,,,,,,,,,31.43,29.18,27.57,4/6
1541,77,2024,10,26,長水路,個人,23,50mバタフライ,男子,,,,,,60～64歳,5,金子勝,男子,セ・岩槻,35.52,,,,,,,,,31.43,29.18,27.57,5/9
1542,77,2024,10,26,長水路,個人,23,50mバタフライ,男子,,,,,,60～64歳,6,廣本佳也,男子,セ・上池袋,35.73,,,,,,,,,31.43,29.18,27.57,6/1
1543,77,2024,10,26,長水路,個人,23,50mバタフライ,男子,,,,,,60～64歳,7,大塚克,男子,セ・市川,39.07,,,,,,,,,31.43,29.18,27.57,4/1
1544,77,2024,10,26,長水路,個人,23,50mバタフライ,男子,,,,,,60～64歳,8,二宮博,男子,セ・横浜,41.99,,,,,,,,,31.43,29.18,27.57,3/3
1545,77,2024,10,26,長水路,個人,23,50mバタフライ,男子,,,,,,60～64歳,9,浦田昌和,男子,セ・成城,43.96,,,,,,,,,31.43,29.18,27.57,3/1
1546,77,2024,10,26,長水路,個人,23,50mバタフライ,男子,,,,,,60～64歳,10,山元修一,男子,セ・葛西,49.21,,,,,,,,,31.43,29.18,27.57,1/3
1547,77,2024,10,26,長水路,個人,23,50mバタフライ,男子,,,,,,55～59歳,1,荒川秀明,男子,セ・前橋,30.70,,,,,,,,,29.98,27.02,26.56,7/8
1548,77,2024,10,26,長水路,個人,23,50mバタフライ,男子,,,,,,55～59歳,2,小倉和彦,男子,セ・清瀬,31.98,,,,,,,,,29.98,27.02,26.56,5/6
1549,77,2024,10,26,長水路,個人,23,50mバタフライ,男子,,,,,,55～59歳,3,矢部裕之,男子,セ・長津田,32.25,,,,,,,,,29.98,27.02,26.56,6/7
1550,77,2024,10,26,長水路,個人,23,50mバタフライ,男子,,,,,,55～59歳,4,浅田康朗,男子,セ・大森,34.25,,,,,,,,,29.98,27.02,26.56,5/5
1551,77,2024,10,26,長水路,個人,23,50mバタフライ,男子,,,,,,55～59歳,5,田中基幹,男子,セ・流山,36.15,,,,,,,,,29.98,27.02,26.56,3/4
1552,77,2024,10,26,長水路,個人,23,50mバタフライ,男子,,,,,,55～59歳,6,温井芳浩,男子,セ・谷津,39.10,,,,,,,,,29.98,27.02,26.56,4/5
1553,77,2024,10,26,長水路,個人,23,50mバタフライ,男子,,,,,,55～59歳,7,伊藤正二,男子,セ・大森,40.25,,,,,,,,,29.98,27.02,26.56,2/6
1554,77,2024,10,26,長水路,個人,23,50mバタフライ,男子,,,,,,55～59歳,8,安藤朋邦,男子,セ・南青山,43.65,,,,,,,,,29.98,27.02,26.56,3/8
1555,77,2024,10,26,長水路,個人,23,50mバタフライ,男子,,,,,,55～59歳,9,大塚秀幸,男子,セ・慶應日吉,47.25,,,,,,,,,29.98,27.02,26.56,2/3
1556,77,2024,10,26,長水路,個人,23,50mバタフライ,男子,,,,,,55～59歳,10,安部盛博,男子,セ・成城,48.83,,,,,,,,,29.98,27.02,26.56,1/7
1557,77,2024,10,26,長水路,個人,23,50mバタフライ,男子,,,,,,50～54歳,1,池田正輝,男子,セ・市ヶ尾,27.00,,,,,,,,TRUE,28.18,25.79,25.69,11/7
1558,77,2024,10,26,長水路,個人,23,50mバタフライ,男子,,,,,,50～54歳,2,大村俊文,男子,セ・二俣川,28.69,,,,,,,,,28.18,25.79,25.69,7/3
1559,77,2024,10,26,長水路,個人,23,50mバタフライ,男子,,,,,,50～54歳,3,小森康弘,男子,セ・葛西,30.45,,,,,,,,,28.18,25.79,25.69,9/3
1560,77,2024,10,26,長水路,個人,23,50mバタフライ,男子,,,,,,50～54歳,4,石井龍,男子,セ・成城,30.59,,,,,,,,,28.18,25.79,25.69,7/7
1561,77,2024,10,26,長水路,個人,23,50mバタフライ,男子,,,,,,50～54歳,5,河野悟,男子,セ・慶應日吉,31.28,,,,,,,,,28.18,25.79,25.69,6/5
1562,77,2024,10,26,長水路,個人,23,50mバタフライ,男子,,,,,,50～54歳,6,松崎敏明,男子,セ・慶應日吉,32.66,,,,,,,,,28.18,25.79,25.69,4/10
1563,77,2024,10,26,長水路,個人,23,50mバタフライ,男子,,,,,,50～54歳,7,門倉孝行,男子,セ・慶應日吉,33.33,,,,,,,,,28.18,25.79,25.69,4/7
1564,77,2024,10,26,長水路,個人,23,50mバタフライ,男子,,,,,,50～54歳,8,増渕博之,男子,セ・藤沢,33.69,,,,,,,,,28.18,25.79,25.69,5/4
1565,77,2024,10,26,長水路,個人,23,50mバタフライ,男子,,,,,,50～54歳,9,新井田將司,男子,セ・トレッサ,34.45,,,,,,,,,28.18,25.79,25.69,5/7
1566,77,2024,10,26,長水路,個人,23,50mバタフライ,男子,,,,,,50～54歳,10,藤井清和,男子,セ・武蔵小杉,34.68,,,,,,,,,28.18,25.79,25.69,5/8
1567,77,2024,10,26,長水路,個人,23,50mバタフライ,男子,,,,,,50～54歳,11,原田真,男子,セ・葛西,37.00,,,,,,,,,28.18,25.79,25.69,5/10
1568,77,2024,10,26,長水路,個人,23,50mバタフライ,男子,,,,,,50～54歳,12,古高正道,男子,セ・天王洲,39.76,,,,,,,,,28.18,25.79,25.69,2/5
1569,77,2024,10,26,長水路,個人,23,50mバタフライ,男子,,,,,,50～54歳,13,金子謙一,男子,セ・長津田,40.76,,,,,,,,,28.18,25.79,25.69,3/10
1570,77,2024,10,26,長水路,個人,23,50mバタフライ,男子,,,,,,50～54歳,14,宮本昌雄,男子,セ・二俣川,40.97,,,,,,,,,28.18,25.79,25.69,2/8
1571,77,2024,10,26,長水路,個人,23,50mバタフライ,男子,,,,,,50～54歳,15,庄司和明,男子,セ・松戸,43.23,,,,,,,,,28.18,25.79,25.69,2/4
1572,77,2024,10,26,長水路,個人,23,50mバタフライ,男子,,,,,,45～49歳,1,永瀬知之,男子,セ・二俣川,29.96,,,,,,,,,27.49,25.26,24.96,10/10
1573,77,2024,10,26,長水路,個人,23,50mバタフライ,男子,,,,,,45～49歳,2,倉持公一,男子,セ・天王洲,31.38,,,,,,,,,27.49,25.26,24.96,7/2
1574,77,2024,10,26,長水路,個人,23,50mバタフライ,男子,,,,,,45～49歳,3,羽田浩一,男子,セ・成城,31.58,,,,,,,,,27.49,25.26,24.96,8/5
1575,77,2024,10,26,長水路,個人,23,50mバタフライ,男子,,,,,,45～49歳,4,松平一真,男子,セ・本郷台,34.18,,,,,,,,,27.49,25.26,24.96,6/2
1576,77,2024,10,26,長水路,個人,23,50mバタフライ,男子,,,,,,45～49歳,5,鈴木直哉,男子,セ・八王子,34.56,,,,,,,,,27.49,25.26,24.96,4/3
1577,77,2024,10,26,長水路,個人,23,50mバタフライ,男子,,,,,,45～49歳,6,花井一也,男子,セ・長津田,34.90,,,,,,,,,27.49,25.26,24.96,6/9
1578,77,2024,10,26,長水路,個人,23,50mバタフライ,男子,,,,,,45～49歳,7,草野剛史,男子,セ・二俣川,39.40,,,,,,,,,27.49,25.26,24.96,3/6
1579,77,2024,10,26,長水路,個人,23,50mバタフライ,男子,,,,,,40～44歳,1,鶴谷学,男子,セ・二俣川,26.68,,,,,,,,,26.51,25.06,24.11,11/3
1580,77,2024,10,26,長水路,個人,23,50mバタフライ,男子,,,,,,40～44歳,2,寺田貴洋,男子,セ・二俣川,28.88,,,,,,,,,26.51,25.06,24.11,8/6
1581,77,2024,10,26,長水路,個人,23,50mバタフライ,男子,,,,,,40～44歳,3,図師拓千,男子,セ・市ヶ尾,30.01,,,,,,,,,26.51,25.06,24.11,7/6
1582,77,2024,10,26,長水路,個人,23,50mバタフライ,男子,,,,,,40～44歳,4,小林弘典,男子,セ・大森,30.79,,,,,,,,,26.51,25.06,24.11,7/9
1583,77,2024,10,26,長水路,個人,23,50mバタフライ,男子,,,,,,40～44歳,5,阪田高士,男子,セ・茂原,30.87,,,,,,,,,26.51,25.06,24.11,7/5
1584,77,2024,10,26,長水路,個人,23,50mバタフライ,男子,,,,,,40～44歳,6,勝吉進一,男子,セ・慶應日吉,32.55,,,,,,,,,26.51,25.06,24.11,6/3
1585,77,2024,10,26,長水路,個人,23,50mバタフライ,男子,,,,,,40～44歳,7,宮崎隆寛,男子,セ・越谷,39.01,,,,,,,,,26.51,25.06,24.11,4/2
1586,77,2024,10,26,長水路,個人,23,50mバタフライ,男子,,,,,,35～39歳,1,立石裕太郎,男子,セ・二俣川,27.37,,,,,,,,,26.19,24.98,24.03,10/5
1587,77,2024,10,26,長水路,個人,23,50mバタフライ,男子,,,,,,35～39歳,2,椎本恭平,男子,セ・阿佐谷,29.05,,,,,,,,,26.19,24.98,24.03,8/4
1588,77,2024,10,26,長水路,個人,23,50mバタフライ,男子,,,,,,35～39歳,3,吉川重行,男子,セ・桶川北本,29.75,,,,,,,,,26.19,24.98,24.03,10/1
1589,77,2024,10,26,長水路,個人,23,50mバタフライ,男子,,,,,,35～39歳,4,三浦惇生,男子,セ・武蔵小杉,35.33,,,,,,,,,26.19,24.98,24.03,6/8
1590,77,2024,10,26,長水路,個人,23,50mバタフライ,男子,,,,,,30～34歳,1,内藤寿輝,男子,セ・大森,27.34,,,,,,,,,25.53,24.16,23.16,11/8
1591,77,2024,10,26,長水路,個人,23,50mバタフライ,男子,,,,,,30～34歳,2,伊藤孝優,男子,セ・八王子,27.89,,,,,,,,,25.53,24.16,23.16,10/3
1592,77,2024,10,26,長水路,個人,23,50mバタフライ,男子,,,,,,30～34歳,3,土屋大貴,男子,セ・平塚,28.04,,,,,,,,,25.53,24.16,23.16,11/9
1593,77,2024,10,26,長水路,個人,23,50mバタフライ,男子,,,,,,30～34歳,4,塚本拓也,男子,セ・清瀬,28.50,,,,,,,,,25.53,24.16,23.16,8/8
1594,77,2024,10,26,長水路,個人,23,50mバタフライ,男子,,,,,,30～34歳,5,櫃田皓大,男子,セ・能見台,28.62,,,,,,,,,25.53,24.16,23.16,8/7
1595,77,2024,10,26,長水路,個人,23,50mバタフライ,男子,,,,,,30～34歳,6,中西剛,男子,セ・成城,29.00,,,,,,,,,25.53,24.16,23.16,10/8
1596,77,2024,10,26,長水路,個人,23,50mバタフライ,男子,,,,,,30～34歳,7,中村勇介,男子,セ・慶應日吉,42.59,,,,,,,,,25.53,24.16,23.16,2/2
1597,77,2024,10,26,長水路,個人,23,50mバタフライ,男子,,,,,,25～29歳,1,石井了,男子,セ・おおたか,26.58,,,,,,,,,25.39,24.01,23.71,11/5
1598,77,2024,10,26,長水路,個人,23,50mバタフライ,男子,,,,,,25～29歳,2,松尾勇太,男子,セ・南青山,27.60,,,,,,,,,25.39,24.01,23.71,11/2
1599,77,2024,10,26,長水路,個人,23,50mバタフライ,男子,,,,,,25～29歳,3,神戸優悠希,男子,セ・茂原,27.61,,,,,,,,,25.39,24.01,23.71,9/8
1600,77,2024,10,26,長水路,個人,23,50mバタフライ,男子,,,,,,25～29歳,4,宮田遼太,男子,セ・成城,28.03,,,,,,,,,25.39,24.01,23.71,10/6
1601,77,2024,10,26,長水路,個人,23,50mバタフライ,男子,,,,,,25～29歳,5,岡内昭伍,男子,セ・大宮宮原,28.19,,,,,,,,,25.39,24.01,23.71,8/2
1602,77,2024,10,26,長水路,個人,23,50mバタフライ,男子,,,,,,25～29歳,6,高見沢重倫,男子,セ・慶應日吉,28.28,,,,,,,,,25.39,24.01,23.71,8/1
1603,77,2024,10,26,長水路,個人,23,50mバタフライ,男子,,,,,,25～29歳,7,鈴木央雅,男子,セ・清瀬,28.36,,,,,,,,,25.39,24.01,23.71,10/4
1604,77,2024,10,26,長水路,個人,23,50mバタフライ,男子,,,,,,25～29歳,8,中原志門,男子,セ・大森,28.95,,,,,,,,,25.39,24.01,23.71,10/9
1605,77,2024,10,26,長水路,個人,23,50mバタフライ,男子,,,,,,25～29歳,9,室坂拓真,男子,セ・用賀,29.16,,,,,,,,,25.39,24.01,23.71,8/10
1606,77,2024,10,26,長水路,個人,23,50mバタフライ,男子,,,,,,25～29歳,10,野末和志,男子,セ・志木,32.14,,,,,,,,,25.39,24.01,23.71,5/3
1607,77,2024,10,26,長水路,個人,23,50mバタフライ,男子,,,,,,18～24歳,1,菅原啓,男子,セ・慶應日吉,26.37,,,,,,,,,24.03,24.03,,11/4
1608,77,2024,10,26,長水路,個人,23,50mバタフライ,男子,,,,,,18～24歳,2,廣谷幸翼,男子,セ・志木,26.91,,,,,,,,,24.03,24.03,,9/5
1609,77,2024,10,26,長水路,個人,23,50mバタフライ,男子,,,,,,18～24歳,3,川口皓生,男子,セ・柏,27.60,,,,,,,,,24.03,24.03,,11/6
1610,77,2024,10,26,長水路,個人,23,50mバタフライ,男子,,,,,,18～24歳,4,廣川大起,男子,セ・柏,27.73,,,,,,,,,24.03,24.03,,9/7
1611,77,2024,10,26,長水路,個人,23,50mバタフライ,男子,,,,,,18～24歳,5,黒田大介,男子,セ・成城,27.86,,,,,,,,,24.03,24.03,,10/7
1612,77,2024,10,26,長水路,個人,23,50mバタフライ,男子,,,,,,18～24歳,6,法領田徳丞,男子,セ・蒲田,27.97,,,,,,,,,24.03,24.03,,11/10
1613,77,2024,10,26,長水路,個人,23,50mバタフライ,男子,,,,,,18～24歳,7,青木海斗,男子,セ・用賀,28.22,,,,,,,,,24.03,24.03,,9/6
1614,77,2024,10,26,長水路,個人,23,50mバタフライ,男子,,,,,,18～24歳,8,三角一汰,男子,セ・新都心,28.37,,,,,,,,,24.03,24.03,,9/10
1615,77,2024,10,26,長水路,個人,23,50mバタフライ,男子,,,,,,18～24歳,9,山﨑陸真,男子,セ・二俣川,28.44,,,,,,,,,24.03,24.03,,9/2
1616,77,2024,10,26,長水路,個人,23,50mバタフライ,男子,,,,,,18～24歳,10,山泉晃也,男子,セ・東十条,29.68,,,,,,,,,24.03,24.03,,9/9
1617,77,2024,10,26,長水路,個人,23,50mバタフライ,男子,,,,,,18～24歳,11,池内駿文,男子,セ・東十条,29.79,,,,,,,,,24.03,24.03,,10/2
1618,77,2024,10,26,長水路,個人,23,50mバタフライ,男子,,,,,,18～24歳,12,秋澤裕介,男子,セ・二俣川,29.92,,,,,,,,,24.03,24.03,,9/4
1619,77,2024,10,26,長水路,個人,23,50mバタフライ,男子,,,,,,18～24歳,13,村田雅治,男子,セ・長津田,30.37,,,,,,,,,24.03,24.03,,9/1
1620,77,2024,10,26,長水路,個人,23,50mバタフライ,男子,,,,,,18～24歳,14,硲子龍,男子,セ・流山,32.04,,,,,,,,,24.03,24.03,,6/6
1621,77,2024,10,26,長水路,個人,23,50mバタフライ,男子,,,,,,18～24歳,15,前納爽太,男子,セ・葛西,32.64,,,,,,,,,24.03,24.03,,7/10
1622,77,2024,10,26,長水路,個人,23,50mバタフライ,男子,,,,,,18～24歳,16,韓準爀,男子,セ・八王子,32.88,,,,,,,,,24.03,24.03,,11/1
1623,77,2024,10,26,長水路,個人,23,50mバタフライ,男子,,,,,,18～24歳,17,千原大樹,男子,セ・自由が丘,35.12,,,,,,,,,24.03,24.03,,5/1
1624,77,2024,10,26,長水路,個人,23,50mバタフライ,男子,,,,,,18～24歳,18,松本海星,男子,セ・清瀬,36.54,,,,,,,,,24.03,24.03,,4/8
