ID,回,年,月,日,水路,タイプ,レース番号,競技名,競技性別,リレー年齢区分,リレー実年齢合計,リレータイム,リレー大会新差,リレー泳順,個人年齢区分,順位,選手名,性別,チーム名,個人タイム,個人大会新差,飛込タイム,LAPタイム,個人得点,チーム得点,申請タイム,ぴったり賞,大会新,大会記録,日本記録,世界記録,レーン
1,74,2023,5,14,短水路,チーム,3,4×25mメドレーリレー,女子,320～359歳,328,1:48.11,,1,,1,金子孝子,,セ・清瀬,30.41,,,,,,,,,,1:26.19,,1/4
2,74,2023,5,14,短水路,チーム,3,4×25mメドレーリレー,女子,320～359歳,328,1:48.11,,2,,1,手塚泰子,,セ・清瀬,28.57,,,,,,,,,,1:26.19,,1/4
3,74,2023,5,14,短水路,チーム,3,4×25mメドレーリレー,女子,320～359歳,328,1:48.11,,3,,1,鈴木洋子,,セ・清瀬,26.35,,,,,,,,,,1:26.19,,1/4
4,74,2023,5,14,短水路,チーム,3,4×25mメドレーリレー,女子,320～359歳,328,1:48.11,,4,,1,森京子,,セ・清瀬,22.78,,,,,,,,,,1:26.19,,1/4
5,74,2023,5,14,短水路,チーム,3,4×25mメドレーリレー,女子,320～359歳,322,1:53.53,,1,,2,御手洗ヨシ,,CS南行徳,28.68,,,,,,,,,,1:26.19,,1/3
6,74,2023,5,14,短水路,チーム,3,4×25mメドレーリレー,女子,320～359歳,322,1:53.53,,2,,2,小森和子,,CS南行徳,33.68,,,,,,,,,,1:26.19,,1/3
7,74,2023,5,14,短水路,チーム,3,4×25mメドレーリレー,女子,320～359歳,322,1:53.53,,3,,2,岡田まり子,,CS南行徳,25.50,,,,,,,,,,1:26.19,,1/3
8,74,2023,5,14,短水路,チーム,3,4×25mメドレーリレー,女子,320～359歳,322,1:53.53,,4,,2,福澤チヅ子,,CS南行徳,25.67,,,,,,,,,,1:26.19,,1/3
9,74,2023,5,14,短水路,チーム,3,4×25mメドレーリレー,女子,280～319歳,285,1:22.90,,1,,1,松村恵子,,セ・葛西,22.26,,,,,,,,,1:19.71,1:16.35,,2/4
10,74,2023,5,14,短水路,チーム,3,4×25mメドレーリレー,女子,280～319歳,285,1:22.90,,2,,1,小澤優子,,セ・葛西,24.56,,,,,,,,,1:19.71,1:16.35,,2/4
11,74,2023,5,14,短水路,チーム,3,4×25mメドレーリレー,女子,280～319歳,285,1:22.90,,3,,1,大山恵子,,セ・葛西,17.99,,,,,,,,,1:19.71,1:16.35,,2/4
12,74,2023,5,14,短水路,チーム,3,4×25mメドレーリレー,女子,280～319歳,285,1:22.90,,4,,1,青砥美智子,,セ・葛西,18.09,,,,,,,,,1:19.71,1:16.35,,2/4
13,74,2023,5,14,短水路,チーム,3,4×25mメドレーリレー,女子,280～319歳,287,1:27.07,,1,,2,藤井一恵,,セ・大森,23.72,,,,,,,,,1:19.71,1:16.35,,2/5
14,74,2023,5,14,短水路,チーム,3,4×25mメドレーリレー,女子,280～319歳,287,1:27.07,,2,,2,井上美佐子,,セ・大森,23.55,,,,,,,,,1:19.71,1:16.35,,2/5
15,74,2023,5,14,短水路,チーム,3,4×25mメドレーリレー,女子,280～319歳,287,1:27.07,,3,,2,市野克子,,セ・大森,21.35,,,,,,,,,1:19.71,1:16.35,,2/5
16,74,2023,5,14,短水路,チーム,3,4×25mメドレーリレー,女子,280～319歳,287,1:27.07,,4,,2,室谷晴江,,セ・大森,18.45,,,,,,,,,1:19.71,1:16.35,,2/5
17,74,2023,5,14,短水路,チーム,3,4×25mメドレーリレー,女子,280～319歳,289,1:29.44,,1,,3,後藤明美,,セ・天王洲,21.43,,,,,,,,,1:19.71,1:16.35,,2/2
18,74,2023,5,14,短水路,チーム,3,4×25mメドレーリレー,女子,280～319歳,289,1:29.44,,2,,3,櫻田琴,,セ・天王洲,22.95,,,,,,,,,1:19.71,1:16.35,,2/2
19,74,2023,5,14,短水路,チーム,3,4×25mメドレーリレー,女子,280～319歳,289,1:29.44,,3,,3,浅野みどり,,セ・天王洲,20.35,,,,,,,,,1:19.71,1:16.35,,2/2
20,74,2023,5,14,短水路,チーム,3,4×25mメドレーリレー,女子,280～319歳,289,1:29.44,,4,,3,平田美佐子,,セ・天王洲,24.71,,,,,,,,,1:19.71,1:16.35,,2/2
21,74,2023,5,14,短水路,チーム,3,4×25mメドレーリレー,女子,280～319歳,288,1:29.59,,1,,4,山地多佳子,,セ・おおたか,23.70,,,,,,,,,1:19.71,1:16.35,,2/3
22,74,2023,5,14,短水路,チーム,3,4×25mメドレーリレー,女子,280～319歳,288,1:29.59,,2,,4,肴村博子,,セ・おおたか,24.33,,,,,,,,,1:19.71,1:16.35,,2/3
23,74,2023,5,14,短水路,チーム,3,4×25mメドレーリレー,女子,280～319歳,288,1:29.59,,3,,4,岩崎良子,,セ・おおたか,18.94,,,,,,,,,1:19.71,1:16.35,,2/3
24,74,2023,5,14,短水路,チーム,3,4×25mメドレーリレー,女子,280～319歳,288,1:29.59,,4,,4,田中もみち,,セ・おおたか,22.62,,,,,,,,,1:19.71,1:16.35,,2/3
25,74,2023,5,14,短水路,チーム,3,4×25mメドレーリレー,女子,280～319歳,288,1:33.33,,1,,5,相澤史子,,セ・松戸,24.41,,,,,,,,,1:19.71,1:16.35,,2/8
26,74,2023,5,14,短水路,チーム,3,4×25mメドレーリレー,女子,280～319歳,288,1:33.33,,2,,5,若松はる子,,セ・松戸,29.33,,,,,,,,,1:19.71,1:16.35,,2/8
27,74,2023,5,14,短水路,チーム,3,4×25mメドレーリレー,女子,280～319歳,288,1:33.33,,3,,5,森本美恵,,セ・松戸,19.82,,,,,,,,,1:19.71,1:16.35,,2/8
28,74,2023,5,14,短水路,チーム,3,4×25mメドレーリレー,女子,280～319歳,288,1:33.33,,4,,5,八田清子,,セ・松戸,19.77,,,,,,,,,1:19.71,1:16.35,,2/8
29,74,2023,5,14,短水路,チーム,3,4×25mメドレーリレー,女子,280～319歳,292,1:34.66,,1,,6,吉見一江,,セ・二俣川,26.60,,,,,,,,,1:19.71,1:16.35,,2/1
30,74,2023,5,14,短水路,チーム,3,4×25mメドレーリレー,女子,280～319歳,292,1:34.66,,2,,6,小沢邦恵,,セ・二俣川,25.79,,,,,,,,,1:19.71,1:16.35,,2/1
31,74,2023,5,14,短水路,チーム,3,4×25mメドレーリレー,女子,280～319歳,292,1:34.66,,2,,6,/6,,セ・二俣川,,,,,,,,,,1:19.71,1:16.35,,2/1
32,74,2023,5,14,短水路,チーム,3,4×25mメドレーリレー,女子,280～319歳,292,1:34.66,,3,,6,近藤ひな子,,セ・二俣川,20.08,,,,,,,,,1:19.71,1:16.35,,2/1
33,74,2023,5,14,短水路,チーム,3,4×25mメドレーリレー,女子,280～319歳,292,1:34.66,,4,,6,武藤治子,,セ・二俣川,22.19,,,,,,,,,1:19.71,1:16.35,,2/1
34,74,2023,5,14,短水路,チーム,3,4×25mメドレーリレー,女子,280～319歳,291,1:35.04,,1,,7,吉野治子,,セ・成城,22.10,,,,,,,,,1:19.71,1:16.35,,2/6
35,74,2023,5,14,短水路,チーム,3,4×25mメドレーリレー,女子,280～319歳,291,1:35.04,,2,,7,上田寿美子,,セ・成城,29.79,,,,,,,,,1:19.71,1:16.35,,2/6
36,74,2023,5,14,短水路,チーム,3,4×25mメドレーリレー,女子,280～319歳,291,1:35.04,,3,,7,草森理子,,セ・成城,22.16,,,,,,,,,1:19.71,1:16.35,,2/6
37,74,2023,5,14,短水路,チーム,3,4×25mメドレーリレー,女子,280～319歳,291,1:35.04,,4,,7,栗林眞知子,,セ・成城,20.99,,,,,,,,,1:19.71,1:16.35,,2/6
38,74,2023,5,14,短水路,チーム,3,4×25mメドレーリレー,女子,280～319歳,291,1:45.36,,1,,8,原田早苗,,セ・南千住,28.58,,,,,,,,,1:19.71,1:16.35,,2/7
39,74,2023,5,14,短水路,チーム,3,4×25mメドレーリレー,女子,280～319歳,291,1:45.36,,2,,8,大手佳江,,セ・南千住,27.63,,,,,,,,,1:19.71,1:16.35,,2/7
40,74,2023,5,14,短水路,チーム,3,4×25mメドレーリレー,女子,280～319歳,291,1:45.36,,3,,8,山村昌子,,セ・南千住,27.53,,,,,,,,,1:19.71,1:16.35,,2/7
41,74,2023,5,14,短水路,チーム,3,4×25mメドレーリレー,女子,280～319歳,291,1:45.36,,4,,8,于亜芝,,セ・南千住,21.62,,,,,,,,,1:19.71,1:16.35,,2/7
42,74,2023,5,14,短水路,チーム,3,4×25mメドレーリレー,女子,280～319歳,287,1:45.38,,1,,9,仲岡輝,,セ・我孫子,26.29,,,,,,,,,1:19.71,1:16.35,,1/5
43,74,2023,5,14,短水路,チーム,3,4×25mメドレーリレー,女子,280～319歳,287,1:45.38,,2,,9,渋谷照代,,セ・我孫子,28.89,,,,,,,,,1:19.71,1:16.35,,1/5
44,74,2023,5,14,短水路,チーム,3,4×25mメドレーリレー,女子,280～319歳,287,1:45.38,,3,,9,伊藤秀子,,セ・我孫子,25.95,,,,,,,,,1:19.71,1:16.35,,1/5
45,74,2023,5,14,短水路,チーム,3,4×25mメドレーリレー,女子,280～319歳,287,1:45.38,,4,,9,石川和子,,セ・我孫子,24.25,,,,,,,,,1:19.71,1:16.35,,1/5
46,74,2023,5,14,短水路,チーム,3,4×25mメドレーリレー,女子,280～319歳,289,1:46.17,,1,,10,大久保祐美子,,セ・我孫子,25.28,,,,,,,,,1:19.71,1:16.35,,1/6
47,74,2023,5,14,短水路,チーム,3,4×25mメドレーリレー,女子,280～319歳,289,1:46.17,,2,,10,木村恵,,セ・我孫子,29.68,,,,,,,,,1:19.71,1:16.35,,1/6
48,74,2023,5,14,短水路,チーム,3,4×25mメドレーリレー,女子,280～319歳,289,1:46.17,,3,,10,小野洋子,,セ・我孫子,26.04,,,,,,,,,1:19.71,1:16.35,,1/6
49,74,2023,5,14,短水路,チーム,3,4×25mメドレーリレー,女子,280～319歳,289,1:46.17,,4,,10,安部澄子,,セ・我孫子,25.17,,,,,,,,,1:19.71,1:16.35,,1/6
50,74,2023,5,14,短水路,チーム,3,4×25mメドレーリレー,女子,240～279歳,240,1:12.96,,1,,1,鈴木亜抄子,,セ・二俣川,19.20,,,,,,,,,1:08.57,1:07.41,,3/4
51,74,2023,5,14,短水路,チーム,3,4×25mメドレーリレー,女子,240～279歳,240,1:12.96,,2,,1,盛田真規子,,セ・二俣川,22.68,,,,,,,,,1:08.57,1:07.41,,3/4
52,74,2023,5,14,短水路,チーム,3,4×25mメドレーリレー,女子,240～279歳,240,1:12.96,,3,,1,武井麻知子,,セ・二俣川,16.83,,,,,,,,,1:08.57,1:07.41,,3/4
53,74,2023,5,14,短水路,チーム,3,4×25mメドレーリレー,女子,240～279歳,240,1:12.96,,4,,1,永瀬秀子,,セ・二俣川,14.25,,,,,,,,,1:08.57,1:07.41,,3/4
54,74,2023,5,14,短水路,チーム,3,4×25mメドレーリレー,女子,240～279歳,243,1:19.65,,1,,2,神保清美,,セ・自由が丘,22.16,,,,,,,,,1:08.57,1:07.41,,3/3
55,74,2023,5,14,短水路,チーム,3,4×25mメドレーリレー,女子,240～279歳,243,1:19.65,,2,,2,ダン典子,,セ・自由が丘,22.00,,,,,,,,,1:08.57,1:07.41,,3/3
56,74,2023,5,14,短水路,チーム,3,4×25mメドレーリレー,女子,240～279歳,243,1:19.65,,3,,2,生田目則子,,セ・自由が丘,17.41,,,,,,,,,1:08.57,1:07.41,,3/3
57,74,2023,5,14,短水路,チーム,3,4×25mメドレーリレー,女子,240～279歳,243,1:19.65,,4,,2,石井恵津,,セ・自由が丘,18.08,,,,,,,,,1:08.57,1:07.41,,3/3
58,74,2023,5,14,短水路,チーム,3,4×25mメドレーリレー,女子,240～279歳,253,1:21.81,,1,,3,松田聡美,,セ・成城,20.87,,,,,,,,,1:08.57,1:07.41,,3/6
59,74,2023,5,14,短水路,チーム,3,4×25mメドレーリレー,女子,240～279歳,253,1:21.81,,2,,3,高梨美樹,,セ・成城,21.59,,,,,,,,,1:08.57,1:07.41,,3/6
60,74,2023,5,14,短水路,チーム,3,4×25mメドレーリレー,女子,240～279歳,253,1:21.81,,3,,3,井本豊子,,セ・成城,21.02,,,,,,,,,1:08.57,1:07.41,,3/6
61,74,2023,5,14,短水路,チーム,3,4×25mメドレーリレー,女子,240～279歳,253,1:21.81,,4,,3,柳沢智子,,セ・成城,18.33,,,,,,,,,1:08.57,1:07.41,,3/6
62,74,2023,5,14,短水路,チーム,3,4×25mメドレーリレー,女子,240～279歳,247,1:23.78,,1,,4,山本由起子,,セ・南千住,21.96,,,,,,,,,1:08.57,1:07.41,,3/7
63,74,2023,5,14,短水路,チーム,3,4×25mメドレーリレー,女子,240～279歳,247,1:23.78,,2,,4,古宇田淳子,,セ・南千住,25.94,,,,,,,,,1:08.57,1:07.41,,3/7
64,74,2023,5,14,短水路,チーム,3,4×25mメドレーリレー,女子,240～279歳,247,1:23.78,,3,,4,下川喜美枝,,セ・南千住,21.09,,,,,,,,,1:08.57,1:07.41,,3/7
65,74,2023,5,14,短水路,チーム,3,4×25mメドレーリレー,女子,240～279歳,247,1:23.78,,3,,4,/6,,セ・南千住,,,,,,,,,,1:08.57,1:07.41,,3/7
66,74,2023,5,14,短水路,チーム,3,4×25mメドレーリレー,女子,240～279歳,247,1:23.78,,4,,4,杉本浩美,,セ・南千住,14.79,,,,,,,,,1:08.57,1:07.41,,3/7
67,74,2023,5,14,短水路,チーム,3,4×25mメドレーリレー,女子,240～279歳,249,1:25.59,,1,,5,江幡菜穂子,,クリーンスパ,22.32,,,,,,,,,1:08.57,1:07.41,,3/2
68,74,2023,5,14,短水路,チーム,3,4×25mメドレーリレー,女子,240～279歳,249,1:25.59,,2,,5,酒井寿美恵,,クリーンスパ,21.84,,,,,,,,,1:08.57,1:07.41,,3/2
69,74,2023,5,14,短水路,チーム,3,4×25mメドレーリレー,女子,240～279歳,249,1:25.59,,3,,5,渡辺米子,,クリーンスパ,24.51,,,,,,,,,1:08.57,1:07.41,,3/2
70,74,2023,5,14,短水路,チーム,3,4×25mメドレーリレー,女子,240～279歳,249,1:25.59,,4,,5,森川佳余子,,クリーンスパ,16.92,,,,,,,,,1:08.57,1:07.41,,3/2
71,74,2023,5,14,短水路,チーム,3,4×25mメドレーリレー,女子,240～279歳,242,1:27.37,,1,,6,上松弘子,,セ・上池袋,24.32,,,,,,,,,1:08.57,1:07.41,,3/8
72,74,2023,5,14,短水路,チーム,3,4×25mメドレーリレー,女子,240～279歳,242,1:27.37,,2,,6,磯村麻衣子,,セ・上池袋,22.64,,,,,,,,,1:08.57,1:07.41,,3/8
73,74,2023,5,14,短水路,チーム,3,4×25mメドレーリレー,女子,240～279歳,242,1:27.37,,3,,6,古旗美鈴,,セ・上池袋,22.60,,,,,,,,,1:08.57,1:07.41,,3/8
74,74,2023,5,14,短水路,チーム,3,4×25mメドレーリレー,女子,240～279歳,242,1:27.37,,4,,6,加藤美保,,セ・上池袋,17.81,,,,,,,,,1:08.57,1:07.41,,3/8
75,74,2023,5,14,短水路,チーム,3,4×25mメドレーリレー,女子,240～279歳,243,1:27.80,,1,,7,鶴本年子,,セ・清瀬,25.29,,,,,,,,,1:08.57,1:07.41,,3/1
76,74,2023,5,14,短水路,チーム,3,4×25mメドレーリレー,女子,240～279歳,243,1:27.80,,2,,7,多田美帆,,セ・清瀬,25.34,,,,,,,,,1:08.57,1:07.41,,3/1
77,74,2023,5,14,短水路,チーム,3,4×25mメドレーリレー,女子,240～279歳,243,1:27.80,,3,,7,大黒明日香,,セ・清瀬,16.21,,,,,,,,,1:08.57,1:07.41,,3/1
78,74,2023,5,14,短水路,チーム,3,4×25mメドレーリレー,女子,240～279歳,243,1:27.80,,4,,7,馬場悦子,,セ・清瀬,20.96,,,,,,,,,1:08.57,1:07.41,,3/1
79,74,2023,5,14,短水路,チーム,3,4×25mメドレーリレー,女子,240～279歳,249,1:34.80,,1,,8,高橋眞弓,,セ・おおたか,26.30,,,,,,,,,1:08.57,1:07.41,,4/2
80,74,2023,5,14,短水路,チーム,3,4×25mメドレーリレー,女子,240～279歳,249,1:34.80,,2,,8,佐藤晶子,,セ・おおたか,22.72,,,,,,,,,1:08.57,1:07.41,,4/2
81,74,2023,5,14,短水路,チーム,3,4×25mメドレーリレー,女子,240～279歳,249,1:34.80,,3,,8,馬場栄子,,セ・おおたか,24.48,,,,,,,,,1:08.57,1:07.41,,4/2
82,74,2023,5,14,短水路,チーム,3,4×25mメドレーリレー,女子,240～279歳,249,1:34.80,,4,,8,田村加代子,,セ・おおたか,21.30,,,,,,,,,1:08.57,1:07.41,,4/2
83,74,2023,5,14,短水路,チーム,3,4×25mメドレーリレー,女子,200～239歳,213,1:09.51,,1,,1,鈴木公江,,セ・千葉みなと,22.40,,,,,,,,,1:06.51,59.74,,5/4
84,74,2023,5,14,短水路,チーム,3,4×25mメドレーリレー,女子,200～239歳,213,1:09.51,,2,,1,片岡祥子,,セ・千葉みなと,15.95,,,,,,,,,1:06.51,59.74,,5/4
85,74,2023,5,14,短水路,チーム,3,4×25mメドレーリレー,女子,200～239歳,213,1:09.51,,3,,1,小谷佐織,,セ・千葉みなと,16.44,,,,,,,,,1:06.51,59.74,,5/4
86,74,2023,5,14,短水路,チーム,3,4×25mメドレーリレー,女子,200～239歳,213,1:09.51,,4,,1,年岡仁美,,セ・千葉みなと,14.72,,,,,,,,,1:06.51,59.74,,5/4
87,74,2023,5,14,短水路,チーム,3,4×25mメドレーリレー,女子,200～239歳,206,1:09.85,,1,,2,遠藤真理,,セ・阿佐谷,17.65,,,,,,,,,1:06.51,59.74,,5/5
88,74,2023,5,14,短水路,チーム,3,4×25mメドレーリレー,女子,200～239歳,206,1:09.85,,2,,2,石原なおみ,,セ・阿佐谷,20.46,,,,,,,,,1:06.51,59.74,,5/5
89,74,2023,5,14,短水路,チーム,3,4×25mメドレーリレー,女子,200～239歳,206,1:09.85,,3,,2,野島正代,,セ・阿佐谷,18.38,,,,,,,,,1:06.51,59.74,,5/5
90,74,2023,5,14,短水路,チーム,3,4×25mメドレーリレー,女子,200～239歳,206,1:09.85,,4,,2,吉原望美,,セ・阿佐谷,13.36,,,,,,,,,1:06.51,59.74,,5/5
91,74,2023,5,14,短水路,チーム,3,4×25mメドレーリレー,女子,200～239歳,200,1:12.00,,1,,3,北瀬あづさ,,セ・市ヶ尾,22.00,,,,,,,,,1:06.51,59.74,,5/6
92,74,2023,5,14,短水路,チーム,3,4×25mメドレーリレー,女子,200～239歳,200,1:12.00,,2,,3,白須靖子,,セ・市ヶ尾,20.05,,,,,,,,,1:06.51,59.74,,5/6
93,74,2023,5,14,短水路,チーム,3,4×25mメドレーリレー,女子,200～239歳,200,1:12.00,,3,,3,綿貫麻衣子,,セ・市ヶ尾,15.02,,,,,,,,,1:06.51,59.74,,5/6
94,74,2023,5,14,短水路,チーム,3,4×25mメドレーリレー,女子,200～239歳,200,1:12.00,,4,,3,高橋麻子,,セ・市ヶ尾,14.93,,,,,,,,,1:06.51,59.74,,5/6
95,74,2023,5,14,短水路,チーム,3,4×25mメドレーリレー,女子,200～239歳,226,1:12.86,,1,,4,大橋ほづ美,,セ・清瀬,17.87,,,,,,,,,1:06.51,59.74,,5/2
96,74,2023,5,14,短水路,チーム,3,4×25mメドレーリレー,女子,200～239歳,226,1:12.86,,2,,4,田中貴子,,セ・清瀬,21.23,,,,,,,,,1:06.51,59.74,,5/2
97,74,2023,5,14,短水路,チーム,3,4×25mメドレーリレー,女子,200～239歳,226,1:12.86,,3,,4,岡田眞弓,,セ・清瀬,17.74,,,,,,,,,1:06.51,59.74,,5/2
98,74,2023,5,14,短水路,チーム,3,4×25mメドレーリレー,女子,200～239歳,226,1:12.86,,4,,4,大槻真由美,,セ・清瀬,16.02,,,,,,,,,1:06.51,59.74,,5/2
99,74,2023,5,14,短水路,チーム,3,4×25mメドレーリレー,女子,200～239歳,226,1:12.86,,4,,4,/6,,セ・清瀬,,,,,,,,,,1:06.51,59.74,,5/2
100,74,2023,5,14,短水路,チーム,3,4×25mメドレーリレー,女子,200～239歳,223,1:13.29,,1,,5,牧田雅美,,セ・成城,21.12,,,,,,,,,1:06.51,59.74,,5/3
101,74,2023,5,14,短水路,チーム,3,4×25mメドレーリレー,女子,200～239歳,223,1:13.29,,2,,5,佐藤洋子,,セ・成城,20.98,,,,,,,,,1:06.51,59.74,,5/3
102,74,2023,5,14,短水路,チーム,3,4×25mメドレーリレー,女子,200～239歳,223,1:13.29,,3,,5,仲田久美子,,セ・成城,16.26,,,,,,,,,1:06.51,59.74,,5/3
103,74,2023,5,14,短水路,チーム,3,4×25mメドレーリレー,女子,200～239歳,223,1:13.29,,4,,5,大川晴美,,セ・成城,14.93,,,,,,,,,1:06.51,59.74,,5/3
104,74,2023,5,14,短水路,チーム,3,4×25mメドレーリレー,女子,200～239歳,215,1:16.51,,1,,6,石田良子,,セ・越谷,19.13,,,,,,,,,1:06.51,59.74,,5/7
105,74,2023,5,14,短水路,チーム,3,4×25mメドレーリレー,女子,200～239歳,215,1:16.51,,2,,6,太田初美,,セ・越谷,22.98,,,,,,,,,1:06.51,59.74,,5/7
106,74,2023,5,14,短水路,チーム,3,4×25mメドレーリレー,女子,200～239歳,215,1:16.51,,3,,6,山田末紗子,,セ・越谷,17.35,,,,,,,,,1:06.51,59.74,,5/7
107,74,2023,5,14,短水路,チーム,3,4×25mメドレーリレー,女子,200～239歳,215,1:16.51,,4,,6,細沼悦子,,セ・越谷,17.05,,,,,,,,,1:06.51,59.74,,5/7
108,74,2023,5,14,短水路,チーム,3,4×25mメドレーリレー,女子,200～239歳,202,1:17.80,,1,,7,浅尾有香,,セ・大森,17.55,,,,,,,,,1:06.51,59.74,,5/8
109,74,2023,5,14,短水路,チーム,3,4×25mメドレーリレー,女子,200～239歳,202,1:17.80,,2,,7,小林名緒子,,セ・大森,23.53,,,,,,,,,1:06.51,59.74,,5/8
110,74,2023,5,14,短水路,チーム,3,4×25mメドレーリレー,女子,200～239歳,202,1:17.80,,3,,7,髙島典子,,セ・大森,17.87,,,,,,,,,1:06.51,59.74,,5/8
111,74,2023,5,14,短水路,チーム,3,4×25mメドレーリレー,女子,200～239歳,202,1:17.80,,4,,7,森信子,,セ・大森,18.85,,,,,,,,,1:06.51,59.74,,5/8
112,74,2023,5,14,短水路,チーム,3,4×25mメドレーリレー,女子,200～239歳,207,1:19.50,,1,,8,川村佳代子,,セ・二俣川,18.21,,,,,,,,,1:06.51,59.74,,5/1
113,74,2023,5,14,短水路,チーム,3,4×25mメドレーリレー,女子,200～239歳,207,1:19.50,,2,,8,前田由希映,,セ・二俣川,23.14,,,,,,,,,1:06.51,59.74,,5/1
114,74,2023,5,14,短水路,チーム,3,4×25mメドレーリレー,女子,200～239歳,207,1:19.50,,3,,8,吉池奈々,,セ・二俣川,18.02,,,,,,,,,1:06.51,59.74,,5/1
115,74,2023,5,14,短水路,チーム,3,4×25mメドレーリレー,女子,200～239歳,207,1:19.50,,4,,8,川口幸代,,セ・二俣川,20.13,,,,,,,,,1:06.51,59.74,,5/1
116,74,2023,5,14,短水路,チーム,3,4×25mメドレーリレー,女子,200～239歳,207,1:35.07,,1,,9,李鎬善,,セ・目黒,22.70,,,,,,,,,1:06.51,59.74,,4/3
117,74,2023,5,14,短水路,チーム,3,4×25mメドレーリレー,女子,200～239歳,207,1:35.07,,2,,9,安藤麻子,,セ・目黒,32.54,,,,,,,,,1:06.51,59.74,,4/3
118,74,2023,5,14,短水路,チーム,3,4×25mメドレーリレー,女子,200～239歳,207,1:35.07,,3,,9,池田智子,,セ・目黒,17.00,,,,,,,,,1:06.51,59.74,,4/3
119,74,2023,5,14,短水路,チーム,3,4×25mメドレーリレー,女子,200～239歳,207,1:35.07,,4,,9,斉藤靖子,,セ・目黒,22.83,,,,,,,,,1:06.51,59.74,,4/3
120,74,2023,5,14,短水路,チーム,3,4×25mメドレーリレー,女子,200～239歳,239,1:35.18,,1,,10,平林由美,,CS南行徳,21.46,,,,,,,,,1:06.51,59.74,,4/4
121,74,2023,5,14,短水路,チーム,3,4×25mメドレーリレー,女子,200～239歳,239,1:35.18,,2,,10,矢島きよえ,,CS南行徳,27.95,,,,,,,,,1:06.51,59.74,,4/4
122,74,2023,5,14,短水路,チーム,3,4×25mメドレーリレー,女子,200～239歳,239,1:35.18,,3,,10,大野祐子,,CS南行徳,24.60,,,,,,,,,1:06.51,59.74,,4/4
123,74,2023,5,14,短水路,チーム,3,4×25mメドレーリレー,女子,200～239歳,239,1:35.18,,4,,10,恩田眞紀,,CS南行徳,21.17,,,,,,,,,1:06.51,59.74,,4/4
124,74,2023,5,14,短水路,チーム,3,4×25mメドレーリレー,女子,200～239歳,235,1:36.52,,1,,11,奥野郁子,,セ・蘇我,26.70,,,,,,,,,1:06.51,59.74,,4/6
125,74,2023,5,14,短水路,チーム,3,4×25mメドレーリレー,女子,200～239歳,235,1:36.52,,2,,11,増子保子,,セ・蘇我,22.54,,,,,,,,,1:06.51,59.74,,4/6
126,74,2023,5,14,短水路,チーム,3,4×25mメドレーリレー,女子,200～239歳,235,1:36.52,,3,,11,奈良佳枝,,セ・蘇我,24.60,,,,,,,,,1:06.51,59.74,,4/6
127,74,2023,5,14,短水路,チーム,3,4×25mメドレーリレー,女子,200～239歳,235,1:36.52,,4,,11,中村清美,,セ・蘇我,22.68,,,,,,,,,1:06.51,59.74,,4/6
128,74,2023,5,14,短水路,チーム,3,4×25mメドレーリレー,女子,200～239歳,232,1:39.37,,1,,12,米倉公美,,セ・目黒,20.07,,,,,,,,,1:06.51,59.74,,4/5
129,74,2023,5,14,短水路,チーム,3,4×25mメドレーリレー,女子,200～239歳,232,1:39.37,,2,,12,大浜南海江,,セ・目黒,33.96,,,,,,,,,1:06.51,59.74,,4/5
130,74,2023,5,14,短水路,チーム,3,4×25mメドレーリレー,女子,200～239歳,232,1:39.37,,3,,12,村上二三子,,セ・目黒,29.83,,,,,,,,,1:06.51,59.74,,4/5
131,74,2023,5,14,短水路,チーム,3,4×25mメドレーリレー,女子,200～239歳,232,1:39.37,,4,,12,水上真衣,,セ・目黒,15.51,,,,,,,,,1:06.51,59.74,,4/5
132,74,2023,5,14,短水路,チーム,3,4×25mメドレーリレー,女子,160～199歳,198,1:06.73,,1,,1,原田佳子,,セ・葛西,17.72,,,,,,,,,1:01.39,56.72,,6/4
133,74,2023,5,14,短水路,チーム,3,4×25mメドレーリレー,女子,160～199歳,198,1:06.73,,2,,1,関本みすぎ,,セ・葛西,19.18,,,,,,,,,1:01.39,56.72,,6/4
134,74,2023,5,14,短水路,チーム,3,4×25mメドレーリレー,女子,160～199歳,198,1:06.73,,3,,1,青木梨緒,,セ・葛西,14.15,,,,,,,,,1:01.39,56.72,,6/4
135,74,2023,5,14,短水路,チーム,3,4×25mメドレーリレー,女子,160～199歳,198,1:06.73,,4,,1,羽山恵津子,,セ・葛西,15.68,,,,,,,,,1:01.39,56.72,,6/4
136,74,2023,5,14,短水路,チーム,3,4×25mメドレーリレー,女子,160～199歳,162,1:11.32,,1,,2,岡澤志織,,セ・茂原,14.84,,,,,,,,,1:01.39,56.72,,6/2
137,74,2023,5,14,短水路,チーム,3,4×25mメドレーリレー,女子,160～199歳,162,1:11.32,,2,,2,岡澤美咲,,セ・茂原,21.96,,,,,,,,,1:01.39,56.72,,6/2
138,74,2023,5,14,短水路,チーム,3,4×25mメドレーリレー,女子,160～199歳,162,1:11.32,,3,,2,村田由里子,,セ・茂原,16.24,,,,,,,,,1:01.39,56.72,,6/2
139,74,2023,5,14,短水路,チーム,3,4×25mメドレーリレー,女子,160～199歳,162,1:11.32,,4,,2,大塚弘子,,セ・茂原,18.28,,,,,,,,,1:01.39,56.72,,6/2
140,74,2023,5,14,短水路,チーム,3,4×25mメドレーリレー,女子,160～199歳,166,1:12.49,,1,,3,草野茜,,セ・二俣川,19.40,,,,,,,,,1:01.39,56.72,,6/3
141,74,2023,5,14,短水路,チーム,3,4×25mメドレーリレー,女子,160～199歳,166,1:12.49,,2,,3,松川律子,,セ・二俣川,25.47,,,,,,,,,1:01.39,56.72,,6/3
142,74,2023,5,14,短水路,チーム,3,4×25mメドレーリレー,女子,160～199歳,166,1:12.49,,3,,3,日吉麻夏,,セ・二俣川,13.47,,,,,,,,,1:01.39,56.72,,6/3
143,74,2023,5,14,短水路,チーム,3,4×25mメドレーリレー,女子,160～199歳,166,1:12.49,,4,,3,長瀬涼佳,,セ・二俣川,14.15,,,,,,,,,1:01.39,56.72,,6/3
144,74,2023,5,14,短水路,チーム,3,4×25mメドレーリレー,女子,160～199歳,189,1:25.19,,1,,4,長田寿江,,セ・上池袋,21.99,,,,,,,,,1:01.39,56.72,,6/1
145,74,2023,5,14,短水路,チーム,3,4×25mメドレーリレー,女子,160～199歳,189,1:25.19,,2,,4,黒川慶子,,セ・上池袋,30.68,,,,,,,,,1:01.39,56.72,,6/1
146,74,2023,5,14,短水路,チーム,3,4×25mメドレーリレー,女子,160～199歳,189,1:25.19,,3,,4,岩井千絵,,セ・上池袋,18.25,,,,,,,,,1:01.39,56.72,,6/1
147,74,2023,5,14,短水路,チーム,3,4×25mメドレーリレー,女子,160～199歳,189,1:25.19,,4,,4,遠藤桃,,セ・上池袋,14.27,,,,,,,,,1:01.39,56.72,,6/1
148,74,2023,5,14,短水路,チーム,3,4×25mメドレーリレー,女子,120～159歳,129,1:01.99,,1,,1,仲田笑美,,セ・成城,15.96,,,,,,,,,1:00.87,54.53,,6/5
149,74,2023,5,14,短水路,チーム,3,4×25mメドレーリレー,女子,120～159歳,129,1:01.99,,2,,1,羽田文,,セ・成城,18.09,,,,,,,,,1:00.87,54.53,,6/5
150,74,2023,5,14,短水路,チーム,3,4×25mメドレーリレー,女子,120～159歳,129,1:01.99,,3,,1,広瀬幸音,,セ・成城,14.19,,,,,,,,,1:00.87,54.53,,6/5
151,74,2023,5,14,短水路,チーム,3,4×25mメドレーリレー,女子,120～159歳,129,1:01.99,,4,,1,中畑眸,,セ・成城,13.75,,,,,,,,,1:00.87,54.53,,6/5
152,74,2023,5,14,短水路,チーム,3,4×25mメドレーリレー,女子,120～159歳,145,1:03.01,,1,,2,相戸百瑛,,セ・慶應日吉,15.60,,,,,,,,,1:00.87,54.53,,6/6
153,74,2023,5,14,短水路,チーム,3,4×25mメドレーリレー,女子,120～159歳,145,1:03.01,,2,,2,前畑章子,,セ・慶應日吉,18.90,,,,,,,,,1:00.87,54.53,,6/6
154,74,2023,5,14,短水路,チーム,3,4×25mメドレーリレー,女子,120～159歳,145,1:03.01,,3,,2,宮本八重,,セ・慶應日吉,14.48,,,,,,,,,1:00.87,54.53,,6/6
155,74,2023,5,14,短水路,チーム,3,4×25mメドレーリレー,女子,120～159歳,145,1:03.01,,4,,2,松廣花月,,セ・慶應日吉,14.03,,,,,,,,,1:00.87,54.53,,6/6
156,74,2023,5,14,短水路,チーム,3,4×25mメドレーリレー,女子,120～159歳,148,1:12.29,,1,,3,吉村華余,,セ・長津田,15.42,,,,,,,,,1:00.87,54.53,,6/7
157,74,2023,5,14,短水路,チーム,3,4×25mメドレーリレー,女子,120～159歳,148,1:12.29,,2,,3,宍戸萌,,セ・長津田,16.84,,,,,,,,,1:00.87,54.53,,6/7
158,74,2023,5,14,短水路,チーム,3,4×25mメドレーリレー,女子,120～159歳,148,1:12.29,,3,,3,久保美由紀,,セ・長津田,22.90,,,,,,,,,1:00.87,54.53,,6/7
159,74,2023,5,14,短水路,チーム,3,4×25mメドレーリレー,女子,120～159歳,148,1:12.29,,4,,3,久保かおり,,セ・長津田,17.13,,,,,,,,,1:00.87,54.53,,6/7
160,74,2023,5,14,短水路,チーム,3,4×25mメドレーリレー,女子,72～119歳,99,1:06.65,,1,,1,松本彩花,,セ・二俣川,19.40,,,,,,,,,59.08,53.72,,6/8
161,74,2023,5,14,短水路,チーム,3,4×25mメドレーリレー,女子,72～119歳,99,1:06.65,,1,,1,/4,,セ・二俣川,,,,,,,,,,59.08,53.72,,6/8
162,74,2023,5,14,短水路,チーム,3,4×25mメドレーリレー,女子,72～119歳,99,1:06.65,,2,,1,志賀菜々美,,セ・二俣川,17.36,,,,,,,,,59.08,53.72,,6/8
163,74,2023,5,14,短水路,チーム,3,4×25mメドレーリレー,女子,72～119歳,99,1:06.65,,3,,1,岩倉柚,,セ・二俣川,14.41,,,,,,,,,59.08,53.72,,6/8
164,74,2023,5,14,短水路,チーム,3,4×25mメドレーリレー,女子,72～119歳,99,1:06.65,,4,,1,深堀陽子,,セ・二俣川,15.48,,,,,,,,,59.08,53.72,,6/8
165,74,2023,5,14,短水路,チーム,4,4×25mメドレーリレー,男子,280～319歳,289,1:14.59,,1,,1,鈴木幹男,,セ・我孫子,19.84,,,,,,,,,1:09.92,1:02.47,,1/5
166,74,2023,5,14,短水路,チーム,4,4×25mメドレーリレー,男子,280～319歳,289,1:14.59,,2,,1,山梨英克,,セ・我孫子,18.19,,,,,,,,,1:09.92,1:02.47,,1/5
167,74,2023,5,14,短水路,チーム,4,4×25mメドレーリレー,男子,280～319歳,289,1:14.59,,3,,1,益子正人,,セ・我孫子,18.67,,,,,,,,,1:09.92,1:02.47,,1/5
168,74,2023,5,14,短水路,チーム,4,4×25mメドレーリレー,男子,280～319歳,289,1:14.59,,4,,1,佐々木侑,,セ・我孫子,17.89,,,,,,,,,1:09.92,1:02.47,,1/5
169,74,2023,5,14,短水路,チーム,4,4×25mメドレーリレー,男子,280～319歳,286,1:18.79,,1,,2,吉澤隆,,セ・清瀬,18.77,,,,,,,,,1:09.92,1:02.47,,1/4
170,74,2023,5,14,短水路,チーム,4,4×25mメドレーリレー,男子,280～319歳,286,1:18.79,,2,,2,高附直樹,,セ・清瀬,21.89,,,,,,,,,1:09.92,1:02.47,,1/4
171,74,2023,5,14,短水路,チーム,4,4×25mメドレーリレー,男子,280～319歳,286,1:18.79,,3,,2,前川敏夫,,セ・清瀬,22.03,,,,,,,,,1:09.92,1:02.47,,1/4
172,74,2023,5,14,短水路,チーム,4,4×25mメドレーリレー,男子,280～319歳,286,1:18.79,,4,,2,小山三千生,,セ・清瀬,16.10,,,,,,,,,1:09.92,1:02.47,,1/4
173,74,2023,5,14,短水路,チーム,4,4×25mメドレーリレー,男子,280～319歳,284,1:31.33,,1,,3,山本勝,,セ・慶應日吉,28.51,,,,,,,,,1:09.92,1:02.47,,1/1
174,74,2023,5,14,短水路,チーム,4,4×25mメドレーリレー,男子,280～319歳,284,1:31.33,,2,,3,泉保央,,セ・慶應日吉,24.92,,,,,,,,,1:09.92,1:02.47,,1/1
175,74,2023,5,14,短水路,チーム,4,4×25mメドレーリレー,男子,280～319歳,284,1:31.33,,3,,3,堀越雅之,,セ・慶應日吉,19.27,,,,,,,,,1:09.92,1:02.47,,1/1
176,74,2023,5,14,短水路,チーム,4,4×25mメドレーリレー,男子,280～319歳,284,1:31.33,,4,,3,小田稔,,セ・慶應日吉,18.63,,,,,,,,,1:09.92,1:02.47,,1/1
177,74,2023,5,14,短水路,チーム,4,4×25mメドレーリレー,男子,280～319歳,303,1:32.96,,1,,4,吉川光雄,,セ・南千住,26.26,,,,,,,,,1:09.92,1:02.47,,1/2
178,74,2023,5,14,短水路,チーム,4,4×25mメドレーリレー,男子,280～319歳,303,1:32.96,,2,,4,池田道彦,,セ・南千住,28.19,,,,,,,,,1:09.92,1:02.47,,1/2
179,74,2023,5,14,短水路,チーム,4,4×25mメドレーリレー,男子,280～319歳,303,1:32.96,,3,,4,山田幸男,,セ・南千住,21.23,,,,,,,,,1:09.92,1:02.47,,1/2
180,74,2023,5,14,短水路,チーム,4,4×25mメドレーリレー,男子,280～319歳,303,1:32.96,,4,,4,山村茂,,セ・南千住,17.28,,,,,,,,,1:09.92,1:02.47,,1/2
181,74,2023,5,14,短水路,チーム,4,4×25mメドレーリレー,男子,280～319歳,319,1:33.49,,1,,5,田中信夫,,セ・越谷,22.83,,,,,,,,,1:09.92,1:02.47,,1/3
182,74,2023,5,14,短水路,チーム,4,4×25mメドレーリレー,男子,280～319歳,319,1:33.49,,2,,5,今修二,,セ・越谷,20.73,,,,,,,,,1:09.92,1:02.47,,1/3
183,74,2023,5,14,短水路,チーム,4,4×25mメドレーリレー,男子,280～319歳,319,1:33.49,,3,,5,椎野正敏,,セ・越谷,27.25,,,,,,,,,1:09.92,1:02.47,,1/3
184,74,2023,5,14,短水路,チーム,4,4×25mメドレーリレー,男子,280～319歳,319,1:33.49,,4,,5,竹島正明,,セ・越谷,22.68,,,,,,,,,1:09.92,1:02.47,,1/3
185,74,2023,5,14,短水路,チーム,4,4×25mメドレーリレー,男子,240～279歳,242,1:04.75,,1,,1,吉村進,,セ・阿佐谷,19.42,,,,,,,,,53.14,53.14,,1/6
186,74,2023,5,14,短水路,チーム,4,4×25mメドレーリレー,男子,240～279歳,242,1:04.75,,2,,1,北川貴義,,セ・阿佐谷,15.91,,,,,,,,,53.14,53.14,,1/6
187,74,2023,5,14,短水路,チーム,4,4×25mメドレーリレー,男子,240～279歳,242,1:04.75,,3,,1,吉原一彦,,セ・阿佐谷,14.93,,,,,,,,,53.14,53.14,,1/6
188,74,2023,5,14,短水路,チーム,4,4×25mメドレーリレー,男子,240～279歳,242,1:04.75,,4,,1,田村好弘,,セ・阿佐谷,14.49,,,,,,,,,53.14,53.14,,1/6
189,74,2023,5,14,短水路,チーム,4,4×25mメドレーリレー,男子,240～279歳,266,1:10.24,,1,,2,水谷博之,,セ・二俣川,18.24,,,,,,,,,53.14,53.14,,1/7
190,74,2023,5,14,短水路,チーム,4,4×25mメドレーリレー,男子,240～279歳,266,1:10.24,,2,,2,若島健二,,セ・二俣川,20.53,,,,,,,,,53.14,53.14,,1/7
191,74,2023,5,14,短水路,チーム,4,4×25mメドレーリレー,男子,240～279歳,266,1:10.24,,3,,2,香川左近,,セ・二俣川,17.72,,,,,,,,,53.14,53.14,,1/7
192,74,2023,5,14,短水路,チーム,4,4×25mメドレーリレー,男子,240～279歳,266,1:10.24,,4,,2,入江潤,,セ・二俣川,13.75,,,,,,,,,53.14,53.14,,1/7
193,74,2023,5,14,短水路,チーム,4,4×25mメドレーリレー,男子,240～279歳,243,1:10.49,,1,,3,宮木幸彦,,セ・葛西,17.76,,,,,,,,,53.14,53.14,,1/8
194,74,2023,5,14,短水路,チーム,4,4×25mメドレーリレー,男子,240～279歳,243,1:10.49,,2,,3,田中伸幸,,セ・葛西,19.14,,,,,,,,,53.14,53.14,,1/8
195,74,2023,5,14,短水路,チーム,4,4×25mメドレーリレー,男子,240～279歳,243,1:10.49,,2,,3,/4,,セ・葛西,,,,,,,,,,53.14,53.14,,1/8
196,74,2023,5,14,短水路,チーム,4,4×25mメドレーリレー,男子,240～279歳,243,1:10.49,,3,,3,原田真,,セ・葛西,15.14,,,,,,,,,53.14,53.14,,1/8
197,74,2023,5,14,短水路,チーム,4,4×25mメドレーリレー,男子,240～279歳,243,1:10.49,,4,,3,大内洋,,セ・葛西,18.45,,,,,,,,,53.14,53.14,,1/8
198,74,2023,5,14,短水路,チーム,4,4×25mメドレーリレー,男子,200～239歳,200,56.73,,1,,1,柄澤英也,,セ・用賀,16.14,,,,,,,,,50.96,50.30,,2/5
199,74,2023,5,14,短水路,チーム,4,4×25mメドレーリレー,男子,200～239歳,200,56.73,,2,,1,小方聡,,セ・用賀,13.70,,,,,,,,,50.96,50.30,,2/5
200,74,2023,5,14,短水路,チーム,4,4×25mメドレーリレー,男子,200～239歳,200,56.73,,3,,1,池本晃,,セ・用賀,13.99,,,,,,,,,50.96,50.30,,2/5
201,74,2023,5,14,短水路,チーム,4,4×25mメドレーリレー,男子,200～239歳,200,56.73,,4,,1,和田浩一,,セ・用賀,12.90,,,,,,,,,50.96,50.30,,2/5
202,74,2023,5,14,短水路,チーム,4,4×25mメドレーリレー,男子,200～239歳,209,56.82,,1,,2,植村匡詞,,セ・千葉みなと,15.63,,,,,,,,,50.96,50.30,,2/4
203,74,2023,5,14,短水路,チーム,4,4×25mメドレーリレー,男子,200～239歳,209,56.82,,2,,2,橋本秀行,,セ・千葉みなと,14.54,,,,,,,,,50.96,50.30,,2/4
204,74,2023,5,14,短水路,チーム,4,4×25mメドレーリレー,男子,200～239歳,209,56.82,,3,,2,瀧本英樹,,セ・千葉みなと,13.09,,,,,,,,,50.96,50.30,,2/4
205,74,2023,5,14,短水路,チーム,4,4×25mメドレーリレー,男子,200～239歳,209,56.82,,4,,2,塚本幸治,,セ・千葉みなと,13.56,,,,,,,,,50.96,50.30,,2/4
206,74,2023,5,14,短水路,チーム,4,4×25mメドレーリレー,男子,200～239歳,211,1:00.29,,1,,3,宮川則仁,,セ・大宮宮原,17.10,,,,,,,,,50.96,50.30,,2/7
207,74,2023,5,14,短水路,チーム,4,4×25mメドレーリレー,男子,200～239歳,211,1:00.29,,2,,3,阿部憲一,,セ・大宮宮原,15.42,,,,,,,,,50.96,50.30,,2/7
208,74,2023,5,14,短水路,チーム,4,4×25mメドレーリレー,男子,200～239歳,211,1:00.29,,3,,3,山本英男,,セ・大宮宮原,14.25,,,,,,,,,50.96,50.30,,2/7
209,74,2023,5,14,短水路,チーム,4,4×25mメドレーリレー,男子,200～239歳,211,1:00.29,,4,,3,清田真人,,セ・大宮宮原,13.52,,,,,,,,,50.96,50.30,,2/7
210,74,2023,5,14,短水路,チーム,4,4×25mメドレーリレー,男子,200～239歳,216,1:00.34,,1,,4,渡辺保,,セ・二俣川,15.16,,,,,,,,,50.96,50.30,,2/3
211,74,2023,5,14,短水路,チーム,4,4×25mメドレーリレー,男子,200～239歳,216,1:00.34,,2,,4,草野剛史,,セ・二俣川,18.74,,,,,,,,,50.96,50.30,,2/3
212,74,2023,5,14,短水路,チーム,4,4×25mメドレーリレー,男子,200～239歳,216,1:00.34,,3,,4,永瀬知之,,セ・二俣川,13.01,,,,,,,,,50.96,50.30,,2/3
213,74,2023,5,14,短水路,チーム,4,4×25mメドレーリレー,男子,200～239歳,216,1:00.34,,4,,4,冨松実,,セ・二俣川,13.43,,,,,,,,,50.96,50.30,,2/3
214,74,2023,5,14,短水路,チーム,4,4×25mメドレーリレー,男子,200～239歳,208,1:01.59,,1,,5,松本考弘,,セ・清瀬,17.20,,,,,,,,,50.96,50.30,,2/1
215,74,2023,5,14,短水路,チーム,4,4×25mメドレーリレー,男子,200～239歳,208,1:01.59,,2,,5,多田博之,,セ・清瀬,17.64,,,,,,,,,50.96,50.30,,2/1
216,74,2023,5,14,短水路,チーム,4,4×25mメドレーリレー,男子,200～239歳,208,1:01.59,,3,,5,小倉秀和,,セ・清瀬,13.98,,,,,,,,,50.96,50.30,,2/1
217,74,2023,5,14,短水路,チーム,4,4×25mメドレーリレー,男子,200～239歳,208,1:01.59,,4,,5,木下和哉,,セ・清瀬,12.77,,,,,,,,,50.96,50.30,,2/1
218,74,2023,5,14,短水路,チーム,4,4×25mメドレーリレー,男子,200～239歳,211,1:01.62,,1,,6,瀬川栄樹,,セ・成城,15.74,,,,,,,,,50.96,50.30,,2/2
219,74,2023,5,14,短水路,チーム,4,4×25mメドレーリレー,男子,200～239歳,211,1:01.62,,2,,6,石井龍,,セ・成城,15.69,,,,,,,,,50.96,50.30,,2/2
220,74,2023,5,14,短水路,チーム,4,4×25mメドレーリレー,男子,200～239歳,211,1:01.62,,3,,6,羽田浩一,,セ・成城,13.91,,,,,,,,,50.96,50.30,,2/2
221,74,2023,5,14,短水路,チーム,4,4×25mメドレーリレー,男子,200～239歳,211,1:01.62,,4,,6,浦田昌和,,セ・成城,16.28,,,,,,,,,50.96,50.30,,2/2
222,74,2023,5,14,短水路,チーム,4,4×25mメドレーリレー,男子,200～239歳,209,1:04.52,,1,,7,島脇晃也,,セ・茂原,14.43,,,,,,,,,50.96,50.30,,2/6
223,74,2023,5,14,短水路,チーム,4,4×25mメドレーリレー,男子,200～239歳,209,1:04.52,,2,,7,新垣琳大,,セ・茂原,12.84,,,,,,,,,50.96,50.30,,2/6
224,74,2023,5,14,短水路,チーム,4,4×25mメドレーリレー,男子,200～239歳,209,1:04.52,,3,,7,丸喜章,,セ・茂原,19.65,,,,,,,,,50.96,50.30,,2/6
225,74,2023,5,14,短水路,チーム,4,4×25mメドレーリレー,男子,200～239歳,209,1:04.52,,4,,7,梅村潔,,セ・茂原,17.60,,,,,,,,,50.96,50.30,,2/6
226,74,2023,5,14,短水路,チーム,4,4×25mメドレーリレー,男子,200～239歳,207,1:05.70,,1,,8,町田克浩,,セ・大森,17.04,,,,,,,,,50.96,50.30,,3/1
227,74,2023,5,14,短水路,チーム,4,4×25mメドレーリレー,男子,200～239歳,207,1:05.70,,2,,8,伊藤正二,,セ・大森,18.47,,,,,,,,,50.96,50.30,,3/1
228,74,2023,5,14,短水路,チーム,4,4×25mメドレーリレー,男子,200～239歳,207,1:05.70,,3,,8,宇佐美学,,セ・大森,16.14,,,,,,,,,50.96,50.30,,3/1
229,74,2023,5,14,短水路,チーム,4,4×25mメドレーリレー,男子,200～239歳,207,1:05.70,,4,,8,北村洋一,,セ・大森,14.05,,,,,,,,,50.96,50.30,,3/1
230,74,2023,5,14,短水路,チーム,4,4×25mメドレーリレー,男子,200～239歳,206,1:08.90,,1,,9,岡田能行,,セ・越谷,20.39,,,,,,,,,50.96,50.30,,2/8
231,74,2023,5,14,短水路,チーム,4,4×25mメドレーリレー,男子,200～239歳,206,1:08.90,,2,,9,安高祐三,,セ・越谷,20.14,,,,,,,,,50.96,50.30,,2/8
232,74,2023,5,14,短水路,チーム,4,4×25mメドレーリレー,男子,200～239歳,206,1:08.90,,3,,9,花輪博之,,セ・越谷,14.67,,,,,,,,,50.96,50.30,,2/8
233,74,2023,5,14,短水路,チーム,4,4×25mメドレーリレー,男子,200～239歳,206,1:08.90,,3,,9,/4,,セ・越谷,,,,,,,,,,50.96,50.30,,2/8
234,74,2023,5,14,短水路,チーム,4,4×25mメドレーリレー,男子,200～239歳,206,1:08.90,,4,,9,宮崎隆寛,,セ・越谷,13.70,,,,,,,,,50.96,50.30,,2/8
235,74,2023,5,14,短水路,チーム,4,4×25mメドレーリレー,男子,160～199歳,160,51.59,,1,,1,寺田貴洋,,セ・二俣川,13.91,,,,,,,,,49.52,46.60,,3/4
236,74,2023,5,14,短水路,チーム,4,4×25mメドレーリレー,男子,160～199歳,160,51.59,,2,,1,知見邦彦,,セ・二俣川,14.34,,,,,,,,,49.52,46.60,,3/4
237,74,2023,5,14,短水路,チーム,4,4×25mメドレーリレー,男子,160～199歳,160,51.59,,3,,1,前田崇行,,セ・二俣川,12.58,,,,,,,,,49.52,46.60,,3/4
238,74,2023,5,14,短水路,チーム,4,4×25mメドレーリレー,男子,160～199歳,160,51.59,,4,,1,前田康輔,,セ・二俣川,10.76,,,,,,,,,49.52,46.60,,3/4
239,74,2023,5,14,短水路,チーム,4,4×25mメドレーリレー,男子,160～199歳,160,52.76,,1,,2,林辰典,,セ・阿佐谷,13.71,,,,,,,,,49.52,46.60,,3/5
240,74,2023,5,14,短水路,チーム,4,4×25mメドレーリレー,男子,160～199歳,160,52.76,,2,,2,山賀竜馬,,セ・阿佐谷,13.78,,,,,,,,,49.52,46.60,,3/5
241,74,2023,5,14,短水路,チーム,4,4×25mメドレーリレー,男子,160～199歳,160,52.76,,3,,2,佐野充,,セ・阿佐谷,12.73,,,,,,,,,49.52,46.60,,3/5
242,74,2023,5,14,短水路,チーム,4,4×25mメドレーリレー,男子,160～199歳,160,52.76,,4,,2,和田亮,,セ・阿佐谷,12.54,,,,,,,,,49.52,46.60,,3/5
243,74,2023,5,14,短水路,チーム,4,4×25mメドレーリレー,男子,160～199歳,161,56.51,,1,,3,図師拓千,,セ・市ヶ尾,14.94,,,,,,,,,49.52,46.60,,3/7
244,74,2023,5,14,短水路,チーム,4,4×25mメドレーリレー,男子,160～199歳,161,56.51,,2,,3,木村考太,,セ・市ヶ尾,14.89,,,,,,,,,49.52,46.60,,3/7
245,74,2023,5,14,短水路,チーム,4,4×25mメドレーリレー,男子,160～199歳,161,56.51,,3,,3,菱川亮太,,セ・市ヶ尾,14.38,,,,,,,,,49.52,46.60,,3/7
246,74,2023,5,14,短水路,チーム,4,4×25mメドレーリレー,男子,160～199歳,161,56.51,,4,,3,吉岡範人,,セ・市ヶ尾,12.30,,,,,,,,,49.52,46.60,,3/7
247,74,2023,5,14,短水路,チーム,4,4×25mメドレーリレー,男子,160～199歳,172,57.78,,1,,4,木村知行,,セ・二俣川,16.36,,,,,,,,,49.52,46.60,,3/3
248,74,2023,5,14,短水路,チーム,4,4×25mメドレーリレー,男子,160～199歳,172,57.78,,2,,4,関口義和,,セ・二俣川,14.97,,,,,,,,,49.52,46.60,,3/3
249,74,2023,5,14,短水路,チーム,4,4×25mメドレーリレー,男子,160～199歳,172,57.78,,3,,4,石上智啓,,セ・二俣川,13.91,,,,,,,,,49.52,46.60,,3/3
250,74,2023,5,14,短水路,チーム,4,4×25mメドレーリレー,男子,160～199歳,172,57.78,,4,,4,坂入裕,,セ・二俣川,12.54,,,,,,,,,49.52,46.60,,3/3
251,74,2023,5,14,短水路,チーム,4,4×25mメドレーリレー,男子,160～199歳,188,57.80,,1,,5,森岳,,セ・目黒,12.76,,,,,,,,,49.52,46.60,,3/2
252,74,2023,5,14,短水路,チーム,4,4×25mメドレーリレー,男子,160～199歳,188,57.80,,2,,5,兵藤鋭雄,,セ・目黒,17.38,,,,,,,,,49.52,46.60,,3/2
253,74,2023,5,14,短水路,チーム,4,4×25mメドレーリレー,男子,160～199歳,188,57.80,,3,,5,藤田万之葉,,セ・目黒,15.78,,,,,,,,,49.52,46.60,,3/2
254,74,2023,5,14,短水路,チーム,4,4×25mメドレーリレー,男子,160～199歳,188,57.80,,4,,5,椎本恭平,,セ・目黒,11.88,,,,,,,,,49.52,46.60,,3/2
255,74,2023,5,14,短水路,チーム,4,4×25mメドレーリレー,男子,160～199歳,197,1:07.38,,1,,6,齊藤仁,,セ・茂原,17.32,,,,,,,,,49.52,46.60,,3/6
256,74,2023,5,14,短水路,チーム,4,4×25mメドレーリレー,男子,160～199歳,197,1:07.38,,2,,6,榊礼武,,セ・茂原,20.01,,,,,,,,,49.52,46.60,,3/6
257,74,2023,5,14,短水路,チーム,4,4×25mメドレーリレー,男子,160～199歳,197,1:07.38,,3,,6,阪田高士,,セ・茂原,13.34,,,,,,,,,49.52,46.60,,3/6
258,74,2023,5,14,短水路,チーム,4,4×25mメドレーリレー,男子,160～199歳,197,1:07.38,,4,,6,山本和巳,,セ・茂原,16.71,,,,,,,,,49.52,46.60,,3/6
259,74,2023,5,14,短水路,チーム,4,4×25mメドレーリレー,男子,120～159歳,143,52.32,,1,,1,棚網宏之,,セ・阿佐谷,14.28,,,,,,,,,50.37,45.07,,4/4
260,74,2023,5,14,短水路,チーム,4,4×25mメドレーリレー,男子,120～159歳,143,52.32,,2,,1,津守陽介,,セ・阿佐谷,13.63,,,,,,,,,50.37,45.07,,4/4
261,74,2023,5,14,短水路,チーム,4,4×25mメドレーリレー,男子,120～159歳,143,52.32,,3,,1,和田弘太郎,,セ・阿佐谷,12.27,,,,,,,,,50.37,45.07,,4/4
262,74,2023,5,14,短水路,チーム,4,4×25mメドレーリレー,男子,120～159歳,143,52.32,,4,,1,吉原憲人,,セ・阿佐谷,12.14,,,,,,,,,50.37,45.07,,4/4
263,74,2023,5,14,短水路,チーム,4,4×25mメドレーリレー,男子,120～159歳,144,54.12,,1,,2,石井翔真,,セ・成城,14.69,,,,,,,,,50.37,45.07,,4/5
264,74,2023,5,14,短水路,チーム,4,4×25mメドレーリレー,男子,120～159歳,144,54.12,,2,,2,村上守,,セ・成城,15.85,,,,,,,,,50.37,45.07,,4/5
265,74,2023,5,14,短水路,チーム,4,4×25mメドレーリレー,男子,120～159歳,144,54.12,,3,,2,井口暢彦,,セ・成城,12.10,,,,,,,,,50.37,45.07,,4/5
266,74,2023,5,14,短水路,チーム,4,4×25mメドレーリレー,男子,120～159歳,144,54.12,,4,,2,髙梨大樹,,セ・成城,11.48,,,,,,,,,50.37,45.07,,4/5
267,74,2023,5,14,短水路,チーム,4,4×25mメドレーリレー,男子,120～159歳,144,54.12,,4,,2,/4,,セ・成城,,,,,,,,,,50.37,45.07,,4/5
268,74,2023,5,14,短水路,チーム,4,4×25mメドレーリレー,男子,120～159歳,130,55.78,,1,,3,寺田遼太,,セ・天王洲,17.53,,,,,,,,,50.37,45.07,,4/3
269,74,2023,5,14,短水路,チーム,4,4×25mメドレーリレー,男子,120～159歳,130,55.78,,2,,3,加間英貴,,セ・天王洲,14.41,,,,,,,,,50.37,45.07,,4/3
270,74,2023,5,14,短水路,チーム,4,4×25mメドレーリレー,男子,120～159歳,130,55.78,,3,,3,小野健,,セ・天王洲,11.93,,,,,,,,,50.37,45.07,,4/3
271,74,2023,5,14,短水路,チーム,4,4×25mメドレーリレー,男子,120～159歳,130,55.78,,4,,3,倉持公一,,セ・天王洲,11.91,,,,,,,,,50.37,45.07,,4/3
272,74,2023,5,14,短水路,チーム,4,4×25mメドレーリレー,男子,120～159歳,121,56.92,,1,,4,塚本拓也,,セ・清瀬,14.36,,,,,,,,,50.37,45.07,,3/8
273,74,2023,5,14,短水路,チーム,4,4×25mメドレーリレー,男子,120～159歳,121,56.92,,2,,4,今里昂哉,,セ・清瀬,14.12,,,,,,,,,50.37,45.07,,3/8
274,74,2023,5,14,短水路,チーム,4,4×25mメドレーリレー,男子,120～159歳,121,56.92,,3,,4,櫻井直仁,,セ・清瀬,14.33,,,,,,,,,50.37,45.07,,3/8
275,74,2023,5,14,短水路,チーム,4,4×25mメドレーリレー,男子,120～159歳,121,56.92,,4,,4,松本海星,,セ・清瀬,14.11,,,,,,,,,50.37,45.07,,3/8
276,74,2023,5,14,短水路,チーム,4,4×25mメドレーリレー,男子,120～159歳,131,58.11,,1,,5,室坂拓真,,セ・用賀,14.44,,,,,,,,,50.37,45.07,,4/2
277,74,2023,5,14,短水路,チーム,4,4×25mメドレーリレー,男子,120～159歳,131,58.11,,2,,5,飯田正敏,,セ・用賀,17.97,,,,,,,,,50.37,45.07,,4/2
278,74,2023,5,14,短水路,チーム,4,4×25mメドレーリレー,男子,120～159歳,131,58.11,,3,,5,高橋大輝,,セ・用賀,13.86,,,,,,,,,50.37,45.07,,4/2
279,74,2023,5,14,短水路,チーム,4,4×25mメドレーリレー,男子,120～159歳,131,58.11,,4,,5,青木海斗,,セ・用賀,11.84,,,,,,,,,50.37,45.07,,4/2
280,74,2023,5,14,短水路,チーム,4,4×25mメドレーリレー,男子,120～159歳,149,58.42,,1,,6,新福留広貴,,セ・二俣川,17.03,,,,,,,,,50.37,45.07,,4/1
281,74,2023,5,14,短水路,チーム,4,4×25mメドレーリレー,男子,120～159歳,149,58.42,,2,,6,鶴谷学,,セ・二俣川,13.64,,,,,,,,,50.37,45.07,,4/1
282,74,2023,5,14,短水路,チーム,4,4×25mメドレーリレー,男子,120～159歳,149,58.42,,3,,6,堀川広祐,,セ・二俣川,14.24,,,,,,,,,50.37,45.07,,4/1
283,74,2023,5,14,短水路,チーム,4,4×25mメドレーリレー,男子,120～159歳,149,58.42,,4,,6,山本和季,,セ・二俣川,13.51,,,,,,,,,50.37,45.07,,4/1
284,74,2023,5,14,短水路,チーム,4,4×25mメドレーリレー,男子,72～119歳,84,52.04,,1,,1,田中啓二朗,,セ・二俣川,13.70,,,,,,,,,49.23,44.10,,4/6
285,74,2023,5,14,短水路,チーム,4,4×25mメドレーリレー,男子,72～119歳,84,52.04,,2,,1,田中壮一郎,,セ・二俣川,14.75,,,,,,,,,49.23,44.10,,4/6
286,74,2023,5,14,短水路,チーム,4,4×25mメドレーリレー,男子,72～119歳,84,52.04,,3,,1,山﨑陸真,,セ・二俣川,12.59,,,,,,,,,49.23,44.10,,4/6
287,74,2023,5,14,短水路,チーム,4,4×25mメドレーリレー,男子,72～119歳,84,52.04,,4,,1,秋澤裕介,,セ・二俣川,11.00,,,,,,,,,49.23,44.10,,4/6
288,74,2023,5,14,短水路,チーム,4,4×25mメドレーリレー,男子,72～119歳,100,52.33,,1,,2,石田虎流,,セ・慶應日吉,13.95,,,,,,,,,49.23,44.10,,4/7
289,74,2023,5,14,短水路,チーム,4,4×25mメドレーリレー,男子,72～119歳,100,52.33,,2,,2,コリガンシェイ颯介,,セ・慶應日吉,13.88,,,,,,,,,49.23,44.10,,4/7
290,74,2023,5,14,短水路,チーム,4,4×25mメドレーリレー,男子,72～119歳,100,52.33,,3,,2,濱中翔太,,セ・慶應日吉,11.84,,,,,,,,,49.23,44.10,,4/7
291,74,2023,5,14,短水路,チーム,4,4×25mメドレーリレー,男子,72～119歳,100,52.33,,4,,2,江熊夕人,,セ・慶應日吉,12.66,,,,,,,,,49.23,44.10,,4/7
292,74,2023,5,14,短水路,チーム,4,4×25mメドレーリレー,男子,72～119歳,119,55.73,,1,,3,内田空良,,セ・長津田,13.14,,,,,,,,,49.23,44.10,,4/8
293,74,2023,5,14,短水路,チーム,4,4×25mメドレーリレー,男子,72～119歳,119,55.73,,2,,3,竹下翔,,セ・長津田,16.41,,,,,,,,,49.23,44.10,,4/8
294,74,2023,5,14,短水路,チーム,4,4×25mメドレーリレー,男子,72～119歳,119,55.73,,3,,3,村田雅治,,セ・長津田,12.70,,,,,,,,,49.23,44.10,,4/8
295,74,2023,5,14,短水路,チーム,4,4×25mメドレーリレー,男子,72～119歳,119,55.73,,4,,3,西野宮冬木,,セ・長津田,13.48,,,,,,,,,49.23,44.10,,4/8
296,74,2023,5,14,短水路,チーム,15,4×25mフリーリレー,女子,320～359歳,322,1:36.63,,1,,1,福澤チヅ子,,CS南行徳,26.30,,,,,,,,,1:33.89,1:13.57,,1/1
297,74,2023,5,14,短水路,チーム,15,4×25mフリーリレー,女子,320～359歳,322,1:36.63,,2,,1,御手洗ヨシ,,CS南行徳,22.28,,,,,,,,,1:33.89,1:13.57,,1/1
298,74,2023,5,14,短水路,チーム,15,4×25mフリーリレー,女子,320～359歳,322,1:36.63,,3,,1,小森和子,,CS南行徳,28.21,,,,,,,,,1:33.89,1:13.57,,1/1
299,74,2023,5,14,短水路,チーム,15,4×25mフリーリレー,女子,320～359歳,322,1:36.63,,4,,1,岡田まり子,,CS南行徳,19.84,,,,,,,,,1:33.89,1:13.57,,1/1
300,74,2023,5,14,短水路,チーム,15,4×25mフリーリレー,女子,280～319歳,287,1:15.38,,1,,1,市野克子,,セ・大森,18.85,,,,,,,,,1:11.78,1:06.89,,2/1
301,74,2023,5,14,短水路,チーム,15,4×25mフリーリレー,女子,280～319歳,287,1:15.38,,2,,1,藤井一恵,,セ・大森,19.55,,,,,,,,,1:11.78,1:06.89,,2/1
302,74,2023,5,14,短水路,チーム,15,4×25mフリーリレー,女子,280～319歳,287,1:15.38,,3,,1,室谷晴江,,セ・大森,19.23,,,,,,,,,1:11.78,1:06.89,,2/1
303,74,2023,5,14,短水路,チーム,15,4×25mフリーリレー,女子,280～319歳,287,1:15.38,,4,,1,井上美佐子,,セ・大森,17.75,,,,,,,,,1:11.78,1:06.89,,2/1
304,74,2023,5,14,短水路,チーム,15,4×25mフリーリレー,女子,280～319歳,294,1:16.86,,1,,2,後藤明美,,セ・天王洲,17.90,,,,,,,,,1:11.78,1:06.89,,1/4
305,74,2023,5,14,短水路,チーム,15,4×25mフリーリレー,女子,280～319歳,294,1:16.86,,2,,2,浅野みどり,,セ・天王洲,16.83,,,,,,,,,1:11.78,1:06.89,,1/4
306,74,2023,5,14,短水路,チーム,15,4×25mフリーリレー,女子,280～319歳,294,1:16.86,,3,,2,熊谷一枝,,セ・天王洲,24.25,,,,,,,,,1:11.78,1:06.89,,1/4
307,74,2023,5,14,短水路,チーム,15,4×25mフリーリレー,女子,280～319歳,294,1:16.86,,4,,2,梅田栄己子,,セ・天王洲,17.88,,,,,,,,,1:11.78,1:06.89,,1/4
308,74,2023,5,14,短水路,チーム,15,4×25mフリーリレー,女子,280～319歳,281,1:17.37,,1,,3,バーンズ智絵,,セ・松戸,14.73,,,,,,,,,1:11.78,1:06.89,,1/6
309,74,2023,5,14,短水路,チーム,15,4×25mフリーリレー,女子,280～319歳,281,1:17.37,,2,,3,八田清子,,セ・松戸,19.40,,,,,,,,,1:11.78,1:06.89,,1/6
310,74,2023,5,14,短水路,チーム,15,4×25mフリーリレー,女子,280～319歳,281,1:17.37,,3,,3,若松はる子,,セ・松戸,20.51,,,,,,,,,1:11.78,1:06.89,,1/6
311,74,2023,5,14,短水路,チーム,15,4×25mフリーリレー,女子,280～319歳,281,1:17.37,,4,,3,馬渡厚子,,セ・松戸,22.73,,,,,,,,,1:11.78,1:06.89,,1/6
312,74,2023,5,14,短水路,チーム,15,4×25mフリーリレー,女子,280～319歳,292,1:21.69,,1,,4,小沢邦恵,,セ・二俣川,20.15,,,,,,,,,1:11.78,1:06.89,,1/5
313,74,2023,5,14,短水路,チーム,15,4×25mフリーリレー,女子,280～319歳,292,1:21.69,,2,,4,吉見一江,,セ・二俣川,21.93,,,,,,,,,1:11.78,1:06.89,,1/5
314,74,2023,5,14,短水路,チーム,15,4×25mフリーリレー,女子,280～319歳,292,1:21.69,,3,,4,武藤治子,,セ・二俣川,22.77,,,,,,,,,1:11.78,1:06.89,,1/5
315,74,2023,5,14,短水路,チーム,15,4×25mフリーリレー,女子,280～319歳,292,1:21.69,,4,,4,近藤ひな子,,セ・二俣川,16.84,,,,,,,,,1:11.78,1:06.89,,1/5
316,74,2023,5,14,短水路,チーム,15,4×25mフリーリレー,女子,280～319歳,287,1:24.46,,1,,5,木澤果子,,セ・柏,20.33,,,,,,,,,1:11.78,1:06.89,,1/7
317,74,2023,5,14,短水路,チーム,15,4×25mフリーリレー,女子,280～319歳,287,1:24.46,,2,,5,長野愛子,,セ・柏,20.03,,,,,,,,,1:11.78,1:06.89,,1/7
318,74,2023,5,14,短水路,チーム,15,4×25mフリーリレー,女子,280～319歳,287,1:24.46,,3,,5,仲澤敦子,,セ・柏,21.51,,,,,,,,,1:11.78,1:06.89,,1/7
319,74,2023,5,14,短水路,チーム,15,4×25mフリーリレー,女子,280～319歳,287,1:24.46,,4,,5,吉田恵子,,セ・柏,22.59,,,,,,,,,1:11.78,1:06.89,,1/7
320,74,2023,5,14,短水路,チーム,15,4×25mフリーリレー,女子,280～319歳,298,1:26.31,,1,,6,山本恵,,セ・流山,18.36,,,,,,,,,1:11.78,1:06.89,,1/2
321,74,2023,5,14,短水路,チーム,15,4×25mフリーリレー,女子,280～319歳,298,1:26.31,,2,,6,浜野操子,,セ・流山,25.49,,,,,,,,,1:11.78,1:06.89,,1/2
322,74,2023,5,14,短水路,チーム,15,4×25mフリーリレー,女子,280～319歳,298,1:26.31,,3,,6,久保美紀枝,,セ・流山,22.49,,,,,,,,,1:11.78,1:06.89,,1/2
323,74,2023,5,14,短水路,チーム,15,4×25mフリーリレー,女子,280～319歳,298,1:26.31,,4,,6,小笠原京子,,セ・流山,19.97,,,,,,,,,1:11.78,1:06.89,,1/2
324,74,2023,5,14,短水路,チーム,15,4×25mフリーリレー,女子,280～319歳,284,1:28.31,,1,,7,千亜芝,,セ・南千住,22.42,,,,,,,,,1:11.78,1:06.89,,1/3
325,74,2023,5,14,短水路,チーム,15,4×25mフリーリレー,女子,280～319歳,284,1:28.31,,2,,7,原田早苗,,セ・南千住,23.55,,,,,,,,,1:11.78,1:06.89,,1/3
326,74,2023,5,14,短水路,チーム,15,4×25mフリーリレー,女子,280～319歳,284,1:28.31,,3,,7,大手佳江,,セ・南千住,22.55,,,,,,,,,1:11.78,1:06.89,,1/3
327,74,2023,5,14,短水路,チーム,15,4×25mフリーリレー,女子,280～319歳,284,1:28.31,,4,,7,古宇田淳子,,セ・南千住,19.79,,,,,,,,,1:11.78,1:06.89,,1/3
328,74,2023,5,14,短水路,チーム,15,4×25mフリーリレー,女子,280～319歳,296,1:41.00,,1,,8,新堀女子,,セ・天王洲,28.35,,,,,,,,,1:11.78,1:06.89,,1/8
329,74,2023,5,14,短水路,チーム,15,4×25mフリーリレー,女子,280～319歳,296,1:41.00,,2,,8,長谷川節子,,セ・天王洲,22.09,,,,,,,,,1:11.78,1:06.89,,1/8
330,74,2023,5,14,短水路,チーム,15,4×25mフリーリレー,女子,280～319歳,296,1:41.00,,3,,8,寺西寿賀子,,セ・天王洲,25.21,,,,,,,,,1:11.78,1:06.89,,1/8
331,74,2023,5,14,短水路,チーム,15,4×25mフリーリレー,女子,280～319歳,296,1:41.00,,4,,8,柴田千代子,,セ・天王洲,25.35,,,,,,,,,1:11.78,1:06.89,,1/8
332,74,2023,5,14,短水路,チーム,15,4×25mフリーリレー,女子,240～279歳,240,1:03.14,,1,,1,永瀬秀子,,セ・二俣川,14.61,,,,,,,,,1:02.49,1:00.57,,3/4
333,74,2023,5,14,短水路,チーム,15,4×25mフリーリレー,女子,240～279歳,240,1:03.14,,2,,1,盛田真規子,,セ・二俣川,18.42,,,,,,,,,1:02.49,1:00.57,,3/4
334,74,2023,5,14,短水路,チーム,15,4×25mフリーリレー,女子,240～279歳,240,1:03.14,,3,,1,武井麻知子,,セ・二俣川,15.35,,,,,,,,,1:02.49,1:00.57,,3/4
335,74,2023,5,14,短水路,チーム,15,4×25mフリーリレー,女子,240～279歳,240,1:03.14,,4,,1,鈴木亜抄子,,セ・二俣川,14.76,,,,,,,,,1:02.49,1:00.57,,3/4
336,74,2023,5,14,短水路,チーム,15,4×25mフリーリレー,女子,240～279歳,246,1:07.21,,1,,2,鶴本年子,,セ・清瀬,19.38,,,,,,,,,1:02.49,1:00.57,,3/1
337,74,2023,5,14,短水路,チーム,15,4×25mフリーリレー,女子,240～279歳,246,1:07.21,,2,,2,小倉直美,,セ・清瀬,15.25,,,,,,,,,1:02.49,1:00.57,,3/1
338,74,2023,5,14,短水路,チーム,15,4×25mフリーリレー,女子,240～279歳,246,1:07.21,,3,,2,大槻真由美,,セ・清瀬,16.41,,,,,,,,,1:02.49,1:00.57,,3/1
339,74,2023,5,14,短水路,チーム,15,4×25mフリーリレー,女子,240～279歳,246,1:07.21,,4,,2,岡田眞弓,,セ・清瀬,16.17,,,,,,,,,1:02.49,1:00.57,,3/1
340,74,2023,5,14,短水路,チーム,15,4×25mフリーリレー,女子,240～279歳,251,1:09.23,,1,,3,松田聡美,,セ・成城,17.58,,,,,,,,,1:02.49,1:00.57,,3/2
341,74,2023,5,14,短水路,チーム,15,4×25mフリーリレー,女子,240～279歳,251,1:09.23,,2,,3,牧田雅美,,セ・成城,16.93,,,,,,,,,1:02.49,1:00.57,,3/2
342,74,2023,5,14,短水路,チーム,15,4×25mフリーリレー,女子,240～279歳,251,1:09.23,,3,,3,伊藤ゆかり,,セ・成城,18.15,,,,,,,,,1:02.49,1:00.57,,3/2
343,74,2023,5,14,短水路,チーム,15,4×25mフリーリレー,女子,240～279歳,251,1:09.23,,4,,3,井本豊子,,セ・成城,16.57,,,,,,,,,1:02.49,1:00.57,,3/2
344,74,2023,5,14,短水路,チーム,15,4×25mフリーリレー,女子,240～279歳,246,1:09.33,,1,,4,筍田智津子,,セ・湘南ＬＴ,16.56,,,,,,,,,1:02.49,1:00.57,,3/3
345,74,2023,5,14,短水路,チーム,15,4×25mフリーリレー,女子,240～279歳,246,1:09.33,,2,,4,酒井香澄,,セ・湘南ＬＴ,16.81,,,,,,,,,1:02.49,1:00.57,,3/3
346,74,2023,5,14,短水路,チーム,15,4×25mフリーリレー,女子,240～279歳,246,1:09.33,,3,,4,杉村頼子,,セ・湘南ＬＴ,21.87,,,,,,,,,1:02.49,1:00.57,,3/3
347,74,2023,5,14,短水路,チーム,15,4×25mフリーリレー,女子,240～279歳,246,1:09.33,,4,,4,勝間田周子,,セ・湘南ＬＴ,14.09,,,,,,,,,1:02.49,1:00.57,,3/3
348,74,2023,5,14,短水路,チーム,15,4×25mフリーリレー,女子,240～279歳,244,1:11.01,,1,,5,高橋麻子,,セ・市ヶ尾,15.65,,,,,,,,,1:02.49,1:00.57,,3/6
349,74,2023,5,14,短水路,チーム,15,4×25mフリーリレー,女子,240～279歳,244,1:11.01,,2,,5,白須靖子,,セ・市ヶ尾,15.87,,,,,,,,,1:02.49,1:00.57,,3/6
350,74,2023,5,14,短水路,チーム,15,4×25mフリーリレー,女子,240～279歳,244,1:11.01,,3,,5,原昌代,,セ・市ヶ尾,18.11,,,,,,,,,1:02.49,1:00.57,,3/6
351,74,2023,5,14,短水路,チーム,15,4×25mフリーリレー,女子,240～279歳,244,1:11.01,,4,,5,安澤イソチ,,セ・市ヶ尾,21.38,,,,,,,,,1:02.49,1:00.57,,3/6
352,74,2023,5,14,短水路,チーム,15,4×25mフリーリレー,女子,240～279歳,260,1:11.13,,1,,6,吉野治子,,セ・成城,18.20,,,,,,,,,1:02.49,1:00.57,,3/5
353,74,2023,5,14,短水路,チーム,15,4×25mフリーリレー,女子,240～279歳,260,1:11.13,,2,,6,高梨美樹,,セ・成城,16.94,,,,,,,,,1:02.49,1:00.57,,3/5
354,74,2023,5,14,短水路,チーム,15,4×25mフリーリレー,女子,240～279歳,260,1:11.13,,3,,6,草森理子,,セ・成城,17.25,,,,,,,,,1:02.49,1:00.57,,3/5
355,74,2023,5,14,短水路,チーム,15,4×25mフリーリレー,女子,240～279歳,260,1:11.13,,4,,6,田代眞理子,,セ・成城,18.74,,,,,,,,,1:02.49,1:00.57,,3/5
356,74,2023,5,14,短水路,チーム,15,4×25mフリーリレー,女子,240～279歳,243,1:11.27,,1,,7,錦織佳奈子,,ザパス川崎,16.58,,,,,,,,,1:02.49,1:00.57,,2/5
357,74,2023,5,14,短水路,チーム,15,4×25mフリーリレー,女子,240～279歳,243,1:11.27,,2,,7,齊藤たか子,,ザパス川崎,18.78,,,,,,,,,1:02.49,1:00.57,,2/5
358,74,2023,5,14,短水路,チーム,15,4×25mフリーリレー,女子,240～279歳,243,1:11.27,,3,,7,伊藤春美,,ザパス川崎,19.34,,,,,,,,,1:02.49,1:00.57,,2/5
359,74,2023,5,14,短水路,チーム,15,4×25mフリーリレー,女子,240～279歳,243,1:11.27,,4,,7,川久保ちづる,,ザパス川崎,16.57,,,,,,,,,1:02.49,1:00.57,,2/5
360,74,2023,5,14,短水路,チーム,15,4×25mフリーリレー,女子,240～279歳,242,1:12.89,,1,,8,杉本浩美,,セ・南千住,14.93,,,,,,,,,1:02.49,1:00.57,,2/3
361,74,2023,5,14,短水路,チーム,15,4×25mフリーリレー,女子,240～279歳,242,1:12.89,,2,,8,石崎節代,,セ・南千住,19.62,,,,,,,,,1:02.49,1:00.57,,2/3
362,74,2023,5,14,短水路,チーム,15,4×25mフリーリレー,女子,240～279歳,242,1:12.89,,3,,8,平井節子,,セ・南千住,22.02,,,,,,,,,1:02.49,1:00.57,,2/3
363,74,2023,5,14,短水路,チーム,15,4×25mフリーリレー,女子,240～279歳,242,1:12.89,,4,,8,町田麻里,,セ・南千住,16.32,,,,,,,,,1:02.49,1:00.57,,2/3
364,74,2023,5,14,短水路,チーム,15,4×25mフリーリレー,女子,240～279歳,242,1:14.87,,1,,9,石井恵津,,セ・自由が丘,18.58,,,,,,,,,1:02.49,1:00.57,,2/4
365,74,2023,5,14,短水路,チーム,15,4×25mフリーリレー,女子,240～279歳,242,1:14.87,,2,,9,益田加津子,,セ・自由が丘,20.02,,,,,,,,,1:02.49,1:00.57,,2/4
366,74,2023,5,14,短水路,チーム,15,4×25mフリーリレー,女子,240～279歳,242,1:14.87,,3,,9,棚橋悦子,,セ・自由が丘,19.10,,,,,,,,,1:02.49,1:00.57,,2/4
367,74,2023,5,14,短水路,チーム,15,4×25mフリーリレー,女子,240～279歳,242,1:14.87,,4,,9,神保清美,,セ・自由が丘,17.17,,,,,,,,,1:02.49,1:00.57,,2/4
368,74,2023,5,14,短水路,チーム,15,4×25mフリーリレー,女子,240～279歳,250,1:17.28,,1,,10,角南美貴,,セ・我孫子,17.84,,,,,,,,,1:02.49,1:00.57,,2/8
369,74,2023,5,14,短水路,チーム,15,4×25mフリーリレー,女子,240～279歳,250,1:17.28,,2,,10,渋谷照代,,セ・我孫子,18.53,,,,,,,,,1:02.49,1:00.57,,2/8
370,74,2023,5,14,短水路,チーム,15,4×25mフリーリレー,女子,240～279歳,250,1:17.28,,3,,10,山梨静枝,,セ・我孫子,20.35,,,,,,,,,1:02.49,1:00.57,,2/8
371,74,2023,5,14,短水路,チーム,15,4×25mフリーリレー,女子,240～279歳,250,1:17.28,,4,,10,松浦敏子,,セ・我孫子,20.56,,,,,,,,,1:02.49,1:00.57,,2/8
372,74,2023,5,14,短水路,チーム,15,4×25mフリーリレー,女子,240～279歳,263,1:20.98,,1,,11,星幸恵,,クリーンスパ,22.44,,,,,,,,,1:02.49,1:00.57,,2/2
373,74,2023,5,14,短水路,チーム,15,4×25mフリーリレー,女子,240～279歳,263,1:20.98,,2,,11,神村祥子,,クリーンスパ,21.47,,,,,,,,,1:02.49,1:00.57,,2/2
374,74,2023,5,14,短水路,チーム,15,4×25mフリーリレー,女子,240～279歳,263,1:20.98,,3,,11,江幡菜穂子,,クリーンスパ,18.31,,,,,,,,,1:02.49,1:00.57,,2/2
375,74,2023,5,14,短水路,チーム,15,4×25mフリーリレー,女子,240～279歳,263,1:20.98,,4,,11,山崎悦子,,クリーンスパ,18.76,,,,,,,,,1:02.49,1:00.57,,2/2
376,74,2023,5,14,短水路,チーム,15,4×25mフリーリレー,女子,240～279歳,271,1:24.40,,1,,12,酒井寿美恵,,クリーンスパ,17.82,,,,,,,,,1:02.49,1:00.57,,2/7
377,74,2023,5,14,短水路,チーム,15,4×25mフリーリレー,女子,240～279歳,271,1:24.40,,2,,12,鈴木静江,,クリーンスパ,27.28,,,,,,,,,1:02.49,1:00.57,,2/7
378,74,2023,5,14,短水路,チーム,15,4×25mフリーリレー,女子,240～279歳,271,1:24.40,,3,,12,渡辺米子,,クリーンスパ,23.01,,,,,,,,,1:02.49,1:00.57,,2/7
379,74,2023,5,14,短水路,チーム,15,4×25mフリーリレー,女子,240～279歳,271,1:24.40,,4,,12,森川佳余子,,クリーンスパ,16.29,,,,,,,,,1:02.49,1:00.57,,2/7
380,74,2023,5,14,短水路,チーム,15,4×25mフリーリレー,女子,240～279歳,247,1:29.94,,1,,13,鈴木敬子,,セ・横浜,20.61,,,,,,,,,1:02.49,1:00.57,,2/6
381,74,2023,5,14,短水路,チーム,15,4×25mフリーリレー,女子,240～279歳,247,1:29.94,,2,,13,加藤直子,,セ・横浜,32.92,,,,,,,,,1:02.49,1:00.57,,2/6
382,74,2023,5,14,短水路,チーム,15,4×25mフリーリレー,女子,240～279歳,247,1:29.94,,3,,13,髙橋里美,,セ・横浜,20.68,,,,,,,,,1:02.49,1:00.57,,2/6
383,74,2023,5,14,短水路,チーム,15,4×25mフリーリレー,女子,240～279歳,247,1:29.94,,4,,13,佐藤桂子,,セ・横浜,15.73,,,,,,,,,1:02.49,1:00.57,,2/6
384,74,2023,5,14,短水路,チーム,15,4×25mフリーリレー,女子,200～239歳,206,1:00.19,,1,,1,吉原望美,,セ・阿佐谷,15.71,,,,,,,,,59.15,52.38,,4/4
385,74,2023,5,14,短水路,チーム,15,4×25mフリーリレー,女子,200～239歳,206,1:00.19,,2,,1,遠藤真理,,セ・阿佐谷,14.84,,,,,,,,,59.15,52.38,,4/4
386,74,2023,5,14,短水路,チーム,15,4×25mフリーリレー,女子,200～239歳,206,1:00.19,,3,,1,野島正代,,セ・阿佐谷,16.13,,,,,,,,,59.15,52.38,,4/4
387,74,2023,5,14,短水路,チーム,15,4×25mフリーリレー,女子,200～239歳,206,1:00.19,,4,,1,石原なおみ,,セ・阿佐谷,13.51,,,,,,,,,59.15,52.38,,4/4
388,74,2023,5,14,短水路,チーム,15,4×25mフリーリレー,女子,200～239歳,203,1:05.18,,1,,2,渋屋由香里,,セ・二俣川,16.14,,,,,,,,,59.15,52.38,,4/5
389,74,2023,5,14,短水路,チーム,15,4×25mフリーリレー,女子,200～239歳,203,1:05.18,,2,,2,吉池奈々,,セ・二俣川,16.32,,,,,,,,,59.15,52.38,,4/5
390,74,2023,5,14,短水路,チーム,15,4×25mフリーリレー,女子,200～239歳,203,1:05.18,,3,,2,古谷幸代,,セ・二俣川,17.38,,,,,,,,,59.15,52.38,,4/5
391,74,2023,5,14,短水路,チーム,15,4×25mフリーリレー,女子,200～239歳,203,1:05.18,,4,,2,川村佳代子,,セ・二俣川,15.34,,,,,,,,,59.15,52.38,,4/5
392,74,2023,5,14,短水路,チーム,15,4×25mフリーリレー,女子,200～239歳,210,1:06.32,,1,,3,立石由美子,,セ・大森,18.01,,,,,,,,,59.15,52.38,,4/2
393,74,2023,5,14,短水路,チーム,15,4×25mフリーリレー,女子,200～239歳,210,1:06.32,,2,,3,鈴木知寿子,,セ・大森,15.93,,,,,,,,,59.15,52.38,,4/2
394,74,2023,5,14,短水路,チーム,15,4×25mフリーリレー,女子,200～239歳,210,1:06.32,,3,,3,髙島典子,,セ・大森,15.65,,,,,,,,,59.15,52.38,,4/2
395,74,2023,5,14,短水路,チーム,15,4×25mフリーリレー,女子,200～239歳,210,1:06.32,,4,,3,石井佐和子,,セ・大森,16.73,,,,,,,,,59.15,52.38,,4/2
396,74,2023,5,14,短水路,チーム,15,4×25mフリーリレー,女子,200～239歳,204,1:10.15,,1,,4,山田未紗子,,セ・越谷,15.90,,,,,,,,,59.15,52.38,,4/3
397,74,2023,5,14,短水路,チーム,15,4×25mフリーリレー,女子,200～239歳,204,1:10.15,,2,,4,細沼悦子,,セ・越谷,16.98,,,,,,,,,59.15,52.38,,4/3
398,74,2023,5,14,短水路,チーム,15,4×25mフリーリレー,女子,200～239歳,204,1:10.15,,3,,4,米林清子,,セ・越谷,19.18,,,,,,,,,59.15,52.38,,4/3
399,74,2023,5,14,短水路,チーム,15,4×25mフリーリレー,女子,200～239歳,204,1:10.15,,4,,4,二ノ宮美佳,,セ・越谷,18.09,,,,,,,,,59.15,52.38,,4/3
400,74,2023,5,14,短水路,チーム,15,4×25mフリーリレー,女子,200～239歳,223,1:14.29,,1,,5,小林名緒子,,セ・大森,18.18,,,,,,,,,59.15,52.38,,4/6
401,74,2023,5,14,短水路,チーム,15,4×25mフリーリレー,女子,200～239歳,223,1:14.29,,2,,5,森信子,,セ・大森,18.57,,,,,,,,,59.15,52.38,,4/6
402,74,2023,5,14,短水路,チーム,15,4×25mフリーリレー,女子,200～239歳,223,1:14.29,,3,,5,釘井美奈子,,セ・大森,18.49,,,,,,,,,59.15,52.38,,4/6
403,74,2023,5,14,短水路,チーム,15,4×25mフリーリレー,女子,200～239歳,223,1:14.29,,4,,5,桐沢ひとみ,,セ・大森,19.05,,,,,,,,,59.15,52.38,,4/6
404,74,2023,5,14,短水路,チーム,15,4×25mフリーリレー,女子,200～239歳,239,1:21.55,,1,,6,平林由美,,CS南行徳,16.53,,,,,,,,,59.15,52.38,,4/1
405,74,2023,5,14,短水路,チーム,15,4×25mフリーリレー,女子,200～239歳,239,1:21.55,,2,,6,恩田眞紀,,CS南行徳,22.81,,,,,,,,,59.15,52.38,,4/1
406,74,2023,5,14,短水路,チーム,15,4×25mフリーリレー,女子,200～239歳,239,1:21.55,,3,,6,矢島きよえ,,CS南行徳,21.95,,,,,,,,,59.15,52.38,,4/1
407,74,2023,5,14,短水路,チーム,15,4×25mフリーリレー,女子,200～239歳,239,1:21.55,,4,,6,大野祐子,,CS南行徳,20.26,,,,,,,,,59.15,52.38,,4/1
408,74,2023,5,14,短水路,チーム,15,4×25mフリーリレー,女子,200～239歳,235,1:23.93,,1,,7,中村清美,,セ・蘇我,22.35,,,,,,,,,59.15,52.38,,3/8
409,74,2023,5,14,短水路,チーム,15,4×25mフリーリレー,女子,200～239歳,235,1:23.93,,2,,7,奥野郁子,,セ・蘇我,21.37,,,,,,,,,59.15,52.38,,3/8
410,74,2023,5,14,短水路,チーム,15,4×25mフリーリレー,女子,200～239歳,235,1:23.93,,3,,7,奈良佳枝,,セ・蘇我,19.65,,,,,,,,,59.15,52.38,,3/8
411,74,2023,5,14,短水路,チーム,15,4×25mフリーリレー,女子,200～239歳,235,1:23.93,,4,,7,増子保子,,セ・蘇我,20.56,,,,,,,,,59.15,52.38,,3/8
412,74,2023,5,14,短水路,チーム,15,4×25mフリーリレー,女子,200～239歳,238,1:27.99,,1,,8,李鎬善,,セ・目黒,18.31,,,,,,,,,59.15,52.38,,3/7
413,74,2023,5,14,短水路,チーム,15,4×25mフリーリレー,女子,200～239歳,238,1:27.99,,2,,8,大浜南海江,,セ・目黒,25.29,,,,,,,,,59.15,52.38,,3/7
414,74,2023,5,14,短水路,チーム,15,4×25mフリーリレー,女子,200～239歳,238,1:27.99,,3,,8,斉藤靖子,,セ・目黒,23.03,,,,,,,,,59.15,52.38,,3/7
415,74,2023,5,14,短水路,チーム,15,4×25mフリーリレー,女子,200～239歳,238,1:27.99,,4,,8,村上二三子,,セ・目黒,21.36,,,,,,,,,59.15,52.38,,3/7
416,74,2023,5,14,短水路,チーム,15,4×25mフリーリレー,女子,160～199歳,166,58.11,,1,,1,舘野美香,,セ・目黒,13.28,,,,,,,,,54.64,50.98,,5/5
417,74,2023,5,14,短水路,チーム,15,4×25mフリーリレー,女子,160～199歳,166,58.11,,2,,1,水上真衣,,セ・目黒,17.09,,,,,,,,,54.64,50.98,,5/5
418,74,2023,5,14,短水路,チーム,15,4×25mフリーリレー,女子,160～199歳,166,58.11,,3,,1,池田智子,,セ・目黒,14.14,,,,,,,,,54.64,50.98,,5/5
419,74,2023,5,14,短水路,チーム,15,4×25mフリーリレー,女子,160～199歳,166,58.11,,4,,1,菊地美春,,セ・目黒,13.60,,,,,,,,,54.64,50.98,,5/5
420,74,2023,5,14,短水路,チーム,15,4×25mフリーリレー,女子,160～199歳,166,58.80,,1,,2,草野茜,,セ・二俣川,15.59,,,,,,,,,54.64,50.98,,5/4
421,74,2023,5,14,短水路,チーム,15,4×25mフリーリレー,女子,160～199歳,166,58.80,,2,,2,日吉麻夏,,セ・二俣川,13.31,,,,,,,,,54.64,50.98,,5/4
422,74,2023,5,14,短水路,チーム,15,4×25mフリーリレー,女子,160～199歳,166,58.80,,3,,2,松川律子,,セ・二俣川,16.24,,,,,,,,,54.64,50.98,,5/4
423,74,2023,5,14,短水路,チーム,15,4×25mフリーリレー,女子,160～199歳,166,58.80,,4,,2,長瀬涼佳,,セ・二俣川,13.66,,,,,,,,,54.64,50.98,,5/4
424,74,2023,5,14,短水路,チーム,15,4×25mフリーリレー,女子,160～199歳,182,1:01.99,,1,,3,糸川永利子,,セ・用賀,17.25,,,,,,,,,54.64,50.98,,5/3
425,74,2023,5,14,短水路,チーム,15,4×25mフリーリレー,女子,160～199歳,182,1:01.99,,2,,3,西岡祐子,,セ・用賀,16.83,,,,,,,,,54.64,50.98,,5/3
426,74,2023,5,14,短水路,チーム,15,4×25mフリーリレー,女子,160～199歳,182,1:01.99,,3,,3,大家萌実,,セ・用賀,14.31,,,,,,,,,54.64,50.98,,5/3
427,74,2023,5,14,短水路,チーム,15,4×25mフリーリレー,女子,160～199歳,182,1:01.99,,4,,3,大矢麻衣子,,セ・用賀,13.60,,,,,,,,,54.64,50.98,,5/3
428,74,2023,5,14,短水路,チーム,15,4×25mフリーリレー,女子,160～199歳,177,1:02.53,,1,,4,村田由里子,,セ・茂原,14.51,,,,,,,,,54.64,50.98,,5/1
429,74,2023,5,14,短水路,チーム,15,4×25mフリーリレー,女子,160～199歳,177,1:02.53,,2,,4,加藤千恵,,セ・茂原,16.11,,,,,,,,,54.64,50.98,,5/1
430,74,2023,5,14,短水路,チーム,15,4×25mフリーリレー,女子,160～199歳,177,1:02.53,,3,,4,大塚弘子,,セ・茂原,18.46,,,,,,,,,54.64,50.98,,5/1
431,74,2023,5,14,短水路,チーム,15,4×25mフリーリレー,女子,160～199歳,177,1:02.53,,4,,4,岡澤志織,,セ・茂原,13.45,,,,,,,,,54.64,50.98,,5/1
432,74,2023,5,14,短水路,チーム,15,4×25mフリーリレー,女子,160～199歳,168,1:08.22,,1,,5,宍戸萌,,セ・長津田,13.46,,,,,,,,,54.64,50.98,,5/2
433,74,2023,5,14,短水路,チーム,15,4×25mフリーリレー,女子,160～199歳,168,1:08.22,,2,,5,久保美由紀,,セ・長津田,19.04,,,,,,,,,54.64,50.98,,5/2
434,74,2023,5,14,短水路,チーム,15,4×25mフリーリレー,女子,160～199歳,168,1:08.22,,3,,5,久保かおり,,セ・長津田,17.25,,,,,,,,,54.64,50.98,,5/2
435,74,2023,5,14,短水路,チーム,15,4×25mフリーリレー,女子,160～199歳,168,1:08.22,,4,,5,久保とし子,,セ・長津田,18.47,,,,,,,,,54.64,50.98,,5/2
436,74,2023,5,14,短水路,チーム,15,4×25mフリーリレー,女子,160～199歳,193,1:08.55,,1,,6,福﨑沙織,,セ・南青山,13.88,,,,,,,,,54.64,50.98,,4/7
437,74,2023,5,14,短水路,チーム,15,4×25mフリーリレー,女子,160～199歳,193,1:08.55,,2,,6,國政玲,,セ・南青山,18.12,,,,,,,,,54.64,50.98,,4/7
438,74,2023,5,14,短水路,チーム,15,4×25mフリーリレー,女子,160～199歳,193,1:08.55,,3,,6,平山啓子,,セ・南青山,19.35,,,,,,,,,54.64,50.98,,4/7
439,74,2023,5,14,短水路,チーム,15,4×25mフリーリレー,女子,160～199歳,193,1:08.55,,4,,6,谷村裕子,,セ・南青山,17.20,,,,,,,,,54.64,50.98,,4/7
440,74,2023,5,14,短水路,チーム,15,4×25mフリーリレー,女子,120～159歳,129,54.97,,1,,1,仲田笑美,,セ・成城,13.68,,,,,,,,,54.71,49.99,,5/6
441,74,2023,5,14,短水路,チーム,15,4×25mフリーリレー,女子,120～159歳,129,54.97,,2,,1,広瀬幸音,,セ・成城,13.15,,,,,,,,,54.71,49.99,,5/6
442,74,2023,5,14,短水路,チーム,15,4×25mフリーリレー,女子,120～159歳,129,54.97,,3,,1,羽田文,,セ・成城,14.27,,,,,,,,,54.71,49.99,,5/6
443,74,2023,5,14,短水路,チーム,15,4×25mフリーリレー,女子,120～159歳,129,54.97,,4,,1,中畑眸,,セ・成城,13.87,,,,,,,,,54.71,49.99,,5/6
444,74,2023,5,14,短水路,チーム,15,4×25mフリーリレー,女子,120～159歳,145,55.65,,1,,2,相戸百瑛,,セ・慶應日吉,13.29,,,,,,,,,54.71,49.99,,5/7
445,74,2023,5,14,短水路,チーム,15,4×25mフリーリレー,女子,120～159歳,145,55.65,,2,,2,松廣花月,,セ・慶應日吉,14.47,,,,,,,,,54.71,49.99,,5/7
446,74,2023,5,14,短水路,チーム,15,4×25mフリーリレー,女子,120～159歳,145,55.65,,3,,2,前畑章子,,セ・慶應日吉,14.42,,,,,,,,,54.71,49.99,,5/7
447,74,2023,5,14,短水路,チーム,15,4×25mフリーリレー,女子,120～159歳,145,55.65,,4,,2,宮本八重,,セ・慶應日吉,13.47,,,,,,,,,54.71,49.99,,5/7
448,74,2023,5,14,短水路,チーム,15,4×25mフリーリレー,女子,72～119歳,99,56.45,,1,,1,志賀菜々美,,セ・二俣川,13.60,,,,,,,,,53.18,49.27,,5/8
449,74,2023,5,14,短水路,チーム,15,4×25mフリーリレー,女子,72～119歳,99,56.45,,2,,1,松本彩花,,セ・二俣川,14.62,,,,,,,,,53.18,49.27,,5/8
450,74,2023,5,14,短水路,チーム,15,4×25mフリーリレー,女子,72～119歳,99,56.45,,3,,1,深堀陽子,,セ・二俣川,14.99,,,,,,,,,53.18,49.27,,5/8
451,74,2023,5,14,短水路,チーム,15,4×25mフリーリレー,女子,72～119歳,99,56.45,,4,,1,岩倉柚,,セ・二俣川,13.24,,,,,,,,,53.18,49.27,,5/8
452,74,2023,5,14,短水路,チーム,16,4×25mフリーリレー,男子,280～319歳,286,1:08.53,,1,,1,小山三千生,,セ・清瀬,16.59,,,,,,,,,1:03.09,54.93,,1/1
453,74,2023,5,14,短水路,チーム,16,4×25mフリーリレー,男子,280～319歳,286,1:08.53,,2,,1,前川敏夫,,セ・清瀬,19.28,,,,,,,,,1:03.09,54.93,,1/1
454,74,2023,5,14,短水路,チーム,16,4×25mフリーリレー,男子,280～319歳,286,1:08.53,,3,,1,高附直樹,,セ・清瀬,17.26,,,,,,,,,1:03.09,54.93,,1/1
455,74,2023,5,14,短水路,チーム,16,4×25mフリーリレー,男子,280～319歳,286,1:08.53,,4,,1,吉澤隆,,セ・清瀬,15.40,,,,,,,,,1:03.09,54.93,,1/1
456,74,2023,5,14,短水路,チーム,16,4×25mフリーリレー,男子,240～279歳,242,56.27,,1,,1,田村好弘,,セ・阿佐谷,14.76,,,,,,,,,49.30,49.30,,2/2
457,74,2023,5,14,短水路,チーム,16,4×25mフリーリレー,男子,240～279歳,242,56.27,,2,,1,吉村進,,セ・阿佐谷,14.72,,,,,,,,,49.30,49.30,,2/2
458,74,2023,5,14,短水路,チーム,16,4×25mフリーリレー,男子,240～279歳,242,56.27,,3,,1,若杉佳宏,,セ・阿佐谷,13.45,,,,,,,,,49.30,49.30,,2/2
459,74,2023,5,14,短水路,チーム,16,4×25mフリーリレー,男子,240～279歳,242,56.27,,4,,1,吉原一彦,,セ・阿佐谷,13.34,,,,,,,,,49.30,49.30,,2/2
460,74,2023,5,14,短水路,チーム,16,4×25mフリーリレー,男子,240～279歳,261,57.07,,1,,2,冨松実,,セ・二俣川,13.47,,,,,,,,,49.30,49.30,,2/1
461,74,2023,5,14,短水路,チーム,16,4×25mフリーリレー,男子,240～279歳,261,57.07,,2,,2,水谷博之,,セ・二俣川,14.57,,,,,,,,,49.30,49.30,,2/1
462,74,2023,5,14,短水路,チーム,16,4×25mフリーリレー,男子,240～279歳,261,57.07,,3,,2,入江潤,,セ・二俣川,13.89,,,,,,,,,49.30,49.30,,2/1
463,74,2023,5,14,短水路,チーム,16,4×25mフリーリレー,男子,240～279歳,261,57.07,,4,,2,若島健二,,セ・二俣川,15.14,,,,,,,,,49.30,49.30,,2/1
464,74,2023,5,14,短水路,チーム,16,4×25mフリーリレー,男子,240～279歳,241,59.06,,1,,3,田中伸幸,,セ・葛西,14.37,,,,,,,,,49.30,49.30,,1/4
465,74,2023,5,14,短水路,チーム,16,4×25mフリーリレー,男子,240～279歳,241,59.06,,2,,3,弭間政隆,,セ・葛西,13.06,,,,,,,,,49.30,49.30,,1/4
466,74,2023,5,14,短水路,チーム,16,4×25mフリーリレー,男子,240～279歳,241,59.06,,3,,3,大内洋,,セ・葛西,18.20,,,,,,,,,49.30,49.30,,1/4
467,74,2023,5,14,短水路,チーム,16,4×25mフリーリレー,男子,240～279歳,241,59.06,,4,,3,原田真,,セ・葛西,13.43,,,,,,,,,49.30,49.30,,1/4
468,74,2023,5,14,短水路,チーム,16,4×25mフリーリレー,男子,240～279歳,245,59.25,,1,,4,佐々木茂倫,,セ・流山,12.96,,,,,,,,,49.30,49.30,,1/3
469,74,2023,5,14,短水路,チーム,16,4×25mフリーリレー,男子,240～279歳,245,59.25,,2,,4,田中基幹,,セ・流山,14.45,,,,,,,,,49.30,49.30,,1/3
470,74,2023,5,14,短水路,チーム,16,4×25mフリーリレー,男子,240～279歳,245,59.25,,3,,4,大倉健志,,セ・流山,16.09,,,,,,,,,49.30,49.30,,1/3
471,74,2023,5,14,短水路,チーム,16,4×25mフリーリレー,男子,240～279歳,245,59.25,,4,,4,渡辺正俊,,セ・流山,15.75,,,,,,,,,49.30,49.30,,1/3
472,74,2023,5,14,短水路,チーム,16,4×25mフリーリレー,男子,240～279歳,253,1:04.14,,1,,5,若宮強,,セ・成城,15.58,,,,,,,,,49.30,49.30,,1/5
473,74,2023,5,14,短水路,チーム,16,4×25mフリーリレー,男子,240～279歳,253,1:04.14,,2,,5,安部盛博,,セ・成城,17.31,,,,,,,,,49.30,49.30,,1/5
474,74,2023,5,14,短水路,チーム,16,4×25mフリーリレー,男子,240～279歳,253,1:04.14,,3,,5,丸山恵太,,セ・成城,15.54,,,,,,,,,49.30,49.30,,1/5
475,74,2023,5,14,短水路,チーム,16,4×25mフリーリレー,男子,240～279歳,253,1:04.14,,4,,5,中井岳郎,,セ・成城,15.71,,,,,,,,,49.30,49.30,,1/5
476,74,2023,5,14,短水路,チーム,16,4×25mフリーリレー,男子,240～279歳,249,1:06.06,,1,,6,稲毛仁,,セ・松戸,15.12,,,,,,,,,49.30,49.30,,1/8
477,74,2023,5,14,短水路,チーム,16,4×25mフリーリレー,男子,240～279歳,249,1:06.06,,2,,6,庄司和明,,セ・松戸,14.79,,,,,,,,,49.30,49.30,,1/8
478,74,2023,5,14,短水路,チーム,16,4×25mフリーリレー,男子,240～279歳,249,1:06.06,,3,,6,近藤恭彦,,セ・松戸,16.36,,,,,,,,,49.30,49.30,,1/8
479,74,2023,5,14,短水路,チーム,16,4×25mフリーリレー,男子,240～279歳,249,1:06.06,,4,,6,内田幸稔,,セ・松戸,19.79,,,,,,,,,49.30,49.30,,1/8
480,74,2023,5,14,短水路,チーム,16,4×25mフリーリレー,男子,240～279歳,266,1:08.93,,1,,7,會田修一,,セ・おおたか,14.75,,,,,,,,,49.30,49.30,,1/7
481,74,2023,5,14,短水路,チーム,16,4×25mフリーリレー,男子,240～279歳,266,1:08.93,,2,,7,海辺信吉,,セ・おおたか,13.44,,,,,,,,,49.30,49.30,,1/7
482,74,2023,5,14,短水路,チーム,16,4×25mフリーリレー,男子,240～279歳,266,1:08.93,,3,,7,手塚満,,セ・おおたか,21.74,,,,,,,,,49.30,49.30,,1/7
483,74,2023,5,14,短水路,チーム,16,4×25mフリーリレー,男子,240～279歳,266,1:08.93,,4,,7,鈴木篤,,セ・おおたか,19.00,,,,,,,,,49.30,49.30,,1/7
484,74,2023,5,14,短水路,チーム,16,4×25mフリーリレー,男子,240～279歳,254,1:10.20,,1,,8,上野武,,セ・南青山,17.66,,,,,,,,,49.30,49.30,,1/6
485,74,2023,5,14,短水路,チーム,16,4×25mフリーリレー,男子,240～279歳,254,1:10.20,,2,,8,安藤靖,,セ・南青山,15.68,,,,,,,,,49.30,49.30,,1/6
486,74,2023,5,14,短水路,チーム,16,4×25mフリーリレー,男子,240～279歳,254,1:10.20,,3,,8,神保伸幸,,セ・南青山,20.69,,,,,,,,,49.30,49.30,,1/6
487,74,2023,5,14,短水路,チーム,16,4×25mフリーリレー,男子,240～279歳,254,1:10.20,,4,,8,横浜健,,セ・南青山,16.17,,,,,,,,,49.30,49.30,,1/6
488,74,2023,5,14,短水路,チーム,16,4×25mフリーリレー,男子,240～279歳,249,1:16.42,,1,,9,阿部一男,,セ・青砥,18.74,,,,,,,,,49.30,49.30,,1/2
489,74,2023,5,14,短水路,チーム,16,4×25mフリーリレー,男子,240～279歳,249,1:16.42,,2,,9,中村浩司,,セ・青砥,15.87,,,,,,,,,49.30,49.30,,1/2
490,74,2023,5,14,短水路,チーム,16,4×25mフリーリレー,男子,240～279歳,249,1:16.42,,3,,9,大和田昌孝,,セ・青砥,18.41,,,,,,,,,49.30,49.30,,1/2
491,74,2023,5,14,短水路,チーム,16,4×25mフリーリレー,男子,240～279歳,249,1:16.42,,4,,9,岩本穰,,セ・青砥,23.40,,,,,,,,,49.30,49.30,,1/2
492,74,2023,5,14,短水路,チーム,16,4×25mフリーリレー,男子,200～239歳,200,50.33,,1,,1,堀川広祐,,セ・二俣川,13.06,,,,,,,,,47.12,45.59,,2/5
493,74,2023,5,14,短水路,チーム,16,4×25mフリーリレー,男子,200～239歳,200,50.33,,2,,1,渡辺保,,セ・二俣川,12.72,,,,,,,,,47.12,45.59,,2/5
494,74,2023,5,14,短水路,チーム,16,4×25mフリーリレー,男子,200～239歳,200,50.33,,3,,1,永瀬知之,,セ・二俣川,11.91,,,,,,,,,47.12,45.59,,2/5
495,74,2023,5,14,短水路,チーム,16,4×25mフリーリレー,男子,200～239歳,200,50.33,,4,,1,石上智啓,,セ・二俣川,12.64,,,,,,,,,47.12,45.59,,2/5
496,74,2023,5,14,短水路,チーム,16,4×25mフリーリレー,男子,200～239歳,213,53.74,,1,,2,池本晃,,セ・用賀,13.05,,,,,,,,,47.12,45.59,,2/4
497,74,2023,5,14,短水路,チーム,16,4×25mフリーリレー,男子,200～239歳,213,53.74,,2,,2,佐藤正章,,セ・用賀,14.24,,,,,,,,,47.12,45.59,,2/4
498,74,2023,5,14,短水路,チーム,16,4×25mフリーリレー,男子,200～239歳,213,53.74,,3,,2,飯田正敏,,セ・用賀,13.70,,,,,,,,,47.12,45.59,,2/4
499,74,2023,5,14,短水路,チーム,16,4×25mフリーリレー,男子,200～239歳,213,53.74,,4,,2,本城大輔,,セ・用賀,12.75,,,,,,,,,47.12,45.59,,2/4
500,74,2023,5,14,短水路,チーム,16,4×25mフリーリレー,男子,200～239歳,211,55.05,,1,,3,羽田浩一,,セ・成城,13.65,,,,,,,,,47.12,45.59,,2/3
501,74,2023,5,14,短水路,チーム,16,4×25mフリーリレー,男子,200～239歳,211,55.05,,2,,3,浦田昌和,,セ・成城,16.02,,,,,,,,,47.12,45.59,,2/3
502,74,2023,5,14,短水路,チーム,16,4×25mフリーリレー,男子,200～239歳,211,55.05,,3,,3,石井龍,,セ・成城,12.15,,,,,,,,,47.12,45.59,,2/3
503,74,2023,5,14,短水路,チーム,16,4×25mフリーリレー,男子,200～239歳,211,55.05,,4,,3,瀬川栄樹,,セ・成城,13.23,,,,,,,,,47.12,45.59,,2/3
504,74,2023,5,14,短水路,チーム,16,4×25mフリーリレー,男子,200～239歳,239,1:01.72,,1,,4,榊礼武,,セ・茂原,14.57,,,,,,,,,47.12,45.59,,2/6
505,74,2023,5,14,短水路,チーム,16,4×25mフリーリレー,男子,200～239歳,239,1:01.72,,2,,4,丸喜章,,セ・茂原,16.39,,,,,,,,,47.12,45.59,,2/6
506,74,2023,5,14,短水路,チーム,16,4×25mフリーリレー,男子,200～239歳,239,1:01.72,,3,,4,梅村潔,,セ・茂原,17.38,,,,,,,,,47.12,45.59,,2/6
507,74,2023,5,14,短水路,チーム,16,4×25mフリーリレー,男子,200～239歳,239,1:01.72,,4,,4,齋藤仁,,セ・茂原,13.38,,,,,,,,,47.12,45.59,,2/6
508,74,2023,5,14,短水路,チーム,16,4×25mフリーリレー,男子,200～239歳,227,1:03.19,,1,,5,高瀬信雄,,ザパス川崎,15.19,,,,,,,,,47.12,45.59,,2/7
509,74,2023,5,14,短水路,チーム,16,4×25mフリーリレー,男子,200～239歳,227,1:03.19,,2,,5,古川賢一郎,,ザパス川崎,16.42,,,,,,,,,47.12,45.59,,2/7
510,74,2023,5,14,短水路,チーム,16,4×25mフリーリレー,男子,200～239歳,227,1:03.19,,3,,5,和田嘉章,,ザパス川崎,16.61,,,,,,,,,47.12,45.59,,2/7
511,74,2023,5,14,短水路,チーム,16,4×25mフリーリレー,男子,200～239歳,227,1:03.19,,4,,5,小柳大,,ザパス川崎,14.97,,,,,,,,,47.12,45.59,,2/7
512,74,2023,5,14,短水路,チーム,16,4×25mフリーリレー,男子,160～199歳,172,47.45,,1,,1,山賀竜馬,,セ・阿佐谷,11.86,,,,,,,,,45.05,42.22,,3/4
513,74,2023,5,14,短水路,チーム,16,4×25mフリーリレー,男子,160～199歳,172,47.45,,2,,1,北川貴義,,セ・阿佐谷,12.21,,,,,,,,,45.05,42.22,,3/4
514,74,2023,5,14,短水路,チーム,16,4×25mフリーリレー,男子,160～199歳,172,47.45,,3,,1,佐野充,,セ・阿佐谷,11.71,,,,,,,,,45.05,42.22,,3/4
515,74,2023,5,14,短水路,チーム,16,4×25mフリーリレー,男子,160～199歳,172,47.45,,4,,1,林辰典,,セ・阿佐谷,11.67,,,,,,,,,45.05,42.22,,3/4
516,74,2023,5,14,短水路,チーム,16,4×25mフリーリレー,男子,160～199歳,168,50.04,,1,,2,山口恵太,,セ・トレッサ,13.00,,,,,,,,,45.05,42.22,,3/2
517,74,2023,5,14,短水路,チーム,16,4×25mフリーリレー,男子,160～199歳,168,50.04,,2,,2,奥平裕二,,セ・トレッサ,13.31,,,,,,,,,45.05,42.22,,3/2
518,74,2023,5,14,短水路,チーム,16,4×25mフリーリレー,男子,160～199歳,168,50.04,,3,,2,新井田将司,,セ・トレッサ,12.87,,,,,,,,,45.05,42.22,,3/2
519,74,2023,5,14,短水路,チーム,16,4×25mフリーリレー,男子,160～199歳,168,50.04,,4,,2,板垣義人,,セ・トレッサ,10.86,,,,,,,,,45.05,42.22,,3/2
520,74,2023,5,14,短水路,チーム,16,4×25mフリーリレー,男子,160～199歳,177,50.13,,1,,3,知見邦彦,,セ・二俣川,12.30,,,,,,,,,45.05,42.22,,3/5
521,74,2023,5,14,短水路,チーム,16,4×25mフリーリレー,男子,160～199歳,177,50.13,,2,,3,関口義和,,セ・二俣川,12.98,,,,,,,,,45.05,42.22,,3/5
522,74,2023,5,14,短水路,チーム,16,4×25mフリーリレー,男子,160～199歳,177,50.13,,3,,3,木村知行,,セ・二俣川,13.08,,,,,,,,,45.05,42.22,,3/5
523,74,2023,5,14,短水路,チーム,16,4×25mフリーリレー,男子,160～199歳,177,50.13,,4,,3,寺田貴洋,,セ・二俣川,11.77,,,,,,,,,45.05,42.22,,3/5
524,74,2023,5,14,短水路,チーム,16,4×25mフリーリレー,男子,160～199歳,164,50.47,,1,,4,岸竜太郎,,セ・用賀,13.58,,,,,,,,,45.05,42.22,,3/6
525,74,2023,5,14,短水路,チーム,16,4×25mフリーリレー,男子,160～199歳,164,50.47,,2,,4,枴澤英也,,セ・用賀,13.31,,,,,,,,,45.05,42.22,,3/6
526,74,2023,5,14,短水路,チーム,16,4×25mフリーリレー,男子,160～199歳,164,50.47,,3,,4,髙橋大輝,,セ・用賀,12.62,,,,,,,,,45.05,42.22,,3/6
527,74,2023,5,14,短水路,チーム,16,4×25mフリーリレー,男子,160～199歳,164,50.47,,4,,4,小方聡,,セ・用賀,10.96,,,,,,,,,45.05,42.22,,3/6
528,74,2023,5,14,短水路,チーム,16,4×25mフリーリレー,男子,160～199歳,188,51.69,,1,,5,森岳,,セ・目黒,11.53,,,,,,,,,45.05,42.22,,3/1
529,74,2023,5,14,短水路,チーム,16,4×25mフリーリレー,男子,160～199歳,188,51.69,,2,,5,加治屋史郎,,セ・目黒,14.96,,,,,,,,,45.05,42.22,,3/1
530,74,2023,5,14,短水路,チーム,16,4×25mフリーリレー,男子,160～199歳,188,51.69,,3,,5,兵藤鋭雄,,セ・目黒,13.33,,,,,,,,,45.05,42.22,,3/1
531,74,2023,5,14,短水路,チーム,16,4×25mフリーリレー,男子,160～199歳,188,51.69,,4,,5,椎本恭平,,セ・目黒,11.87,,,,,,,,,45.05,42.22,,3/1
532,74,2023,5,14,短水路,チーム,16,4×25mフリーリレー,男子,160～199歳,184,52.11,,1,,6,山岡拓馬,,セ・清瀬,11.94,,,,,,,,,45.05,42.22,,2/8
533,74,2023,5,14,短水路,チーム,16,4×25mフリーリレー,男子,160～199歳,184,52.11,,2,,6,松本考弘,,セ・清瀬,13.77,,,,,,,,,45.05,42.22,,2/8
534,74,2023,5,14,短水路,チーム,16,4×25mフリーリレー,男子,160～199歳,184,52.11,,3,,6,樱井直仁,,セ・清瀬,13.57,,,,,,,,,45.05,42.22,,2/8
535,74,2023,5,14,短水路,チーム,16,4×25mフリーリレー,男子,160～199歳,184,52.11,,4,,6,木下和哉,,セ・清瀬,12.83,,,,,,,,,45.05,42.22,,2/8
536,74,2023,5,14,短水路,チーム,16,4×25mフリーリレー,男子,160～199歳,167,52.15,,1,,7,新垣琳大,,セ・茂原,11.53,,,,,,,,,45.05,42.22,,3/3
537,74,2023,5,14,短水路,チーム,16,4×25mフリーリレー,男子,160～199歳,167,52.15,,2,,7,阪田高士,,セ・茂原,12.67,,,,,,,,,45.05,42.22,,3/3
538,74,2023,5,14,短水路,チーム,16,4×25mフリーリレー,男子,160～199歳,167,52.15,,3,,7,山本和已,,セ・茂原,16.29,,,,,,,,,45.05,42.22,,3/3
539,74,2023,5,14,短水路,チーム,16,4×25mフリーリレー,男子,160～199歳,167,52.15,,4,,7,島脇晃也,,セ・茂原,11.66,,,,,,,,,45.05,42.22,,3/3
540,74,2023,5,14,短水路,チーム,16,4×25mフリーリレー,男子,160～199歳,163,56.48,,1,,8,新福留広貴,,セ・二俣川,12.93,,,,,,,,,45.05,42.22,,3/7
541,74,2023,5,14,短水路,チーム,16,4×25mフリーリレー,男子,160～199歳,163,56.48,,2,,8,坂入裕,,セ・二俣川,12.95,,,,,,,,,45.05,42.22,,3/7
542,74,2023,5,14,短水路,チーム,16,4×25mフリーリレー,男子,160～199歳,163,56.48,,3,,8,草野剛史,,セ・二俣川,15.30,,,,,,,,,45.05,42.22,,3/7
543,74,2023,5,14,短水路,チーム,16,4×25mフリーリレー,男子,160～199歳,163,56.48,,4,,8,恒川直輝,,セ・二俣川,15.30,,,,,,,,,45.05,42.22,,3/7
544,74,2023,5,14,短水路,チーム,16,4×25mフリーリレー,男子,120～159歳,151,44.80,,1,,1,前田崇行,,セ・二俣川,11.73,,,,,,,,,44.74,41.21,,4/4
545,74,2023,5,14,短水路,チーム,16,4×25mフリーリレー,男子,120～159歳,151,44.80,,2,,1,酒井駿,,セ・二俣川,11.27,,,,,,,,,44.74,41.21,,4/4
546,74,2023,5,14,短水路,チーム,16,4×25mフリーリレー,男子,120～159歳,151,44.80,,3,,1,鶴谷学,,セ・二俣川,10.84,,,,,,,,,44.74,41.21,,4/4
547,74,2023,5,14,短水路,チーム,16,4×25mフリーリレー,男子,120～159歳,151,44.80,,4,,1,前田康輔,,セ・二俣川,10.96,,,,,,,,,44.74,41.21,,4/4
548,74,2023,5,14,短水路,チーム,16,4×25mフリーリレー,男子,120～159歳,134,47.34,,1,,2,髙梨大樹,,セ・成城,11.89,,,,,,,,,44.74,41.21,,4/6
549,74,2023,5,14,短水路,チーム,16,4×25mフリーリレー,男子,120～159歳,134,47.34,,2,,2,石井翔真,,セ・成城,11.82,,,,,,,,,44.74,41.21,,4/6
550,74,2023,5,14,短水路,チーム,16,4×25mフリーリレー,男子,120～159歳,134,47.34,,3,,2,井口暢彦,,セ・成城,11.73,,,,,,,,,44.74,41.21,,4/6
551,74,2023,5,14,短水路,チーム,16,4×25mフリーリレー,男子,120～159歳,134,47.34,,4,,2,梅林大貴,,セ・成城,11.90,,,,,,,,,44.74,41.21,,4/6
552,74,2023,5,14,短水路,チーム,16,4×25mフリーリレー,男子,120～159歳,144,47.83,,1,,3,棚網宏之,,セ・阿佐谷,12.57,,,,,,,,,44.74,41.21,,4/3
553,74,2023,5,14,短水路,チーム,16,4×25mフリーリレー,男子,120～159歳,144,47.83,,2,,3,和田亮,,セ・阿佐谷,12.49,,,,,,,,,44.74,41.21,,4/3
554,74,2023,5,14,短水路,チーム,16,4×25mフリーリレー,男子,120～159歳,144,47.83,,3,,3,津守陽介,,セ・阿佐谷,11.44,,,,,,,,,44.74,41.21,,4/3
555,74,2023,5,14,短水路,チーム,16,4×25mフリーリレー,男子,120～159歳,144,47.83,,4,,3,和田弘太郎,,セ・阿佐谷,11.33,,,,,,,,,44.74,41.21,,4/3
556,74,2023,5,14,短水路,チーム,16,4×25mフリーリレー,男子,120～159歳,130,48.37,,1,,4,小野健,,セ・天王洲,12.46,,,,,,,,,44.74,41.21,,4/7
557,74,2023,5,14,短水路,チーム,16,4×25mフリーリレー,男子,120～159歳,130,48.37,,2,,4,加間英貴,,セ・天王洲,11.88,,,,,,,,,44.74,41.21,,4/7
558,74,2023,5,14,短水路,チーム,16,4×25mフリーリレー,男子,120～159歳,130,48.37,,3,,4,倉持公一,,セ・天王洲,11.89,,,,,,,,,44.74,41.21,,4/7
559,74,2023,5,14,短水路,チーム,16,4×25mフリーリレー,男子,120～159歳,130,48.37,,4,,4,寺田遼太,,セ・天王洲,12.14,,,,,,,,,44.74,41.21,,4/7
560,74,2023,5,14,短水路,チーム,16,4×25mフリーリレー,男子,120～159歳,125,50.57,,1,,5,濱中翔太,,セ・慶應日吉,11.86,,,,,,,,,44.74,41.21,,4/2
561,74,2023,5,14,短水路,チーム,16,4×25mフリーリレー,男子,120～159歳,125,50.57,,2,,5,郷原秀太,,セ・慶應日吉,14.32,,,,,,,,,44.74,41.21,,4/2
562,74,2023,5,14,短水路,チーム,16,4×25mフリーリレー,男子,120～159歳,125,50.57,,3,,5,コリガンシェイ颯介,,セ・慶應日吉,11.57,,,,,,,,,44.74,41.21,,4/2
563,74,2023,5,14,短水路,チーム,16,4×25mフリーリレー,男子,120～159歳,125,50.57,,4,,5,河野悟,,セ・慶應日吉,12.82,,,,,,,,,44.74,41.21,,4/2
564,74,2023,5,14,短水路,チーム,16,4×25mフリーリレー,男子,120～159歳,139,50.57,,1,,5,内田空良,,セ・長津田,11.87,,,,,,,,,44.74,41.21,,4/5
565,74,2023,5,14,短水路,チーム,16,4×25mフリーリレー,男子,120～159歳,139,50.57,,2,,5,矢作歩,,セ・長津田,12.93,,,,,,,,,44.74,41.21,,4/5
566,74,2023,5,14,短水路,チーム,16,4×25mフリーリレー,男子,120～159歳,139,50.57,,3,,5,竹下翔,,セ・長津田,12.33,,,,,,,,,44.74,41.21,,4/5
567,74,2023,5,14,短水路,チーム,16,4×25mフリーリレー,男子,120～159歳,139,50.57,,4,,5,西野宮冬木,,セ・長津田,13.44,,,,,,,,,44.74,41.21,,4/5
568,74,2023,5,14,短水路,チーム,16,4×25mフリーリレー,男子,120～159歳,127,52.48,,1,,7,南里輝,,セ・蒲田,12.24,,,,,,,,,44.74,41.21,,4/1
569,74,2023,5,14,短水路,チーム,16,4×25mフリーリレー,男子,120～159歳,127,52.48,,2,,7,佐藤拓哉,,セ・蒲田,14.66,,,,,,,,,44.74,41.21,,4/1
570,74,2023,5,14,短水路,チーム,16,4×25mフリーリレー,男子,120～159歳,127,52.48,,3,,7,牧野聖,,セ・蒲田,12.34,,,,,,,,,44.74,41.21,,4/1
571,74,2023,5,14,短水路,チーム,16,4×25mフリーリレー,男子,120～159歳,127,52.48,,4,,7,米田岳樹,,セ・蒲田,13.24,,,,,,,,,44.74,41.21,,4/1
572,74,2023,5,14,短水路,チーム,16,4×25mフリーリレー,男子,120～159歳,159,54.64,,1,,8,江熊夕人,,セ・慶應日吉,13.30,,,,,,,,,44.74,41.21,,3/8
573,74,2023,5,14,短水路,チーム,16,4×25mフリーリレー,男子,120～159歳,159,54.64,,2,,8,穴田啓樹,,セ・慶應日吉,14.48,,,,,,,,,44.74,41.21,,3/8
574,74,2023,5,14,短水路,チーム,16,4×25mフリーリレー,男子,120～159歳,159,54.64,,3,,8,大塚秀幸,,セ・慶應日吉,16.24,,,,,,,,,44.74,41.21,,3/8
575,74,2023,5,14,短水路,チーム,16,4×25mフリーリレー,男子,120～159歳,159,54.64,,4,,8,石田虎流,,セ・慶應日吉,10.62,,,,,,,,,44.74,41.21,,3/8
576,74,2023,5,14,短水路,チーム,16,4×25mフリーリレー,男子,72～119歳,84,48.58,,1,,1,田中啓二朗,,セ・二俣川,11.42,,,,,,,,,44.07,40.72,,4/8
577,74,2023,5,14,短水路,チーム,16,4×25mフリーリレー,男子,72～119歳,84,48.58,,2,,1,秋澤裕介,,セ・二俣川,11.66,,,,,,,,,44.07,40.72,,4/8
578,74,2023,5,14,短水路,チーム,16,4×25mフリーリレー,男子,72～119歳,84,48.58,,3,,1,山﨑陸真,,セ・二俣川,13.47,,,,,,,,,44.07,40.72,,4/8
579,74,2023,5,14,短水路,チーム,16,4×25mフリーリレー,男子,72～119歳,84,48.58,,4,,1,田中壮一郎,,セ・二俣川,12.03,,,,,,,,,44.07,40.72,,4/8
580,74,2023,5,14,短水路,チーム,17,4×50mメドレーリレー,女子,240～279歳,240,2:39.90,,1,,1,鈴木亜抄子,,セ・二俣川,20.33,,,,,,,,,2:51.64,2:28.04,2:18.74,1/4
581,74,2023,5,14,短水路,チーム,17,4×50mメドレーリレー,女子,240～279歳,240,2:39.90,,2,,1,盛田真規子,,セ・二俣川,22.66,,,,,,,,,2:51.64,2:28.04,2:18.74,1/4
582,74,2023,5,14,短水路,チーム,17,4×50mメドレーリレー,女子,240～279歳,240,2:39.90,,3,,1,武井麻知子,,セ・二俣川,17.47,,,,,,,,,2:51.64,2:28.04,2:18.74,1/4
583,74,2023,5,14,短水路,チーム,17,4×50mメドレーリレー,女子,240～279歳,240,2:39.90,,4,,1,永瀬秀子,,セ・二俣川,15.11,,,,,,,,,2:51.64,2:28.04,2:18.74,1/4
584,74,2023,5,14,短水路,チーム,17,4×50mメドレーリレー,女子,240～279歳,246,2:44.78,,1,,2,及川薫,,セ・松戸,21.39,,,,,,,,,2:51.64,2:28.04,2:18.74,1/3
585,74,2023,5,14,短水路,チーム,17,4×50mメドレーリレー,女子,240～279歳,246,2:44.78,,2,,2,武政ふく,,セ・松戸,20.17,,,,,,,,,2:51.64,2:28.04,2:18.74,1/3
586,74,2023,5,14,短水路,チーム,17,4×50mメドレーリレー,女子,240～279歳,246,2:44.78,,3,,2,青木華世子,,セ・松戸,18.84,,,,,,,,,2:51.64,2:28.04,2:18.74,1/3
587,74,2023,5,14,短水路,チーム,17,4×50mメドレーリレー,女子,240～279歳,246,2:44.78,,4,,2,八尋加苗,,セ・松戸,16.66,,,,,,,,,2:51.64,2:28.04,2:18.74,1/3
588,74,2023,5,14,短水路,チーム,17,4×50mメドレーリレー,女子,240～279歳,249,2:45.94,,1,,3,小林のぞみ,,セ・越谷,20.93,,,,,,,,,2:51.64,2:28.04,2:18.74,1/6
589,74,2023,5,14,短水路,チーム,17,4×50mメドレーリレー,女子,240～279歳,249,2:45.94,,2,,3,磯村由紀子,,セ・越谷,19.42,,,,,,,,,2:51.64,2:28.04,2:18.74,1/6
590,74,2023,5,14,短水路,チーム,17,4×50mメドレーリレー,女子,240～279歳,249,2:45.94,,3,,3,中村和子,,セ・越谷,19.99,,,,,,,,,2:51.64,2:28.04,2:18.74,1/6
591,74,2023,5,14,短水路,チーム,17,4×50mメドレーリレー,女子,240～279歳,249,2:45.94,,4,,3,石田良子,,セ・越谷,17.23,,,,,,,,,2:51.64,2:28.04,2:18.74,1/6
592,74,2023,5,14,短水路,チーム,17,4×50mメドレーリレー,女子,240～279歳,247,2:51.86,,1,,4,吉野治子,,セ・成城,23.28,,,,,,,,,2:51.64,2:28.04,2:18.74,1/7
593,74,2023,5,14,短水路,チーム,17,4×50mメドレーリレー,女子,240～279歳,247,2:51.86,,2,,4,田代慎理子,,セ・成城,21.81,,,,,,,,,2:51.64,2:28.04,2:18.74,1/7
594,74,2023,5,14,短水路,チーム,17,4×50mメドレーリレー,女子,240～279歳,247,2:51.86,,3,,4,茂櫛典子,,セ・成城,19.37,,,,,,,,,2:51.64,2:28.04,2:18.74,1/7
595,74,2023,5,14,短水路,チーム,17,4×50mメドレーリレー,女子,240～279歳,247,2:51.86,,4,,4,森直子,,セ・成城,17.26,,,,,,,,,2:51.64,2:28.04,2:18.74,1/7
596,74,2023,5,14,短水路,チーム,17,4×50mメドレーリレー,女子,240～279歳,249,2:57.37,,1,,5,中平信子,,セ・成瀬,24.97,,,,,,,,,2:51.64,2:28.04,2:18.74,1/5
597,74,2023,5,14,短水路,チーム,17,4×50mメドレーリレー,女子,240～279歳,249,2:57.37,,2,,5,米澤美智子,,セ・成瀬,21.46,,,,,,,,,2:51.64,2:28.04,2:18.74,1/5
598,74,2023,5,14,短水路,チーム,17,4×50mメドレーリレー,女子,240～279歳,249,2:57.37,,3,,5,兵頭和子,,セ・成瀬,17.17,,,,,,,,,2:51.64,2:28.04,2:18.74,1/5
599,74,2023,5,14,短水路,チーム,17,4×50mメドレーリレー,女子,240～279歳,249,2:57.37,,4,,5,久松葉子,,セ・成瀬,19.90,,,,,,,,,2:51.64,2:28.04,2:18.74,1/5
600,74,2023,5,14,短水路,チーム,17,4×50mメドレーリレー,女子,240～279歳,245,3:09.99,,1,,6,中野朗子,,セ・慶應日吉,22.54,,,,,,,,,2:51.64,2:28.04,2:18.74,1/2
601,74,2023,5,14,短水路,チーム,17,4×50mメドレーリレー,女子,240～279歳,245,3:09.99,,1,,6,宮田ひとみ,,セ・慶應日吉,26.60,,,,,,,,,2:51.64,2:28.04,2:18.74,1/2
602,74,2023,5,14,短水路,チーム,17,4×50mメドレーリレー,女子,240～279歳,245,3:09.99,,2,,6,鈴木夏実,,セ・慶應日吉,25.80,,,,,,,,,2:51.64,2:28.04,2:18.74,1/2
603,74,2023,5,14,短水路,チーム,17,4×50mメドレーリレー,女子,240～279歳,245,3:09.99,,2,,6,渡邉登美子,,セ・慶應日吉,26.17,,,,,,,,,2:51.64,2:28.04,2:18.74,1/2
604,74,2023,5,14,短水路,チーム,17,4×50mメドレーリレー,女子,240～279歳,245,3:09.99,,3,,6,森谷登志江,,セ・慶應日吉,22.91,,,,,,,,,2:51.64,2:28.04,2:18.74,1/2
605,74,2023,5,14,短水路,チーム,17,4×50mメドレーリレー,女子,240～279歳,245,3:09.99,,3,,6,近藤みゆき,,セ・慶應日吉,27.96,,,,,,,,,2:51.64,2:28.04,2:18.74,1/2
606,74,2023,5,14,短水路,チーム,17,4×50mメドレーリレー,女子,240～279歳,245,3:09.99,,4,,6,井手敦子,,セ・慶應日吉,18.75,,,,,,,,,2:51.64,2:28.04,2:18.74,1/2
607,74,2023,5,14,短水路,チーム,17,4×50mメドレーリレー,女子,240～279歳,245,3:09.99,,4,,6,三嶋祐子,,セ・慶應日吉,,,,,,,,,,2:51.64,2:28.04,2:18.74,1/2
608,74,2023,5,14,短水路,チーム,17,4×50mメドレーリレー,女子,200～239歳,206,2:37.15,,1,,1,遠藤真理,,セ・阿佐谷,17.38,,,,,,,,,2:16.24,2:10.77,2:06.51,2/3
609,74,2023,5,14,短水路,チーム,17,4×50mメドレーリレー,女子,200～239歳,206,2:37.15,,2,,1,石原なおみ,,セ・阿佐谷,21.57,,,,,,,,,2:16.24,2:10.77,2:06.51,2/3
610,74,2023,5,14,短水路,チーム,17,4×50mメドレーリレー,女子,200～239歳,206,2:37.15,,3,,1,野島正代,,セ・阿佐谷,19.79,,,,,,,,,2:16.24,2:10.77,2:06.51,2/3
611,74,2023,5,14,短水路,チーム,17,4×50mメドレーリレー,女子,200～239歳,206,2:37.15,,4,,1,吉原望美,,セ・阿佐谷,14.66,,,,,,,,,2:16.24,2:10.77,2:06.51,2/3
612,74,2023,5,14,短水路,チーム,17,4×50mメドレーリレー,女子,200～239歳,225,2:39.01,,1,,2,松田聡美,,セ・成城,22.78,,,,,,,,,2:16.24,2:10.77,2:06.51,2/2
613,74,2023,5,14,短水路,チーム,17,4×50mメドレーリレー,女子,200～239歳,225,2:39.01,,2,,2,佐藤洋子,,セ・成城,20.35,,,,,,,,,2:16.24,2:10.77,2:06.51,2/2
614,74,2023,5,14,短水路,チーム,17,4×50mメドレーリレー,女子,200～239歳,225,2:39.01,,3,,2,仲田久美子,,セ・成城,16.84,,,,,,,,,2:16.24,2:10.77,2:06.51,2/2
615,74,2023,5,14,短水路,チーム,17,4×50mメドレーリレー,女子,200～239歳,225,2:39.01,,4,,2,大川晴美,,セ・成城,16.03,,,,,,,,,2:16.24,2:10.77,2:06.51,2/2
616,74,2023,5,14,短水路,チーム,17,4×50mメドレーリレー,女子,200～239歳,204,2:44.81,,1,,3,浅尾有香,,セ・大森,17.96,,,,,,,,,2:16.24,2:10.77,2:06.51,1/8
617,74,2023,5,14,短水路,チーム,17,4×50mメドレーリレー,女子,200～239歳,204,2:44.81,,2,,3,石井佐和子,,セ・大森,21.64,,,,,,,,,2:16.24,2:10.77,2:06.51,1/8
618,74,2023,5,14,短水路,チーム,17,4×50mメドレーリレー,女子,200～239歳,204,2:44.81,,3,,3,大竹昌子,,セ・大森,18.90,,,,,,,,,2:16.24,2:10.77,2:06.51,1/8
619,74,2023,5,14,短水路,チーム,17,4×50mメドレーリレー,女子,200～239歳,204,2:44.81,,4,,3,立石由美子,,セ・大森,19.58,,,,,,,,,2:16.24,2:10.77,2:06.51,1/8
620,74,2023,5,14,短水路,チーム,17,4×50mメドレーリレー,女子,200～239歳,201,2:52.01,,1,,4,川村佳代子,,セ・二俣川,19.40,,,,,,,,,2:16.24,2:10.77,2:06.51,2/1
621,74,2023,5,14,短水路,チーム,17,4×50mメドレーリレー,女子,200～239歳,201,2:52.01,,2,,4,松川律子,,セ・二俣川,26.06,,,,,,,,,2:16.24,2:10.77,2:06.51,2/1
622,74,2023,5,14,短水路,チーム,17,4×50mメドレーリレー,女子,200～239歳,201,2:52.01,,3,,4,吉池奈々,,セ・二俣川,19.62,,,,,,,,,2:16.24,2:10.77,2:06.51,2/1
623,74,2023,5,14,短水路,チーム,17,4×50mメドレーリレー,女子,200～239歳,201,2:52.01,,4,,4,草野茜,,セ・二俣川,16.37,,,,,,,,,2:16.24,2:10.77,2:06.51,2/1
624,74,2023,5,14,短水路,チーム,17,4×50mメドレーリレー,女子,160～199歳,198,2:23.46,,1,,1,鎌田和代,,セ・千葉みなと,19.49,,,,,,,,,2:17.54,2:03.16,2:00.84,2/4
625,74,2023,5,14,短水路,チーム,17,4×50mメドレーリレー,女子,160～199歳,198,2:23.46,,2,,1,片岡祥子,,セ・千葉みなと,16.51,,,,,,,,,2:17.54,2:03.16,2:00.84,2/4
626,74,2023,5,14,短水路,チーム,17,4×50mメドレーリレー,女子,160～199歳,198,2:23.46,,3,,1,年岡仁美,,セ・千葉みなと,16.33,,,,,,,,,2:17.54,2:03.16,2:00.84,2/4
627,74,2023,5,14,短水路,チーム,17,4×50mメドレーリレー,女子,160～199歳,198,2:23.46,,4,,1,小谷佐織,,セ・千葉みなと,15.86,,,,,,,,,2:17.54,2:03.16,2:00.84,2/4
628,74,2023,5,14,短水路,チーム,17,4×50mメドレーリレー,女子,160～199歳,189,2:49.11,,1,,2,大橋ほづ美,,セ・清瀬,19.26,,,,,,,,,2:17.54,2:03.16,2:00.84,2/5
629,74,2023,5,14,短水路,チーム,17,4×50mメドレーリレー,女子,160～199歳,189,2:49.11,,2,,2,多田美帆,,セ・清瀬,27.18,,,,,,,,,2:17.54,2:03.16,2:00.84,2/5
630,74,2023,5,14,短水路,チーム,17,4×50mメドレーリレー,女子,160～199歳,189,2:49.11,,3,,2,山岡香織,,セ・清瀬,18.11,,,,,,,,,2:17.54,2:03.16,2:00.84,2/5
631,74,2023,5,14,短水路,チーム,17,4×50mメドレーリレー,女子,160～199歳,189,2:49.11,,4,,2,大黒明日香,,セ・清瀬,15.28,,,,,,,,,2:17.54,2:03.16,2:00.84,2/5
632,74,2023,5,14,短水路,チーム,17,4×50mメドレーリレー,女子,120～159歳,140,2:16.14,,1,,1,嶋田菜々子,,セ・おおたか,17.07,,,,,,,,,2:14.40,1:54.21,1:54.21,2/6
633,74,2023,5,14,短水路,チーム,17,4×50mメドレーリレー,女子,120～159歳,140,2:16.14,,2,,1,中村可奈子,,セ・おおたか,18.56,,,,,,,,,2:14.40,1:54.21,1:54.21,2/6
634,74,2023,5,14,短水路,チーム,17,4×50mメドレーリレー,女子,120～159歳,140,2:16.14,,3,,1,君島凜香,,セ・おおたか,13.51,,,,,,,,,2:14.40,1:54.21,1:54.21,2/6
635,74,2023,5,14,短水路,チーム,17,4×50mメドレーリレー,女子,120～159歳,140,2:16.14,,4,,1,柳有美子,,セ・おおたか,15.82,,,,,,,,,2:14.40,1:54.21,1:54.21,2/6
636,74,2023,5,14,短水路,チーム,17,4×50mメドレーリレー,女子,120～159歳,129,2:16.30,,1,,2,仲田笑美,,セ・成城,16.57,,,,,,,,,2:14.40,1:54.21,1:54.21,2/7
637,74,2023,5,14,短水路,チーム,17,4×50mメドレーリレー,女子,120～159歳,129,2:16.30,,2,,2,羽田文,,セ・成城,18.88,,,,,,,,,2:14.40,1:54.21,1:54.21,2/7
638,74,2023,5,14,短水路,チーム,17,4×50mメドレーリレー,女子,120～159歳,129,2:16.30,,3,,2,広瀬幸音,,セ・成城,14.78,,,,,,,,,2:14.40,1:54.21,1:54.21,2/7
639,74,2023,5,14,短水路,チーム,17,4×50mメドレーリレー,女子,120～159歳,129,2:16.30,,4,,2,中畑眸,,セ・成城,14.36,,,,,,,,,2:14.40,1:54.21,1:54.21,2/7
640,74,2023,5,14,短水路,チーム,17,4×50mメドレーリレー,女子,72～119歳,99,2:24.40,,1,,1,松本彩花,,セ・二俣川,19.61,,,,,,,,,2:16.70,1:55.56,1:58.90,2/8
641,74,2023,5,14,短水路,チーム,17,4×50mメドレーリレー,女子,72～119歳,99,2:24.40,,2,,1,志賀菜々美,,セ・二俣川,17.71,,,,,,,,,2:16.70,1:55.56,1:58.90,2/8
642,74,2023,5,14,短水路,チーム,17,4×50mメドレーリレー,女子,72～119歳,99,2:24.40,,3,,1,岩倉柚,,セ・二俣川,14.87,,,,,,,,,2:16.70,1:55.56,1:58.90,2/8
643,74,2023,5,14,短水路,チーム,17,4×50mメドレーリレー,女子,72～119歳,99,2:24.40,,4,,1,深堀陽子,,セ・二俣川,16.01,,,,,,,,,2:16.70,1:55.56,1:58.90,2/8
644,74,2023,5,14,短水路,チーム,18,4×50mメドレーリレー,男子,240～279歳,242,2:25.30,,1,,1,吉村進,,セ・阿佐谷,21.49,,,,,,,,,1:56.54,1:56.54,1:54.15,1/3
645,74,2023,5,14,短水路,チーム,18,4×50mメドレーリレー,男子,240～279歳,242,2:25.30,,2,,1,北川貴義,,セ・阿佐谷,16.44,,,,,,,,,1:56.54,1:56.54,1:54.15,1/3
646,74,2023,5,14,短水路,チーム,18,4×50mメドレーリレー,男子,240～279歳,242,2:25.30,,3,,1,吉原一彦,,セ・阿佐谷,15.10,,,,,,,,,1:56.54,1:56.54,1:54.15,1/3
647,74,2023,5,14,短水路,チーム,18,4×50mメドレーリレー,男子,240～279歳,242,2:25.30,,4,,1,田村好弘,,セ・阿佐谷,15.98,,,,,,,,,1:56.54,1:56.54,1:54.15,1/3
648,74,2023,5,14,短水路,チーム,18,4×50mメドレーリレー,男子,240～279歳,243,2:26.99,,1,,2,大津信弘,,セ・越谷,19.71,,,,,,,,,1:56.54,1:56.54,1:54.15,1/2
649,74,2023,5,14,短水路,チーム,18,4×50mメドレーリレー,男子,240～279歳,243,2:26.99,,2,,2,安高祐三,,セ・越谷,20.69,,,,,,,,,1:56.54,1:56.54,1:54.15,1/2
650,74,2023,5,14,短水路,チーム,18,4×50mメドレーリレー,男子,240～279歳,243,2:26.99,,3,,2,坂野照雄,,セ・越谷,14.47,,,,,,,,,1:56.54,1:56.54,1:54.15,1/2
651,74,2023,5,14,短水路,チーム,18,4×50mメドレーリレー,男子,240～279歳,243,2:26.99,,4,,2,中村幸弘,,セ・越谷,14.49,,,,,,,,,1:56.54,1:56.54,1:54.15,1/2
652,74,2023,5,14,短水路,チーム,18,4×50mメドレーリレー,男子,240～279歳,248,2:37.64,,1,,3,水谷博之,,セ・二俣川,20.00,,,,,,,,,1:56.54,1:56.54,1:54.15,1/1
653,74,2023,5,14,短水路,チーム,18,4×50mメドレーリレー,男子,240～279歳,248,2:37.64,,2,,3,若島健二,,セ・二俣川,20.74,,,,,,,,,1:56.54,1:56.54,1:54.15,1/1
654,74,2023,5,14,短水路,チーム,18,4×50mメドレーリレー,男子,240～279歳,248,2:37.64,,3,,3,恒川直輝,,セ・二俣川,18.67,,,,,,,,,1:56.54,1:56.54,1:54.15,1/1
655,74,2023,5,14,短水路,チーム,18,4×50mメドレーリレー,男子,240～279歳,248,2:37.64,,4,,3,冨松実,,セ・二俣川,15.20,,,,,,,,,1:56.54,1:56.54,1:54.15,1/1
656,74,2023,5,14,短水路,チーム,18,4×50mメドレーリレー,男子,200～239歳,203,2:03.39,,1,,1,山岡拓馬,,セ・清瀬,13.59,,,,,,,,,1:52.43,1:48.40,1:48.40,2/2
657,74,2023,5,14,短水路,チーム,18,4×50mメドレーリレー,男子,200～239歳,203,2:03.39,,2,,1,小倉秀和,,セ・清瀬,16.05,,,,,,,,,1:52.43,1:48.40,1:48.40,2/2
658,74,2023,5,14,短水路,チーム,18,4×50mメドレーリレー,男子,200～239歳,203,2:03.39,,3,,1,村野雄太,,セ・清瀬,13.92,,,,,,,,,1:52.43,1:48.40,1:48.40,2/2
659,74,2023,5,14,短水路,チーム,18,4×50mメドレーリレー,男子,200～239歳,203,2:03.39,,4,,1,山田耕一,,セ・清瀬,14.77,,,,,,,,,1:52.43,1:48.40,1:48.40,2/2
660,74,2023,5,14,短水路,チーム,18,4×50mメドレーリレー,男子,200～239歳,216,2:09.76,,1,,2,羽田浩一,,セ・成城,17.03,,,,,,,,,1:52.43,1:48.40,1:48.40,1/4
661,74,2023,5,14,短水路,チーム,18,4×50mメドレーリレー,男子,200～239歳,216,2:09.76,,2,,2,石井龍,,セ・成城,15.99,,,,,,,,,1:52.43,1:48.40,1:48.40,1/4
662,74,2023,5,14,短水路,チーム,18,4×50mメドレーリレー,男子,200～239歳,216,2:09.76,,3,,2,井口暢彦,,セ・成城,12.32,,,,,,,,,1:52.43,1:48.40,1:48.40,1/4
663,74,2023,5,14,短水路,チーム,18,4×50mメドレーリレー,男子,200～239歳,216,2:09.76,,4,,2,若宮強,,セ・成城,16.24,,,,,,,,,1:52.43,1:48.40,1:48.40,1/4
664,74,2023,5,14,短水路,チーム,18,4×50mメドレーリレー,男子,200～239歳,200,2:15.60,,1,,3,渡辺保,,セ・二俣川,16.15,,,,,,,,,1:52.43,1:48.40,1:48.40,2/3
665,74,2023,5,14,短水路,チーム,18,4×50mメドレーリレー,男子,200～239歳,200,2:15.60,,2,,3,草野剛史,,セ・二俣川,19.53,,,,,,,,,1:52.43,1:48.40,1:48.40,2/3
666,74,2023,5,14,短水路,チーム,18,4×50mメドレーリレー,男子,200～239歳,200,2:15.60,,3,,3,堀川広祐,,セ・二俣川,32.33,,,,,,,,,1:52.43,1:48.40,1:48.40,2/3
667,74,2023,5,14,短水路,チーム,18,4×50mメドレーリレー,男子,200～239歳,200,2:15.60,,4,,3,石上智啓,,セ・二俣川,13.92,,,,,,,,,1:52.43,1:48.40,1:48.40,2/3
668,74,2023,5,14,短水路,チーム,18,4×50mメドレーリレー,男子,200～239歳,206,2:15.95,,1,,4,吉岡範人,,セ・市ヶ尾,18.13,,,,,,,,,1:52.43,1:48.40,1:48.40,1/5
669,74,2023,5,14,短水路,チーム,18,4×50mメドレーリレー,男子,200～239歳,206,2:15.95,,2,,4,祖川久茂,,セ・市ヶ尾,16.46,,,,,,,,,1:52.43,1:48.40,1:48.40,1/5
670,74,2023,5,14,短水路,チーム,18,4×50mメドレーリレー,男子,200～239歳,206,2:15.95,,3,,4,廣松伸一,,セ・市ヶ尾,15.03,,,,,,,,,1:52.43,1:48.40,1:48.40,1/5
671,74,2023,5,14,短水路,チーム,18,4×50mメドレーリレー,男子,200～239歳,206,2:15.95,,4,,4,塚越有宏,,セ・市ヶ尾,15.02,,,,,,,,,1:52.43,1:48.40,1:48.40,1/5
672,74,2023,5,14,短水路,チーム,18,4×50mメドレーリレー,男子,200～239歳,215,2:23.31,,1,,5,柏木治久,,セ・成瀬,23.34,,,,,,,,,1:52.43,1:48.40,1:48.40,1/6
673,74,2023,5,14,短水路,チーム,18,4×50mメドレーリレー,男子,200～239歳,215,2:23.31,,2,,5,藤田理,,セ・成瀬,15.47,,,,,,,,,1:52.43,1:48.40,1:48.40,1/6
674,74,2023,5,14,短水路,チーム,18,4×50mメドレーリレー,男子,200～239歳,215,2:23.31,,3,,5,石井将太,,セ・成瀬,13.45,,,,,,,,,1:52.43,1:48.40,1:48.40,1/6
675,74,2023,5,14,短水路,チーム,18,4×50mメドレーリレー,男子,200～239歳,215,2:23.31,,4,,5,金子謙一,,セ・成瀬,15.50,,,,,,,,,1:52.43,1:48.40,1:48.40,1/6
676,74,2023,5,14,短水路,チーム,18,4×50mメドレーリレー,男子,200～239歳,216,2:29.04,,1,,6,吉川重行,,セ・桶川北本,16.37,,,,,,,,,1:52.43,1:48.40,1:48.40,1/7
677,74,2023,5,14,短水路,チーム,18,4×50mメドレーリレー,男子,200～239歳,216,2:29.04,,2,,6,成瀬道治,,セ・桶川北本,22.75,,,,,,,,,1:52.43,1:48.40,1:48.40,1/7
678,74,2023,5,14,短水路,チーム,18,4×50mメドレーリレー,男子,200～239歳,216,2:29.04,,3,,6,原正敏,,セ・桶川北本,14.28,,,,,,,,,1:52.43,1:48.40,1:48.40,1/7
679,74,2023,5,14,短水路,チーム,18,4×50mメドレーリレー,男子,200～239歳,216,2:29.04,,4,,6,佐藤信弘,,セ・桶川北本,17.19,,,,,,,,,1:52.43,1:48.40,1:48.40,1/7
680,74,2023,5,14,短水路,チーム,18,4×50mメドレーリレー,男子,160～199歳,172,1:56.87,,1,,1,寺田貴洋,,セ・二俣川,14.25,,,,,,,,,1:48.85,1:42.91,1:42.91,2/4
681,74,2023,5,14,短水路,チーム,18,4×50mメドレーリレー,男子,160～199歳,172,1:56.87,,2,,1,関口義和,,セ・二俣川,15.17,,,,,,,,,1:48.85,1:42.91,1:42.91,2/4
682,74,2023,5,14,短水路,チーム,18,4×50mメドレーリレー,男子,160～199歳,172,1:56.87,,3,,1,永瀬知之,,セ・二俣川,13.10,,,,,,,,,1:48.85,1:42.91,1:42.91,2/4
683,74,2023,5,14,短水路,チーム,18,4×50mメドレーリレー,男子,160～199歳,172,1:56.87,,4,,1,酒井駿,,セ・二俣川,11.92,,,,,,,,,1:48.85,1:42.91,1:42.91,2/4
684,74,2023,5,14,短水路,チーム,18,4×50mメドレーリレー,男子,160～199歳,160,1:58.55,,1,,2,林辰典,,セ・阿佐谷,15.59,,,,,,,,,1:48.85,1:42.91,1:42.91,2/5
685,74,2023,5,14,短水路,チーム,18,4×50mメドレーリレー,男子,160～199歳,160,1:58.55,,2,,2,山賀竜馬,,セ・阿佐谷,14.26,,,,,,,,,1:48.85,1:42.91,1:42.91,2/5
686,74,2023,5,14,短水路,チーム,18,4×50mメドレーリレー,男子,160～199歳,160,1:58.55,,3,,2,佐野充,,セ・阿佐谷,12.73,,,,,,,,,1:48.85,1:42.91,1:42.91,2/5
687,74,2023,5,14,短水路,チーム,18,4×50mメドレーリレー,男子,160～199歳,160,1:58.55,,4,,2,和田亮,,セ・阿佐谷,13.42,,,,,,,,,1:48.85,1:42.91,1:42.91,2/5
688,74,2023,5,14,短水路,チーム,18,4×50mメドレーリレー,男子,160～199歳,188,2:09.47,,1,,3,森岳,,セ・目黒,13.43,,,,,,,,,1:48.85,1:42.91,1:42.91,2/6
689,74,2023,5,14,短水路,チーム,18,4×50mメドレーリレー,男子,160～199歳,188,2:09.47,,2,,3,兵藤鋭雄,,セ・目黒,18.38,,,,,,,,,1:48.85,1:42.91,1:42.91,2/6
690,74,2023,5,14,短水路,チーム,18,4×50mメドレーリレー,男子,160～199歳,188,2:09.47,,3,,3,藤田万之葉,,セ・目黒,16.37,,,,,,,,,1:48.85,1:42.91,1:42.91,2/6
691,74,2023,5,14,短水路,チーム,18,4×50mメドレーリレー,男子,160～199歳,188,2:09.47,,4,,3,椎本恭平,,セ・目黒,12.36,,,,,,,,,1:48.85,1:42.91,1:42.91,2/6
692,74,2023,5,14,短水路,チーム,18,4×50mメドレーリレー,男子,160～199歳,184,2:16.22,,1,,4,宮崎健,,セ・福生,16.33,,,,,,,,,1:48.85,1:42.91,1:42.91,2/7
693,74,2023,5,14,短水路,チーム,18,4×50mメドレーリレー,男子,160～199歳,184,2:16.22,,2,,4,大内貴史,,セ・福生,17.29,,,,,,,,,1:48.85,1:42.91,1:42.91,2/7
694,74,2023,5,14,短水路,チーム,18,4×50mメドレーリレー,男子,160～199歳,184,2:16.22,,3,,4,小田島丈典,,セ・福生,16.25,,,,,,,,,1:48.85,1:42.91,1:42.91,2/7
695,74,2023,5,14,短水路,チーム,18,4×50mメドレーリレー,男子,160～199歳,184,2:16.22,,4,,4,桐本兼輔,,セ・福生,13.83,,,,,,,,,1:48.85,1:42.91,1:42.91,2/7
696,74,2023,5,14,短水路,チーム,18,4×50mメドレーリレー,男子,120～159歳,159,1:49.82,,1,,1,鶴谷学,,セ・二俣川,13.82,,,,,,,,TRUE,1:51.14,1:38.46,1:38.46,3/4
697,74,2023,5,14,短水路,チーム,18,4×50mメドレーリレー,男子,120～159歳,159,1:49.82,,2,,1,知見邦彦,,セ・二俣川,13.95,,,,,,,,TRUE,1:51.14,1:38.46,1:38.46,3/4
698,74,2023,5,14,短水路,チーム,18,4×50mメドレーリレー,男子,120～159歳,159,1:49.82,,3,,1,前田康輔,,セ・二俣川,11.37,,,,,,,,TRUE,1:51.14,1:38.46,1:38.46,3/4
699,74,2023,5,14,短水路,チーム,18,4×50mメドレーリレー,男子,120～159歳,159,1:49.82,,4,,1,前田崇行,,セ・二俣川,12.23,,,,,,,,TRUE,1:51.14,1:38.46,1:38.46,3/4
700,74,2023,5,14,短水路,チーム,18,4×50mメドレーリレー,男子,120～159歳,143,1:54.26,,1,,2,棚網宏之,,セ・阿佐谷,14.66,,,,,,,,,1:51.14,1:38.46,1:38.46,3/5
701,74,2023,5,14,短水路,チーム,18,4×50mメドレーリレー,男子,120～159歳,143,1:54.26,,2,,2,津守陽介,,セ・阿佐谷,13.53,,,,,,,,,1:51.14,1:38.46,1:38.46,3/5
702,74,2023,5,14,短水路,チーム,18,4×50mメドレーリレー,男子,120～159歳,143,1:54.26,,3,,2,和田弘太郎,,セ・阿佐谷,12.26,,,,,,,,,1:51.14,1:38.46,1:38.46,3/5
703,74,2023,5,14,短水路,チーム,18,4×50mメドレーリレー,男子,120～159歳,143,1:54.26,,4,,2,吉原憲人,,セ・阿佐谷,12.66,,,,,,,,,1:51.14,1:38.46,1:38.46,3/5
704,74,2023,5,14,短水路,チーム,18,4×50mメドレーリレー,男子,120～159歳,125,2:01.67,,1,,3,室坂拓真,,セ・用賀,14.83,,,,,,,,,1:51.14,1:38.46,1:38.46,3/6
705,74,2023,5,14,短水路,チーム,18,4×50mメドレーリレー,男子,120～159歳,125,2:01.67,,2,,3,本城大輔,,セ・用賀,15.79,,,,,,,,,1:51.14,1:38.46,1:38.46,3/6
706,74,2023,5,14,短水路,チーム,18,4×50mメドレーリレー,男子,120～159歳,125,2:01.67,,3,,3,髙橋大輝,,セ・用賀,13.92,,,,,,,,,1:51.14,1:38.46,1:38.46,3/6
707,74,2023,5,14,短水路,チーム,18,4×50mメドレーリレー,男子,120～159歳,125,2:01.67,,4,,3,青木海斗,,セ・用賀,12.56,,,,,,,,,1:51.14,1:38.46,1:38.46,3/6
708,74,2023,5,14,短水路,チーム,18,4×50mメドレーリレー,男子,120～159歳,130,2:01.98,,1,,4,寺田遼太,,セ・天王洲,17.32,,,,,,,,,1:51.14,1:38.46,1:38.46,3/3
709,74,2023,5,14,短水路,チーム,18,4×50mメドレーリレー,男子,120～159歳,130,2:01.98,,2,,4,加間英貴,,セ・天王洲,14.39,,,,,,,,,1:51.14,1:38.46,1:38.46,3/3
710,74,2023,5,14,短水路,チーム,18,4×50mメドレーリレー,男子,120～159歳,130,2:01.98,,3,,4,小野健,,セ・天王洲,12.41,,,,,,,,,1:51.14,1:38.46,1:38.46,3/3
711,74,2023,5,14,短水路,チーム,18,4×50mメドレーリレー,男子,120～159歳,130,2:01.98,,4,,4,倉持公一,,セ・天王洲,13.19,,,,,,,,,1:51.14,1:38.46,1:38.46,3/3
712,74,2023,5,14,短水路,チーム,18,4×50mメドレーリレー,男子,120～159歳,151,2:14.24,,1,,5,北村洋一,,セ・大森,17.94,,,,,,,,,1:51.14,1:38.46,1:38.46,3/1
713,74,2023,5,14,短水路,チーム,18,4×50mメドレーリレー,男子,120～159歳,151,2:14.24,,2,,5,海老原健太,,セ・大森,16.66,,,,,,,,,1:51.14,1:38.46,1:38.46,3/1
714,74,2023,5,14,短水路,チーム,18,4×50mメドレーリレー,男子,120～159歳,151,2:14.24,,3,,5,小林弘典,,セ・大森,14.17,,,,,,,,,1:51.14,1:38.46,1:38.46,3/1
715,74,2023,5,14,短水路,チーム,18,4×50mメドレーリレー,男子,120～159歳,151,2:14.24,,4,,5,石井僚,,セ・大森,13.78,,,,,,,,,1:51.14,1:38.46,1:38.46,3/1
716,74,2023,5,14,短水路,チーム,18,4×50mメドレーリレー,男子,120～159歳,157,2:15.62,,1,,6,石井翔真,,セ・成城,16.04,,,,,,,,,1:51.14,1:38.46,1:38.46,3/2
717,74,2023,5,14,短水路,チーム,18,4×50mメドレーリレー,男子,120～159歳,157,2:15.62,,2,,6,村上守,,セ・成城,16.00,,,,,,,,,1:51.14,1:38.46,1:38.46,3/2
718,74,2023,5,14,短水路,チーム,18,4×50mメドレーリレー,男子,120～159歳,157,2:15.62,,3,,6,髙梨大樹,,セ・成城,13.53,,,,,,,,,1:51.14,1:38.46,1:38.46,3/2
719,74,2023,5,14,短水路,チーム,18,4×50mメドレーリレー,男子,120～159歳,157,2:15.62,,4,,6,浦田昌和,,セ・成城,17.58,,,,,,,,,1:51.14,1:38.46,1:38.46,3/2
720,74,2023,5,14,短水路,チーム,18,4×50mメドレーリレー,男子,72～119歳,84,1:55.29,,1,,1,田中啓二朗,,セ・二俣川,14.51,,,,,,,,,1:44.49,1:40.22,1:38.97,3/7
721,74,2023,5,14,短水路,チーム,18,4×50mメドレーリレー,男子,72～119歳,84,1:55.29,,1,,1,内田空良,,セ・二俣川,13.67,,,,,,,,,1:44.49,1:40.22,1:38.97,3/7
722,74,2023,5,14,短水路,チーム,18,4×50mメドレーリレー,男子,72～119歳,84,1:55.29,,2,,1,田中壮一郎,,セ・二俣川,15.36,,,,,,,,,1:44.49,1:40.22,1:38.97,3/7
723,74,2023,5,14,短水路,チーム,18,4×50mメドレーリレー,男子,72～119歳,84,1:55.29,,2,,1,竹下翔,,セ・二俣川,,,,,,,,,,1:44.49,1:40.22,1:38.97,3/7
724,74,2023,5,14,短水路,チーム,18,4×50mメドレーリレー,男子,72～119歳,84,1:55.29,,3,,1,山﨑陸真,,セ・二俣川,12.92,,,,,,,,,1:44.49,1:40.22,1:38.97,3/7
725,74,2023,5,14,短水路,チーム,18,4×50mメドレーリレー,男子,72～119歳,84,1:55.29,,3,,1,村田雅治,,セ・二俣川,,,,,,,,,,1:44.49,1:40.22,1:38.97,3/7
726,74,2023,5,14,短水路,チーム,18,4×50mメドレーリレー,男子,72～119歳,84,1:55.29,,4,,1,秋澤裕介,,セ・二俣川,11.80,,,,,,,,,1:44.49,1:40.22,1:38.97,3/7
727,74,2023,5,14,短水路,チーム,18,4×50mメドレーリレー,男子,72～119歳,84,1:55.29,,4,,1,矢作歩,,セ・二俣川,,,,,,,,,,1:44.49,1:40.22,1:38.97,3/7
728,74,2023,5,14,短水路,チーム,19,4×50mフリーリレー,女子,280～319歳,287,2:53.69,,1,,1,市野克子,,セ・大森,20.37,,,,,,,,,2:45.14,2:25.91,2:20.64,1/2
729,74,2023,5,14,短水路,チーム,19,4×50mフリーリレー,女子,280～319歳,287,2:53.69,,2,,1,藤井一恵,,セ・大森,22.53,,,,,,,,,2:45.14,2:25.91,2:20.64,1/2
730,74,2023,5,14,短水路,チーム,19,4×50mフリーリレー,女子,280～319歳,287,2:53.69,,3,,1,室谷晴江,,セ・大森,20.52,,,,,,,,,2:45.14,2:25.91,2:20.64,1/2
731,74,2023,5,14,短水路,チーム,19,4×50mフリーリレー,女子,280～319歳,287,2:53.69,,4,,1,井上美佐子,,セ・大森,19.31,,,,,,,,,2:45.14,2:25.91,2:20.64,1/2
732,74,2023,5,14,短水路,チーム,19,4×50mフリーリレー,女子,280～319歳,280,3:01.78,,1,,2,後藤明美,,セ・天王洲,20.17,,,,,,,,,2:45.14,2:25.91,2:20.64,1/1
733,74,2023,5,14,短水路,チーム,19,4×50mフリーリレー,女子,280～319歳,280,3:01.78,,2,,2,梅田栄己子,,セ・天王洲,19.82,,,,,,,,,2:45.14,2:25.91,2:20.64,1/1
734,74,2023,5,14,短水路,チーム,19,4×50mフリーリレー,女子,280～319歳,280,3:01.78,,3,,2,寺西寿賀子,,セ・天王洲,27.45,,,,,,,,,2:45.14,2:25.91,2:20.64,1/1
735,74,2023,5,14,短水路,チーム,19,4×50mフリーリレー,女子,280～319歳,280,3:01.78,,4,,2,浅野みどり,,セ・天王洲,18.16,,,,,,,,,2:45.14,2:25.91,2:20.64,1/1
736,74,2023,5,14,短水路,チーム,19,4×50mフリーリレー,女子,240～279歳,240,2:21.86,,1,,1,永瀬秀子,,セ・二俣川,15.71,,,,,,,,TRUE,2:28.33,2:11.34,2:02.15,2/2
737,74,2023,5,14,短水路,チーム,19,4×50mフリーリレー,女子,240～279歳,240,2:21.86,,2,,1,盛田真規子,,セ・二俣川,19.50,,,,,,,,TRUE,2:28.33,2:11.34,2:02.15,2/2
738,74,2023,5,14,短水路,チーム,19,4×50mフリーリレー,女子,240～279歳,240,2:21.86,,3,,1,武井麻知子,,セ・二俣川,17.55,,,,,,,,TRUE,2:28.33,2:11.34,2:02.15,2/2
739,74,2023,5,14,短水路,チーム,19,4×50mフリーリレー,女子,240～279歳,240,2:21.86,,4,,1,鈴木亜抄子,,セ・二俣川,15.55,,,,,,,,TRUE,2:28.33,2:11.34,2:02.15,2/2
740,74,2023,5,14,短水路,チーム,19,4×50mフリーリレー,女子,240～279歳,240,2:21.94,,1,,2,勝間田周子,,セ・湘南ＬＴ,15.55,,,,,,,,TRUE,2:28.33,2:11.34,2:02.15,2/1
741,74,2023,5,14,短水路,チーム,19,4×50mフリーリレー,女子,240～279歳,240,2:21.94,,2,,2,荒井澄子,,セ・湘南ＬＴ,18.24,,,,,,,,TRUE,2:28.33,2:11.34,2:02.15,2/1
742,74,2023,5,14,短水路,チーム,19,4×50mフリーリレー,女子,240～279歳,240,2:21.94,,3,,2,酒井香澄,,セ・湘南ＬＴ,17.94,,,,,,,,TRUE,2:28.33,2:11.34,2:02.15,2/1
743,74,2023,5,14,短水路,チーム,19,4×50mフリーリレー,女子,240～279歳,240,2:21.94,,4,,2,筍田智津子,,セ・湘南ＬＴ,16.27,,,,,,,,TRUE,2:28.33,2:11.34,2:02.15,2/1
744,74,2023,5,14,短水路,チーム,19,4×50mフリーリレー,女子,240～279歳,253,2:23.96,,1,,3,菅野泰子,,セ・松戸,16.82,,,,,,,,TRUE,2:28.33,2:11.34,2:02.15,1/4
745,74,2023,5,14,短水路,チーム,19,4×50mフリーリレー,女子,240～279歳,253,2:23.96,,2,,3,髙橋圭,,セ・松戸,15.87,,,,,,,,TRUE,2:28.33,2:11.34,2:02.15,1/4
746,74,2023,5,14,短水路,チーム,19,4×50mフリーリレー,女子,240～279歳,253,2:23.96,,3,,3,青木華世子,,セ・松戸,18.15,,,,,,,,TRUE,2:28.33,2:11.34,2:02.15,1/4
747,74,2023,5,14,短水路,チーム,19,4×50mフリーリレー,女子,240～279歳,253,2:23.96,,4,,3,武政ふく,,セ・松戸,18.34,,,,,,,,TRUE,2:28.33,2:11.34,2:02.15,1/4
748,74,2023,5,14,短水路,チーム,19,4×50mフリーリレー,女子,240～279歳,249,2:37.83,,1,,4,中平信子,,セ・成瀬,19.27,,,,,,,,,2:28.33,2:11.34,2:02.15,1/5
749,74,2023,5,14,短水路,チーム,19,4×50mフリーリレー,女子,240～279歳,249,2:37.83,,2,,4,米澤美智子,,セ・成瀬,19.13,,,,,,,,,2:28.33,2:11.34,2:02.15,1/5
750,74,2023,5,14,短水路,チーム,19,4×50mフリーリレー,女子,240～279歳,249,2:37.83,,3,,4,久松葉子,,セ・成瀬,20.28,,,,,,,,,2:28.33,2:11.34,2:02.15,1/5
751,74,2023,5,14,短水路,チーム,19,4×50mフリーリレー,女子,240～279歳,249,2:37.83,,4,,4,兵頭和子,,セ・成瀬,16.08,,,,,,,,,2:28.33,2:11.34,2:02.15,1/5
752,74,2023,5,14,短水路,チーム,19,4×50mフリーリレー,女子,240～279歳,253,2:38.70,,1,,5,田代慎理子,,セ・成城,18.71,,,,,,,,,2:28.33,2:11.34,2:02.15,1/3
753,74,2023,5,14,短水路,チーム,19,4×50mフリーリレー,女子,240～279歳,253,2:38.70,,2,,5,伊藤ゆかり,,セ・成城,17.61,,,,,,,,,2:28.33,2:11.34,2:02.15,1/3
754,74,2023,5,14,短水路,チーム,19,4×50mフリーリレー,女子,240～279歳,253,2:38.70,,3,,5,草森理子,,セ・成城,19.13,,,,,,,,,2:28.33,2:11.34,2:02.15,1/3
755,74,2023,5,14,短水路,チーム,19,4×50mフリーリレー,女子,240～279歳,253,2:38.70,,4,,5,髙梨美樹,,セ・成城,18.68,,,,,,,,,2:28.33,2:11.34,2:02.15,1/3
756,74,2023,5,14,短水路,チーム,19,4×50mフリーリレー,女子,240～279歳,248,2:44.42,,1,,6,山本由起子,,セ・南千住,19.17,,,,,,,,,2:28.33,2:11.34,2:02.15,1/6
757,74,2023,5,14,短水路,チーム,19,4×50mフリーリレー,女子,240～279歳,248,2:44.42,,2,,6,石﨑節代,,セ・南千住,21.96,,,,,,,,,2:28.33,2:11.34,2:02.15,1/6
758,74,2023,5,14,短水路,チーム,19,4×50mフリーリレー,女子,240～279歳,248,2:44.42,,3,,6,古宇田淳子,,セ・南千住,20.84,,,,,,,,,2:28.33,2:11.34,2:02.15,1/6
759,74,2023,5,14,短水路,チーム,19,4×50mフリーリレー,女子,240～279歳,248,2:44.42,,4,,6,杉本浩美,,セ・南千住,15.80,,,,,,,,,2:28.33,2:11.34,2:02.15,1/6
760,74,2023,5,14,短水路,チーム,19,4×50mフリーリレー,女子,240～279歳,262,3:10.24,,1,,7,近藤みゆき,,セ・阿佐谷,23.57,,,,,,,,,2:28.33,2:11.34,2:02.15,1/7
761,74,2023,5,14,短水路,チーム,19,4×50mフリーリレー,女子,240～279歳,262,3:10.24,,2,,7,渡邉登美子,,セ・阿佐谷,25.63,,,,,,,,,2:28.33,2:11.34,2:02.15,1/7
762,74,2023,5,14,短水路,チーム,19,4×50mフリーリレー,女子,240～279歳,262,3:10.24,,3,,7,三嶋祐子,,セ・阿佐谷,22.13,,,,,,,,,2:28.33,2:11.34,2:02.15,1/7
763,74,2023,5,14,短水路,チーム,19,4×50mフリーリレー,女子,240～279歳,262,3:10.24,,4,,7,宮田ひとみ,,セ・阿佐谷,20.09,,,,,,,,,2:28.33,2:11.34,2:02.15,1/7
764,74,2023,5,14,短水路,チーム,19,4×50mフリーリレー,女子,200～239歳,205,2:14.02,,1,,1,大川晴美,,セ・成城,16.32,,,,,,,,TRUE,2:16.81,1:56.08,1:54.26,2/5
765,74,2023,5,14,短水路,チーム,19,4×50mフリーリレー,女子,200～239歳,205,2:14.02,,2,,1,仲田久美子,,セ・成城,16.58,,,,,,,,TRUE,2:16.81,1:56.08,1:54.26,2/5
766,74,2023,5,14,短水路,チーム,19,4×50mフリーリレー,女子,200～239歳,205,2:14.02,,3,,1,羽田文,,セ・成城,15.08,,,,,,,,TRUE,2:16.81,1:56.08,1:54.26,2/5
767,74,2023,5,14,短水路,チーム,19,4×50mフリーリレー,女子,200～239歳,205,2:14.02,,4,,1,森直子,,セ・成城,16.91,,,,,,,,TRUE,2:16.81,1:56.08,1:54.26,2/5
768,74,2023,5,14,短水路,チーム,19,4×50mフリーリレー,女子,200～239歳,206,2:15.14,,1,,2,吉原望美,,セ・阿佐谷,14.85,,,,,,,,TRUE,2:16.81,1:56.08,1:54.26,2/4
769,74,2023,5,14,短水路,チーム,19,4×50mフリーリレー,女子,200～239歳,206,2:15.14,,2,,2,遠藤真理,,セ・阿佐谷,15.98,,,,,,,,TRUE,2:16.81,1:56.08,1:54.26,2/4
770,74,2023,5,14,短水路,チーム,19,4×50mフリーリレー,女子,200～239歳,206,2:15.14,,3,,2,野島正代,,セ・阿佐谷,17.89,,,,,,,,TRUE,2:16.81,1:56.08,1:54.26,2/4
771,74,2023,5,14,短水路,チーム,19,4×50mフリーリレー,女子,200～239歳,206,2:15.14,,4,,2,石原なおみ,,セ・阿佐谷,16.70,,,,,,,,TRUE,2:16.81,1:56.08,1:54.26,2/4
772,74,2023,5,14,短水路,チーム,19,4×50mフリーリレー,女子,200～239歳,202,2:23.82,,1,,3,羽山恵津子,,セ・葛西,17.32,,,,,,,,,2:16.81,1:56.08,1:54.26,2/6
773,74,2023,5,14,短水路,チーム,19,4×50mフリーリレー,女子,200～239歳,202,2:23.82,,2,,3,髙橋奈津子,,セ・葛西,18.84,,,,,,,,,2:16.81,1:56.08,1:54.26,2/6
774,74,2023,5,14,短水路,チーム,19,4×50mフリーリレー,女子,200～239歳,202,2:23.82,,3,,3,嶋谷いずみ,,セ・葛西,18.85,,,,,,,,,2:16.81,1:56.08,1:54.26,2/6
775,74,2023,5,14,短水路,チーム,19,4×50mフリーリレー,女子,200～239歳,202,2:23.82,,4,,3,原田佳子,,セ・葛西,15.09,,,,,,,,,2:16.81,1:56.08,1:54.26,2/6
776,74,2023,5,14,短水路,チーム,19,4×50mフリーリレー,女子,200～239歳,215,2:28.96,,1,,4,吉池奈々,,セ・二俣川,17.45,,,,,,,,,2:16.81,1:56.08,1:54.26,2/3
777,74,2023,5,14,短水路,チーム,19,4×50mフリーリレー,女子,200～239歳,215,2:28.96,,2,,4,松川律子,,セ・二俣川,17.66,,,,,,,,,2:16.81,1:56.08,1:54.26,2/3
778,74,2023,5,14,短水路,チーム,19,4×50mフリーリレー,女子,200～239歳,215,2:28.96,,3,,4,古谷幸代,,セ・二俣川,19.88,,,,,,,,,2:16.81,1:56.08,1:54.26,2/3
779,74,2023,5,14,短水路,チーム,19,4×50mフリーリレー,女子,200～239歳,215,2:28.96,,4,,4,川村佳代子,,セ・二俣川,16.91,,,,,,,,,2:16.81,1:56.08,1:54.26,2/3
780,74,2023,5,14,短水路,チーム,19,4×50mフリーリレー,女子,200～239歳,220,2:41.65,,1,,5,吉岡智子,,セ・新都心,18.00,,,,,,,,,2:16.81,1:56.08,1:54.26,2/8
781,74,2023,5,14,短水路,チーム,19,4×50mフリーリレー,女子,200～239歳,220,2:41.65,,2,,5,加藤雅弓,,セ・新都心,19.46,,,,,,,,,2:16.81,1:56.08,1:54.26,2/8
782,74,2023,5,14,短水路,チーム,19,4×50mフリーリレー,女子,200～239歳,220,2:41.65,,3,,5,鯨井智子,,セ・新都心,22.83,,,,,,,,,2:16.81,1:56.08,1:54.26,2/8
783,74,2023,5,14,短水路,チーム,19,4×50mフリーリレー,女子,200～239歳,220,2:41.65,,4,,5,仲津真規子,,セ・新都心,15.08,,,,,,,,,2:16.81,1:56.08,1:54.26,2/8
784,74,2023,5,14,短水路,チーム,19,4×50mフリーリレー,女子,200～239歳,223,2:55.60,,1,,6,小林名緒子,,セ・大森,20.81,,,,,,,,,2:16.81,1:56.08,1:54.26,2/7
785,74,2023,5,14,短水路,チーム,19,4×50mフリーリレー,女子,200～239歳,223,2:55.60,,2,,6,森信子,,セ・大森,21.07,,,,,,,,,2:16.81,1:56.08,1:54.26,2/7
786,74,2023,5,14,短水路,チーム,19,4×50mフリーリレー,女子,200～239歳,223,2:55.60,,3,,6,釘井美奈子,,セ・大森,20.09,,,,,,,,,2:16.81,1:56.08,1:54.26,2/7
787,74,2023,5,14,短水路,チーム,19,4×50mフリーリレー,女子,200～239歳,223,2:55.60,,4,,6,桐沢ひとみ,,セ・大森,21.15,,,,,,,,,2:16.81,1:56.08,1:54.26,2/7
788,74,2023,5,14,短水路,チーム,19,4×50mフリーリレー,女子,160～199歳,166,2:09.23,,1,,1,舘野美香,,セ・目黒,13.94,,,,,,,,,2:01.81,1:52.49,1:47.58,3/2
789,74,2023,5,14,短水路,チーム,19,4×50mフリーリレー,女子,160～199歳,166,2:09.23,,2,,1,水上真衣,,セ・目黒,17.00,,,,,,,,,2:01.81,1:52.49,1:47.58,3/2
790,74,2023,5,14,短水路,チーム,19,4×50mフリーリレー,女子,160～199歳,166,2:09.23,,3,,1,池田智子,,セ・目黒,17.02,,,,,,,,,2:01.81,1:52.49,1:47.58,3/2
791,74,2023,5,14,短水路,チーム,19,4×50mフリーリレー,女子,160～199歳,166,2:09.23,,4,,1,菊地美春,,セ・目黒,14.87,,,,,,,,,2:01.81,1:52.49,1:47.58,3/2
792,74,2023,5,14,短水路,チーム,19,4×50mフリーリレー,女子,120～159歳,140,2:04.44,,1,,1,嶋田菜々子,,セ・おおたか,14.63,,,,,,,,,1:57.39,1:48.99,1:44.88,3/4
793,74,2023,5,14,短水路,チーム,19,4×50mフリーリレー,女子,120～159歳,140,2:04.44,,2,,1,中村可奈子,,セ・おおたか,16.12,,,,,,,,,1:57.39,1:48.99,1:44.88,3/4
794,74,2023,5,14,短水路,チーム,19,4×50mフリーリレー,女子,120～159歳,140,2:04.44,,3,,1,君島凜香,,セ・おおたか,14.07,,,,,,,,,1:57.39,1:48.99,1:44.88,3/4
795,74,2023,5,14,短水路,チーム,19,4×50mフリーリレー,女子,120～159歳,140,2:04.44,,4,,1,柳有美子,,セ・おおたか,15.65,,,,,,,,,1:57.39,1:48.99,1:44.88,3/4
796,74,2023,5,14,短水路,チーム,19,4×50mフリーリレー,女子,120～159歳,154,2:09.98,,1,,2,長瀬涼佳,,セ・二俣川,15.31,,,,,,,,,1:57.39,1:48.99,1:44.88,3/5
797,74,2023,5,14,短水路,チーム,19,4×50mフリーリレー,女子,120～159歳,154,2:09.98,,2,,2,日吉麻夏,,セ・二俣川,14.32,,,,,,,,,1:57.39,1:48.99,1:44.88,3/5
798,74,2023,5,14,短水路,チーム,19,4×50mフリーリレー,女子,120～159歳,154,2:09.98,,3,,2,草野茜,,セ・二俣川,16.57,,,,,,,,,1:57.39,1:48.99,1:44.88,3/5
799,74,2023,5,14,短水路,チーム,19,4×50mフリーリレー,女子,120～159歳,154,2:09.98,,4,,2,渋屋由香里,,セ・二俣川,16.38,,,,,,,,,1:57.39,1:48.99,1:44.88,3/5
800,74,2023,5,14,短水路,チーム,19,4×50mフリーリレー,女子,120～159歳,148,2:16.67,,1,,3,吉村華余,,セ・長津田,13.94,,,,,,,,,1:57.39,1:48.99,1:44.88,3/3
801,74,2023,5,14,短水路,チーム,19,4×50mフリーリレー,女子,120～159歳,148,2:16.67,,2,,3,宍戸萌,,セ・長津田,13.88,,,,,,,,,1:57.39,1:48.99,1:44.88,3/3
802,74,2023,5,14,短水路,チーム,19,4×50mフリーリレー,女子,120～159歳,148,2:16.67,,3,,3,久保かおり,,セ・長津田,17.90,,,,,,,,,1:57.39,1:48.99,1:44.88,3/3
803,74,2023,5,14,短水路,チーム,19,4×50mフリーリレー,女子,120～159歳,148,2:16.67,,4,,3,久保美由紀,,セ・長津田,19.29,,,,,,,,,1:57.39,1:48.99,1:44.88,3/3
804,74,2023,5,14,短水路,チーム,19,4×50mフリーリレー,女子,72～119歳,99,2:04.69,,1,,1,志賀菜々美,,セ・二俣川,14.57,,,,,,,,,1:55.86,1:44.52,1:45.93,3/6
805,74,2023,5,14,短水路,チーム,19,4×50mフリーリレー,女子,72～119歳,99,2:04.69,,2,,1,松本彩花,,セ・二俣川,15.52,,,,,,,,,1:55.86,1:44.52,1:45.93,3/6
806,74,2023,5,14,短水路,チーム,19,4×50mフリーリレー,女子,72～119歳,99,2:04.69,,3,,1,深堀陽子,,セ・二俣川,16.30,,,,,,,,,1:55.86,1:44.52,1:45.93,3/6
807,74,2023,5,14,短水路,チーム,19,4×50mフリーリレー,女子,72～119歳,99,2:04.69,,4,,1,岩倉柚,,セ・二俣川,14.47,,,,,,,,,1:55.86,1:44.52,1:45.93,3/6
808,74,2023,5,14,短水路,チーム,20,4×50mフリーリレー,男子,280～319歳,289,2:35.12,,1,,1,山梨英克,,セ・我孫子,17.12,,,,,,,,TRUE,2:51.92,2:02.07,1:54.44,1/3
809,74,2023,5,14,短水路,チーム,20,4×50mフリーリレー,男子,280～319歳,289,2:35.12,,2,,1,益々正人,,セ・我孫子,19.39,,,,,,,,TRUE,2:51.92,2:02.07,1:54.44,1/3
810,74,2023,5,14,短水路,チーム,20,4×50mフリーリレー,男子,280～319歳,289,2:35.12,,3,,1,佐々木侑,,セ・我孫子,21.01,,,,,,,,TRUE,2:51.92,2:02.07,1:54.44,1/3
811,74,2023,5,14,短水路,チーム,20,4×50mフリーリレー,男子,280～319歳,289,2:35.12,,4,,1,鈴木幹男,,セ・我孫子,17.10,,,,,,,,TRUE,2:51.92,2:02.07,1:54.44,1/3
812,74,2023,5,14,短水路,チーム,20,4×50mフリーリレー,男子,280～319歳,284,2:52.65,,1,,2,山本勝,,セ・慶應日吉,18.50,,,,,,,,,2:51.92,2:02.07,1:54.44,1/2
813,74,2023,5,14,短水路,チーム,20,4×50mフリーリレー,男子,280～319歳,284,2:52.65,,2,,2,泉保央,,セ・慶應日吉,21.13,,,,,,,,,2:51.92,2:02.07,1:54.44,1/2
814,74,2023,5,14,短水路,チーム,20,4×50mフリーリレー,男子,280～319歳,284,2:52.65,,3,,2,小田稔,,セ・慶應日吉,23.22,,,,,,,,,2:51.92,2:02.07,1:54.44,1/2
815,74,2023,5,14,短水路,チーム,20,4×50mフリーリレー,男子,280～319歳,284,2:52.65,,4,,2,堀越雅之,,セ・慶應日吉,18.12,,,,,,,,,2:51.92,2:02.07,1:54.44,1/2
816,74,2023,5,14,短水路,チーム,20,4×50mフリーリレー,男子,240～279歳,242,2:05.19,,1,,1,北川貴義,,セ・阿佐谷,13.55,,,,,,,,,1:49.01,1:49.01,1:43.21,1/4
817,74,2023,5,14,短水路,チーム,20,4×50mフリーリレー,男子,240～279歳,242,2:05.19,,2,,1,吉村進,,セ・阿佐谷,16.75,,,,,,,,,1:49.01,1:49.01,1:43.21,1/4
818,74,2023,5,14,短水路,チーム,20,4×50mフリーリレー,男子,240～279歳,242,2:05.19,,3,,1,田村好弘,,セ・阿佐谷,15.80,,,,,,,,,1:49.01,1:49.01,1:43.21,1/4
819,74,2023,5,14,短水路,チーム,20,4×50mフリーリレー,男子,240～279歳,242,2:05.19,,4,,1,吉原一彦,,セ・阿佐谷,14.46,,,,,,,,,1:49.01,1:49.01,1:43.21,1/4
820,74,2023,5,14,短水路,チーム,20,4×50mフリーリレー,男子,240～279歳,245,2:06.30,,1,,2,冨松実,,セ・二俣川,14.76,,,,,,,,,1:49.01,1:49.01,1:43.21,1/6
821,74,2023,5,14,短水路,チーム,20,4×50mフリーリレー,男子,240～279歳,245,2:06.30,,2,,2,水谷博之,,セ・二俣川,15.78,,,,,,,,,1:49.01,1:49.01,1:43.21,1/6
822,74,2023,5,14,短水路,チーム,20,4×50mフリーリレー,男子,240～279歳,245,2:06.30,,3,,2,関口義和,,セ・二俣川,14.00,,,,,,,,,1:49.01,1:49.01,1:43.21,1/6
823,74,2023,5,14,短水路,チーム,20,4×50mフリーリレー,男子,240～279歳,245,2:06.30,,4,,2,若島健二,,セ・二俣川,16.75,,,,,,,,,1:49.01,1:49.01,1:43.21,1/6
824,74,2023,5,14,短水路,チーム,20,4×50mフリーリレー,男子,240～279歳,250,2:20.94,,1,,3,若宮強,,セ・成城,16.62,,,,,,,,,1:49.01,1:49.01,1:43.21,1/5
825,74,2023,5,14,短水路,チーム,20,4×50mフリーリレー,男子,240～279歳,250,2:20.94,,2,,3,松下達一,,セ・成城,18.77,,,,,,,,,1:49.01,1:49.01,1:43.21,1/5
826,74,2023,5,14,短水路,チーム,20,4×50mフリーリレー,男子,240～279歳,250,2:20.94,,3,,3,浦田昌和,,セ・成城,18.07,,,,,,,,,1:49.01,1:49.01,1:43.21,1/5
827,74,2023,5,14,短水路,チーム,20,4×50mフリーリレー,男子,240～279歳,250,2:20.94,,4,,3,石井龍,,セ・成城,13.38,,,,,,,,,1:49.01,1:49.01,1:43.21,1/5
828,74,2023,5,14,短水路,チーム,20,4×50mフリーリレー,男子,240～279歳,244,2:23.69,,1,,4,廣本佳也,,セ・上池袋,15.32,,,,,,,,,1:49.01,1:49.01,1:43.21,1/7
829,74,2023,5,14,短水路,チーム,20,4×50mフリーリレー,男子,240～279歳,244,2:23.69,,2,,4,岡部浩次,,セ・上池袋,18.58,,,,,,,,,1:49.01,1:49.01,1:43.21,1/7
830,74,2023,5,14,短水路,チーム,20,4×50mフリーリレー,男子,240～279歳,244,2:23.69,,3,,4,阿部宏之助,,セ・上池袋,18.50,,,,,,,,,1:49.01,1:49.01,1:43.21,1/7
831,74,2023,5,14,短水路,チーム,20,4×50mフリーリレー,男子,240～279歳,244,2:23.69,,4,,4,近藤正之,,セ・上池袋,15.56,,,,,,,,,1:49.01,1:49.01,1:43.21,1/7
832,74,2023,5,14,短水路,チーム,20,4×50mフリーリレー,男子,200～239歳,200,1:51.71,,1,,1,堀川広祐,,セ・二俣川,13.91,,,,,,,,,1:43.13,1:41.37,1:37.35,2/4
833,74,2023,5,14,短水路,チーム,20,4×50mフリーリレー,男子,200～239歳,200,1:51.71,,2,,1,渡辺保,,セ・二俣川,13.73,,,,,,,,,1:43.13,1:41.37,1:37.35,2/4
834,74,2023,5,14,短水路,チーム,20,4×50mフリーリレー,男子,200～239歳,200,1:51.71,,3,,1,永瀬知之,,セ・二俣川,12.68,,,,,,,,,1:43.13,1:41.37,1:37.35,2/4
835,74,2023,5,14,短水路,チーム,20,4×50mフリーリレー,男子,200～239歳,200,1:51.71,,4,,1,石上智啓,,セ・二俣川,13.18,,,,,,,,,1:43.13,1:41.37,1:37.35,2/4
836,74,2023,5,14,短水路,チーム,20,4×50mフリーリレー,男子,200～239歳,211,1:54.65,,1,,2,清田真人,,セ・大宮宮原,14.56,,,,,,,,,1:43.13,1:41.37,1:37.35,2/3
837,74,2023,5,14,短水路,チーム,20,4×50mフリーリレー,男子,200～239歳,211,1:54.65,,2,,2,宮川則仁,,セ・大宮宮原,14.54,,,,,,,,,1:43.13,1:41.37,1:37.35,2/3
838,74,2023,5,14,短水路,チーム,20,4×50mフリーリレー,男子,200～239歳,211,1:54.65,,3,,2,山本英男,,セ・大宮宮原,13.83,,,,,,,,,1:43.13,1:41.37,1:37.35,2/3
839,74,2023,5,14,短水路,チーム,20,4×50mフリーリレー,男子,200～239歳,211,1:54.65,,4,,2,阿部憲一,,セ・大宮宮原,12.37,,,,,,,,,1:43.13,1:41.37,1:37.35,2/3
840,74,2023,5,14,短水路,チーム,20,4×50mフリーリレー,男子,200～239歳,202,1:56.58,,1,,3,矢下英明,,セ・用賀,13.99,,,,,,,,,1:43.13,1:41.37,1:37.35,2/5
841,74,2023,5,14,短水路,チーム,20,4×50mフリーリレー,男子,200～239歳,202,1:56.58,,2,,3,岸竜太郎,,セ・用賀,14.29,,,,,,,,,1:43.13,1:41.37,1:37.35,2/5
842,74,2023,5,14,短水路,チーム,20,4×50mフリーリレー,男子,200～239歳,202,1:56.58,,3,,3,枴澤英也,,セ・用賀,13.99,,,,,,,,,1:43.13,1:41.37,1:37.35,2/5
843,74,2023,5,14,短水路,チーム,20,4×50mフリーリレー,男子,200～239歳,202,1:56.58,,4,,3,池本晃,,セ・用賀,13.35,,,,,,,,,1:43.13,1:41.37,1:37.35,2/5
844,74,2023,5,14,短水路,チーム,20,4×50mフリーリレー,男子,200～239歳,209,2:05.08,,1,,4,藤田理,,セ・成瀬,14.58,,,,,,,,,1:43.13,1:41.37,1:37.35,2/6
845,74,2023,5,14,短水路,チーム,20,4×50mフリーリレー,男子,200～239歳,209,2:05.08,,1,,4,原正敏,,セ・成瀬,14.15,,,,,,,,,1:43.13,1:41.37,1:37.35,2/6
846,74,2023,5,14,短水路,チーム,20,4×50mフリーリレー,男子,200～239歳,209,2:05.08,,2,,4,髙橋潤,,セ・成瀬,15.98,,,,,,,,,1:43.13,1:41.37,1:37.35,2/6
847,74,2023,5,14,短水路,チーム,20,4×50mフリーリレー,男子,200～239歳,209,2:05.08,,2,,4,成瀬道治,,セ・成瀬,18.32,,,,,,,,,1:43.13,1:41.37,1:37.35,2/6
848,74,2023,5,14,短水路,チーム,20,4×50mフリーリレー,男子,200～239歳,209,2:05.08,,3,,4,金子謙一,,セ・成瀬,15.82,,,,,,,,,1:43.13,1:41.37,1:37.35,2/6
849,74,2023,5,14,短水路,チーム,20,4×50mフリーリレー,男子,200～239歳,209,2:05.08,,3,,4,佐藤信弘,,セ・成瀬,17.70,,,,,,,,,1:43.13,1:41.37,1:37.35,2/6
850,74,2023,5,14,短水路,チーム,20,4×50mフリーリレー,男子,200～239歳,209,2:05.08,,4,,4,山岡政陽,,セ・成瀬,13.47,,,,,,,,,1:43.13,1:41.37,1:37.35,2/6
851,74,2023,5,14,短水路,チーム,20,4×50mフリーリレー,男子,200～239歳,209,2:05.08,,4,,4,吉川重行,,セ・成瀬,,,,,,,,,,1:43.13,1:41.37,1:37.35,2/6
852,74,2023,5,14,短水路,チーム,20,4×50mフリーリレー,男子,160～199歳,160,1:42.56,,1,,1,前田崇行,,セ・二俣川,12.60,,,,,,,,,1:39.12,1:33.23,1:32.86,3/4
853,74,2023,5,14,短水路,チーム,20,4×50mフリーリレー,男子,160～199歳,160,1:42.56,,2,,1,知見邦彦,,セ・二俣川,12.89,,,,,,,,,1:39.12,1:33.23,1:32.86,3/4
854,74,2023,5,14,短水路,チーム,20,4×50mフリーリレー,男子,160～199歳,160,1:42.56,,3,,1,寺田貴洋,,セ・二俣川,12.79,,,,,,,,,1:39.12,1:33.23,1:32.86,3/4
855,74,2023,5,14,短水路,チーム,20,4×50mフリーリレー,男子,160～199歳,160,1:42.56,,4,,1,前田康輔,,セ・二俣川,11.31,,,,,,,,,1:39.12,1:33.23,1:32.86,3/4
856,74,2023,5,14,短水路,チーム,20,4×50mフリーリレー,男子,160～199歳,162,1:42.89,,1,,2,山賀竜馬,,セ・阿佐谷,12.20,,,,,,,,,1:39.12,1:33.23,1:32.86,3/5
857,74,2023,5,14,短水路,チーム,20,4×50mフリーリレー,男子,160～199歳,162,1:42.89,,2,,2,和田弘太郎,,セ・阿佐谷,11.76,,,,,,,,,1:39.12,1:33.23,1:32.86,3/5
858,74,2023,5,14,短水路,チーム,20,4×50mフリーリレー,男子,160～199歳,162,1:42.89,,3,,2,佐野充,,セ・阿佐谷,12.58,,,,,,,,,1:39.12,1:33.23,1:32.86,3/5
859,74,2023,5,14,短水路,チーム,20,4×50mフリーリレー,男子,160～199歳,162,1:42.89,,4,,2,林辰典,,セ・阿佐谷,12.36,,,,,,,,,1:39.12,1:33.23,1:32.86,3/5
860,74,2023,5,14,短水路,チーム,20,4×50mフリーリレー,男子,160～199歳,161,1:51.71,,1,,3,図師拓千,,セ・市ヶ尾,12.87,,,,,,,,,1:39.12,1:33.23,1:32.86,3/3
861,74,2023,5,14,短水路,チーム,20,4×50mフリーリレー,男子,160～199歳,161,1:51.71,,2,,3,吉岡範人,,セ・市ヶ尾,13.27,,,,,,,,,1:39.12,1:33.23,1:32.86,3/3
862,74,2023,5,14,短水路,チーム,20,4×50mフリーリレー,男子,160～199歳,161,1:51.71,,3,,3,木村考太,,セ・市ヶ尾,13.73,,,,,,,,,1:39.12,1:33.23,1:32.86,3/3
863,74,2023,5,14,短水路,チーム,20,4×50mフリーリレー,男子,160～199歳,161,1:51.71,,4,,3,菱川亮太,,セ・市ヶ尾,13.41,,,,,,,,,1:39.12,1:33.23,1:32.86,3/3
864,74,2023,5,14,短水路,チーム,20,4×50mフリーリレー,男子,160～199歳,188,1:55.76,,1,,4,森岳,,セ・目黒,12.17,,,,,,,,,1:39.12,1:33.23,1:32.86,3/1
865,74,2023,5,14,短水路,チーム,20,4×50mフリーリレー,男子,160～199歳,188,1:55.76,,2,,4,加治屋史郎,,セ・目黒,15.19,,,,,,,,,1:39.12,1:33.23,1:32.86,3/1
866,74,2023,5,14,短水路,チーム,20,4×50mフリーリレー,男子,160～199歳,188,1:55.76,,3,,4,兵藤鋭雄,,セ・目黒,14.78,,,,,,,,,1:39.12,1:33.23,1:32.86,3/1
867,74,2023,5,14,短水路,チーム,20,4×50mフリーリレー,男子,160～199歳,188,1:55.76,,4,,4,椎本恭平,,セ・目黒,12.54,,,,,,,,,1:39.12,1:33.23,1:32.86,3/1
868,74,2023,5,14,短水路,チーム,20,4×50mフリーリレー,男子,160～199歳,166,1:59.85,,1,,5,町田克浩,,セ・大森,14.49,,,,,,,,,1:39.12,1:33.23,1:32.86,3/2
869,74,2023,5,14,短水路,チーム,20,4×50mフリーリレー,男子,160～199歳,166,1:59.85,,2,,5,宇佐美学,,セ・大森,16.74,,,,,,,,,1:39.12,1:33.23,1:32.86,3/2
870,74,2023,5,14,短水路,チーム,20,4×50mフリーリレー,男子,160～199歳,166,1:59.85,,3,,5,海老原健太,,セ・大森,11.85,,,,,,,,,1:39.12,1:33.23,1:32.86,3/2
871,74,2023,5,14,短水路,チーム,20,4×50mフリーリレー,男子,160～199歳,166,1:59.85,,4,,5,髙津周平,,セ・大森,14.51,,,,,,,,,1:39.12,1:33.23,1:32.86,3/2
872,74,2023,5,14,短水路,チーム,20,4×50mフリーリレー,男子,120～159歳,120,1:41.74,,1,,1,酒井駿,,セ・二俣川,12.18,,,,,,,,,1:37.85,1:31.65,1:30.83,4/2
873,74,2023,5,14,短水路,チーム,20,4×50mフリーリレー,男子,120～159歳,120,1:41.74,,2,,1,鶴谷学,,セ・二俣川,11.88,,,,,,,,,1:37.85,1:31.65,1:30.83,4/2
874,74,2023,5,14,短水路,チーム,20,4×50mフリーリレー,男子,120～159歳,120,1:41.74,,3,,1,秋澤裕介,,セ・二俣川,11.95,,,,,,,,,1:37.85,1:31.65,1:30.83,4/2
875,74,2023,5,14,短水路,チーム,20,4×50mフリーリレー,男子,120～159歳,120,1:41.74,,4,,1,田中壮一郎,,セ・二俣川,13.09,,,,,,,,,1:37.85,1:31.65,1:30.83,4/2
876,74,2023,5,14,短水路,チーム,20,4×50mフリーリレー,男子,120～159歳,141,1:48.50,,1,,2,吉原憲人,,セ・阿佐谷,13.71,,,,,,,,,1:37.85,1:31.65,1:30.83,3/6
877,74,2023,5,14,短水路,チーム,20,4×50mフリーリレー,男子,120～159歳,141,1:48.50,,2,,2,津守陽介,,セ・阿佐谷,11.99,,,,,,,,,1:37.85,1:31.65,1:30.83,3/6
878,74,2023,5,14,短水路,チーム,20,4×50mフリーリレー,男子,120～159歳,141,1:48.50,,3,,2,和田亮,,セ・阿佐谷,13.42,,,,,,,,,1:37.85,1:31.65,1:30.83,3/6
879,74,2023,5,14,短水路,チーム,20,4×50mフリーリレー,男子,120～159歳,141,1:48.50,,4,,2,棚網宏之,,セ・阿佐谷,13.09,,,,,,,,,1:37.85,1:31.65,1:30.83,3/6
880,74,2023,5,14,短水路,チーム,20,4×50mフリーリレー,男子,120～159歳,130,1:48.80,,1,,3,小野健,,セ・天王洲,12.91,,,,,,,,,1:37.85,1:31.65,1:30.83,3/7
881,74,2023,5,14,短水路,チーム,20,4×50mフリーリレー,男子,120～159歳,130,1:48.80,,2,,3,加間英貴,,セ・天王洲,12.77,,,,,,,,,1:37.85,1:31.65,1:30.83,3/7
882,74,2023,5,14,短水路,チーム,20,4×50mフリーリレー,男子,120～159歳,130,1:48.80,,3,,3,倉持公一,,セ・天王洲,12.83,,,,,,,,,1:37.85,1:31.65,1:30.83,3/7
883,74,2023,5,14,短水路,チーム,20,4×50mフリーリレー,男子,120～159歳,130,1:48.80,,4,,3,寺田遼太,,セ・天王洲,13.14,,,,,,,,,1:37.85,1:31.65,1:30.83,3/7
884,74,2023,5,14,短水路,チーム,20,4×50mフリーリレー,男子,120～159歳,132,1:49.34,,1,,4,内田空良,,セ・長津田,12.70,,,,,,,,,1:37.85,1:31.65,1:30.83,3/8
885,74,2023,5,14,短水路,チーム,20,4×50mフリーリレー,男子,120～159歳,132,1:49.34,,2,,4,矢作歩,,セ・長津田,13.05,,,,,,,,,1:37.85,1:31.65,1:30.83,3/8
886,74,2023,5,14,短水路,チーム,20,4×50mフリーリレー,男子,120～159歳,132,1:49.34,,3,,4,村田雅治,,セ・長津田,12.27,,,,,,,,,1:37.85,1:31.65,1:30.83,3/8
887,74,2023,5,14,短水路,チーム,20,4×50mフリーリレー,男子,120～159歳,132,1:49.34,,4,,4,西野宮冬木,,セ・長津田,14.44,,,,,,,,,1:37.85,1:31.65,1:30.83,3/8
888,74,2023,5,14,短水路,チーム,20,4×50mフリーリレー,男子,120～159歳,146,1:51.03,,1,,5,髙梨大樹,,セ・成城,12.51,,,,,,,,,1:37.85,1:31.65,1:30.83,4/1
889,74,2023,5,14,短水路,チーム,20,4×50mフリーリレー,男子,120～159歳,146,1:51.03,,2,,5,村上守,,セ・成城,14.11,,,,,,,,,1:37.85,1:31.65,1:30.83,4/1
890,74,2023,5,14,短水路,チーム,20,4×50mフリーリレー,男子,120～159歳,146,1:51.03,,3,,5,羽田浩一,,セ・成城,19.45,,,,,,,,,1:37.85,1:31.65,1:30.83,4/1
891,74,2023,5,14,短水路,チーム,20,4×50mフリーリレー,男子,120～159歳,146,1:51.03,,4,,5,石井翔真,,セ・成城,14.03,,,,,,,,,1:37.85,1:31.65,1:30.83,4/1
892,74,2023,5,14,短水路,チーム,20,4×50mフリーリレー,男子,72～119歳,100,1:42.13,,1,,1,石田虎流,,セ・慶應日吉,11.50,,,,,,,,,1:36.36,1:28.02,1:30.73,4/6
893,74,2023,5,14,短水路,チーム,20,4×50mフリーリレー,男子,72～119歳,100,1:42.13,,2,,1,濱中翔太,,セ・慶應日吉,11.90,,,,,,,,,1:36.36,1:28.02,1:30.73,4/6
894,74,2023,5,14,短水路,チーム,20,4×50mフリーリレー,男子,72～119歳,100,1:42.13,,3,,1,江熊夕人,,セ・慶應日吉,13.50,,,,,,,,,1:36.36,1:28.02,1:30.73,4/6
895,74,2023,5,14,短水路,チーム,20,4×50mフリーリレー,男子,72～119歳,100,1:42.13,,4,,1,コリガンシェイ颯介,,セ・慶應日吉,12.07,,,,,,,,,1:36.36,1:28.02,1:30.73,4/6
896,74,2023,5,14,短水路,チーム,20,4×50mフリーリレー,男子,72～119歳,108,1:43.76,,1,,2,小方聡,,セ・用賀,12.13,,,,,,,,,1:36.36,1:28.02,1:30.73,4/4
897,74,2023,5,14,短水路,チーム,20,4×50mフリーリレー,男子,72～119歳,108,1:43.76,,2,,2,髙橋大輝,,セ・用賀,13.09,,,,,,,,,1:36.36,1:28.02,1:30.73,4/4
898,74,2023,5,14,短水路,チーム,20,4×50mフリーリレー,男子,72～119歳,108,1:43.76,,3,,2,青木海斗,,セ・用賀,12.52,,,,,,,,,1:36.36,1:28.02,1:30.73,4/4
899,74,2023,5,14,短水路,チーム,20,4×50mフリーリレー,男子,72～119歳,108,1:43.76,,4,,2,室坂拓真,,セ・用賀,11.78,,,,,,,,,1:36.36,1:28.02,1:30.73,4/4
900,74,2023,5,14,短水路,チーム,20,4×50mフリーリレー,男子,72～119歳,107,1:49.20,,1,,3,田中啓二朗,,セ・二俣川,12.37,,,,,,,,,1:36.36,1:28.02,1:30.73,4/5
901,74,2023,5,14,短水路,チーム,20,4×50mフリーリレー,男子,72～119歳,107,1:49.20,,2,,3,坂入裕,,セ・二俣川,13.83,,,,,,,,,1:36.36,1:28.02,1:30.73,4/5
902,74,2023,5,14,短水路,チーム,20,4×50mフリーリレー,男子,72～119歳,107,1:49.20,,3,,3,山﨑陸真,,セ・二俣川,12.39,,,,,,,,,1:36.36,1:28.02,1:30.73,4/5
903,74,2023,5,14,短水路,チーム,20,4×50mフリーリレー,男子,72～119歳,107,1:49.20,,4,,3,新福留広貴,,セ・二俣川,13.11,,,,,,,,,1:36.36,1:28.02,1:30.73,4/5
904,74,2023,5,14,短水路,チーム,20,4×50mフリーリレー,男子,72～119歳,88,1:54.49,,1,,4,前納爽太,,セ・葛西,15.09,,,,,,,,,1:36.36,1:28.02,1:30.73,4/3
905,74,2023,5,14,短水路,チーム,20,4×50mフリーリレー,男子,72～119歳,88,1:54.49,,2,,4,嶋田翔太,,セ・葛西,13.51,,,,,,,,,1:36.36,1:28.02,1:30.73,4/3
906,74,2023,5,14,短水路,チーム,20,4×50mフリーリレー,男子,72～119歳,88,1:54.49,,3,,4,矢野匠,,セ・葛西,12.61,,,,,,,,,1:36.36,1:28.02,1:30.73,4/3
907,74,2023,5,14,短水路,チーム,20,4×50mフリーリレー,男子,72～119歳,88,1:54.49,,4,,4,山崎緋呂,,セ・葛西,13.51,,,,,,,,,1:36.36,1:28.02,1:30.73,4/3
908,74,2023,5,14,短水路,チーム,20,4×50mフリーリレー,男子,72～119歳,119,1:59.83,,1,,5,今里昂哉,,セ・清瀬,13.20,,,,,,,,,1:36.36,1:28.02,1:30.73,4/7
909,74,2023,5,14,短水路,チーム,20,4×50mフリーリレー,男子,72～119歳,119,1:59.83,,2,,5,塚本拓也,,セ・清瀬,12.81,,,,,,,,,1:36.36,1:28.02,1:30.73,4/7
910,74,2023,5,14,短水路,チーム,20,4×50mフリーリレー,男子,72～119歳,119,1:59.83,,3,,5,今村満,,セ・清瀬,16.72,,,,,,,,,1:36.36,1:28.02,1:30.73,4/7
911,74,2023,5,14,短水路,チーム,20,4×50mフリーリレー,男子,72～119歳,119,1:59.83,,4,,5,松本海星,,セ・清瀬,15.42,,,,,,,,,1:36.36,1:28.02,1:30.73,4/7
912,74,2023,5,14,短水路,チーム,29,4×25mフリーリレー,混合,280～319歳,282,1:04.80,,1,,1,石附仲也,,セ・新浦安,15.11,,,,,,,,TRUE,1:08.34,,,1/3
913,74,2023,5,14,短水路,チーム,29,4×25mフリーリレー,混合,280～319歳,282,1:04.80,,2,,1,柴田美知子,,セ・新浦安,19.41,,,,,,,,TRUE,1:08.34,,,1/3
914,74,2023,5,14,短水路,チーム,29,4×25mフリーリレー,混合,280～319歳,282,1:04.80,,3,,1,綱川香代子,,セ・新浦安,15.50,,,,,,,,TRUE,1:08.34,,,1/3
915,74,2023,5,14,短水路,チーム,29,4×25mフリーリレー,混合,280～319歳,282,1:04.80,,4,,1,西村弘一,,セ・新浦安,14.78,,,,,,,,TRUE,1:08.34,,,1/3
916,74,2023,5,14,短水路,チーム,29,4×25mフリーリレー,混合,280～319歳,280,1:06.77,,1,,2,井口穰,,セ・東戸塚,17.17,,,,,,,,TRUE,1:08.34,,,1/2
917,74,2023,5,14,短水路,チーム,29,4×25mフリーリレー,混合,280～319歳,280,1:06.77,,2,,2,戸田洋子,,セ・東戸塚,18.80,,,,,,,,TRUE,1:08.34,,,1/2
918,74,2023,5,14,短水路,チーム,29,4×25mフリーリレー,混合,280～319歳,280,1:06.77,,3,,2,武部友美子,,セ・東戸塚,16.77,,,,,,,,TRUE,1:08.34,,,1/2
919,74,2023,5,14,短水路,チーム,29,4×25mフリーリレー,混合,280～319歳,280,1:06.77,,4,,2,亀田一麿,,セ・東戸塚,14.03,,,,,,,,TRUE,1:08.34,,,1/2
920,74,2023,5,14,短水路,チーム,29,4×25mフリーリレー,混合,280～319歳,304,1:13.96,,1,,3,菊池千二,,セ・市ヶ尾,13.10,,,,,,,,,1:08.34,,,1/1
921,74,2023,5,14,短水路,チーム,29,4×25mフリーリレー,混合,280～319歳,304,1:13.96,,2,,3,井上隆史,,セ・市ヶ尾,17.77,,,,,,,,,1:08.34,,,1/1
922,74,2023,5,14,短水路,チーム,29,4×25mフリーリレー,混合,280～319歳,304,1:13.96,,3,,3,安澤イソ子,,セ・市ヶ尾,22.00,,,,,,,,,1:08.34,,,1/1
923,74,2023,5,14,短水路,チーム,29,4×25mフリーリレー,混合,280～319歳,304,1:13.96,,4,,3,岡田奉代,,セ・市ヶ尾,21.09,,,,,,,,,1:08.34,,,1/1
924,74,2023,5,14,短水路,チーム,29,4×25mフリーリレー,混合,240～279歳,256,59.56,,1,,1,冨松実,,セ・二俣川,14.00,,,,,,,,,52.91,,,2/4
925,74,2023,5,14,短水路,チーム,29,4×25mフリーリレー,混合,240～279歳,256,59.56,,2,,1,武井麻知子,,セ・二俣川,15.78,,,,,,,,,52.91,,,2/4
926,74,2023,5,14,短水路,チーム,29,4×25mフリーリレー,混合,240～279歳,256,59.56,,3,,1,近藤ひな子,,セ・二俣川,17.30,,,,,,,,,52.91,,,2/4
927,74,2023,5,14,短水路,チーム,29,4×25mフリーリレー,混合,240～279歳,256,59.56,,4,,1,渡辺保,,セ・二俣川,12.48,,,,,,,,,52.91,,,2/4
928,74,2023,5,14,短水路,チーム,29,4×25mフリーリレー,混合,240～279歳,247,59.71,,1,,2,石原なおみ,,セ・阿佐谷,15.53,,,,,,,,,52.91,,,2/5
929,74,2023,5,14,短水路,チーム,29,4×25mフリーリレー,混合,240～279歳,247,59.71,,2,,2,野島正代,,セ・阿佐谷,16.20,,,,,,,,,52.91,,,2/5
930,74,2023,5,14,短水路,チーム,29,4×25mフリーリレー,混合,240～279歳,247,59.71,,3,,2,田村好弘,,セ・阿佐谷,14.77,,,,,,,,,52.91,,,2/5
931,74,2023,5,14,短水路,チーム,29,4×25mフリーリレー,混合,240～279歳,247,59.71,,4,,2,吉原一彦,,セ・阿佐谷,13.21,,,,,,,,,52.91,,,2/5
932,74,2023,5,14,短水路,チーム,29,4×25mフリーリレー,混合,240～279歳,243,1:03.36,,1,,3,山梨英克,,セ・我孫子,14.93,,,,,,,,,52.91,,,2/3
933,74,2023,5,14,短水路,チーム,29,4×25mフリーリレー,混合,240～279歳,243,1:03.36,,2,,3,飯澤美香,,セ・我孫子,15.43,,,,,,,,,52.91,,,2/3
934,74,2023,5,14,短水路,チーム,29,4×25mフリーリレー,混合,240～279歳,243,1:03.36,,3,,3,山梨静枝,,セ・我孫子,17.66,,,,,,,,,52.91,,,2/3
935,74,2023,5,14,短水路,チーム,29,4×25mフリーリレー,混合,240～279歳,243,1:03.36,,4,,3,鈴木幹男,,セ・我孫子,15.34,,,,,,,,,52.91,,,2/3
936,74,2023,5,14,短水路,チーム,29,4×25mフリーリレー,混合,240～279歳,244,1:04.95,,1,,4,柏木治久,,セ・成瀬,16.34,,,,,,,,,52.91,,,1/6
937,74,2023,5,14,短水路,チーム,29,4×25mフリーリレー,混合,240～279歳,244,1:04.95,,2,,4,米澤美智子,,セ・成瀬,18.19,,,,,,,,,52.91,,,1/6
938,74,2023,5,14,短水路,チーム,29,4×25mフリーリレー,混合,240～279歳,244,1:04.95,,3,,4,中平信子,,セ・成瀬,18.53,,,,,,,,,52.91,,,1/6
939,74,2023,5,14,短水路,チーム,29,4×25mフリーリレー,混合,240～279歳,244,1:04.95,,4,,4,石井将太,,セ・成瀬,11.89,,,,,,,,,52.91,,,1/6
940,74,2023,5,14,短水路,チーム,29,4×25mフリーリレー,混合,240～279歳,249,1:05.15,,1,,5,木下和哉,,セ・清瀬,13.26,,,,,,,,,52.91,,,1/5
941,74,2023,5,14,短水路,チーム,29,4×25mフリーリレー,混合,240～279歳,249,1:05.15,,2,,5,岡田眞弓,,セ・清瀬,16.49,,,,,,,,,52.91,,,1/5
942,74,2023,5,14,短水路,チーム,29,4×25mフリーリレー,混合,240～279歳,249,1:05.15,,3,,5,馬場悦子,,セ・清瀬,20.52,,,,,,,,,52.91,,,1/5
943,74,2023,5,14,短水路,チーム,29,4×25mフリーリレー,混合,240～279歳,249,1:05.15,,4,,5,吉澤隆,,セ・清瀬,14.88,,,,,,,,,52.91,,,1/5
944,74,2023,5,14,短水路,チーム,29,4×25mフリーリレー,混合,240～279歳,258,1:05.62,,1,,6,堀越雅之,,セ・慶應日吉,17.00,,,,,,,,,52.91,,,2/7
945,74,2023,5,14,短水路,チーム,29,4×25mフリーリレー,混合,240～279歳,258,1:05.62,,2,,6,森谷登志江,,セ・慶應日吉,17.64,,,,,,,,,52.91,,,2/7
946,74,2023,5,14,短水路,チーム,29,4×25mフリーリレー,混合,240～279歳,258,1:05.62,,3,,6,井手敦子,,セ・慶應日吉,16.52,,,,,,,,,52.91,,,2/7
947,74,2023,5,14,短水路,チーム,29,4×25mフリーリレー,混合,240～279歳,258,1:05.62,,4,,6,森明法,,セ・慶應日吉,14.46,,,,,,,,,52.91,,,2/7
948,74,2023,5,14,短水路,チーム,29,4×25mフリーリレー,混合,240～279歳,261,1:06.50,,1,,7,若宮強,,セ・成城,15.63,,,,,,,,,52.91,,,2/2
949,74,2023,5,14,短水路,チーム,29,4×25mフリーリレー,混合,240～279歳,261,1:06.50,,2,,7,茂榊典子,,セ・成城,17.35,,,,,,,,,52.91,,,2/2
950,74,2023,5,14,短水路,チーム,29,4×25mフリーリレー,混合,240～279歳,261,1:06.50,,3,,7,松田聡美,,セ・成城,18.16,,,,,,,,,52.91,,,2/2
951,74,2023,5,14,短水路,チーム,29,4×25mフリーリレー,混合,240～279歳,261,1:06.50,,4,,7,中井岳郎,,セ・成城,15.36,,,,,,,,,52.91,,,2/2
952,74,2023,5,14,短水路,チーム,29,4×25mフリーリレー,混合,240～279歳,249,1:07.28,,1,,8,茂木和哉,,セ・市ヶ尾,16.49,,,,,,,,,52.91,,,1/4
953,74,2023,5,14,短水路,チーム,29,4×25mフリーリレー,混合,240～279歳,249,1:07.28,,2,,8,片平明子,,セ・市ヶ尾,19.24,,,,,,,,,52.91,,,1/4
954,74,2023,5,14,短水路,チーム,29,4×25mフリーリレー,混合,240～279歳,249,1:07.28,,3,,8,原昌代,,セ・市ヶ尾,18.25,,,,,,,,,52.91,,,1/4
955,74,2023,5,14,短水路,チーム,29,4×25mフリーリレー,混合,240～279歳,249,1:07.28,,4,,8,廣松伸一,,セ・市ヶ尾,13.30,,,,,,,,,52.91,,,1/4
956,74,2023,5,14,短水路,チーム,29,4×25mフリーリレー,混合,240～279歳,259,1:07.38,,1,,9,丸山恵太,,セ・成城,15.79,,,,,,,,,52.91,,,2/6
957,74,2023,5,14,短水路,チーム,29,4×25mフリーリレー,混合,240～279歳,259,1:07.38,,2,,9,田代眞理子,,セ・成城,16.22,,,,,,,,,52.91,,,2/6
958,74,2023,5,14,短水路,チーム,29,4×25mフリーリレー,混合,240～279歳,259,1:07.38,,3,,9,髙梨美樹,,セ・成城,17.08,,,,,,,,,52.91,,,2/6
959,74,2023,5,14,短水路,チーム,29,4×25mフリーリレー,混合,240～279歳,259,1:07.38,,4,,9,松下達一,,セ・成城,18.29,,,,,,,,,52.91,,,2/6
960,74,2023,5,14,短水路,チーム,29,4×25mフリーリレー,混合,240～279歳,249,1:08.03,,1,,10,松浦彰,,セ・新浦安,16.59,,,,,,,,,52.91,,,2/1
961,74,2023,5,14,短水路,チーム,29,4×25mフリーリレー,混合,240～279歳,249,1:08.03,,2,,10,大塩郁子,,セ・新浦安,20.83,,,,,,,,,52.91,,,2/1
962,74,2023,5,14,短水路,チーム,29,4×25mフリーリレー,混合,240～279歳,249,1:08.03,,3,,10,安藤真奈美,,セ・新浦安,16.68,,,,,,,,,52.91,,,2/1
963,74,2023,5,14,短水路,チーム,29,4×25mフリーリレー,混合,240～279歳,249,1:08.03,,4,,10,浅川和之,,セ・新浦安,13.93,,,,,,,,,52.91,,,2/1
964,74,2023,5,14,短水路,チーム,29,4×25mフリーリレー,混合,240～279歳,248,1:10.11,,1,,11,高瀬信雄,,ザバス川崎,15.49,,,,,,,,,52.91,,,1/7
965,74,2023,5,14,短水路,チーム,29,4×25mフリーリレー,混合,240～279歳,248,1:10.11,,2,,11,齊藤たか子,,ザバス川崎,18.14,,,,,,,,,52.91,,,1/7
966,74,2023,5,14,短水路,チーム,29,4×25mフリーリレー,混合,240～279歳,248,1:10.11,,3,,11,伊藤春美,,ザバス川崎,19.63,,,,,,,,,52.91,,,1/7
967,74,2023,5,14,短水路,チーム,29,4×25mフリーリレー,混合,240～279歳,248,1:10.11,,4,,11,古川賢一郎,,ザバス川崎,16.85,,,,,,,,,52.91,,,1/7
968,74,2023,5,14,短水路,チーム,29,4×25mフリーリレー,混合,240～279歳,254,1:10.71,,1,,12,増淵毅,,セ・トレッサ,16.47,,,,,,,,,52.91,,,2/8
969,74,2023,5,14,短水路,チーム,29,4×25mフリーリレー,混合,240～279歳,254,1:10.71,,2,,12,佐藤晴美,,セ・トレッサ,16.26,,,,,,,,,52.91,,,2/8
970,74,2023,5,14,短水路,チーム,29,4×25mフリーリレー,混合,240～279歳,254,1:10.71,,3,,12,田神洋子,,セ・トレッサ,23.23,,,,,,,,,52.91,,,2/8
971,74,2023,5,14,短水路,チーム,29,4×25mフリーリレー,混合,240～279歳,254,1:10.71,,4,,12,二宮淳,,セ・トレッサ,14.75,,,,,,,,,52.91,,,2/8
972,74,2023,5,14,短水路,チーム,29,4×25mフリーリレー,混合,240～279歳,254,1:14.92,,1,,13,前多紀久雄,,セ・横浜,22.02,,,,,,,,,52.91,,,1/8
973,74,2023,5,14,短水路,チーム,29,4×25mフリーリレー,混合,240～279歳,254,1:14.92,,2,,13,毛利ゆかり,,セ・横浜,21.90,,,,,,,,,52.91,,,1/8
974,74,2023,5,14,短水路,チーム,29,4×25mフリーリレー,混合,240～279歳,254,1:14.92,,3,,13,佐藤桂子,,セ・横浜,15.84,,,,,,,,,52.91,,,1/8
975,74,2023,5,14,短水路,チーム,29,4×25mフリーリレー,混合,240～279歳,254,1:14.92,,4,,13,二宮博,,セ・横浜,15.16,,,,,,,,,52.91,,,1/8
976,74,2023,5,14,短水路,チーム,29,4×25mフリーリレー,混合,200～239歳,208,53.92,,1,,1,永瀬知之,,セ・二俣川,12.54,,,,,,,,,51.73,,,4/4
977,74,2023,5,14,短水路,チーム,29,4×25mフリーリレー,混合,200～239歳,208,53.92,,2,,1,川村佳代子,,セ・二俣川,15.34,,,,,,,,,51.73,,,4/4
978,74,2023,5,14,短水路,チーム,29,4×25mフリーリレー,混合,200～239歳,208,53.92,,3,,1,永瀬秀子,,セ・二俣川,14.16,,,,,,,,,51.73,,,4/4
979,74,2023,5,14,短水路,チーム,29,4×25mフリーリレー,混合,200～239歳,208,53.92,,4,,1,知見邦彦,,セ・二俣川,11.88,,,,,,,,,51.73,,,4/4
980,74,2023,5,14,短水路,チーム,29,4×25mフリーリレー,混合,200～239歳,201,56.66,,1,,2,大家萌実,,セ・用賀,14.52,,,,,,,,,51.73,,,4/6
981,74,2023,5,14,短水路,チーム,29,4×25mフリーリレー,混合,200～239歳,201,56.66,,2,,2,横尾しずか,,セ・用賀,15.07,,,,,,,,,51.73,,,4/6
982,74,2023,5,14,短水路,チーム,29,4×25mフリーリレー,混合,200～239歳,201,56.66,,3,,2,佐藤正章,,セ・用賀,14.61,,,,,,,,,51.73,,,4/6
983,74,2023,5,14,短水路,チーム,29,4×25mフリーリレー,混合,200～239歳,201,56.66,,4,,2,本城大輔,,セ・用賀,12.46,,,,,,,,,51.73,,,4/6
984,74,2023,5,14,短水路,チーム,29,4×25mフリーリレー,混合,200～239歳,214,56.87,,1,,3,小森康弘,,セ・葛西,11.75,,,,,,,,,51.73,,,4/3
985,74,2023,5,14,短水路,チーム,29,4×25mフリーリレー,混合,200～239歳,214,56.87,,2,,3,田中伸幸,,セ・葛西,13.83,,,,,,,,,51.73,,,4/3
986,74,2023,5,14,短水路,チーム,29,4×25mフリーリレー,混合,200～239歳,214,56.87,,3,,3,関本みすぎ,,セ・葛西,17.41,,,,,,,,,51.73,,,4/3
987,74,2023,5,14,短水路,チーム,29,4×25mフリーリレー,混合,200～239歳,214,56.87,,4,,3,原田佳子,,セ・葛西,13.88,,,,,,,,,51.73,,,4/3
988,74,2023,5,14,短水路,チーム,29,4×25mフリーリレー,混合,200～239歳,224,57.04,,1,,4,橋本秀行,,セ・千葉みなと,13.19,,,,,,,,,51.73,,,4/5
989,74,2023,5,14,短水路,チーム,29,4×25mフリーリレー,混合,200～239歳,224,57.04,,2,,4,年岡仁美,,セ・千葉みなと,14.64,,,,,,,,,51.73,,,4/5
990,74,2023,5,14,短水路,チーム,29,4×25mフリーリレー,混合,200～239歳,224,57.04,,3,,4,鎌田和代,,セ・千葉みなと,15.25,,,,,,,,,51.73,,,4/5
991,74,2023,5,14,短水路,チーム,29,4×25mフリーリレー,混合,200～239歳,224,57.04,,4,,4,塚本幸治,,セ・千葉みなと,13.96,,,,,,,,,51.73,,,4/5
992,74,2023,5,14,短水路,チーム,29,4×25mフリーリレー,混合,200～239歳,217,59.25,,1,,5,兵藤鋭雄,,セ・目黒,13.71,,,,,,,,,51.73,,,3/5
993,74,2023,5,14,短水路,チーム,29,4×25mフリーリレー,混合,200～239歳,217,59.25,,2,,5,米倉公美,,セ・目黒,15.65,,,,,,,,,51.73,,,3/5
994,74,2023,5,14,短水路,チーム,29,4×25mフリーリレー,混合,200～239歳,217,59.25,,3,,5,池田智子,,セ・目黒,15.00,,,,,,,,,51.73,,,3/5
995,74,2023,5,14,短水路,チーム,29,4×25mフリーリレー,混合,200～239歳,217,59.25,,4,,5,藤田万之葉,,セ・目黒,14.89,,,,,,,,,51.73,,,3/5
996,74,2023,5,14,短水路,チーム,29,4×25mフリーリレー,混合,200～239歳,201,59.53,,1,,6,塚越有宏,,セ・市ヶ尾,14.09,,,,,,,,,51.73,,,4/2
997,74,2023,5,14,短水路,チーム,29,4×25mフリーリレー,混合,200～239歳,201,59.53,,2,,6,高橋麻子,,セ・市ヶ尾,15.06,,,,,,,,,51.73,,,4/2
998,74,2023,5,14,短水路,チーム,29,4×25mフリーリレー,混合,200～239歳,201,59.53,,3,,6,白須靖子,,セ・市ヶ尾,16.11,,,,,,,,,51.73,,,4/2
999,74,2023,5,14,短水路,チーム,29,4×25mフリーリレー,混合,200～239歳,201,59.53,,4,,6,祖川久茂,,セ・市ヶ尾,14.27,,,,,,,,,51.73,,,4/2
1000,74,2023,5,14,短水路,チーム,29,4×25mフリーリレー,混合,200～239歳,216,1:00.04,,1,,7,羽田浩一,,セ・成城,13.80,,,,,,,,,51.73,,,4/7
1001,74,2023,5,14,短水路,チーム,29,4×25mフリーリレー,混合,200～239歳,216,1:00.04,,2,,7,佐藤洋子,,セ・成城,15.81,,,,,,,,,51.73,,,4/7
1002,74,2023,5,14,短水路,チーム,29,4×25mフリーリレー,混合,200～239歳,216,1:00.04,,3,,7,伊藤ゆかり,,セ・成城,17.21,,,,,,,,,51.73,,,4/7
1003,74,2023,5,14,短水路,チーム,29,4×25mフリーリレー,混合,200～239歳,216,1:00.04,,4,,7,瀬川栄樹,,セ・成城,13.22,,,,,,,,,51.73,,,4/7
1004,74,2023,5,14,短水路,チーム,29,4×25mフリーリレー,混合,200～239歳,216,1:00.91,,1,,8,稲毛仁,,セ・松戸,14.90,,,,,,,,,51.73,,,3/6
1005,74,2023,5,14,短水路,チーム,29,4×25mフリーリレー,混合,200～239歳,216,1:00.91,,2,,8,バーンズ智絵,,セ・松戸,14.33,,,,,,,,,51.73,,,3/6
1006,74,2023,5,14,短水路,チーム,29,4×25mフリーリレー,混合,200～239歳,216,1:00.91,,3,,8,庄司和明,,セ・松戸,14.65,,,,,,,,,51.73,,,3/6
1007,74,2023,5,14,短水路,チーム,29,4×25mフリーリレー,混合,200～239歳,216,1:00.91,,4,,8,及川薫,,セ・松戸,17.03,,,,,,,,,51.73,,,3/6
1008,74,2023,5,14,短水路,チーム,29,4×25mフリーリレー,混合,200～239歳,215,1:01.28,,1,,9,西井良子,,セ・福生,15.30,,,,,,,,,51.73,,,3/8
1009,74,2023,5,14,短水路,チーム,29,4×25mフリーリレー,混合,200～239歳,215,1:01.28,,2,,9,小林和江,,セ・福生,17.18,,,,,,,,,51.73,,,3/8
1010,74,2023,5,14,短水路,チーム,29,4×25mフリーリレー,混合,200～239歳,215,1:01.28,,3,,9,大内貴史,,セ・福生,14.48,,,,,,,,,51.73,,,3/8
1011,74,2023,5,14,短水路,チーム,29,4×25mフリーリレー,混合,200～239歳,215,1:01.28,,4,,9,青木正昭,,セ・福生,14.32,,,,,,,,,51.73,,,3/8
1012,74,2023,5,14,短水路,チーム,29,4×25mフリーリレー,混合,200～239歳,218,1:01.99,,1,,10,久保卓士,,セ・天王洲,13.28,,,,,,,,,51.73,,,4/1
1013,74,2023,5,14,短水路,チーム,29,4×25mフリーリレー,混合,200～239歳,218,1:01.99,,2,,10,宇田川美穂,,セ・天王洲,15.96,,,,,,,,,51.73,,,4/1
1014,74,2023,5,14,短水路,チーム,29,4×25mフリーリレー,混合,200～239歳,218,1:01.99,,3,,10,櫻田琴,,セ・天王洲,18.42,,,,,,,,,51.73,,,4/1
1015,74,2023,5,14,短水路,チーム,29,4×25mフリーリレー,混合,200～239歳,218,1:01.99,,4,,10,千葉忠英,,セ・天王洲,14.33,,,,,,,,,51.73,,,4/1
1016,74,2023,5,14,短水路,チーム,29,4×25mフリーリレー,混合,200～239歳,226,1:02.96,,1,,11,仲宇佐隆一,,セ・横浜,17.28,,,,,,,,,51.73,,,3/1
1017,74,2023,5,14,短水路,チーム,29,4×25mフリーリレー,混合,200～239歳,226,1:02.96,,2,,11,櫻井翠,,セ・横浜,14.63,,,,,,,,,51.73,,,3/1
1018,74,2023,5,14,短水路,チーム,29,4×25mフリーリレー,混合,200～239歳,226,1:02.96,,3,,11,山崎京子,,セ・横浜,17.06,,,,,,,,,51.73,,,3/1
1019,74,2023,5,14,短水路,チーム,29,4×25mフリーリレー,混合,200～239歳,226,1:02.96,,4,,11,加藤大輔,,セ・横浜,13.99,,,,,,,,,51.73,,,3/1
1020,74,2023,5,14,短水路,チーム,29,4×25mフリーリレー,混合,200～239歳,216,1:03.81,,1,,12,町田克浩,,セ・大森,13.69,,,,,,,,,51.73,,,3/2
1021,74,2023,5,14,短水路,チーム,29,4×25mフリーリレー,混合,200～239歳,216,1:03.81,,2,,12,森信子,,セ・大森,18.60,,,,,,,,,51.73,,,3/2
1022,74,2023,5,14,短水路,チーム,29,4×25mフリーリレー,混合,200～239歳,216,1:03.81,,3,,12,小林名緒子,,セ・大森,17.85,,,,,,,,,51.73,,,3/2
1023,74,2023,5,14,短水路,チーム,29,4×25mフリーリレー,混合,200～239歳,216,1:03.81,,4,,12,北村洋一,,セ・大森,13.67,,,,,,,,,51.73,,,3/2
1024,74,2023,5,14,短水路,チーム,29,4×25mフリーリレー,混合,200～239歳,204,1:04.29,,1,,13,齊藤仁,,セ・茂原,13.70,,,,,,,,,51.73,,,3/4
1025,74,2023,5,14,短水路,チーム,29,4×25mフリーリレー,混合,200～239歳,204,1:04.29,,2,,13,大塚弘子,,セ・茂原,18.59,,,,,,,,,51.73,,,3/4
1026,74,2023,5,14,短水路,チーム,29,4×25mフリーリレー,混合,200～239歳,204,1:04.29,,3,,13,加藤千恵,,セ・茂原,16.01,,,,,,,,,51.73,,,3/4
1027,74,2023,5,14,短水路,チーム,29,4×25mフリーリレー,混合,200～239歳,204,1:04.29,,4,,13,山本和巳,,セ・茂原,15.99,,,,,,,,,51.73,,,3/4
1028,74,2023,5,14,短水路,チーム,29,4×25mフリーリレー,混合,200～239歳,211,1:05.89,,1,,14,山田耕一,,セ・清瀬,14.11,,,,,,,,,51.73,,,4/8
1029,74,2023,5,14,短水路,チーム,29,4×25mフリーリレー,混合,200～239歳,211,1:05.89,,2,,14,大橋ほづ美,,セ・清瀬,22.36,,,,,,,,,51.73,,,4/8
1030,74,2023,5,14,短水路,チーム,29,4×25mフリーリレー,混合,200～239歳,211,1:05.89,,3,,14,大槻真由美,,セ・清瀬,16.06,,,,,,,,,51.73,,,4/8
1031,74,2023,5,14,短水路,チーム,29,4×25mフリーリレー,混合,200～239歳,211,1:05.89,,4,,14,村野雄太,,セ・清瀬,13.36,,,,,,,,,51.73,,,4/8
1032,74,2023,5,14,短水路,チーム,29,4×25mフリーリレー,混合,200～239歳,235,1:07.04,,1,,15,清水孝子,,セ・福生,19.50,,,,,,,,,51.73,,,5/2
1033,74,2023,5,14,短水路,チーム,29,4×25mフリーリレー,混合,200～239歳,235,1:07.04,,2,,15,宮原美穂,,セ・福生,19.74,,,,,,,,,51.73,,,5/2
1034,74,2023,5,14,短水路,チーム,29,4×25mフリーリレー,混合,200～239歳,235,1:07.04,,3,,15,一色洋志,,セ・福生,14.34,,,,,,,,,51.73,,,5/2
1035,74,2023,5,14,短水路,チーム,29,4×25mフリーリレー,混合,200～239歳,235,1:07.04,,4,,15,大沢祐輔,,セ・福生,13.46,,,,,,,,,51.73,,,5/2
1036,74,2023,5,14,短水路,チーム,29,4×25mフリーリレー,混合,200～239歳,223,1:07.61,,1,,16,小松原薫寿,,セ・平塚,17.50,,,,,,,,,51.73,,,3/7
1037,74,2023,5,14,短水路,チーム,29,4×25mフリーリレー,混合,200～239歳,223,1:07.61,,2,,16,佐々木美佐,,セ・平塚,13.98,,,,,,,,,51.73,,,3/7
1038,74,2023,5,14,短水路,チーム,29,4×25mフリーリレー,混合,200～239歳,223,1:07.61,,3,,16,岩崎純,,セ・平塚,18.92,,,,,,,,,51.73,,,3/7
1039,74,2023,5,14,短水路,チーム,29,4×25mフリーリレー,混合,200～239歳,223,1:07.61,,4,,16,比留川美緒,,セ・平塚,17.21,,,,,,,,,51.73,,,3/7
1040,74,2023,5,14,短水路,チーム,29,4×25mフリーリレー,混合,200～239歳,210,1:08.87,,1,,17,宇佐美学,,セ・大森,16.08,,,,,,,,,51.73,,,5/1
1041,74,2023,5,14,短水路,チーム,29,4×25mフリーリレー,混合,200～239歳,210,1:08.87,,2,,17,藤井一恵,,セ・大森,20.24,,,,,,,,,51.73,,,5/1
1042,74,2023,5,14,短水路,チーム,29,4×25mフリーリレー,混合,200～239歳,210,1:08.87,,3,,17,桐沢ひとみ,,セ・大森,19.49,,,,,,,,,51.73,,,5/1
1043,74,2023,5,14,短水路,チーム,29,4×25mフリーリレー,混合,200～239歳,210,1:08.87,,4,,17,海老原健太,,セ・大森,13.06,,,,,,,,,51.73,,,5/1
1044,74,2023,5,14,短水路,チーム,29,4×25mフリーリレー,混合,200～239歳,239,1:09.52,,1,,18,浦田昌和,,セ・成城,16.68,,,,,,,,,51.73,,,3/3
1045,74,2023,5,14,短水路,チーム,29,4×25mフリーリレー,混合,200～239歳,239,1:09.52,,2,,18,牧田雅美,,セ・成城,16.72,,,,,,,,,51.73,,,3/3
1046,74,2023,5,14,短水路,チーム,29,4×25mフリーリレー,混合,200～239歳,239,1:09.52,,3,,18,安部盛博,,セ・成城,17.81,,,,,,,,,51.73,,,3/3
1047,74,2023,5,14,短水路,チーム,29,4×25mフリーリレー,混合,200～239歳,239,1:09.52,,4,,18,柳沢智子,,セ・成城,18.31,,,,,,,,,51.73,,,3/3
1048,74,2023,5,14,短水路,チーム,29,4×25mフリーリレー,混合,160～199歳,164,51.71,,1,,1,島脇晃也,,セ・茂原,11.67,,,,,,,,,46.35,,,6/7
1049,74,2023,5,14,短水路,チーム,29,4×25mフリーリレー,混合,160～199歳,164,51.71,,1,,1,島脇晃也,,セ・茂原,11.67,,,,,,,,,46.35,,,6/7
1050,74,2023,5,14,短水路,チーム,29,4×25mフリーリレー,混合,160～199歳,164,51.71,,2,,1,阪田高士,,セ・茂原,12.58,,,,,,,,,46.35,,,6/7
1051,74,2023,5,14,短水路,チーム,29,4×25mフリーリレー,混合,160～199歳,164,51.71,,2,,1,阪田高士,,セ・茂原,12.58,,,,,,,,,46.35,,,6/7
1052,74,2023,5,14,短水路,チーム,29,4×25mフリーリレー,混合,160～199歳,164,51.71,,3,,1,岡澤志織,,セ・茂原,13.62,,,,,,,,,46.35,,,6/7
1053,74,2023,5,14,短水路,チーム,29,4×25mフリーリレー,混合,160～199歳,164,51.71,,3,,1,岡澤志織,,セ・茂原,13.62,,,,,,,,,46.35,,,6/7
1054,74,2023,5,14,短水路,チーム,29,4×25mフリーリレー,混合,160～199歳,164,51.71,,4,,1,村田由里子,,セ・茂原,13.84,,,,,,,,,46.35,,,6/7
1055,74,2023,5,14,短水路,チーム,29,4×25mフリーリレー,混合,160～199歳,164,51.71,,4,,1,村田由里子,,セ・茂原,13.84,,,,,,,,,46.35,,,6/7
1056,74,2023,5,14,短水路,チーム,29,4×25mフリーリレー,混合,160～199歳,164,51.99,,1,,2,和田弘太郎,,セ・阿佐谷,11.66,,,,,,,,,46.35,,,6/4
1057,74,2023,5,14,短水路,チーム,29,4×25mフリーリレー,混合,160～199歳,164,51.99,,1,,2,和田弘太郎,,セ・阿佐谷,11.66,,,,,,,,,46.35,,,6/4
1058,74,2023,5,14,短水路,チーム,29,4×25mフリーリレー,混合,160～199歳,164,51.99,,2,,2,遠藤真理,,セ・阿佐谷,14.77,,,,,,,,,46.35,,,6/4
1059,74,2023,5,14,短水路,チーム,29,4×25mフリーリレー,混合,160～199歳,164,51.99,,2,,2,遠藤真理,,セ・阿佐谷,14.77,,,,,,,,,46.35,,,6/4
1060,74,2023,5,14,短水路,チーム,29,4×25mフリーリレー,混合,160～199歳,164,51.99,,3,,2,吉原望美,,セ・阿佐谷,13.92,,,,,,,,,46.35,,,6/4
1061,74,2023,5,14,短水路,チーム,29,4×25mフリーリレー,混合,160～199歳,164,51.99,,3,,2,吉原望美,,セ・阿佐谷,13.92,,,,,,,,,46.35,,,6/4
1062,74,2023,5,14,短水路,チーム,29,4×25mフリーリレー,混合,160～199歳,164,51.99,,4,,2,林辰典,,セ・阿佐谷,11.64,,,,,,,,,46.35,,,6/4
1063,74,2023,5,14,短水路,チーム,29,4×25mフリーリレー,混合,160～199歳,164,51.99,,4,,2,林辰典,,セ・阿佐谷,11.64,,,,,,,,,46.35,,,6/4
1064,74,2023,5,14,短水路,チーム,29,4×25mフリーリレー,混合,160～199歳,188,52.68,,1,,3,中畑眸,,セ・成城,14.27,,,,,,,,,46.35,,,6/5
1065,74,2023,5,14,短水路,チーム,29,4×25mフリーリレー,混合,160～199歳,188,52.68,,1,,3,中畑眸,,セ・成城,14.27,,,,,,,,,46.35,,,6/5
1066,74,2023,5,14,短水路,チーム,29,4×25mフリーリレー,混合,160～199歳,188,52.68,,2,,3,仲田久美子,,セ・成城,15.02,,,,,,,,,46.35,,,6/5
1067,74,2023,5,14,短水路,チーム,29,4×25mフリーリレー,混合,160～199歳,188,52.68,,2,,3,仲田久美子,,セ・成城,15.02,,,,,,,,,46.35,,,6/5
1068,74,2023,5,14,短水路,チーム,29,4×25mフリーリレー,混合,160～199歳,188,52.68,,3,,3,石井龍,,セ・成城,12.08,,,,,,,,,46.35,,,6/5
1069,74,2023,5,14,短水路,チーム,29,4×25mフリーリレー,混合,160～199歳,188,52.68,,3,,3,石井龍,,セ・成城,12.08,,,,,,,,,46.35,,,6/5
1070,74,2023,5,14,短水路,チーム,29,4×25mフリーリレー,混合,160～199歳,188,52.68,,4,,3,井口暢彦,,セ・成城,11.31,,,,,,,,,46.35,,,6/5
1071,74,2023,5,14,短水路,チーム,29,4×25mフリーリレー,混合,160～199歳,188,52.68,,4,,3,井口暢彦,,セ・成城,11.31,,,,,,,,,46.35,,,6/5
1072,74,2023,5,14,短水路,チーム,29,4×25mフリーリレー,混合,160～199歳,183,52.69,,1,,4,瀧本英樹,,セ・千葉みなと,12.64,,,,,,,,,46.35,,,6/6
1073,74,2023,5,14,短水路,チーム,29,4×25mフリーリレー,混合,160～199歳,183,52.69,,1,,4,瀧本英樹,,セ・千葉みなと,12.64,,,,,,,,,46.35,,,6/6
1074,74,2023,5,14,短水路,チーム,29,4×25mフリーリレー,混合,160～199歳,183,52.69,,2,,4,植村匡詞,,セ・千葉みなと,12.11,,,,,,,,,46.35,,,6/6
1075,74,2023,5,14,短水路,チーム,29,4×25mフリーリレー,混合,160～199歳,183,52.69,,2,,4,植村匡詞,,セ・千葉みなと,12.11,,,,,,,,,46.35,,,6/6
1076,74,2023,5,14,短水路,チーム,29,4×25mフリーリレー,混合,160～199歳,183,52.69,,3,,4,小谷佐織,,セ・千葉みなと,15.07,,,,,,,,,46.35,,,6/6
1077,74,2023,5,14,短水路,チーム,29,4×25mフリーリレー,混合,160～199歳,183,52.69,,3,,4,小谷佐織,,セ・千葉みなと,15.07,,,,,,,,,46.35,,,6/6
1078,74,2023,5,14,短水路,チーム,29,4×25mフリーリレー,混合,160～199歳,183,52.69,,4,,4,片岡祥子,,セ・千葉みなと,12.87,,,,,,,,,46.35,,,6/6
1079,74,2023,5,14,短水路,チーム,29,4×25mフリーリレー,混合,160～199歳,183,52.69,,4,,4,片岡祥子,,セ・千葉みなと,12.87,,,,,,,,,46.35,,,6/6
1080,74,2023,5,14,短水路,チーム,29,4×25mフリーリレー,混合,160～199歳,168,53.69,,1,,5,髙梨大樹,,セ・成城,12.18,,,,,,,,,46.35,,,6/3
1081,74,2023,5,14,短水路,チーム,29,4×25mフリーリレー,混合,160～199歳,168,53.69,,1,,5,髙梨大樹,,セ・成城,12.18,,,,,,,,,46.35,,,6/3
1082,74,2023,5,14,短水路,チーム,29,4×25mフリーリレー,混合,160～199歳,168,53.69,,2,,5,羽田文,,セ・成城,14.31,,,,,,,,,46.35,,,6/3
1083,74,2023,5,14,短水路,チーム,29,4×25mフリーリレー,混合,160～199歳,168,53.69,,2,,5,羽田文,,セ・成城,14.31,,,,,,,,,46.35,,,6/3
1084,74,2023,5,14,短水路,チーム,29,4×25mフリーリレー,混合,160～199歳,168,53.69,,3,,5,大川晴美,,セ・成城,15.00,,,,,,,,,46.35,,,6/3
1085,74,2023,5,14,短水路,チーム,29,4×25mフリーリレー,混合,160～199歳,168,53.69,,3,,5,大川晴美,,セ・成城,15.00,,,,,,,,,46.35,,,6/3
1086,74,2023,5,14,短水路,チーム,29,4×25mフリーリレー,混合,160～199歳,168,53.69,,4,,5,村上守,,セ・成城,12.20,,,,,,,,,46.35,,,6/3
1087,74,2023,5,14,短水路,チーム,29,4×25mフリーリレー,混合,160～199歳,168,53.69,,4,,5,村上守,,セ・成城,12.20,,,,,,,,,46.35,,,6/3
1088,74,2023,5,14,短水路,チーム,29,4×25mフリーリレー,混合,160～199歳,170,55.05,,1,,6,宅間健介,,セ・天王洲,13.03,,,,,,,,,46.35,,,6/8
1089,74,2023,5,14,短水路,チーム,29,4×25mフリーリレー,混合,160～199歳,170,55.05,,1,,6,宅間健介,,セ・天王洲,13.03,,,,,,,,,46.35,,,6/8
1090,74,2023,5,14,短水路,チーム,29,4×25mフリーリレー,混合,160～199歳,170,55.05,,2,,6,四井美穂,,セ・天王洲,15.32,,,,,,,,,46.35,,,6/8
1091,74,2023,5,14,短水路,チーム,29,4×25mフリーリレー,混合,160～199歳,170,55.05,,2,,6,四井美穂,,セ・天王洲,15.32,,,,,,,,,46.35,,,6/8
1092,74,2023,5,14,短水路,チーム,29,4×25mフリーリレー,混合,160～199歳,170,55.05,,3,,6,萩原ゆりか,,セ・天王洲,14.51,,,,,,,,,46.35,,,6/8
1093,74,2023,5,14,短水路,チーム,29,4×25mフリーリレー,混合,160～199歳,170,55.05,,3,,6,萩原ゆりか,,セ・天王洲,14.51,,,,,,,,,46.35,,,6/8
1094,74,2023,5,14,短水路,チーム,29,4×25mフリーリレー,混合,160～199歳,170,55.05,,4,,6,倉持公一,,セ・天王洲,12.19,,,,,,,,,46.35,,,6/8
1095,74,2023,5,14,短水路,チーム,29,4×25mフリーリレー,混合,160～199歳,170,55.05,,4,,6,倉持公一,,セ・天王洲,12.19,,,,,,,,,46.35,,,6/8
1096,74,2023,5,14,短水路,チーム,29,4×25mフリーリレー,混合,160～199歳,180,55.11,,1,,7,和田浩一,,セ・用賀,13.40,,,,,,,,,46.35,,,6/1
1097,74,2023,5,14,短水路,チーム,29,4×25mフリーリレー,混合,160～199歳,180,55.11,,1,,7,和田浩一,,セ・用賀,13.40,,,,,,,,,46.35,,,6/1
1098,74,2023,5,14,短水路,チーム,29,4×25mフリーリレー,混合,160～199歳,180,55.11,,2,,7,大矢麻衣子,,セ・用賀,13.46,,,,,,,,,46.35,,,6/1
1099,74,2023,5,14,短水路,チーム,29,4×25mフリーリレー,混合,160～199歳,180,55.11,,2,,7,大矢麻衣子,,セ・用賀,13.46,,,,,,,,,46.35,,,6/1
1100,74,2023,5,14,短水路,チーム,29,4×25mフリーリレー,混合,160～199歳,180,55.11,,3,,7,西岡祐子,,セ・用賀,16.83,,,,,,,,,46.35,,,6/1
1101,74,2023,5,14,短水路,チーム,29,4×25mフリーリレー,混合,160～199歳,180,55.11,,3,,7,西岡祐子,,セ・用賀,16.83,,,,,,,,,46.35,,,6/1
1102,74,2023,5,14,短水路,チーム,29,4×25mフリーリレー,混合,160～199歳,180,55.11,,4,,7,室坂拓真,,セ・用賀,11.42,,,,,,,,,46.35,,,6/1
1103,74,2023,5,14,短水路,チーム,29,4×25mフリーリレー,混合,160～199歳,180,55.11,,4,,7,室坂拓真,,セ・用賀,11.42,,,,,,,,,46.35,,,6/1
1104,74,2023,5,14,短水路,チーム,29,4×25mフリーリレー,混合,160～199歳,179,55.18,,1,,8,堀川広祐,,セ・二俣川,12.98,,,,,,,,,46.35,,,6/2
1105,74,2023,5,14,短水路,チーム,29,4×25mフリーリレー,混合,160～199歳,179,55.18,,1,,8,堀川広祐,,セ・二俣川,12.98,,,,,,,,,46.35,,,6/2
1106,74,2023,5,14,短水路,チーム,29,4×25mフリーリレー,混合,160～199歳,179,55.18,,2,,8,吉池奈々,,セ・二俣川,16.00,,,,,,,,,46.35,,,6/2
1107,74,2023,5,14,短水路,チーム,29,4×25mフリーリレー,混合,160～199歳,179,55.18,,2,,8,吉池奈々,,セ・二俣川,16.00,,,,,,,,,46.35,,,6/2
1108,74,2023,5,14,短水路,チーム,29,4×25mフリーリレー,混合,160～199歳,179,55.18,,3,,8,草野茜,,セ・二俣川,14.90,,,,,,,,,46.35,,,6/2
1109,74,2023,5,14,短水路,チーム,29,4×25mフリーリレー,混合,160～199歳,179,55.18,,3,,8,草野茜,,セ・二俣川,14.90,,,,,,,,,46.35,,,6/2
1110,74,2023,5,14,短水路,チーム,29,4×25mフリーリレー,混合,160～199歳,179,55.18,,4,,8,鶴谷学,,セ・二俣川,11.30,,,,,,,,,46.35,,,6/2
1111,74,2023,5,14,短水路,チーム,29,4×25mフリーリレー,混合,160～199歳,179,55.18,,4,,8,鶴谷学,,セ・二俣川,11.30,,,,,,,,,46.35,,,6/2
1112,74,2023,5,14,短水路,チーム,29,4×25mフリーリレー,混合,160～199歳,191,55.39,,1,,9,前田潤,,セ・松戸,13.08,,,,,,,,,46.35,,,5/5
1113,74,2023,5,14,短水路,チーム,29,4×25mフリーリレー,混合,160～199歳,191,55.39,,1,,9,前田潤,,セ・松戸,13.08,,,,,,,,,46.35,,,5/5
1114,74,2023,5,14,短水路,チーム,29,4×25mフリーリレー,混合,160～199歳,191,55.39,,2,,9,鈴木敏志,,セ・松戸,12.20,,,,,,,,,46.35,,,5/5
1115,74,2023,5,14,短水路,チーム,29,4×25mフリーリレー,混合,160～199歳,191,55.39,,2,,9,鈴木敏志,,セ・松戸,12.20,,,,,,,,,46.35,,,5/5
1116,74,2023,5,14,短水路,チーム,29,4×25mフリーリレー,混合,160～199歳,191,55.39,,3,,9,髙橋圭,,セ・松戸,15.22,,,,,,,,,46.35,,,5/5
1117,74,2023,5,14,短水路,チーム,29,4×25mフリーリレー,混合,160～199歳,191,55.39,,3,,9,髙橋圭,,セ・松戸,15.22,,,,,,,,,46.35,,,5/5
1118,74,2023,5,14,短水路,チーム,29,4×25mフリーリレー,混合,160～199歳,191,55.39,,4,,9,八尋加苗,,セ・松戸,14.89,,,,,,,,,46.35,,,5/5
1119,74,2023,5,14,短水路,チーム,29,4×25mフリーリレー,混合,160～199歳,191,55.39,,4,,9,八尋加苗,,セ・松戸,14.89,,,,,,,,,46.35,,,5/5
1120,74,2023,5,14,短水路,チーム,29,4×25mフリーリレー,混合,160～199歳,164,51.71,,1,,1,島脇晃也,,セ・茂原,11.67,,,,,,,,,50.90,,,6/7
1121,74,2023,5,14,短水路,チーム,29,4×25mフリーリレー,混合,160～199歳,164,51.71,,1,,1,島脇晃也,,セ・茂原,11.67,,,,,,,,,50.90,,,6/7
1122,74,2023,5,14,短水路,チーム,29,4×25mフリーリレー,混合,160～199歳,164,51.71,,2,,1,阪田高士,,セ・茂原,12.58,,,,,,,,,50.90,,,6/7
1123,74,2023,5,14,短水路,チーム,29,4×25mフリーリレー,混合,160～199歳,164,51.71,,2,,1,阪田高士,,セ・茂原,12.58,,,,,,,,,50.90,,,6/7
1124,74,2023,5,14,短水路,チーム,29,4×25mフリーリレー,混合,160～199歳,164,51.71,,3,,1,岡澤志織,,セ・茂原,13.62,,,,,,,,,50.90,,,6/7
1125,74,2023,5,14,短水路,チーム,29,4×25mフリーリレー,混合,160～199歳,164,51.71,,3,,1,岡澤志織,,セ・茂原,13.62,,,,,,,,,50.90,,,6/7
1126,74,2023,5,14,短水路,チーム,29,4×25mフリーリレー,混合,160～199歳,164,51.71,,4,,1,村田由里子,,セ・茂原,13.84,,,,,,,,,50.90,,,6/7
1127,74,2023,5,14,短水路,チーム,29,4×25mフリーリレー,混合,160～199歳,164,51.71,,4,,1,村田由里子,,セ・茂原,13.84,,,,,,,,,50.90,,,6/7
1128,74,2023,5,14,短水路,チーム,29,4×25mフリーリレー,混合,160～199歳,164,51.99,,1,,2,和田弘太郎,,セ・阿佐谷,11.66,,,,,,,,,50.90,,,6/4
1129,74,2023,5,14,短水路,チーム,29,4×25mフリーリレー,混合,160～199歳,164,51.99,,1,,2,和田弘太郎,,セ・阿佐谷,11.66,,,,,,,,,50.90,,,6/4
1130,74,2023,5,14,短水路,チーム,29,4×25mフリーリレー,混合,160～199歳,164,51.99,,2,,2,遠藤真理,,セ・阿佐谷,14.77,,,,,,,,,50.90,,,6/4
1131,74,2023,5,14,短水路,チーム,29,4×25mフリーリレー,混合,160～199歳,164,51.99,,2,,2,遠藤真理,,セ・阿佐谷,14.77,,,,,,,,,50.90,,,6/4
1132,74,2023,5,14,短水路,チーム,29,4×25mフリーリレー,混合,160～199歳,164,51.99,,3,,2,吉原望美,,セ・阿佐谷,13.92,,,,,,,,,50.90,,,6/4
1133,74,2023,5,14,短水路,チーム,29,4×25mフリーリレー,混合,160～199歳,164,51.99,,3,,2,吉原望美,,セ・阿佐谷,13.92,,,,,,,,,50.90,,,6/4
1134,74,2023,5,14,短水路,チーム,29,4×25mフリーリレー,混合,160～199歳,164,51.99,,4,,2,林辰典,,セ・阿佐谷,11.64,,,,,,,,,50.90,,,6/4
1135,74,2023,5,14,短水路,チーム,29,4×25mフリーリレー,混合,160～199歳,164,51.99,,4,,2,林辰典,,セ・阿佐谷,11.64,,,,,,,,,50.90,,,6/4
1136,74,2023,5,14,短水路,チーム,29,4×25mフリーリレー,混合,160～199歳,188,52.68,,1,,3,中畑眸,,セ・成城,14.27,,,,,,,,,50.90,,,6/5
1137,74,2023,5,14,短水路,チーム,29,4×25mフリーリレー,混合,160～199歳,188,52.68,,1,,3,中畑眸,,セ・成城,14.27,,,,,,,,,50.90,,,6/5
1138,74,2023,5,14,短水路,チーム,29,4×25mフリーリレー,混合,160～199歳,188,52.68,,2,,3,仲田久美子,,セ・成城,15.02,,,,,,,,,50.90,,,6/5
1139,74,2023,5,14,短水路,チーム,29,4×25mフリーリレー,混合,160～199歳,188,52.68,,2,,3,仲田久美子,,セ・成城,15.02,,,,,,,,,50.90,,,6/5
1140,74,2023,5,14,短水路,チーム,29,4×25mフリーリレー,混合,160～199歳,188,52.68,,3,,3,石井龍,,セ・成城,12.08,,,,,,,,,50.90,,,6/5
1141,74,2023,5,14,短水路,チーム,29,4×25mフリーリレー,混合,160～199歳,188,52.68,,3,,3,石井龍,,セ・成城,12.08,,,,,,,,,50.90,,,6/5
1142,74,2023,5,14,短水路,チーム,29,4×25mフリーリレー,混合,160～199歳,188,52.68,,4,,3,井口暢彦,,セ・成城,11.31,,,,,,,,,50.90,,,6/5
1143,74,2023,5,14,短水路,チーム,29,4×25mフリーリレー,混合,160～199歳,188,52.68,,4,,3,井口暢彦,,セ・成城,11.31,,,,,,,,,50.90,,,6/5
1144,74,2023,5,14,短水路,チーム,29,4×25mフリーリレー,混合,160～199歳,183,52.69,,1,,4,瀧本英樹,,セ・千葉みなと,12.64,,,,,,,,,50.90,,,6/6
1145,74,2023,5,14,短水路,チーム,29,4×25mフリーリレー,混合,160～199歳,183,52.69,,1,,4,瀧本英樹,,セ・千葉みなと,12.64,,,,,,,,,50.90,,,6/6
1146,74,2023,5,14,短水路,チーム,29,4×25mフリーリレー,混合,160～199歳,183,52.69,,2,,4,植村匡詞,,セ・千葉みなと,12.11,,,,,,,,,50.90,,,6/6
1147,74,2023,5,14,短水路,チーム,29,4×25mフリーリレー,混合,160～199歳,183,52.69,,2,,4,植村匡詞,,セ・千葉みなと,12.11,,,,,,,,,50.90,,,6/6
1148,74,2023,5,14,短水路,チーム,29,4×25mフリーリレー,混合,160～199歳,183,52.69,,3,,4,小谷佐織,,セ・千葉みなと,15.07,,,,,,,,,50.90,,,6/6
1149,74,2023,5,14,短水路,チーム,29,4×25mフリーリレー,混合,160～199歳,183,52.69,,3,,4,小谷佐織,,セ・千葉みなと,15.07,,,,,,,,,50.90,,,6/6
1150,74,2023,5,14,短水路,チーム,29,4×25mフリーリレー,混合,160～199歳,183,52.69,,4,,4,片岡祥子,,セ・千葉みなと,12.87,,,,,,,,,50.90,,,6/6
1151,74,2023,5,14,短水路,チーム,29,4×25mフリーリレー,混合,160～199歳,183,52.69,,4,,4,片岡祥子,,セ・千葉みなと,12.87,,,,,,,,,50.90,,,6/6
1152,74,2023,5,14,短水路,チーム,29,4×25mフリーリレー,混合,160～199歳,168,53.69,,1,,5,髙梨大樹,,セ・成城,12.18,,,,,,,,,50.90,,,6/3
1153,74,2023,5,14,短水路,チーム,29,4×25mフリーリレー,混合,160～199歳,168,53.69,,1,,5,髙梨大樹,,セ・成城,12.18,,,,,,,,,50.90,,,6/3
1154,74,2023,5,14,短水路,チーム,29,4×25mフリーリレー,混合,160～199歳,168,53.69,,2,,5,羽田文,,セ・成城,14.31,,,,,,,,,50.90,,,6/3
1155,74,2023,5,14,短水路,チーム,29,4×25mフリーリレー,混合,160～199歳,168,53.69,,2,,5,羽田文,,セ・成城,14.31,,,,,,,,,50.90,,,6/3
1156,74,2023,5,14,短水路,チーム,29,4×25mフリーリレー,混合,160～199歳,168,53.69,,3,,5,大川晴美,,セ・成城,15.00,,,,,,,,,50.90,,,6/3
1157,74,2023,5,14,短水路,チーム,29,4×25mフリーリレー,混合,160～199歳,168,53.69,,3,,5,大川晴美,,セ・成城,15.00,,,,,,,,,50.90,,,6/3
1158,74,2023,5,14,短水路,チーム,29,4×25mフリーリレー,混合,160～199歳,168,53.69,,4,,5,村上守,,セ・成城,12.20,,,,,,,,,50.90,,,6/3
1159,74,2023,5,14,短水路,チーム,29,4×25mフリーリレー,混合,160～199歳,168,53.69,,4,,5,村上守,,セ・成城,12.20,,,,,,,,,50.90,,,6/3
1160,74,2023,5,14,短水路,チーム,29,4×25mフリーリレー,混合,160～199歳,170,55.05,,1,,6,宅間健介,,セ・天王洲,13.03,,,,,,,,,50.90,,,6/8
1161,74,2023,5,14,短水路,チーム,29,4×25mフリーリレー,混合,160～199歳,170,55.05,,1,,6,宅間健介,,セ・天王洲,13.03,,,,,,,,,50.90,,,6/8
1162,74,2023,5,14,短水路,チーム,29,4×25mフリーリレー,混合,160～199歳,170,55.05,,2,,6,四井美穂,,セ・天王洲,15.32,,,,,,,,,50.90,,,6/8
1163,74,2023,5,14,短水路,チーム,29,4×25mフリーリレー,混合,160～199歳,170,55.05,,2,,6,四井美穂,,セ・天王洲,15.32,,,,,,,,,50.90,,,6/8
1164,74,2023,5,14,短水路,チーム,29,4×25mフリーリレー,混合,160～199歳,170,55.05,,3,,6,萩原ゆりか,,セ・天王洲,14.51,,,,,,,,,50.90,,,6/8
1165,74,2023,5,14,短水路,チーム,29,4×25mフリーリレー,混合,160～199歳,170,55.05,,3,,6,萩原ゆりか,,セ・天王洲,14.51,,,,,,,,,50.90,,,6/8
1166,74,2023,5,14,短水路,チーム,29,4×25mフリーリレー,混合,160～199歳,170,55.05,,4,,6,倉持公一,,セ・天王洲,12.19,,,,,,,,,50.90,,,6/8
1167,74,2023,5,14,短水路,チーム,29,4×25mフリーリレー,混合,160～199歳,170,55.05,,4,,6,倉持公一,,セ・天王洲,12.19,,,,,,,,,50.90,,,6/8
1168,74,2023,5,14,短水路,チーム,29,4×25mフリーリレー,混合,160～199歳,180,55.11,,1,,7,和田浩一,,セ・用賀,13.40,,,,,,,,,50.90,,,6/1
1169,74,2023,5,14,短水路,チーム,29,4×25mフリーリレー,混合,160～199歳,180,55.11,,1,,7,和田浩一,,セ・用賀,13.40,,,,,,,,,50.90,,,6/1
1170,74,2023,5,14,短水路,チーム,29,4×25mフリーリレー,混合,160～199歳,180,55.11,,2,,7,大矢麻衣子,,セ・用賀,13.46,,,,,,,,,50.90,,,6/1
1171,74,2023,5,14,短水路,チーム,29,4×25mフリーリレー,混合,160～199歳,180,55.11,,2,,7,大矢麻衣子,,セ・用賀,13.46,,,,,,,,,50.90,,,6/1
1172,74,2023,5,14,短水路,チーム,29,4×25mフリーリレー,混合,160～199歳,180,55.11,,3,,7,西岡祐子,,セ・用賀,16.83,,,,,,,,,50.90,,,6/1
1173,74,2023,5,14,短水路,チーム,29,4×25mフリーリレー,混合,160～199歳,180,55.11,,3,,7,西岡祐子,,セ・用賀,16.83,,,,,,,,,50.90,,,6/1
1174,74,2023,5,14,短水路,チーム,29,4×25mフリーリレー,混合,160～199歳,180,55.11,,4,,7,室坂拓真,,セ・用賀,11.42,,,,,,,,,50.90,,,6/1
1175,74,2023,5,14,短水路,チーム,29,4×25mフリーリレー,混合,160～199歳,180,55.11,,4,,7,室坂拓真,,セ・用賀,11.42,,,,,,,,,50.90,,,6/1
1176,74,2023,5,14,短水路,チーム,29,4×25mフリーリレー,混合,160～199歳,179,55.18,,1,,8,堀川広祐,,セ・二俣川,12.98,,,,,,,,,50.90,,,6/2
1177,74,2023,5,14,短水路,チーム,29,4×25mフリーリレー,混合,160～199歳,179,55.18,,1,,8,堀川広祐,,セ・二俣川,12.98,,,,,,,,,50.90,,,6/2
1178,74,2023,5,14,短水路,チーム,29,4×25mフリーリレー,混合,160～199歳,179,55.18,,2,,8,吉池奈々,,セ・二俣川,16.00,,,,,,,,,50.90,,,6/2
1179,74,2023,5,14,短水路,チーム,29,4×25mフリーリレー,混合,160～199歳,179,55.18,,2,,8,吉池奈々,,セ・二俣川,16.00,,,,,,,,,50.90,,,6/2
1180,74,2023,5,14,短水路,チーム,29,4×25mフリーリレー,混合,160～199歳,179,55.18,,3,,8,草野茜,,セ・二俣川,14.90,,,,,,,,,50.90,,,6/2
1181,74,2023,5,14,短水路,チーム,29,4×25mフリーリレー,混合,160～199歳,179,55.18,,3,,8,草野茜,,セ・二俣川,14.90,,,,,,,,,50.90,,,6/2
1182,74,2023,5,14,短水路,チーム,29,4×25mフリーリレー,混合,160～199歳,179,55.18,,4,,8,鶴谷学,,セ・二俣川,11.30,,,,,,,,,50.90,,,6/2
1183,74,2023,5,14,短水路,チーム,29,4×25mフリーリレー,混合,160～199歳,179,55.18,,4,,8,鶴谷学,,セ・二俣川,11.30,,,,,,,,,50.90,,,6/2
1184,74,2023,5,14,短水路,チーム,29,4×25mフリーリレー,混合,160～199歳,191,55.39,,1,,9,前田潤,,セ・松戸,13.08,,,,,,,,,50.90,,,5/5
1185,74,2023,5,14,短水路,チーム,29,4×25mフリーリレー,混合,160～199歳,191,55.39,,1,,9,前田潤,,セ・松戸,13.08,,,,,,,,,50.90,,,5/5
1186,74,2023,5,14,短水路,チーム,29,4×25mフリーリレー,混合,160～199歳,191,55.39,,2,,9,鈴木敏志,,セ・松戸,12.20,,,,,,,,,50.90,,,5/5
1187,74,2023,5,14,短水路,チーム,29,4×25mフリーリレー,混合,160～199歳,191,55.39,,2,,9,鈴木敏志,,セ・松戸,12.20,,,,,,,,,50.90,,,5/5
1188,74,2023,5,14,短水路,チーム,29,4×25mフリーリレー,混合,160～199歳,191,55.39,,3,,9,髙橋圭,,セ・松戸,15.22,,,,,,,,,50.90,,,5/5
1189,74,2023,5,14,短水路,チーム,29,4×25mフリーリレー,混合,160～199歳,191,55.39,,3,,9,髙橋圭,,セ・松戸,15.22,,,,,,,,,50.90,,,5/5
1190,74,2023,5,14,短水路,チーム,29,4×25mフリーリレー,混合,160～199歳,191,55.39,,4,,9,八尋加苗,,セ・松戸,14.89,,,,,,,,,50.90,,,5/5
1191,74,2023,5,14,短水路,チーム,29,4×25mフリーリレー,混合,160～199歳,191,55.39,,4,,9,八尋加苗,,セ・松戸,14.89,,,,,,,,,50.90,,,5/5
1192,74,2023,5,14,短水路,チーム,29,4×25mフリーリレー,混合,160～199歳,187,55.94,,1,,10,石賀幸子,,セ・八王子,13.74,,,,,,,,,50.90,,,5/7
1193,74,2023,5,14,短水路,チーム,29,4×25mフリーリレー,混合,160～199歳,187,55.94,,2,,10,小室桃子,,セ・八王子,14.95,,,,,,,,,50.90,,,5/7
1194,74,2023,5,14,短水路,チーム,29,4×25mフリーリレー,混合,160～199歳,187,55.94,,3,,10,鈴木直哉,,セ・八王子,14.60,,,,,,,,,50.90,,,5/7
1195,74,2023,5,14,短水路,チーム,29,4×25mフリーリレー,混合,160～199歳,187,55.94,,4,,10,小室秀幸,,セ・八王子,12.65,,,,,,,,,50.90,,,5/7
1196,74,2023,5,14,短水路,チーム,29,4×25mフリーリレー,混合,160～199歳,199,56.94,,1,,11,小倉秀和,,セ・清瀬,13.44,,,,,,,,,50.90,,,7/3
1197,74,2023,5,14,短水路,チーム,29,4×25mフリーリレー,混合,160～199歳,199,56.94,,2,,11,小倉直美,,セ・清瀬,15.49,,,,,,,,,50.90,,,7/3
1198,74,2023,5,14,短水路,チーム,29,4×25mフリーリレー,混合,160～199歳,199,56.94,,3,,11,山岡香織,,セ・清瀬,16.25,,,,,,,,,50.90,,,7/3
1199,74,2023,5,14,短水路,チーム,29,4×25mフリーリレー,混合,160～199歳,199,56.94,,4,,11,山岡拓馬,,セ・清瀬,11.76,,,,,,,,,50.90,,,7/3
1200,74,2023,5,14,短水路,チーム,29,4×25mフリーリレー,混合,160～199歳,192,57.02,,1,,12,伊藤正二,,セ・大森,14.76,,,,,,,,,50.90,,,5/8
1201,74,2023,5,14,短水路,チーム,29,4×25mフリーリレー,混合,160～199歳,192,57.02,,2,,12,浅尾有香,,セ・大森,13.92,,,,,,,,,50.90,,,5/8
1202,74,2023,5,14,短水路,チーム,29,4×25mフリーリレー,混合,160～199歳,192,57.02,,3,,12,髙島典子,,セ・大森,15.94,,,,,,,,,50.90,,,5/8
1203,74,2023,5,14,短水路,チーム,29,4×25mフリーリレー,混合,160～199歳,192,57.02,,4,,12,小林弘典,,セ・大森,12.40,,,,,,,,,50.90,,,5/8
1204,74,2023,5,14,短水路,チーム,29,4×25mフリーリレー,混合,160～199歳,189,57.50,,1,,13,中込孝之,,ザバス川崎,12.90,,,,,,,,,50.90,,,7/2
1205,74,2023,5,14,短水路,チーム,29,4×25mフリーリレー,混合,160～199歳,189,57.50,,2,,13,錦織佳奈子,,ザバス川崎,15.73,,,,,,,,,50.90,,,7/2
1206,74,2023,5,14,短水路,チーム,29,4×25mフリーリレー,混合,160～199歳,189,57.50,,3,,13,川久保ちづる,,ザバス川崎,16.84,,,,,,,,,50.90,,,7/2
1207,74,2023,5,14,短水路,チーム,29,4×25mフリーリレー,混合,160～199歳,189,57.50,,4,,13,河野大和,,ザバス川崎,12.03,,,,,,,,,50.90,,,7/2
1208,74,2023,5,14,短水路,チーム,29,4×25mフリーリレー,混合,160～199歳,180,57.72,,1,,14,杉本浩孝,,ザバス金沢八,12.23,,,,,,,,,50.90,,,7/4
1209,74,2023,5,14,短水路,チーム,29,4×25mフリーリレー,混合,160～199歳,180,57.72,,2,,14,座間千鶴子,,ザバス金沢八,17.92,,,,,,,,,50.90,,,7/4
1210,74,2023,5,14,短水路,チーム,29,4×25mフリーリレー,混合,160～199歳,180,57.72,,3,,14,鶴岡美佐,,ザバス金沢八,15.72,,,,,,,,,50.90,,,7/4
1211,74,2023,5,14,短水路,チーム,29,4×25mフリーリレー,混合,160～199歳,180,57.72,,4,,14,森寛大,,ザバス金沢八,11.85,,,,,,,,,50.90,,,7/4
1212,74,2023,5,14,短水路,チーム,29,4×25mフリーリレー,混合,160～199歳,195,1:03.08,,1,,15,山岡政陽,,セ・成瀬,13.20,,,,,,,,,50.90,,,5/6
1213,74,2023,5,14,短水路,チーム,29,4×25mフリーリレー,混合,160～199歳,195,1:03.08,,2,,15,田中三奈子,,セ・成瀬,19.48,,,,,,,,,50.90,,,5/6
1214,74,2023,5,14,短水路,チーム,29,4×25mフリーリレー,混合,160～199歳,195,1:03.08,,3,,15,兵頭和子,,セ・成瀬,15.15,,,,,,,,,50.90,,,5/6
1215,74,2023,5,14,短水路,チーム,29,4×25mフリーリレー,混合,160～199歳,195,1:03.08,,4,,15,髙橋潤,,セ・成瀬,15.25,,,,,,,,,50.90,,,5/6
1216,74,2023,5,14,短水路,チーム,29,4×25mフリーリレー,混合,160～199歳,195,1:03.31,,1,,16,廣本佳也,,セ・上池袋,14.13,,,,,,,,,50.90,,,5/3
1217,74,2023,5,14,短水路,チーム,29,4×25mフリーリレー,混合,160～199歳,195,1:03.31,,2,,16,加藤美保,,セ・上池袋,17.95,,,,,,,,,50.90,,,5/3
1218,74,2023,5,14,短水路,チーム,29,4×25mフリーリレー,混合,160～199歳,195,1:03.31,,3,,16,磯村麻衣子,,セ・上池袋,17.35,,,,,,,,,50.90,,,5/3
1219,74,2023,5,14,短水路,チーム,29,4×25mフリーリレー,混合,160～199歳,195,1:03.31,,4,,16,榊原豪,,セ・上池袋,13.88,,,,,,,,,50.90,,,5/3
1220,74,2023,5,14,短水路,チーム,29,4×25mフリーリレー,混合,160～199歳,179,1:03.83,,1,,17,竹下翔,,セ・長津田,13.12,,,,,,,,,50.90,,,7/1
1221,74,2023,5,14,短水路,チーム,29,4×25mフリーリレー,混合,160～199歳,179,1:03.83,,2,,17,西野宮冬木,,セ・長津田,13.51,,,,,,,,,50.90,,,7/1
1222,74,2023,5,14,短水路,チーム,29,4×25mフリーリレー,混合,160～199歳,179,1:03.83,,3,,17,久保とし子,,セ・長津田,18.22,,,,,,,,,50.90,,,7/1
1223,74,2023,5,14,短水路,チーム,29,4×25mフリーリレー,混合,160～199歳,179,1:03.83,,4,,17,久保美由紀,,セ・長津田,18.98,,,,,,,,,50.90,,,7/1
1224,74,2023,5,14,短水路,チーム,29,4×25mフリーリレー,混合,160～199歳,195,1:06.49,,1,,18,大野淳哉,,セ・上池袋,14.18,,,,,,,,,50.90,,,5/4
1225,74,2023,5,14,短水路,チーム,29,4×25mフリーリレー,混合,160～199歳,195,1:06.49,,2,,18,岩井千絵,,セ・上池袋,15.82,,,,,,,,,50.90,,,5/4
1226,74,2023,5,14,短水路,チーム,29,4×25mフリーリレー,混合,160～199歳,195,1:06.49,,3,,18,上松弘子,,セ・上池袋,20.95,,,,,,,,,50.90,,,5/4
1227,74,2023,5,14,短水路,チーム,29,4×25mフリーリレー,混合,160～199歳,195,1:06.49,,4,,18,近藤正之,,セ・上池袋,15.54,,,,,,,,,50.90,,,5/4
1228,74,2023,5,14,短水路,チーム,29,4×25mフリーリレー,混合,120～159歳,141,48.96,,1,,1,前田崇行,,セ・二俣川,11.74,,,,,,,,,44.91,,,8/2
1229,74,2023,5,14,短水路,チーム,29,4×25mフリーリレー,混合,120～159歳,141,48.96,,2,,1,長瀬涼佳,,セ・二俣川,13.62,,,,,,,,,44.91,,,8/2
1230,74,2023,5,14,短水路,チーム,29,4×25mフリーリレー,混合,120～159歳,141,48.96,,3,,1,日吉麻夏,,セ・二俣川,13.27,,,,,,,,,44.91,,,8/2
1231,74,2023,5,14,短水路,チーム,29,4×25mフリーリレー,混合,120～159歳,141,48.96,,4,,1,前田康輔,,セ・二俣川,10.33,,,,,,,,,44.91,,,8/2
1232,74,2023,5,14,短水路,チーム,29,4×25mフリーリレー,混合,120～159歳,155,49.80,,1,,2,椎本恭平,,セ・目黒,12.34,,,,,,,,,44.91,,,8/1
1233,74,2023,5,14,短水路,チーム,29,4×25mフリーリレー,混合,120～159歳,155,49.80,,2,,2,菊地美春,,セ・目黒,13.61,,,,,,,,,44.91,,,8/1
1234,74,2023,5,14,短水路,チーム,29,4×25mフリーリレー,混合,120～159歳,155,49.80,,3,,2,舘野美香,,セ・目黒,12.93,,,,,,,,,44.91,,,8/1
1235,74,2023,5,14,短水路,チーム,29,4×25mフリーリレー,混合,120～159歳,155,49.80,,4,,2,森岳,,セ・目黒,10.92,,,,,,,,,44.91,,,8/1
1236,74,2023,5,14,短水路,チーム,29,4×25mフリーリレー,混合,120～159歳,131,50.13,,1,,3,内田空良,,セ・長津田,11.73,,,,,,,,,44.91,,,8/3
1237,74,2023,5,14,短水路,チーム,29,4×25mフリーリレー,混合,120～159歳,131,50.13,,2,,3,矢作歩,,セ・長津田,12.60,,,,,,,,,44.91,,,8/3
1238,74,2023,5,14,短水路,チーム,29,4×25mフリーリレー,混合,120～159歳,131,50.13,,3,,3,吉村華余,,セ・長津田,12.95,,,,,,,,,44.91,,,8/3
1239,74,2023,5,14,短水路,チーム,29,4×25mフリーリレー,混合,120～159歳,131,50.13,,4,,3,宍戸萌,,セ・長津田,12.85,,,,,,,,,44.91,,,8/3
1240,74,2023,5,14,短水路,チーム,29,4×25mフリーリレー,混合,120～159歳,141,53.35,,1,,4,江熊夕人,,セ・慶應日吉,12.97,,,,,,,,,44.91,,,7/6
1241,74,2023,5,14,短水路,チーム,29,4×25mフリーリレー,混合,120～159歳,141,53.35,,2,,4,前畑章子,,セ・慶應日吉,14.38,,,,,,,,,44.91,,,7/6
1242,74,2023,5,14,短水路,チーム,29,4×25mフリーリレー,混合,120～159歳,141,53.35,,3,,4,松廣花月,,セ・慶應日吉,14.39,,,,,,,,,44.91,,,7/6
1243,74,2023,5,14,短水路,チーム,29,4×25mフリーリレー,混合,120～159歳,141,53.35,,4,,4,濱中翔太,,セ・慶應日吉,11.61,,,,,,,,,44.91,,,7/6
1244,74,2023,5,14,短水路,チーム,29,4×25mフリーリレー,混合,120～159歳,153,54.43,,1,,5,望月美瑛,,セ・トレッサ,16.16,,,,,,,,,44.91,,,7/5
1245,74,2023,5,14,短水路,チーム,29,4×25mフリーリレー,混合,120～159歳,153,54.43,,2,,5,新井田将司,,セ・トレッサ,12.79,,,,,,,,,44.91,,,7/5
1246,74,2023,5,14,短水路,チーム,29,4×25mフリーリレー,混合,120～159歳,153,54.43,,3,,5,菅原幸,,セ・トレッサ,14.80,,,,,,,,,44.91,,,7/5
1247,74,2023,5,14,短水路,チーム,29,4×25mフリーリレー,混合,120～159歳,153,54.43,,4,,5,板垣義人,,セ・トレッサ,10.68,,,,,,,,,44.91,,,7/5
1248,74,2023,5,14,短水路,チーム,29,4×25mフリーリレー,混合,120～159歳,159,58.02,,1,,6,今里昂哉,,セ・清瀬,12.36,,,,,,,,,44.91,,,7/7
1249,74,2023,5,14,短水路,チーム,29,4×25mフリーリレー,混合,120～159歳,159,58.02,,2,,6,小笠原暁子,,セ・清瀬,19.05,,,,,,,,,44.91,,,7/7
1250,74,2023,5,14,短水路,チーム,29,4×25mフリーリレー,混合,120～159歳,159,58.02,,3,,6,大黒明日香,,セ・清瀬,14.63,,,,,,,,,44.91,,,7/7
1251,74,2023,5,14,短水路,チーム,29,4×25mフリーリレー,混合,120～159歳,159,58.02,,4,,6,塚本拓也,,セ・清瀬,11.98,,,,,,,,,44.91,,,7/7
1252,74,2023,5,14,短水路,チーム,29,4×25mフリーリレー,混合,72～119歳,87,48.74,,1,,1,田中啓二朗,,セ・二俣川,11.56,,,,,,,,,44.95,,,8/4
1253,74,2023,5,14,短水路,チーム,29,4×25mフリーリレー,混合,72～119歳,87,48.74,,2,,1,志賀菜々美,,セ・二俣川,12.97,,,,,,,,,44.95,,,8/4
1254,74,2023,5,14,短水路,チーム,29,4×25mフリーリレー,混合,72～119歳,87,48.74,,3,,1,秋澤裕介,,セ・二俣川,11.23,,,,,,,,,44.95,,,8/4
1255,74,2023,5,14,短水路,チーム,29,4×25mフリーリレー,混合,72～119歳,87,48.74,,4,,1,岩倉柚,,セ・二俣川,12.98,,,,,,,,,44.95,,,8/4
1256,74,2023,5,14,短水路,チーム,29,4×25mフリーリレー,混合,72～119歳,104,49.10,,1,,2,相戸百瑛,,セ・慶應日吉,12.98,,,,,,,,,44.95,,,8/6
1257,74,2023,5,14,短水路,チーム,29,4×25mフリーリレー,混合,72～119歳,104,49.10,,2,,2,コリガンシェイ颯介,,セ・慶應日吉,11.37,,,,,,,,,44.95,,,8/6
1258,74,2023,5,14,短水路,チーム,29,4×25mフリーリレー,混合,72～119歳,104,49.10,,3,,2,宮本八重,,セ・慶應日吉,13.68,,,,,,,,,44.95,,,8/6
1259,74,2023,5,14,短水路,チーム,29,4×25mフリーリレー,混合,72～119歳,104,49.10,,4,,2,石田虎流,,セ・慶應日吉,11.07,,,,,,,,,44.95,,,8/6
1260,74,2023,5,14,短水路,チーム,29,4×25mフリーリレー,混合,72～119歳,107,50.98,,1,,3,石井翔真,,セ・成城,12.08,,,,,,,,,47.52,,,8/5
1261,74,2023,5,14,短水路,チーム,29,4×25mフリーリレー,混合,72～119歳,107,50.98,,2,,3,仲田笑美,,セ・成城,13.70,,,,,,,,,47.52,,,8/5
1262,74,2023,5,14,短水路,チーム,29,4×25mフリーリレー,混合,72～119歳,107,50.98,,3,,3,広瀬幸音,,セ・成城,13.18,,,,,,,,,47.52,,,8/5
1263,74,2023,5,14,短水路,チーム,29,4×25mフリーリレー,混合,72～119歳,107,50.98,,4,,3,梅林大貴,,セ・成城,12.02,,,,,,,,,47.52,,,8/5
1264,74,2023,5,14,短水路,チーム,29,4×25mフリーリレー,混合,72～119歳,96,53.71,,1,,4,山崎陸真,,セ・二俣川,12.03,,,,,,,,,47.52,,,8/7
1265,74,2023,5,14,短水路,チーム,29,4×25mフリーリレー,混合,72～119歳,96,53.71,,2,,4,松本彩花,,セ・二俣川,14.80,,,,,,,,,47.52,,,8/7
1266,74,2023,5,14,短水路,チーム,29,4×25mフリーリレー,混合,72～119歳,96,53.71,,3,,4,深堀陽子,,セ・二俣川,14.78,,,,,,,,,47.52,,,8/7
1267,74,2023,5,14,短水路,チーム,29,4×25mフリーリレー,混合,72～119歳,96,53.71,,4,,4,田中壮一郎,,セ・二俣川,12.10,,,,,,,,,47.52,,,8/7
