ID,回,年,月,日,水路,タイプ,レース番号,競技名,競技性別,リレー年齢区分,リレー実年齢合計,リレータイム,リレー大会新差,リレー泳順,個人年齢区分,順位,選手名,性別,チーム名,個人タイム,個人大会新差,飛込タイム,LAPタイム,個人得点,チーム得点,申請タイム,ぴったり賞,大会新,大会記録,日本記録,世界記録,レーン
1,74,2023,5,14,短水路,個人,1,100m個人メドレー,女子,,,,,,75～79歳,1,竹原君枝,女子,セ・慶應日吉,2:02.82,,,"28.38,1:00.25,1:36.31",,,,,,1:50.59,1:31.38,1:27.96,1/4
2,74,2023,5,14,短水路,個人,1,100m個人メドレー,女子,,,,,,75～79歳,2,岡田まり子,女子,CS南行徳,2:05.78,,,"27.44,1:00.10,1:34.15",,,,,,1:50.59,1:31.38,1:27.96,1/5
3,74,2023,5,14,短水路,個人,1,100m個人メドレー,女子,,,,,,75～79歳,3,仲岡輝,女子,セ・我孫子,2:10.35,,,"28.77,1:00.81,1:38.31",,,,,,1:50.59,1:31.38,1:27.96,1/2
4,74,2023,5,14,短水路,個人,1,100m個人メドレー,女子,,,,,,75～79歳,4,大手佳江,女子,セ・南千住,2:11.80,,,"30.13,1:04.89,1:40.26",,,,,,1:50.59,1:31.38,1:27.96,1/3
5,74,2023,5,14,短水路,個人,1,100m個人メドレー,女子,,,,,,75～79歳,5,小野洋子,女子,セ・我孫子,2:18.33,,,"27.16,1:02.81,1:47.25",,,,,,1:50.59,1:31.38,1:27.96,1/1
6,74,2023,5,14,短水路,個人,1,100m個人メドレー,女子,,,,,,75～79歳,6,原田早苗,女子,セ・南千住,2:22.91,,,"35.58,1:10.74,1:50.66",,,,,,1:50.59,1:31.38,1:27.96,1/7
7,74,2023,5,14,短水路,個人,1,100m個人メドレー,女子,,,,,,75～79歳,7,久保美紀枝,女子,セ・流山,2:24.18,,,"34.20,1:09.89,1:50.84",,,,,,1:50.59,1:31.38,1:27.96,1/6
8,74,2023,5,14,短水路,個人,1,100m個人メドレー,女子,,,,,,70～74歳,1,中平信子,女子,セ・成瀬,1:43.25,,,"22.18,48.48,1:19.72",,,,,,1:40.10,1:24.88,1:19.52,2/4
9,74,2023,5,14,短水路,個人,1,100m個人メドレー,女子,,,,,,70～74歳,2,山地多佳子,女子,セ・おおたか,1:55.38,,,"24.70,53.58,1:28.98",,,,,,1:40.10,1:24.88,1:19.52,2/5
10,74,2023,5,14,短水路,個人,1,100m個人メドレー,女子,,,,,,70～74歳,3,川上涼子,女子,セ・蘇我,1:57.30,,,"27.57,56.73,1:30.37",,,,,,1:40.10,1:24.88,1:19.52,3/7
11,74,2023,5,14,短水路,個人,1,100m個人メドレー,女子,,,,,,70～74歳,4,秋谷啓子,女子,セ・流山,1:57.40,,,"26.31,54.51,1:28.08",,,,,,1:40.10,1:24.88,1:19.52,2/7
12,74,2023,5,14,短水路,個人,1,100m個人メドレー,女子,,,,,,70～74歳,5,沢田裕子,女子,セ・ときわ台,2:01.38,,,"27.09,1:00.65,1:34.20",,,,,,1:40.10,1:24.88,1:19.52,2/8
13,74,2023,5,14,短水路,個人,1,100m個人メドレー,女子,,,,,,70～74歳,6,山村昌子,女子,セ・南千住,2:02.99,,,"26.42,57.75,1:32.81",,,,,,1:40.10,1:24.88,1:19.52,2/6
14,74,2023,5,14,短水路,個人,1,100m個人メドレー,女子,,,,,,70～74歳,7,菅井道子,女子,セ・戸塚,2:04.54,,,"28.30,1:02.43,1:35.88",,,,,,1:40.10,1:24.88,1:19.52,2/2
15,74,2023,5,14,短水路,個人,1,100m個人メドレー,女子,,,,,,70～74歳,8,松木真知子,女子,セ・ときわ台,2:12.25,,,"28.94,1:01.27,1:36.05",,,,,,1:40.10,1:24.88,1:19.52,3/2
16,74,2023,5,14,短水路,個人,1,100m個人メドレー,女子,,,,,,65～69歳,1,菅野泰子,女子,セ・松戸,1:31.03,,,"19.08,43.61,1:10.66",,,,,,1:30.20,1:24.14,1:15.65,4/5
17,74,2023,5,14,短水路,個人,1,100m個人メドレー,女子,,,,,,65～69歳,2,青木華世子,女子,セ・松戸,1:36.66,,,"20.24,45.57,1:13.96",,,,,,1:30.20,1:24.14,1:15.65,4/4
18,74,2023,5,14,短水路,個人,1,100m個人メドレー,女子,,,,,,65～69歳,3,井手敦子,女子,セ・慶應日吉,1:40.63,,,"21.34,48.25,1:17.92",,,,,,1:30.20,1:24.14,1:15.65,4/3
19,74,2023,5,14,短水路,個人,1,100m個人メドレー,女子,,,,,,65～69歳,4,森谷登志江,女子,セ・慶應日吉,1:41.87,,,"21.75,46.58,1:17.26",,,,,,1:30.20,1:24.14,1:15.65,4/6
20,74,2023,5,14,短水路,個人,1,100m個人メドレー,女子,,,,,,65～69歳,5,藤代由美子,女子,セ・長沼,1:44.27,,,"20.95,49.18,1:19.13",,,,,,1:30.20,1:24.14,1:15.65,3/3
21,74,2023,5,14,短水路,個人,1,100m個人メドレー,女子,,,,,,65～69歳,6,平野明美,女子,セ・郡山,1:45.70,,,"21.46,50.23,1:21.84",,,,,,1:30.20,1:24.14,1:15.65,3/5
22,74,2023,5,14,短水路,個人,1,100m個人メドレー,女子,,,,,,65～69歳,7,佐藤淳子,女子,セ・葛西,1:46.89,,,"22.75,50.41,1:20.47",,,,,,1:30.20,1:24.14,1:15.65,4/7
23,74,2023,5,14,短水路,個人,1,100m個人メドレー,女子,,,,,,65～69歳,8,青砥美智子,女子,セ・葛西,1:49.37,,,"23.55,54.25,1:25.57",,,,,,1:30.20,1:24.14,1:15.65,4/2
24,74,2023,5,14,短水路,個人,1,100m個人メドレー,女子,,,,,,65～69歳,9,日和久美子,女子,セ・戸塚,1:53.76,,,"24.49,53.90,1:27.49",,,,,,1:30.20,1:24.14,1:15.65,4/1
25,74,2023,5,14,短水路,個人,1,100m個人メドレー,女子,,,,,,65～69歳,10,蓑田朝子,女子,セ・ときわ台,1:58.00,,,"27.63,1:01.15,1:31.74",,,,,,1:30.20,1:24.14,1:15.65,4/8
26,74,2023,5,14,短水路,個人,1,100m個人メドレー,女子,,,,,,65～69歳,11,渡辺米子,女子,クリーンスパ,2:08.20,,,"27.40,59.34,1:37.64",,,,,,1:30.20,1:24.14,1:15.65,3/6
27,74,2023,5,14,短水路,個人,1,100m個人メドレー,女子,,,,,,65～69歳,12,池田則子,女子,セ・松戸,2:13.14,,,"31.13,1:04.55,1:42.32",,,,,,1:30.20,1:24.14,1:15.65,3/8
28,74,2023,5,14,短水路,個人,1,100m個人メドレー,女子,,,,,,65～69歳,,臼井希代子,女子,セ・大宮宮原,,,,,,,,,,1:30.20,1:24.14,1:15.65,3/4
29,74,2023,5,14,短水路,個人,1,100m個人メドレー,女子,,,,,,60～64歳,1,高松早智子,女子,セ・南宇都宮,1:38.97,,,"20.73,46.61,1:16.19",,,,,,1:24.94,1:18.46,1:12.08,5/5
30,74,2023,5,14,短水路,個人,1,100m個人メドレー,女子,,,,,,60～64歳,2,盛田真規子,女子,セ・二俣川,1:47.19,,,"22.62,51.26,1:22.15",,,,,,1:24.94,1:18.46,1:12.08,5/3
31,74,2023,5,14,短水路,個人,1,100m個人メドレー,女子,,,,,,60～64歳,3,片平明子,女子,セ・市ヶ尾,1:49.02,,,"23.69,49.64,1:24.49",,,,,,1:24.94,1:18.46,1:12.08,5/8
32,74,2023,5,14,短水路,個人,1,100m個人メドレー,女子,,,,,,60～64歳,4,加藤雅弓,女子,セ・新都心,1:49.95,,,"25.58,54.38,1:25.32",,,,,,1:24.94,1:18.46,1:12.08,5/6
33,74,2023,5,14,短水路,個人,1,100m個人メドレー,女子,,,,,,60～64歳,5,山本庸子,女子,セ・八王子,1:50.50,,,"23.07,52.51,1:22.54",,,,,,1:24.94,1:18.46,1:12.08,6/8
34,74,2023,5,14,短水路,個人,1,100m個人メドレー,女子,,,,,,60～64歳,6,毛利ゆかり,女子,セ・横浜,1:52.84,,,"26.19,53.79,1:27.82",,,,,,1:24.94,1:18.46,1:12.08,5/2
35,74,2023,5,14,短水路,個人,1,100m個人メドレー,女子,,,,,,60～64歳,7,佐々木れい,女子,セ・志木,1:57.99,,,"24.71,54.14,1:30.94",,,,,,1:24.94,1:18.46,1:12.08,6/6
36,74,2023,5,14,短水路,個人,1,100m個人メドレー,女子,,,,,,60～64歳,8,倉林明子,女子,セ・おおたか,1:58.15,,,"27.64,57.13,1:32.35",,,,,,1:24.94,1:18.46,1:12.08,5/7
37,74,2023,5,14,短水路,個人,1,100m個人メドレー,女子,,,,,,60～64歳,9,森圭伊子,女子,セ・戸塚,2:03.06,,,"29.41,57.09,1:35.55",,,,,,1:24.94,1:18.46,1:12.08,6/7
38,74,2023,5,14,短水路,個人,1,100m個人メドレー,女子,,,,,,55～59歳,1,仲田久美子,女子,セ・成城,1:24.35,,,"16.63,38.10,1:03.76",,,,,,1:18.42,1:14.99,1:09.08,7/6
39,74,2023,5,14,短水路,個人,1,100m個人メドレー,女子,,,,,,55～59歳,2,若林朋子,女子,セ・大宮宮原,1:25.07,,,"16.53,39.61,1:06.08",,,,,,1:18.42,1:14.99,1:09.08,7/1
40,74,2023,5,14,短水路,個人,1,100m個人メドレー,女子,,,,,,55～59歳,3,鈴木亜抄子,女子,セ・二俣川,1:25.28,,,"18.80,40.76,1:04.87",,,,,,1:18.42,1:14.99,1:09.08,7/4
41,74,2023,5,14,短水路,個人,1,100m個人メドレー,女子,,,,,,55～59歳,4,田中貴子,女子,セ・清瀬,1:27.35,,,"18.21,39.86,1:05.71",,,,,,1:18.42,1:14.99,1:09.08,7/5
42,74,2023,5,14,短水路,個人,1,100m個人メドレー,女子,,,,,,55～59歳,5,前畑章子,女子,セ・慶應日吉,1:27.46,,,"16.95,40.26,1:06.20",,,,,,1:18.42,1:14.99,1:09.08,7/3
43,74,2023,5,14,短水路,個人,1,100m個人メドレー,女子,,,,,,55～59歳,6,川村佳代子,女子,セ・二俣川,1:29.13,,,"17.95,39.18,1:06.31",,,,,,1:18.42,1:14.99,1:09.08,7/2
44,74,2023,5,14,短水路,個人,1,100m個人メドレー,女子,,,,,,55～59歳,7,及川薫,女子,セ・松戸,1:38.84,,,"24.05,47.46,1:16.48",,,,,,1:18.42,1:14.99,1:09.08,6/4
45,74,2023,5,14,短水路,個人,1,100m個人メドレー,女子,,,,,,55～59歳,8,高橋久美,女子,セ・市川,1:41.36,,,"22.35,48.84,1:18.63",,,,,,1:18.42,1:14.99,1:09.08,7/7
46,74,2023,5,14,短水路,個人,1,100m個人メドレー,女子,,,,,,55～59歳,9,大野結実,女子,セ・横浜,1:41.66,,,"23.24,50.48,1:21.03",,,,,,1:18.42,1:14.99,1:09.08,7/8
47,74,2023,5,14,短水路,個人,1,100m個人メドレー,女子,,,,,,55～59歳,10,角南美貴,女子,セ・我孫子,1:42.68,,,"21.51,48.81,1:16.61",,,,,,1:18.42,1:14.99,1:09.08,6/3
48,74,2023,5,14,短水路,個人,1,100m個人メドレー,女子,,,,,,55～59歳,11,井上知美,女子,セ・府中,1:47.55,,,"21.47,47.75,1:19.14",,,,,,1:18.42,1:14.99,1:09.08,6/2
49,74,2023,5,14,短水路,個人,1,100m個人メドレー,女子,,,,,,55～59歳,11,長田寿江,女子,セ・上池袋,1:47.55,,,"22.41,50.32,1:22.55",,,,,,1:18.42,1:14.99,1:09.08,6/5
50,74,2023,5,14,短水路,個人,1,100m個人メドレー,女子,,,,,,55～59歳,13,佐々木タ子,女子,セ・市ヶ尾,2:09.13,,,"32.13,1:06.09,1:40.11",,,,,,1:18.42,1:14.99,1:09.08,6/1
51,74,2023,5,14,短水路,個人,1,100m個人メドレー,女子,,,,,,50～54歳,1,館野美香,女子,セ・目黒,1:15.22,,,"15.14,34.41,57.22",,,,,TRUE,1:19.23,1:10.81,1:07.04,8/4
52,74,2023,5,14,短水路,個人,1,100m個人メドレー,女子,,,,,,50～54歳,2,鎌田和代,女子,セ・千葉みなと,1:25.98,,,"16.81,38.36,1:04.27",,,,,,1:19.23,1:10.81,1:07.04,8/5
53,74,2023,5,14,短水路,個人,1,100m個人メドレー,女子,,,,,,50～54歳,3,小倉直美,女子,セ・清瀬,1:31.70,,,"18.32,42.46,1:10.41",,,,,,1:19.23,1:10.81,1:07.04,8/3
54,74,2023,5,14,短水路,個人,1,100m個人メドレー,女子,,,,,,50～54歳,4,佐藤洋子,女子,セ・成城,1:33.28,,,"20.85,45.27,1:11.35",,,,,,1:19.23,1:10.81,1:07.04,8/2
55,74,2023,5,14,短水路,個人,1,100m個人メドレー,女子,,,,,,50～54歳,5,吉岡智子,女子,セ・新都心,1:39.64,,,"20.74,44.83,1:15.53",,,,,,1:19.23,1:10.81,1:07.04,8/6
56,74,2023,5,14,短水路,個人,1,100m個人メドレー,女子,,,,,,50～54歳,6,髙間智子,女子,セ・自由が丘,1:40.43,,,"19.73,45.86,1:16.48",,,,,,1:19.23,1:10.81,1:07.04,8/7
57,74,2023,5,14,短水路,個人,1,100m個人メドレー,女子,,,,,,50～54歳,7,松川律子,女子,セ・二俣川,1:48.16,,,"22.19,49.03,1:22.56",,,,,,1:19.23,1:10.81,1:07.04,8/1
58,74,2023,5,14,短水路,個人,1,100m個人メドレー,女子,,,,,,50～54歳,8,守尾静子,女子,セ・我孫子,1:57.16,,,"25.43,53.43,1:27.32",,,,,,1:19.23,1:10.81,1:07.04,8/8
59,74,2023,5,14,短水路,個人,1,100m個人メドレー,女子,,,,,,45～49歳,1,羽田文,女子,セ・成城,1:19.80,,,"16.30,36.22,1:00.40",,,,,,1:14.91,1:08.43,1:05.61,9/4
60,74,2023,5,14,短水路,個人,1,100m個人メドレー,女子,,,,,,45～49歳,2,浅尾有香,女子,セ・大森,1:25.22,,,"17.08,36.66,1:04.25",,,,,,1:14.91,1:08.43,1:05.61,9/1
61,74,2023,5,14,短水路,個人,1,100m個人メドレー,女子,,,,,,45～49歳,3,飯澤美香,女子,セ・我孫子,1:26.95,,,"17.46,38.98,1:04.55",,,,,,1:14.91,1:08.43,1:05.61,9/6
62,74,2023,5,14,短水路,個人,1,100m個人メドレー,女子,,,,,,45～49歳,4,小谷佐織,女子,セ・千葉みなと,1:27.92,,,"17.36,40.19,1:07.14",,,,,,1:14.91,1:08.43,1:05.61,9/5
63,74,2023,5,14,短水路,個人,1,100m個人メドレー,女子,,,,,,45～49歳,5,草野茜,女子,セ・二俣川,1:29.14,,,"18.13,39.73,1:07.99",,,,,,1:14.91,1:08.43,1:05.61,9/3
64,74,2023,5,14,短水路,個人,1,100m個人メドレー,女子,,,,,,45～49歳,6,関康代,女子,セ・宇都宮,1:31.73,,,"17.69,42.45,1:10.04",,,,,,1:14.91,1:08.43,1:05.61,9/7
65,74,2023,5,14,短水路,個人,1,100m個人メドレー,女子,,,,,,45～49歳,7,佐藤桂子,女子,セ・横浜,1:35.98,,,"18.36,43.18,1:12.43",,,,,,1:14.91,1:08.43,1:05.61,9/2
66,74,2023,5,14,短水路,個人,1,100m個人メドレー,女子,,,,,,45～49歳,8,赤坂恵美子,女子,セ・志木,1:46.95,,,"22.12,49.48,1:21.96",,,,,,1:14.91,1:08.43,1:05.61,10/1
67,74,2023,5,14,短水路,個人,1,100m個人メドレー,女子,,,,,,45～49歳,9,髙橋里美,女子,セ・横浜,2:00.64,,,"25.35,54.52,1:32.35",,,,,,1:14.91,1:08.43,1:05.61,9/8
68,74,2023,5,14,短水路,個人,1,100m個人メドレー,女子,,,,,,40～44歳,1,大竹昌子,女子,セ・大森,1:30.53,,,"19.62,43.69,1:10.03",,,,,,1:12.68,1:06.49,1:04.19,10/6
69,74,2023,5,14,短水路,個人,1,100m個人メドレー,女子,,,,,,40～44歳,2,清水佳苗,女子,曽谷・セ,1:34.15,,,"19.15,43.01,1:11.35",,,,,,1:12.68,1:06.49,1:04.19,10/2
70,74,2023,5,14,短水路,個人,1,100m個人メドレー,女子,,,,,,40～44歳,3,小高麻衣子,女子,セ・市川,1:49.75,,,"24.29,51.62,1:23.89",,,,,,1:12.68,1:06.49,1:04.19,10/7
71,74,2023,5,14,短水路,個人,1,100m個人メドレー,女子,,,,,,40～44歳,4,谷美希子,女子,セ・府中,2:00.99,,,"27.17,57.66,1:30.64",,,,,,1:12.68,1:06.49,1:04.19,10/8
72,74,2023,5,14,短水路,個人,1,100m個人メドレー,女子,,,,,,35～39歳,1,山田末紗子,女子,セ・越谷,1:31.18,,,"18.51,42.27,1:08.01",,,,,,1:10.75,1:03.17,1:03.17,10/3
73,74,2023,5,14,短水路,個人,1,100m個人メドレー,女子,,,,,,30～34歳,1,菊地美春,女子,セ・目黒,1:14.30,,,"14.75,33.57,56.22",,,,,,1:09.92,1:02.55,1:02.52,10/4
74,74,2023,5,14,短水路,個人,1,100m個人メドレー,女子,,,,,,30～34歳,2,長瀬涼佳,女子,セ・二俣川,1:19.51,,,"15.71,35.03,1:00.14",,,,,,1:09.92,1:02.55,1:02.52,10/5
75,74,2023,5,14,短水路,個人,1,100m個人メドレー,女子,,,,,,25～29歳,1,志賀菜々美,女子,セ・二俣川,1:11.68,,,"14.49,31.96,54.37",,,,,,1:06.72,1:01.79,1:01.79,11/5
76,74,2023,5,14,短水路,個人,1,100m個人メドレー,女子,,,,,,25～29歳,2,嶋田菜々子,女子,セ・おおたか,1:15.81,,,"15.00,33.89,57.08",,,,,,1:06.72,1:01.79,1:01.79,11/7
77,74,2023,5,14,短水路,個人,1,100m個人メドレー,女子,,,,,,25～29歳,3,遠藤桃,女子,セ・上池袋,1:18.72,,,"16.22,36.15,59.15",,,,,,1:06.72,1:01.79,1:01.79,11/6
78,74,2023,5,14,短水路,個人,1,100m個人メドレー,女子,,,,,,25～29歳,4,青木悠奈,女子,セ・本郷台,1:26.54,,,"17.36,38.05,1:04.50",,,,,,1:06.72,1:01.79,1:01.79,11/2
79,74,2023,5,14,短水路,個人,1,100m個人メドレー,女子,,,,,,25～29歳,5,髙田美羽,女子,セ・蘇我,1:28.84,,,"17.31,39.60,1:07.60",,,,,,1:06.72,1:01.79,1:01.79,11/8
80,74,2023,5,14,短水路,個人,1,100m個人メドレー,女子,,,,,,18～24歳,1,渡辺美楓,女子,セ・谷津,1:09.92,,,"13.93,31.68,52.76",,,,,,1:06.66,1:03.04,,11/4
81,74,2023,5,14,短水路,個人,1,100m個人メドレー,女子,,,,,,18～24歳,2,相戸百瑛,女子,セ・慶應日吉,1:11.09,,,"13.99,31.69,53.61",,,,,,1:06.66,1:03.04,,11/3
82,74,2023,5,14,短水路,個人,1,100m個人メドレー,女子,,,,,,18～24歳,3,松本彩花,女子,セ・二俣川,1:27.19,,,"17.19,39.20,1:06.14",,,,,,1:06.66,1:03.04,,11/1
83,74,2023,5,14,短水路,個人,2,100m個人メドレー,男子,,,,,,75～79歳,1,今修二,男子,セ・越谷,1:39.04,,,"21.02,49.42,1:15.90",,,,,,1:30.26,1:21.25,1:17.58,1/5
84,74,2023,5,14,短水路,個人,2,100m個人メドレー,男子,,,,,,75～79歳,2,眞壁功,男子,セ・藤沢,1:49.82,,,"20.94,50.30,1:23.59",,,,,,1:30.26,1:21.25,1:17.58,1/1
85,74,2023,5,14,短水路,個人,2,100m個人メドレー,男子,,,,,,75～79歳,3,岡本孝夫,男子,セ・新川崎,2:20.46,,,"31.96,1:08.73,1:49.49",,,,,,1:30.26,1:21.25,1:17.58,1/7
86,74,2023,5,14,短水路,個人,2,100m個人メドレー,男子,,,,,,70～74歳,1,吉澤隆,男子,セ・清瀬,1:28.37,,,"17.77,40.60,1:06.47",,,,,,1:23.83,1:14.72,1:06.98,1/4
87,74,2023,5,14,短水路,個人,2,100m個人メドレー,男子,,,,,,70～74歳,2,大谷修司,男子,セ・館山,1:38.21,,,"20.12,47.20,1:15.32",,,,,,1:23.83,1:14.72,1:06.98,1/3
88,74,2023,5,14,短水路,個人,2,100m個人メドレー,男子,,,,,,70～74歳,3,高附直樹,男子,セ・清瀬,1:45.41,,,"25.39,52.03,1:20.29",,,,,,1:23.83,1:14.72,1:06.98,1/6
89,74,2023,5,14,短水路,個人,2,100m個人メドレー,男子,,,,,,70～74歳,4,髙橋修一,男子,セ・我孫子,2:13.08,,,"29.32,1:04.29,1:41.84",,,,,,1:23.83,1:14.72,1:06.98,1/8
90,74,2023,5,14,短水路,個人,2,100m個人メドレー,男子,,,,,,70～74歳,5,大和田昌孝,男子,セ・青砥,2:24.28,,,"25.46,59.25,1:48.46",,,,,,1:23.83,1:14.72,1:06.98,1/2
91,74,2023,5,14,短水路,個人,2,100m個人メドレー,男子,,,,,,65～69歳,1,吉原一彦,男子,セ・阿佐谷,1:15.90,,,"15.33,36.07,58.78",,,,,TRUE,1:20.36,1:10.47,1:05.43,2/4
92,74,2023,5,14,短水路,個人,2,100m個人メドレー,男子,,,,,,65～69歳,2,水谷博之,男子,セ・二俣川,1:21.27,,,"17.72,38.49,1:01.63",,,,,,1:20.36,1:10.47,1:05.43,2/5
93,74,2023,5,14,短水路,個人,2,100m個人メドレー,男子,,,,,,65～69歳,3,赤坂吉昭,男子,墨田区体育館,1:41.96,,,"21.83,50.06,1:20.32",,,,,,1:20.36,1:10.47,1:05.43,2/3
94,74,2023,5,14,短水路,個人,2,100m個人メドレー,男子,,,,,,65～69歳,4,成瀬道治,男子,セ・桶川北本,1:44.45,,,"20.85,49.18,1:20.64",,,,,,1:20.36,1:10.47,1:05.43,2/2
95,74,2023,5,14,短水路,個人,2,100m個人メドレー,男子,,,,,,60～64歳,1,渡部佳彦,男子,セ・市川,1:11.11,,,"14.18,32.54,53.87",,,,,TRUE,1:14.68,1:06.53,1:04.23,3/4
96,74,2023,5,14,短水路,個人,2,100m個人メドレー,男子,,,,,,60～64歳,2,田中伸幸,男子,セ・葛西,1:22.74,,,"16.72,37.59,1:03.42",,,,,,1:14.68,1:06.53,1:04.23,3/5
97,74,2023,5,14,短水路,個人,2,100m個人メドレー,男子,,,,,,60～64歳,3,中村幸弘,男子,セ・越谷,1:22.91,,,"16.26,38.02,1:01.24",,,,,,1:14.68,1:06.53,1:04.23,3/3
98,74,2023,5,14,短水路,個人,2,100m個人メドレー,男子,,,,,,60～64歳,4,大塚克,男子,セ・市川,1:24.23,,,"16.84,38.23,1:02.72",,,,,,1:14.68,1:06.53,1:04.23,3/7
99,74,2023,5,14,短水路,個人,2,100m個人メドレー,男子,,,,,,60～64歳,5,大津信弘,男子,セ・越谷,1:25.12,,,"17.78,38.60,1:05.07",,,,,,1:14.68,1:06.53,1:04.23,3/6
100,74,2023,5,14,短水路,個人,2,100m個人メドレー,男子,,,,,,60～64歳,6,山梨英克,男子,セ・我孫子,1:29.21,,,"18.69,42.81,1:07.92",,,,,,1:14.68,1:06.53,1:04.23,2/6
101,74,2023,5,14,短水路,個人,2,100m個人メドレー,男子,,,,,,60～64歳,7,若島健二,男子,セ・二俣川,1:29.33,,,"21.03,44.12,1:08.82",,,,,,1:14.68,1:06.53,1:04.23,3/2
102,74,2023,5,14,短水路,個人,2,100m個人メドレー,男子,,,,,,60～64歳,8,二宮博,男子,セ・横浜,1:32.50,,,"17.12,43.45,1:10.31",,,,,,1:14.68,1:06.53,1:04.23,3/8
103,74,2023,5,14,短水路,個人,2,100m個人メドレー,男子,,,,,,60～64歳,9,高橋雅人,男子,セ・市川,1:40.38,,,"21.77,47.92,1:17.43",,,,,,1:14.68,1:06.53,1:04.23,3/1
104,74,2023,5,14,短水路,個人,2,100m個人メドレー,男子,,,,,,60～64歳,10,山本勝,男子,セ・慶應日吉,1:55.96,,,"23.43,57.35,1:30.97",,,,,,1:14.68,1:06.53,1:04.23,2/1
105,74,2023,5,14,短水路,個人,2,100m個人メドレー,男子,,,,,,60～64歳,11,阿部一男,男子,セ・青砥,2:06.42,,,"28.65,59.79,1:34.08",,,,,,1:14.68,1:06.53,1:04.23,2/7
106,74,2023,5,14,短水路,個人,2,100m個人メドレー,男子,,,,,,60～64歳,12,峯尾敏幸,男子,セ・府中,2:08.08,,,"26.40,57.35,1:36.99",,,,,,1:14.68,1:06.53,1:04.23,2/8
107,74,2023,5,14,短水路,個人,2,100m個人メドレー,男子,,,,,,55～59歳,1,小倉秀和,男子,セ・清瀬,1:13.33,,,"14.66,33.41,56.62",,,,,,1:08.36,1:01.65,1:01.28,5/4
108,74,2023,5,14,短水路,個人,2,100m個人メドレー,男子,,,,,,55～59歳,2,藤田理,男子,セ・成瀬,1:15.05,,,"15.29,36.35,57.26",,,,,,1:08.36,1:01.65,1:01.28,5/5
109,74,2023,5,14,短水路,個人,2,100m個人メドレー,男子,,,,,,55～59歳,3,奥平裕二,男子,セ・トレッサ,1:16.62,,,"15.82,36.49,57.77",,,,,,1:08.36,1:01.65,1:01.28,5/3
110,74,2023,5,14,短水路,個人,2,100m個人メドレー,男子,,,,,,55～59歳,4,町田克浩,男子,セ・大森,1:17.72,,,"15.71,36.16,59.93",,,,,,1:08.36,1:01.65,1:01.28,5/6
111,74,2023,5,14,短水路,個人,2,100m個人メドレー,男子,,,,,,55～59歳,5,飯田正敏,男子,セ・用賀,1:19.26,,,"15.54,36.76,1:00.59",,,,,,1:08.36,1:01.65,1:01.28,5/2
112,74,2023,5,14,短水路,個人,2,100m個人メドレー,男子,,,,,,55～59歳,6,久保卓士,男子,セ・天王洲,1:20.55,,,"15.96,37.26,1:01.69",,,,,,1:08.36,1:01.65,1:01.28,5/1
113,74,2023,5,14,短水路,個人,2,100m個人メドレー,男子,,,,,,55～59歳,7,荒井健一,男子,セ・西台,1:25.29,,,"17.65,40.82,1:06.12",,,,,,1:08.36,1:01.65,1:01.28,4/5
114,74,2023,5,14,短水路,個人,2,100m個人メドレー,男子,,,,,,55～59歳,8,塚本幸治,男子,セ・千葉みなと,1:26.85,,,"18.01,40.94,1:07.08",,,,,,1:08.36,1:01.65,1:01.28,5/7
115,74,2023,5,14,短水路,個人,2,100m個人メドレー,男子,,,,,,55～59歳,9,高田義久,男子,セ・八王子,1:26.98,,,"17.11,41.41,1:05.20",,,,,,1:08.36,1:01.65,1:01.28,4/4
116,74,2023,5,14,短水路,個人,2,100m個人メドレー,男子,,,,,,55～59歳,10,伊藤正二,男子,セ・大森,1:28.45,,,"17.51,41.64,1:06.08",,,,,,1:08.36,1:01.65,1:01.28,5/8
117,74,2023,5,14,短水路,個人,2,100m個人メドレー,男子,,,,,,55～59歳,11,高橋潤,男子,セ・成瀬,1:42.98,,,"20.95,47.96,1:17.51",,,,,,1:08.36,1:01.65,1:01.28,4/6
118,74,2023,5,14,短水路,個人,2,100m個人メドレー,男子,,,,,,55～59歳,12,水口隆史,男子,クリーンスパ,1:44.29,,,"22.60,51.57,1:19.84",,,,,,1:08.36,1:01.65,1:01.28,4/3
119,74,2023,5,14,短水路,個人,2,100m個人メドレー,男子,,,,,,55～59歳,13,小野和彦,男子,セ・新川崎,1:56.64,,,"26.44,53.40,1:27.98",,,,,,1:08.36,1:01.65,1:01.28,4/2
120,74,2023,5,14,短水路,個人,2,100m個人メドレー,男子,,,,,,50～54歳,1,植田俊介,男子,セ・自由が丘,1:08.53,,,"13.76,30.91,51.83",,,,,,1:04.94,1:01.20,57.69,6/4
121,74,2023,5,14,短水路,個人,2,100m個人メドレー,男子,,,,,,50～54歳,2,渡部弘一,男子,セ・市川,1:12.15,,,"13.90,32.17,54.72",,,,,,1:04.94,1:01.20,57.69,6/5
122,74,2023,5,14,短水路,個人,2,100m個人メドレー,男子,,,,,,50～54歳,3,瀬川栄樹,男子,セ・成城,1:16.18,,,"15.53,34.85,58.43",,,,,,1:04.94,1:01.20,57.69,7/5
123,74,2023,5,14,短水路,個人,2,100m個人メドレー,男子,,,,,,50～54歳,4,北村洋一,男子,セ・大森,1:16.47,,,"16.52,36.00,57.79",,,,,,1:04.94,1:01.20,57.69,6/3
124,74,2023,5,14,短水路,個人,2,100m個人メドレー,男子,,,,,,50～54歳,5,阿部賢裕,男子,セ・能見台,1:17.00,,,"15.40,35.73,58.39",,,,,,1:04.94,1:01.20,57.69,6/2
125,74,2023,5,14,短水路,個人,2,100m個人メドレー,男子,,,,,,50～54歳,6,成島毅,男子,セ・Ｆ宇都宮,1:19.57,,,"15.87,37.77,1:00.63",,,,,,1:04.94,1:01.20,57.69,6/8
126,74,2023,5,14,短水路,個人,2,100m個人メドレー,男子,,,,,,50～54歳,7,内藤充,男子,セ・新川崎,1:20.25,,,"15.74,35.04,1:00.66",,,,,,1:04.94,1:01.20,57.69,7/6
127,74,2023,5,14,短水路,個人,2,100m個人メドレー,男子,,,,,,50～54歳,8,平田博之,男子,セ・ときわ台,1:21.13,,,"16.56,37.73,1:02.35",,,,,,1:04.94,1:01.20,57.69,6/6
128,74,2023,5,14,短水路,個人,2,100m個人メドレー,男子,,,,,,50～54歳,9,本間丈博,男子,セ・稲毛海岸,1:24.13,,,"17.04,39.85,1:04.92",,,,,,1:04.94,1:01.20,57.69,6/1
129,74,2023,5,14,短水路,個人,2,100m個人メドレー,男子,,,,,,50～54歳,10,岡田能行,男子,セ・越谷,1:27.49,,,"17.16,40.64,1:06.57",,,,,,1:04.94,1:01.20,57.69,6/7
130,74,2023,5,14,短水路,個人,2,100m個人メドレー,男子,,,,,,50～54歳,11,君島篤,男子,セ・西東京,1:33.92,,,"18.25,43.75,1:10.93",,,,,,1:04.94,1:01.20,57.69,7/2
131,74,2023,5,14,短水路,個人,2,100m個人メドレー,男子,,,,,,50～54歳,12,恒川直輝,男子,セ・二俣川,1:37.35,,,"19.40,44.64,1:14.80",,,,,,1:04.94,1:01.20,57.69,7/1
132,74,2023,5,14,短水路,個人,2,100m個人メドレー,男子,,,,,,50～54歳,13,岩本穣,男子,セ・青砥,2:12.60,,,"32.24,1:08.75,1:40.03",,,,,,1:04.94,1:01.20,57.69,7/8
133,74,2023,5,14,短水路,個人,2,100m個人メドレー,男子,,,,,,45～49歳,1,山岡拓馬,男子,セ・清瀬,1:01.65,,,"12.54,27.80,46.11",,,,,TRUE,1:03.73,57.83,57.68,8/4
134,74,2023,5,14,短水路,個人,2,100m個人メドレー,男子,,,,,,45～49歳,2,羽田浩一,男子,セ・成城,1:10.86,,,"14.25,32.33,53.24",,,,,,1:03.73,57.83,57.68,8/5
135,74,2023,5,14,短水路,個人,2,100m個人メドレー,男子,,,,,,45～49歳,3,中込孝之,男子,ザバス川崎,1:12.36,,,"14.21,33.58,54.68",,,,,,1:03.73,57.83,57.68,8/3
136,74,2023,5,14,短水路,個人,2,100m個人メドレー,男子,,,,,,45～49歳,4,桐本兼輔,男子,セ・福生,1:14.80,,,"14.97,34.26,57.06",,,,,,1:03.73,57.83,57.68,8/2
137,74,2023,5,14,短水路,個人,2,100m個人メドレー,男子,,,,,,45～49歳,5,原正敏,男子,セ・桶川北本,1:15.23,,,"14.96,35.91,57.26",,,,,,1:03.73,57.83,57.68,7/3
138,74,2023,5,14,短水路,個人,2,100m個人メドレー,男子,,,,,,45～49歳,6,齊藤仁,男子,セ・茂原,1:18.20,,,"15.81,35.35,59.78",,,,,,1:03.73,57.83,57.68,7/4
139,74,2023,5,14,短水路,個人,2,100m個人メドレー,男子,,,,,,45～49歳,7,大川明徳,男子,セ・阿佐谷,1:32.41,,,"17.12,43.01,1:10.22",,,,,,1:03.73,57.83,57.68,7/7
140,74,2023,5,14,短水路,個人,2,100m個人メドレー,男子,,,,,,40～44歳,1,鶴谷学,男子,セ・二俣川,1:00.29,,,"12.18,27.88,45.28",,,,,TRUE,1:00.37,56.91,56.91,9/4
141,74,2023,5,14,短水路,個人,2,100m個人メドレー,男子,,,,,,40～44歳,2,杉本浩孝,男子,ザバス金沢八,1:04.21,,,"12.71,28.25,47.84",,,,,,1:00.37,56.91,56.91,9/3
142,74,2023,5,14,短水路,個人,2,100m個人メドレー,男子,,,,,,40～44歳,3,知見邦彦,男子,セ・二俣川,1:05.18,,,"13.54,30.56,48.96",,,,,,1:00.37,56.91,56.91,9/5
143,74,2023,5,14,短水路,個人,2,100m個人メドレー,男子,,,,,,40～44歳,4,渡邊忠幸,男子,セ・南宇都宮,1:11.20,,,"14.38,33.21,53.97",,,,,,1:00.37,56.91,56.91,9/2
144,74,2023,5,14,短水路,個人,2,100m個人メドレー,男子,,,,,,40～44歳,5,名倉一雅,男子,セ・成瀬,1:11.70,,,"13.59,31.96,52.95",,,,,,1:00.37,56.91,56.91,9/7
145,74,2023,5,14,短水路,個人,2,100m個人メドレー,男子,,,,,,40～44歳,6,八巻亨,男子,セ・西東京,1:20.73,,,"16.46,37.28,1:01.12",,,,,,1:00.37,56.91,56.91,8/1
146,74,2023,5,14,短水路,個人,2,100m個人メドレー,男子,,,,,,40～44歳,7,那賀島大地,男子,セ・流山,1:21.48,,,"16.19,38.07,1:02.22",,,,,,1:00.37,56.91,56.91,9/1
147,74,2023,5,14,短水路,個人,2,100m個人メドレー,男子,,,,,,40～44歳,8,宇佐美学,男子,セ・大森,1:27.75,,,"17.32,41.45,1:06.74",,,,,,1:00.37,56.91,56.91,8/8
148,74,2023,5,14,短水路,個人,2,100m個人メドレー,男子,,,,,,40～44歳,9,今村満,男子,セ・清瀬,1:32.34,,,"20.19,42.28,1:10.78",,,,,,1:00.37,56.91,56.91,8/7
149,74,2023,5,14,短水路,個人,2,100m個人メドレー,男子,,,,,,40～44歳,,浅野亮介,男子,セ・新都心,,,,,,,,,,1:00.37,56.91,56.91,9/8
150,74,2023,5,14,短水路,個人,2,100m個人メドレー,男子,,,,,,35～39歳,1,吉川重行,男子,セ・桶川北本,1:06.32,,,"13.27,30.83,50.31",,,,,,59.48,55.40,54.90,10/3
151,74,2023,5,14,短水路,個人,2,100m個人メドレー,男子,,,,,,35～39歳,2,図師拓千,男子,セ・市ヶ尾,1:07.65,,,"13.34,30.60,51.89",,,,,,59.48,55.40,54.90,10/6
152,74,2023,5,14,短水路,個人,2,100m個人メドレー,男子,,,,,,35～39歳,3,長田裕史,男子,セ・柏,1:09.38,,,"14.10,32.87,52.60",,,,,,59.48,55.40,54.90,9/6
153,74,2023,5,14,短水路,個人,2,100m個人メドレー,男子,,,,,,35～39歳,4,木村考太,男子,セ・市ヶ尾,1:10.90,,,"14.42,34.96,53.87",,,,,,59.48,55.40,54.90,10/2
154,74,2023,5,14,短水路,個人,2,100m個人メドレー,男子,,,,,,30～34歳,1,津守陽介,男子,セ・阿佐谷,1:03.39,,,"12.97,29.23,47.02",,,,,,59.06,54.86,53.28,10/4
155,74,2023,5,14,短水路,個人,2,100m個人メドレー,男子,,,,,,25～29歳,1,武藤光輝,男子,セ・前橋,1:02.57,,,"12.62,29.09,47.70",,,,,,57.01,54.71,52.78,11/5
156,74,2023,5,14,短水路,個人,2,100m個人メドレー,男子,,,,,,25～29歳,2,小野健,男子,セ・天王洲,1:03.33,,,"12.87,30.11,48.09",,,,,,57.01,54.71,52.78,11/6
157,74,2023,5,14,短水路,個人,2,100m個人メドレー,男子,,,,,,25～29歳,3,今里昂哉,男子,セ・清瀬,1:04.00,,,"13.27,30.39,48.53",,,,,,57.01,54.71,52.78,11/7
158,74,2023,5,14,短水路,個人,2,100m個人メドレー,男子,,,,,,25～29歳,4,塚本拓也,男子,セ・清瀬,1:06.44,,,"13.12,29.35,49.66",,,,,,57.01,54.71,52.78,10/7
159,74,2023,5,14,短水路,個人,2,100m個人メドレー,男子,,,,,,25～29歳,5,武本侑己,男子,セ・青砥,1:10.58,,,"14.09,32.31,52.57",,,,,,57.01,54.71,52.78,10/1
160,74,2023,5,14,短水路,個人,2,100m個人メドレー,男子,,,,,,25～29歳,6,矢野匠,男子,セ・葛西,1:10.62,,,"13.90,32.35,53.13",,,,,,57.01,54.71,52.78,10/5
161,74,2023,5,14,短水路,個人,2,100m個人メドレー,男子,,,,,,25～29歳,7,田添仁登,男子,セ・八千代台,1:18.92,,,"14.93,36.13,59.78",,,,,,57.01,54.71,52.78,10/8
162,74,2023,5,14,短水路,個人,2,100m個人メドレー,男子,,,,,,18～24歳,1,石田虎流,男子,セ・慶應日吉,58.43,,,"11.78,27.08,44.33",,,,,TRUE,58.58,54.75,,11/4
163,74,2023,5,14,短水路,個人,2,100m個人メドレー,男子,,,,,,18～24歳,2,コリガンシェイ颯介,男子,セ・慶應日吉,1:03.53,,,"12.85,29.99,47.74",,,,,,58.58,54.75,,11/3
164,74,2023,5,14,短水路,個人,2,100m個人メドレー,男子,,,,,,18～24歳,3,田中壮一郎,男子,セ・二俣川,1:03.70,,,"13.07,30.08,48.19",,,,,,58.58,54.75,,11/2
165,74,2023,5,14,短水路,個人,2,100m個人メドレー,男子,,,,,,18～24歳,4,青木陽輝,男子,セ・西東京,1:04.15,,,"13.00,28.78,49.16",,,,,,58.58,54.75,,11/1
166,74,2023,5,14,短水路,個人,2,100m個人メドレー,男子,,,,,,18～24歳,5,村田雅治,男子,セ・長津田,1:07.84,,,"13.14,30.08,50.96",,,,,,58.58,54.75,,11/8
167,74,2023,5,14,短水路,個人,5,25m自由形,女子,,,,,,85～89歳,1,鈴木洋子,女子,セ・清瀬,22.44,,,,,,,,TRUE,23.33,18.50,,1/4
168,74,2023,5,14,短水路,個人,5,25m自由形,女子,,,,,,85～89歳,2,平田美佐子,女子,セ・天王洲,25.95,,,,,,,,,23.33,18.50,,1/5
169,74,2023,5,14,短水路,個人,5,25m自由形,女子,,,,,,85～89歳,3,鈴木静江,女子,クリーンスパ,27.96,,,,,,,,,23.33,18.50,,1/3
170,74,2023,5,14,短水路,個人,5,25m自由形,女子,,,,,,80～84歳,1,甲把昌子,女子,セ・長沼,18.60,,,,,,,,TRUE,19.73,16.76,,3/3
171,74,2023,5,14,短水路,個人,5,25m自由形,女子,,,,,,80～84歳,2,八田清子,女子,セ・松戸,20.10,,,,,,,,,19.73,16.76,,3/4
172,74,2023,5,14,短水路,個人,5,25m自由形,女子,,,,,,80～84歳,3,安澤イソ子,女子,セ・市ヶ尾,21.63,,,,,,,,,19.73,16.76,,2/5
173,74,2023,5,14,短水路,個人,5,25m自由形,女子,,,,,,80～84歳,4,武藤治子,女子,セ・二俣川,21.94,,,,,,,,,19.73,16.76,,3/8
174,74,2023,5,14,短水路,個人,5,25m自由形,女子,,,,,,80～84歳,5,新井昭代,女子,セ・東十条,22.19,,,,,,,,,19.73,16.76,,3/7
175,74,2023,5,14,短水路,個人,5,25m自由形,女子,,,,,,80～84歳,6,御手洗ヨシ,女子,CS南行徳,22.41,,,,,,,,,19.73,16.76,,3/1
176,74,2023,5,14,短水路,個人,5,25m自由形,女子,,,,,,80～84歳,7,田中もみぢ,女子,セ・おおたか,22.63,,,,,,,,,19.73,16.76,,3/6
177,74,2023,5,14,短水路,個人,5,25m自由形,女子,,,,,,80～84歳,8,倉元恵子,女子,セ・館山,23.60,,,,,,,,,19.73,16.76,,2/2
178,74,2023,5,14,短水路,個人,5,25m自由形,女子,,,,,,80～84歳,9,森京子,女子,セ・清瀬,23.87,,,,,,,,,19.73,16.76,,3/5
179,74,2023,5,14,短水路,個人,5,25m自由形,女子,,,,,,80～84歳,10,大浜南海江,女子,セ・目黒,25.86,,,,,,,,,19.73,16.76,,2/6
180,74,2023,5,14,短水路,個人,5,25m自由形,女子,,,,,,80～84歳,11,馬渡厚子,女子,セ・松戸,26.13,,,,,,,,,19.73,16.76,,3/2
181,74,2023,5,14,短水路,個人,5,25m自由形,女子,,,,,,80～84歳,12,浜野操子,女子,セ・流山,26.58,,,,,,,,,19.73,16.76,,2/4
182,74,2023,5,14,短水路,個人,5,25m自由形,女子,,,,,,80～84歳,13,新堀友子,女子,セ・天王洲,27.55,,,,,,,,,19.73,16.76,,2/7
183,74,2023,5,14,短水路,個人,5,25m自由形,女子,,,,,,80～84歳,14,伊東睦恵,女子,セ・湘南ＬＴ,30.50,,,,,,,,,19.73,16.76,,2/8
184,74,2023,5,14,短水路,個人,5,25m自由形,女子,,,,,,80～84歳,15,井上鈴江,女子,セ・松戸,35.27,,,,,,,,,19.73,16.76,,2/3
185,74,2023,5,14,短水路,個人,5,25m自由形,女子,,,,,,80～84歳,16,柴田幸子,女子,セ・ときわ台,45.36,,,,,,,,,19.73,16.76,,2/1
186,74,2023,5,14,短水路,個人,5,25m自由形,女子,,,,,,75～79歳,1,室谷晴江,女子,セ・大森,18.75,,,,,,,,,17.96,15.87,,5/5
187,74,2023,5,14,短水路,個人,5,25m自由形,女子,,,,,,75～79歳,2,佐藤由利子,女子,セ・用賀,20.08,,,,,,,,,17.96,15.87,,5/4
188,74,2023,5,14,短水路,個人,5,25m自由形,女子,,,,,,75～79歳,3,田村俊子,女子,セ・館山,20.70,,,,,,,,,17.96,15.87,,5/7
189,74,2023,5,14,短水路,個人,5,25m自由形,女子,,,,,,75～79歳,4,村上二三子,女子,セ・目黒,21.15,,,,,,,,,17.96,15.87,,5/2
190,74,2023,5,14,短水路,個人,5,25m自由形,女子,,,,,,75～79歳,5,中村敬子,女子,セ・府中,21.59,,,,,,,,,17.96,15.87,,5/8
191,74,2023,5,14,短水路,個人,5,25m自由形,女子,,,,,,75～79歳,6,石井千枝子,女子,セ・蘇我,23.13,,,,,,,,,17.96,15.87,,5/6
192,74,2023,5,14,短水路,個人,5,25m自由形,女子,,,,,,75～79歳,7,石川和子,女子,セ・我孫子,23.31,,,,,,,,,17.96,15.87,,5/1
193,74,2023,5,14,短水路,個人,5,25m自由形,女子,,,,,,75～79歳,8,後藤久美子,女子,セ・戸塚,24.51,,,,,,,,,17.96,15.87,,5/3
194,74,2023,5,14,短水路,個人,5,25m自由形,女子,,,,,,75～79歳,9,中田和子,女子,セ・越谷,24.99,,,,,,,,,17.96,15.87,,4/7
195,74,2023,5,14,短水路,個人,5,25m自由形,女子,,,,,,75～79歳,10,藤井和子,女子,セ・湘南ＬＴ,25.78,,,,,,,,,17.96,15.87,,4/6
196,74,2023,5,14,短水路,個人,5,25m自由形,女子,,,,,,75～79歳,11,福澤チヅ子,女子,CS南行徳,25.85,,,,,,,,,17.96,15.87,,4/2
197,74,2023,5,14,短水路,個人,5,25m自由形,女子,,,,,,75～79歳,12,山口英子,女子,セ・流山,25.90,,,,,,,,,17.96,15.87,,4/3
198,74,2023,5,14,短水路,個人,5,25m自由形,女子,,,,,,75～79歳,13,染谷敏子,女子,セ・天王洲,28.81,,,,,,,,,17.96,15.87,,4/4
199,74,2023,5,14,短水路,個人,5,25m自由形,女子,,,,,,75～79歳,14,志村佳代子,女子,セ・越谷,32.51,,,,,,,,,17.96,15.87,,4/5
200,74,2023,5,14,短水路,個人,5,25m自由形,女子,,,,,,75～79歳,15,木村かね子,女子,ザパス川崎,35.59,,,,,,,,,17.96,15.87,,4/1
201,74,2023,5,14,短水路,個人,5,25m自由形,女子,,,,,,70～74歳,1,後藤明美,女子,セ・天王洲,18.01,,,,,,,,,16.95,14.97,,8/3
202,74,2023,5,14,短水路,個人,5,25m自由形,女子,,,,,,70～74歳,2,小池藤子,女子,セ・新三郷,18.08,,,,,,,,,16.95,14.97,,8/5
203,74,2023,5,14,短水路,個人,5,25m自由形,女子,,,,,,70～74歳,3,山本恵,女子,セ・流山,18.28,,,,,,,,,16.95,14.97,,6/5
204,74,2023,5,14,短水路,個人,5,25m自由形,女子,,,,,,70～74歳,4,梅田栄己子,女子,セ・天王洲,18.30,,,,,,,,,16.95,14.97,,7/5
205,74,2023,5,14,短水路,個人,5,25m自由形,女子,,,,,,70～74歳,5,近藤ひな子,女子,セ・二俣川,18.54,,,,,,,,,16.95,14.97,,8/4
206,74,2023,5,14,短水路,個人,5,25m自由形,女子,,,,,,70～74歳,6,大久保祐美子,女子,セ・我孫子,19.03,,,,,,,,,16.95,14.97,,8/2
207,74,2023,5,14,短水路,個人,5,25m自由形,女子,,,,,,70～74歳,7,鶴本年子,女子,セ・清瀬,19.12,,,,,,,,,16.95,14.97,,8/6
208,74,2023,5,14,短水路,個人,5,25m自由形,女子,,,,,,70～74歳,8,柴田美知子,女子,セ・新浦安,20.42,,,,,,,,,16.95,14.97,,8/7
209,74,2023,5,14,短水路,個人,5,25m自由形,女子,,,,,,70～74歳,9,小澤優子,女子,セ・葛西,20.80,,,,,,,,,16.95,14.97,,6/2
210,74,2023,5,14,短水路,個人,5,25m自由形,女子,,,,,,70～74歳,10,吉田あけみ,女子,セ・館山,20.82,,,,,,,,,16.95,14.97,,7/6
211,74,2023,5,14,短水路,個人,5,25m自由形,女子,,,,,,70～74歳,11,斉藤由利子,女子,セ・青砥,21.41,,,,,,,,,16.95,14.97,,7/3
212,74,2023,5,14,短水路,個人,5,25m自由形,女子,,,,,,70～74歳,12,若林多恵子,女子,セ・谷津,21.59,,,,,,,,,16.95,14.97,,7/1
213,74,2023,5,14,短水路,個人,5,25m自由形,女子,,,,,,70～74歳,13,宮内佳代子,女子,セ・トレッサ,21.61,,,,,,,,,16.95,14.97,,8/1
214,74,2023,5,14,短水路,個人,5,25m自由形,女子,,,,,,70～74歳,14,若松はる子,女子,セ・松戸,21.67,,,,,,,,,16.95,14.97,,8/8
215,74,2023,5,14,短水路,個人,5,25m自由形,女子,,,,,,70～74歳,15,于亜芝,女子,セ・南千住,22.26,,,,,,,,,16.95,14.97,,6/4
216,74,2023,5,14,短水路,個人,5,25m自由形,女子,,,,,,70～74歳,16,神村祥子,女子,クリーンスパ,22.45,,,,,,,,,16.95,14.97,,7/2
217,74,2023,5,14,短水路,個人,5,25m自由形,女子,,,,,,70～74歳,17,恩田眞紀,女子,CS南行徳,22.48,,,,,,,,,16.95,14.97,,6/6
218,74,2023,5,14,短水路,個人,5,25m自由形,女子,,,,,,70～74歳,18,戸倉陽子,女子,セ・慶應日吉,22.62,,,,,,,,,16.95,14.97,,7/4
219,74,2023,5,14,短水路,個人,5,25m自由形,女子,,,,,,70～74歳,19,杉村頼子,女子,セ・湘南ＬＴ,22.82,,,,,,,,,16.95,14.97,,9/4
220,74,2023,5,14,短水路,個人,5,25m自由形,女子,,,,,,70～74歳,20,松永タズヨ,女子,セ・おおたか,22.98,,,,,,,,,16.95,14.97,,7/8
221,74,2023,5,14,短水路,個人,5,25m自由形,女子,,,,,,70～74歳,21,大山伴恵,女子,セ・トレッサ,23.00,,,,,,,,,16.95,14.97,,6/3
222,74,2023,5,14,短水路,個人,5,25m自由形,女子,,,,,,70～74歳,22,石村眞理子,女子,セ・新川崎,24.49,,,,,,,,,16.95,14.97,,6/7
223,74,2023,5,14,短水路,個人,5,25m自由形,女子,,,,,,70～74歳,23,柴田千代子,女子,セ・天王洲,25.11,,,,,,,,,16.95,14.97,,7/7
224,74,2023,5,14,短水路,個人,5,25m自由形,女子,,,,,,70～74歳,24,友野敬子,女子,セ・館山,25.16,,,,,,,,,16.95,14.97,,6/8
225,74,2023,5,14,短水路,個人,5,25m自由形,女子,,,,,,70～74歳,25,安野裕子,女子,セ・新川崎,26.93,,,,,,,,,16.95,14.97,,6/1
226,74,2023,5,14,短水路,個人,5,25m自由形,女子,,,,,,70～74歳,26,永森恒子,女子,ザパス川崎,34.99,,,,,,,,,16.95,14.97,,9/1
227,74,2023,5,14,短水路,個人,5,25m自由形,女子,,,,,,65～69歳,1,川久保ちづる,女子,ザパス川崎,17.12,,,,,,,,,15.74,14.64,,12/2
228,74,2023,5,14,短水路,個人,5,25m自由形,女子,,,,,,65～69歳,2,浅野みどり,女子,セ・天王洲,17.53,,,,,,,,,15.74,14.64,,12/4
229,74,2023,5,14,短水路,個人,5,25m自由形,女子,,,,,,65～69歳,3,立石由美子,女子,セ・大森,17.55,,,,,,,,,15.74,14.64,,11/5
230,74,2023,5,14,短水路,個人,5,25m自由形,女子,,,,,,65～69歳,4,井上美佐子,女子,セ・大森,17.88,,,,,,,,,15.74,14.64,,13/6
231,74,2023,5,14,短水路,個人,5,25m自由形,女子,,,,,,65～69歳,5,鈴木公江,女子,セ・千葉みなと,18.45,,,,,,,,,15.74,14.64,,10/2
232,74,2023,5,14,短水路,個人,5,25m自由形,女子,,,,,,65～69歳,6,蓑田朝子,女子,セ・ときわ台,18.53,,,,,,,,,15.74,14.64,,12/3
233,74,2023,5,14,短水路,個人,5,25m自由形,女子,,,,,,65～69歳,6,高橋眞弓,女子,セ・おおたか,18.53,,,,,,,,,15.74,14.64,,12/5
234,74,2023,5,14,短水路,個人,5,25m自由形,女子,,,,,,65～69歳,8,瀧下節子,女子,セ・志木,18.68,,,,,,,,,15.74,14.64,,12/8
235,74,2023,5,14,短水路,個人,5,25m自由形,女子,,,,,,65～69歳,9,齊藤たか子,女子,ザパス川崎,18.85,,,,,,,,,15.74,14.64,,11/2
236,74,2023,5,14,短水路,個人,5,25m自由形,女子,,,,,,65～69歳,10,井本豊子,女子,セ・成城,19.09,,,,,,,,,15.74,14.64,,11/3
237,74,2023,5,14,短水路,個人,5,25m自由形,女子,,,,,,65～69歳,11,三嶋祐子,女子,セ・阿佐谷,19.13,,,,,,,,,15.74,14.64,,12/6
238,74,2023,5,14,短水路,個人,5,25m自由形,女子,,,,,,65～69歳,12,渋谷照代,女子,セ・我孫子,19.34,,,,,,,,,15.74,14.64,,10/6
239,74,2023,5,14,短水路,個人,5,25m自由形,女子,,,,,,65～69歳,13,小沢邦恵,女子,セ・二俣川,19.61,,,,,,,,,15.74,14.64,,10/4
240,74,2023,5,14,短水路,個人,5,25m自由形,女子,,,,,,65～69歳,14,鶴崎緑,女子,セ・トレッサ,19.82,,,,,,,,,15.74,14.64,,11/4
241,74,2023,5,14,短水路,個人,5,25m自由形,女子,,,,,,65～69歳,15,伊藤春美,女子,ザパス川崎,19.89,,,,,,,,,15.74,14.64,,11/7
242,74,2023,5,14,短水路,個人,5,25m自由形,女子,,,,,,65～69歳,16,小笠原京子,女子,セ・流山,19.90,,,,,,,,,15.74,14.64,,10/1
243,74,2023,5,14,短水路,個人,5,25m自由形,女子,,,,,,65～69歳,17,酒谷真砂子,女子,セ・戸塚,20.00,,,,,,,,,15.74,14.64,,11/8
244,74,2023,5,14,短水路,個人,5,25m自由形,女子,,,,,,65～69歳,18,下川喜美枝,女子,セ・南千住,20.09,,,,,,,,,15.74,14.64,,11/6
245,74,2023,5,14,短水路,個人,5,25m自由形,女子,,,,,,65～69歳,19,松浦敏子,女子,セ・我孫子,20.25,,,,,,,,,15.74,14.64,,13/2
246,74,2023,5,14,短水路,個人,5,25m自由形,女子,,,,,,65～69歳,20,中西トモ子,女子,セ・越谷,20.42,,,,,,,,,15.74,14.64,,10/3
247,74,2023,5,14,短水路,個人,5,25m自由形,女子,,,,,,65～69歳,21,永田啓子,女子,セ・我孫子,20.53,,,,,,,,,15.74,14.64,,13/8
248,74,2023,5,14,短水路,個人,5,25m自由形,女子,,,,,,65～69歳,22,益田加津子,女子,セ・自由が丘,20.70,,,,,,,,,15.74,14.64,,10/7
249,74,2023,5,14,短水路,個人,5,25m自由形,女子,,,,,,65～69歳,22,小笠原三春,女子,セ・八王子,20.70,,,,,,,,,15.74,14.64,,12/1
250,74,2023,5,14,短水路,個人,5,25m自由形,女子,,,,,,65～69歳,24,大塩郁子,女子,セ・新浦安,21.21,,,,,,,,,15.74,14.64,,11/1
251,74,2023,5,14,短水路,個人,5,25m自由形,女子,,,,,,65～69歳,25,吉田恵子,女子,セ・柏,21.27,,,,,,,,,15.74,14.64,,13/3
252,74,2023,5,14,短水路,個人,5,25m自由形,女子,,,,,,65～69歳,26,田村加代子,女子,セ・おおたか,21.56,,,,,,,,,15.74,14.64,,12/7
253,74,2023,5,14,短水路,個人,5,25m自由形,女子,,,,,,65～69歳,27,長谷川節子,女子,セ・天王洲,21.70,,,,,,,,,15.74,14.64,,10/5
254,74,2023,5,14,短水路,個人,5,25m自由形,女子,,,,,,65～69歳,28,後藤悦子,女子,セ・本郷台,21.71,,,,,,,,,15.74,14.64,,10/8
255,74,2023,5,14,短水路,個人,5,25m自由形,女子,,,,,,65～69歳,29,新井瑞枝,女子,セ・流山,22.85,,,,,,,,,15.74,14.64,,9/6
256,74,2023,5,14,短水路,個人,5,25m自由形,女子,,,,,,65～69歳,30,池淵玲子,女子,セ・慶應日吉,23.07,,,,,,,,,15.74,14.64,,13/5
257,74,2023,5,14,短水路,個人,5,25m自由形,女子,,,,,,65～69歳,31,藤井道子,女子,セ・我孫子,23.67,,,,,,,,,15.74,14.64,,9/3
258,74,2023,5,14,短水路,個人,5,25m自由形,女子,,,,,,65～69歳,32,佐藤正子,女子,ザパス川崎,27.67,,,,,,,,,15.74,14.64,,9/5
259,74,2023,5,14,短水路,個人,5,25m自由形,女子,,,,,,65～69歳,33,木村恵,女子,セ・我孫子,28.51,,,,,,,,,15.74,14.64,,9/7
260,74,2023,5,14,短水路,個人,5,25m自由形,女子,,,,,,65～69歳,33,国本玉江,女子,ザパス川崎,28.51,,,,,,,,,15.74,14.64,,9/8
261,74,2023,5,14,短水路,個人,5,25m自由形,女子,,,,,,60～64歳,1,永瀬秀子,女子,セ・二俣川,14.61,,,,,,,,,14.50,14.20,,14/4
262,74,2023,5,14,短水路,個人,5,25m自由形,女子,,,,,,60～64歳,2,神保清美,女子,セ・自由が丘,17.62,,,,,,,,,14.50,14.20,,14/5
263,74,2023,5,14,短水路,個人,5,25m自由形,女子,,,,,,60～64歳,3,山梨静枝,女子,セ・我孫子,18.14,,,,,,,,,14.50,14.20,,14/1
264,74,2023,5,14,短水路,個人,5,25m自由形,女子,,,,,,60～64歳,4,宮田ひとみ,女子,セ・阿佐谷,18.17,,,,,,,,,14.50,14.20,,14/3
265,74,2023,5,14,短水路,個人,5,25m自由形,女子,,,,,,60～64歳,5,大原清美,女子,セ・阿佐谷,18.28,,,,,,,,,14.50,14.20,,14/7
266,74,2023,5,14,短水路,個人,5,25m自由形,女子,,,,,,60～64歳,6,吉田有子,女子,セ・館山,18.64,,,,,,,,,14.50,14.20,,14/8
267,74,2023,5,14,短水路,個人,5,25m自由形,女子,,,,,,60～64歳,7,久保とし子,女子,セ・長津田,18.73,,,,,,,,,14.50,14.20,,14/2
268,74,2023,5,14,短水路,個人,5,25m自由形,女子,,,,,,60～64歳,8,長野佐稚子,女子,セ・東十条,19.47,,,,,,,,,14.50,14.20,,14/6
269,74,2023,5,14,短水路,個人,5,25m自由形,女子,,,,,,60～64歳,9,米林清子,女子,セ・越谷,19.55,,,,,,,,,14.50,14.20,,15/5
270,74,2023,5,14,短水路,個人,5,25m自由形,女子,,,,,,60～64歳,10,桐沢ひとみ,女子,セ・大森,19.57,,,,,,,,,14.50,14.20,,15/4
271,74,2023,5,14,短水路,個人,5,25m自由形,女子,,,,,,60～64歳,11,西澤順子,女子,セ・青砥,19.76,,,,,,,,,14.50,14.20,,15/6
272,74,2023,5,14,短水路,個人,5,25m自由形,女子,,,,,,60～64歳,12,川口幸代,女子,セ・二俣川,20.51,,,,,,,,,14.50,14.20,,15/3
273,74,2023,5,14,短水路,個人,5,25m自由形,女子,,,,,,60～64歳,13,三木純子,女子,セ・流山,21.02,,,,,,,,,14.50,14.20,,15/2
274,74,2023,5,14,短水路,個人,5,25m自由形,女子,,,,,,60～64歳,14,花形一実,女子,セ・南千住,22.56,,,,,,,,,14.50,14.20,,13/4
275,74,2023,5,14,短水路,個人,5,25m自由形,女子,,,,,,60～64歳,15,大西和子,女子,セ・天王洲,24.71,,,,,,,,,14.50,14.20,,13/1
276,74,2023,5,14,短水路,個人,5,25m自由形,女子,,,,,,60～64歳,16,前川尚美,女子,セ・Ｆ東戸塚,25.70,,,,,,,,,14.50,14.20,,13/7
277,74,2023,5,14,短水路,個人,5,25m自由形,女子,,,,,,55～59歳,1,横尾しずか,女子,セ・用賀,15.44,,,,,,,,,14.36,13.06,,16/6
278,74,2023,5,14,短水路,個人,5,25m自由形,女子,,,,,,55～59歳,2,佐藤明美,女子,セ・館山,15.60,,,,,,,,,14.36,13.06,,16/5
279,74,2023,5,14,短水路,個人,5,25m自由形,女子,,,,,,55～59歳,3,羽山恵津子,女子,セ・葛西,16.23,,,,,,,,,14.36,13.06,,16/4
280,74,2023,5,14,短水路,個人,5,25m自由形,女子,,,,,,55～59歳,4,福原美奈,女子,セ・稲毛海岸,16.59,,,,,,,,,14.36,13.06,,17/4
281,74,2023,5,14,短水路,個人,5,25m自由形,女子,,,,,,55～59歳,5,安藤真奈美,女子,セ・新浦安,16.97,,,,,,,,,14.36,13.06,,16/2
282,74,2023,5,14,短水路,個人,5,25m自由形,女子,,,,,,55～59歳,6,古谷幸代,女子,セ・二俣川,18.10,,,,,,,,,14.36,13.06,,16/8
283,74,2023,5,14,短水路,個人,5,25m自由形,女子,,,,,,55～59歳,7,佐藤直子,女子,セ・我孫子,18.11,,,,,,,,,14.36,13.06,,15/1
284,74,2023,5,14,短水路,個人,5,25m自由形,女子,,,,,,55～59歳,8,二ノ宮美佳,女子,セ・越谷,18.26,,,,,,,,,14.36,13.06,,16/7
285,74,2023,5,14,短水路,個人,5,25m自由形,女子,,,,,,55～59歳,9,石井恵津,女子,セ・自由が丘,18.63,,,,,,,,,14.36,13.06,,16/1
286,74,2023,5,14,短水路,個人,5,25m自由形,女子,,,,,,55～59歳,10,蛭名とも子,女子,セ・志木,19.13,,,,,,,,,14.36,13.06,,17/3
287,74,2023,5,14,短水路,個人,5,25m自由形,女子,,,,,,55～59歳,11,棚橋悦子,女子,セ・自由が丘,19.21,,,,,,,,,14.36,13.06,,17/6
288,74,2023,5,14,短水路,個人,5,25m自由形,女子,,,,,,55～59歳,12,鯨井智子,女子,セ・新都心,21.66,,,,,,,,,14.36,13.06,,17/7
289,74,2023,5,14,短水路,個人,5,25m自由形,女子,,,,,,55～59歳,13,百田真由美,女子,セ・平塚,22.15,,,,,,,,,14.36,13.06,,15/7
290,74,2023,5,14,短水路,個人,5,25m自由形,女子,,,,,,55～59歳,14,平澤馨,女子,セ・府中,24.22,,,,,,,,,14.36,13.06,,15/8
291,74,2023,5,14,短水路,個人,5,25m自由形,女子,,,,,,50～54歳,1,村田由里子,女子,セ・茂原,14.75,,,,,,,,,14.02,12.84,,18/5
292,74,2023,5,14,短水路,個人,5,25m自由形,女子,,,,,,50～54歳,2,八尋加苗,女子,セ・松戸,15.22,,,,,,,,,14.02,12.84,,18/2
293,74,2023,5,14,短水路,個人,5,25m自由形,女子,,,,,,50～54歳,3,唐鎌典子,女子,セ・千葉みなと,15.51,,,,,,,,,14.02,12.84,,18/4
294,74,2023,5,14,短水路,個人,5,25m自由形,女子,,,,,,50～54歳,4,小倉直美,女子,セ・清瀬,15.62,,,,,,,,,14.02,12.84,,18/6
295,74,2023,5,14,短水路,個人,5,25m自由形,女子,,,,,,50～54歳,5,池田智子,女子,セ・目黒,15.89,,,,,,,,,14.02,12.84,,18/3
296,74,2023,5,14,短水路,個人,5,25m自由形,女子,,,,,,50～54歳,6,白須靖子,女子,セ・市ヶ尾,16.63,,,,,,,,,14.02,12.84,,18/7
297,74,2023,5,14,短水路,個人,5,25m自由形,女子,,,,,,50～54歳,7,西田真樹,女子,セ・平塚,16.80,,,,,,,,,14.02,12.84,,18/8
298,74,2023,5,14,短水路,個人,5,25m自由形,女子,,,,,,50～54歳,8,比留川美緒,女子,セ・平塚,17.04,,,,,,,,,14.02,12.84,,18/1
299,74,2023,5,14,短水路,個人,5,25m自由形,女子,,,,,,50～54歳,9,棚網恵理,女子,セ・阿佐谷,17.40,,,,,,,,,14.02,12.84,,19/3
300,74,2023,5,14,短水路,個人,5,25m自由形,女子,,,,,,50～54歳,10,釘井美奈子,女子,セ・大森,18.52,,,,,,,,,14.02,12.84,,17/1
301,74,2023,5,14,短水路,個人,5,25m自由形,女子,,,,,,50～54歳,11,大塚弘子,女子,セ・茂原,18.70,,,,,,,,,14.02,12.84,,17/5
302,74,2023,5,14,短水路,個人,5,25m自由形,女子,,,,,,50～54歳,12,佐藤晶子,女子,セ・おおたか,18.91,,,,,,,,,14.02,12.84,,17/2
303,74,2023,5,14,短水路,個人,5,25m自由形,女子,,,,,,50～54歳,13,兼子敬子,女子,セ・南千住,19.41,,,,,,,,,14.02,12.84,,17/8
304,74,2023,5,14,短水路,個人,5,25m自由形,女子,,,,,,50～54歳,14,小川史枝,女子,セ・越谷ＬＴ,21.31,,,,,,,,,14.02,12.84,,19/2
305,74,2023,5,14,短水路,個人,5,25m自由形,女子,,,,,,45～49歳,1,石賀幸子,女子,セ・八王子,13.64,,,,,,,,TRUE,13.86,12.58,,20/4
306,74,2023,5,14,短水路,個人,5,25m自由形,女子,,,,,,45～49歳,2,バーンズ智絵,女子,セ・松戸,14.51,,,,,,,,,13.86,12.58,,20/2
307,74,2023,5,14,短水路,個人,5,25m自由形,女子,,,,,,45～49歳,3,櫻井翠,女子,セ・横浜,14.62,,,,,,,,,13.86,12.58,,20/5
308,74,2023,5,14,短水路,個人,5,25m自由形,女子,,,,,,45～49歳,4,杉本浩美,女子,セ・南千住,14.64,,,,,,,,,13.86,12.58,,20/6
309,74,2023,5,14,短水路,個人,5,25m自由形,女子,,,,,,45～49歳,5,相川悦子,女子,セ・蒲田,14.68,,,,,,,,,13.86,12.58,,20/1
310,74,2023,5,14,短水路,個人,5,25m自由形,女子,,,,,,45～49歳,6,木村美佐子,女子,セ・南宇都宮,14.94,,,,,,,,,13.86,12.58,,20/3
311,74,2023,5,14,短水路,個人,5,25m自由形,女子,,,,,,45～49歳,7,高橋圭,女子,セ・松戸,15.77,,,,,,,,,13.86,12.58,,21/2
312,74,2023,5,14,短水路,個人,5,25m自由形,女子,,,,,,45～49歳,8,来島優子,女子,セ・本郷台,16.10,,,,,,,,,13.86,12.58,,20/7
313,74,2023,5,14,短水路,個人,5,25m自由形,女子,,,,,,45～49歳,9,平林由美,女子,CS南行徳,16.34,,,,,,,,,13.86,12.58,,20/8
314,74,2023,5,14,短水路,個人,5,25m自由形,女子,,,,,,45～49歳,10,岩井千絵,女子,セ・上池袋,16.54,,,,,,,,,13.86,12.58,,19/4
315,74,2023,5,14,短水路,個人,5,25m自由形,女子,,,,,,45～49歳,11,細沼悦子,女子,セ・越谷,16.95,,,,,,,,,13.86,12.58,,19/5
316,74,2023,5,14,短水路,個人,5,25m自由形,女子,,,,,,45～49歳,12,山崎悦子,女子,クリーンスパ,19.44,,,,,,,,,13.86,12.58,,19/7
317,74,2023,5,14,短水路,個人,5,25m自由形,女子,,,,,,45～49歳,13,大野祐子,女子,CS南行徳,19.92,,,,,,,,,13.86,12.58,,19/6
318,74,2023,5,14,短水路,個人,5,25m自由形,女子,,,,,,45～49歳,14,斉藤靖子,女子,セ・目黒,22.89,,,,,,,,,13.86,12.58,,19/1
319,74,2023,5,14,短水路,個人,5,25m自由形,女子,,,,,,45～49歳,15,久保洋子,女子,セ・流山,26.01,,,,,,,,,13.86,12.58,,19/8
320,74,2023,5,14,短水路,個人,5,25m自由形,女子,,,,,,40～44歳,1,宮本八重,女子,セ・慶應日吉,13.72,,,,,,,,,13.48,12.25,,22/5
321,74,2023,5,14,短水路,個人,5,25m自由形,女子,,,,,,40～44歳,2,大黒明日香,女子,セ・清瀬,14.86,,,,,,,,,13.48,12.25,,21/7
322,74,2023,5,14,短水路,個人,5,25m自由形,女子,,,,,,40～44歳,3,丸田紘子,女子,セ・能見台,15.10,,,,,,,,,13.48,12.25,,21/5
323,74,2023,5,14,短水路,個人,5,25m自由形,女子,,,,,,40～44歳,4,四井美穂,女子,セ・天王洲,15.16,,,,,,,,,13.48,12.25,,21/4
324,74,2023,5,14,短水路,個人,5,25m自由形,女子,,,,,,40～44歳,5,清水佳苗,女子,曽谷・セ,15.84,,,,,,,,,13.48,12.25,,21/6
325,74,2023,5,14,短水路,個人,5,25m自由形,女子,,,,,,40～44歳,6,町田麻里,女子,セ・南千住,17.42,,,,,,,,,13.48,12.25,,21/3
326,74,2023,5,14,短水路,個人,5,25m自由形,女子,,,,,,40～44歳,7,中田絵理,女子,セ・トレッサ,21.00,,,,,,,,,13.48,12.25,,21/1
327,74,2023,5,14,短水路,個人,5,25m自由形,女子,,,,,,40～44歳,8,水野育代,女子,セ・上池袋,21.96,,,,,,,,,13.48,12.25,,21/8
328,74,2023,5,14,短水路,個人,5,25m自由形,女子,,,,,,35～39歳,1,青木梨緒,女子,セ・葛西,13.91,,,,,,,,,13.06,12.28,,22/4
329,74,2023,5,14,短水路,個人,5,25m自由形,女子,,,,,,35～39歳,2,RacaruGabriela,女子,セ・慶應日吉,18.30,,,,,,,,,13.06,12.28,,22/7
330,74,2023,5,14,短水路,個人,5,25m自由形,女子,,,,,,35～39歳,3,國政玲,女子,セ・南青山,19.59,,,,,,,,,13.06,12.28,,22/8
331,74,2023,5,14,短水路,個人,5,25m自由形,女子,,,,,,30～34歳,1,柴田小野華,女子,セ・松戸,13.76,,,,,,,,,13.18,11.97,,23/3
332,74,2023,5,14,短水路,個人,5,25m自由形,女子,,,,,,30～34歳,2,牧明穂,女子,セ・本郷台,14.18,,,,,,,,,13.18,11.97,,23/5
333,74,2023,5,14,短水路,個人,5,25m自由形,女子,,,,,,30～34歳,3,長瀬涼佳,女子,セ・二俣川,14.54,,,,,,,,,13.18,11.97,,22/6
334,74,2023,5,14,短水路,個人,5,25m自由形,女子,,,,,,30～34歳,4,岡澤美咲,女子,セ・茂原,16.34,,,,,,,,,13.18,11.97,,22/2
335,74,2023,5,14,短水路,個人,5,25m自由形,女子,,,,,,30～34歳,5,高松悠希,女子,セ・越谷,19.60,,,,,,,,,13.18,11.97,,22/1
336,74,2023,5,14,短水路,個人,5,25m自由形,女子,,,,,,25～29歳,1,木田景子,女子,セ・平塚,14.07,,,,,,,,,13.09,11.96,,23/2
337,74,2023,5,14,短水路,個人,5,25m自由形,女子,,,,,,25～29歳,2,松廣花月,女子,セ・慶應日吉,14.64,,,,,,,,,13.09,11.96,,23/6
338,74,2023,5,14,短水路,個人,5,25m自由形,女子,,,,,,18～24歳,1,小林明日奏,女子,セ・青砥,13.63,,,,,,,,,12.85,11.91,,23/4
339,74,2023,5,14,短水路,個人,5,25m自由形,女子,,,,,,18～24歳,2,望月美瑛,女子,セ・トレッサ,15.95,,,,,,,,,12.85,11.91,,23/7
340,74,2023,5,14,短水路,個人,6,25m自由形,男子,,,,,,90～94歳,1,椎野正敏,男子,セ・越谷,24.02,,,,,,,,,23.32,17.99,,1/2
341,74,2023,5,14,短水路,個人,6,25m自由形,男子,,,,,,85～89歳,1,丸野公敏,男子,セ・南千住,26.98,,,,,,,,,20.36,15.31,,1/1
342,74,2023,5,14,短水路,個人,6,25m自由形,男子,,,,,,80～84歳,1,中村欣正,男子,セ・流山,19.11,,,,,,,,,16.55,14.30,,1/4
343,74,2023,5,14,短水路,個人,6,25m自由形,男子,,,,,,80～84歳,2,若岡利夫,男子,セ・蘇我,19.31,,,,,,,,,16.55,14.30,,2/4
344,74,2023,5,14,短水路,個人,6,25m自由形,男子,,,,,,80～84歳,3,小田稔,男子,セ・慶應日吉,19.34,,,,,,,,,16.55,14.30,,1/5
345,74,2023,5,14,短水路,個人,6,25m自由形,男子,,,,,,80～84歳,4,増山晶一,男子,セ・下北沢,21.24,,,,,,,,,16.55,14.30,,1/3
346,74,2023,5,14,短水路,個人,6,25m自由形,男子,,,,,,80～84歳,5,佐々木正志,男子,曽谷・セ,21.28,,,,,,,,,16.55,14.30,,1/6
347,74,2023,5,14,短水路,個人,6,25m自由形,男子,,,,,,80～84歳,6,篠崎巌,男子,セ・稲毛海岸,24.54,,,,,,,,,16.55,14.30,,1/8
348,74,2023,5,14,短水路,個人,6,25m自由形,男子,,,,,,80～84歳,7,永木明世,男子,セ・松戸,26.12,,,,,,,,,16.55,14.30,,2/3
349,74,2023,5,14,短水路,個人,6,25m自由形,男子,,,,,,75～79歳,1,佐々木侑,男子,セ・我孫子,18.07,,,,,,,,,14.59,13.62,,3/6
350,74,2023,5,14,短水路,個人,6,25m自由形,男子,,,,,,75～79歳,2,柊敏雄,男子,セ・新浦安,18.90,,,,,,,,,14.59,13.62,,3/3
351,74,2023,5,14,短水路,個人,6,25m自由形,男子,,,,,,75～79歳,3,泉保央,男子,セ・慶應日吉,19.84,,,,,,,,,14.59,13.62,,2/2
352,74,2023,5,14,短水路,個人,6,25m自由形,男子,,,,,,75～79歳,4,松永勝,男子,セ・おおたか,20.01,,,,,,,,,14.59,13.62,,2/7
353,74,2023,5,14,短水路,個人,6,25m自由形,男子,,,,,,75～79歳,5,手塚満,男子,セ・おおたか,20.36,,,,,,,,,14.59,13.62,,2/1
354,74,2023,5,14,短水路,個人,6,25m自由形,男子,,,,,,75～79歳,6,竹島正明,男子,セ・越谷,21.93,,,,,,,,,14.59,13.62,,2/6
355,74,2023,5,14,短水路,個人,6,25m自由形,男子,,,,,,75～79歳,7,岡本孝夫,男子,セ・新川崎,22.74,,,,,,,,,14.59,13.62,,2/8
356,74,2023,5,14,短水路,個人,6,25m自由形,男子,,,,,,70～74歳,1,大倉健志,男子,セ・流山,16.06,,,,,,,,,12.97,12.75,,4/5
357,74,2023,5,14,短水路,個人,6,25m自由形,男子,,,,,,70～74歳,2,小山三千生,男子,セ・清瀬,16.88,,,,,,,,,12.97,12.75,,4/4
358,74,2023,5,14,短水路,個人,6,25m自由形,男子,,,,,,70～74歳,3,丸喜章,男子,セ・茂原,16.98,,,,,,,,,12.97,12.75,,4/3
359,74,2023,5,14,短水路,個人,6,25m自由形,男子,,,,,,70～74歳,4,綱島憲,男子,セ・用賀,17.06,,,,,,,,,12.97,12.75,,4/6
360,74,2023,5,14,短水路,個人,6,25m自由形,男子,,,,,,70～74歳,5,山村茂,男子,セ・南千住,17.16,,,,,,,,,12.97,12.75,,3/4
361,74,2023,5,14,短水路,個人,6,25m自由形,男子,,,,,,70～74歳,6,黒川直行,男子,クリーンスパ,17.88,,,,,,,,,12.97,12.75,,3/5
362,74,2023,5,14,短水路,個人,6,25m自由形,男子,,,,,,70～74歳,7,山田幸男,男子,セ・南千住,18.72,,,,,,,,,12.97,12.75,,3/7
363,74,2023,5,14,短水路,個人,6,25m自由形,男子,,,,,,70～74歳,8,斉藤雄一,男子,セ・上池袋,19.93,,,,,,,,,12.97,12.75,,3/8
364,74,2023,5,14,短水路,個人,6,25m自由形,男子,,,,,,70～74歳,9,大久保美伸,男子,セ・松戸,20.01,,,,,,,,,12.97,12.75,,3/1
365,74,2023,5,14,短水路,個人,6,25m自由形,男子,,,,,,70～74歳,10,太田与洋,男子,セ・新浦安,20.29,,,,,,,,,12.97,12.75,,3/2
366,74,2023,5,14,短水路,個人,6,25m自由形,男子,,,,,,65～69歳,1,富松実,男子,セ・二俣川,13.43,,,,,,,,,12.63,12.44,,5/4
367,74,2023,5,14,短水路,個人,6,25m自由形,男子,,,,,,65～69歳,2,槙田誠,男子,セ・南千住,14.99,,,,,,,,,12.63,12.44,,5/3
368,74,2023,5,14,短水路,個人,6,25m自由形,男子,,,,,,65～69歳,3,石附伸也,男子,セ・新浦安,15.14,,,,,,,,,12.63,12.44,,5/5
369,74,2023,5,14,短水路,個人,6,25m自由形,男子,,,,,,65～69歳,4,佐藤信弘,男子,セ・桶川北本,15.78,,,,,,,,,12.63,12.44,,5/6
370,74,2023,5,14,短水路,個人,6,25m自由形,男子,,,,,,65～69歳,5,山中一男,男子,セ・阿佐谷,15.89,,,,,,,,,12.63,12.44,,5/2
371,74,2023,5,14,短水路,個人,6,25m自由形,男子,,,,,,65～69歳,6,松浦彰,男子,セ・新浦安,16.03,,,,,,,,,12.63,12.44,,5/1
372,74,2023,5,14,短水路,個人,6,25m自由形,男子,,,,,,65～69歳,7,渡辺正俊,男子,セ・流山,16.78,,,,,,,,,12.63,12.44,,4/7
373,74,2023,5,14,短水路,個人,6,25m自由形,男子,,,,,,65～69歳,8,岡田博之,男子,セ・流山,17.91,,,,,,,,,12.63,12.44,,5/7
374,74,2023,5,14,短水路,個人,6,25m自由形,男子,,,,,,65～69歳,9,真崎武司,男子,セ・志木,18.00,,,,,,,,,12.63,12.44,,4/2
375,74,2023,5,14,短水路,個人,6,25m自由形,男子,,,,,,65～69歳,10,森下善夫,男子,セ・大宮宮原,20.68,,,,,,,,,12.63,12.44,,5/8
376,74,2023,5,14,短水路,個人,6,25m自由形,男子,,,,,,65～69歳,11,大城宜英,男子,ザパス川崎,24.83,,,,,,,,,12.63,12.44,,4/1
377,74,2023,5,14,短水路,個人,6,25m自由形,男子,,,,,,60～64歳,1,菊池千二,男子,セ・市ヶ尾,12.86,,,,,,,,,12.14,11.89,,7/3
378,74,2023,5,14,短水路,個人,6,25m自由形,男子,,,,,,60～64歳,2,森明法,男子,セ・慶應日吉,14.23,,,,,,,,,12.14,11.89,,6/6
379,74,2023,5,14,短水路,個人,6,25m自由形,男子,,,,,,60～64歳,3,入江潤,男子,セ・二俣川,14.41,,,,,,,,,12.14,11.89,,6/4
380,74,2023,5,14,短水路,個人,6,25m自由形,男子,,,,,,60～64歳,4,一色洋志,男子,セ・福生,14.69,,,,,,,,,12.14,11.89,,6/3
381,74,2023,5,14,短水路,個人,6,25m自由形,男子,,,,,,60～64歳,5,斉藤正博,男子,セ・我孫子,14.87,,,,,,,,,12.14,11.89,,7/4
382,74,2023,5,14,短水路,個人,6,25m自由形,男子,,,,,,60～64歳,6,横浜健,男子,セ・南青山,15.34,,,,,,,,,12.14,11.89,,6/5
383,74,2023,5,14,短水路,個人,6,25m自由形,男子,,,,,,60～64歳,7,金田雅之,男子,セ・能見台,15.41,,,,,,,,,12.14,11.89,,6/1
384,74,2023,5,14,短水路,個人,6,25m自由形,男子,,,,,,60～64歳,8,丸山恵太,男子,セ・成城,15.42,,,,,,,,,12.14,11.89,,6/7
385,74,2023,5,14,短水路,個人,6,25m自由形,男子,,,,,,60～64歳,9,蛭名昌彦,男子,セ・志木,15.67,,,,,,,,,12.14,11.89,,6/2
386,74,2023,5,14,短水路,個人,6,25m自由形,男子,,,,,,60～64歳,10,中井岳郎,男子,セ・成城,16.20,,,,,,,,,12.14,11.89,,6/8
387,74,2023,5,14,短水路,個人,6,25m自由形,男子,,,,,,60～64歳,10,竹内新,男子,墨田区体育館,16.20,,,,,,,,,12.14,11.89,,7/6
388,74,2023,5,14,短水路,個人,6,25m自由形,男子,,,,,,60～64歳,12,和田嘉章,男子,ザパス川崎,16.62,,,,,,,,,12.14,11.89,,7/5
389,74,2023,5,14,短水路,個人,6,25m自由形,男子,,,,,,60～64歳,13,安藤靖,男子,セ・南青山,17.07,,,,,,,,,12.14,11.89,,7/2
390,74,2023,5,14,短水路,個人,6,25m自由形,男子,,,,,,55～59歳,1,阿部憲一,男子,セ・大宮宮原,12.53,,,,,,,,,12.20,11.64,,8/4
391,74,2023,5,14,短水路,個人,6,25m自由形,男子,,,,,,55～59歳,2,杉原祥之,男子,ザパス鶴見,13.41,,,,,,,,,12.20,11.64,,8/5
392,74,2023,5,14,短水路,個人,6,25m自由形,男子,,,,,,55～59歳,3,浅川和之,男子,セ・新浦安,14.01,,,,,,,,,12.20,11.64,,8/3
393,74,2023,5,14,短水路,個人,6,25m自由形,男子,,,,,,55～59歳,4,田中基幹,男子,セ・流山,14.72,,,,,,,,,12.20,11.64,,8/6
394,74,2023,5,14,短水路,個人,6,25m自由形,男子,,,,,,55～59歳,5,山田隆弘,男子,セ・市川,15.10,,,,,,,,,12.20,11.64,,7/7
395,74,2023,5,14,短水路,個人,6,25m自由形,男子,,,,,,55～59歳,6,後藤潤,男子,セ・成城,16.45,,,,,,,,,12.20,11.64,,8/2
396,74,2023,5,14,短水路,個人,6,25m自由形,男子,,,,,,55～59歳,7,小松原薫寿,男子,セ・平塚,17.69,,,,,,,,,12.20,11.64,,8/7
397,74,2023,5,14,短水路,個人,6,25m自由形,男子,,,,,,55～59歳,8,上野武,男子,セ・南青山,18.23,,,,,,,,,12.20,11.64,,8/1
398,74,2023,5,14,短水路,個人,6,25m自由形,男子,,,,,,55～59歳,9,半澤繁,男子,セ・清瀬,18.96,,,,,,,,,12.20,11.64,,7/1
399,74,2023,5,14,短水路,個人,6,25m自由形,男子,,,,,,50～54歳,1,瀧本英樹,男子,セ・千葉みなと,12.53,,,,,,,,,12.31,11.12,,10/4
400,74,2023,5,14,短水路,個人,6,25m自由形,男子,,,,,,50～54歳,2,村野雄太,男子,セ・清瀬,12.83,,,,,,,,,12.31,11.12,,10/3
401,74,2023,5,14,短水路,個人,6,25m自由形,男子,,,,,,50～54歳,3,本城大輔,男子,セ・用賀,13.01,,,,,,,,,12.31,11.12,,10/5
402,74,2023,5,14,短水路,個人,6,25m自由形,男子,,,,,,50～54歳,4,斉藤聡介,男子,セ・千葉みなと,13.46,,,,,,,,,12.31,11.12,,9/5
403,74,2023,5,14,短水路,個人,6,25m自由形,男子,,,,,,50～54歳,4,弭間政隆,男子,セ・葛西,13.46,,,,,,,,,12.31,11.12,,10/6
404,74,2023,5,14,短水路,個人,6,25m自由形,男子,,,,,,50～54歳,6,永家一徳,男子,セ・市川,13.66,,,,,,,,,12.31,11.12,,10/2
405,74,2023,5,14,短水路,個人,6,25m自由形,男子,,,,,,50～54歳,7,米田岳樹,男子,セ・蒲田,13.82,,,,,,,,,12.31,11.12,,10/7
406,74,2023,5,14,短水路,個人,6,25m自由形,男子,,,,,,50～54歳,8,千葉忠英,男子,セ・天王洲,14.26,,,,,,,,,12.31,11.12,,10/1
407,74,2023,5,14,短水路,個人,6,25m自由形,男子,,,,,,50～54歳,9,岡田能行,男子,セ・越谷,14.87,,,,,,,,,12.31,11.12,,10/8
408,74,2023,5,14,短水路,個人,6,25m自由形,男子,,,,,,50～54歳,10,金子謙一,男子,セ・成瀬,15.12,,,,,,,,,12.31,11.12,,9/6
409,74,2023,5,14,短水路,個人,6,25m自由形,男子,,,,,,50～54歳,11,青木正昭,男子,セ・福生,15.27,,,,,,,,,12.31,11.12,,9/4
410,74,2023,5,14,短水路,個人,6,25m自由形,男子,,,,,,50～54歳,12,小柳大,男子,ザパス川崎,15.77,,,,,,,,,12.31,11.12,,9/2
411,74,2023,5,14,短水路,個人,6,25m自由形,男子,,,,,,50～54歳,13,横溝和功,男子,セ・下北沢,17.74,,,,,,,,,12.31,11.12,,9/7
412,74,2023,5,14,短水路,個人,6,25m自由形,男子,,,,,,50～54歳,14,竹山智明,男子,セ・慶應日吉,18.67,,,,,,,,,12.31,11.12,,8/8
413,74,2023,5,14,短水路,個人,6,25m自由形,男子,,,,,,50～54歳,15,池上功,男子,セ・亀有,19.21,,,,,,,,,12.31,11.12,,9/8
414,74,2023,5,14,短水路,個人,6,25m自由形,男子,,,,,,45～49歳,1,北川貴義,男子,セ・阿佐谷,12.66,,,,,,,,,11.62,10.74,,11/5
415,74,2023,5,14,短水路,個人,6,25m自由形,男子,,,,,,45～49歳,2,佐々木茂倫,男子,セ・流山,12.82,,,,,,,,,11.62,10.74,,11/6
416,74,2023,5,14,短水路,個人,6,25m自由形,男子,,,,,,45～49歳,3,前田潤,男子,セ・松戸,12.85,,,,,,,,,11.62,10.74,,11/4
417,74,2023,5,14,短水路,個人,6,25m自由形,男子,,,,,,45～49歳,4,宅間健介,男子,セ・天王洲,13.08,,,,,,,,,11.62,10.74,,12/5
418,74,2023,5,14,短水路,個人,6,25m自由形,男子,,,,,,45～49歳,5,足立晃,男子,セ・新川崎,13.31,,,,,,,,,11.62,10.74,,11/8
419,74,2023,5,14,短水路,個人,6,25m自由形,男子,,,,,,45～49歳,6,新井田将司,男子,セ・トレッサ,13.49,,,,,,,,,11.62,10.74,,11/2
420,74,2023,5,14,短水路,個人,6,25m自由形,男子,,,,,,45～49歳,7,花輪博之,男子,セ・越谷,13.63,,,,,,,,,11.62,10.74,,12/3
421,74,2023,5,14,短水路,個人,6,25m自由形,男子,,,,,,45～49歳,8,若杉佳宏,男子,セ・阿佐谷,13.68,,,,,,,,,11.62,10.74,,11/1
422,74,2023,5,14,短水路,個人,6,25m自由形,男子,,,,,,45～49歳,9,古屋俊一,男子,セ・ときわ台,13.72,,,,,,,,,11.62,10.74,,11/7
423,74,2023,5,14,短水路,個人,6,25m自由形,男子,,,,,,45～49歳,10,岸竜太郎,男子,セ・用賀,13.88,,,,,,,,,11.62,10.74,,12/6
424,74,2023,5,14,短水路,個人,6,25m自由形,男子,,,,,,40～44歳,1,島脇晃也,男子,セ・茂原,11.57,,,,,,,,,11.46,10.38,,13/3
425,74,2023,5,14,短水路,個人,6,25m自由形,男子,,,,,,40～44歳,2,倉持公一,男子,セ・天王洲,12.48,,,,,,,,,11.46,10.38,,13/6
426,74,2023,5,14,短水路,個人,6,25m自由形,男子,,,,,,40～44歳,3,植村匡詞,男子,セ・千葉みなと,12.66,,,,,,,,,11.46,10.38,,13/2
427,74,2023,5,14,短水路,個人,6,25m自由形,男子,,,,,,40～44歳,4,木下和哉,男子,セ・清瀬,13.31,,,,,,,,,11.46,10.38,,12/4
428,74,2023,5,14,短水路,個人,6,25m自由形,男子,,,,,,40～44歳,5,金子泰三,男子,セ・阿佐谷,13.98,,,,,,,,,11.46,10.38,,12/2
429,74,2023,5,14,短水路,個人,6,25m自由形,男子,,,,,,40～44歳,6,村上欣也,男子,セ・トレッサ,14.45,,,,,,,,,11.46,10.38,,12/7
430,74,2023,5,14,短水路,個人,6,25m自由形,男子,,,,,,40～44歳,7,鈴木直哉,男子,セ・八王子,15.05,,,,,,,,,11.46,10.38,,12/8
431,74,2023,5,14,短水路,個人,6,25m自由形,男子,,,,,,40～44歳,8,浅野亮介,男子,セ・新都心,15.70,,,,,,,,,11.46,10.38,,12/1
432,74,2023,5,14,短水路,個人,6,25m自由形,男子,,,,,,35～39歳,1,内山皓太,男子,セ・能見台,11.30,,,,,,,,TRUE,11.54,10.23,,13/5
433,74,2023,5,14,短水路,個人,6,25m自由形,男子,,,,,,35～39歳,2,高津周平,男子,セ・大森,11.92,,,,,,,,,11.54,10.23,,13/4
434,74,2023,5,14,短水路,個人,6,25m自由形,男子,,,,,,30～34歳,1,板垣義人,男子,セ・トレッサ,11.08,,,,,,,,TRUE,11.11,9.94,,14/5
435,74,2023,5,14,短水路,個人,6,25m自由形,男子,,,,,,30～34歳,2,小方聡,男子,セ・用賀,11.40,,,,,,,,,11.11,9.94,,14/4
436,74,2023,5,14,短水路,個人,6,25m自由形,男子,,,,,,30～34歳,3,河野大和,男子,ザパス川崎,12.47,,,,,,,,,11.11,9.94,,14/3
437,74,2023,5,14,短水路,個人,6,25m自由形,男子,,,,,,30～34歳,4,寺田遼太,男子,セ・天王洲,12.92,,,,,,,,,11.11,9.94,,14/6
438,74,2023,5,14,短水路,個人,6,25m自由形,男子,,,,,,30～34歳,5,坂入裕,男子,セ・二俣川,13.16,,,,,,,,,11.11,9.94,,13/7
439,74,2023,5,14,短水路,個人,6,25m自由形,男子,,,,,,30～34歳,6,海老原健太,男子,セ・大森,13.60,,,,,,,,,11.11,9.94,,13/1
440,74,2023,5,14,短水路,個人,6,25m自由形,男子,,,,,,30～34歳,7,関根稔朗,男子,セ・トレッサ,13.77,,,,,,,,,11.11,9.94,,13/8
441,74,2023,5,14,短水路,個人,6,25m自由形,男子,,,,,,25～29歳,1,山口恵太,男子,セ・トレッサ,13.19,,,,,,,,,10.76,9.83,,14/7
442,74,2023,5,14,短水路,個人,6,25m自由形,男子,,,,,,25～29歳,2,石井僚,男子,セ・大森,13.54,,,,,,,,,10.76,9.83,,14/2
443,74,2023,5,14,短水路,個人,6,25m自由形,男子,,,,,,25～29歳,3,高橋悠,男子,セ・慶應日吉,16.96,,,,,,,,,10.76,9.83,,14/8
444,74,2023,5,14,短水路,個人,6,25m自由形,男子,,,,,,18～24歳,1,山田健太,男子,セ・新都心,10.86,,,,,,,,,10.08,10.08,,15/3
445,74,2023,5,14,短水路,個人,6,25m自由形,男子,,,,,,18～24歳,2,設樂航希,男子,セ・流山,10.90,,,,,,,,,10.08,10.08,,15/5
446,74,2023,5,14,短水路,個人,6,25m自由形,男子,,,,,,18～24歳,3,青木海斗,男子,セ・用賀,12.16,,,,,,,,,10.08,10.08,,15/6
447,74,2023,5,14,短水路,個人,6,25m自由形,男子,,,,,,18～24歳,4,法領田徳丞,男子,セ・蒲田,12.21,,,,,,,,,10.08,10.08,,15/2
448,74,2023,5,14,短水路,個人,6,25m自由形,男子,,,,,,18～24歳,5,嶋田翔太,男子,セ・葛西,13.61,,,,,,,,,10.08,10.08,,15/7
449,74,2023,5,14,短水路,個人,6,25m自由形,男子,,,,,,18～24歳,6,松本海星,男子,セ・清瀬,14.19,,,,,,,,,10.08,10.08,,15/1
450,74,2023,5,14,短水路,個人,6,25m自由形,男子,,,,,,18～24歳,7,郷原秀太,男子,セ・慶應日吉,14.46,,,,,,,,,10.08,10.08,,15/8
451,74,2023,5,14,短水路,個人,6,25m自由形,男子,,,,,,18～24歳,8,佐々木駿,男子,セ・流山,16.16,,,,,,,,,10.08,10.08,,14/1
452,74,2023,5,14,短水路,個人,7,25m背泳ぎ,女子,,,,,,85～89歳,1,鏑木玉江,女子,セ・青砥,27.75,,,,,,,,,25.72,24.80,,1/3
453,74,2023,5,14,短水路,個人,7,25m背泳ぎ,女子,,,,,,85～89歳,2,田之上ノブ,女子,セ・蘇我,28.29,,,,,,,,,25.72,24.80,,1/5
454,74,2023,5,14,短水路,個人,7,25m背泳ぎ,女子,,,,,,85～89歳,3,鈴木洋子,女子,セ・清瀬,28.51,,,,,,,,,25.72,24.80,,1/4
455,74,2023,5,14,短水路,個人,7,25m背泳ぎ,女子,,,,,,85～89歳,4,平田美佐子,女子,セ・天王洲,34.10,,,,,,,,,25.72,24.80,,1/6
456,74,2023,5,14,短水路,個人,7,25m背泳ぎ,女子,,,,,,80～84歳,1,岡田奉代,女子,セ・市ヶ尾,25.56,,,,,,,,,22.70,20.20,,3/5
457,74,2023,5,14,短水路,個人,7,25m背泳ぎ,女子,,,,,,80～84歳,2,田神洋子,女子,セ・トレッサ,26.44,,,,,,,,,22.70,20.20,,2/7
458,74,2023,5,14,短水路,個人,7,25m背泳ぎ,女子,,,,,,80～84歳,3,金子孝子,女子,セ・清瀬,27.52,,,,,,,,,22.70,20.20,,2/4
459,74,2023,5,14,短水路,個人,7,25m背泳ぎ,女子,,,,,,80～84歳,4,三浦実恵子,女子,セ・館山,28.21,,,,,,,,,22.70,20.20,,2/8
460,74,2023,5,14,短水路,個人,7,25m背泳ぎ,女子,,,,,,80～84歳,5,大浜南海江,女子,セ・目黒,28.96,,,,,,,,,22.70,20.20,,2/2
461,74,2023,5,14,短水路,個人,7,25m背泳ぎ,女子,,,,,,80～84歳,6,倉元恵子,女子,セ・館山,29.26,,,,,,,,,22.70,20.20,,3/2
462,74,2023,5,14,短水路,個人,7,25m背泳ぎ,女子,,,,,,80～84歳,7,馬渡厚子,女子,セ・松戸,29.76,,,,,,,,,22.70,20.20,,2/5
463,74,2023,5,14,短水路,個人,7,25m背泳ぎ,女子,,,,,,80～84歳,8,浜野操子,女子,セ・流山,30.07,,,,,,,,,22.70,20.20,,2/6
464,74,2023,5,14,短水路,個人,7,25m背泳ぎ,女子,,,,,,80～84歳,9,田中もみぢ,女子,セ・おおたか,30.53,,,,,,,,,22.70,20.20,,2/3
465,74,2023,5,14,短水路,個人,7,25m背泳ぎ,女子,,,,,,80～84歳,10,井上鈴江,女子,セ・松戸,34.45,,,,,,,,,22.70,20.20,,2/1
466,74,2023,5,14,短水路,個人,7,25m背泳ぎ,女子,,,,,,80～84歳,11,柴田幸子,女子,セ・ときわ台,40.26,,,,,,,,,22.70,20.20,,3/6
467,74,2023,5,14,短水路,個人,7,25m背泳ぎ,女子,,,,,,80～84歳,,加藤直子,女子,セ・横浜,,,,,,,,,,22.70,20.20,,3/1
468,74,2023,5,14,短水路,個人,7,25m背泳ぎ,女子,,,,,,75～79歳,1,藤井一恵,女子,セ・大森,23.48,,,,,,,,,22.01,19.15,,4/4
469,74,2023,5,14,短水路,個人,7,25m背泳ぎ,女子,,,,,,75～79歳,2,仲岡輝,女子,セ・我孫子,26.08,,,,,,,,,22.01,19.15,,4/1
470,74,2023,5,14,短水路,個人,7,25m背泳ぎ,女子,,,,,,75～79歳,3,吉田三枝子,女子,墨田区体育館,26.28,,,,,,,,,22.01,19.15,,3/4
471,74,2023,5,14,短水路,個人,7,25m背泳ぎ,女子,,,,,,75～79歳,4,星幸恵,女子,クリーンスパ,26.30,,,,,,,,,22.01,19.15,,4/5
472,74,2023,5,14,短水路,個人,7,25m背泳ぎ,女子,,,,,,75～79歳,5,中村敬子,女子,セ・府中,27.26,,,,,,,,,22.01,19.15,,4/7
473,74,2023,5,14,短水路,個人,7,25m背泳ぎ,女子,,,,,,75～79歳,6,田村俊子,女子,セ・館山,27.45,,,,,,,,,22.01,19.15,,4/2
474,74,2023,5,14,短水路,個人,7,25m背泳ぎ,女子,,,,,,75～79歳,7,原田早苗,女子,セ・南千住,27.63,,,,,,,,,22.01,19.15,,4/8
475,74,2023,5,14,短水路,個人,7,25m背泳ぎ,女子,,,,,,75～79歳,8,山口英子,女子,セ・流山,29.45,,,,,,,,,22.01,19.15,,3/3
476,74,2023,5,14,短水路,個人,7,25m背泳ぎ,女子,,,,,,75～79歳,9,後藤節子,女子,セ・松戸,29.89,,,,,,,,,22.01,19.15,,4/3
477,74,2023,5,14,短水路,個人,7,25m背泳ぎ,女子,,,,,,75～79歳,10,石井千枝子,女子,セ・蘇我,29.92,,,,,,,,,22.01,19.15,,4/6
478,74,2023,5,14,短水路,個人,7,25m背泳ぎ,女子,,,,,,75～79歳,11,藤井和子,女子,セ・湘南ＬＴ,32.53,,,,,,,,,22.01,19.15,,3/7
479,74,2023,5,14,短水路,個人,7,25m背泳ぎ,女子,,,,,,75～79歳,12,木村かね子,女子,ザパス川崎,39.83,,,,,,,,,22.01,19.15,,3/8
480,74,2023,5,14,短水路,個人,7,25m背泳ぎ,女子,,,,,,70～74歳,1,市野克子,女子,セ・大森,20.65,,,,,,,,,20.09,18.66,,7/5
481,74,2023,5,14,短水路,個人,7,25m背泳ぎ,女子,,,,,,70～74歳,2,後藤明美,女子,セ・天王洲,21.39,,,,,,,,,20.09,18.66,,7/3
482,74,2023,5,14,短水路,個人,7,25m背泳ぎ,女子,,,,,,70～74歳,3,松村恵子,女子,セ・葛西,22.07,,,,,,,,,20.09,18.66,,7/4
483,74,2023,5,14,短水路,個人,7,25m背泳ぎ,女子,,,,,,70～74歳,4,小谷名賀子,女子,セ・青砥,23.58,,,,,,,,,20.09,18.66,,7/6
484,74,2023,5,14,短水路,個人,7,25m背泳ぎ,女子,,,,,,70～74歳,5,相澤史子,女子,セ・松戸,24.02,,,,,,,,,20.09,18.66,,7/2
485,74,2023,5,14,短水路,個人,7,25m背泳ぎ,女子,,,,,,70～74歳,6,梅田栄己子,女子,セ・天王洲,24.29,,,,,,,,,20.09,18.66,,7/7
486,74,2023,5,14,短水路,個人,7,25m背泳ぎ,女子,,,,,,70～74歳,7,秋谷啓子,女子,セ・流山,24.48,,,,,,,,,20.09,18.66,,5/5
487,74,2023,5,14,短水路,個人,7,25m背泳ぎ,女子,,,,,,70～74歳,8,山本恭子,女子,セ・松戸,24.54,,,,,,,,,20.09,18.66,,7/1
488,74,2023,5,14,短水路,個人,7,25m背泳ぎ,女子,,,,,,70～74歳,9,図子誠子,女子,セ・青砥,24.64,,,,,,,,,20.09,18.66,,7/8
489,74,2023,5,14,短水路,個人,7,25m背泳ぎ,女子,,,,,,70～74歳,10,平山啓子,女子,セ・南青山,25.73,,,,,,,,,20.09,18.66,,6/3
490,74,2023,5,14,短水路,個人,7,25m背泳ぎ,女子,,,,,,70～74歳,11,鶴本年子,女子,セ・清瀬,25.97,,,,,,,,,20.09,18.66,,6/4
491,74,2023,5,14,短水路,個人,7,25m背泳ぎ,女子,,,,,,70～74歳,12,鈴木悦子,女子,セ・溝ノ口,25.99,,,,,,,,,20.09,18.66,,6/2
492,74,2023,5,14,短水路,個人,7,25m背泳ぎ,女子,,,,,,70～74歳,13,吉田あけみ,女子,セ・館山,26.04,,,,,,,,,20.09,18.66,,6/8
493,74,2023,5,14,短水路,個人,7,25m背泳ぎ,女子,,,,,,70～74歳,14,松丸映子,女子,セ・ときわ台,26.80,,,,,,,,,20.09,18.66,,6/7
494,74,2023,5,14,短水路,個人,7,25m背泳ぎ,女子,,,,,,70～74歳,15,若松はる子,女子,セ・松戸,27.50,,,,,,,,,20.09,18.66,,6/5
495,74,2023,5,14,短水路,個人,7,25m背泳ぎ,女子,,,,,,70～74歳,16,神村祥子,女子,クリーンスパ,27.77,,,,,,,,,20.09,18.66,,6/1
496,74,2023,5,14,短水路,個人,7,25m背泳ぎ,女子,,,,,,70～74歳,17,安野裕子,女子,セ・新川崎,28.29,,,,,,,,,20.09,18.66,,6/6
497,74,2023,5,14,短水路,個人,7,25m背泳ぎ,女子,,,,,,70～74歳,18,于亜芝,女子,セ・南千住,29.20,,,,,,,,,20.09,18.66,,5/4
498,74,2023,5,14,短水路,個人,7,25m背泳ぎ,女子,,,,,,70～74歳,19,岩塚美恵子,女子,セ・越谷,29.55,,,,,,,,,20.09,18.66,,5/6
499,74,2023,5,14,短水路,個人,7,25m背泳ぎ,女子,,,,,,70～74歳,20,友野敬子,女子,セ・館山,30.83,,,,,,,,,20.09,18.66,,5/7
500,74,2023,5,14,短水路,個人,7,25m背泳ぎ,女子,,,,,,70～74歳,21,石村眞理子,女子,セ・新川崎,33.51,,,,,,,,,20.09,18.66,,5/3
501,74,2023,5,14,短水路,個人,7,25m背泳ぎ,女子,,,,,,70～74歳,22,永森恒子,女子,ザパス川崎,38.70,,,,,,,,,20.09,18.66,,5/2
502,74,2023,5,14,短水路,個人,7,25m背泳ぎ,女子,,,,,,65～69歳,1,酒井香澄,女子,セ・湘南ＬＴ,19.76,,,,,,,,,19.33,17.53,,10/4
503,74,2023,5,14,短水路,個人,7,25m背泳ぎ,女子,,,,,,65～69歳,2,綱川香代子,女子,セ・新浦安,20.31,,,,,,,,,19.33,17.53,,10/3
504,74,2023,5,14,短水路,個人,7,25m背泳ぎ,女子,,,,,,65～69歳,3,吉野治子,女子,セ・成城,21.78,,,,,,,,,19.33,17.53,,10/5
505,74,2023,5,14,短水路,個人,7,25m背泳ぎ,女子,,,,,,65～69歳,4,田邊和歌子,女子,セ・横浜,21.90,,,,,,,,,19.33,17.53,,10/6
506,74,2023,5,14,短水路,個人,7,25m背泳ぎ,女子,,,,,,65～69歳,5,江幡菜穂子,女子,クリーンスパ,22.21,,,,,,,,,19.33,17.53,,10/1
507,74,2023,5,14,短水路,個人,7,25m背泳ぎ,女子,,,,,,65～69歳,6,石崎節代,女子,セ・南千住,22.23,,,,,,,,,19.33,17.53,,8/5
508,74,2023,5,14,短水路,個人,7,25m背泳ぎ,女子,,,,,,65～69歳,7,山本由起子,女子,セ・南千住,22.26,,,,,,,,,19.33,17.53,,10/2
509,74,2023,5,14,短水路,個人,7,25m背泳ぎ,女子,,,,,,65～69歳,8,原昌代,女子,セ・市ヶ尾,22.43,,,,,,,,,19.33,17.53,,9/5
510,74,2023,5,14,短水路,個人,7,25m背泳ぎ,女子,,,,,,65～69歳,9,櫻田琴,女子,セ・天王洲,22.72,,,,,,,,,19.33,17.53,,9/3
511,74,2023,5,14,短水路,個人,7,25m背泳ぎ,女子,,,,,,65～69歳,10,関矢秀子,女子,セ・大宮宮原,22.75,,,,,,,,,19.33,17.53,,10/7
512,74,2023,5,14,短水路,個人,7,25m背泳ぎ,女子,,,,,,65～69歳,11,小笠原京子,女子,セ・流山,23.14,,,,,,,,,19.33,17.53,,8/6
513,74,2023,5,14,短水路,個人,7,25m背泳ぎ,女子,,,,,,65～69歳,12,酒谷真砂子,女子,セ・戸塚,23.24,,,,,,,,,19.33,17.53,,9/4
514,74,2023,5,14,短水路,個人,7,25m背泳ぎ,女子,,,,,,65～69歳,13,岡田美恵子,女子,セ・溝ノ口,24.47,,,,,,,,,19.33,17.53,,10/8
515,74,2023,5,14,短水路,個人,7,25m背泳ぎ,女子,,,,,,65～69歳,14,豊田典子,女子,セ・下北沢,25.30,,,,,,,,,19.33,17.53,,9/8
516,74,2023,5,14,短水路,個人,7,25m背泳ぎ,女子,,,,,,65～69歳,15,掃部典子,女子,曽谷・セ,25.98,,,,,,,,,19.33,17.53,,9/2
517,74,2023,5,14,短水路,個人,7,25m背泳ぎ,女子,,,,,,65～69歳,16,大塩郁子,女子,セ・新浦安,26.11,,,,,,,,,19.33,17.53,,9/1
518,74,2023,5,14,短水路,個人,7,25m背泳ぎ,女子,,,,,,65～69歳,17,下川喜美枝,女子,セ・南千住,26.68,,,,,,,,,19.33,17.53,,9/6
519,74,2023,5,14,短水路,個人,7,25m背泳ぎ,女子,,,,,,65～69歳,18,永田啓子,女子,セ・我孫子,26.93,,,,,,,,,19.33,17.53,,8/2
520,74,2023,5,14,短水路,個人,7,25m背泳ぎ,女子,,,,,,65～69歳,19,吉田恵子,女子,セ・柏,26.97,,,,,,,,,19.33,17.53,,9/7
521,74,2023,5,14,短水路,個人,7,25m背泳ぎ,女子,,,,,,65～69歳,20,池淵玲子,女子,セ・慶應日吉,27.08,,,,,,,,,19.33,17.53,,8/4
522,74,2023,5,14,短水路,個人,7,25m背泳ぎ,女子,,,,,,65～69歳,21,畠山眞由美,女子,セ・おおたか,29.33,,,,,,,,,19.33,17.53,,8/7
523,74,2023,5,14,短水路,個人,7,25m背泳ぎ,女子,,,,,,65～69歳,22,中西トモ子,女子,セ・越谷,29.80,,,,,,,,,19.33,17.53,,8/3
524,74,2023,5,14,短水路,個人,7,25m背泳ぎ,女子,,,,,,60～64歳,1,西井良子,女子,セ・福生,17.07,,,,,,,,,16.76,16.75,,11/4
525,74,2023,5,14,短水路,個人,7,25m背泳ぎ,女子,,,,,,60～64歳,2,石田良子,女子,セ・越谷,19.68,,,,,,,,,16.76,16.75,,11/3
526,74,2023,5,14,短水路,個人,7,25m背泳ぎ,女子,,,,,,60～64歳,3,松田聡美,女子,セ・成城,20.43,,,,,,,,,16.76,16.75,,11/5
527,74,2023,5,14,短水路,個人,7,25m背泳ぎ,女子,,,,,,60～64歳,4,神保清美,女子,セ・自由が丘,22.56,,,,,,,,,16.76,16.75,,11/6
528,74,2023,5,14,短水路,個人,7,25m背泳ぎ,女子,,,,,,60～64歳,5,森圭伊子,女子,セ・戸塚,24.02,,,,,,,,,16.76,16.75,,12/5
529,74,2023,5,14,短水路,個人,7,25m背泳ぎ,女子,,,,,,60～64歳,6,上松弘子,女子,セ・上池袋,24.94,,,,,,,,,16.76,16.75,,11/2
530,74,2023,5,14,短水路,個人,7,25m背泳ぎ,女子,,,,,,60～64歳,7,三木純子,女子,セ・流山,25.17,,,,,,,,,16.76,16.75,,12/3
531,74,2023,5,14,短水路,個人,7,25m背泳ぎ,女子,,,,,,60～64歳,8,加藤雅弓,女子,セ・新都心,25.60,,,,,,,,,16.76,16.75,,11/7
532,74,2023,5,14,短水路,個人,7,25m背泳ぎ,女子,,,,,,60～64歳,9,田中香苗,女子,セ・青砥,26.19,,,,,,,,,16.76,16.75,,12/4
533,74,2023,5,14,短水路,個人,7,25m背泳ぎ,女子,,,,,,60～64歳,10,石河久美子,女子,セ・溝ノ口,26.60,,,,,,,,,16.76,16.75,,11/1
534,74,2023,5,14,短水路,個人,7,25m背泳ぎ,女子,,,,,,60～64歳,11,清水孝子,女子,セ・福生,27.71,,,,,,,,,16.76,16.75,,12/8
535,74,2023,5,14,短水路,個人,7,25m背泳ぎ,女子,,,,,,60～64歳,12,榮真須美,女子,セ・慶應日吉,28.31,,,,,,,,,16.76,16.75,,11/8
536,74,2023,5,14,短水路,個人,7,25m背泳ぎ,女子,,,,,,60～64歳,13,川口幸代,女子,セ・二俣川,28.41,,,,,,,,,16.76,16.75,,12/2
537,74,2023,5,14,短水路,個人,7,25m背泳ぎ,女子,,,,,,60～64歳,14,勝又聡子,女子,セ・福生,32.15,,,,,,,,,16.76,16.75,,12/7
538,74,2023,5,14,短水路,個人,7,25m背泳ぎ,女子,,,,,,60～64歳,15,前川尚美,女子,セ・Ｆ東戸塚,32.84,,,,,,,,,16.76,16.75,,12/6
539,74,2023,5,14,短水路,個人,7,25m背泳ぎ,女子,,,,,,55～59歳,1,川村佳代子,女子,セ・二俣川,17.64,,,,,,,,,16.52,15.02,,13/4
540,74,2023,5,14,短水路,個人,7,25m背泳ぎ,女子,,,,,,55～59歳,2,小林のぞみ,女子,セ・越谷,20.52,,,,,,,,,16.52,15.02,,13/5
541,74,2023,5,14,短水路,個人,7,25m背泳ぎ,女子,,,,,,55～59歳,3,佐藤明美,女子,セ・館山,20.79,,,,,,,,,16.52,15.02,,13/2
542,74,2023,5,14,短水路,個人,7,25m背泳ぎ,女子,,,,,,55～59歳,4,武部友美子,女子,セ・東戸塚,21.12,,,,,,,,,16.52,15.02,,13/6
543,74,2023,5,14,短水路,個人,7,25m背泳ぎ,女子,,,,,,55～59歳,5,中野朗子,女子,セ・慶應日吉,21.16,,,,,,,,,16.52,15.02,,13/3
544,74,2023,5,14,短水路,個人,7,25m背泳ぎ,女子,,,,,,55～59歳,6,羽山恵津子,女子,セ・葛西,21.23,,,,,,,,,16.52,15.02,,13/7
545,74,2023,5,14,短水路,個人,7,25m背泳ぎ,女子,,,,,,55～59歳,7,井上知美,女子,セ・府中,22.45,,,,,,,,,16.52,15.02,,14/1
546,74,2023,5,14,短水路,個人,7,25m背泳ぎ,女子,,,,,,55～59歳,8,小笠原暁子,女子,セ・清瀬,23.00,,,,,,,,,16.52,15.02,,13/1
547,74,2023,5,14,短水路,個人,7,25m背泳ぎ,女子,,,,,,55～59歳,9,津布楽美恵子,女子,セ・ときわ台,23.88,,,,,,,,,16.52,15.02,,12/1
548,74,2023,5,14,短水路,個人,7,25m背泳ぎ,女子,,,,,,55～59歳,10,古谷幸代,女子,セ・二俣川,23.91,,,,,,,,,16.52,15.02,,13/8
549,74,2023,5,14,短水路,個人,7,25m背泳ぎ,女子,,,,,,55～59歳,11,宮内麻里,女子,曽谷・セ,23.99,,,,,,,,,16.52,15.02,,14/6
550,74,2023,5,14,短水路,個人,7,25m背泳ぎ,女子,,,,,,55～59歳,12,石井恵津,女子,セ・自由が丘,26.13,,,,,,,,,16.52,15.02,,14/2
551,74,2023,5,14,短水路,個人,7,25m背泳ぎ,女子,,,,,,55～59歳,13,鯨井智子,女子,セ・新都心,26.27,,,,,,,,,16.52,15.02,,14/7
552,74,2023,5,14,短水路,個人,7,25m背泳ぎ,女子,,,,,,55～59歳,14,百田真由美,女子,セ・平塚,29.99,,,,,,,,,16.52,15.02,,14/8
553,74,2023,5,14,短水路,個人,7,25m背泳ぎ,女子,,,,,,50～54歳,1,菅原幸,女子,セ・トレッサ,18.43,,,,,,,,,16.50,15.00,,15/4
554,74,2023,5,14,短水路,個人,7,25m背泳ぎ,女子,,,,,,50～54歳,2,仲津真規子,女子,セ・新都心,18.94,,,,,,,,,16.50,15.00,,15/3
555,74,2023,5,14,短水路,個人,7,25m背泳ぎ,女子,,,,,,50～54歳,3,棚網恵理,女子,セ・阿佐谷,20.83,,,,,,,,,16.50,15.00,,14/3
556,74,2023,5,14,短水路,個人,7,25m背泳ぎ,女子,,,,,,50～54歳,4,吉岡智子,女子,セ・新都心,20.87,,,,,,,,,16.50,15.00,,15/5
557,74,2023,5,14,短水路,個人,7,25m背泳ぎ,女子,,,,,,50～54歳,5,糸川永利子,女子,セ・用賀,20.99,,,,,,,,,16.50,15.00,,15/2
558,74,2023,5,14,短水路,個人,7,25m背泳ぎ,女子,,,,,,50～54歳,6,森川佳余子,女子,クリーンスパ,21.42,,,,,,,,,16.50,15.00,,15/6
559,74,2023,5,14,短水路,個人,7,25m背泳ぎ,女子,,,,,,50～54歳,7,小林和江,女子,セ・福生,21.65,,,,,,,,,16.50,15.00,,14/5
560,74,2023,5,14,短水路,個人,7,25m背泳ぎ,女子,,,,,,50～54歳,8,村岡貴子,女子,セ・桶川北本,22.78,,,,,,,,,16.50,15.00,,14/4
561,74,2023,5,14,短水路,個人,7,25m背泳ぎ,女子,,,,,,45～49歳,1,遠藤真理,女子,セ・阿佐谷,16.54,,,,,,,,,16.41,14.62,,16/4
562,74,2023,5,14,短水路,個人,7,25m背泳ぎ,女子,,,,,,45～49歳,2,大橋ほづ美,女子,セ・清瀬,17.91,,,,,,,,,16.41,14.62,,16/5
563,74,2023,5,14,短水路,個人,7,25m背泳ぎ,女子,,,,,,45～49歳,3,宇田川美穂,女子,セ・天王洲,19.42,,,,,,,,,16.41,14.62,,16/3
564,74,2023,5,14,短水路,個人,7,25m背泳ぎ,女子,,,,,,45～49歳,4,加藤千恵,女子,セ・茂原,21.46,,,,,,,,,16.41,14.62,,15/7
565,74,2023,5,14,短水路,個人,7,25m背泳ぎ,女子,,,,,,45～49歳,5,奈良佳枝,女子,セ・蘇我,21.98,,,,,,,,,16.41,14.62,,16/2
566,74,2023,5,14,短水路,個人,7,25m背泳ぎ,女子,,,,,,45～49歳,6,山崎悦子,女子,クリーンスパ,27.31,,,,,,,,,16.41,14.62,,15/8
567,74,2023,5,14,短水路,個人,7,25m背泳ぎ,女子,,,,,,45～49歳,7,久保洋子,女子,セ・流山,31.96,,,,,,,,,16.41,14.62,,15/1
568,74,2023,5,14,短水路,個人,7,25m背泳ぎ,女子,,,,,,40～44歳,1,小高麻衣子,女子,セ・市川,20.22,,,,,,,,,15.55,13.94,,16/6
569,74,2023,5,14,短水路,個人,7,25m背泳ぎ,女子,,,,,,40～44歳,2,吉田瑠夏,女子,曽谷・セ,22.41,,,,,,,,,15.55,13.94,,16/7
570,74,2023,5,14,短水路,個人,7,25m背泳ぎ,女子,,,,,,40～44歳,3,中田絵理,女子,セ・トレッサ,24.13,,,,,,,,,15.55,13.94,,16/1
571,74,2023,5,14,短水路,個人,7,25m背泳ぎ,女子,,,,,,40～44歳,4,加藤涼子,女子,セ・桶川北本,28.22,,,,,,,,,15.55,13.94,,16/8
572,74,2023,5,14,短水路,個人,7,25m背泳ぎ,女子,,,,,,35～39歳,1,萩原ゆりか,女子,セ・天王洲,17.49,,,,,,,,,15.91,13.66,,17/5
573,74,2023,5,14,短水路,個人,7,25m背泳ぎ,女子,,,,,,35～39歳,2,山田未紗子,女子,セ・越谷,20.04,,,,,,,,,15.91,13.66,,17/2
574,74,2023,5,14,短水路,個人,7,25m背泳ぎ,女子,,,,,,35～39歳,3,李鎬善,女子,セ・目黒,21.96,,,,,,,,,15.91,13.66,,17/1
575,74,2023,5,14,短水路,個人,7,25m背泳ぎ,女子,,,,,,35～39歳,4,國政玲,女子,セ・南青山,26.71,,,,,,,,,15.91,13.66,,17/8
576,74,2023,5,14,短水路,個人,7,25m背泳ぎ,女子,,,,,,30～34歳,1,髙岡柚,女子,セ・大宮宮原,17.79,,,,,,,,,15.66,13.51,,17/3
577,74,2023,5,14,短水路,個人,7,25m背泳ぎ,女子,,,,,,25～29歳,1,松廣花月,女子,セ・慶應日吉,18.17,,,,,,,,,14.83,13.15,,17/6
578,74,2023,5,14,短水路,個人,7,25m背泳ぎ,女子,,,,,,18～24歳,1,遠藤優奈,女子,セ・新都心,15.25,,,,,,,,,14.55,13.65,,17/4
579,74,2023,5,14,短水路,個人,7,25m背泳ぎ,女子,,,,,,18～24歳,2,望月美瑛,女子,セ・トレッサ,21.39,,,,,,,,,14.55,13.65,,17/7
580,74,2023,5,14,短水路,個人,8,25m背泳ぎ,男子,,,,,,80～84歳,1,石川守也,男子,セ・市川,21.55,,,,,,,,,20.14,17.27,,1/4
581,74,2023,5,14,短水路,個人,8,25m背泳ぎ,男子,,,,,,80～84歳,2,佐々木正志,男子,曽谷・セ,25.32,,,,,,,,,20.14,17.27,,1/6
582,74,2023,5,14,短水路,個人,8,25m背泳ぎ,男子,,,,,,80～84歳,3,若岡利夫,男子,セ・蘇我,25.75,,,,,,,,,20.14,17.27,,1/3
583,74,2023,5,14,短水路,個人,8,25m背泳ぎ,男子,,,,,,80～84歳,4,増山晶一,男子,セ・下北沢,29.14,,,,,,,,,20.14,17.27,,1/7
584,74,2023,5,14,短水路,個人,8,25m背泳ぎ,男子,,,,,,80～84歳,5,篠崎巌,男子,セ・稲毛海岸,30.64,,,,,,,,,20.14,17.27,,1/8
585,74,2023,5,14,短水路,個人,8,25m背泳ぎ,男子,,,,,,75～79歳,1,木崎二三男,男子,セ・福生,19.56,,,,,,,,,19.45,16.75,,2/5
586,74,2023,5,14,短水路,個人,8,25m背泳ぎ,男子,,,,,,75～79歳,2,井口穣,男子,セ・東戸塚,23.16,,,,,,,,,19.45,16.75,,2/2
587,74,2023,5,14,短水路,個人,8,25m背泳ぎ,男子,,,,,,75～79歳,3,大内洋,男子,セ・葛西,23.98,,,,,,,,,19.45,16.75,,2/7
588,74,2023,5,14,短水路,個人,8,25m背泳ぎ,男子,,,,,,75～79歳,4,吉川光雄,男子,セ・南千住,26.12,,,,,,,,,19.45,16.75,,2/8
589,74,2023,5,14,短水路,個人,8,25m背泳ぎ,男子,,,,,,70～74歳,1,吉澤隆,男子,セ・清瀬,18.43,,,,,,,,TRUE,18.47,16.37,,2/4
590,74,2023,5,14,短水路,個人,8,25m背泳ぎ,男子,,,,,,70～74歳,2,鈴木幹男,男子,セ・我孫子,19.47,,,,,,,,,18.47,16.37,,2/3
591,74,2023,5,14,短水路,個人,8,25m背泳ぎ,男子,,,,,,70～74歳,3,古川賢一郎,男子,ザパス川崎,21.86,,,,,,,,,18.47,16.37,,2/6
592,74,2023,5,14,短水路,個人,8,25m背泳ぎ,男子,,,,,,70～74歳,4,直井幹雄,男子,セ・流山,25.84,,,,,,,,,18.47,16.37,,1/1
593,74,2023,5,14,短水路,個人,8,25m背泳ぎ,男子,,,,,,70～74歳,5,神保伸幸,男子,セ・南青山,26.95,,,,,,,,,18.47,16.37,,2/1
594,74,2023,5,14,短水路,個人,8,25m背泳ぎ,男子,,,,,,70～74歳,6,大久保美伸,男子,セ・松戸,27.31,,,,,,,,,18.47,16.37,,1/5
595,74,2023,5,14,短水路,個人,8,25m背泳ぎ,男子,,,,,,65～69歳,1,石附伸也,男子,セ・新浦安,19.41,,,,,,,,,18.27,14.78,,3/5
596,74,2023,5,14,短水路,個人,8,25m背泳ぎ,男子,,,,,,65～69歳,2,上原隆男,男子,クリーンスパ,22.63,,,,,,,,,18.27,14.78,,3/6
597,74,2023,5,14,短水路,個人,8,25m背泳ぎ,男子,,,,,,60～64歳,1,濱井健次,男子,セ・ときわ台,15.78,,,,,,,,TRUE,17.23,14.01,,3/4
598,74,2023,5,14,短水路,個人,8,25m背泳ぎ,男子,,,,,,60～64歳,2,高橋雅人,男子,セ・市川,20.71,,,,,,,,,17.23,14.01,,3/3
599,74,2023,5,14,短水路,個人,8,25m背泳ぎ,男子,,,,,,60～64歳,3,峯尾敏幸,男子,セ・府中,24.27,,,,,,,,,17.23,14.01,,3/7
600,74,2023,5,14,短水路,個人,8,25m背泳ぎ,男子,,,,,,60～64歳,4,阿部一男,男子,セ・青砥,24.80,,,,,,,,,17.23,14.01,,3/2
601,74,2023,5,14,短水路,個人,8,25m背泳ぎ,男子,,,,,,55～59歳,1,渡辺保,男子,セ・二俣川,15.10,,,,,,,,,13.99,13.65,,4/5
602,74,2023,5,14,短水路,個人,8,25m背泳ぎ,男子,,,,,,55～59歳,2,宮木幸彦,男子,セ・葛西,17.73,,,,,,,,,13.99,13.65,,4/6
603,74,2023,5,14,短水路,個人,8,25m背泳ぎ,男子,,,,,,55～59歳,3,近藤恭彦,男子,セ・松戸,20.85,,,,,,,,,13.99,13.65,,4/7
604,74,2023,5,14,短水路,個人,8,25m背泳ぎ,男子,,,,,,55～59歳,4,今村賢治,男子,墨田区体育館,25.92,,,,,,,,,13.99,13.65,,4/1
605,74,2023,5,14,短水路,個人,8,25m背泳ぎ,男子,,,,,,50～54歳,1,河野悟,男子,セ・慶應日吉,14.79,,,,,,,,,13.62,13.26,,4/4
606,74,2023,5,14,短水路,個人,8,25m背泳ぎ,男子,,,,,,50～54歳,2,柄澤英也,男子,セ・用賀,15.94,,,,,,,,,13.62,13.26,,4/3
607,74,2023,5,14,短水路,個人,8,25m背泳ぎ,男子,,,,,,50～54歳,3,松本考弘,男子,セ・清瀬,17.02,,,,,,,,,13.62,13.26,,4/2
608,74,2023,5,14,短水路,個人,8,25m背泳ぎ,男子,,,,,,50～54歳,4,竹山智明,男子,セ・慶應日吉,23.66,,,,,,,,,13.62,13.26,,4/8
609,74,2023,5,14,短水路,個人,8,25m背泳ぎ,男子,,,,,,45～49歳,1,井口暢彦,男子,セ・成城,13.99,,,,,,,,,13.35,12.34,,5/4
610,74,2023,5,14,短水路,個人,8,25m背泳ぎ,男子,,,,,,45～49歳,2,宮崎健,男子,セ・福生,15.24,,,,,,,,,13.35,12.34,,5/5
611,74,2023,5,14,短水路,個人,8,25m背泳ぎ,男子,,,,,,45～49歳,3,新井田将司,男子,セ・トレッサ,15.99,,,,,,,,,13.35,12.34,,5/3
612,74,2023,5,14,短水路,個人,8,25m背泳ぎ,男子,,,,,,45～49歳,4,榊礼武,男子,セ・茂原,19.54,,,,,,,,,13.35,12.34,,5/6
613,74,2023,5,14,短水路,個人,8,25m背泳ぎ,男子,,,,,,45～49歳,5,草野剛史,男子,セ・二俣川,20.01,,,,,,,,,13.35,12.34,,5/2
614,74,2023,5,14,短水路,個人,8,25m背泳ぎ,男子,,,,,,45～49歳,6,李碩晋,男子,セ・福生,24.67,,,,,,,,,13.35,12.34,,5/7
615,74,2023,5,14,短水路,個人,8,25m背泳ぎ,男子,,,,,,40～44歳,1,寺田貴洋,男子,セ・二俣川,13.62,,,,,,,,TRUE,14.35,12.11,,6/4
616,74,2023,5,14,短水路,個人,8,25m背泳ぎ,男子,,,,,,40～44歳,2,木下和哉,男子,セ・清瀬,16.13,,,,,,,,,14.35,12.11,,6/2
617,74,2023,5,14,短水路,個人,8,25m背泳ぎ,男子,,,,,,40～44歳,3,木村知行,男子,セ・二俣川,16.41,,,,,,,,,14.35,12.11,,6/3
618,74,2023,5,14,短水路,個人,8,25m背泳ぎ,男子,,,,,,40～44歳,4,村上守,男子,セ・成城,16.57,,,,,,,,,14.35,12.11,,6/6
619,74,2023,5,14,短水路,個人,8,25m背泳ぎ,男子,,,,,,40～44歳,5,宮崎隆寛,男子,セ・越谷,19.87,,,,,,,,,14.35,12.11,,6/1
620,74,2023,5,14,短水路,個人,8,25m背泳ぎ,男子,,,,,,35～39歳,1,棚網宏之,男子,セ・阿佐谷,14.07,,,,,,,,,13.08,11.59,,6/5
621,74,2023,5,14,短水路,個人,8,25m背泳ぎ,男子,,,,,,30～34歳,1,佐藤拓哉,男子,セ・蒲田,17.15,,,,,,,,,12.79,11.72,,6/7
622,74,2023,5,14,短水路,個人,9,25m平泳ぎ,女子,,,,,,85～89歳,1,上田寿美子,女子,セ・成城,29.97,,,,,,,,TRUE,32.59,23.51,,1/4
623,74,2023,5,14,短水路,個人,9,25m平泳ぎ,女子,,,,,,85～89歳,2,小森和子,女子,CS南行徳,33.80,,,,,,,,,32.59,23.51,,1/5
624,74,2023,5,14,短水路,個人,9,25m平泳ぎ,女子,,,,,,85～89歳,3,鈴木静江,女子,クリーンスパ,35.69,,,,,,,,,32.59,23.51,,1/6
625,74,2023,5,14,短水路,個人,9,25m平泳ぎ,女子,,,,,,85～89歳,4,熊谷一枝,女子,セ・天王洲,36.27,,,,,,,,,32.59,23.51,,1/3
626,74,2023,5,14,短水路,個人,9,25m平泳ぎ,女子,,,,,,80～84歳,1,宇田川京子,女子,セ・桶川北本,25.40,,,,,,,,TRUE,25.88,21.51,,2/3
627,74,2023,5,14,短水路,個人,9,25m平泳ぎ,女子,,,,,,80～84歳,2,手塚泰子,女子,セ・清瀬,29.36,,,,,,,,,25.88,21.51,,2/2
628,74,2023,5,14,短水路,個人,9,25m平泳ぎ,女子,,,,,,80～84歳,,平井節子,女子,セ・南千住,,,,,,,,,,25.88,21.51,,2/7
629,74,2023,5,14,短水路,個人,9,25m平泳ぎ,女子,,,,,,75～79歳,1,岡田まり子,女子,CS南行徳,25.26,,,,,,,,,24.32,20.26,,2/5
630,74,2023,5,14,短水路,個人,9,25m平泳ぎ,女子,,,,,,75～79歳,2,村上二三子,女子,セ・目黒,31.30,,,,,,,,,24.32,20.26,,2/4
631,74,2023,5,14,短水路,個人,9,25m平泳ぎ,女子,,,,,,75～79歳,3,久保美紀枝,女子,セ・流山,31.57,,,,,,,,,24.32,20.26,,2/6
632,74,2023,5,14,短水路,個人,9,25m平泳ぎ,女子,,,,,,70～74歳,1,原嶋寿子,女子,セ・谷津,22.55,,,,,,,,,19.97,18.95,,3/4
633,74,2023,5,14,短水路,個人,9,25m平泳ぎ,女子,,,,,,70～74歳,2,市野克子,女子,セ・大森,23.88,,,,,,,,,19.97,18.95,,3/5
634,74,2023,5,14,短水路,個人,9,25m平泳ぎ,女子,,,,,,70～74歳,3,小澤優子,女子,セ・葛西,24.30,,,,,,,,,19.97,18.95,,3/2
635,74,2023,5,14,短水路,個人,9,25m平泳ぎ,女子,,,,,,70～74歳,4,栗林眞知子,女子,セ・成城,25.30,,,,,,,,,19.97,18.95,,3/7
636,74,2023,5,14,短水路,個人,9,25m平泳ぎ,女子,,,,,,70～74歳,5,平山啓子,女子,セ・南青山,25.81,,,,,,,,,19.97,18.95,,3/3
637,74,2023,5,14,短水路,個人,9,25m平泳ぎ,女子,,,,,,70～74歳,6,清水恵美子,女子,セ・亀有,26.01,,,,,,,,,19.97,18.95,,3/6
638,74,2023,5,14,短水路,個人,9,25m平泳ぎ,女子,,,,,,70～74歳,7,松木真知子,女子,セ・ときわ台,26.64,,,,,,,,,19.97,18.95,,3/8
639,74,2023,5,14,短水路,個人,9,25m平泳ぎ,女子,,,,,,70～74歳,8,川上涼子,女子,セ・蘇我,26.75,,,,,,,,,19.97,18.95,,4/3
640,74,2023,5,14,短水路,個人,9,25m平泳ぎ,女子,,,,,,70～74歳,9,矢島きよえ,女子,CS南行徳,27.94,,,,,,,,,19.97,18.95,,3/1
641,74,2023,5,14,短水路,個人,9,25m平泳ぎ,女子,,,,,,70～74歳,10,末光とき子,女子,墨田区体育館,29.32,,,,,,,,,19.97,18.95,,4/2
642,74,2023,5,14,短水路,個人,9,25m平泳ぎ,女子,,,,,,70～74歳,11,安藤麻子,女子,セ・目黒,31.46,,,,,,,,,19.97,18.95,,4/6
643,74,2023,5,14,短水路,個人,9,25m平泳ぎ,女子,,,,,,70～74歳,12,吉見一江,女子,セ・二俣川,31.57,,,,,,,,,19.97,18.95,,4/5
644,74,2023,5,14,短水路,個人,9,25m平泳ぎ,女子,,,,,,70～74歳,13,寺西寿賀子,女子,セ・天王洲,32.77,,,,,,,,,19.97,18.95,,4/4
645,74,2023,5,14,短水路,個人,9,25m平泳ぎ,女子,,,,,,70～74歳,14,大山伴恵,女子,セ・トレッサ,35.73,,,,,,,,,19.97,18.95,,4/7
646,74,2023,5,14,短水路,個人,9,25m平泳ぎ,女子,,,,,,65～69歳,1,米澤美智子,女子,セ・成瀬,21.21,,,,,,,,,19.42,18.31,,6/7
647,74,2023,5,14,短水路,個人,9,25m平泳ぎ,女子,,,,,,65～69歳,2,田代眞理子,女子,セ・成城,21.30,,,,,,,,,19.42,18.31,,6/4
648,74,2023,5,14,短水路,個人,9,25m平泳ぎ,女子,,,,,,65～69歳,3,谷口法子,女子,セ・本郷台,22.20,,,,,,,,,19.42,18.31,,6/5
649,74,2023,5,14,短水路,個人,9,25m平泳ぎ,女子,,,,,,65～69歳,4,太田初美,女子,セ・越谷,23.05,,,,,,,,,19.42,18.31,,6/6
650,74,2023,5,14,短水路,個人,9,25m平泳ぎ,女子,,,,,,65～69歳,5,三枚堂かよ子,女子,セ・阿佐谷,23.21,,,,,,,,,19.42,18.31,,6/3
651,74,2023,5,14,短水路,個人,9,25m平泳ぎ,女子,,,,,,65～69歳,6,瀧下節子,女子,セ・志木,23.50,,,,,,,,,19.42,18.31,,5/3
652,74,2023,5,14,短水路,個人,9,25m平泳ぎ,女子,,,,,,65～69歳,7,掃部典子,女子,曽谷・セ,25.00,,,,,,,,,19.42,18.31,,6/8
653,74,2023,5,14,短水路,個人,9,25m平泳ぎ,女子,,,,,,65～69歳,8,益田加津子,女子,セ・自由が丘,25.16,,,,,,,,,19.42,18.31,,5/4
654,74,2023,5,14,短水路,個人,9,25m平泳ぎ,女子,,,,,,65～69歳,9,渡邉登美子,女子,セ・阿佐谷,25.49,,,,,,,,,19.42,18.31,,6/1
655,74,2023,5,14,短水路,個人,9,25m平泳ぎ,女子,,,,,,65～69歳,10,小沢邦恵,女子,セ・二俣川,25.54,,,,,,,,,19.42,18.31,,6/2
656,74,2023,5,14,短水路,個人,9,25m平泳ぎ,女子,,,,,,65～69歳,11,新井瑞枝,女子,セ・流山,26.13,,,,,,,,,19.42,18.31,,5/7
657,74,2023,5,14,短水路,個人,9,25m平泳ぎ,女子,,,,,,65～69歳,12,藤井道子,女子,セ・我孫子,26.20,,,,,,,,,19.42,18.31,,5/8
658,74,2023,5,14,短水路,個人,9,25m平泳ぎ,女子,,,,,,65～69歳,13,豊田典子,女子,セ・下北沢,26.64,,,,,,,,,19.42,18.31,,5/5
659,74,2023,5,14,短水路,個人,9,25m平泳ぎ,女子,,,,,,65～69歳,14,関矢秀子,女子,セ・大宮宮原,26.79,,,,,,,,,19.42,18.31,,5/2
660,74,2023,5,14,短水路,個人,9,25m平泳ぎ,女子,,,,,,65～69歳,15,畠山眞由美,女子,セ・おおたか,27.52,,,,,,,,,19.42,18.31,,4/1
661,74,2023,5,14,短水路,個人,9,25m平泳ぎ,女子,,,,,,65～69歳,16,木村恵,女子,セ・我孫子,28.83,,,,,,,,,19.42,18.31,,7/7
662,74,2023,5,14,短水路,個人,9,25m平泳ぎ,女子,,,,,,65～69歳,17,加藤かずみ,女子,セ・八王子,29.89,,,,,,,,,19.42,18.31,,5/1
663,74,2023,5,14,短水路,個人,9,25m平泳ぎ,女子,,,,,,65～69歳,18,田村加代子,女子,セ・おおたか,30.45,,,,,,,,,19.42,18.31,,5/6
664,74,2023,5,14,短水路,個人,9,25m平泳ぎ,女子,,,,,,65～69歳,19,国本玉江,女子,ザパス川崎,38.17,,,,,,,,,19.42,18.31,,4/8
665,74,2023,5,14,短水路,個人,9,25m平泳ぎ,女子,,,,,,65～69歳,20,佐藤正子,女子,ザパス川崎,47.64,,,,,,,,,19.42,18.31,,7/2
666,74,2023,5,14,短水路,個人,9,25m平泳ぎ,女子,,,,,,60～64歳,1,磯村由紀子,女子,セ・越谷,19.12,,,,,,,,,18.90,17.18,,8/4
667,74,2023,5,14,短水路,個人,9,25m平泳ぎ,女子,,,,,,60～64歳,2,石原なおみ,女子,セ・阿佐谷,20.62,,,,,,,,,18.90,17.18,,8/1
668,74,2023,5,14,短水路,個人,9,25m平泳ぎ,女子,,,,,,60～64歳,3,酒井寿美恵,女子,クリーンスパ,21.35,,,,,,,,,18.90,17.18,,8/5
669,74,2023,5,14,短水路,個人,9,25m平泳ぎ,女子,,,,,,60～64歳,4,高梨美樹,女子,セ・成城,21.53,,,,,,,,,18.90,17.18,,8/3
670,74,2023,5,14,短水路,個人,9,25m平泳ぎ,女子,,,,,,60～64歳,5,小池理恵子,女子,セ・阿佐谷,21.66,,,,,,,,,18.90,17.18,,8/6
671,74,2023,5,14,短水路,個人,9,25m平泳ぎ,女子,,,,,,60～64歳,6,長野佐稚子,女子,セ・東十条,23.81,,,,,,,,,18.90,17.18,,8/7
672,74,2023,5,14,短水路,個人,9,25m平泳ぎ,女子,,,,,,60～64歳,7,増子保子,女子,セ・蘇我,24.11,,,,,,,,,18.90,17.18,,8/2
673,74,2023,5,14,短水路,個人,9,25m平泳ぎ,女子,,,,,,60～64歳,8,勝又聡子,女子,セ・福生,25.28,,,,,,,,,18.90,17.18,,7/4
674,74,2023,5,14,短水路,個人,9,25m平泳ぎ,女子,,,,,,60～64歳,9,近藤みゆき,女子,セ・阿佐谷,25.96,,,,,,,,,18.90,17.18,,8/8
675,74,2023,5,14,短水路,個人,9,25m平泳ぎ,女子,,,,,,60～64歳,10,吉田有子,女子,セ・館山,26.03,,,,,,,,,18.90,17.18,,9/2
676,74,2023,5,14,短水路,個人,9,25m平泳ぎ,女子,,,,,,60～64歳,11,花形一実,女子,セ・南千住,26.49,,,,,,,,,18.90,17.18,,9/1
677,74,2023,5,14,短水路,個人,9,25m平泳ぎ,女子,,,,,,60～64歳,12,田中香苗,女子,セ・青砥,26.64,,,,,,,,,18.90,17.18,,7/5
678,74,2023,5,14,短水路,個人,9,25m平泳ぎ,女子,,,,,,60～64歳,13,中村清美,女子,セ・蘇我,29.06,,,,,,,,,18.90,17.18,,7/3
679,74,2023,5,14,短水路,個人,9,25m平泳ぎ,女子,,,,,,60～64歳,14,清水孝子,女子,セ・福生,29.52,,,,,,,,,18.90,17.18,,7/1
680,74,2023,5,14,短水路,個人,9,25m平泳ぎ,女子,,,,,,60～64歳,15,榮真須美,女子,セ・慶應日吉,36.29,,,,,,,,,18.90,17.18,,7/8
681,74,2023,5,14,短水路,個人,9,25m平泳ぎ,女子,,,,,,55～59歳,1,角南美貴,女子,セ・我孫子,21.67,,,,,,,,,17.63,16.44,,9/6
682,74,2023,5,14,短水路,個人,9,25m平泳ぎ,女子,,,,,,55～59歳,2,坂井慶子,女子,セ・大宮宮原,22.35,,,,,,,,,17.63,16.44,,9/3
683,74,2023,5,14,短水路,個人,9,25m平泳ぎ,女子,,,,,,55～59歳,3,蛭名とも子,女子,セ・志木,25.74,,,,,,,,,17.63,16.44,,9/7
684,74,2023,5,14,短水路,個人,9,25m平泳ぎ,女子,,,,,,55～59歳,4,平澤馨,女子,セ・府中,26.76,,,,,,,,,17.63,16.44,,9/8
685,74,2023,5,14,短水路,個人,9,25m平泳ぎ,女子,,,,,,50～54歳,1,関本みすぎ,女子,セ・葛西,20.26,,,,,,,,,17.75,16.24,,10/4
686,74,2023,5,14,短水路,個人,9,25m平泳ぎ,女子,,,,,,50～54歳,2,嶋谷いずみ,女子,セ・葛西,21.71,,,,,,,,,17.75,16.24,,10/1
687,74,2023,5,14,短水路,個人,9,25m平泳ぎ,女子,,,,,,50～54歳,3,森川佳余子,女子,クリーンスパ,21.72,,,,,,,,,17.75,16.24,,10/5
688,74,2023,5,14,短水路,個人,9,25m平泳ぎ,女子,,,,,,50～54歳,4,西田真樹,女子,セ・平塚,22.18,,,,,,,,,17.75,16.24,,10/7
689,74,2023,5,14,短水路,個人,9,25m平泳ぎ,女子,,,,,,50～54歳,5,村岡貴子,女子,セ・桶川北本,22.30,,,,,,,,,17.75,16.24,,10/3
690,74,2023,5,14,短水路,個人,9,25m平泳ぎ,女子,,,,,,50～54歳,6,磯村麻衣子,女子,セ・上池袋,23.04,,,,,,,,,17.75,16.24,,10/8
691,74,2023,5,14,短水路,個人,9,25m平泳ぎ,女子,,,,,,50～54歳,7,高間智子,女子,セ・自由が丘,23.18,,,,,,,,,17.75,16.24,,10/6
692,74,2023,5,14,短水路,個人,9,25m平泳ぎ,女子,,,,,,50～54歳,8,佐藤晶子,女子,セ・おおたか,23.21,,,,,,,,,17.75,16.24,,11/3
693,74,2023,5,14,短水路,個人,9,25m平泳ぎ,女子,,,,,,50～54歳,9,多田美帆,女子,セ・清瀬,25.58,,,,,,,,,17.75,16.24,,10/2
694,74,2023,5,14,短水路,個人,9,25m平泳ぎ,女子,,,,,,50～54歳,10,岩朋実,女子,セ・川越,25.65,,,,,,,,,17.75,16.24,,11/7
695,74,2023,5,14,短水路,個人,9,25m平泳ぎ,女子,,,,,,50～54歳,11,北瀬あづさ,女子,セ・市ヶ尾,27.65,,,,,,,,,17.75,16.24,,11/1
696,74,2023,5,14,短水路,個人,9,25m平泳ぎ,女子,,,,,,50～54歳,12,平野真紀,女子,セ・福生,29.58,,,,,,,,,17.75,16.24,,11/8
697,74,2023,5,14,短水路,個人,9,25m平泳ぎ,女子,,,,,,50～54歳,13,津田千鶴,女子,セ・能見台,30.11,,,,,,,,,17.75,16.24,,11/6
698,74,2023,5,14,短水路,個人,9,25m平泳ぎ,女子,,,,,,45～49歳,1,片岡祥子,女子,セ・千葉みなと,16.32,,,,,,,,TRUE,17.19,15.72,,12/4
699,74,2023,5,14,短水路,個人,9,25m平泳ぎ,女子,,,,,,45～49歳,2,梅澤亮子,女子,セ・桶川北本,18.11,,,,,,,,,17.19,15.72,,12/5
700,74,2023,5,14,短水路,個人,9,25m平泳ぎ,女子,,,,,,45～49歳,3,来島優子,女子,セ・本郷台,19.05,,,,,,,,,17.19,15.72,,11/4
701,74,2023,5,14,短水路,個人,9,25m平泳ぎ,女子,,,,,,45～49歳,4,田中三奈子,女子,セ・成瀬,23.15,,,,,,,,,17.19,15.72,,11/5
702,74,2023,5,14,短水路,個人,9,25m平泳ぎ,女子,,,,,,40～44歳,1,中村可奈子,女子,セ・おおたか,18.01,,,,,,,,,17.31,15.28,,12/3
703,74,2023,5,14,短水路,個人,9,25m平泳ぎ,女子,,,,,,40～44歳,2,谷美希子,女子,セ・府中,24.45,,,,,,,,,17.31,15.28,,12/1
704,74,2023,5,14,短水路,個人,9,25m平泳ぎ,女子,,,,,,35～39歳,1,RacaruGabriela,女子,セ・慶應日吉,21.88,,,,,,,,,16.74,15.00,,12/7
705,74,2023,5,14,短水路,個人,9,25m平泳ぎ,女子,,,,,,30～34歳,1,深堀陽子,女子,セ・二俣川,19.17,,,,,,,,,16.96,14.87,,12/6
706,74,2023,5,14,短水路,個人,9,25m平泳ぎ,女子,,,,,,30～34歳,2,髙松悠希,女子,セ・越谷,21.02,,,,,,,,,16.96,14.87,,12/2
707,74,2023,5,14,短水路,個人,10,25m平泳ぎ,男子,,,,,,85～89歳,1,浅野欣也,男子,セ・府中,30.01,,,,,,,,,23.03,19.41,,1/2
708,74,2023,5,14,短水路,個人,10,25m平泳ぎ,男子,,,,,,80～84歳,1,立川育宏,男子,ザパス金沢八,21.53,,,,,,,,,21.00,18.20,,1/4
709,74,2023,5,14,短水路,個人,10,25m平泳ぎ,男子,,,,,,80～84歳,2,小田稔,男子,セ・慶應日吉,27.66,,,,,,,,,21.00,18.20,,1/6
710,74,2023,5,14,短水路,個人,10,25m平泳ぎ,男子,,,,,,75～79歳,1,山口博,男子,セ・志木,23.40,,,,,,,,,18.59,17.68,,2/3
711,74,2023,5,14,短水路,個人,10,25m平泳ぎ,男子,,,,,,75～79歳,2,柊敏雄,男子,セ・新浦安,23.57,,,,,,,,,18.59,17.68,,1/5
712,74,2023,5,14,短水路,個人,10,25m平泳ぎ,男子,,,,,,75～79歳,3,手塚満,男子,セ・おおたか,27.83,,,,,,,,,18.59,17.68,,1/7
713,74,2023,5,14,短水路,個人,10,25m平泳ぎ,男子,,,,,,75～79歳,4,竹島正明,男子,セ・越谷,28.09,,,,,,,,,18.59,17.68,,1/1
714,74,2023,5,14,短水路,個人,10,25m平泳ぎ,男子,,,,,,70～74歳,1,吉村進,男子,セ・阿佐谷,17.86,,,,,,,,TRUE,17.92,16.18,,2/4
715,74,2023,5,14,短水路,個人,10,25m平泳ぎ,男子,,,,,,70～74歳,2,土屋久司,男子,セ・西東京,20.48,,,,,,,,,17.92,16.18,,2/1
716,74,2023,5,14,短水路,個人,10,25m平泳ぎ,男子,,,,,,70～74歳,3,黒川直行,男子,クリーンスパ,21.80,,,,,,,,,17.92,16.18,,2/2
717,74,2023,5,14,短水路,個人,10,25m平泳ぎ,男子,,,,,,70～74歳,4,太田与洋,男子,セ・新浦安,24.80,,,,,,,,,17.92,16.18,,2/7
718,74,2023,5,14,短水路,個人,10,25m平泳ぎ,男子,,,,,,70～74歳,5,神保伸幸,男子,セ・南青山,30.16,,,,,,,,,17.92,16.18,,2/8
719,74,2023,5,14,短水路,個人,10,25m平泳ぎ,男子,,,,,,65～69歳,1,松田賢治,男子,セ・大宮宮原,17.49,,,,,,,,,17.26,15.32,,3/4
720,74,2023,5,14,短水路,個人,10,25m平泳ぎ,男子,,,,,,65～69歳,2,水谷博之,男子,セ・二俣川,17.65,,,,,,,,,17.26,15.32,,3/3
721,74,2023,5,14,短水路,個人,10,25m平泳ぎ,男子,,,,,,65～69歳,3,前川正,男子,セ・Ｆ東戸塚,19.12,,,,,,,,,17.26,15.32,,3/5
722,74,2023,5,14,短水路,個人,10,25m平泳ぎ,男子,,,,,,65～69歳,4,槙田誠,男子,セ・南千住,19.27,,,,,,,,,17.26,15.32,,3/2
723,74,2023,5,14,短水路,個人,10,25m平泳ぎ,男子,,,,,,65～69歳,5,安高祐三,男子,セ・越谷,20.75,,,,,,,,,17.26,15.32,,3/6
724,74,2023,5,14,短水路,個人,10,25m平泳ぎ,男子,,,,,,65～69歳,6,真崎武司,男子,セ・志木,21.85,,,,,,,,,17.26,15.32,,3/7
725,74,2023,5,14,短水路,個人,10,25m平泳ぎ,男子,,,,,,65～69歳,7,岩崎純,男子,セ・平塚,24.50,,,,,,,,,17.26,15.32,,3/1
726,74,2023,5,14,短水路,個人,10,25m平泳ぎ,男子,,,,,,60～64歳,1,橋本秀行,男子,セ・千葉みなと,14.79,,,,,,,,TRUE,16.74,14.61,,4/4
727,74,2023,5,14,短水路,個人,10,25m平泳ぎ,男子,,,,,,60～64歳,2,稲毛仁,男子,セ・松戸,16.89,,,,,,,,,16.74,14.61,,4/5
728,74,2023,5,14,短水路,個人,10,25m平泳ぎ,男子,,,,,,60～64歳,3,中村幸弘,男子,セ・越谷,17.59,,,,,,,,,16.74,14.61,,4/6
729,74,2023,5,14,短水路,個人,10,25m平泳ぎ,男子,,,,,,60～64歳,4,山梨英克,男子,セ・我孫子,18.49,,,,,,,,,16.74,14.61,,4/2
730,74,2023,5,14,短水路,個人,10,25m平泳ぎ,男子,,,,,,60～64歳,5,蛭名昌彦,男子,セ・志木,18.96,,,,,,,,,16.74,14.61,,4/3
731,74,2023,5,14,短水路,個人,10,25m平泳ぎ,男子,,,,,,60～64歳,6,黒川恵一,男子,セ・市ヶ尾,21.16,,,,,,,,,16.74,14.61,,4/7
732,74,2023,5,14,短水路,個人,10,25m平泳ぎ,男子,,,,,,60～64歳,7,大津信弘,男子,セ・越谷,21.89,,,,,,,,,16.74,14.61,,4/1
733,74,2023,5,14,短水路,個人,10,25m平泳ぎ,男子,,,,,,55～59歳,1,藤田理,男子,セ・成瀬,15.58,,,,,,,,,15.28,13.70,,5/4
734,74,2023,5,14,短水路,個人,10,25m平泳ぎ,男子,,,,,,55～59歳,2,奥平裕二,男子,セ・トレッサ,15.79,,,,,,,,,15.28,13.70,,5/6
735,74,2023,5,14,短水路,個人,10,25m平泳ぎ,男子,,,,,,55～59歳,3,廣松伸一,男子,セ・市ヶ尾,15.86,,,,,,,,,15.28,13.70,,5/3
736,74,2023,5,14,短水路,個人,10,25m平泳ぎ,男子,,,,,,55～59歳,4,坂野照雄,男子,セ・越谷,16.19,,,,,,,,,15.28,13.70,,5/5
737,74,2023,5,14,短水路,個人,10,25m平泳ぎ,男子,,,,,,55～59歳,5,江藤邦徳,男子,セ・越谷,17.17,,,,,,,,,15.28,13.70,,6/3
738,74,2023,5,14,短水路,個人,10,25m平泳ぎ,男子,,,,,,55～59歳,6,多田博之,男子,セ・清瀬,17.48,,,,,,,,,15.28,13.70,,5/7
739,74,2023,5,14,短水路,個人,10,25m平泳ぎ,男子,,,,,,55～59歳,7,宮木幸彦,男子,セ・葛西,17.65,,,,,,,,,15.28,13.70,,5/8
740,74,2023,5,14,短水路,個人,10,25m平泳ぎ,男子,,,,,,55～59歳,8,兵藤鋭雄,男子,セ・目黒,18.01,,,,,,,,,15.28,13.70,,5/2
741,74,2023,5,14,短水路,個人,10,25m平泳ぎ,男子,,,,,,55～59歳,9,北村勇,男子,セ・能見台,18.76,,,,,,,,,15.28,13.70,,5/1
742,74,2023,5,14,短水路,個人,10,25m平泳ぎ,男子,,,,,,55～59歳,10,近藤恭彦,男子,セ・松戸,19.18,,,,,,,,,15.28,13.70,,6/5
743,74,2023,5,14,短水路,個人,10,25m平泳ぎ,男子,,,,,,55～59歳,11,佐藤正章,男子,セ・用賀,19.44,,,,,,,,,15.28,13.70,,6/6
744,74,2023,5,14,短水路,個人,10,25m平泳ぎ,男子,,,,,,55～59歳,12,今村賢治,男子,墨田区体育館,25.38,,,,,,,,,15.28,13.70,,6/7
745,74,2023,5,14,短水路,個人,10,25m平泳ぎ,男子,,,,,,50～54歳,1,小森康弘,男子,セ・葛西,13.43,,,,,,,,TRUE,13.83,13.66,,7/4
746,74,2023,5,14,短水路,個人,10,25m平泳ぎ,男子,,,,,,50～54歳,2,本城大輔,男子,セ・用賀,15.97,,,,,,,,,13.83,13.66,,7/5
747,74,2023,5,14,短水路,個人,10,25m平泳ぎ,男子,,,,,,50～54歳,3,祖川久茂,男子,セ・市ヶ尾,16.14,,,,,,,,,13.83,13.66,,7/3
748,74,2023,5,14,短水路,個人,10,25m平泳ぎ,男子,,,,,,50～54歳,4,川端邦武,男子,セ・西台,16.36,,,,,,,,,13.83,13.66,,7/6
749,74,2023,5,14,短水路,個人,10,25m平泳ぎ,男子,,,,,,50～54歳,5,大内貴史,男子,セ・福生,17.10,,,,,,,,,13.83,13.66,,7/2
750,74,2023,5,14,短水路,個人,10,25m平泳ぎ,男子,,,,,,50～54歳,6,清田真人,男子,セ・大宮宮原,17.89,,,,,,,,,13.83,13.66,,7/8
751,74,2023,5,14,短水路,個人,10,25m平泳ぎ,男子,,,,,,50～54歳,7,穴田啓樹,男子,セ・慶應日吉,18.50,,,,,,,,,13.83,13.66,,7/1
752,74,2023,5,14,短水路,個人,10,25m平泳ぎ,男子,,,,,,50～54歳,8,池上功,男子,セ・亀有,22.06,,,,,,,,,13.83,13.66,,6/2
753,74,2023,5,14,短水路,個人,10,25m平泳ぎ,男子,,,,,,50～54歳,9,君島篤,男子,セ・西東京,24.01,,,,,,,,,13.83,13.66,,7/7
754,74,2023,5,14,短水路,個人,10,25m平泳ぎ,男子,,,,,,45～49歳,1,吉岡範人,男子,セ・市ヶ尾,15.66,,,,,,,,,13.55,12.99,,8/6
755,74,2023,5,14,短水路,個人,10,25m平泳ぎ,男子,,,,,,45～49歳,2,原正敏,男子,セ・桶川北本,15.78,,,,,,,,,13.55,12.99,,8/1
756,74,2023,5,14,短水路,個人,10,25m平泳ぎ,男子,,,,,,45～49歳,3,大沢祐輔,男子,セ・福生,17.13,,,,,,,,,13.55,12.99,,8/7
757,74,2023,5,14,短水路,個人,10,25m平泳ぎ,男子,,,,,,45～49歳,4,山岡裕和,男子,セ・ときわ台,17.16,,,,,,,,,13.55,12.99,,8/2
758,74,2023,5,14,短水路,個人,10,25m平泳ぎ,男子,,,,,,40～44歳,1,山賀竜馬,男子,セ・阿佐谷,13.78,,,,,,,,,13.40,12.78,,8/5
759,74,2023,5,14,短水路,個人,10,25m平泳ぎ,男子,,,,,,40～44歳,2,那賀島大地,男子,セ・流山,16.44,,,,,,,,,13.40,12.78,,8/8
760,74,2023,5,14,短水路,個人,10,25m平泳ぎ,男子,,,,,,35～39歳,1,宮川航,男子,セ・南千住,13.34,,,,,,,,TRUE,13.37,12.79,,8/4
761,74,2023,5,14,短水路,個人,10,25m平泳ぎ,男子,,,,,,35～39歳,2,長田裕史,男子,セ・柏,14.59,,,,,,,,,13.37,12.79,,8/3
762,74,2023,5,14,短水路,個人,10,25m平泳ぎ,男子,,,,,,30～34歳,1,吉原憲人,男子,セ・阿佐谷,14.99,,,,,,,,,13.09,12.11,,9/7
763,74,2023,5,14,短水路,個人,10,25m平泳ぎ,男子,,,,,,30～34歳,2,高橋大輝,男子,セ・用賀,16.56,,,,,,,,,13.09,12.11,,9/1
764,74,2023,5,14,短水路,個人,10,25m平泳ぎ,男子,,,,,,30～34歳,3,関根稔朗,男子,セ・トレッサ,16.88,,,,,,,,,13.09,12.11,,9/8
765,74,2023,5,14,短水路,個人,10,25m平泳ぎ,男子,,,,,,25～29歳,1,加間英貴,男子,セ・天王洲,13.87,,,,,,,,,13.08,12.22,,9/4
766,74,2023,5,14,短水路,個人,10,25m平泳ぎ,男子,,,,,,25～29歳,2,竹下翔,男子,セ・長津田,16.98,,,,,,,,,13.08,12.22,,9/2
767,74,2023,5,14,短水路,個人,10,25m平泳ぎ,男子,,,,,,18～24歳,1,新垣琳大,男子,セ・茂原,12.97,,,,,,,,TRUE,13.08,12.27,,9/3
768,74,2023,5,14,短水路,個人,10,25m平泳ぎ,男子,,,,,,18～24歳,2,原井隆守,男子,セ・新浦安,13.98,,,,,,,,,13.08,12.27,,9/6
769,74,2023,5,14,短水路,個人,10,25m平泳ぎ,男子,,,,,,18～24歳,3,南里輝,男子,セ・蒲田,14.01,,,,,,,,,13.08,12.27,,9/5
770,74,2023,5,14,短水路,個人,11,25mバタフライ,女子,,,,,,80～84歳,1,八田清子,女子,セ・松戸,25.38,,,,,,,,,25.38,19.26,,1/5
771,74,2023,5,14,短水路,個人,11,25mバタフライ,女子,,,,,,80～84歳,2,新井昭代,女子,セ・東十条,29.78,,,,,,,,,25.38,19.26,,1/6
772,74,2023,5,14,短水路,個人,11,25mバタフライ,女子,,,,,,80～84歳,3,西川美恵子,女子,セ・蒲田,31.16,,,,,,,,,25.38,19.26,,1/2
773,74,2023,5,14,短水路,個人,11,25mバタフライ,女子,,,,,,80～84歳,4,平井節子,女子,セ・南千住,31.52,,,,,,,,,25.38,19.26,,1/7
774,74,2023,5,14,短水路,個人,11,25mバタフライ,女子,,,,,,80～84歳,5,新堀友子,女子,セ・天王洲,34.17,,,,,,,,,25.38,19.26,,1/1
775,74,2023,5,14,短水路,個人,11,25mバタフライ,女子,,,,,,75～79歳,1,古旗美鈴,女子,セ・上池袋,22.52,,,,,,,,,21.99,18.09,,1/3
776,74,2023,5,14,短水路,個人,11,25mバタフライ,女子,,,,,,75～79歳,2,藤井一恵,女子,セ・大森,29.30,,,,,,,,,21.99,18.09,,1/4
777,74,2023,5,14,短水路,個人,11,25mバタフライ,女子,,,,,,70～74歳,1,大山恵子,女子,セ・葛西,18.55,,,,,,,,,18.13,15.96,,3/4
778,74,2023,5,14,短水路,個人,11,25mバタフライ,女子,,,,,,70～74歳,2,小池藤子,女子,セ・新三郷,21.14,,,,,,,,,18.13,15.96,,3/5
779,74,2023,5,14,短水路,個人,11,25mバタフライ,女子,,,,,,70～74歳,3,山地多佳子,女子,セ・おおたか,21.41,,,,,,,,,18.13,15.96,,3/3
780,74,2023,5,14,短水路,個人,11,25mバタフライ,女子,,,,,,70～74歳,4,小谷名賀子,女子,セ・青砥,22.79,,,,,,,,,18.13,15.96,,2/5
781,74,2023,5,14,短水路,個人,11,25mバタフライ,女子,,,,,,70～74歳,5,図子誠子,女子,セ・青砥,23.08,,,,,,,,,18.13,15.96,,3/2
782,74,2023,5,14,短水路,個人,11,25mバタフライ,女子,,,,,,70～74歳,6,相澤史子,女子,セ・松戸,23.49,,,,,,,,,18.13,15.96,,3/6
783,74,2023,5,14,短水路,個人,11,25mバタフライ,女子,,,,,,70～74歳,7,山本恵,女子,セ・流山,23.84,,,,,,,,,18.13,15.96,,4/8
784,74,2023,5,14,短水路,個人,11,25mバタフライ,女子,,,,,,70～74歳,8,酒井愛子,女子,セ・湘南ＬＴ,24.26,,,,,,,,,18.13,15.96,,2/3
785,74,2023,5,14,短水路,個人,11,25mバタフライ,女子,,,,,,70～74歳,9,柴田美知子,女子,セ・新浦安,24.73,,,,,,,,,18.13,15.96,,3/7
786,74,2023,5,14,短水路,個人,11,25mバタフライ,女子,,,,,,70～74歳,10,鈴木敬子,女子,セ・横浜,25.22,,,,,,,,,18.13,15.96,,3/1
787,74,2023,5,14,短水路,個人,11,25mバタフライ,女子,,,,,,70～74歳,11,松丸映子,女子,セ・ときわ台,25.33,,,,,,,,,18.13,15.96,,2/2
788,74,2023,5,14,短水路,個人,11,25mバタフライ,女子,,,,,,70～74歳,12,杉村頼子,女子,セ・湘南ＬＴ,25.76,,,,,,,,,18.13,15.96,,2/8
789,74,2023,5,14,短水路,個人,11,25mバタフライ,女子,,,,,,70～74歳,13,鈴木悦子,女子,セ・溝ノ口,26.02,,,,,,,,,18.13,15.96,,2/6
790,74,2023,5,14,短水路,個人,11,25mバタフライ,女子,,,,,,70～74歳,14,若林多恵子,女子,セ・谷津,26.37,,,,,,,,,18.13,15.96,,2/1
791,74,2023,5,14,短水路,個人,11,25mバタフライ,女子,,,,,,70～74歳,15,沢田裕子,女子,セ・ときわ台,27.07,,,,,,,,,18.13,15.96,,3/8
792,74,2023,5,14,短水路,個人,11,25mバタフライ,女子,,,,,,70～74歳,16,斉藤由利子,女子,セ・青砥,27.57,,,,,,,,,18.13,15.96,,2/4
793,74,2023,5,14,短水路,個人,11,25mバタフライ,女子,,,,,,70～74歳,17,寺西寿賀子,女子,セ・天王洲,31.94,,,,,,,,,18.13,15.96,,2/7
794,74,2023,5,14,短水路,個人,11,25mバタフライ,女子,,,,,,65～69歳,1,綱川香代子,女子,セ・新浦安,16.90,,,,,,,,TRUE,17.37,15.16,,6/4
795,74,2023,5,14,短水路,個人,11,25mバタフライ,女子,,,,,,65～69歳,2,中村和子,女子,セ・越谷,18.72,,,,,,,,,17.37,15.16,,6/6
796,74,2023,5,14,短水路,個人,11,25mバタフライ,女子,,,,,,65～69歳,3,ダン典子,女子,セ・自由が丘,18.73,,,,,,,,,17.37,15.16,,6/5
797,74,2023,5,14,短水路,個人,11,25mバタフライ,女子,,,,,,65～69歳,4,岩崎良子,女子,セ・おおたか,19.29,,,,,,,,,17.37,15.16,,6/3
798,74,2023,5,14,短水路,個人,11,25mバタフライ,女子,,,,,,65～69歳,5,平野明美,女子,セ・郡山,20.43,,,,,,,,,17.37,15.16,,6/7
799,74,2023,5,14,短水路,個人,11,25mバタフライ,女子,,,,,,65～69歳,6,森本美恵,女子,セ・松戸,20.47,,,,,,,,,17.37,15.16,,6/8
800,74,2023,5,14,短水路,個人,11,25mバタフライ,女子,,,,,,65～69歳,7,田代奈緒子,女子,セ・ときわ台,20.80,,,,,,,,,17.37,15.16,,5/6
801,74,2023,5,14,短水路,個人,11,25mバタフライ,女子,,,,,,65～69歳,8,関口智子,女子,セ・西東京,20.85,,,,,,,,,17.37,15.16,,6/1
802,74,2023,5,14,短水路,個人,11,25mバタフライ,女子,,,,,,65～69歳,9,谷口法子,女子,セ・本郷台,20.92,,,,,,,,,17.37,15.16,,6/2
803,74,2023,5,14,短水路,個人,11,25mバタフライ,女子,,,,,,65～69歳,10,佐藤淳子,女子,セ・葛西,20.93,,,,,,,,,17.37,15.16,,5/5
804,74,2023,5,14,短水路,個人,11,25mバタフライ,女子,,,,,,65～69歳,11,譲原恵子,女子,セ・我孫子,21.20,,,,,,,,,17.37,15.16,,7/1
805,74,2023,5,14,短水路,個人,11,25mバタフライ,女子,,,,,,65～69歳,12,五月女美幸,女子,セ・宇都宮,21.24,,,,,,,,,17.37,15.16,,5/3
806,74,2023,5,14,短水路,個人,11,25mバタフライ,女子,,,,,,65～69歳,13,安田啓子,女子,セ・長沼,23.28,,,,,,,,,17.37,15.16,,5/7
807,74,2023,5,14,短水路,個人,11,25mバタフライ,女子,,,,,,65～69歳,14,鶴崎緑,女子,セ・トレッサ,23.78,,,,,,,,,17.37,15.16,,4/2
808,74,2023,5,14,短水路,個人,11,25mバタフライ,女子,,,,,,65～69歳,15,菅和江,女子,セ・戸塚,24.79,,,,,,,,,17.37,15.16,,4/4
809,74,2023,5,14,短水路,個人,11,25mバタフライ,女子,,,,,,65～69歳,16,三嶋祐子,女子,セ・阿佐谷,24.89,,,,,,,,,17.37,15.16,,5/8
810,74,2023,5,14,短水路,個人,11,25mバタフライ,女子,,,,,,65～69歳,17,松浦敏子,女子,セ・我孫子,25.09,,,,,,,,,17.37,15.16,,4/7
811,74,2023,5,14,短水路,個人,11,25mバタフライ,女子,,,,,,65～69歳,18,馬場栄子,女子,セ・おおたか,25.35,,,,,,,,,17.37,15.16,,5/2
812,74,2023,5,14,短水路,個人,11,25mバタフライ,女子,,,,,,65～69歳,19,渡辺米子,女子,クリーンスパ,25.56,,,,,,,,,17.37,15.16,,4/5
813,74,2023,5,14,短水路,個人,11,25mバタフライ,女子,,,,,,65～69歳,20,宮原美穂,女子,セ・福生,25.77,,,,,,,,,17.37,15.16,,5/1
814,74,2023,5,14,短水路,個人,11,25mバタフライ,女子,,,,,,65～69歳,21,仲澤敦子,女子,セ・柏,26.05,,,,,,,,,17.37,15.16,,4/1
815,74,2023,5,14,短水路,個人,11,25mバタフライ,女子,,,,,,65～69歳,22,長谷川節子,女子,セ・天王洲,27.64,,,,,,,,,17.37,15.16,,4/3
816,74,2023,5,14,短水路,個人,11,25mバタフライ,女子,,,,,,65～69歳,23,後藤悦子,女子,セ・本郷台,27.86,,,,,,,,,17.37,15.16,,4/6
817,74,2023,5,14,短水路,個人,11,25mバタフライ,女子,,,,,,65～69歳,,浅野みどり,女子,セ・天王洲,,,,,,,,,,17.37,15.16,,5/4
818,74,2023,5,14,短水路,個人,11,25mバタフライ,女子,,,,,,60～64歳,1,武井麻知子,女子,セ・二俣川,16.10,,,,,,,,,15.75,14.96,,8/4
819,74,2023,5,14,短水路,個人,11,25mバタフライ,女子,,,,,,60～64歳,2,岡田眞弓,女子,セ・清瀬,18.09,,,,,,,,,15.75,14.96,,8/5
820,74,2023,5,14,短水路,個人,11,25mバタフライ,女子,,,,,,60～64歳,3,野島正代,女子,セ・阿佐谷,19.00,,,,,,,,,15.75,14.96,,8/3
821,74,2023,5,14,短水路,個人,11,25mバタフライ,女子,,,,,,60～64歳,4,片平明子,女子,セ・市ヶ尾,21.15,,,,,,,,,15.75,14.96,,7/5
822,74,2023,5,14,短水路,個人,11,25mバタフライ,女子,,,,,,60～64歳,5,大原清美,女子,セ・阿佐谷,22.27,,,,,,,,,15.75,14.96,,8/2
823,74,2023,5,14,短水路,個人,11,25mバタフライ,女子,,,,,,60～64歳,6,草森理子,女子,セ・成城,22.46,,,,,,,,,15.75,14.96,,7/3
824,74,2023,5,14,短水路,個人,11,25mバタフライ,女子,,,,,,60～64歳,7,米林清子,女子,セ・越谷,23.44,,,,,,,,,15.75,14.96,,7/4
825,74,2023,5,14,短水路,個人,11,25mバタフライ,女子,,,,,,60～64歳,8,佐々木れい,女子,セ・志木,23.56,,,,,,,,,15.75,14.96,,7/6
826,74,2023,5,14,短水路,個人,11,25mバタフライ,女子,,,,,,60～64歳,9,倉林明子,女子,セ・おおたか,24.75,,,,,,,,,15.75,14.96,,7/7
827,74,2023,5,14,短水路,個人,11,25mバタフライ,女子,,,,,,60～64歳,10,柳沢智子,女子,セ・成城,25.22,,,,,,,,,15.75,14.96,,7/2
828,74,2023,5,14,短水路,個人,11,25mバタフライ,女子,,,,,,60～64歳,11,西澤順子,女子,セ・青砥,25.34,,,,,,,,,15.75,14.96,,7/8
829,74,2023,5,14,短水路,個人,11,25mバタフライ,女子,,,,,,55～59歳,1,田中貴子,女子,セ・清瀬,17.61,,,,,,,,,15.81,14.09,,9/4
830,74,2023,5,14,短水路,個人,11,25mバタフライ,女子,,,,,,55～59歳,2,福原美奈,女子,セ・稲毛海岸,17.75,,,,,,,,,15.81,14.09,,9/3
831,74,2023,5,14,短水路,個人,11,25mバタフライ,女子,,,,,,55～59歳,3,大野結実,女子,セ・横浜,19.95,,,,,,,,,15.81,14.09,,8/1
832,74,2023,5,14,短水路,個人,11,25mバタフライ,女子,,,,,,55～59歳,4,大槻真由美,女子,セ・清瀬,20.42,,,,,,,,,15.81,14.09,,8/6
833,74,2023,5,14,短水路,個人,11,25mバタフライ,女子,,,,,,55～59歳,5,高橋久美,女子,セ・市川,20.71,,,,,,,,,15.81,14.09,,9/2
834,74,2023,5,14,短水路,個人,11,25mバタフライ,女子,,,,,,55～59歳,6,来栖理枝,女子,セ・谷津,20.82,,,,,,,,,15.81,14.09,,8/7
835,74,2023,5,14,短水路,個人,11,25mバタフライ,女子,,,,,,55～59歳,7,小林名緒子,女子,セ・大森,21.25,,,,,,,,,15.81,14.09,,8/8
836,74,2023,5,14,短水路,個人,11,25mバタフライ,女子,,,,,,55～59歳,8,宗像里美,女子,セ・郡山,21.96,,,,,,,,,15.81,14.09,,9/6
837,74,2023,5,14,短水路,個人,11,25mバタフライ,女子,,,,,,55～59歳,9,小笠原暁子,女子,セ・清瀬,22.24,,,,,,,,,15.81,14.09,,9/5
838,74,2023,5,14,短水路,個人,11,25mバタフライ,女子,,,,,,50～54歳,1,佐々木美佐,女子,セ・平塚,15.37,,,,,,,,,14.55,13.27,,10/4
839,74,2023,5,14,短水路,個人,11,25mバタフライ,女子,,,,,,50～54歳,2,綿貫麻衣子,女子,セ・市ヶ尾,15.38,,,,,,,,,14.55,13.27,,10/3
840,74,2023,5,14,短水路,個人,11,25mバタフライ,女子,,,,,,50～54歳,3,原田佳子,女子,セ・葛西,15.71,,,,,,,,,14.55,13.27,,10/1
841,74,2023,5,14,短水路,個人,11,25mバタフライ,女子,,,,,,50～54歳,4,年岡仁美,女子,セ・千葉みなと,15.91,,,,,,,,,14.55,13.27,,10/2
842,74,2023,5,14,短水路,個人,11,25mバタフライ,女子,,,,,,50～54歳,5,柳有美子,女子,セ・おおたか,15.92,,,,,,,,,14.55,13.27,,10/6
843,74,2023,5,14,短水路,個人,11,25mバタフライ,女子,,,,,,50～54歳,6,勝間田周子,女子,セ・湘南ＬＴ,15.96,,,,,,,,,14.55,13.27,,10/7
844,74,2023,5,14,短水路,個人,11,25mバタフライ,女子,,,,,,50～54歳,7,鎌田和代,女子,セ・千葉みなと,16.02,,,,,,,,,14.55,13.27,,10/5
845,74,2023,5,14,短水路,個人,11,25mバタフライ,女子,,,,,,50～54歳,8,村田由里子,女子,セ・茂原,16.49,,,,,,,,,14.55,13.27,,10/8
846,74,2023,5,14,短水路,個人,11,25mバタフライ,女子,,,,,,50～54歳,9,谷村裕子,女子,セ・南青山,18.18,,,,,,,,,14.55,13.27,,11/4
847,74,2023,5,14,短水路,個人,11,25mバタフライ,女子,,,,,,50～54歳,10,鈴木知寿子,女子,セ・大森,20.91,,,,,,,,,14.55,13.27,,9/7
848,74,2023,5,14,短水路,個人,11,25mバタフライ,女子,,,,,,50～54歳,11,磯村麻衣子,女子,セ・上池袋,20.96,,,,,,,,,14.55,13.27,,9/1
849,74,2023,5,14,短水路,個人,11,25mバタフライ,女子,,,,,,50～54歳,12,大塚弘子,女子,セ・茂原,21.01,,,,,,,,,14.55,13.27,,11/7
850,74,2023,5,14,短水路,個人,11,25mバタフライ,女子,,,,,,50～54歳,13,小川史枝,女子,セ・越谷ＬＴ,26.35,,,,,,,,,14.55,13.27,,11/1
851,74,2023,5,14,短水路,個人,11,25mバタフライ,女子,,,,,,50～54歳,14,平野真紀,女子,セ・福生,26.42,,,,,,,,,14.55,13.27,,9/8
852,74,2023,5,14,短水路,個人,11,25mバタフライ,女子,,,,,,45～49歳,1,バーンズ智絵,女子,セ・松戸,16.14,,,,,,,,,14.81,12.88,,12/3
853,74,2023,5,14,短水路,個人,11,25mバタフライ,女子,,,,,,45～49歳,2,高橋麻子,女子,セ・市ヶ尾,17.30,,,,,,,,,14.81,12.88,,12/6
854,74,2023,5,14,短水路,個人,11,25mバタフライ,女子,,,,,,45～49歳,3,米倉公美,女子,セ・目黒,17.89,,,,,,,,,14.81,12.88,,12/4
855,74,2023,5,14,短水路,個人,11,25mバタフライ,女子,,,,,,45～49歳,4,山岡香織,女子,セ・清瀬,17.93,,,,,,,,,14.81,12.88,,12/5
856,74,2023,5,14,短水路,個人,11,25mバタフライ,女子,,,,,,45～49歳,5,髙島典子,女子,セ・大森,18.10,,,,,,,,,14.81,12.88,,11/5
857,74,2023,5,14,短水路,個人,11,25mバタフライ,女子,,,,,,45～49歳,6,細沼悦子,女子,セ・越谷,18.27,,,,,,,,,14.81,12.88,,12/2
858,74,2023,5,14,短水路,個人,11,25mバタフライ,女子,,,,,,45～49歳,7,石井佐和子,女子,セ・大森,19.15,,,,,,,,,14.81,12.88,,12/7
859,74,2023,5,14,短水路,個人,11,25mバタフライ,女子,,,,,,45～49歳,8,岩井千絵,女子,セ・上池袋,19.17,,,,,,,,,14.81,12.88,,11/3
860,74,2023,5,14,短水路,個人,11,25mバタフライ,女子,,,,,,45～49歳,9,加藤美保,女子,セ・上池袋,20.66,,,,,,,,,14.81,12.88,,11/8
861,74,2023,5,14,短水路,個人,11,25mバタフライ,女子,,,,,,45～49歳,10,大野祐子,女子,CS南行徳,23.49,,,,,,,,,14.81,12.88,,11/2
862,74,2023,5,14,短水路,個人,11,25mバタフライ,女子,,,,,,40～44歳,1,宮本八重,女子,セ・慶應日吉,14.52,,,,,,,,,14.20,12.92,,13/4
863,74,2023,5,14,短水路,個人,11,25mバタフライ,女子,,,,,,40～44歳,2,大黒明日香,女子,セ・清瀬,16.16,,,,,,,,,14.20,12.92,,13/2
864,74,2023,5,14,短水路,個人,11,25mバタフライ,女子,,,,,,40～44歳,3,丸田紘子,女子,セ・能見台,16.32,,,,,,,,,14.20,12.92,,13/5
865,74,2023,5,14,短水路,個人,11,25mバタフライ,女子,,,,,,40～44歳,4,錦織佳奈子,女子,ザパス川崎,17.36,,,,,,,,,14.20,12.92,,13/6
866,74,2023,5,14,短水路,個人,11,25mバタフライ,女子,,,,,,40～44歳,5,高橋容子,女子,セ・市川,18.43,,,,,,,,,14.20,12.92,,13/3
867,74,2023,5,14,短水路,個人,11,25mバタフライ,女子,,,,,,40～44歳,6,町田麻里,女子,セ・南千住,19.36,,,,,,,,,14.20,12.92,,13/1
868,74,2023,5,14,短水路,個人,11,25mバタフライ,女子,,,,,,40～44歳,7,星郁恵,女子,セ・南千住,21.24,,,,,,,,,14.20,12.92,,13/7
869,74,2023,5,14,短水路,個人,11,25mバタフライ,女子,,,,,,40～44歳,8,吉田瑠夏,女子,曽谷・セ,21.74,,,,,,,,,14.20,12.92,,13/8
870,74,2023,5,14,短水路,個人,11,25mバタフライ,女子,,,,,,40～44歳,9,加藤涼子,女子,セ・桶川北本,22.64,,,,,,,,,14.20,12.92,,12/1
871,74,2023,5,14,短水路,個人,11,25mバタフライ,女子,,,,,,35～39歳,1,久保美由紀,女子,セ・長津田,22.31,,,,,,,,,13.35,12.89,,14/8
872,74,2023,5,14,短水路,個人,11,25mバタフライ,女子,,,,,,30～34歳,1,日吉麻夏,女子,セ・二俣川,13.90,,,,,,,,TRUE,14.17,12.36,,14/2
873,74,2023,5,14,短水路,個人,11,25mバタフライ,女子,,,,,,30～34歳,2,福﨑沙織,女子,セ・南青山,14.88,,,,,,,,,14.17,12.36,,14/5
874,74,2023,5,14,短水路,個人,11,25mバタフライ,女子,,,,,,25～29歳,1,岡澤志織,女子,セ・茂原,14.12,,,,,,,,,13.51,12.00,,14/4
875,74,2023,5,14,短水路,個人,11,25mバタフライ,女子,,,,,,25～29歳,2,仲田笑美,女子,セ・成城,14.66,,,,,,,,,13.51,12.00,,14/6
876,74,2023,5,14,短水路,個人,11,25mバタフライ,女子,,,,,,25～29歳,3,遠藤桃,女子,セ・上池袋,15.66,,,,,,,,,13.51,12.00,,14/1
877,74,2023,5,14,短水路,個人,11,25mバタフライ,女子,,,,,,18～24歳,1,小林明日奏,女子,セ・青砥,15.17,,,,,,,,,13.27,12.53,,14/7
878,74,2023,5,14,短水路,個人,11,25mバタフライ,女子,,,,,,18～24歳,2,松本彩花,女子,セ・二俣川,16.91,,,,,,,,,13.27,12.53,,14/3
879,74,2023,5,14,短水路,個人,12,25mバタフライ,男子,,,,,,80～84歳,1,石川守也,男子,セ・市川,19.18,,,,,,,,TRUE,19.70,15.47,,1/5
880,74,2023,5,14,短水路,個人,12,25mバタフライ,男子,,,,,,75～79歳,1,西村弘一,男子,セ・新浦安,16.92,,,,,,,,TRUE,18.36,14.54,,1/4
881,74,2023,5,14,短水路,個人,12,25mバタフライ,男子,,,,,,75～79歳,2,白井清嗣,男子,セ・大宮宮原,18.06,,,,,,,,TRUE,18.36,14.54,,1/3
882,74,2023,5,14,短水路,個人,12,25mバタフライ,男子,,,,,,75～79歳,3,益子正人,男子,セ・我孫子,19.54,,,,,,,,,18.36,14.54,,1/7
883,74,2023,5,14,短水路,個人,12,25mバタフライ,男子,,,,,,75～79歳,4,眞壁功,男子,セ・藤沢,20.08,,,,,,,,,18.36,14.54,,1/1
884,74,2023,5,14,短水路,個人,12,25mバタフライ,男子,,,,,,75～79歳,5,木崎二三男,男子,セ・福生,21.21,,,,,,,,,18.36,14.54,,1/6
885,74,2023,5,14,短水路,個人,12,25mバタフライ,男子,,,,,,75～79歳,6,内田幸稔,男子,セ・松戸,22.81,,,,,,,,,18.36,14.54,,1/2
886,74,2023,5,14,短水路,個人,12,25mバタフライ,男子,,,,,,70～74歳,1,嶋崎昭夫,男子,セ・西東京,16.31,,,,,,,,,15.65,13.83,,2/4
887,74,2023,5,14,短水路,個人,12,25mバタフライ,男子,,,,,,70～74歳,2,香川左近,男子,セ・二俣川,18.02,,,,,,,,,15.65,13.83,,2/3
888,74,2023,5,14,短水路,個人,12,25mバタフライ,男子,,,,,,70～74歳,3,大谷修司,男子,セ・館山,18.73,,,,,,,,,15.65,13.83,,2/7
889,74,2023,5,14,短水路,個人,12,25mバタフライ,男子,,,,,,70～74歳,4,山田幸男,男子,セ・南千住,20.46,,,,,,,,,15.65,13.83,,2/2
890,74,2023,5,14,短水路,個人,12,25mバタフライ,男子,,,,,,70～74歳,5,梅村潔,男子,セ・茂原,21.05,,,,,,,,,15.65,13.83,,2/1
891,74,2023,5,14,短水路,個人,12,25mバタフライ,男子,,,,,,70～74歳,6,幡場達明,男子,セ・大宮宮原,22.54,,,,,,,,,15.65,13.83,,2/6
892,74,2023,5,14,短水路,個人,12,25mバタフライ,男子,,,,,,70～74歳,7,大和田昌孝,男子,セ・青砥,23.22,,,,,,,,,15.65,13.83,,2/5
893,74,2023,5,14,短水路,個人,12,25mバタフライ,男子,,,,,,70～74歳,8,直井幹雄,男子,セ・流山,28.48,,,,,,,,,15.65,13.83,,3/1
894,74,2023,5,14,短水路,個人,12,25mバタフライ,男子,,,,,,70～74歳,9,髙橋修一,男子,セ・我孫子,28.93,,,,,,,,,15.65,13.83,,3/8
895,74,2023,5,14,短水路,個人,12,25mバタフライ,男子,,,,,,65～69歳,1,茂木和哉,男子,セ・市ヶ尾,17.53,,,,,,,,,15.10,13.32,,3/4
896,74,2023,5,14,短水路,個人,12,25mバタフライ,男子,,,,,,65～69歳,2,岡田博之,男子,セ・流山,17.61,,,,,,,,,15.10,13.32,,3/5
897,74,2023,5,14,短水路,個人,12,25mバタフライ,男子,,,,,,65～69歳,3,仲宇佐隆一,男子,セ・横浜,17.91,,,,,,,,,15.10,13.32,,3/7
898,74,2023,5,14,短水路,個人,12,25mバタフライ,男子,,,,,,65～69歳,4,渡辺正俊,男子,セ・流山,17.93,,,,,,,,,15.10,13.32,,3/2
899,74,2023,5,14,短水路,個人,12,25mバタフライ,男子,,,,,,65～69歳,5,鈴木義夫,男子,セ・越谷,19.58,,,,,,,,,15.10,13.32,,3/6
900,74,2023,5,14,短水路,個人,12,25mバタフライ,男子,,,,,,65～69歳,6,前川敏夫,男子,セ・清瀬,21.54,,,,,,,,,15.10,13.32,,3/3
901,74,2023,5,14,短水路,個人,12,25mバタフライ,男子,,,,,,60～64歳,1,樱田武也,男子,セ・自由が丘,13.34,,,,,,,,TRUE,13.93,12.96,,5/4
902,74,2023,5,14,短水路,個人,12,25mバタフライ,男子,,,,,,60～64歳,2,渡部佳彦,男子,セ・市川,14.10,,,,,,,,,13.93,12.96,,5/3
903,74,2023,5,14,短水路,個人,12,25mバタフライ,男子,,,,,,60～64歳,3,安田洋一郎,男子,セ・八千代台,14.19,,,,,,,,,13.93,12.96,,5/5
904,74,2023,5,14,短水路,個人,12,25mバタフライ,男子,,,,,,60～64歳,4,和田浩一,男子,セ・用賀,14.80,,,,,,,,,13.93,12.96,,5/6
905,74,2023,5,14,短水路,個人,12,25mバタフライ,男子,,,,,,60～64歳,5,大塚克,男子,セ・市川,15.59,,,,,,,,,13.93,12.96,,5/7
906,74,2023,5,14,短水路,個人,12,25mバタフライ,男子,,,,,,60～64歳,6,海辺信吉,男子,セ・おおたか,15.61,,,,,,,,,13.93,12.96,,5/8
907,74,2023,5,14,短水路,個人,12,25mバタフライ,男子,,,,,,60～64歳,7,藤田万之葉,男子,セ・目黒,16.04,,,,,,,,,13.93,12.96,,5/2
908,74,2023,5,14,短水路,個人,12,25mバタフライ,男子,,,,,,60～64歳,8,會田修一,男子,セ・おおたか,16.70,,,,,,,,,13.93,12.96,,5/1
909,74,2023,5,14,短水路,個人,12,25mバタフライ,男子,,,,,,60～64歳,9,丸山恵太,男子,セ・成城,16.80,,,,,,,,,13.93,12.96,,4/4
910,74,2023,5,14,短水路,個人,12,25mバタフライ,男子,,,,,,60～64歳,10,竹内新,男子,墨田区体育館,18.13,,,,,,,,,13.93,12.96,,4/3
911,74,2023,5,14,短水路,個人,12,25mバタフライ,男子,,,,,,60～64歳,11,山本勝,男子,セ・慶應日吉,22.47,,,,,,,,,13.93,12.96,,4/6
912,74,2023,5,14,短水路,個人,12,25mバタフライ,男子,,,,,,60～64歳,12,岡部浩次,男子,セ・上池袋,22.94,,,,,,,,,13.93,12.96,,4/5
913,74,2023,5,14,短水路,個人,12,25mバタフライ,男子,,,,,,55～59歳,1,小倉秀和,男子,セ・清瀬,14.04,,,,,,,,,13.11,12.22,,6/5
914,74,2023,5,14,短水路,個人,12,25mバタフライ,男子,,,,,,55～59歳,2,渡辺保,男子,セ・二俣川,14.10,,,,,,,,,13.11,12.22,,6/4
915,74,2023,5,14,短水路,個人,12,25mバタフライ,男子,,,,,,55～59歳,3,古野間孝,男子,セ・亀有,14.37,,,,,,,,,13.11,12.22,,6/3
916,74,2023,5,14,短水路,個人,12,25mバタフライ,男子,,,,,,55～59歳,4,廣本佳也,男子,セ・上池袋,15.11,,,,,,,,,13.11,12.22,,6/1
917,74,2023,5,14,短水路,個人,12,25mバタフライ,男子,,,,,,55～59歳,5,田中基幹,男子,セ・流山,15.84,,,,,,,,,13.11,12.22,,6/8
918,74,2023,5,14,短水路,個人,12,25mバタフライ,男子,,,,,,55～59歳,6,田村好弘,男子,セ・阿佐谷,16.27,,,,,,,,,13.11,12.22,,6/6
919,74,2023,5,14,短水路,個人,12,25mバタフライ,男子,,,,,,55～59歳,7,楊華,男子,ザパス鶴見,16.69,,,,,,,,,13.11,12.22,,6/7
920,74,2023,5,14,短水路,個人,12,25mバタフライ,男子,,,,,,55～59歳,8,浦田昌和,男子,セ・成城,16.92,,,,,,,,,13.11,12.22,,6/2
921,74,2023,5,14,短水路,個人,12,25mバタフライ,男子,,,,,,55～59歳,9,高橋潤,男子,セ・成瀬,20.01,,,,,,,,,13.11,12.22,,7/6
922,74,2023,5,14,短水路,個人,12,25mバタフライ,男子,,,,,,55～59歳,,増渕毅,男子,セ・トレッサ,,,,,,,,,,13.11,12.22,,7/2
923,74,2023,5,14,短水路,個人,12,25mバタフライ,男子,,,,,,50～54歳,1,矢下英明,男子,セ・用賀,13.39,,,,,,,,,12.80,11.39,,8/5
924,74,2023,5,14,短水路,個人,12,25mバタフライ,男子,,,,,,50～54歳,2,池本晃,男子,セ・用賀,14.46,,,,,,,,,12.80,11.39,,7/4
925,74,2023,5,14,短水路,個人,12,25mバタフライ,男子,,,,,,50～54歳,3,塚越有宏,男子,セ・市ヶ尾,15.04,,,,,,,,,12.80,11.39,,7/3
926,74,2023,5,14,短水路,個人,12,25mバタフライ,男子,,,,,,50～54歳,4,原田真,男子,セ・葛西,15.24,,,,,,,,,12.80,11.39,,7/5
927,74,2023,5,14,短水路,個人,12,25mバタフライ,男子,,,,,,50～54歳,5,横溝和功,男子,セ・下北沢,21.81,,,,,,,,,12.80,11.39,,7/7
928,74,2023,5,14,短水路,個人,12,25mバタフライ,男子,,,,,,50～54歳,6,岩本穣,男子,セ・青砥,31.33,,,,,,,,,12.80,11.39,,7/8
929,74,2023,5,14,短水路,個人,12,25mバタフライ,男子,,,,,,45～49歳,1,井口暢彦,男子,セ・成城,12.31,,,,,,,,TRUE,12.46,11.22,,8/4
930,74,2023,5,14,短水路,個人,12,25mバタフライ,男子,,,,,,45～49歳,2,永瀬知之,男子,セ・二俣川,13.13,,,,,,,,,12.46,11.22,,8/3
931,74,2023,5,14,短水路,個人,12,25mバタフライ,男子,,,,,,45～49歳,3,大川明徳,男子,セ・阿佐谷,16.03,,,,,,,,,12.46,11.22,,8/6
932,74,2023,5,14,短水路,個人,12,25mバタフライ,男子,,,,,,40～44歳,1,鶴谷学,男子,セ・二俣川,11.76,,,,,,,,TRUE,11.81,11.25,,9/4
933,74,2023,5,14,短水路,個人,12,25mバタフライ,男子,,,,,,40～44歳,2,阪田高士,男子,セ・茂原,13.63,,,,,,,,,11.81,11.25,,9/2
934,74,2023,5,14,短水路,個人,12,25mバタフライ,男子,,,,,,40～44歳,3,山岡政陽,男子,セ・成瀬,13.68,,,,,,,,,11.81,11.25,,9/6
935,74,2023,5,14,短水路,個人,12,25mバタフライ,男子,,,,,,40～44歳,4,宇佐美学,男子,セ・大森,16.32,,,,,,,,,11.81,11.25,,8/1
936,74,2023,5,14,短水路,個人,12,25mバタフライ,男子,,,,,,40～44歳,5,小田島丈典,男子,セ・福生,16.52,,,,,,,,,11.81,11.25,,9/8
937,74,2023,5,14,短水路,個人,12,25mバタフライ,男子,,,,,,40～44歳,6,村上欣也,男子,セ・トレッサ,16.85,,,,,,,,,11.81,11.25,,8/2
938,74,2023,5,14,短水路,個人,12,25mバタフライ,男子,,,,,,35～39歳,1,酒井駿,男子,セ・二俣川,12.09,,,,,,,,,12.03,10.75,,9/5
939,74,2023,5,14,短水路,個人,12,25mバタフライ,男子,,,,,,35～39歳,2,佐野充,男子,セ・阿佐谷,12.73,,,,,,,,,12.03,10.75,,9/3
940,74,2023,5,14,短水路,個人,12,25mバタフライ,男子,,,,,,35～39歳,3,榊原豪,男子,セ・上池袋,14.26,,,,,,,,,12.03,10.75,,9/1
941,74,2023,5,14,短水路,個人,12,25mバタフライ,男子,,,,,,30～34歳,1,河野大和,男子,ザパス川崎,13.17,,,,,,,,,11.98,10.68,,10/6
942,74,2023,5,14,短水路,個人,12,25mバタフライ,男子,,,,,,30～34歳,2,渡部慎也,男子,セ・大森,13.87,,,,,,,,,11.98,10.68,,9/7
943,74,2023,5,14,短水路,個人,12,25mバタフライ,男子,,,,,,30～34歳,2,高橋大輝,男子,セ・用賀,13.87,,,,,,,,,11.98,10.68,,10/3
944,74,2023,5,14,短水路,個人,12,25mバタフライ,男子,,,,,,25～29歳,1,濱中翔太,男子,セ・慶應日吉,12.38,,,,,,,,,11.03,10.52,,10/2
945,74,2023,5,14,短水路,個人,12,25mバタフライ,男子,,,,,,25～29歳,2,舘澤卓,男子,セ・溝ノ口,12.56,,,,,,,,,11.03,10.52,,10/5
946,74,2023,5,14,短水路,個人,12,25mバタフライ,男子,,,,,,25～29歳,3,山本和季,男子,セ・二俣川,15.05,,,,,,,,,11.03,10.52,,10/7
947,74,2023,5,14,短水路,個人,12,25mバタフライ,男子,,,,,,25～29歳,4,大野淳哉,男子,セ・上池袋,15.61,,,,,,,,,11.03,10.52,,10/8
948,74,2023,5,14,短水路,個人,12,25mバタフライ,男子,,,,,,18～24歳,1,青木海斗,男子,セ・用賀,13.60,,,,,,,,,10.59,10.73,,10/1
949,74,2023,5,14,短水路,個人,13,200m自由形,女子,,,,,,85～89歳,1,木澤果子,女子,セ・柏,3:57.26,,,,,,,,,,3:46.77,3:12.66,1/4
950,74,2023,5,14,短水路,個人,13,200m自由形,女子,,,,,,85～89歳,2,森川タエ子,女子,セ・我孫子,4:24.46,,,,,,,,,,3:46.77,3:12.66,1/8
951,74,2023,5,14,短水路,個人,13,200m自由形,女子,,,,,,85～89歳,3,熊谷一枝,女子,セ・天王洲,4:30.65,,,,,,,,,,3:46.77,3:12.66,1/1
952,74,2023,5,14,短水路,個人,13,200m自由形,女子,,,,,,80～84歳,1,田神洋子,女子,セ・トレッサ,4:23.14,,,,,,,,,4:06.09,3:00.43,3:00.43,1/3
953,74,2023,5,14,短水路,個人,13,200m自由形,女子,,,,,,75～79歳,1,竹原君枝,女子,セ・慶應日吉,3:41.74,,,,,,,,,3:28.29,2:51.65,2:51.46,3/1
954,74,2023,5,14,短水路,個人,13,200m自由形,女子,,,,,,75～79歳,2,馬場悦子,女子,セ・清瀬,3:51.58,,,,,,,,,3:28.29,2:51.65,2:51.46,2/6
955,74,2023,5,14,短水路,個人,13,200m自由形,女子,,,,,,75～79歳,3,後藤久美子,女子,セ・戸塚,4:15.40,,,,,,,,,3:28.29,2:51.65,2:51.46,1/6
956,74,2023,5,14,短水路,個人,13,200m自由形,女子,,,,,,75～79歳,4,安部澄子,女子,セ・我孫子,4:45.19,,,,,,,,,3:28.29,2:51.65,2:51.46,1/2
957,74,2023,5,14,短水路,個人,13,200m自由形,女子,,,,,,70～74歳,1,中平信子,女子,セ・成瀬,3:06.39,,,,,,,,,3:01.88,2:44.70,2:27.89,5/6
958,74,2023,5,14,短水路,個人,13,200m自由形,女子,,,,,,70～74歳,2,舛尾妃呂子,女子,セ・稲毛海岸,3:27.13,,,,,,,,,3:01.88,2:44.70,2:27.89,2/5
959,74,2023,5,14,短水路,個人,13,200m自由形,女子,,,,,,70～74歳,3,長野愛子,女子,セ・柏,3:37.77,,,,,,,,,3:01.88,2:44.70,2:27.89,3/8
960,74,2023,5,14,短水路,個人,13,200m自由形,女子,,,,,,70～74歳,4,大熊正子,女子,セ・桶川北本,3:49.00,,,,,,,,,3:01.88,2:44.70,2:27.89,2/2
961,74,2023,5,14,短水路,個人,13,200m自由形,女子,,,,,,70～74歳,5,菅井道子,女子,セ・戸塚,3:51.62,,,,,,,,,3:01.88,2:44.70,2:27.89,2/4
962,74,2023,5,14,短水路,個人,13,200m自由形,女子,,,,,,70～74歳,6,宮内佳代子,女子,セ・トレッサ,3:54.84,,,,,,,,,3:01.88,2:44.70,2:27.89,2/3
963,74,2023,5,14,短水路,個人,13,200m自由形,女子,,,,,,65～69歳,1,菅野泰子,女子,セ・松戸,2:49.62,,,,,,,,TRUE,2:59.22,2:40.06,2:23.26,7/2
964,74,2023,5,14,短水路,個人,13,200m自由形,女子,,,,,,65～69歳,2,山崎京子,女子,セ・横浜,3:12.52,,,,,,,,,2:59.22,2:40.06,2:23.26,5/5
965,74,2023,5,14,短水路,個人,13,200m自由形,女子,,,,,,65～69歳,3,鈴木公江,女子,セ・千葉みなと,3:13.64,,,,,,,,,2:59.22,2:40.06,2:23.26,4/5
966,74,2023,5,14,短水路,個人,13,200m自由形,女子,,,,,,65～69歳,4,森谷登志江,女子,セ・慶應日吉,3:16.61,,,,,,,,,2:59.22,2:40.06,2:23.26,5/2
967,74,2023,5,14,短水路,個人,13,200m自由形,女子,,,,,,65～69歳,5,青砥美智子,女子,セ・葛西,3:24.58,,,,,,,,,2:59.22,2:40.06,2:23.26,3/5
968,74,2023,5,14,短水路,個人,13,200m自由形,女子,,,,,,65～69歳,6,日和久美子,女子,セ・戸塚,3:28.09,,,,,,,,,2:59.22,2:40.06,2:23.26,3/4
969,74,2023,5,14,短水路,個人,13,200m自由形,女子,,,,,,65～69歳,7,藤代由美子,女子,セ・長沼,3:28.11,,,,,,,,,2:59.22,2:40.06,2:23.26,4/7
970,74,2023,5,14,短水路,個人,13,200m自由形,女子,,,,,,65～69歳,8,菅和江,女子,セ・戸塚,3:37.51,,,,,,,,,2:59.22,2:40.06,2:23.26,1/5
971,74,2023,5,14,短水路,個人,13,200m自由形,女子,,,,,,65～69歳,9,高橋眞弓,女子,セ・おおたか,4:10.02,,,,,,,,,2:59.22,2:40.06,2:23.26,2/1
972,74,2023,5,14,短水路,個人,13,200m自由形,女子,,,,,,60～64歳,1,高松早智子,女子,セ・南宇都宮,3:10.33,,,,,,,,,2:31.13,2:30.91,2:15.93,4/3
973,74,2023,5,14,短水路,個人,13,200m自由形,女子,,,,,,60～64歳,2,育村博子,女子,セ・おおたか,3:13.67,,,,,,,,,2:31.13,2:30.91,2:15.93,4/4
974,74,2023,5,14,短水路,個人,13,200m自由形,女子,,,,,,60～64歳,3,野崎由美子,女子,セ・おおたか,3:21.45,,,,,,,,,2:31.13,2:30.91,2:15.93,5/3
975,74,2023,5,14,短水路,個人,13,200m自由形,女子,,,,,,60～64歳,4,盛田真規子,女子,セ・二俣川,3:23.67,,,,,,,,,2:31.13,2:30.91,2:15.93,5/8
976,74,2023,5,14,短水路,個人,13,200m自由形,女子,,,,,,60～64歳,5,久松葉子,女子,セ・成瀬,3:25.87,,,,,,,,,2:31.13,2:30.91,2:15.93,4/6
977,74,2023,5,14,短水路,個人,13,200m自由形,女子,,,,,,60～64歳,6,古宇田淳子,女子,セ・南千住,3:29.04,,,,,,,,,2:31.13,2:30.91,2:15.93,4/1
978,74,2023,5,14,短水路,個人,13,200m自由形,女子,,,,,,60～64歳,7,桐沢ひとみ,女子,セ・大森,3:45.78,,,,,,,,,2:31.13,2:30.91,2:15.93,3/6
979,74,2023,5,14,短水路,個人,13,200m自由形,女子,,,,,,60～64歳,8,大西和子,女子,セ・天王洲,4:36.46,,,,,,,,,2:31.13,2:30.91,2:15.93,1/7
980,74,2023,5,14,短水路,個人,13,200m自由形,女子,,,,,,55～59歳,1,仲田久美子,女子,セ・成城,2:51.49,,,,,,,,,2:27.59,2:22.47,2:13.58,6/4
981,74,2023,5,14,短水路,個人,13,200m自由形,女子,,,,,,55～59歳,2,宮内麻里,女子,曽谷・セ,3:18.57,,,,,,,,,2:27.59,2:22.47,2:13.58,4/2
982,74,2023,5,14,短水路,個人,13,200m自由形,女子,,,,,,55～59歳,3,棚橋悦子,女子,セ・自由が丘,3:30.50,,,,,,,,,2:27.59,2:22.47,2:13.58,3/7
983,74,2023,5,14,短水路,個人,13,200m自由形,女子,,,,,,55～59歳,4,長田寿江,女子,セ・上池袋,3:33.53,,,,,,,,,2:27.59,2:22.47,2:13.58,3/2
984,74,2023,5,14,短水路,個人,13,200m自由形,女子,,,,,,55～59歳,5,佐々木夕子,女子,セ・市ヶ尾,3:55.32,,,,,,,,,2:27.59,2:22.47,2:13.58,2/7
985,74,2023,5,14,短水路,個人,13,200m自由形,女子,,,,,,55～59歳,,生田目則子,女子,セ・自由が丘,,,,,,,,,,2:27.59,2:22.47,2:13.58,6/3
986,74,2023,5,14,短水路,個人,13,200m自由形,女子,,,,,,50～54歳,1,広瀬百合香,女子,セ・戸塚,2:33.99,,,,,,,,,2:25.23,2:16.85,2:10.72,8/1
987,74,2023,5,14,短水路,個人,13,200m自由形,女子,,,,,,50～54歳,2,大川晴美,女子,セ・成城,2:38.76,,,,,,,,,2:25.23,2:16.85,2:10.72,7/3
988,74,2023,5,14,短水路,個人,13,200m自由形,女子,,,,,,50～54歳,3,年岡仁美,女子,セ・千葉みなと,2:46.26,,,,,,,,,2:25.23,2:16.85,2:10.72,7/6
989,74,2023,5,14,短水路,個人,13,200m自由形,女子,,,,,,50～54歳,4,成島志雅子,女子,セ・Ｆ宇都宮,3:00.39,,,,,,,,,2:25.23,2:16.85,2:10.72,5/4
990,74,2023,5,14,短水路,個人,13,200m自由形,女子,,,,,,50～54歳,5,比留川美緒,女子,セ・平塚,3:03.25,,,,,,,,,2:25.23,2:16.85,2:10.72,6/8
991,74,2023,5,14,短水路,個人,13,200m自由形,女子,,,,,,50～54歳,6,森信子,女子,セ・大森,3:28.07,,,,,,,,,2:25.23,2:16.85,2:10.72,3/3
992,74,2023,5,14,短水路,個人,13,200m自由形,女子,,,,,,50～54歳,7,松川律子,女子,セ・二俣川,3:30.50,,,,,,,,,2:25.23,2:16.85,2:10.72,5/7
993,74,2023,5,14,短水路,個人,13,200m自由形,女子,,,,,,45～49歳,1,草野茜,女子,セ・二俣川,2:49.65,,,,,,,,,2:27.17,2:14.77,2:05.94,7/7
994,74,2023,5,14,短水路,個人,13,200m自由形,女子,,,,,,45～49歳,2,兵頭和子,女子,セ・成瀬,2:50.52,,,,,,,,,2:27.17,2:14.77,2:05.94,7/5
995,74,2023,5,14,短水路,個人,13,200m自由形,女子,,,,,,45～49歳,3,森直子,女子,セ・成城,3:02.26,,,,,,,,,2:27.17,2:14.77,2:05.94,6/6
996,74,2023,5,14,短水路,個人,13,200m自由形,女子,,,,,,45～49歳,4,吉池奈々,女子,セ・二俣川,3:02.33,,,,,,,,,2:27.17,2:14.77,2:05.94,6/2
997,74,2023,5,14,短水路,個人,13,200m自由形,女子,,,,,,45～49歳,5,赤坂恵美子,女子,セ・志木,3:39.04,,,,,,,,,2:27.17,2:14.77,2:05.94,2/8
998,74,2023,5,14,短水路,個人,13,200m自由形,女子,,,,,,40～44歳,1,吉村華余,女子,セ・長津田,2:22.27,,,,,,,,TRUE,2:22.82,2:11.70,2:05.26,8/3
999,74,2023,5,14,短水路,個人,13,200m自由形,女子,,,,,,40～44歳,2,久保かおり,女子,セ・長津田,3:05.09,,,,,,,,,2:22.82,2:11.70,2:05.26,6/1
1000,74,2023,5,14,短水路,個人,13,200m自由形,女子,,,,,,40～44歳,3,前田由希映,女子,セ・二俣川,3:13.97,,,,,,,,,2:22.82,2:11.70,2:05.26,5/1
1001,74,2023,5,14,短水路,個人,13,200m自由形,女子,,,,,,35～39歳,1,吉原望美,女子,セ・阿佐谷,2:29.13,,,,,,,,,2:12.54,2:03.12,2:03.12,8/7
1002,74,2023,5,14,短水路,個人,13,200m自由形,女子,,,,,,30～34歳,1,長谷川恵,女子,セ・阿佐谷,2:29.23,,,,,,,,,2:18.68,2:02.60,2:00.73,8/8
1003,74,2023,5,14,短水路,個人,13,200m自由形,女子,,,,,,25～29歳,1,志賀菜々美,女子,セ・二俣川,2:20.95,,,,,,,,,2:08.31,1:59.61,1:59.39,8/6
1004,74,2023,5,14,短水路,個人,13,200m自由形,女子,,,,,,25～29歳,2,宍戸萌,女子,セ・長津田,2:21.98,,,,,,,,,2:08.31,1:59.61,1:59.39,8/5
1005,74,2023,5,14,短水路,個人,13,200m自由形,女子,,,,,,25～29歳,3,嶋田菜々子,女子,セ・おおたか,2:26.09,,,,,,,,,2:08.31,1:59.61,1:59.39,7/1
1006,74,2023,5,14,短水路,個人,13,200m自由形,女子,,,,,,18～24歳,1,渡辺美楓,女子,セ・谷津,2:13.87,,,,,,,,TRUE,2:14.80,2:03.90,,8/4
1007,74,2023,5,14,短水路,個人,13,200m自由形,女子,,,,,,18～24歳,2,岩倉柚,女子,セ・二俣川,2:22.94,,,,,,,,,2:14.80,2:03.90,,8/2
1008,74,2023,5,14,短水路,個人,13,200m自由形,女子,,,,,,18～24歳,3,西澤瑛倫,女子,セ・越谷,2:27.96,,,,,,,,,2:14.80,2:03.90,,7/4
1009,74,2023,5,14,短水路,個人,14,200m自由形,男子,,,,,,85～89歳,1,川本剛,男子,セ・長沼,3:25.82,,,,,,,,TRUE,4:48.32,3:08.23,2:55.35,1/5
1010,74,2023,5,14,短水路,個人,14,200m自由形,男子,,,,,,80～84歳,1,井上隆史,男子,セ・市ヶ尾,3:28.86,,,,,,,,,3:22.52,2:44.88,2:38.25,2/2
1011,74,2023,5,14,短水路,個人,14,200m自由形,男子,,,,,,75～79歳,1,大内洋,男子,セ・葛西,3:38.49,,,,,,,,,2:48.14,2:32.00,2:26.94,1/2
1012,74,2023,5,14,短水路,個人,14,200m自由形,男子,,,,,,75～79歳,2,栗原猛,男子,セ・館山,3:49.98,,,,,,,,,2:48.14,2:32.00,2:26.94,1/8
1013,74,2023,5,14,短水路,個人,14,200m自由形,男子,,,,,,75～79歳,,藤岡和男,男子,セ・流山,,,,,,,,,,2:48.14,2:32.00,2:26.94,1/3
1014,74,2023,5,14,短水路,個人,14,200m自由形,男子,,,,,,70～74歳,1,亀田一暦,男子,セ・東戸塚,2:50.45,,,,,,,,,2:38.62,2:27.28,2:10.97,4/7
1015,74,2023,5,14,短水路,個人,14,200m自由形,男子,,,,,,70～74歳,2,若宮強,男子,セ・成城,2:52.79,,,,,,,,,2:38.62,2:27.28,2:10.97,3/2
1016,74,2023,5,14,短水路,個人,14,200m自由形,男子,,,,,,65～69歳,1,柏木治久,男子,セ・成瀬,2:50.96,,,,,,,,,2:21.06,2:15.69,2:07.46,3/3
1017,74,2023,5,14,短水路,個人,14,200m自由形,男子,,,,,,65～69歳,2,井上昌臣,男子,セ・西東京,2:54.19,,,,,,,,,2:21.06,2:15.69,2:07.46,3/7
1018,74,2023,5,14,短水路,個人,14,200m自由形,男子,,,,,,65～69歳,3,臼井全人,男子,セ・大宮宮原,3:06.87,,,,,,,,,2:21.06,2:15.69,2:07.46,2/3
1019,74,2023,5,14,短水路,個人,14,200m自由形,男子,,,,,,65～69歳,4,北川英介,男子,セ・慶應日吉,3:17.80,,,,,,,,,2:21.06,2:15.69,2:07.46,1/4
1020,74,2023,5,14,短水路,個人,14,200m自由形,男子,,,,,,65～69歳,5,森下善夫,男子,セ・大宮宮原,3:25.55,,,,,,,,,2:21.06,2:15.69,2:07.46,2/1
1021,74,2023,5,14,短水路,個人,14,200m自由形,男子,,,,,,65～69歳,6,飯沼明,男子,セ・長津田,3:34.95,,,,,,,,,2:21.06,2:15.69,2:07.46,2/8
1022,74,2023,5,14,短水路,個人,14,200m自由形,男子,,,,,,65～69歳,7,松下達一,男子,セ・成城,3:41.51,,,,,,,,,2:21.06,2:15.69,2:07.46,1/7
1023,74,2023,5,14,短水路,個人,14,200m自由形,男子,,,,,,60～64歳,1,菊池千二,男子,セ・市ヶ尾,2:22.86,,,,,,,,TRUE,2:24.65,2:13.45,2:01.65,3/4
1024,74,2023,5,14,短水路,個人,14,200m自由形,男子,,,,,,60～64歳,2,若島健二,男子,セ・二俣川,2:44.32,,,,,,,,,2:24.65,2:13.45,2:01.65,4/5
1025,74,2023,5,14,短水路,個人,14,200m自由形,男子,,,,,,60～64歳,3,山本和已,男子,セ・茂原,2:59.56,,,,,,,,,2:24.65,2:13.45,2:01.65,2/5
1026,74,2023,5,14,短水路,個人,14,200m自由形,男子,,,,,,60～64歳,4,金田雅之,男子,セ・能見台,3:03.63,,,,,,,,,2:24.65,2:13.45,2:01.65,2/4
1027,74,2023,5,14,短水路,個人,14,200m自由形,男子,,,,,,55～59歳,1,塚本幸治,男子,セ・千葉みなと,2:41.15,,,,,,,,,2:12.66,2:07.22,1:59.08,4/1
1028,74,2023,5,14,短水路,個人,14,200m自由形,男子,,,,,,55～59歳,2,近藤正之,男子,セ・上池袋,2:49.42,,,,,,,,,2:12.66,2:07.22,1:59.08,4/8
1029,74,2023,5,14,短水路,個人,14,200m自由形,男子,,,,,,55～59歳,3,荒井健一,男子,セ・西台,2:50.35,,,,,,,,,2:12.66,2:07.22,1:59.08,5/4
1030,74,2023,5,14,短水路,個人,14,200m自由形,男子,,,,,,55～59歳,4,谷川元,男子,セ・ときわ台,2:51.17,,,,,,,,,2:12.66,2:07.22,1:59.08,4/3
1031,74,2023,5,14,短水路,個人,14,200m自由形,男子,,,,,,55～59歳,5,水口隆史,男子,クリーンスパ,3:30.57,,,,,,,,,2:12.66,2:07.22,1:59.08,1/6
1032,74,2023,5,14,短水路,個人,14,200m自由形,男子,,,,,,50～54歳,1,八木周,男子,セ・能見台,2:24.65,,,,,,,,,2:07.63,2:00.32,1:54.61,5/5
1033,74,2023,5,14,短水路,個人,14,200m自由形,男子,,,,,,50～54歳,2,山田耕一,男子,セ・清瀬,2:28.78,,,,,,,,,2:07.63,2:00.32,1:54.61,6/5
1034,74,2023,5,14,短水路,個人,14,200m自由形,男子,,,,,,50～54歳,3,宮川則仁,男子,セ・大宮宮原,2:29.97,,,,,,,,,2:07.63,2:00.32,1:54.61,4/4
1035,74,2023,5,14,短水路,個人,14,200m自由形,男子,,,,,,50～54歳,4,西野宮冬木,男子,セ・長津田,2:30.28,,,,,,,,,2:07.63,2:00.32,1:54.61,5/2
1036,74,2023,5,14,短水路,個人,14,200m自由形,男子,,,,,,50～54歳,5,平田博之,男子,セ・ときわ台,2:33.73,,,,,,,,,2:07.63,2:00.32,1:54.61,6/4
1037,74,2023,5,14,短水路,個人,14,200m自由形,男子,,,,,,50～54歳,6,本間丈博,男子,セ・稲毛海岸,2:35.20,,,,,,,,,2:07.63,2:00.32,1:54.61,4/2
1038,74,2023,5,14,短水路,個人,14,200m自由形,男子,,,,,,50～54歳,7,北村洋一,男子,セ・大森,2:35.42,,,,,,,,,2:07.63,2:00.32,1:54.61,5/7
1039,74,2023,5,14,短水路,個人,14,200m自由形,男子,,,,,,50～54歳,8,岩崎明,男子,セ・前橋,2:42.28,,,,,,,,,2:07.63,2:00.32,1:54.61,5/6
1040,74,2023,5,14,短水路,個人,14,200m自由形,男子,,,,,,50～54歳,9,成島毅,男子,セ・Ｆ宇都宮,2:44.15,,,,,,,,,2:07.63,2:00.32,1:54.61,3/5
1041,74,2023,5,14,短水路,個人,14,200m自由形,男子,,,,,,50～54歳,10,加藤秀世,男子,セ・新三郷,2:49.24,,,,,,,,,2:07.63,2:00.32,1:54.61,6/3
1042,74,2023,5,14,短水路,個人,14,200m自由形,男子,,,,,,50～54歳,11,足立勝俊,男子,セ・市川,2:50.20,,,,,,,,,2:07.63,2:00.32,1:54.61,5/1
1043,74,2023,5,14,短水路,個人,14,200m自由形,男子,,,,,,50～54歳,12,温井芳浩,男子,セ・谷津,2:51.10,,,,,,,,,2:07.63,2:00.32,1:54.61,3/1
1044,74,2023,5,14,短水路,個人,14,200m自由形,男子,,,,,,50～54歳,13,大塚秀幸,男子,セ・慶應日吉,3:01.60,,,,,,,,,2:07.63,2:00.32,1:54.61,3/8
1045,74,2023,5,14,短水路,個人,14,200m自由形,男子,,,,,,45～49歳,1,永瀬知之,男子,セ・二俣川,2:11.17,,,,,,,,,2:03.86,1:53.35,1:52.87,8/2
1046,74,2023,5,14,短水路,個人,14,200m自由形,男子,,,,,,45～49歳,2,北川貴義,男子,セ・阿佐谷,2:12.57,,,,,,,,,2:03.86,1:53.35,1:52.87,8/7
1047,74,2023,5,14,短水路,個人,14,200m自由形,男子,,,,,,45～49歳,3,林辰典,男子,セ・阿佐谷,2:13.14,,,,,,,,,2:03.86,1:53.35,1:52.87,9/1
1048,74,2023,5,14,短水路,個人,14,200m自由形,男子,,,,,,45～49歳,4,中込孝之,男子,ザパス川崎,2:13.90,,,,,,,,,2:03.86,1:53.35,1:52.87,8/3
1049,74,2023,5,14,短水路,個人,14,200m自由形,男子,,,,,,45～49歳,5,石上智啓,男子,セ・二俣川,2:16.98,,,,,,,,,2:03.86,1:53.35,1:52.87,7/3
1050,74,2023,5,14,短水路,個人,14,200m自由形,男子,,,,,,45～49歳,6,関口義和,男子,セ・二俣川,2:18.12,,,,,,,,,2:03.86,1:53.35,1:52.87,7/4
1051,74,2023,5,14,短水路,個人,14,200m自由形,男子,,,,,,45～49歳,7,小室秀幸,男子,セ・八王子,2:18.82,,,,,,,,,2:03.86,1:53.35,1:52.87,6/6
1052,74,2023,5,14,短水路,個人,14,200m自由形,男子,,,,,,45～49歳,8,羽田浩一,男子,セ・成城,2:22.02,,,,,,,,,2:03.86,1:53.35,1:52.87,7/7
1053,74,2023,5,14,短水路,個人,14,200m自由形,男子,,,,,,45～49歳,9,古屋俊一,男子,セ・ときわ台,2:36.73,,,,,,,,,2:03.86,1:53.35,1:52.87,4/6
1054,74,2023,5,14,短水路,個人,14,200m自由形,男子,,,,,,45～49歳,10,改森将紀,男子,セ・千葉みなと,2:43.08,,,,,,,,,2:03.86,1:53.35,1:52.87,5/8
1055,74,2023,5,14,短水路,個人,14,200m自由形,男子,,,,,,40～44歳,1,矢作歩,男子,セ・長津田,2:15.33,,,,,,,,,2:02.33,1:55.00,1:50.08,8/6
1056,74,2023,5,14,短水路,個人,14,200m自由形,男子,,,,,,40～44歳,2,村上守,男子,セ・成城,2:21.79,,,,,,,,,2:02.33,1:55.00,1:50.08,7/1
1057,74,2023,5,14,短水路,個人,14,200m自由形,男子,,,,,,40～44歳,3,高瀬信雄,男子,ザパス川崎,2:43.92,,,,,,,,,2:02.33,1:55.00,1:50.08,6/2
1058,74,2023,5,14,短水路,個人,14,200m自由形,男子,,,,,,40～44歳,4,今村満,男子,セ・清瀬,2:48.65,,,,,,,,,2:02.33,1:55.00,1:50.08,3/6
1059,74,2023,5,14,短水路,個人,14,200m自由形,男子,,,,,,40～44歳,5,樱井直仁,男子,セ・清瀬,3:11.30,,,,,,,,,2:02.33,1:55.00,1:50.08,2/7
1060,74,2023,5,14,短水路,個人,14,200m自由形,男子,,,,,,35～39歳,1,前田康輔,男子,セ・二俣川,1:54.32,,,,,,,,TRUE,1:59.98,1:50.49,1:48.36,9/5
1061,74,2023,5,14,短水路,個人,14,200m自由形,男子,,,,,,35～39歳,2,前田崇行,男子,セ・二俣川,2:05.67,,,,,,,,,1:59.98,1:50.49,1:48.36,8/5
1062,74,2023,5,14,短水路,個人,14,200m自由形,男子,,,,,,35～39歳,3,岩本和也,男子,セ・志木,2:07.45,,,,,,,,,1:59.98,1:50.49,1:48.36,9/2
1063,74,2023,5,14,短水路,個人,14,200m自由形,男子,,,,,,35～39歳,4,椎本恭平,男子,セ・目黒,2:07.98,,,,,,,,,1:59.98,1:50.49,1:48.36,8/4
1064,74,2023,5,14,短水路,個人,14,200m自由形,男子,,,,,,35～39歳,5,石井将太,男子,セ・成瀬,2:09.54,,,,,,,,,1:59.98,1:50.49,1:48.36,8/1
1065,74,2023,5,14,短水路,個人,14,200m自由形,男子,,,,,,35～39歳,6,和田亮,男子,セ・阿佐谷,2:21.15,,,,,,,,,1:59.98,1:50.49,1:48.36,6/7
1066,74,2023,5,14,短水路,個人,14,200m自由形,男子,,,,,,30～34歳,1,新福留広貴,男子,セ・二俣川,2:18.04,,,,,,,,,1:55.82,1:50.98,1:46.12,6/1
1067,74,2023,5,14,短水路,個人,14,200m自由形,男子,,,,,,25～29歳,1,武藤光輝,男子,セ・前橋,2:03.14,,,,,,,,,1:53.27,1:48.95,1:44.90,9/6
1068,74,2023,5,14,短水路,個人,14,200m自由形,男子,,,,,,25～29歳,2,小野健,男子,セ・天王洲,2:10.02,,,,,,,,,1:53.27,1:48.95,1:44.90,8/8
1069,74,2023,5,14,短水路,個人,14,200m自由形,男子,,,,,,25～29歳,3,石井翔真,男子,セ・成城,2:19.77,,,,,,,,,1:53.27,1:48.95,1:44.90,6/8
1070,74,2023,5,14,短水路,個人,14,200m自由形,男子,,,,,,25～29歳,4,小沢征司,男子,セ・大宮宮原,2:36.17,,,,,,,,,1:53.27,1:48.95,1:44.90,2/6
1071,74,2023,5,14,短水路,個人,14,200m自由形,男子,,,,,,25～29歳,5,山本和季,男子,セ・二俣川,2:57.44,,,,,,,,,1:53.27,1:48.95,1:44.90,5/3
1072,74,2023,5,14,短水路,個人,14,200m自由形,男子,,,,,,18～24歳,1,山田健太,男子,セ・新都心,1:52.53,,,,,,,,TRUE,1:53.46,1:47.91,,9/3
1073,74,2023,5,14,短水路,個人,14,200m自由形,男子,,,,,,18～24歳,2,石田虎流,男子,セ・慶應日吉,1:54.71,,,,,,,,,1:53.46,1:47.91,,9/4
1074,74,2023,5,14,短水路,個人,14,200m自由形,男子,,,,,,18～24歳,3,荒井優吾,男子,セ・成瀬,2:04.43,,,,,,,,,1:53.46,1:47.91,,9/7
1075,74,2023,5,14,短水路,個人,14,200m自由形,男子,,,,,,18～24歳,4,只野克,男子,セ・谷津,2:09.05,,,,,,,,,1:53.46,1:47.91,,7/8
1076,74,2023,5,14,短水路,個人,14,200m自由形,男子,,,,,,18～24歳,5,山崎陸真,男子,セ・二俣川,2:12.45,,,,,,,,,1:53.46,1:47.91,,7/6
1077,74,2023,5,14,短水路,個人,14,200m自由形,男子,,,,,,18～24歳,6,重高良彦,男子,セ・能見台,2:22.02,,,,,,,,,1:53.46,1:47.91,,7/2
1078,74,2023,5,14,短水路,個人,21,50m平泳ぎ,女子,,,,,,85～89歳,1,上田寿美子,女子,セ・成城,1:09.24,,,,,,,,,,52.33,52.17,1/5
1079,74,2023,5,14,短水路,個人,21,50m平泳ぎ,女子,,,,,,80～84歳,1,宇田川京子,女子,セ・桶川北本,1:00.09,,,,,,,,,59.00,46.48,46.48,1/4
1080,74,2023,5,14,短水路,個人,21,50m平泳ぎ,女子,,,,,,80～84歳,2,手塚泰子,女子,セ・清瀬,1:05.35,,,,,,,,,59.00,46.48,46.48,1/6
1081,74,2023,5,14,短水路,個人,21,50m平泳ぎ,女子,,,,,,80～84歳,3,西川美恵子,女子,セ・蒲田,1:12.58,,,,,,,,,59.00,46.48,46.48,1/3
1082,74,2023,5,14,短水路,個人,21,50m平泳ぎ,女子,,,,,,75～79歳,1,鴨井敏子,女子,ザバス藤が丘,57.69,,,,,,,,,54.96,43.79,43.79,2/4
1083,74,2023,5,14,短水路,個人,21,50m平泳ぎ,女子,,,,,,75～79歳,2,佐藤由利子,女子,セ・用賀,58.68,,,,,,,,,54.96,43.79,43.79,2/5
1084,74,2023,5,14,短水路,個人,21,50m平泳ぎ,女子,,,,,,75～79歳,3,馬場悦子,女子,セ・清瀬,1:02.14,,,,,,,,,54.96,43.79,43.79,2/3
1085,74,2023,5,14,短水路,個人,21,50m平泳ぎ,女子,,,,,,75～79歳,4,大手佳江,女子,セ・南千住,1:04.11,,,,,,,,,54.96,43.79,43.79,2/6
1086,74,2023,5,14,短水路,個人,21,50m平泳ぎ,女子,,,,,,75～79歳,5,吉田三枝子,女子,墨田区体育館,1:06.46,,,,,,,,,54.96,43.79,43.79,2/1
1087,74,2023,5,14,短水路,個人,21,50m平泳ぎ,女子,,,,,,75～79歳,,西村咲喜子,女子,セ・志木,,,,,,,,,,54.96,43.79,43.79,2/8
1088,74,2023,5,14,短水路,個人,21,50m平泳ぎ,女子,,,,,,70～74歳,1,原嶋寿子,女子,セ・谷津,51.50,,,,,,,,,45.06,42.80,42.80,3/4
1089,74,2023,5,14,短水路,個人,21,50m平泳ぎ,女子,,,,,,70～74歳,2,栗林眞知子,女子,セ・成城,57.80,,,,,,,,,45.06,42.80,42.80,3/3
1090,74,2023,5,14,短水路,個人,21,50m平泳ぎ,女子,,,,,,70～74歳,3,伊藤秀子,女子,セ・我孫子,59.53,,,,,,,,,45.06,42.80,42.80,3/7
1091,74,2023,5,14,短水路,個人,21,50m平泳ぎ,女子,,,,,,70～74歳,4,矢島きよえ,女子,CS南行徳,1:02.07,,,,,,,,,45.06,42.80,42.80,3/1
1092,74,2023,5,14,短水路,個人,21,50m平泳ぎ,女子,,,,,,70～74歳,5,山村昌子,女子,セ・南千住,1:02.30,,,,,,,,,45.06,42.80,42.80,3/2
1093,74,2023,5,14,短水路,個人,21,50m平泳ぎ,女子,,,,,,70～74歳,6,末光とき子,女子,墨田区体育館,1:07.15,,,,,,,,,45.06,42.80,42.80,2/7
1094,74,2023,5,14,短水路,個人,21,50m平泳ぎ,女子,,,,,,70～74歳,7,吉見一江,女子,セ・二俣川,1:12.65,,,,,,,,,45.06,42.80,42.80,2/2
1095,74,2023,5,14,短水路,個人,21,50m平泳ぎ,女子,,,,,,65～69歳,1,米澤美智子,女子,セ・成瀬,46.97,,,,,,,,,44.00,40.90,38.90,4/5
1096,74,2023,5,14,短水路,個人,21,50m平泳ぎ,女子,,,,,,65～69歳,2,田代眞理子,女子,セ・成城,47.60,,,,,,,,,44.00,40.90,38.90,4/3
1097,74,2023,5,14,短水路,個人,21,50m平泳ぎ,女子,,,,,,65～69歳,3,武政ふく,女子,セ・松戸,47.71,,,,,,,,,44.00,40.90,38.90,4/4
1098,74,2023,5,14,短水路,個人,21,50m平泳ぎ,女子,,,,,,65～69歳,4,三枝堂かよ子,女子,セ・阿佐谷,50.87,,,,,,,,,44.00,40.90,38.90,4/6
1099,74,2023,5,14,短水路,個人,21,50m平泳ぎ,女子,,,,,,65～69歳,5,桜田琴,女子,セ・天王洲,52.93,,,,,,,,,44.00,40.90,38.90,4/7
1100,74,2023,5,14,短水路,個人,21,50m平泳ぎ,女子,,,,,,65～69歳,6,太田初美,女子,セ・越谷,52.97,,,,,,,,,44.00,40.90,38.90,4/2
1101,74,2023,5,14,短水路,個人,21,50m平泳ぎ,女子,,,,,,65～69歳,7,渡邉登美子,女子,セ・阿佐谷,59.38,,,,,,,,,44.00,40.90,38.90,4/1
1102,74,2023,5,14,短水路,個人,21,50m平泳ぎ,女子,,,,,,65～69歳,8,池田則子,女子,セ・松戸,1:03.54,,,,,,,,,44.00,40.90,38.90,4/8
1103,74,2023,5,14,短水路,個人,21,50m平泳ぎ,女子,,,,,,60～64歳,1,磯村由紀子,女子,セ・越谷,43.47,,,,,,,,,42.93,38.23,37.08,5/4
1104,74,2023,5,14,短水路,個人,21,50m平泳ぎ,女子,,,,,,60～64歳,2,伊藤ゆかり,女子,セ・成城,47.10,,,,,,,,,42.93,38.23,37.08,5/3
1105,74,2023,5,14,短水路,個人,21,50m平泳ぎ,女子,,,,,,60～64歳,3,小池理恵子,女子,セ・阿佐谷,48.06,,,,,,,,,42.93,38.23,37.08,5/6
1106,74,2023,5,14,短水路,個人,21,50m平泳ぎ,女子,,,,,,60～64歳,4,酒井寿美恵,女子,クリーンスパ,48.90,,,,,,,,,42.93,38.23,37.08,5/5
1107,74,2023,5,14,短水路,個人,21,50m平泳ぎ,女子,,,,,,60～64歳,5,増子保子,女子,セ・蘇我,52.73,,,,,,,,,42.93,38.23,37.08,5/2
1108,74,2023,5,14,短水路,個人,21,50m平泳ぎ,女子,,,,,,60～64歳,6,柳沢智子,女子,セ・成城,53.68,,,,,,,,,42.93,38.23,37.08,5/7
1109,74,2023,5,14,短水路,個人,21,50m平泳ぎ,女子,,,,,,60～64歳,7,石河久美子,女子,セ・溝ノ口,54.33,,,,,,,,,42.93,38.23,37.08,5/1
1110,74,2023,5,14,短水路,個人,21,50m平泳ぎ,女子,,,,,,60～64歳,8,上松弘子,女子,セ・上池袋,56.83,,,,,,,,,42.93,38.23,37.08,5/8
1111,74,2023,5,14,短水路,個人,21,50m平泳ぎ,女子,,,,,,60～64歳,9,近藤みゆき,女子,セ・阿佐谷,59.13,,,,,,,,,42.93,38.23,37.08,6/7
1112,74,2023,5,14,短水路,個人,21,50m平泳ぎ,女子,,,,,,60～64歳,10,奥野郁子,女子,セ・蘇我,59.95,,,,,,,,,42.93,38.23,37.08,6/1
1113,74,2023,5,14,短水路,個人,21,50m平泳ぎ,女子,,,,,,55～59歳,1,前畑章子,女子,セ・慶應日吉,42.39,,,,,,,,,39.69,37.14,35.15,7/5
1114,74,2023,5,14,短水路,個人,21,50m平泳ぎ,女子,,,,,,55～59歳,2,鈴木亜抄子,女子,セ・二俣川,42.87,,,,,,,,,39.69,37.14,35.15,7/4
1115,74,2023,5,14,短水路,個人,21,50m平泳ぎ,女子,,,,,,55～59歳,3,筍田智津子,女子,セ・湘南ＬＴ,44.45,,,,,,,,,39.69,37.14,35.15,7/6
1116,74,2023,5,14,短水路,個人,21,50m平泳ぎ,女子,,,,,,55～59歳,4,坂井慶子,女子,セ・大宮宮原,49.00,,,,,,,,,39.69,37.14,35.15,6/5
1117,74,2023,5,14,短水路,個人,21,50m平泳ぎ,女子,,,,,,55～59歳,5,小林名緒子,女子,セ・大森,50.88,,,,,,,,,39.69,37.14,35.15,6/3
1118,74,2023,5,14,短水路,個人,21,50m平泳ぎ,女子,,,,,,55～59歳,6,宗像里美,女子,セ・郡山,52.16,,,,,,,,,39.69,37.14,35.15,6/4
1119,74,2023,5,14,短水路,個人,21,50m平泳ぎ,女子,,,,,,55～59歳,7,鈴木夏実,女子,セ・慶應日吉,54.12,,,,,,,,,39.69,37.14,35.15,6/6
1120,74,2023,5,14,短水路,個人,21,50m平泳ぎ,女子,,,,,,55～59歳,8,黒川慶子,女子,セ・上池袋,1:05.96,,,,,,,,,39.69,37.14,35.15,6/8
1121,74,2023,5,14,短水路,個人,21,50m平泳ぎ,女子,,,,,,50～54歳,1,勝間田周子,女子,セ・湘南ＬＴ,39.96,,,,,,,,,39.47,36.21,33.96,8/4
1122,74,2023,5,14,短水路,個人,21,50m平泳ぎ,女子,,,,,,50～54歳,2,広瀬百合香,女子,セ・戸塚,41.19,,,,,,,,,39.47,36.21,33.96,8/5
1123,74,2023,5,14,短水路,個人,21,50m平泳ぎ,女子,,,,,,50～54歳,3,仲津真規子,女子,セ・新都心,41.95,,,,,,,,,39.47,36.21,33.96,8/6
1124,74,2023,5,14,短水路,個人,21,50m平泳ぎ,女子,,,,,,50～54歳,4,関本みすぎ,女子,セ・葛西,42.58,,,,,,,,,39.47,36.21,33.96,8/3
1125,74,2023,5,14,短水路,個人,21,50m平泳ぎ,女子,,,,,,50～54歳,5,大川晴美,女子,セ・成城,44.59,,,,,,,,,39.47,36.21,33.96,8/2
1126,74,2023,5,14,短水路,個人,21,50m平泳ぎ,女子,,,,,,50～54歳,6,白須靖子,女子,セ・市ヶ尾,44.82,,,,,,,,,39.47,36.21,33.96,8/1
1127,74,2023,5,14,短水路,個人,21,50m平泳ぎ,女子,,,,,,50～54歳,7,佐藤洋子,女子,セ・成城,45.67,,,,,,,,,39.47,36.21,33.96,8/7
1128,74,2023,5,14,短水路,個人,21,50m平泳ぎ,女子,,,,,,50～54歳,8,鶴岡美佐,女子,ザバス金沢八,46.06,,,,,,,,,39.47,36.21,33.96,8/8
1129,74,2023,5,14,短水路,個人,21,50m平泳ぎ,女子,,,,,,50～54歳,9,嶋谷いずみ,女子,セ・葛西,48.48,,,,,,,,,39.47,36.21,33.96,9/6
1130,74,2023,5,14,短水路,個人,21,50m平泳ぎ,女子,,,,,,50～54歳,10,谷村裕子,女子,セ・南青山,49.03,,,,,,,,,39.47,36.21,33.96,9/2
1131,74,2023,5,14,短水路,個人,21,50m平泳ぎ,女子,,,,,,50～54歳,11,沢本和歌子,女子,セ・新浦安,53.30,,,,,,,,,39.47,36.21,33.96,7/7
1132,74,2023,5,14,短水路,個人,21,50m平泳ぎ,女子,,,,,,50～54歳,12,多田美帆,女子,セ・清瀬,58.41,,,,,,,,,39.47,36.21,33.96,7/1
1133,74,2023,5,14,短水路,個人,21,50m平泳ぎ,女子,,,,,,45～49歳,1,片岡祥子,女子,セ・千葉みなと,36.44,,,,,,,,TRUE,38.16,34.05,33.01,9/4
1134,74,2023,5,14,短水路,個人,21,50m平泳ぎ,女子,,,,,,45～49歳,2,羽田文,女子,セ・成城,40.17,,,,,,,,,38.16,34.05,33.01,9/5
1135,74,2023,5,14,短水路,個人,21,50m平泳ぎ,女子,,,,,,45～49歳,3,加藤美保,女子,セ・上池袋,46.09,,,,,,,,,38.16,34.05,33.01,9/8
1136,74,2023,5,14,短水路,個人,21,50m平泳ぎ,女子,,,,,,45～49歳,4,石井佐和子,女子,セ・大森,47.30,,,,,,,,,38.16,34.05,33.01,9/3
1137,74,2023,5,14,短水路,個人,21,50m平泳ぎ,女子,,,,,,45～49歳,5,平林由美,女子,CS南行徳,50.53,,,,,,,,,38.16,34.05,33.01,9/1
1138,74,2023,5,14,短水路,個人,21,50m平泳ぎ,女子,,,,,,40～44歳,1,大矢麻衣子,女子,セ・用賀,37.48,,,,,,,,,37.30,34.01,32.16,10/4
1139,74,2023,5,14,短水路,個人,21,50m平泳ぎ,女子,,,,,,40～44歳,2,中村可奈子,女子,セ・おおたか,40.37,,,,,,,,,37.30,34.01,32.16,10/3
1140,74,2023,5,14,短水路,個人,21,50m平泳ぎ,女子,,,,,,40～44歳,3,髙橋奈津子,女子,セ・葛西,49.10,,,,,,,,,37.30,34.01,32.16,9/7
1141,74,2023,5,14,短水路,個人,21,50m平泳ぎ,女子,,,,,,35～39歳,1,大家萌実,女子,セ・用賀,42.20,,,,,,,,,36.36,31.87,31.25,10/2
1142,74,2023,5,14,短水路,個人,21,50m平泳ぎ,女子,,,,,,35～39歳,2,串田栄理子,女子,セ・南宇都宮,45.67,,,,,,,,,36.36,31.87,31.25,10/1
1143,74,2023,5,14,短水路,個人,21,50m平泳ぎ,女子,,,,,,35～39歳,3,谷岡千秋,女子,セ・用賀,50.64,,,,,,,,,36.36,31.87,31.25,10/8
1144,74,2023,5,14,短水路,個人,21,50m平泳ぎ,女子,,,,,,30～34歳,1,長谷川恵,女子,セ・阿佐谷,40.48,,,,,,,,,36.02,31.71,31.35,10/5
1145,74,2023,5,14,短水路,個人,21,50m平泳ぎ,女子,,,,,,30～34歳,2,深堀陽子,女子,セ・二俣川,41.48,,,,,,,,,36.02,31.71,31.35,10/6
1146,74,2023,5,14,短水路,個人,21,50m平泳ぎ,女子,,,,,,25～29歳,1,水上真衣,女子,セ・目黒,47.70,,,,,,,,,35.67,31.95,30.50,10/7
1147,74,2023,5,14,短水路,個人,22,50m平泳ぎ,男子,,,,,,80～84歳,1,立川育宏,男子,ザバス金沢八,51.48,,,,,,,,,48.69,41.42,41.42,1/3
1148,74,2023,5,14,短水路,個人,22,50m平泳ぎ,男子,,,,,,80～84歳,2,前多紀久雄,男子,セ・横浜,1:02.92,,,,,,,,,48.69,41.42,41.42,1/7
1149,74,2023,5,14,短水路,個人,22,50m平泳ぎ,男子,,,,,,80～84歳,3,池田道彦,男子,セ・南千住,1:03.22,,,,,,,,,48.69,41.42,41.42,1/1
1150,74,2023,5,14,短水路,個人,22,50m平泳ぎ,男子,,,,,,75～79歳,1,山口博,男子,セ・志木,52.74,,,,,,,,,41.74,39.04,36.78,1/6
1151,74,2023,5,14,短水路,個人,22,50m平泳ぎ,男子,,,,,,75～79歳,2,泉保央,男子,セ・慶應日吉,57.75,,,,,,,,,41.74,39.04,36.78,1/2
1152,74,2023,5,14,短水路,個人,22,50m平泳ぎ,男子,,,,,,70～74歳,1,亀田一麿,男子,セ・東戸塚,40.02,,,,,,,,TRUE,40.25,35.85,33.54,2/5
1153,74,2023,5,14,短水路,個人,22,50m平泳ぎ,男子,,,,,,70～74歳,2,吉村進,男子,セ・阿佐谷,40.60,,,,,,,,,40.25,35.85,33.54,2/4
1154,74,2023,5,14,短水路,個人,22,50m平泳ぎ,男子,,,,,,70～74歳,3,古川賢一郎,男子,ザバス川崎,47.80,,,,,,,,,40.25,35.85,33.54,2/2
1155,74,2023,5,14,短水路,個人,22,50m平泳ぎ,男子,,,,,,70～74歳,4,高附直樹,男子,セ・清瀬,48.33,,,,,,,,,40.25,35.85,33.54,2/6
1156,74,2023,5,14,短水路,個人,22,50m平泳ぎ,男子,,,,,,70～74歳,5,土屋久司,男子,セ・西東京,48.42,,,,,,,,,40.25,35.85,33.54,2/3
1157,74,2023,5,14,短水路,個人,22,50m平泳ぎ,男子,,,,,,70～74歳,6,綱島憲,男子,セ・用賀,49.23,,,,,,,,,40.25,35.85,33.54,2/7
1158,74,2023,5,14,短水路,個人,22,50m平泳ぎ,男子,,,,,,65～69歳,1,松田賢治,男子,セ・大宮宮原,40.08,,,,,,,,,38.67,33.86,32.50,3/4
1159,74,2023,5,14,短水路,個人,22,50m平泳ぎ,男子,,,,,,65～69歳,2,前川正,男子,セ・Ｆ東戸塚,42.37,,,,,,,,,38.67,33.86,32.50,3/5
1160,74,2023,5,14,短水路,個人,22,50m平泳ぎ,男子,,,,,,65～69歳,3,久保田紀之,男子,セ・本郷台,45.48,,,,,,,,,38.67,33.86,32.50,3/2
1161,74,2023,5,14,短水路,個人,22,50m平泳ぎ,男子,,,,,,65～69歳,4,安高祐三,男子,セ・越谷,45.73,,,,,,,,,38.67,33.86,32.50,3/6
1162,74,2023,5,14,短水路,個人,22,50m平泳ぎ,男子,,,,,,65～69歳,5,堀越雅之,男子,セ・慶應日吉,49.74,,,,,,,,,38.67,33.86,32.50,2/1
1163,74,2023,5,14,短水路,個人,22,50m平泳ぎ,男子,,,,,,65～69歳,6,成瀬道治,男子,セ・桶川北本,49.87,,,,,,,,,38.67,33.86,32.50,3/7
1164,74,2023,5,14,短水路,個人,22,50m平泳ぎ,男子,,,,,,65～69歳,7,阿部宏之助,男子,セ・上池袋,49.88,,,,,,,,,38.67,33.86,32.50,3/1
1165,74,2023,5,14,短水路,個人,22,50m平泳ぎ,男子,,,,,,65～69歳,8,田代裕一,男子,セ・ときわ台,51.40,,,,,,,,,38.67,33.86,32.50,3/8
1166,74,2023,5,14,短水路,個人,22,50m平泳ぎ,男子,,,,,,65～69歳,9,赤坂吉昭,男子,墨田区体育館,51.77,,,,,,,,,38.67,33.86,32.50,3/3
1167,74,2023,5,14,短水路,個人,22,50m平泳ぎ,男子,,,,,,60～64歳,1,橋本秀行,男子,セ・千葉みなと,33.20,,,,,,,,TRUE,37.45,32.62,31.51,4/4
1168,74,2023,5,14,短水路,個人,22,50m平泳ぎ,男子,,,,,,60～64歳,2,稲毛仁,男子,セ・松戸,38.83,,,,,,,,,37.45,32.62,31.51,4/5
1169,74,2023,5,14,短水路,個人,22,50m平泳ぎ,男子,,,,,,60～64歳,3,中村浩司,男子,セ・青砥,44.19,,,,,,,,,37.45,32.62,31.51,4/7
1170,74,2023,5,14,短水路,個人,22,50m平泳ぎ,男子,,,,,,60～64歳,4,中井岳郎,男子,セ・成城,46.63,,,,,,,,,37.45,32.62,31.51,4/6
1171,74,2023,5,14,短水路,個人,22,50m平泳ぎ,男子,,,,,,60～64歳,5,黒川恵一,男子,セ・市ヶ尾,46.76,,,,,,,,,37.45,32.62,31.51,4/3
1172,74,2023,5,14,短水路,個人,22,50m平泳ぎ,男子,,,,,,55～59歳,1,廣松伸一,男子,セ・市ヶ尾,36.07,,,,,,,,,31.89,30.55,29.22,5/4
1173,74,2023,5,14,短水路,個人,22,50m平泳ぎ,男子,,,,,,55～59歳,2,坂野照雄,男子,セ・越谷,36.19,,,,,,,,,31.89,30.55,29.22,5/5
1174,74,2023,5,14,短水路,個人,22,50m平泳ぎ,男子,,,,,,55～59歳,3,小宮山高之,男子,セ・市川,38.16,,,,,,,,,31.89,30.55,29.22,5/6
1175,74,2023,5,14,短水路,個人,22,50m平泳ぎ,男子,,,,,,55～59歳,4,江藤邦徳,男子,セ・越谷,39.22,,,,,,,,,31.89,30.55,29.22,5/8
1176,74,2023,5,14,短水路,個人,22,50m平泳ぎ,男子,,,,,,55～59歳,5,多田博之,男子,セ・清瀬,39.37,,,,,,,,,31.89,30.55,29.22,5/3
1177,74,2023,5,14,短水路,個人,22,50m平泳ぎ,男子,,,,,,55～59歳,6,楊華,男子,ザバス鶴見,39.61,,,,,,,,,31.89,30.55,29.22,5/2
1178,74,2023,5,14,短水路,個人,22,50m平泳ぎ,男子,,,,,,55～59歳,7,伊藤正二,男子,セ・大森,41.13,,,,,,,,,31.89,30.55,29.22,5/7
1179,74,2023,5,14,短水路,個人,22,50m平泳ぎ,男子,,,,,,55～59歳,8,北村勇,男子,セ・能見台,41.70,,,,,,,,,31.89,30.55,29.22,5/1
1180,74,2023,5,14,短水路,個人,22,50m平泳ぎ,男子,,,,,,55～59歳,,増渕毅,男子,セ・トレッサ,,,,,,,,,,31.89,30.55,29.22,6/3
1181,74,2023,5,14,短水路,個人,22,50m平泳ぎ,男子,,,,,,50～54歳,1,小森康弘,男子,セ・葛西,29.97,,,,,,,,TRUE,30.08,30.08,29.71,7/4
1182,74,2023,5,14,短水路,個人,22,50m平泳ぎ,男子,,,,,,50～54歳,2,石井龍,男子,セ・成城,34.33,,,,,,,,,30.08,30.08,29.71,7/5
1183,74,2023,5,14,短水路,個人,22,50m平泳ぎ,男子,,,,,,50～54歳,3,米田岳樹,男子,セ・蒲田,37.43,,,,,,,,,30.08,30.08,29.71,7/2
1184,74,2023,5,14,短水路,個人,22,50m平泳ぎ,男子,,,,,,50～54歳,4,祖川久茂,男子,セ・市ヶ尾,37.54,,,,,,,,,30.08,30.08,29.71,7/3
1185,74,2023,5,14,短水路,個人,22,50m平泳ぎ,男子,,,,,,50～54歳,5,大内貴史,男子,セ・福生,38.77,,,,,,,,,30.08,30.08,29.71,6/4
1186,74,2023,5,14,短水路,個人,22,50m平泳ぎ,男子,,,,,,50～54歳,6,山本英男,男子,セ・大宮宮原,39.50,,,,,,,,,30.08,30.08,29.71,6/5
1187,74,2023,5,14,短水路,個人,22,50m平泳ぎ,男子,,,,,,50～54歳,7,古高正道,男子,セ・天王洲,42.31,,,,,,,,,30.08,30.08,29.71,6/6
1188,74,2023,5,14,短水路,個人,22,50m平泳ぎ,男子,,,,,,50～54歳,8,穴田啓樹,男子,セ・慶應日吉,43.51,,,,,,,,,30.08,30.08,29.71,6/7
1189,74,2023,5,14,短水路,個人,22,50m平泳ぎ,男子,,,,,,50～54歳,9,落合理,男子,セ・武蔵小杉,44.62,,,,,,,,,30.08,30.08,29.71,6/2
1190,74,2023,5,14,短水路,個人,22,50m平泳ぎ,男子,,,,,,50～54歳,10,向山高弘,男子,セ・ときわ台,47.93,,,,,,,,,30.08,30.08,29.71,6/1
1191,74,2023,5,14,短水路,個人,22,50m平泳ぎ,男子,,,,,,45～49歳,1,吉岡範人,男子,セ・市ヶ尾,35.02,,,,,,,,,30.42,28.83,28.65,8/3
1192,74,2023,5,14,短水路,個人,22,50m平泳ぎ,男子,,,,,,45～49歳,2,佐々木茂倫,男子,セ・流山,36.99,,,,,,,,,30.42,28.83,28.65,7/6
1193,74,2023,5,14,短水路,個人,22,50m平泳ぎ,男子,,,,,,45～49歳,3,山岡裕和,男子,セ・ときわ台,38.22,,,,,,,,,30.42,28.83,28.65,7/7
1194,74,2023,5,14,短水路,個人,22,50m平泳ぎ,男子,,,,,,45～49歳,4,大沢祐輔,男子,セ・福生,38.64,,,,,,,,,30.42,28.83,28.65,7/1
1195,74,2023,5,14,短水路,個人,22,50m平泳ぎ,男子,,,,,,45～49歳,5,加藤大輔,男子,セ・横浜,45.27,,,,,,,,,30.42,28.83,28.65,7/8
1196,74,2023,5,14,短水路,個人,22,50m平泳ぎ,男子,,,,,,40～44歳,1,山賀竜馬,男子,セ・阿佐谷,32.00,,,,,,,,,29.27,28.06,28.06,8/4
1197,74,2023,5,14,短水路,個人,22,50m平泳ぎ,男子,,,,,,40～44歳,2,知見邦彦,男子,セ・二俣川,32.16,,,,,,,,,29.27,28.06,28.06,8/5
1198,74,2023,5,14,短水路,個人,22,50m平泳ぎ,男子,,,,,,40～44歳,3,菱川亮太,男子,セ・市ヶ尾,34.42,,,,,,,,,29.27,28.06,28.06,8/2
1199,74,2023,5,14,短水路,個人,22,50m平泳ぎ,男子,,,,,,40～44歳,4,矢作歩,男子,セ・長津田,36.77,,,,,,,,,29.27,28.06,28.06,8/6
1200,74,2023,5,14,短水路,個人,22,50m平泳ぎ,男子,,,,,,40～44歳,5,田子晃,男子,セ・自由が丘,40.90,,,,,,,,,29.27,28.06,28.06,8/7
1201,74,2023,5,14,短水路,個人,22,50m平泳ぎ,男子,,,,,,40～44歳,6,山野悠,男子,セ・下北沢,41.36,,,,,,,,,29.27,28.06,28.06,8/1
1202,74,2023,5,14,短水路,個人,22,50m平泳ぎ,男子,,,,,,40～44歳,7,八巻亨,男子,セ・西東京,41.63,,,,,,,,,29.27,28.06,28.06,8/8
1203,74,2023,5,14,短水路,個人,22,50m平泳ぎ,男子,,,,,,35～39歳,1,宮川航,男子,セ・南千住,29.50,,,,,,,,TRUE,29.72,27.88,26.66,9/4
1204,74,2023,5,14,短水路,個人,22,50m平泳ぎ,男子,,,,,,35～39歳,2,和田弘太郎,男子,セ・阿佐谷,29.94,,,,,,,,,29.72,27.88,26.66,9/3
1205,74,2023,5,14,短水路,個人,22,50m平泳ぎ,男子,,,,,,35～39歳,3,佐野充,男子,セ・阿佐谷,31.59,,,,,,,,,29.72,27.88,26.66,9/2
1206,74,2023,5,14,短水路,個人,22,50m平泳ぎ,男子,,,,,,30～34歳,1,津守陽介,男子,セ・阿佐谷,30.51,,,,,,,,,26.46,27.13,26.72,9/6
1207,74,2023,5,14,短水路,個人,22,50m平泳ぎ,男子,,,,,,30～34歳,2,梅林大貴,男子,セ・成城,33.41,,,,,,,,,26.46,27.13,26.72,9/8
1208,74,2023,5,14,短水路,個人,22,50m平泳ぎ,男子,,,,,,25～29歳,1,加間英貴,男子,セ・天王洲,31.70,,,,,,,,,28.25,27.02,26.99,9/5
1209,74,2023,5,14,短水路,個人,22,50m平泳ぎ,男子,,,,,,25～29歳,2,矢野匠,男子,セ・葛西,33.92,,,,,,,,,28.25,27.02,26.99,9/7
1210,74,2023,5,14,短水路,個人,22,50m平泳ぎ,男子,,,,,,25～29歳,3,武本侑己,男子,セ・青砥,34.88,,,,,,,,,28.25,27.02,26.99,9/1
1211,74,2023,5,14,短水路,個人,22,50m平泳ぎ,男子,,,,,,18～24歳,1,新垣琳大,男子,セ・茂原,28.57,,,,,,,,TRUE,29.18,27.22,27.22,10/7
1212,74,2023,5,14,短水路,個人,22,50m平泳ぎ,男子,,,,,,18～24歳,2,原井隆守,男子,セ・新浦安,31.54,,,,,,,,,29.18,27.22,27.22,10/5
1213,74,2023,5,14,短水路,個人,22,50m平泳ぎ,男子,,,,,,18～24歳,3,コリガンシェイ颯介,男子,セ・慶應日吉,31.59,,,,,,,,,29.18,27.22,27.22,10/3
1214,74,2023,5,14,短水路,個人,22,50m平泳ぎ,男子,,,,,,18～24歳,4,田中壮一郎,男子,セ・二俣川,31.80,,,,,,,,,29.18,27.22,27.22,10/6
1215,74,2023,5,14,短水路,個人,22,50m平泳ぎ,男子,,,,,,18～24歳,5,南里輝,男子,セ・蒲田,31.86,,,,,,,,,29.18,27.22,27.22,10/4
1216,74,2023,5,14,短水路,個人,22,50m平泳ぎ,男子,,,,,,18～24歳,6,荒井啓汰,男子,セ・阿佐谷,32.19,,,,,,,,,29.18,27.22,27.22,10/2
1217,74,2023,5,14,短水路,個人,22,50m平泳ぎ,男子,,,,,,18～24歳,7,牧野聖,男子,セ・蒲田,34.07,,,,,,,,,29.18,27.22,27.22,10/1
1218,74,2023,5,14,短水路,個人,22,50m平泳ぎ,男子,,,,,,18～24歳,8,伊藤翼,男子,セ・ときわ台,34.68,,,,,,,,,29.18,27.22,27.22,10/8
1219,74,2023,5,14,短水路,個人,23,50m自由形,女子,,,,,,85～89歳,1,大橋徳子,女子,セ・用賀,1:07.31,,,,,,,,,55.82,42.72,38.75,1/2
1220,74,2023,5,14,短水路,個人,23,50m自由形,女子,,,,,,80～84歳,1,甲把昌子,女子,セ・長沼,41.02,,,,,,,,TRUE,44.23,36.08,36.08,2/4
1221,74,2023,5,14,短水路,個人,23,50m自由形,女子,,,,,,80～84歳,2,岡田奉代,女子,セ・市ヶ尾,50.36,,,,,,,,,44.23,36.08,36.08,1/4
1222,74,2023,5,14,短水路,個人,23,50m自由形,女子,,,,,,80～84歳,3,安澤イソ子,女子,セ・市ヶ尾,52.05,,,,,,,,,44.23,36.08,36.08,1/7
1223,74,2023,5,14,短水路,個人,23,50m自由形,女子,,,,,,80～84歳,4,武藤治子,女子,セ・二俣川,52.26,,,,,,,,,44.23,36.08,36.08,1/3
1224,74,2023,5,14,短水路,個人,23,50m自由形,女子,,,,,,80～84歳,5,御手洗ヨシ,女子,CS南行徳,54.10,,,,,,,,,44.23,36.08,36.08,1/5
1225,74,2023,5,14,短水路,個人,23,50m自由形,女子,,,,,,80～84歳,6,相澤和子,女子,セ・新都心,1:00.74,,,,,,,,,44.23,36.08,36.08,1/6
1226,74,2023,5,14,短水路,個人,23,50m自由形,女子,,,,,,80～84歳,7,加藤直子,女子,セ・横浜,1:19.88,,,,,,,,,44.23,36.08,36.08,1/1
1227,74,2023,5,14,短水路,個人,23,50m自由形,女子,,,,,,75～79歳,1,室谷晴江,女子,セ・大森,44.33,,,,,,,,,38.84,35.39,34.04,2/5
1228,74,2023,5,14,短水路,個人,23,50m自由形,女子,,,,,,75～79歳,2,戸田洋子,女子,セ・東戸塚,45.30,,,,,,,,,38.84,35.39,34.04,2/3
1229,74,2023,5,14,短水路,個人,23,50m自由形,女子,,,,,,75～79歳,3,鴨井敏子,女子,ザバス藤が丘,47.25,,,,,,,,,38.84,35.39,34.04,2/6
1230,74,2023,5,14,短水路,個人,23,50m自由形,女子,,,,,,75～79歳,4,後藤節子,女子,セ・松戸,55.72,,,,,,,,,38.84,35.39,34.04,2/2
1231,74,2023,5,14,短水路,個人,23,50m自由形,女子,,,,,,70～74歳,1,舛尾妃呂子,女子,セ・稲毛海岸,41.41,,,,,,,,,35.96,33.36,30.70,3/4
1232,74,2023,5,14,短水路,個人,23,50m自由形,女子,,,,,,70～74歳,2,鈴木敬子,女子,セ・横浜,45.58,,,,,,,,,35.96,33.36,30.70,3/5
1233,74,2023,5,14,短水路,個人,23,50m自由形,女子,,,,,,70～74歳,3,松永タズヨ,女子,セ・おおたか,50.74,,,,,,,,,35.96,33.36,30.70,3/7
1234,74,2023,5,14,短水路,個人,23,50m自由形,女子,,,,,,70～74歳,4,山本恭子,女子,セ・松戸,53.71,,,,,,,,,35.96,33.36,30.70,3/2
1235,74,2023,5,14,短水路,個人,23,50m自由形,女子,,,,,,70～74歳,5,恩田眞紀,女子,CS南行徳,56.22,,,,,,,,,35.96,33.36,30.70,3/1
1236,74,2023,5,14,短水路,個人,23,50m自由形,女子,,,,,,65～69歳,1,木村りょう子,女子,セ・福生,37.50,,,,,,,,,34.90,32.28,29.30,5/4
1237,74,2023,5,14,短水路,個人,23,50m自由形,女子,,,,,,65～69歳,2,川久保ちづる,女子,ザバス川崎,37.95,,,,,,,,,34.90,32.28,29.30,5/1
1238,74,2023,5,14,短水路,個人,23,50m自由形,女子,,,,,,65～69歳,3,山崎京子,女子,セ・横浜,38.91,,,,,,,,,34.90,32.28,29.30,5/5
1239,74,2023,5,14,短水路,個人,23,50m自由形,女子,,,,,,65～69歳,4,荒井澄子,女子,セ・湘南ＬＴ,39.32,,,,,,,,,34.90,32.28,29.30,5/3
1240,74,2023,5,14,短水路,個人,23,50m自由形,女子,,,,,,65～69歳,5,関口智子,女子,セ・西東京,39.38,,,,,,,,,34.90,32.28,29.30,5/2
1241,74,2023,5,14,短水路,個人,23,50m自由形,女子,,,,,,65～69歳,6,立石由美子,女子,セ・大森,40.39,,,,,,,,,34.90,32.28,29.30,5/6
1242,74,2023,5,14,短水路,個人,23,50m自由形,女子,,,,,,65～69歳,7,井上美佐子,女子,セ・大森,41.05,,,,,,,,,34.90,32.28,29.30,4/3
1243,74,2023,5,14,短水路,個人,23,50m自由形,女子,,,,,,65～69歳,8,臼井希代子,女子,セ・大宮宮原,42.42,,,,,,,,,34.90,32.28,29.30,4/4
1244,74,2023,5,14,短水路,個人,23,50m自由形,女子,,,,,,65～69歳,9,五月女美幸,女子,セ・宇都宮,42.84,,,,,,,,,34.90,32.28,29.30,5/7
1245,74,2023,5,14,短水路,個人,23,50m自由形,女子,,,,,,65～69歳,10,齊藤たか子,女子,ザバス川崎,43.83,,,,,,,,,34.90,32.28,29.30,4/1
1246,74,2023,5,14,短水路,個人,23,50m自由形,女子,,,,,,65～69歳,11,岡田美恵子,女子,セ・溝ノ口,45.24,,,,,,,,,34.90,32.28,29.30,4/5
1247,74,2023,5,14,短水路,個人,23,50m自由形,女子,,,,,,65～69歳,12,譲原恵子,女子,セ・我孫子,45.33,,,,,,,,,34.90,32.28,29.30,3/6
1248,74,2023,5,14,短水路,個人,23,50m自由形,女子,,,,,,65～69歳,13,伊藤春美,女子,ザバス川崎,45.76,,,,,,,,,34.90,32.28,29.30,4/7
1249,74,2023,5,14,短水路,個人,23,50m自由形,女子,,,,,,65～69歳,14,石崎節代,女子,セ・南千住,45.79,,,,,,,,,34.90,32.28,29.30,4/6
1250,74,2023,5,14,短水路,個人,23,50m自由形,女子,,,,,,65～69歳,15,宮原美穂,女子,セ・福生,45.92,,,,,,,,,34.90,32.28,29.30,4/2
1251,74,2023,5,14,短水路,個人,23,50m自由形,女子,,,,,,65～69歳,16,安田啓子,女子,セ・長沼,47.62,,,,,,,,,34.90,32.28,29.30,4/8
1252,74,2023,5,14,短水路,個人,23,50m自由形,女子,,,,,,65～69歳,17,仲澤敦子,女子,セ・柏,49.04,,,,,,,,,34.90,32.28,29.30,3/8
1253,74,2023,5,14,短水路,個人,23,50m自由形,女子,,,,,,60～64歳,1,永瀬秀子,女子,セ・二俣川,31.83,,,,,,,,TRUE,32.66,29.80,28.50,7/4
1254,74,2023,5,14,短水路,個人,23,50m自由形,女子,,,,,,60～64歳,2,石原なおみ,女子,セ・阿佐谷,34.55,,,,,,,,,32.66,29.80,28.50,7/5
1255,74,2023,5,14,短水路,個人,23,50m自由形,女子,,,,,,60～64歳,3,岡田眞弓,女子,セ・清瀬,37.55,,,,,,,,,32.66,29.80,28.50,7/1
1256,74,2023,5,14,短水路,個人,23,50m自由形,女子,,,,,,60～64歳,4,野島正代,女子,セ・阿佐谷,37.97,,,,,,,,,32.66,29.80,28.50,7/2
1257,74,2023,5,14,短水路,個人,23,50m自由形,女子,,,,,,60～64歳,5,髙梨美樹,女子,セ・成城,38.02,,,,,,,,,32.66,29.80,28.50,7/7
1258,74,2023,5,14,短水路,個人,23,50m自由形,女子,,,,,,60～64歳,6,山本庸子,女子,セ・八王子,39.10,,,,,,,,,32.66,29.80,28.50,6/4
1259,74,2023,5,14,短水路,個人,23,50m自由形,女子,,,,,,60～64歳,7,牧田雅美,女子,セ・成城,39.52,,,,,,,,,32.66,29.80,28.50,7/8
1260,74,2023,5,14,短水路,個人,23,50m自由形,女子,,,,,,60～64歳,8,久保とし子,女子,セ・長津田,41.57,,,,,,,,,32.66,29.80,28.50,6/5
1261,74,2023,5,14,短水路,個人,23,50m自由形,女子,,,,,,60～64歳,9,宮田ひとみ,女子,セ・阿佐谷,42.10,,,,,,,,,32.66,29.80,28.50,6/2
1262,74,2023,5,14,短水路,個人,23,50m自由形,女子,,,,,,60～64歳,10,草森理子,女子,セ・成城,42.11,,,,,,,,,32.66,29.80,28.50,6/6
1263,74,2023,5,14,短水路,個人,23,50m自由形,女子,,,,,,60～64歳,11,久松葉子,女子,セ・成瀬,43.18,,,,,,,,,32.66,29.80,28.50,6/3
1264,74,2023,5,14,短水路,個人,23,50m自由形,女子,,,,,,60～64歳,12,山梨静枝,女子,セ・我孫子,44.01,,,,,,,,,32.66,29.80,28.50,6/7
1265,74,2023,5,14,短水路,個人,23,50m自由形,女子,,,,,,55～59歳,1,横尾しずか,女子,セ・用賀,33.64,,,,,,,,,31.26,28.37,27.42,8/5
1266,74,2023,5,14,短水路,個人,23,50m自由形,女子,,,,,,55～59歳,2,佐藤晴美,女子,セ・トレッサ,35.45,,,,,,,,,31.26,28.37,27.42,8/4
1267,74,2023,5,14,短水路,個人,23,50m自由形,女子,,,,,,55～59歳,3,平林すみれ,女子,セ・ときわ台,37.06,,,,,,,,,31.26,28.37,27.42,8/6
1268,74,2023,5,14,短水路,個人,23,50m自由形,女子,,,,,,55～59歳,4,大槻真由美,女子,セ・清瀬,37.99,,,,,,,,,31.26,28.37,27.42,8/3
1269,74,2023,5,14,短水路,個人,23,50m自由形,女子,,,,,,55～59歳,5,来栖理枝,女子,セ・谷津,40.15,,,,,,,,,31.26,28.37,27.42,8/7
1270,74,2023,5,14,短水路,個人,23,50m自由形,女子,,,,,,55～59歳,6,鈴木夏実,女子,セ・慶應日吉,41.20,,,,,,,,,31.26,28.37,27.42,8/2
1271,74,2023,5,14,短水路,個人,23,50m自由形,女子,,,,,,55～59歳,7,黒田妙子,女子,セ・柏,43.00,,,,,,,,,31.26,28.37,27.42,8/1
1272,74,2023,5,14,短水路,個人,23,50m自由形,女子,,,,,,55～59歳,8,黒川慶子,女子,セ・上池袋,47.50,,,,,,,,,31.26,28.37,27.42,8/8
1273,74,2023,5,14,短水路,個人,23,50m自由形,女子,,,,,,50～54歳,1,舘野美香,女子,セ・目黒,28.79,,,,,,,,TRUE,30.35,27.99,26.27,10/4
1274,74,2023,5,14,短水路,個人,23,50m自由形,女子,,,,,,50～54歳,2,佐々木美佐,女子,セ・平塚,31.07,,,,,,,,,30.35,27.99,26.27,10/3
1275,74,2023,5,14,短水路,個人,23,50m自由形,女子,,,,,,50～54歳,3,原田佳子,女子,セ・葛西,31.26,,,,,,,,,30.35,27.99,26.27,10/5
1276,74,2023,5,14,短水路,個人,23,50m自由形,女子,,,,,,50～54歳,4,唐鎌典子,女子,セ・千葉みなと,33.57,,,,,,,,,30.35,27.99,26.27,10/2
1277,74,2023,5,14,短水路,個人,23,50m自由形,女子,,,,,,50～54歳,5,池田智子,女子,セ・目黒,34.00,,,,,,,,,30.35,27.99,26.27,10/6
1278,74,2023,5,14,短水路,個人,23,50m自由形,女子,,,,,,50～54歳,6,鶴岡美佐,女子,ザバス金沢八,35.54,,,,,,,,,30.35,27.99,26.27,10/7
1279,74,2023,5,14,短水路,個人,23,50m自由形,女子,,,,,,50～54歳,7,成島志雅子,女子,セ・Ｆ宇都宮,36.63,,,,,,,,,30.35,27.99,26.27,9/4
1280,74,2023,5,14,短水路,個人,23,50m自由形,女子,,,,,,50～54歳,8,小林和江,女子,セ・福生,39.44,,,,,,,,,30.35,27.99,26.27,9/5
1281,74,2023,5,14,短水路,個人,23,50m自由形,女子,,,,,,50～54歳,9,鈴木知寿子,女子,セ・大森,39.59,,,,,,,,,30.35,27.99,26.27,9/6
1282,74,2023,5,14,短水路,個人,23,50m自由形,女子,,,,,,50～54歳,10,糸川永利子,女子,セ・用賀,41.29,,,,,,,,,30.35,27.99,26.27,9/3
1283,74,2023,5,14,短水路,個人,23,50m自由形,女子,,,,,,50～54歳,11,釘井美奈子,女子,セ・大森,41.57,,,,,,,,,30.35,27.99,26.27,9/1
1284,74,2023,5,14,短水路,個人,23,50m自由形,女子,,,,,,50～54歳,12,北瀬あづさ,女子,セ・市ヶ尾,42.10,,,,,,,,,30.35,27.99,26.27,9/8
1285,74,2023,5,14,短水路,個人,23,50m自由形,女子,,,,,,50～54歳,13,岩朋実,女子,セ・川越,43.21,,,,,,,,,30.35,27.99,26.27,9/7
1286,74,2023,5,14,短水路,個人,23,50m自由形,女子,,,,,,50～54歳,14,森信子,女子,セ・大森,45.29,,,,,,,,,30.35,27.99,26.27,9/2
1287,74,2023,5,14,短水路,個人,23,50m自由形,女子,,,,,,50～54歳,,西岡祐子,女子,セ・用賀,,,,,,,,,,30.35,27.99,26.27,10/8
1288,74,2023,5,14,短水路,個人,23,50m自由形,女子,,,,,,45～49歳,1,石賀幸子,女子,セ・八王子,29.29,,,,,,,,,28.98,27.46,26.29,11/4
1289,74,2023,5,14,短水路,個人,23,50m自由形,女子,,,,,,45～49歳,2,浅尾有香,女子,セ・大森,31.44,,,,,,,,,28.98,27.46,26.29,12/3
1290,74,2023,5,14,短水路,個人,23,50m自由形,女子,,,,,,45～49歳,3,桜井翠,女子,セ・横浜,31.77,,,,,,,,,28.98,27.46,26.29,11/5
1291,74,2023,5,14,短水路,個人,23,50m自由形,女子,,,,,,45～49歳,4,杉本浩美,女子,セ・南千住,31.87,,,,,,,,,28.98,27.46,26.29,11/6
1292,74,2023,5,14,短水路,個人,23,50m自由形,女子,,,,,,45～49歳,5,木村美佐子,女子,セ・南宇都宮,32.63,,,,,,,,,28.98,27.46,26.29,11/3
1293,74,2023,5,14,短水路,個人,23,50m自由形,女子,,,,,,45～49歳,6,兵頭和子,女子,セ・成瀬,33.60,,,,,,,,,28.98,27.46,26.29,11/2
1294,74,2023,5,14,短水路,個人,23,50m自由形,女子,,,,,,45～49歳,7,米倉公美,女子,セ・目黒,34.78,,,,,,,,,28.98,27.46,26.29,11/8
1295,74,2023,5,14,短水路,個人,23,50m自由形,女子,,,,,,45～49歳,8,高橋圭,女子,セ・松戸,34.92,,,,,,,,,28.98,27.46,26.29,11/1
1296,74,2023,5,14,短水路,個人,23,50m自由形,女子,,,,,,45～49歳,9,飯澤美香,女子,セ・我孫子,35.60,,,,,,,,,28.98,27.46,26.29,12/5
1297,74,2023,5,14,短水路,個人,23,50m自由形,女子,,,,,,45～49歳,10,森直子,女子,セ・成城,35.72,,,,,,,,,28.98,27.46,26.29,12/2
1298,74,2023,5,14,短水路,個人,23,50m自由形,女子,,,,,,45～49歳,11,佐藤桂子,女子,セ・横浜,35.91,,,,,,,,,28.98,27.46,26.29,11/7
1299,74,2023,5,14,短水路,個人,23,50m自由形,女子,,,,,,45～49歳,12,吉池奈々,女子,セ・二俣川,36.51,,,,,,,,,28.98,27.46,26.29,12/4
1300,74,2023,5,14,短水路,個人,23,50m自由形,女子,,,,,,45～49歳,13,加藤千恵,女子,セ・茂原,37.28,,,,,,,,,28.98,27.46,26.29,12/8
1301,74,2023,5,14,短水路,個人,23,50m自由形,女子,,,,,,45～49歳,14,田中三奈子,女子,セ・成瀬,43.49,,,,,,,,,28.98,27.46,26.29,12/7
1302,74,2023,5,14,短水路,個人,23,50m自由形,女子,,,,,,40～44歳,1,四井美穂,女子,セ・天王洲,33.47,,,,,,,,,29.20,26.75,26.02,13/5
1303,74,2023,5,14,短水路,個人,23,50m自由形,女子,,,,,,40～44歳,2,渋屋由香里,女子,セ・二俣川,34.46,,,,,,,,,29.20,26.75,26.02,13/4
1304,74,2023,5,14,短水路,個人,23,50m自由形,女子,,,,,,40～44歳,3,上田有紀,女子,セ・新浦安,35.96,,,,,,,,,29.20,26.75,26.02,13/7
1305,74,2023,5,14,短水路,個人,23,50m自由形,女子,,,,,,40～44歳,4,錦織佳奈子,女子,ザバス川崎,36.45,,,,,,,,,29.20,26.75,26.02,12/6
1306,74,2023,5,14,短水路,個人,23,50m自由形,女子,,,,,,40～44歳,5,前田由希映,女子,セ・二俣川,36.51,,,,,,,,,29.20,26.75,26.02,13/3
1307,74,2023,5,14,短水路,個人,23,50m自由形,女子,,,,,,40～44歳,6,髙橋容子,女子,セ・市川,36.92,,,,,,,,,29.20,26.75,26.02,13/6
1308,74,2023,5,14,短水路,個人,23,50m自由形,女子,,,,,,40～44歳,7,久保かおり,女子,セ・長津田,37.43,,,,,,,,,29.20,26.75,26.02,13/2
1309,74,2023,5,14,短水路,個人,23,50m自由形,女子,,,,,,40～44歳,8,高橋奈津子,女子,セ・葛西,38.21,,,,,,,,,29.20,26.75,26.02,13/1
1310,74,2023,5,14,短水路,個人,23,50m自由形,女子,,,,,,40～44歳,9,星郁恵,女子,セ・南千住,44.10,,,,,,,,,29.20,26.75,26.02,12/1
1311,74,2023,5,14,短水路,個人,23,50m自由形,女子,,,,,,35～39歳,1,吉原望美,女子,セ・阿佐谷,29.98,,,,,,,,,28.32,26.36,25.10,14/5
1312,74,2023,5,14,短水路,個人,23,50m自由形,女子,,,,,,35～39歳,2,新妻梓,女子,セ・西東京,30.95,,,,,,,,,28.32,26.36,25.10,14/4
1313,74,2023,5,14,短水路,個人,23,50m自由形,女子,,,,,,35～39歳,3,大家萌実,女子,セ・用賀,32.42,,,,,,,,,28.32,26.36,25.10,14/7
1314,74,2023,5,14,短水路,個人,23,50m自由形,女子,,,,,,35～39歳,4,串田栄理子,女子,セ・南宇都宮,37.75,,,,,,,,,28.32,26.36,25.10,14/8
1315,74,2023,5,14,短水路,個人,23,50m自由形,女子,,,,,,35～39歳,5,久保美由紀,女子,セ・長津田,42.63,,,,,,,,,28.32,26.36,25.10,13/8
1316,74,2023,5,14,短水路,個人,23,50m自由形,女子,,,,,,30～34歳,1,柴田小野華,女子,セ・松戸,29.85,,,,,,,,,28.59,25.57,25.17,15/7
1317,74,2023,5,14,短水路,個人,23,50m自由形,女子,,,,,,30～34歳,2,日吉麻夏,女子,セ・二俣川,30.31,,,,,,,,,28.59,25.57,25.17,14/6
1318,74,2023,5,14,短水路,個人,23,50m自由形,女子,,,,,,30～34歳,3,髙岡柚,女子,セ・大宮宮原,30.35,,,,,,,,,28.59,25.57,25.17,14/3
1319,74,2023,5,14,短水路,個人,23,50m自由形,女子,,,,,,30～34歳,4,中畑眸,女子,セ・成城,30.79,,,,,,,,,28.59,25.57,25.17,14/1
1320,74,2023,5,14,短水路,個人,23,50m自由形,女子,,,,,,30～34歳,5,牧明穂,女子,セ・本郷台,31.79,,,,,,,,,28.59,25.57,25.17,14/2
1321,74,2023,5,14,短水路,個人,23,50m自由形,女子,,,,,,25～29歳,1,宍戸萌,女子,セ・長津田,29.13,,,,,,,,,27.09,25.42,25.00,15/5
1322,74,2023,5,14,短水路,個人,23,50m自由形,女子,,,,,,25～29歳,2,木田景子,女子,セ・平塚,30.91,,,,,,,,,27.09,25.42,25.00,15/8
1323,74,2023,5,14,短水路,個人,23,50m自由形,女子,,,,,,18～24歳,1,相戸百瑛,女子,セ・慶應日吉,28.40,,,,,,,,,27.55,26.06,26.06,15/3
1324,74,2023,5,14,短水路,個人,23,50m自由形,女子,,,,,,18～24歳,2,岩倉柚,女子,セ・二俣川,29.42,,,,,,,,,27.55,26.06,26.06,15/2
1325,74,2023,5,14,短水路,個人,23,50m自由形,女子,,,,,,18～24歳,3,君島凜香,女子,セ・おおたか,29.45,,,,,,,,,27.55,26.06,26.06,15/6
1326,74,2023,5,14,短水路,個人,23,50m自由形,女子,,,,,,18～24歳,4,広瀬幸音,女子,セ・成城,29.62,,,,,,,,,27.55,26.06,26.06,15/4
1327,74,2023,5,14,短水路,個人,24,50m自由形,男子,,,,,,85～89歳,1,川本剛,男子,セ・長沼,43.78,,,,,,,,,41.94,34.54,32.23,1/6
1328,74,2023,5,14,短水路,個人,24,50m自由形,男子,,,,,,85～89歳,2,三橋正和,男子,セ・蘇我,46.94,,,,,,,,,41.94,34.54,32.23,1/4
1329,74,2023,5,14,短水路,個人,24,50m自由形,男子,,,,,,80～84歳,1,井上隆史,男子,セ・市ヶ尾,41.49,,,,,,,,,36.20,31.74,31.25,1/5
1330,74,2023,5,14,短水路,個人,24,50m自由形,男子,,,,,,80～84歳,2,中村欣正,男子,セ・流山,45.78,,,,,,,,,36.20,31.74,31.25,1/3
1331,74,2023,5,14,短水路,個人,24,50m自由形,男子,,,,,,80～84歳,3,前多紀久雄,男子,セ・横浜,49.51,,,,,,,,,36.20,31.74,31.25,1/2
1332,74,2023,5,14,短水路,個人,24,50m自由形,男子,,,,,,75～79歳,1,西村弘一,男子,セ・新浦安,34.72,,,,,,,,,32.81,30.21,28.70,2/4
1333,74,2023,5,14,短水路,個人,24,50m自由形,男子,,,,,,75～79歳,2,益子正人,男子,セ・我孫子,39.87,,,,,,,,,32.81,30.21,28.70,2/2
1334,74,2023,5,14,短水路,個人,24,50m自由形,男子,,,,,,75～79歳,3,井口稔,男子,セ・東戸塚,40.12,,,,,,,,,32.81,30.21,28.70,2/3
1335,74,2023,5,14,短水路,個人,24,50m自由形,男子,,,,,,75～79歳,4,田中信夫,男子,セ・越谷,42.33,,,,,,,,,32.81,30.21,28.70,2/6
1336,74,2023,5,14,短水路,個人,24,50m自由形,男子,,,,,,75～79歳,5,松永勝,男子,セ・おおたか,45.26,,,,,,,,,32.81,30.21,28.70,2/1
1337,74,2023,5,14,短水路,個人,24,50m自由形,男子,,,,,,75～79歳,6,内田幸稔,男子,セ・松戸,46.18,,,,,,,,,32.81,30.21,28.70,2/7
1338,74,2023,5,14,短水路,個人,24,50m自由形,男子,,,,,,70～74歳,1,安藤次郎,男子,セ・館山,32.70,,,,,,,,,28.79,28.08,26.88,3/4
1339,74,2023,5,14,短水路,個人,24,50m自由形,男子,,,,,,70～74歳,2,若宮強,男子,セ・成城,34.44,,,,,,,,,28.79,28.08,26.88,3/3
1340,74,2023,5,14,短水路,個人,24,50m自由形,男子,,,,,,70～74歳,3,嶋崎昭夫,男子,セ・西東京,34.45,,,,,,,,,28.79,28.08,26.88,3/5
1341,74,2023,5,14,短水路,個人,24,50m自由形,男子,,,,,,70～74歳,4,鈴木幹男,男子,セ・我孫子,35.08,,,,,,,,,28.79,28.08,26.88,3/6
1342,74,2023,5,14,短水路,個人,24,50m自由形,男子,,,,,,70～74歳,5,小山三千生,男子,セ・清瀬,37.69,,,,,,,,,28.79,28.08,26.88,3/7
1343,74,2023,5,14,短水路,個人,24,50m自由形,男子,,,,,,70～74歳,6,山村茂,男子,セ・南千住,38.41,,,,,,,,,28.79,28.08,26.88,3/2
1344,74,2023,5,14,短水路,個人,24,50m自由形,男子,,,,,,70～74歳,7,幡場達明,男子,セ・大宮宮原,39.05,,,,,,,,,28.79,28.08,26.88,4/2
1345,74,2023,5,14,短水路,個人,24,50m自由形,男子,,,,,,70～74歳,8,梅村潔,男子,セ・茂原,40.71,,,,,,,,,28.79,28.08,26.88,3/8
1346,74,2023,5,14,短水路,個人,24,50m自由形,男子,,,,,,70～74歳,9,斉藤雄一,男子,セ・上池袋,47.29,,,,,,,,,28.79,28.08,26.88,4/8
1347,74,2023,5,14,短水路,個人,24,50m自由形,男子,,,,,,65～69歳,1,冨松実,男子,セ・二俣川,30.21,,,,,,,,,27.52,27.14,25.42,5/4
1348,74,2023,5,14,短水路,個人,24,50m自由形,男子,,,,,,65～69歳,2,井上昌臣,男子,セ・西東京,32.33,,,,,,,,,27.52,27.14,25.42,5/5
1349,74,2023,5,14,短水路,個人,24,50m自由形,男子,,,,,,65～69歳,3,柏木治久,男子,セ・成瀬,34.71,,,,,,,,,27.52,27.14,25.42,5/3
1350,74,2023,5,14,短水路,個人,24,50m自由形,男子,,,,,,65～69歳,4,仲宇佐隆一,男子,セ・横浜,36.03,,,,,,,,,27.52,27.14,25.42,5/1
1351,74,2023,5,14,短水路,個人,24,50m自由形,男子,,,,,,65～69歳,5,茂木和哉,男子,セ・市ヶ尾,36.04,,,,,,,,,27.52,27.14,25.42,5/6
1352,74,2023,5,14,短水路,個人,24,50m自由形,男子,,,,,,65～69歳,6,佐藤信弘,男子,セ・桶川北本,36.84,,,,,,,,,27.52,27.14,25.42,5/2
1353,74,2023,5,14,短水路,個人,24,50m自由形,男子,,,,,,65～69歳,7,堀越雅之,男子,セ・慶應日吉,36.97,,,,,,,,,27.52,27.14,25.42,6/5
1354,74,2023,5,14,短水路,個人,24,50m自由形,男子,,,,,,65～69歳,8,北川英介,男子,セ・慶應日吉,37.23,,,,,,,,,27.52,27.14,25.42,5/7
1355,74,2023,5,14,短水路,個人,24,50m自由形,男子,,,,,,65～69歳,9,常山賢二,男子,曽谷・セ,37.68,,,,,,,,,27.52,27.14,25.42,4/5
1356,74,2023,5,14,短水路,個人,24,50m自由形,男子,,,,,,65～69歳,10,山中一男,男子,セ・阿佐谷,37.77,,,,,,,,,27.52,27.14,25.42,5/8
1357,74,2023,5,14,短水路,個人,24,50m自由形,男子,,,,,,65～69歳,11,阿部宏之助,男子,セ・上池袋,38.01,,,,,,,,,27.52,27.14,25.42,6/4
1358,74,2023,5,14,短水路,個人,24,50m自由形,男子,,,,,,65～69歳,12,上原隆男,男子,クリーンスパ,39.41,,,,,,,,,27.52,27.14,25.42,4/4
1359,74,2023,5,14,短水路,個人,24,50m自由形,男子,,,,,,65～69歳,13,鈴木義夫,男子,セ・越谷,40.23,,,,,,,,,27.52,27.14,25.42,4/6
1360,74,2023,5,14,短水路,個人,24,50m自由形,男子,,,,,,65～69歳,14,松下達一,男子,セ・成城,42.19,,,,,,,,,27.52,27.14,25.42,6/6
1361,74,2023,5,14,短水路,個人,24,50m自由形,男子,,,,,,65～69歳,15,前川敏夫,男子,セ・清瀬,44.87,,,,,,,,,27.52,27.14,25.42,4/3
1362,74,2023,5,14,短水路,個人,24,50m自由形,男子,,,,,,65～69歳,16,田代裕一,男子,セ・ときわ台,45.07,,,,,,,,,27.52,27.14,25.42,4/7
1363,74,2023,5,14,短水路,個人,24,50m自由形,男子,,,,,,65～69歳,17,岩崎純,男子,セ・平塚,45.90,,,,,,,,,27.52,27.14,25.42,4/1
1364,74,2023,5,14,短水路,個人,24,50m自由形,男子,,,,,,60～64歳,1,和田浩一,男子,セ・用賀,29.16,,,,,,,,,26.54,25.26,24.90,7/4
1365,74,2023,5,14,短水路,個人,24,50m自由形,男子,,,,,,60～64歳,2,田中伸幸,男子,セ・葛西,31.25,,,,,,,,,26.54,25.26,24.90,7/3
1366,74,2023,5,14,短水路,個人,24,50m自由形,男子,,,,,,60～64歳,3,入江潤,男子,セ・二俣川,31.96,,,,,,,,,26.54,25.26,24.90,7/5
1367,74,2023,5,14,短水路,個人,24,50m自由形,男子,,,,,,60～64歳,4,森明法,男子,セ・慶應日吉,32.81,,,,,,,,,26.54,25.26,24.90,7/2
1368,74,2023,5,14,短水路,個人,24,50m自由形,男子,,,,,,60～64歳,5,横浜健,男子,セ・南青山,33.78,,,,,,,,,26.54,25.26,24.90,7/6
1369,74,2023,5,14,短水路,個人,24,50m自由形,男子,,,,,,60～64歳,6,加治屋史郎,男子,セ・目黒,34.19,,,,,,,,,26.54,25.26,24.90,7/1
1370,74,2023,5,14,短水路,個人,24,50m自由形,男子,,,,,,60～64歳,7,山本和巳,男子,セ・茂原,35.00,,,,,,,,,26.54,25.26,24.90,7/7
1371,74,2023,5,14,短水路,個人,24,50m自由形,男子,,,,,,60～64歳,8,中村浩司,男子,セ・青砥,37.36,,,,,,,,,26.54,25.26,24.90,6/3
1372,74,2023,5,14,短水路,個人,24,50m自由形,男子,,,,,,60～64歳,9,岡部浩次,男子,セ・上池袋,40.39,,,,,,,,,26.54,25.26,24.90,6/7
1373,74,2023,5,14,短水路,個人,24,50m自由形,男子,,,,,,60～64歳,10,鈴木篤,男子,セ・おおたか,41.93,,,,,,,,,26.54,25.26,24.90,6/1
1374,74,2023,5,14,短水路,個人,24,50m自由形,男子,,,,,,55～59歳,1,阿部憲一,男子,セ・大宮宮原,27.56,,,,,,,,,26.47,24.51,24.37,9/4
1375,74,2023,5,14,短水路,個人,24,50m自由形,男子,,,,,,55～59歳,2,小宮山高之,男子,セ・市川,29.53,,,,,,,,,26.47,24.51,24.37,9/5
1376,74,2023,5,14,短水路,個人,24,50m自由形,男子,,,,,,55～59歳,3,杉原祥之,男子,ザバス鶴見,29.93,,,,,,,,,26.47,24.51,24.37,9/3
1377,74,2023,5,14,短水路,個人,24,50m自由形,男子,,,,,,55～59歳,4,久保卓士,男子,セ・天王洲,29.95,,,,,,,,,26.47,24.51,24.37,9/7
1378,74,2023,5,14,短水路,個人,24,50m自由形,男子,,,,,,55～59歳,5,町田克浩,男子,セ・大森,30.13,,,,,,,,,26.47,24.51,24.37,9/6
1379,74,2023,5,14,短水路,個人,24,50m自由形,男子,,,,,,55～59歳,6,兵藤鋭雄,男子,セ・目黒,30.26,,,,,,,,,26.47,24.51,24.37,9/2
1380,74,2023,5,14,短水路,個人,24,50m自由形,男子,,,,,,55～59歳,7,飯田正敏,男子,セ・用賀,30.61,,,,,,,,,26.47,24.51,24.37,9/8
1381,74,2023,5,14,短水路,個人,24,50m自由形,男子,,,,,,55～59歳,8,浅川和之,男子,セ・新浦安,30.72,,,,,,,,,26.47,24.51,24.37,9/1
1382,74,2023,5,14,短水路,個人,24,50m自由形,男子,,,,,,55～59歳,9,谷川元,男子,セ・ときわ台,32.35,,,,,,,,,26.47,24.51,24.37,8/3
1383,74,2023,5,14,短水路,個人,24,50m自由形,男子,,,,,,55～59歳,10,宇田川祐一,男子,セ・高崎,32.92,,,,,,,,,26.47,24.51,24.37,8/4
1384,74,2023,5,14,短水路,個人,24,50m自由形,男子,,,,,,55～59歳,11,田村好弘,男子,セ・阿佐谷,33.41,,,,,,,,,26.47,24.51,24.37,8/5
1385,74,2023,5,14,短水路,個人,24,50m自由形,男子,,,,,,55～59歳,12,佐藤正章,男子,セ・用賀,33.77,,,,,,,,,26.47,24.51,24.37,8/6
1386,74,2023,5,14,短水路,個人,24,50m自由形,男子,,,,,,55～59歳,13,近藤正之,男子,セ・上池袋,34.15,,,,,,,,,26.47,24.51,24.37,8/2
1387,74,2023,5,14,短水路,個人,24,50m自由形,男子,,,,,,55～59歳,14,二宮淳,男子,セ・トレッサ,34.46,,,,,,,,,26.47,24.51,24.37,8/7
1388,74,2023,5,14,短水路,個人,24,50m自由形,男子,,,,,,55～59歳,15,後藤潤,男子,セ・成城,37.69,,,,,,,,,26.47,24.51,24.37,8/1
1389,74,2023,5,14,短水路,個人,24,50m自由形,男子,,,,,,55～59歳,16,安部盛博,男子,セ・成城,39.68,,,,,,,,,26.47,24.51,24.37,10/3
1390,74,2023,5,14,短水路,個人,24,50m自由形,男子,,,,,,55～59歳,17,小松原薫寿,男子,セ・平塚,41.61,,,,,,,,,26.47,24.51,24.37,8/8
1391,74,2023,5,14,短水路,個人,24,50m自由形,男子,,,,,,55～59歳,18,上野武,男子,セ・南青山,44.21,,,,,,,,,26.47,24.51,24.37,10/6
1392,74,2023,5,14,短水路,個人,24,50m自由形,男子,,,,,,55～59歳,19,半澤繁,男子,セ・清瀬,46.11,,,,,,,,,26.47,24.51,24.37,10/8
1393,74,2023,5,14,短水路,個人,24,50m自由形,男子,,,,,,50～54歳,1,石井龍,男子,セ・成城,26.94,,,,,,,,,26.40,23.66,23.36,12/4
1394,74,2023,5,14,短水路,個人,24,50m自由形,男子,,,,,,50～54歳,2,村野雄太,男子,セ・清瀬,27.60,,,,,,,,,26.40,23.66,23.36,12/3
1395,74,2023,5,14,短水路,個人,24,50m自由形,男子,,,,,,50～54歳,3,川端邦武,男子,セ・西台,28.58,,,,,,,,,26.40,23.66,23.36,12/1
1396,74,2023,5,14,短水路,個人,24,50m自由形,男子,,,,,,50～54歳,4,八木周,男子,セ・能見台,28.61,,,,,,,,,26.40,23.66,23.36,12/5
1397,74,2023,5,14,短水路,個人,24,50m自由形,男子,,,,,,50～54歳,5,阿部賢裕,男子,セ・能見台,28.86,,,,,,,,,26.40,23.66,23.36,12/8
1398,74,2023,5,14,短水路,個人,24,50m自由形,男子,,,,,,50～54歳,6,池本晃,男子,セ・用賀,28.95,,,,,,,,,26.40,23.66,23.36,11/4
1399,74,2023,5,14,短水路,個人,24,50m自由形,男子,,,,,,50～54歳,7,斉藤聡介,男子,セ・千葉みなと,29.13,,,,,,,,,26.40,23.66,23.36,12/6
1400,74,2023,5,14,短水路,個人,24,50m自由形,男子,,,,,,50～54歳,8,荒井正明,男子,セ・八千代台,29.67,,,,,,,,,26.40,23.66,23.36,12/7
1401,74,2023,5,14,短水路,個人,24,50m自由形,男子,,,,,,50～54歳,9,内藤充,男子,セ・新川崎,29.83,,,,,,,,,26.40,23.66,23.36,11/1
1402,74,2023,5,14,短水路,個人,24,50m自由形,男子,,,,,,50～54歳,10,永家一徳,男子,セ・市川,30.18,,,,,,,,,26.40,23.66,23.36,11/3
1403,74,2023,5,14,短水路,個人,24,50m自由形,男子,,,,,,50～54歳,11,山本英男,男子,セ・大宮宮原,30.20,,,,,,,,,26.40,23.66,23.36,11/8
1404,74,2023,5,14,短水路,個人,24,50m自由形,男子,,,,,,50～54歳,12,原田真,男子,セ・葛西,31.10,,,,,,,,,26.40,23.66,23.36,11/5
1405,74,2023,5,14,短水路,個人,24,50m自由形,男子,,,,,,50～54歳,13,鈴木章浩,男子,セ・大森,31.20,,,,,,,,,26.40,23.66,23.36,11/7
1406,74,2023,5,14,短水路,個人,24,50m自由形,男子,,,,,,50～54歳,14,松本考弘,男子,セ・清瀬,31.47,,,,,,,,,26.40,23.66,23.36,13/7
1407,74,2023,5,14,短水路,個人,24,50m自由形,男子,,,,,,50～54歳,15,塚越有宏,男子,セ・市ヶ尾,31.63,,,,,,,,,26.40,23.66,23.36,13/4
1408,74,2023,5,14,短水路,個人,24,50m自由形,男子,,,,,,50～54歳,16,千葉忠英,男子,セ・天王洲,32.41,,,,,,,,,26.40,23.66,23.36,13/3
1409,74,2023,5,14,短水路,個人,24,50m自由形,男子,,,,,,50～54歳,17,足立勝俊,男子,セ・市川,32.42,,,,,,,,,26.40,23.66,23.36,11/2
1410,74,2023,5,14,短水路,個人,24,50m自由形,男子,,,,,,50～54歳,18,金子謙一,男子,セ・成瀬,32.83,,,,,,,,,26.40,23.66,23.36,13/2
1411,74,2023,5,14,短水路,個人,24,50m自由形,男子,,,,,,50～54歳,19,庄司和明,男子,セ・松戸,35.04,,,,,,,,,26.40,23.66,23.36,10/4
1412,74,2023,5,14,短水路,個人,24,50m自由形,男子,,,,,,50～54歳,20,恒川直輝,男子,セ・二俣川,35.10,,,,,,,,,26.40,23.66,23.36,10/5
1413,74,2023,5,14,短水路,個人,24,50m自由形,男子,,,,,,50～54歳,21,小柳大,男子,ザバス川崎,35.28,,,,,,,,,26.40,23.66,23.36,13/1
1414,74,2023,5,14,短水路,個人,24,50m自由形,男子,,,,,,50～54歳,22,向山高弘,男子,セ・ときわ台,40.41,,,,,,,,,26.40,23.66,23.36,10/1
1415,74,2023,5,14,短水路,個人,24,50m自由形,男子,,,,,,50～54歳,23,落合理,男子,セ・武蔵小杉,40.72,,,,,,,,,26.40,23.66,23.36,10/2
1416,74,2023,5,14,短水路,個人,24,50m自由形,男子,,,,,,50～54歳,,弥間政隆,男子,セ・葛西,,,,,,,,,,26.40,23.66,23.36,11/6
1417,74,2023,5,14,短水路,個人,24,50m自由形,男子,,,,,,45～49歳,1,林辰典,男子,セ・阿佐谷,26.09,,,,,,,,,25.12,22.85,22.85,15/4
1418,74,2023,5,14,短水路,個人,24,50m自由形,男子,,,,,,45～49歳,2,石上智啓,男子,セ・二俣川,27.73,,,,,,,,,25.12,22.85,22.85,15/3
1419,74,2023,5,14,短水路,個人,24,50m自由形,男子,,,,,,45～49歳,3,堀川広祐,男子,セ・二俣川,27.94,,,,,,,,,25.12,22.85,22.85,15/5
1420,74,2023,5,14,短水路,個人,24,50m自由形,男子,,,,,,45～49歳,4,神長尊士,男子,セ・千葉みなと,28.52,,,,,,,,,25.12,22.85,22.85,15/6
1421,74,2023,5,14,短水路,個人,24,50m自由形,男子,,,,,,45～49歳,5,宮崎健,男子,セ・福生,28.91,,,,,,,,,25.12,22.85,22.85,14/5
1422,74,2023,5,14,短水路,個人,24,50m自由形,男子,,,,,,45～49歳,6,宅間健介,男子,セ・天王洲,29.15,,,,,,,,,25.12,22.85,22.85,14/4
1423,74,2023,5,14,短水路,個人,24,50m自由形,男子,,,,,,45～49歳,7,足立晃,男子,セ・新川崎,29.38,,,,,,,,,25.12,22.85,22.85,15/2
1424,74,2023,5,14,短水路,個人,24,50m自由形,男子,,,,,,45～49歳,8,若杉佳宏,男子,セ・阿佐谷,29.90,,,,,,,,,25.12,22.85,22.85,15/8
1425,74,2023,5,14,短水路,個人,24,50m自由形,男子,,,,,,45～49歳,9,宮岡亮介,男子,セ・亀有,29.91,,,,,,,,,25.12,22.85,22.85,14/3
1426,74,2023,5,14,短水路,個人,24,50m自由形,男子,,,,,,45～49歳,10,岸竜太郎,男子,セ・用賀,30.06,,,,,,,,,25.12,22.85,22.85,14/2
1427,74,2023,5,14,短水路,個人,24,50m自由形,男子,,,,,,45～49歳,11,花輪博之,男子,セ・越谷,30.19,,,,,,,,,25.12,22.85,22.85,14/7
1428,74,2023,5,14,短水路,個人,24,50m自由形,男子,,,,,,45～49歳,12,白子満,男子,セ・自由が丘,30.20,,,,,,,,,25.12,22.85,22.85,15/7
1429,74,2023,5,14,短水路,個人,24,50m自由形,男子,,,,,,45～49歳,13,榊礼武,男子,セ・茂原,31.38,,,,,,,,,25.12,22.85,22.85,14/6
1430,74,2023,5,14,短水路,個人,24,50m自由形,男子,,,,,,45～49歳,14,改森将紀,男子,セ・千葉みなと,32.52,,,,,,,,,25.12,22.85,22.85,14/1
1431,74,2023,5,14,短水路,個人,24,50m自由形,男子,,,,,,45～49歳,15,李碩晋,男子,セ・福生,41.25,,,,,,,,,25.12,22.85,22.85,13/8
1432,74,2023,5,14,短水路,個人,24,50m自由形,男子,,,,,,40～44歳,1,植村匡詞,男子,セ・千葉みなと,27.16,,,,,,,,,24.85,22.75,22.75,16/5
1433,74,2023,5,14,短水路,個人,24,50m自由形,男子,,,,,,40～44歳,2,倉持公一,男子,セ・天王洲,27.40,,,,,,,,,24.85,22.75,22.75,16/3
1434,74,2023,5,14,短水路,個人,24,50m自由形,男子,,,,,,40～44歳,3,鈴木敏志,男子,セ・松戸,27.44,,,,,,,,,24.85,22.75,22.75,16/4
1435,74,2023,5,14,短水路,個人,24,50m自由形,男子,,,,,,40～44歳,4,小林弘典,男子,セ・大森,28.38,,,,,,,,,24.85,22.75,22.75,16/7
1436,74,2023,5,14,短水路,個人,24,50m自由形,男子,,,,,,40～44歳,5,渡邊忠幸,男子,セ・南宇都宮,28.45,,,,,,,,,24.85,22.75,22.75,16/6
1437,74,2023,5,14,短水路,個人,24,50m自由形,男子,,,,,,40～44歳,6,山岡政陽,男子,セ・成瀬,28.79,,,,,,,,,24.85,22.75,22.75,16/2
1438,74,2023,5,14,短水路,個人,24,50m自由形,男子,,,,,,40～44歳,7,木村知行,男子,セ・二俣川,28.80,,,,,,,,,24.85,22.75,22.75,16/1
1439,74,2023,5,14,短水路,個人,24,50m自由形,男子,,,,,,40～44歳,8,藤岡大輝,男子,ザバス和光,29.07,,,,,,,,,24.85,22.75,22.75,17/5
1440,74,2023,5,14,短水路,個人,24,50m自由形,男子,,,,,,40～44歳,9,田子晃,男子,セ・自由が丘,31.27,,,,,,,,,24.85,22.75,22.75,17/6
1441,74,2023,5,14,短水路,個人,24,50m自由形,男子,,,,,,40～44歳,10,宮崎隆寛,男子,セ・越谷,31.29,,,,,,,,,24.85,22.75,22.75,17/3
1442,74,2023,5,14,短水路,個人,24,50m自由形,男子,,,,,,40～44歳,11,高瀬信雄,男子,ザバス川崎,32.36,,,,,,,,,24.85,22.75,22.75,16/8
1443,74,2023,5,14,短水路,個人,24,50m自由形,男子,,,,,,40～44歳,12,上村匠,男子,セ・下北沢,33.04,,,,,,,,,24.85,22.75,22.75,17/7
1444,74,2023,5,14,短水路,個人,24,50m自由形,男子,,,,,,40～44歳,13,山野悠,男子,セ・下北沢,34.33,,,,,,,,,24.85,22.75,22.75,17/1
1445,74,2023,5,14,短水路,個人,24,50m自由形,男子,,,,,,40～44歳,14,鈴木直哉,男子,セ・八王子,34.51,,,,,,,,,24.85,22.75,22.75,17/8
1446,74,2023,5,14,短水路,個人,24,50m自由形,男子,,,,,,35～39歳,1,前田康輔,男子,セ・二俣川,23.57,,,,,,,,TRUE,24.16,22.28,21.53,18/4
1447,74,2023,5,14,短水路,個人,24,50m自由形,男子,,,,,,35～39歳,2,内山皓太,男子,セ・能見台,24.12,,,,,,,,TRUE,24.16,22.28,21.53,18/5
1448,74,2023,5,14,短水路,個人,24,50m自由形,男子,,,,,,35～39歳,3,前田崇行,男子,セ・二俣川,25.37,,,,,,,,,24.16,22.28,21.53,18/6
1449,74,2023,5,14,短水路,個人,24,50m自由形,男子,,,,,,35～39歳,4,髙津周平,男子,セ・大森,25.69,,,,,,,,,24.16,22.28,21.53,18/3
1450,74,2023,5,14,短水路,個人,24,50m自由形,男子,,,,,,35～39歳,5,吉川重行,男子,セ・桶川北本,26.34,,,,,,,,,24.16,22.28,21.53,18/7
1451,74,2023,5,14,短水路,個人,24,50m自由形,男子,,,,,,35～39歳,6,図師拓千,男子,セ・市ヶ尾,26.62,,,,,,,,,24.16,22.28,21.53,18/1
1452,74,2023,5,14,短水路,個人,24,50m自由形,男子,,,,,,35～39歳,7,酒井駿,男子,セ・二俣川,26.93,,,,,,,,,24.16,22.28,21.53,19/5
1453,74,2023,5,14,短水路,個人,24,50m自由形,男子,,,,,,35～39歳,8,石井将太,男子,セ・成瀬,27.20,,,,,,,,,24.16,22.28,21.53,18/8
1454,74,2023,5,14,短水路,個人,24,50m自由形,男子,,,,,,35～39歳,9,和田亮,男子,セ・阿佐谷,27.92,,,,,,,,,24.16,22.28,21.53,17/4
1455,74,2023,5,14,短水路,個人,24,50m自由形,男子,,,,,,30～34歳,1,板垣義人,男子,セ・トレッサ,24.18,,,,,,,,TRUE,24.33,22.17,21.53,20/4
1456,74,2023,5,14,短水路,個人,24,50m自由形,男子,,,,,,30～34歳,2,小方聡,男子,セ・用賀,25.17,,,,,,,,,24.33,22.17,21.53,19/4
1457,74,2023,5,14,短水路,個人,24,50m自由形,男子,,,,,,30～34歳,3,吉原憲人,男子,セ・阿佐谷,28.09,,,,,,,,,24.33,22.17,21.53,19/3
1458,74,2023,5,14,短水路,個人,24,50m自由形,男子,,,,,,30～34歳,4,江熊夕人,男子,セ・慶應日吉,28.46,,,,,,,,,24.33,22.17,21.53,19/1
1459,74,2023,5,14,短水路,個人,24,50m自由形,男子,,,,,,30～34歳,5,寺田遼太,男子,セ・天王洲,28.72,,,,,,,,,24.33,22.17,21.53,19/2
1460,74,2023,5,14,短水路,個人,24,50m自由形,男子,,,,,,30～34歳,6,坂入裕,男子,セ・二俣川,29.47,,,,,,,,,24.33,22.17,21.53,19/7
1461,74,2023,5,14,短水路,個人,24,50m自由形,男子,,,,,,30～34歳,7,渡部慎也,男子,セ・大森,29.68,,,,,,,,,24.33,22.17,21.53,19/8
1462,74,2023,5,14,短水路,個人,24,50m自由形,男子,,,,,,25～29歳,1,石川和樹,男子,セ・谷津,23.46,,,,,,,,TRUE,23.69,21.95,21.28,21/4
1463,74,2023,5,14,短水路,個人,24,50m自由形,男子,,,,,,25～29歳,2,髙梨大樹,男子,セ・成城,25.90,,,,,,,,,23.69,21.95,21.28,21/5
1464,74,2023,5,14,短水路,個人,24,50m自由形,男子,,,,,,25～29歳,3,石井翔真,男子,セ・成城,26.45,,,,,,,,,23.69,21.95,21.28,21/3
1465,74,2023,5,14,短水路,個人,24,50m自由形,男子,,,,,,25～29歳,4,塚本拓也,男子,セ・清瀬,26.71,,,,,,,,,23.69,21.95,21.28,21/6
1466,74,2023,5,14,短水路,個人,24,50m自由形,男子,,,,,,25～29歳,5,今里昂哉,男子,セ・清瀬,26.79,,,,,,,,,23.69,21.95,21.28,20/6
1467,74,2023,5,14,短水路,個人,24,50m自由形,男子,,,,,,25～29歳,6,竹下翔,男子,セ・長津田,29.07,,,,,,,,,23.69,21.95,21.28,20/5
1468,74,2023,5,14,短水路,個人,24,50m自由形,男子,,,,,,25～29歳,7,石井僚,男子,セ・大森,29.20,,,,,,,,,23.69,21.95,21.28,20/2
1469,74,2023,5,14,短水路,個人,24,50m自由形,男子,,,,,,25～29歳,8,田添仁登,男子,セ・八千代台,29.21,,,,,,,,,23.69,21.95,21.28,20/3
1470,74,2023,5,14,短水路,個人,24,50m自由形,男子,,,,,,25～29歳,9,小沢征司,男子,セ・大宮宮原,29.95,,,,,,,,,23.69,21.95,21.28,20/8
1471,74,2023,5,14,短水路,個人,24,50m自由形,男子,,,,,,25～29歳,10,髙木諒,男子,セ・市川,30.92,,,,,,,,,23.69,21.95,21.28,20/7
1472,74,2023,5,14,短水路,個人,24,50m自由形,男子,,,,,,25～29歳,11,大野淳哉,男子,セ・上池袋,32.84,,,,,,,,,23.69,21.95,21.28,20/1
1473,74,2023,5,14,短水路,個人,24,50m自由形,男子,,,,,,18～24歳,1,設樂航希,男子,セ・流山,23.73,,,,,,,,TRUE,23.77,21.87,21.87,22/4
1474,74,2023,5,14,短水路,個人,24,50m自由形,男子,,,,,,18～24歳,2,田中啓二朗,男子,セ・二俣川,25.19,,,,,,,,,23.77,21.87,21.87,22/3
1475,74,2023,5,14,短水路,個人,24,50m自由形,男子,,,,,,18～24歳,3,川西智大,男子,セ・南千住,25.40,,,,,,,,,23.77,21.87,21.87,22/2
1476,74,2023,5,14,短水路,個人,24,50m自由形,男子,,,,,,18～24歳,4,室坂拓真,男子,セ・用賀,25.65,,,,,,,,,23.77,21.87,21.87,22/5
1477,74,2023,5,14,短水路,個人,24,50m自由形,男子,,,,,,18～24歳,5,秋澤裕介,男子,セ・二俣川,25.69,,,,,,,,,23.77,21.87,21.87,22/6
1478,74,2023,5,14,短水路,個人,24,50m自由形,男子,,,,,,18～24歳,6,山崎陸真,男子,セ・二俣川,25.77,,,,,,,,,23.77,21.87,21.87,22/7
1479,74,2023,5,14,短水路,個人,24,50m自由形,男子,,,,,,18～24歳,7,重高良彦,男子,セ・能見台,26.65,,,,,,,,,23.77,21.87,21.87,22/8
1480,74,2023,5,14,短水路,個人,24,50m自由形,男子,,,,,,18～24歳,8,山崎緋呂,男子,セ・葛西,29.01,,,,,,,,,23.77,21.87,21.87,21/2
1481,74,2023,5,14,短水路,個人,24,50m自由形,男子,,,,,,18～24歳,9,佐々木駿,男子,セ・流山,35.12,,,,,,,,,23.77,21.87,21.87,21/1
1482,74,2023,5,14,短水路,個人,24,50m自由形,男子,,,,,,18～24歳,10,髙橋宙大,男子,セ・桶川北本,35.83,,,,,,,,,23.77,21.87,21.87,21/8
1483,74,2023,5,14,短水路,個人,24,50m自由形,男子,,,,,,18～24歳,,松本海星,男子,セ・清瀬,,,,,,,,,,23.77,21.87,21.87,21/7
1484,74,2023,5,14,短水路,個人,25,50m背泳ぎ,女子,,,,,,85～89歳,1,田之上ノブ,女子,セ・蘇我,1:03.03,,,,,,,,,1:02.62,57.29,47.99,1/7
1485,74,2023,5,14,短水路,個人,25,50m背泳ぎ,女子,,,,,,80～84歳,1,相澤和子,女子,セ・新都心,1:15.76,,,,,,,,,53.67,43.76,43.76,1/1
1486,74,2023,5,14,短水路,個人,25,50m背泳ぎ,女子,,,,,,75～79歳,1,戸田洋子,女子,セ・東戸塚,55.32,,,,,,,,,46.66,41.12,39.01,1/4
1487,74,2023,5,14,短水路,個人,25,50m背泳ぎ,女子,,,,,,75～79歳,2,星幸恵,女子,クリーンスパ,57.69,,,,,,,,,46.66,41.12,39.01,1/3
1488,74,2023,5,14,短水路,個人,25,50m背泳ぎ,女子,,,,,,75～79歳,3,西村咲喜子,女子,セ・志木,1:28.62,,,,,,,,,46.66,41.12,39.01,1/8
1489,74,2023,5,14,短水路,個人,25,50m背泳ぎ,女子,,,,,,70～74歳,1,松村恵子,女子,セ・葛西,48.68,,,,,,,,,43.90,39.79,34.68,2/6
1490,74,2023,5,14,短水路,個人,25,50m背泳ぎ,女子,,,,,,70～74歳,2,水谷裕子,女子,セ・西新井,51.23,,,,,,,,,43.90,39.79,34.68,2/8
1491,74,2023,5,14,短水路,個人,25,50m背泳ぎ,女子,,,,,,70～74歳,3,酒井愛子,女子,セ・湘南ＬＴ,52.73,,,,,,,,,43.90,39.79,34.68,1/5
1492,74,2023,5,14,短水路,個人,25,50m背泳ぎ,女子,,,,,,70～74歳,4,木村恵子,女子,セ・越谷,59.06,,,,,,,,,43.90,39.79,34.68,1/6
1493,74,2023,5,14,短水路,個人,25,50m背泳ぎ,女子,,,,,,65～69歳,1,酒井香澄,女子,セ・湘南ＬＴ,43.11,,,,,,,,,42.27,37.63,33.41,3/4
1494,74,2023,5,14,短水路,個人,25,50m背泳ぎ,女子,,,,,,65～69歳,2,吉野治子,女子,セ・成城,46.16,,,,,,,,,42.27,37.63,33.41,2/4
1495,74,2023,5,14,短水路,個人,25,50m背泳ぎ,女子,,,,,,65～69歳,3,田邊和歌子,女子,セ・横浜,47.76,,,,,,,,,42.27,37.63,33.41,2/5
1496,74,2023,5,14,短水路,個人,25,50m背泳ぎ,女子,,,,,,65～69歳,4,原昌代,女子,セ・市ヶ尾,49.12,,,,,,,,,42.27,37.63,33.41,2/7
1497,74,2023,5,14,短水路,個人,25,50m背泳ぎ,女子,,,,,,65～69歳,5,江幡菜穂子,女子,クリーンスパ,50.34,,,,,,,,,42.27,37.63,33.41,2/1
1498,74,2023,5,14,短水路,個人,25,50m背泳ぎ,女子,,,,,,65～69歳,6,森本美恵,女子,セ・松戸,50.64,,,,,,,,,42.27,37.63,33.41,2/2
1499,74,2023,5,14,短水路,個人,25,50m背泳ぎ,女子,,,,,,60～64歳,1,西井良子,女子,セ・福生,35.67,,,,,,,,TRUE,39.54,35.78,32.91,4/4
1500,74,2023,5,14,短水路,個人,25,50m背泳ぎ,女子,,,,,,60～64歳,2,石田良子,女子,セ・越谷,42.71,,,,,,,,,39.54,35.78,32.91,3/3
1501,74,2023,5,14,短水路,個人,25,50m背泳ぎ,女子,,,,,,60～64歳,3,茂榊典子,女子,セ・成城,43.36,,,,,,,,,39.54,35.78,32.91,3/6
1502,74,2023,5,14,短水路,個人,25,50m背泳ぎ,女子,,,,,,60～64歳,4,座間千鶴子,女子,ザバス金沢八,45.29,,,,,,,,,39.54,35.78,32.91,3/5
1503,74,2023,5,14,短水路,個人,25,50m背泳ぎ,女子,,,,,,60～64歳,5,牧田雅美,女子,セ・成城,46.74,,,,,,,,,39.54,35.78,32.91,3/7
1504,74,2023,5,14,短水路,個人,25,50m背泳ぎ,女子,,,,,,60～64歳,6,松田聡美,女子,セ・成城,47.37,,,,,,,,,39.54,35.78,32.91,3/2
1505,74,2023,5,14,短水路,個人,25,50m背泳ぎ,女子,,,,,,60～64歳,7,野崎由美子,女子,セ・おおたか,49.50,,,,,,,,,39.54,35.78,32.91,3/1
1506,74,2023,5,14,短水路,個人,25,50m背泳ぎ,女子,,,,,,60～64歳,8,毛利ゆかり,女子,セ・横浜,51.80,,,,,,,,,39.54,35.78,32.91,3/8
1507,74,2023,5,14,短水路,個人,25,50m背泳ぎ,女子,,,,,,55～59歳,1,袴田智津子,女子,セ・湘南ＬＴ,40.40,,,,,,,,,34.84,32.74,30.12,5/5
1508,74,2023,5,14,短水路,個人,25,50m背泳ぎ,女子,,,,,,55～59歳,2,生田目則子,女子,セ・自由が丘,43.25,,,,,,,,,34.84,32.74,30.12,4/5
1509,74,2023,5,14,短水路,個人,25,50m背泳ぎ,女子,,,,,,55～59歳,3,小林のぞみ,女子,セ・越谷,43.39,,,,,,,,,34.84,32.74,30.12,4/6
1510,74,2023,5,14,短水路,個人,25,50m背泳ぎ,女子,,,,,,55～59歳,4,及川薫,女子,セ・松戸,44.53,,,,,,,,,34.84,32.74,30.12,4/7
1511,74,2023,5,14,短水路,個人,25,50m背泳ぎ,女子,,,,,,55～59歳,5,平林すみれ,女子,セ・ときわ台,45.18,,,,,,,,,34.84,32.74,30.12,4/3
1512,74,2023,5,14,短水路,個人,25,50m背泳ぎ,女子,,,,,,55～59歳,6,武部友美子,女子,セ・東戸塚,46.45,,,,,,,,,34.84,32.74,30.12,4/8
1513,74,2023,5,14,短水路,個人,25,50m背泳ぎ,女子,,,,,,55～59歳,7,中野朗子,女子,セ・慶應日吉,46.65,,,,,,,,,34.84,32.74,30.12,4/1
1514,74,2023,5,14,短水路,個人,25,50m背泳ぎ,女子,,,,,,55～59歳,8,佐藤晴美,女子,セ・トレッサ,47.89,,,,,,,,,34.84,32.74,30.12,4/2
1515,74,2023,5,14,短水路,個人,25,50m背泳ぎ,女子,,,,,,50～54歳,1,菅原幸,女子,セ・トレッサ,39.25,,,,,,,,,34.28,31.77,30.27,5/4
1516,74,2023,5,14,短水路,個人,25,50m背泳ぎ,女子,,,,,,50～54歳,2,八尋加苗,女子,セ・松戸,44.50,,,,,,,,,34.28,31.77,30.27,5/3
1517,74,2023,5,14,短水路,個人,25,50m背泳ぎ,女子,,,,,,50～54歳,3,沢本和歌子,女子,セ・新浦安,46.58,,,,,,,,,34.28,31.77,30.27,5/6
1518,74,2023,5,14,短水路,個人,25,50m背泳ぎ,女子,,,,,,50～54歳,4,守尾静子,女子,セ・我孫子,51.09,,,,,,,,,34.28,31.77,30.27,5/2
1519,74,2023,5,14,短水路,個人,25,50m背泳ぎ,女子,,,,,,45～49歳,1,梅澤亮子,女子,セ・桶川北本,34.33,,,,,,,,TRUE,34.42,31.21,29.52,6/4
1520,74,2023,5,14,短水路,個人,25,50m背泳ぎ,女子,,,,,,45～49歳,2,遠藤真理,女子,セ・阿佐谷,36.51,,,,,,,,,34.42,31.21,29.52,6/5
1521,74,2023,5,14,短水路,個人,25,50m背泳ぎ,女子,,,,,,45～49歳,3,相川悦子,女子,セ・蒲田,37.72,,,,,,,,,34.42,31.21,29.52,6/3
1522,74,2023,5,14,短水路,個人,25,50m背泳ぎ,女子,,,,,,45～49歳,4,大橋ほづ美,女子,セ・清瀬,38.87,,,,,,,,,34.42,31.21,29.52,6/6
1523,74,2023,5,14,短水路,個人,25,50m背泳ぎ,女子,,,,,,45～49歳,5,高橋麻子,女子,セ・市ヶ尾,42.27,,,,,,,,,34.42,31.21,29.52,6/2
1524,74,2023,5,14,短水路,個人,25,50m背泳ぎ,女子,,,,,,45～49歳,5,宇田川美穂,女子,セ・天王洲,42.27,,,,,,,,,34.42,31.21,29.52,6/7
1525,74,2023,5,14,短水路,個人,25,50m背泳ぎ,女子,,,,,,45～49歳,7,奈良佳枝,女子,セ・蘇我,48.77,,,,,,,,,34.42,31.21,29.52,6/1
1526,74,2023,5,14,短水路,個人,25,50m背泳ぎ,女子,,,,,,40～44歳,1,渋屋由香里,女子,セ・二俣川,42.28,,,,,,,,,33.28,30.12,28.86,7/1
1527,74,2023,5,14,短水路,個人,25,50m背泳ぎ,女子,,,,,,35～39歳,1,谷岡千秋,女子,セ・用賀,55.54,,,,,,,,,33.16,29.84,27.63,7/8
1528,74,2023,5,14,短水路,個人,25,50m背泳ぎ,女子,,,,,,30～34歳,1,中畑眸,女子,セ・成城,38.28,,,,,,,,,29.17,27.43,27.43,7/2
1529,74,2023,5,14,短水路,個人,25,50m背泳ぎ,女子,,,,,,25～29歳,1,岡澤志織,女子,セ・茂原,31.16,,,,,,,,TRUE,31.22,27.88,27.88,7/5
1530,74,2023,5,14,短水路,個人,25,50m背泳ぎ,女子,,,,,,25～29歳,2,仲田笑美,女子,セ・成城,33.67,,,,,,,,,31.22,27.88,27.88,7/6
1531,74,2023,5,14,短水路,個人,25,50m背泳ぎ,女子,,,,,,25～29歳,3,青木悠奈,女子,セ・本郷台,39.42,,,,,,,,,31.22,27.88,27.88,7/7
1532,74,2023,5,14,短水路,個人,25,50m背泳ぎ,女子,,,,,,18～24歳,1,君島凜香,女子,セ・おおたか,31.39,,,,,,,,,30.85,27.88,27.88,7/4
1533,74,2023,5,14,短水路,個人,25,50m背泳ぎ,女子,,,,,,18～24歳,2,遠藤優奈,女子,セ・新都心,32.50,,,,,,,,,30.85,27.88,27.88,7/3
1534,74,2023,5,14,短水路,個人,26,50m背泳ぎ,男子,,,,,,75～79歳,1,田中信夫,男子,セ・越谷,46.95,,,,,,,,,44.61,36.58,33.87,1/3
1535,74,2023,5,14,短水路,個人,26,50m背泳ぎ,男子,,,,,,65～69歳,1,臼井全人,男子,セ・大宮宮原,42.51,,,,,,,,,37.44,31.77,30.34,1/5
1536,74,2023,5,14,短水路,個人,26,50m背泳ぎ,男子,,,,,,65～69歳,2,久保田紀之,男子,セ・本郷台,42.64,,,,,,,,,37.44,31.77,30.34,1/4
1537,74,2023,5,14,短水路,個人,26,50m背泳ぎ,男子,,,,,,65～69歳,3,常山賢二,男子,曽谷・セ,45.84,,,,,,,,,37.44,31.77,30.34,1/6
1538,74,2023,5,14,短水路,個人,26,50m背泳ぎ,男子,,,,,,60～64歳,1,濱井健次,男子,セ・ときわ台,32.97,,,,,,,,TRUE,33.72,30.17,29.44,2/4
1539,74,2023,5,14,短水路,個人,26,50m背泳ぎ,男子,,,,,,60～64歳,2,會田修一,男子,セ・おおたか,37.37,,,,,,,,,33.72,30.17,29.44,2/1
1540,74,2023,5,14,短水路,個人,26,50m背泳ぎ,男子,,,,,,60～64歳,,鈴木篤,男子,セ・おおたか,,,,,,,,,,33.72,30.17,29.44,1/2
1541,74,2023,5,14,短水路,個人,26,50m背泳ぎ,男子,,,,,,50～54歳,1,植田俊介,男子,セ・自由が丘,29.93,,,,,,,,,28.67,27.73,26.69,3/5
1542,74,2023,5,14,短水路,個人,26,50m背泳ぎ,男子,,,,,,50～54歳,2,河野悟,男子,セ・慶應日吉,31.69,,,,,,,,,28.67,27.73,26.69,3/7
1543,74,2023,5,14,短水路,個人,26,50m背泳ぎ,男子,,,,,,50～54歳,3,山田耕一,男子,セ・清瀬,34.02,,,,,,,,,28.67,27.73,26.69,2/5
1544,74,2023,5,14,短水路,個人,26,50m背泳ぎ,男子,,,,,,50～54歳,4,枡澤英也,男子,セ・用賀,34.28,,,,,,,,,28.67,27.73,26.69,2/3
1545,74,2023,5,14,短水路,個人,26,50m背泳ぎ,男子,,,,,,50～54歳,5,瀬川栄樹,男子,セ・成城,35.09,,,,,,,,,28.67,27.73,26.69,2/6
1546,74,2023,5,14,短水路,個人,26,50m背泳ぎ,男子,,,,,,50～54歳,6,荒井正明,男子,セ・八千代台,36.08,,,,,,,,,28.67,27.73,26.69,2/2
1547,74,2023,5,14,短水路,個人,26,50m背泳ぎ,男子,,,,,,50～54歳,7,宮川則仁,男子,セ・大宮宮原,36.90,,,,,,,,,28.67,27.73,26.69,2/7
1548,74,2023,5,14,短水路,個人,26,50m背泳ぎ,男子,,,,,,50～54歳,8,青木正昭,男子,セ・福生,43.71,,,,,,,,,28.67,27.73,26.69,2/8
1549,74,2023,5,14,短水路,個人,26,50m背泳ぎ,男子,,,,,,45～49歳,1,山岡拓馬,男子,セ・清瀬,27.38,,,,,,,,TRUE,28.19,26.62,26.23,3/4
1550,74,2023,5,14,短水路,個人,26,50m背泳ぎ,男子,,,,,,45～49歳,2,齊藤仁,男子,セ・茂原,36.49,,,,,,,,,28.19,26.62,26.23,3/8
1551,74,2023,5,14,短水路,個人,26,50m背泳ぎ,男子,,,,,,40～44歳,1,寺田貴洋,男子,セ・二俣川,29.45,,,,,,,,,28.77,25.48,25.48,3/6
1552,74,2023,5,14,短水路,個人,26,50m背泳ぎ,男子,,,,,,40～44歳,2,藤岡大輝,男子,ザバス和光,33.90,,,,,,,,,28.77,25.48,25.48,3/1
1553,74,2023,5,14,短水路,個人,26,50m背泳ぎ,男子,,,,,,35～39歳,1,棚網宏之,男子,セ・阿佐谷,29.58,,,,,,,,,27.15,25.26,24.48,4/3
1554,74,2023,5,14,短水路,個人,26,50m背泳ぎ,男子,,,,,,35～39歳,2,椎本恭平,男子,セ・目黒,30.83,,,,,,,,,27.15,25.26,24.48,3/2
1555,74,2023,5,14,短水路,個人,26,50m背泳ぎ,男子,,,,,,35～39歳,3,岩本和也,男子,セ・志木,31.22,,,,,,,,,27.15,25.26,24.48,3/3
1556,74,2023,5,14,短水路,個人,26,50m背泳ぎ,男子,,,,,,30～34歳,1,森岳,男子,セ・目黒,27.26,,,,,,,,TRUE,27.28,24.83,23.86,4/5
1557,74,2023,5,14,短水路,個人,26,50m背泳ぎ,男子,,,,,,30～34歳,2,佐藤拓哉,男子,セ・蒲田,36.35,,,,,,,,,27.28,24.83,23.86,4/1
1558,74,2023,5,14,短水路,個人,26,50m背泳ぎ,男子,,,,,,30～34歳,3,新福留広貴,男子,セ・二俣川,36.58,,,,,,,,,27.28,24.83,23.86,4/8
1559,74,2023,5,14,短水路,個人,26,50m背泳ぎ,男子,,,,,,25～29歳,1,石川和樹,男子,セ・谷津,25.95,,,,,,,,TRUE,27.24,23.95,23.70,4/4
1560,74,2023,5,14,短水路,個人,26,50m背泳ぎ,男子,,,,,,18～24歳,1,内田空良,男子,セ・長津田,27.98,,,,,,,,,27.57,23.86,23.86,4/7
1561,74,2023,5,14,短水路,個人,26,50m背泳ぎ,男子,,,,,,18～24歳,2,只野克,男子,セ・谷津,28.63,,,,,,,,,27.57,23.86,23.86,4/6
1562,74,2023,5,14,短水路,個人,26,50m背泳ぎ,男子,,,,,,18～24歳,3,青木陽輝,男子,セ・西東京,29.07,,,,,,,,,27.57,23.86,23.86,4/2
1563,74,2023,5,14,短水路,個人,27,50mバタフライ,女子,,,,,,75～79歳,1,古旗美鈴,女子,セ・上池袋,55.04,,,,,,,,TRUE,55.72,42.23,38.17,1/6
1564,74,2023,5,14,短水路,個人,27,50mバタフライ,女子,,,,,,70～74歳,1,大山恵子,女子,セ・葛西,44.84,,,,,,,,,43.46,37.35,34.91,1/4
1565,74,2023,5,14,短水路,個人,27,50mバタフライ,女子,,,,,,70～74歳,2,近藤ひな子,女子,セ・二俣川,50.19,,,,,,,,,43.46,37.35,34.91,1/5
1566,74,2023,5,14,短水路,個人,27,50mバタフライ,女子,,,,,,70～74歳,3,大熊正子,女子,セ・桶川北本,56.60,,,,,,,,,43.46,37.35,34.91,1/7
1567,74,2023,5,14,短水路,個人,27,50mバタフライ,女子,,,,,,70～74歳,4,木村恵子,女子,セ・越谷,58.28,,,,,,,,,43.46,37.35,34.91,1/2
1568,74,2023,5,14,短水路,個人,27,50mバタフライ,女子,,,,,,70～74歳,5,水谷裕子,女子,セ・西新井,1:00.27,,,,,,,,,43.46,37.35,34.91,1/3
1569,74,2023,5,14,短水路,個人,27,50mバタフライ,女子,,,,,,65～69歳,1,青木華世子,女子,セ・松戸,42.17,,,,,,,,,40.29,35.15,32.57,2/5
1570,74,2023,5,14,短水路,個人,27,50mバタフライ,女子,,,,,,65～69歳,2,木村りょう子,女子,セ・福生,42.90,,,,,,,,,40.29,35.15,32.57,2/4
1571,74,2023,5,14,短水路,個人,27,50mバタフライ,女子,,,,,,65～69歳,3,ダン典子,女子,セ・自由が丘,44.17,,,,,,,,,40.29,35.15,32.57,2/3
1572,74,2023,5,14,短水路,個人,27,50mバタフライ,女子,,,,,,65～69歳,4,中村和子,女子,セ・越谷,45.13,,,,,,,,,40.29,35.15,32.57,2/2
1573,74,2023,5,14,短水路,個人,27,50mバタフライ,女子,,,,,,65～69歳,5,井手敦子,女子,セ・慶應日吉,46.32,,,,,,,,,40.29,35.15,32.57,2/6
1574,74,2023,5,14,短水路,個人,27,50mバタフライ,女子,,,,,,65～69歳,6,岩崎良子,女子,セ・おおたか,46.50,,,,,,,,,40.29,35.15,32.57,2/1
1575,74,2023,5,14,短水路,個人,27,50mバタフライ,女子,,,,,,65～69歳,7,荒井澄子,女子,セ・湘南ＬＴ,47.41,,,,,,,,,40.29,35.15,32.57,2/7
1576,74,2023,5,14,短水路,個人,27,50mバタフライ,女子,,,,,,65～69歳,8,田代奈緒子,女子,セ・ときわ台,55.50,,,,,,,,,40.29,35.15,32.57,2/8
1577,74,2023,5,14,短水路,個人,27,50mバタフライ,女子,,,,,,60～64歳,1,武井麻知子,女子,セ・二俣川,37.82,,,,,,,,,37.17,32.99,31.24,3/5
1578,74,2023,5,14,短水路,個人,27,50mバタフライ,女子,,,,,,60～64歳,2,茂榊典子,女子,セ・成城,44.22,,,,,,,,,37.17,32.99,31.24,3/6
1579,74,2023,5,14,短水路,個人,27,50mバタフライ,女子,,,,,,60～64歳,3,座間千鶴子,女子,ザバス金沢八,46.01,,,,,,,,,37.17,32.99,31.24,3/2
1580,74,2023,5,14,短水路,個人,27,50mバタフライ,女子,,,,,,55～59歳,1,若林朋子,女子,セ・大宮宮原,34.29,,,,,,,,TRUE,37.01,31.52,29.39,3/4
1581,74,2023,5,14,短水路,個人,27,50mバタフライ,女子,,,,,,55～59歳,2,黒田妙子,女子,セ・柏,51.00,,,,,,,,,37.01,31.52,29.39,3/1
1582,74,2023,5,14,短水路,個人,27,50mバタフライ,女子,,,,,,50～54歳,1,津田千鶴,女子,セ・能見台,47.38,,,,,,,,,32.09,29.20,29.14,3/7
1583,74,2023,5,14,短水路,個人,27,50mバタフライ,女子,,,,,,45～49歳,1,小谷佐織,女子,セ・千葉みなと,37.10,,,,,,,,,32.12,28.53,28.53,4/5
1584,74,2023,5,14,短水路,個人,27,50mバタフライ,女子,,,,,,45～49歳,2,山岡香織,女子,セ・清瀬,40.42,,,,,,,,,32.12,28.53,28.53,4/6
1585,74,2023,5,14,短水路,個人,27,50mバタフライ,女子,,,,,,45～49歳,3,小室桃子,女子,セ・八王子,40.49,,,,,,,,,32.12,28.53,28.53,4/3
1586,74,2023,5,14,短水路,個人,27,50mバタフライ,女子,,,,,,45～49歳,4,髙島典子,女子,セ・大森,49.02,,,,,,,,,32.12,28.53,28.53,4/7
1587,74,2023,5,14,短水路,個人,27,50mバタフライ,女子,,,,,,45～49歳,5,髙橋里美,女子,セ・横浜,56.37,,,,,,,,,32.12,28.53,28.53,4/1
1588,74,2023,5,14,短水路,個人,27,50mバタフライ,女子,,,,,,40～44歳,1,上田有紀,女子,セ・新浦安,38.87,,,,,,,,,31.21,28.50,28.19,4/2
1589,74,2023,5,14,短水路,個人,27,50mバタフライ,女子,,,,,,40～44歳,,吉村華余,女子,セ・長津田,,,,,,,,,,31.21,28.50,28.19,4/4
1590,74,2023,5,14,短水路,個人,27,50mバタフライ,女子,,,,,,35～39歳,1,青木梨緒,女子,セ・葛西,32.00,,,,,,,,,29.62,28.15,27.29,5/4
1591,74,2023,5,14,短水路,個人,27,50mバタフライ,女子,,,,,,35～39歳,2,新妻梓,女子,セ・西東京,33.88,,,,,,,,,29.62,28.15,27.29,5/6
1592,74,2023,5,14,短水路,個人,27,50mバタフライ,女子,,,,,,30～34歳,1,菊地美春,女子,セ・目黒,31.57,,,,,,,,,29.92,27.08,27.08,5/5
1593,74,2023,5,14,短水路,個人,27,50mバタフライ,女子,,,,,,25～29歳,1,髙田美羽,女子,セ・蘇我,39.01,,,,,,,,,29.19,26.30,26.14,5/1
1594,74,2023,5,14,短水路,個人,27,50mバタフライ,女子,,,,,,25～29歳,2,水上真衣,女子,セ・目黒,44.69,,,,,,,,,29.19,26.30,26.14,5/8
1595,74,2023,5,14,短水路,個人,27,50mバタフライ,女子,,,,,,18～24歳,1,西澤瑛倫,女子,セ・越谷,31.76,,,,,,,,,28.69,27.10,27.10,5/7
1596,74,2023,5,14,短水路,個人,27,50mバタフライ,女子,,,,,,18～24歳,2,広瀬幸音,女子,セ・成城,31.91,,,,,,,,,28.69,27.10,27.10,5/3
1597,74,2023,5,14,短水路,個人,28,50mバタフライ,男子,,,,,,85～89歳,1,三橋正和,男子,セ・蘇我,1:02.43,,,,,,,,,,44.10,41.08,1/8
1598,74,2023,5,14,短水路,個人,28,50mバタフライ,男子,,,,,,75～79歳,1,白井清嗣,男子,セ・大宮宮原,44.27,,,,,,,,,43.40,32.93,32.09,1/7
1599,74,2023,5,14,短水路,個人,28,50mバタフライ,男子,,,,,,70～74歳,1,安藤次郎,男子,セ・館山,35.76,,,,,,,,,35.47,31.35,29.52,1/5
1600,74,2023,5,14,短水路,個人,28,50mバタフライ,男子,,,,,,70～74歳,2,香川左近,男子,セ・二俣川,41.92,,,,,,,,,35.47,31.35,29.52,1/3
1601,74,2023,5,14,短水路,個人,28,50mバタフライ,男子,,,,,,65～69歳,1,吉原一彦,男子,セ・阿佐谷,32.33,,,,,,,,TRUE,33.50,29.11,28.65,1/4
1602,74,2023,5,14,短水路,個人,28,50mバタフライ,男子,,,,,,65～69歳,2,松浦彰,男子,セ・新浦安,43.56,,,,,,,,,33.50,29.11,28.65,1/2
1603,74,2023,5,14,短水路,個人,28,50mバタフライ,男子,,,,,,65～69歳,3,飯沼明,男子,セ・長津田,46.83,,,,,,,,,33.50,29.11,28.65,1/6
1604,74,2023,5,14,短水路,個人,28,50mバタフライ,男子,,,,,,60～64歳,1,安田洋一郎,男子,セ・八千代台,32.14,,,,,,,,TRUE,32.55,28.30,26.78,2/5
1605,74,2023,5,14,短水路,個人,28,50mバタフライ,男子,,,,,,60～64歳,2,海辺信吉,男子,セ・おおたか,34.07,,,,,,,,,32.55,28.30,26.78,2/6
1606,74,2023,5,14,短水路,個人,28,50mバタフライ,男子,,,,,,60～64歳,3,藤田万之葉,男子,セ・目黒,35.40,,,,,,,,,32.55,28.30,26.78,2/3
1607,74,2023,5,14,短水路,個人,28,50mバタフライ,男子,,,,,,60～64歳,4,二宮博,男子,セ・横浜,38.88,,,,,,,,,32.55,28.30,26.78,2/2
1608,74,2023,5,14,短水路,個人,28,50mバタフライ,男子,,,,,,60～64歳,5,一色洋志,男子,セ・福生,40.22,,,,,,,,,32.55,28.30,26.78,2/7
1609,74,2023,5,14,短水路,個人,28,50mバタフライ,男子,,,,,,55～59歳,1,古野間孝,男子,セ・亀有,32.38,,,,,,,,,28.85,26.98,26.43,3/4
1610,74,2023,5,14,短水路,個人,28,50mバタフライ,男子,,,,,,55～59歳,2,廣本佳也,男子,セ・上池袋,35.43,,,,,,,,,28.85,26.98,26.43,3/5
1611,74,2023,5,14,短水路,個人,28,50mバタフライ,男子,,,,,,55～59歳,3,宇田川祐一,男子,セ・高崎,35.92,,,,,,,,,28.85,26.98,26.43,3/3
1612,74,2023,5,14,短水路,個人,28,50mバタフライ,男子,,,,,,55～59歳,4,二宮淳,男子,セ・トレッサ,40.60,,,,,,,,,28.85,26.98,26.43,2/1
1613,74,2023,5,14,短水路,個人,28,50mバタフライ,男子,,,,,,55～59歳,5,浦田昌和,男子,セ・成城,42.23,,,,,,,,,28.85,26.98,26.43,3/7
1614,74,2023,5,14,短水路,個人,28,50mバタフライ,男子,,,,,,55～59歳,6,安部盛博,男子,セ・成城,47.84,,,,,,,,,28.85,26.98,26.43,2/8
1615,74,2023,5,14,短水路,個人,28,50mバタフライ,男子,,,,,,50～54歳,1,瀧本英樹,男子,セ・千葉みなと,29.82,,,,,,,,,28.09,24.96,25.14,4/4
1616,74,2023,5,14,短水路,個人,28,50mバタフライ,男子,,,,,,50～54歳,2,矢下英明,男子,セ・用賀,30.83,,,,,,,,,28.09,24.96,25.14,4/5
1617,74,2023,5,14,短水路,個人,28,50mバタフライ,男子,,,,,,50～54歳,3,清田真人,男子,セ・大宮宮原,34.25,,,,,,,,,28.09,24.96,25.14,4/1
1618,74,2023,5,14,短水路,個人,28,50mバタフライ,男子,,,,,,50～54歳,4,温井芳浩,男子,セ・谷津,35.51,,,,,,,,,28.09,24.96,25.14,4/7
1619,74,2023,5,14,短水路,個人,28,50mバタフライ,男子,,,,,,50～54歳,5,庄司和明,男子,セ・松戸,38.58,,,,,,,,,28.09,24.96,25.14,3/2
1620,74,2023,5,14,短水路,個人,28,50mバタフライ,男子,,,,,,50～54歳,6,大塚秀幸,男子,セ・慶應日吉,42.13,,,,,,,,,28.09,24.96,25.14,3/1
1621,74,2023,5,14,短水路,個人,28,50mバタフライ,男子,,,,,,50～54歳,7,古高正道,男子,セ・天王洲,42.50,,,,,,,,,28.09,24.96,25.14,3/8
1622,74,2023,5,14,短水路,個人,28,50mバタフライ,男子,,,,,,45～49歳,1,堀川広祐,男子,セ・二俣川,30.60,,,,,,,,,27.52,24.38,24.38,5/6
1623,74,2023,5,14,短水路,個人,28,50mバタフライ,男子,,,,,,45～49歳,2,関口義和,男子,セ・二俣川,30.74,,,,,,,,,27.52,24.38,24.38,5/5
1624,74,2023,5,14,短水路,個人,28,50mバタフライ,男子,,,,,,45～49歳,3,小室秀幸,男子,セ・八王子,31.69,,,,,,,,,27.52,24.38,24.38,5/3
1625,74,2023,5,14,短水路,個人,28,50mバタフライ,男子,,,,,,45～49歳,4,桐本兼輔,男子,セ・福生,31.91,,,,,,,,,27.52,24.38,24.38,4/2
1626,74,2023,5,14,短水路,個人,28,50mバタフライ,男子,,,,,,45～49歳,5,白子満,男子,セ・自由が丘,32.89,,,,,,,,,27.52,24.38,24.38,4/6
1627,74,2023,5,14,短水路,個人,28,50mバタフライ,男子,,,,,,45～49歳,6,草野剛史,男子,セ・二俣川,39.06,,,,,,,,,27.52,24.38,24.38,4/8
1628,74,2023,5,14,短水路,個人,28,50mバタフライ,男子,,,,,,40～44歳,1,杉本浩孝,男子,ザバス金沢八,27.47,,,,,,,,,25.66,24.33,24.14,5/4
1629,74,2023,5,14,短水路,個人,28,50mバタフライ,男子,,,,,,40～44歳,2,小林弘典,男子,セ・大森,31.05,,,,,,,,,25.66,24.33,24.14,5/7
1630,74,2023,5,14,短水路,個人,28,50mバタフライ,男子,,,,,,40～44歳,3,櫻井直仁,男子,セ・清瀬,32.03,,,,,,,,,25.66,24.33,24.14,5/2
1631,74,2023,5,14,短水路,個人,28,50mバタフライ,男子,,,,,,40～44歳,4,上村匠,男子,セ・下北沢,38.88,,,,,,,,,25.66,24.33,24.14,5/1
1632,74,2023,5,14,短水路,個人,28,50mバタフライ,男子,,,,,,35～39歳,1,坂田龍亮,男子,セ・南千住,26.35,,,,,,,,,25.72,23.69,23.12,6/4
1633,74,2023,5,14,短水路,個人,28,50mバタフライ,男子,,,,,,35～39歳,2,和田弘太郎,男子,セ・阿佐谷,27.38,,,,,,,,,25.72,23.69,23.12,6/3
1634,74,2023,5,14,短水路,個人,28,50mバタフライ,男子,,,,,,35～39歳,3,木村考太,男子,セ・市ヶ尾,30.30,,,,,,,,,25.72,23.69,23.12,6/2
1635,74,2023,5,14,短水路,個人,28,50mバタフライ,男子,,,,,,35～39歳,4,榊原豪,男子,セ・上池袋,31.61,,,,,,,,,25.72,23.69,23.12,6/7
1636,74,2023,5,14,短水路,個人,28,50mバタフライ,男子,,,,,,30～34歳,1,森岳,男子,セ・目黒,26.83,,,,,,,,,25.74,23.59,22.87,6/5
1637,74,2023,5,14,短水路,個人,28,50mバタフライ,男子,,,,,,30～34歳,2,江熊夕人,男子,セ・慶應日吉,31.03,,,,,,,,,25.74,23.59,22.87,6/1
1638,74,2023,5,14,短水路,個人,28,50mバタフライ,男子,,,,,,25～29歳,1,舘澤卓,男子,セ・溝ノ口,27.02,,,,,,,,,24.68,23.33,23.15,7/4
1639,74,2023,5,14,短水路,個人,28,50mバタフライ,男子,,,,,,25～29歳,2,濱中翔太,男子,セ・慶應日吉,27.07,,,,,,,,,24.68,23.33,23.15,7/3
1640,74,2023,5,14,短水路,個人,28,50mバタフライ,男子,,,,,,25～29歳,3,森寛大,男子,ザバス金沢八,27.13,,,,,,,,,24.68,23.33,23.15,7/5
1641,74,2023,5,14,短水路,個人,28,50mバタフライ,男子,,,,,,25～29歳,4,髙梨大樹,男子,セ・成城,28.81,,,,,,,,,24.68,23.33,23.15,7/6
1642,74,2023,5,14,短水路,個人,28,50mバタフライ,男子,,,,,,25～29歳,5,山口恵太,男子,セ・トレッサ,30.13,,,,,,,,,24.68,23.33,23.15,7/8
1643,74,2023,5,14,短水路,個人,28,50mバタフライ,男子,,,,,,25～29歳,6,髙木諒,男子,セ・市川,34.88,,,,,,,,,24.68,23.33,23.15,6/8
1644,74,2023,5,14,短水路,個人,28,50mバタフライ,男子,,,,,,18～24歳,1,川西智大,男子,セ・南千住,27.25,,,,,,,,,24.53,23.54,23.54,8/3
1645,74,2023,5,14,短水路,個人,28,50mバタフライ,男子,,,,,,18～24歳,2,田中啓二朗,男子,セ・二俣川,27.53,,,,,,,,,24.53,23.54,23.54,8/4
1646,74,2023,5,14,短水路,個人,28,50mバタフライ,男子,,,,,,18～24歳,3,秋澤裕介,男子,セ・二俣川,28.07,,,,,,,,,24.53,23.54,23.54,8/5
1647,74,2023,5,14,短水路,個人,28,50mバタフライ,男子,,,,,,18～24歳,4,伊藤翼,男子,セ・ときわ台,28.59,,,,,,,,,24.53,23.54,23.54,8/6
1648,74,2023,5,14,短水路,個人,28,50mバタフライ,男子,,,,,,18～24歳,5,法領田徳丞,男子,セ・蒲田,28.61,,,,,,,,,24.53,23.54,23.54,7/7
1649,74,2023,5,14,短水路,個人,28,50mバタフライ,男子,,,,,,18～24歳,6,村田雅治,男子,セ・長津田,28.87,,,,,,,,,24.53,23.54,23.54,8/8
1650,74,2023,5,14,短水路,個人,28,50mバタフライ,男子,,,,,,18～24歳,7,荒井啓汰,男子,セ・阿佐谷,29.29,,,,,,,,,24.53,23.54,23.54,7/2
1651,74,2023,5,14,短水路,個人,28,50mバタフライ,男子,,,,,,18～24歳,8,牧野聖,男子,セ・蒲田,31.39,,,,,,,,,24.53,23.54,23.54,7/1
1652,74,2023,5,14,短水路,個人,28,50mバタフライ,男子,,,,,,18～24歳,9,前納爽太,男子,セ・葛西,31.50,,,,,,,,,24.53,23.54,23.54,8/1
1653,74,2023,5,14,短水路,個人,28,50mバタフライ,男子,,,,,,18～24歳,10,嶋田翔太,男子,セ・葛西,31.55,,,,,,,,,24.53,23.54,23.54,8/7
1654,74,2023,5,14,短水路,個人,28,50mバタフライ,男子,,,,,,18～24歳,11,山崎緋呂,男子,セ・葛西,31.61,,,,,,,,,24.53,23.54,23.54,8/2
