round,pool_type,race_no,gender,event_name,age_group,world_record,japan_record,meet_record,rank,athlete_name,team_name,lane,time_display,time_seconds,is_meet_record,is_japan_record,is_world_record,points_w,points_n,dive_time,lap_times,is_dnf
80,長水路,1,女子,200m自由形,80～84歳,3:05.95,3:05.95,3:47.95,1,佐藤由利子,セ・用賀,2/9,3:53.04,233.04,False,False,False,508.0,508.0,0.85,"52.61,1:50.74,2:51.44",False
80,長水路,1,女子,200m自由形,80～84歳,3:05.95,3:05.95,3:47.95,2,竹原君枝,セ・慶應日吉,2/1,3:59.45,239.45,False,False,False,468.0,468.0,1.08,"55.04,1:56.30,2:58.93",False
80,長水路,1,女子,200m自由形,80～84歳,3:05.95,3:05.95,3:47.95,3,内田良子,セ・用賀,1/4,3:59.70,239.7,False,False,False,466.0,466.0,0.99,"55.40,1:56.19,2:58.59",False
80,長水路,1,女子,200m自由形,75～79歳,2:47.46,2:54.26,3:32.08,1,中平信子,セ・成瀬,2/5,3:22.38,202.38,True,False,False,566.0,638.0,0.9,"46.91,1:38.54,2:31.53",False
80,長水路,1,女子,200m自由形,75～79歳,2:47.46,2:54.26,3:32.08,2,藤井一恵,セ・大森,2/2,3:58.46,238.46,False,False,False,346.0,390.0,0.98,"52.82,1:52.43,2:56.79",False
80,長水路,1,女子,200m自由形,75～79歳,2:47.46,2:54.26,3:32.08,3,郡司米子,セ・八千代台,1/9,3:59.40,239.4,False,False,False,342.0,385.0,,"52.49,1:52.68,2:57.08",False
80,長水路,1,女子,200m自由形,75～79歳,2:47.46,2:54.26,3:32.08,4,馬場悦子,セ・清瀬,1/2,4:17.05,257.05,False,False,False,276.0,311.0,0.86,"56.67,2:01.39,3:11.68",False
80,長水路,1,女子,200m自由形,70～74歳,2:29.56,2:49.80,2:58.84,1,岡村悦子,セ・おおたか,2/4,3:42.85,222.85,False,False,False,302.0,442.0,1.02,"49.98,1:44.57,2:45.20",False
80,長水路,1,女子,200m自由形,70～74歳,2:29.56,2:49.80,2:58.84,2,森本美恵,セ・松戸,2/6,3:47.28,227.28,False,False,False,284.0,416.0,0.77,"52.47,1:50.06,2:50.80",False
80,長水路,1,女子,200m自由形,70～74歳,2:29.56,2:49.80,2:58.84,3,三嶋祐子,セ・阿佐谷,1/6,4:11.73,251.73,False,False,False,209.0,306.0,0.84,"56.94,2:01.24,3:05.33",False
80,長水路,1,女子,200m自由形,70～74歳,2:29.56,2:49.80,2:58.84,,菅野泰子,セ・葛西,4/5,,,False,False,False,,,,,True
80,長水路,1,女子,200m自由形,65～69歳,2:25.29,2:42.36,2:54.20,1,石井裕美,セ・ときわ台,4/6,3:00.12,180.12,False,False,False,524.0,732.0,0.82,"41.25,1:27.16,2:14.94",False
80,長水路,1,女子,200m自由形,65～69歳,2:25.29,2:42.36,2:54.20,2,野崎由美子,セ・おおたか,3/9,3:17.26,197.26,False,False,False,399.0,557.0,0.86,"45.26,1:34.90,2:27.54",False
80,長水路,1,女子,200m自由形,65～69歳,2:25.29,2:42.36,2:54.20,3,森谷登志江,セ・慶應日吉,3/6,3:17.81,197.81,False,False,False,396.0,552.0,0.82,"43.24,1:32.40,2:24.96",False
80,長水路,1,女子,200m自由形,65～69歳,2:25.29,2:42.36,2:54.20,4,山崎京子,セ・横浜,3/5,3:18.21,198.21,False,False,False,393.0,549.0,0.92,"44.24,1:35.01,2:28.14",False
80,長水路,1,女子,200m自由形,65～69歳,2:25.29,2:42.36,2:54.20,5,久松葉子,セ・成瀬,2/7,3:37.42,217.42000000000002,False,False,False,298.0,416.0,,"50.92,1:45.68,2:42.39",False
80,長水路,1,女子,200m自由形,65～69歳,2:25.29,2:42.36,2:54.20,6,宮田ひとみ,セ・阿佐谷,1/7,4:04.84,244.84,False,False,False,208.0,291.0,0.91,"56.00,1:57.73,3:00.93",False
80,長水路,1,女子,200m自由形,65～69歳,2:25.29,2:42.36,2:54.20,7,大西和子,セ・天王洲,1/1,4:45.78,285.78,False,False,False,131.0,183.0,1.32,"1:00.87,2:12.55,3:30.28",False
80,長水路,1,女子,200m自由形,60～64歳,2:16.57,2:31.90,2:35.22,1,大岡美良乃,セ・阿佐谷,4/7,3:04.08,184.08,False,False,False,408.0,561.0,0.88,"41.98,1:27.58,2:15.78",False
80,長水路,1,女子,200m自由形,60～64歳,2:16.57,2:31.90,2:35.22,2,福原美奈,セ・稲毛海岸,3/3,3:16.43,196.43,False,False,False,336.0,462.0,0.81,"45.45,1:35.21,2:26.45",False
80,長水路,1,女子,200m自由形,60～64歳,2:16.57,2:31.90,2:35.22,3,盛田真規子,セ・二俣川,3/2,3:21.35,201.35,False,False,False,312.0,429.0,0.81,"46.09,1:37.58,2:30.76",False
80,長水路,1,女子,200m自由形,60～64歳,2:16.57,2:31.90,2:35.22,4,森内裕子,セ・天王洲,2/8,3:38.61,218.61,False,False,False,243.0,335.0,1.1,"50.67,1:45.33,2:43.12",False
80,長水路,1,女子,200m自由形,55～59歳,2:16.28,2:26.85,2:31.44,1,松川律子,セ・二俣川,4/10,3:17.44,197.44,False,False,False,328.0,411.0,0.79,"42.89,1:32.39,2:24.92",False
80,長水路,1,女子,200m自由形,55～59歳,2:16.28,2:26.85,2:31.44,2,成島志雅子,セ・Ｆ宇都宮,3/1,3:20.46,200.46,False,False,False,314.0,393.0,0.85,"42.90,1:32.21,2:26.52",False
80,長水路,1,女子,200m自由形,55～59歳,2:16.28,2:26.85,2:31.44,3,山口仁子,セ・上池袋,3/8,3:24.41,204.41,False,False,False,296.0,370.0,1.06,"49.62,1:42.69,2:36.33",False
80,長水路,1,女子,200m自由形,55～59歳,2:16.28,2:26.85,2:31.44,4,是永朋子,セ・二俣川,2/3,3:45.21,225.21,False,False,False,221.0,277.0,1.0,"51.21,1:48.87,2:50.10",False
80,長水路,1,女子,200m自由形,55～59歳,2:16.28,2:26.85,2:31.44,5,佐々木夕子,セ・市ヶ尾,1/5,3:50.66,230.66,False,False,False,206.0,258.0,0.93,"53.71,1:51.32,2:51.22",False
80,長水路,1,女子,200m自由形,50～54歳,2:11.40,2:21.98,2:27.87,1,広瀬百合香,セ・武蔵小杉,5/8,2:44.81,164.81,False,False,False,506.0,639.0,0.73,"36.89,1:18.73,2:02.82",False
80,長水路,1,女子,200m自由形,50～54歳,2:11.40,2:21.98,2:27.87,2,木村美佐子,セ・南宇都宮,5/9,2:44.91,164.91,False,False,False,505.0,638.0,0.74,"37.07,1:18.72,2:01.90",False
80,長水路,1,女子,200m自由形,50～54歳,2:11.40,2:21.98,2:27.87,3,池田智子,セ・目黒,5/2,2:53.94,173.94,False,False,False,431.0,543.0,0.9,"40.26,1:23.91,2:08.88",False
80,長水路,1,女子,200m自由形,50～54歳,2:11.40,2:21.98,2:27.87,4,高橋麻子,セ・市ヶ尾,4/4,2:56.44,176.44,False,False,False,413.0,521.0,0.81,"41.37,1:27.19,2:14.25",False
80,長水路,1,女子,200m自由形,50～54歳,2:11.40,2:21.98,2:27.87,5,柳有美子,セ・おおたか,4/3,2:57.85,177.85,False,False,False,403.0,508.0,0.85,"41.92,1:27.70,2:14.41",False
80,長水路,1,女子,200m自由形,50～54歳,2:11.40,2:21.98,2:27.87,6,細沼悦子,セ・越谷,4/2,3:08.04,188.04,False,False,False,341.0,430.0,0.87,"43.90,1:33.10,2:23.54",False
80,長水路,1,女子,200m自由形,50～54歳,2:11.40,2:21.98,2:27.87,7,西川由美子,セ・葛西,4/1,3:10.40,190.4,False,False,False,328.0,414.0,0.8,"41.94,1:30.07,2:20.78",False
80,長水路,1,女子,200m自由形,45～49歳,2:10.09,2:17.82,2:31.07,1,青山里香,セ・成瀬,5/1,2:44.72,164.72,False,False,False,492.0,585.0,0.83,"37.72,1:19.68,2:03.24",False
80,長水路,1,女子,200m自由形,45～49歳,2:10.09,2:17.82,2:31.07,2,四井美穂,セ・天王洲,3/10,2:54.28,174.28,False,False,False,415.0,494.0,0.93,"39.69,1:23.45,2:08.91",False
80,長水路,1,女子,200m自由形,45～49歳,2:10.09,2:17.82,2:31.07,3,吉池奈々,セ・二俣川,4/8,3:08.11,188.11,False,False,False,330.0,393.0,0.73,"41.55,1:28.23,2:17.82",False
80,長水路,1,女子,200m自由形,45～49歳,2:10.09,2:17.82,2:31.07,4,前田由希映,セ・二俣川,3/4,3:17.25,197.25,False,False,False,286.0,341.0,0.87,"46.60,1:35.95,2:29.07",False
80,長水路,1,女子,200m自由形,45～49歳,2:10.09,2:17.82,2:31.07,5,斉藤靖子,セ・目黒,1/3,3:52.01,232.01,False,False,False,176.0,209.0,1.32,"53.89,1:52.34,2:54.50",False
80,長水路,1,女子,200m自由形,45～49歳,2:10.09,2:17.82,2:31.07,6,高島典子,セ・大森,1/8,4:14.73,254.73,False,False,False,133.0,158.0,0.9,"55.26,1:59.94,3:07.51",False
80,長水路,1,女子,200m自由形,40～44歳,2:08.42,2:08.42,2:31.64,1,宮下奏子,セ・市ヶ尾,5/3,2:40.23,160.23,False,False,False,514.0,514.0,0.69,"35.99,1:16.70,1:58.94",False
80,長水路,1,女子,200m自由形,40～44歳,2:08.42,2:08.42,2:31.64,2,久保かおり,セ・長津田,4/9,3:13.02,193.02,False,False,False,294.0,294.0,0.88,"43.79,1:33.81,2:25.17",False
80,長水路,1,女子,200m自由形,35～39歳,2:05.38,2:07.99,2:17.30,1,久保美由紀,セ・長津田,3/7,3:29.59,209.59,False,False,False,214.0,227.0,1.04,"46.24,1:40.48,2:37.46",False
80,長水路,1,女子,200m自由形,30～34歳,2:02.35,2:04.62,2:20.79,1,大和久佳江,セ・袖ヶ浦,5/4,2:31.12,151.12,False,False,False,530.0,560.0,0.71,"33.51,1:10.63,1:50.25",False
80,長水路,1,女子,200m自由形,30～34歳,2:02.35,2:04.62,2:20.79,2,篠原萌,セ・西新井,5/10,2:54.91,174.91,False,False,False,342.0,361.0,0.84,"37.40,1:21.29,2:08.60",False
80,長水路,1,女子,200m自由形,25～29歳,2:02.06,2:06.81,2:20.67,1,新後海優,セ・トレッサ,5/6,2:27.08,147.07999999999998,False,False,False,571.0,640.0,0.73,"32.74,1:09.22,1:48.12",False
80,長水路,1,女子,200m自由形,18～24歳,,,2:16.87,1,岩城心美,セ・武蔵小杉,5/5,2:16.09,136.09,True,False,False,,,,"31.44,1:05.88,1:41.30",False
80,長水路,1,女子,200m自由形,18～24歳,,,2:16.87,2,下平紗和,セ・八王子,5/7,2:32.24,152.24,False,False,False,,,,"34.30,1:12.71,1:53.30",False
80,長水路,2,男子,200m自由形,85～89歳,3:03.50,3:10.33,3:35.53,1,中田正二,セ・成城,1/4,3:43.11,223.11,False,False,False,556.0,620.0,1.03,"48.11,1:44.52,2:44.61",False
80,長水路,2,男子,200m自由形,75～79歳,2:25.66,2:33.87,2:51.26,1,安藤次郎,セ・館山,2/5,3:03.48,183.48,False,False,False,500.0,589.0,0.86,"40.30,1:26.35,2:16.01",False
80,長水路,2,男子,200m自由形,75～79歳,2:25.66,2:33.87,2:51.26,2,藤田善久,セ・八千代台,1/6,3:33.94,213.94,False,False,False,315.0,372.0,0.91,"45.76,1:39.57,2:36.83",False
80,長水路,2,男子,200m自由形,75～79歳,2:25.66,2:33.87,2:51.26,3,白井清嗣,セ・大宮宮原,1/2,3:34.51,214.51,False,False,False,313.0,369.0,1.08,"47.41,1:41.17,2:37.39",False
80,長水路,2,男子,200m自由形,75～79歳,2:25.66,2:33.87,2:51.26,4,伴野保志,セ・阿佐谷,1/9,4:37.99,277.99,False,False,False,143.0,169.0,1.13,"59.49,2:10.17,3:25.15",False
80,長水路,2,男子,200m自由形,70～74歳,2:16.51,2:22.88,2:33.71,1,吉原一彦,セ・阿佐谷,5/7,2:33.15,153.15,True,False,False,708.0,812.0,0.77,"35.24,1:13.75,1:53.63",False
80,長水路,2,男子,200m自由形,70～74歳,2:16.51,2:22.88,2:33.71,2,柏木治久,セ・成瀬,2/6,2:59.93,179.93,False,False,False,436.0,500.0,0.83,"40.84,1:26.87,2:15.90",False
80,長水路,2,男子,200m自由形,70～74歳,2:16.51,2:22.88,2:33.71,3,飯沼明,セ・長津田,2/3,3:19.68,199.68,False,False,False,319.0,366.0,0.82,"46.61,1:36.67,2:28.26",False
80,長水路,2,男子,200m自由形,70～74歳,2:16.51,2:22.88,2:33.71,4,菱沼和男,セ・葛西,2/4,3:19.81,199.81,False,False,False,318.0,365.0,0.94,"47.56,1:38.14,2:29.85",False
80,長水路,2,男子,200m自由形,70～74歳,2:16.51,2:22.88,2:33.71,5,橋本政明,セ・志木,2/8,3:23.92,203.92000000000002,False,False,False,299.0,343.0,0.87,"47.27,1:38.66,2:31.88",False
80,長水路,2,男子,200m自由形,70～74歳,2:16.51,2:22.88,2:33.71,6,森下善夫,セ・大宮宮原,1/7,3:34.57,214.57,False,False,False,257.0,295.0,1.03,"49.28,1:43.58,2:39.49",False
80,長水路,2,男子,200m自由形,70～74歳,2:16.51,2:22.88,2:33.71,7,折居彰,セ・阿佐谷,1/8,3:39.52,219.52,False,False,False,240.0,275.0,1.17,"50.23,1:46.56,2:43.87",False
80,長水路,2,男子,200m自由形,65～69歳,2:09.39,2:19.96,2:26.86,1,和田浩一,セ・用賀,5/3,2:39.27,159.27,False,False,False,536.0,678.0,0.74,"35.70,1:14.95,1:56.93",False
80,長水路,2,男子,200m自由形,65～69歳,2:09.39,2:19.96,2:26.86,2,神尾尚人,セ・市ヶ尾,4/8,2:41.08,161.07999999999998,False,False,False,518.0,655.0,0.72,"36.81,1:17.58,1:59.83",False
80,長水路,2,男子,200m自由形,65～69歳,2:09.39,2:19.96,2:26.86,3,若島健二,セ・二俣川,4/9,2:56.47,176.47,False,False,False,394.0,498.0,0.84,"41.52,1:25.81,2:11.52",False
80,長水路,2,男子,200m自由形,65～69歳,2:09.39,2:19.96,2:26.86,4,山本和巳,セ・茂原,2/7,3:12.92,192.92,False,False,False,301.0,381.0,0.85,"46.00,1:35.65,2:26.18",False
80,長水路,2,男子,200m自由形,65～69歳,2:09.39,2:19.96,2:26.86,5,二宮次郎,セ・南宇都宮,1/5,3:23.83,203.82999999999998,False,False,False,255.0,323.0,0.74,"42.70,1:34.07,2:29.39",False
80,長水路,2,男子,200m自由形,65～69歳,2:09.39,2:19.96,2:26.86,6,黒川恵一,セ・市ヶ尾,2/9,3:24.32,204.32,False,False,False,253.0,321.0,0.86,"44.80,1:36.33,2:30.90",False
80,長水路,2,男子,200m自由形,60～64歳,2:07.68,2:17.26,2:27.29,1,菊池千二,セ・市ヶ尾,3/1,2:29.67,149.67000000000002,False,False,False,620.0,771.0,0.79,"32.23,1:09.74,1:49.88",False
80,長水路,2,男子,200m自由形,60～64歳,2:07.68,2:17.26,2:27.29,2,古木隆介,セ・用賀,5/6,2:30.00,150.0,False,False,False,616.0,766.0,0.75,"33.88,1:11.55,1:51.39",False
80,長水路,2,男子,200m自由形,60～64歳,2:07.68,2:17.26,2:27.29,3,安間稔,セ・市ヶ尾,3/9,2:57.78,177.78,False,False,False,370.0,460.0,0.83,"40.42,1:26.03,2:13.05",False
80,長水路,2,男子,200m自由形,60～64歳,2:07.68,2:17.26,2:27.29,4,二宮淳,セ・トレッサ,3/6,2:59.83,179.82999999999998,False,False,False,357.0,444.0,0.8,"41.73,1:26.19,2:13.39",False
80,長水路,2,男子,200m自由形,55～59歳,2:02.91,2:07.50,2:19.70,1,早川友二,セ・武蔵小杉,6/4,2:22.32,142.32,False,False,False,644.0,719.0,0.8,"32.98,1:09.19,1:46.89",False
80,長水路,2,男子,200m自由形,55～59歳,2:02.91,2:07.50,2:19.70,2,倉持孝博,セ・おおたか,5/8,2:25.15,145.15,False,False,False,607.0,677.0,0.74,"34.69,1:12.29,1:50.52",False
80,長水路,2,男子,200m自由形,55～59歳,2:02.91,2:07.50,2:19.70,3,宮木幸彦,セ・葛西,4/5,2:35.21,155.21,False,False,False,496.0,554.0,0.76,"36.83,1:17.29,1:57.69",False
80,長水路,2,男子,200m自由形,55～59歳,2:02.91,2:07.50,2:19.70,4,宮川則仁,セ・大宮宮原,3/7,2:37.49,157.49,False,False,False,475.0,530.0,0.83,"35.74,1:15.92,1:57.00",False
80,長水路,2,男子,200m自由形,55～59歳,2:02.91,2:07.50,2:19.70,5,萩中希予史,セ・ときわ台,4/4,2:38.71,158.71,False,False,False,464.0,518.0,0.78,"34.12,1:12.59,1:55.41",False
80,長水路,2,男子,200m自由形,55～59歳,2:02.91,2:07.50,2:19.70,6,山田大介,セ・武蔵小杉,4/6,2:39.98,159.98,False,False,False,453.0,506.0,0.74,"37.65,1:18.15,1:59.13",False
80,長水路,2,男子,200m自由形,55～59歳,2:02.91,2:07.50,2:19.70,7,弭間政隆,セ・葛西,3/5,2:45.16,165.16,False,False,False,412.0,460.0,0.92,"38.83,1:21.59,2:03.94",False
80,長水路,2,男子,200m自由形,55～59歳,2:02.91,2:07.50,2:19.70,8,荒井正明,セ・八千代台,3/3,2:47.74,167.74,False,False,False,393.0,439.0,0.72,"39.78,1:23.12,2:07.99",False
80,長水路,2,男子,200m自由形,55～59歳,2:02.91,2:07.50,2:19.70,9,楊華,ザバス鶴見,3/4,2:49.01,169.01,False,False,False,384.0,429.0,0.82,"36.86,1:18.33,2:03.42",False
80,長水路,2,男子,200m自由形,55～59歳,2:02.91,2:07.50,2:19.70,10,本間丈博,セ・稲毛海岸,4/1,2:51.54,171.54,False,False,False,367.0,410.0,0.75,"38.57,1:20.84,2:06.41",False
80,長水路,2,男子,200m自由形,55～59歳,2:02.91,2:07.50,2:19.70,11,温井芳浩,セ・谷津,4/10,3:02.71,182.71,False,False,False,304.0,339.0,1.0,"41.71,1:28.83,2:16.90",False
80,長水路,2,男子,200m自由形,55～59歳,2:02.91,2:07.50,2:19.70,12,大塚秀幸,セ・慶應日吉,3/10,3:13.36,193.36,False,False,False,256.0,286.0,0.99,"42.34,1:30.88,2:22.76",False
80,長水路,2,男子,200m自由形,55～59歳,2:02.91,2:07.50,2:19.70,13,佐藤流生,セ・天王洲,1/3,3:51.31,231.31,False,False,False,150.0,167.0,1.03,"48.11,1:49.20,2:49.35",False
80,長水路,2,男子,200m自由形,50～54歳,1:58.62,1:59.87,2:14.24,1,田窪達,セ・市ヶ尾,7/2,2:13.50,133.5,True,False,False,701.0,723.0,0.72,"29.54,1:03.14,1:38.29",False
80,長水路,2,男子,200m自由形,50～54歳,1:58.62,1:59.87,2:14.24,2,石上智啓,セ・二俣川,5/5,2:28.87,148.87,False,False,False,505.0,522.0,0.81,"33.75,1:10.80,1:49.63",False
80,長水路,2,男子,200m自由形,50～54歳,1:58.62,1:59.87,2:14.24,3,皆川雅登,セ・大宮宮原,4/3,2:31.64,151.64,False,False,False,478.0,493.0,0.79,"35.81,1:14.32,1:53.97",False
80,長水路,2,男子,200m自由形,50～54歳,1:58.62,1:59.87,2:14.24,4,周防和彦,セ・稲毛海岸,6/9,2:31.76,151.76,False,False,False,477.0,492.0,0.7,"33.61,1:11.99,1:52.49",False
80,長水路,2,男子,200m自由形,50～54歳,1:58.62,1:59.87,2:14.24,5,藤井清和,セ・武蔵小杉,5/10,2:39.53,159.53,False,False,False,411.0,424.0,0.63,"37.07,1:17.52,1:59.31",False
80,長水路,2,男子,200m自由形,50～54歳,1:58.62,1:59.87,2:14.24,6,平田博之,セ・ときわ台,5/2,2:40.91,160.91,False,False,False,400.0,413.0,0.87,"36.45,1:16.93,1:58.86",False
80,長水路,2,男子,200m自由形,50～54歳,1:58.62,1:59.87,2:14.24,7,佐々木茂倫,セ・流山,4/7,2:42.47,162.47,False,False,False,389.0,401.0,0.84,"34.69,1:14.30,1:56.94",False
80,長水路,2,男子,200m自由形,50～54歳,1:58.62,1:59.87,2:14.24,8,渡誠,セ・清瀬,4/2,2:45.83,165.82999999999998,False,False,False,366.0,377.0,0.86,"38.36,1:20.09,2:03.78",False
80,長水路,2,男子,200m自由形,50～54歳,1:58.62,1:59.87,2:14.24,9,山村稔,セ・越谷,3/2,2:50.49,170.49,False,False,False,336.0,347.0,0.82,"37.81,1:20.41,2:06.57",False
80,長水路,2,男子,200m自由形,50～54歳,1:58.62,1:59.87,2:14.24,,江本章,セ・南宇都宮,5/9,,,False,False,False,,,,,True
80,長水路,2,男子,200m自由形,45～49歳,1:55.39,1:58.36,2:07.04,1,永瀬知之,セ・二俣川,7/10,2:18.50,138.5,False,False,False,578.0,624.0,0.76,"30.89,1:06.65,1:42.89",False
80,長水路,2,男子,200m自由形,45～49歳,1:55.39,1:58.36,2:07.04,2,大作善祥,セ・おおたか,6/3,2:28.24,148.24,False,False,False,471.0,509.0,0.82,"34.05,1:12.44,1:51.27",False
80,長水路,2,男子,200m自由形,45～49歳,1:55.39,1:58.36,2:07.04,3,山内悠,セ・市ヶ尾,6/2,2:28.56,148.56,False,False,False,468.0,505.0,0.82,"33.57,1:11.35,1:50.73",False
80,長水路,2,男子,200m自由形,45～49歳,1:55.39,1:58.36,2:07.04,4,西田幸弘,セ・藤沢,5/1,2:37.89,157.89,False,False,False,390.0,421.0,0.84,"36.95,1:17.10,1:58.99",False
80,長水路,2,男子,200m自由形,45～49歳,1:55.39,1:58.36,2:07.04,5,西野正秀,セ・慶應日吉,3/8,2:47.99,167.99,False,False,False,324.0,349.0,0.75,"38.07,1:20.06,2:03.51",False
80,長水路,2,男子,200m自由形,45～49歳,1:55.39,1:58.36,2:07.04,6,櫻井直仁,セ・清瀬,2/2,3:31.63,211.63,False,False,False,162.0,174.0,0.86,"46.10,1:39.73,2:36.55",False
80,長水路,2,男子,200m自由形,40～44歳,1:53.65,1:59.07,2:06.87,1,岡本修,セ・越谷,7/3,2:14.56,134.56,False,False,False,602.0,692.0,0.63,"29.95,1:03.81,1:39.68",False
80,長水路,2,男子,200m自由形,40～44歳,1:53.65,1:59.07,2:06.87,2,石井将太,セ・成瀬,6/6,2:20.20,140.2,False,False,False,532.0,612.0,0.81,"32.74,1:07.83,1:44.34",False
80,長水路,2,男子,200m自由形,40～44歳,1:53.65,1:59.07,2:06.87,3,溝口泰平,セ・八王子,6/8,2:20.76,140.76,False,False,False,526.0,605.0,0.88,"31.78,1:06.97,1:43.87",False
80,長水路,2,男子,200m自由形,40～44歳,1:53.65,1:59.07,2:06.87,4,浅岡遼,セ・用賀,5/4,2:31.65,151.65,False,False,False,420.0,484.0,0.8,"34.08,1:12.46,1:51.89",False
80,長水路,2,男子,200m自由形,35～39歳,1:51.84,1:51.84,2:03.40,1,岩本和也,セ・志木,7/9,2:14.39,134.39,False,False,False,576.0,576.0,0.74,"31.86,1:05.42,1:39.84",False
80,長水路,2,男子,200m自由形,35～39歳,1:51.84,1:51.84,2:03.40,2,奥平竜司,セ・武蔵小杉,6/7,2:15.09,135.09,False,False,False,567.0,567.0,0.69,"30.28,1:04.73,1:39.74",False
80,長水路,2,男子,200m自由形,35～39歳,1:51.84,1:51.84,2:03.40,3,新福留広貴,セ・二俣川,6/1,2:20.20,140.2,False,False,False,507.0,507.0,0.75,"31.71,1:07.27,1:43.89",False
80,長水路,2,男子,200m自由形,35～39歳,1:51.84,1:51.84,2:03.40,4,長田裕史,セ・柏,6/5,2:23.34,143.34,False,False,False,474.0,474.0,0.67,"32.57,1:08.41,1:46.04",False
80,長水路,2,男子,200m自由形,30～34歳,1:49.56,1:54.32,2:03.39,1,小野健,セ・天王洲,7/8,2:11.22,131.22,False,False,False,582.0,661.0,0.67,"29.30,1:01.31,1:35.52",False
80,長水路,2,男子,200m自由形,25～29歳,1:50.76,1:51.62,2:02.30,1,張旺今,セ・西新井,6/10,2:18.22,138.22,False,False,False,514.0,526.0,0.71,"28.48,1:02.63,1:40.10",False
80,長水路,2,男子,200m自由形,18～24歳,,,1:55.00,1,山本拓武,セ・トレッサ,7/5,1:56.33,116.33,False,False,False,,,,"26.84,56.39,1:27.07",False
80,長水路,2,男子,200m自由形,18～24歳,,,1:55.00,2,服部碧,セ・成城,7/4,2:04.11,124.11,False,False,False,,,,"28.33,58.89,1:31.02",False
80,長水路,2,男子,200m自由形,18～24歳,,,1:55.00,3,黒田大介,セ・成城,7/7,2:07.67,127.67,False,False,False,,,,"28.70,59.84,1:33.41",False
80,長水路,2,男子,200m自由形,18～24歳,,,1:55.00,4,都築クラウディオ佑亮,セ・おおたか,7/6,2:12.87,132.87,False,False,False,,,,"29.29,1:02.08,1:37.26",False
80,長水路,2,男子,200m自由形,18～24歳,,,1:55.00,5,結城智弘,セ・我孫子,7/1,2:19.75,139.75,False,False,False,,,,"29.34,1:03.22,1:40.37",False
80,長水路,7,女子,200m個人メドレー,80～84歳,3:47.11,4:07.83,4:39.50,1,長谷部征子,セ・八王子,1/3,4:38.16,278.15999999999997,True,False,False,544.0,707.0,0.97,"1:06.29,2:11.09,3:34.54",False
80,長水路,7,女子,200m個人メドレー,75～79歳,3:14.64,3:32.94,3:57.19,1,大山恵子,セ・葛西,2/7,3:53.46,233.46,True,False,False,579.0,758.0,0.76,"46.65,1:53.90,3:01.59",False
80,長水路,7,女子,200m個人メドレー,75～79歳,3:14.64,3:32.94,3:57.19,2,水谷裕子,セ・西新井,2/2,4:41.16,281.15999999999997,False,False,False,331.0,434.0,0.82,"1:06.43,2:19.41,3:38.22",False
80,長水路,7,女子,200m個人メドレー,75～79歳,3:14.64,3:32.94,3:57.19,3,松木真知子,セ・ときわ台,1/8,4:57.69,297.69,False,False,False,279.0,365.0,1.12,"1:12.12,2:32.96,3:46.46",False
80,長水路,7,女子,200m個人メドレー,70～74歳,3:00.96,3:13.19,3:27.63,1,木村恵子,セ・越谷,1/7,4:56.24,296.24,False,False,False,227.0,277.0,0.7,"1:06.80,2:22.07,3:46.21",False
80,長水路,7,女子,200m個人メドレー,70～74歳,3:00.96,3:13.19,3:27.63,,菅野泰子,セ・葛西,3/7,,,False,False,False,,,,,True
80,長水路,7,女子,200m個人メドレー,65～69歳,2:51.52,3:01.66,3:33.12,1,石井裕美,セ・ときわ台,3/4,3:25.34,205.34,True,False,False,582.0,692.0,0.79,"46.71,1:38.34,2:41.49",False
80,長水路,7,女子,200m個人メドレー,65～69歳,2:51.52,3:01.66,3:33.12,2,森谷登志江,セ・慶應日吉,3/9,3:47.60,227.6,False,False,False,427.0,508.0,0.92,"50.23,1:49.52,2:55.36",False
80,長水路,7,女子,200m個人メドレー,65～69歳,2:51.52,3:01.66,3:33.12,3,高松早智子,セ・南宇都宮,3/10,3:49.90,229.9,False,False,False,415.0,493.0,0.81,"49.78,1:49.80,2:55.78",False
80,長水路,7,女子,200m個人メドレー,65～69歳,2:51.52,3:01.66,3:33.12,4,井手敦子,セ・慶應日吉,3/1,3:51.35,231.35,False,False,False,407.0,484.0,0.93,"53.35,1:52.04,2:59.05",False
80,長水路,7,女子,200m個人メドレー,65～69歳,2:51.52,3:01.66,3:33.12,5,育村博子,セ・おおたか,2/4,4:01.99,241.99,False,False,False,356.0,423.0,0.75,"1:01.87,2:05.79,3:12.67",False
80,長水路,7,女子,200m個人メドレー,65～69歳,2:51.52,3:01.66,3:33.12,6,毛利ゆかり,セ・横浜,2/3,4:24.91,264.91,False,False,False,271.0,322.0,0.9,"1:00.28,2:06.54,3:24.84",False
80,長水路,7,女子,200m個人メドレー,65～69歳,2:51.52,3:01.66,3:33.12,7,近藤みゆき,セ・阿佐谷,1/4,4:39.01,279.01,False,False,False,232.0,276.0,0.7,"1:08.53,2:25.43,3:39.63",False
80,長水路,7,女子,200m個人メドレー,65～69歳,2:51.52,3:01.66,3:33.12,,太田初美,セ・越谷,1/6,,,False,False,False,,,,,True
80,長水路,7,女子,200m個人メドレー,60～64歳,2:32.30,2:57.05,3:08.52,1,若林朋子,セ・大宮宮原,4/9,3:09.54,189.54,False,False,False,518.0,815.0,0.71,"35.77,1:29.60,2:27.65",False
80,長水路,7,女子,200m個人メドレー,60～64歳,2:32.30,2:57.05,3:08.52,2,田中貴子,セ・清瀬,4/2,3:11.51,191.51,False,False,False,502.0,790.0,0.81,"40.08,1:29.77,2:26.00",False
80,長水路,7,女子,200m個人メドレー,60～64歳,2:32.30,2:57.05,3:08.52,3,榎本恵子,セ・西新井,3/8,3:35.54,215.54,False,False,False,352.0,554.0,0.84,"50.74,1:47.62,2:46.72",False
80,長水路,7,女子,200m個人メドレー,60～64歳,2:32.30,2:57.05,3:08.52,4,盛田真規子,セ・二俣川,2/6,4:04.76,244.76,False,False,False,240.0,378.0,0.81,"1:00.93,2:03.46,3:14.72",False
80,長水路,7,女子,200m個人メドレー,55～59歳,2:31.51,2:48.01,2:51.38,1,小林弘子,セ・葛西,4/10,3:28.83,208.82999999999998,False,False,False,381.0,520.0,0.81,"43.34,1:35.00,2:38.07",False
80,長水路,7,女子,200m個人メドレー,55～59歳,2:31.51,2:48.01,2:51.38,2,山口仁子,セ・上池袋,1/5,4:31.88,271.88,False,False,False,173.0,235.0,1.36,"1:00.77,2:24.73,3:42.37",False
80,長水路,7,女子,200m個人メドレー,50～54歳,2:31.02,2:39.26,2:46.75,1,広瀬百合香,セ・武蔵小杉,4/7,3:02.76,182.76,False,False,False,564.0,661.0,0.69,"38.11,1:25.10,2:20.76",False
80,長水路,7,女子,200m個人メドレー,50～54歳,2:31.02,2:39.26,2:46.75,2,池田智子,セ・目黒,4/1,3:10.08,190.08,False,False,False,501.0,588.0,0.85,"40.09,1:30.49,2:24.98",False
80,長水路,7,女子,200m個人メドレー,50～54歳,2:31.02,2:39.26,2:46.75,3,高橋圭,セ・松戸,3/3,3:27.93,207.93,False,False,False,383.0,449.0,0.87,"46.54,1:43.16,2:43.78",False
80,長水路,7,女子,200m個人メドレー,50～54歳,2:31.02,2:39.26,2:46.75,4,西川由美子,セ・葛西,3/6,3:28.22,208.22,False,False,False,381.0,447.0,0.74,"41.91,1:33.26,2:39.10",False
80,長水路,7,女子,200m個人メドレー,50～54歳,2:31.02,2:39.26,2:46.75,5,白須靖子,セ・市ヶ尾,2/5,3:33.89,213.89,False,False,False,351.0,412.0,0.76,"50.48,1:49.73,2:46.35",False
80,長水路,7,女子,200m個人メドレー,50～54歳,2:31.02,2:39.26,2:46.75,6,佐藤桂子,セ・横浜,3/2,3:48.35,228.35,False,False,False,289.0,339.0,0.81,"47.17,1:48.10,2:55.68",False
80,長水路,7,女子,200m個人メドレー,45～49歳,2:21.37,2:32.81,2:49.83,1,崎村詩織,セ・慶應日吉,4/3,3:14.14,194.14,False,False,False,386.0,487.0,0.85,"40.03,1:29.62,2:28.59",False
80,長水路,7,女子,200m個人メドレー,45～49歳,2:21.37,2:32.81,2:49.83,2,赤坂恵美子,セ・志木,2/8,4:10.15,250.15,False,False,False,180.0,227.0,0.95,"56.24,2:00.56,3:14.07",False
80,長水路,7,女子,200m個人メドレー,40～44歳,2:20.73,2:20.73,2:44.54,1,山田未紗子,セ・越谷,3/5,3:24.98,204.98,False,False,False,323.0,323.0,0.8,"43.82,1:39.33,2:36.48",False
80,長水路,7,女子,200m個人メドレー,35～39歳,2:19.59,2:21.47,2:39.83,1,海口綾乃,セ・武蔵小杉,4/6,2:54.04,174.04,False,False,False,515.0,537.0,0.87,"36.76,1:21.60,2:13.95",False
80,長水路,7,女子,200m個人メドレー,30～34歳,2:13.89,2:19.28,2:27.06,1,遠藤桃,セ・二俣川,4/5,2:45.74,165.74,False,False,False,527.0,593.0,0.84,"34.12,1:18.22,2:06.43",False
80,長水路,7,女子,200m個人メドレー,30～34歳,2:13.89,2:19.28,2:27.06,2,豊島葉子,セ・袖ヶ浦,4/4,2:47.63,167.63,False,False,False,509.0,573.0,0.75,"34.46,1:19.25,2:09.68",False
80,長水路,7,女子,200m個人メドレー,18～24歳,,,2:28.28,1,島崎帆乃華,セ・藤沢,4/8,2:55.12,175.12,False,False,False,,,,"35.23,1:20.86,2:14.17",False
80,長水路,8,男子,200m個人メドレー,80～84歳,3:14.38,3:18.88,,1,越智義夫,セ・慶應日吉,1/8,3:56.95,236.95,False,False,False,552.0,591.0,0.9,"54.02,1:59.41,3:05.93",False
80,長水路,8,男子,200m個人メドレー,75～79歳,2:53.12,3:09.33,3:25.77,1,木津誠,セ・成城,2/10,3:34.16,214.16,False,False,False,528.0,690.0,0.88,"45.55,1:46.49,2:48.80",False
80,長水路,8,男子,200m個人メドレー,75～79歳,2:53.12,3:09.33,3:25.77,2,白井清嗣,セ・大宮宮原,1/1,4:04.30,244.3,False,False,False,355.0,465.0,1.09,"55.13,2:06.99,3:12.77",False
80,長水路,8,男子,200m個人メドレー,75～79歳,2:53.12,3:09.33,3:25.77,3,荒川秀一,セ・西新井,1/2,4:40.05,280.05,False,False,False,236.0,308.0,1.16,"58.06,2:09.29,3:25.46",False
80,長水路,8,男子,200m個人メドレー,75～79歳,2:53.12,3:09.33,3:25.77,4,伴野保志,セ・阿佐谷,1/10,5:09.22,309.22,False,False,False,175.0,229.0,1.1,"1:09.24,2:37.75,3:55.40",False
80,長水路,8,男子,200m個人メドレー,70～74歳,2:35.97,2:49.11,2:53.07,1,菱沼和男,セ・葛西,1/7,4:02.70,242.7,False,False,False,265.0,338.0,0.93,"59.62,2:01.63,3:12.78",False
80,長水路,8,男子,200m個人メドレー,65～69歳,2:25.22,2:39.75,2:48.85,1,小島淳,セ・柏,1/6,3:31.16,211.16,False,False,False,325.0,432.0,0.79,"48.94,1:45.57,2:46.30",False
80,長水路,8,男子,200m個人メドレー,60～64歳,2:21.99,2:29.47,2:39.43,1,古木隆介,セ・用賀,4/2,2:48.94,168.94,False,False,False,593.0,692.0,0.73,"33.53,1:16.86,2:08.69",False
80,長水路,8,男子,200m個人メドレー,60～64歳,2:21.99,2:29.47,2:39.43,2,兼森伸児,ザバス八景,2/3,3:20.90,200.9,False,False,False,353.0,411.0,0.77,"45.31,1:41.25,2:33.45",False
80,長水路,8,男子,200m個人メドレー,60～64歳,2:21.99,2:29.47,2:39.43,3,高田義久,セ・八王子,2/1,3:26.08,206.07999999999998,False,False,False,327.0,381.0,0.68,"41.09,1:37.99,2:33.70",False
80,長水路,8,男子,200m個人メドレー,60～64歳,2:21.99,2:29.47,2:39.43,4,横山恵一,セ・越谷,2/2,3:31.26,211.26,False,False,False,303.0,354.0,0.79,"47.33,1:42.63,2:44.12",False
80,長水路,8,男子,200m個人メドレー,60～64歳,2:21.99,2:29.47,2:39.43,5,近江信之,セ・武蔵小杉,2/9,3:37.87,217.87,False,False,False,276.0,322.0,1.16,"47.35,1:46.60,2:48.88",False
80,長水路,8,男子,200m個人メドレー,60～64歳,2:21.99,2:29.47,2:39.43,6,福田剛紀,G-SPA,1/3,3:46.08,226.07999999999998,False,False,False,247.0,288.0,0.81,"51.53,1:53.02,2:53.36",False
80,長水路,8,男子,200m個人メドレー,60～64歳,2:21.99,2:29.47,2:39.43,7,二宮博,セ・横浜,1/4,3:46.31,226.31,False,False,False,246.0,288.0,0.85,"42.62,1:44.82,2:48.31",False
80,長水路,8,男子,200m個人メドレー,55～59歳,2:19.03,2:26.24,2:36.80,1,小倉秀和,セ・清瀬,4/1,2:47.71,167.71,False,False,False,569.0,663.0,0.8,"34.95,1:19.14,2:10.06",False
80,長水路,8,男子,200m個人メドレー,55～59歳,2:19.03,2:26.24,2:36.80,2,町田克浩,セ・大森,2/6,3:00.52,180.52,False,False,False,456.0,531.0,0.81,"36.12,1:24.00,2:19.44",False
80,長水路,8,男子,200m個人メドレー,55～59歳,2:19.03,2:26.24,2:36.80,3,飯田正敏,セ・用賀,3/10,3:07.20,187.2,False,False,False,409.0,476.0,0.79,"36.30,1:29.12,2:22.50",False
80,長水路,8,男子,200m個人メドレー,55～59歳,2:19.03,2:26.24,2:36.80,4,成島毅,セ・F宇都宮,2/7,3:13.45,193.45,False,False,False,371.0,432.0,0.8,"38.53,1:30.78,2:27.91",False
80,長水路,8,男子,200m個人メドレー,55～59歳,2:19.03,2:26.24,2:36.80,5,大木義之,セ・清瀬,1/9,4:04.40,244.4,False,False,False,184.0,214.0,1.01,"50.18,2:00.99,3:15.00",False
80,長水路,8,男子,200m個人メドレー,50～54歳,2:11.15,2:20.54,2:32.41,1,大村俊文,セ・二俣川,4/5,2:35.71,155.71,False,False,False,597.0,735.0,0.7,"31.22,1:14.57,1:59.35",False
80,長水路,8,男子,200m個人メドレー,50～54歳,2:11.15,2:20.54,2:32.41,2,周防和彦,セ・稲毛海岸,4/6,2:43.54,163.54,False,False,False,515.0,634.0,0.71,"34.14,1:18.46,2:05.06",False
80,長水路,8,男子,200m個人メドレー,50～54歳,2:11.15,2:20.54,2:32.41,3,羽田浩一,セ・成城,4/8,2:45.09,165.09,False,False,False,501.0,616.0,0.7,"33.62,1:17.64,2:05.55",False
80,長水路,8,男子,200m個人メドレー,50～54歳,2:11.15,2:20.54,2:32.41,4,皆川雅登,セ・大宮宮原,3/6,2:50.80,170.8,False,False,False,452.0,557.0,0.74,"35.32,1:23.16,2:13.25",False
80,長水路,8,男子,200m個人メドレー,50～54歳,2:11.15,2:20.54,2:32.41,5,中村良樹,セ・武蔵小杉,3/5,2:50.81,170.81,False,False,False,452.0,557.0,0.7,"34.83,1:19.36,2:10.93",False
80,長水路,8,男子,200m個人メドレー,50～54歳,2:11.15,2:20.54,2:32.41,6,磯貝知弘,セ・柏,3/4,2:54.49,174.49,False,False,False,424.0,522.0,0.74,"34.64,1:19.06,2:15.34",False
80,長水路,8,男子,200m個人メドレー,50～54歳,2:11.15,2:20.54,2:32.41,7,平田博之,セ・ときわ台,3/8,3:07.04,187.04,False,False,False,344.0,424.0,0.91,"38.64,1:27.12,2:24.07",False
80,長水路,8,男子,200m個人メドレー,50～54歳,2:11.15,2:20.54,2:32.41,8,祖川久茂,セ・長津田,2/5,3:09.31,189.31,False,False,False,332.0,409.0,0.7,"37.91,1:31.08,2:21.83",False
80,長水路,8,男子,200m個人メドレー,50～54歳,2:11.15,2:20.54,2:32.41,9,飯田辰徳,セ・南千住,3/3,3:10.92,190.92,False,False,False,324.0,398.0,0.8,"37.44,1:24.20,2:26.18",False
80,長水路,8,男子,200m個人メドレー,50～54歳,2:11.15,2:20.54,2:32.41,10,渡誠,セ・清瀬,2/4,3:15.48,195.48,False,False,False,301.0,371.0,0.92,"44.14,1:35.20,2:32.61",False
80,長水路,8,男子,200m個人メドレー,50～54歳,2:11.15,2:20.54,2:32.41,11,小山邦彦,セ・おおたか,1/5,3:34.66,214.66,False,False,False,228.0,280.0,0.89,"45.52,1:43.69,2:43.94",False
80,長水路,8,男子,200m個人メドレー,45～49歳,2:10.09,2:16.02,2:19.57,1,田村晋輔,セ・市ヶ尾,3/7,2:50.29,170.29,False,False,False,445.0,509.0,0.66,"33.82,1:20.39,2:09.14",False
80,長水路,8,男子,200m個人メドレー,45～49歳,2:10.09,2:16.02,2:19.57,2,齊藤仁,セ・茂原,3/2,3:00.31,180.31,False,False,False,375.0,429.0,0.7,"37.04,1:23.13,2:16.56",False
80,長水路,8,男子,200m個人メドレー,45～49歳,2:10.09,2:16.02,2:19.57,3,浅野亮介,セ・新都心,2/8,3:18.17,198.17000000000002,False,False,False,282.0,323.0,1.0,"39.56,1:29.19,2:28.20",False
80,長水路,8,男子,200m個人メドレー,40～44歳,2:08.63,2:13.76,2:20.44,1,椎本恭平,セ・阿佐谷,5/8,2:33.56,153.56,False,False,False,587.0,660.0,0.74,"31.70,1:11.02,1:56.61",False
80,長水路,8,男子,200m個人メドレー,40～44歳,2:08.63,2:13.76,2:20.44,2,小西始,セ・西新井,5/9,2:36.75,156.75,False,False,False,552.0,621.0,0.68,"32.26,1:17.12,1:59.36",False
80,長水路,8,男子,200m個人メドレー,40～44歳,2:08.63,2:13.76,2:20.44,3,図師拓千,セ・市ヶ尾,4/3,2:40.87,160.87,False,False,False,511.0,574.0,0.62,"32.39,1:16.53,2:05.73",False
80,長水路,8,男子,200m個人メドレー,40～44歳,2:08.63,2:13.76,2:20.44,4,棚網宏之,セ・阿佐谷,3/9,2:43.07,163.07,False,False,False,490.0,551.0,0.68,"33.90,1:15.00,2:03.45",False
80,長水路,8,男子,200m個人メドレー,40～44歳,2:08.63,2:13.76,2:20.44,5,溝口泰平,セ・八王子,4/4,2:51.80,171.8,False,False,False,419.0,471.0,0.78,"34.81,1:22.03,2:13.25",False
80,長水路,8,男子,200m個人メドレー,35～39歳,2:05.65,2:07.60,2:17.09,1,古川貴章,セ・おおたか,5/1,2:32.88,152.88,False,False,False,555.0,581.0,0.75,"30.48,1:10.53,1:55.96",False
80,長水路,8,男子,200m個人メドレー,35～39歳,2:05.65,2:07.60,2:17.09,2,長田裕史,セ・柏,5/10,2:44.23,164.23,False,False,False,447.0,469.0,0.65,"33.69,1:21.39,2:06.57",False
80,長水路,8,男子,200m個人メドレー,35～39歳,2:05.65,2:07.60,2:17.09,3,吉澤宏紀,セ・八王子,4/9,2:46.75,166.75,False,False,False,427.0,448.0,0.71,"35.13,1:21.59,2:08.83",False
80,長水路,8,男子,200m個人メドレー,30～34歳,2:02.18,2:07.47,2:17.41,1,今里昂哉,セ・清瀬,5/4,2:18.95,138.95,False,False,False,679.0,772.0,0.68,"28.79,1:05.83,1:46.13",False
80,長水路,8,男子,200m個人メドレー,30～34歳,2:02.18,2:07.47,2:17.41,2,袴田舜,セ・武蔵小杉,5/7,2:25.72,145.72,False,False,False,589.0,669.0,0.64,"29.32,1:10.51,1:51.26",False
80,長水路,8,男子,200m個人メドレー,30～34歳,2:02.18,2:07.47,2:17.41,3,小野健,セ・天王洲,5/3,2:26.71,146.71,False,False,False,577.0,655.0,0.66,"29.09,1:08.08,1:50.97",False
80,長水路,8,男子,200m個人メドレー,25～29歳,2:03.62,2:04.29,2:10.44,1,東侑玖,セ・阿佐谷,5/5,2:21.25,141.25,False,False,False,670.0,681.0,0.73,"29.39,1:05.76,1:47.53",False
80,長水路,8,男子,200m個人メドレー,25～29歳,2:03.62,2:04.29,2:10.44,2,松澤朋樹,セ・武蔵小杉,5/6,2:30.67,150.67000000000002,False,False,False,552.0,561.0,0.81,"30.51,1:07.00,1:52.52",False
80,長水路,8,男子,200m個人メドレー,25～29歳,2:03.62,2:04.29,2:10.44,3,張旺今,セ・西新井,4/7,2:31.62,151.62,False,False,False,541.0,550.0,0.76,"30.41,1:12.62,1:53.62",False
80,長水路,8,男子,200m個人メドレー,25～29歳,2:03.62,2:04.29,2:10.44,4,田中壮一郎,セ・二俣川,5/2,2:32.40,152.4,False,False,False,533.0,542.0,0.65,"29.46,1:08.23,1:52.25",False
80,長水路,8,男子,200m個人メドレー,18～24歳,,,2:08.80,1,石井聖也,セ・西新井,3/1,2:46.43,166.43,False,False,False,,,,"34.57,1:16.19,2:04.94",False
80,長水路,8,男子,200m個人メドレー,18～24歳,,,2:08.80,2,木村隼人,セ・八王子,4/10,2:48.01,168.01,False,False,False,,,,"29.75,1:15.65,2:06.39",False
80,長水路,9,女子,100m自由形,85～89歳,1:27.42,1:27.42,1:45.73,1,武藤治子,セ・二俣川,1/9,2:13.70,133.7,False,False,False,279.0,279.0,,,False
80,長水路,9,女子,100m自由形,80～84歳,1:23.16,1:23.16,1:38.81,1,内田良子,セ・用賀,2/4,1:50.13,110.13,False,False,False,430.0,430.0,0.78,,False
80,長水路,9,女子,100m自由形,80～84歳,1:23.16,1:23.16,1:38.81,2,竹原君枝,セ・慶應日吉,3/3,1:53.76,113.75999999999999,False,False,False,390.0,390.0,1.16,,False
80,長水路,9,女子,100m自由形,80～84歳,1:23.16,1:23.16,1:38.81,3,安澤イソ子,セ・市ヶ尾,1/8,2:02.15,122.15,False,False,False,315.0,315.0,0.92,,False
80,長水路,9,女子,100m自由形,80～84歳,1:23.16,1:23.16,1:38.81,4,久保美紀枝,セ・流山,1/7,2:06.97,126.97,False,False,False,280.0,280.0,1.04,,False
80,長水路,9,女子,100m自由形,80～84歳,1:23.16,1:23.16,1:38.81,5,舘野圭子,セ・用賀,1/3,2:13.58,133.58,False,False,False,241.0,241.0,0.8,,False
80,長水路,9,女子,100m自由形,75～79歳,1:13.13,1:19.71,1:36.96,1,中平信子,セ・成瀬,5/5,1:31.79,91.78999999999999,True,False,False,505.0,654.0,0.94,,False
80,長水路,9,女子,100m自由形,75～79歳,1:13.13,1:19.71,1:36.96,2,宇田川礼子,セ・我孫子,2/5,1:46.97,106.97,False,False,False,319.0,413.0,0.87,,False
80,長水路,9,女子,100m自由形,75～79歳,1:13.13,1:19.71,1:36.96,3,郡司米子,セ・八千代台,1/4,1:49.72,109.72,False,False,False,296.0,383.0,,,False
80,長水路,9,女子,100m自由形,75～79歳,1:13.13,1:19.71,1:36.96,4,馬場悦子,セ・清瀬,3/7,1:52.42,112.42,False,False,False,275.0,356.0,0.81,,False
80,長水路,9,女子,100m自由形,75～79歳,1:13.13,1:19.71,1:36.96,5,若林多恵子,セ・谷津,3/4,1:54.63,114.63,False,False,False,259.0,336.0,0.94,,False
80,長水路,9,女子,100m自由形,75～79歳,1:13.13,1:19.71,1:36.96,6,小島律子,セ・谷津,1/6,2:00.89,120.89,False,False,False,221.0,286.0,0.77,,False
80,長水路,9,女子,100m自由形,75～79歳,1:13.13,1:19.71,1:36.96,7,松永タズヨ,セ・おおたか,2/3,2:04.70,124.7,False,False,False,201.0,261.0,1.42,,False
80,長水路,9,女子,100m自由形,75～79歳,1:13.13,1:19.71,1:36.96,8,安部澄子,セ・我孫子,1/5,2:07.97,127.97,False,False,False,186.0,241.0,,,False
80,長水路,9,女子,100m自由形,70～74歳,1:06.68,1:14.28,1:21.82,1,舛尾妃呂子,セ・稲毛海岸,5/8,1:34.20,94.2,False,False,False,354.0,490.0,0.99,,False
80,長水路,9,女子,100m自由形,70～74歳,1:06.68,1:14.28,1:21.82,2,相澤史子,セ・松戸,4/8,1:41.74,101.74000000000001,False,False,False,281.0,389.0,0.77,,False
80,長水路,9,女子,100m自由形,70～74歳,1:06.68,1:14.28,1:21.82,3,石崎節代,セ・南千住,4/6,1:46.28,106.28,False,False,False,246.0,341.0,1.06,,False
80,長水路,9,女子,100m自由形,70～74歳,1:06.68,1:14.28,1:21.82,4,譲原恵子,セ・我孫子,4/10,1:48.38,108.38,False,False,False,232.0,321.0,0.98,,False
80,長水路,9,女子,100m自由形,70～74歳,1:06.68,1:14.28,1:21.82,5,于亜芝,セ・南千住,2/8,2:01.73,121.73,False,False,False,164.0,227.0,1.22,,False
80,長水路,9,女子,100m自由形,70～74歳,1:06.68,1:14.28,1:21.82,,片桐万澄,セ・南千住,3/10,,,False,False,False,,,,,True
80,長水路,9,女子,100m自由形,65～69歳,1:04.89,1:13.05,1:18.83,1,永瀬秀子,セ・二俣川,9/2,1:15.72,75.72,True,False,False,629.0,897.0,0.87,,False
80,長水路,9,女子,100m自由形,65～69歳,1:04.89,1:13.05,1:18.83,2,山﨑京子,セ・横浜,7/9,1:29.14,89.14,False,False,False,385.0,550.0,0.96,,False
80,長水路,9,女子,100m自由形,65～69歳,1:04.89,1:13.05,1:18.83,3,高松早智子,セ・南宇都宮,6/3,1:32.67,92.67,False,False,False,343.0,489.0,0.85,,False
80,長水路,9,女子,100m自由形,65～69歳,1:04.89,1:13.05,1:18.83,4,石河久美子,セ・溝ノ口,6/1,1:39.61,99.61,False,False,False,276.0,394.0,0.78,,False
80,長水路,9,女子,100m自由形,65～69歳,1:04.89,1:13.05,1:18.83,5,久松葉子,セ・成瀬,5/2,1:41.82,101.82,False,False,False,258.0,369.0,1.0,,False
80,長水路,9,女子,100m自由形,65～69歳,1:04.89,1:13.05,1:18.83,6,古宇田淳子,セ・南千住,5/9,1:42.39,102.39,False,False,False,254.0,363.0,0.87,,False
80,長水路,9,女子,100m自由形,65～69歳,1:04.89,1:13.05,1:18.83,7,桐沢ひとみ,セ・大森,3/8,1:46.20,106.2,False,False,False,228.0,325.0,0.9,,False
80,長水路,9,女子,100m自由形,65～69歳,1:04.89,1:13.05,1:18.83,8,下川喜美枝,セ・南千住,3/5,1:47.56,107.56,False,False,False,219.0,313.0,0.92,,False
80,長水路,9,女子,100m自由形,65～69歳,1:04.89,1:13.05,1:18.83,9,原昌代,セ・市ヶ尾,2/6,1:47.91,107.91,False,False,False,217.0,310.0,0.9,,False
80,長水路,9,女子,100m自由形,65～69歳,1:04.89,1:13.05,1:18.83,10,久保とし子,セ・長津田,4/5,1:50.97,110.97,False,False,False,199.0,285.0,1.04,,False
80,長水路,9,女子,100m自由形,65～69歳,1:04.89,1:13.05,1:18.83,11,宮原美穂,セ・福生,2/7,1:54.85,114.85,False,False,False,180.0,257.0,0.94,,False
80,長水路,9,女子,100m自由形,60～64歳,1:03.70,1:07.47,1:11.31,1,西井良子,セ・福生,8/5,1:13.33,73.33,False,False,False,655.0,778.0,0.75,,False
80,長水路,9,女子,100m自由形,60～64歳,1:03.70,1:07.47,1:11.31,2,前畑章子,セ・慶應日吉,8/7,1:19.54,79.53999999999999,False,False,False,513.0,610.0,0.72,,False
80,長水路,9,女子,100m自由形,60～64歳,1:03.70,1:07.47,1:11.31,3,石原なおみ,セ・阿佐谷,8/2,1:22.01,82.01,False,False,False,468.0,556.0,0.82,,False
80,長水路,9,女子,100m自由形,60～64歳,1:03.70,1:07.47,1:11.31,4,伊藤みどり,セ・能見台,7/6,1:25.24,85.24,False,False,False,417.0,495.0,0.91,,False
80,長水路,9,女子,100m自由形,60～64歳,1:03.70,1:07.47,1:11.31,5,大槻真由美,セ・清瀬,7/1,1:28.16,88.16,False,False,False,377.0,448.0,0.96,,False
80,長水路,9,女子,100m自由形,60～64歳,1:03.70,1:07.47,1:11.31,6,福原美奈,セ・稲毛海岸,5/4,1:28.18,88.18,False,False,False,376.0,447.0,0.77,,False
80,長水路,9,女子,100m自由形,60～64歳,1:03.70,1:07.47,1:11.31,7,加藤雅弓,セ・新都心,5/6,1:35.45,95.45,False,False,False,297.0,353.0,1.11,,False
80,長水路,9,女子,100m自由形,60～64歳,1:03.70,1:07.47,1:11.31,8,坂井慶子,セ・大宮宮原,3/9,1:38.80,98.8,False,False,False,268.0,318.0,0.74,,False
80,長水路,9,女子,100m自由形,60～64歳,1:03.70,1:07.47,1:11.31,9,山本登美子,セ・桶川北本,6/9,1:40.50,100.5,False,False,False,254.0,302.0,0.72,,False
80,長水路,9,女子,100m自由形,60～64歳,1:03.70,1:07.47,1:11.31,10,森内裕子,セ・天王洲,4/9,1:40.65,100.65,False,False,False,253.0,301.0,1.08,,False
80,長水路,9,女子,100m自由形,60～64歳,1:03.70,1:07.47,1:11.31,11,星野典子,セ・南千住,4/2,1:41.77,101.77000000000001,False,False,False,245.0,291.0,0.73,,False
80,長水路,9,女子,100m自由形,60～64歳,1:03.70,1:07.47,1:11.31,12,田中香苗,セ・青砥,3/6,1:44.15,104.15,False,False,False,228.0,271.0,0.85,,False
80,長水路,9,女子,100m自由形,60～64歳,1:03.70,1:07.47,1:11.31,13,日置睦,セ・我孫子,3/2,1:49.88,109.88,False,False,False,194.0,231.0,0.89,,False
80,長水路,9,女子,100m自由形,60～64歳,1:03.70,1:07.47,1:11.31,14,平澤馨,セ・府中,1/2,1:55.72,115.72,False,False,False,166.0,198.0,,,False
80,長水路,9,女子,100m自由形,60～64歳,1:03.70,1:07.47,1:11.31,15,三木純子,セ・流山,2/9,1:58.13,118.13,False,False,False,156.0,186.0,0.83,,False
80,長水路,9,女子,100m自由形,60～64歳,1:03.70,1:07.47,1:11.31,16,佐々木政子,セ・大森,2/2,2:00.05,120.05,False,False,False,149.0,177.0,0.99,,False
80,長水路,9,女子,100m自由形,55～59歳,1:01.87,1:05.21,1:10.06,1,原田佳子,セ・葛西,9/9,1:13.44,73.44,False,False,False,597.0,700.0,0.75,,False
80,長水路,9,女子,100m自由形,55～59歳,1:01.87,1:05.21,1:10.06,2,小倉直美,セ・清瀬,7/8,1:26.20,86.2,False,False,False,369.0,432.0,0.81,,False
80,長水路,9,女子,100m自由形,55～59歳,1:01.87,1:05.21,1:10.06,3,成島志雅子,セ・F宇都宮,6/6,1:28.12,88.12,False,False,False,346.0,405.0,0.85,,False
80,長水路,9,女子,100m自由形,55～59歳,1:01.87,1:05.21,1:10.06,4,武部友美子,セ・東戸塚,6/5,1:28.60,88.6,False,False,False,340.0,398.0,0.76,,False
80,長水路,9,女子,100m自由形,55～59歳,1:01.87,1:05.21,1:10.06,5,北瀬あづさ,セ・市ヶ尾,5/7,1:31.08,91.08,False,False,False,313.0,367.0,0.86,,False
80,長水路,9,女子,100m自由形,55～59歳,1:01.87,1:05.21,1:10.06,6,捶井泰子,セ・用賀,6/8,1:34.70,94.7,False,False,False,278.0,326.0,0.84,,False
80,長水路,9,女子,100m自由形,55～59歳,1:01.87,1:05.21,1:10.06,7,是永朋子,セ・二俣川,6/2,1:36.04,96.03999999999999,False,False,False,267.0,313.0,0.96,,False
80,長水路,9,女子,100m自由形,55～59歳,1:01.87,1:05.21,1:10.06,8,吉岡智子,セ・新都心,4/4,1:36.45,96.45,False,False,False,263.0,309.0,,,False
80,長水路,9,女子,100m自由形,55～59歳,1:01.87,1:05.21,1:10.06,9,津田千鶴,セ・能見台,5/3,1:36.78,96.78,False,False,False,261.0,305.0,0.82,,False
80,長水路,9,女子,100m自由形,55～59歳,1:01.87,1:05.21,1:10.06,10,冨樫真樹子,セ・用賀,4/3,1:40.16,100.16,False,False,False,235.0,275.0,0.66,,False
80,長水路,9,女子,100m自由形,55～59歳,1:01.87,1:05.21,1:10.06,11,大久保彩子,セ・阿佐谷,3/1,1:45.68,105.68,False,False,False,200.0,234.0,0.86,,False
80,長水路,9,女子,100m自由形,55～59歳,1:01.87,1:05.21,1:10.06,12,佐々木夕子,セ・市ヶ尾,4/1,1:49.91,109.91,False,False,False,178.0,208.0,0.86,,False
80,長水路,9,女子,100m自由形,55～59歳,1:01.87,1:05.21,1:10.06,13,田上麻紀,セ・久喜,5/10,1:51.80,111.8,False,False,False,169.0,198.0,0.76,,False
80,長水路,9,女子,100m自由形,55～59歳,1:01.87,1:05.21,1:10.06,,中村奈穂美,セ・越谷,4/7,,,False,False,False,,,,,True
80,長水路,9,女子,100m自由形,55～59歳,1:01.87,1:05.21,1:10.06,,糸川永利子,セ・用賀,5/1,,,False,False,False,,,,,True
80,長水路,9,女子,100m自由形,50～54歳,1:00.40,1:02.94,1:06.25,1,池田百合子,セ・市ヶ尾,10/3,1:07.52,67.52,False,False,False,715.0,809.0,0.74,,False
80,長水路,9,女子,100m自由形,50～54歳,1:00.40,1:02.94,1:06.25,2,木村美佐子,セ・南宇都宮,9/8,1:12.50,72.5,False,False,False,578.0,654.0,0.72,,False
80,長水路,9,女子,100m自由形,50～54歳,1:00.40,1:02.94,1:06.25,3,杉本浩美,セ・南千住,9/3,1:12.54,72.53999999999999,False,False,False,577.0,653.0,0.73,,False
80,長水路,9,女子,100m自由形,50～54歳,1:00.40,1:02.94,1:06.25,4,高橋麻子,セ・市ヶ尾,7/4,1:17.83,77.83,False,False,False,467.0,528.0,0.81,,False
80,長水路,9,女子,100m自由形,50～54歳,1:00.40,1:02.94,1:06.25,5,芳賀加代子,セ・南青山,7/3,1:19.87,79.87,False,False,False,432.0,489.0,0.78,,False
80,長水路,9,女子,100m自由形,50～54歳,1:00.40,1:02.94,1:06.25,6,五十嵐知佐,セ・おおたか,7/2,1:24.55,84.55,False,False,False,364.0,412.0,0.73,,False
80,長水路,9,女子,100m自由形,50～54歳,1:00.40,1:02.94,1:06.25,7,細沼悦子,セ・越谷,6/4,1:25.83,85.83,False,False,False,348.0,394.0,0.8,,False
80,長水路,9,女子,100m自由形,50～54歳,1:00.40,1:02.94,1:06.25,8,福本麻美,セ・慶應日吉,8/10,1:27.37,87.37,False,False,False,330.0,373.0,0.73,,False
80,長水路,9,女子,100m自由形,45～49歳,57.40,1:03.08,1:07.87,1,吉村華余,セ・長津田,10/2,1:09.84,69.84,False,False,False,555.0,736.0,0.82,,False
80,長水路,9,女子,100m自由形,45～49歳,57.40,1:03.08,1:07.87,2,小豆澤和代,セ・慶應日吉,9/4,1:10.51,70.51,False,False,False,539.0,716.0,0.78,,False
80,長水路,9,女子,100m自由形,45～49歳,57.40,1:03.08,1:07.87,3,佐々木彩,セ・成城,9/7,1:14.08,74.08,False,False,False,465.0,617.0,0.67,,False
80,長水路,9,女子,100m自由形,45～49歳,57.40,1:03.08,1:07.87,4,小林恵,セ・西新井,6/7,1:15.86,75.86,False,False,False,433.0,574.0,0.8,,False
80,長水路,9,女子,100m自由形,45～49歳,57.40,1:03.08,1:07.87,5,四井美穂,セ・天王洲,9/10,1:16.38,76.38,False,False,False,424.0,563.0,0.91,,False
80,長水路,9,女子,100m自由形,45～49歳,57.40,1:03.08,1:07.87,6,錦織佳奈子,セ・新川崎,8/9,1:19.24,79.24,False,False,False,380.0,504.0,0.92,,False
80,長水路,9,女子,100m自由形,45～49歳,57.40,1:03.08,1:07.87,7,小野真佐子,セ・阿佐谷,8/6,1:20.53,80.53,False,False,False,362.0,480.0,0.73,,False
80,長水路,9,女子,100m自由形,45～49歳,57.40,1:03.08,1:07.87,8,草野茜,セ・二俣川,8/4,1:20.75,80.75,False,False,False,359.0,476.0,0.67,,False
80,長水路,9,女子,100m自由形,45～49歳,57.40,1:03.08,1:07.87,9,藤本淑恵,セ・平塚,7/5,1:22.02,82.02,False,False,False,342.0,454.0,0.97,,False
80,長水路,9,女子,100m自由形,40～44歳,58.04,1:01.38,1:06.24,1,岩田愛恵,セ・成城,8/3,1:17.44,77.44,False,False,False,421.0,497.0,0.68,,False
80,長水路,9,女子,100m自由形,40～44歳,58.04,1:01.38,1:06.24,2,染谷ゆたか,墨田区体育館,7/7,1:18.37,78.37,False,False,False,406.0,480.0,0.8,,False
80,長水路,9,女子,100m自由形,35～39歳,57.24,57.77,1:03.35,1,川北恵,セ・長津田,10/6,1:05.49,65.49,False,False,False,667.0,686.0,0.71,,False
80,長水路,9,女子,100m自由形,35～39歳,57.24,57.77,1:03.35,2,小林佳織,セ・大森,9/1,1:11.06,71.06,False,False,False,522.0,537.0,0.7,,False
80,長水路,9,女子,100m自由形,35～39歳,57.24,57.77,1:03.35,3,津田かおり,セ・上池袋,9/5,1:17.56,77.56,False,False,False,401.0,413.0,0.74,,False
80,長水路,9,女子,100m自由形,35～39歳,57.24,57.77,1:03.35,4,渡辺真衣,セ・西新井,7/10,1:23.19,83.19,False,False,False,325.0,334.0,1.05,,False
80,長水路,9,女子,100m自由形,30～34歳,55.24,57.76,1:03.35,1,豊島葉子,セ・袖ヶ浦,10/1,1:07.60,67.6,False,False,False,545.0,623.0,0.72,,False
80,長水路,9,女子,100m自由形,30～34歳,55.24,57.76,1:03.35,2,大和久佳江,セ・袖ヶ浦,10/10,1:07.99,67.99,False,False,False,536.0,613.0,0.73,,False
80,長水路,9,女子,100m自由形,30～34歳,55.24,57.76,1:03.35,3,宍戸萌,セ・長津田,9/6,1:08.60,68.6,False,False,False,522.0,596.0,0.74,,False
80,長水路,9,女子,100m自由形,30～34歳,55.24,57.76,1:03.35,4,古賀量子,セ・大森,6/10,1:37.71,97.71000000000001,False,False,False,180.0,206.0,0.83,,False
80,長水路,9,女子,100m自由形,25～29歳,56.96,57.89,1:00.50,1,小林志穂,セ・葛西,10/4,1:04.95,64.95,False,False,False,674.0,708.0,0.73,,False
80,長水路,9,女子,100m自由形,25～29歳,56.96,57.89,1:00.50,2,ニューボールード菜月,セ・柏,10/7,1:05.58,65.58,False,False,False,655.0,687.0,0.69,,False
80,長水路,9,女子,100m自由形,25～29歳,56.96,57.89,1:00.50,3,新後海優,セ・トレッサ,10/5,1:05.98,65.98,False,False,False,643.0,675.0,0.75,,False
80,長水路,9,女子,100m自由形,25～29歳,56.96,57.89,1:00.50,4,池田志保,セ・大宮宮原,10/9,1:08.47,68.47,False,False,False,575.0,604.0,0.68,,False
80,長水路,9,女子,100m自由形,25～29歳,56.96,57.89,1:00.50,5,足立知実,セ・平塚,8/1,1:19.57,79.57,False,False,False,366.0,385.0,0.68,,False
80,長水路,9,女子,100m自由形,25～29歳,56.96,57.89,1:00.50,6,村岡礼奈,セ・桶川北本,8/8,1:20.68,80.68,False,False,False,351.0,369.0,0.69,,False
80,長水路,9,女子,100m自由形,18～24歳,,,1:01.56,1,梶井美杏,セ・清瀬,10/8,1:07.61,67.61,False,False,False,,,,,False
80,長水路,10,男子,100m自由形,85～89歳,1:22.25,1:22.25,1:37.90,1,中田正二,セ・成城,1/9,1:36.13,96.13,True,False,False,626.0,626.0,1.01,,False
80,長水路,10,男子,100m自由形,85～89歳,1:22.25,1:22.25,1:37.90,2,井上隆史,セ・市ヶ尾,2/9,1:39.34,99.34,False,False,False,567.0,567.0,0.89,,False
80,長水路,10,男子,100m自由形,75～79歳,1:06.40,1:06.40,1:13.93,1,大倉健志,セ・流山,1/5,1:33.96,93.96000000000001,False,False,False,352.0,352.0,1.03,,False
80,長水路,10,男子,100m自由形,75～79歳,1:06.40,1:06.40,1:13.93,2,服部陽一,セ・成瀬,2/8,1:34.14,94.14,False,False,False,350.0,350.0,0.82,,False
80,長水路,10,男子,100m自由形,70～74歳,1:02.80,1:03.17,1:11.50,1,吉原一彦,セ・阿佐谷,7/5,1:08.50,68.5,True,False,False,770.0,784.0,0.75,,False
80,長水路,10,男子,100m自由形,70～74歳,1:02.80,1:03.17,1:11.50,2,亀田一麿,セ・東戸塚,5/2,1:19.53,79.53,False,False,False,492.0,501.0,0.86,,False
80,長水路,10,男子,100m自由形,70～74歳,1:02.80,1:03.17,1:11.50,3,柏木治久,セ・成瀬,3/5,1:20.11,80.11,False,False,False,481.0,490.0,0.86,,False
80,長水路,10,男子,100m自由形,70～74歳,1:02.80,1:03.17,1:11.50,4,若月優,セ・横浜,3/8,1:22.62,82.62,False,False,False,439.0,446.0,0.87,,False
80,長水路,10,男子,100m自由形,70～74歳,1:02.80,1:03.17,1:11.50,5,加藤均,セ・セン南,2/5,1:26.46,86.46000000000001,False,False,False,383.0,390.0,1.02,,False
80,長水路,10,男子,100m自由形,70～74歳,1:02.80,1:03.17,1:11.50,6,長野守,セ・慶應日吉,3/1,1:28.47,88.47,False,False,False,357.0,364.0,0.82,,False
80,長水路,10,男子,100m自由形,70～74歳,1:02.80,1:03.17,1:11.50,7,香川左近,セ・二俣川,3/9,1:32.56,92.56,False,False,False,312.0,317.0,0.92,,False
80,長水路,10,男子,100m自由形,70～74歳,1:02.80,1:03.17,1:11.50,8,折居彰,セ・阿佐谷,1/6,1:33.51,93.50999999999999,False,False,False,302.0,308.0,1.18,,False
80,長水路,10,男子,100m自由形,70～74歳,1:02.80,1:03.17,1:11.50,9,岸田孝,セ・南青山,1/8,1:40.58,100.58,False,False,False,243.0,247.0,0.91,,False
80,長水路,10,男子,100m自由形,70～74歳,1:02.80,1:03.17,1:11.50,10,松下達一,セ・西新井,1/7,1:42.18,102.18,False,False,False,232.0,236.0,1.13,,False
80,長水路,10,男子,100m自由形,70～74歳,1:02.80,1:03.17,1:11.50,11,森下善夫,セ・大宮宮原,1/3,1:42.34,102.34,False,False,False,231.0,235.0,0.89,,False
80,長水路,10,男子,100m自由形,65～69歳,59.49,1:02.14,1:05.19,1,海辺信吉,セ・おおたか,6/3,1:09.87,69.87,False,False,False,617.0,703.0,0.79,,False
80,長水路,10,男子,100m自由形,65～69歳,59.49,1:02.14,1:05.19,2,和田浩一,セ・用賀,6/5,1:10.82,70.82,False,False,False,592.0,675.0,0.7,,False
80,長水路,10,男子,100m自由形,65～69歳,59.49,1:02.14,1:05.19,3,若島健二,セ・二俣川,5/3,1:19.62,79.62,False,False,False,417.0,475.0,0.83,,False
80,長水路,10,男子,100m自由形,65～69歳,59.49,1:02.14,1:05.19,4,山本和巳,セ・茂原,3/7,1:21.84,81.84,False,False,False,384.0,437.0,0.82,,False
80,長水路,10,男子,100m自由形,65～69歳,59.49,1:02.14,1:05.19,5,小島淳,セ・柏,3/10,1:22.85,82.85,False,False,False,370.0,421.0,0.73,,False
80,長水路,10,男子,100m自由形,65～69歳,59.49,1:02.14,1:05.19,6,仲宇佐隆一,セ・横浜,4/10,1:24.24,84.24,False,False,False,352.0,401.0,0.89,,False
80,長水路,10,男子,100m自由形,65～69歳,59.49,1:02.14,1:05.19,7,二宮次郎,セ・南宇都宮,3/2,1:24.92,84.92,False,False,False,343.0,391.0,0.7,,False
80,長水路,10,男子,100m自由形,65～69歳,59.49,1:02.14,1:05.19,8,竹内新,セ・府中,4/1,1:25.11,85.11,False,False,False,341.0,389.0,0.95,,False
80,長水路,10,男子,100m自由形,65～69歳,59.49,1:02.14,1:05.19,9,大滝恭伸,セ・市ヶ尾,1/4,1:26.29,86.28999999999999,False,False,False,327.0,373.0,1.1,,False
80,長水路,10,男子,100m自由形,65～69歳,59.49,1:02.14,1:05.19,10,佐藤信弘,セ・桶川北本,2/4,1:29.62,89.62,False,False,False,292.0,333.0,0.94,,False
80,長水路,10,男子,100m自由形,65～69歳,59.49,1:02.14,1:05.19,11,赤坂吉昭,セ・葛西,2/7,1:37.06,97.06,False,False,False,230.0,262.0,0.9,,False
80,長水路,10,男子,100m自由形,65～69歳,59.49,1:02.14,1:05.19,12,宮内譲志,セ・おおたか,2/3,1:37.41,97.41,False,False,False,227.0,259.0,0.87,,False
80,長水路,10,男子,100m自由形,60～64歳,57.39,1:00.33,1:04.30,1,小林健,セ・葛西,6/6,1:10.03,70.03,False,False,False,550.0,639.0,0.73,,False
80,長水路,10,男子,100m自由形,60～64歳,57.39,1:00.33,1:04.30,2,山賀勝之,セ・南青山,6/8,1:11.77,71.77,False,False,False,511.0,593.0,0.72,,False
80,長水路,10,男子,100m自由形,60～64歳,57.39,1:00.33,1:04.30,3,池谷千尋,セ・長津田,5/8,1:14.10,74.1,False,False,False,464.0,539.0,0.78,,False
80,長水路,10,男子,100m自由形,60～64歳,57.39,1:00.33,1:04.30,4,小松崎浩,セ・府中,4/6,1:19.01,79.01,False,False,False,383.0,445.0,0.95,,False
80,長水路,10,男子,100m自由形,60～64歳,57.39,1:00.33,1:04.30,5,二宮淳,セ・トレッサ,4/8,1:20.19,80.19,False,False,False,366.0,425.0,0.74,,False
80,長水路,10,男子,100m自由形,60～64歳,57.39,1:00.33,1:04.30,6,近藤正之,セ・上池袋,5/10,1:20.50,80.5,False,False,False,362.0,420.0,0.97,,False
80,長水路,10,男子,100m自由形,60～64歳,57.39,1:00.33,1:04.30,7,吉峯幸郎,セ・用賀,4/5,1:21.84,81.84,False,False,False,344.0,400.0,0.94,,False
80,長水路,10,男子,100m自由形,60～64歳,57.39,1:00.33,1:04.30,8,横山恵一,セ・越谷,4/9,1:23.17,83.17,False,False,False,328.0,381.0,0.85,,False
80,長水路,10,男子,100m自由形,60～64歳,57.39,1:00.33,1:04.30,9,近江信之,セ・武蔵小杉,5/1,1:23.82,83.82,False,False,False,320.0,372.0,0.82,,False
80,長水路,10,男子,100m自由形,60～64歳,57.39,1:00.33,1:04.30,10,二宮博,セ・横浜,3/6,1:27.52,87.52,False,False,False,281.0,327.0,0.81,,False
80,長水路,10,男子,100m自由形,60～64歳,57.39,1:00.33,1:04.30,11,半澤繁,セ・清瀬,1/2,1:46.31,106.31,False,False,False,157.0,182.0,0.92,,False
80,長水路,10,男子,100m自由形,60～64歳,57.39,1:00.33,1:04.30,,後藤潤,セ・成城,2/2,,,False,False,False,,,,,True
80,長水路,10,男子,100m自由形,55～59歳,55.76,57.52,1:02.48,1,早川友二,セ・武蔵小杉,8/8,1:03.58,63.58,False,False,False,674.0,740.0,0.76,,False
80,長水路,10,男子,100m自由形,55～59歳,55.76,57.52,1:02.48,2,清田真人,セ・大宮宮原,6/4,1:07.07,67.07,False,False,False,574.0,630.0,0.7,,False
80,長水路,10,男子,100m自由形,55～59歳,55.76,57.52,1:02.48,3,西野宮冬木,セ・長津田,7/3,1:08.83,68.83,False,False,False,531.0,583.0,0.91,,False
80,長水路,10,男子,100m自由形,55～59歳,55.76,57.52,1:02.48,4,木村秀光,セ・上池袋,6/2,1:12.15,72.15,False,False,False,461.0,506.0,0.9,,False
80,長水路,10,男子,100m自由形,55～59歳,55.76,57.52,1:02.48,5,本間丈博,セ・稲毛海岸,6/9,1:14.92,74.92,False,False,False,412.0,452.0,0.79,,False
80,長水路,10,男子,100m自由形,55～59歳,55.76,57.52,1:02.48,6,加藤寿起,セ・袖ヶ浦,4/4,1:17.56,77.56,False,False,False,371.0,407.0,0.8,,False
80,長水路,10,男子,100m自由形,55～59歳,55.76,57.52,1:02.48,7,猪野周九,セ・谷津,5/9,1:18.77,78.77,False,False,False,354.0,389.0,0.76,,False
80,長水路,10,男子,100m自由形,55～59歳,55.76,57.52,1:02.48,8,大木義之,セ・清瀬,4/2,1:25.22,85.22,False,False,False,280.0,307.0,0.82,,False
80,長水路,10,男子,100m自由形,55～59歳,55.76,57.52,1:02.48,9,日暮正明,セ・天王洲,2/6,1:27.27,87.27,False,False,False,260.0,286.0,0.95,,False
80,長水路,10,男子,100m自由形,55～59歳,55.76,57.52,1:02.48,10,中田雄也,墨田区体育館,3/4,1:33.35,93.35,False,False,False,213.0,233.0,0.64,,False
80,長水路,10,男子,100m自由形,55～59歳,55.76,57.52,1:02.48,11,佐藤流生,セ・天王洲,2/1,1:42.24,102.24000000000001,False,False,False,162.0,178.0,0.99,,False
80,長水路,10,男子,100m自由形,50～54歳,53.04,53.04,58.64,1,田窪達,セ・市ヶ尾,10/8,57.88,57.88,True,False,False,769.0,769.0,0.77,,False
80,長水路,10,男子,100m自由形,50～54歳,53.04,53.04,58.64,2,北川貴義,セ・阿佐谷,9/9,1:01.97,61.97,False,False,False,626.0,626.0,0.71,,False
80,長水路,10,男子,100m自由形,50～54歳,53.04,53.04,58.64,3,石上智啓,セ・二俣川,8/1,1:05.44,65.44,False,False,False,532.0,532.0,0.77,,False
80,長水路,10,男子,100m自由形,50～54歳,53.04,53.04,58.64,4,堀川広祐,セ・二俣川,7/7,1:09.79,69.78999999999999,False,False,False,438.0,438.0,0.66,,False
80,長水路,10,男子,100m自由形,50～54歳,53.04,53.04,58.64,5,藤井清和,セ・武蔵小杉,6/7,1:10.00,70.0,False,False,False,435.0,435.0,0.63,,False
80,長水路,10,男子,100m自由形,50～54歳,53.04,53.04,58.64,6,山村稔,セ・越谷,5/6,1:14.05,74.05,False,False,False,367.0,367.0,0.8,,False
80,長水路,10,男子,100m自由形,50～54歳,53.04,53.04,58.64,7,藤田一寿,セ・成城,7/2,1:14.56,74.56,False,False,False,359.0,359.0,0.84,,False
80,長水路,10,男子,100m自由形,50～54歳,53.04,53.04,58.64,8,上田徹,セ・阿佐谷,4/7,1:20.81,80.81,False,False,False,282.0,282.0,0.99,,False
80,長水路,10,男子,100m自由形,50～54歳,53.04,53.04,58.64,9,三﨑淳二,セ・桶川北本,3/3,1:28.30,88.3,False,False,False,216.0,216.0,0.74,,False
80,長水路,10,男子,100m自由形,50～54歳,53.04,53.04,58.64,,岡田能行,セ・越谷,5/5,,,False,False,False,,,,,True
80,長水路,10,男子,100m自由形,50～54歳,53.04,53.04,58.64,,江本章,セ・南宇都宮,7/8,,,False,False,False,,,,,True
80,長水路,10,男子,100m自由形,45～49歳,52.24,52.24,56.53,1,鶴谷学,セ・二俣川,10/9,56.36,56.36,True,False,False,796.0,796.0,0.64,,False
80,長水路,10,男子,100m自由形,45～49歳,52.24,52.24,56.53,2,秋山朝紀,セ・大森,9/2,1:01.93,61.93,False,False,False,600.0,600.0,0.67,,False
80,長水路,10,男子,100m自由形,45～49歳,52.24,52.24,56.53,3,倉持公一,セ・天王洲,8/7,1:03.06,63.06,False,False,False,568.0,568.0,0.71,,False
80,長水路,10,男子,100m自由形,45～49歳,52.24,52.24,56.53,4,山内悠,セ・市ヶ尾,8/5,1:04.89,64.89,False,False,False,521.0,521.0,0.83,,False
80,長水路,10,男子,100m自由形,45～49歳,52.24,52.24,56.53,5,今井裕介,セ・南千住,7/4,1:07.19,67.19,False,False,False,469.0,469.0,0.7,,False
80,長水路,10,男子,100m自由形,45～49歳,52.24,52.24,56.53,6,西田幸弘,セ・藤沢,7/10,1:09.72,69.72,False,False,False,420.0,420.0,0.72,,False
80,長水路,10,男子,100m自由形,45～49歳,52.24,52.24,56.53,7,齊藤仁,セ・茂原,6/1,1:13.68,73.68,False,False,False,356.0,356.0,0.78,,False
80,長水路,10,男子,100m自由形,45～49歳,52.24,52.24,56.53,8,小島直政,セ・久喜,5/4,1:15.14,75.14,False,False,False,336.0,336.0,0.84,,False
80,長水路,10,男子,100m自由形,40～44歳,50.73,51.21,56.20,1,鈴木謙太朗,セ・用賀,10/4,56.33,56.33,False,False,False,730.0,751.0,0.65,,False
80,長水路,10,男子,100m自由形,40～44歳,50.73,51.21,56.20,2,和田弘太郎,セ・阿佐谷,9/4,1:00.59,60.59,False,False,False,586.0,603.0,0.66,,False
80,長水路,10,男子,100m自由形,40～44歳,50.73,51.21,56.20,3,矢作歩,セ・長津田,9/8,1:01.64,61.64,False,False,False,557.0,573.0,0.81,,False
80,長水路,10,男子,100m自由形,40～44歳,50.73,51.21,56.20,4,木村考太,セ・市ヶ尾,8/4,1:06.40,66.4,False,False,False,445.0,458.0,0.84,,False
80,長水路,10,男子,100m自由形,40～44歳,50.73,51.21,56.20,5,松本光太郎,セ・袖ヶ浦,9/6,1:07.57,67.57,False,False,False,423.0,435.0,0.84,,False
80,長水路,10,男子,100m自由形,40～44歳,50.73,51.21,56.20,6,浅岡遼,セ・用賀,7/9,1:09.19,69.19,False,False,False,394.0,405.0,0.75,,False
80,長水路,10,男子,100m自由形,40～44歳,50.73,51.21,56.20,7,西尾直人,セ・武蔵小杉,5/7,1:15.49,75.49,False,False,False,303.0,312.0,0.76,,False
80,長水路,10,男子,100m自由形,40～44歳,50.73,51.21,56.20,,松井哲郎,セ・南千住,6/10,,,False,False,False,,,,,True
80,長水路,10,男子,100m自由形,35～39歳,50.55,50.78,53.85,1,板垣義人,セ・トレッサ,10/7,54.68,54.68,False,False,False,790.0,800.0,0.63,,False
80,長水路,10,男子,100m自由形,35～39歳,50.55,50.78,53.85,2,石井孟,セ・葛西,10/1,58.81,58.81,False,False,False,635.0,643.0,0.6,,False
80,長水路,10,男子,100m自由形,35～39歳,50.55,50.78,53.85,3,岩本和也,セ・志木,9/7,1:00.03,60.03,False,False,False,597.0,605.0,0.67,,False
80,長水路,10,男子,100m自由形,35～39歳,50.55,50.78,53.85,4,吉川重行,セ・桶川北本,9/1,1:01.30,61.3,False,False,False,560.0,568.0,0.68,,False
80,長水路,10,男子,100m自由形,35～39歳,50.55,50.78,53.85,5,新福留広貴,セ・二俣川,7/1,1:01.39,61.39,False,False,False,558.0,565.0,0.81,,False
80,長水路,10,男子,100m自由形,35～39歳,50.55,50.78,53.85,6,榊原雅史,セ・武蔵小杉,8/3,1:02.61,62.61,False,False,False,526.0,533.0,0.62,,False
80,長水路,10,男子,100m自由形,35～39歳,50.55,50.78,53.85,7,伊藤孝優,セ・八王子,9/10,1:05.07,65.07,False,False,False,468.0,475.0,0.73,,False
80,長水路,10,男子,100m自由形,35～39歳,50.55,50.78,53.85,8,吉澤宏紀,セ・八王子,8/6,1:06.07,66.07,False,False,False,447.0,454.0,0.68,,False
80,長水路,10,男子,100m自由形,35～39歳,50.55,50.78,53.85,9,渡部慎也,セ・大森,8/10,1:06.64,66.64,False,False,False,436.0,442.0,0.69,,False
80,長水路,10,男子,100m自由形,35～39歳,50.55,50.78,53.85,10,寺田遼太,セ・天王洲,7/6,1:07.22,67.22,False,False,False,425.0,431.0,0.77,,False
80,長水路,10,男子,100m自由形,30～34歳,49.80,51.34,53.90,1,江熊夕人,セ・慶應日吉,8/2,1:06.41,66.41,False,False,False,421.0,462.0,0.78,,False
80,長水路,10,男子,100m自由形,30～34歳,49.80,51.34,53.90,2,山田義明,セ・おおたか,4/3,1:18.04,78.03999999999999,False,False,False,259.0,284.0,0.79,,False
80,長水路,10,男子,100m自由形,25～29歳,48.72,50.75,52.13,1,金子智哉,セ・志木,8/9,1:02.70,62.7,False,False,False,469.0,530.0,0.88,,False
80,長水路,10,男子,100m自由形,25～29歳,48.72,50.75,52.13,2,武本侑己,セ・青砥,9/5,1:02.74,62.74,False,False,False,468.0,529.0,0.76,,False
80,長水路,10,男子,100m自由形,18～24歳,,,52.11,1,山本拓武,セ・トレッサ,10/5,52.23,52.23,False,False,False,,,,,False
80,長水路,10,男子,100m自由形,18～24歳,,,52.11,2,小山亜納,セ・上池袋,10/6,55.48,55.48,False,False,False,,,,,False
80,長水路,10,男子,100m自由形,18～24歳,,,52.11,3,綿貫太地,セ・市ヶ尾,10/3,56.13,56.13,False,False,False,,,,,False
80,長水路,10,男子,100m自由形,18～24歳,,,52.11,4,安齊大和,ザバス八景,10/2,57.57,57.57,False,False,False,,,,,False
80,長水路,10,男子,100m自由形,18～24歳,,,52.11,5,藤井龍生,セ・横浜,9/3,1:00.22,60.22,False,False,False,,,,,False
80,長水路,10,男子,100m自由形,18～24歳,,,52.11,6,浅井春人,セ・清瀬,10/10,1:00.48,60.48,False,False,False,,,,,False
80,長水路,13,女子,50m背泳ぎ,90～94歳,53.25,1:02.76,1:30.73,1,須山順子,セ・松戸,5/5,1:06.64,66.64,True,False,False,510.0,835.0,0.85,,False
80,長水路,13,女子,50m背泳ぎ,85～89歳,46.25,46.25,59.14,1,三浦実恵子,セ・館山,1/5,1:03.80,63.8,False,False,False,380.0,380.0,1.11,,False
80,長水路,13,女子,50m背泳ぎ,85～89歳,46.25,46.25,59.14,2,田中もみぢ,セ・おおたか,5/4,1:04.53,64.53,False,False,False,368.0,368.0,0.72,,False
80,長水路,13,女子,50m背泳ぎ,85～89歳,46.25,46.25,59.14,3,平田美佐子,セ・天王洲,1/4,1:18.21,78.21000000000001,False,False,False,206.0,206.0,0.87,,False
80,長水路,13,女子,50m背泳ぎ,85～89歳,46.25,46.25,59.14,4,加藤直子,セ・横浜,1/7,1:35.96,95.96000000000001,False,False,False,111.0,111.0,1.03,,False
80,長水路,13,女子,50m背泳ぎ,80～84歳,43.04,43.04,52.86,1,古旗美鈴,セ・上池袋,7/1,56.43,56.43,False,False,False,443.0,443.0,0.96,,False
80,長水路,13,女子,50m背泳ぎ,80～84歳,43.04,43.04,52.86,2,川口栄子,セ・松戸,7/3,56.74,56.74,False,False,False,436.0,436.0,0.87,,False
80,長水路,13,女子,50m背泳ぎ,80～84歳,43.04,43.04,52.86,3,中村敬子,セ・府中,3/5,59.71,59.71,False,False,False,374.0,374.0,0.96,,False
80,長水路,13,女子,50m背泳ぎ,80～84歳,43.04,43.04,52.86,4,舘野圭子,セ・用賀,4/8,1:05.49,65.49,False,False,False,283.0,283.0,0.69,,False
80,長水路,13,女子,50m背泳ぎ,80～84歳,43.04,43.04,52.86,5,浜野操子,セ・流山,3/7,1:06.02,66.02,False,False,False,277.0,277.0,0.68,,False
80,長水路,13,女子,50m背泳ぎ,80～84歳,43.04,43.04,52.86,6,岡本靖子,セ・慶應日吉,4/3,1:08.85,68.85,False,False,False,244.0,244.0,1.06,,False
80,長水路,13,女子,50m背泳ぎ,80～84歳,43.04,43.04,52.86,7,八田清子,セ・松戸,1/6,1:09.04,69.03999999999999,False,False,False,242.0,242.0,0.92,,False
80,長水路,13,女子,50m背泳ぎ,80～84歳,43.04,43.04,52.86,8,栗原羊子,セ・流山,2/4,1:11.75,71.75,False,False,False,215.0,215.0,1.01,,False
80,長水路,13,女子,50m背泳ぎ,80～84歳,43.04,43.04,52.86,9,山口英子,セ・流山,3/4,1:12.79,72.78999999999999,False,False,False,206.0,206.0,0.92,,False
80,長水路,13,女子,50m背泳ぎ,80～84歳,43.04,43.04,52.86,10,相澤和子,セ・久喜,2/8,1:18.54,78.53999999999999,False,False,False,164.0,164.0,0.71,,False
80,長水路,13,女子,50m背泳ぎ,80～84歳,43.04,43.04,52.86,11,西村咲喜子,セ・志木,1/3,1:39.57,99.57,False,False,False,80.0,80.0,1.08,,False
80,長水路,13,女子,50m背泳ぎ,75～79歳,38.17,40.56,48.00,1,市野克子,セ・大森,9/2,49.27,49.27,False,False,False,464.0,557.0,0.84,,False
80,長水路,13,女子,50m背泳ぎ,75～79歳,38.17,40.56,48.00,2,田中節子,セ・館山,3/3,51.48,51.48,False,False,False,407.0,489.0,0.78,,False
80,長水路,13,女子,50m背泳ぎ,75～79歳,38.17,40.56,48.00,3,室谷晴江,セ・大森,6/3,54.53,54.53,False,False,False,342.0,411.0,0.78,,False
80,長水路,13,女子,50m背泳ぎ,75～79歳,38.17,40.56,48.00,4,水谷裕子,セ・西新井,9/9,55.20,55.2,False,False,False,330.0,396.0,0.84,,False
80,長水路,13,女子,50m背泳ぎ,75～79歳,38.17,40.56,48.00,5,藤井一恵,セ・大森,8/6,55.71,55.71,False,False,False,321.0,385.0,0.83,,False
80,長水路,13,女子,50m背泳ぎ,75～79歳,38.17,40.56,48.00,6,小池藤子,セ・新三郷,5/6,57.19,57.19,False,False,False,297.0,356.0,0.65,,False
80,長水路,13,女子,50m背泳ぎ,75～79歳,38.17,40.56,48.00,7,栗林眞知子,セ・成城,6/5,57.91,57.91,False,False,False,286.0,343.0,0.85,,False
80,長水路,13,女子,50m背泳ぎ,75～79歳,38.17,40.56,48.00,8,福田加代子,セ・戸塚,6/1,59.50,59.5,False,False,False,264.0,316.0,0.78,,False
80,長水路,13,女子,50m背泳ぎ,75～79歳,38.17,40.56,48.00,9,畔上節子,セ・二俣川,2/3,1:00.53,60.53,False,False,False,250.0,300.0,0.88,,False
80,長水路,13,女子,50m背泳ぎ,75～79歳,38.17,40.56,48.00,10,原田早苗,セ・南千住,5/7,1:00.97,60.97,False,False,False,245.0,294.0,0.94,,False
80,長水路,13,女子,50m背泳ぎ,75～79歳,38.17,40.56,48.00,11,藤田悦子,セ・二俣川,2/5,1:03.81,63.81,False,False,False,214.0,256.0,0.87,,False
80,長水路,13,女子,50m背泳ぎ,75～79歳,38.17,40.56,48.00,12,岡田啓子,セ・桶川北本,4/5,1:04.15,64.15,False,False,False,210.0,252.0,0.92,,False
80,長水路,13,女子,50m背泳ぎ,75～79歳,38.17,40.56,48.00,13,福島孝江,セ・松戸,3/6,1:05.31,65.31,False,False,False,199.0,239.0,1.02,,False
80,長水路,13,女子,50m背泳ぎ,70～74歳,34.65,39.67,45.18,1,石崎節代,セ・南千住,9/7,50.74,50.74,False,False,False,318.0,477.0,0.75,,False
80,長水路,13,女子,50m背泳ぎ,70～74歳,34.65,39.67,45.18,2,森本美恵,セ・松戸,9/6,52.65,52.65,False,False,False,285.0,427.0,0.83,,False
80,長水路,13,女子,50m背泳ぎ,70～74歳,34.65,39.67,45.18,3,小笠原京子,セ・流山,6/2,53.16,53.16,False,False,False,276.0,415.0,0.65,,False
80,長水路,13,女子,50m背泳ぎ,70～74歳,34.65,39.67,45.18,4,平山啓子,セ・南青山,7/6,54.10,54.1,False,False,False,262.0,394.0,0.75,,False
80,長水路,13,女子,50m背泳ぎ,70～74歳,34.65,39.67,45.18,5,光畑千栄子,セ・成瀬,8/5,54.54,54.54,False,False,False,256.0,384.0,0.77,,False
80,長水路,13,女子,50m背泳ぎ,70～74歳,34.65,39.67,45.18,6,掃部典子,曽谷・セ,7/2,55.54,55.54,False,False,False,242.0,364.0,0.76,,False
80,長水路,13,女子,50m背泳ぎ,70～74歳,34.65,39.67,45.18,7,相澤史子,セ・松戸,7/7,55.59,55.59,False,False,False,242.0,363.0,0.69,,False
80,長水路,13,女子,50m背泳ぎ,70～74歳,34.65,39.67,45.18,8,梅田栄己子,セ・天王洲,6/6,57.60,57.6,False,False,False,217.0,326.0,0.74,,False
80,長水路,13,女子,50m背泳ぎ,70～74歳,34.65,39.67,45.18,9,高木保子,セ・おおたか,6/8,57.63,57.63,False,False,False,217.0,326.0,0.78,,False
80,長水路,13,女子,50m背泳ぎ,70～74歳,34.65,39.67,45.18,10,酒谷真砂子,セ・戸塚,8/1,57.66,57.66,False,False,False,217.0,325.0,0.73,,False
80,長水路,13,女子,50m背泳ぎ,70～74歳,34.65,39.67,45.18,11,新井瑞枝,セ・流山,4/7,58.55,58.55,False,False,False,207.0,311.0,0.86,,False
80,長水路,13,女子,50m背泳ぎ,70～74歳,34.65,39.67,45.18,12,清水裕子,セ・二俣川,4/6,59.79,59.79,False,False,False,194.0,292.0,0.82,,False
80,長水路,13,女子,50m背泳ぎ,70～74歳,34.65,39.67,45.18,13,吉田あけみ,セ・館山,4/2,1:00.56,60.56,False,False,False,187.0,281.0,0.95,,False
80,長水路,13,女子,50m背泳ぎ,70～74歳,34.65,39.67,45.18,14,畠山眞由美,セ・柏,4/4,1:01.37,61.37,False,False,False,179.0,270.0,0.76,,False
80,長水路,13,女子,50m背泳ぎ,70～74歳,34.65,39.67,45.18,15,池淵玲子,セ・慶應日吉,5/3,1:02.06,62.06,False,False,False,174.0,261.0,0.68,,False
80,長水路,13,女子,50m背泳ぎ,70～74歳,34.65,39.67,45.18,16,長谷川節子,セ・天王洲,4/9,1:06.38,66.38,False,False,False,142.0,213.0,0.77,,False
80,長水路,13,女子,50m背泳ぎ,70～74歳,34.65,39.67,45.18,17,于亜芝,セ・南千住,3/8,1:10.42,70.42,False,False,False,119.0,178.0,0.93,,False
80,長水路,13,女子,50m背泳ぎ,70～74歳,34.65,39.67,45.18,18,友野敬子,セ・館山,2/7,1:10.51,70.51,False,False,False,118.0,178.0,0.69,,False
80,長水路,13,女子,50m背泳ぎ,70～74歳,34.65,39.67,45.18,,片桐万澄,セ・南千住,7/8,,,False,False,False,,,,,True
80,長水路,13,女子,50m背泳ぎ,65～69歳,33.59,37.54,43.31,1,吉川千晶,G-SPA,11/10,46.33,46.33,False,False,False,381.0,531.0,0.72,,False
80,長水路,13,女子,50m背泳ぎ,65～69歳,33.59,37.54,43.31,2,原昌代,セ・市ヶ尾,9/3,51.50,51.5,False,False,False,277.0,387.0,0.75,,False
80,長水路,13,女子,50m背泳ぎ,65～69歳,33.59,37.54,43.31,3,山中恵子,セ・桶川北本,9/5,51.59,51.59,False,False,False,276.0,385.0,0.83,,False
80,長水路,13,女子,50m背泳ぎ,65～69歳,33.59,37.54,43.31,4,毛利ゆかり,セ・横浜,9/8,52.53,52.53,False,False,False,261.0,364.0,0.84,,False
80,長水路,13,女子,50m背泳ぎ,65～69歳,33.59,37.54,43.31,5,櫻田琴,セ・天王洲,9/1,53.91,53.91,False,False,False,241.0,337.0,0.72,,False
80,長水路,13,女子,50m背泳ぎ,65～69歳,33.59,37.54,43.31,6,小池理恵子,セ・阿佐谷,8/3,56.20,56.2,False,False,False,213.0,298.0,1.01,,False
80,長水路,13,女子,50m背泳ぎ,65～69歳,33.59,37.54,43.31,7,榮真須美,セ・慶應日吉,5/8,59.59,59.59,False,False,False,179.0,250.0,0.79,,False
80,長水路,13,女子,50m背泳ぎ,65～69歳,33.59,37.54,43.31,8,須田菜奈子,セ・桶川北本,5/1,1:05.51,65.51,False,False,False,134.0,188.0,0.8,,False
80,長水路,13,女子,50m背泳ぎ,60～64歳,32.68,34.32,36.26,1,西井良子,セ・福生,12/6,38.00,38.0,False,False,False,636.0,736.0,0.61,,False
80,長水路,13,女子,50m背泳ぎ,60～64歳,32.68,34.32,36.26,2,田中貴子,セ・清瀬,11/6,41.55,41.55,False,False,False,486.0,563.0,0.8,,False
80,長水路,13,女子,50m背泳ぎ,60～64歳,32.68,34.32,36.26,3,原磨理,セ・長津田,11/8,44.77,44.77,False,False,False,388.0,450.0,0.73,,False
80,長水路,13,女子,50m背泳ぎ,60～64歳,32.68,34.32,36.26,4,佐藤明美,セ・館山,10/7,46.67,46.67,False,False,False,343.0,397.0,0.69,,False
80,長水路,13,女子,50m背泳ぎ,60～64歳,32.68,34.32,36.26,5,座間千鶴子,ザバス八景,10/8,48.68,48.68,False,False,False,302.0,350.0,0.61,,False
80,長水路,13,女子,50m背泳ぎ,60～64歳,32.68,34.32,36.26,6,中野朗子,セ・慶應日吉,10/2,49.16,49.16,False,False,False,293.0,340.0,0.77,,False
80,長水路,13,女子,50m背泳ぎ,60～64歳,32.68,34.32,36.26,7,小笠原暁子,セ・清瀬,10/10,50.60,50.6,False,False,False,269.0,312.0,0.77,,False
80,長水路,13,女子,50m背泳ぎ,60～64歳,32.68,34.32,36.26,8,宮内麻里,曽谷・セ,8/10,52.57,52.57,False,False,False,240.0,278.0,0.67,,False
80,長水路,13,女子,50m背泳ぎ,60～64歳,32.68,34.32,36.26,9,吉野ひとみ,セ・松戸,8/8,54.48,54.48,False,False,False,215.0,249.0,0.88,,False
80,長水路,13,女子,50m背泳ぎ,60～64歳,32.68,34.32,36.26,10,太刀岡早苗,セ・市ヶ尾,8/7,55.72,55.72,False,False,False,201.0,233.0,0.95,,False
80,長水路,13,女子,50m背泳ぎ,60～64歳,32.68,34.32,36.26,11,五十嵐佳澄,セ・阿佐谷,7/9,57.42,57.42,False,False,False,184.0,213.0,0.8,,False
80,長水路,13,女子,50m背泳ぎ,60～64歳,32.68,34.32,36.26,12,菊池佐千代,セ・流山,4/1,1:02.14,62.14,False,False,False,145.0,168.0,0.78,,False
80,長水路,13,女子,50m背泳ぎ,60～64歳,32.68,34.32,36.26,13,三木純子,セ・流山,7/10,1:02.44,62.44,False,False,False,143.0,166.0,0.85,,False
80,長水路,13,女子,50m背泳ぎ,60～64歳,32.68,34.32,36.26,14,日置睦,セ・我孫子,5/9,1:03.21,63.21,False,False,False,138.0,160.0,0.8,,False
80,長水路,13,女子,50m背泳ぎ,60～64歳,32.68,34.32,36.26,15,平澤馨,セ・府中,3/1,1:05.56,65.56,False,False,False,123.0,143.0,1.05,,False
80,長水路,13,女子,50m背泳ぎ,60～64歳,32.68,34.32,36.26,16,鈴木加代子,セ・新三郷,3/2,1:11.73,71.73,False,False,False,94.0,109.0,0.82,,False
80,長水路,13,女子,50m背泳ぎ,60～64歳,32.68,34.32,36.26,17,前川尚美,セ・F東戸塚,3/9,1:22.90,82.9,False,False,False,61.0,70.0,0.72,,False
80,長水路,13,女子,50m背泳ぎ,55～59歳,31.99,33.60,35.76,1,鈴木和佳奈,セ・桶川北本,12/4,39.74,39.74,False,False,False,521.0,604.0,0.67,,False
80,長水路,13,女子,50m背泳ぎ,55～59歳,31.99,33.60,35.76,2,八尋加苗,セ・松戸,11/1,43.48,43.48,False,False,False,398.0,461.0,0.67,,False
80,長水路,13,女子,50m背泳ぎ,55～59歳,31.99,33.60,35.76,3,北瀬あづさ,セ・市ヶ尾,10/1,45.21,45.21,False,False,False,354.0,410.0,0.77,,False
80,長水路,13,女子,50m背泳ぎ,55～59歳,31.99,33.60,35.76,4,佐藤洋子,セ・成城,10/4,45.78,45.78,False,False,False,341.0,395.0,0.84,,False
80,長水路,13,女子,50m背泳ぎ,55～59歳,31.99,33.60,35.76,5,武部友美子,セ・東戸塚,10/5,46.02,46.02,False,False,False,335.0,389.0,0.68,,False
80,長水路,13,女子,50m背泳ぎ,55～59歳,31.99,33.60,35.76,6,及川薫,セ・松戸,10/6,46.20,46.2,False,False,False,331.0,384.0,0.8,,False
80,長水路,13,女子,50m背泳ぎ,55～59歳,31.99,33.60,35.76,7,捶井泰子,セ・用賀,10/3,46.88,46.88,False,False,False,317.0,368.0,0.88,,False
80,長水路,13,女子,50m背泳ぎ,55～59歳,31.99,33.60,35.76,8,大野結実,セ・横浜,10/9,49.51,49.51,False,False,False,269.0,312.0,0.93,,False
80,長水路,13,女子,50m背泳ぎ,55～59歳,31.99,33.60,35.76,9,レントフェルト慶子,セ・清瀬,9/4,53.07,53.07,False,False,False,219.0,253.0,0.73,,False
80,長水路,13,女子,50m背泳ぎ,55～59歳,31.99,33.60,35.76,10,早田紀子,セ・慶應日吉,9/10,53.80,53.8,False,False,False,210.0,243.0,0.67,,False
80,長水路,13,女子,50m背泳ぎ,55～59歳,31.99,33.60,35.76,11,角南美貴,セ・我孫子,4/10,55.45,55.45,False,False,False,192.0,222.0,0.71,,False
80,長水路,13,女子,50m背泳ぎ,55～59歳,31.99,33.60,35.76,12,蔵屋由紀子,セ・新川崎,6/7,56.72,56.72,False,False,False,179.0,207.0,0.85,,False
80,長水路,13,女子,50m背泳ぎ,55～59歳,31.99,33.60,35.76,13,雨宮裕子,セ・大宮宮原,6/4,57.07,57.07,False,False,False,176.0,204.0,1.48,,False
80,長水路,13,女子,50m背泳ぎ,55～59歳,31.99,33.60,35.76,14,兼子敬子,セ・南千住,3/10,58.58,58.58,False,False,False,162.0,188.0,0.69,,False
80,長水路,13,女子,50m背泳ぎ,55～59歳,31.99,33.60,35.76,15,古平正美,セ・清瀬,5/2,1:06.97,66.97,False,False,False,108.0,126.0,1.05,,False
80,長水路,13,女子,50m背泳ぎ,50～54歳,31.59,32.51,32.51,1,栗山貴子,セ・武蔵小杉,11/4,40.63,40.63,False,False,False,470.0,512.0,0.72,,False
80,長水路,13,女子,50m背泳ぎ,50～54歳,31.59,32.51,32.51,2,大橋ほづ美,セ・清瀬,12/9,41.65,41.65,False,False,False,436.0,475.0,0.74,,False
80,長水路,13,女子,50m背泳ぎ,50～54歳,31.59,32.51,32.51,3,棚網恵理,セ・阿佐谷,12/1,42.31,42.31,False,False,False,416.0,453.0,0.68,,False
80,長水路,13,女子,50m背泳ぎ,50～54歳,31.59,32.51,32.51,4,櫻井翠,セ・横浜,11/2,42.41,42.41,False,False,False,413.0,450.0,0.86,,False
80,長水路,13,女子,50m背泳ぎ,50～54歳,31.59,32.51,32.51,5,鈴木由佳里,セ・天王洲,11/3,44.16,44.16,False,False,False,366.0,398.0,0.74,,False
80,長水路,13,女子,50m背泳ぎ,50～54歳,31.59,32.51,32.51,6,村岡貴子,セ・桶川北本,8/2,55.99,55.99,False,False,False,179.0,195.0,0.96,,False
80,長水路,13,女子,50m背泳ぎ,50～54歳,31.59,32.51,32.51,7,久保洋子,セ・流山,2/6,1:16.48,76.48,False,False,False,70.0,76.0,0.7,,False
80,長水路,13,女子,50m背泳ぎ,50～54歳,31.59,32.51,32.51,,小川史枝,セ・越谷LT,7/4,,,False,False,False,,,,,True
80,長水路,13,女子,50m背泳ぎ,45～49歳,31.02,31.38,34.69,1,青山里香,セ・成瀬,13/8,36.87,36.87,False,False,False,595.0,616.0,0.65,,False
80,長水路,13,女子,50m背泳ぎ,45～49歳,31.02,31.38,34.69,2,坂本桃枝,G-SPA,13/1,38.46,38.46,False,False,False,524.0,543.0,0.72,,False
80,長水路,13,女子,50m背泳ぎ,45～49歳,31.02,31.38,34.69,3,小野真佐子,セ・阿佐谷,12/7,38.50,38.5,False,False,False,523.0,541.0,0.65,,False
80,長水路,13,女子,50m背泳ぎ,45～49歳,31.02,31.38,34.69,4,大竹昌子,セ・大森,11/5,41.25,41.25,False,False,False,425.0,440.0,0.75,,False
80,長水路,13,女子,50m背泳ぎ,45～49歳,31.02,31.38,34.69,5,貞廣瑠美子,セ・上池袋,11/9,45.89,45.89,False,False,False,308.0,319.0,0.78,,False
80,長水路,13,女子,50m背泳ぎ,45～49歳,31.02,31.38,34.69,6,溝井花代子,セ・葛西,11/7,46.56,46.56,False,False,False,295.0,306.0,0.78,,False
80,長水路,13,女子,50m背泳ぎ,45～49歳,31.02,31.38,34.69,7,宮林佑妃,セ・長津田,8/4,51.96,51.96,False,False,False,212.0,220.0,0.78,,False
80,長水路,13,女子,50m背泳ぎ,45～49歳,31.02,31.38,34.69,8,加藤涼子,セ・桶川北本,5/10,54.40,54.4,False,False,False,185.0,191.0,0.82,,False
80,長水路,13,女子,50m背泳ぎ,45～49歳,31.02,31.38,34.69,9,下山雅子,セ・茂原,6/10,55.23,55.23,False,False,False,177.0,183.0,0.73,,False
80,長水路,13,女子,50m背泳ぎ,45～49歳,31.02,31.38,34.69,10,須志原直子,曽谷・セ,6/9,1:04.18,64.18,False,False,False,112.0,116.0,0.89,,False
80,長水路,13,女子,50m背泳ぎ,45～49歳,31.02,31.38,34.69,,高橋里美,セ・横浜,8/9,,,False,False,False,,,,,True
80,長水路,13,女子,50m背泳ぎ,45～49歳,31.02,31.38,34.69,,遠藤真理,セ・袖ヶ浦,13/10,,,False,False,False,,,,,True
80,長水路,13,女子,50m背泳ぎ,40～44歳,29.62,31.04,34.00,1,永田加那子,セ・葛西,13/7,35.94,35.94,False,False,False,559.0,644.0,0.53,,False
80,長水路,13,女子,50m背泳ぎ,35～39歳,28.63,29.73,34.03,1,小林佳織,セ・大森,12/8,36.55,36.55,False,False,False,480.0,538.0,0.71,,False
80,長水路,13,女子,50m背泳ぎ,35～39歳,28.63,29.73,34.03,2,田中美鈴,セ・武蔵小杉,13/4,37.04,37.04,False,False,False,461.0,517.0,0.6,,False
80,長水路,13,女子,50m背泳ぎ,35～39歳,28.63,29.73,34.03,3,津田かおり,セ・上池袋,12/5,40.32,40.32,False,False,False,358.0,400.0,0.66,,False
80,長水路,13,女子,50m背泳ぎ,35～39歳,28.63,29.73,34.03,4,國政玲,セ・南青山,7/5,51.60,51.6,False,False,False,170.0,191.0,0.74,,False
80,長水路,13,女子,50m背泳ぎ,30～34歳,28.57,28.86,32.95,1,仲田笑美,セ・成城,13/6,35.50,35.5,False,False,False,521.0,537.0,0.63,,False
80,長水路,13,女子,50m背泳ぎ,30～34歳,28.57,28.86,32.95,2,吉田のばら,セ・南千住,13/3,36.23,36.23,False,False,False,490.0,505.0,0.68,,False
80,長水路,13,女子,50m背泳ぎ,30～34歳,28.57,28.86,32.95,3,篠原萌,セ・西新井,12/3,38.30,38.3,False,False,False,415.0,427.0,0.64,,False
80,長水路,13,女子,50m背泳ぎ,30～34歳,28.57,28.86,32.95,4,天井茉里乃,セ・市ヶ尾,12/10,45.77,45.77,False,False,False,243.0,250.0,0.65,,False
80,長水路,13,女子,50m背泳ぎ,25～29歳,28.39,28.99,31.83,,岡澤志織,セ・茂原,13/5,,,False,False,False,,,,,True
80,長水路,13,女子,50m背泳ぎ,18～24歳,,,31.94,1,野口奈旺子,セ・葛西,13/9,37.23,37.23,False,False,False,,,,,False
80,長水路,13,女子,50m背泳ぎ,18～24歳,,,31.94,2,白井凛,セ・市川,12/2,39.12,39.12,False,False,False,,,,,False
80,長水路,13,女子,50m背泳ぎ,18～24歳,,,31.94,3,池田美来,セ・我孫子,13/2,39.37,39.37,False,False,False,,,,,False
80,長水路,14,男子,50m背泳ぎ,85～89歳,39.89,39.89,59.59,1,中村欣正,セ・流山,1/4,1:04.09,64.09,False,False,False,241.0,241.0,0.71,,False
80,長水路,14,男子,50m背泳ぎ,80～84歳,36.83,38.16,42.72,1,吉田亮,セ・成城,4/10,44.46,44.46,False,False,False,568.0,632.0,0.8,,False
80,長水路,14,男子,50m背泳ぎ,80～84歳,36.83,38.16,42.72,2,井口穣,セ・東戸塚,2/4,51.46,51.46,False,False,False,366.0,407.0,0.87,,False
80,長水路,14,男子,50m背泳ぎ,80～84歳,36.83,38.16,42.72,3,石川守也,セ・市川,2/7,51.75,51.75,False,False,False,360.0,400.0,0.65,,False
80,長水路,14,男子,50m背泳ぎ,80～84歳,36.83,38.16,42.72,4,大内洋,セ・葛西,2/2,57.68,57.68,False,False,False,260.0,289.0,0.71,,False
80,長水路,14,男子,50m背泳ぎ,80～84歳,36.83,38.16,42.72,5,縫田駿一,セ・おおたか,1/7,1:08.67,68.67,False,False,False,154.0,171.0,0.95,,False
80,長水路,14,男子,50m背泳ぎ,80～84歳,36.83,38.16,42.72,6,増山晶一,セ・下北沢,1/3,1:08.94,68.94,False,False,False,152.0,169.0,0.78,,False
80,長水路,14,男子,50m背泳ぎ,75～79歳,34.45,36.38,41.77,1,吉村進,セ・阿佐谷,3/6,43.79,43.79,False,False,False,486.0,573.0,0.66,,False
80,長水路,14,男子,50m背泳ぎ,75～79歳,34.45,36.38,41.77,2,丸喜章,セ・茂原,3/2,48.75,48.75,False,False,False,352.0,415.0,0.77,,False
80,長水路,14,男子,50m背泳ぎ,75～79歳,34.45,36.38,41.77,3,松永勝,セ・おおたか,1/5,1:01.44,61.44,False,False,False,176.0,207.0,0.86,,False
80,長水路,14,男子,50m背泳ぎ,75～79歳,34.45,36.38,41.77,4,神保伸幸,セ・南青山,1/8,1:03.57,63.57,False,False,False,159.0,187.0,1.02,,False
80,長水路,14,男子,50m背泳ぎ,70～74歳,32.27,35.83,39.43,1,鈴木幹男,セ・我孫子,4/1,45.46,45.46,False,False,False,357.0,489.0,0.77,,False
80,長水路,14,男子,50m背泳ぎ,70～74歳,32.27,35.83,39.43,2,常山賢二,曽谷・セ,3/3,46.67,46.67,False,False,False,330.0,452.0,0.83,,False
80,長水路,14,男子,50m背泳ぎ,70～74歳,32.27,35.83,39.43,3,梅村潔,セ・茂原,2/3,51.53,51.53,False,False,False,245.0,336.0,0.76,,False
80,長水路,14,男子,50m背泳ぎ,70～74歳,32.27,35.83,39.43,4,安高祐三,セ・越谷,2/6,53.12,53.12,False,False,False,224.0,306.0,1.48,,False
80,長水路,14,男子,50m背泳ぎ,65～69歳,30.95,33.24,38.09,1,會田修一,セ・おおたか,5/1,38.81,38.81,False,False,False,507.0,628.0,0.84,,False
80,長水路,14,男子,50m背泳ぎ,65～69歳,30.95,33.24,38.09,2,冨松実,セ・二俣川,5/2,39.29,39.29,False,False,False,488.0,605.0,0.71,,False
80,長水路,14,男子,50m背泳ぎ,65～69歳,30.95,33.24,38.09,3,遠藤隆昭,セ・大宮宮原,5/9,41.73,41.73,False,False,False,407.0,505.0,0.73,,False
80,長水路,14,男子,50m背泳ぎ,65～69歳,30.95,33.24,38.09,4,神尾尚人,セ・市ヶ尾,4/9,42.39,42.39,False,False,False,389.0,482.0,0.75,,False
80,長水路,14,男子,50m背泳ぎ,65～69歳,30.95,33.24,38.09,5,五十嵐洋,セ・おおたか,3/5,43.95,43.95,False,False,False,349.0,432.0,0.7,,False
80,長水路,14,男子,50m背泳ぎ,65～69歳,30.95,33.24,38.09,6,伊藤伸彦,セ・横浜,2/5,49.26,49.26,False,False,False,248.0,307.0,0.83,,False
80,長水路,14,男子,50m背泳ぎ,65～69歳,30.95,33.24,38.09,7,槙田誠,セ・南千住,3/9,50.89,50.89,False,False,False,224.0,278.0,0.82,,False
80,長水路,14,男子,50m背泳ぎ,65～69歳,30.95,33.24,38.09,8,鈴木篤,セ・おおたか,3/8,50.93,50.93,False,False,False,224.0,278.0,1.24,,False
80,長水路,14,男子,50m背泳ぎ,65～69歳,30.95,33.24,38.09,9,大滝恭伸,セ・市ヶ尾,1/6,50.94,50.94,False,False,False,224.0,277.0,0.87,,False
80,長水路,14,男子,50m背泳ぎ,60～64歳,29.77,31.38,34.85,1,杉原祥之,ザバス鶴見,6/8,36.06,36.06,False,False,False,562.0,658.0,0.66,,False
80,長水路,14,男子,50m背泳ぎ,60～64歳,29.77,31.38,34.85,2,半澤裕一,セ・我孫子,4/2,42.45,42.45,False,False,False,344.0,403.0,0.67,,False
80,長水路,14,男子,50m背泳ぎ,60～64歳,29.77,31.38,34.85,3,田中基幹,セ・流山,3/1,47.24,47.24,False,False,False,250.0,293.0,0.79,,False
80,長水路,14,男子,50m背泳ぎ,60～64歳,29.77,31.38,34.85,4,浦田昌和,セ・成城,3/7,48.36,48.36,False,False,False,233.0,273.0,0.73,,False
80,長水路,14,男子,50m背泳ぎ,55～59歳,28.54,30.09,33.15,1,小倉秀和,セ・清瀬,6/3,36.42,36.42,False,False,False,481.0,563.0,0.64,,False
80,長水路,14,男子,50m背泳ぎ,55～59歳,28.54,30.09,33.15,2,柄澤英也,セ・用賀,6/9,37.42,37.42,False,False,False,443.0,519.0,0.76,,False
80,長水路,14,男子,50m背泳ぎ,55～59歳,28.54,30.09,33.15,3,荒井正明,セ・八千代台,5/4,37.75,37.75,False,False,False,432.0,506.0,0.69,,False
80,長水路,14,男子,50m背泳ぎ,55～59歳,28.54,30.09,33.15,4,町田克浩,セ・大森,5/7,38.29,38.29,False,False,False,414.0,485.0,0.73,,False
80,長水路,14,男子,50m背泳ぎ,55～59歳,28.54,30.09,33.15,5,宮木幸彦,セ・葛西,5/8,38.67,38.67,False,False,False,402.0,471.0,0.74,,False
80,長水路,14,男子,50m背泳ぎ,55～59歳,28.54,30.09,33.15,6,宮川則仁,セ・大宮宮原,4/5,39.28,39.28,False,False,False,383.0,449.0,0.76,,False
80,長水路,14,男子,50m背泳ぎ,55～59歳,28.54,30.09,33.15,7,松本考弘,セ・清瀬,4/8,39.90,39.9,False,False,False,365.0,428.0,0.73,,False
80,長水路,14,男子,50m背泳ぎ,55～59歳,28.54,30.09,33.15,8,新井良育,セ・市ヶ尾,4/3,40.35,40.35,False,False,False,353.0,414.0,0.63,,False
80,長水路,14,男子,50m背泳ぎ,55～59歳,28.54,30.09,33.15,9,青木正昭,セ・福生,3/4,47.41,47.41,False,False,False,218.0,255.0,0.76,,False
80,長水路,14,男子,50m背泳ぎ,55～59歳,28.54,30.09,33.15,,中津海全士,セ・S湘南台,6/10,,,False,False,False,,,,,True
80,長水路,14,男子,50m背泳ぎ,50～54歳,28.20,28.66,30.18,1,坂善和,セ・ときわ台,7/10,33.16,33.16,False,False,False,615.0,645.0,0.61,,False
80,長水路,14,男子,50m背泳ぎ,50～54歳,28.20,28.66,30.18,2,飯田辰徳,セ・南千住,6/4,36.48,36.48,False,False,False,461.0,484.0,0.69,,False
80,長水路,14,男子,50m背泳ぎ,50～54歳,28.20,28.66,30.18,3,羽田浩一,セ・成城,6/2,37.12,37.12,False,False,False,438.0,460.0,0.69,,False
80,長水路,14,男子,50m背泳ぎ,50～54歳,28.20,28.66,30.18,4,原田真,セ・葛西,4/6,40.71,40.71,False,False,False,332.0,348.0,0.73,,False
80,長水路,14,男子,50m背泳ぎ,50～54歳,28.20,28.66,30.18,5,若杉佳宏,セ・阿佐谷,5/3,40.89,40.89,False,False,False,328.0,344.0,0.69,,False
80,長水路,14,男子,50m背泳ぎ,50～54歳,28.20,28.66,30.18,6,高本直彰,セ・大宮宮原,5/10,40.98,40.98,False,False,False,325.0,342.0,0.71,,False
80,長水路,14,男子,50m背泳ぎ,50～54歳,28.20,28.66,30.18,7,久保田裕一,セ・慶應日吉,2/8,46.46,46.46,False,False,False,223.0,234.0,0.71,,False
80,長水路,14,男子,50m背泳ぎ,45～49歳,27.35,27.55,28.31,1,山本聡,セ・久喜,4/4,48.36,48.36,False,False,False,180.0,184.0,0.81,,False
80,長水路,14,男子,50m背泳ぎ,45～49歳,27.35,27.55,28.31,,浅野亮介,セ・新都心,4/7,,,False,False,False,,,,,True
80,長水路,14,男子,50m背泳ぎ,40～44歳,27.10,27.17,28.54,1,岡本修,セ・越谷,7/3,30.19,30.19,False,False,False,723.0,728.0,0.56,,False
80,長水路,14,男子,50m背泳ぎ,40～44歳,27.10,27.17,28.54,2,棚網宏之,セ・阿佐谷,5/5,32.72,32.72,False,False,False,568.0,572.0,0.56,,False
80,長水路,14,男子,50m背泳ぎ,40～44歳,27.10,27.17,28.54,3,図師拓千,セ・市ヶ尾,6/6,33.04,33.04,False,False,False,551.0,556.0,0.63,,False
80,長水路,14,男子,50m背泳ぎ,40～44歳,27.10,27.17,28.54,4,木村考太,セ・市ヶ尾,6/1,40.09,40.09,False,False,False,308.0,311.0,0.79,,False
80,長水路,14,男子,50m背泳ぎ,35～39歳,25.76,26.27,28.14,1,津守陽介,セ・阿佐谷,6/5,33.32,33.32,False,False,False,462.0,490.0,0.64,,False
80,長水路,14,男子,50m背泳ぎ,35～39歳,25.76,26.27,28.14,2,酒井智彬,セ・ときわ台,6/7,35.31,35.31,False,False,False,388.0,411.0,0.62,,False
80,長水路,14,男子,50m背泳ぎ,35～39歳,25.76,26.27,28.14,3,増田喬行,セ・大宮宮原,5/6,36.71,36.71,False,False,False,345.0,366.0,0.68,,False
80,長水路,14,男子,50m背泳ぎ,35～39歳,25.76,26.27,28.14,4,佐々木悠介,セ・福島,3/10,54.37,54.37,False,False,False,106.0,112.0,0.71,,False
80,長水路,14,男子,50m背泳ぎ,35～39歳,25.76,26.27,28.14,,前田康輔,セ・二俣川,7/7,,,False,False,False,,,,,True
80,長水路,14,男子,50m背泳ぎ,30～34歳,25.53,26.08,27.19,1,石川和樹,セ・谷津,7/5,27.12,27.12,True,False,False,834.0,889.0,0.58,,False
80,長水路,14,男子,50m背泳ぎ,25～29歳,25.44,25.94,26.58,1,小島駿紀,セ・ときわ台,7/6,27.82,27.82,False,False,False,764.0,810.0,0.52,,False
80,長水路,14,男子,50m背泳ぎ,25～29歳,25.44,25.94,26.58,2,東侑玖,セ・阿佐谷,7/4,29.56,29.56,False,False,False,637.0,675.0,0.72,,False
80,長水路,14,男子,50m背泳ぎ,25～29歳,25.44,25.94,26.58,3,村岡孝義,セ・桶川北本,7/1,31.01,31.01,False,False,False,552.0,585.0,0.57,,False
80,長水路,14,男子,50m背泳ぎ,25～29歳,25.44,25.94,26.58,4,室坂拓真,セ・用賀,7/9,32.08,32.08,False,False,False,498.0,528.0,0.59,,False
80,長水路,14,男子,50m背泳ぎ,18～24歳,,,27.77,1,結城智弘,セ・我孫子,7/8,31.39,31.39,False,False,False,,,,,False
80,長水路,14,男子,50m背泳ぎ,18～24歳,,,27.77,2,小俣太一,セ・八王子,7/2,31.59,31.59,False,False,False,,,,,False
80,長水路,15,女子,50m自由形,90～94歳,45.44,51.68,1:08.70,1,須山順子,セ・松戸,4/6,53.71,53.71,True,False,False,605.0,890.0,,,False
80,長水路,15,女子,50m自由形,85～89歳,38.89,38.89,44.13,1,田中もみぢ,セ・おおたか,6/5,52.78,52.78,False,False,False,400.0,400.0,0.99,,False
80,長水路,15,女子,50m自由形,85～89歳,38.89,38.89,44.13,2,武藤治子,セ・二俣川,1/5,58.99,58.99,False,False,False,286.0,286.0,,,False
80,長水路,15,女子,50m自由形,85～89歳,38.89,38.89,44.13,3,平田美佐子,セ・天王洲,1/7,1:02.44,62.44,False,False,False,241.0,241.0,1.25,,False
80,長水路,15,女子,50m自由形,85～89歳,38.89,38.89,44.13,4,加藤直子,セ・横浜,1/3,1:28.14,88.14,False,False,False,85.0,85.0,1.27,,False
80,長水路,15,女子,50m自由形,80～84歳,36.61,36.61,41.40,1,川口栄子,セ・松戸,8/4,46.67,46.67,False,False,False,482.0,482.0,0.85,,False
80,長水路,15,女子,50m自由形,80～84歳,36.61,36.61,41.40,2,中村敬子,セ・府中,3/6,48.19,48.19,False,False,False,438.0,438.0,0.99,,False
80,長水路,15,女子,50m自由形,80～84歳,36.61,36.61,41.40,3,八田清子,セ・松戸,4/4,49.18,49.18,False,False,False,412.0,412.0,0.97,,False
80,長水路,15,女子,50m自由形,80～84歳,36.61,36.61,41.40,4,小野洋子,セ・我孫子,3/5,54.03,54.03,False,False,False,311.0,311.0,0.79,,False
80,長水路,15,女子,50m自由形,80～84歳,36.61,36.61,41.40,5,安澤イソ子,セ・市ヶ尾,2/5,54.85,54.85,False,False,False,297.0,297.0,0.99,,False
80,長水路,15,女子,50m自由形,80～84歳,36.61,36.61,41.40,6,相澤和子,セ・久喜,1/6,1:11.20,71.2,False,False,False,135.0,135.0,1.32,,False
80,長水路,15,女子,50m自由形,75～79歳,32.96,35.25,40.60,1,渡部みさを,セ・慶應日吉,11/4,42.29,42.29,False,False,False,473.0,579.0,0.86,,False
80,長水路,15,女子,50m自由形,75～79歳,32.96,35.25,40.60,2,小池藤子,セ・新三郷,5/6,44.11,44.11,False,False,False,417.0,510.0,0.74,,False
80,長水路,15,女子,50m自由形,75～79歳,32.96,35.25,40.60,3,市野克子,セ・大森,9/10,45.10,45.1,False,False,False,390.0,477.0,1.2,,False
80,長水路,15,女子,50m自由形,75～79歳,32.96,35.25,40.60,4,若林多恵子,セ・谷津,7/4,49.66,49.66,False,False,False,292.0,357.0,0.89,,False
80,長水路,15,女子,50m自由形,75～79歳,32.96,35.25,40.60,5,崎山治子,セ・用賀,5/1,50.39,50.39,False,False,False,279.0,342.0,0.98,,False
80,長水路,15,女子,50m自由形,75～79歳,32.96,35.25,40.60,6,岡田啓子,セ・桶川北本,4/9,52.18,52.18,False,False,False,252.0,308.0,1.04,,False
80,長水路,15,女子,50m自由形,75～79歳,32.96,35.25,40.60,7,藤田悦子,セ・二俣川,4/5,52.48,52.48,False,False,False,247.0,303.0,1.15,,False
80,長水路,15,女子,50m自由形,75～79歳,32.96,35.25,40.60,8,松永タズヨ,セ・おおたか,5/5,54.04,54.04,False,False,False,226.0,277.0,1.29,,False
80,長水路,15,女子,50m自由形,75～79歳,32.96,35.25,40.60,9,田野倉和子,セ・慶應日吉,3/4,54.49,54.49,False,False,False,221.0,270.0,1.0,,False
80,長水路,15,女子,50m自由形,75～79歳,32.96,35.25,40.60,10,畔上節子,セ・二俣川,2/3,58.08,58.08,False,False,False,182.0,223.0,1.04,,False
80,長水路,15,女子,50m自由形,70～74歳,30.73,33.61,37.31,1,近藤ひな子,セ・二俣川,13/6,40.43,40.43,False,False,False,439.0,574.0,0.87,,False
80,長水路,15,女子,50m自由形,70～74歳,30.73,33.61,37.31,2,舛尾妃呂子,セ・稲毛海岸,10/5,42.10,42.1,False,False,False,388.0,508.0,0.98,,False
80,長水路,15,女子,50m自由形,70～74歳,30.73,33.61,37.31,3,梅田栄己子,セ・天王洲,7/6,43.66,43.66,False,False,False,348.0,456.0,1.1,,False
80,長水路,15,女子,50m自由形,70～74歳,30.73,33.61,37.31,4,清水裕子,セ・二俣川,8/5,43.67,43.67,False,False,False,348.0,455.0,0.9,,False
80,長水路,15,女子,50m自由形,70～74歳,30.73,33.61,37.31,5,光畑千栄子,セ・成瀬,11/8,44.14,44.14,False,False,False,337.0,441.0,0.89,,False
80,長水路,15,女子,50m自由形,70～74歳,30.73,33.61,37.31,6,岡村悦子,セ・おおたか,9/5,44.39,44.39,False,False,False,331.0,434.0,0.98,,False
80,長水路,15,女子,50m自由形,70～74歳,30.73,33.61,37.31,7,瀧下節子,セ・志木,11/2,44.93,44.93,False,False,False,319.0,418.0,0.78,,False
80,長水路,15,女子,50m自由形,70～74歳,30.73,33.61,37.31,8,酒谷真砂子,セ・戸塚,9/1,46.39,46.39,False,False,False,290.0,380.0,0.89,,False
80,長水路,15,女子,50m自由形,70～74歳,30.73,33.61,37.31,9,小笠原三春,セ・八王子,8/6,46.67,46.67,False,False,False,285.0,373.0,0.9,,False
80,長水路,15,女子,50m自由形,70～74歳,30.73,33.61,37.31,10,小笠原京子,セ・流山,4/8,48.60,48.6,False,False,False,252.0,330.0,1.09,,False
80,長水路,15,女子,50m自由形,70～74歳,30.73,33.61,37.31,11,三嶋祐子,セ・阿佐谷,7/3,49.31,49.31,False,False,False,242.0,316.0,1.03,,False
80,長水路,15,女子,50m自由形,70～74歳,30.73,33.61,37.31,12,山崎美南子,セ・南青山,7/2,50.17,50.17,False,False,False,229.0,300.0,0.92,,False
80,長水路,15,女子,50m自由形,70～74歳,30.73,33.61,37.31,13,吉田あけみ,セ・館山,4/7,50.59,50.59,False,False,False,224.0,293.0,1.05,,False
80,長水路,15,女子,50m自由形,70～74歳,30.73,33.61,37.31,14,戸倉陽子,セ・慶應日吉,7/5,51.81,51.81,False,False,False,208.0,273.0,0.83,,False
80,長水路,15,女子,50m自由形,70～74歳,30.73,33.61,37.31,15,池田則子,セ・松戸,4/1,54.54,54.54,False,False,False,178.0,234.0,1.12,,False
80,長水路,15,女子,50m自由形,70～74歳,30.73,33.61,37.31,16,長谷川節子,セ・天王洲,5/8,55.65,55.65,False,False,False,168.0,220.0,1.02,,False
80,長水路,15,女子,50m自由形,70～74歳,30.73,33.61,37.31,17,池淵玲子,セ・慶應日吉,4/3,57.76,57.76,False,False,False,150.0,197.0,0.79,,False
80,長水路,15,女子,50m自由形,70～74歳,30.73,33.61,37.31,18,小高和子,セ・桶川北本,2/6,1:02.57,62.57,False,False,False,118.0,154.0,,,False
80,長水路,15,女子,50m自由形,65～69歳,29.10,32.46,35.41,1,永瀬秀子,セ・二俣川,19/9,32.51,32.51,True,False,False,717.0,995.0,0.8,,False
80,長水路,15,女子,50m自由形,65～69歳,29.10,32.46,35.41,2,吉川千晶,G-SPA,14/1,38.38,38.38,False,False,False,435.0,604.0,0.77,,False
80,長水路,15,女子,50m自由形,65～69歳,29.10,32.46,35.41,3,立石由美子,セ・大森,12/6,38.64,38.64,False,False,False,427.0,592.0,0.72,,False
80,長水路,15,女子,50m自由形,65～69歳,29.10,32.46,35.41,4,高梨美樹,セ・成城,14/5,39.57,39.57,False,False,False,397.0,552.0,0.75,,False
80,長水路,15,女子,50m自由形,65～69歳,29.10,32.46,35.41,5,倉林明子,セ・おおたか,11/7,40.25,40.25,False,False,False,377.0,524.0,0.9,,False
80,長水路,15,女子,50m自由形,65～69歳,29.10,32.46,35.41,6,米澤美智子,セ・成瀬,12/5,41.14,41.14,False,False,False,353.0,491.0,0.88,,False
80,長水路,15,女子,50m自由形,65～69歳,29.10,32.46,35.41,7,塙清子,セ・自由が丘,13/4,41.97,41.97,False,False,False,333.0,462.0,,,False
80,長水路,15,女子,50m自由形,65～69歳,29.10,32.46,35.41,8,石河久美子,セ・溝ノ口,9/4,43.58,43.58,False,False,False,297.0,413.0,0.73,,False
80,長水路,15,女子,50m自由形,65～69歳,29.10,32.46,35.41,9,佐々木和恵,セ・松戸,9/3,43.76,43.76,False,False,False,294.0,408.0,0.91,,False
80,長水路,15,女子,50m自由形,65～69歳,29.10,32.46,35.41,10,三枚堂かよ子,セ・阿佐谷,11/1,45.08,45.08,False,False,False,268.0,373.0,0.8,,False
80,長水路,15,女子,50m自由形,65～69歳,29.10,32.46,35.41,11,新井裕子,セ・清瀬,6/6,45.11,45.11,False,False,False,268.0,372.0,0.95,,False
80,長水路,15,女子,50m自由形,65～69歳,29.10,32.46,35.41,12,古俣悦子,セ・下北沢,6/8,45.60,45.6,False,False,False,259.0,360.0,1.18,,False
80,長水路,15,女子,50m自由形,65～69歳,29.10,32.46,35.41,13,宮田ひとみ,セ・阿佐谷,8/2,46.49,46.49,False,False,False,245.0,340.0,1.02,,False
80,長水路,15,女子,50m自由形,65～69歳,29.10,32.46,35.41,14,桐沢ひとみ,セ・大森,8/7,47.39,47.39,False,False,False,231.0,321.0,0.91,,False
80,長水路,15,女子,50m自由形,65～69歳,29.10,32.46,35.41,15,須田菜奈子,セ・桶川北本,6/3,47.92,47.92,False,False,False,223.0,310.0,0.93,,False
80,長水路,15,女子,50m自由形,65～69歳,29.10,32.46,35.41,16,原田由美子,セ・慶應日吉,8/3,48.04,48.04,False,False,False,222.0,308.0,0.88,,False
80,長水路,15,女子,50m自由形,65～69歳,29.10,32.46,35.41,17,久保とし子,セ・長津田,9/8,48.93,48.93,False,False,False,210.0,291.0,0.95,,False
80,長水路,15,女子,50m自由形,65～69歳,29.10,32.46,35.41,18,宮原美穂,セ・福生,6/9,50.02,50.02,False,False,False,196.0,273.0,0.89,,False
80,長水路,15,女子,50m自由形,65～69歳,29.10,32.46,35.41,19,榮真須美,セ・慶應日吉,5/3,51.54,51.54,False,False,False,179.0,249.0,1.02,,False
80,長水路,15,女子,50m自由形,65～69歳,29.10,32.46,35.41,20,松田則子,セ・成瀬,5/9,51.85,51.85,False,False,False,176.0,245.0,1.06,,False
80,長水路,15,女子,50m自由形,65～69歳,29.10,32.46,35.41,21,池長幸子,セ・桶川北本,5/10,52.64,52.64,False,False,False,168.0,234.0,1.14,,False
80,長水路,15,女子,50m自由形,65～69歳,29.10,32.46,35.41,22,渡辺美恵子,セ・西新井,2/4,52.77,52.77,False,False,False,167.0,232.0,0.89,,False
80,長水路,15,女子,50m自由形,65～69歳,29.10,32.46,35.41,23,半田陽子,セ・谷津,2/8,58.73,58.73,False,False,False,121.0,168.0,0.95,,False
80,長水路,15,女子,50m自由形,60～64歳,28.84,30.31,32.38,1,石原なおみ,セ・阿佐谷,17/6,35.39,35.39,False,False,False,541.0,628.0,0.72,,False
80,長水路,15,女子,50m自由形,60～64歳,28.84,30.31,32.38,2,横尾しずか,セ・用賀,16/3,35.41,35.41,False,False,False,540.0,627.0,0.74,,False
80,長水路,15,女子,50m自由形,60～64歳,28.84,30.31,32.38,3,原磨理,セ・長津田,15/5,36.22,36.22,False,False,False,504.0,586.0,0.85,,False
80,長水路,15,女子,50m自由形,60～64歳,28.84,30.31,32.38,3,伊藤みどり,セ・能見台,16/4,36.22,36.22,False,False,False,504.0,586.0,0.78,,False
80,長水路,15,女子,50m自由形,60～64歳,28.84,30.31,32.38,5,佐藤明美,セ・館山,14/6,36.83,36.83,False,False,False,480.0,557.0,0.84,,False
80,長水路,15,女子,50m自由形,60～64歳,28.84,30.31,32.38,6,中野内嘉子,セ・慶應日吉,13/7,37.14,37.14,False,False,False,468.0,543.0,0.86,,False
80,長水路,15,女子,50m自由形,60～64歳,28.84,30.31,32.38,7,大槻真由美,セ・清瀬,15/4,37.64,37.64,False,False,False,449.0,522.0,1.0,,False
80,長水路,15,女子,50m自由形,60～64歳,28.84,30.31,32.38,8,榎本恵子,セ・西新井,12/2,37.85,37.85,False,False,False,442.0,513.0,0.81,,False
80,長水路,15,女子,50m自由形,60～64歳,28.84,30.31,32.38,9,佐藤美絵子,セ・清瀬,12/4,38.75,38.75,False,False,False,412.0,478.0,0.78,,False
80,長水路,15,女子,50m自由形,60～64歳,28.84,30.31,32.38,10,高橋久美,セ・松戸,14/2,38.82,38.82,False,False,False,410.0,475.0,0.8,,False
80,長水路,15,女子,50m自由形,60～64歳,28.84,30.31,32.38,10,山本庸子,セ・八王子,14/10,38.82,38.82,False,False,False,410.0,475.0,1.24,,False
80,長水路,15,女子,50m自由形,60～64歳,28.84,30.31,32.38,12,大原清美,セ・阿佐谷,12/7,40.82,40.82,False,False,False,352.0,409.0,1.01,,False
80,長水路,15,女子,50m自由形,60～64歳,28.84,30.31,32.38,13,山田智子,セ・慶應日吉,11/3,41.13,41.13,False,False,False,344.0,400.0,0.8,,False
80,長水路,15,女子,50m自由形,60～64歳,28.84,30.31,32.38,14,岩本亜弓,セ・慶應日吉,6/4,42.97,42.97,False,False,False,302.0,350.0,0.85,,False
80,長水路,15,女子,50m自由形,60～64歳,28.84,30.31,32.38,15,山本登美子,セ・桶川北本,12/10,44.09,44.09,False,False,False,279.0,324.0,1.11,,False
80,長水路,15,女子,50m自由形,60～64歳,28.84,30.31,32.38,16,宮内麻里,曽谷・セ,9/7,44.40,44.4,False,False,False,274.0,318.0,1.15,,False
80,長水路,15,女子,50m自由形,60～64歳,28.84,30.31,32.38,17,座間千鶴子,ザバス八景,9/9,44.60,44.6,False,False,False,270.0,313.0,0.87,,False
80,長水路,15,女子,50m自由形,60～64歳,28.84,30.31,32.38,18,加藤雅弓,セ・新都心,10/6,44.67,44.67,False,False,False,269.0,312.0,1.05,,False
80,長水路,15,女子,50m自由形,60～64歳,28.84,30.31,32.38,19,田中香苗,セ・青砥,8/8,45.06,45.06,False,False,False,262.0,304.0,0.9,,False
80,長水路,15,女子,50m自由形,60～64歳,28.84,30.31,32.38,20,中野朗子,セ・慶應日吉,10/4,45.50,45.5,False,False,False,254.0,295.0,0.8,,False
80,長水路,15,女子,50m自由形,60～64歳,28.84,30.31,32.38,21,船津香,セ・自由が丘,11/9,45.51,45.51,False,False,False,254.0,295.0,0.85,,False
80,長水路,15,女子,50m自由形,60～64歳,28.84,30.31,32.38,22,黒川慶子,セ・上池袋,7/8,47.25,47.25,False,False,False,227.0,263.0,0.91,,False
80,長水路,15,女子,50m自由形,60～64歳,28.84,30.31,32.38,23,豊島由里子,セ・袖ヶ浦,6/1,50.23,50.23,False,False,False,189.0,219.0,0.78,,False
80,長水路,15,女子,50m自由形,60～64歳,28.84,30.31,32.38,24,佐々木政子,セ・大森,5/2,50.91,50.91,False,False,False,181.0,211.0,0.94,,False
80,長水路,15,女子,50m自由形,60～64歳,28.84,30.31,32.38,25,五十嵐佳澄,セ・阿佐谷,6/10,51.19,51.19,False,False,False,178.0,207.0,1.23,,False
80,長水路,15,女子,50m自由形,60～64歳,28.84,30.31,32.38,26,大芦薫,セ・清瀬,3/8,53.54,53.54,False,False,False,156.0,181.0,1.06,,False
80,長水路,15,女子,50m自由形,60～64歳,28.84,30.31,32.38,27,亀川純子,セ・谷津,3/3,54.16,54.16,False,False,False,150.0,175.0,,,False
80,長水路,15,女子,50m自由形,60～64歳,28.84,30.31,32.38,28,菊池佐千代,セ・流山,3/7,54.17,54.17,False,False,False,150.0,175.0,0.96,,False
80,長水路,15,女子,50m自由形,60～64歳,28.84,30.31,32.38,29,前川尚美,セ・F東戸塚,4/10,1:03.24,63.24,False,False,False,94.0,110.0,0.97,,False
80,長水路,15,女子,50m自由形,60～64歳,28.84,30.31,32.38,,鈴木加代子,セ・新三郷,2/7,,,False,False,False,,,,,True
80,長水路,15,女子,50m自由形,60～64歳,28.84,30.31,32.38,,渡邊ひろみ,セ・松戸,3/2,,,False,False,False,,,,,True
80,長水路,15,女子,50m自由形,55～59歳,27.86,29.00,31.18,1,原田佳子,セ・葛西,19/6,31.54,31.54,False,False,False,689.0,777.0,0.75,,False
80,長水路,15,女子,50m自由形,55～59歳,27.86,29.00,31.18,2,西田三佐子,セ・大宮宮原,14/7,36.75,36.75,False,False,False,435.0,491.0,0.63,,False
80,長水路,15,女子,50m自由形,55～59歳,27.86,29.00,31.18,3,鶴岡美佐,ザバス八景,16/7,36.90,36.9,False,False,False,430.0,485.0,0.74,,False
80,長水路,15,女子,50m自由形,55～59歳,27.86,29.00,31.18,4,小倉直美,セ・清瀬,15/7,36.98,36.98,False,False,False,427.0,482.0,0.75,,False
80,長水路,15,女子,50m自由形,55～59歳,27.86,29.00,31.18,5,熊田悦子,セ・成城,10/3,37.77,37.77,False,False,False,401.0,452.0,0.92,,False
80,長水路,15,女子,50m自由形,55～59歳,27.86,29.00,31.18,6,大野結実,セ・横浜,15/6,37.87,37.87,False,False,False,398.0,449.0,0.95,,False
80,長水路,15,女子,50m自由形,55～59歳,27.86,29.00,31.18,7,西岡祐子,セ・用賀,14/9,38.37,38.37,False,False,False,382.0,431.0,0.64,,False
80,長水路,15,女子,50m自由形,55～59歳,27.86,29.00,31.18,8,磯村麻衣子,セ・上池袋,13/5,41.25,41.25,False,False,False,308.0,347.0,0.75,,False
80,長水路,15,女子,50m自由形,55～59歳,27.86,29.00,31.18,9,レントフェルト慶子,セ・清瀬,12/3,41.82,41.82,False,False,False,295.0,333.0,0.82,,False
80,長水路,15,女子,50m自由形,55～59歳,27.86,29.00,31.18,10,池田直子,セ・大森,10/2,42.63,42.63,False,False,False,279.0,314.0,0.84,,False
80,長水路,15,女子,50m自由形,55～59歳,27.86,29.00,31.18,11,冨樫真樹子,セ・用賀,10/7,43.23,43.23,False,False,False,267.0,301.0,0.64,,False
80,長水路,15,女子,50m自由形,55～59歳,27.86,29.00,31.18,12,宮本弓子,セ・東戸塚,10/8,43.62,43.62,False,False,False,260.0,293.0,0.9,,False
80,長水路,15,女子,50m自由形,55～59歳,27.86,29.00,31.18,13,兼子敬子,セ・南千住,11/10,44.31,44.31,False,False,False,248.0,280.0,0.94,,False
80,長水路,15,女子,50m自由形,55～59歳,27.86,29.00,31.18,14,蔵屋由紀子,セ・新川崎,6/7,45.85,45.85,False,False,False,224.0,253.0,0.87,,False
80,長水路,15,女子,50m自由形,55～59歳,27.86,29.00,31.18,15,早田紀子,セ・慶應日吉,9/2,46.05,46.05,False,False,False,221.0,249.0,0.74,,False
80,長水路,15,女子,50m自由形,55～59歳,27.86,29.00,31.18,16,雨宮裕子,セ・大宮宮原,8/1,46.46,46.46,False,False,False,215.0,243.0,1.45,,False
80,長水路,15,女子,50m自由形,55～59歳,27.86,29.00,31.18,17,岩朋実,セ・川越,8/9,46.79,46.79,False,False,False,211.0,238.0,0.83,,False
80,長水路,15,女子,50m自由形,55～59歳,27.86,29.00,31.18,18,堀内浩子,セ・谷津,8/10,47.83,47.83,False,False,False,197.0,222.0,0.74,,False
80,長水路,15,女子,50m自由形,55～59歳,27.86,29.00,31.18,19,横田香波,セ・流山,3/1,48.81,48.81,False,False,False,185.0,209.0,0.88,,False
80,長水路,15,女子,50m自由形,55～59歳,27.86,29.00,31.18,20,佐藤淳子,セ・久喜,7/7,50.02,50.02,False,False,False,172.0,194.0,1.02,,False
80,長水路,15,女子,50m自由形,55～59歳,27.86,29.00,31.18,21,澤野由希子,セ・谷津,3/9,50.93,50.93,False,False,False,163.0,184.0,0.93,,False
80,長水路,15,女子,50m自由形,55～59歳,27.86,29.00,31.18,22,鈴木喜代子,セ・茂原,4/2,51.72,51.72,False,False,False,156.0,176.0,0.85,,False
80,長水路,15,女子,50m自由形,55～59歳,27.86,29.00,31.18,23,古平正美,セ・清瀬,5/7,51.96,51.96,False,False,False,154.0,173.0,0.98,,False
80,長水路,15,女子,50m自由形,55～59歳,27.86,29.00,31.18,24,山崎裕子,セ・西新井,1/4,1:08.78,68.78,False,False,False,66.0,74.0,1.26,,False
80,長水路,15,女子,50m自由形,55～59歳,27.86,29.00,31.18,,中村奈穂美,セ・越谷,11/5,,,False,False,False,,,,,True
80,長水路,15,女子,50m自由形,55～59歳,27.86,29.00,31.18,,糸川永利子,セ・用賀,12/9,,,False,False,False,,,,,True
80,長水路,15,女子,50m自由形,50～54歳,27.09,28.25,29.26,1,杉本浩美,セ・南千住,19/10,32.60,32.6,False,False,False,573.0,650.0,0.73,,False
80,長水路,15,女子,50m自由形,50～54歳,27.09,28.25,29.26,2,櫻井翠,セ・横浜,18/1,33.30,33.3,False,False,False,538.0,610.0,0.83,,False
80,長水路,15,女子,50m自由形,50～54歳,27.09,28.25,29.26,3,柳有美子,セ・おおたか,15/3,34.15,34.15,False,False,False,499.0,566.0,0.86,,False
80,長水路,15,女子,50m自由形,50～54歳,27.09,28.25,29.26,4,兵頭和子,セ・成瀬,17/5,34.67,34.67,False,False,False,477.0,540.0,0.71,,False
80,長水路,15,女子,50m自由形,50～54歳,27.09,28.25,29.26,5,芳賀加代子,セ・南青山,14/3,35.83,35.83,False,False,False,432.0,490.0,0.75,,False
80,長水路,15,女子,50m自由形,50～54歳,27.09,28.25,29.26,6,福本麻美,セ・慶應日吉,17/4,35.84,35.84,False,False,False,431.0,489.0,0.76,,False
80,長水路,15,女子,50m自由形,50～54歳,27.09,28.25,29.26,7,佐藤桂子,セ・横浜,16/2,36.54,36.54,False,False,False,407.0,462.0,0.77,,False
80,長水路,15,女子,50m自由形,50～54歳,27.09,28.25,29.26,8,棚網恵理,セ・阿佐谷,16/8,37.46,37.46,False,False,False,378.0,428.0,0.81,,False
80,長水路,15,女子,50m自由形,50～54歳,27.09,28.25,29.26,9,篠倉有美,セ・成瀬,7/9,37.64,37.64,False,False,False,372.0,422.0,0.79,,False
80,長水路,15,女子,50m自由形,50～54歳,27.09,28.25,29.26,10,引本亜紀子,セ・用賀,15/8,38.95,38.95,False,False,False,336.0,381.0,,,False
80,長水路,15,女子,50m自由形,50～54歳,27.09,28.25,29.26,11,田原文月,セ・南千住,13/10,39.62,39.62,False,False,False,319.0,362.0,0.88,,False
80,長水路,15,女子,50m自由形,50～54歳,27.09,28.25,29.26,12,有路さくら,セ・福生,10/9,40.65,40.65,False,False,False,295.0,335.0,0.89,,False
80,長水路,15,女子,50m自由形,50～54歳,27.09,28.25,29.26,13,北原暁美,セ・南青山,12/1,42.89,42.89,False,False,False,251.0,285.0,0.75,,False
80,長水路,15,女子,50m自由形,50～54歳,27.09,28.25,29.26,14,須釜映子,セ・西新井,5/4,44.42,44.42,False,False,False,226.0,257.0,0.85,,False
80,長水路,15,女子,50m自由形,50～54歳,27.09,28.25,29.26,15,久保洋子,セ・流山,3/10,1:04.83,64.83,False,False,False,72.0,82.0,1.06,,False
80,長水路,15,女子,50m自由形,45～49歳,26.07,27.78,29.51,1,佐々木彩,セ・成城,19/7,32.01,32.01,False,False,False,540.0,653.0,0.65,,False
80,長水路,15,女子,50m自由形,45～49歳,26.07,27.78,29.51,2,大黒明日香,セ・清瀬,15/2,32.68,32.68,False,False,False,507.0,614.0,0.81,,False
80,長水路,15,女子,50m自由形,45～49歳,26.07,27.78,29.51,3,坂本桃枝,G-SPA,18/2,32.83,32.83,False,False,False,500.0,605.0,0.8,,False
80,長水路,15,女子,50m自由形,45～49歳,26.07,27.78,29.51,4,小林恵,セ・西新井,13/3,33.38,33.38,False,False,False,476.0,576.0,0.82,,False
80,長水路,15,女子,50m自由形,45～49歳,26.07,27.78,29.51,5,横田千恵子,セ・阿佐谷,16/5,35.60,35.6,False,False,False,392.0,475.0,0.79,,False
80,長水路,15,女子,50m自由形,45～49歳,26.07,27.78,29.51,6,高島典子,セ・大森,17/10,35.95,35.95,False,False,False,381.0,461.0,0.76,,False
80,長水路,15,女子,50m自由形,45～49歳,26.07,27.78,29.51,7,草野茜,セ・二俣川,18/10,36.01,36.01,False,False,False,379.0,459.0,0.9,,False
80,長水路,15,女子,50m自由形,45～49歳,26.07,27.78,29.51,8,藤本淑恵,セ・平塚,16/10,36.86,36.86,False,False,False,353.0,428.0,1.08,,False
80,長水路,15,女子,50m自由形,45～49歳,26.07,27.78,29.51,9,町田麻里,セ・南千住,14/4,36.96,36.96,False,False,False,350.0,424.0,0.82,,False
80,長水路,15,女子,50m自由形,45～49歳,26.07,27.78,29.51,10,前田由希映,セ・二俣川,17/1,37.95,37.95,False,False,False,324.0,392.0,0.87,,False
80,長水路,15,女子,50m自由形,45～49歳,26.07,27.78,29.51,11,吉池奈々,セ・二俣川,16/1,38.36,38.36,False,False,False,313.0,379.0,0.68,,False
80,長水路,15,女子,50m自由形,45～49歳,26.07,27.78,29.51,12,赤坂恵美子,セ・志木,9/6,43.81,43.81,False,False,False,210.0,254.0,0.83,,False
80,長水路,15,女子,50m自由形,45～49歳,26.07,27.78,29.51,13,下山雅子,セ・茂原,6/2,45.72,45.72,False,False,False,185.0,224.0,0.87,,False
80,長水路,15,女子,50m自由形,45～49歳,26.07,27.78,29.51,,櫻井理恵子,セ・袖ヶ浦,18/8,,,False,False,False,,,,,True
80,長水路,15,女子,50m自由形,40～44歳,26.44,26.95,29.16,1,渡邉梨絵,セ・阿佐谷,20/5,28.95,28.95,True,False,False,761.0,806.0,0.66,,False
80,長水路,15,女子,50m自由形,40～44歳,26.44,26.95,29.16,2,永田加那子,セ・葛西,20/9,31.55,31.55,False,False,False,588.0,623.0,0.76,,False
80,長水路,15,女子,50m自由形,40～44歳,26.44,26.95,29.16,3,清水芙由美,セ・青砥,13/8,33.49,33.49,False,False,False,492.0,521.0,0.82,,False
80,長水路,15,女子,50m自由形,40～44歳,26.44,26.95,29.16,4,真栄田こずえ,ザバス八景,17/7,34.15,34.15,False,False,False,464.0,491.0,0.79,,False
80,長水路,15,女子,50m自由形,40～44歳,26.44,26.95,29.16,5,中村可奈子,セ・おおたか,18/9,34.83,34.83,False,False,False,437.0,463.0,0.77,,False
80,長水路,15,女子,50m自由形,40～44歳,26.44,26.95,29.16,6,染谷ゆたか,墨田区体育館,15/9,35.36,35.36,False,False,False,418.0,442.0,0.75,,False
80,長水路,15,女子,50m自由形,40～44歳,26.44,26.95,29.16,7,中辻澄美,セ・天王洲,14/8,38.18,38.18,False,False,False,332.0,351.0,0.77,,False
80,長水路,15,女子,50m自由形,40～44歳,26.44,26.95,29.16,,石川彩,セ・成瀬,7/1,,,False,False,False,,,,,True
80,長水路,15,女子,50m自由形,40～44歳,26.44,26.95,29.16,,谷美希子,セ・府中,10/1,,,False,False,False,,,,,True
80,長水路,15,女子,50m自由形,40～44歳,26.44,26.95,29.16,,宮本八重,セ・慶應日吉,19/5,,,False,False,False,,,,,True
80,長水路,15,女子,50m自由形,35～39歳,25.58,26.74,28.87,1,北川麻美,セ・武蔵小杉,20/6,28.66,28.66,True,False,False,711.0,812.0,0.74,,False
80,長水路,15,女子,50m自由形,35～39歳,25.58,26.74,28.87,2,青木梨緒,セ・葛西,20/7,29.19,29.19,False,False,False,672.0,768.0,0.67,,False
80,長水路,15,女子,50m自由形,35～39歳,25.58,26.74,28.87,3,川北恵,セ・長津田,20/4,29.40,29.4,False,False,False,658.0,752.0,0.7,,False
80,長水路,15,女子,50m自由形,35～39歳,25.58,26.74,28.87,4,田中美鈴,セ・武蔵小杉,19/3,31.69,31.69,False,False,False,525.0,600.0,0.73,,False
80,長水路,15,女子,50m自由形,35～39歳,25.58,26.74,28.87,5,柳美希,セ・松戸,17/9,33.27,33.27,False,False,False,454.0,519.0,0.85,,False
80,長水路,15,女子,50m自由形,35～39歳,25.58,26.74,28.87,6,後藤元美,セ・天王洲,16/9,37.37,37.37,False,False,False,320.0,366.0,0.7,,False
80,長水路,15,女子,50m自由形,35～39歳,25.58,26.74,28.87,7,國政玲,セ・南青山,15/1,39.28,39.28,False,False,False,276.0,315.0,0.76,,False
80,長水路,15,女子,50m自由形,35～39歳,25.58,26.74,28.87,8,RacaruGabriela,セ・慶應日吉,11/6,39.69,39.69,False,False,False,267.0,305.0,0.8,,False
80,長水路,15,女子,50m自由形,35～39歳,25.58,26.74,28.87,9,渡邉茜,セ・袖ヶ浦,7/10,41.30,41.3,False,False,False,237.0,271.0,1.18,,False
80,長水路,15,女子,50m自由形,30～34歳,25.33,26.41,26.42,1,宍戸萌,セ・長津田,20/10,30.31,30.31,False,False,False,583.0,661.0,0.84,,False
80,長水路,15,女子,50m自由形,30～34歳,25.33,26.41,26.42,2,吉田のばら,セ・南千住,19/4,30.65,30.65,False,False,False,564.0,639.0,0.72,,False
80,長水路,15,女子,50m自由形,30～34歳,25.33,26.41,26.42,3,深堀陽子,セ・二俣川,19/1,33.67,33.67,False,False,False,425.0,482.0,0.68,,False
80,長水路,15,女子,50m自由形,30～34歳,25.33,26.41,26.42,4,岡澤美咲,セ・茂原,13/2,36.99,36.99,False,False,False,321.0,363.0,0.76,,False
80,長水路,15,女子,50m自由形,30～34歳,25.33,26.41,26.42,5,古賀量子,セ・大森,12/8,40.42,40.42,False,False,False,246.0,278.0,0.9,,False
80,長水路,15,女子,50m自由形,30～34歳,25.33,26.41,26.42,,斎藤美玲,セ・青砥,10/10,,,False,False,False,,,,,True
80,長水路,15,女子,50m自由形,25～29歳,25.37,26.27,27.43,1,高嶋ひなの,セ・おおたか,19/8,29.63,29.63,False,False,False,627.0,696.0,0.62,,False
80,長水路,15,女子,50m自由形,25～29歳,25.37,26.27,27.43,2,池田志保,セ・大宮宮原,20/2,30.41,30.41,False,False,False,580.0,644.0,0.69,,False
80,長水路,15,女子,50m自由形,25～29歳,25.37,26.27,27.43,3,丸玖瑠都,セ・成城,18/4,30.94,30.94,False,False,False,551.0,612.0,0.65,,False
80,長水路,15,女子,50m自由形,25～29歳,25.37,26.27,27.43,4,田嶋由佳,セ・二俣川,18/5,32.60,32.6,False,False,False,471.0,523.0,0.76,,False
80,長水路,15,女子,50m自由形,25～29歳,25.37,26.27,27.43,5,足立知実,セ・平塚,17/2,34.10,34.1,False,False,False,411.0,457.0,0.68,,False
80,長水路,15,女子,50m自由形,25～29歳,25.37,26.27,27.43,6,村岡礼奈,セ・桶川北本,16/6,35.71,35.71,False,False,False,358.0,398.0,0.69,,False
80,長水路,15,女子,50m自由形,18～24歳,,,28.03,1,岩城心美,セ・武蔵小杉,20/3,29.10,29.1,False,False,False,,,,,False
80,長水路,15,女子,50m自由形,18～24歳,,,28.03,2,梶井美杏,セ・清瀬,20/8,30.21,30.21,False,False,False,,,,,False
80,長水路,15,女子,50m自由形,18～24歳,,,28.03,3,岡田星理,セ・谷津,18/6,30.48,30.48,False,False,False,,,,,False
80,長水路,15,女子,50m自由形,18～24歳,,,28.03,4,野口奈旺子,セ・葛西,18/3,30.82,30.82,False,False,False,,,,,False
80,長水路,15,女子,50m自由形,18～24歳,,,28.03,5,松井優依,セ・八王子,20/1,31.12,31.12,False,False,False,,,,,False
80,長水路,15,女子,50m自由形,18～24歳,,,28.03,6,篠田璃七,セ・葛西,18/7,31.23,31.23,False,False,False,,,,,False
80,長水路,15,女子,50m自由形,18～24歳,,,28.03,7,櫻井春佳,セ・大宮宮原,19/2,32.64,32.64,False,False,False,,,,,False
80,長水路,15,女子,50m自由形,18～24歳,,26.65,28.03,8,池田美来,セ・我孫子,17/8,33.46,33.46,False,False,False,,,,,False
80,長水路,15,女子,50m自由形,18～24歳,,26.65,28.03,9,皆川すみれ,セ・南青山,17/3,34.75,34.75,False,False,False,,,,,False
80,長水路,15,女子,50m自由形,18～24歳,,26.65,28.03,10,岩田茉子,セ・おおたか,15/10,40.67,40.67,False,False,False,,,,,False
80,長水路,15,女子,50m自由形,18～24歳,,26.65,28.03,11,天野佐希子,セ・柏,13/1,40.79,40.79,False,False,False,,,,,False
80,長水路,15,女子,50m自由形,18～24歳,,26.65,28.03,12,中村結海,セ・柏,13/9,42.17,42.17,False,False,False,,,,,False
80,長水路,16,男子,50m自由形,90～94歳,38.64,40.89,52.43,1,椎野正敏,セ・越谷,1/3,59.18,59.18,False,False,False,278.0,329.0,1.17,,False
80,長水路,16,男子,50m自由形,85～89歳,33.74,33.74,43.41,1,中村欣正,セ・流山,4/3,42.80,42.8,True,False,False,489.0,489.0,0.79,,False
80,長水路,16,男子,50m自由形,85～89歳,33.74,33.74,43.41,2,井上隆史,セ・市ヶ尾,4/1,44.77,44.77,False,False,False,428.0,428.0,0.88,,False
80,長水路,16,男子,50m自由形,85～89歳,33.74,33.74,43.41,3,丸野公敏,セ・南千住,1/2,1:13.70,73.7,False,False,False,95.0,95.0,,,False
80,長水路,16,男子,50m自由形,80～84歳,31.23,31.23,36.52,1,今修二,セ・越谷,3/5,39.83,39.83,False,False,False,482.0,482.0,0.9,,False
80,長水路,16,男子,50m自由形,80～84歳,31.23,31.23,36.52,2,益子正人,セ・我孫子,3/4,40.19,40.19,False,False,False,469.0,469.0,1.05,,False
80,長水路,16,男子,50m自由形,80～84歳,31.23,31.23,36.52,3,石川守也,セ・市川,3/6,42.01,42.01,False,False,False,410.0,410.0,0.98,,False
80,長水路,16,男子,50m自由形,80～84歳,31.23,31.23,36.52,4,井口穣,セ・東戸塚,4/4,43.88,43.88,False,False,False,360.0,360.0,0.81,,False
80,長水路,16,男子,50m自由形,80～84歳,31.23,31.23,36.52,5,大内洋,セ・葛西,3/10,46.17,46.17,False,False,False,309.0,309.0,0.98,,False
80,長水路,16,男子,50m自由形,80～84歳,31.23,31.23,36.52,6,保谷由夫,G-SPA,1/6,51.16,51.16,False,False,False,227.0,227.0,0.86,,False
80,長水路,16,男子,50m自由形,80～84歳,31.23,31.23,36.52,7,増山晶一,セ・下北沢,1/4,54.40,54.4,False,False,False,189.0,189.0,1.25,,False
80,長水路,16,男子,50m自由形,80～84歳,31.23,31.23,36.52,8,小田稔,セ・慶應日吉,1/5,55.87,55.87,False,False,False,174.0,174.0,1.15,,False
80,長水路,16,男子,50m自由形,80～84歳,31.23,31.23,36.52,9,縫田駿一,セ・おおたか,1/8,57.90,57.9,False,False,False,156.0,156.0,,,False
80,長水路,16,男子,50m自由形,75～79歳,28.49,29.90,30.61,1,木津誠,セ・成城,8/5,36.56,36.56,False,False,False,473.0,547.0,0.91,,False
80,長水路,16,男子,50m自由形,75～79歳,28.49,29.90,30.61,2,藤田善久,セ・八千代台,3/9,40.52,40.52,False,False,False,347.0,401.0,0.93,,False
80,長水路,16,男子,50m自由形,75～79歳,28.49,29.90,30.61,3,大倉健志,セ・流山,6/4,40.65,40.65,False,False,False,344.0,397.0,0.87,,False
80,長水路,16,男子,50m自由形,75～79歳,28.49,29.90,30.61,4,丸喜章,セ・茂原,4/9,43.11,43.11,False,False,False,288.0,333.0,0.89,,False
80,長水路,16,男子,50m自由形,75～79歳,28.49,29.90,30.61,5,柿崎博幸,セ・松戸,3/1,43.28,43.28,False,False,False,285.0,329.0,0.89,,False
80,長水路,16,男子,50m自由形,75～79歳,28.49,29.90,30.61,6,松永勝,セ・おおたか,2/3,48.80,48.8,False,False,False,198.0,230.0,1.06,,False
80,長水路,16,男子,50m自由形,75～79歳,28.49,29.90,30.61,7,泉保央,セ・慶應日吉,2/7,50.32,50.32,False,False,False,181.0,209.0,,,False
80,長水路,16,男子,50m自由形,75～79歳,28.49,29.90,30.61,8,手塚満,セ・おおたか,2/4,51.32,51.32,False,False,False,171.0,197.0,0.74,,False
80,長水路,16,男子,50m自由形,75～79歳,28.49,29.90,30.61,,神保伸幸,セ・南青山,3/7,,,False,False,False,,,,,True
80,長水路,16,男子,50m自由形,70～74歳,27.12,28.58,29.64,1,亀田一麿,セ・東戸塚,11/5,34.07,34.07,False,False,False,504.0,590.0,0.81,,False
80,長水路,16,男子,50m自由形,70～74歳,27.12,28.58,29.64,2,鈴木幹男,セ・我孫子,8/6,35.51,35.51,False,False,False,445.0,521.0,0.9,,False
80,長水路,16,男子,50m自由形,70～74歳,27.12,28.58,29.64,3,林誠,セ・湘南LT,9/1,35.58,35.58,False,False,False,442.0,518.0,0.77,,False
80,長水路,16,男子,50m自由形,70～74歳,27.12,28.58,29.64,4,瀧川一興,セ・大森,8/8,35.66,35.66,False,False,False,439.0,514.0,0.81,,False
80,長水路,16,男子,50m自由形,70～74歳,27.12,28.58,29.64,5,加藤均,セ・セン南,6/5,36.36,36.36,False,False,False,414.0,485.0,0.97,,False
80,長水路,16,男子,50m自由形,70～74歳,27.12,28.58,29.64,6,若月優,セ・横浜,7/9,36.54,36.54,False,False,False,408.0,478.0,0.87,,False
80,長水路,16,男子,50m自由形,70～74歳,27.12,28.58,29.64,7,長野守,セ・慶應日吉,7/2,38.04,38.04,False,False,False,362.0,424.0,0.76,,False
80,長水路,16,男子,50m自由形,70～74歳,27.12,28.58,29.64,8,橋本政明,セ・志木,5/9,38.61,38.61,False,False,False,346.0,405.0,0.8,,False
80,長水路,16,男子,50m自由形,70～74歳,27.12,28.58,29.64,9,幡場達明,セ・大宮宮原,5/5,40.73,40.73,False,False,False,295.0,345.0,0.79,,False
80,長水路,16,男子,50m自由形,70～74歳,27.12,28.58,29.64,10,岸田孝,セ・南青山,3/8,40.78,40.78,False,False,False,294.0,344.0,0.96,,False
80,長水路,16,男子,50m自由形,70～74歳,27.12,28.58,29.64,11,梅村潔,セ・茂原,3/3,40.87,40.87,False,False,False,292.0,341.0,0.83,,False
80,長水路,16,男子,50m自由形,70～74歳,27.12,28.58,29.64,12,常山賢二,曽谷・セ,5/7,40.93,40.93,False,False,False,290.0,340.0,1.01,,False
80,長水路,16,男子,50m自由形,70～74歳,27.12,28.58,29.64,13,中村雄一,G-SPA,4/5,42.65,42.65,False,False,False,257.0,300.0,,,False
80,長水路,16,男子,50m自由形,70～74歳,27.12,28.58,29.64,14,橋本亘,セ・おおたか,6/2,43.38,43.38,False,False,False,244.0,285.0,0.8,,False
80,長水路,16,男子,50m自由形,70～74歳,27.12,28.58,29.64,15,内藤謙一,セ・松戸,4/7,44.33,44.33,False,False,False,228.0,267.0,0.85,,False
80,長水路,16,男子,50m自由形,70～74歳,27.12,28.58,29.64,16,松下達一,セ・西新井,4/8,45.31,45.31,False,False,False,214.0,250.0,1.0,,False
80,長水路,16,男子,50m自由形,70～74歳,27.12,28.58,29.64,17,若山聖亮,G-SPA,2/5,45.49,45.49,False,False,False,211.0,247.0,,,False
80,長水路,16,男子,50m自由形,70～74歳,27.12,28.58,29.64,18,仲二見実,セ・ときわ台,6/8,47.23,47.23,False,False,False,189.0,221.0,1.04,,False
80,長水路,16,男子,50m自由形,70～74歳,27.12,28.58,29.64,19,大久保美伸,セ・松戸,2/6,48.43,48.43,False,False,False,175.0,205.0,0.95,,False
80,長水路,16,男子,50m自由形,70～74歳,27.12,28.58,29.64,,前川正,セ・F東戸塚,6/7,,,False,False,False,,,,,True
80,長水路,16,男子,50m自由形,65～69歳,26.19,26.19,28.14,1,沼田真清,セ・南青山,14/4,30.84,30.84,False,False,False,612.0,612.0,0.63,,False
80,長水路,16,男子,50m自由形,65～69歳,26.19,26.19,28.14,2,冨松実,セ・二俣川,13/2,31.97,31.97,False,False,False,549.0,549.0,0.7,,False
80,長水路,16,男子,50m自由形,65～69歳,26.19,26.19,28.14,3,岩田寛,セ・慶應日吉,10/4,32.76,32.76,False,False,False,510.0,510.0,0.96,,False
80,長水路,16,男子,50m自由形,65～69歳,26.19,26.19,28.14,4,會田修一,セ・おおたか,12/2,32.98,32.98,False,False,False,500.0,500.0,0.98,,False
80,長水路,16,男子,50m自由形,65～69歳,26.19,26.19,28.14,5,宮本恭幸,セ・おおたか,9/10,34.10,34.1,False,False,False,453.0,453.0,0.9,,False
80,長水路,16,男子,50m自由形,65～69歳,26.19,26.19,28.14,6,松田賢治,セ・大宮宮原,9/5,34.36,34.36,False,False,False,442.0,442.0,0.82,,False
80,長水路,16,男子,50m自由形,65～69歳,26.19,26.19,28.14,7,横浜健,セ・南青山,11/2,34.67,34.67,False,False,False,431.0,431.0,0.8,,False
80,長水路,16,男子,50m自由形,65～69歳,26.19,26.19,28.14,8,山梨英亮,セ・我孫子,6/6,35.26,35.26,False,False,False,409.0,409.0,0.74,,False
80,長水路,16,男子,50m自由形,65～69歳,26.19,26.19,28.14,9,仲宇佐隆一,セ・横浜,7/8,35.92,35.92,False,False,False,387.0,387.0,0.82,,False
80,長水路,16,男子,50m自由形,65～69歳,26.19,26.19,28.14,10,松下尚之,セ・流山,7/5,36.60,36.6,False,False,False,366.0,366.0,0.81,,False
80,長水路,16,男子,50m自由形,65～69歳,26.19,26.19,28.14,11,佐藤信弘,セ・桶川北本,8/2,36.98,36.98,False,False,False,355.0,355.0,0.88,,False
80,長水路,16,男子,50m自由形,65～69歳,26.19,26.19,28.14,12,上松高造,セ・武蔵小杉,5/6,39.52,39.52,False,False,False,291.0,291.0,0.9,,False
80,長水路,16,男子,50m自由形,65～69歳,26.19,26.19,28.14,13,宮内譲志,セ・おおたか,3/2,41.54,41.54,False,False,False,250.0,250.0,0.88,,False
80,長水路,16,男子,50m自由形,65～69歳,26.19,26.19,28.14,14,赤坂吉昭,セ・葛西,5/1,43.30,43.3,False,False,False,221.0,221.0,0.97,,False
80,長水路,16,男子,50m自由形,65～69歳,26.19,26.19,28.14,15,鈴木篤,セ・おおたか,4/10,46.26,46.26,False,False,False,181.0,181.0,1.33,,False
80,長水路,16,男子,50m自由形,65～69歳,26.19,26.19,28.14,16,栗谷川彰,ザバス鶴見,2/8,52.41,52.41,False,False,False,124.0,124.0,1.5,,False
80,長水路,16,男子,50m自由形,65～69歳,26.19,26.19,28.14,,五十嵐洋,セ・おおたか,9/8,,,False,False,False,,,,,True
80,長水路,16,男子,50m自由形,60～64歳,24.82,26.66,27.13,1,菊池千二,セ・市ヶ尾,7/1,29.65,29.65,False,False,False,586.0,726.0,0.73,,False
80,長水路,16,男子,50m自由形,60～64歳,24.82,26.66,27.13,2,杉原祥之,ザバス鶴見,15/5,29.98,29.98,False,False,False,567.0,703.0,0.74,,False
80,長水路,16,男子,50m自由形,60～64歳,24.82,26.66,27.13,3,山賀勝之,セ・南青山,13/5,31.23,31.23,False,False,False,501.0,622.0,0.67,,False
80,長水路,16,男子,50m自由形,60～64歳,24.82,26.66,27.13,4,小林健,セ・葛西,15/10,31.58,31.58,False,False,False,485.0,601.0,0.82,,False
80,長水路,16,男子,50m自由形,60～64歳,24.82,26.66,27.13,5,金子勝,セ・岩槻,15/2,31.65,31.65,False,False,False,482.0,597.0,0.74,,False
80,長水路,16,男子,50m自由形,60～64歳,24.82,26.66,27.13,6,宇田川祐一,セ・大宮宮原,14/1,32.96,32.96,False,False,False,427.0,529.0,0.79,,False
80,長水路,16,男子,50m自由形,60～64歳,24.82,26.66,27.13,7,田中基幹,セ・流山,10/8,33.42,33.42,False,False,False,409.0,507.0,0.82,,False
80,長水路,16,男子,50m自由形,60～64歳,24.82,26.66,27.13,8,廣本佳也,セ・上池袋,12/5,33.55,33.55,False,False,False,404.0,501.0,0.82,,False
80,長水路,16,男子,50m自由形,60～64歳,24.82,26.66,27.13,9,安間稔,セ・市ヶ尾,11/3,33.94,33.94,False,False,False,391.0,484.0,0.73,,False
80,長水路,16,男子,50m自由形,60～64歳,24.82,26.66,27.13,10,齋藤和典,セ・新川崎,8/4,34.11,34.11,False,False,False,385.0,477.0,0.89,,False
80,長水路,16,男子,50m自由形,60～64歳,24.82,26.66,27.13,11,小松崎浩,セ・府中,11/8,34.26,34.26,False,False,False,380.0,471.0,0.83,,False
80,長水路,16,男子,50m自由形,60～64歳,24.82,26.66,27.13,12,近藤正之,セ・上池袋,11/4,34.78,34.78,False,False,False,363.0,450.0,0.94,,False
80,長水路,16,男子,50m自由形,60～64歳,24.82,26.66,27.13,13,丸山恵太,セ・西新井,8/9,36.00,36.0,False,False,False,327.0,406.0,0.79,,False
80,長水路,16,男子,50m自由形,60～64歳,24.82,26.66,27.13,14,吉峯幸郎,セ・用賀,9/2,36.39,36.39,False,False,False,317.0,393.0,0.9,,False
80,長水路,16,男子,50m自由形,60～64歳,24.82,26.66,27.13,15,市野一滋,セ・用賀,7/6,36.89,36.89,False,False,False,304.0,377.0,0.83,,False
80,長水路,16,男子,50m自由形,60～64歳,24.82,26.66,27.13,16,高橋潤,セ・成瀬,8/7,37.96,37.96,False,False,False,279.0,346.0,0.94,,False
80,長水路,16,男子,50m自由形,60～64歳,24.82,26.66,27.13,17,佐野裕之,セ・武蔵小杉,8/10,38.63,38.63,False,False,False,265.0,328.0,0.94,,False
80,長水路,16,男子,50m自由形,60～64歳,24.82,26.66,27.13,18,山本勝,セ・慶應日吉,5/4,40.26,40.26,False,False,False,234.0,290.0,0.87,,False
80,長水路,16,男子,50m自由形,60～64歳,24.82,26.66,27.13,19,後藤潤,セ・成城,5/10,41.07,41.07,False,False,False,220.0,273.0,1.2,,False
80,長水路,16,男子,50m自由形,60～64歳,24.82,26.66,27.13,20,安部盛博,セ・成城,5/3,41.63,41.63,False,False,False,211.0,262.0,0.86,,False
80,長水路,16,男子,50m自由形,60～64歳,24.82,26.66,27.13,21,安藤靖,セ・南青山,6/9,42.63,42.63,False,False,False,197.0,244.0,0.87,,False
80,長水路,16,男子,50m自由形,60～64歳,24.82,26.66,27.13,22,半澤繁,セ・清瀬,4/2,45.73,45.73,False,False,False,159.0,198.0,0.83,,False
80,長水路,16,男子,50m自由形,60～64歳,24.82,26.66,27.13,,中村幸弘,セ・越谷,12/4,,,False,False,False,,,,,True
80,長水路,16,男子,50m自由形,55～59歳,24.45,24.45,26.96,1,倉持孝博,セ・おおたか,15/6,28.35,28.35,False,False,False,641.0,641.0,0.68,,False
80,長水路,16,男子,50m自由形,55～59歳,24.45,24.45,26.96,2,久保卓士,セ・天王洲,13/6,29.99,29.99,False,False,False,541.0,541.0,0.91,,False
80,長水路,16,男子,50m自由形,55～59歳,24.45,24.45,26.96,3,阿部賢裕,セ・能見台,16/3,30.16,30.16,False,False,False,532.0,532.0,0.74,,False
80,長水路,16,男子,50m自由形,55～59歳,24.45,24.45,26.96,4,前田光輝,セ・おおたか,15/9,30.32,30.32,False,False,False,524.0,524.0,0.65,,False
80,長水路,16,男子,50m自由形,55～59歳,24.45,24.45,26.96,5,門倉孝行,セ・慶應日吉,13/1,30.45,30.45,False,False,False,517.0,517.0,0.67,,False
80,長水路,16,男子,50m自由形,55～59歳,24.45,24.45,26.96,6,清田真人,セ・大宮宮原,14/10,30.50,30.5,False,False,False,515.0,515.0,0.9,,False
80,長水路,16,男子,50m自由形,55～59歳,24.45,24.45,26.96,7,西野宮冬木,セ・長津田,12/8,30.71,30.71,False,False,False,504.0,504.0,0.85,,False
80,長水路,16,男子,50m自由形,55～59歳,24.45,24.45,26.96,8,弭間政隆,セ・葛西,14/7,31.07,31.07,False,False,False,487.0,487.0,0.99,,False
80,長水路,16,男子,50m自由形,55～59歳,24.45,24.45,26.96,9,山田大介,セ・武蔵小杉,13/4,31.12,31.12,False,False,False,484.0,484.0,0.72,,False
80,長水路,16,男子,50m自由形,55～59歳,24.45,24.45,26.96,10,木村秀光,セ・上池袋,14/2,31.45,31.45,False,False,False,469.0,469.0,0.9,,False
80,長水路,16,男子,50m自由形,55～59歳,24.45,24.45,26.96,11,兵頭鋭雄,セ・目黒,13/8,31.79,31.79,False,False,False,454.0,454.0,0.82,,False
80,長水路,16,男子,50m自由形,55～59歳,24.45,24.45,26.96,12,新井良育,セ・市ヶ尾,13/9,31.99,31.99,False,False,False,446.0,446.0,0.65,,False
80,長水路,16,男子,50m自由形,55～59歳,24.45,24.45,26.96,13,加藤寿起,セ・袖ヶ浦,13/3,32.75,32.75,False,False,False,416.0,416.0,0.79,,False
80,長水路,16,男子,50m自由形,55～59歳,24.45,24.45,26.96,14,成島毅,セ・F宇都宮,11/9,33.64,33.64,False,False,False,383.0,383.0,0.81,,False
80,長水路,16,男子,50m自由形,55～59歳,24.45,24.45,26.96,15,穴田啓樹,セ・慶應日吉,9/7,33.76,33.76,False,False,False,379.0,379.0,0.74,,False
80,長水路,16,男子,50m自由形,55～59歳,24.45,24.45,26.96,16,久保田信利,ザバス八景,9/4,33.82,33.82,False,False,False,377.0,377.0,0.77,,False
80,長水路,16,男子,50m自由形,55～59歳,24.45,24.45,26.96,17,松本考弘,セ・清瀬,10/5,33.89,33.89,False,False,False,375.0,375.0,0.88,,False
80,長水路,16,男子,50m自由形,55～59歳,24.45,24.45,26.96,18,佐藤正章,セ・用賀,10/6,34.26,34.26,False,False,False,363.0,363.0,0.78,,False
80,長水路,16,男子,50m自由形,55～59歳,24.45,24.45,26.96,19,青木正昭,セ・福生,9/6,36.58,36.58,False,False,False,298.0,298.0,0.83,,False
80,長水路,16,男子,50m自由形,55～59歳,24.45,24.45,26.96,20,向山高弘,セ・ときわ台,7/3,38.36,38.36,False,False,False,258.0,258.0,0.9,,False
80,長水路,16,男子,50m自由形,55～59歳,24.45,24.45,26.96,21,北村勇,セ・能見台,6/1,39.80,39.8,False,False,False,231.0,231.0,0.78,,False
80,長水路,16,男子,50m自由形,55～59歳,24.45,24.45,26.96,22,中田雄也,墨田区体育館,8/1,40.83,40.83,False,False,False,214.0,214.0,0.64,,False
80,長水路,16,男子,50m自由形,55～59歳,24.45,24.45,26.96,23,福田義晴,セ・市川,5/8,40.94,40.94,False,False,False,213.0,213.0,0.94,,False
80,長水路,16,男子,50m自由形,55～59歳,24.45,24.45,26.96,24,谷垣和俊,セ・市川,1/7,46.09,46.09,False,False,False,149.0,149.0,,,False
80,長水路,16,男子,50m自由形,55～59歳,24.45,24.45,26.96,,藤本豊和,セ・長津田,17/9,,,False,False,False,,,,,True
80,長水路,16,男子,50m自由形,50～54歳,23.67,23.67,25.70,1,大村俊文,セ・二俣川,19/7,26.48,26.48,False,False,False,714.0,714.0,0.7,,False
80,長水路,16,男子,50m自由形,50～54歳,23.67,23.67,25.70,2,小森康弘,セ・葛西,16/8,27.54,27.54,False,False,False,634.0,634.0,0.63,,False
80,長水路,16,男子,50m自由形,50～54歳,23.67,23.67,25.70,3,北川貴義,セ・阿佐谷,18/8,27.90,27.9,False,False,False,610.0,610.0,0.68,,False
80,長水路,16,男子,50m自由形,50～54歳,23.67,23.67,25.70,4,堀川広祐,セ・二俣川,17/2,28.60,28.6,False,False,False,566.0,566.0,0.63,,False
80,長水路,16,男子,50m自由形,50～54歳,23.67,23.67,25.70,5,花井一也,セ・長津田,17/4,28.64,28.64,False,False,False,564.0,564.0,0.72,,False
80,長水路,16,男子,50m自由形,50～54歳,23.67,23.67,25.70,6,佐々木茂倫,セ・流山,16/4,29.52,29.52,False,False,False,515.0,515.0,0.65,,False
80,長水路,16,男子,50m自由形,50～54歳,23.67,23.67,25.70,7,甫坂修男,セ・市川,16/7,29.61,29.61,False,False,False,510.0,510.0,0.71,,False
80,長水路,16,男子,50m自由形,50～54歳,23.67,23.67,25.70,8,添田邦彦,セ・八王子,15/4,29.78,29.78,False,False,False,502.0,502.0,0.81,,False
80,長水路,16,男子,50m自由形,50～54歳,23.67,23.67,25.70,9,登坂健志,セ・おおたか,13/10,30.36,30.36,False,False,False,473.0,473.0,0.99,,False
80,長水路,16,男子,50m自由形,50～54歳,23.67,23.67,25.70,10,磯貝知弘,セ・柏,15/3,30.46,30.46,False,False,False,469.0,469.0,0.79,,False
80,長水路,16,男子,50m自由形,50～54歳,23.67,23.67,25.70,11,花輪博之,セ・越谷,15/1,31.01,31.01,False,False,False,444.0,444.0,0.77,,False
80,長水路,16,男子,50m自由形,50～54歳,23.67,23.67,25.70,12,内藤充,セ・新川崎,14/5,31.25,31.25,False,False,False,434.0,434.0,0.81,,False
80,長水路,16,男子,50m自由形,50～54歳,23.67,23.67,25.70,13,藤田一寿,セ・成城,14/3,31.44,31.44,False,False,False,426.0,426.0,0.77,,False
80,長水路,16,男子,50m自由形,50～54歳,23.67,23.67,25.70,14,若杉佳宏,セ・阿佐谷,15/8,31.60,31.6,False,False,False,420.0,420.0,0.76,,False
80,長水路,16,男子,50m自由形,50～54歳,23.67,23.67,25.70,15,興野巧磨,セ・八王子,15/7,31.77,31.77,False,False,False,413.0,413.0,0.78,,False
80,長水路,16,男子,50m自由形,50～54歳,23.67,23.67,25.70,16,千葉忠英,セ・天王洲,12/3,33.18,33.18,False,False,False,363.0,363.0,0.78,,False
80,長水路,16,男子,50m自由形,50～54歳,23.67,23.67,25.70,17,宮本昌雄,セ・長津田,10/3,33.29,33.29,False,False,False,359.0,359.0,0.77,,False
80,長水路,16,男子,50m自由形,50～54歳,23.67,23.67,25.70,18,小山邦彦,セ・おおたか,11/6,33.70,33.7,False,False,False,346.0,346.0,0.9,,False
80,長水路,16,男子,50m自由形,50～54歳,23.67,23.67,25.70,19,紺野忠大,セ・阿佐谷,10/7,34.89,34.89,False,False,False,312.0,312.0,0.75,,False
80,長水路,16,男子,50m自由形,50～54歳,23.67,23.67,25.70,20,三﨑淳二,セ・桶川北本,8/3,36.11,36.11,False,False,False,281.0,281.0,0.71,,False
80,長水路,16,男子,50m自由形,50～54歳,23.67,23.67,25.70,21,松林徹,セ・越谷,6/3,40.03,40.03,False,False,False,206.0,206.0,0.77,,False
80,長水路,16,男子,50m自由形,50～54歳,23.67,23.67,25.70,22,落合理,セ・武蔵小杉,4/6,41.28,41.28,False,False,False,188.0,188.0,0.75,,False
80,長水路,16,男子,50m自由形,50～54歳,23.67,23.67,25.70,23,鈴木浩樹,セ・桶川北本,5/2,42.38,42.38,False,False,False,174.0,174.0,1.1,,False
80,長水路,16,男子,50m自由形,50～54歳,23.67,23.67,25.70,,岡田能行,セ・越谷,11/1,,,False,False,False,,,,,True
80,長水路,16,男子,50m自由形,45～49歳,23.55,23.55,25.69,1,秋山朝紀,セ・大森,19/8,27.13,27.13,False,False,False,654.0,654.0,0.67,,False
80,長水路,16,男子,50m自由形,45～49歳,23.55,23.55,25.69,2,澤田聡志,ザバス八景,17/6,27.77,27.77,False,False,False,609.0,609.0,0.78,,False
80,長水路,16,男子,50m自由形,45～49歳,23.55,23.55,25.69,3,倉持公一,セ・天王洲,17/8,27.87,27.87,False,False,False,603.0,603.0,0.76,,False
80,長水路,16,男子,50m自由形,45～49歳,23.55,23.55,25.69,4,田村晋輔,セ・市ヶ尾,17/1,28.77,28.77,False,False,False,548.0,548.0,0.64,,False
80,長水路,16,男子,50m自由形,45～49歳,23.55,23.55,25.69,5,宅間健介,セ・天王洲,16/6,29.31,29.31,False,False,False,518.0,518.0,0.76,,False
80,長水路,16,男子,50m自由形,45～49歳,23.55,23.55,25.69,6,加地隆史,セ・葛西,16/2,29.64,29.64,False,False,False,501.0,501.0,0.72,,False
80,長水路,16,男子,50m自由形,45～49歳,23.55,23.55,25.69,7,中嶋智史,セ・南青山,12/7,31.89,31.89,False,False,False,402.0,402.0,0.72,,False
80,長水路,16,男子,50m自由形,45～49歳,23.55,23.55,25.69,8,小島直政,セ・久喜,11/10,34.62,34.62,False,False,False,314.0,314.0,0.95,,False
80,長水路,16,男子,50m自由形,45～49歳,23.55,23.55,25.69,9,宇佐美学,セ・大森,7/4,35.84,35.84,False,False,False,283.0,283.0,0.85,,False
80,長水路,16,男子,50m自由形,45～49歳,23.55,23.55,25.69,10,西野正秀,セ・慶應日吉,10/2,36.00,36.0,False,False,False,279.0,279.0,0.74,,False
80,長水路,16,男子,50m自由形,45～49歳,23.55,23.55,25.69,11,桐山泰拓,セ・流山,2/2,36.01,36.01,False,False,False,279.0,279.0,0.75,,False
80,長水路,16,男子,50m自由形,45～49歳,23.55,23.55,25.69,12,鈴木直哉,セ・八王子,11/7,36.06,36.06,False,False,False,278.0,278.0,0.82,,False
80,長水路,16,男子,50m自由形,45～49歳,23.55,23.55,25.69,13,柏木武,セ・上池袋,6/10,37.91,37.91,False,False,False,239.0,239.0,1.09,,False
80,長水路,16,男子,50m自由形,45～49歳,23.55,23.55,25.69,,櫻井直仁,セ・清瀬,12/1,,,False,False,False,,,,,True
80,長水路,16,男子,50m自由形,40～44歳,23.14,23.25,25.23,1,前田崇行,セ・二俣川,20/9,27.10,27.1,False,False,False,622.0,631.0,0.71,,False
80,長水路,16,男子,50m自由形,40～44歳,23.14,23.25,25.23,2,石井将太,セ・成瀬,18/5,27.56,27.56,False,False,False,591.0,600.0,0.79,,False
80,長水路,16,男子,50m自由形,40～44歳,23.14,23.25,25.23,3,椎本恭平,セ・阿佐谷,18/2,27.93,27.93,False,False,False,568.0,576.0,0.69,,False
80,長水路,16,男子,50m自由形,40～44歳,23.14,23.25,25.23,4,小林弘典,セ・大森,17/5,28.04,28.04,False,False,False,562.0,570.0,0.69,,False
80,長水路,16,男子,50m自由形,40～44歳,23.14,23.25,25.23,5,村上守,セ・成城,17/7,28.92,28.92,False,False,False,512.0,519.0,0.73,,False
80,長水路,16,男子,50m自由形,40～44歳,23.14,23.25,25.23,6,松本光太郎,セ・袖ヶ浦,17/3,29.75,29.75,False,False,False,470.0,477.0,0.8,,False
80,長水路,16,男子,50m自由形,35～39歳,22.40,23.20,24.83,1,板垣義人,セ・トレッサ,20/6,24.69,24.69,True,False,False,746.0,829.0,0.66,,False
80,長水路,16,男子,50m自由形,35～39歳,22.40,23.20,24.83,2,青木圭祐,セ・葛西,20/7,24.82,24.82,True,False,False,735.0,816.0,0.66,,False
80,長水路,16,男子,50m自由形,35～39歳,22.40,23.20,24.83,3,奥平竜司,セ・武蔵小杉,18/3,26.35,26.35,False,False,False,614.0,682.0,0.6,,False
80,長水路,16,男子,50m自由形,35～39歳,22.40,23.20,24.83,4,石井孟,セ・葛西,19/5,26.36,26.36,False,False,False,613.0,681.0,0.62,,False
80,長水路,16,男子,50m自由形,35～39歳,22.40,23.20,24.83,5,榊原雅史,セ・武蔵小杉,18/6,28.01,28.01,False,False,False,511.0,568.0,0.65,,False
80,長水路,16,男子,50m自由形,35～39歳,22.40,23.20,24.83,6,江沢純也,セ・我孫子,18/9,28.28,28.28,False,False,False,496.0,552.0,0.69,,False
80,長水路,16,男子,50m自由形,35～39歳,22.40,23.20,24.83,7,河野大和,セ・新川崎,16/5,28.94,28.94,False,False,False,463.0,515.0,0.71,,False
80,長水路,16,男子,50m自由形,35～39歳,22.40,23.20,24.83,8,寺田遼太,セ・天王洲,18/10,29.02,29.02,False,False,False,459.0,510.0,1.07,,False
80,長水路,16,男子,50m自由形,35～39歳,22.40,23.20,24.83,9,渡部慎也,セ・大森,14/6,29.95,29.95,False,False,False,418.0,464.0,0.68,,False
80,長水路,16,男子,50m自由形,35～39歳,22.40,23.20,24.83,10,松本隆宏,セ・阿佐谷,10/9,34.43,34.43,False,False,False,275.0,305.0,0.83,,False
80,長水路,16,男子,50m自由形,35～39歳,22.40,23.20,24.83,11,佐々木悠介,セ・福島,9/9,36.53,36.53,False,False,False,230.0,256.0,0.93,,False
80,長水路,16,男子,50m自由形,35～39歳,22.40,23.20,24.83,12,内山翔平,セ・茂原,7/10,42.98,42.98,False,False,False,141.0,157.0,1.0,,False
80,長水路,16,男子,50m自由形,30～34歳,22.13,22.95,24.54,1,荒井優,セ・武蔵小杉,20/3,25.73,25.73,False,False,False,636.0,709.0,0.64,,False
80,長水路,16,男子,50m自由形,30～34歳,22.13,22.95,24.54,2,神戸優悠希,セ・茂原,19/6,26.01,26.01,False,False,False,615.0,686.0,0.7,,False
80,長水路,16,男子,50m自由形,30～34歳,22.13,22.95,24.54,3,成田昌記,セ・二俣川,19/2,27.29,27.29,False,False,False,533.0,594.0,0.72,,False
80,長水路,16,男子,50m自由形,30～34歳,22.13,22.95,24.54,4,田端凌也,セ・市ヶ尾,17/10,28.41,28.41,False,False,False,472.0,527.0,1.02,,False
80,長水路,16,男子,50m自由形,30～34歳,22.13,22.95,24.54,5,江熊夕人,セ・慶應日吉,12/9,29.25,29.25,False,False,False,433.0,483.0,0.75,,False
80,長水路,16,男子,50m自由形,30～34歳,22.13,22.95,24.54,6,荻谷洋平,セ・大森,10/1,30.00,30.0,False,False,False,401.0,447.0,0.76,,False
80,長水路,16,男子,50m自由形,30～34歳,22.13,22.95,24.54,7,大野淳哉,セ・上池袋,14/8,30.82,30.82,False,False,False,370.0,412.0,0.72,,False
80,長水路,16,男子,50m自由形,30～34歳,22.13,22.95,24.54,8,竹下翔,セ・長津田,13/7,30.97,30.97,False,False,False,364.0,406.0,0.62,,False
80,長水路,16,男子,50m自由形,30～34歳,22.13,22.95,24.54,9,海老原健太,セ・大森,14/9,30.99,30.99,False,False,False,364.0,406.0,0.76,,False
80,長水路,16,男子,50m自由形,30～34歳,22.13,22.95,24.54,10,丹波雅哉,セ・新川崎,7/7,32.29,32.29,False,False,False,321.0,359.0,0.91,,False
80,長水路,16,男子,50m自由形,30～34歳,22.13,22.95,24.54,11,山田義明,セ・おおたか,9/3,33.79,33.79,False,False,False,280.0,313.0,0.75,,False
80,長水路,16,男子,50m自由形,25～29歳,22.30,22.52,23.01,1,川島由伸,セ・上池袋,20/5,22.84,22.84,True,False,False,930.0,958.0,0.68,,False
80,長水路,16,男子,50m自由形,25～29歳,22.30,22.52,23.01,2,石井了,セ・おおたか,20/4,25.37,25.37,False,False,False,679.0,699.0,0.66,,False
80,長水路,16,男子,50m自由形,25～29歳,22.30,22.52,23.01,3,松澤朋樹,セ・武蔵小杉,20/1,26.55,26.55,False,False,False,592.0,610.0,0.78,,False
80,長水路,16,男子,50m自由形,25～29歳,22.30,22.52,23.01,4,松尾勇太,セ・南青山,20/10,26.76,26.76,False,False,False,578.0,596.0,0.79,,False
80,長水路,16,男子,50m自由形,25～29歳,22.30,22.52,23.01,5,木渕大輝,セ・天王洲,19/3,26.89,26.89,False,False,False,570.0,587.0,0.64,,False
80,長水路,16,男子,50m自由形,25～29歳,22.30,22.52,23.01,6,室坂拓真,セ・用賀,19/4,27.06,27.06,False,False,False,559.0,576.0,0.63,,False
80,長水路,16,男子,50m自由形,25～29歳,22.30,22.52,23.01,7,柿沼龍史,セ・成城,18/4,27.09,27.09,False,False,False,557.0,574.0,0.59,,False
80,長水路,16,男子,50m自由形,25～29歳,22.30,22.52,23.01,8,金子智哉,セ・志木,16/9,27.86,27.86,False,False,False,512.0,528.0,0.85,,False
80,長水路,16,男子,50m自由形,25～29歳,22.30,22.52,23.01,9,村岡孝義,セ・桶川北本,19/9,28.30,28.3,False,False,False,489.0,503.0,0.63,,False
80,長水路,16,男子,50m自由形,25～29歳,22.30,22.52,23.01,10,山下純生,セ・成城,18/1,28.42,28.42,False,False,False,483.0,497.0,0.64,,False
80,長水路,16,男子,50m自由形,25～29歳,22.30,22.52,23.01,11,亀井智貴,セ・用賀,12/10,34.62,34.62,False,False,False,267.0,275.0,0.96,,False
80,長水路,16,男子,50m自由形,18～24歳,,22.76,22.80,1,小山亜納,セ・上池袋,20/8,25.56,25.56,False,False,False,,,,,False
80,長水路,16,男子,50m自由形,18～24歳,,22.76,22.80,2,濱崎悠生,セ・柏,20/2,25.75,25.75,False,False,False,,,,,False
80,長水路,16,男子,50m自由形,18～24歳,,22.76,22.80,3,今橋蒼太郎,セ・大宮宮原,16/1,26.30,26.3,False,False,False,,,,,False
80,長水路,16,男子,50m自由形,18～24歳,,22.76,22.80,4,石井聖也,セ・西新井,10/10,26.63,26.63,False,False,False,,,,,False
80,長水路,16,男子,50m自由形,18～24歳,,22.76,22.80,5,野中海貴,セ・葛西,19/1,26.96,26.96,False,False,False,,,,,False
80,長水路,16,男子,50m自由形,18～24歳,,22.76,22.80,6,西沢歩,セ・清瀬,18/7,27.15,27.15,False,False,False,,,,,False
80,長水路,16,男子,50m自由形,18～24歳,,22.76,22.80,7,藤井龍生,セ・横浜,19/10,27.52,27.52,False,False,False,,,,,False
80,長水路,16,男子,50m自由形,18～24歳,,22.76,22.80,8,船橋優太,セ・市ヶ尾,16/10,28.24,28.24,False,False,False,,,,,False
80,長水路,16,男子,50m自由形,18～24歳,,22.76,22.80,9,小川煌太,セ・我孫子,12/6,29.24,29.24,False,False,False,,,,,False
80,長水路,20,女子,50m平泳ぎ,80～84歳,46.94,47.59,58.72,1,長谷部征子,セ・八王子,3/8,59.51,59.51,False,False,False,490.0,511.0,1.07,,False
80,長水路,20,女子,50m平泳ぎ,80～84歳,46.94,47.59,58.72,2,岡本靖子,セ・慶應日吉,2/5,1:06.49,66.49,False,False,False,351.0,366.0,1.26,,False
80,長水路,20,女子,50m平泳ぎ,80～84歳,46.94,47.59,58.72,3,佐藤由利子,セ・用賀,2/7,1:07.72,67.72,False,False,False,333.0,347.0,0.85,,False
80,長水路,20,女子,50m平泳ぎ,80～84歳,46.94,47.59,58.72,4,久保美紀枝,セ・流山,1/6,1:15.04,75.03999999999999,False,False,False,244.0,255.0,1.12,,False
80,長水路,20,女子,50m平泳ぎ,80～84歳,46.94,47.59,58.72,5,栗原羊子,セ・流山,1/4,1:16.81,76.81,False,False,False,228.0,237.0,0.99,,False
80,長水路,20,女子,50m平泳ぎ,80～84歳,46.94,47.59,58.72,6,浜野操子,セ・流山,2/2,1:24.36,84.36,False,False,False,172.0,179.0,0.83,,False
80,長水路,20,女子,50m平泳ぎ,80～84歳,46.94,47.59,58.72,7,小野洋子,セ・我孫子,1/9,1:30.15,90.15,False,False,False,141.0,147.0,0.95,,False
80,長水路,20,女子,50m平泳ぎ,80～84歳,46.94,47.59,58.72,,西村咲喜子,セ・志木,1/10,,,False,False,False,,,,,True
80,長水路,20,女子,50m平泳ぎ,75～79歳,43.95,43.95,50.87,1,渡部みさを,セ・慶應日吉,7/6,51.33,51.33,False,False,False,627.0,627.0,0.84,,False
80,長水路,20,女子,50m平泳ぎ,75～79歳,43.95,43.95,50.87,2,松木真知子,セ・ときわ台,3/6,57.44,57.44,False,False,False,447.0,447.0,0.93,,False
80,長水路,20,女子,50m平泳ぎ,75～79歳,43.95,43.95,50.87,3,栗林眞知子,セ・成城,5/9,57.59,57.59,False,False,False,444.0,444.0,1.11,,False
80,長水路,20,女子,50m平泳ぎ,75～79歳,43.95,43.95,50.87,4,福田加代子,セ・戸塚,4/4,58.25,58.25,False,False,False,429.0,429.0,0.75,,False
80,長水路,20,女子,50m平泳ぎ,75～79歳,43.95,43.95,50.87,5,室谷晴江,セ・大森,4/3,58.90,58.9,False,False,False,415.0,415.0,0.9,,False
80,長水路,20,女子,50m平泳ぎ,75～79歳,43.95,43.95,50.87,6,田中節子,セ・館山,2/9,1:00.24,60.24,False,False,False,388.0,388.0,0.91,,False
80,長水路,20,女子,50m平泳ぎ,75～79歳,43.95,43.95,50.87,7,福島孝江,セ・松戸,2/6,1:03.63,63.63,False,False,False,329.0,329.0,0.94,,False
80,長水路,20,女子,50m平泳ぎ,75～79歳,43.95,43.95,50.87,8,荒深なみ,セ・市ヶ尾,3/3,1:09.65,69.65,False,False,False,251.0,251.0,0.95,,False
80,長水路,20,女子,50m平泳ぎ,75～79歳,43.95,43.95,50.87,9,小島律子,セ・谷津,1/3,1:12.94,72.94,False,False,False,218.0,218.0,0.78,,False
80,長水路,20,女子,50m平泳ぎ,75～79歳,43.95,43.95,50.87,10,原田早苗,セ・南千住,1/5,1:17.66,77.66,False,False,False,181.0,181.0,0.88,,False
80,長水路,20,女子,50m平泳ぎ,75～79歳,43.95,43.95,50.87,11,安部澄子,セ・我孫子,1/2,1:26.57,86.57,False,False,False,130.0,130.0,,,False
80,長水路,20,女子,50m平泳ぎ,70～74歳,41.67,42.98,46.76,1,瀧下節子,セ・志木,6/5,53.49,53.49,False,False,False,472.0,518.0,0.83,,False
80,長水路,20,女子,50m平泳ぎ,70～74歳,41.67,42.98,46.76,2,新井瑞枝,セ・流山,3/9,56.93,56.93,False,False,False,392.0,430.0,1.09,,False
80,長水路,20,女子,50m平泳ぎ,70～74歳,41.67,42.98,46.76,3,小笠原三春,セ・八王子,5/7,57.25,57.25,False,False,False,385.0,423.0,0.92,,False
80,長水路,20,女子,50m平泳ぎ,70～74歳,41.67,42.98,46.76,4,高木保子,セ・おおたか,4/8,58.82,58.82,False,False,False,355.0,390.0,0.83,,False
80,長水路,20,女子,50m平泳ぎ,70～74歳,41.67,42.98,46.76,5,掃部典子,曽谷・セ,4/5,59.57,59.57,False,False,False,342.0,375.0,1.23,,False
80,長水路,20,女子,50m平泳ぎ,70～74歳,41.67,42.98,46.76,6,畠山眞由美,セ・柏,3/2,1:01.46,61.46,False,False,False,311.0,341.0,0.92,,False
80,長水路,20,女子,50m平泳ぎ,70～74歳,41.67,42.98,46.76,7,小高和子,セ・桶川北本,2/10,1:18.25,78.25,False,False,False,151.0,165.0,,,False
80,長水路,20,女子,50m平泳ぎ,70～74歳,41.67,42.98,46.76,,池田則子,セ・松戸,2/8,,,False,False,False,,,,,True
80,長水路,20,女子,50m平泳ぎ,70～74歳,41.67,42.98,46.76,,渡邉登美子,セ・阿佐谷,3/7,,,False,False,False,,,,,True
80,長水路,20,女子,50m平泳ぎ,65～69歳,39.75,41.03,45.59,1,高梨美樹,セ・成城,9/7,49.00,49.0,False,False,False,533.0,587.0,0.79,,False
80,長水路,20,女子,50m平泳ぎ,65～69歳,39.75,41.03,45.59,2,田村明美,セ・清瀬,8/3,49.61,49.61,False,False,False,514.0,565.0,0.85,,False
80,長水路,20,女子,50m平泳ぎ,65～69歳,39.75,41.03,45.59,3,小池理恵子,セ・阿佐谷,8/5,50.41,50.41,False,False,False,490.0,539.0,0.96,,False
80,長水路,20,女子,50m平泳ぎ,65～69歳,39.75,41.03,45.59,4,米澤美智子,セ・成瀬,9/9,50.44,50.44,False,False,False,489.0,538.0,0.85,,False
80,長水路,20,女子,50m平泳ぎ,65～69歳,39.75,41.03,45.59,5,山中恵子,セ・桶川北本,7/8,51.39,51.39,False,False,False,462.0,508.0,0.87,,False
80,長水路,20,女子,50m平泳ぎ,65～69歳,39.75,41.03,45.59,6,佐々木和恵,セ・松戸,6/6,53.88,53.88,False,False,False,401.0,441.0,0.9,,False
80,長水路,20,女子,50m平泳ぎ,65～69歳,39.75,41.03,45.59,7,三枚堂かよ子,セ・阿佐谷,7/4,54.19,54.19,False,False,False,394.0,434.0,0.87,,False
80,長水路,20,女子,50m平泳ぎ,65～69歳,39.75,41.03,45.59,8,育村博子,セ・おおたか,5/10,55.10,55.1,False,False,False,375.0,412.0,0.88,,False
80,長水路,20,女子,50m平泳ぎ,65～69歳,39.75,41.03,45.59,9,倉林明子,セ・おおたか,4/7,57.18,57.18,False,False,False,335.0,369.0,0.87,,False
80,長水路,20,女子,50m平泳ぎ,65～69歳,39.75,41.03,45.59,10,櫻田琴,セ・天王洲,4/6,57.80,57.8,False,False,False,325.0,357.0,0.82,,False
80,長水路,20,女子,50m平泳ぎ,65～69歳,39.75,41.03,45.59,11,野崎由美子,セ・おおたか,4/2,59.43,59.43,False,False,False,299.0,329.0,0.91,,False
80,長水路,20,女子,50m平泳ぎ,65～69歳,39.75,41.03,45.59,12,近藤みゆき,セ・阿佐谷,4/10,1:01.52,61.52,False,False,False,269.0,296.0,0.74,,False
80,長水路,20,女子,50m平泳ぎ,65～69歳,39.75,41.03,45.59,13,原田由美子,セ・慶應日吉,2/1,1:02.56,62.56,False,False,False,256.0,282.0,0.88,,False
80,長水路,20,女子,50m平泳ぎ,65～69歳,39.75,41.03,45.59,14,花形一実,セ・南千住,3/1,1:04.07,64.07,False,False,False,238.0,262.0,0.97,,False
80,長水路,20,女子,50m平泳ぎ,65～69歳,39.75,41.03,45.59,15,松田則子,セ・成瀬,2/3,1:05.31,65.31,False,False,False,225.0,247.0,0.84,,False
80,長水路,20,女子,50m平泳ぎ,65～69歳,39.75,41.03,45.59,16,池長幸子,セ・桶川北本,1/7,1:25.58,85.58,False,False,False,100.0,110.0,0.95,,False
80,長水路,20,女子,50m平泳ぎ,65～69歳,39.75,41.03,45.59,,太田初美,セ・越谷,5/4,,,False,False,False,,,,,True
80,長水路,20,女子,50m平泳ぎ,60～64歳,37.43,37.90,43.45,1,磯村由紀子,セ・越谷,7/10,45.58,45.58,False,False,False,553.0,574.0,0.88,,False
80,長水路,20,女子,50m平泳ぎ,60～64歳,37.43,37.90,43.45,2,前畑章子,セ・慶應日吉,10/10,45.78,45.78,False,False,False,546.0,567.0,0.85,,False
80,長水路,20,女子,50m平泳ぎ,60～64歳,37.43,37.90,43.45,3,佐藤美絵子,セ・清瀬,9/3,47.68,47.68,False,False,False,483.0,502.0,0.76,,False
80,長水路,20,女子,50m平泳ぎ,60～64歳,37.43,37.90,43.45,4,山本庸子,セ・八王子,8/7,48.70,48.7,False,False,False,454.0,471.0,1.21,,False
80,長水路,20,女子,50m平泳ぎ,60～64歳,37.43,37.90,43.45,5,船津香,セ・自由が丘,8/6,49.41,49.41,False,False,False,434.0,451.0,0.83,,False
80,長水路,20,女子,50m平泳ぎ,60～64歳,37.43,37.90,43.45,6,岩本亜弓,セ・慶應日吉,4/9,50.54,50.54,False,False,False,406.0,421.0,0.87,,False
80,長水路,20,女子,50m平泳ぎ,60～64歳,37.43,37.90,43.45,7,坂井慶子,セ・大宮宮原,7/7,50.58,50.58,False,False,False,405.0,420.0,0.73,,False
80,長水路,20,女子,50m平泳ぎ,60～64歳,37.43,37.90,43.45,8,高橋久美,セ・松戸,8/8,54.39,54.39,False,False,False,325.0,338.0,0.79,,False
80,長水路,20,女子,50m平泳ぎ,60～64歳,37.43,37.90,43.45,9,吉野ひとみ,セ・松戸,5/1,55.57,55.57,False,False,False,305.0,317.0,0.86,,False
80,長水路,20,女子,50m平泳ぎ,60～64歳,37.43,37.90,43.45,10,太刀岡早苗,セ・市ヶ尾,5/5,55.60,55.6,False,False,False,305.0,316.0,0.93,,False
80,長水路,20,女子,50m平泳ぎ,60～64歳,37.43,37.90,43.45,11,白川かおり,セ・下北沢,3/10,58.44,58.44,False,False,False,262.0,272.0,1.24,,False
80,長水路,20,女子,50m平泳ぎ,60～64歳,37.43,37.90,43.45,12,星野典子,セ・南千住,4/1,1:00.39,60.39,False,False,False,238.0,247.0,0.82,,False
80,長水路,20,女子,50m平泳ぎ,60～64歳,37.43,37.90,43.45,13,黒川慶子,セ・上池袋,2/4,1:05.60,65.6,False,False,False,185.0,192.0,0.94,,False
80,長水路,20,女子,50m平泳ぎ,60～64歳,37.43,37.90,43.45,,渡邊ひろみ,セ・松戸,1/8,,,False,False,False,,,,,True
80,長水路,20,女子,50m平泳ぎ,55～59歳,35.37,37.52,40.00,1,鈴木和佳奈,セ・桶川北本,10/4,44.18,44.18,False,False,False,513.0,612.0,0.74,,False
80,長水路,20,女子,50m平泳ぎ,55～59歳,35.37,37.52,40.00,2,佐藤洋子,セ・成城,9/6,45.57,45.57,False,False,False,467.0,558.0,0.7,,False
80,長水路,20,女子,50m平泳ぎ,55～59歳,35.37,37.52,40.00,3,鶴岡美佐,ザバス八景,9/4,46.65,46.65,False,False,False,435.0,520.0,0.75,,False
80,長水路,20,女子,50m平泳ぎ,55～59歳,35.37,37.52,40.00,4,西田三佐子,セ・大宮宮原,5/6,49.90,49.9,False,False,False,356.0,425.0,0.8,,False
80,長水路,20,女子,50m平泳ぎ,55～59歳,35.37,37.52,40.00,5,磯村麻衣子,セ・上池袋,9/1,50.51,50.51,False,False,False,343.0,409.0,0.8,,False
80,長水路,20,女子,50m平泳ぎ,55～59歳,35.37,37.52,40.00,6,角南美貴,セ・我孫子,6/10,50.93,50.93,False,False,False,334.0,399.0,0.88,,False
80,長水路,20,女子,50m平泳ぎ,55～59歳,35.37,37.52,40.00,7,池田直子,セ・大森,6/4,52.17,52.17,False,False,False,311.0,371.0,0.79,,False
80,長水路,20,女子,50m平泳ぎ,55～59歳,35.37,37.52,40.00,8,八尋加苗,セ・松戸,8/2,53.06,53.06,False,False,False,296.0,353.0,0.71,,False
80,長水路,20,女子,50m平泳ぎ,55～59歳,35.37,37.52,40.00,9,岩朋実,セ・川越,5/2,55.83,55.83,False,False,False,254.0,303.0,0.82,,False
80,長水路,20,女子,50m平泳ぎ,55～59歳,35.37,37.52,40.00,10,田上麻紀,セ・久喜,5/3,57.56,57.56,False,False,False,232.0,276.0,0.78,,False
80,長水路,20,女子,50m平泳ぎ,55～59歳,35.37,37.52,40.00,11,佐藤淳子,セ・久喜,3/5,1:01.39,61.39,False,False,False,191.0,228.0,1.13,,False
80,長水路,20,女子,50m平泳ぎ,55～59歳,35.37,37.52,40.00,,山崎裕子,セ・西新井,1/1,,,False,False,False,,,,,False
80,長水路,20,女子,50m平泳ぎ,55～59歳,35.37,37.52,40.00,,及川薫,セ・松戸,5/8,,,False,False,False,,,,,True
80,長水路,20,女子,50m平泳ぎ,50～54歳,34.18,37.22,39.33,1,栗山貴子,セ・武蔵小杉,11/10,41.06,41.06,False,False,False,576.0,744.0,0.97,,False
80,長水路,20,女子,50m平泳ぎ,50～54歳,34.18,37.22,39.33,2,五十嵐知佐,セ・おおたか,10/9,45.19,45.19,False,False,False,432.0,558.0,0.74,,False
80,長水路,20,女子,50m平泳ぎ,50～54歳,34.18,37.22,39.33,3,白須靖子,セ・市ヶ尾,9/8,45.40,45.4,False,False,False,426.0,551.0,0.72,,False
80,長水路,20,女子,50m平泳ぎ,50～54歳,34.18,37.22,39.33,4,大橋ほづ美,セ・清瀬,8/1,48.86,48.86,False,False,False,342.0,442.0,0.79,,False
80,長水路,20,女子,50m平泳ぎ,50～54歳,34.18,37.22,39.33,5,田原文月,セ・南千住,9/10,49.56,49.56,False,False,False,328.0,423.0,0.91,,False
80,長水路,20,女子,50m平泳ぎ,50～54歳,34.18,37.22,39.33,6,引本亜紀子,セ・用賀,8/4,51.27,51.27,False,False,False,296.0,382.0,,,False
80,長水路,20,女子,50m平泳ぎ,50～54歳,34.18,37.22,39.33,7,有路さくら,セ・福生,6/3,53.11,53.11,False,False,False,266.0,344.0,0.84,,False
80,長水路,20,女子,50m平泳ぎ,50～54歳,34.18,37.22,39.33,8,須釜映子,セ・西新井,7/1,54.57,54.57,False,False,False,245.0,317.0,0.84,,False
80,長水路,20,女子,50m平泳ぎ,50～54歳,34.18,37.22,39.33,9,兵頭和子,セ・成瀬,7/3,55.29,55.29,False,False,False,236.0,305.0,0.7,,False
80,長水路,20,女子,50m平泳ぎ,50～54歳,34.18,37.22,39.33,10,北原暁美,セ・南青山,7/5,56.91,56.91,False,False,False,216.0,279.0,0.78,,False
80,長水路,20,女子,50m平泳ぎ,50～54歳,34.18,37.22,39.33,11,村岡貴子,セ・桶川北本,6/7,58.54,58.54,False,False,False,199.0,257.0,0.96,,False
80,長水路,20,女子,50m平泳ぎ,50～54歳,34.18,37.22,39.33,12,小川史枝,セ・越谷LT,3/4,1:15.95,75.95,False,False,False,91.0,117.0,,,False
80,長水路,20,女子,50m平泳ぎ,45～49歳,32.47,35.34,36.63,1,小豆澤和代,セ・慶應日吉,10/6,42.28,42.28,False,False,False,452.0,583.0,0.75,,False
80,長水路,20,女子,50m平泳ぎ,45～49歳,32.47,35.34,36.63,2,宮林佑妃,セ・長津田,9/2,45.99,45.99,False,False,False,351.0,453.0,0.93,,False
80,長水路,20,女子,50m平泳ぎ,45～49歳,32.47,35.34,36.63,3,溝井花代子,セ・葛西,9/5,47.17,47.17,False,False,False,326.0,420.0,0.73,,False
80,長水路,20,女子,50m平泳ぎ,45～49歳,32.47,35.34,36.63,4,福澤絵理,CS南行徳,8/10,48.81,48.81,False,False,False,294.0,379.0,0.93,,False
80,長水路,20,女子,50m平泳ぎ,45～49歳,32.47,35.34,36.63,5,加藤涼子,セ・桶川北本,6/1,57.36,57.36,False,False,False,181.0,233.0,0.75,,False
80,長水路,20,女子,50m平泳ぎ,45～49歳,32.47,35.34,36.63,,櫻井理恵子,セ・袖ヶ浦,10/3,,,False,False,False,,,,,True
80,長水路,20,女子,50m平泳ぎ,40～44歳,31.48,35.05,38.52,1,渡邉梨絵,セ・阿佐谷,11/4,37.43,37.43,True,False,False,594.0,821.0,0.66,,False
80,長水路,20,女子,50m平泳ぎ,40～44歳,31.48,35.05,38.52,2,中村可奈子,セ・おおたか,11/9,42.38,42.38,False,False,False,409.0,565.0,0.74,,False
80,長水路,20,女子,50m平泳ぎ,40～44歳,31.48,35.05,38.52,3,大家萌実,セ・用賀,10/1,43.84,43.84,False,False,False,370.0,511.0,0.62,,False
80,長水路,20,女子,50m平泳ぎ,40～44歳,31.48,35.05,38.52,4,山田未紗子,セ・越谷,10/8,44.65,44.65,False,False,False,350.0,483.0,0.75,,False
80,長水路,20,女子,50m平泳ぎ,40～44歳,31.48,35.05,38.52,5,岩田愛恵,セ・成城,10/7,47.51,47.51,False,False,False,290.0,401.0,0.69,,False
80,長水路,20,女子,50m平泳ぎ,40～44歳,31.48,35.05,38.52,6,中辻澄美,セ・天王洲,7/9,50.99,50.99,False,False,False,235.0,324.0,0.74,,False
80,長水路,20,女子,50m平泳ぎ,40～44歳,31.48,35.05,38.52,,石川彩,セ・成瀬,6/8,,,False,False,False,,,,,True
80,長水路,20,女子,50m平泳ぎ,40～44歳,31.48,35.05,38.52,,谷美希子,セ・府中,8/9,,,False,False,False,,,,,True
80,長水路,20,女子,50m平泳ぎ,35～39歳,31.35,33.04,37.84,1,北川麻美,セ・武蔵小杉,11/6,35.26,35.26,True,False,False,702.0,822.0,0.71,,False
80,長水路,20,女子,50m平泳ぎ,35～39歳,31.35,33.04,37.84,2,RacaruGabriela,セ・慶應日吉,6/2,50.99,50.99,False,False,False,232.0,272.0,0.81,,False
80,長水路,20,女子,50m平泳ぎ,35～39歳,31.35,33.04,37.84,3,久保美由紀,セ・長津田,7/2,53.15,53.15,False,False,False,205.0,240.0,0.93,,False
80,長水路,20,女子,50m平泳ぎ,35～39歳,31.35,33.04,37.84,4,渡辺真衣,セ・西新井,6/9,58.08,58.08,False,False,False,157.0,184.0,0.94,,False
80,長水路,20,女子,50m平泳ぎ,30～34歳,32.22,32.42,37.51,1,遠藤桃,セ・二俣川,11/7,39.49,39.49,False,False,False,543.0,553.0,0.76,,False
80,長水路,20,女子,50m平泳ぎ,30～34歳,32.22,32.42,37.51,2,深堀陽子,セ・二俣川,10/5,43.48,43.48,False,False,False,406.0,414.0,0.69,,False
80,長水路,20,女子,50m平泳ぎ,25～29歳,31.60,31.89,35.52,1,小林志穂,セ・葛西,11/5,35.32,35.32,True,False,False,716.0,736.0,0.75,,False
80,長水路,20,女子,50m平泳ぎ,25～29歳,31.60,31.89,35.52,2,丸玖瑠都,セ・成城,11/3,39.59,39.59,False,False,False,508.0,522.0,0.72,,False
80,長水路,20,女子,50m平泳ぎ,18～24歳,,,34.89,1,山口さな,セ・横浜,11/8,38.11,38.11,False,False,False,,,,,False
80,長水路,20,女子,50m平泳ぎ,18～24歳,,,34.89,2,岡田星理,セ・谷津,11/1,38.65,38.65,False,False,False,,,,,False
80,長水路,20,女子,50m平泳ぎ,18～24歳,,,34.89,3,下平紗和,セ・八王子,11/2,39.06,39.06,False,False,False,,,,,False
80,長水路,20,女子,50m平泳ぎ,18～24歳,,,34.89,4,蒲池美咲,セ・八王子,10/2,47.31,47.31,False,False,False,,,,,False
80,長水路,21,男子,50m平泳ぎ,80～84歳,41.68,41.68,49.32,1,今修二,セ・越谷,2/6,50.50,50.5,False,False,False,562.0,562.0,0.91,,False
80,長水路,21,男子,50m平泳ぎ,80～84歳,41.68,41.68,49.32,2,小田稔,セ・慶應日吉,1/2,1:08.02,68.02,False,False,False,230.0,230.0,1.16,,False
80,長水路,21,男子,50m平泳ぎ,80～84歳,41.68,41.68,49.32,3,内田幸稔,セ・松戸,1/8,1:10.02,70.02,False,False,False,210.0,210.0,0.86,,False
80,長水路,21,男子,50m平泳ぎ,75～79歳,37.05,38.01,42.47,1,吉村進,セ・阿佐谷,6/6,42.01,42.01,True,False,False,685.0,740.0,0.68,,False
80,長水路,21,男子,50m平泳ぎ,75～79歳,37.05,38.01,42.47,2,服部陽一,セ・成瀬,3/5,50.54,50.54,False,False,False,393.0,425.0,0.91,,False
80,長水路,21,男子,50m平泳ぎ,75～79歳,37.05,38.01,42.47,3,柿崎博幸,セ・松戸,1/5,54.16,54.16,False,False,False,320.0,345.0,0.93,,False
80,長水路,21,男子,50m平泳ぎ,75～79歳,37.05,38.01,42.47,4,泉保央,セ・慶應日吉,2/9,1:05.05,65.05,False,False,False,184.0,199.0,,,False
80,長水路,21,男子,50m平泳ぎ,75～79歳,37.05,38.01,42.47,5,手塚満,セ・おおたか,1/3,1:05.24,65.24,False,False,False,183.0,197.0,0.8,,False
80,長水路,21,男子,50m平泳ぎ,70～74歳,34.69,36.42,40.37,1,前川正,セ・F東戸塚,4/3,45.32,45.32,False,False,False,448.0,518.0,0.84,,False
80,長水路,21,男子,50m平泳ぎ,70～74歳,34.69,36.42,40.37,2,安高祐三,セ・越谷,4/8,46.63,46.63,False,False,False,411.0,476.0,0.69,,False
80,長水路,21,男子,50m平泳ぎ,70～74歳,34.69,36.42,40.37,3,若山聖亮,G-SPA,3/8,48.45,48.45,False,False,False,367.0,424.0,,,False
80,長水路,21,男子,50m平泳ぎ,70～74歳,34.69,36.42,40.37,4,内藤謙一,セ・松戸,2/5,51.16,51.16,False,False,False,311.0,360.0,0.87,,False
80,長水路,21,男子,50m平泳ぎ,70～74歳,34.69,36.42,40.37,5,幡場達明,セ・大宮宮原,3/9,51.81,51.81,False,False,False,300.0,347.0,0.92,,False
80,長水路,21,男子,50m平泳ぎ,70～74歳,34.69,36.42,40.37,6,仲二見実,セ・ときわ台,3/6,53.16,53.16,False,False,False,277.0,321.0,1.09,,False
80,長水路,21,男子,50m平泳ぎ,70～74歳,34.69,36.42,40.37,7,大久保美伸,セ・松戸,2/8,1:03.75,63.75,False,False,False,161.0,186.0,0.99,,False
80,長水路,21,男子,50m平泳ぎ,65～69歳,33.05,33.05,39.36,1,松田賢治,セ・大宮宮原,6/1,40.39,40.39,False,False,False,547.0,547.0,0.73,,False
80,長水路,21,男子,50m平泳ぎ,65～69歳,33.05,33.05,39.36,2,松下尚之,セ・流山,4/5,45.64,45.64,False,False,False,379.0,379.0,0.86,,False
80,長水路,21,男子,50m平泳ぎ,65～69歳,33.05,33.05,39.36,3,中村浩司,セ・青砥,4/2,47.41,47.41,False,False,False,338.0,338.0,0.89,,False
80,長水路,21,男子,50m平泳ぎ,65～69歳,33.05,33.05,39.36,4,山梨英亮,セ・我孫子,4/1,47.80,47.8,False,False,False,330.0,330.0,0.75,,False
80,長水路,21,男子,50m平泳ぎ,65～69歳,33.05,33.05,39.36,5,竹内新,セ・府中,4/10,49.94,49.94,False,False,False,289.0,289.0,1.12,,False
80,長水路,21,男子,50m平泳ぎ,65～69歳,33.05,33.05,39.36,6,黒川恵一,セ・市ヶ尾,3/2,51.30,51.3,False,False,False,267.0,267.0,0.84,,False
80,長水路,21,男子,50m平泳ぎ,65～69歳,33.05,33.05,39.36,7,袴塚哲也,墨田区体育館,3/1,58.90,58.9,False,False,False,176.0,176.0,0.87,,False
80,長水路,21,男子,50m平泳ぎ,65～69歳,33.05,33.05,39.36,8,栗谷川彰,ザバス鶴見,1/6,59.48,59.48,False,False,False,171.0,171.0,1.42,,False
80,長水路,21,男子,50m平泳ぎ,60～64歳,30.57,33.10,33.14,1,兼森伸児,ザバス八景,7/2,39.33,39.33,False,False,False,469.0,596.0,0.74,,False
80,長水路,21,男子,50m平泳ぎ,60～64歳,30.57,33.10,33.14,2,池谷千尋,セ・長津田,7/8,39.58,39.58,False,False,False,460.0,584.0,0.77,,False
80,長水路,21,男子,50m平泳ぎ,60～64歳,30.57,33.10,33.14,3,高田義久,セ・八王子,7/1,40.60,40.6,False,False,False,426.0,541.0,0.7,,False
80,長水路,21,男子,50m平泳ぎ,60～64歳,30.57,33.10,33.14,4,齋藤和典,セ・新川崎,5/1,44.58,44.58,False,False,False,322.0,409.0,0.87,,False
80,長水路,21,男子,50m平泳ぎ,60～64歳,30.57,33.10,33.14,5,高橋潤,セ・成瀬,2/7,48.12,48.12,False,False,False,256.0,325.0,0.89,,False
80,長水路,21,男子,50m平泳ぎ,60～64歳,30.57,33.10,33.14,6,山本勝,セ・慶應日吉,2/4,59.39,59.39,False,False,False,136.0,173.0,0.96,,False
80,長水路,21,男子,50m平泳ぎ,60～64歳,30.57,33.10,33.14,7,冨澤正明,セ・青砥,1/4,1:14.89,74.89,False,False,False,68.0,86.0,1.21,,False
80,長水路,21,男子,50m平泳ぎ,60～64歳,30.57,33.10,33.14,,中村幸弘,セ・越谷,7/9,,,False,False,False,,,,,True
80,長水路,21,男子,50m平泳ぎ,55～59歳,30.02,31.36,33.14,1,楊華,ザバス鶴見,7/6,39.45,39.45,False,False,False,440.0,502.0,0.77,,False
80,長水路,21,男子,50m平泳ぎ,55～59歳,30.02,31.36,33.14,2,萩中希予史,セ・ときわ台,5/7,40.42,40.42,False,False,False,409.0,467.0,0.82,,False
80,長水路,21,男子,50m平泳ぎ,55～59歳,30.02,31.36,33.14,3,阿部賢裕,セ・能見台,6/7,40.61,40.61,False,False,False,403.0,460.0,0.76,,False
80,長水路,21,男子,50m平泳ぎ,55～59歳,30.02,31.36,33.14,4,久保卓士,セ・天王洲,7/10,40.74,40.74,False,False,False,400.0,456.0,1.14,,False
80,長水路,21,男子,50m平泳ぎ,55～59歳,30.02,31.36,33.14,5,兵藤鋭雄,セ・目黒,6/4,41.34,41.34,False,False,False,382.0,436.0,0.74,,False
80,長水路,21,男子,50m平泳ぎ,55～59歳,30.02,31.36,33.14,6,久保田信利,ザバス八景,5/6,42.12,42.12,False,False,False,362.0,412.0,0.78,,False
80,長水路,21,男子,50m平泳ぎ,55～59歳,30.02,31.36,33.14,7,北村勇,セ・能見台,4/6,44.10,44.1,False,False,False,315.0,359.0,0.74,,False
80,長水路,21,男子,50m平泳ぎ,55～59歳,30.02,31.36,33.14,8,古高正道,セ・天王洲,4/4,44.22,44.22,False,False,False,312.0,356.0,0.89,,False
80,長水路,21,男子,50m平泳ぎ,55～59歳,30.02,31.36,33.14,9,向山高弘,セ・ときわ台,5/4,45.12,45.12,False,False,False,294.0,335.0,0.85,,False
80,長水路,21,男子,50m平泳ぎ,55～59歳,30.02,31.36,33.14,10,穴田啓樹,セ・慶應日吉,3/7,45.24,45.24,False,False,False,292.0,333.0,0.77,,False
80,長水路,21,男子,50m平泳ぎ,55～59歳,30.02,31.36,33.14,11,猪野周九,セ・谷津,3/4,47.08,47.08,False,False,False,259.0,295.0,0.82,,False
80,長水路,21,男子,50m平泳ぎ,55～59歳,30.02,31.36,33.14,12,日暮正明,セ・天王洲,2/3,49.62,49.62,False,False,False,221.0,252.0,0.91,,False
80,長水路,21,男子,50m平泳ぎ,55～59歳,30.02,31.36,33.14,13,小川純一郎,セ・自由が丘,1/7,52.43,52.43,False,False,False,187.0,213.0,1.0,,False
80,長水路,21,男子,50m平泳ぎ,55～59歳,30.02,31.36,33.14,14,福田義晴,セ・市川,2/2,58.54,58.54,False,False,False,134.0,153.0,0.97,,False
80,長水路,21,男子,50m平泳ぎ,55～59歳,30.02,31.36,33.14,,佐藤正章,セ・用賀,4/9,,,False,False,False,,,,,False
80,長水路,21,男子,50m平泳ぎ,55～59歳,30.02,31.36,33.14,,中島茂,セ・S湘南台,5/10,,,False,False,False,,,,,True
80,長水路,21,男子,50m平泳ぎ,55～59歳,30.02,31.36,33.14,,中津海全士,セ・S湘南台,6/10,,,False,False,False,,,,,True
80,長水路,21,男子,50m平泳ぎ,50～54歳,29.23,29.70,30.56,1,小森康弘,セ・葛西,9/6,32.12,32.12,False,False,False,753.0,790.0,0.62,,False
80,長水路,21,男子,50m平泳ぎ,50～54歳,29.23,29.70,30.56,2,関口義和,セ・二俣川,8/3,35.69,35.69,False,False,False,549.0,576.0,0.78,,False
80,長水路,21,男子,50m平泳ぎ,50～54歳,29.23,29.70,30.56,3,祖川久茂,セ・長津田,8/9,37.99,37.99,False,False,False,455.0,477.0,0.68,,False
80,長水路,21,男子,50m平泳ぎ,50～54歳,29.23,29.70,30.56,4,原田真,セ・葛西,7/4,38.70,38.7,False,False,False,430.0,451.0,0.74,,False
80,長水路,21,男子,50m平泳ぎ,50～54歳,29.23,29.70,30.56,5,花井一也,セ・長津田,7/5,40.03,40.03,False,False,False,389.0,408.0,0.65,,False
80,長水路,21,男子,50m平泳ぎ,50～54歳,29.23,29.70,30.56,6,千葉忠英,セ・天王洲,6/9,42.01,42.01,False,False,False,336.0,353.0,0.8,,False
80,長水路,21,男子,50m平泳ぎ,50～54歳,29.23,29.70,30.56,7,花輪博之,セ・越谷,6/5,42.36,42.36,False,False,False,328.0,344.0,0.79,,False
80,長水路,21,男子,50m平泳ぎ,50～54歳,29.23,29.70,30.56,8,阿部敬,セ・八王子,5/3,42.37,42.37,False,False,False,328.0,344.0,0.87,,False
80,長水路,21,男子,50m平泳ぎ,50～54歳,29.23,29.70,30.56,9,紺野忠大,セ・阿佐谷,6/2,42.49,42.49,False,False,False,325.0,341.0,0.74,,False
80,長水路,21,男子,50m平泳ぎ,50～54歳,29.23,29.70,30.56,10,久保田裕一,セ・慶應日吉,5/5,43.51,43.51,False,False,False,303.0,318.0,0.59,,False
80,長水路,21,男子,50m平泳ぎ,50～54歳,29.23,29.70,30.56,11,落合理,セ・武蔵小杉,5/9,47.71,47.71,False,False,False,229.0,241.0,0.87,,False
80,長水路,21,男子,50m平泳ぎ,50～54歳,29.23,29.70,30.56,12,松林徹,セ・越谷,3/10,49.70,49.7,False,False,False,203.0,213.0,0.93,,False
80,長水路,21,男子,50m平泳ぎ,50～54歳,29.23,29.70,30.56,,加藤大輔,セ・横浜,5/8,,,False,False,False,,,,,True
80,長水路,21,男子,50m平泳ぎ,45～49歳,29.22,29.22,30.11,1,今井裕介,セ・南千住,8/8,35.12,35.12,False,False,False,575.0,575.0,0.68,,False
80,長水路,21,男子,50m平泳ぎ,45～49歳,29.22,29.22,30.11,2,大作善祥,セ・おおたか,9/1,35.14,35.14,False,False,False,574.0,574.0,0.76,,False
80,長水路,21,男子,50m平泳ぎ,45～49歳,29.22,29.22,30.11,3,加地隆史,セ・葛西,8/1,38.50,38.5,False,False,False,437.0,437.0,0.68,,False
80,長水路,21,男子,50m平泳ぎ,45～49歳,29.22,29.22,30.11,4,草野剛史,セ・二俣川,6/3,43.35,43.35,False,False,False,306.0,306.0,0.7,,False
80,長水路,21,男子,50m平泳ぎ,45～49歳,29.22,29.22,30.11,5,宇佐美学,セ・大森,5/2,43.54,43.54,False,False,False,302.0,302.0,0.8,,False
80,長水路,21,男子,50m平泳ぎ,45～49歳,29.22,29.22,30.11,6,桐山泰拓,セ・流山,3/3,46.88,46.88,False,False,False,242.0,242.0,0.75,,False
80,長水路,21,男子,50m平泳ぎ,40～44歳,28.39,28.79,29.86,1,和田弘太郎,セ・阿佐谷,10/7,31.49,31.49,False,False,False,732.0,764.0,0.67,,False
80,長水路,21,男子,50m平泳ぎ,40～44歳,28.39,28.79,29.86,2,西尾直人,セ・武蔵小杉,9/9,32.60,32.6,False,False,False,660.0,688.0,0.72,,False
80,長水路,21,男子,50m平泳ぎ,40～44歳,28.39,28.79,29.86,3,小西始,セ・西新井,8/7,33.73,33.73,False,False,False,596.0,621.0,0.63,,False
80,長水路,21,男子,50m平泳ぎ,35～39歳,27.83,27.83,29.87,1,立石裕太郎,セ・二俣川,10/5,29.92,29.92,False,False,False,804.0,804.0,0.66,,False
80,長水路,21,男子,50m平泳ぎ,35～39歳,27.83,27.83,29.87,2,津守陽介,セ・阿佐谷,9/5,31.63,31.63,False,False,False,681.0,681.0,0.76,,False
80,長水路,21,男子,50m平泳ぎ,35～39歳,27.83,27.83,29.87,3,米本大地,セ・阿佐谷,10/2,31.77,31.77,False,False,False,672.0,672.0,0.66,,False
80,長水路,21,男子,50m平泳ぎ,35～39歳,27.83,27.83,29.87,4,吉川重行,セ・桶川北本,9/10,33.75,33.75,False,False,False,560.0,560.0,0.81,,False
80,長水路,21,男子,50m平泳ぎ,35～39歳,27.83,27.83,29.87,5,松本隆宏,セ・阿佐谷,4/7,44.25,44.25,False,False,False,248.0,248.0,0.84,,False
80,長水路,21,男子,50m平泳ぎ,30～34歳,27.67,27.67,28.35,1,袴田舜,セ・武蔵小杉,10/4,31.02,31.02,False,False,False,709.0,709.0,0.64,,False
80,長水路,21,男子,50m平泳ぎ,30～34歳,27.67,27.67,28.35,2,前島悠也,セ・葛西,10/9,31.03,31.03,False,False,False,709.0,709.0,0.66,,False
80,長水路,21,男子,50m平泳ぎ,30～34歳,27.67,27.67,28.35,3,今里昂哉,セ・清瀬,9/4,31.90,31.9,False,False,False,652.0,652.0,0.69,,False
80,長水路,21,男子,50m平泳ぎ,30～34歳,27.67,27.67,28.35,4,竹下翔,セ・長津田,7/7,38.22,38.22,False,False,False,379.0,379.0,0.6,,False
80,長水路,21,男子,50m平泳ぎ,30～34歳,27.67,27.67,28.35,5,海老原健太,セ・大森,7/3,38.85,38.85,False,False,False,361.0,361.0,0.76,,False
80,長水路,21,男子,50m平泳ぎ,30～34歳,27.67,27.67,28.35,6,大野淳哉,セ・上池袋,6/8,41.05,41.05,False,False,False,306.0,306.0,0.71,,False
80,長水路,21,男子,50m平泳ぎ,25～29歳,27.21,27.49,28.02,1,石井了,セ・おおたか,10/6,30.42,30.42,False,False,False,715.0,737.0,0.67,,False
80,長水路,21,男子,50m平泳ぎ,25～29歳,27.21,27.49,28.02,2,田中諒也,セ・市ヶ尾,10/3,31.49,31.49,False,False,False,645.0,665.0,0.78,,False
80,長水路,21,男子,50m平泳ぎ,25～29歳,27.21,27.49,28.02,3,田中壯一郎,セ・二俣川,9/8,32.00,32.0,False,False,False,614.0,633.0,0.7,,False
80,長水路,21,男子,50m平泳ぎ,25～29歳,27.21,27.49,28.02,4,津崎朝輝,セ・武蔵小杉,10/10,32.86,32.86,False,False,False,567.0,585.0,0.7,,False
80,長水路,21,男子,50m平泳ぎ,25～29歳,27.21,27.49,28.02,5,山下純生,セ・成城,8/5,33.03,33.03,False,False,False,559.0,576.0,0.63,,False
80,長水路,21,男子,50m平泳ぎ,25～29歳,27.21,27.49,28.02,6,加間英貴,セ・天王洲,9/7,33.29,33.29,False,False,False,546.0,563.0,0.65,,False
80,長水路,21,男子,50m平泳ぎ,25～29歳,27.21,27.49,28.02,7,荒井啓汰,セ・阿佐谷,10/1,33.55,33.55,False,False,False,533.0,550.0,0.63,,False
80,長水路,21,男子,50m平泳ぎ,25～29歳,27.21,27.49,28.02,8,武本侑己,セ・青砥,8/2,36.27,36.27,False,False,False,422.0,435.0,0.73,,False
80,長水路,21,男子,50m平泳ぎ,25～29歳,27.21,27.49,28.02,,小林和矢,セ・成城,9/3,,,False,False,False,,,,,True
80,長水路,21,男子,50m平泳ぎ,18～24歳,,,29.28,1,山下修司,セ・市ヶ尾,10/8,30.44,30.44,False,False,False,,,,,False
80,長水路,21,男子,50m平泳ぎ,18～24歳,,,29.28,2,野中海貴,セ・葛西,9/2,32.95,32.95,False,False,False,,,,,False
80,長水路,21,男子,50m平泳ぎ,18～24歳,,,29.28,3,木村隼人,セ・八王子,8/10,33.90,33.9,False,False,False,,,,,False
80,長水路,21,男子,50m平泳ぎ,18～24歳,,,29.28,4,西沢歩,セ・清瀬,8/4,34.25,34.25,False,False,False,,,,,False
80,長水路,21,男子,50m平泳ぎ,18～24歳,,,29.28,5,浅井春人,セ・清瀬,8/6,34.90,34.9,False,False,False,,,,,False
80,長水路,22,女子,50mバタフライ,80～84歳,42.79,49.85,58.81,1,古旗美鈴,セ・上池袋,1/7,57.47,57.47,True,False,False,412.0,652.0,1.13,,False
80,長水路,22,女子,50mバタフライ,75～79歳,36.47,41.54,44.31,1,大山恵子,セ・葛西,3/7,43.64,43.64,True,False,False,583.0,862.0,0.78,,False
80,長水路,22,女子,50mバタフライ,75～79歳,36.47,41.54,44.31,2,宇田川礼子,セ・我孫子,1/3,1:02.99,62.99,False,False,False,194.0,286.0,0.82,,False
80,長水路,22,女子,50mバタフライ,70～74歳,34.37,37.50,42.13,1,中村和子,セ・越谷,3/6,47.01,47.01,False,False,False,390.0,507.0,0.9,,False
80,長水路,22,女子,50mバタフライ,70～74歳,34.37,37.50,42.13,2,近藤ひな子,セ・二俣川,2/4,50.12,50.12,False,False,False,322.0,418.0,0.88,,False
80,長水路,22,女子,50mバタフライ,70～74歳,34.37,37.50,42.13,3,譲原恵子,セ・我孫子,2/8,59.71,59.71,False,False,False,190.0,247.0,0.98,,False
80,長水路,22,女子,50mバタフライ,70～74歳,34.37,37.50,42.13,4,木村恵子,セ・越谷,1/4,1:03.26,63.26,False,False,False,160.0,208.0,0.72,,False
80,長水路,22,女子,50mバタフライ,65～69歳,32.36,35.19,41.95,1,木村りょう子,セ・福生,3/8,44.24,44.24,False,False,False,391.0,503.0,0.87,,False
80,長水路,22,女子,50mバタフライ,65～69歳,32.36,35.19,41.95,2,立石由美子,セ・大森,3/2,44.51,44.51,False,False,False,384.0,494.0,0.72,,False
80,長水路,22,女子,50mバタフライ,65～69歳,32.36,35.19,41.95,3,井手敦子,セ・慶應日吉,2/5,49.75,49.75,False,False,False,275.0,353.0,0.85,,False
80,長水路,22,女子,50mバタフライ,65～69歳,32.36,35.19,41.95,4,塙清子,セ・自由が丘,3/4,56.74,56.74,False,False,False,185.0,238.0,,,False
80,長水路,22,女子,50mバタフライ,65～69歳,32.36,35.19,41.95,5,下川喜美枝,セ・南千住,2/6,58.00,58.0,False,False,False,173.0,223.0,0.9,,False
80,長水路,22,女子,50mバタフライ,60～64歳,29.90,33.25,34.72,1,若林朋子,セ・大宮宮原,4/6,35.29,35.29,False,False,False,608.0,836.0,0.72,,False
80,長水路,22,女子,50mバタフライ,60～64歳,29.90,33.25,34.72,2,中野内嘉子,セ・慶應日吉,3/9,41.40,41.4,False,False,False,376.0,518.0,0.79,,False
80,長水路,22,女子,50mバタフライ,60～64歳,29.90,33.25,34.72,3,大原清美,セ・阿佐谷,3/10,50.28,50.28,False,False,False,210.0,289.0,1.0,,False
80,長水路,22,女子,50mバタフライ,60～64歳,29.90,33.25,34.72,4,山田智子,セ・慶應日吉,1/5,51.67,51.67,False,False,False,193.0,266.0,0.86,,False
80,長水路,22,女子,50mバタフライ,55～59歳,30.05,31.61,33.29,1,西村麻美,セ・阿佐谷,4/1,41.75,41.75,False,False,False,372.0,434.0,0.75,,False
80,長水路,22,女子,50mバタフライ,55～59歳,30.05,31.61,33.29,2,松川律子,セ・二俣川,3/3,45.69,45.69,False,False,False,284.0,331.0,0.77,,False
80,長水路,22,女子,50mバタフライ,55～59歳,30.05,31.61,33.29,3,津田千鶴,セ・能見台,2/3,48.46,48.46,False,False,False,238.0,277.0,0.78,,False
80,長水路,22,女子,50mバタフライ,55～59歳,30.05,31.61,33.29,4,大久保彩子,セ・阿佐谷,2/7,55.16,55.16,False,False,False,161.0,188.0,0.86,,False
80,長水路,22,女子,50mバタフライ,50～54歳,29.08,30.26,31.11,1,池田百合子,セ・市ヶ尾,5/7,31.94,31.94,False,False,False,754.0,850.0,0.75,,False
80,長水路,22,女子,50mバタフライ,45～49歳,28.40,29.22,32.13,1,吉村華奈,セ・長津田,5/4,32.28,32.28,False,False,False,681.0,741.0,0.82,,False
80,長水路,22,女子,50mバタフライ,45～49歳,28.40,29.22,32.13,2,大黒明日香,セ・清瀬,4/10,38.84,38.84,False,False,False,390.0,425.0,1.04,,False
80,長水路,22,女子,50mバタフライ,45～49歳,28.40,29.22,32.13,3,錦織佳奈子,セ・新川崎,3/5,39.44,39.44,False,False,False,373.0,406.0,0.94,,False
80,長水路,22,女子,50mバタフライ,45～49歳,28.40,29.22,32.13,4,福澤絵理,CS南行徳,1/6,47.91,47.91,False,False,False,208.0,226.0,0.84,,False
80,長水路,22,女子,50mバタフライ,40～44歳,28.24,28.75,30.58,1,宮下奏子,セ・市ヶ尾,5/2,33.52,33.52,False,False,False,597.0,630.0,0.67,,False
80,長水路,22,女子,50mバタフライ,40～44歳,28.24,28.75,30.58,2,大家萌実,セ・用賀,4/2,37.09,37.09,False,False,False,441.0,465.0,0.63,,False
80,長水路,22,女子,50mバタフライ,40～44歳,28.24,28.75,30.58,3,久保かおり,セ・長津田,3/1,50.93,50.93,False,False,False,170.0,179.0,0.91,,False
80,長水路,22,女子,50mバタフライ,40～44歳,28.24,28.75,30.58,,宮本八重,セ・慶應日吉,5/9,,,False,False,False,,,,,True
80,長水路,22,女子,50mバタフライ,35～39歳,27.46,28.63,30.94,1,青木梨緒,セ・葛西,5/5,30.70,30.7,True,False,False,715.0,811.0,0.68,,False
80,長水路,22,女子,50mバタフライ,35～39歳,27.46,28.63,30.94,2,海口綾乃,セ・武蔵小杉,4/4,34.77,34.77,False,False,False,492.0,558.0,0.86,,False
80,長水路,22,女子,50mバタフライ,35～39歳,27.46,28.63,30.94,3,柳美希,セ・松戸,4/3,35.31,35.31,False,False,False,470.0,533.0,0.82,,False
80,長水路,22,女子,50mバタフライ,35～39歳,27.46,28.63,30.94,4,佐藤綾子,セ・阿佐谷,4/8,37.15,37.15,False,False,False,403.0,457.0,0.69,,False
80,長水路,22,女子,50mバタフライ,30～34歳,26.80,27.74,30.33,1,真如美優,セ・南千住,5/6,31.85,31.85,False,False,False,595.0,660.0,0.67,,False
80,長水路,22,女子,50mバタフライ,30～34歳,26.80,27.74,30.33,2,仲田笑美,セ・成城,5/8,32.90,32.9,False,False,False,540.0,599.0,0.73,,False
80,長水路,22,女子,50mバタフライ,25～29歳,26.32,26.32,29.89,1,岡澤志織,セ・茂原,5/3,33.52,33.52,False,False,False,484.0,484.0,0.75,,False
80,長水路,22,女子,50mバタフライ,18～24歳,,,29.34,1,篠田璃七,セ・葛西,5/1,31.94,31.94,False,False,False,,,,,False
80,長水路,22,女子,50mバタフライ,18～24歳,,,29.34,2,松井優依,セ・八王子,4/5,35.57,35.57,False,False,False,,,,,False
80,長水路,22,女子,50mバタフライ,18～24歳,,,29.34,3,白井凛,セ・市川,4/7,35.86,35.86,False,False,False,,,,,False
80,長水路,22,女子,50mバタフライ,18～24歳,,,29.34,4,皆川すみれ,セ・南青山,5/10,37.91,37.91,False,False,False,,,,,False
80,長水路,22,女子,50mバタフライ,18～24歳,,,29.34,5,蒲池美咲,セ・八王子,4/9,39.97,39.97,False,False,False,,,,,False
80,長水路,23,男子,50mバタフライ,80～84歳,34.39,34.75,46.24,1,吉田亮,セ・成城,2/8,42.38,42.38,True,False,False,534.0,551.0,0.86,,False
80,長水路,23,男子,50mバタフライ,80～84歳,34.39,34.75,46.24,2,越智義夫,セ・慶應日吉,1/2,48.21,48.21,False,False,False,362.0,374.0,0.81,,False
80,長水路,23,男子,50mバタフライ,80～84歳,34.39,34.75,46.24,3,内田幸稔,セ・松戸,1/1,1:07.15,67.15,False,False,False,134.0,138.0,0.75,,False
80,長水路,23,男子,50mバタフライ,80～84歳,34.39,34.75,46.24,,益子正人,セ・我孫子,1/9,,,False,False,False,,,,,True
80,長水路,23,男子,50mバタフライ,75～79歳,31.75,32.61,36.73,1,安藤次郎,セ・館山,3/2,37.10,37.1,False,False,False,626.0,679.0,0.8,,False
80,長水路,23,男子,50mバタフライ,70～74歳,29.69,31.43,33.85,1,瀧川一興,セ・大森,3/7,36.31,36.31,False,False,False,546.0,648.0,0.87,,False
80,長水路,23,男子,50mバタフライ,70～74歳,29.69,31.43,33.85,2,香川左近,セ・二俣川,1/6,48.37,48.37,False,False,False,231.0,274.0,0.96,,False
80,長水路,23,男子,50mバタフライ,70～74歳,29.69,31.43,33.85,3,飯沼明,セ・長津田,1/3,48.47,48.47,False,False,False,229.0,272.0,0.82,,False
80,長水路,23,男子,50mバタフライ,65～69歳,28.14,29.99,32.79,1,海辺信吉,セ・おおたか,4/1,33.56,33.56,False,False,False,589.0,713.0,0.74,,False
80,長水路,23,男子,50mバタフライ,65～69歳,28.14,29.99,32.79,2,岩田寛,セ・慶應日吉,2/5,40.61,40.61,False,False,False,332.0,402.0,0.93,,False
80,長水路,23,男子,50mバタフライ,65～69歳,28.14,29.99,32.79,3,伊藤伸彦,セ・横浜,3/9,49.51,49.51,False,False,False,183.0,222.0,0.72,,False
80,長水路,23,男子,50mバタフライ,65～69歳,28.14,29.99,32.79,4,袴塚哲也,墨田区体育館,1/5,57.17,57.17,False,False,False,119.0,144.0,0.94,,False
80,長水路,23,男子,50mバタフライ,65～69歳,28.14,29.99,32.79,,遠藤隆昭,セ・大宮宮原,2/4,,,False,False,False,,,,,True
80,長水路,23,男子,50mバタフライ,60～64歳,27.23,29.18,30.63,1,廣本佳也,セ・上池袋,4/7,34.91,34.91,False,False,False,474.0,583.0,0.84,,False
80,長水路,23,男子,50mバタフライ,60～64歳,27.23,29.18,30.63,2,金子勝,セ・岩槻,4/10,35.72,35.72,False,False,False,443.0,545.0,0.81,,False
80,長水路,23,男子,50mバタフライ,60～64歳,27.23,29.18,30.63,3,浦田昌和,セ・成城,2/2,47.59,47.59,False,False,False,187.0,230.0,0.89,,False
80,長水路,23,男子,50mバタフライ,60～64歳,27.23,29.18,30.63,4,安部盛博,セ・成城,1/8,53.57,53.57,False,False,False,131.0,161.0,0.85,,False
80,長水路,23,男子,50mバタフライ,60～64歳,27.23,29.18,30.63,,丸山恵太,セ・西新井,1/7,,,False,False,False,,,,,True
80,長水路,23,男子,50mバタフライ,60～64歳,27.23,29.18,30.63,,井上雅弘,セ・S湘南台,2/3,,,False,False,False,,,,,True
80,長水路,23,男子,50mバタフライ,60～64歳,27.23,29.18,30.63,,宇田川祐一,セ・大宮宮原,3/8,,,False,False,False,,,,,True
80,長水路,23,男子,50mバタフライ,55～59歳,26.08,27.02,29.98,1,門倉孝行,セ・慶應日吉,3/6,33.10,33.1,False,False,False,489.0,543.0,0.69,,False
80,長水路,23,男子,50mバタフライ,55～59歳,26.08,27.02,29.98,2,柄澤英也,セ・用賀,4/2,33.53,33.53,False,False,False,470.0,523.0,0.68,,False
80,長水路,23,男子,50mバタフライ,55～59歳,26.08,27.02,29.98,3,前田光輝,セ・おおたか,3/3,35.38,35.38,False,False,False,400.0,445.0,0.7,,False
80,長水路,23,男子,50mバタフライ,55～59歳,26.08,27.02,29.98,4,温井芳浩,セ・谷津,2/7,36.51,36.51,False,False,False,364.0,405.0,0.9,,False
80,長水路,23,男子,50mバタフライ,55～59歳,26.08,27.02,29.98,5,古高正道,セ・天王洲,2/9,43.08,43.08,False,False,False,221.0,246.0,0.81,,False
80,長水路,23,男子,50mバタフライ,55～59歳,26.08,27.02,29.98,6,大塚秀幸,セ・慶應日吉,1/4,48.02,48.02,False,False,False,160.0,178.0,0.81,,False
80,長水路,23,男子,50mバタフライ,50～54歳,25.53,25.73,27.00,1,甫坂修男,セ・市川,5/10,32.16,32.16,False,False,False,500.0,512.0,0.88,,False
80,長水路,23,男子,50mバタフライ,50～54歳,25.53,25.73,27.00,2,坂善和,セ・ときわ台,5/8,32.39,32.39,False,False,False,489.0,501.0,0.66,,False
80,長水路,23,男子,50mバタフライ,50～54歳,25.53,25.73,27.00,3,興野巧磨,セ・八王子,4/4,34.16,34.16,False,False,False,417.0,427.0,0.8,,False
80,長水路,23,男子,50mバタフライ,50～54歳,25.53,25.73,27.00,4,岡本篤志,セ・武蔵小杉,4/3,34.49,34.49,False,False,False,405.0,415.0,0.8,,False
80,長水路,23,男子,50mバタフライ,50～54歳,25.53,25.73,27.00,5,上田徹,セ・阿佐谷,3/1,37.19,37.19,False,False,False,323.0,331.0,0.96,,False
80,長水路,23,男子,50mバタフライ,50～54歳,25.53,25.73,27.00,6,宮本昌雄,セ・長津田,2/6,39.56,39.56,False,False,False,268.0,275.0,0.86,,False
80,長水路,23,男子,50mバタフライ,45～49歳,23.15,25.26,27.49,1,鶴谷学,セ・二俣川,7/1,27.05,27.05,True,False,False,626.0,814.0,0.63,,False
80,長水路,23,男子,50mバタフライ,45～49歳,23.15,25.26,27.49,2,永瀬知之,セ・二俣川,5/7,29.03,29.03,False,False,False,507.0,658.0,0.71,,False
80,長水路,23,男子,50mバタフライ,45～49歳,23.15,25.26,27.49,3,宅間健介,セ・天王洲,3/5,32.34,32.34,False,False,False,366.0,476.0,0.75,,False
80,長水路,23,男子,50mバタフライ,45～49歳,23.15,25.26,27.49,4,青木一晃,セ・慶應日吉,4/9,32.77,32.77,False,False,False,352.0,458.0,0.73,,False
80,長水路,23,男子,50mバタフライ,45～49歳,23.15,25.26,27.49,5,鈴木直哉,セ・八王子,3/4,35.70,35.7,False,False,False,272.0,354.0,0.94,,False
80,長水路,23,男子,50mバタフライ,45～49歳,23.15,25.26,27.49,6,草野剛史,セ・二俣川,3/10,38.76,38.76,False,False,False,213.0,276.0,0.84,,False
80,長水路,23,男子,50mバタフライ,40～44歳,23.72,24.30,26.51,1,鈴木謙太朗,セ・用賀,7/8,26.87,26.87,False,False,False,687.0,739.0,0.65,,False
80,長水路,23,男子,50mバタフライ,40～44歳,23.72,24.30,26.51,2,前田崇行,セ・二俣川,6/2,29.34,29.34,False,False,False,528.0,568.0,0.76,,False
80,長水路,23,男子,50mバタフライ,40～44歳,23.72,24.30,26.51,3,矢作歩,セ・長津田,5/3,29.43,29.43,False,False,False,523.0,562.0,0.81,,False
80,長水路,23,男子,50mバタフライ,40～44歳,23.72,24.30,26.51,4,小林弘典,セ・大森,5/2,29.65,29.65,False,False,False,512.0,550.0,0.67,,False
80,長水路,23,男子,50mバタフライ,35～39歳,23.74,24.09,26.19,1,立石裕太郎,セ・二俣川,7/9,26.93,26.93,False,False,False,685.0,715.0,0.65,,False
80,長水路,23,男子,50mバタフライ,35～39歳,23.74,24.09,26.19,2,青木圭祐,セ・葛西,6/4,27.18,27.18,False,False,False,666.0,696.0,0.7,,False
80,長水路,23,男子,50mバタフライ,35～39歳,23.74,24.09,26.19,3,古川貴章,セ・おおたか,5/5,29.05,29.05,False,False,False,545.0,570.0,0.76,,False
80,長水路,23,男子,50mバタフライ,35～39歳,23.74,24.09,26.19,4,増田喬行,セ・大宮宮原,4/8,33.17,33.17,False,False,False,366.0,383.0,0.76,,False
80,長水路,23,男子,50mバタフライ,35～39歳,23.74,24.09,26.19,,江沢純也,セ・我孫子,4/5,,,False,False,False,,,,,True
80,長水路,23,男子,50mバタフライ,35～39歳,23.74,24.09,26.19,,河野大和,セ・新川崎,5/9,,,False,False,False,,,,,True
80,長水路,23,男子,50mバタフライ,35～39歳,23.74,24.09,26.19,,伊藤孝優,セ・八王子,6/1,,,False,False,False,,,,,True
80,長水路,23,男子,50mバタフライ,30～34歳,23.16,24.16,25.53,1,石川和樹,セ・谷津,7/3,26.12,26.12,False,False,False,697.0,791.0,0.65,,False
80,長水路,23,男子,50mバタフライ,30～34歳,23.16,24.16,25.53,2,前島悠也,セ・葛西,5/4,27.76,27.76,False,False,False,580.0,659.0,0.65,,False
80,長水路,23,男子,50mバタフライ,30～34歳,23.16,24.16,25.53,3,神戸優悠希,セ・茂原,6/9,27.79,27.79,False,False,False,578.0,657.0,0.71,,False
80,長水路,23,男子,50mバタフライ,30～34歳,23.16,24.16,25.53,4,田端凌也,セ・市ヶ尾,5/1,29.32,29.32,False,False,False,492.0,559.0,0.73,,False
80,長水路,23,男子,50mバタフライ,30～34歳,23.16,24.16,25.53,5,成田昌記,セ・二俣川,5/6,29.54,29.54,False,False,False,481.0,547.0,0.69,,False
80,長水路,23,男子,50mバタフライ,30～34歳,23.16,24.16,25.53,6,丹波雅哉,セ・新川崎,2/1,39.84,39.84,False,False,False,196.0,223.0,0.92,,False
80,長水路,23,男子,50mバタフライ,25～29歳,23.15,24.01,24.27,1,川島由伸,セ・上池袋,7/5,24.44,24.44,False,False,False,849.0,948.0,0.68,,False
80,長水路,23,男子,50mバタフライ,25～29歳,23.15,24.01,24.27,2,小島駿紀,セ・ときわ台,7/7,25.57,25.57,False,False,False,742.0,827.0,0.56,,False
80,長水路,23,男子,50mバタフライ,25～29歳,23.15,24.01,24.27,3,田中諒也,セ・市ヶ尾,7/6,25.85,25.85,False,False,False,718.0,801.0,0.72,,False
80,長水路,23,男子,50mバタフライ,25～29歳,23.15,24.01,24.27,4,木渕大輝,セ・天王洲,6/5,27.06,27.06,False,False,False,626.0,698.0,0.65,,False
80,長水路,23,男子,50mバタフライ,25～29歳,23.15,24.01,24.27,5,津崎朝輝,セ・武蔵小杉,7/10,27.55,27.55,False,False,False,593.0,661.0,0.7,,False
80,長水路,23,男子,50mバタフライ,25～29歳,23.15,24.01,24.27,6,柿沼龍史,セ・成城,6/10,28.94,28.94,False,False,False,511.0,571.0,0.77,,False
80,長水路,23,男子,50mバタフライ,25～29歳,23.15,24.01,24.27,,小林和矢,セ・成城,6/6,,,False,False,False,,,,,True
80,長水路,23,男子,50mバタフライ,25～29歳,23.15,24.01,24.27,,川口皓生,セ・柏,7/2,,,False,False,False,,,,,True
80,長水路,23,男子,50mバタフライ,18～24歳,,,24.03,1,服部碧,セ・成城,7/4,26.15,26.15,False,False,False,,,,,False
80,長水路,23,男子,50mバタフライ,18～24歳,,,24.03,2,黒田大介,セ・成城,6/3,27.42,27.42,False,False,False,,,,,False
80,長水路,23,男子,50mバタフライ,18～24歳,,,24.03,3,安齊大和,ザバス八景,6/8,28.21,28.21,False,False,False,,,,,False
80,長水路,23,男子,50mバタフライ,18～24歳,,,24.03,4,今橋蒼太郎,セ・大宮宮原,4/6,28.39,28.39,False,False,False,,,,,False
80,長水路,23,男子,50mバタフライ,18～24歳,,,24.03,5,都築クラウディオ佑亮,セ・おおたか,6/7,28.45,28.45,False,False,False,,,,,False
