ID,回,年,月,日,水路,タイプ,レース番号,競技名,競技性別,リレー年齢区分,リレー実年齢合計,リレータイム,リレー大会新差,リレー泳順,個人年齢区分,順位,選手名,性別,チーム名,個人タイム,個人大会新差,飛込タイム,LAPタイム,個人得点,チーム得点,申請タイム,ぴったり賞,大会新,大会記録,日本記録,世界記録,レーン
1,78,2025,5,31,長水路,個人,1,200m自由形,女子,,,,,,85～89歳,1,森川タエ子,女子,セ・我孫子,4:48.51,,,"1:08.41,2:22.59,3:37.21",,,,,,4:28.56,3:14.51,3:14.51,1/9
2,78,2025,5,31,長水路,個人,1,200m自由形,女子,,,,,,85～89歳,2,熊谷一枝,女子,セ・天王洲,5:12.44,,,"1:04.16,2:21.84,3:45.90",,,,,,4:28.56,3:14.51,3:14.51,1/1
3,78,2025,5,31,長水路,個人,1,200m自由形,女子,,,,,,80～84歳,1,佐藤由利子,女子,セ・用賀,3:49.20,,,"52.36,1:49.84,2:50.16",,,,,,3:47.95,3:05.95,3:05.95,3/3
4,78,2025,5,31,長水路,個人,1,200m自由形,女子,,,,,,80～84歳,2,内田良子,女子,セ・用賀,3:51.63,,,"53.55,1:53.81,2:54.64",,,,,,3:47.95,3:05.95,3:05.95,2/8
5,78,2025,5,31,長水路,個人,1,200m自由形,女子,,,,,,80～84歳,3,安澤イソ子,女子,セ・市ヶ尾,4:33.85,,,"55.93,2:01.96,3:15.78",,,,,,3:47.95,3:05.95,3:05.95,1/3
6,78,2025,5,31,長水路,個人,1,200m自由形,女子,,,,,,75～79歳,1,柴崎徳子,女子,セ・柏,3:47.69,,,"51.45,1:48.98,2:47.63",,,,,,3:32.08,2:54.26,2:54.26,2/5
7,78,2025,5,31,長水路,個人,1,200m自由形,女子,,,,,,75～79歳,2,竹原君枝,女子,セ・慶應日吉,3:48.85,,,"53.31,1:50.94,2:50.75",,,,,,3:32.08,2:54.26,2:54.26,3/5
8,78,2025,5,31,長水路,個人,1,200m自由形,女子,,,,,,75～79歳,3,松木弘美,女子,セ・志木,4:15.61,,,"56.41,2:00.96,3:06.76",,,,,,3:32.08,2:54.26,2:54.26,1/6
9,78,2025,5,31,長水路,個人,1,200m自由形,女子,,,,,,75～79歳,4,馬場悦子,女子,セ・清瀬,4:22.52,,,"57.03,2:01.22,3:11.63",,,,,,3:32.08,2:54.26,2:54.26,1/5
10,78,2025,5,31,長水路,個人,1,200m自由形,女子,,,,,,70～74歳,1,菅野泰子,女子,セ・葛西,2:58.84,,,"42.25,1:28.73,2:15.81",,,,,TRUE,3:05.67,2:49.80,2:29.56,6/6
11,78,2025,5,31,長水路,個人,1,200m自由形,女子,,,,,,70～74歳,2,青木華世子,女子,セ・松戸,3:08.16,,,"42.47,1:31.31,2:20.75",,,,,,3:05.67,2:49.80,2:29.56,6/1
12,78,2025,5,31,長水路,個人,1,200m自由形,女子,,,,,,70～74歳,3,中平信子,女子,セ・成瀬,3:17.20,,,"45.05,1:34.99,2:26.97",,,,,,3:05.67,2:49.80,2:29.56,5/9
13,78,2025,5,31,長水路,個人,1,200m自由形,女子,,,,,,70～74歳,4,青砥美智子,女子,セ・葛西,3:32.54,,,"50.02,1:43.91,2:38.99",,,,,,3:05.67,2:49.80,2:29.56,3/8
14,78,2025,5,31,長水路,個人,1,200m自由形,女子,,,,,,70～74歳,5,岡村悦子,女子,セ・おおたか,3:36.78,,,"49.77,1:45.66,2:44.11",,,,,,3:05.67,2:49.80,2:29.56,4/9
15,78,2025,5,31,長水路,個人,1,200m自由形,女子,,,,,,70～74歳,6,菅和江,女子,セ・戸塚,3:43.20,,,"53.73,1:52.50,2:49.79",,,,,,3:05.67,2:49.80,2:29.56,3/9
16,78,2025,5,31,長水路,個人,1,200m自由形,女子,,,,,,70～74歳,7,太田拓江,女子,セ・戸塚,3:54.53,,,"52.15,1:51.37,2:53.33",,,,,,3:05.67,2:49.80,2:29.56,2/6
17,78,2025,5,31,長水路,個人,1,200m自由形,女子,,,,,,70～74歳,8,長野愛子,女子,セ・柏,3:56.10,,,"55.35,1:54.41,2:56.24",,,,,,3:05.67,2:49.80,2:29.56,2/2
18,78,2025,5,31,長水路,個人,1,200m自由形,女子,,,,,,70～74歳,9,菅井道子,女子,セ・戸塚,4:05.56,,,"59.07,2:02.21,3:06.89",,,,,,3:05.67,2:49.80,2:29.56,2/1
19,78,2025,5,31,長水路,個人,1,200m自由形,女子,,,,,,70～74歳,10,富樫博子,女子,セ・大森,4:08.26,,,"54.94,1:57.46,3:02.33",,,,,,3:05.67,2:49.80,2:29.56,1/8
20,78,2025,5,31,長水路,個人,1,200m自由形,女子,,,,,,65～69歳,1,森谷登志江,女子,セ・慶應日吉,3:14.53,,,"42.42,1:30.58,2:22.64",,,,,,2:54.20,2:42.91,2:25.29,6/10
21,78,2025,5,31,長水路,個人,1,200m自由形,女子,,,,,,65～69歳,2,山﨑京子,女子,セ・横浜,3:18.55,,,"43.06,1:33.37,2:26.80",,,,,,2:54.20,2:42.91,2:25.29,5/5
22,78,2025,5,31,長水路,個人,1,200m自由形,女子,,,,,,65～69歳,3,久松葉子,女子,セ・成瀬,3:31.46,,,"48.54,1:42.41,2:37.82",,,,,,2:54.20,2:42.91,2:25.29,4/2
23,78,2025,5,31,長水路,個人,1,200m自由形,女子,,,,,,65～69歳,4,森本美恵,女子,セ・松戸,3:35.58,,,"50.03,1:44.64,2:42.89",,,,,,2:54.20,2:42.91,2:25.29,4/3
24,78,2025,5,31,長水路,個人,1,200m自由形,女子,,,,,,65～69歳,5,五月女美幸,女子,セ・宇都宮,3:37.12,,,"47.71,1:42.60,2:40.53",,,,,,2:54.20,2:42.91,2:25.29,4/8
25,78,2025,5,31,長水路,個人,1,200m自由形,女子,,,,,,65～69歳,6,日和久美子,女子,セ・戸塚,3:45.17,,,"52.12,1:49.92,2:49.35",,,,,,2:54.20,2:42.91,2:25.29,3/4
26,78,2025,5,31,長水路,個人,1,200m自由形,女子,,,,,,65～69歳,7,久保とし子,女子,セ・長津田,3:48.50,,,"50.90,1:49.80,2:51.13",,,,,,2:54.20,2:42.91,2:25.29,3/2
27,78,2025,5,31,長水路,個人,1,200m自由形,女子,,,,,,65～69歳,8,下川喜美枝,女子,セ・南千住,3:54.01,,,"53.75,1:53.07,2:53.74",,,,,,2:54.20,2:42.91,2:25.29,3/7
28,78,2025,5,31,長水路,個人,1,200m自由形,女子,,,,,,65～69歳,9,三嶋祐子,女子,セ・阿佐谷,4:02.93,,,"56.04,1:58.21,3:02.47",,,,,,2:54.20,2:42.91,2:25.29,2/10
29,78,2025,5,31,長水路,個人,1,200m自由形,女子,,,,,,65～69歳,10,大西和子,女子,セ・天王洲,4:45.09,,,"1:01.71,2:12.52,3:28.33",,,,,,2:54.20,2:42.91,2:25.29,1/2
30,78,2025,5,31,長水路,個人,1,200m自由形,女子,,,,,,65～69歳,,近藤みゆき,女子,セ・阿佐谷,,,,,,,,,,2:54.20,2:42.91,2:25.29,2/9
31,78,2025,5,31,長水路,個人,1,200m自由形,女子,,,,,,60～64歳,1,石井裕美,女子,セ・ときわ台,2:54.51,,,"40.07,1:24.98,2:10.73",,,,,,2:35.22,2:31.90,2:16.57,7/8
32,78,2025,5,31,長水路,個人,1,200m自由形,女子,,,,,,60～64歳,2,早津恵子,女子,セ・越谷,2:58.76,,,"40.72,1:25.53,2:12.24",,,,,,2:35.22,2:31.90,2:16.57,7/2
33,78,2025,5,31,長水路,個人,1,200m自由形,女子,,,,,,60～64歳,3,福原美奈,女子,セ・稲毛海岸,3:12.94,,,"45.22,1:34.90,2:24.98",,,,,,2:35.22,2:31.90,2:16.57,5/4
34,78,2025,5,31,長水路,個人,1,200m自由形,女子,,,,,,60～64歳,4,草森理子,女子,セ・成瀬,3:27.01,,,"47.26,1:40.50,2:35.00",,,,,,2:35.22,2:31.90,2:16.57,4/4
35,78,2025,5,31,長水路,個人,1,200m自由形,女子,,,,,,60～64歳,5,山中恵子,女子,セ・桶川北本,3:34.36,,,"45.50,1:38.46,2:35.99",,,,,,2:35.22,2:31.90,2:16.57,4/5
36,78,2025,5,31,長水路,個人,1,200m自由形,女子,,,,,,60～64歳,6,佐々木れい,女子,セ・志木,3:52.08,,,"51.77,1:52.60,2:54.34",,,,,,2:35.22,2:31.90,2:16.57,2/4
37,78,2025,5,31,長水路,個人,1,200m自由形,女子,,,,,,60～64歳,7,桐沢ひとみ,女子,セ・大森,4:02.17,,,"51.97,1:52.78,2:57.68",,,,,,2:35.22,2:31.90,2:16.57,3/1
38,78,2025,5,31,長水路,個人,1,200m自由形,女子,,,,,,55～59歳,1,八尋加苗,女子,セ・松戸,3:10.03,,,"43.40,1:33.74,2:23.67",,,,,,2:31.44,2:26.86,2:16.28,6/8
39,78,2025,5,31,長水路,個人,1,200m自由形,女子,,,,,,55～59歳,2,山口仁子,女子,セ・上池袋,3:15.54,,,"47.02,1:37.76,2:28.22",,,,,,2:31.44,2:26.86,2:16.28,5/8
40,78,2025,5,31,長水路,個人,1,200m自由形,女子,,,,,,55～59歳,3,小林のぞみ,女子,セ・越谷,3:17.33,,,"44.76,1:35.39,2:27.20",,,,,,2:31.44,2:26.86,2:16.28,5/1
41,78,2025,5,31,長水路,個人,1,200m自由形,女子,,,,,,55～59歳,4,棚橋悦子,女子,セ・自由が丘,3:24.41,,,"47.13,1:39.49,2:33.13",,,,,,2:31.44,2:26.86,2:16.28,5/2
42,78,2025,5,31,長水路,個人,1,200m自由形,女子,,,,,,55～59歳,5,森内裕子,女子,セ・天王洲,3:38.87,,,"50.23,1:47.35,2:45.62",,,,,,2:31.44,2:26.86,2:16.28,4/1
43,78,2025,5,31,長水路,個人,1,200m自由形,女子,,,,,,55～59歳,6,江頭由美子,女子,セ・袖ヶ浦,3:45.53,,,"51.66,1:50.22,2:50.44",,,,,,2:31.44,2:26.86,2:16.28,2/7
44,78,2025,5,31,長水路,個人,1,200m自由形,女子,,,,,,55～59歳,7,佐々木夕子,女子,セ・市ヶ尾,3:57.54,,,"54.75,1:55.62,2:56.88",,,,,,2:31.44,2:26.86,2:16.28,3/10
45,78,2025,5,31,長水路,個人,1,200m自由形,女子,,,,,,55～59歳,,三浦鈴子,女子,セ・志木,,,,,,,,,,2:31.44,2:26.86,2:16.28,1/4
46,78,2025,5,31,長水路,個人,1,200m自由形,女子,,,,,,50～54歳,1,浅尾有香,女子,セ・大森,2:41.19,,,"37.29,1:17.95,2:00.41",,,,,,2:27.87,2:21.98,2:11.40,7/4
47,78,2025,5,31,長水路,個人,1,200m自由形,女子,,,,,,50～54歳,2,広瀬百合香,女子,セ・武蔵小杉,2:41.39,,,"37.11,1:18.05,2:00.33",,,,,,2:27.87,2:21.98,2:11.40,7/5
48,78,2025,5,31,長水路,個人,1,200m自由形,女子,,,,,,50～54歳,3,佐々木美佐,女子,セ・平塚,2:45.15,,,"36.84,1:18.11,2:01.74",,,,,,2:27.87,2:21.98,2:11.40,7/6
49,78,2025,5,31,長水路,個人,1,200m自由形,女子,,,,,,50～54歳,4,友田智哲,女子,セ・南青山,2:51.81,,,"38.42,1:21.57,2:07.18",,,,,,2:27.87,2:21.98,2:11.40,7/3
50,78,2025,5,31,長水路,個人,1,200m自由形,女子,,,,,,50～54歳,5,柳有美子,女子,セ・おおたか,2:55.07,,,"42.31,1:27.32,2:13.01",,,,,,2:27.87,2:21.98,2:11.40,5/3
51,78,2025,5,31,長水路,個人,1,200m自由形,女子,,,,,,50～54歳,6,高橋麻子,女子,セ・市ヶ尾,2:55.31,,,"39.72,1:24.55,2:11.38",,,,,,2:27.87,2:21.98,2:11.40,7/9
52,78,2025,5,31,長水路,個人,1,200m自由形,女子,,,,,,50～54歳,7,成島志雅子,女子,セ・F宇都宮,3:20.89,,,"44.13,1:34.07,2:27.54",,,,,,2:27.87,2:21.98,2:11.40,5/7
53,78,2025,5,31,長水路,個人,1,200m自由形,女子,,,,,,50～54歳,8,森信子,女子,セ・大森,3:33.40,,,"49.91,1:44.08,2:39.30",,,,,,2:27.87,2:21.98,2:11.40,3/6
54,78,2025,5,31,長水路,個人,1,200m自由形,女子,,,,,,45～49歳,1,吉村華余,女子,セ・長津田,2:32.33,,,"34.01,1:12.22,1:52.06",,,,,,2:31.07,2:17.82,2:10.09,8/3
55,78,2025,5,31,長水路,個人,1,200m自由形,女子,,,,,,45～49歳,2,日下幸子,女子,ザバス川崎,2:35.38,,,"35.79,1:15.21,1:55.83",,,,,,2:31.07,2:17.82,2:10.09,8/10
56,78,2025,5,31,長水路,個人,1,200m自由形,女子,,,,,,45～49歳,3,四井美穂,女子,セ・天王洲,2:55.48,,,"39.76,1:23.83,2:09.65",,,,,,2:31.07,2:17.82,2:10.09,4/6
57,78,2025,5,31,長水路,個人,1,200m自由形,女子,,,,,,45～49歳,4,草野茜,女子,セ・二俣川,2:58.66,,,"40.96,1:25.76,2:12.51",,,,,,2:31.07,2:17.82,2:10.09,7/1
58,78,2025,5,31,長水路,個人,1,200m自由形,女子,,,,,,45～49歳,5,櫻井翠,女子,セ・横浜,3:03.03,,,"36.34,1:20.85,2:12.27",,,,,,2:31.07,2:17.82,2:10.09,8/1
59,78,2025,5,31,長水路,個人,1,200m自由形,女子,,,,,,45～49歳,6,吉池奈々,女子,セ・二俣川,3:05.74,,,"40.15,1:27.44,2:17.29",,,,,,2:31.07,2:17.82,2:10.09,6/4
60,78,2025,5,31,長水路,個人,1,200m自由形,女子,,,,,,45～49歳,7,細沼悦子,女子,セ・越谷,3:06.80,,,"43.50,1:32.76,2:22.94",,,,,,2:31.07,2:17.82,2:10.09,6/7
61,78,2025,5,31,長水路,個人,1,200m自由形,女子,,,,,,45～49歳,8,前田由希映,女子,セ・二俣川,3:17.84,,,"43.48,1:33.41,2:26.60",,,,,,2:31.07,2:17.82,2:10.09,6/2
62,78,2025,5,31,長水路,個人,1,200m自由形,女子,,,,,,45～49歳,9,宇田川美穂,女子,セ・天王洲,3:30.69,,,"46.88,1:40.11,2:35.84",,,,,,2:31.07,2:17.82,2:10.09,4/7
63,78,2025,5,31,長水路,個人,1,200m自由形,女子,,,,,,45～49歳,10,市川百合子,女子,セ・大宮宮原,3:33.21,,,"49.15,1:43.74,2:39.93",,,,,,2:31.07,2:17.82,2:10.09,5/6
64,78,2025,5,31,長水路,個人,1,200m自由形,女子,,,,,,45～49歳,11,赤坂恵美子,女子,セ・志木,3:46.24,,,"50.03,1:48.87,2:51.37",,,,,,2:31.07,2:17.82,2:10.09,4/10
65,78,2025,5,31,長水路,個人,1,200m自由形,女子,,,,,,45～49歳,12,高島典子,女子,セ・大森,3:48.41,,,"50.74,1:47.16,2:44.86",,,,,,2:31.07,2:17.82,2:10.09,2/3
66,78,2025,5,31,長水路,個人,1,200m自由形,女子,,,,,,40～44歳,1,小豆澤和代,女子,セ・慶應日吉,2:44.98,,,"36.57,1:17.39,2:01.54",,,,,,2:31.64,2:08.42,2:08.42,7/7
67,78,2025,5,31,長水路,個人,1,200m自由形,女子,,,,,,40～44歳,2,錦織佳奈子,女子,ザバス川崎,2:58.70,,,"38.59,1:22.69,2:09.65",,,,,,2:31.64,2:08.42,2:08.42,6/5
68,78,2025,5,31,長水路,個人,1,200m自由形,女子,,,,,,40～44歳,3,久保かおり,女子,セ・長津田,3:10.87,,,"41.95,1:30.45,2:21.82",,,,,,2:31.64,2:08.42,2:08.42,6/3
69,78,2025,5,31,長水路,個人,1,200m自由形,女子,,,,,,40～44歳,4,富永結衣子,女子,セ・大森,3:16.00,,,"43.98,1:32.86,2:24.02",,,,,,2:31.64,2:08.42,2:08.42,6/9
70,78,2025,5,31,長水路,個人,1,200m自由形,女子,,,,,,40～44歳,5,井島孝子,女子,セ・天王洲,3:45.77,,,"52.38,1:52.10,2:53.60",,,,,,2:31.64,2:08.42,2:08.42,1/7
71,78,2025,5,31,長水路,個人,1,200m自由形,女子,,,,,,35～39歳,1,久保美由紀,女子,セ・長津田,3:25.52,,,"46.00,1:37.39,2:32.24",,,,,,2:17.30,2:07.99,2:05.50,5/10
72,78,2025,5,31,長水路,個人,1,200m自由形,女子,,,,,,30～34歳,1,松前優里奈,女子,セ・おおたか,2:29.21,,,"33.88,1:11.88,1:50.48",,,,,,2:20.79,2:04.62,2:02.35,8/4
73,78,2025,5,31,長水路,個人,1,200m自由形,女子,,,,,,30～34歳,2,風間捺央,女子,セ・市川,2:31.34,,,"33.77,1:10.59,1:50.82",,,,,,2:20.79,2:04.62,2:02.35,8/8
74,78,2025,5,31,長水路,個人,1,200m自由形,女子,,,,,,30～34歳,3,吉田のばら,女子,セ・南千住,2:33.42,,,"34.78,1:12.78,1:52.53",,,,,,2:20.79,2:04.62,2:02.35,8/9
75,78,2025,5,31,長水路,個人,1,200m自由形,女子,,,,,,30～34歳,4,中山翠,女子,ザバス川崎,3:04.36,,,"40.74,1:27.29,2:15.40",,,,,,2:20.79,2:04.62,2:02.35,7/10
76,78,2025,5,31,長水路,個人,1,200m自由形,女子,,,,,,25～29歳,1,新後海優,女子,セ・トレッサ,2:27.33,,,"32.24,1:08.26,1:47.26",,,,,,2:20.67,2:06.81,2:02.06,8/6
77,78,2025,5,31,長水路,個人,1,200m自由形,女子,,,,,,25～29歳,2,川俣星,女子,セ・新都心,2:30.18,,,"35.11,1:13.99,1:51.90",,,,,,2:20.67,2:06.81,2:02.06,8/7
78,78,2025,5,31,長水路,個人,1,200m自由形,女子,,,,,,25～29歳,3,竹下菜々美,女子,セ・二俣川,2:31.09,,,"33.61,1:11.78,1:51.38",,,,,,2:20.67,2:06.81,2:02.06,8/2
79,78,2025,5,31,長水路,個人,1,200m自由形,女子,,,,,,18～24歳,1,岩城心美,女子,セ・武蔵小杉,2:20.55,,,"31.70,1:07.54,1:43.84",,,,,,2:16.87,,,8/5
80,78,2025,5,31,長水路,個人,2,200m自由形,男子,,,,,,80～84歳,1,今修二,男子,セ・越谷,3:29.64,,,"48.38,1:42.44,2:36.81",,,,,TRUE,3:39.71,2:40.87,2:40.22,2/7
81,78,2025,5,31,長水路,個人,2,200m自由形,男子,,,,,,80～84歳,2,中田正二,男子,セ・成城,3:31.36,,,"47.62,1:41.04,2:37.62",,,,,TRUE,3:39.71,2:40.87,2:40.22,1/7
82,78,2025,5,31,長水路,個人,2,200m自由形,男子,,,,,,75～79歳,1,伴野保志,男子,セ・阿佐谷,5:04.23,,,"1:03.00,2:19.44,3:44.20",,,,,,2:51.26,2:33.87,2:25.66,1/3
83,78,2025,5,31,長水路,個人,2,200m自由形,男子,,,,,,70～74歳,1,若宮強,男子,セ・成城,3:08.34,,,"40.32,1:27.51,2:16.66",,,,,,2:33.71,2:22.88,2:22.88,3/7
84,78,2025,5,31,長水路,個人,2,200m自由形,男子,,,,,,70～74歳,2,菱沼和男,男子,セ・葛西,3:21.70,,,"47.07,1:37.62,2:30.55",,,,,,2:33.71,2:22.88,2:22.88,3/10
85,78,2025,5,31,長水路,個人,2,200m自由形,男子,,,,,,70～74歳,3,飯沼明,男子,セ・長津田,3:25.94,,,"47.47,1:38.60,2:32.06",,,,,,2:33.71,2:22.88,2:22.88,2/8
86,78,2025,5,31,長水路,個人,2,200m自由形,男子,,,,,,70～74歳,4,折居彰,男子,セ・阿佐谷,3:26.62,,,"47.05,1:39.15,2:33.71",,,,,,2:33.71,2:22.88,2:22.88,1/4
87,78,2025,5,31,長水路,個人,2,200m自由形,男子,,,,,,70～74歳,5,森下善夫,男子,セ・大宮宮原,3:35.72,,,"48.41,1:43.60,2:40.72",,,,,,2:33.71,2:22.88,2:22.88,1/6
88,78,2025,5,31,長水路,個人,2,200m自由形,男子,,,,,,65～69歳,1,仲宇佐隆一,男子,セ・横浜,3:10.48,,,"41.39,1:30.28,2:21.44",,,,,,2:26.86,2:19.96,2:09.39,2/5
89,78,2025,5,31,長水路,個人,2,200m自由形,男子,,,,,,65～69歳,2,橋本政明,男子,セ・志木,3:27.20,,,"45.74,1:37.04,2:31.10",,,,,,2:26.86,2:19.96,2:09.39,1/5
90,78,2025,5,31,長水路,個人,2,200m自由形,男子,,,,,,65～69歳,,堂園徹,男子,セ・天王洲,,,,,,,,,,2:26.86,2:19.96,2:09.39,2/4
91,78,2025,5,31,長水路,個人,2,200m自由形,男子,,,,,,60～64歳,1,菊池千二,男子,セ・市ヶ尾,2:27.50,,,"31.93,1:09.90,1:49.18",,,,,,2:27.29,2:17.26,2:07.68,4/5
92,78,2025,5,31,長水路,個人,2,200m自由形,男子,,,,,,60～64歳,2,早津英哉,男子,セ・越谷,2:32.00,,,"34.54,1:14.20,1:52.77",,,,,,2:27.29,2:17.26,2:07.68,5/7
93,78,2025,5,31,長水路,個人,2,200m自由形,男子,,,,,,60～64歳,3,下家成人,男子,セ・二俣川,2:34.09,,,"34.53,1:12.34,1:53.18",,,,,,2:27.29,2:17.26,2:07.68,5/3
94,78,2025,5,31,長水路,個人,2,200m自由形,男子,,,,,,60～64歳,4,若島健二,男子,セ・二俣川,2:51.10,,,"39.64,1:22.85,2:07.44",,,,,,2:27.29,2:17.26,2:07.68,4/7
95,78,2025,5,31,長水路,個人,2,200m自由形,男子,,,,,,60～64歳,5,安間稔,男子,セ・市ヶ尾,2:56.95,,,"38.57,1:22.02,2:09.03",,,,,,2:27.29,2:17.26,2:07.68,4/9
96,78,2025,5,31,長水路,個人,2,200m自由形,男子,,,,,,60～64歳,6,山本和巳,男子,セ・茂原,3:13.45,,,"45.86,1:35.15,2:25.42",,,,,,2:27.29,2:17.26,2:07.68,3/9
97,78,2025,5,31,長水路,個人,2,200m自由形,男子,,,,,,55～59歳,1,矢部裕之,男子,セ・長津田,2:23.66,,,"32.17,1:07.67,1:44.96",,,,,,2:19.70,2:08.62,2:04.01,5/5
98,78,2025,5,31,長水路,個人,2,200m自由形,男子,,,,,,55～59歳,2,宮川則仁,男子,セ・大宮宮原,2:37.16,,,"35.00,1:14.48,1:55.78",,,,,,2:19.70,2:08.62,2:04.01,4/3
99,78,2025,5,31,長水路,個人,2,200m自由形,男子,,,,,,55～59歳,3,西野宮冬木,男子,セ・長津田,2:37.49,,,"36.94,1:18.19,1:59.67",,,,,,2:19.70,2:08.62,2:04.01,5/1
100,78,2025,5,31,長水路,個人,2,200m自由形,男子,,,,,,55～59歳,4,宮木幸彦,男子,セ・葛西,2:40.69,,,"37.64,1:19.50,2:01.16",,,,,,2:19.70,2:08.62,2:04.01,5/2
101,78,2025,5,31,長水路,個人,2,200m自由形,男子,,,,,,55～59歳,5,北村洋一,男子,セ・大森,2:43.08,,,"36.76,1:17.31,2:01.38",,,,,,2:19.70,2:08.62,2:04.01,5/9
102,78,2025,5,31,長水路,個人,2,200m自由形,男子,,,,,,55～59歳,6,本間丈博,男子,セ・稲毛海岸,2:50.35,,,"38.88,1:21.72,2:05.58",,,,,,2:19.70,2:08.62,2:04.01,4/4
103,78,2025,5,31,長水路,個人,2,200m自由形,男子,,,,,,55～59歳,7,吉峯幸郎,男子,セ・用賀,3:05.37,,,"41.62,1:27.37,2:16.75",,,,,,2:19.70,2:08.62,2:04.01,3/4
104,78,2025,5,31,長水路,個人,2,200m自由形,男子,,,,,,55～59歳,8,大塚秀幸,男子,セ・慶應日吉,3:13.84,,,"45.59,1:35.69,2:24.16",,,,,,2:19.70,2:08.62,2:04.01,3/3
105,78,2025,5,31,長水路,個人,2,200m自由形,男子,,,,,,55～59歳,9,萱沼憲司郎,男子,セ・茂原,3:24.16,,,"46.72,1:39.72,2:33.31",,,,,,2:19.70,2:08.62,2:04.01,2/6
106,78,2025,5,31,長水路,個人,2,200m自由形,男子,,,,,,55～59歳,10,佐藤流生,男子,セ・天王洲,3:53.97,,,"47.98,1:44.54,2:48.40",,,,,,2:19.70,2:08.62,2:04.01,2/3
107,78,2025,5,31,長水路,個人,2,200m自由形,男子,,,,,,55～59歳,,岩崎明,男子,セ・前橋,,,,,,,,,,2:19.70,2:08.62,2:04.01,4/2
108,78,2025,5,31,長水路,個人,2,200m自由形,男子,,,,,,50～54歳,1,関口義和,男子,セ・二俣川,2:26.96,,,"34.15,1:11.58,1:49.46",,,,,,2:14.24,1:59.87,1:58.62,6/1
109,78,2025,5,31,長水路,個人,2,200m自由形,男子,,,,,,50～54歳,2,山田耕一,男子,セ・清瀬,2:30.39,,,"34.85,1:12.89,1:51.79",,,,,,2:14.24,1:59.87,1:58.62,5/4
110,78,2025,5,31,長水路,個人,2,200m自由形,男子,,,,,,50～54歳,3,阿部友照,男子,セ・東十条,2:47.17,,,"37.90,1:19.54,2:04.09",,,,,,2:14.24,1:59.87,1:58.62,6/9
111,78,2025,5,31,長水路,個人,2,200m自由形,男子,,,,,,50～54歳,4,岡田能行,男子,セ・越谷,2:57.01,,,"39.87,1:24.87,2:11.43",,,,,,2:14.24,1:59.87,1:58.62,3/8
112,78,2025,5,31,長水路,個人,2,200m自由形,男子,,,,,,50～54歳,5,志水剛,男子,セ・大宮宮原,3:20.37,,,"42.42,1:35.56,2:28.67",,,,,,2:14.24,1:59.87,1:58.62,3/1
113,78,2025,5,31,長水路,個人,2,200m自由形,男子,,,,,,50～54歳,6,中田雄也,男子,墨田区体育館,3:24.59,,,"42.15,1:32.23,2:29.13",,,,,,2:14.24,1:59.87,1:58.62,3/2
114,78,2025,5,31,長水路,個人,2,200m自由形,男子,,,,,,50～54歳,,周防和彦,男子,セ・稲毛海岸,,,,,,,,,,2:14.24,1:59.87,1:58.62,6/2
115,78,2025,5,31,長水路,個人,2,200m自由形,男子,,,,,,45～49歳,1,永瀬知之,男子,セ・二俣川,2:13.86,,,"30.21,1:04.45,1:39.89",,,,,,2:07.04,1:58.36,1:55.39,6/8
116,78,2025,5,31,長水路,個人,2,200m自由形,男子,,,,,,45～49歳,2,中込孝之,男子,ザバス川崎,2:20.04,,,"31.35,1:06.22,1:43.40",,,,,,2:07.04,1:58.36,1:55.39,6/5
117,78,2025,5,31,長水路,個人,2,200m自由形,男子,,,,,,45～49歳,3,花井一也,男子,セ・長津田,2:26.84,,,"33.30,1:10.15,1:48.68",,,,,,2:07.04,1:58.36,1:55.39,5/6
118,78,2025,5,31,長水路,個人,2,200m自由形,男子,,,,,,45～49歳,4,山内悠,男子,セ・市ヶ尾,2:29.29,,,"34.40,1:13.22,1:51.96",,,,,,2:07.04,1:58.36,1:55.39,6/10
119,78,2025,5,31,長水路,個人,2,200m自由形,男子,,,,,,45～49歳,5,西田幸弘,男子,セ・藤沢,2:36.07,,,"36.24,1:15.23,1:55.46",,,,,,2:07.04,1:58.36,1:55.39,5/8
120,78,2025,5,31,長水路,個人,2,200m自由形,男子,,,,,,45～49歳,6,齊藤仁,男子,セ・茂原,2:37.23,,,"35.33,1:15.02,1:56.11",,,,,,2:07.04,1:58.36,1:55.39,4/6
121,78,2025,5,31,長水路,個人,2,200m自由形,男子,,,,,,45～49歳,7,古屋俊一,男子,セ・ときわ台,2:43.08,,,"35.60,1:16.47,1:59.00",,,,,,2:07.04,1:58.36,1:55.39,4/8
122,78,2025,5,31,長水路,個人,2,200m自由形,男子,,,,,,40～44歳,1,鶴谷学,男子,セ・二俣川,2:06.87,,,"29.45,1:01.79,1:34.34",,,,,TRUE,2:07.37,1:59.07,1:53.65,7/4
123,78,2025,5,31,長水路,個人,2,200m自由形,男子,,,,,,40～44歳,2,石井将太,男子,セ・成瀬,2:16.06,,,"30.79,1:04.62,1:39.54",,,,,,2:07.37,1:59.07,1:53.65,6/4
124,78,2025,5,31,長水路,個人,2,200m自由形,男子,,,,,,40～44歳,3,前田崇行,男子,セ・二俣川,2:23.07,,,"31.69,1:08.51,1:46.17",,,,,,2:07.37,1:59.07,1:53.65,7/10
125,78,2025,5,31,長水路,個人,2,200m自由形,男子,,,,,,40～44歳,4,小田島丈典,男子,セ・福生,2:42.83,,,"36.56,1:17.73,2:01.11",,,,,,2:07.37,1:59.07,1:53.65,5/10
126,78,2025,5,31,長水路,個人,2,200m自由形,男子,,,,,,35～39歳,1,岩本和也,男子,セ・志木,2:13.23,,,"30.95,1:04.01,1:38.49",,,,,,2:03.40,1:51.84,1:51.84,7/6
127,78,2025,5,31,長水路,個人,2,200m自由形,男子,,,,,,35～39歳,2,角田渉,男子,セ・大森,3:09.46,,,"40.38,1:26.89,2:17.65",,,,,,2:03.40,1:51.84,1:51.84,3/5
128,78,2025,5,31,長水路,個人,2,200m自由形,男子,,,,,,30～34歳,1,小野健,男子,セ・天王洲,2:10.36,,,"29.97,1:02.33,1:36.36",,,,,,2:03.39,1:54.32,1:49.56,7/7
129,78,2025,5,31,長水路,個人,2,200m自由形,男子,,,,,,30～34歳,2,土屋大貴,男子,セ・平塚,2:19.54,,,"31.01,1:05.78,1:42.25",,,,,,2:03.39,1:54.32,1:49.56,6/6
130,78,2025,5,31,長水路,個人,2,200m自由形,男子,,,,,,30～34歳,3,成田昌記,男子,セ・二俣川,2:22.42,,,"29.68,1:05.81,1:44.40",,,,,,2:03.39,1:54.32,1:49.56,4/1
131,78,2025,5,31,長水路,個人,2,200m自由形,男子,,,,,,30～34歳,4,山田義明,男子,セ・おおたか,3:01.47,,,"40.02,1:25.63,2:14.99",,,,,,2:03.39,1:54.32,1:49.56,3/6
132,78,2025,5,31,長水路,個人,2,200m自由形,男子,,,,,,25～29歳,1,中島大賀,男子,セ・市川,2:05.70,,,"28.63,1:00.82,1:33.48",,,,,,2:02.30,1:53.81,1:50.76,7/5
133,78,2025,5,31,長水路,個人,2,200m自由形,男子,,,,,,25～29歳,2,神戸優悠希,男子,セ・茂原,2:10.49,,,"29.39,1:01.96,1:36.24",,,,,,2:02.30,1:53.81,1:50.76,7/3
134,78,2025,5,31,長水路,個人,2,200m自由形,男子,,,,,,25～29歳,3,柿沼龍史,男子,セ・成城,2:15.69,,,"31.06,1:05.67,1:41.03",,,,,,2:02.30,1:53.81,1:50.76,6/3
135,78,2025,5,31,長水路,個人,2,200m自由形,男子,,,,,,25～29歳,4,加納聖士,男子,セ・葛西,2:27.92,,,"31.38,1:06.77,1:46.67",,,,,,2:02.30,1:53.81,1:50.76,4/10
136,78,2025,5,31,長水路,個人,2,200m自由形,男子,,,,,,18～24歳,1,服部碧,男子,セ・成城,2:04.53,,,"29.57,1:02.41,1:34.23",,,,,,1:55.00,,,7/2
137,78,2025,5,31,長水路,個人,2,200m自由形,男子,,,,,,18～24歳,2,黒田大介,男子,セ・成城,2:09.19,,,"28.83,1:00.60,1:34.54",,,,,,1:55.00,,,7/8
138,78,2025,5,31,長水路,個人,2,200m自由形,男子,,,,,,18～24歳,3,都築クラウディオ佑亮,男子,セ・おおたか,2:10.66,,,"29.48,1:02.11,1:36.60",,,,,,1:55.00,,,6/7
139,78,2025,5,31,長水路,個人,2,200m自由形,男子,,,,,,18～24歳,4,荒井優吾,男子,セ・成瀬,2:19.01,,,"30.08,1:03.30,1:39.69",,,,,,1:55.00,,,7/1
140,78,2025,5,31,長水路,個人,2,200m自由形,男子,,,,,,18～24歳,5,佐藤汰祐,男子,ザバス鶴見,2:21.35,,,"30.73,1:04.43,1:42.37",,,,,,1:55.00,,,7/9
141,78,2025,5,31,長水路,個人,7,200m個人メドレー,女子,,,,,,80～84歳,1,長谷部征子,女子,セ・八王子,4:39.50,,,"1:04.80,2:08.71,3:31.38",,,,,TRUE,5:04.74,4:07.83,3:47.11,1/7
142,78,2025,5,31,長水路,個人,7,200m個人メドレー,女子,,,,,,75～79歳,1,大山恵子,女子,セ・葛西,3:57.19,,,"47.90,1:57.95,3:06.68",,,,,TRUE,4:01.15,3:32.94,3:21.84,2/7
143,78,2025,5,31,長水路,個人,7,200m個人メドレー,女子,,,,,,70～74歳,1,菅野泰子,女子,セ・葛西,3:27.63,,,"46.84,1:45.37,2:43.75",,,,,TRUE,3:34.64,3:13.19,3:00.96,3/5
144,78,2025,5,31,長水路,個人,7,200m個人メドレー,女子,,,,,,70～74歳,2,瀧下節子,女子,セ・志木,4:20.54,,,"57.67,2:09.99,3:20.71",,,,,,3:34.64,3:13.19,3:00.96,2/9
145,78,2025,5,31,長水路,個人,7,200m個人メドレー,女子,,,,,,70～74歳,3,水谷裕子,女子,セ・西新井,4:43.13,,,"1:09.24,2:23.94,3:40.22",,,,,,3:34.64,3:13.19,3:00.96,1/5
146,78,2025,5,31,長水路,個人,7,200m個人メドレー,女子,,,,,,70～74歳,4,木村恵子,女子,セ・越谷,4:55.40,,,"1:03.35,2:19.49,3:42.31",,,,,,3:34.64,3:13.19,3:00.96,1/8
147,78,2025,5,31,長水路,個人,7,200m個人メドレー,女子,,,,,,70～74歳,5,松木真知子,女子,セ・ときわ台,5:00.72,,,"1:13.17,2:33.56,3:47.90",,,,,,3:34.64,3:13.19,3:00.96,1/2
148,78,2025,5,31,長水路,個人,7,200m個人メドレー,女子,,,,,,70～74歳,,大熊正子,女子,セ・桶川北本,,,,,,,,,,3:34.64,3:13.19,3:00.96,1/4
149,78,2025,5,31,長水路,個人,7,200m個人メドレー,女子,,,,,,65～69歳,1,森谷登志江,女子,セ・慶應日吉,3:46.89,,,"53.43,1:52.80,2:56.85",,,,,,3:33.12,3:06.57,2:51.52,3/7
150,78,2025,5,31,長水路,個人,7,200m個人メドレー,女子,,,,,,65～69歳,2,井手敦子,女子,セ・慶應日吉,3:50.18,,,"53.95,1:53.84,3:00.95",,,,,,3:33.12,3:06.57,2:51.52,3/8
151,78,2025,5,31,長水路,個人,7,200m個人メドレー,女子,,,,,,65～69歳,3,育村博子,女子,セ・おおたか,4:03.84,,,"1:00.88,2:07.39,3:12.56",,,,,,3:33.12,3:06.57,2:51.52,2/4
152,78,2025,5,31,長水路,個人,7,200m個人メドレー,女子,,,,,,65～69歳,4,久松葉子,女子,セ・成瀬,4:16.16,,,"1:09.18,2:14.91,3:23.43",,,,,,3:33.12,3:06.57,2:51.52,2/3
153,78,2025,5,31,長水路,個人,7,200m個人メドレー,女子,,,,,,65～69歳,5,太田初美,女子,セ・越谷,4:31.68,,,"59.30,2:10.38,3:20.98",,,,,,3:33.12,3:06.57,2:51.52,1/6
154,78,2025,5,31,長水路,個人,7,200m個人メドレー,女子,,,,,,65～69歳,,近藤みゆき,女子,セ・阿佐谷,,,,,,,,,,3:33.12,3:06.57,2:51.52,1/3
155,78,2025,5,31,長水路,個人,7,200m個人メドレー,女子,,,,,,65～69歳,,嶋田陽子,女子,セ・市ヶ尾,,,,,,,,,,3:33.12,3:06.57,2:51.52,2/5
156,78,2025,5,31,長水路,個人,7,200m個人メドレー,女子,,,,,,60～64歳,1,若林朋子,女子,セ・大宮宮原,3:08.52,,,"36.25,1:29.55,2:27.05",,,,,TRUE,3:20.19,2:57.05,2:32.30,4/7
157,78,2025,5,31,長水路,個人,7,200m個人メドレー,女子,,,,,,60～64歳,2,田中貴子,女子,セ・清瀬,3:13.23,,,"41.63,1:33.19,2:29.38",,,,,TRUE,3:20.19,2:57.05,2:32.30,4/3
158,78,2025,5,31,長水路,個人,7,200m個人メドレー,女子,,,,,,60～64歳,3,野島久枝,女子,セ・二俣川,3:23.07,,,"47.61,1:41.64,2:36.93",,,,,,3:20.19,2:57.05,2:32.30,4/9
159,78,2025,5,31,長水路,個人,7,200m個人メドレー,女子,,,,,,60～64歳,4,高松早智子,女子,セ・南宇都宮,3:44.05,,,"50.09,1:50.19,2:51.93",,,,,,3:20.19,2:57.05,2:32.30,3/9
160,78,2025,5,31,長水路,個人,7,200m個人メドレー,女子,,,,,,60～64歳,5,盛田真規子,女子,セ・二俣川,4:03.65,,,"58.91,2:01.24,3:10.16",,,,,,3:20.19,2:57.05,2:32.30,2/6
161,78,2025,5,31,長水路,個人,7,200m個人メドレー,女子,,,,,,55～59歳,1,川村佳代子,女子,セ・二俣川,3:27.57,,,"44.68,1:36.39,2:38.80",,,,,,2:51.38,2:48.18,2:31.51,3/4
162,78,2025,5,31,長水路,個人,7,200m個人メドレー,女子,,,,,,55～59歳,2,角南美貴,女子,セ・我孫子,4:02.32,,,"51.05,1:54.58,2:59.40",,,,,,2:51.38,2:48.18,2:31.51,2/8
163,78,2025,5,31,長水路,個人,7,200m個人メドレー,女子,,,,,,55～59歳,3,山口仁子,女子,セ・上池袋,4:35.05,,,"1:07.07,2:27.12,3:43.65",,,,,,2:51.38,2:48.18,2:31.51,2/2
164,78,2025,5,31,長水路,個人,7,200m個人メドレー,女子,,,,,,50～54歳,1,池田百合子,女子,セ・市ヶ尾,2:46.75,,,"33.69,1:17.26,2:06.90",,,,,TRUE,2:54.21,2:39.26,2:31.02,5/3
165,78,2025,5,31,長水路,個人,7,200m個人メドレー,女子,,,,,,50～54歳,2,広瀬百合香,女子,セ・武蔵小杉,3:00.91,,,"38.21,1:24.35,2:19.46",,,,,,2:54.21,2:39.26,2:31.02,4/5
166,78,2025,5,31,長水路,個人,7,200m個人メドレー,女子,,,,,,50～54歳,3,大島江理子,女子,セ・大森,3:28.88,,,"43.44,1:40.58,2:41.96",,,,,,2:54.21,2:39.26,2:31.02,3/6
167,78,2025,5,31,長水路,個人,7,200m個人メドレー,女子,,,,,,50～54歳,4,白須靖子,女子,セ・市ヶ尾,3:40.13,,,"50.20,1:52.14,2:50.41",,,,,,2:54.21,2:39.26,2:31.02,3/2
168,78,2025,5,31,長水路,個人,7,200m個人メドレー,女子,,,,,,50～54歳,5,比留川美緒,女子,セ・平塚,3:40.15,,,"45.69,1:46.29,2:49.15",,,,,,2:54.21,2:39.26,2:31.02,3/1
169,78,2025,5,31,長水路,個人,7,200m個人メドレー,女子,,,,,,45～49歳,1,佐藤桂子,女子,セ・横浜,3:42.93,,,"47.15,1:48.42,2:54.52",,,,,,2:49.83,2:32.81,2:21.37,3/3
170,78,2025,5,31,長水路,個人,7,200m個人メドレー,女子,,,,,,40～44歳,1,中村可奈子,女子,セ・おおたか,3:14.05,,,"39.12,1:28.00,2:23.95",,,,,,2:44.54,2:20.73,2:20.73,4/8
171,78,2025,5,31,長水路,個人,7,200m個人メドレー,女子,,,,,,40～44歳,2,山田未紗子,女子,セ・越谷,3:23.38,,,"43.13,1:38.04,2:35.01",,,,,,2:44.54,2:20.73,2:20.73,4/1
172,78,2025,5,31,長水路,個人,7,200m個人メドレー,女子,,,,,,35～39歳,1,宮下奏子,女子,セ・市ヶ尾,2:54.31,,,"35.92,1:22.68,2:13.45",,,,,,2:39.83,2:21.47,2:21.09,5/7
173,78,2025,5,31,長水路,個人,7,200m個人メドレー,女子,,,,,,35～39歳,2,川北恵,女子,セ・長津田,3:01.75,,,"36.00,1:20.55,2:18.27",,,,,,2:39.83,2:21.47,2:21.09,5/2
174,78,2025,5,31,長水路,個人,7,200m個人メドレー,女子,,,,,,30～34歳,1,松前優里奈,女子,セ・おおたか,2:43.75,,,"35.09,1:18.08,2:06.27",,,,,,2:27.06,2:19.28,2:13.89,5/6
175,78,2025,5,31,長水路,個人,7,200m個人メドレー,女子,,,,,,30～34歳,2,遠藤桃,女子,セ・越谷,2:47.48,,,"33.59,1:18.54,2:05.65",,,,,,2:27.06,2:19.28,2:13.89,5/1
176,78,2025,5,31,長水路,個人,7,200m個人メドレー,女子,,,,,,30～34歳,3,仲田笑美,女子,セ・成城,2:56.71,,,"35.26,1:18.97,2:12.05",,,,,,2:27.06,2:19.28,2:13.89,5/9
177,78,2025,5,31,長水路,個人,7,200m個人メドレー,女子,,,,,,30～34歳,4,長谷ちひろ,女子,セ・茂原,3:31.37,,,"42.02,1:33.63,2:39.03",,,,,,2:27.06,2:19.28,2:13.89,5/10
178,78,2025,5,31,長水路,個人,7,200m個人メドレー,女子,,,,,,30～34歳,5,井上唯,女子,セ・慶應日吉,3:33.11,,,"41.69,1:35.17,2:37.72",,,,,,2:27.06,2:19.28,2:13.89,3/10
179,78,2025,5,31,長水路,個人,7,200m個人メドレー,女子,,,,,,25～29歳,1,竹下菜々美,女子,セ・二俣川,2:49.07,,,"34.36,1:18.55,2:08.98",,,,,,2:30.52,2:20.71,2:20.71,5/8
180,78,2025,5,31,長水路,個人,7,200m個人メドレー,女子,,,,,,25～29歳,2,嶋田菜々子,女子,セ・おおたか,2:55.35,,,"35.43,1:18.98,2:12.93",,,,,,2:30.52,2:20.71,2:20.71,4/4
181,78,2025,5,31,長水路,個人,7,200m個人メドレー,女子,,,,,,25～29歳,3,石井理桜子,女子,セ・市川,3:03.94,,,"36.16,1:24.17,2:18.17",,,,,,2:30.52,2:20.71,2:20.71,4/6
182,78,2025,5,31,長水路,個人,7,200m個人メドレー,女子,,,,,,25～29歳,4,足立知実,女子,セ・平塚,3:25.32,,,"43.49,1:37.17,2:34.73",,,,,,2:30.52,2:20.71,2:20.71,4/2
183,78,2025,5,31,長水路,個人,7,200m個人メドレー,女子,,,,,,25～29歳,5,森谷麻貴,女子,セ・長津田,3:31.06,,,"42.27,1:40.75,2:42.82",,,,,,2:30.52,2:20.71,2:20.71,4/10
184,78,2025,5,31,長水路,個人,7,200m個人メドレー,女子,,,,,,18～24歳,1,竹山睦月,女子,セ・南青山,2:40.01,,,"33.04,1:17.61,2:01.99",,,,,,2:28.28,,,5/5
185,78,2025,5,31,長水路,個人,7,200m個人メドレー,女子,,,,,,18～24歳,2,星野真美,女子,セ・志木,3:19.74,,,"39.17,1:31.07,2:29.03",,,,,,2:28.28,,,5/4
186,78,2025,5,31,長水路,個人,8,200m個人メドレー,男子,,,,,,75～79歳,1,木津誠,男子,セ・成城,3:30.25,,,"44.88,1:43.97,2:45.92",,,,,,3:25.77,3:09.33,2:53.12,2/5
187,78,2025,5,31,長水路,個人,8,200m個人メドレー,男子,,,,,,75～79歳,2,安藤次郎,男子,セ・館山,3:45.47,,,"42.29,1:49.41,2:56.90",,,,,,3:25.77,3:09.33,2:53.12,2/3
188,78,2025,5,31,長水路,個人,8,200m個人メドレー,男子,,,,,,75～79歳,3,白井清嗣,男子,セ・大宮宮原,4:20.79,,,"1:01.15,2:17.62,3:29.02",,,,,,3:25.77,3:09.33,2:53.12,1/3
189,78,2025,5,31,長水路,個人,8,200m個人メドレー,男子,,,,,,75～79歳,4,伴野保志,男子,セ・阿佐谷,5:04.16,,,"1:09.71,2:37.74,3:50.72",,,,,,3:25.77,3:09.33,2:53.12,1/2
190,78,2025,5,31,長水路,個人,8,200m個人メドレー,男子,,,,,,70～74歳,1,吉原一彦,男子,セ・阿佐谷,2:53.07,,,"35.22,1:25.04,2:15.91",,,,,TRUE,3:21.08,2:49.11,2:35.97,5/4
191,78,2025,5,31,長水路,個人,8,200m個人メドレー,男子,,,,,,70～74歳,2,菱沼和男,男子,セ・葛西,4:00.45,,,"57.97,2:02.64,3:11.49",,,,,,3:21.08,2:49.11,2:35.97,1/6
192,78,2025,5,31,長水路,個人,8,200m個人メドレー,男子,,,,,,70～74歳,3,臼井全人,男子,セ・大宮宮原,4:03.97,,,"1:00.83,2:00.95,3:10.37",,,,,,3:21.08,2:49.11,2:35.97,1/4
193,78,2025,5,31,長水路,個人,8,200m個人メドレー,男子,,,,,,65～69歳,1,和田浩一,男子,セ・用賀,2:56.78,,,"36.01,1:21.14,2:14.39",,,,,,2:48.85,2:39.75,2:25.22,4/5
194,78,2025,5,31,長水路,個人,8,200m個人メドレー,男子,,,,,,65～69歳,2,大塚克,男子,セ・市川,3:21.23,,,"42.29,1:40.75,2:36.11",,,,,,2:48.85,2:39.75,2:25.22,3/9
195,78,2025,5,31,長水路,個人,8,200m個人メドレー,男子,,,,,,60～64歳,1,渡部佳彦,男子,セ・市川,2:45.32,,,"33.22,1:16.17,2:05.57",,,,,,2:39.43,2:29.47,2:21.99,5/6
196,78,2025,5,31,長水路,個人,8,200m個人メドレー,男子,,,,,,60～64歳,2,小倉和彦,男子,セ・清瀬,2:50.59,,,"32.78,1:18.15,2:04.26",,,,,,2:39.43,2:29.47,2:21.99,5/8
197,78,2025,5,31,長水路,個人,8,200m個人メドレー,男子,,,,,,60～64歳,3,神尾尚人,男子,セ・市ヶ尾,3:05.50,,,"40.54,1:31.08,2:26.03",,,,,,2:39.43,2:29.47,2:21.99,3/5
198,78,2025,5,31,長水路,個人,8,200m個人メドレー,男子,,,,,,60～64歳,4,兼森伸兒,男子,ザバス八景,3:17.82,,,"41.98,1:39.91,2:29.98",,,,,,2:39.43,2:29.47,2:21.99,3/7
199,78,2025,5,31,長水路,個人,8,200m個人メドレー,男子,,,,,,60～64歳,5,若島健二,男子,セ・二俣川,3:23.70,,,"45.65,1:40.25,2:41.46",,,,,,2:39.43,2:29.47,2:21.99,3/3
200,78,2025,5,31,長水路,個人,8,200m個人メドレー,男子,,,,,,60～64歳,6,小池輝明,男子,セ・武蔵小杉,3:25.51,,,"45.87,1:44.45,2:36.94",,,,,,2:39.43,2:29.47,2:21.99,3/2
201,78,2025,5,31,長水路,個人,8,200m個人メドレー,男子,,,,,,60～64歳,7,小島淳,男子,セ・柏,3:29.26,,,"47.44,1:43.81,2:42.83",,,,,,2:39.43,2:29.47,2:21.99,2/8
202,78,2025,5,31,長水路,個人,8,200m個人メドレー,男子,,,,,,60～64歳,8,横山恵一,男子,セ・越谷,3:31.14,,,"45.60,1:42.24,2:41.89",,,,,,2:39.43,2:29.47,2:21.99,2/4
203,78,2025,5,31,長水路,個人,8,200m個人メドレー,男子,,,,,,60～64歳,9,二宮博,男子,セ・横浜,3:49.63,,,"44.04,1:48.75,2:53.09",,,,,,2:39.43,2:29.47,2:21.99,2/2
204,78,2025,5,31,長水路,個人,8,200m個人メドレー,男子,,,,,,60～64歳,,近江信之,男子,セ・武蔵小杉,,,,,,,,,,2:39.43,2:29.47,2:21.99,3/1
205,78,2025,5,31,長水路,個人,8,200m個人メドレー,男子,,,,,,55～59歳,1,小倉秀和,男子,セ・清瀬,2:46.20,,,"33.09,1:16.33,2:07.16",,,,,,2:36.80,2:26.24,2:20.67,6/9
206,78,2025,5,31,長水路,個人,8,200m個人メドレー,男子,,,,,,55～59歳,2,柄澤英也,男子,セ・用賀,2:51.62,,,"36.19,1:21.17,2:13.50",,,,,,2:36.80,2:26.24,2:20.67,5/9
207,78,2025,5,31,長水路,個人,8,200m個人メドレー,男子,,,,,,55～59歳,3,北村洋一,男子,セ・大森,2:56.35,,,"38.18,1:24.51,2:14.07",,,,,,2:36.80,2:26.24,2:20.67,4/6
208,78,2025,5,31,長水路,個人,8,200m個人メドレー,男子,,,,,,55～59歳,4,町田克浩,男子,セ・大森,2:59.05,,,"36.60,1:24.11,2:18.11",,,,,,2:36.80,2:26.24,2:20.67,4/1
209,78,2025,5,31,長水路,個人,8,200m個人メドレー,男子,,,,,,55～59歳,5,飯田正敏,男子,セ・用賀,3:05.77,,,"36.99,1:28.98,2:22.21",,,,,,2:36.80,2:26.24,2:20.67,4/8
210,78,2025,5,31,長水路,個人,8,200m個人メドレー,男子,,,,,,55～59歳,6,成島毅,男子,セ・F宇都宮,3:06.85,,,"38.26,1:30.53,2:24.58",,,,,,2:36.80,2:26.24,2:20.67,4/10
211,78,2025,5,31,長水路,個人,8,200m個人メドレー,男子,,,,,,55～59歳,7,高田義久,男子,セ・八王子,3:29.52,,,"42.25,1:40.00,2:35.82",,,,,,2:36.80,2:26.24,2:20.67,3/10
212,78,2025,5,31,長水路,個人,8,200m個人メドレー,男子,,,,,,55～59歳,8,福田剛紀,男子,G-SPA,3:58.63,,,"43.29,1:44.81,2:56.24",,,,,,2:36.80,2:26.24,2:20.67,2/6
213,78,2025,5,31,長水路,個人,8,200m個人メドレー,男子,,,,,,55～59歳,9,大木義之,男子,セ・清瀬,3:59.92,,,"51.41,2:02.30,3:12.96",,,,,,2:36.80,2:26.24,2:20.67,1/8
214,78,2025,5,31,長水路,個人,8,200m個人メドレー,男子,,,,,,50～54歳,1,田窪達,男子,セ・市ヶ尾,2:34.48,,,"29.95,1:09.83,1:55.13",,,,,,2:32.41,2:20.54,2:11.15,7/7
215,78,2025,5,31,長水路,個人,8,200m個人メドレー,男子,,,,,,50～54歳,2,大村俊文,男子,セ・二俣川,2:36.95,,,"30.58,1:14.61,1:59.65",,,,,,2:32.41,2:20.54,2:11.15,5/10
216,78,2025,5,31,長水路,個人,8,200m個人メドレー,男子,,,,,,50～54歳,3,土井清孝,男子,ザバス鶴見,2:41.50,,,"33.02,1:15.70,2:04.00",,,,,,2:32.41,2:20.54,2:11.15,6/1
217,78,2025,5,31,長水路,個人,8,200m個人メドレー,男子,,,,,,50～54歳,4,羽田浩一,男子,セ・成城,2:42.70,,,"33.27,1:16.46,2:03.01",,,,,,2:32.41,2:20.54,2:11.15,6/3
218,78,2025,5,31,長水路,個人,8,200m個人メドレー,男子,,,,,,50～54歳,5,小室秀幸,男子,セ・八王子,2:47.95,,,"33.73,1:18.76,2:08.34",,,,,,2:32.41,2:20.54,2:11.15,5/3
219,78,2025,5,31,長水路,個人,8,200m個人メドレー,男子,,,,,,50～54歳,6,磯貝知弘,男子,セ・柏,2:52.02,,,"34.47,1:18.45,2:13.82",,,,,,2:32.41,2:20.54,2:11.15,5/1
220,78,2025,5,31,長水路,個人,8,200m個人メドレー,男子,,,,,,50～54歳,7,平田博之,男子,セ・ときわ台,2:59.64,,,"37.16,1:24.53,2:19.30",,,,,,2:32.41,2:20.54,2:11.15,4/4
221,78,2025,5,31,長水路,個人,8,200m個人メドレー,男子,,,,,,50～54歳,8,祖川久茂,男子,セ・長津田,3:06.25,,,"36.54,1:31.57,2:21.12",,,,,,2:32.41,2:20.54,2:11.15,4/9
222,78,2025,5,31,長水路,個人,8,200m個人メドレー,男子,,,,,,50～54歳,9,阿部友照,男子,セ・東十条,3:09.02,,,"36.93,1:26.38,2:26.63",,,,,,2:32.41,2:20.54,2:11.15,3/6
223,78,2025,5,31,長水路,個人,8,200m個人メドレー,男子,,,,,,50～54歳,10,大沢祐輔,男子,セ・福生,3:09.62,,,"40.56,1:32.44,2:24.43",,,,,,2:32.41,2:20.54,2:11.15,3/8
224,78,2025,5,31,長水路,個人,8,200m個人メドレー,男子,,,,,,50～54歳,11,大川明徳,男子,セ・阿佐谷,3:36.80,,,"41.39,1:42.62,2:49.33",,,,,,2:32.41,2:20.54,2:11.15,2/7
225,78,2025,5,31,長水路,個人,8,200m個人メドレー,男子,,,,,,50～54歳,12,小山邦彦,男子,セ・おおたか,3:37.92,,,"42.58,1:43.39,2:41.75",,,,,,2:32.41,2:20.54,2:11.15,1/5
226,78,2025,5,31,長水路,個人,8,200m個人メドレー,男子,,,,,,50～54歳,,周防和彦,男子,セ・稲毛海岸,,,,,,,,,,2:32.41,2:20.54,2:11.15,6/4
227,78,2025,5,31,長水路,個人,8,200m個人メドレー,男子,,,,,,45～49歳,1,知見邦彦,男子,セ・二俣川,2:34.79,,,"33.33,1:16.55,1:58.81",,,,,,2:19.57,2:16.32,2:10.09,7/10
228,78,2025,5,31,長水路,個人,8,200m個人メドレー,男子,,,,,,45～49歳,2,大作善祥,男子,セ・おおたか,2:45.41,,,"34.64,1:22.76,2:06.18",,,,,,2:19.57,2:16.32,2:10.09,6/10
229,78,2025,5,31,長水路,個人,8,200m個人メドレー,男子,,,,,,45～49歳,3,皆川雅登,男子,セ・大宮宮原,2:52.36,,,"36.39,1:23.48,2:13.42",,,,,,2:19.57,2:16.32,2:10.09,5/2
230,78,2025,5,31,長水路,個人,8,200m個人メドレー,男子,,,,,,45～49歳,4,吉岡範人,男子,セ・市ヶ尾,2:54.76,,,"36.30,1:23.42,2:13.82",,,,,,2:19.57,2:16.32,2:10.09,6/6
231,78,2025,5,31,長水路,個人,8,200m個人メドレー,男子,,,,,,45～49歳,5,齊藤仁,男子,セ・茂原,2:59.36,,,"37.22,1:23.43,2:18.61",,,,,,2:19.57,2:16.32,2:10.09,3/4
232,78,2025,5,31,長水路,個人,8,200m個人メドレー,男子,,,,,,45～49歳,6,浅野亮介,男子,セ・新都心,3:23.07,,,"40.46,1:35.08,2:31.24",,,,,,2:19.57,2:16.32,2:10.09,1/7
233,78,2025,5,31,長水路,個人,8,200m個人メドレー,男子,,,,,,40～44歳,1,棚網宏之,男子,セ・阿佐谷,2:34.75,,,"32.54,1:11.49,1:57.16",,,,,,2:20.44,2:13.76,2:08.63,7/8
234,78,2025,5,31,長水路,個人,8,200m個人メドレー,男子,,,,,,40～44歳,2,図師拓千,男子,セ・市ヶ尾,2:38.65,,,"32.85,1:15.03,2:04.11",,,,,,2:20.44,2:13.76,2:08.63,6/8
235,78,2025,5,31,長水路,個人,8,200m個人メドレー,男子,,,,,,40～44歳,3,浅岡遼,男子,セ・用賀,2:54.49,,,"36.63,1:24.75,2:13.15",,,,,,2:20.44,2:13.76,2:08.63,4/7
236,78,2025,5,31,長水路,個人,8,200m個人メドレー,男子,,,,,,35～39歳,1,立石裕太郎,男子,セ・二俣川,2:24.89,,,"31.10,1:10.52,1:51.51",,,,,,2:17.09,2:08.30,2:05.65,7/5
237,78,2025,5,31,長水路,個人,8,200m個人メドレー,男子,,,,,,35～39歳,2,古川貴章,男子,セ・おおたか,2:32.51,,,"30.82,1:11.46,1:57.11",,,,,,2:17.09,2:08.30,2:05.65,7/1
238,78,2025,5,31,長水路,個人,8,200m個人メドレー,男子,,,,,,35～39歳,3,津守陽介,男子,セ・阿佐谷,2:36.32,,,"30.60,1:11.65,1:55.01",,,,,,2:17.09,2:08.30,2:05.65,7/2
239,78,2025,5,31,長水路,個人,8,200m個人メドレー,男子,,,,,,35～39歳,4,長田裕史,男子,セ・柏,2:37.79,,,"32.52,1:18.70,2:01.45",,,,,,2:17.09,2:08.30,2:05.65,6/5
240,78,2025,5,31,長水路,個人,8,200m個人メドレー,男子,,,,,,35～39歳,5,木村考太,男子,セ・市ヶ尾,2:38.38,,,"33.73,1:17.74,2:00.84",,,,,,2:17.09,2:08.30,2:05.65,5/7
241,78,2025,5,31,長水路,個人,8,200m個人メドレー,男子,,,,,,30～34歳,1,今里昂哉,男子,セ・清瀬,2:20.91,,,"29.31,1:06.46,1:46.49",,,,,,2:17.41,2:07.47,2:02.18,7/6
242,78,2025,5,31,長水路,個人,8,200m個人メドレー,男子,,,,,,30～34歳,2,小野健,男子,セ・天王洲,2:28.66,,,"28.72,1:09.57,1:52.96",,,,,,2:17.41,2:07.47,2:02.18,7/4
243,78,2025,5,31,長水路,個人,8,200m個人メドレー,男子,,,,,,30～34歳,3,前島悠也,男子,セ・葛西,2:30.27,,,"30.64,1:13.02,1:53.95",,,,,,2:17.41,2:07.47,2:02.18,7/9
244,78,2025,5,31,長水路,個人,8,200m個人メドレー,男子,,,,,,30～34歳,4,成田昌記,男子,セ・二俣川,2:42.53,,,"30.22,1:14.52,2:03.45",,,,,,2:17.41,2:07.47,2:02.18,4/3
245,78,2025,5,31,長水路,個人,8,200m個人メドレー,男子,,,,,,25～29歳,1,矢野匠,男子,セ・葛西,3:01.57,,,"34.68,1:22.04,2:16.78",,,,,,2:10.44,2:04.29,2:03.62,5/5
246,78,2025,5,31,長水路,個人,8,200m個人メドレー,男子,,,,,,25～29歳,2,西田壮仁,男子,ザバス藤が丘,3:02.80,,,"37.08,1:28.84,2:20.12",,,,,,2:10.44,2:04.29,2:03.62,4/2
247,78,2025,5,31,長水路,個人,8,200m個人メドレー,男子,,,,,,18～24歳,1,三角一汰,男子,セ・新都心,2:25.93,,,"28.91,1:06.10,1:49.38",,,,,,2:08.80,,,7/3
248,78,2025,5,31,長水路,個人,8,200m個人メドレー,男子,,,,,,18～24歳,2,重高良彦,男子,セ・能見台,2:33.53,,,"30.54,1:12.14,1:56.95",,,,,,2:08.80,,,6/7
249,78,2025,5,31,長水路,個人,8,200m個人メドレー,男子,,,,,,18～24歳,3,山下智也,男子,セ・S湘南台,2:40.40,,,"31.50,1:12.35,1:58.54",,,,,,2:08.80,,,6/2
250,78,2025,5,31,長水路,個人,9,100m自由形,女子,,,,,,85～89歳,1,熊谷一枝,女子,セ・天王洲,2:11.56,,,,,,,,,1:45.73,1:27.42,1:27.42,1/1
251,78,2025,5,31,長水路,個人,9,100m自由形,女子,,,,,,85～89歳,2,平田美佐子,女子,セ・天王洲,2:19.68,,,,,,,,,1:45.73,1:27.42,1:27.42,1/9
252,78,2025,5,31,長水路,個人,9,100m自由形,女子,,,,,,80～84歳,1,安澤イソ子,女子,セ・市ヶ尾,2:01.13,,,,,,,,,1:38.81,1:23.16,1:23.16,1/4
253,78,2025,5,31,長水路,個人,9,100m自由形,女子,,,,,,80～84歳,2,舘野圭子,女子,セ・用賀,2:11.41,,,,,,,,,1:38.81,1:23.16,1:23.16,1/8
254,78,2025,5,31,長水路,個人,9,100m自由形,女子,,,,,,80～84歳,3,久保美紀枝,女子,セ・流山,2:12.47,,,,,,,,,1:38.81,1:23.16,1:23.16,1/3
255,78,2025,5,31,長水路,個人,9,100m自由形,女子,,,,,,80～84歳,4,武藤治子,女子,セ・二俣川,2:13.54,,,,,,,,,1:38.81,1:23.16,1:23.16,1/6
256,78,2025,5,31,長水路,個人,9,100m自由形,女子,,,,,,75～79歳,1,宇田川礼子,女子,セ・我孫子,1:45.63,,,,,,,,,1:36.96,1:19.71,1:17.38,3/1
257,78,2025,5,31,長水路,個人,9,100m自由形,女子,,,,,,75～79歳,2,竹原君枝,女子,セ・慶應日吉,1:48.94,,,,,,,,,1:36.96,1:19.71,1:17.38,5/10
258,78,2025,5,31,長水路,個人,9,100m自由形,女子,,,,,,75～79歳,3,若島多恵子,女子,セ・谷津,1:50.77,,,,,,,,,1:36.96,1:19.71,1:17.38,3/4
259,78,2025,5,31,長水路,個人,9,100m自由形,女子,,,,,,75～79歳,4,浅野美恵子,女子,セ・蒲田,1:51.22,,,,,,,,,1:36.96,1:19.71,1:17.38,4/6
260,78,2025,5,31,長水路,個人,9,100m自由形,女子,,,,,,75～79歳,5,馬場悦子,女子,セ・清瀬,1:56.05,,,,,,,,,1:36.96,1:19.71,1:17.38,3/7
261,78,2025,5,31,長水路,個人,9,100m自由形,女子,,,,,,75～79歳,6,松永タズヨ,女子,セ・おおたか,1:56.88,,,,,,,,,1:36.96,1:19.71,1:17.38,3/10
262,78,2025,5,31,長水路,個人,9,100m自由形,女子,,,,,,75～79歳,7,原田早苗,女子,セ・南千住,2:06.52,,,,,,,,,1:36.96,1:19.71,1:17.38,2/9
263,78,2025,5,31,長水路,個人,9,100m自由形,女子,,,,,,70～74歳,1,原田岳美,女子,セ・藤沢,1:27.36,,,,,,,,,1:21.82,1:14.28,1:06.68,7/6
264,78,2025,5,31,長水路,個人,9,100m自由形,女子,,,,,,70～74歳,2,中平信子,女子,セ・成瀬,1:29.40,,,,,,,,,1:21.82,1:14.28,1:06.68,7/1
265,78,2025,5,31,長水路,個人,9,100m自由形,女子,,,,,,70～74歳,3,近藤ひな子,女子,セ・二俣川,1:32.61,,,,,,,,,1:21.82,1:14.28,1:06.68,6/1
266,78,2025,5,31,長水路,個人,9,100m自由形,女子,,,,,,70～74歳,4,後藤明美,女子,セ・天王洲,1:36.65,,,,,,,,,1:21.82,1:14.28,1:06.68,4/3
267,78,2025,5,31,長水路,個人,9,100m自由形,女子,,,,,,70～74歳,5,相澤史子,女子,セ・松戸,1:42.52,,,,,,,,,1:21.82,1:14.28,1:06.68,5/2
268,78,2025,5,31,長水路,個人,9,100m自由形,女子,,,,,,70～74歳,6,戸倉陽子,女子,セ・慶應日吉,1:56.48,,,,,,,,,1:21.82,1:14.28,1:06.68,3/8
269,78,2025,5,31,長水路,個人,9,100m自由形,女子,,,,,,70～74歳,7,富樫博子,女子,セ・大森,1:59.90,,,,,,,,,1:21.82,1:14.28,1:06.68,2/5
270,78,2025,5,31,長水路,個人,9,100m自由形,女子,,,,,,70～74歳,8,中島初美,女子,セ・大森,2:00.38,,,,,,,,,1:21.82,1:14.28,1:06.68,1/7
271,78,2025,5,31,長水路,個人,9,100m自由形,女子,,,,,,70～74歳,9,于亜芝,女子,セ・南千住,2:01.18,,,,,,,,,1:21.82,1:14.28,1:06.68,2/2
272,78,2025,5,31,長水路,個人,9,100m自由形,女子,,,,,,70～74歳,10,長谷川節子,女子,セ・天王洲,2:06.57,,,,,,,,,1:21.82,1:14.28,1:06.68,1/5
273,78,2025,5,31,長水路,個人,9,100m自由形,女子,,,,,,70～74歳,,宮内佳代子,女子,セ・トレッサ,,,,,,,,,,1:21.82,1:14.28,1:06.68,2/4
274,78,2025,5,31,長水路,個人,9,100m自由形,女子,,,,,,65～69歳,1,野村洋子,女子,ザバス八景,1:23.86,,,,,,,,,1:18.83,1:13.05,1:04.89,8/8
275,78,2025,5,31,長水路,個人,9,100m自由形,女子,,,,,,65～69歳,2,山﨑京子,女子,セ・横浜,1:29.52,,,,,,,,,1:18.83,1:13.05,1:04.89,7/7
276,78,2025,5,31,長水路,個人,9,100m自由形,女子,,,,,,65～69歳,3,川久保ちづる,女子,ザバス川崎,1:35.34,,,,,,,,,1:18.83,1:13.05,1:04.89,7/10
277,78,2025,5,31,長水路,個人,9,100m自由形,女子,,,,,,65～69歳,4,井上美佐子,女子,セ・大森,1:36.67,,,,,,,,,1:18.83,1:13.05,1:04.89,3/6
278,78,2025,5,31,長水路,個人,9,100m自由形,女子,,,,,,65～69歳,5,石河久美子,女子,セ・溝ノ口,1:38.74,,,,,,,,,1:18.83,1:13.05,1:04.89,6/10
279,78,2025,5,31,長水路,個人,9,100m自由形,女子,,,,,,65～69歳,6,臼井希代子,女子,セ・大宮宮原,1:38.80,,,,,,,,,1:18.83,1:13.05,1:04.89,6/2
280,78,2025,5,31,長水路,個人,9,100m自由形,女子,,,,,,65～69歳,7,古宇田淳子,女子,セ・南千住,1:40.53,,,,,,,,,1:18.83,1:13.05,1:04.89,5/5
281,78,2025,5,31,長水路,個人,9,100m自由形,女子,,,,,,65～69歳,8,石崎節代,女子,セ・南千住,1:41.87,,,,,,,,,1:18.83,1:13.05,1:04.89,5/1
282,78,2025,5,31,長水路,個人,9,100m自由形,女子,,,,,,65～69歳,9,岡田美恵子,女子,セ・溝ノ口,1:43.36,,,,,,,,,1:18.83,1:13.05,1:04.89,4/4
283,78,2025,5,31,長水路,個人,9,100m自由形,女子,,,,,,65～69歳,10,杉山規子,女子,セ・川越,1:44.80,,,,,,,,,1:18.83,1:13.05,1:04.89,4/8
284,78,2025,5,31,長水路,個人,9,100m自由形,女子,,,,,,65～69歳,11,掘口実枝子,女子,セ・トレッサ,1:46.14,,,,,,,,,1:18.83,1:13.05,1:04.89,3/5
285,78,2025,5,31,長水路,個人,9,100m自由形,女子,,,,,,65～69歳,12,松浦敏子,女子,セ・我孫子,1:50.71,,,,,,,,,1:18.83,1:13.05,1:04.89,2/6
286,78,2025,5,31,長水路,個人,9,100m自由形,女子,,,,,,65～69歳,13,鶴﨑緑,女子,セ・トレッサ,1:51.02,,,,,,,,,1:18.83,1:13.05,1:04.89,2/7
287,78,2025,5,31,長水路,個人,9,100m自由形,女子,,,,,,65～69歳,14,宮原美穂,女子,セ・福生,1:59.62,,,,,,,,,1:18.83,1:13.05,1:04.89,2/1
288,78,2025,5,31,長水路,個人,9,100m自由形,女子,,,,,,65～69歳,,田邊和歌子,女子,セ・横浜,,,,,,,,,,1:18.83,1:13.05,1:04.89,4/5
289,78,2025,5,31,長水路,個人,9,100m自由形,女子,,,,,,65～69歳,,桶谷智子,女子,セ・成城,,,,,,,,,,1:18.83,1:13.05,1:04.89,6/5
290,78,2025,5,31,長水路,個人,9,100m自由形,女子,,,,,,60～64歳,1,永瀬秀子,女子,セ・二俣川,1:13.58,,,,,,,,,1:11.31,1:07.47,1:03.70,9/3
291,78,2025,5,31,長水路,個人,9,100m自由形,女子,,,,,,60～64歳,2,早津恵子,女子,セ・越谷,1:21.06,,,,,,,,,1:11.31,1:07.47,1:03.70,9/9
292,78,2025,5,31,長水路,個人,9,100m自由形,女子,,,,,,60～64歳,3,伊藤みどり,女子,セ・能見台,1:24.98,,,,,,,,,1:11.31,1:07.47,1:03.70,8/3
293,78,2025,5,31,長水路,個人,9,100m自由形,女子,,,,,,60～64歳,4,大槻真由美,女子,セ・清瀬,1:26.15,,,,,,,,,1:11.31,1:07.47,1:03.70,7/5
294,78,2025,5,31,長水路,個人,9,100m自由形,女子,,,,,,60～64歳,5,高橋久美,女子,セ・市川,1:28.41,,,,,,,,,1:11.31,1:07.47,1:03.70,8/1
295,78,2025,5,31,長水路,個人,9,100m自由形,女子,,,,,,60～64歳,6,福原美奈,女子,セ・稲毛海岸,1:28.82,,,,,,,,,1:11.31,1:07.47,1:03.70,6/7
296,78,2025,5,31,長水路,個人,9,100m自由形,女子,,,,,,60～64歳,7,野崎由美子,女子,セ・おおたか,1:30.44,,,,,,,,,1:11.31,1:07.47,1:03.70,6/6
297,78,2025,5,31,長水路,個人,9,100m自由形,女子,,,,,,60～64歳,8,高松早智子,女子,セ・南宇都宮,1:30.83,,,,,,,,,1:11.31,1:07.47,1:03.70,6/9
298,78,2025,5,31,長水路,個人,9,100m自由形,女子,,,,,,60～64歳,9,伊藤ゆかり,女子,セ・成城,1:35.23,,,,,,,,,1:11.31,1:07.47,1:03.70,6/4
299,78,2025,5,31,長水路,個人,9,100m自由形,女子,,,,,,60～64歳,10,加藤雅弓,女子,セ・新都心,1:35.59,,,,,,,,,1:11.31,1:07.47,1:03.70,5/6
300,78,2025,5,31,長水路,個人,9,100m自由形,女子,,,,,,60～64歳,11,山中恵子,女子,セ・桶川北本,1:36.35,,,,,,,,,1:11.31,1:07.47,1:03.70,6/3
301,78,2025,5,31,長水路,個人,9,100m自由形,女子,,,,,,60～64歳,12,山本登美子,女子,セ・桶川北本,1:43.30,,,,,,,,,1:11.31,1:07.47,1:03.70,5/8
302,78,2025,5,31,長水路,個人,9,100m自由形,女子,,,,,,60～64歳,13,佐々木れい,女子,セ・志木,1:44.99,,,,,,,,,1:11.31,1:07.47,1:03.70,4/2
303,78,2025,5,31,長水路,個人,9,100m自由形,女子,,,,,,60～64歳,14,佐々木政子,女子,セ・大森,1:53.60,,,,,,,,,1:11.31,1:07.47,1:03.70,2/3
304,78,2025,5,31,長水路,個人,9,100m自由形,女子,,,,,,60～64歳,15,飯田美奈子,女子,セ・西新井,2:15.47,,,,,,,,,1:11.31,1:07.47,1:03.70,1/2
305,78,2025,5,31,長水路,個人,9,100m自由形,女子,,,,,,55～59歳,1,前畑章子,女子,セ・慶應日吉,1:17.30,,,,,,,,,1:10.06,1:05.21,1:01.87,8/6
306,78,2025,5,31,長水路,個人,9,100m自由形,女子,,,,,,55～59歳,2,石井紀美子,女子,セ・S湘南台,1:19.30,,,,,,,,,1:10.06,1:05.21,1:01.87,9/2
307,78,2025,5,31,長水路,個人,9,100m自由形,女子,,,,,,55～59歳,3,二ノ宮美佳,女子,セ・越谷,1:36.46,,,,,,,,,1:10.06,1:05.21,1:01.87,5/9
308,78,2025,5,31,長水路,個人,9,100m自由形,女子,,,,,,55～59歳,4,鈴木夏実,女子,セ・慶應日吉,1:37.94,,,,,,,,,1:10.06,1:05.21,1:01.87,5/4
309,78,2025,5,31,長水路,個人,9,100m自由形,女子,,,,,,55～59歳,5,佐藤直子,女子,セ・我孫子,1:38.40,,,,,,,,,1:10.06,1:05.21,1:01.87,4/1
310,78,2025,5,31,長水路,個人,9,100m自由形,女子,,,,,,55～59歳,6,森内裕子,女子,セ・天王洲,1:39.39,,,,,,,,,1:10.06,1:05.21,1:01.87,3/2
311,78,2025,5,31,長水路,個人,9,100m自由形,女子,,,,,,55～59歳,7,及川薫,女子,セ・松戸,1:40.07,,,,,,,,,1:10.06,1:05.21,1:01.87,6/8
312,78,2025,5,31,長水路,個人,9,100m自由形,女子,,,,,,55～59歳,8,富樫真樹子,女子,セ・用賀,1:40.10,,,,,,,,,1:10.06,1:05.21,1:01.87,4/9
313,78,2025,5,31,長水路,個人,9,100m自由形,女子,,,,,,55～59歳,9,佐々木夕子,女子,セ・市ヶ尾,1:49.86,,,,,,,,,1:10.06,1:05.21,1:01.87,3/3
314,78,2025,5,31,長水路,個人,9,100m自由形,女子,,,,,,55～59歳,10,日置睦,女子,セ・我孫子,1:54.20,,,,,,,,,1:10.06,1:05.21,1:01.87,3/9
315,78,2025,5,31,長水路,個人,9,100m自由形,女子,,,,,,55～59歳,,小倉直美,女子,セ・清瀬,,,,,,,,,,1:10.06,1:05.21,1:01.87,8/10
316,78,2025,5,31,長水路,個人,9,100m自由形,女子,,,,,,50～54歳,,1友田智哲,女子,セ・南青山,1:16.21,,,,,,,,,1:06.25,1:03.99,1:00.40,9/10
317,78,2025,5,31,長水路,個人,9,100m自由形,女子,,,,,,50～54歳,2,大石里佳,女子,セ・おおたか,1:26.97,,,,,,,,,1:06.25,1:03.99,1:00.40,7/4
318,78,2025,5,31,長水路,個人,9,100m自由形,女子,,,,,,50～54歳,3,成島志雅子,女子,セ・F宇都宮,1:28.77,,,,,,,,,1:06.25,1:03.99,1:00.40,7/8
319,78,2025,5,31,長水路,個人,9,100m自由形,女子,,,,,,50～54歳,4,酒井貴代,女子,セ・大森,1:29.22,,,,,,,,,1:06.25,1:03.99,1:00.40,7/3
320,78,2025,5,31,長水路,個人,9,100m自由形,女子,,,,,,50～54歳,5,小林和江,女子,セ・福生,1:31.85,,,,,,,,,1:06.25,1:03.99,1:00.40,7/9
321,78,2025,5,31,長水路,個人,9,100m自由形,女子,,,,,,50～54歳,6,北瀬あづさ,女子,セ・市ヶ尾,1:34.97,,,,,,,,,1:06.25,1:03.99,1:00.40,5/3
322,78,2025,5,31,長水路,個人,9,100m自由形,女子,,,,,,50～54歳,7,津田千鶴,女子,セ・能見台,1:40.12,,,,,,,,,1:06.25,1:03.99,1:00.40,5/7
323,78,2025,5,31,長水路,個人,9,100m自由形,女子,,,,,,45～49歳,1,佐々木彩,女子,セ・成城,1:11.69,,,,,,,,,1:08.19,1:03.08,57.40,10/1
324,78,2025,5,31,長水路,個人,9,100m自由形,女子,,,,,,45～49歳,2,四井美穂,女子,セ・天王洲,1:16.07,,,,,,,,,1:08.19,1:03.08,57.40,8/5
325,78,2025,5,31,長水路,個人,9,100m自由形,女子,,,,,,45～49歳,3,芳賀加代子,女子,セ・南青山,1:21.26,,,,,,,,,1:08.19,1:03.08,57.40,8/7
326,78,2025,5,31,長水路,個人,9,100m自由形,女子,,,,,,45～49歳,4,小室桃子,女子,セ・八王子,1:22.83,,,,,,,,,1:08.19,1:03.08,57.40,9/1
327,78,2025,5,31,長水路,個人,9,100m自由形,女子,,,,,,45～49歳,5,細沼悦子,女子,セ・越谷,1:23.78,,,,,,,,,1:08.19,1:03.08,57.40,7/2
328,78,2025,5,31,長水路,個人,9,100m自由形,女子,,,,,,45～49歳,6,福本麻美,女子,セ・慶應日吉,1:24.15,,,,,,,,,1:08.19,1:03.08,57.40,8/4
329,78,2025,5,31,長水路,個人,9,100m自由形,女子,,,,,,45～49歳,7,市川百合子,女子,セ・大宮宮原,1:32.71,,,,,,,,,1:08.19,1:03.08,57.40,2/8
330,78,2025,5,31,長水路,個人,9,100m自由形,女子,,,,,,45～49歳,8,赤坂恵美子,女子,セ・志木,1:44.36,,,,,,,,,1:08.19,1:03.08,57.40,4/10
331,78,2025,5,31,長水路,個人,9,100m自由形,女子,,,,,,40～44歳,1,上沢絵里奈,女子,セ・慶應日吉,1:10.68,,,,,,,,,1:06.24,1:02.15,58.04,10/9
332,78,2025,5,31,長水路,個人,9,100m自由形,女子,,,,,,40～44歳,2,小豆澤和代,女子,セ・慶應日吉,1:12.33,,,,,,,,,1:06.24,1:02.15,58.04,10/10
333,78,2025,5,31,長水路,個人,9,100m自由形,女子,,,,,,40～44歳,3,錦織佳奈子,女子,ザバス川崎,1:18.62,,,,,,,,,1:06.24,1:02.15,58.04,9/8
334,78,2025,5,31,長水路,個人,9,100m自由形,女子,,,,,,40～44歳,4,井島孝子,女子,セ・天王洲,1:34.31,,,,,,,,,1:06.24,1:02.15,58.04,4/7
335,78,2025,5,31,長水路,個人,9,100m自由形,女子,,,,,,40～44歳,,関川晶子,女子,セ・下北沢,,,,,,,,,,1:06.24,1:02.15,58.04,9/4
336,78,2025,5,31,長水路,個人,9,100m自由形,女子,,,,,,30～34歳,1,風間捺央,女子,セ・市川,1:06.17,,,,,,,,,1:03.35,57.76,55.24,10/6
337,78,2025,5,31,長水路,個人,9,100m自由形,女子,,,,,,30～34歳,2,豊島葉子,女子,セ・袖ヶ浦,1:06.56,,,,,,,,,1:03.35,57.76,55.24,10/3
338,78,2025,5,31,長水路,個人,9,100m自由形,女子,,,,,,30～34歳,3,吉田のばら,女子,セ・南千住,1:07.88,,,,,,,,,1:03.35,57.76,55.24,9/6
339,78,2025,5,31,長水路,個人,9,100m自由形,女子,,,,,,30～34歳,4,中山翠,女子,ザバス川崎,1:24.82,,,,,,,,,1:03.35,57.76,55.24,8/2
340,78,2025,5,31,長水路,個人,9,100m自由形,女子,,,,,,25～29歳,1,小林志穂,女子,セ・葛西,1:05.75,,,,,,,,,1:00.50,57.89,56.96,10/4
341,78,2025,5,31,長水路,個人,9,100m自由形,女子,,,,,,25～29歳,2,ニューボールード菜月,女子,セ・柏,1:06.84,,,,,,,,,1:00.50,57.89,56.96,8/9
342,78,2025,5,31,長水路,個人,9,100m自由形,女子,,,,,,25～29歳,3,横溝万波,女子,セ・成瀬,1:08.73,,,,,,,,,1:00.50,57.89,56.96,10/8
343,78,2025,5,31,長水路,個人,9,100m自由形,女子,,,,,,25～29歳,4,丸玖瑠都,女子,セ・成城,1:09.59,,,,,,,,,1:00.50,57.89,56.96,10/7
344,78,2025,5,31,長水路,個人,9,100m自由形,女子,,,,,,25～29歳,5,真如美優,女子,セ・南千住,1:11.28,,,,,,,,,1:00.50,57.89,56.96,10/2
345,78,2025,5,31,長水路,個人,9,100m自由形,女子,,,,,,25～29歳,6,木田景子,女子,セ・平塚,1:11.97,,,,,,,,,1:00.50,57.89,56.96,9/5
346,78,2025,5,31,長水路,個人,9,100m自由形,女子,,,,,,18～24歳,1,岩城心美,女子,セ・武蔵小杉,1:03.73,,,,,,,,,1:01.56,,,10/5
347,78,2025,5,31,長水路,個人,9,100m自由形,女子,,,,,,18～24歳,2,森山稜子,女子,セ・新都心,1:19.45,,,,,,,,,1:01.56,,,9/7
348,78,2025,5,31,長水路,個人,10,100m自由形,男子,,,,,,85～89歳,1,井上隆史,男子,セ・市ヶ尾,1:39.14,,,,,,,,,1:37.90,1:22.25,1:22.25,1/5
349,78,2025,5,31,長水路,個人,10,100m自由形,男子,,,,,,80～84歳,1,中田正二,男子,セ・成城,1:30.62,,,,,,,,,1:27.89,1:08.76,1:08.76,1/8
350,78,2025,5,31,長水路,個人,10,100m自由形,男子,,,,,,75～79歳,1,服部陽一,男子,セ・成瀬,1:34.30,,,,,,,,,1:13.93,1:06.40,1:06.40,2/8
351,78,2025,5,31,長水路,個人,10,100m自由形,男子,,,,,,75～79歳,2,大内洋,男子,セ・葛西,1:42.32,,,,,,,,,1:13.93,1:06.40,1:06.40,1/7
352,78,2025,5,31,長水路,個人,10,100m自由形,男子,,,,,,70～74歳,1,亀田一麿,男子,セ・東戸塚,1:17.54,,,,,,,,,1:11.50,1:03.17,1:03.01,4/5
353,78,2025,5,31,長水路,個人,10,100m自由形,男子,,,,,,70～74歳,2,若宮強,男子,セ・成城,1:24.02,,,,,,,,,1:11.50,1:03.17,1:03.01,5/10
354,78,2025,5,31,長水路,個人,10,100m自由形,男子,,,,,,70～74歳,3,香川左近,男子,セ・二俣川,1:29.22,,,,,,,,,1:11.50,1:03.17,1:03.01,2/5
355,78,2025,5,31,長水路,個人,10,100m自由形,男子,,,,,,70～74歳,4,岸田孝,男子,セ・南青山,1:41.23,,,,,,,,,1:11.50,1:03.17,1:03.01,2/7
356,78,2025,5,31,長水路,個人,10,100m自由形,男子,,,,,,70～74歳,5,松下達一,男子,セ・西新井,1:42.66,,,,,,,,,1:11.50,1:03.17,1:03.01,1/6
357,78,2025,5,31,長水路,個人,10,100m自由形,男子,,,,,,70～74歳,,若月優,男子,セ・横浜,,,,,,,,,,1:11.50,1:03.17,1:03.01,3/5
358,78,2025,5,31,長水路,個人,10,100m自由形,男子,,,,,,65～69歳,1,海辺信吉,男子,セ・おおたか,1:11.31,,,,,,,,,1:05.19,1:02.14,59.49,6/1
359,78,2025,5,31,長水路,個人,10,100m自由形,男子,,,,,,65～69歳,2,岩田寛,男子,セ・慶應日吉,1:18.62,,,,,,,,,1:05.19,1:02.14,59.49,3/7
360,78,2025,5,31,長水路,個人,10,100m自由形,男子,,,,,,65～69歳,3,竹内新,男子,セ・府中,1:24.19,,,,,,,,,1:05.19,1:02.14,59.49,4/10
361,78,2025,5,31,長水路,個人,10,100m自由形,男子,,,,,,65～69歳,4,佐藤信弘,男子,セ・桶川北本,1:28.40,,,,,,,,,1:05.19,1:02.14,59.49,3/3
362,78,2025,5,31,長水路,個人,10,100m自由形,男子,,,,,,65～69歳,5,二宮次郎,男子,セ・南宇都宮,1:28.49,,,,,,,,,1:05.19,1:02.14,59.49,2/4
363,78,2025,5,31,長水路,個人,10,100m自由形,男子,,,,,,65～69歳,6,鈴木義夫,男子,セ・越谷,1:39.44,,,,,,,,,1:05.19,1:02.14,59.49,1/4
364,78,2025,5,31,長水路,個人,10,100m自由形,男子,,,,,,60～64歳,1,早津英哉,男子,セ・越谷,1:07.19,,,,,,,,,1:04.30,1:00.33,57.39,7/2
365,78,2025,5,31,長水路,個人,10,100m自由形,男子,,,,,,60～64歳,2,中村勝,男子,セ・南千住,1:07.44,,,,,,,,,1:04.30,1:00.33,57.39,7/8
366,78,2025,5,31,長水路,個人,10,100m自由形,男子,,,,,,60～64歳,3,山賀勝之,男子,セ・南青山,1:11.71,,,,,,,,,1:04.30,1:00.33,57.39,5/4
367,78,2025,5,31,長水路,個人,10,100m自由形,男子,,,,,,60～64歳,4,池谷千尋,男子,セ・長津田,1:15.82,,,,,,,,,1:04.30,1:00.33,57.39,5/6
368,78,2025,5,31,長水路,個人,10,100m自由形,男子,,,,,,60～64歳,5,二宮淳,男子,セ・トレッサ,1:20.57,,,,,,,,,1:04.30,1:00.33,57.39,4/3
369,78,2025,5,31,長水路,個人,10,100m自由形,男子,,,,,,60～64歳,6,藤井宏哉,男子,セ・松戸,1:21.23,,,,,,,,,1:04.30,1:00.33,57.39,4/6
370,78,2025,5,31,長水路,個人,10,100m自由形,男子,,,,,,60～64歳,7,横山恵一,男子,セ・越谷,1:22.18,,,,,,,,,1:04.30,1:00.33,57.39,4/7
371,78,2025,5,31,長水路,個人,10,100m自由形,男子,,,,,,60～64歳,8,小島淳,男子,セ・柏,1:23.58,,,,,,,,,1:04.30,1:00.33,57.39,2/6
372,78,2025,5,31,長水路,個人,10,100m自由形,男子,,,,,,60～64歳,9,山本和巳,男子,セ・茂原,1:24.53,,,,,,,,,1:04.30,1:00.33,57.39,3/2
373,78,2025,5,31,長水路,個人,10,100m自由形,男子,,,,,,60～64歳,10,二宮博,男子,セ・横浜,1:26.24,,,,,,,,,1:04.30,1:00.33,57.39,3/8
374,78,2025,5,31,長水路,個人,10,100m自由形,男子,,,,,,60～64歳,11,黒川恵一,男子,セ・市ヶ尾,1:34.85,,,,,,,,,1:04.30,1:00.33,57.39,3/1
375,78,2025,5,31,長水路,個人,10,100m自由形,男子,,,,,,60～64歳,12,半澤繁,男子,セ・清瀬,1:48.72,,,,,,,,,1:04.30,1:00.33,57.39,1/3
376,78,2025,5,31,長水路,個人,10,100m自由形,男子,,,,,,60～64歳,,近江信之,男子,セ・武蔵小杉,,,,,,,,,,1:04.30,1:00.33,57.39,4/4
377,78,2025,5,31,長水路,個人,10,100m自由形,男子,,,,,,55～59歳,1,弭間政隆,男子,セ・葛西,1:09.70,,,,,,,,,1:02.48,57.52,55.76,5/7
378,78,2025,5,31,長水路,個人,10,100m自由形,男子,,,,,,55～59歳,2,本間丈博,男子,セ・稲毛海岸,1:14.68,,,,,,,,,1:02.48,57.52,55.76,6/10
379,78,2025,5,31,長水路,個人,10,100m自由形,男子,,,,,,55～59歳,3,加藤寿起,男子,セ・袖ヶ浦,1:18.63,,,,,,,,,1:02.48,57.52,55.76,4/8
380,78,2025,5,31,長水路,個人,10,100m自由形,男子,,,,,,55～59歳,4,吉峯幸郎,男子,セ・用賀,1:19.82,,,,,,,,,1:02.48,57.52,55.76,3/6
381,78,2025,5,31,長水路,個人,10,100m自由形,男子,,,,,,55～59歳,5,温井芳浩,男子,セ・谷津,1:20.82,,,,,,,,,1:02.48,57.52,55.76,2/2
382,78,2025,5,31,長水路,個人,10,100m自由形,男子,,,,,,55～59歳,6,安藤朋邦,男子,セ・南青山,1:22.44,,,,,,,,,1:02.48,57.52,55.76,3/10
383,78,2025,5,31,長水路,個人,10,100m自由形,男子,,,,,,55～59歳,7,大木義之,男子,セ・清瀬,1:25.97,,,,,,,,,1:02.48,57.52,55.76,4/1
384,78,2025,5,31,長水路,個人,10,100m自由形,男子,,,,,,55～59歳,,渡辺章男,男子,セ・阿佐谷,,,,,,,,,,1:02.48,57.52,55.76,2/3
385,78,2025,5,31,長水路,個人,10,100m自由形,男子,,,,,,55～59歳,,楊華,男子,ザバス鶴見,,,,,,,,,,1:02.48,57.52,55.76,5/5
386,78,2025,5,31,長水路,個人,10,100m自由形,男子,,,,,,50～54歳,1,田窪達,男子,セ・市ヶ尾,58.64,,,,,,,,TRUE,1:00.40,53.04,53.04,8/5
387,78,2025,5,31,長水路,個人,10,100m自由形,男子,,,,,,50～54歳,2,畠山雅和,男子,セ・袖ヶ浦,59.21,,,,,,,,TRUE,1:00.40,53.04,53.04,7/6
388,78,2025,5,31,長水路,個人,10,100m自由形,男子,,,,,,50～54歳,3,土井清孝,男子,ザバス鶴見,1:05.15,,,,,,,,,1:00.40,53.04,53.04,7/7
389,78,2025,5,31,長水路,個人,10,100m自由形,男子,,,,,,50～54歳,4,藤本豊和,男子,セ・長津田,1:06.01,,,,,,,,,1:00.40,53.04,53.04,7/9
390,78,2025,5,31,長水路,個人,10,100m自由形,男子,,,,,,50～54歳,5,山田耕一,男子,セ・清瀬,1:08.61,,,,,,,,,1:00.40,53.04,53.04,7/1
391,78,2025,5,31,長水路,個人,10,100m自由形,男子,,,,,,50～54歳,6,藤井清和,男子,セ・武蔵小杉,1:09.52,,,,,,,,,1:00.40,53.04,53.04,6/8
392,78,2025,5,31,長水路,個人,10,100m自由形,男子,,,,,,50～54歳,7,足立晃,男子,セ・新川崎,1:10.17,,,,,,,,,1:00.40,53.04,53.04,6/9
393,78,2025,5,31,長水路,個人,10,100m自由形,男子,,,,,,50～54歳,8,平田博之,男子,セ・ときわ台,1:11.47,,,,,,,,,1:00.40,53.04,53.04,5/2
394,78,2025,5,31,長水路,個人,10,100m自由形,男子,,,,,,50～54歳,9,佐久間毅慶,男子,セ・新都心,1:15.28,,,,,,,,,1:00.40,53.04,53.04,4/2
395,78,2025,5,31,長水路,個人,10,100m自由形,男子,,,,,,50～54歳,10,倉本貴司,男子,セ・東十条,1:15.86,,,,,,,,,1:00.40,53.04,53.04,5/8
396,78,2025,5,31,長水路,個人,10,100m自由形,男子,,,,,,50～54歳,11,前田光輝,男子,セ・おおたか,1:16.86,,,,,,,,,1:00.40,53.04,53.04,5/3
397,78,2025,5,31,長水路,個人,10,100m自由形,男子,,,,,,50～54歳,12,本間智浩,男子,セ・志木,1:22.79,,,,,,,,,1:00.40,53.04,53.04,3/9
398,78,2025,5,31,長水路,個人,10,100m自由形,男子,,,,,,50～54歳,13,小山邦彦,男子,セ・おおたか,1:26.47,,,,,,,,,1:00.40,53.04,53.04,3/4
399,78,2025,5,31,長水路,個人,10,100m自由形,男子,,,,,,50～54歳,,大橋克也,男子,ザバス川崎,,,,,,,,,,1:00.40,53.04,53.04,6/6
400,78,2025,5,31,長水路,個人,10,100m自由形,男子,,,,,,45～49歳,1,野村峰生,男子,セ・大森,1:00.53,,,,,,,,,56.53,52.24,52.24,8/4
401,78,2025,5,31,長水路,個人,10,100m自由形,男子,,,,,,45～49歳,2,北川貴義,男子,セ・阿佐谷,1:01.23,,,,,,,,,56.53,52.24,52.24,8/2
402,78,2025,5,31,長水路,個人,10,100m自由形,男子,,,,,,45～49歳,3,中込孝之,男子,ザバス川崎,1:02.40,,,,,,,,,56.53,52.24,52.24,8/6
403,78,2025,5,31,長水路,個人,10,100m自由形,男子,,,,,,45～49歳,4,山内悠,男子,セ・市ヶ尾,1:04.33,,,,,,,,,56.53,52.24,52.24,7/5
404,78,2025,5,31,長水路,個人,10,100m自由形,男子,,,,,,45～49歳,5,西田幸弘,男子,セ・藤沢,1:10.20,,,,,,,,,56.53,52.24,52.24,6/7
405,78,2025,5,31,長水路,個人,10,100m自由形,男子,,,,,,45～49歳,6,小島直政,男子,セ・久喜,1:14.65,,,,,,,,,56.53,52.24,52.24,5/1
406,78,2025,5,31,長水路,個人,10,100m自由形,男子,,,,,,45～49歳,,菅原弘貴,男子,セ・福生,,,,,,,,,,56.53,52.24,52.24,6/2
407,78,2025,5,31,長水路,個人,10,100m自由形,男子,,,,,,40～44歳,1,川瀬健次,男子,セ・大宮宮原,1:01.51,,,,,,,,,56.20,51.21,50.73,8/8
408,78,2025,5,31,長水路,個人,10,100m自由形,男子,,,,,,35～39歳,1,岩本和也,男子,セ・志木,59.81,,,,,,,,,53.85,50.78,50.78,8/7
409,78,2025,5,31,長水路,個人,10,100m自由形,男子,,,,,,35～39歳,2,吉川重行,男子,セ・桶川北本,1:01.56,,,,,,,,,53.85,50.78,50.78,8/9
410,78,2025,5,31,長水路,個人,10,100m自由形,男子,,,,,,35～39歳,3,和田亮,男子,セ・阿佐谷,1:10.10,,,,,,,,,53.85,50.78,50.78,6/5
411,78,2025,5,31,長水路,個人,10,100m自由形,男子,,,,,,35～39歳,4,増田究,男子,セ・平塚,1:16.34,,,,,,,,,53.85,50.78,50.78,5/9
412,78,2025,5,31,長水路,個人,10,100m自由形,男子,,,,,,30～34歳,1,石井孟,男子,セ・葛西,58.39,,,,,,,,,53.90,51.34,49.80,9/4
413,78,2025,5,31,長水路,個人,10,100m自由形,男子,,,,,,30～34歳,2,伊藤孝優,男子,セ・八王子,1:02.71,,,,,,,,,53.90,51.34,49.80,7/4
414,78,2025,5,31,長水路,個人,10,100m自由形,男子,,,,,,30～34歳,3,渡部慎也,男子,セ・大森,1:06.04,,,,,,,,,53.90,51.34,49.80,6/4
415,78,2025,5,31,長水路,個人,10,100m自由形,男子,,,,,,30～34歳,4,寺田遼太,男子,セ・天王洲,1:06.88,,,,,,,,,53.90,51.34,49.80,6/3
416,78,2025,5,31,長水路,個人,10,100m自由形,男子,,,,,,30～34歳,5,山田義明,男子,セ・おおたか,1:23.56,,,,,,,,,53.90,51.34,49.80,4/9
417,78,2025,5,31,長水路,個人,10,100m自由形,男子,,,,,,25～29歳,1,田中壮一郎,男子,セ・二俣川,58.77,,,,,,,,,52.13,50.75,48.72,9/6
418,78,2025,5,31,長水路,個人,10,100m自由形,男子,,,,,,25～29歳,2,木渕大輝,男子,セ・天王洲,58.91,,,,,,,,,52.13,50.75,48.72,9/3
419,78,2025,5,31,長水路,個人,10,100m自由形,男子,,,,,,25～29歳,3,柿沼龍史,男子,セ・成城,59.53,,,,,,,,,52.13,50.75,48.72,8/3
420,78,2025,5,31,長水路,個人,10,100m自由形,男子,,,,,,25～29歳,4,泉翔太,男子,セ・葛西,1:01.37,,,,,,,,,52.13,50.75,48.72,9/8
421,78,2025,5,31,長水路,個人,10,100m自由形,男子,,,,,,25～29歳,5,村上裕哉,男子,セ・南千住,1:01.81,,,,,,,,,52.13,50.75,48.72,8/10
422,78,2025,5,31,長水路,個人,10,100m自由形,男子,,,,,,25～29歳,6,星友也,男子,セ・天王洲,1:02.69,,,,,,,,,52.13,50.75,48.72,8/1
423,78,2025,5,31,長水路,個人,10,100m自由形,男子,,,,,,25～29歳,7,武本侑己,男子,セ・青砥,1:02.74,,,,,,,,,52.13,50.75,48.72,9/2
424,78,2025,5,31,長水路,個人,10,100m自由形,男子,,,,,,25～29歳,8,西田壮仁,男子,ザバス藤が丘,1:07.95,,,,,,,,,52.13,50.75,48.72,7/10
425,78,2025,5,31,長水路,個人,10,100m自由形,男子,,,,,,18～24歳,1,菅原啓,男子,セ・慶應日吉,55.94,,,,,,,,,52.11,,,9/5
426,78,2025,5,31,長水路,個人,10,100m自由形,男子,,,,,,18～24歳,2,村田拓斗,男子,セ・長津田,57.25,,,,,,,,,52.11,,,9/1
427,78,2025,5,31,長水路,個人,10,100m自由形,男子,,,,,,18～24歳,3,織戸友宏,男子,セ・葛西,58.68,,,,,,,,,52.11,,,9/9
428,78,2025,5,31,長水路,個人,10,100m自由形,男子,,,,,,18～24歳,4,藤井龍生,男子,セ・横浜,1:00.13,,,,,,,,,52.11,,,9/10
429,78,2025,5,31,長水路,個人,10,100m自由形,男子,,,,,,18～24歳,5,佐藤汰祐,男子,ザバス鶴見,1:02.65,,,,,,,,,52.11,,,9/7
430,78,2025,5,31,長水路,個人,10,100m自由形,男子,,,,,,18～24歳,6,金子智哉,男子,セ・清瀬,1:03.33,,,,,,,,,52.11,,,7/3
431,78,2025,5,31,長水路,個人,13,50m背泳ぎ,女子,,,,,,85～89歳,1,田中もみぢ,女子,セ・おおたか,1:02.72,,,,,,,,,59.14,46.25,46.25,5/5
432,78,2025,5,31,長水路,個人,13,50m背泳ぎ,女子,,,,,,85～89歳,2,須山順子,女子,セ・松戸,1:04.78,,,,,,,,,59.14,46.25,46.25,4/8
433,78,2025,5,31,長水路,個人,13,50m背泳ぎ,女子,,,,,,85～89歳,3,森川タエ子,女子,セ・我孫子,1:12.91,,,,,,,,,59.14,46.25,46.25,1/1
434,78,2025,5,31,長水路,個人,13,50m背泳ぎ,女子,,,,,,80～84歳,1,中村敬子,女子,セ・府中,57.39,,,,,,,,,52.86,43.04,43.04,7/4
435,78,2025,5,31,長水路,個人,13,50m背泳ぎ,女子,,,,,,80～84歳,2,田神洋子,女子,セ・トレッサ,58.37,,,,,,,,,52.86,43.04,43.04,3/6
436,78,2025,5,31,長水路,個人,13,50m背泳ぎ,女子,,,,,,80～84歳,3,舘野圭子,女子,セ・用賀,1:00.02,,,,,,,,,52.86,43.04,43.04,4/5
437,78,2025,5,31,長水路,個人,13,50m背泳ぎ,女子,,,,,,80～84歳,4,内田良子,女子,セ・用賀,1:02.76,,,,,,,,,52.86,43.04,43.04,5/7
438,78,2025,5,31,長水路,個人,13,50m背泳ぎ,女子,,,,,,80～84歳,5,浜野操子,女子,セ・流山,1:06.52,,,,,,,,,52.86,43.04,43.04,1/5
439,78,2025,5,31,長水路,個人,13,50m背泳ぎ,女子,,,,,,80～84歳,6,岡本靖子,女子,セ・慶應日吉,1:06.73,,,,,,,,,52.86,43.04,43.04,4/9
440,78,2025,5,31,長水路,個人,13,50m背泳ぎ,女子,,,,,,80～84歳,7,中田和子,女子,セ・越谷,1:08.07,,,,,,,,,52.86,43.04,43.04,1/7
441,78,2025,5,31,長水路,個人,13,50m背泳ぎ,女子,,,,,,80～84歳,8,小野洋子,女子,セ・我孫子,1:11.64,,,,,,,,,52.86,43.04,43.04,1/4
442,78,2025,5,31,長水路,個人,13,50m背泳ぎ,女子,,,,,,80～84歳,9,相澤和子,女子,セ・久喜,1:14.57,,,,,,,,,52.86,43.04,43.04,2/1
443,78,2025,5,31,長水路,個人,13,50m背泳ぎ,女子,,,,,,80～84歳,10,加藤直子,女子,セ・横浜,1:27.95,,,,,,,,,52.86,43.04,43.04,1/10
444,78,2025,5,31,長水路,個人,13,50m背泳ぎ,女子,,,,,,80～84歳,11,西村咲喜子,女子,セ・志木,1:49.25,,,,,,,,,52.86,43.04,43.04,1/9
445,78,2025,5,31,長水路,個人,13,50m背泳ぎ,女子,,,,,,80～84歳,,川端淑子,女子,セ・天王洲,,,,,,,,,,52.86,43.04,43.04,1/6
446,78,2025,5,31,長水路,個人,13,50m背泳ぎ,女子,,,,,,80～84歳,,三浦実恵子,女子,セ・館山,,,,,,,,,,52.86,43.04,43.04,3/5
447,78,2025,5,31,長水路,個人,13,50m背泳ぎ,女子,,,,,,75～79歳,1,川口栄子,女子,セ・松戸,55.89,,,,,,,,,48.00,40.56,40.08,8/5
448,78,2025,5,31,長水路,個人,13,50m背泳ぎ,女子,,,,,,75～79歳,2,古旗美鈴,女子,セ・上池袋,56.95,,,,,,,,,48.00,40.56,40.08,7/6
449,78,2025,5,31,長水路,個人,13,50m背泳ぎ,女子,,,,,,75～79歳,2,室谷晴江,女子,セ・大森,56.95,,,,,,,,,48.00,40.56,40.08,7/7
450,78,2025,5,31,長水路,個人,13,50m背泳ぎ,女子,,,,,,75～79歳,4,吉田三枝子,女子,墨田区体育館,56.97,,,,,,,,,48.00,40.56,40.08,7/5
451,78,2025,5,31,長水路,個人,13,50m背泳ぎ,女子,,,,,,75～79歳,5,樋口孝子,女子,セ・阿佐谷,59.31,,,,,,,,,48.00,40.56,40.08,3/7
452,78,2025,5,31,長水路,個人,13,50m背泳ぎ,女子,,,,,,75～79歳,6,原田早苗,女子,セ・南千住,59.95,,,,,,,,,48.00,40.56,40.08,5/3
453,78,2025,5,31,長水路,個人,13,50m背泳ぎ,女子,,,,,,75～79歳,7,栗林眞知子,女子,セ・成城,1:00.41,,,,,,,,,48.00,40.56,40.08,6/5
454,78,2025,5,31,長水路,個人,13,50m背泳ぎ,女子,,,,,,75～79歳,8,岡田啓子,女子,セ・桶川北本,1:01.47,,,,,,,,,48.00,40.56,40.08,3/4
455,78,2025,5,31,長水路,個人,13,50m背泳ぎ,女子,,,,,,75～79歳,9,川島かよ子,女子,セ・天王洲,1:02.48,,,,,,,,,48.00,40.56,40.08,5/9
456,78,2025,5,31,長水路,個人,13,50m背泳ぎ,女子,,,,,,75～79歳,10,坂本光子,女子,セ・越谷,1:03.71,,,,,,,,,48.00,40.56,40.08,2/3
457,78,2025,5,31,長水路,個人,13,50m背泳ぎ,女子,,,,,,75～79歳,11,岩塚美恵子,女子,セ・越谷,1:05.41,,,,,,,,,48.00,40.56,40.08,2/8
458,78,2025,5,31,長水路,個人,13,50m背泳ぎ,女子,,,,,,75～79歳,12,松木弘美,女子,セ・志木,1:06.66,,,,,,,,,48.00,40.56,40.08,2/7
459,78,2025,5,31,長水路,個人,13,50m背泳ぎ,女子,,,,,,75～79歳,13,石川和子,女子,セ・我孫子,1:08.73,,,,,,,,,48.00,40.56,40.08,2/4
460,78,2025,5,31,長水路,個人,13,50m背泳ぎ,女子,,,,,,75～79歳,14,栗原羊子,女子,セ・流山,1:13.49,,,,,,,,,48.00,40.56,40.08,2/6
461,78,2025,5,31,長水路,個人,13,50m背泳ぎ,女子,,,,,,75～79歳,15,石村眞理子,女子,セ・新川崎,1:15.31,,,,,,,,,48.00,40.56,40.08,2/5
462,78,2025,5,31,長水路,個人,13,50m背泳ぎ,女子,,,,,,75～79歳,,小島律子,女子,セ・谷津,,,,,,,,,,48.00,40.56,40.08,2/10
463,78,2025,5,31,長水路,個人,13,50m背泳ぎ,女子,,,,,,75～79歳,,後藤節子,女子,セ・松戸,,,,,,,,,,48.00,40.56,40.08,4/10
464,78,2025,5,31,長水路,個人,13,50m背泳ぎ,女子,,,,,,75～79歳,,山本恭子,女子,セ・松戸,,,,,,,,,,48.00,40.56,40.08,6/9
465,78,2025,5,31,長水路,個人,13,50m背泳ぎ,女子,,,,,,70～74歳,1,山本由起子,女子,セ・南千住,48.14,,,,,,,,,45.18,39.67,34.65,12/6
466,78,2025,5,31,長水路,個人,13,50m背泳ぎ,女子,,,,,,70～74歳,2,松村恵子,女子,セ・葛西,50.31,,,,,,,,,45.18,39.67,34.65,11/5
467,78,2025,5,31,長水路,個人,13,50m背泳ぎ,女子,,,,,,70～74歳,3,市野克子,女子,セ・大森,50.39,,,,,,,,,45.18,39.67,34.65,9/7
468,78,2025,5,31,長水路,個人,13,50m背泳ぎ,女子,,,,,,70～74歳,4,石塚孝子,女子,セ・志木,51.53,,,,,,,,,45.18,39.67,34.65,10/9
469,78,2025,5,31,長水路,個人,13,50m背泳ぎ,女子,,,,,,70～74歳,5,水谷裕子,女子,セ・西新井,52.53,,,,,,,,,45.18,39.67,34.65,9/4
470,78,2025,5,31,長水路,個人,13,50m背泳ぎ,女子,,,,,,70～74歳,6,相澤史子,女子,セ・松戸,54.22,,,,,,,,,45.18,39.67,34.65,8/1
471,78,2025,5,31,長水路,個人,13,50m背泳ぎ,女子,,,,,,70～74歳,7,梅田栄己子,女子,セ・天王洲,55.22,,,,,,,,,45.18,39.67,34.65,7/3
472,78,2025,5,31,長水路,個人,13,50m背泳ぎ,女子,,,,,,70～74歳,8,儀保都志子,女子,セ・成城,56.38,,,,,,,,,45.18,39.67,34.65,3/8
473,78,2025,5,31,長水路,個人,13,50m背泳ぎ,女子,,,,,,70～74歳,9,平山啓子,女子,セ・南青山,57.92,,,,,,,,,45.18,39.67,34.65,8/6
474,78,2025,5,31,長水路,個人,13,50m背泳ぎ,女子,,,,,,70～74歳,10,高木保子,女子,セ・おおたか,58.56,,,,,,,,,45.18,39.67,34.65,6/10
475,78,2025,5,31,長水路,個人,13,50m背泳ぎ,女子,,,,,,70～74歳,11,大久保祐美子,女子,セ・おおたか,58.79,,,,,,,,,45.18,39.67,34.65,4/4
476,78,2025,5,31,長水路,個人,13,50m背泳ぎ,女子,,,,,,70～74歳,12,渡辺米子,女子,クリーンスパ,59.10,,,,,,,,,45.18,39.67,34.65,7/10
477,78,2025,5,31,長水路,個人,13,50m背泳ぎ,女子,,,,,,70～74歳,13,岡村悦子,女子,セ・おおたか,1:00.75,,,,,,,,,45.18,39.67,34.65,4/6
478,78,2025,5,31,長水路,個人,13,50m背泳ぎ,女子,,,,,,70～74歳,14,鬼束洋子,女子,セ・天王洲,1:01.79,,,,,,,,,45.18,39.67,34.65,3/2
479,78,2025,5,31,長水路,個人,13,50m背泳ぎ,女子,,,,,,70～74歳,15,畠山眞由美,女子,セ・柏,1:02.14,,,,,,,,,45.18,39.67,34.65,3/1
480,78,2025,5,31,長水路,個人,13,50m背泳ぎ,女子,,,,,,70～74歳,16,池淵玲子,女子,セ・慶應日吉,1:03.00,,,,,,,,,45.18,39.67,34.65,5/8
481,78,2025,5,31,長水路,個人,13,50m背泳ぎ,女子,,,,,,70～74歳,17,若松はる子,女子,セ・松戸,1:04.40,,,,,,,,,45.18,39.67,34.65,6/1
482,78,2025,5,31,長水路,個人,13,50m背泳ぎ,女子,,,,,,70～74歳,18,長谷川節子,女子,セ・天王洲,1:07.43,,,,,,,,,45.18,39.67,34.65,4/7
483,78,2025,5,31,長水路,個人,13,50m背泳ぎ,女子,,,,,,70～74歳,19,池田真木子,女子,セ・阿佐谷,1:07.77,,,,,,,,,45.18,39.67,34.65,3/3
484,78,2025,5,31,長水路,個人,13,50m背泳ぎ,女子,,,,,,70～74歳,20,于亜芝,女子,セ・南千住,1:08.80,,,,,,,,,45.18,39.67,34.65,3/9
485,78,2025,5,31,長水路,個人,13,50m背泳ぎ,女子,,,,,,70～74歳,21,寺西寿賀子,女子,セ・天王洲,1:10.36,,,,,,,,,45.18,39.67,34.65,1/3
486,78,2025,5,31,長水路,個人,13,50m背泳ぎ,女子,,,,,,70～74歳,,大熊正子,女子,セ・桶川北本,,,,,,,,,,45.18,39.67,34.65,8/3
487,78,2025,5,31,長水路,個人,13,50m背泳ぎ,女子,,,,,,70～74歳,,藤田典子,女子,セ・川越,,,,,,,,,,45.18,39.67,34.65,10/5
488,78,2025,5,31,長水路,個人,13,50m背泳ぎ,女子,,,,,,65～69歳,1,石田良子,女子,セ・越谷,46.90,,,,,,,,,43.31,37.54,33.59,13/5
489,78,2025,5,31,長水路,個人,13,50m背泳ぎ,女子,,,,,,65～69歳,2,田邊和歌子,女子,セ・横浜,47.13,,,,,,,,,43.31,37.54,33.59,13/2
490,78,2025,5,31,長水路,個人,13,50m背泳ぎ,女子,,,,,,65～69歳,3,桶谷智子,女子,セ・成城,48.82,,,,,,,,,43.31,37.54,33.59,11/6
491,78,2025,5,31,長水路,個人,13,50m背泳ぎ,女子,,,,,,65～69歳,4,堀口実枝子,女子,セ・トレッサ,50.77,,,,,,,,,43.31,37.54,33.59,11/7
492,78,2025,5,31,長水路,個人,13,50m背泳ぎ,女子,,,,,,65～69歳,5,森本美恵,女子,セ・松戸,50.89,,,,,,,,,43.31,37.54,33.59,11/4
493,78,2025,5,31,長水路,個人,13,50m背泳ぎ,女子,,,,,,65～69歳,6,嶋田陽子,女子,セ・市ヶ尾,51.05,,,,,,,,,43.31,37.54,33.59,6/7
494,78,2025,5,31,長水路,個人,13,50m背泳ぎ,女子,,,,,,65～69歳,7,片桐万澄,女子,セ・南千住,51.09,,,,,,,,,43.31,37.54,33.59,7/8
495,78,2025,5,31,長水路,個人,13,50m背泳ぎ,女子,,,,,,65～69歳,8,倉林明子,女子,セ・おおたか,51.46,,,,,,,,,43.31,37.54,33.59,9/5
496,78,2025,5,31,長水路,個人,13,50m背泳ぎ,女子,,,,,,65～69歳,9,岡田美恵子,女子,セ・溝ノ口,51.74,,,,,,,,,43.31,37.54,33.59,9/2
497,78,2025,5,31,長水路,個人,13,50m背泳ぎ,女子,,,,,,65～69歳,10,櫻田琴,女子,セ・天王洲,51.89,,,,,,,,,43.31,37.54,33.59,10/3
498,78,2025,5,31,長水路,個人,13,50m背泳ぎ,女子,,,,,,65～69歳,11,石崎節代,女子,セ・南千住,52.75,,,,,,,,,43.31,37.54,33.59,10/7
499,78,2025,5,31,長水路,個人,13,50m背泳ぎ,女子,,,,,,65～69歳,12,酒谷真砂子,女子,セ・戸塚,53.81,,,,,,,,,43.31,37.54,33.59,8/10
500,78,2025,5,31,長水路,個人,13,50m背泳ぎ,女子,,,,,,65～69歳,13,小笠原京子,女子,セ・流山,54.06,,,,,,,,,43.31,37.54,33.59,6/6
501,78,2025,5,31,長水路,個人,13,50m背泳ぎ,女子,,,,,,65～69歳,14,光畑千栄子,女子,セ・成瀬,55.00,,,,,,,,,43.31,37.54,33.59,9/3
502,78,2025,5,31,長水路,個人,13,50m背泳ぎ,女子,,,,,,65～69歳,15,原昌代,女子,セ・市ヶ尾,55.28,,,,,,,,,43.31,37.54,33.59,10/10
503,78,2025,5,31,長水路,個人,13,50m背泳ぎ,女子,,,,,,65～69歳,16,掃部典子,女子,曽谷・セ,55.92,,,,,,,,,43.31,37.54,33.59,9/1
504,78,2025,5,31,長水路,個人,13,50m背泳ぎ,女子,,,,,,65～69歳,17,松本知世子,女子,セ・福島,55.96,,,,,,,,,43.31,37.54,33.59,6/3
505,78,2025,5,31,長水路,個人,13,50m背泳ぎ,女子,,,,,,65～69歳,18,秦和加子,女子,セ・新川崎,57.02,,,,,,,,,43.31,37.54,33.59,4/3
506,78,2025,5,31,長水路,個人,13,50m背泳ぎ,女子,,,,,,65～69歳,19,原田由美子,女子,セ・慶應日吉,58.29,,,,,,,,,43.31,37.54,33.59,7/9
507,78,2025,5,31,長水路,個人,13,50m背泳ぎ,女子,,,,,,65～69歳,20,臼井希代子,女子,セ・大宮宮原,59.16,,,,,,,,,43.31,37.54,33.59,7/1
508,78,2025,5,31,長水路,個人,13,50m背泳ぎ,女子,,,,,,65～69歳,21,須田菜奈子,女子,セ・桶川北本,1:04.53,,,,,,,,,43.31,37.54,33.59,5/4
509,78,2025,5,31,長水路,個人,13,50m背泳ぎ,女子,,,,,,65～69歳,22,仲澤敦子,女子,セ・柏,1:08.50,,,,,,,,,43.31,37.54,33.59,6/4
510,78,2025,5,31,長水路,個人,13,50m背泳ぎ,女子,,,,,,65～69歳,,宮田ひとみ,女子,セ・阿佐谷,,,,,,,,,,43.31,37.54,33.59,2/2
511,78,2025,5,31,長水路,個人,13,50m背泳ぎ,女子,,,,,,65～69歳,,中西トモ子,女子,セ・越谷,,,,,,,,,,43.31,37.54,33.59,4/2
512,78,2025,5,31,長水路,個人,13,50m背泳ぎ,女子,,,,,,65～69歳,,小宮山美芽,女子,セ・天王洲,,,,,,,,,,43.31,37.54,33.59,8/4
513,78,2025,5,31,長水路,個人,13,50m背泳ぎ,女子,,,,,,60～64歳,1,田中貴子,女子,セ・清瀬,41.72,,,,,,,,,36.26,36.26,32.68,14/5
514,78,2025,5,31,長水路,個人,13,50m背泳ぎ,女子,,,,,,60～64歳,2,武井麻知子,女子,セ・二俣川,42.47,,,,,,,,,36.26,36.26,32.68,15/2
515,78,2025,5,31,長水路,個人,13,50m背泳ぎ,女子,,,,,,60～64歳,3,石井菜穂美,女子,セ・市川,45.08,,,,,,,,,36.26,36.26,32.68,15/10
516,78,2025,5,31,長水路,個人,13,50m背泳ぎ,女子,,,,,,60～64歳,4,原磨理,女子,セ・長津田,45.69,,,,,,,,,36.26,36.26,32.68,13/1
517,78,2025,5,31,長水路,個人,13,50m背泳ぎ,女子,,,,,,60～64歳,5,吉川千晶,女子,G-SPA,45.76,,,,,,,,,36.26,36.26,32.68,14/8
518,78,2025,5,31,長水路,個人,13,50m背泳ぎ,女子,,,,,,60～64歳,6,佐藤明美,女子,セ・館山,47.46,,,,,,,,,36.26,36.26,32.68,13/6
519,78,2025,5,31,長水路,個人,13,50m背泳ぎ,女子,,,,,,60～64歳,7,伊藤ゆかり,女子,セ・成城,47.52,,,,,,,,,36.26,36.26,32.68,12/3
520,78,2025,5,31,長水路,個人,13,50m背泳ぎ,女子,,,,,,60～64歳,8,高見沢ゆみ子,女子,セ・慶應日吉,47.74,,,,,,,,,36.26,36.26,32.68,11/3
521,78,2025,5,31,長水路,個人,13,50m背泳ぎ,女子,,,,,,60～64歳,9,座間千鶴子,女子,ザバス八景,47.80,,,,,,,,,36.26,36.26,32.68,13/10
522,78,2025,5,31,長水路,個人,13,50m背泳ぎ,女子,,,,,,60～64歳,10,中野朗子,女子,セ・慶應日吉,47.95,,,,,,,,,36.26,36.26,32.68,12/8
523,78,2025,5,31,長水路,個人,13,50m背泳ぎ,女子,,,,,,60～64歳,11,板谷仁恵,女子,セ・二俣川,48.41,,,,,,,,,36.26,36.26,32.68,11/8
524,78,2025,5,31,長水路,個人,13,50m背泳ぎ,女子,,,,,,60～64歳,12,神保清美,女子,セ・自由が丘,48.73,,,,,,,,,36.26,36.26,32.68,13/9
525,78,2025,5,31,長水路,個人,13,50m背泳ぎ,女子,,,,,,60～64歳,13,田村明美,女子,セ・慶應日吉,48.81,,,,,,,,,36.26,36.26,32.68,10/8
526,78,2025,5,31,長水路,個人,13,50m背泳ぎ,女子,,,,,,60～64歳,14,大槻真由美,女子,セ・清瀬,49.38,,,,,,,,,36.26,36.26,32.68,12/4
527,78,2025,5,31,長水路,個人,13,50m背泳ぎ,女子,,,,,,60～64歳,15,小笠原暁子,女子,セ・清瀬,50.19,,,,,,,,,36.26,36.26,32.68,9/6
528,78,2025,5,31,長水路,個人,13,50m背泳ぎ,女子,,,,,,60～64歳,16,野崎由美子,女子,セ・おおたか,50.26,,,,,,,,,36.26,36.26,32.68,10/1
529,78,2025,5,31,長水路,個人,13,50m背泳ぎ,女子,,,,,,60～64歳,17,吉野ひとみ,女子,セ・松戸,54.64,,,,,,,,,36.26,36.26,32.68,8/8
530,78,2025,5,31,長水路,個人,13,50m背泳ぎ,女子,,,,,,60～64歳,18,小池理恵子,女子,セ・阿佐谷,54.78,,,,,,,,,36.26,36.26,32.68,8/7
531,78,2025,5,31,長水路,個人,13,50m背泳ぎ,女子,,,,,,60～64歳,19,太刀岡早苗,女子,セ・市ヶ尾,54.84,,,,,,,,,36.26,36.26,32.68,9/8
532,78,2025,5,31,長水路,個人,13,50m背泳ぎ,女子,,,,,,60～64歳,20,五十嵐佳澄,女子,セ・阿佐谷,55.69,,,,,,,,,36.26,36.26,32.68,5/1
533,78,2025,5,31,長水路,個人,13,50m背泳ぎ,女子,,,,,,60～64歳,21,加藤雅弓,女子,セ・新都心,58.22,,,,,,,,,36.26,36.26,32.68,6/8
534,78,2025,5,31,長水路,個人,13,50m背泳ぎ,女子,,,,,,60～64歳,22,三木純子,女子,セ・流山,58.92,,,,,,,,,36.26,36.26,32.68,8/9
535,78,2025,5,31,長水路,個人,13,50m背泳ぎ,女子,,,,,,60～64歳,23,菊池佐千代,女子,セ・流山,1:03.32,,,,,,,,,36.26,36.26,32.68,4/1
536,78,2025,5,31,長水路,個人,13,50m背泳ぎ,女子,,,,,,60～64歳,24,前川尚美,女子,セ・F東戸塚,1:17.20,,,,,,,,,36.26,36.26,32.68,2/9
537,78,2025,5,31,長水路,個人,13,50m背泳ぎ,女子,,,,,,55～59歳,1,仲田久美子,女子,セ・成城,39.36,,,,,,,,,35.76,33.60,31.99,16/9
538,78,2025,5,31,長水路,個人,13,50m背泳ぎ,女子,,,,,,55～59歳,2,鈴木和佳奈,女子,セ・桶川北本,39.59,,,,,,,,,35.76,33.60,31.99,16/4
539,78,2025,5,31,長水路,個人,13,50m背泳ぎ,女子,,,,,,55～59歳,3,川村佳代子,女子,セ・二俣川,41.75,,,,,,,,,35.76,33.60,31.99,16/10
540,78,2025,5,31,長水路,個人,13,50m背泳ぎ,女子,,,,,,55～59歳,4,八尋加苗,女子,セ・松戸,44.15,,,,,,,,,35.76,33.60,31.99,14/9
541,78,2025,5,31,長水路,個人,13,50m背泳ぎ,女子,,,,,,55～59歳,5,武部友美子,女子,セ・東戸塚,45.10,,,,,,,,,35.76,33.60,31.99,14/3
542,78,2025,5,31,長水路,個人,13,50m背泳ぎ,女子,,,,,,55～59歳,6,佐藤洋子,女子,セ・成城,45.46,,,,,,,,,35.76,33.60,31.99,13/7
543,78,2025,5,31,長水路,個人,13,50m背泳ぎ,女子,,,,,,55～59歳,7,森川佳奈子,女子,クリーンスパ,48.08,,,,,,,,,35.76,33.60,31.99,12/2
544,78,2025,5,31,長水路,個人,13,50m背泳ぎ,女子,,,,,,55～59歳,8,小林のぞみ,女子,セ・越谷,48.38,,,,,,,,,35.76,33.60,31.99,13/4
545,78,2025,5,31,長水路,個人,13,50m背泳ぎ,女子,,,,,,55～59歳,9,捶井泰子,女子,セ・用賀,48.39,,,,,,,,,35.76,33.60,31.99,13/3
546,78,2025,5,31,長水路,個人,13,50m背泳ぎ,女子,,,,,,55～59歳,10,松川律子,女子,セ・二俣川,50.65,,,,,,,,,35.76,33.60,31.99,10/4
547,78,2025,5,31,長水路,個人,13,50m背泳ぎ,女子,,,,,,55～59歳,11,大野結実,女子,セ・横浜,51.20,,,,,,,,,35.76,33.60,31.99,11/2
548,78,2025,5,31,長水路,個人,13,50m背泳ぎ,女子,,,,,,55～59歳,12,レントフェルト慶子,女子,セ・清瀬,51.65,,,,,,,,,35.76,33.60,31.99,10/6
549,78,2025,5,31,長水路,個人,13,50m背泳ぎ,女子,,,,,,55～59歳,13,山田智子,女子,セ・慶應日吉,54.92,,,,,,,,,35.76,33.60,31.99,6/2
550,78,2025,5,31,長水路,個人,13,50m背泳ぎ,女子,,,,,,55～59歳,14,阿部のぞみ,女子,セ・二俣川,54.97,,,,,,,,,35.76,33.60,31.99,7/2
551,78,2025,5,31,長水路,個人,13,50m背泳ぎ,女子,,,,,,55～59歳,15,雨宮裕子,女子,セ・大宮宮原,59.40,,,,,,,,,35.76,33.60,31.99,1/2
552,78,2025,5,31,長水路,個人,13,50m背泳ぎ,女子,,,,,,55～59歳,16,古平正美,女子,セ・清瀬,1:03.59,,,,,,,,,35.76,33.60,31.99,5/2
553,78,2025,5,31,長水路,個人,13,50m背泳ぎ,女子,,,,,,55～59歳,17,日置睦,女子,セ・我孫子,1:04.35,,,,,,,,,35.76,33.60,31.99,5/6
554,78,2025,5,31,長水路,個人,13,50m背泳ぎ,女子,,,,,,55～59歳,18,植草美香子,女子,セ・横浜,1:08.46,,,,,,,,,35.76,33.60,31.99,1/8
555,78,2025,5,31,長水路,個人,13,50m背泳ぎ,女子,,,,,,50～54歳,1,浅尾有香,女子,セ・大森,36.32,,,,,,,,,32.51,32.51,31.59,17/2
556,78,2025,5,31,長水路,個人,13,50m背泳ぎ,女子,,,,,,50～54歳,2,梅澤亮子,女子,セ・桶川北本,36.56,,,,,,,,,32.51,32.51,31.59,17/3
557,78,2025,5,31,長水路,個人,13,50m背泳ぎ,女子,,,,,,50～54歳,3,木村美佐子,女子,セ・南宇都宮,39.27,,,,,,,,,32.51,32.51,31.59,16/6
558,78,2025,5,31,長水路,個人,13,50m背泳ぎ,女子,,,,,,50～54歳,4,棚網恵理,女子,セ・阿佐谷,40.75,,,,,,,,,32.51,32.51,31.59,16/1
559,78,2025,5,31,長水路,個人,13,50m背泳ぎ,女子,,,,,,50～54歳,5,大橋ほづ美,女子,セ・清瀬,40.87,,,,,,,,,32.51,32.51,31.59,16/8
560,78,2025,5,31,長水路,個人,13,50m背泳ぎ,女子,,,,,,50～54歳,6,杉本浩美,女子,セ・南千住,41.40,,,,,,,,,32.51,32.51,31.59,15/7
561,78,2025,5,31,長水路,個人,13,50m背泳ぎ,女子,,,,,,50～54歳,7,河原和世,女子,セ・戸塚,41.60,,,,,,,,,32.51,32.51,31.59,15/8
562,78,2025,5,31,長水路,個人,13,50m背泳ぎ,女子,,,,,,50～54歳,8,吉岡智子,女子,セ・新都心,43.80,,,,,,,,,32.51,32.51,31.59,14/6
563,78,2025,5,31,長水路,個人,13,50m背泳ぎ,女子,,,,,,50～54歳,9,高橋麻子,女子,セ・市ヶ尾,43.91,,,,,,,,,32.51,32.51,31.59,14/4
564,78,2025,5,31,長水路,個人,13,50m背泳ぎ,女子,,,,,,50～54歳,10,鈴木由佳里,女子,セ・天王洲,44.25,,,,,,,,,32.51,32.51,31.59,15/3
565,78,2025,5,31,長水路,個人,13,50m背泳ぎ,女子,,,,,,50～54歳,11,北瀬あづさ,女子,セ・市ヶ尾,47.41,,,,,,,,,32.51,32.51,31.59,11/9
566,78,2025,5,31,長水路,個人,13,50m背泳ぎ,女子,,,,,,50～54歳,12,小林和江,女子,セ・福生,48.76,,,,,,,,,32.51,32.51,31.59,12/5
567,78,2025,5,31,長水路,個人,13,50m背泳ぎ,女子,,,,,,50～54歳,13,磯村麻衣子,女子,セ・上池袋,51.88,,,,,,,,,32.51,32.51,31.59,5/10
568,78,2025,5,31,長水路,個人,13,50m背泳ぎ,女子,,,,,,50～54歳,14,糸川永利子,女子,セ・用賀,52.39,,,,,,,,,32.51,32.51,31.59,12/7
569,78,2025,5,31,長水路,個人,13,50m背泳ぎ,女子,,,,,,50～54歳,15,村岡貴子,女子,セ・桶川北本,54.26,,,,,,,,,32.51,32.51,31.59,8/2
570,78,2025,5,31,長水路,個人,13,50m背泳ぎ,女子,,,,,,50～54歳,16,小川史枝,女子,セ・越谷LT,56.64,,,,,,,,,32.51,32.51,31.59,9/9
571,78,2025,5,31,長水路,個人,13,50m背泳ぎ,女子,,,,,,50～54歳,17,久保洋子,女子,セ・流山,1:15.81,,,,,,,,,32.51,32.51,31.59,3/10
572,78,2025,5,31,長水路,個人,13,50m背泳ぎ,女子,,,,,,45～49歳,1,坂本桃枝,女子,G-SPA,37.37,,,,,,,,,34.69,31.38,31.02,16/5
573,78,2025,5,31,長水路,個人,13,50m背泳ぎ,女子,,,,,,45～49歳,2,遠藤真理,女子,セ・袖ヶ浦,40.54,,,,,,,,,34.69,31.38,31.02,17/9
574,78,2025,5,31,長水路,個人,13,50m背泳ぎ,女子,,,,,,45～49歳,3,宇田川美穂,女子,セ・天王洲,43.06,,,,,,,,,34.69,31.38,31.02,14/1
575,78,2025,5,31,長水路,個人,13,50m背泳ぎ,女子,,,,,,45～49歳,4,草野茜,女子,セ・二俣川,43.24,,,,,,,,,34.69,31.38,31.02,14/7
576,78,2025,5,31,長水路,個人,13,50m背泳ぎ,女子,,,,,,45～49歳,5,兵頭和子,女子,セ・成瀬,43.43,,,,,,,,,34.69,31.38,31.02,15/9
577,78,2025,5,31,長水路,個人,13,50m背泳ぎ,女子,,,,,,45～49歳,6,小高麻衣子,女子,セ・市川,44.66,,,,,,,,,34.69,31.38,31.02,14/2
578,78,2025,5,31,長水路,個人,13,50m背泳ぎ,女子,,,,,,45～49歳,7,貞廣瑠美子,女子,セ・上池袋,45.25,,,,,,,,,34.69,31.38,31.02,11/1
579,78,2025,5,31,長水路,個人,13,50m背泳ぎ,女子,,,,,,45～49歳,8,吉田瑠夏,女子,曽谷・セ,49.88,,,,,,,,,34.69,31.38,31.02,12/9
580,78,2025,5,31,長水路,個人,13,50m背泳ぎ,女子,,,,,,45～49歳,9,宮林佑妃,女子,セ・長津田,54.62,,,,,,,,,34.69,31.38,31.02,11/10
581,78,2025,5,31,長水路,個人,13,50m背泳ぎ,女子,,,,,,45～49歳,10,下山雅子,女子,セ・茂原,54.94,,,,,,,,,34.69,31.38,31.02,12/10
582,78,2025,5,31,長水路,個人,13,50m背泳ぎ,女子,,,,,,45～49歳,,清水佳苗,女子,曽谷・セ,,,,,,,,,,34.69,31.38,31.02,12/1
583,78,2025,5,31,長水路,個人,13,50m背泳ぎ,女子,,,,,,40～44歳,1,永田加那子,女子,セ・葛西,36.99,,,,,,,,,34.00,31.04,29.62,17/8
584,78,2025,5,31,長水路,個人,13,50m背泳ぎ,女子,,,,,,40～44歳,2,宮本八重,女子,セ・慶應日吉,38.53,,,,,,,,,34.00,31.04,29.62,17/1
585,78,2025,5,31,長水路,個人,13,50m背泳ぎ,女子,,,,,,40～44歳,3,大竹昌子,女子,セ・大森,41.93,,,,,,,,,34.00,31.04,29.62,15/6
586,78,2025,5,31,長水路,個人,13,50m背泳ぎ,女子,,,,,,40～44歳,4,岩田愛恵,女子,セ・成城,46.42,,,,,,,,,34.00,31.04,29.62,14/10
587,78,2025,5,31,長水路,個人,13,50m背泳ぎ,女子,,,,,,35～39歳,1,中畑眸,女子,セ・成城,40.45,,,,,,,,,34.03,29.73,28.63,16/7
588,78,2025,5,31,長水路,個人,13,50m背泳ぎ,女子,,,,,,35～39歳,2,萩原ゆりか,女子,セ・天王洲,40.61,,,,,,,,,34.03,29.73,28.63,16/2
589,78,2025,5,31,長水路,個人,13,50m背泳ぎ,女子,,,,,,35～39歳,3,李鎬善,女子,セ・目黒,47.16,,,,,,,,,34.03,29.73,28.63,13/8
590,78,2025,5,31,長水路,個人,13,50m背泳ぎ,女子,,,,,,35～39歳,4,國政玲,女子,セ・南青山,55.72,,,,,,,,,34.03,29.73,28.63,9/10
591,78,2025,5,31,長水路,個人,13,50m背泳ぎ,女子,,,,,,30～34歳,1,小澤有未,女子,セ・長津田,34.77,,,,,,,,,32.95,28.86,28.57,17/10
592,78,2025,5,31,長水路,個人,13,50m背泳ぎ,女子,,,,,,30～34歳,2,仲田笑美,女子,セ・成城,35.86,,,,,,,,,32.95,28.86,28.57,17/4
593,78,2025,5,31,長水路,個人,13,50m背泳ぎ,女子,,,,,,30～34歳,3,角田優佳里,女子,セ・青砥,45.11,,,,,,,,,32.95,28.86,28.57,10/2
594,78,2025,5,31,長水路,個人,13,50m背泳ぎ,女子,,,,,,25～29歳,1,岡澤志織,女子,セ・茂原,32.21,,,,,,,,,31.83,28.99,28.39,17/5
595,78,2025,5,31,長水路,個人,13,50m背泳ぎ,女子,,,,,,25～29歳,2,宮百合恵,女子,セ・阿佐谷,39.87,,,,,,,,,31.83,28.99,28.39,15/4
596,78,2025,5,31,長水路,個人,13,50m背泳ぎ,女子,,,,,,25～29歳,3,山下紗英,女子,セ・S湘南台,40.66,,,,,,,,,31.83,28.99,28.39,16/3
597,78,2025,5,31,長水路,個人,13,50m背泳ぎ,女子,,,,,,18～24歳,1,宮澤緋花留,女子,セ・蒲田,34.71,,,,,,,,,31.94,,,17/6
598,78,2025,5,31,長水路,個人,13,50m背泳ぎ,女子,,,,,,18～24歳,2,松本彩花,女子,セ・二俣川,40.84,,,,,,,,,31.94,,,15/5
599,78,2025,5,31,長水路,個人,13,50m背泳ぎ,女子,,,,,,18～24歳,3,星野真美,女子,セ・志木,40.88,,,,,,,,,31.94,,,17/7
600,78,2025,5,31,長水路,個人,13,50m背泳ぎ,女子,,,,,,18～24歳,4,皆川すみれ,女子,セ・南青山,43.84,,,,,,,,,31.94,,,15/1
601,78,2025,5,31,長水路,個人,14,50m背泳ぎ,男子,,,,,,80～84歳,1,石川守也,男子,セ・市川,52.62,,,,,,,,,42.72,38.16,36.83,2/2
602,78,2025,5,31,長水路,個人,14,50m背泳ぎ,男子,,,,,,80～84歳,2,丸本芳郎,男子,ザバス鶴見,1:05.17,,,,,,,,,42.72,38.16,36.83,1/2
603,78,2025,5,31,長水路,個人,14,50m背泳ぎ,男子,,,,,,75～79歳,1,吉田亮,男子,セ・成城,44.87,,,,,,,,,41.77,36.38,34.45,4/1
604,78,2025,5,31,長水路,個人,14,50m背泳ぎ,男子,,,,,,75～79歳,2,田中信夫,男子,セ・越谷,50.31,,,,,,,,,41.77,36.38,34.45,3/2
605,78,2025,5,31,長水路,個人,14,50m背泳ぎ,男子,,,,,,75～79歳,3,大内洋,男子,セ・葛西,55.36,,,,,,,,,41.77,36.38,34.45,1/6
606,78,2025,5,31,長水路,個人,14,50m背泳ぎ,男子,,,,,,75～79歳,4,松永勝,男子,セ・おおたか,58.78,,,,,,,,,41.77,36.38,34.45,1/7
607,78,2025,5,31,長水路,個人,14,50m背泳ぎ,男子,,,,,,75～79歳,5,神保伸幸,男子,セ・南青山,1:05.71,,,,,,,,,41.77,36.38,34.45,1/9
608,78,2025,5,31,長水路,個人,14,50m背泳ぎ,男子,,,,,,75～79歳,6,岡本孝夫,男子,セ・新川崎,1:05.97,,,,,,,,,41.77,36.38,34.45,1/8
609,78,2025,5,31,長水路,個人,14,50m背泳ぎ,男子,,,,,,70～74歳,1,坂倉雅巳,男子,セ・F東戸塚,40.72,,,,,,,,,39.43,35.83,32.27,5/8
610,78,2025,5,31,長水路,個人,14,50m背泳ぎ,男子,,,,,,70～74歳,2,鈴木幹男,男子,セ・我孫子,43.62,,,,,,,,,39.43,35.83,32.27,4/2
611,78,2025,5,31,長水路,個人,14,50m背泳ぎ,男子,,,,,,70～74歳,3,吉村進,男子,セ・阿佐谷,44.56,,,,,,,,,39.43,35.83,32.27,3/6
612,78,2025,5,31,長水路,個人,14,50m背泳ぎ,男子,,,,,,70～74歳,4,臼井全人,男子,セ・大宮宮原,45.49,,,,,,,,,39.43,35.83,32.27,3/4
613,78,2025,5,31,長水路,個人,14,50m背泳ぎ,男子,,,,,,70～74歳,5,渡邊光洋,男子,セ・福島,47.69,,,,,,,,,39.43,35.83,32.27,2/3
614,78,2025,5,31,長水路,個人,14,50m背泳ぎ,男子,,,,,,70～74歳,6,常山賢二,男子,曽谷・セ,48.72,,,,,,,,,39.43,35.83,32.27,3/9
615,78,2025,5,31,長水路,個人,14,50m背泳ぎ,男子,,,,,,70～74歳,7,古川賢一郎,男子,ザバス川崎,48.76,,,,,,,,,39.43,35.83,32.27,2/7
616,78,2025,5,31,長水路,個人,14,50m背泳ぎ,男子,,,,,,70～74歳,8,幡場達明,男子,セ・大宮宮原,51.66,,,,,,,,,39.43,35.83,32.27,2/4
617,78,2025,5,31,長水路,個人,14,50m背泳ぎ,男子,,,,,,70～74歳,9,安高祐三,男子,セ・越谷,55.16,,,,,,,,,39.43,35.83,32.27,2/9
618,78,2025,5,31,長水路,個人,14,50m背泳ぎ,男子,,,,,,70～74歳,10,宮崎清,男子,セ・越谷LT,1:00.00,,,,,,,,,39.43,35.83,32.27,1/4
619,78,2025,5,31,長水路,個人,14,50m背泳ぎ,男子,,,,,,70～74歳,,若月優,男子,セ・横浜,,,,,,,,,,39.43,35.83,32.27,3/7
620,78,2025,5,31,長水路,個人,14,50m背泳ぎ,男子,,,,,,65～69歳,1,會田修一,男子,セ・おおたか,38.84,,,,,,,,,38.09,33.24,30.95,5/9
621,78,2025,5,31,長水路,個人,14,50m背泳ぎ,男子,,,,,,65～69歳,2,冨松実,男子,セ・二俣川,39.69,,,,,,,,,38.09,33.24,30.95,4/4
622,78,2025,5,31,長水路,個人,14,50m背泳ぎ,男子,,,,,,65～69歳,3,五十嵐洋,男子,セ・おおたか,45.20,,,,,,,,,38.09,33.24,30.95,2/5
623,78,2025,5,31,長水路,個人,14,50m背泳ぎ,男子,,,,,,65～69歳,4,西森文史郎,男子,セ・長津田,45.73,,,,,,,,,38.09,33.24,30.95,4/10
624,78,2025,5,31,長水路,個人,14,50m背泳ぎ,男子,,,,,,65～69歳,5,岡部浩次,男子,セ・上池袋,54.33,,,,,,,,,38.09,33.24,30.95,1/5
625,78,2025,5,31,長水路,個人,14,50m背泳ぎ,男子,,,,,,65～69歳,6,石井玲二,男子,セ・川越,57.19,,,,,,,,,38.09,33.24,30.95,1/3
626,78,2025,5,31,長水路,個人,14,50m背泳ぎ,男子,,,,,,65～69歳,,堂園徹,男子,セ・天王洲,,,,,,,,,,38.09,33.24,30.95,2/8
627,78,2025,5,31,長水路,個人,14,50m背泳ぎ,男子,,,,,,60～64歳,1,下家成人,男子,セ・二俣川,35.48,,,,,,,,,34.85,31.94,30.40,6/9
628,78,2025,5,31,長水路,個人,14,50m背泳ぎ,男子,,,,,,60～64歳,2,村木満,男子,セ・トレッサ,42.60,,,,,,,,,34.85,31.94,30.40,4/3
629,78,2025,5,31,長水路,個人,14,50m背泳ぎ,男子,,,,,,60～64歳,3,松下尚之,男子,セ・流山,47.46,,,,,,,,,34.85,31.94,30.40,3/1
630,78,2025,5,31,長水路,個人,14,50m背泳ぎ,男子,,,,,,60～64歳,4,浦田昌和,男子,セ・成城,48.95,,,,,,,,,34.85,31.94,30.40,3/8
631,78,2025,5,31,長水路,個人,14,50m背泳ぎ,男子,,,,,,60～64歳,,金田雅之,男子,セ・能見台,,,,,,,,,,34.85,31.94,30.40,3/5
632,78,2025,5,31,長水路,個人,14,50m背泳ぎ,男子,,,,,,55～59歳,1,岡本邦守,男子,セ・川越,35.82,,,,,,,,,33.15,30.09,29.03,6/10
633,78,2025,5,31,長水路,個人,14,50m背泳ぎ,男子,,,,,,55～59歳,2,小倉秀和,男子,セ・清瀬,36.47,,,,,,,,,33.15,30.09,29.03,6/3
634,78,2025,5,31,長水路,個人,14,50m背泳ぎ,男子,,,,,,55～59歳,3,中津海全士,男子,セ・S湘南台,37.85,,,,,,,,,33.15,30.09,29.03,5/7
635,78,2025,5,31,長水路,個人,14,50m背泳ぎ,男子,,,,,,55～59歳,5,久保卓士,男子,セ・天王洲,39.49,,,,,,,,,33.15,30.09,29.03,5/3
636,78,2025,5,31,長水路,個人,14,50m背泳ぎ,男子,,,,,,55～59歳,6,佐々木栄一,男子,G-SPA,40.79,,,,,,,,,33.15,30.09,29.03,4/6
637,78,2025,5,31,長水路,個人,14,50m背泳ぎ,男子,,,,,,55～59歳,7,杉原祥之,男子,ザバス川崎,45.65,,,,,,,,,33.15,30.09,29.03,5/1
638,78,2025,5,31,長水路,個人,14,50m背泳ぎ,男子,,,,,,50～54歳,1,畠山雅和,男子,セ・袖ヶ浦,30.18,,,,,,,,TRUE,30.33,28.82,28.20,7/3
639,78,2025,5,31,長水路,個人,14,50m背泳ぎ,男子,,,,,,50～54歳,2,河野悟,男子,セ・慶應日吉,32.47,,,,,,,,,30.33,28.82,28.20,7/10
640,78,2025,5,31,長水路,個人,14,50m背泳ぎ,男子,,,,,,50～54歳,3,内藤充,男子,セ・新川崎,35.53,,,,,,,,,30.33,28.82,28.20,6/1
641,78,2025,5,31,長水路,個人,14,50m背泳ぎ,男子,,,,,,50～54歳,4,渡辺則貴,男子,セ・戸塚,36.92,,,,,,,,,30.33,28.82,28.20,5/4
642,78,2025,5,31,長水路,個人,14,50m背泳ぎ,男子,,,,,,50～54歳,5,松本考弘,男子,セ・清瀬,39.66,,,,,,,,,30.33,28.82,28.20,4/8
643,78,2025,5,31,長水路,個人,14,50m背泳ぎ,男子,,,,,,50～54歳,6,青木正昭,男子,セ・福生,46.19,,,,,,,,,30.33,28.82,28.20,3/3
644,78,2025,5,31,長水路,個人,14,50m背泳ぎ,男子,,,,,,45～49歳,1,寺田貴洋,男子,セ・二俣川,30.89,,,,,,,,,28.31,27.86,27.56,7/7
645,78,2025,5,31,長水路,個人,14,50m背泳ぎ,男子,,,,,,45～49歳,2,皆川雅登,男子,セ・大宮宮原,37.31,,,,,,,,,28.31,27.86,27.56,5/6
646,78,2025,5,31,長水路,個人,14,50m背泳ぎ,男子,,,,,,45～49歳,3,若杉佳宏,男子,セ・阿佐谷,38.78,,,,,,,,,28.31,27.86,27.56,4/5
647,78,2025,5,31,長水路,個人,14,50m背泳ぎ,男子,,,,,,45～49歳,4,浅野亮介,男子,セ・新都心,40.66,,,,,,,,,28.31,27.86,27.56,4/7
648,78,2025,5,31,長水路,個人,14,50m背泳ぎ,男子,,,,,,40～44歳,1,棚網宏之,男子,セ・阿佐谷,32.31,,,,,,,,,28.54,27.17,27.10,7/8
649,78,2025,5,31,長水路,個人,14,50m背泳ぎ,男子,,,,,,40～44歳,2,川瀬健次,男子,セ・大宮宮原,34.01,,,,,,,,,28.54,27.17,27.10,6/7
650,78,2025,5,31,長水路,個人,14,50m背泳ぎ,男子,,,,,,40～44歳,3,鈴木敏志,男子,セ・松戸,34.97,,,,,,,,,28.54,27.17,27.10,5/5
651,78,2025,5,31,長水路,個人,14,50m背泳ぎ,男子,,,,,,40～44歳,4,小田島丈典,男子,セ・福生,41.42,,,,,,,,,28.54,27.17,27.10,4/9
652,78,2025,5,31,長水路,個人,14,50m背泳ぎ,男子,,,,,,35～39歳,1,福田雄太,男子,セ・慶應日吉,32.29,,,,,,,,,28.14,26.27,25.76,7/2
653,78,2025,5,31,長水路,個人,14,50m背泳ぎ,男子,,,,,,35～39歳,2,木村考太,男子,セ・市ヶ尾,39.23,,,,,,,,,28.14,26.27,25.76,5/2
654,78,2025,5,31,長水路,個人,14,50m背泳ぎ,男子,,,,,,35～39歳,3,佐々木悠介,男子,セ・福島,50.06,,,,,,,,,28.14,26.27,25.76,2/6
655,78,2025,5,31,長水路,個人,14,50m背泳ぎ,男子,,,,,,35～39歳,4,角田渉,男子,セ・大森,51.22,,,,,,,,,28.14,26.27,25.76,3/10
656,78,2025,5,31,長水路,個人,14,50m背泳ぎ,男子,,,,,,30～34歳,1,石川和樹,男子,セ・谷津,27.19,,,,,,,,TRUE,27.32,26.08,25.53,7/5
657,78,2025,5,31,長水路,個人,14,50m背泳ぎ,男子,,,,,,30～34歳,2,塚本拓也,男子,セ・清瀬,30.86,,,,,,,,,27.32,26.08,25.53,7/9
658,78,2025,5,31,長水路,個人,14,50m背泳ぎ,男子,,,,,,30～34歳,3,土屋大貴,男子,セ・平塚,32.31,,,,,,,,,27.32,26.08,25.53,6/5
659,78,2025,5,31,長水路,個人,14,50m背泳ぎ,男子,,,,,,30～34歳,4,石井孟,男子,セ・葛西,33.25,,,,,,,,,27.32,26.08,25.53,7/1
660,78,2025,5,31,長水路,個人,14,50m背泳ぎ,男子,,,,,,25～29歳,1,中村翼,男子,セ・天王洲,29.50,,,,,,,,,26.58,25.94,25.44,7/6
661,78,2025,5,31,長水路,個人,14,50m背泳ぎ,男子,,,,,,25～29歳,2,廣川大起,男子,セ・柏,30.18,,,,,,,,,26.58,25.94,25.44,7/4
662,78,2025,5,31,長水路,個人,14,50m背泳ぎ,男子,,,,,,25～29歳,3,荒井啓汰,男子,セ・阿佐谷,34.13,,,,,,,,,26.58,25.94,25.44,6/8
663,78,2025,5,31,長水路,個人,14,50m背泳ぎ,男子,,,,,,25～29歳,4,矢野匠,男子,セ・葛西,37.30,,,,,,,,,26.58,25.94,25.44,6/4
664,78,2025,5,31,長水路,個人,14,50m背泳ぎ,男子,,,,,,25～29歳,,加納聖士,男子,セ・葛西,,,,,,,,,,26.58,25.94,25.44,6/2
665,78,2025,5,31,長水路,個人,14,50m背泳ぎ,男子,,,,,,18～24歳,1,田中啓二朗,男子,セ・二俣川,32.48,,,,,,,,,27.77,,,6/6
666,78,2025,5,31,長水路,個人,15,50m自由形,女子,,,,,,90～94歳,1,鈴木静江,女子,クリーンスパ,1:10.27,,,,,,,,,1:08.70,51.68,45.44,1/6
667,78,2025,5,31,長水路,個人,15,50m自由形,女子,,,,,,85～89歳,1,木澤杲子,女子,セ・柏,47.13,,,,,,,,,44.13,38.89,38.89,16/10
668,78,2025,5,31,長水路,個人,15,50m自由形,女子,,,,,,85～89歳,2,平井節子,女子,セ・南千住,51.79,,,,,,,,,44.13,38.89,38.89,1/7
669,78,2025,5,31,長水路,個人,15,50m自由形,女子,,,,,,85～89歳,3,田中もみぢ,女子,セ・おおたか,52.20,,,,,,,,,44.13,38.89,38.89,7/2
670,78,2025,5,31,長水路,個人,15,50m自由形,女子,,,,,,85～89歳,4,須山順子,女子,セ・松戸,53.19,,,,,,,,,44.13,38.89,38.89,6/5
671,78,2025,5,31,長水路,個人,15,50m自由形,女子,,,,,,80～84歳,1,八田清子,女子,セ・松戸,44.20,,,,,,,,,41.40,36.61,36.61,11/2
672,78,2025,5,31,長水路,個人,15,50m自由形,女子,,,,,,80～84歳,2,中村敬子,女子,セ・府中,47.91,,,,,,,,,41.40,36.61,36.61,11/10
673,78,2025,5,31,長水路,個人,15,50m自由形,女子,,,,,,80～84歳,3,武藤治子,女子,セ・二俣川,52.57,,,,,,,,,41.40,36.61,36.61,3/5
674,78,2025,5,31,長水路,個人,15,50m自由形,女子,,,,,,80～84歳,4,田神洋子,女子,セ・トレッサ,52.69,,,,,,,,,41.40,36.61,36.61,2/7
675,78,2025,5,31,長水路,個人,15,50m自由形,女子,,,,,,80～84歳,5,小野洋子,女子,セ・我孫子,55.71,,,,,,,,,41.40,36.61,36.61,1/5
676,78,2025,5,31,長水路,個人,15,50m自由形,女子,,,,,,80～84歳,6,中田和子,女子,セ・越谷,57.44,,,,,,,,,41.40,36.61,36.61,1/8
677,78,2025,5,31,長水路,個人,15,50m自由形,女子,,,,,,80～84歳,7,倉元恵子,女子,セ・館山,58.45,,,,,,,,,41.40,36.61,36.61,2/5
678,78,2025,5,31,長水路,個人,15,50m自由形,女子,,,,,,80～84歳,8,相澤和子,女子,セ・久喜,1:03.57,,,,,,,,,41.40,36.61,36.61,2/4
679,78,2025,5,31,長水路,個人,15,50m自由形,女子,,,,,,80～84歳,9,浜野操子,女子,セ・流山,1:16.44,,,,,,,,,41.40,36.61,36.61,1/3
680,78,2025,5,31,長水路,個人,15,50m自由形,女子,,,,,,80～84歳,10,加藤直子,女子,セ・横浜,1:26.36,,,,,,,,,41.40,36.61,36.61,1/9
681,78,2025,5,31,長水路,個人,15,50m自由形,女子,,,,,,80～84歳,,川端淑子,女子,セ・天王洲,,,,,,,,,,41.40,36.61,36.61,2/6
682,78,2025,5,31,長水路,個人,15,50m自由形,女子,,,,,,75～79歳,1,渡部みさを,女子,セ・慶應日吉,43.10,,,,,,,,,40.60,35.25,34.11,15/8
683,78,2025,5,31,長水路,個人,15,50m自由形,女子,,,,,,75～79歳,2,樋口孝子,女子,セ・阿佐谷,46.35,,,,,,,,,40.60,35.25,34.11,7/5
684,78,2025,5,31,長水路,個人,15,50m自由形,女子,,,,,,75～79歳,3,浅野美恵子,女子,セ・蒲田,46.89,,,,,,,,,40.60,35.25,34.11,6/7
685,78,2025,5,31,長水路,個人,15,50m自由形,女子,,,,,,75～79歳,4,川口栄子,女子,セ・松戸,47.43,,,,,,,,,40.60,35.25,34.11,10/6
686,78,2025,5,31,長水路,個人,15,50m自由形,女子,,,,,,75～79歳,5,古旗美鈴,女子,セ・上池袋,47.95,,,,,,,,,40.60,35.25,34.11,12/1
687,78,2025,5,31,長水路,個人,15,50m自由形,女子,,,,,,75～79歳,6,若林多恵子,女子,セ・谷津,48.82,,,,,,,,,40.60,35.25,34.11,10/10
688,78,2025,5,31,長水路,個人,15,50m自由形,女子,,,,,,75～79歳,7,坂本光子,女子,セ・越谷,50.19,,,,,,,,,40.60,35.25,34.11,9/3
689,78,2025,5,31,長水路,個人,15,50m自由形,女子,,,,,,75～79歳,8,吉見一江,女子,セ・二俣川,50.72,,,,,,,,,40.60,35.25,34.11,3/4
690,78,2025,5,31,長水路,個人,15,50m自由形,女子,,,,,,75～79歳,9,松永タズヨ,女子,セ・おおたか,51.36,,,,,,,,,40.60,35.25,34.11,7/9
691,78,2025,5,31,長水路,個人,15,50m自由形,女子,,,,,,75～79歳,10,小島律子,女子,セ・谷津,51.83,,,,,,,,,40.60,35.25,34.11,5/5
692,78,2025,5,31,長水路,個人,15,50m自由形,女子,,,,,,75～79歳,11,諸橋暁子,女子,曽谷・セ,51.84,,,,,,,,,40.60,35.25,34.11,4/9
693,78,2025,5,31,長水路,個人,15,50m自由形,女子,,,,,,75～79歳,11,吉田三枝子,女子,墨田区体育館,51.84,,,,,,,,,40.60,35.25,34.11,6/4
694,78,2025,5,31,長水路,個人,15,50m自由形,女子,,,,,,75～79歳,13,柴田千代子,女子,セ・天王洲,52.10,,,,,,,,,40.60,35.25,34.11,4/4
695,78,2025,5,31,長水路,個人,15,50m自由形,女子,,,,,,75～79歳,14,岡田啓子,女子,セ・桶川北本,52.22,,,,,,,,,40.60,35.25,34.11,8/5
696,78,2025,5,31,長水路,個人,15,50m自由形,女子,,,,,,75～79歳,15,田野倉和子,女子,セ・慶應日吉,52.31,,,,,,,,,40.60,35.25,34.11,3/6
697,78,2025,5,31,長水路,個人,15,50m自由形,女子,,,,,,75～79歳,16,大山伴恵,女子,セ・トレッサ,52.32,,,,,,,,,40.60,35.25,34.11,5/6
698,78,2025,5,31,長水路,個人,15,50m自由形,女子,,,,,,75～79歳,17,安部澄子,女子,セ・我孫子,54.36,,,,,,,,,40.60,35.25,34.11,2/8
699,78,2025,5,31,長水路,個人,15,50m自由形,女子,,,,,,75～79歳,18,石村眞理子,女子,セ・新川崎,56.69,,,,,,,,,40.60,35.25,34.11,5/1
700,78,2025,5,31,長水路,個人,15,50m自由形,女子,,,,,,75～79歳,19,岩塚美恵子,女子,セ・越谷,57.02,,,,,,,,,40.60,35.25,34.11,2/2
701,78,2025,5,31,長水路,個人,15,50m自由形,女子,,,,,,75～79歳,20,石川和子,女子,セ・我孫子,58.71,,,,,,,,,40.60,35.25,34.11,2/3
702,78,2025,5,31,長水路,個人,15,50m自由形,女子,,,,,,75～79歳,21,染谷敏子,女子,セ・天王洲,1:09.81,,,,,,,,,40.60,35.25,34.11,1/2
703,78,2025,5,31,長水路,個人,15,50m自由形,女子,,,,,,75～79歳,,後藤節子,女子,セ・松戸,,,,,,,,,,40.60,35.25,34.11,4/2
704,78,2025,5,31,長水路,個人,15,50m自由形,女子,,,,,,75～79歳,,川島かよ子,女子,セ・天王洲,,,,,,,,,,40.60,35.25,34.11,6/6
705,78,2025,5,31,長水路,個人,15,50m自由形,女子,,,,,,70～74歳,1,青木華世子,女子,セ・松戸,38.22,,,,,,,,,37.31,33.61,30.73,19/8
706,78,2025,5,31,長水路,個人,15,50m自由形,女子,,,,,,70～74歳,2,原田岳美,女子,セ・藤沢,39.20,,,,,,,,,37.31,33.61,30.73,19/1
707,78,2025,5,31,長水路,個人,15,50m自由形,女子,,,,,,70～74歳,3,ダン典子,女子,セ・自由が丘,40.24,,,,,,,,,37.31,33.61,30.73,18/9
708,78,2025,5,31,長水路,個人,15,50m自由形,女子,,,,,,70～74歳,4,舛尾妃呂子,女子,セ・稲毛海岸,42.31,,,,,,,,,37.31,33.61,30.73,12/6
709,78,2025,5,31,長水路,個人,15,50m自由形,女子,,,,,,70～74歳,5,後藤明美,女子,セ・天王洲,42.63,,,,,,,,,37.31,33.61,30.73,9/2
710,78,2025,5,31,長水路,個人,15,50m自由形,女子,,,,,,70～74歳,6,山本由起子,女子,セ・南千住,43.33,,,,,,,,,37.31,33.61,30.73,15/9
711,78,2025,5,31,長水路,個人,15,50m自由形,女子,,,,,,70～74歳,7,浅浦礼子,女子,セ・柏,43.48,,,,,,,,,37.31,33.61,30.73,13/5
712,78,2025,5,31,長水路,個人,15,50m自由形,女子,,,,,,70～74歳,8,梅田栄己子,女子,セ・天王洲,43.88,,,,,,,,,37.31,33.61,30.73,9/5
713,78,2025,5,31,長水路,個人,15,50m自由形,女子,,,,,,70～74歳,9,松村恵子,女子,セ・葛西,43.98,,,,,,,,,37.31,33.61,30.73,12/5
714,78,2025,5,31,長水路,個人,15,50m自由形,女子,,,,,,70～74歳,10,齊藤たか子,女子,ザバス川崎,44.60,,,,,,,,,37.31,33.61,30.73,7/4
715,78,2025,5,31,長水路,個人,15,50m自由形,女子,,,,,,70～74歳,11,石塚孝子,女子,セ・志木,44.69,,,,,,,,,37.31,33.61,30.73,11/9
716,78,2025,5,31,長水路,個人,15,50m自由形,女子,,,,,,70～74歳,12,大久保祐美子,女子,セ・おおたか,45.18,,,,,,,,,37.31,33.61,30.73,7/6
717,78,2025,5,31,長水路,個人,15,50m自由形,女子,,,,,,70～74歳,13,高梨佳代子,女子,ザバス八景,45.82,,,,,,,,,37.31,33.61,30.73,11/5
718,78,2025,5,31,長水路,個人,15,50m自由形,女子,,,,,,70～74歳,14,小笠原三春,女子,セ・八王子,47.37,,,,,,,,,37.31,33.61,30.73,12/4
719,78,2025,5,31,長水路,個人,15,50m自由形,女子,,,,,,70～74歳,15,池田則子,女子,セ・松戸,47.62,,,,,,,,,37.31,33.61,30.73,4/3
720,78,2025,5,31,長水路,個人,15,50m自由形,女子,,,,,,70～74歳,16,戸倉陽子,女子,セ・慶應日吉,49.53,,,,,,,,,37.31,33.61,30.73,9/9
721,78,2025,5,31,長水路,個人,15,50m自由形,女子,,,,,,70～74歳,17,山崎美南子,女子,セ・南青山,50.63,,,,,,,,,37.31,33.61,30.73,7/8
722,78,2025,5,31,長水路,個人,15,50m自由形,女子,,,,,,70～74歳,18,若松はる子,女子,セ・松戸,51.03,,,,,,,,,37.31,33.61,30.73,8/6
723,78,2025,5,31,長水路,個人,15,50m自由形,女子,,,,,,70～74歳,19,渡辺米子,女子,クリーンスパ,52.22,,,,,,,,,37.31,33.61,30.73,7/10
724,78,2025,5,31,長水路,個人,15,50m自由形,女子,,,,,,70～74歳,20,新井瑞枝,女子,セ・流山,52.56,,,,,,,,,37.31,33.61,30.73,3/7
725,78,2025,5,31,長水路,個人,15,50m自由形,女子,,,,,,70～74歳,21,藤井道子,女子,セ・我孫子,53.83,,,,,,,,,37.31,33.61,30.73,4/8
726,78,2025,5,31,長水路,個人,15,50m自由形,女子,,,,,,70～74歳,22,池淵玲子,女子,セ・慶應日吉,57.44,,,,,,,,,37.31,33.61,30.73,4/6
727,78,2025,5,31,長水路,個人,15,50m自由形,女子,,,,,,70～74歳,23,池田真木子,女子,セ・阿佐谷,57.92,,,,,,,,,37.31,33.61,30.73,4/7
728,78,2025,5,31,長水路,個人,15,50m自由形,女子,,,,,,70～74歳,,小澤優子,女子,セ・葛西,,,,,,,,,,37.31,33.61,30.73,4/5
729,78,2025,5,31,長水路,個人,15,50m自由形,女子,,,,,,70～74歳,,中島初美,女子,セ・大森,,,,,,,,,,37.31,33.61,30.73,5/4
730,78,2025,5,31,長水路,個人,15,50m自由形,女子,,,,,,70～74歳,,宮内佳代子,女子,セ・トレッサ,,,,,,,,,,37.31,33.61,30.73,6/3
731,78,2025,5,31,長水路,個人,15,50m自由形,女子,,,,,,70～74歳,,藤田典子,女子,セ・川越,,,,,,,,,,37.31,33.61,30.73,15/10
732,78,2025,5,31,長水路,個人,15,50m自由形,女子,,,,,,65～69歳,1,野村洋子,女子,ザバス八景,37.36,,,,,,,,,35.41,32.46,29.10,19/6
733,78,2025,5,31,長水路,個人,15,50m自由形,女子,,,,,,65～69歳,2,安藤薫,女子,セ・西新井,37.50,,,,,,,,,35.41,32.46,29.10,18/4
734,78,2025,5,31,長水路,個人,15,50m自由形,女子,,,,,,65～69歳,3,高梨美樹,女子,セ・成城,38.79,,,,,,,,,35.41,32.46,29.10,19/4
735,78,2025,5,31,長水路,個人,15,50m自由形,女子,,,,,,65～69歳,4,石田良子,女子,セ・越谷,38.90,,,,,,,,,35.41,32.46,29.10,17/10
736,78,2025,5,31,長水路,個人,15,50m自由形,女子,,,,,,65～69歳,5,立石由美子,女子,セ・大森,39.78,,,,,,,,,35.41,32.46,29.10,16/4
737,78,2025,5,31,長水路,個人,15,50m自由形,女子,,,,,,65～69歳,6,川久保ちづる,女子,ザバス川崎,40.10,,,,,,,,,35.41,32.46,29.10,18/1
738,78,2025,5,31,長水路,個人,15,50m自由形,女子,,,,,,65～69歳,7,米澤美智子,女子,セ・成瀬,41.12,,,,,,,,,35.41,32.46,29.10,16/9
739,78,2025,5,31,長水路,個人,15,50m自由形,女子,,,,,,65～69歳,8,井上美佐子,女子,セ・大森,41.93,,,,,,,,,35.41,32.46,29.10,7/7
740,78,2025,5,31,長水路,個人,15,50m自由形,女子,,,,,,65～69歳,9,浅田晴子,女子,セ・八王子,42.73,,,,,,,,,35.41,32.46,29.10,12/8
741,78,2025,5,31,長水路,個人,15,50m自由形,女子,,,,,,65～69歳,10,山梨静枝,女子,セ・我孫子,42.87,,,,,,,,,35.41,32.46,29.10,9/1
742,78,2025,5,31,長水路,個人,15,50m自由形,女子,,,,,,65～69歳,11,渋谷照代,女子,セ・我孫子,43.34,,,,,,,,,35.41,32.46,29.10,6/2
743,78,2025,5,31,長水路,個人,15,50m自由形,女子,,,,,,65～69歳,12,石河久美子,女子,セ・溝ノ口,44.11,,,,,,,,,35.41,32.46,29.10,12/9
744,78,2025,5,31,長水路,個人,15,50m自由形,女子,,,,,,65～69歳,13,三枚堂かよ子,女子,セ・阿佐谷,44.28,,,,,,,,,35.41,32.46,29.10,14/4
745,78,2025,5,31,長水路,個人,15,50m自由形,女子,,,,,,65～69歳,14,米林清子,女子,セ・越谷,44.71,,,,,,,,,35.41,32.46,29.10,11/6
746,78,2025,5,31,長水路,個人,15,50m自由形,女子,,,,,,65～69歳,15,佐々木和恵,女子,セ・松戸,45.19,,,,,,,,,35.41,32.46,29.10,11/4
747,78,2025,5,31,長水路,個人,15,50m自由形,女子,,,,,,65～69歳,16,久保とし子,女子,セ・長津田,45.43,,,,,,,,,35.41,32.46,29.10,15/5
748,78,2025,5,31,長水路,個人,15,50m自由形,女子,,,,,,65～69歳,17,古宇田淳子,女子,セ・南千住,45.44,,,,,,,,,35.41,32.46,29.10,12/3
749,78,2025,5,31,長水路,個人,15,50m自由形,女子,,,,,,65～69歳,18,光畑千栄子,女子,セ・成瀬,46.57,,,,,,,,,35.41,32.46,29.10,12/7
750,78,2025,5,31,長水路,個人,15,50m自由形,女子,,,,,,65～69歳,19,伊藤春美,女子,ザバス川崎,46.77,,,,,,,,,35.41,32.46,29.10,8/3
751,78,2025,5,31,長水路,個人,15,50m自由形,女子,,,,,,65～69歳,20,小笠原京子,女子,セ・流山,46.83,,,,,,,,,35.41,32.46,29.10,5/3
752,78,2025,5,31,長水路,個人,15,50m自由形,女子,,,,,,65～69歳,21,松浦敏子,女子,セ・我孫子,47.28,,,,,,,,,35.41,32.46,29.10,5/9
753,78,2025,5,31,長水路,個人,15,50m自由形,女子,,,,,,65～69歳,22,秦和加子,女子,セ・新川崎,47.56,,,,,,,,,35.41,32.46,29.10,5/7
754,78,2025,5,31,長水路,個人,15,50m自由形,女子,,,,,,65～69歳,23,三嶋祐子,女子,セ・阿佐谷,47.67,,,,,,,,,35.41,32.46,29.10,10/7
755,78,2025,5,31,長水路,個人,15,50m自由形,女子,,,,,,65～69歳,24,豊田典子,女子,セ・下北沢,48.94,,,,,,,,,35.41,32.46,29.10,7/1
756,78,2025,5,31,長水路,個人,15,50m自由形,女子,,,,,,65～69歳,25,須田菜奈子,女子,セ・桶川北本,49.15,,,,,,,,,35.41,32.46,29.10,10/3
757,78,2025,5,31,長水路,個人,15,50m自由形,女子,,,,,,65～69歳,26,仲澤敦子,女子,セ・柏,50.10,,,,,,,,,35.41,32.46,29.10,9/8
758,78,2025,5,31,長水路,個人,15,50m自由形,女子,,,,,,65～69歳,27,鶴﨑緑,女子,セ・トレッサ,50.92,,,,,,,,,35.41,32.46,29.10,8/7
759,78,2025,5,31,長水路,個人,15,50m自由形,女子,,,,,,65～69歳,28,益田加津子,女子,セ・自由が丘,51.00,,,,,,,,,35.41,32.46,29.10,5/8
760,78,2025,5,31,長水路,個人,15,50m自由形,女子,,,,,,65～69歳,29,油井みどり,女子,セ・新浦安,51.64,,,,,,,,,35.41,32.46,29.10,6/8
761,78,2025,5,31,長水路,個人,15,50m自由形,女子,,,,,,65～69歳,30,宮原美穂,女子,セ・福生,51.65,,,,,,,,,35.41,32.46,29.10,3/3
762,78,2025,5,31,長水路,個人,15,50m自由形,女子,,,,,,65～69歳,31,松田則子,女子,セ・成瀬,56.56,,,,,,,,,35.41,32.46,29.10,11/1
763,78,2025,5,31,長水路,個人,15,50m自由形,女子,,,,,,65～69歳,32,小高和子,女子,セ・桶川北本,1:05.30,,,,,,,,,35.41,32.46,29.10,1/4
764,78,2025,5,31,長水路,個人,15,50m自由形,女子,,,,,,65～69歳,,浅野みどり,女子,セ・天王洲,,,,,,,,,,35.41,32.46,29.10,9/7
765,78,2025,5,31,長水路,個人,15,50m自由形,女子,,,,,,65～69歳,,宮田ひとみ,女子,セ・阿佐谷,,,,,,,,,,35.41,32.46,29.10,2/9
766,78,2025,5,31,長水路,個人,15,50m自由形,女子,,,,,,65～69歳,,大西和子,女子,セ・天王洲,,,,,,,,,,35.41,32.46,29.10,3/8
767,78,2025,5,31,長水路,個人,15,50m自由形,女子,,,,,,65～69歳,,中西トモ子,女子,セ・越谷,,,,,,,,,,35.41,32.46,29.10,6/9
768,78,2025,5,31,長水路,個人,15,50m自由形,女子,,,,,,65～69歳,,小宮山美芽,女子,セ・天王洲,,,,,,,,,,35.41,32.46,29.10,10/4
769,78,2025,5,31,長水路,個人,15,50m自由形,女子,,,,,,65～69歳,,原昌代,女子,セ・市ヶ尾,,,,,,,,,,35.41,32.46,29.10,10/9
770,78,2025,5,31,長水路,個人,15,50m自由形,女子,,,,,,65～69歳,,塙清子,女子,セ・自由が丘,,,,,,,,,,35.41,32.46,29.10,17/4
771,78,2025,5,31,長水路,個人,15,50m自由形,女子,,,,,,60～64歳,1,永瀬秀子,女子,セ・二俣川,32.38,,,,,,,,,32.38,30.31,28.84,23/4
772,78,2025,5,31,長水路,個人,15,50m自由形,女子,,,,,,60～64歳,2,羽山恵津子,女子,セ・葛西,34.65,,,,,,,,,32.38,30.31,28.84,22/3
773,78,2025,5,31,長水路,個人,15,50m自由形,女子,,,,,,60～64歳,3,石井裕美,女子,セ・ときわ台,35.14,,,,,,,,,32.38,30.31,28.84,19/7
774,78,2025,5,31,長水路,個人,15,50m自由形,女子,,,,,,60～64歳,4,高柳祐子,女子,セ・成城,35.95,,,,,,,,,32.38,30.31,28.84,20/5
775,78,2025,5,31,長水路,個人,15,50m自由形,女子,,,,,,60～64歳,6,伊藤みどり,女子,セ・能見台,36.87,,,,,,,,,32.38,30.31,28.84,20/7
776,78,2025,5,31,長水路,個人,15,50m自由形,女子,,,,,,60～64歳,7,原磨理,女子,セ・長津田,37.08,,,,,,,,,32.38,30.31,28.84,18/7
777,78,2025,5,31,長水路,個人,15,50m自由形,女子,,,,,,60～64歳,8,吉川千晶,女子,G-SPA,39.02,,,,,,,,,32.38,30.31,28.84,19/9
778,78,2025,5,31,長水路,個人,15,50m自由形,女子,,,,,,60～64歳,9,山本庸子,女子,セ・八王子,39.47,,,,,,,,,32.38,30.31,28.84,20/10
779,78,2025,5,31,長水路,個人,15,50m自由形,女子,,,,,,60～64歳,10,高橋久美,女子,セ・市川,39.50,,,,,,,,,32.38,30.31,28.84,17/5
780,78,2025,5,31,長水路,個人,15,50m自由形,女子,,,,,,60～64歳,11,田村明美,女子,セ・慶應日吉,40.28,,,,,,,,,32.38,30.31,28.84,15/6
781,78,2025,5,31,長水路,個人,15,50m自由形,女子,,,,,,60～64歳,12,佐藤美絵子,女子,セ・清瀬,40.72,,,,,,,,,32.38,30.31,28.84,16/7
782,78,2025,5,31,長水路,個人,15,50m自由形,女子,,,,,,60～64歳,13,大原清美,女子,セ・阿佐谷,40.78,,,,,,,,,32.38,30.31,28.84,14/7
783,78,2025,5,31,長水路,個人,15,50m自由形,女子,,,,,,60～64歳,14,神保清美,女子,セ・自由が丘,41.61,,,,,,,,,32.38,30.31,28.84,16/8
784,78,2025,5,31,長水路,個人,15,50m自由形,女子,,,,,,60～64歳,15,渡邊ひろみ,女子,セ・松戸,41.83,,,,,,,,,32.38,30.31,28.84,11/7
785,78,2025,5,31,長水路,個人,15,50m自由形,女子,,,,,,60～64歳,16,高見沢ゆみ子,女子,セ・慶應日吉,42.34,,,,,,,,,32.38,30.31,28.84,15/1
786,78,2025,5,31,長水路,個人,15,50m自由形,女子,,,,,,60～64歳,17,酒井寿美恵,女子,クリーンスパ,42.35,,,,,,,,,32.38,30.31,28.84,15/3
787,78,2025,5,31,長水路,個人,15,50m自由形,女子,,,,,,60～64歳,18,山本登美子,女子,セ・桶川北本,43.61,,,,,,,,,32.38,30.31,28.84,14/8
788,78,2025,5,31,長水路,個人,15,50m自由形,女子,,,,,,60～64歳,19,渡邊典子,女子,セ・福島,43.73,,,,,,,,,32.38,30.31,28.84,13/6
789,78,2025,5,31,長水路,個人,15,50m自由形,女子,,,,,,60～64歳,20,田中香苗,女子,セ・青砥,44.97,,,,,,,,,32.38,30.31,28.84,9/6
790,78,2025,5,31,長水路,個人,15,50m自由形,女子,,,,,,60～64歳,21,三石久美,女子,セ・成瀬,45.12,,,,,,,,,32.38,30.31,28.84,14/2
791,78,2025,5,31,長水路,個人,15,50m自由形,女子,,,,,,60～64歳,22,船津香,女子,セ・自由が丘,45.55,,,,,,,,,32.38,30.31,28.84,14/6
792,78,2025,5,31,長水路,個人,15,50m自由形,女子,,,,,,60～64歳,23,中野朗子,女子,セ・慶應日吉,46.49,,,,,,,,,32.38,30.31,28.84,13/4
793,78,2025,5,31,長水路,個人,15,50m自由形,女子,,,,,,60～64歳,24,平松栄里子,女子,セ・府中,48.09,,,,,,,,,32.38,30.31,28.84,14/10
794,78,2025,5,31,長水路,個人,15,50m自由形,女子,,,,,,60～64歳,25,桐沢ひとみ,女子,セ・大森,48.64,,,,,,,,,32.38,30.31,28.84,12/2
795,78,2025,5,31,長水路,個人,15,50m自由形,女子,,,,,,60～64歳,26,佐々木政子,女子,セ・大森,49.89,,,,,,,,,32.38,30.31,28.84,8/8
796,78,2025,5,31,長水路,個人,15,50m自由形,女子,,,,,,60～64歳,27,五十嵐佳澄,女子,セ・阿佐谷,50.08,,,,,,,,,32.38,30.31,28.84,6/10
797,78,2025,5,31,長水路,個人,15,50m自由形,女子,,,,,,60～64歳,28,三木純子,女子,セ・流山,50.19,,,,,,,,,32.38,30.31,28.84,9/10
798,78,2025,5,31,長水路,個人,15,50m自由形,女子,,,,,,60～64歳,29,大芦薫,女子,セ・清瀬,52.36,,,,,,,,,32.38,30.31,28.84,6/1
799,78,2025,5,31,長水路,個人,15,50m自由形,女子,,,,,,60～64歳,30,平澤馨,女子,セ・府中,54.36,,,,,,,,,32.38,30.31,28.84,3/2
800,78,2025,5,31,長水路,個人,15,50m自由形,女子,,,,,,60～64歳,31,菊池佐千代,女子,セ・流山,58.31,,,,,,,,,32.38,30.31,28.84,5/10
801,78,2025,5,31,長水路,個人,15,50m自由形,女子,,,,,,60～64歳,32,前川尚美,女子,セ・F東戸塚,1:04.11,,,,,,,,,32.38,30.31,28.84,4/1
802,78,2025,5,31,長水路,個人,15,50m自由形,女子,,,,,,60～64歳,,板谷仁恵,女子,セ・二俣川,,,,,,,,,,32.38,30.31,28.84,13/7
803,78,2025,5,31,長水路,個人,15,50m自由形,女子,,,,,,55～59歳,1,石井紀美子,女子,セ・S湘南台,35.55,,,,,,,,,31.18,29.00,27.94,22/6
804,78,2025,5,31,長水路,個人,15,50m自由形,女子,,,,,,55～59歳,2,鶴岡美佐,女子,ザバス八景,37.07,,,,,,,,,31.18,29.00,27.94,20/6
805,78,2025,5,31,長水路,個人,15,50m自由形,女子,,,,,,55～59歳,3,大野結実,女子,セ・横浜,38.37,,,,,,,,,31.18,29.00,27.94,20/3
806,78,2025,5,31,長水路,個人,15,50m自由形,女子,,,,,,55～59歳,4,武部友美子,女子,セ・東戸塚,38.59,,,,,,,,,31.18,29.00,27.94,18/3
807,78,2025,5,31,長水路,個人,15,50m自由形,女子,,,,,,55～59歳,5,及川薫,女子,セ・松戸,38.99,,,,,,,,,31.18,29.00,27.94,17/7
808,78,2025,5,31,長水路,個人,15,50m自由形,女子,,,,,,55～59歳,6,阿部のぞみ,女子,セ・二俣川,40.77,,,,,,,,,31.18,29.00,27.94,13/8
809,78,2025,5,31,長水路,個人,15,50m自由形,女子,,,,,,55～59歳,6,レントフェルト慶子,女子,セ・清瀬,40.77,,,,,,,,,31.18,29.00,27.94,15/4
810,78,2025,5,31,長水路,個人,15,50m自由形,女子,,,,,,55～59歳,8,坂井慶子,女子,セ・大宮宮原,41.63,,,,,,,,,31.18,29.00,27.94,13/3
811,78,2025,5,31,長水路,個人,15,50m自由形,女子,,,,,,55～59歳,9,棚橋悦子,女子,セ・自由が丘,41.65,,,,,,,,,31.18,29.00,27.94,17/1
812,78,2025,5,31,長水路,個人,15,50m自由形,女子,,,,,,55～59歳,10,捶井泰子,女子,セ・用賀,41.89,,,,,,,,,31.18,29.00,27.94,16/5
813,78,2025,5,31,長水路,個人,15,50m自由形,女子,,,,,,55～59歳,11,佐藤直子,女子,セ・我孫子,42.54,,,,,,,,,31.18,29.00,27.94,8/9
814,78,2025,5,31,長水路,個人,15,50m自由形,女子,,,,,,55～59歳,12,二ノ宮美佳,女子,セ・越谷,42.79,,,,,,,,,31.18,29.00,27.94,14/3
815,78,2025,5,31,長水路,個人,15,50m自由形,女子,,,,,,55～59歳,13,山田智子,女子,セ・慶應日吉,43.34,,,,,,,,,31.18,29.00,27.94,16/6
816,78,2025,5,31,長水路,個人,15,50m自由形,女子,,,,,,55～59歳,14,池田直子,女子,セ・大森,43.72,,,,,,,,,31.18,29.00,27.94,11/8
817,78,2025,5,31,長水路,個人,15,50m自由形,女子,,,,,,55～59歳,15,鈴木夏実,女子,セ・慶應日吉,43.76,,,,,,,,,31.18,29.00,27.94,11/3
818,78,2025,5,31,長水路,個人,15,50m自由形,女子,,,,,,55～59歳,16,田上麻紀,女子,セ・久喜,45.27,,,,,,,,,31.18,29.00,27.94,8/4
819,78,2025,5,31,長水路,個人,15,50m自由形,女子,,,,,,55～59歳,17,岩朋実,女子,セ・川越,48.11,,,,,,,,,31.18,29.00,27.94,10/8
820,78,2025,5,31,長水路,個人,15,50m自由形,女子,,,,,,55～59歳,18,雨宮裕子,女子,セ・大宮宮原,48.99,,,,,,,,,31.18,29.00,27.94,3/1
821,78,2025,5,31,長水路,個人,15,50m自由形,女子,,,,,,55～59歳,19,堀内浩子,女子,セ・谷津,49.27,,,,,,,,,31.18,29.00,27.94,8/2
822,78,2025,5,31,長水路,個人,15,50m自由形,女子,,,,,,55～59歳,20,佐藤淳子,女子,セ・久喜,49.47,,,,,,,,,31.18,29.00,27.94,10/1
823,78,2025,5,31,長水路,個人,15,50m自由形,女子,,,,,,55～59歳,21,鈴木喜代子,女子,セ・茂原,52.43,,,,,,,,,31.18,29.00,27.94,3/9
824,78,2025,5,31,長水路,個人,15,50m自由形,女子,,,,,,55～59歳,22,古平正美,女子,セ・清瀬,52.94,,,,,,,,,31.18,29.00,27.94,7/3
825,78,2025,5,31,長水路,個人,15,50m自由形,女子,,,,,,55～59歳,23,植草美香子,女子,セ・横浜,57.02,,,,,,,,,31.18,29.00,27.94,5/2
826,78,2025,5,31,長水路,個人,15,50m自由形,女子,,,,,,55～59歳,,江頭由美子,女子,セ・袖ヶ浦,,,,,,,,,,31.18,29.00,27.94,18/5
827,78,2025,5,31,長水路,個人,15,50m自由形,女子,,,,,,55～59歳,,西田三佐子,女子,セ・大宮宮原,,,,,,,,,,31.18,29.00,27.94,18/8
828,78,2025,5,31,長水路,個人,15,50m自由形,女子,,,,,,50～54歳,1,杉本浩美,女子,セ・南千住,32.42,,,,,,,,,29.26,28.82,27.09,25/8
829,78,2025,5,31,長水路,個人,15,50m自由形,女子,,,,,,50～54歳,2,木村美佐子,女子,セ・南宇都宮,32.78,,,,,,,,,29.26,28.82,27.09,23/5
830,78,2025,5,31,長水路,個人,15,50m自由形,女子,,,,,,50～54歳,3,花木尚美,女子,セ・大宮宮原,32.80,,,,,,,,,29.26,28.82,27.09,24/9
831,78,2025,5,31,長水路,個人,15,50m自由形,女子,,,,,,50～54歳,4,池田智子,女子,セ・目黒,33.72,,,,,,,,,29.26,28.82,27.09,21/5
832,78,2025,5,31,長水路,個人,15,50m自由形,女子,,,,,,50～54歳,5,高橋圭,女子,セ・松戸,34.50,,,,,,,,,29.26,28.82,27.09,22/8
833,78,2025,5,31,長水路,個人,15,50m自由形,女子,,,,,,50～54歳,6,棚網恵理,女子,セ・阿佐谷,36.30,,,,,,,,,29.26,28.82,27.09,21/1
834,78,2025,5,31,長水路,個人,15,50m自由形,女子,,,,,,50～54歳,7,佐伯康子,女子,ザバス川崎,36.51,,,,,,,,,29.26,28.82,27.09,21/6
835,78,2025,5,31,長水路,個人,15,50m自由形,女子,,,,,,50～54歳,8,五十嵐知佐,女子,セ・おおたか,36.97,,,,,,,,,29.26,28.82,27.09,20/8
836,78,2025,5,31,長水路,個人,15,50m自由形,女子,,,,,,50～54歳,9,大石里佳,女子,セ・おおたか,38.06,,,,,,,,,29.26,28.82,27.09,16/1
837,78,2025,5,31,長水路,個人,15,50m自由形,女子,,,,,,50～54歳,10,引本亜紀子,女子,セ・用賀,38.38,,,,,,,,,29.26,28.82,27.09,13/9
838,78,2025,5,31,長水路,個人,15,50m自由形,女子,,,,,,50～54歳,11,酒井貴代,女子,セ・大森,38.60,,,,,,,,,29.26,28.82,27.09,19/10
839,78,2025,5,31,長水路,個人,15,50m自由形,女子,,,,,,50～54歳,12,河原和世,女子,セ・戸塚,38.66,,,,,,,,,29.26,28.82,27.09,19/2
840,78,2025,5,31,長水路,個人,15,50m自由形,女子,,,,,,50～54歳,13,田原文月,女子,セ・南千住,40.42,,,,,,,,,29.26,28.82,27.09,18/10
841,78,2025,5,31,長水路,個人,15,50m自由形,女子,,,,,,50～54歳,14,中村奈穂美,女子,セ・越谷,40.50,,,,,,,,,29.26,28.82,27.09,13/2
842,78,2025,5,31,長水路,個人,15,50m自由形,女子,,,,,,50～54歳,15,小山香津子,女子,セ・藤沢,41.97,,,,,,,,,29.26,28.82,27.09,15/2
843,78,2025,5,31,長水路,個人,15,50m自由形,女子,,,,,,50～54歳,16,佐藤晶子,女子,セ・おおたか,42.73,,,,,,,,,29.26,28.82,27.09,14/9
844,78,2025,5,31,長水路,個人,15,50m自由形,女子,,,,,,50～54歳,17,糸川永利子,女子,セ・用賀,42.83,,,,,,,,,29.26,28.82,27.09,17/6
845,78,2025,5,31,長水路,個人,15,50m自由形,女子,,,,,,50～54歳,18,北原暁美,女子,セ・南青山,43.09,,,,,,,,,29.26,28.82,27.09,3/10
846,78,2025,5,31,長水路,個人,15,50m自由形,女子,,,,,,50～54歳,19,兼子敬子,女子,セ・南千住,45.26,,,,,,,,,29.26,28.82,27.09,14/1
847,78,2025,5,31,長水路,個人,15,50m自由形,女子,,,,,,50～54歳,20,森信子,女子,セ・大森,45.50,,,,,,,,,29.26,28.82,27.09,10/5
848,78,2025,5,31,長水路,個人,15,50m自由形,女子,,,,,,50～54歳,21,久保洋子,女子,セ・流山,1:13.72,,,,,,,,,29.26,28.82,27.09,4/10
849,78,2025,5,31,長水路,個人,15,50m自由形,女子,,,,,,45～49歳,1,日下幸子,女子,ザバス川崎,31.89,,,,,,,,,29.51,27.78,26.59,24/5
850,78,2025,5,31,長水路,個人,15,50m自由形,女子,,,,,,45～49歳,2,佐々木彩,女子,セ・成城,31.93,,,,,,,,,29.51,27.78,26.59,24/6
851,78,2025,5,31,長水路,個人,15,50m自由形,女子,,,,,,45～49歳,3,坂本桃枝,女子,G-SPA,32.54,,,,,,,,,29.51,27.78,26.59,23/6
852,78,2025,5,31,長水路,個人,15,50m自由形,女子,,,,,,45～49歳,4,櫻井理恵子,女子,セ・袖ヶ浦,33.14,,,,,,,,,29.51,27.78,26.59,24/8
853,78,2025,5,31,長水路,個人,15,50m自由形,女子,,,,,,45～49歳,5,小室桃子,女子,セ・八王子,34.09,,,,,,,,,29.51,27.78,26.59,23/2
854,78,2025,5,31,長水路,個人,15,50m自由形,女子,,,,,,45～49歳,6,大黒明日香,女子,セ・清瀬,34.17,,,,,,,,,29.51,27.78,26.59,22/9
855,78,2025,5,31,長水路,個人,15,50m自由形,女子,,,,,,45～49歳,7,サカモト亮子,女子,セ・自由が丘,34.95,,,,,,,,,29.51,27.78,26.59,17/8
856,78,2025,5,31,長水路,個人,15,50m自由形,女子,,,,,,45～49歳,8,兵頭和子,女子,セ・成瀬,34.99,,,,,,,,,29.51,27.78,26.59,23/1
857,78,2025,5,31,長水路,個人,15,50m自由形,女子,,,,,,45～49歳,9,高橋真美,女子,セ・志木,35.54,,,,,,,,,29.51,27.78,26.59,22/7
858,78,2025,5,31,長水路,個人,15,50m自由形,女子,,,,,,45～49歳,10,溝井花代子,女子,セ・葛西,35.76,,,,,,,,,29.51,27.78,26.59,21/10
859,78,2025,5,31,長水路,個人,15,50m自由形,女子,,,,,,45～49歳,11,福本麻美,女子,セ・慶應日吉,36.42,,,,,,,,,29.51,27.78,26.59,22/2
860,78,2025,5,31,長水路,個人,15,50m自由形,女子,,,,,,45～49歳,12,芳賀加代子,女子,セ・南青山,36.57,,,,,,,,,29.51,27.78,26.59,20/1
861,78,2025,5,31,長水路,個人,15,50m自由形,女子,,,,,,45～49歳,13,吉池奈々,女子,セ・二俣川,37.06,,,,,,,,,29.51,27.78,26.59,20/4
862,78,2025,5,31,長水路,個人,15,50m自由形,女子,,,,,,45～49歳,14,佐藤桂子,女子,セ・横浜,37.31,,,,,,,,,29.51,27.78,26.59,21/4
863,78,2025,5,31,長水路,個人,15,50m自由形,女子,,,,,,45～49歳,15,宮林佑妃,女子,セ・長津田,37.55,,,,,,,,,29.51,27.78,26.59,17/2
864,78,2025,5,31,長水路,個人,15,50m自由形,女子,,,,,,45～49歳,16,町田麻里,女子,セ・南千住,38.41,,,,,,,,,29.51,27.78,26.59,18/6
865,78,2025,5,31,長水路,個人,15,50m自由形,女子,,,,,,45～49歳,17,小高麻衣子,女子,セ・市川,38.79,,,,,,,,,29.51,27.78,26.59,17/3
866,78,2025,5,31,長水路,個人,15,50m自由形,女子,,,,,,45～49歳,18,成重夏紀,女子,セ・藤沢,43.84,,,,,,,,,29.51,27.78,26.59,9/4
867,78,2025,5,31,長水路,個人,15,50m自由形,女子,,,,,,45～49歳,19,吉田絵美,女子,セ・用賀,45.90,,,,,,,,,29.51,27.78,26.59,8/10
868,78,2025,5,31,長水路,個人,15,50m自由形,女子,,,,,,45～49歳,20,下山雅子,女子,セ・茂原,46.96,,,,,,,,,29.51,27.78,26.59,8/1
869,78,2025,5,31,長水路,個人,15,50m自由形,女子,,,,,,45～49歳,21,斉藤靖子,女子,セ・目黒,48.71,,,,,,,,,29.51,27.78,26.59,10/2
870,78,2025,5,31,長水路,個人,15,50m自由形,女子,,,,,,45～49歳,,星郁恵,女子,セ・南千住,,,,,,,,,,29.51,27.78,26.59,12/10
871,78,2025,5,31,長水路,個人,15,50m自由形,女子,,,,,,45～49歳,,清水佳苗,女子,曽谷・セ,,,,,,,,,,29.51,27.78,26.59,18/2
872,78,2025,5,31,長水路,個人,15,50m自由形,女子,,,,,,45～49歳,,櫻井翠,女子,セ・横浜,,,,,,,,,,29.51,27.78,26.59,24/3
873,78,2025,5,31,長水路,個人,15,50m自由形,女子,,,,,,40～44歳,1,宮本八重,女子,セ・慶應日吉,31.19,,,,,,,,,29.16,26.95,26.44,25/2
874,78,2025,5,31,長水路,個人,15,50m自由形,女子,,,,,,40～44歳,2,永田加那子,女子,セ・葛西,31.79,,,,,,,,,29.16,26.95,26.44,25/3
875,78,2025,5,31,長水路,個人,15,50m自由形,女子,,,,,,40～44歳,3,上沢絵里奈,女子,セ・慶應日吉,31.89,,,,,,,,,29.16,26.95,26.44,24/4
876,78,2025,5,31,長水路,個人,15,50m自由形,女子,,,,,,40～44歳,4,関川晶子,女子,セ・下北沢,33.42,,,,,,,,,29.16,26.95,26.44,23/7
877,78,2025,5,31,長水路,個人,15,50m自由形,女子,,,,,,40～44歳,5,池田良子,女子,セ・蒲田,33.76,,,,,,,,,29.16,26.95,26.44,23/3
878,78,2025,5,31,長水路,個人,15,50m自由形,女子,,,,,,40～44歳,6,真栄田こずえ,女子,ザバス八景,34.04,,,,,,,,,29.16,26.95,26.44,24/1
879,78,2025,5,31,長水路,個人,15,50m自由形,女子,,,,,,40～44歳,7,山田未紗子,女子,セ・越谷,35.61,,,,,,,,,29.16,26.95,26.44,21/3
880,78,2025,5,31,長水路,個人,15,50m自由形,女子,,,,,,40～44歳,8,大竹昌子,女子,セ・大森,36.61,,,,,,,,,29.16,26.95,26.44,21/7
881,78,2025,5,31,長水路,個人,15,50m自由形,女子,,,,,,40～44歳,9,中辻澄美,女子,セ・天王洲,38.70,,,,,,,,,29.16,26.95,26.44,19/5
882,78,2025,5,31,長水路,個人,15,50m自由形,女子,,,,,,40～44歳,10,谷美希子,女子,セ・府中,42.40,,,,,,,,,29.16,26.95,26.44,14/5
883,78,2025,5,31,長水路,個人,15,50m自由形,女子,,,,,,40～44歳,,白花茉莉,女子,セ・久喜,,,,,,,,,,29.16,26.95,26.44,13/1
884,78,2025,5,31,長水路,個人,15,50m自由形,女子,,,,,,40～44歳,,冨永結衣子,女子,セ・大森,,,,,,,,,,29.16,26.95,26.44,16/3
885,78,2025,5,31,長水路,個人,15,50m自由形,女子,,,,,,35～39歳,1,青木梨緒,女子,セ・葛西,29.65,,,,,,,,,28.87,27.13,25.58,26/3
886,78,2025,5,31,長水路,個人,15,50m自由形,女子,,,,,,35～39歳,2,川北恵,女子,セ・長津田,29.67,,,,,,,,,28.87,27.13,25.58,26/4
887,78,2025,5,31,長水路,個人,15,50m自由形,女子,,,,,,35～39歳,3,新井亜衣,女子,セ・市川,29.79,,,,,,,,,28.87,27.13,25.58,26/7
888,78,2025,5,31,長水路,個人,15,50m自由形,女子,,,,,,35～39歳,4,中畑眸,女子,セ・成城,31.74,,,,,,,,,28.87,27.13,25.58,25/9
889,78,2025,5,31,長水路,個人,15,50m自由形,女子,,,,,,35～39歳,5,李鎬善,女子,セ・目黒,37.50,,,,,,,,,28.87,27.13,25.58,20/9
890,78,2025,5,31,長水路,個人,15,50m自由形,女子,,,,,,35～39歳,6,RacaruGabriela,女子,セ・慶應日吉,39.55,,,,,,,,,28.87,27.13,25.58,15/7
891,78,2025,5,31,長水路,個人,15,50m自由形,女子,,,,,,35～39歳,7,松本佳奈,女子,セ・茂原,39.85,,,,,,,,,28.87,27.13,25.58,13/10
892,78,2025,5,31,長水路,個人,15,50m自由形,女子,,,,,,35～39歳,8,國政玲,女子,セ・南青山,39.89,,,,,,,,,28.87,27.13,25.58,16/2
893,78,2025,5,31,長水路,個人,15,50m自由形,女子,,,,,,30～34歳,1,豊島葉子,女子,セ・袖ヶ浦,29.48,,,,,,,,,26.42,26.42,25.49,26/8
894,78,2025,5,31,長水路,個人,15,50m自由形,女子,,,,,,30～34歳,2,早川舞,女子,セ・蒲田,30.16,,,,,,,,,26.42,26.42,25.49,26/10
895,78,2025,5,31,長水路,個人,15,50m自由形,女子,,,,,,30～34歳,3,宍戸萌,女子,セ・長津田,31.07,,,,,,,,,26.42,26.42,25.49,23/8
896,78,2025,5,31,長水路,個人,15,50m自由形,女子,,,,,,30～34歳,4,小澤有未,女子,セ・長津田,31.12,,,,,,,,,26.42,26.42,25.49,22/1
897,78,2025,5,31,長水路,個人,15,50m自由形,女子,,,,,,30～34歳,5,長谷ひろ子,女子,セ・茂原,34.87,,,,,,,,,26.42,26.42,25.49,23/10
898,78,2025,5,31,長水路,個人,15,50m自由形,女子,,,,,,30～34歳,6,片桐由里恵,女子,セ・S湘南台,36.84,,,,,,,,,26.42,26.42,25.49,21/9
899,78,2025,5,31,長水路,個人,15,50m自由形,女子,,,,,,30～34歳,7,岡澤美咲,女子,セ・茂原,37.10,,,,,,,,,26.42,26.42,25.49,17/9
900,78,2025,5,31,長水路,個人,15,50m自由形,女子,,,,,,25～29歳,1,ニューボールード菜月,女子,セ・柏,29.34,,,,,,,,,27.43,26.27,25.37,22/10
901,78,2025,5,31,長水路,個人,15,50m自由形,女子,,,,,,25～29歳,2,横溝万波,女子,セ・成瀬,29.71,,,,,,,,,27.43,26.27,25.37,26/2
902,78,2025,5,31,長水路,個人,15,50m自由形,女子,,,,,,25～29歳,3,新後海優,女子,セ・トレッサ,30.00,,,,,,,,,27.43,26.27,25.37,26/5
903,78,2025,5,31,長水路,個人,15,50m自由形,女子,,,,,,25～29歳,4,川俣星,女子,セ・新都心,30.37,,,,,,,,,27.43,26.27,25.37,25/6
904,78,2025,5,31,長水路,個人,15,50m自由形,女子,,,,,,25～29歳,5,木田景子,女子,セ・平塚,31.91,,,,,,,,,27.43,26.27,25.37,24/7
905,78,2025,5,31,長水路,個人,15,50m自由形,女子,,,,,,25～29歳,6,松澤春菜,女子,セ・大宮宮原,32.18,,,,,,,,,27.43,26.27,25.37,25/4
906,78,2025,5,31,長水路,個人,15,50m自由形,女子,,,,,,25～29歳,7,山下紗英,女子,セ・S湘南台,33.10,,,,,,,,,27.43,26.27,25.37,25/1
907,78,2025,5,31,長水路,個人,15,50m自由形,女子,,,,,,25～29歳,8,足立知実,女子,セ・平塚,35.34,,,,,,,,,27.43,26.27,25.37,22/4
908,78,2025,5,31,長水路,個人,15,50m自由形,女子,,,,,,25～29歳,9,村岡礼奈,女子,セ・桶川北本,36.14,,,,,,,,,27.43,26.27,25.37,21/2
909,78,2025,5,31,長水路,個人,15,50m自由形,女子,,,,,,25～29歳,10,宮百合恵,女子,セ・阿佐谷,36.66,,,,,,,,,27.43,26.27,25.37,21/8
910,78,2025,5,31,長水路,個人,15,50m自由形,女子,,,,,,25～29歳,11,柏木涼,女子,セ・越谷LT,37.20,,,,,,,,,27.43,26.27,25.37,20/2
911,78,2025,5,31,長水路,個人,15,50m自由形,女子,,,,,,25～29歳,,二宮若葉,女子,セ・南青山,,,,,,,,,,27.43,26.27,25.37,23/9
912,78,2025,5,31,長水路,個人,15,50m自由形,女子,,,,,,18～24歳,1,梶井美杏,女子,セ・清瀬,30.16,,,,,,,,,28.03,,,26/6
913,78,2025,5,31,長水路,個人,15,50m自由形,女子,,,,,,18～24歳,2,高橋紗良,女子,セ・長津田,30.38,,,,,,,,,28.03,,,25/5
914,78,2025,5,31,長水路,個人,15,50m自由形,女子,,,,,,18～24歳,3,宮澤緋花留,女子,セ・蒲田,30.86,,,,,,,,,28.03,,,26/9
915,78,2025,5,31,長水路,個人,15,50m自由形,女子,,,,,,18～24歳,4,栃元春乃,女子,セ・西東京,30.89,,,,,,,,,28.03,,,25/7
916,78,2025,5,31,長水路,個人,15,50m自由形,女子,,,,,,18～24歳,5,青木奈那美,女子,セ・蒲田,31.16,,,,,,,,,28.03,,,26/1
917,78,2025,5,31,長水路,個人,15,50m自由形,女子,,,,,,18～24歳,6,櫻井春佳,女子,セ・大宮宮原,32.15,,,,,,,,,28.03,,,24/2
918,78,2025,5,31,長水路,個人,15,50m自由形,女子,,,,,,18～24歳,7,西澤瑛倫,女子,セ・越谷,32.36,,,,,,,,,28.03,,,25/10
919,78,2025,5,31,長水路,個人,15,50m自由形,女子,,,,,,18～24歳,8,松本彩花,女子,セ・二俣川,32.40,,,,,,,,,28.03,,,22/5
920,78,2025,5,31,長水路,個人,15,50m自由形,女子,,,,,,18～24歳,9,森山稜子,女子,セ・新都心,34.02,,,,,,,,,28.03,,,24/10
921,78,2025,5,31,長水路,個人,16,50m自由形,男子,,,,,,90～94歳,1,椎野正敏,男子,セ・越谷,58.20,,,,,,,,,52.43,40.89,38.64,1/7
922,78,2025,5,31,長水路,個人,16,50m自由形,男子,,,,,,85～89歳,1,井上隆史,男子,セ・市ヶ尾,43.41,,,,,,,,TRUE,43.66,33.74,33.74,3/6
923,78,2025,5,31,長水路,個人,16,50m自由形,男子,,,,,,85～89歳,2,丸野公敏,男子,セ・南千住,1:07.77,,,,,,,,,43.66,33.74,33.74,1/9
924,78,2025,5,31,長水路,個人,16,50m自由形,男子,,,,,,80～84歳,1,石川守也,男子,セ・市川,41.62,,,,,,,,,36.52,31.23,31.23,3/5
925,78,2025,5,31,長水路,個人,16,50m自由形,男子,,,,,,80～84歳,2,中村欣正,男子,セ・流山,42.83,,,,,,,,,36.52,31.23,31.23,3/2
926,78,2025,5,31,長水路,個人,16,50m自由形,男子,,,,,,80～84歳,3,池端孝一,男子,セ・成瀬,43.05,,,,,,,,,36.52,31.23,31.23,4/10
927,78,2025,5,31,長水路,個人,16,50m自由形,男子,,,,,,80～84歳,4,井口穣,男子,セ・東戸塚,43.54,,,,,,,,,36.52,31.23,31.23,5/4
928,78,2025,5,31,長水路,個人,16,50m自由形,男子,,,,,,80～84歳,5,小田稔,男子,セ・慶應日吉,49.21,,,,,,,,,36.52,31.23,31.23,3/9
929,78,2025,5,31,長水路,個人,16,50m自由形,男子,,,,,,80～84歳,6,増山晶一,男子,セ・下北沢,52.23,,,,,,,,,36.52,31.23,31.23,1/4
930,78,2025,5,31,長水路,個人,16,50m自由形,男子,,,,,,80～84歳,7,丸本芳郎,男子,ザバス鶴見,57.60,,,,,,,,,36.52,31.23,31.23,1/8
931,78,2025,5,31,長水路,個人,16,50m自由形,男子,,,,,,75～79歳,1,吉田亮,男子,セ・成城,36.47,,,,,,,,,30.61,29.90,28.49,7/6
932,78,2025,5,31,長水路,個人,16,50m自由形,男子,,,,,,75～79歳,2,嶋﨑昭夫,男子,セ・西東京,37.99,,,,,,,,,30.61,29.90,28.49,6/6
933,78,2025,5,31,長水路,個人,16,50m自由形,男子,,,,,,75～79歳,3,高附直樹,男子,セ・清瀬,40.73,,,,,,,,,30.61,29.90,28.49,5/5
934,78,2025,5,31,長水路,個人,16,50m自由形,男子,,,,,,75～79歳,4,田中信夫,男子,セ・越谷,45.58,,,,,,,,,30.61,29.90,28.49,3/10
935,78,2025,5,31,長水路,個人,16,50m自由形,男子,,,,,,75～79歳,5,御手洗康美,男子,セ・大森,46.39,,,,,,,,,30.61,29.90,28.49,3/1
936,78,2025,5,31,長水路,個人,16,50m自由形,男子,,,,,,75～79歳,6,松永勝,男子,セ・おおたか,48.09,,,,,,,,,30.61,29.90,28.49,2/3
937,78,2025,5,31,長水路,個人,16,50m自由形,男子,,,,,,75～79歳,7,手塚満,男子,セ・おおたか,48.67,,,,,,,,,30.61,29.90,28.49,2/6
938,78,2025,5,31,長水路,個人,16,50m自由形,男子,,,,,,75～79歳,8,泉保央,男子,セ・慶應日吉,50.21,,,,,,,,,30.61,29.90,28.49,2/7
939,78,2025,5,31,長水路,個人,16,50m自由形,男子,,,,,,75～79歳,9,縫田駿一,男子,セ・おおたか,52.25,,,,,,,,,30.61,29.90,28.49,1/2
940,78,2025,5,31,長水路,個人,16,50m自由形,男子,,,,,,75～79歳,10,岡本孝夫,男子,セ・新川崎,57.57,,,,,,,,,30.61,29.90,28.49,1/6
941,78,2025,5,31,長水路,個人,16,50m自由形,男子,,,,,,75～79歳,,竹島正明,男子,セ・越谷,,,,,,,,,,30.61,29.90,28.49,1/5
942,78,2025,5,31,長水路,個人,16,50m自由形,男子,,,,,,70～74歳,1,亀田一麿,男子,セ・東戸塚,34.15,,,,,,,,,29.64,28.58,27.12,12/10
943,78,2025,5,31,長水路,個人,16,50m自由形,男子,,,,,,70～74歳,2,瀧川一興,男子,セ・大森,35.04,,,,,,,,,29.64,28.58,27.12,8/3
944,78,2025,5,31,長水路,個人,16,50m自由形,男子,,,,,,70～74歳,3,鈴木幹男,男子,セ・我孫子,36.01,,,,,,,,,29.64,28.58,27.12,8/6
945,78,2025,5,31,長水路,個人,16,50m自由形,男子,,,,,,70～74歳,4,大倉健志,男子,セ・流山,38.35,,,,,,,,,29.64,28.58,27.12,5/3
946,78,2025,5,31,長水路,個人,16,50m自由形,男子,,,,,,70～74歳,5,渡邊光洋,男子,セ・福島,38.77,,,,,,,,,29.64,28.58,27.12,4/3
947,78,2025,5,31,長水路,個人,16,50m自由形,男子,,,,,,70～74歳,6,中村雄一,男子,G-SPA,40.11,,,,,,,,,29.64,28.58,27.12,4/6
948,78,2025,5,31,長水路,個人,16,50m自由形,男子,,,,,,70～74歳,7,折居彰,男子,セ・阿佐谷,40.32,,,,,,,,,29.64,28.58,27.12,3/7
949,78,2025,5,31,長水路,個人,16,50m自由形,男子,,,,,,70～74歳,8,梅村潔,男子,セ・茂原,41.47,,,,,,,,,29.64,28.58,27.12,5/1
950,78,2025,5,31,長水路,個人,16,50m自由形,男子,,,,,,70～74歳,9,内藤謙一,男子,セ・松戸,41.68,,,,,,,,,29.64,28.58,27.12,3/4
951,78,2025,5,31,長水路,個人,16,50m自由形,男子,,,,,,70～74歳,10,常山賢二,男子,曽谷・セ,42.36,,,,,,,,,29.64,28.58,27.12,5/6
952,78,2025,5,31,長水路,個人,16,50m自由形,男子,,,,,,70～74歳,11,岸田孝,男子,セ・南青山,42.97,,,,,,,,,29.64,28.58,27.12,6/4
953,78,2025,5,31,長水路,個人,16,50m自由形,男子,,,,,,70～74歳,12,松下達一,男子,セ・西新井,44.26,,,,,,,,,29.64,28.58,27.12,4/9
954,78,2025,5,31,長水路,個人,16,50m自由形,男子,,,,,,70～74歳,13,宮﨑清,男子,セ・越谷LT,46.95,,,,,,,,,29.64,28.58,27.12,3/3
955,78,2025,5,31,長水路,個人,16,50m自由形,男子,,,,,,70～74歳,14,若山聖亮,男子,G-SPA,47.33,,,,,,,,,29.64,28.58,27.12,2/8
956,78,2025,5,31,長水路,個人,16,50m自由形,男子,,,,,,70～74歳,15,大久保美伸,男子,セ・松戸,47.53,,,,,,,,,29.64,28.58,27.12,2/4
957,78,2025,5,31,長水路,個人,16,50m自由形,男子,,,,,,70～74歳,16,高橋修一,男子,セ・我孫子,52.67,,,,,,,,,29.64,28.58,27.12,2/1
958,78,2025,5,31,長水路,個人,16,50m自由形,男子,,,,,,70～74歳,17,永島聡,男子,セ・戸塚,54.78,,,,,,,,,29.64,28.58,27.12,1/3
959,78,2025,5,31,長水路,個人,16,50m自由形,男子,,,,,,70～74歳,,斉藤祐一,男子,セ・我孫子,,,,,,,,,,29.64,28.58,27.12,5/8
960,78,2025,5,31,長水路,個人,16,50m自由形,男子,,,,,,65～69歳,1,冨松実,男子,セ・二俣川,31.79,,,,,,,,,28.14,26.19,26.19,13/3
961,78,2025,5,31,長水路,個人,16,50m自由形,男子,,,,,,65～69歳,2,岩田寛,男子,セ・慶應日吉,32.31,,,,,,,,,28.14,26.19,26.19,10/8
962,78,2025,5,31,長水路,個人,16,50m自由形,男子,,,,,,65～69歳,3,大塚克,男子,セ・市川,33.27,,,,,,,,,28.14,26.19,26.19,12/1
963,78,2025,5,31,長水路,個人,16,50m自由形,男子,,,,,,65～69歳,4,松田賢治,男子,セ・大宮宮原,33.43,,,,,,,,,28.14,26.19,26.19,10/5
964,78,2025,5,31,長水路,個人,16,50m自由形,男子,,,,,,65～69歳,5,横浜健,男子,セ・南青山,35.04,,,,,,,,,28.14,26.19,26.19,11/7
965,78,2025,5,31,長水路,個人,16,50m自由形,男子,,,,,,65～69歳,6,山梨英亮,男子,セ・我孫子,35.07,,,,,,,,,28.14,26.19,26.19,7/2
966,78,2025,5,31,長水路,個人,16,50m自由形,男子,,,,,,65～69歳,7,佐藤信弘,男子,セ・桶川北本,36.06,,,,,,,,,28.14,26.19,26.19,9/5
967,78,2025,5,31,長水路,個人,16,50m自由形,男子,,,,,,65～69歳,8,二宮次郎,男子,セ・南宇都宮,36.61,,,,,,,,,28.14,26.19,26.19,8/8
968,78,2025,5,31,長水路,個人,16,50m自由形,男子,,,,,,65～69歳,9,仲宇佐隆一,男子,セ・横浜,37.91,,,,,,,,,28.14,26.19,26.19,7/7
969,78,2025,5,31,長水路,個人,16,50m自由形,男子,,,,,,65～69歳,10,阿部宏之助,男子,セ・上池袋,38.29,,,,,,,,,28.14,26.19,26.19,7/8
970,78,2025,5,31,長水路,個人,16,50m自由形,男子,,,,,,65～69歳,11,長野守,男子,セ・慶應日吉,39.15,,,,,,,,,28.14,26.19,26.19,8/10
971,78,2025,5,31,長水路,個人,16,50m自由形,男子,,,,,,65～69歳,12,山中一男,男子,セ・阿佐谷,39.24,,,,,,,,,28.14,26.19,26.19,6/7
972,78,2025,5,31,長水路,個人,16,50m自由形,男子,,,,,,65～69歳,13,渡辺好造,男子,セ・成瀬,39.74,,,,,,,,,28.14,26.19,26.19,5/9
973,78,2025,5,31,長水路,個人,16,50m自由形,男子,,,,,,65～69歳,14,西森文史郎,男子,セ・長津田,39.89,,,,,,,,,28.14,26.19,26.19,7/4
974,78,2025,5,31,長水路,個人,16,50m自由形,男子,,,,,,65～69歳,15,橋本政明,男子,セ・志木,39.97,,,,,,,,,28.14,26.19,26.19,3/8
975,78,2025,5,31,長水路,個人,16,50m自由形,男子,,,,,,65～69歳,16,赤坂吉昭,男子,セ・葛西,40.30,,,,,,,,,28.14,26.19,26.19,5/7
976,78,2025,5,31,長水路,個人,16,50m自由形,男子,,,,,,65～69歳,17,鈴木義夫,男子,セ・越谷,41.02,,,,,,,,,28.14,26.19,26.19,2/5
977,78,2025,5,31,長水路,個人,16,50m自由形,男子,,,,,,65～69歳,18,藤原雄一郎,男子,セ・大森,42.18,,,,,,,,,28.14,26.19,26.19,4/1
978,78,2025,5,31,長水路,個人,16,50m自由形,男子,,,,,,65～69歳,19,岡部浩次,男子,セ・上池袋,45.85,,,,,,,,,28.14,26.19,26.19,4/4
979,78,2025,5,31,長水路,個人,16,50m自由形,男子,,,,,,60～64歳,1,中村勝,男子,セ・南千住,29.81,,,,,,,,,27.13,26.66,24.82,16/4
980,78,2025,5,31,長水路,個人,16,50m自由形,男子,,,,,,60～64歳,2,上野太紀夫,男子,セ・柏,30.92,,,,,,,,,27.13,26.66,24.82,15/2
981,78,2025,5,31,長水路,個人,16,50m自由形,男子,,,,,,60～64歳,3,山賀勝之,男子,セ・南青山,30.95,,,,,,,,,27.13,26.66,24.82,13/5
982,78,2025,5,31,長水路,個人,16,50m自由形,男子,,,,,,60～64歳,4,金子勝,男子,セ・岩槻,31.69,,,,,,,,,27.13,26.66,24.82,15/6
983,78,2025,5,31,長水路,個人,16,50m自由形,男子,,,,,,60～64歳,5,宇田川祐一,男子,セ・大宮宮原,32.04,,,,,,,,,27.13,26.66,24.82,9/4
984,78,2025,5,31,長水路,個人,16,50m自由形,男子,,,,,,60～64歳,6,中村幸弘,男子,セ・越谷,32.36,,,,,,,,,27.13,26.66,24.82,13/2
985,78,2025,5,31,長水路,個人,16,50m自由形,男子,,,,,,60～64歳,7,神尾尚人,男子,セ・市ヶ尾,32.74,,,,,,,,,27.13,26.66,24.82,14/2
986,78,2025,5,31,長水路,個人,16,50m自由形,男子,,,,,,60～64歳,8,田中基幹,男子,セ・流山,33.09,,,,,,,,,27.13,26.66,24.82,9/7
987,78,2025,5,31,長水路,個人,16,50m自由形,男子,,,,,,60～64歳,9,藤井宏哉,男子,セ・松戸,33.48,,,,,,,,,27.13,26.66,24.82,11/5
988,78,2025,5,31,長水路,個人,16,50m自由形,男子,,,,,,60～64歳,10,安間稔,男子,セ・市ヶ尾,33.61,,,,,,,,,27.13,26.66,24.82,10/6
989,78,2025,5,31,長水路,個人,16,50m自由形,男子,,,,,,60～64歳,11,小泉康延,男子,セ・亀有,33.85,,,,,,,,,27.13,26.66,24.82,11/3
990,78,2025,5,31,長水路,個人,16,50m自由形,男子,,,,,,60～64歳,12,小松崎浩,男子,セ・府中,33.97,,,,,,,,,27.13,26.66,24.82,10/3
991,78,2025,5,31,長水路,個人,16,50m自由形,男子,,,,,,60～64歳,13,二宮淳,男子,セ・トレッサ,35.28,,,,,,,,,27.13,26.66,24.82,9/6
992,78,2025,5,31,長水路,個人,16,50m自由形,男子,,,,,,60～64歳,14,渡辺一,男子,セ・市ヶ尾,36.05,,,,,,,,,27.13,26.66,24.82,10/9
993,78,2025,5,31,長水路,個人,16,50m自由形,男子,,,,,,60～64歳,15,山本勝,男子,セ・慶應日吉,40.20,,,,,,,,,27.13,26.66,24.82,6/8
994,78,2025,5,31,長水路,個人,16,50m自由形,男子,,,,,,60～64歳,16,安部盛博,男子,セ・成城,40.38,,,,,,,,,27.13,26.66,24.82,4/7
995,78,2025,5,31,長水路,個人,16,50m自由形,男子,,,,,,60～64歳,17,安藤靖,男子,セ・南青山,40.67,,,,,,,,,27.13,26.66,24.82,6/3
996,78,2025,5,31,長水路,個人,16,50m自由形,男子,,,,,,60～64歳,18,浅井速人,男子,セ・葛西,41.06,,,,,,,,,27.13,26.66,24.82,6/2
997,78,2025,5,31,長水路,個人,16,50m自由形,男子,,,,,,60～64歳,19,半澤繁,男子,セ・清瀬,45.67,,,,,,,,,27.13,26.66,24.82,4/8
998,78,2025,5,31,長水路,個人,16,50m自由形,男子,,,,,,60～64歳,,金田雅之,男子,セ・能見台,,,,,,,,,,27.13,26.66,24.82,9/2
999,78,2025,5,31,長水路,個人,16,50m自由形,男子,,,,,,55～59歳,1,彅間政隆,男子,セ・葛西,29.63,,,,,,,,,26.96,24.45,24.45,16/6
1000,78,2025,5,31,長水路,個人,16,50m自由形,男子,,,,,,55～59歳,2,杉原祥之,男子,ザバス川崎,29.81,,,,,,,,,26.96,24.45,24.45,15/5
1001,78,2025,5,31,長水路,個人,16,50m自由形,男子,,,,,,55～59歳,3,門倉孝行,男子,セ・慶應日吉,30.12,,,,,,,,,26.96,24.45,24.45,12/4
1002,78,2025,5,31,長水路,個人,16,50m自由形,男子,,,,,,55～59歳,4,西野宮冬木,男子,セ・長津田,30.63,,,,,,,,,26.96,24.45,24.45,13/8
1003,78,2025,5,31,長水路,個人,16,50m自由形,男子,,,,,,55～59歳,5,浅田康朗,男子,セ・大森,30.85,,,,,,,,,26.96,24.45,24.45,17/1
1004,78,2025,5,31,長水路,個人,16,50m自由形,男子,,,,,,55～59歳,6,兵藤鋭雄,男子,セ・目黒,30.91,,,,,,,,,26.96,24.45,24.45,14/4
1005,78,2025,5,31,長水路,個人,16,50m自由形,男子,,,,,,55～59歳,7,青木健二,男子,セ・蒲田,31.30,,,,,,,,,26.96,24.45,24.45,15/9
1006,78,2025,5,31,長水路,個人,16,50m自由形,男子,,,,,,55～59歳,8,木村秀光,男子,セ・上池袋,31.35,,,,,,,,,26.96,24.45,24.45,14/8
1007,78,2025,5,31,長水路,個人,16,50m自由形,男子,,,,,,55～59歳,9,新井良育,男子,セ・市ヶ尾,31.61,,,,,,,,,26.96,24.45,24.45,14/9
1008,78,2025,5,31,長水路,個人,16,50m自由形,男子,,,,,,55～59歳,10,成島毅,男子,セ・F宇都宮,32.20,,,,,,,,,26.96,24.45,24.45,12/5
1009,78,2025,5,31,長水路,個人,16,50m自由形,男子,,,,,,55～59歳,11,山田隆弘,男子,セ・市川,32.85,,,,,,,,,26.96,24.45,24.45,13/4
1010,78,2025,5,31,長水路,個人,16,50m自由形,男子,,,,,,55～59歳,12,佐藤正章,男子,セ・用賀,32.92,,,,,,,,,26.96,24.45,24.45,11/4
1011,78,2025,5,31,長水路,個人,16,50m自由形,男子,,,,,,55～59歳,13,加藤寿起,男子,セ・袖ヶ浦,33.43,,,,,,,,,26.96,24.45,24.45,13/9
1012,78,2025,5,31,長水路,個人,16,50m自由形,男子,,,,,,55～59歳,14,金子謙一,男子,セ・長津田,33.64,,,,,,,,,26.96,24.45,24.45,9/9
1013,78,2025,5,31,長水路,個人,16,50m自由形,男子,,,,,,55～59歳,15,穴田啓樹,男子,セ・慶應日吉,33.73,,,,,,,,,26.96,24.45,24.45,11/2
1014,78,2025,5,31,長水路,個人,16,50m自由形,男子,,,,,,55～59歳,16,猪野周九,男子,セ・谷津,33.75,,,,,,,,,26.96,24.45,24.45,6/1
1015,78,2025,5,31,長水路,個人,16,50m自由形,男子,,,,,,55～59歳,17,久保田信利,男子,ザバス八景,35.10,,,,,,,,,26.96,24.45,24.45,6/10
1016,78,2025,5,31,長水路,個人,16,50m自由形,男子,,,,,,55～59歳,18,中島茂,男子,セ・高崎,36.11,,,,,,,,,26.96,24.45,24.45,10/7
1017,78,2025,5,31,長水路,個人,16,50m自由形,男子,,,,,,55～59歳,19,齋藤和典,男子,セ・新川崎,36.24,,,,,,,,,26.96,24.45,24.45,4/2
1018,78,2025,5,31,長水路,個人,16,50m自由形,男子,,,,,,55～59歳,20,日暮正明,男子,セ・天王洲,37.82,,,,,,,,,26.96,24.45,24.45,8/9
1019,78,2025,5,31,長水路,個人,16,50m自由形,男子,,,,,,55～59歳,21,北村勇,男子,セ・能見台,38.26,,,,,,,,,26.96,24.45,24.45,6/9
1020,78,2025,5,31,長水路,個人,16,50m自由形,男子,,,,,,55～59歳,22,萱沼憲司郎,男子,セ・茂原,38.60,,,,,,,,,26.96,24.45,24.45,7/5
1021,78,2025,5,31,長水路,個人,16,50m自由形,男子,,,,,,55～59歳,23,福田義晴,男子,セ・市川,40.13,,,,,,,,,26.96,24.45,24.45,7/10
1022,78,2025,5,31,長水路,個人,16,50m自由形,男子,,,,,,55～59歳,24,須川真彦,男子,セ・S湘南台,53.32,,,,,,,,,26.96,24.45,24.45,2/2
1023,78,2025,5,31,長水路,個人,16,50m自由形,男子,,,,,,55～59歳,,小野和彦,男子,セ・新川崎,,,,,,,,,,26.96,24.45,24.45,4/5
1024,78,2025,5,31,長水路,個人,16,50m自由形,男子,,,,,,55～59歳,,楊華,男子,ザバス鶴見,,,,,,,,,,26.96,24.45,24.45,11/8
1025,78,2025,5,31,長水路,個人,16,50m自由形,男子,,,,,,55～59歳,,岩崎明,男子,セ・前橋,,,,,,,,,,26.96,24.45,24.45,12/6
1026,78,2025,5,31,長水路,個人,16,50m自由形,男子,,,,,,50～54歳,1,池田正輝,男子,セ・市ヶ尾,26.08,,,,,,,,,25.70,24.08,24.08,21/2
1027,78,2025,5,31,長水路,個人,16,50m自由形,男子,,,,,,50～54歳,2,大村俊文,男子,セ・二俣川,26.38,,,,,,,,,25.70,24.08,24.08,18/3
1028,78,2025,5,31,長水路,個人,16,50m自由形,男子,,,,,,50～54歳,3,石井龍,男子,セ・成城,27.47,,,,,,,,,25.70,24.08,24.08,19/5
1029,78,2025,5,31,長水路,個人,16,50m自由形,男子,,,,,,50～54歳,4,石上智啓,男子,セ・二俣川,28.64,,,,,,,,,25.70,24.08,24.08,16/5
1030,78,2025,5,31,長水路,個人,16,50m自由形,男子,,,,,,50～54歳,5,佐々木茂倫,男子,セ・流山,29.45,,,,,,,,,25.70,24.08,24.08,17/3
1031,78,2025,5,31,長水路,個人,16,50m自由形,男子,,,,,,50～54歳,6,甫坂修男,男子,セ・市川,29.59,,,,,,,,,25.70,24.08,24.08,17/7
1032,78,2025,5,31,長水路,個人,16,50m自由形,男子,,,,,,50～54歳,7,添田邦彦,男子,セ・八王子,29.78,,,,,,,,,25.70,24.08,24.08,9/3
1033,78,2025,5,31,長水路,個人,16,50m自由形,男子,,,,,,50～54歳,8,阿部賢裕,男子,セ・能見台,29.94,,,,,,,,,25.70,24.08,24.08,16/7
1034,78,2025,5,31,長水路,個人,16,50m自由形,男子,,,,,,50～54歳,9,松崎敏明,男子,セ・慶應日吉,29.97,,,,,,,,,25.70,24.08,24.08,17/5
1035,78,2025,5,31,長水路,個人,16,50m自由形,男子,,,,,,50～54歳,10,磯貝知弘,男子,セ・柏,30.22,,,,,,,,,25.70,24.08,24.08,15/8
1036,78,2025,5,31,長水路,個人,16,50m自由形,男子,,,,,,50～54歳,11,足立晃,男子,セ・新川崎,30.45,,,,,,,,,25.70,24.08,24.08,14/7
1037,78,2025,5,31,長水路,個人,16,50m自由形,男子,,,,,,50～54歳,12,内藤充,男子,セ・新川崎,30.72,,,,,,,,,25.70,24.08,24.08,14/3
1038,78,2025,5,31,長水路,個人,16,50m自由形,男子,,,,,,50～54歳,13,渡辺則貴,男子,セ・戸塚,30.81,,,,,,,,,25.70,24.08,24.08,14/1
1039,78,2025,5,31,長水路,個人,16,50m自由形,男子,,,,,,50～54歳,14,佐野剛生,男子,セ・溝ノ口,31.28,,,,,,,,,25.70,24.08,24.08,12/9
1040,78,2025,5,31,長水路,個人,16,50m自由形,男子,,,,,,50～54歳,15,前田光輝,男子,セ・おおたか,31.40,,,,,,,,,25.70,24.08,24.08,12/7
1041,78,2025,5,31,長水路,個人,16,50m自由形,男子,,,,,,50～54歳,16,原田真,男子,セ・葛西,31.58,,,,,,,,,25.70,24.08,24.08,15/3
1042,78,2025,5,31,長水路,個人,16,50m自由形,男子,,,,,,50～54歳,17,松本考弘,男子,セ・清瀬,32.72,,,,,,,,,25.70,24.08,24.08,12/3
1043,78,2025,5,31,長水路,個人,16,50m自由形,男子,,,,,,50～54歳,18,千葉忠英,男子,セ・天王洲,33.27,,,,,,,,,25.70,24.08,24.08,12/2
1044,78,2025,5,31,長水路,個人,16,50m自由形,男子,,,,,,50～54歳,19,岡田能行,男子,セ・越谷,33.41,,,,,,,,,25.70,24.08,24.08,11/6
1045,78,2025,5,31,長水路,個人,16,50m自由形,男子,,,,,,50～54歳,20,佐久間毅慶,男子,セ・新都心,33.80,,,,,,,,,25.70,24.08,24.08,7/1
1046,78,2025,5,31,長水路,個人,16,50m自由形,男子,,,,,,50～54歳,21,倉本貴司,男子,セ・東十条,34.08,,,,,,,,,25.70,24.08,24.08,10/1
1047,78,2025,5,31,長水路,個人,16,50m自由形,男子,,,,,,50～54歳,22,宮本昌雄,男子,セ・長津田,34.60,,,,,,,,,25.70,24.08,24.08,8/7
1048,78,2025,5,31,長水路,個人,16,50m自由形,男子,,,,,,50～54歳,23,庄司和明,男子,セ・松戸,36.45,,,,,,,,,25.70,24.08,24.08,8/4
1049,78,2025,5,31,長水路,個人,16,50m自由形,男子,,,,,,50～54歳,24,本間智浩,男子,セ・志木,36.61,,,,,,,,,25.70,24.08,24.08,10/2
1050,78,2025,5,31,長水路,個人,16,50m自由形,男子,,,,,,50～54歳,25,大川明徳,男子,セ・阿佐谷,37.10,,,,,,,,,25.70,24.08,24.08,9/10
1051,78,2025,5,31,長水路,個人,16,50m自由形,男子,,,,,,50～54歳,26,中田雄也,男子,墨田区体育館,38.13,,,,,,,,,25.70,24.08,24.08,8/1
1052,78,2025,5,31,長水路,個人,16,50m自由形,男子,,,,,,50～54歳,27,東條博,男子,セ・阿佐谷,38.53,,,,,,,,,25.70,24.08,24.08,6/5
1053,78,2025,5,31,長水路,個人,16,50m自由形,男子,,,,,,50～54歳,28,稲田潤一,男子,セ・上池袋,39.29,,,,,,,,,25.70,24.08,24.08,7/3
1054,78,2025,5,31,長水路,個人,16,50m自由形,男子,,,,,,50～54歳,29,松林徹,男子,セ・越谷,39.51,,,,,,,,,25.70,24.08,24.08,2/9
1055,78,2025,5,31,長水路,個人,16,50m自由形,男子,,,,,,50～54歳,30,落合理,男子,セ・武蔵小杉,40.87,,,,,,,,,25.70,24.08,24.08,5/10
1056,78,2025,5,31,長水路,個人,16,50m自由形,男子,,,,,,50～54歳,31,北野善則,男子,セ・新都心,46.74,,,,,,,,,25.70,24.08,24.08,5/2
1057,78,2025,5,31,長水路,個人,16,50m自由形,男子,,,,,,50～54歳,,増渕博之,男子,セ・藤沢,,,,,,,,,,25.70,24.08,24.08,14/5
1058,78,2025,5,31,長水路,個人,16,50m自由形,男子,,,,,,50～54歳,,青木正昭,男子,セ・福生,,,,,,,,,,25.70,24.08,24.08,9/8
1059,78,2025,5,31,長水路,個人,16,50m自由形,男子,,,,,,45～49歳,1,野村峰生,男子,セ・大森,27.07,,,,,,,,,25.69,23.55,23.55,20/2
1060,78,2025,5,31,長水路,個人,16,50m自由形,男子,,,,,,45～49歳,2,寺田貴洋,男子,セ・二俣川,27.95,,,,,,,,,25.69,23.55,23.55,21/10
1061,78,2025,5,31,長水路,個人,16,50m自由形,男子,,,,,,45～49歳,3,北川貴義,男子,セ・阿佐谷,28.10,,,,,,,,,25.69,23.55,23.55,18/5
1062,78,2025,5,31,長水路,個人,16,50m自由形,男子,,,,,,45～49歳,4,倉持公一,男子,セ・天王洲,28.74,,,,,,,,,25.69,23.55,23.55,18/1
1063,78,2025,5,31,長水路,個人,16,50m自由形,男子,,,,,,45～49歳,5,宅間健介,男子,セ・天王洲,29.12,,,,,,,,,25.69,23.55,23.55,17/8
1064,78,2025,5,31,長水路,個人,16,50m自由形,男子,,,,,,45～49歳,6,堀川広祐,男子,セ・二俣川,29.22,,,,,,,,,25.69,23.55,23.55,17/10
1065,78,2025,5,31,長水路,個人,16,50m自由形,男子,,,,,,45～49歳,7,今崎長穂,男子,セ・自由が丘,29.72,,,,,,,,,25.69,23.55,23.55,16/3
1066,78,2025,5,31,長水路,個人,16,50m自由形,男子,,,,,,45～49歳,8,加地隆史,男子,セ・葛西,30.23,,,,,,,,,25.69,23.55,23.55,16/2
1067,78,2025,5,31,長水路,個人,16,50m自由形,男子,,,,,,45～49歳,9,花輪博之,男子,セ・越谷,30.31,,,,,,,,,25.69,23.55,23.55,15/7
1068,78,2025,5,31,長水路,個人,16,50m自由形,男子,,,,,,45～49歳,10,駒形秀一,男子,セ・我孫子,30.44,,,,,,,,,25.69,23.55,23.55,15/4
1069,78,2025,5,31,長水路,個人,16,50m自由形,男子,,,,,,45～49歳,11,若杉佳宏,男子,セ・阿佐谷,30.78,,,,,,,,,25.69,23.55,23.55,14/6
1070,78,2025,5,31,長水路,個人,16,50m自由形,男子,,,,,,45～49歳,12,藤田一寿,男子,セ・成城,30.99,,,,,,,,,25.69,23.55,23.55,16/8
1071,78,2025,5,31,長水路,個人,16,50m自由形,男子,,,,,,45～49歳,13,草野剛史,男子,セ・二俣川,32.26,,,,,,,,,25.69,23.55,23.55,13/6
1072,78,2025,5,31,長水路,個人,16,50m自由形,男子,,,,,,45～49歳,14,高瀬信雄,男子,ザバス川崎,32.51,,,,,,,,,25.69,23.55,23.55,14/10
1073,78,2025,5,31,長水路,個人,16,50m自由形,男子,,,,,,45～49歳,15,中嶋智史,男子,セ・南青山,32.61,,,,,,,,,25.69,23.55,23.55,13/7
1074,78,2025,5,31,長水路,個人,16,50m自由形,男子,,,,,,45～49歳,16,成田敏隆,男子,セ・大森,33.30,,,,,,,,,25.69,23.55,23.55,11/9
1075,78,2025,5,31,長水路,個人,16,50m自由形,男子,,,,,,45～49歳,17,小島直政,男子,セ・久喜,33.69,,,,,,,,,25.69,23.55,23.55,10/10
1076,78,2025,5,31,長水路,個人,16,50m自由形,男子,,,,,,45～49歳,18,上村匠,男子,セ・下北沢,34.67,,,,,,,,,25.69,23.55,23.55,10/4
1077,78,2025,5,31,長水路,個人,16,50m自由形,男子,,,,,,45～49歳,19,鈴木直哉,男子,セ・八王子,35.56,,,,,,,,,25.69,23.55,23.55,9/1
1078,78,2025,5,31,長水路,個人,16,50m自由形,男子,,,,,,40～44歳,1,前田崇行,男子,セ・二俣川,26.11,,,,,,,,,25.23,23.25,23.14,21/8
1079,78,2025,5,31,長水路,個人,16,50m自由形,男子,,,,,,40～44歳,2,吉田拓磨,男子,セ・上池袋,26.99,,,,,,,,,25.23,23.25,23.14,20/7
1080,78,2025,5,31,長水路,個人,16,50m自由形,男子,,,,,,40～44歳,3,石井将太,男子,セ・成瀬,27.19,,,,,,,,,25.23,23.25,23.14,19/2
1081,78,2025,5,31,長水路,個人,16,50m自由形,男子,,,,,,40～44歳,4,鈴木敏志,男子,セ・松戸,27.73,,,,,,,,,25.23,23.25,23.14,19/9
1082,78,2025,5,31,長水路,個人,16,50m自由形,男子,,,,,,40～44歳,5,小林弘典,男子,ザバス川崎,28.27,,,,,,,,,25.23,23.25,23.14,19/1
1083,78,2025,5,31,長水路,個人,16,50m自由形,男子,,,,,,40～44歳,6,村上守,男子,セ・成城,29.04,,,,,,,,,25.23,23.25,23.14,18/9
1084,78,2025,5,31,長水路,個人,16,50m自由形,男子,,,,,,40～44歳,7,田中遼太,男子,セ・慶應日吉,33.22,,,,,,,,,25.23,23.25,23.14,11/1
1085,78,2025,5,31,長水路,個人,16,50m自由形,男子,,,,,,35～39歳,1,青木圭祐,男子,セ・葛西,25.26,,,,,,,,,24.83,23.20,22.72,20/5
1086,78,2025,5,31,長水路,個人,16,50m自由形,男子,,,,,,35～39歳,2,金井元気,男子,セ・慶應日吉,27.44,,,,,,,,,24.83,23.20,22.72,16/9
1087,78,2025,5,31,長水路,個人,16,50m自由形,男子,,,,,,35～39歳,3,雲藤貴光,男子,セ・天王洲,27.46,,,,,,,,,24.83,23.20,22.72,18/6
1088,78,2025,5,31,長水路,個人,16,50m自由形,男子,,,,,,35～39歳,4,福田雄太,男子,セ・慶應日吉,28.96,,,,,,,,,24.83,23.20,22.72,17/6
1089,78,2025,5,31,長水路,個人,16,50m自由形,男子,,,,,,35～39歳,5,和田亮,男子,セ・阿佐谷,29.99,,,,,,,,,24.83,23.20,22.72,18/8
1090,78,2025,5,31,長水路,個人,16,50m自由形,男子,,,,,,35～39歳,6,佐々木悠介,男子,セ・福島,35.98,,,,,,,,,24.83,23.20,22.72,8/2
1091,78,2025,5,31,長水路,個人,16,50m自由形,男子,,,,,,35～39歳,,荒井裕二,男子,セ・慶應日吉,,,,,,,,,,24.83,23.20,22.72,18/4
1092,78,2025,5,31,長水路,個人,16,50m自由形,男子,,,,,,30～34歳,1,石川和樹,男子,セ・谷津,24.54,,,,,,,,TRUE,24.64,22.95,22.13,21/4
1093,78,2025,5,31,長水路,個人,16,50m自由形,男子,,,,,,30～34歳,2,江沢純也,男子,セ・我孫子,28.65,,,,,,,,,24.64,22.95,22.13,17/4
1094,78,2025,5,31,長水路,個人,16,50m自由形,男子,,,,,,30～34歳,3,寺田遼太,男子,セ・天王洲,29.52,,,,,,,,,24.64,22.95,22.13,18/10
1095,78,2025,5,31,長水路,個人,16,50m自由形,男子,,,,,,30～34歳,4,渡部慎也,男子,セ・大森,30.84,,,,,,,,,24.64,22.95,22.13,15/10
1096,78,2025,5,31,長水路,個人,16,50m自由形,男子,,,,,,30～34歳,5,大野淳哉,男子,セ・上池袋,30.97,,,,,,,,,24.64,22.95,22.13,15/1
1097,78,2025,5,31,長水路,個人,16,50m自由形,男子,,,,,,30～34歳,,板垣義人,男子,セ・トレッサ,,,,,,,,,,24.64,22.95,22.13,21/3
1098,78,2025,5,31,長水路,個人,16,50m自由形,男子,,,,,,25～29歳,1,川島由伸,男子,セ・上池袋,23.01,,,,,,,,TRUE,24.20,22.75,22.30,21/5
1099,78,2025,5,31,長水路,個人,16,50m自由形,男子,,,,,,25～29歳,2,板場貴大,男子,セ・成城,24.44,,,,,,,,,24.20,22.75,22.30,21/7
1100,78,2025,5,31,長水路,個人,16,50m自由形,男子,,,,,,25～29歳,3,中島大賀,男子,セ・市川,25.10,,,,,,,,,24.20,22.75,22.30,21/1
1101,78,2025,5,31,長水路,個人,16,50m自由形,男子,,,,,,25～29歳,4,神戸優悠希,男子,セ・茂原,26.00,,,,,,,,,24.20,22.75,22.30,21/9
1102,78,2025,5,31,長水路,個人,16,50m自由形,男子,,,,,,25～29歳,5,宮田遼太,男子,セ・成城,26.31,,,,,,,,,24.20,22.75,22.30,19/4
1103,78,2025,5,31,長水路,個人,16,50m自由形,男子,,,,,,25～29歳,6,星友也,男子,セ・天王洲,26.64,,,,,,,,,24.20,22.75,22.30,19/6
1104,78,2025,5,31,長水路,個人,16,50m自由形,男子,,,,,,25～29歳,7,室坂拓真,男子,セ・用賀,26.87,,,,,,,,,24.20,22.75,22.30,19/7
1105,78,2025,5,31,長水路,個人,16,50m自由形,男子,,,,,,25～29歳,8,村上裕哉,男子,セ・南千住,27.72,,,,,,,,,24.20,22.75,22.30,20/3
1106,78,2025,5,31,長水路,個人,16,50m自由形,男子,,,,,,25～29歳,9,和田佳明,男子,セ・二俣川,29.84,,,,,,,,,24.20,22.75,22.30,17/9
1107,78,2025,5,31,長水路,個人,16,50m自由形,男子,,,,,,25～29歳,10,竹下翔,男子,セ・長津田,30.41,,,,,,,,,24.20,22.75,22.30,16/1
1108,78,2025,5,31,長水路,個人,16,50m自由形,男子,,,,,,25～29歳,11,長谷川輝,男子,セ・平塚,32.44,,,,,,,,,24.20,22.75,22.30,8/5
1109,78,2025,5,31,長水路,個人,16,50m自由形,男子,,,,,,25～29歳,12,亀井智貴,男子,セ・用賀,32.65,,,,,,,,,24.20,22.75,22.30,12/8
1110,78,2025,5,31,長水路,個人,16,50m自由形,男子,,,,,,25～29歳,,横山勝大,男子,セ・長津田,,,,,,,,,,24.20,22.75,22.30,7/9
1111,78,2025,5,31,長水路,個人,16,50m自由形,男子,,,,,,18～24歳,1,設樂航希,男子,セ・流山,23.99,,,,,,,,,22.80,,,21/6
1112,78,2025,5,31,長水路,個人,16,50m自由形,男子,,,,,,18～24歳,2,村田拓斗,男子,セ・長津田,25.05,,,,,,,,,22.80,,,20/4
1113,78,2025,5,31,長水路,個人,16,50m自由形,男子,,,,,,18～24歳,3,織戸友宏,男子,セ・葛西,26.32,,,,,,,,,22.80,,,20/1
1114,78,2025,5,31,長水路,個人,16,50m自由形,男子,,,,,,18～24歳,4,重高良彦,男子,セ・能見台,26.50,,,,,,,,,22.80,,,19/3
1115,78,2025,5,31,長水路,個人,16,50m自由形,男子,,,,,,18～24歳,5,田中啓二朗,男子,セ・二俣川,26.61,,,,,,,,,22.80,,,20/9
1116,78,2025,5,31,長水路,個人,16,50m自由形,男子,,,,,,18～24歳,6,三角一汰,男子,セ・新都心,26.92,,,,,,,,,22.80,,,19/10
1117,78,2025,5,31,長水路,個人,16,50m自由形,男子,,,,,,18～24歳,7,藤井大智,男子,セ・F東戸塚,27.03,,,,,,,,,22.80,,,16/10
1118,78,2025,5,31,長水路,個人,16,50m自由形,男子,,,,,,18～24歳,8,伊藤水晶,男子,セ・松戸,27.34,,,,,,,,,22.80,,,20/8
1119,78,2025,5,31,長水路,個人,16,50m自由形,男子,,,,,,18～24歳,9,佐々木明日真,男子,セ・市川,27.59,,,,,,,,,22.80,,,19/8
1120,78,2025,5,31,長水路,個人,16,50m自由形,男子,,,,,,18～24歳,10,西沢歩,男子,セ・清瀬,27.64,,,,,,,,,22.80,,,18/7
1121,78,2025,5,31,長水路,個人,16,50m自由形,男子,,,,,,18～24歳,11,南里輝,男子,セ・蒲田,27.66,,,,,,,,,22.80,,,20/6
1122,78,2025,5,31,長水路,個人,16,50m自由形,男子,,,,,,18～24歳,12,金子智哉,男子,セ・清瀬,27.84,,,,,,,,,22.80,,,18/2
1123,78,2025,5,31,長水路,個人,16,50m自由形,男子,,,,,,18～24歳,13,藤井龍生,男子,セ・横浜,27.88,,,,,,,,,22.80,,,20/10
1124,78,2025,5,31,長水路,個人,16,50m自由形,男子,,,,,,18～24歳,14,安永竜之佑,男子,セ・東戸塚,29.70,,,,,,,,,22.80,,,13/10
1125,78,2025,5,31,長水路,個人,16,50m自由形,男子,,,,,,18～24歳,15,加藤慎梧,男子,ザバス川崎,31.75,,,,,,,,,22.80,,,11/10
1126,78,2025,5,31,長水路,個人,16,50m自由形,男子,,,,,,18～24歳,16,佐々木駿,男子,セ・流山,32.71,,,,,,,,,22.80,,,13/1
1127,78,2025,5,31,長水路,個人,16,50m自由形,男子,,,,,,18～24歳,,我妻雄大,男子,セ・南千住,,,,,,,,,,22.80,,,17/2
1128,78,2025,5,31,長水路,個人,20,50m平泳ぎ,女子,,,,,,90～94歳,1,鈴木静江,女子,クリーンスパ,1:32.03,,,,,,,,,,1:15.13,59.40,1/3
1129,78,2025,5,31,長水路,個人,20,50m平泳ぎ,女子,,,,,,85～89歳,1,平井節子,女子,セ・南千住,1:12.96,,,,,,,,,1:05.13,53.85,51.83,2/8
1130,78,2025,5,31,長水路,個人,20,50m平泳ぎ,女子,,,,,,80～84歳,1,長谷部征子,女子,セ・八王子,1:01.41,,,,,,,,,58.72,47.59,46.94,5/2
1131,78,2025,5,31,長水路,個人,20,50m平泳ぎ,女子,,,,,,80～84歳,2,佐藤由利子,女子,セ・用賀,1:05.08,,,,,,,,,58.72,47.59,46.94,4/10
1132,78,2025,5,31,長水路,個人,20,50m平泳ぎ,女子,,,,,,80～84歳,3,岡本靖子,女子,セ・慶應日吉,1:06.70,,,,,,,,,58.72,47.59,46.94,3/5
1133,78,2025,5,31,長水路,個人,20,50m平泳ぎ,女子,,,,,,80～84歳,4,久保美紀枝,女子,セ・流山,1:17.15,,,,,,,,,58.72,47.59,46.94,1/5
1134,78,2025,5,31,長水路,個人,20,50m平泳ぎ,女子,,,,,,80～84歳,,西村咲喜子,女子,セ・志木,,,,,,,,,,58.72,47.59,46.94,1/4
1135,78,2025,5,31,長水路,個人,20,50m平泳ぎ,女子,,,,,,75～79歳,1,渡部みさを,女子,セ・慶應日吉,51.37,,,,,,,,TRUE,55.75,43.95,43.95,9/4
1136,78,2025,5,31,長水路,個人,20,50m平泳ぎ,女子,,,,,,75～79歳,2,栗林眞知子,女子,セ・成城,56.73,,,,,,,,,55.75,43.95,43.95,5/7
1137,78,2025,5,31,長水路,個人,20,50m平泳ぎ,女子,,,,,,75～79歳,3,室谷晴江,女子,セ・大森,58.72,,,,,,,,,55.75,43.95,43.95,5/4
1138,78,2025,5,31,長水路,個人,20,50m平泳ぎ,女子,,,,,,75～79歳,4,福田加代子,女子,セ・戸塚,1:00.89,,,,,,,,,55.75,43.95,43.95,5/5
1139,78,2025,5,31,長水路,個人,20,50m平泳ぎ,女子,,,,,,75～79歳,5,末光とき子,女子,墨田区体育館,1:05.87,,,,,,,,,55.75,43.95,43.95,2/4
1140,78,2025,5,31,長水路,個人,20,50m平泳ぎ,女子,,,,,,75～79歳,6,荒深なみ,女子,セ・市ヶ尾,1:08.53,,,,,,,,,55.75,43.95,43.95,4/2
1141,78,2025,5,31,長水路,個人,20,50m平泳ぎ,女子,,,,,,75～79歳,7,諸橋暁子,女子,曽谷・セ,1:10.01,,,,,,,,,55.75,43.95,43.95,2/5
1142,78,2025,5,31,長水路,個人,20,50m平泳ぎ,女子,,,,,,75～79歳,8,吉見一江,女子,セ・二俣川,1:14.52,,,,,,,,,55.75,43.95,43.95,2/6
1143,78,2025,5,31,長水路,個人,20,50m平泳ぎ,女子,,,,,,75～79歳,9,栗原羊子,女子,セ・流山,1:18.67,,,,,,,,,55.75,43.95,43.95,1/6
1144,78,2025,5,31,長水路,個人,20,50m平泳ぎ,女子,,,,,,75～79歳,10,安部澄子,女子,セ・我孫子,1:28.72,,,,,,,,,55.75,43.95,43.95,1/7
1145,78,2025,5,31,長水路,個人,20,50m平泳ぎ,女子,,,,,,70～74歳,1,瀧下節子,女子,セ・志木,54.80,,,,,,,,,46.76,42.98,41.67,7/5
1146,78,2025,5,31,長水路,個人,20,50m平泳ぎ,女子,,,,,,70～74歳,2,高梨佳代子,女子,ザバス八景,56.11,,,,,,,,,46.76,42.98,41.67,7/8
1147,78,2025,5,31,長水路,個人,20,50m平泳ぎ,女子,,,,,,70～74歳,3,新井瑞枝,女子,セ・流山,56.28,,,,,,,,,46.76,42.98,41.67,3/6
1148,78,2025,5,31,長水路,個人,20,50m平泳ぎ,女子,,,,,,70～74歳,4,小笠原三春,女子,セ・八王子,56.76,,,,,,,,,46.76,42.98,41.67,8/9
1149,78,2025,5,31,長水路,個人,20,50m平泳ぎ,女子,,,,,,70～74歳,5,松木真知子,女子,セ・ときわ台,57.22,,,,,,,,,46.76,42.98,41.67,4/3
1150,78,2025,5,31,長水路,個人,20,50m平泳ぎ,女子,,,,,,70～74歳,6,青砥美智子,女子,セ・葛西,57.52,,,,,,,,,46.76,42.98,41.67,4/4
1151,78,2025,5,31,長水路,個人,20,50m平泳ぎ,女子,,,,,,70～74歳,7,小澤優子,女子,セ・葛西,58.61,,,,,,,,,46.76,42.98,41.67,4/5
1152,78,2025,5,31,長水路,個人,20,50m平泳ぎ,女子,,,,,,70～74歳,8,畠山眞由美,女子,セ・柏,58.90,,,,,,,,,46.76,42.98,41.67,3/2
1153,78,2025,5,31,長水路,個人,20,50m平泳ぎ,女子,,,,,,70～74歳,9,舛尾妃呂子,女子,セ・稲毛海岸,59.50,,,,,,,,,46.76,42.98,41.67,5/3
1154,78,2025,5,31,長水路,個人,20,50m平泳ぎ,女子,,,,,,70～74歳,10,高木保子,女子,セ・おおたか,1:00.95,,,,,,,,,46.76,42.98,41.67,6/2
1155,78,2025,5,31,長水路,個人,20,50m平泳ぎ,女子,,,,,,70～74歳,11,藤井道子,女子,セ・我孫子,1:03.65,,,,,,,,,46.76,42.98,41.67,3/8
1156,78,2025,5,31,長水路,個人,20,50m平泳ぎ,女子,,,,,,70～74歳,12,渡邉登美子,女子,セ・阿佐谷,1:04.06,,,,,,,,,46.76,42.98,41.67,3/3
1157,78,2025,5,31,長水路,個人,20,50m平泳ぎ,女子,,,,,,70～74歳,13,池田則子,女子,セ・松戸,1:07.98,,,,,,,,,46.76,42.98,41.67,3/9
1158,78,2025,5,31,長水路,個人,20,50m平泳ぎ,女子,,,,,,65～69歳,1,高梨美樹,女子,セ・成城,49.31,,,,,,,,,45.59,42.07,39.91,10/5
1159,78,2025,5,31,長水路,個人,20,50m平泳ぎ,女子,,,,,,65～69歳,2,米澤美智子,女子,セ・成瀬,49.86,,,,,,,,,45.59,42.07,39.91,10/6
1160,78,2025,5,31,長水路,個人,20,50m平泳ぎ,女子,,,,,,65～69歳,3,三枚堂かよ子,女子,セ・阿佐谷,52.88,,,,,,,,,45.59,42.07,39.91,9/8
1161,78,2025,5,31,長水路,個人,20,50m平泳ぎ,女子,,,,,,65～69歳,4,佐々木和恵,女子,セ・松戸,54.87,,,,,,,,,45.59,42.07,39.91,7/9
1162,78,2025,5,31,長水路,個人,20,50m平泳ぎ,女子,,,,,,65～69歳,5,育村博子,女子,セ・おおたか,56.31,,,,,,,,,45.59,42.07,39.91,6/8
1163,78,2025,5,31,長水路,個人,20,50m平泳ぎ,女子,,,,,,65～69歳,6,櫻田琴,女子,セ・天王洲,56.37,,,,,,,,,45.59,42.07,39.91,7/2
1164,78,2025,5,31,長水路,個人,20,50m平泳ぎ,女子,,,,,,65～69歳,7,太田初美,女子,セ・越谷,56.60,,,,,,,,,45.59,42.07,39.91,7/6
1165,78,2025,5,31,長水路,個人,20,50m平泳ぎ,女子,,,,,,65～69歳,8,浅野みどり,女子,セ・天王洲,57.08,,,,,,,,,45.59,42.07,39.91,6/1
1166,78,2025,5,31,長水路,個人,20,50m平泳ぎ,女子,,,,,,65～69歳,9,掃部典子,女子,曽谷・セ,58.32,,,,,,,,,45.59,42.07,39.91,7/3
1167,78,2025,5,31,長水路,個人,20,50m平泳ぎ,女子,,,,,,65～69歳,10,倉林明子,女子,セ・おおたか,58.87,,,,,,,,,45.59,42.07,39.91,6/6
1168,78,2025,5,31,長水路,個人,20,50m平泳ぎ,女子,,,,,,65～69歳,11,益田加津子,女子,セ・自由が丘,59.72,,,,,,,,,45.59,42.07,39.91,4/6
1169,78,2025,5,31,長水路,個人,20,50m平泳ぎ,女子,,,,,,65～69歳,12,花形一実,女子,セ・南千住,1:02.45,,,,,,,,,45.59,42.07,39.91,4/7
1170,78,2025,5,31,長水路,個人,20,50m平泳ぎ,女子,,,,,,65～69歳,13,渋谷照代,女子,セ・我孫子,1:05.64,,,,,,,,,45.59,42.07,39.91,3/1
1171,78,2025,5,31,長水路,個人,20,50m平泳ぎ,女子,,,,,,65～69歳,14,油井みどりセ・新,女子,浦安,1:06.73,,,,,,,,,45.59,42.07,39.91,4/9
1172,78,2025,5,31,長水路,個人,20,50m平泳ぎ,女子,,,,,,65～69歳,15,松田則子,女子,セ・成瀬,1:12.78,,,,,,,,,45.59,42.07,39.91,8/1
1173,78,2025,5,31,長水路,個人,20,50m平泳ぎ,女子,,,,,,65～69歳,16,小高和子,女子,セ・桶川北本,1:17.49,,,,,,,,,45.59,42.07,39.91,2/7
1174,78,2025,5,31,長水路,個人,20,50m平泳ぎ,女子,,,,,,65～69歳,,原田由美子,女子,セ・慶應日吉,,,,,,,,,,45.59,42.07,39.91,2/3
1175,78,2025,5,31,長水路,個人,20,50m平泳ぎ,女子,,,,,,60～64歳,1,野島久枝,女子,セ・二俣川,46.21,,,,,,,,,43.45,38.07,37.43,11/7
1176,78,2025,5,31,長水路,個人,20,50m平泳ぎ,女子,,,,,,60～64歳,2,羽山恵津子,女子,セ・葛西,46.96,,,,,,,,,43.45,38.07,37.43,11/4
1177,78,2025,5,31,長水路,個人,20,50m平泳ぎ,女子,,,,,,60～64歳,3,石井菜穂美,女子,セ・市川,47.07,,,,,,,,,43.45,38.07,37.43,12/4
1178,78,2025,5,31,長水路,個人,20,50m平泳ぎ,女子,,,,,,60～64歳,4,佐藤美絵子,女子,セ・清瀬,47.84,,,,,,,,,43.45,38.07,37.43,10/4
1179,78,2025,5,31,長水路,個人,20,50m平泳ぎ,女子,,,,,,60～64歳,5,小池理恵子,女子,セ・阿佐谷,48.88,,,,,,,,,43.45,38.07,37.43,11/1
1180,78,2025,5,31,長水路,個人,20,50m平泳ぎ,女子,,,,,,60～64歳,6,船津香,女子,セ・自由が丘,49.47,,,,,,,,,43.45,38.07,37.43,10/7
1181,78,2025,5,31,長水路,個人,20,50m平泳ぎ,女子,,,,,,60～64歳,7,山本庸子,女子,セ・八王子,50.41,,,,,,,,,43.45,38.07,37.43,10/2
1182,78,2025,5,31,長水路,個人,20,50m平泳ぎ,女子,,,,,,60～64歳,8,酒井寿美恵,女子,クリーンスパ,51.54,,,,,,,,,43.45,38.07,37.43,10/9
1183,78,2025,5,31,長水路,個人,20,50m平泳ぎ,女子,,,,,,60～64歳,9,盛田真規子,女子,セ・二俣川,52.87,,,,,,,,,43.45,38.07,37.43,9/10
1184,78,2025,5,31,長水路,個人,20,50m平泳ぎ,女子,,,,,,60～64歳,10,凩栄里子,女子,セ・府中,54.52,,,,,,,,,43.45,38.07,37.43,9/2
1185,78,2025,5,31,長水路,個人,20,50m平泳ぎ,女子,,,,,,60～64歳,11,渡邊ひろみ,女子,セ・松戸,55.87,,,,,,,,,43.45,38.07,37.43,7/10
1186,78,2025,5,31,長水路,個人,20,50m平泳ぎ,女子,,,,,,60～64歳,12,太刀岡早苗,女子,セ・市ヶ尾,56.18,,,,,,,,,43.45,38.07,37.43,8/5
1187,78,2025,5,31,長水路,個人,20,50m平泳ぎ,女子,,,,,,60～64歳,13,吉野ひとみ,女子,セ・松戸,56.80,,,,,,,,,43.45,38.07,37.43,5/9
1188,78,2025,5,31,長水路,個人,20,50m平泳ぎ,女子,,,,,,60～64歳,14,飯田美奈子,女子,セ・西新井,58.29,,,,,,,,,43.45,38.07,37.43,5/6
1189,78,2025,5,31,長水路,個人,20,50m平泳ぎ,女子,,,,,,60～64歳,15,田中香苗,女子,セ・青砥,1:01.27,,,,,,,,,43.45,38.07,37.43,4/8
1190,78,2025,5,31,長水路,個人,20,50m平泳ぎ,女子,,,,,,60～64歳,16,平澤馨,女子,セ・府中,1:06.14,,,,,,,,,43.45,38.07,37.43,3/10
1191,78,2025,5,31,長水路,個人,20,50m平泳ぎ,女子,,,,,,55～59歳,1,鈴木和佳奈,女子,セ・桶川北本,43.15,,,,,,,,,40.00,37.52,35.59,12/7
1192,78,2025,5,31,長水路,個人,20,50m平泳ぎ,女子,,,,,,55～59歳,2,前畑章子,女子,セ・慶應日吉,46.47,,,,,,,,,40.00,37.52,35.59,11/5
1193,78,2025,5,31,長水路,個人,20,50m平泳ぎ,女子,,,,,,55～59歳,3,佐藤洋子,女子,セ・成城,46.58,,,,,,,,,40.00,37.52,35.59,11/10
1194,78,2025,5,31,長水路,個人,20,50m平泳ぎ,女子,,,,,,55～59歳,4,鶴岡美佐,女子,ザバス八景,47.63,,,,,,,,,40.00,37.52,35.59,11/8
1195,78,2025,5,31,長水路,個人,20,50m平泳ぎ,女子,,,,,,55～59歳,5,坂井慶子,女子,セ・大宮宮原,50.51,,,,,,,,,40.00,37.52,35.59,8/4
1196,78,2025,5,31,長水路,個人,20,50m平泳ぎ,女子,,,,,,55～59歳,6,森川佳奈子,女子,クリーンスパ,51.80,,,,,,,,,40.00,37.52,35.59,9/7
1197,78,2025,5,31,長水路,個人,20,50m平泳ぎ,女子,,,,,,55～59歳,7,角南美貴,女子,セ・我孫子,52.72,,,,,,,,,40.00,37.52,35.59,9/9
1198,78,2025,5,31,長水路,個人,20,50m平泳ぎ,女子,,,,,,55～59歳,8,池田直子,女子,セ・大森,53.29,,,,,,,,,40.00,37.52,35.59,8/3
1199,78,2025,5,31,長水路,個人,20,50m平泳ぎ,女子,,,,,,55～59歳,9,田上麻紀,女子,セ・久喜,55.24,,,,,,,,,40.00,37.52,35.59,6/7
1200,78,2025,5,31,長水路,個人,20,50m平泳ぎ,女子,,,,,,55～59歳,10,大久保彩子,女子,セ・阿佐谷,57.52,,,,,,,,,40.00,37.52,35.59,5/8
1201,78,2025,5,31,長水路,個人,20,50m平泳ぎ,女子,,,,,,55～59歳,11,岩朋実,女子,セ・川越,57.79,,,,,,,,,40.00,37.52,35.59,6/4
1202,78,2025,5,31,長水路,個人,20,50m平泳ぎ,女子,,,,,,55～59歳,12,松川律子,女子,セ・二俣川,58.85,,,,,,,,,40.00,37.52,35.59,6/10
1203,78,2025,5,31,長水路,個人,20,50m平泳ぎ,女子,,,,,,55～59歳,13,佐藤淳子,女子,セ・久喜,1:01.95,,,,,,,,,40.00,37.52,35.59,4/1
1204,78,2025,5,31,長水路,個人,20,50m平泳ぎ,女子,,,,,,55～59歳,,冨樫真樹子,女子,セ・用賀,,,,,,,,,,40.00,37.52,35.59,6/9
1205,78,2025,5,31,長水路,個人,20,50m平泳ぎ,女子,,,,,,55～59歳,,西田三佐子,女子,セ・大宮宮原,,,,,,,,,,40.00,37.52,35.59,8/7
1206,78,2025,5,31,長水路,個人,20,50m平泳ぎ,女子,,,,,,50～54歳,1,梅澤亮子,女子,セ・桶川北本,42.13,,,,,,,,,39.33,37.22,34.18,13/1
1207,78,2025,5,31,長水路,個人,20,50m平泳ぎ,女子,,,,,,50～54歳,2,池田智子,女子,セ・目黒,43.55,,,,,,,,,39.33,37.22,34.18,12/10
1208,78,2025,5,31,長水路,個人,20,50m平泳ぎ,女子,,,,,,50～54歳,3,五十嵐知佐,女子,セ・おおたか,46.09,,,,,,,,,39.33,37.22,34.18,11/2
1209,78,2025,5,31,長水路,個人,20,50m平泳ぎ,女子,,,,,,50～54歳,4,白須靖子,女子,セ・市ヶ尾,47.48,,,,,,,,,39.33,37.22,34.18,11/6
1210,78,2025,5,31,長水路,個人,20,50m平泳ぎ,女子,,,,,,50～54歳,5,大橋ほづ美,女子,セ・清瀬,48.10,,,,,,,,,39.33,37.22,34.18,9/5
1211,78,2025,5,31,長水路,個人,20,50m平泳ぎ,女子,,,,,,50～54歳,6,佐伯康子,女子,ザバス川崎,48.34,,,,,,,,,39.33,37.22,34.18,12/2
1212,78,2025,5,31,長水路,個人,20,50m平泳ぎ,女子,,,,,,50～54歳,7,田原文月,女子,セ・南千住,48.74,,,,,,,,,39.33,37.22,34.18,11/9
1213,78,2025,5,31,長水路,個人,20,50m平泳ぎ,女子,,,,,,50～54歳,8,引本亜紀子,女子,セ・用賀,49.22,,,,,,,,,39.33,37.22,34.18,7/1
1214,78,2025,5,31,長水路,個人,20,50m平泳ぎ,女子,,,,,,50～54歳,9,大島江理子,女子,セ・大森,49.42,,,,,,,,,39.33,37.22,34.18,10/1
1215,78,2025,5,31,長水路,個人,20,50m平泳ぎ,女子,,,,,,50～54歳,10,磯村麻衣子,女子,セ・上池袋,50.75,,,,,,,,,39.33,37.22,34.18,8/10
1216,78,2025,5,31,長水路,個人,20,50m平泳ぎ,女子,,,,,,50～54歳,11,比留川美緒,女子,セ・平塚,52.39,,,,,,,,,39.33,37.22,34.18,5/10
1217,78,2025,5,31,長水路,個人,20,50m平泳ぎ,女子,,,,,,50～54歳,12,村岡貴子,女子,セ・桶川北本,52.51,,,,,,,,,39.33,37.22,34.18,8/2
1218,78,2025,5,31,長水路,個人,20,50m平泳ぎ,女子,,,,,,50～54歳,13,佐藤晶子,女子,セ・おおたか,53.16,,,,,,,,,39.33,37.22,34.18,8/8
1219,78,2025,5,31,長水路,個人,20,50m平泳ぎ,女子,,,,,,50～54歳,14,北原暁美,女子,セ・南青山,59.39,,,,,,,,,39.33,37.22,34.18,3/7
1220,78,2025,5,31,長水路,個人,20,50m平泳ぎ,女子,,,,,,50～54歳,15,小川史枝,女子,セ・越谷LT,1:03.98,,,,,,,,,39.33,37.22,34.18,5/1
1221,78,2025,5,31,長水路,個人,20,50m平泳ぎ,女子,,,,,,50～54歳,16,兼子敬子,女子,セ・南千住,1:12.95,,,,,,,,,39.33,37.22,34.18,3/4
1222,78,2025,5,31,長水路,個人,20,50m平泳ぎ,女子,,,,,,45～49歳,1,櫻井理恵子,女子,セ・袖ヶ浦,44.37,,,,,,,,,36.63,35.65,33.56,12/6
1223,78,2025,5,31,長水路,個人,20,50m平泳ぎ,女子,,,,,,45～49歳,2,高橋真美,女子,セ・志木,45.22,,,,,,,,,36.63,35.65,33.56,12/8
1224,78,2025,5,31,長水路,個人,20,50m平泳ぎ,女子,,,,,,45～49歳,3,溝井花代子,女子,セ・葛西,47.84,,,,,,,,,36.63,35.65,33.56,11/3
1225,78,2025,5,31,長水路,個人,20,50m平泳ぎ,女子,,,,,,45～49歳,4,前田由希映,女子,セ・二俣川,51.60,,,,,,,,,36.63,35.65,33.56,9/3
1226,78,2025,5,31,長水路,個人,20,50m平泳ぎ,女子,,,,,,45～49歳,5,高島典子,女子,セ・大森,53.20,,,,,,,,,36.63,35.65,33.56,6/3
1227,78,2025,5,31,長水路,個人,20,50m平泳ぎ,女子,,,,,,45～49歳,6,吉田瑠夏,女子,曽谷・セ,54.30,,,,,,,,,36.63,35.65,33.56,7/7
1228,78,2025,5,31,長水路,個人,20,50m平泳ぎ,女子,,,,,,45～49歳,,サカモト亮子,女子,セ・自由が丘,,,,,,,,,,36.63,35.65,33.56,10/10
1229,78,2025,5,31,長水路,個人,20,50m平泳ぎ,女子,,,,,,40～44歳,1,中村可奈子,女子,セ・おおたか,42.71,,,,,,,,,38.52,35.05,32.42,13/9
1230,78,2025,5,31,長水路,個人,20,50m平泳ぎ,女子,,,,,,40～44歳,2,岩田愛恵,女子,セ・成城,46.30,,,,,,,,,38.52,35.05,32.42,10/3
1231,78,2025,5,31,長水路,個人,20,50m平泳ぎ,女子,,,,,,40～44歳,3,久保かおり,女子,セ・長津田,51.50,,,,,,,,,38.52,35.05,32.42,6/5
1232,78,2025,5,31,長水路,個人,20,50m平泳ぎ,女子,,,,,,40～44歳,4,中辻澄美,女子,セ・天王洲,53.46,,,,,,,,,38.52,35.05,32.42,9/6
1233,78,2025,5,31,長水路,個人,20,50m平泳ぎ,女子,,,,,,40～44歳,5,石川彩,女子,セ・成瀬,54.04,,,,,,,,,38.52,35.05,32.42,10/8
1234,78,2025,5,31,長水路,個人,20,50m平泳ぎ,女子,,,,,,40～44歳,6,谷美希子,女子,セ・府中,57.23,,,,,,,,,38.52,35.05,32.42,7/4
1235,78,2025,5,31,長水路,個人,20,50m平泳ぎ,女子,,,,,,35～39歳,1,宮下奏子,女子,セ・市ヶ尾,42.86,,,,,,,,,37.84,33.04,31.35,13/4
1236,78,2025,5,31,長水路,個人,20,50m平泳ぎ,女子,,,,,,35～39歳,2,RacaruGabriela,女子,セ・慶應日吉,51.04,,,,,,,,,37.84,33.04,31.35,9/1
1237,78,2025,5,31,長水路,個人,20,50m平泳ぎ,女子,,,,,,35～39歳,3,久保美由紀,女子,セ・長津田,53.43,,,,,,,,,37.84,33.04,31.35,8/6
1238,78,2025,5,31,長水路,個人,20,50m平泳ぎ,女子,,,,,,30～34歳,1,遠藤桃,女子,セ・越谷,38.84,,,,,,,,,37.51,32.42,32.22,13/7
1239,78,2025,5,31,長水路,個人,20,50m平泳ぎ,女子,,,,,,30～34歳,2,宍戸萌,女子,セ・長津田,40.08,,,,,,,,,37.51,32.42,32.22,12/5
1240,78,2025,5,31,長水路,個人,20,50m平泳ぎ,女子,,,,,,30～34歳,3,大椛詩織,女子,セ・葛西,42.48,,,,,,,,,37.51,32.42,32.22,13/10
1241,78,2025,5,31,長水路,個人,20,50m平泳ぎ,女子,,,,,,30～34歳,4,片桐由里恵,女子,セ・S湘南台,45.61,,,,,,,,,37.51,32.42,32.22,12/1
1242,78,2025,5,31,長水路,個人,20,50m平泳ぎ,女子,,,,,,25～29歳,1,小林志穂,女子,セ・葛西,35.52,,,,,,,,TRUE,36.99,31.89,31.60,13/5
1243,78,2025,5,31,長水路,個人,20,50m平泳ぎ,女子,,,,,,25～29歳,2,丸玖瑠都,女子,セ・成城,39.11,,,,,,,,,36.99,31.89,31.60,13/3
1244,78,2025,5,31,長水路,個人,20,50m平泳ぎ,女子,,,,,,25～29歳,3,松澤春菜,女子,セ・大宮宮原,42.78,,,,,,,,,36.99,31.89,31.60,13/8
1245,78,2025,5,31,長水路,個人,20,50m平泳ぎ,女子,,,,,,25～29歳,4,石井理桜子,女子,セ・市川,42.88,,,,,,,,,36.99,31.89,31.60,13/2
1246,78,2025,5,31,長水路,個人,20,50m平泳ぎ,女子,,,,,,25～29歳,5,柏木涼,女子,セ・越谷LT,45.76,,,,,,,,,36.99,31.89,31.60,12/9
1247,78,2025,5,31,長水路,個人,20,50m平泳ぎ,女子,,,,,,18～24歳,1,竹山睦月,女子,セ・南青山,37.70,,,,,,,,,34.89,,,13/6
1248,78,2025,5,31,長水路,個人,20,50m平泳ぎ,女子,,,,,,18～24歳,2,皆川すみれ,女子,セ・南青山,46.50,,,,,,,,,34.89,,,12/3
1249,78,2025,5,31,長水路,個人,21,50m平泳ぎ,男子,,,,,,85～89歳,1,池田道彦,男子,セ・南千住,1:07.24,,,,,,,,,58.51,45.58,45.42,2/7
1250,78,2025,5,31,長水路,個人,21,50m平泳ぎ,男子,,,,,,85～89歳,2,浅田眞守,男子,セ・二俣川,1:09.72,,,,,,,,,58.51,45.58,45.42,1/3
1251,78,2025,5,31,長水路,個人,21,50m平泳ぎ,男子,,,,,,80～84歳,1,今修二,男子,セ・越谷,49.85,,,,,,,,,49.32,41.68,41.68,5/7
1252,78,2025,5,31,長水路,個人,21,50m平泳ぎ,男子,,,,,,80～84歳,2,池端孝一,男子,セ・成瀬,55.06,,,,,,,,,49.32,41.68,41.68,3/8
1253,78,2025,5,31,長水路,個人,21,50m平泳ぎ,男子,,,,,,80～84歳,3,小田稔,男子,セ・慶應日吉,1:06.42,,,,,,,,,49.32,41.68,41.68,2/8
1254,78,2025,5,31,長水路,個人,21,50m平泳ぎ,男子,,,,,,80～84歳,4,内田幸稔,男子,セ・松戸,1:06.51,,,,,,,,,49.32,41.68,41.68,2/4
1255,78,2025,5,31,長水路,個人,21,50m平泳ぎ,男子,,,,,,80～84歳,5,服部宣孔,男子,セ・ときわ台,1:07.26,,,,,,,,,49.32,41.68,41.68,1/5
1256,78,2025,5,31,長水路,個人,21,50m平泳ぎ,男子,,,,,,80～84歳,,井口穣,男子,セ・東戸塚,,,,,,,,,,49.32,41.68,41.68,3/2
1257,78,2025,5,31,長水路,個人,21,50m平泳ぎ,男子,,,,,,75～79歳,1,高附直樹,男子,セ・清瀬,48.82,,,,,,,,,42.47,39.86,38.12,6/1
1258,78,2025,5,31,長水路,個人,21,50m平泳ぎ,男子,,,,,,75～79歳,2,服部陽一,男子,セ・成瀬,49.57,,,,,,,,,42.47,39.86,38.12,4/2
1259,78,2025,5,31,長水路,個人,21,50m平泳ぎ,男子,,,,,,75～79歳,3,手塚満,男子,セ・おおたか,1:06.01,,,,,,,,,42.47,39.86,38.12,1/6
1260,78,2025,5,31,長水路,個人,21,50m平泳ぎ,男子,,,,,,75～79歳,4,泉保央,男子,セ・慶應日吉,1:06.42,,,,,,,,,42.47,39.86,38.12,3/1
1261,78,2025,5,31,長水路,個人,21,50m平泳ぎ,男子,,,,,,70～74歳,1,吉村進,男子,セ・阿佐谷,42.45,,,,,,,,,40.37,36.42,34.69,8/5
1262,78,2025,5,31,長水路,個人,21,50m平泳ぎ,男子,,,,,,70～74歳,2,村田幸士郎,男子,セ・阿佐谷,43.35,,,,,,,,,40.37,36.42,34.69,7/7
1263,78,2025,5,31,長水路,個人,21,50m平泳ぎ,男子,,,,,,70～74歳,3,井岡卓也,男子,セ・市川,47.10,,,,,,,,,40.37,36.42,34.69,6/3
1264,78,2025,5,31,長水路,個人,21,50m平泳ぎ,男子,,,,,,70～74歳,4,前川正,男子,セ・F東戸塚,47.25,,,,,,,,,40.37,36.42,34.69,6/5
1265,78,2025,5,31,長水路,個人,21,50m平泳ぎ,男子,,,,,,70～74歳,5,安高祐三,男子,セ・越谷,47.70,,,,,,,,,40.37,36.42,34.69,6/10
1266,78,2025,5,31,長水路,個人,21,50m平泳ぎ,男子,,,,,,70～74歳,6,古川賢一郎,男子,ザバス川崎,48.14,,,,,,,,,40.37,36.42,34.69,5/8
1267,78,2025,5,31,長水路,個人,21,50m平泳ぎ,男子,,,,,,70～74歳,7,若山聖亮,男子,G-SPA,49.78,,,,,,,,,40.37,36.42,34.69,5/2
1268,78,2025,5,31,長水路,個人,21,50m平泳ぎ,男子,,,,,,70～74歳,8,内藤謙一,男子,セ・松戸,50.13,,,,,,,,,40.37,36.42,34.69,4/1
1269,78,2025,5,31,長水路,個人,21,50m平泳ぎ,男子,,,,,,70～74歳,9,幡場達明,男子,セ・大宮宮原,50.26,,,,,,,,,40.37,36.42,34.69,5/3
1270,78,2025,5,31,長水路,個人,21,50m平泳ぎ,男子,,,,,,70～74歳,10,仲二見実,男子,セ・ときわ台,52.91,,,,,,,,,40.37,36.42,34.69,4/5
1271,78,2025,5,31,長水路,個人,21,50m平泳ぎ,男子,,,,,,70～74歳,11,大久保美伸,男子,セ・松戸,1:01.37,,,,,,,,,40.37,36.42,34.69,3/9
1272,78,2025,5,31,長水路,個人,21,50m平泳ぎ,男子,,,,,,70～74歳,12,永島聡,男子,セ・戸塚,1:04.14,,,,,,,,,40.37,36.42,34.69,1/7
1273,78,2025,5,31,長水路,個人,21,50m平泳ぎ,男子,,,,,,70～74歳,13,高橋修一,男子,セ・我孫子,1:07.85,,,,,,,,,40.37,36.42,34.69,1/4
1274,78,2025,5,31,長水路,個人,21,50m平泳ぎ,男子,,,,,,70～74歳,,斉藤祐一,男子,セ・我孫子,,,,,,,,,,40.37,36.42,34.69,3/6
1275,78,2025,5,31,長水路,個人,21,50m平泳ぎ,男子,,,,,,65～69歳,1,松田賢治,男子,セ・大宮宮原,40.24,,,,,,,,,39.36,33.64,33.30,9/2
1276,78,2025,5,31,長水路,個人,21,50m平泳ぎ,男子,,,,,,65～69歳,2,山梨英克,男子,セ・我孫子,44.40,,,,,,,,,39.36,33.64,33.30,5/5
1277,78,2025,5,31,長水路,個人,21,50m平泳ぎ,男子,,,,,,65～69歳,3,槙田誠,男子,セ・南千住,45.26,,,,,,,,,39.36,33.64,33.30,6/6
1278,78,2025,5,31,長水路,個人,21,50m平泳ぎ,男子,,,,,,65～69歳,4,竹内新,男子,セ・府中,48.84,,,,,,,,,39.36,33.64,33.30,5/6
1279,78,2025,5,31,長水路,個人,21,50m平泳ぎ,男子,,,,,,65～69歳,5,大滝恭伸,男子,セ・市ヶ尾,48.88,,,,,,,,,39.36,33.64,33.30,5/4
1280,78,2025,5,31,長水路,個人,21,50m平泳ぎ,男子,,,,,,65～69歳,6,赤坂吉昭,男子,セ・葛西,51.20,,,,,,,,,39.36,33.64,33.30,4/4
1281,78,2025,5,31,長水路,個人,21,50m平泳ぎ,男子,,,,,,65～69歳,7,阿部宏之助,男子,セ・上池袋,53.07,,,,,,,,,39.36,33.64,33.30,4/7
1282,78,2025,5,31,長水路,個人,21,50m平泳ぎ,男子,,,,,,65～69歳,8,渡辺好造,男子,セ・成瀬,54.30,,,,,,,,,39.36,33.64,33.30,4/3
1283,78,2025,5,31,長水路,個人,21,50m平泳ぎ,男子,,,,,,65～69歳,9,藤原雄一郎,男子,セ・大森,55.28,,,,,,,,,39.36,33.64,33.30,4/10
1284,78,2025,5,31,長水路,個人,21,50m平泳ぎ,男子,,,,,,65～69歳,10,石井玲二,男子,セ・川越,1:02.49,,,,,,,,,39.36,33.64,33.30,2/3
1285,78,2025,5,31,長水路,個人,21,50m平泳ぎ,男子,,,,,,65～69歳,,中村浩司,男子,セ・青砥,,,,,,,,,,39.36,33.64,33.30,6/8
1286,78,2025,5,31,長水路,個人,21,50m平泳ぎ,男子,,,,,,60～64歳,1,小倉和彦,男子,セ・清瀬,34.27,,,,,,,,,33.14,33.10,30.57,11/4
1287,78,2025,5,31,長水路,個人,21,50m平泳ぎ,男子,,,,,,60～64歳,2,廣松伸一,男子,セ・市ヶ尾,37.57,,,,,,,,,33.14,33.10,30.57,11/7
1288,78,2025,5,31,長水路,個人,21,50m平泳ぎ,男子,,,,,,60～64歳,3,兼森伸兒,男子,ザバス八景,38.83,,,,,,,,,33.14,33.10,30.57,9/5
1289,78,2025,5,31,長水路,個人,21,50m平泳ぎ,男子,,,,,,60～64歳,4,廣本佳也,男子,セ・上池袋,39.32,,,,,,,,,33.14,33.10,30.57,10/8
1290,78,2025,5,31,長水路,個人,21,50m平泳ぎ,男子,,,,,,60～64歳,5,池谷千尋,男子,セ・長津田,40.94,,,,,,,,,33.14,33.10,30.57,9/4
1291,78,2025,5,31,長水路,個人,21,50m平泳ぎ,男子,,,,,,60～64歳,6,中村幸弘,男子,セ・越谷,42.16,,,,,,,,,33.14,33.10,30.57,9/1
1292,78,2025,5,31,長水路,個人,21,50m平泳ぎ,男子,,,,,,60～64歳,7,松下尚之,男子,セ・流山,45.89,,,,,,,,,33.14,33.10,30.57,5/1
1293,78,2025,5,31,長水路,個人,21,50m平泳ぎ,男子,,,,,,60～64歳,8,黒川恵一,男子,セ・市ヶ尾,51.75,,,,,,,,,33.14,33.10,30.57,5/9
1294,78,2025,5,31,長水路,個人,21,50m平泳ぎ,男子,,,,,,60～64歳,9,中村努,男子,セ・市川,1:15.83,,,,,,,,,33.14,33.10,30.57,2/6
1295,78,2025,5,31,長水路,個人,21,50m平泳ぎ,男子,,,,,,60～64歳,,山本勝,男子,セ・慶應日吉,,,,,,,,,,33.14,33.10,30.57,3/4
1296,78,2025,5,31,長水路,個人,21,50m平泳ぎ,男子,,,,,,55～59歳,1,宮木幸彦,男子,セ・葛西,39.65,,,,,,,,,33.14,31.39,30.02,10/1
1297,78,2025,5,31,長水路,個人,21,50m平泳ぎ,男子,,,,,,55～59歳,2,木村秀光,男子,セ・上池袋,40.84,,,,,,,,,33.14,31.39,30.02,9/6
1298,78,2025,5,31,長水路,個人,21,50m平泳ぎ,男子,,,,,,55～59歳,3,兵藤鋭雄,男子,セ・目黒,41.69,,,,,,,,,33.14,31.39,30.02,8/6
1299,78,2025,5,31,長水路,個人,21,50m平泳ぎ,男子,,,,,,55～59歳,4,中津海全士,男子,セ・S湘南台,43.38,,,,,,,,,33.14,31.39,30.02,7/5
1300,78,2025,5,31,長水路,個人,21,50m平泳ぎ,男子,,,,,,55～59歳,5,中島茂,男子,セ・高崎,43.72,,,,,,,,,33.14,31.39,30.02,7/4
1301,78,2025,5,31,長水路,個人,21,50m平泳ぎ,男子,,,,,,55～59歳,6,久保田信利,男子,ザバス八景,44.50,,,,,,,,,33.14,31.39,30.02,3/7
1302,78,2025,5,31,長水路,個人,21,50m平泳ぎ,男子,,,,,,55～59歳,7,齋藤和典,男子,セ・新川崎,45.68,,,,,,,,,33.14,31.39,30.02,7/8
1303,78,2025,5,31,長水路,個人,21,50m平泳ぎ,男子,,,,,,55～59歳,8,北村勇,男子,セ・能見台,46.53,,,,,,,,,33.14,31.39,30.02,7/2
1304,78,2025,5,31,長水路,個人,21,50m平泳ぎ,男子,,,,,,55～59歳,9,穴田啓樹,男子,セ・慶應日吉,46.89,,,,,,,,,33.14,31.39,30.02,6/2
1305,78,2025,5,31,長水路,個人,21,50m平泳ぎ,男子,,,,,,55～59歳,10,佐藤正章,男子,セ・用賀,47.24,,,,,,,,,33.14,31.39,30.02,6/4
1306,78,2025,5,31,長水路,個人,21,50m平泳ぎ,男子,,,,,,55～59歳,11,福田義晴,男子,セ・市川,56.93,,,,,,,,,33.14,31.39,30.02,4/9
1307,78,2025,5,31,長水路,個人,21,50m平泳ぎ,男子,,,,,,55～59歳,12,須川真彦,男子,セ・S湘南台,58.52,,,,,,,,,33.14,31.39,30.02,3/10
1308,78,2025,5,31,長水路,個人,21,50m平泳ぎ,男子,,,,,,55～59歳,,久保卓士,男子,セ・天王洲,,,,,,,,,,33.14,31.39,30.02,9/10
1309,78,2025,5,31,長水路,個人,21,50m平泳ぎ,男子,,,,,,55～59歳,,小野和彦,男子,セ・新川崎,,,,,,,,,,33.14,31.39,30.02,3/5
1310,78,2025,5,31,長水路,個人,21,50m平泳ぎ,男子,,,,,,55～59歳,,高田義久,男子,セ・八王子,,,,,,,,,,33.14,31.39,30.02,7/3
1311,78,2025,5,31,長水路,個人,21,50m平泳ぎ,男子,,,,,,50～54歳,1,小森康弘,男子,セ・葛西,31.79,,,,,,,,,30.56,29.70,29.23,11/3
1312,78,2025,5,31,長水路,個人,21,50m平泳ぎ,男子,,,,,,50～54歳,2,関口義和,男子,セ・二俣川,35.51,,,,,,,,,30.56,29.70,29.23,12/9
1313,78,2025,5,31,長水路,個人,21,50m平泳ぎ,男子,,,,,,50～54歳,3,石井龍,男子,セ・成城,36.53,,,,,,,,,30.56,29.70,29.23,12/8
1314,78,2025,5,31,長水路,個人,21,50m平泳ぎ,男子,,,,,,50～54歳,4,佐々木茂倫,男子,セ・流山,38.97,,,,,,,,,30.56,29.70,29.23,10/10
1315,78,2025,5,31,長水路,個人,21,50m平泳ぎ,男子,,,,,,50～54歳,5,原田真,男子,セ・葛西,39.46,,,,,,,,,30.56,29.70,29.23,10/2
1316,78,2025,5,31,長水路,個人,21,50m平泳ぎ,男子,,,,,,50～54歳,6,大橋克也,男子,ザバス川崎,39.88,,,,,,,,,30.56,29.70,29.23,9/7
1317,78,2025,5,31,長水路,個人,21,50m平泳ぎ,男子,,,,,,50～54歳,7,阿部賢裕,男子,セ・能見台,40.80,,,,,,,,,30.56,29.70,29.23,9/9
1318,78,2025,5,31,長水路,個人,21,50m平泳ぎ,男子,,,,,,50～54歳,8,大沢祐輔,男子,セ・福生,41.91,,,,,,,,,30.56,29.70,29.23,8/8
1319,78,2025,5,31,長水路,個人,21,50m平泳ぎ,男子,,,,,,50～54歳,9,千葉忠英,男子,セ・天王洲,42.67,,,,,,,,,30.56,29.70,29.23,8/1
1320,78,2025,5,31,長水路,個人,21,50m平泳ぎ,男子,,,,,,50～54歳,10,紺野忠大,男子,セ・阿佐谷,42.69,,,,,,,,,30.56,29.70,29.23,8/3
1321,78,2025,5,31,長水路,個人,21,50m平泳ぎ,男子,,,,,,50～54歳,11,古高正道,男子,セ・天王洲,43.58,,,,,,,,,30.56,29.70,29.23,6/7
1322,78,2025,5,31,長水路,個人,21,50m平泳ぎ,男子,,,,,,50～54歳,12,久保田裕一,男子,セ・慶應日吉,44.32,,,,,,,,,30.56,29.70,29.23,7/9
1323,78,2025,5,31,長水路,個人,21,50m平泳ぎ,男子,,,,,,50～54歳,13,落合理,男子,セ・武蔵小杉,48.39,,,,,,,,,30.56,29.70,29.23,6/9
1324,78,2025,5,31,長水路,個人,21,50m平泳ぎ,男子,,,,,,50～54歳,14,松林徹,男子,セ・越谷,50.73,,,,,,,,,30.56,29.70,29.23,3/3
1325,78,2025,5,31,長水路,個人,21,50m平泳ぎ,男子,,,,,,50～54歳,15,北野善則,男子,セ・新都心,52.33,,,,,,,,,30.56,29.70,29.23,4/8
1326,78,2025,5,31,長水路,個人,21,50m平泳ぎ,男子,,,,,,50～54歳,16,稲田潤一,男子,セ・上池袋,53.37,,,,,,,,,30.56,29.70,29.23,5/10
1327,78,2025,5,31,長水路,個人,21,50m平泳ぎ,男子,,,,,,50～54歳,,祖川久茂,男子,セ・長津田,,,,,,,,,,30.56,29.70,29.23,11/10
1328,78,2025,5,31,長水路,個人,21,50m平泳ぎ,男子,,,,,,50～54歳,,東條博,男子,セ・阿佐谷,,,,,,,,,,30.56,29.70,29.23,2/5
1329,78,2025,5,31,長水路,個人,21,50m平泳ぎ,男子,,,,,,50～54歳,,星野隆,男子,セ・長津田,,,,,,,,,,30.56,29.70,29.23,12/10
1330,78,2025,5,31,長水路,個人,21,50m平泳ぎ,男子,,,,,,45～49歳,1,知見邦彦,男子,セ・二俣川,33.72,,,,,,,,,30.11,29.22,29.22,12/3
1331,78,2025,5,31,長水路,個人,21,50m平泳ぎ,男子,,,,,,45～49歳,2,大作善祥,男子,セ・おおたか,34.57,,,,,,,,,30.11,29.22,29.22,11/9
1332,78,2025,5,31,長水路,個人,21,50m平泳ぎ,男子,,,,,,45～49歳,3,駒形秀一,男子,セ・我孫子,36.81,,,,,,,,,30.11,29.22,29.22,10/5
1333,78,2025,5,31,長水路,個人,21,50m平泳ぎ,男子,,,,,,45～49歳,4,加地隆史,男子,セ・葛西,37.25,,,,,,,,,30.11,29.22,29.22,10/6
1334,78,2025,5,31,長水路,個人,21,50m平泳ぎ,男子,,,,,,45～49歳,5,吉岡範人,男子,セ・市ヶ尾,37.85,,,,,,,,,30.11,29.22,29.22,11/2
1335,78,2025,5,31,長水路,個人,21,50m平泳ぎ,男子,,,,,,45～49歳,6,花輪博之,男子,セ・越谷,41.91,,,,,,,,,30.11,29.22,29.22,7/6
1336,78,2025,5,31,長水路,個人,21,50m平泳ぎ,男子,,,,,,45～49歳,7,高瀬信雄,男子,ザバス川崎,42.66,,,,,,,,,30.11,29.22,29.22,8/7
1337,78,2025,5,31,長水路,個人,21,50m平泳ぎ,男子,,,,,,45～49歳,8,藤田一寿,男子,セ・成城,43.26,,,,,,,,,30.11,29.22,29.22,8/4
1338,78,2025,5,31,長水路,個人,21,50m平泳ぎ,男子,,,,,,45～49歳,9,草野剛史,男子,セ・二俣川,43.31,,,,,,,,,30.11,29.22,29.22,8/10
1339,78,2025,5,31,長水路,個人,21,50m平泳ぎ,男子,,,,,,40～44歳,1,西尾直人,男子,セ・武蔵小杉,32.70,,,,,,,,,29.86,29.04,28.84,12/4
1340,78,2025,5,31,長水路,個人,21,50m平泳ぎ,男子,,,,,,40～44歳,2,吉田拓磨,男子,セ・上池袋,34.18,,,,,,,,,29.86,29.04,28.84,12/1
1341,78,2025,5,31,長水路,個人,21,50m平泳ぎ,男子,,,,,,40～44歳,3,勝吉進一,男子,セ・慶應日吉,34.41,,,,,,,,,29.86,29.04,28.84,12/7
1342,78,2025,5,31,長水路,個人,21,50m平泳ぎ,男子,,,,,,40～44歳,4,村上守,男子,セ・成城,37.42,,,,,,,,,29.86,29.04,28.84,10/3
1343,78,2025,5,31,長水路,個人,21,50m平泳ぎ,男子,,,,,,40～44歳,5,浅岡遼,男子,セ・用賀,37.45,,,,,,,,,29.86,29.04,28.84,11/1
1344,78,2025,5,31,長水路,個人,21,50m平泳ぎ,男子,,,,,,40～44歳,6,宇佐美学,男子,セ・大森,43.14,,,,,,,,,29.86,29.04,28.84,7/1
1345,78,2025,5,31,長水路,個人,21,50m平泳ぎ,男子,,,,,,40～44歳,7,田中遼太,男子,セ・慶應日吉,44.24,,,,,,,,,29.86,29.04,28.84,7/10
1346,78,2025,5,31,長水路,個人,21,50m平泳ぎ,男子,,,,,,35～39歳,1,立石裕太郎,男子,セ・二俣川,29.94,,,,,,,,,29.87,27.83,27.83,13/5
1347,78,2025,5,31,長水路,個人,21,50m平泳ぎ,男子,,,,,,35～39歳,2,和田弘太郎,男子,セ・阿佐谷,30.87,,,,,,,,,29.87,27.83,27.83,13/4
1348,78,2025,5,31,長水路,個人,21,50m平泳ぎ,男子,,,,,,35～39歳,3,宮川航,男子,セ・南千住,30.95,,,,,,,,,29.87,27.83,27.83,13/7
1349,78,2025,5,31,長水路,個人,21,50m平泳ぎ,男子,,,,,,35～39歳,4,増田究,男子,セ・平塚,32.77,,,,,,,,,29.87,27.83,27.83,12/5
1350,78,2025,5,31,長水路,個人,21,50m平泳ぎ,男子,,,,,,35～39歳,5,津守陽介,男子,セ・阿佐谷,33.38,,,,,,,,,29.87,27.83,27.83,13/8
1351,78,2025,5,31,長水路,個人,21,50m平泳ぎ,男子,,,,,,35～39歳,6,長田裕史,男子,セ・柏,33.44,,,,,,,,,29.87,27.83,27.83,12/6
1352,78,2025,5,31,長水路,個人,21,50m平泳ぎ,男子,,,,,,35～39歳,7,松本隆宏,男子,セ・阿佐谷,46.78,,,,,,,,,29.87,27.83,27.83,4/6
1353,78,2025,5,31,長水路,個人,21,50m平泳ぎ,男子,,,,,,30～34歳,1,前島悠也,男子,セ・葛西,31.87,,,,,,,,,28.35,27.67,27.67,13/2
1354,78,2025,5,31,長水路,個人,21,50m平泳ぎ,男子,,,,,,30～34歳,2,今里昂哉,男子,セ・清瀬,32.91,,,,,,,,,28.35,27.67,27.67,13/10
1355,78,2025,5,31,長水路,個人,21,50m平泳ぎ,男子,,,,,,30～34歳,3,海老原健太,男子,セ・大森,38.59,,,,,,,,,28.35,27.67,27.67,10/9
1356,78,2025,5,31,長水路,個人,21,50m平泳ぎ,男子,,,,,,30～34歳,4,大野淳哉,男子,セ・上池袋,42.11,,,,,,,,,28.35,27.67,27.67,8/2
1357,78,2025,5,31,長水路,個人,21,50m平泳ぎ,男子,,,,,,25～29歳,1,石井了,男子,セ・おおたか,29.74,,,,,,,,,28.02,27.58,27.21,13/6
1358,78,2025,5,31,長水路,個人,21,50m平泳ぎ,男子,,,,,,25～29歳,2,津崎朝輝,男子,セ・武蔵小杉,32.18,,,,,,,,,28.02,27.58,27.21,13/1
1359,78,2025,5,31,長水路,個人,21,50m平泳ぎ,男子,,,,,,25～29歳,3,加間英貴,男子,セ・天王洲,33.44,,,,,,,,,28.02,27.58,27.21,13/9
1360,78,2025,5,31,長水路,個人,21,50m平泳ぎ,男子,,,,,,25～29歳,4,鈴木裕介,男子,セ・天王洲,38.62,,,,,,,,,28.02,27.58,27.21,9/3
1361,78,2025,5,31,長水路,個人,21,50m平泳ぎ,男子,,,,,,25～29歳,5,竹下翔,男子,セ・長津田,39.85,,,,,,,,,28.02,27.58,27.21,10/4
1362,78,2025,5,31,長水路,個人,21,50m平泳ぎ,男子,,,,,,18～24歳,1,安永竜之佑,男子,セ・東戸塚,33.12,,,,,,,,,29.28,,,11/6
1363,78,2025,5,31,長水路,個人,21,50m平泳ぎ,男子,,,,,,18～24歳,2,南里輝,男子,セ・蒲田,33.32,,,,,,,,,29.28,,,13/3
1364,78,2025,5,31,長水路,個人,21,50m平泳ぎ,男子,,,,,,18～24歳,3,西沢歩,男子,セ・清瀬,34.64,,,,,,,,,29.28,,,12/2
1365,78,2025,5,31,長水路,個人,21,50m平泳ぎ,男子,,,,,,18～24歳,4,山下智也,男子,セ・S湘南台,35.12,,,,,,,,,29.28,,,11/8
1366,78,2025,5,31,長水路,個人,21,50m平泳ぎ,男子,,,,,,18～24歳,5,佐々木明日真,男子,セ・市川,35.21,,,,,,,,,29.28,,,11/5
1367,78,2025,5,31,長水路,個人,21,50m平泳ぎ,男子,,,,,,18～24歳,6,村田雅治,男子,セ・長津田,35.65,,,,,,,,,29.28,,,10/7
1368,78,2025,5,31,長水路,個人,21,50m平泳ぎ,男子,,,,,,18～24歳,7,嶋田翔太,男子,セ・葛西,42.72,,,,,,,,,29.28,,,9/8
1369,78,2025,5,31,長水路,個人,21,50m平泳ぎ,男子,,,,,,18～24歳,8,藤田駿祐,男子,セ・南青山,49.29,,,,,,,,,29.28,,,8/9
1370,78,2025,5,31,長水路,個人,22,50mバタフライ,女子,,,,,,80～84歳,1,八田清子,女子,セ・松戸,1:03.65,,,,,,,,,58.81,49.85,42.79,1/4
1371,78,2025,5,31,長水路,個人,22,50mバタフライ,女子,,,,,,75～79歳,1,大山恵子,女子,セ・葛西,44.88,,,,,,,,,44.31,41.54,38.93,4/1
1372,78,2025,5,31,長水路,個人,22,50mバタフライ,女子,,,,,,75～79歳,2,宇田川礼子,女子,セ・我孫子,59.85,,,,,,,,,44.31,41.54,38.93,1/3
1373,78,2025,5,31,長水路,個人,22,50mバタフライ,女子,,,,,,75～79歳,3,末光とき子,女子,墨田区体育館,1:11.04,,,,,,,,,44.31,41.54,38.93,1/8
1374,78,2025,5,31,長水路,個人,22,50mバタフライ,女子,,,,,,70～74歳,1,中村和子,女子,セ・越谷,45.98,,,,,,,,,42.13,37.50,34.43,3/6
1375,78,2025,5,31,長水路,個人,22,50mバタフライ,女子,,,,,,70～74歳,2,ダン典子,女子,セ・自由が丘,47.06,,,,,,,,,42.13,37.50,34.43,4/10
1376,78,2025,5,31,長水路,個人,22,50mバタフライ,女子,,,,,,70～74歳,3,近藤ひな子,女子,セ・二俣川,50.78,,,,,,,,,42.13,37.50,34.43,2/5
1377,78,2025,5,31,長水路,個人,22,50mバタフライ,女子,,,,,,70～74歳,4,木村恵子,女子,セ・越谷,1:02.07,,,,,,,,,42.13,37.50,34.43,1/6
1378,78,2025,5,31,長水路,個人,22,50mバタフライ,女子,,,,,,65～69歳,1,木村りょう子,女子,セ・福生,44.62,,,,,,,,,41.95,35.19,32.36,3/5
1379,78,2025,5,31,長水路,個人,22,50mバタフライ,女子,,,,,,65～69歳,2,安藤薫,女子,セ・西新井,45.48,,,,,,,,,41.95,35.19,32.36,4/9
1380,78,2025,5,31,長水路,個人,22,50mバタフライ,女子,,,,,,65～69歳,3,立石由美子,女子,セ・大森,45.89,,,,,,,,,41.95,35.19,32.36,3/3
1381,78,2025,5,31,長水路,個人,22,50mバタフライ,女子,,,,,,65～69歳,4,井手敦子,女子,セ・慶應日吉,52.30,,,,,,,,,41.95,35.19,32.36,3/7
1382,78,2025,5,31,長水路,個人,22,50mバタフライ,女子,,,,,,65～69歳,5,下川喜美枝,女子,セ・南千住,56.28,,,,,,,,,41.95,35.19,32.36,2/6
1383,78,2025,5,31,長水路,個人,22,50mバタフライ,女子,,,,,,65～69歳,,米林清子,女子,セ・越谷,,,,,,,,,,41.95,35.19,32.36,1/5
1384,78,2025,5,31,長水路,個人,22,50mバタフライ,女子,,,,,,65～69歳,,塙清子,女子,セ・自由が丘,,,,,,,,,,41.95,35.19,32.36,3/4
1385,78,2025,5,31,長水路,個人,22,50mバタフライ,女子,,,,,,60～64歳,1,若林朋子,女子,セ・大宮宮原,34.72,,,,,,,,TRUE,35.38,33.44,29.90,4/6
1386,78,2025,5,31,長水路,個人,22,50mバタフライ,女子,,,,,,60～64歳,2,武井麻知子,女子,セ・二俣川,41.02,,,,,,,,,35.38,33.44,29.90,4/3
1387,78,2025,5,31,長水路,個人,22,50mバタフライ,女子,,,,,,60～64歳,3,大原清美,女子,セ・阿佐谷,50.77,,,,,,,,,35.38,33.44,29.90,3/10
1388,78,2025,5,31,長水路,個人,22,50mバタフライ,女子,,,,,,60～64歳,4,座間千鶴子,女子,ザバス八景,52.04,,,,,,,,,35.38,33.44,29.90,3/9
1389,78,2025,5,31,長水路,個人,22,50mバタフライ,女子,,,,,,60～64歳,5,渡邊典子,女子,セ・福島,58.16,,,,,,,,,35.38,33.44,29.90,2/3
1390,78,2025,5,31,長水路,個人,22,50mバタフライ,女子,,,,,,55～59歳,1,仲田久美子,女子,セ・成城,36.55,,,,,,,,,33.29,31.87,30.37,4/8
1391,78,2025,5,31,長水路,個人,22,50mバタフライ,女子,,,,,,55～59歳,2,大久保彩子,女子,セ・阿佐谷,58.88,,,,,,,,,33.29,31.87,30.37,1/7
1392,78,2025,5,31,長水路,個人,22,50mバタフライ,女子,,,,,,50～54歳,1,池田百合子,女子,セ・市ヶ尾,31.43,,,,,,,,,31.11,30.26,29.08,5/4
1393,78,2025,5,31,長水路,個人,22,50mバタフライ,女子,,,,,,50～54歳,2,佐々木美佐,女子,セ・平塚,36.78,,,,,,,,,31.11,30.26,29.08,4/5
1394,78,2025,5,31,長水路,個人,22,50mバタフライ,女子,,,,,,50～54歳,3,小山香津子,女子,セ・藤沢,50.48,,,,,,,,,31.11,30.26,29.08,3/1
1395,78,2025,5,31,長水路,個人,22,50mバタフライ,女子,,,,,,50～54歳,4,中村奈穂美,女子,セ・越谷,52.42,,,,,,,,,31.11,30.26,29.08,2/4
1396,78,2025,5,31,長水路,個人,22,50mバタフライ,女子,,,,,,50～54歳,5,津田千鶴,女子,セ・能見台,56.24,,,,,,,,,31.11,30.26,29.08,3/8
1397,78,2025,5,31,長水路,個人,22,50mバタフライ,女子,,,,,,45～49歳,1,吉村華余,女子,セ・長津田,32.20,,,,,,,,,32.13,29.22,28.40,5/7
1398,78,2025,5,31,長水路,個人,22,50mバタフライ,女子,,,,,,45～49歳,2,土井直子,女子,ザバス川崎,43.20,,,,,,,,,32.13,29.22,28.40,3/2
1399,78,2025,5,31,長水路,個人,22,50mバタフライ,女子,,,,,,45～49歳,3,成重夏紀,女子,セ・藤沢,54.16,,,,,,,,,32.13,29.22,28.40,2/7
1400,78,2025,5,31,長水路,個人,22,50mバタフライ,女子,,,,,,45～49歳,4,高橋里美,女子,セ・横浜,1:01.83,,,,,,,,,32.13,29.22,28.40,2/8
1401,78,2025,5,31,長水路,個人,22,50mバタフライ,女子,,,,,,35～39歳,1,青木梨緒,女子,セ・葛西,31.51,,,,,,,,,30.94,28.63,27.46,5/5
1402,78,2025,5,31,長水路,個人,22,50mバタフライ,女子,,,,,,30～34歳,1,早川舞,女子,セ・蒲田,31.96,,,,,,,,,30.33,27.74,26.80,5/9
1403,78,2025,5,31,長水路,個人,22,50mバタフライ,女子,,,,,,25～29歳,1,真如美優,女子,セ・南千住,31.80,,,,,,,,,29.89,26.32,26.32,5/3
1404,78,2025,5,31,長水路,個人,22,50mバタフライ,女子,,,,,,25～29歳,2,岡澤志織,女子,セ・茂原,31.96,,,,,,,,,29.89,26.32,26.32,5/6
1405,78,2025,5,31,長水路,個人,22,50mバタフライ,女子,,,,,,25～29歳,3,嶋田菜々子,女子,セ・おおたか,34.64,,,,,,,,,29.89,26.32,26.32,4/4
1406,78,2025,5,31,長水路,個人,22,50mバタフライ,女子,,,,,,25～29歳,4,村岡礼奈,女子,セ・桶川北本,38.73,,,,,,,,,29.89,26.32,26.32,4/2
1407,78,2025,5,31,長水路,個人,22,50mバタフライ,女子,,,,,,25～29歳,5,森谷麻貴,女子,セ・長津田,39.10,,,,,,,,,29.89,26.32,26.32,4/7
1408,78,2025,5,31,長水路,個人,22,50mバタフライ,女子,,,,,,18～24歳,1,栃元春乃,女子,セ・西東京,31.47,,,,,,,,,29.34,,,5/8
1409,78,2025,5,31,長水路,個人,22,50mバタフライ,女子,,,,,,18～24歳,2,岡田星理,女子,セ・谷津,32.52,,,,,,,,,29.34,,,5/10
1410,78,2025,5,31,長水路,個人,22,50mバタフライ,女子,,,,,,18～24歳,3,西澤瑛倫,女子,セ・越谷,33.23,,,,,,,,,29.34,,,5/2
1411,78,2025,5,31,長水路,個人,22,50mバタフライ,女子,,,,,,18～24歳,4,青木奈那美,女子,セ・蒲田,33.99,,,,,,,,,29.34,,,5/1
1412,78,2025,5,31,長水路,個人,23,50mバタフライ,男子,,,,,,80～84歳,1,内田幸稔,男子,セ・松戸,1:05.10,,,,,,,,,46.24,34.75,34.39,1/9
1413,78,2025,5,31,長水路,個人,23,50mバタフライ,男子,,,,,,80～84歳,,中村欣正,男子,セ・流山,,,,,,,,,,46.24,34.75,34.39,1/2
1414,78,2025,5,31,長水路,個人,23,50mバタフライ,男子,,,,,,75～79歳,1,安藤次郎,男子,セ・館山,36.73,,,,,,,,TRUE,39.00,32.61,31.75,3/5
1415,78,2025,5,31,長水路,個人,23,50mバタフライ,男子,,,,,,75～79歳,2,木津誠,男子,セ・成城,42.28,,,,,,,,,39.00,32.61,31.75,3/8
1416,78,2025,5,31,長水路,個人,23,50mバタフライ,男子,,,,,,75～79歳,3,白井清嗣,男子,セ・大宮宮原,47.20,,,,,,,,,39.00,32.61,31.75,1/5
1417,78,2025,5,31,長水路,個人,23,50mバタフライ,男子,,,,,,75～79歳,4,縫田駿一,男子,セ・おおたか,1:17.04,,,,,,,,,39.00,32.61,31.75,1/1
1418,78,2025,5,31,長水路,個人,23,50mバタフライ,男子,,,,,,70～74歳,1,吉原一彦,男子,セ・阿佐谷,33.85,,,,,,,,TRUE,34.95,31.43,29.84,6/8
1419,78,2025,5,31,長水路,個人,23,50mバタフライ,男子,,,,,,70～74歳,2,瀧川一興,男子,セ・大森,35.48,,,,,,,,,34.95,31.43,29.84,4/1
1420,78,2025,5,31,長水路,個人,23,50mバタフライ,男子,,,,,,70～74歳,3,香川左近,男子,セ・二俣川,45.53,,,,,,,,,34.95,31.43,29.84,2/8
1421,78,2025,5,31,長水路,個人,23,50mバタフライ,男子,,,,,,70～74歳,4,飯沼明,男子,セ・長津田,46.53,,,,,,,,,34.95,31.43,29.84,2/3
1422,78,2025,5,31,長水路,個人,23,50mバタフライ,男子,,,,,,70～74歳,5,村田幸士郎,男子,セ・阿佐谷,49.87,,,,,,,,,34.95,31.43,29.84,1/7
1423,78,2025,5,31,長水路,個人,23,50mバタフライ,男子,,,,,,70～74歳,6,仲二見実,男子,セ・ときわ台,1:10.20,,,,,,,,,34.95,31.43,29.84,1/8
1424,78,2025,5,31,長水路,個人,23,50mバタフライ,男子,,,,,,65～69歳,1,和田浩一,男子,セ・用賀,33.80,,,,,,,,,32.79,29.99,28.26,5/8
1425,78,2025,5,31,長水路,個人,23,50mバタフライ,男子,,,,,,65～69歳,2,海辺信吉,男子,セ・おおたか,33.83,,,,,,,,,32.79,29.99,28.26,5/3
1426,78,2025,5,31,長水路,個人,23,50mバタフライ,男子,,,,,,65～69歳,3,會田修一,男子,セ・おおたか,38.85,,,,,,,,,32.79,29.99,28.26,3/4
1427,78,2025,5,31,長水路,個人,23,50mバタフライ,男子,,,,,,65～69歳,4,大滝恭伸,男子,セ・市ヶ尾,44.43,,,,,,,,,32.79,29.99,28.26,2/6
1428,78,2025,5,31,長水路,個人,23,50mバタフライ,男子,,,,,,60～64歳,1,菊池千二,男子,セ・市ヶ尾,31.70,,,,,,,,,30.63,29.18,27.57,4/5
1429,78,2025,5,31,長水路,個人,23,50mバタフライ,男子,,,,,,60～64歳,2,渡部佳彦,男子,セ・市川,32.98,,,,,,,,,30.63,29.18,27.57,7/9
1430,78,2025,5,31,長水路,個人,23,50mバタフライ,男子,,,,,,60～64歳,3,廣本佳也,男子,セ・上池袋,33.97,,,,,,,,,30.63,29.18,27.57,5/4
1431,78,2025,5,31,長水路,個人,23,50mバタフライ,男子,,,,,,60～64歳,4,上野太紀夫,男子,セ・柏,34.62,,,,,,,,,30.63,29.18,27.57,5/6
1432,78,2025,5,31,長水路,個人,23,50mバタフライ,男子,,,,,,60～64歳,5,村木満,男子,セ・トレッサ,35.50,,,,,,,,,30.63,29.18,27.57,6/1
1433,78,2025,5,31,長水路,個人,23,50mバタフライ,男子,,,,,,60～64歳,6,金子勝,男子,セ・岩槻,35.75,,,,,,,,,30.63,29.18,27.57,4/3
1434,78,2025,5,31,長水路,個人,23,50mバタフライ,男子,,,,,,60～64歳,7,小泉康延,男子,セ・亀有,35.77,,,,,,,,,30.63,29.18,27.57,4/7
1435,78,2025,5,31,長水路,個人,23,50mバタフライ,男子,,,,,,60～64歳,8,田中基幹,男子,セ・流山,38.08,,,,,,,,,30.63,29.18,27.57,3/6
1436,78,2025,5,31,長水路,個人,23,50mバタフライ,男子,,,,,,55～59歳,1,前田崇行,男子,セ・二俣川,28.66,,,,,,,,TRUE,28.79,28.18,26.82,8/7
1437,78,2025,5,31,長水路,個人,23,50mバタフライ,男子,,,,,,55～59歳,2,村上利弥,男子,セ・蒲田,32.06,,,,,,,,,28.79,28.18,26.82,7/5
1438,78,2025,5,31,長水路,個人,23,50mバタフライ,男子,,,,,,55～59歳,3,佐々木信,男子,セ・目黒,33.28,,,,,,,,,28.79,28.18,26.82,6/6
1439,78,2025,5,31,長水路,個人,23,50mバタフライ,男子,,,,,,55～59歳,4,吉田亮,男子,セ・成城,33.58,,,,,,,,,28.79,28.18,26.82,6/1
1440,78,2025,5,31,長水路,個人,23,50mバタフライ,男子,,,,,,55～59歳,5,西村公男,男子,セ・横浜,35.15,,,,,,,,,28.79,28.18,26.82,4/4
1441,78,2025,5,31,長水路,個人,23,50mバタフライ,男子,,,,,,55～59歳,6,斎藤公人,男子,セ・阿佐谷,36.43,,,,,,,,,28.79,28.18,26.82,4/8
1442,78,2025,5,31,長水路,個人,23,50mバタフライ,男子,,,,,,55～59歳,7,渡辺哲之,男子,セ・武蔵小杉,36.63,,,,,,,,,28.79,28.18,26.82,4/10
1443,78,2025,5,31,長水路,個人,23,50mバタフライ,男子,,,,,,55～59歳,8,加藤公一,男子,セ・市川,44.40,,,,,,,,,28.79,28.18,26.82,2/4
1444,78,2025,5,31,長水路,個人,23,50mバタフライ,男子,,,,,,55～59歳,9,山本勝也,男子,セ・西東京,47.90,,,,,,,,,28.79,28.18,26.82,1/4
1445,78,2025,5,31,長水路,個人,23,50mバタフライ,男子,,,,,,55～59歳,10,佐藤正美,男子,セ・大森,48.97,,,,,,,,,28.79,28.18,26.82,1/10
1446,78,2025,5,31,長水路,個人,23,50mバタフライ,男子,,,,,,55～59歳,,渡辺孝之,男子,セ・松戸,,,,,,,,,,28.79,28.18,26.82,2/5
1447,78,2025,5,31,長水路,個人,23,50mバタフライ,男子,,,,,,55～59歳,,三浦利明,男子,セ・トレッサ,,,,,,,,,,28.79,28.18,26.82,2/9
1448,78,2025,5,31,長水路,個人,23,50mバタフライ,男子,,,,,,50～54歳,1,友田智哲,男子,セ・南青山,32.22,,,,,,,,,28.26,26.96,25.88,8/2
1449,78,2025,5,31,長水路,個人,23,50mバタフライ,男子,,,,,,50～54歳,2,谷本義博,男子,セ・流山,32.32,,,,,,,,,28.26,26.96,25.88,7/8
1450,78,2025,5,31,長水路,個人,23,50mバタフライ,男子,,,,,,50～54歳,3,永井学,男子,セ・柏,32.89,,,,,,,,,28.26,26.96,25.88,6/5
1451,78,2025,5,31,長水路,個人,23,50mバタフライ,男子,,,,,,50～54歳,4,村上哲也,男子,セ・天王洲,33.01,,,,,,,,,28.26,26.96,25.88,7/1
1452,78,2025,5,31,長水路,個人,23,50mバタフライ,男子,,,,,,50～54歳,5,田中泰三,男子,セ・市ヶ尾,34.40,,,,,,,,,28.26,26.96,25.88,7/10
1453,78,2025,5,31,長水路,個人,23,50mバタフライ,男子,,,,,,50～54歳,6,石井義昭,男子,セ・二俣川,34.48,,,,,,,,,28.26,26.96,25.88,6/2
1454,78,2025,5,31,長水路,個人,23,50mバタフライ,男子,,,,,,50～54歳,7,清水康,男子,セ・藤沢,36.78,,,,,,,,,28.26,26.96,25.88,3/5
1455,78,2025,5,31,長水路,個人,23,50mバタフライ,男子,,,,,,50～54歳,8,坂口雄介,男子,セ・市ヶ尾,38.45,,,,,,,,,28.26,26.96,25.88,3/1
1456,78,2025,5,31,長水路,個人,23,50mバタフライ,男子,,,,,,50～54歳,9,根本豊,男子,セ・流山,39.81,,,,,,,,,28.26,26.96,25.88,3/8
1457,78,2025,5,31,長水路,個人,23,50mバタフライ,男子,,,,,,50～54歳,,吉岡剛,男子,セ・葛西,,,,,,,,,,28.26,26.96,25.88,3/3
1458,78,2025,5,31,長水路,個人,23,50mバタフライ,男子,,,,,,45～49歳,1,前田康輔,男子,セ・二俣川,26.11,,,,,,,,TRUE,27.02,26.06,25.39,9/3
1459,78,2025,5,31,長水路,個人,23,50mバタフライ,男子,,,,,,45～49歳,2,泉英貴,男子,セ・谷津,28.46,,,,,,,,,27.02,26.06,25.39,8/6
1460,78,2025,5,31,長水路,個人,23,50mバタフライ,男子,,,,,,45～49歳,3,北島裕行,男子,セ・藤沢,32.06,,,,,,,,,27.02,26.06,25.39,7/4
1461,78,2025,5,31,長水路,個人,23,50mバタフライ,男子,,,,,,45～49歳,4,池田正和,男子,セ・二俣川,32.12,,,,,,,,,27.02,26.06,25.39,5/3
1462,78,2025,5,31,長水路,個人,23,50mバタフライ,男子,,,,,,45～49歳,5,野田誠,男子,セ・東戸塚,33.56,,,,,,,,,27.02,26.06,25.39,6/4
1463,78,2025,5,31,長水路,個人,23,50mバタフライ,男子,,,,,,45～49歳,6,岸田孝,男子,セ・南青山,33.84,,,,,,,,,27.02,26.06,25.39,6/7
1464,78,2025,5,31,長水路,個人,23,50mバタフライ,男子,,,,,,45～49歳,7,矢野貴大,男子,セ・成城,34.33,,,,,,,,,27.02,26.06,25.39,6/8
1465,78,2025,5,31,長水路,個人,23,50mバタフライ,男子,,,,,,45～49歳,8,谷本宏臣,男子,セ・目黒,36.46,,,,,,,,,27.02,26.06,25.39,4/2
1466,78,2025,5,31,長水路,個人,23,50mバタフライ,男子,,,,,,45～49歳,9,宮澤啓太,男子,セ・自由が丘,36.56,,,,,,,,,27.02,26.06,25.39,5/2
1467,78,2025,5,31,長水路,個人,23,50mバタフライ,男子,,,,,,45～49歳,10,比嘉直隆,男子,セ・能見台,41.57,,,,,,,,,27.02,26.06,25.39,2/7
1468,78,2025,5,31,長水路,個人,23,50mバタフライ,男子,,,,,,45～49歳,11,高橋基一,男子,セ・松戸,44.02,,,,,,,,,27.02,26.06,25.39,2/10
1469,78,2025,5,31,長水路,個人,23,50mバタフライ,男子,,,,,,40～44歳,1,矢嶋一義,男子,セ・志津,29.75,,,,,,,,,26.65,25.10,25.06,8/3
1470,78,2025,5,31,長水路,個人,23,50mバタフライ,男子,,,,,,40～44歳,2,今里昂哉,男子,セ・清瀬,29.83,,,,,,,,,26.65,25.10,25.06,8/10
1471,78,2025,5,31,長水路,個人,23,50mバタフライ,男子,,,,,,40～44歳,3,河野大和,男子,セ・川崎,30.69,,,,,,,,,26.65,25.10,25.06,8/8
1472,78,2025,5,31,長水路,個人,23,50mバタフライ,男子,,,,,,40～44歳,4,井部淳,男子,セ・自由が丘,33.72,,,,,,,,,26.65,25.10,25.06,5/7
1473,78,2025,5,31,長水路,個人,23,50mバタフライ,男子,,,,,,40～44歳,5,花木雄大,男子,セ・上池袋,33.91,,,,,,,,,26.65,25.10,25.06,4/6
1474,78,2025,5,31,長水路,個人,23,50mバタフライ,男子,,,,,,40～44歳,6,菅原清隆,男子,セ・本八幡,34.38,,,,,,,,,26.65,25.10,25.06,5/5
1475,78,2025,5,31,長水路,個人,23,50mバタフライ,男子,,,,,,35～39歳,1,永瀬知之,男子,セ・二俣川,26.54,,,,,,,,,26.47,25.31,24.14,10/5
1476,78,2025,5,31,長水路,個人,23,50mバタフライ,男子,,,,,,35～39歳,2,加地隆史,男子,セ・葛西,28.66,,,,,,,,,26.47,25.31,24.14,9/4
1477,78,2025,5,31,長水路,個人,23,50mバタフライ,男子,,,,,,35～39歳,3,宮川航,男子,セ・南千住,28.98,,,,,,,,,26.47,25.31,24.14,9/5
1478,78,2025,5,31,長水路,個人,23,50mバタフライ,男子,,,,,,35～39歳,4,角田一貴,男子,セ・横浜,29.35,,,,,,,,,26.47,25.31,24.14,8/4
1479,78,2025,5,31,長水路,個人,23,50mバタフライ,男子,,,,,,35～39歳,5,稲葉優希,男子,セ・自由が丘,30.40,,,,,,,,,26.47,25.31,24.14,7/7
1480,78,2025,5,31,長水路,個人,23,50mバタフライ,男子,,,,,,35～39歳,6,松浦一樹,男子,セ・大泉学園,32.80,,,,,,,,,26.47,25.31,24.14,7/3
1481,78,2025,5,31,長水路,個人,23,50mバタフライ,男子,,,,,,35～39歳,7,田口学,男子,セ・阿佐谷,37.26,,,,,,,,,26.47,25.31,24.14,3/4
1482,78,2025,5,31,長水路,個人,23,50mバタフライ,男子,,,,,,35～39歳,8,岸本拓也,男子,セ・市ヶ尾,38.86,,,,,,,,,26.47,25.31,24.14,3/7
1483,78,2025,5,31,長水路,個人,23,50mバタフライ,男子,,,,,,30～34歳,1,板場一樹,男子,セ・二俣川,26.97,,,,,,,,,25.64,24.62,23.71,10/2
1484,78,2025,5,31,長水路,個人,23,50mバタフライ,男子,,,,,,30～34歳,2,伊東和哉,男子,セ・長津田,27.10,,,,,,,,,25.64,24.62,23.71,10/8
1485,78,2025,5,31,長水路,個人,23,50mバタフライ,男子,,,,,,30～34歳,3,高柳輝之,男子,セ・松戸,31.67,,,,,,,,,25.64,24.62,23.71,7/9
1486,78,2025,5,31,長水路,個人,23,50mバタフライ,男子,,,,,,30～34歳,4,神尾達也,男子,セ・西東京,34.90,,,,,,,,,25.64,24.62,23.71,5/1
1487,78,2025,5,31,長水路,個人,23,50mバタフライ,男子,,,,,,25～29歳,1,安島健人,男子,セ・谷津,25.53,,,,,,,,,25.39,24.01,23.71,10/10
1488,78,2025,5,31,長水路,個人,23,50mバタフライ,男子,,,,,,25～29歳,2,田中諒也,男子,セ・市ヶ尾,25.53,,,,,,,,,25.39,24.01,23.71,10/6
1489,78,2025,5,31,長水路,個人,23,50mバタフライ,男子,,,,,,25～29歳,3,板場貴大,男子,セ・成城,26.44,,,,,,,,,25.39,24.01,23.71,10/4
1490,78,2025,5,31,長水路,個人,23,50mバタフライ,男子,,,,,,25～29歳,4,石井了,男子,セ・おおたか,26.74,,,,,,,,,25.39,24.01,23.71,10/7
1491,78,2025,5,31,長水路,個人,23,50mバタフライ,男子,,,,,,25～29歳,5,津崎朝輝,男子,セ・武蔵小杉,27.11,,,,,,,,,25.39,24.01,23.71,10/3
1492,78,2025,5,31,長水路,個人,23,50mバタフライ,男子,,,,,,25～29歳,6,木渕大輝,男子,セ・天王洲,27.32,,,,,,,,,25.39,24.01,23.71,10/9
1493,78,2025,5,31,長水路,個人,23,50mバタフライ,男子,,,,,,25～29歳,7,宮田遼太,男子,セ・成城,27.49,,,,,,,,,25.39,24.01,23.71,9/2
1494,78,2025,5,31,長水路,個人,23,50mバタフライ,男子,,,,,,25～29歳,8,廣川大起,男子,セ・柏,27.88,,,,,,,,,25.39,24.01,23.71,8/5
1495,78,2025,5,31,長水路,個人,23,50mバタフライ,男子,,,,,,25～29歳,9,松尾勇太,男子,セ・南青山,27.95,,,,,,,,,25.39,24.01,23.71,9/9
1496,78,2025,5,31,長水路,個人,23,50mバタフライ,男子,,,,,,25～29歳,10,田中壮一郎,男子,セ・二俣川,28.06,,,,,,,,,25.39,24.01,23.71,9/1
1497,78,2025,5,31,長水路,個人,23,50mバタフライ,男子,,,,,,25～29歳,11,泉翔太,男子,セ・葛西,28.70,,,,,,,,,25.39,24.01,23.71,8/9
1498,78,2025,5,31,長水路,個人,23,50mバタフライ,男子,,,,,,25～29歳,12,和田佳明,男子,セ・二俣川,33.87,,,,,,,,,25.39,24.01,23.71,6/9
1499,78,2025,5,31,長水路,個人,23,50mバタフライ,男子,,,,,,25～29歳,13,長谷川輝,男子,セ・平塚,35.34,,,,,,,,,25.39,24.01,23.71,3/2
1500,78,2025,5,31,長水路,個人,23,50mバタフライ,男子,,,,,,25～29歳,,岡内昭伍,男子,セ・大宮宮原,,,,,,,,,,25.39,24.01,23.71,9/8
1501,78,2025,5,31,長水路,個人,23,50mバタフライ,男子,,,,,,18～24歳,1,服部碧,男子,セ・成城,26.28,,,,,,,,,24.03,,,10/10
1502,78,2025,5,31,長水路,個人,23,50mバタフライ,男子,,,,,,18～24歳,2,菅原啓,男子,セ・慶應日吉,26.42,,,,,,,,,24.03,,,10/1
1503,78,2025,5,31,長水路,個人,23,50mバタフライ,男子,,,,,,18～24歳,3,黒田大介,男子,セ・成城,27.65,,,,,,,,,24.03,,,9/6
1504,78,2025,5,31,長水路,個人,23,50mバタフライ,男子,,,,,,18～24歳,4,都築クラウディオ佑亮,男子,セ・おおたか,29.06,,,,,,,,,24.03,,,8/1
1505,78,2025,5,31,長水路,個人,23,50mバタフライ,男子,,,,,,18～24歳,5,藤井大智,男子,セ・F東戸塚,29.11,,,,,,,,,24.03,,,6/3
1506,78,2025,5,31,長水路,個人,23,50mバタフライ,男子,,,,,,18～24歳,6,村田雅治,男子,セ・長津田,29.56,,,,,,,,,24.03,,,7/6
1507,78,2025,5,31,長水路,個人,23,50mバタフライ,男子,,,,,,18～24歳,7,伊藤水晶,男子,セ・松戸,29.79,,,,,,,,,24.03,,,9/7
1508,78,2025,5,31,長水路,個人,23,50mバタフライ,男子,,,,,,18～24歳,8,嶋田翔太,男子,セ・葛西,31.24,,,,,,,,,24.03,,,7/2
1509,78,2025,5,31,長水路,個人,23,50mバタフライ,男子,,,,,,18～24歳,9,加藤慎悟,男子,ザバス川崎,34.19,,,,,,,,,24.03,,,3/9
1510,78,2025,5,31,長水路,個人,23,50mバタフライ,男子,,,,,,18～24歳,10,佐々木駿,男子,セ・流山,36.39,,,,,,,,,24.03,,,4/9
