ID,回,年,月,日,水路,タイプ,レース番号,競技名,競技性別,リレー年齢区分,リレー実年齢合計,リレータイム,リレー大会新差,リレー泳順,個人年齢区分,順位,選手名,性別,チーム名,個人タイム,個人大会新差,飛込タイム,LAPタイム,個人得点,チーム得点,申請タイム,ぴったり賞,大会新,大会記録,日本記録,世界記録,レーン
1,78,2025,5,31,長水路,チーム,3,4×50mフリーリレー,女子,320～359歳,330,3:50.50,,1,,1,鬼束洋子,,天王洲,50.47,,,,,,,,,3:16.24,2:52.72,2:52.72,1/8
2,78,2025,5,31,長水路,チーム,3,4×50mフリーリレー,女子,320～359歳,330,3:50.50,,2,,1,川端淑子,,天王洲,1:01.32,,,,,,,,,3:16.24,2:52.72,2:52.72,1/8
3,78,2025,5,31,長水路,チーム,3,4×50mフリーリレー,女子,320～359歳,330,3:50.50,,3,,1,熊谷一枝,,天王洲,58.14,,,,,,,,,3:16.24,2:52.72,2:52.72,1/8
4,78,2025,5,31,長水路,チーム,3,4×50mフリーリレー,女子,320～359歳,330,3:50.50,,4,,1,平田美佐子,,天王洲,1:00.57,,,,,,,,,3:16.24,2:52.72,2:52.72,1/8
5,78,2025,5,31,長水路,チーム,3,4×50mフリーリレー,女子,280～319歳,285,2:46.36,,1,,1,立石由美子,,大森,38.91,,,,,,,,,2:45.72,2:23.39,2:14.99,3/3
6,78,2025,5,31,長水路,チーム,3,4×50mフリーリレー,女子,280～319歳,285,2:46.36,,2,,1,市野克子,,大森,42.05,,,,,,,,,2:45.72,2:23.39,2:14.99,3/3
7,78,2025,5,31,長水路,チーム,3,4×50mフリーリレー,女子,280～319歳,285,2:46.36,,3,,1,室谷晴江,,大森,44.69,,,,,,,,,2:45.72,2:23.39,2:14.99,3/3
8,78,2025,5,31,長水路,チーム,3,4×50mフリーリレー,女子,280～319歳,285,2:46.36,,4,,1,井上美佐子,,大森,40.71,,,,,,,,,2:45.72,2:23.39,2:14.99,3/3
9,78,2025,5,31,長水路,チーム,3,4×50mフリーリレー,女子,280～319歳,281,2:52.09,,1,,2,小宮山美芽,,天王洲,49.83,,,,,,,,,2:45.72,2:23.39,2:14.99,2/7
10,78,2025,5,31,長水路,チーム,3,4×50mフリーリレー,女子,280～319歳,281,2:52.09,,2,,2,梅田栄己子,,天王洲,42.80,,,,,,,,,2:45.72,2:23.39,2:14.99,2/7
11,78,2025,5,31,長水路,チーム,3,4×50mフリーリレー,女子,280～319歳,281,2:52.09,,3,,2,後藤明美,,天王洲,40.26,,,,,,,,,2:45.72,2:23.39,2:14.99,2/7
12,78,2025,5,31,長水路,チーム,3,4×50mフリーリレー,女子,280～319歳,281,2:52.09,,4,,2,浅野みどり,,天王洲,39.20,,,,,,,,,2:45.72,2:23.39,2:14.99,2/7
13,78,2025,5,31,長水路,チーム,3,4×50mフリーリレー,女子,280～319歳,310,3:00.04,,1,,3,柴崎徳子,,柏,44.67,,,,,,,,,2:45.72,2:23.39,2:14.99,2/6
14,78,2025,5,31,長水路,チーム,3,4×50mフリーリレー,女子,280～319歳,310,3:00.04,,2,,3,木澤晃子,,柏,45.22,,,,,,,,,2:45.72,2:23.39,2:14.99,2/6
15,78,2025,5,31,長水路,チーム,3,4×50mフリーリレー,女子,280～319歳,310,3:00.04,,3,,3,長野愛子,,柏,47.98,,,,,,,,,2:45.72,2:23.39,2:14.99,2/6
16,78,2025,5,31,長水路,チーム,3,4×50mフリーリレー,女子,280～319歳,310,3:00.04,,4,,3,浅浦礼子,,柏,42.17,,,,,,,,,2:45.72,2:23.39,2:14.99,2/6
17,78,2025,5,31,長水路,チーム,3,4×50mフリーリレー,女子,280～319歳,297,3:09.59,,1,,4,内田良子,,用賀,47.91,,,,,,,,,2:45.72,2:23.39,2:14.99,1/5
18,78,2025,5,31,長水路,チーム,3,4×50mフリーリレー,女子,280～319歳,297,3:09.59,,2,,4,舘野圭子,,用賀,55.43,,,,,,,,,2:45.72,2:23.39,2:14.99,1/5
19,78,2025,5,31,長水路,チーム,3,4×50mフリーリレー,女子,280～319歳,297,3:09.59,,3,,4,佐藤由利子,,用賀,44.99,,,,,,,,,2:45.72,2:23.39,2:14.99,1/5
20,78,2025,5,31,長水路,チーム,3,4×50mフリーリレー,女子,280～319歳,297,3:09.59,,4,,4,埵井泰子,,用賀,41.26,,,,,,,,,2:45.72,2:23.39,2:14.99,1/5
21,78,2025,5,31,長水路,チーム,3,4×50mフリーリレー,女子,280～319歳,283,3:15.33,,1,,5,日和久美子,,戸塚,47.43,,,,,,,,,2:45.72,2:23.39,2:14.99,1/7
22,78,2025,5,31,長水路,チーム,3,4×50mフリーリレー,女子,280～319歳,283,3:15.33,,2,,5,太田拓江,,戸塚,49.57,,,,,,,,,2:45.72,2:23.39,2:14.99,1/7
23,78,2025,5,31,長水路,チーム,3,4×50mフリーリレー,女子,280～319歳,283,3:15.33,,3,,5,福田加代子,,戸塚,51.24,,,,,,,,,2:45.72,2:23.39,2:14.99,1/7
24,78,2025,5,31,長水路,チーム,3,4×50mフリーリレー,女子,280～319歳,283,3:15.33,,4,,5,酒谷真砂子,,戸塚,47.09,,,,,,,,,2:45.72,2:23.39,2:14.99,1/7
25,78,2025,5,31,長水路,チーム,3,4×50mフリーリレー,女子,280～319歳,281,3:24.74,,1,,6,池淵玲子,,慶應日吉,57.29,,,,,,,,,2:45.72,2:23.39,2:14.99,1/6
26,78,2025,5,31,長水路,チーム,3,4×50mフリーリレー,女子,280～319歳,281,3:24.74,,2,,6,田野倉和子,,慶應日吉,53.96,,,,,,,,,2:45.72,2:23.39,2:14.99,1/6
27,78,2025,5,31,長水路,チーム,3,4×50mフリーリレー,女子,280～319歳,281,3:24.74,,3,,6,戸倉陽子,,慶應日吉,49.41,,,,,,,,,2:45.72,2:23.39,2:14.99,1/6
28,78,2025,5,31,長水路,チーム,3,4×50mフリーリレー,女子,280～319歳,281,3:24.74,,4,,6,中野朗子,,慶應日吉,44.08,,,,,,,,,2:45.72,2:23.39,2:14.99,1/6
29,78,2025,5,31,長水路,チーム,3,4×50mフリーリレー,女子,280～319歳,299,3:40.92,,1,,7,長谷川節子,,天王洲,55.66,,,,,,,,,2:45.72,2:23.39,2:14.99,1/4
30,78,2025,5,31,長水路,チーム,3,4×50mフリーリレー,女子,280～319歳,299,3:40.92,,2,,7,川島かよ子,,天王洲,50.92,,,,,,,,,2:45.72,2:23.39,2:14.99,1/4
31,78,2025,5,31,長水路,チーム,3,4×50mフリーリレー,女子,280～319歳,299,3:40.92,,3,,7,寺西寿賀子,,天王洲,57.08,,,,,,,,,2:45.72,2:23.39,2:14.99,1/4
32,78,2025,5,31,長水路,チーム,3,4×50mフリーリレー,女子,280～319歳,299,3:40.92,,4,,7,柴田千代子,,天王洲,57.26,,,,,,,,,2:45.72,2:23.39,2:14.99,1/4
33,78,2025,5,31,長水路,チーム,3,4×50mフリーリレー,女子,240～279歳,262,2:24.92,,1,,1,武井麻知子,,二俣川,36.64,,,,,,,,,2:18.66,2:07.60,2:00.75,4/10
34,78,2025,5,31,長水路,チーム,3,4×50mフリーリレー,女子,240～279歳,262,2:24.92,,2,,1,近藤ひな子,,二俣川,37.65,,,,,,,,,2:18.66,2:07.60,2:00.75,4/10
35,78,2025,5,31,長水路,チーム,3,4×50mフリーリレー,女子,240～279歳,262,2:24.92,,3,,1,野島久枝,,二俣川,38.18,,,,,,,,,2:18.66,2:07.60,2:00.75,4/10
36,78,2025,5,31,長水路,チーム,3,4×50mフリーリレー,女子,240～279歳,262,2:24.92,,4,,1,永瀬秀子,,二俣川,32.45,,,,,,,,,2:18.66,2:07.60,2:00.75,4/10
37,78,2025,5,31,長水路,チーム,3,4×50mフリーリレー,女子,240～279歳,252,2:33.32,,1,,2,仲田久美子,,成城,34.38,,,,,,,,,2:18.66,2:07.60,2:00.75,3/2
38,78,2025,5,31,長水路,チーム,3,4×50mフリーリレー,女子,240～279歳,252,2:33.32,,2,,2,草森理子,,成城,41.64,,,,,,,,,2:18.66,2:07.60,2:00.75,3/2
39,78,2025,5,31,長水路,チーム,3,4×50mフリーリレー,女子,240～279歳,252,2:33.32,,3,,2,伊藤ゆかり,,成城,39.14,,,,,,,,,2:18.66,2:07.60,2:00.75,3/2
40,78,2025,5,31,長水路,チーム,3,4×50mフリーリレー,女子,240～279歳,252,2:33.32,,4,,2,高梨美樹,,成城,38.16,,,,,,,,,2:18.66,2:07.60,2:00.75,3/2
41,78,2025,5,31,長水路,チーム,3,4×50mフリーリレー,女子,240～279歳,247,2:39.70,,1,,3,五十嵐知佐,,おおたか,35.91,,,,,,,,,2:18.66,2:07.60,2:00.75,2/4
42,78,2025,5,31,長水路,チーム,3,4×50mフリーリレー,女子,240～279歳,247,2:39.70,,2,,3,育村博子,,おおたか,43.18,,,,,,,,,2:18.66,2:07.60,2:00.75,2/4
43,78,2025,5,31,長水路,チーム,3,4×50mフリーリレー,女子,240～279歳,247,2:39.70,,3,,3,倉林明子,,おおたか,41.58,,,,,,,,,2:18.66,2:07.60,2:00.75,2/4
44,78,2025,5,31,長水路,チーム,3,4×50mフリーリレー,女子,240～279歳,247,2:39.70,,4,,3,野崎由美子,,おおたか,39.03,,,,,,,,,2:18.66,2:07.60,2:00.75,2/4
45,78,2025,5,31,長水路,チーム,3,4×50mフリーリレー,女子,240～279歳,240,2:45.83,,1,,4,中山翠,,川崎,38.12,,,,,,,,,2:18.66,2:07.60,2:00.75,2/8
46,78,2025,5,31,長水路,チーム,3,4×50mフリーリレー,女子,240～279歳,240,2:45.83,,2,,4,齊藤たか子,,川崎,43.09,,,,,,,,,2:18.66,2:07.60,2:00.75,2/8
47,78,2025,5,31,長水路,チーム,3,4×50mフリーリレー,女子,240～279歳,240,2:45.83,,3,,4,伊藤春美,,川崎,44.73,,,,,,,,,2:18.66,2:07.60,2:00.75,2/8
48,78,2025,5,31,長水路,チーム,3,4×50mフリーリレー,女子,240～279歳,240,2:45.83,,4,,4,川久保ちづる,,川崎,38.89,,,,,,,,,2:18.66,2:07.60,2:00.75,2/8
49,78,2025,5,31,長水路,チーム,3,4×50mフリーリレー,女子,240～279歳,253,2:46.12,,1,,5,大石里佳,,おおたか,36.83,,,,,,,,,2:18.66,2:07.60,2:00.75,2/3
50,78,2025,5,31,長水路,チーム,3,4×50mフリーリレー,女子,240～279歳,253,2:46.12,,2,,5,高木保子,,おおたか,45.03,,,,,,,,,2:18.66,2:07.60,2:00.75,2/3
51,78,2025,5,31,長水路,チーム,3,4×50mフリーリレー,女子,240～279歳,253,2:46.12,,3,,5,佐藤晶子,,おおたか,42.63,,,,,,,,,2:18.66,2:07.60,2:00.75,2/3
52,78,2025,5,31,長水路,チーム,3,4×50mフリーリレー,女子,240～279歳,253,2:46.12,,4,,5,岡村悦子,,おおたか,41.63,,,,,,,,,2:18.66,2:07.60,2:00.75,2/3
53,78,2025,5,31,長水路,チーム,3,4×50mフリーリレー,女子,240～279歳,240,2:49.06,,1,,6,井手敦子,,慶應日吉,42.09,,,,,,,,,2:18.66,2:07.60,2:00.75,3/7
54,78,2025,5,31,長水路,チーム,3,4×50mフリーリレー,女子,240～279歳,240,2:49.06,,2,,6,山田智子,,慶應日吉,43.34,,,,,,,,,2:18.66,2:07.60,2:00.75,3/7
55,78,2025,5,31,長水路,チーム,3,4×50mフリーリレー,女子,240～279歳,240,2:49.06,,3,,6,原田由美子,,慶應日吉,47.78,,,,,,,,,2:18.66,2:07.60,2:00.75,3/7
56,78,2025,5,31,長水路,チーム,3,4×50mフリーリレー,女子,240～279歳,240,2:49.06,,4,,6,福本麻美,,慶應日吉,35.85,,,,,,,,,2:18.66,2:07.60,2:00.75,3/7
57,78,2025,5,31,長水路,チーム,3,4×50mフリーリレー,女子,240～279歳,252,3:05.68,,1,,7,古宇田淳子,,南千住,45.10,,,,,,,,,2:18.66,2:07.60,2:00.75,2/2
58,78,2025,5,31,長水路,チーム,3,4×50mフリーリレー,女子,240～279歳,252,3:05.68,,2,,7,于亜芝,,南千住,55.20,,,,,,,,,2:18.66,2:07.60,2:00.75,2/2
59,78,2025,5,31,長水路,チーム,3,4×50mフリーリレー,女子,240～279歳,252,3:05.68,,3,,7,片桐万澄,,南千住,47.27,,,,,,,,,2:18.66,2:07.60,2:00.75,2/2
60,78,2025,5,31,長水路,チーム,3,4×50mフリーリレー,女子,240～279歳,252,3:05.68,,4,,7,町田麻里,,南千住,38.11,,,,,,,,,2:18.66,2:07.60,2:00.75,2/2
61,78,2025,5,31,長水路,チーム,3,4×50mフリーリレー,女子,240～279歳,258,3:17.96,,1,,8,佐々木政子,,大森,49.82,,,,,,,,,2:18.66,2:07.60,2:00.75,3/9
62,78,2025,5,31,長水路,チーム,3,4×50mフリーリレー,女子,240～279歳,258,3:17.96,,2,,8,中島初美,,大森,52.16,,,,,,,,,2:18.66,2:07.60,2:00.75,3/9
63,78,2025,5,31,長水路,チーム,3,4×50mフリーリレー,女子,240～279歳,258,3:17.96,,3,,8,富樫博子,,大森,56.21,,,,,,,,,2:18.66,2:07.60,2:00.75,3/9
64,78,2025,5,31,長水路,チーム,3,4×50mフリーリレー,女子,240～279歳,258,3:17.96,,4,,8,酒井貴代,,大森,39.77,,,,,,,,,2:18.66,2:07.60,2:00.75,3/9
65,78,2025,5,31,長水路,チーム,3,4×50mフリーリレー,女子,240～279歳,264,3:25.69,,1,,9,三木純子,,流山,50.52,,,,,,,,,2:18.66,2:07.60,2:00.75,1/3
66,78,2025,5,31,長水路,チーム,3,4×50mフリーリレー,女子,240～279歳,264,3:25.69,,2,,9,新井瑞枝,,流山,52.59,,,,,,,,,2:18.66,2:07.60,2:00.75,1/3
67,78,2025,5,31,長水路,チーム,3,4×50mフリーリレー,女子,240～279歳,264,3:25.69,,3,,9,菊池佐千代,,流山,54.82,,,,,,,,,2:18.66,2:07.60,2:00.75,1/3
68,78,2025,5,31,長水路,チーム,3,4×50mフリーリレー,女子,240～279歳,264,3:25.69,,4,,9,小笠原京子,,流山,47.76,,,,,,,,,2:18.66,2:07.60,2:00.75,1/3
69,78,2025,5,31,長水路,チーム,3,4×50mフリーリレー,女子,200～239歳,200,2:20.57,,1,,1,井上唯,,慶應日吉,36.89,,,,,,,,,2:09.81,1:58.55,1:54.10,4/9
70,78,2025,5,31,長水路,チーム,3,4×50mフリーリレー,女子,200～239歳,200,2:20.57,,2,,1,前畑章子,,慶應日吉,33.60,,,,,,,,,2:09.81,1:58.55,1:54.10,4/9
71,78,2025,5,31,長水路,チーム,3,4×50mフリーリレー,女子,200～239歳,200,2:20.57,,3,,1,森谷登志江,,慶應日吉,39.15,,,,,,,,,2:09.81,1:58.55,1:54.10,4/9
72,78,2025,5,31,長水路,チーム,3,4×50mフリーリレー,女子,200～239歳,200,2:20.57,,4,,1,上沢絵里奈,,慶應日吉,30.93,,,,,,,,,2:09.81,1:58.55,1:54.10,4/9
73,78,2025,5,31,長水路,チーム,3,4×50mフリーリレー,女子,200～239歳,205,2:25.07,,1,,2,新井亜衣,,市川,30.38,,,,,,,,,2:09.81,1:58.55,1:54.10,4/1
74,78,2025,5,31,長水路,チーム,3,4×50mフリーリレー,女子,200～239歳,205,2:25.07,,2,,2,小高麻衣子,,市川,39.12,,,,,,,,,2:09.81,1:58.55,1:54.10,4/1
75,78,2025,5,31,長水路,チーム,3,4×50mフリーリレー,女子,200～239歳,205,2:25.07,,3,,2,高橋久美,,市川,38.17,,,,,,,,,2:09.81,1:58.55,1:54.10,4/1
76,78,2025,5,31,長水路,チーム,3,4×50mフリーリレー,女子,200～239歳,205,2:25.07,,4,,2,石井菜穂美,,市川,37.40,,,,,,,,,2:09.81,1:58.55,1:54.10,4/1
77,78,2025,5,31,長水路,チーム,3,4×50mフリーリレー,女子,200～239歳,227,2:27.80,,1,,3,真栄田こずえ,,八景,33.65,,,,,,,,,2:09.81,1:58.55,1:54.10,3/8
78,78,2025,5,31,長水路,チーム,3,4×50mフリーリレー,女子,200～239歳,227,2:27.80,,2,,3,座間千鶴子,,八景,42.21,,,,,,,,,2:09.81,1:58.55,1:54.10,3/8
79,78,2025,5,31,長水路,チーム,3,4×50mフリーリレー,女子,200～239歳,227,2:27.80,,3,,3,野村洋子,,八景,36.41,,,,,,,,,2:09.81,1:58.55,1:54.10,3/8
80,78,2025,5,31,長水路,チーム,3,4×50mフリーリレー,女子,200～239歳,227,2:27.80,,4,,3,鶴岡美佐,,八景,35.53,,,,,,,,,2:09.81,1:58.55,1:54.10,3/8
81,78,2025,5,31,長水路,チーム,3,4×50mフリーリレー,女子,200～239歳,230,2:33.02,,1,,4,川村佳代子,,二俣川,36.52,,,,,,,,,2:09.81,1:58.55,1:54.10,3/4
82,78,2025,5,31,長水路,チーム,3,4×50mフリーリレー,女子,200～239歳,230,2:33.02,,2,,4,板谷仁恵,,二俣川,40.36,,,,,,,,,2:09.81,1:58.55,1:54.10,3/4
83,78,2025,5,31,長水路,チーム,3,4×50mフリーリレー,女子,200～239歳,230,2:33.02,,3,,4,松川律子,,二俣川,36.51,,,,,,,,,2:09.81,1:58.55,1:54.10,3/4
84,78,2025,5,31,長水路,チーム,3,4×50mフリーリレー,女子,200～239歳,230,2:33.02,,4,,4,阿部のぞみ,,二俣川,39.63,,,,,,,,,2:09.81,1:58.55,1:54.10,3/4
85,78,2025,5,31,長水路,チーム,3,4×50mフリーリレー,女子,200～239歳,229,2:35.49,,1,,5,大橋ほづ美,,清瀬,35.79,,,,,,,,,2:09.81,1:58.55,1:54.10,2/5
86,78,2025,5,31,長水路,チーム,3,4×50mフリーリレー,女子,200～239歳,229,2:35.49,,2,,5,小笠原暁子,,清瀬,42.26,,,,,,,,,2:09.81,1:58.55,1:54.10,2/5
87,78,2025,5,31,長水路,チーム,3,4×50mフリーリレー,女子,200～239歳,229,2:35.49,,3,,5,レントフェルト慶子,,清瀬,41.04,,,,,,,,,2:09.81,1:58.55,1:54.10,2/5
88,78,2025,5,31,長水路,チーム,3,4×50mフリーリレー,女子,200～239歳,229,2:35.49,,4,,5,大槻真由美,,清瀬,36.40,,,,,,,,,2:09.81,1:58.55,1:54.10,2/5
89,78,2025,5,31,長水路,チーム,3,4×50mフリーリレー,女子,200～239歳,230,2:47.59,,1,,6,赤坂惠美子,,志木,44.87,,,,,,,,,2:09.81,1:58.55,1:54.10,3/1
90,78,2025,5,31,長水路,チーム,3,4×50mフリーリレー,女子,200～239歳,230,2:47.59,,2,,6,石塚孝子,,志木,42.79,,,,,,,,,2:09.81,1:58.55,1:54.10,3/1
91,78,2025,5,31,長水路,チーム,3,4×50mフリーリレー,女子,200～239歳,230,2:47.59,,3,,6,佐々木れい,,志木,45.06,,,,,,,,,2:09.81,1:58.55,1:54.10,3/1
92,78,2025,5,31,長水路,チーム,3,4×50mフリーリレー,女子,200～239歳,230,2:47.59,,4,,6,高橋真美,,志木,34.87,,,,,,,,,2:09.81,1:58.55,1:54.10,3/1
93,78,2025,5,31,長水路,チーム,3,4×50mフリーリレー,女子,200～239歳,230,2:50.72,,1,,7,大野結実,,横浜,38.36,,,,,,,,,2:09.81,1:58.55,1:54.10,3/10
94,78,2025,5,31,長水路,チーム,3,4×50mフリーリレー,女子,200～239歳,230,2:50.72,,2,,7,植草美香子,,横浜,56.18,,,,,,,,,2:09.81,1:58.55,1:54.10,3/10
95,78,2025,5,31,長水路,チーム,3,4×50mフリーリレー,女子,200～239歳,230,2:50.72,,3,,7,佐藤桂子,,横浜,37.69,,,,,,,,,2:09.81,1:58.55,1:54.10,3/10
96,78,2025,5,31,長水路,チーム,3,4×50mフリーリレー,女子,200～239歳,230,2:50.72,,4,,7,山﨑京子,,横浜,38.49,,,,,,,,,2:09.81,1:58.55,1:54.10,3/10
97,78,2025,5,31,長水路,チーム,3,4×50mフリーリレー,女子,160～199歳,161,2:11.70,,1,,1,仲田笑美,,成城,30.55,,,,,,,,,2:05.08,1:54.99,1:48.44,4/7
98,78,2025,5,31,長水路,チーム,3,4×50mフリーリレー,女子,160～199歳,161,2:11.70,,2,,1,佐藤洋子,,成城,35.79,,,,,,,,,2:05.08,1:54.99,1:48.44,4/7
99,78,2025,5,31,長水路,チーム,3,4×50mフリーリレー,女子,160～199歳,161,2:11.70,,3,,1,岩田愛恵,,成城,34.13,,,,,,,,,2:05.08,1:54.99,1:48.44,4/7
100,78,2025,5,31,長水路,チーム,3,4×50mフリーリレー,女子,160～199歳,161,2:11.70,,4,,1,中畑眸,,成城,31.23,,,,,,,,,2:05.08,1:54.99,1:48.44,4/7
101,78,2025,5,31,長水路,チーム,3,4×50mフリーリレー,女子,160～199歳,181,2:12.39,,1,,2,永田加那子,,葛西,31.12,,,,,,,,,2:05.08,1:54.99,1:48.44,4/2
102,78,2025,5,31,長水路,チーム,3,4×50mフリーリレー,女子,160～199歳,181,2:12.39,,2,,2,羽山恵津子,,葛西,34.50,,,,,,,,,2:05.08,1:54.99,1:48.44,4/2
103,78,2025,5,31,長水路,チーム,3,4×50mフリーリレー,女子,160～199歳,181,2:12.39,,3,,2,溝井花代子,,葛西,35.65,,,,,,,,,2:05.08,1:54.99,1:48.44,4/2
104,78,2025,5,31,長水路,チーム,3,4×50mフリーリレー,女子,160～199歳,181,2:12.39,,4,,2,大椛詩織,,葛西,31.12,,,,,,,,,2:05.08,1:54.99,1:48.44,4/2
105,78,2025,5,31,長水路,チーム,3,4×50mフリーリレー,女子,160～199歳,194,2:12.93,,1,,3,池田百合子,,市ヶ尾,30.65,,,,,,,,,2:05.08,1:54.99,1:48.44,4/3
106,78,2025,5,31,長水路,チーム,3,4×50mフリーリレー,女子,160～199歳,194,2:12.93,,2,,3,高橋麻子,,市ヶ尾,34.12,,,,,,,,,2:05.08,1:54.99,1:48.44,4/3
107,78,2025,5,31,長水路,チーム,3,4×50mフリーリレー,女子,160～199歳,194,2:12.93,,3,,3,白須靖子,,市ヶ尾,37.00,,,,,,,,,2:05.08,1:54.99,1:48.44,4/3
108,78,2025,5,31,長水路,チーム,3,4×50mフリーリレー,女子,160～199歳,194,2:12.93,,4,,3,宮下泰子,,市ヶ尾,31.16,,,,,,,,,2:05.08,1:54.99,1:48.44,4/3
109,78,2025,5,31,長水路,チーム,3,4×50mフリーリレー,女子,160～199歳,169,2:16.37,,1,,4,吉池奈々,,二俣川,36.15,,,,,,,,,2:05.08,1:54.99,1:48.44,4/8
110,78,2025,5,31,長水路,チーム,3,4×50mフリーリレー,女子,160～199歳,169,2:16.37,,2,,4,前田由希映,,二俣川,35.97,,,,,,,,,2:05.08,1:54.99,1:48.44,4/8
111,78,2025,5,31,長水路,チーム,3,4×50mフリーリレー,女子,160～199歳,169,2:16.37,,3,,4,草野茜,,二俣川,34.15,,,,,,,,,2:05.08,1:54.99,1:48.44,4/8
112,78,2025,5,31,長水路,チーム,3,4×50mフリーリレー,女子,160～199歳,169,2:16.37,,4,,4,竹下菜々美,,二俣川,30.10,,,,,,,,,2:05.08,1:54.99,1:48.44,4/8
113,78,2025,5,31,長水路,チーム,3,4×50mフリーリレー,女子,160～199歳,173,2:24.63,,1,,5,萩原ゆりか,,天王洲,35.41,,,,,,,,,2:05.08,1:54.99,1:48.44,3/6
114,78,2025,5,31,長水路,チーム,3,4×50mフリーリレー,女子,160～199歳,173,2:24.63,,2,,5,中辻澄美,,天王洲,37.51,,,,,,,,,2:05.08,1:54.99,1:48.44,3/6
115,78,2025,5,31,長水路,チーム,3,4×50mフリーリレー,女子,160～199歳,173,2:24.63,,3,,5,宇田川美穂,,天王洲,37.44,,,,,,,,,2:05.08,1:54.99,1:48.44,3/6
116,78,2025,5,31,長水路,チーム,3,4×50mフリーリレー,女子,160～199歳,173,2:24.63,,4,,5,四井美穂,,天王洲,34.27,,,,,,,,,2:05.08,1:54.99,1:48.44,3/6
117,78,2025,5,31,長水路,チーム,3,4×50mフリーリレー,女子,160～199歳,163,2:28.55,,1,,6,國政玲,,南青山,40.52,,,,,,,,,2:05.08,1:54.99,1:48.44,3/5
118,78,2025,5,31,長水路,チーム,3,4×50mフリーリレー,女子,160～199歳,163,2:28.55,,1,,6,佐々木美佐,,南青山,33.29,,,,,,,,,2:05.08,1:54.99,1:48.44,3/5
119,78,2025,5,31,長水路,チーム,3,4×50mフリーリレー,女子,160～199歳,163,2:28.55,,2,,6,北原暁美,,南青山,41.76,,,,,,,,,2:05.08,1:54.99,1:48.44,3/5
120,78,2025,5,31,長水路,チーム,3,4×50mフリーリレー,女子,160～199歳,163,2:28.55,,2,,6,比留川美緒,,南青山,37.37,,,,,,,,,2:05.08,1:54.99,1:48.44,3/5
121,78,2025,5,31,長水路,チーム,3,4×50mフリーリレー,女子,160～199歳,163,2:28.55,,3,,6,芳賀加代子,,南青山,35.93,,,,,,,,,2:05.08,1:54.99,1:48.44,3/5
122,78,2025,5,31,長水路,チーム,3,4×50mフリーリレー,女子,160～199歳,163,2:28.55,,3,,6,木田景子,,南青山,,,,,,,,,,2:05.08,1:54.99,1:48.44,3/5
123,78,2025,5,31,長水路,チーム,3,4×50mフリーリレー,女子,160～199歳,163,2:28.55,,4,,6,竹山睦月,,南青山,30.34,,,,,,,,,2:05.08,1:54.99,1:48.44,3/5
124,78,2025,5,31,長水路,チーム,3,4×50mフリーリレー,女子,160～199歳,163,2:28.55,,4,,6,足立知実,,南青山,,,,,,,,,,2:05.08,1:54.99,1:48.44,3/5
125,78,2025,5,31,長水路,チーム,3,4×50mフリーリレー,女子,120～159歳,141,2:05.50,,1,,1,吉村華余,,長津田,31.28,,,,,,,,,2:00.42,1:48.68,1:49.03,4/6
126,78,2025,5,31,長水路,チーム,3,4×50mフリーリレー,女子,120～159歳,141,2:05.50,,2,,1,小澤有未,,長津田,30.78,,,,,,,,,2:00.42,1:48.68,1:49.03,4/6
127,78,2025,5,31,長水路,チーム,3,4×50mフリーリレー,女子,120～159歳,141,2:05.50,,3,,1,森谷麻貴,,長津田,33.38,,,,,,,,,2:00.42,1:48.68,1:49.03,4/6
128,78,2025,5,31,長水路,チーム,3,4×50mフリーリレー,女子,120～159歳,141,2:05.50,,4,,1,川北恵,,長津田,30.06,,,,,,,,,2:00.42,1:48.68,1:49.03,4/6
129,78,2025,5,31,長水路,チーム,3,4×50mフリーリレー,女子,72～119歳,114,2:02.50,,1,,1,宮澤緋花留,,蒲田,30.43,,,,,,,,,1:57.97,1:48.39,1:48.16,4/5
130,78,2025,5,31,長水路,チーム,3,4×50mフリーリレー,女子,72～119歳,114,2:02.50,,2,,1,池田良子,,蒲田,32.61,,,,,,,,,1:57.97,1:48.39,1:48.16,4/5
131,78,2025,5,31,長水路,チーム,3,4×50mフリーリレー,女子,72～119歳,114,2:02.50,,3,,1,青木奈那美,,蒲田,30.27,,,,,,,,,1:57.97,1:48.39,1:48.16,4/5
132,78,2025,5,31,長水路,チーム,3,4×50mフリーリレー,女子,72～119歳,114,2:02.50,,4,,1,早川舞,,蒲田,29.19,,,,,,,,,1:57.97,1:48.39,1:48.16,4/5
133,78,2025,5,31,長水路,チーム,4,4×50mフリーリレー,男子,280～319歳,284,2:22.90,,1,,1,羽田浩一,,成城,31.07,,,,,,,,,2:18.54,2:02.04,1:53.43,1/5
134,78,2025,5,31,長水路,チーム,4,4×50mフリーリレー,男子,280～319歳,284,2:22.90,,2,,1,木津誠,,成城,35.75,,,,,,,,,2:18.54,2:02.04,1:53.43,1/5
135,78,2025,5,31,長水路,チーム,4,4×50mフリーリレー,男子,280～319歳,284,2:22.90,,3,,1,若宮強,,成城,36.72,,,,,,,,,2:18.54,2:02.04,1:53.43,1/5
136,78,2025,5,31,長水路,チーム,4,4×50mフリーリレー,男子,280～319歳,284,2:22.90,,4,,1,中田正二,,成城,39.36,,,,,,,,,2:18.54,2:02.04,1:53.43,1/5
137,78,2025,5,31,長水路,チーム,4,4×50mフリーリレー,男子,240～279歳,241,2:04.13,,1,,1,冨松実,,二俣川,31.89,,,,,,,,,1:53.10,1:51.63,1:42.40,3/2
138,78,2025,5,31,長水路,チーム,4,4×50mフリーリレー,男子,240～279歳,241,2:04.13,,2,,1,若島健二,,二俣川,34.86,,,,,,,,,1:53.10,1:51.63,1:42.40,3/2
139,78,2025,5,31,長水路,チーム,4,4×50mフリーリレー,男子,240～279歳,241,2:04.13,,3,,1,永瀬知之,,二俣川,26.84,,,,,,,,,1:53.10,1:51.63,1:42.40,3/2
140,78,2025,5,31,長水路,チーム,4,4×50mフリーリレー,男子,240～279歳,241,2:04.13,,4,,1,下家成人,,二俣川,30.54,,,,,,,,,1:53.10,1:51.63,1:42.40,3/2
141,78,2025,5,31,長水路,チーム,4,4×50mフリーリレー,男子,240～279歳,250,2:07.63,,1,,2,菊池千二,,市ヶ尾,30.03,,,,,,,,,1:53.10,1:51.63,1:42.40,3/1
142,78,2025,5,31,長水路,チーム,4,4×50mフリーリレー,男子,240～279歳,250,2:07.63,,2,,2,神尾尚人,,市ヶ尾,31.79,,,,,,,,,1:53.10,1:51.63,1:42.40,3/1
143,78,2025,5,31,長水路,チーム,4,4×50mフリーリレー,男子,240～279歳,250,2:07.63,,3,,2,大滝恭伸,,市ヶ尾,34.89,,,,,,,,,1:53.10,1:51.63,1:42.40,3/1
144,78,2025,5,31,長水路,チーム,4,4×50mフリーリレー,男子,240～279歳,250,2:07.63,,4,,2,新井良育,,市ヶ尾,30.92,,,,,,,,,1:53.10,1:51.63,1:42.40,3/1
145,78,2025,5,31,長水路,チーム,4,4×50mフリーリレー,男子,240～279歳,240,2:10.67,,1,,3,吉峯幸郎,,用賀,35.34,,,,,,,,,1:53.10,1:51.63,1:42.40,3/9
146,78,2025,5,31,長水路,チーム,4,4×50mフリーリレー,男子,240～279歳,240,2:10.67,,2,,3,佐藤正章,,用賀,32.13,,,,,,,,,1:53.10,1:51.63,1:42.40,3/9
147,78,2025,5,31,長水路,チーム,4,4×50mフリーリレー,男子,240～279歳,240,2:10.67,,3,,3,飯田正敏,,用賀,33.19,,,,,,,,,1:53.10,1:51.63,1:42.40,3/9
148,78,2025,5,31,長水路,チーム,4,4×50mフリーリレー,男子,240～279歳,240,2:10.67,,4,,3,和田浩一,,用賀,30.01,,,,,,,,,1:53.10,1:51.63,1:42.40,3/9
149,78,2025,5,31,長水路,チーム,4,4×50mフリーリレー,男子,240～279歳,241,2:18.15,,1,,4,金子謙一,,長津田,34.87,,,,,,,,,1:53.10,1:51.63,1:42.40,3/10
150,78,2025,5,31,長水路,チーム,4,4×50mフリーリレー,男子,240～279歳,241,2:18.15,,2,,4,西森文史郎,,長津田,40.02,,,,,,,,,1:53.10,1:51.63,1:42.40,3/10
151,78,2025,5,31,長水路,チーム,4,4×50mフリーリレー,男子,240～279歳,241,2:18.15,,3,,4,池谷千尋,,長津田,32.62,,,,,,,,,1:53.10,1:51.63,1:42.40,3/10
152,78,2025,5,31,長水路,チーム,4,4×50mフリーリレー,男子,240～279歳,241,2:18.15,,4,,4,西野宮冬木,,長津田,30.64,,,,,,,,,1:53.10,1:51.63,1:42.40,3/10
153,78,2025,5,31,長水路,チーム,4,4×50mフリーリレー,男子,240～279歳,248,2:26.87,,1,,5,吉村進,,阿佐谷,36.19,,,,,,,,,1:53.10,1:51.63,1:42.40,2/2
154,78,2025,5,31,長水路,チーム,4,4×50mフリーリレー,男子,240～279歳,248,2:26.87,,2,,5,折居彰,,阿佐谷,40.46,,,,,,,,,1:53.10,1:51.63,1:42.40,2/2
155,78,2025,5,31,長水路,チーム,4,4×50mフリーリレー,男子,240～279歳,248,2:26.87,,3,,5,大川明徳,,阿佐谷,35.59,,,,,,,,,1:53.10,1:51.63,1:42.40,2/2
156,78,2025,5,31,長水路,チーム,4,4×50mフリーリレー,男子,240～279歳,248,2:26.87,,4,,5,紺野忠大,,阿佐谷,34.63,,,,,,,,,1:53.10,1:51.63,1:42.40,2/2
157,78,2025,5,31,長水路,チーム,4,4×50mフリーリレー,男子,240～279歳,248,2:28.59,,1,,6,山本勝,,慶應日吉,40.46,,,,,,,,,1:53.10,1:51.63,1:42.40,1/6
158,78,2025,5,31,長水路,チーム,4,4×50mフリーリレー,男子,240～279歳,248,2:28.59,,2,,6,長野守,,慶應日吉,38.53,,,,,,,,,1:53.10,1:51.63,1:42.40,1/6
159,78,2025,5,31,長水路,チーム,4,4×50mフリーリレー,男子,240～279歳,248,2:28.59,,3,,6,岩田寛,,慶應日吉,32.37,,,,,,,,,1:53.10,1:51.63,1:42.40,1/6
160,78,2025,5,31,長水路,チーム,4,4×50mフリーリレー,男子,240～279歳,248,2:28.59,,4,,6,久保田裕一,,慶應日吉,37.23,,,,,,,,,1:53.10,1:51.63,1:42.40,1/6
161,78,2025,5,31,長水路,チーム,4,4×50mフリーリレー,男子,200～239歳,201,1:54.99,,1,,1,堀川広祐,,二俣川,30.17,,,,,,,,,1:46.48,1:43.25,1:38.24,4/1
162,78,2025,5,31,長水路,チーム,4,4×50mフリーリレー,男子,200～239歳,201,1:54.99,,2,,1,関口義和,,二俣川,29.84,,,,,,,,,1:46.48,1:43.25,1:38.24,4/1
163,78,2025,5,31,長水路,チーム,4,4×50mフリーリレー,男子,200～239歳,201,1:54.99,,3,,1,石上智啓,,二俣川,28.44,,,,,,,,,1:46.48,1:43.25,1:38.24,4/1
164,78,2025,5,31,長水路,チーム,4,4×50mフリーリレー,男子,200～239歳,201,1:54.99,,4,,1,大村俊文,,二俣川,26.54,,,,,,,,,1:46.48,1:43.25,1:38.24,4/1
165,78,2025,5,31,長水路,チーム,4,4×50mフリーリレー,男子,200～239歳,203,1:55.64,,1,,2,宮木幸彦,,葛西,30.91,,,,,,,,,1:46.48,1:43.25,1:38.24,3/4
166,78,2025,5,31,長水路,チーム,4,4×50mフリーリレー,男子,200～239歳,203,1:55.64,,2,,2,原田真,,葛西,30.69,,,,,,,,,1:46.48,1:43.25,1:38.24,3/4
167,78,2025,5,31,長水路,チーム,4,4×50mフリーリレー,男子,200～239歳,203,1:55.64,,3,,2,弭間政隆,,葛西,29.48,,,,,,,,,1:46.48,1:43.25,1:38.24,3/4
168,78,2025,5,31,長水路,チーム,4,4×50mフリーリレー,男子,200～239歳,203,1:55.64,,4,,2,青木圭祐,,葛西,24.56,,,,,,,,,1:46.48,1:43.25,1:38.24,3/4
169,78,2025,5,31,長水路,チーム,4,4×50mフリーリレー,男子,200～239歳,236,2:08.25,,1,,3,會田修一,,おおたか,33.03,,,,,,,,,1:46.48,1:43.25,1:38.24,2/3
170,78,2025,5,31,長水路,チーム,4,4×50mフリーリレー,男子,200～239歳,236,2:08.25,,2,,3,海辺信吉,,おおたか,30.99,,,,,,,,,1:46.48,1:43.25,1:38.24,2/3
171,78,2025,5,31,長水路,チーム,4,4×50mフリーリレー,男子,200～239歳,236,2:08.25,,3,,3,小山邦彦,,おおたか,33.15,,,,,,,,,1:46.48,1:43.25,1:38.24,2/3
172,78,2025,5,31,長水路,チーム,4,4×50mフリーリレー,男子,200～239歳,236,2:08.25,,4,,3,前田光輝,,おおたか,31.08,,,,,,,,,1:46.48,1:43.25,1:38.24,2/3
173,78,2025,5,31,長水路,チーム,4,4×50mフリーリレー,男子,200～239歳,211,2:13.69,,1,,4,田中遼太,,慶應日吉,32.45,,,,,,,,,1:46.48,1:43.25,1:38.24,2/5
174,78,2025,5,31,長水路,チーム,4,4×50mフリーリレー,男子,200～239歳,211,2:13.69,,2,,4,穴田啓樹,,慶應日吉,33.74,,,,,,,,,1:46.48,1:43.25,1:38.24,2/5
175,78,2025,5,31,長水路,チーム,4,4×50mフリーリレー,男子,200～239歳,211,2:13.69,,3,,4,大塚秀幸,,慶應日吉,37.90,,,,,,,,,1:46.48,1:43.25,1:38.24,2/5
176,78,2025,5,31,長水路,チーム,4,4×50mフリーリレー,男子,200～239歳,211,2:13.69,,4,,4,門倉孝行,,慶應日吉,29.60,,,,,,,,,1:46.48,1:43.25,1:38.24,2/5
177,78,2025,5,31,長水路,チーム,4,4×50mフリーリレー,男子,200～239歳,203,2:15.17,,1,,5,竹下翔,,長津田,30.25,,,,,,,,,1:46.48,1:43.25,1:38.24,2/6
178,78,2025,5,31,長水路,チーム,4,4×50mフリーリレー,男子,200～239歳,203,2:15.17,,2,,5,祖川久茂,,長津田,33.05,,,,,,,,,1:46.48,1:43.25,1:38.24,2/6
179,78,2025,5,31,長水路,チーム,4,4×50mフリーリレー,男子,200～239歳,203,2:15.17,,3,,5,宮本昌雄,,長津田,32.44,,,,,,,,,1:46.48,1:43.25,1:38.24,2/6
180,78,2025,5,31,長水路,チーム,4,4×50mフリーリレー,男子,200～239歳,203,2:15.17,,4,,5,飯沼明,,長津田,39.43,,,,,,,,,1:46.48,1:43.25,1:38.24,2/6
181,78,2025,5,31,長水路,チーム,4,4×50mフリーリレー,男子,200～239歳,200,2:20.08,,1,,6,寺田遼太,,天王洲,28.72,,,,,,,,,1:46.48,1:43.25,1:38.24,1/7
182,78,2025,5,31,長水路,チーム,4,4×50mフリーリレー,男子,200～239歳,200,2:20.08,,2,,6,佐藤流生,,天王洲,43.19,,,,,,,,,1:46.48,1:43.25,1:38.24,1/7
183,78,2025,5,31,長水路,チーム,4,4×50mフリーリレー,男子,200～239歳,200,2:20.08,,3,,6,日暮正明,,天王洲,35.79,,,,,,,,,1:46.48,1:43.25,1:38.24,1/7
184,78,2025,5,31,長水路,チーム,4,4×50mフリーリレー,男子,200～239歳,200,2:20.08,,4,,6,千葉忠英,,天王洲,32.38,,,,,,,,,1:46.48,1:43.25,1:38.24,1/7
185,78,2025,5,31,長水路,チーム,4,4×50mフリーリレー,男子,200～239歳,223,2:20.31,,1,,7,萱沼憲司郎,,茂原,38.14,,,,,,,,,1:46.48,1:43.25,1:38.24,1/3
186,78,2025,5,31,長水路,チーム,4,4×50mフリーリレー,男子,200～239歳,223,2:20.31,,2,,7,山本和巳,,茂原,36.62,,,,,,,,,1:46.48,1:43.25,1:38.24,1/3
187,78,2025,5,31,長水路,チーム,4,4×50mフリーリレー,男子,200～239歳,223,2:20.31,,3,,7,梅村潔,,茂原,39.83,,,,,,,,,1:46.48,1:43.25,1:38.24,1/3
188,78,2025,5,31,長水路,チーム,4,4×50mフリーリレー,男子,200～239歳,223,2:20.31,,4,,7,神戸優悠希,,茂原,25.72,,,,,,,,,1:46.48,1:43.25,1:38.24,1/3
189,78,2025,5,31,長水路,チーム,4,4×50mフリーリレー,男子,200～239歳,238,2:21.27,,1,,8,御手洗康美,,大森,46.13,,,,,,,,,1:46.48,1:43.25,1:38.24,1/8
190,78,2025,5,31,長水路,チーム,4,4×50mフリーリレー,男子,200～239歳,238,2:21.27,,2,,8,海老原健太,,大森,30.08,,,,,,,,,1:46.48,1:43.25,1:38.24,1/8
191,78,2025,5,31,長水路,チーム,4,4×50mフリーリレー,男子,200～239歳,238,2:21.27,,3,,8,町田克浩,,大森,30.51,,,,,,,,,1:46.48,1:43.25,1:38.24,1/8
192,78,2025,5,31,長水路,チーム,4,4×50mフリーリレー,男子,200～239歳,238,2:21.27,,4,,8,瀧川一興,,大森,34.55,,,,,,,,,1:46.48,1:43.25,1:38.24,1/8
193,78,2025,5,31,長水路,チーム,4,4×50mフリーリレー,男子,200～239歳,231,2:25.29,,1,,9,安藤靖,,南青山,41.79,,,,,,,,,1:46.48,1:43.25,1:38.24,2/8
194,78,2025,5,31,長水路,チーム,4,4×50mフリーリレー,男子,200～239歳,231,2:25.29,,2,,9,安藤朋邦,,南青山,36.01,,,,,,,,,1:46.48,1:43.25,1:38.24,2/8
195,78,2025,5,31,長水路,チーム,4,4×50mフリーリレー,男子,200～239歳,231,2:25.29,,3,,9,横浜健,,南青山,34.98,,,,,,,,,1:46.48,1:43.25,1:38.24,2/8
196,78,2025,5,31,長水路,チーム,4,4×50mフリーリレー,男子,200～239歳,231,2:25.29,,4,,9,中嶋智史,,南青山,32.51,,,,,,,,,1:46.48,1:43.25,1:38.24,2/8
197,78,2025,5,31,長水路,チーム,4,4×50mフリーリレー,男子,160～199歳,167,1:41.81,,1,,1,前田康輔,,二俣川,24.68,,,,,,,,,1:41.69,1:36.77,1:34.92,4/5
198,78,2025,5,31,長水路,チーム,4,4×50mフリーリレー,男子,160～199歳,167,1:41.81,,2,,1,前田崇行,,二俣川,25.26,,,,,,,,,1:41.69,1:36.77,1:34.92,4/5
199,78,2025,5,31,長水路,チーム,4,4×50mフリーリレー,男子,160～199歳,167,1:41.81,,3,,1,鶴谷学,,二俣川,25.26,,,,,,,,,1:41.69,1:36.77,1:34.92,4/5
200,78,2025,5,31,長水路,チーム,4,4×50mフリーリレー,男子,160～199歳,167,1:41.81,,4,,1,寺田貴洋,,二俣川,26.61,,,,,,,,,1:41.69,1:36.77,1:34.92,4/5
201,78,2025,5,31,長水路,チーム,4,4×50mフリーリレー,男子,160～199歳,167,1:45.27,,1,,2,池田正輝,,市ヶ尾,25.97,,,,,,,,,1:41.69,1:36.77,1:34.92,4/4
202,78,2025,5,31,長水路,チーム,4,4×50mフリーリレー,男子,160～199歳,167,1:45.27,,2,,2,山内悠,,市ヶ尾,27.59,,,,,,,,,1:41.69,1:36.77,1:34.92,4/4
203,78,2025,5,31,長水路,チーム,4,4×50mフリーリレー,男子,160～199歳,167,1:45.27,,3,,2,木村考太,,市ヶ尾,26.83,,,,,,,,,1:41.69,1:36.77,1:34.92,4/4
204,78,2025,5,31,長水路,チーム,4,4×50mフリーリレー,男子,160～199歳,167,1:45.27,,4,,2,田中諒也,,市ヶ尾,24.88,,,,,,,,,1:41.69,1:36.77,1:34.92,4/4
205,78,2025,5,31,長水路,チーム,4,4×50mフリーリレー,男子,160～199歳,162,1:50.41,,1,,3,小野健,,天王洲,26.47,,,,,,,,,1:41.69,1:36.77,1:34.92,3/7
206,78,2025,5,31,長水路,チーム,4,4×50mフリーリレー,男子,160～199歳,162,1:50.41,,2,,3,星友也,,天王洲,26.19,,,,,,,,,1:41.69,1:36.77,1:34.92,3/7
207,78,2025,5,31,長水路,チーム,4,4×50mフリーリレー,男子,160～199歳,162,1:50.41,,3,,3,久保卓士,,天王洲,30.07,,,,,,,,,1:41.69,1:36.77,1:34.92,3/7
208,78,2025,5,31,長水路,チーム,4,4×50mフリーリレー,男子,160～199歳,162,1:50.41,,4,,3,倉持公一,,天王洲,27.68,,,,,,,,,1:41.69,1:36.77,1:34.92,3/7
209,78,2025,5,31,長水路,チーム,4,4×50mフリーリレー,男子,160～199歳,173,1:54.71,,1,,4,廣川大起,,柏,25.99,,,,,,,,,1:41.69,1:36.77,1:34.92,3/5
210,78,2025,5,31,長水路,チーム,4,4×50mフリーリレー,男子,160～199歳,173,1:54.71,,2,,4,長田裕史,,柏,28.40,,,,,,,,,1:41.69,1:36.77,1:34.92,3/5
211,78,2025,5,31,長水路,チーム,4,4×50mフリーリレー,男子,160～199歳,173,1:54.71,,3,,4,磯貝知弘,,柏,29.43,,,,,,,,,1:41.69,1:36.77,1:34.92,3/5
212,78,2025,5,31,長水路,チーム,4,4×50mフリーリレー,男子,160～199歳,173,1:54.71,,4,,4,上野太紀夫,,柏,30.89,,,,,,,,,1:41.69,1:36.77,1:34.92,3/5
213,78,2025,5,31,長水路,チーム,4,4×50mフリーリレー,男子,160～199歳,163,2:00.47,,1,,5,西沢歩,,清瀬,27.26,,,,,,,,,1:41.69,1:36.77,1:34.92,3/8
214,78,2025,5,31,長水路,チーム,4,4×50mフリーリレー,男子,160～199歳,163,2:00.47,,2,,5,塚本拓也,,清瀬,26.56,,,,,,,,,1:41.69,1:36.77,1:34.92,3/8
215,78,2025,5,31,長水路,チーム,4,4×50mフリーリレー,男子,160～199歳,163,2:00.47,,3,,5,松本考弘,,清瀬,31.66,,,,,,,,,1:41.69,1:36.77,1:34.92,3/8
216,78,2025,5,31,長水路,チーム,4,4×50mフリーリレー,男子,160～199歳,163,2:00.47,,4,,5,大木義之,,清瀬,34.99,,,,,,,,,1:41.69,1:36.77,1:34.92,3/8
217,78,2025,5,31,長水路,チーム,4,4×50mフリーリレー,男子,160～199歳,181,2:00.96,,1,,6,石井龍,,成城,27.54,,,,,,,,,1:41.69,1:36.77,1:34.92,4/2
218,78,2025,5,31,長水路,チーム,4,4×50mフリーリレー,男子,160～199歳,181,2:00.96,,2,,6,浦田昌和,,成城,38.20,,,,,,,,,1:41.69,1:36.77,1:34.92,4/2
219,78,2025,5,31,長水路,チーム,4,4×50mフリーリレー,男子,160～199歳,181,2:00.96,,3,,6,柿沼龍史,,成城,27.06,,,,,,,,,1:41.69,1:36.77,1:34.92,4/2
220,78,2025,5,31,長水路,チーム,4,4×50mフリーリレー,男子,160～199歳,181,2:00.96,,4,,6,村上守,,成城,28.16,,,,,,,,,1:41.69,1:36.77,1:34.92,4/2
221,78,2025,5,31,長水路,チーム,4,4×50mフリーリレー,男子,160～199歳,171,2:02.08,,1,,7,北川貴義,,阿佐谷,27.73,,,,,,,,,1:41.69,1:36.77,1:34.92,3/3
222,78,2025,5,31,長水路,チーム,4,4×50mフリーリレー,男子,160～199歳,171,2:02.08,,2,,7,松本隆宏,,阿佐谷,34.67,,,,,,,,,1:41.69,1:36.77,1:34.92,3/3
223,78,2025,5,31,長水路,チーム,4,4×50mフリーリレー,男子,160～199歳,171,2:02.08,,3,,7,若杉佳宏,,阿佐谷,29.69,,,,,,,,,1:41.69,1:36.77,1:34.92,3/3
224,78,2025,5,31,長水路,チーム,4,4×50mフリーリレー,男子,160～199歳,171,2:02.08,,4,,7,和田亮,,阿佐谷,29.99,,,,,,,,,1:41.69,1:36.77,1:34.92,3/3
225,78,2025,5,31,長水路,チーム,4,4×50mフリーリレー,男子,160～199歳,174,2:05.93,,1,,8,渡部慎也,,大森,30.69,,,,,,,,,1:41.69,1:36.77,1:34.92,2/4
226,78,2025,5,31,長水路,チーム,4,4×50mフリーリレー,男子,160～199歳,174,2:05.93,,2,,8,宇佐美学,,大森,35.74,,,,,,,,,1:41.69,1:36.77,1:34.92,2/4
227,78,2025,5,31,長水路,チーム,4,4×50mフリーリレー,男子,160～199歳,174,2:05.93,,3,,8,成田敏隆,,大森,32.72,,,,,,,,,1:41.69,1:36.77,1:34.92,2/4
228,78,2025,5,31,長水路,チーム,4,4×50mフリーリレー,男子,160～199歳,174,2:05.93,,4,,8,野村峰生,,大森,26.78,,,,,,,,,1:41.69,1:36.77,1:34.92,2/4
229,78,2025,5,31,長水路,チーム,4,4×50mフリーリレー,男子,160～199歳,172,2:10.51,,1,,9,大橋克也,,川崎,31.17,,,,,,,,,1:41.69,1:36.77,1:34.92,2/7
230,78,2025,5,31,長水路,チーム,4,4×50mフリーリレー,男子,160～199歳,172,2:10.51,,1,,9,川島由伸(),,川崎,,,,,,,,,,1:41.69,1:36.77,1:34.92,2/7
231,78,2025,5,31,長水路,チーム,4,4×50mフリーリレー,男子,160～199歳,172,2:10.51,,2,,9,土井満,,川崎,35.60,,,,,,,,,1:41.69,1:36.77,1:34.92,2/7
232,78,2025,5,31,長水路,チーム,4,4×50mフリーリレー,男子,160～199歳,172,2:10.51,,2,,9,阿部宏之助(-----),,川崎,,,,,,,,,,1:41.69,1:36.77,1:34.92,2/7
233,78,2025,5,31,長水路,チーム,4,4×50mフリーリレー,男子,160～199歳,172,2:10.51,,3,,9,加藤慎悟,,川崎,31.36,,,,,,,,,1:41.69,1:36.77,1:34.92,2/7
234,78,2025,5,31,長水路,チーム,4,4×50mフリーリレー,男子,160～199歳,172,2:10.51,,3,,9,木村秀光(-----),,川崎,,,,,,,,,,1:41.69,1:36.77,1:34.92,2/7
235,78,2025,5,31,長水路,チーム,4,4×50mフリーリレー,男子,160～199歳,172,2:10.51,,4,,9,高瀬信雄,,川崎,32.38,,,,,,,,,1:41.69,1:36.77,1:34.92,2/7
236,78,2025,5,31,長水路,チーム,4,4×50mフリーリレー,男子,160～199歳,172,2:10.51,,4,,9,吉田拓磨(-----),,川崎,,,,,,,,,,1:41.69,1:36.77,1:34.92,2/7
237,78,2025,5,31,長水路,チーム,4,4×50mフリーリレー,男子,120～159歳,131,1:46.82,,1,,1,都築クラウディオ佑亮,,おおたか,26.86,,,,,,,,,1:41.73,1:33.07,1:32.84,4/7
238,78,2025,5,31,長水路,チーム,4,4×50mフリーリレー,男子,120～159歳,131,1:46.82,,2,,1,古川貴章,,おおたか,27.17,,,,,,,,,1:41.73,1:33.07,1:32.84,4/7
239,78,2025,5,31,長水路,チーム,4,4×50mフリーリレー,男子,120～159歳,131,1:46.82,,3,,1,大作善祥,,おおたか,28.45,,,,,,,,,1:41.73,1:33.07,1:32.84,4/7
240,78,2025,5,31,長水路,チーム,4,4×50mフリーリレー,男子,120～159歳,131,1:46.82,,4,,1,石井了,,おおたか,24.34,,,,,,,,,1:41.73,1:33.07,1:32.84,4/7
241,78,2025,5,31,長水路,チーム,4,4×50mフリーリレー,男子,120～159歳,140,1:48.26,,1,,2,和田弘太郎,,阿佐谷,26.15,,,,,,,,,1:41.73,1:33.07,1:32.84,4/3
242,78,2025,5,31,長水路,チーム,4,4×50mフリーリレー,男子,120～159歳,140,1:48.26,,2,,2,津守陽介,,阿佐谷,27.07,,,,,,,,,1:41.73,1:33.07,1:32.84,4/3
243,78,2025,5,31,長水路,チーム,4,4×50mフリーリレー,男子,120～159歳,140,1:48.26,,3,,2,棚網宏之,,阿佐谷,27.96,,,,,,,,,1:41.73,1:33.07,1:32.84,4/3
244,78,2025,5,31,長水路,チーム,4,4×50mフリーリレー,男子,120～159歳,140,1:48.26,,4,,2,荒井啓汰,,阿佐谷,27.08,,,,,,,,,1:41.73,1:33.07,1:32.84,4/3
245,78,2025,5,31,長水路,チーム,4,4×50mフリーリレー,男子,120～159歳,121,1:48.94,,1,,3,前島悠也,,葛西,27.16,,,,,,,,,1:41.73,1:33.07,1:32.84,4/8
246,78,2025,5,31,長水路,チーム,4,4×50mフリーリレー,男子,120～159歳,121,1:48.94,,2,,3,泉翔太,,葛西,26.21,,,,,,,,,1:41.73,1:33.07,1:32.84,4/8
247,78,2025,5,31,長水路,チーム,4,4×50mフリーリレー,男子,120～159歳,121,1:48.94,,3,,3,石井孟,,葛西,26.24,,,,,,,,,1:41.73,1:33.07,1:32.84,4/8
248,78,2025,5,31,長水路,チーム,4,4×50mフリーリレー,男子,120～159歳,121,1:48.94,,4,,3,矢野匠,,葛西,29.33,,,,,,,,,1:41.73,1:33.07,1:32.84,4/8
249,78,2025,5,31,長水路,チーム,4,4×50mフリーリレー,男子,120～159歳,153,1:49.43,,1,,4,菅原啓,,慶應日吉,24.78,,,,,,,,,1:41.73,1:33.07,1:32.84,4/10
250,78,2025,5,31,長水路,チーム,4,4×50mフリーリレー,男子,120～159歳,153,1:49.43,,2,,4,河野悟,,慶應日吉,28.87,,,,,,,,,1:41.73,1:33.07,1:32.84,4/10
251,78,2025,5,31,長水路,チーム,4,4×50mフリーリレー,男子,120～159歳,153,1:49.43,,3,,4,金井元気,,慶應日吉,27.13,,,,,,,,,1:41.73,1:33.07,1:32.84,4/10
252,78,2025,5,31,長水路,チーム,4,4×50mフリーリレー,男子,120～159歳,153,1:49.43,,4,,4,福田雄太,,慶應日吉,28.65,,,,,,,,,1:41.73,1:33.07,1:32.84,4/10
253,78,2025,5,31,長水路,チーム,4,4×50mフリーリレー,男子,72～119歳,91,1:41.59,,1,,1,板場貴大,,成城,24.84,,,,,,,,,1:40.19,1:33.32,1:31.95,4/6
254,78,2025,5,31,長水路,チーム,4,4×50mフリーリレー,男子,72～119歳,91,1:41.59,,2,,1,宮田遼太,,成城,26.13,,,,,,,,,1:40.19,1:33.32,1:31.95,4/6
255,78,2025,5,31,長水路,チーム,4,4×50mフリーリレー,男子,72～119歳,91,1:41.59,,3,,1,黒田大介,,成城,26.29,,,,,,,,,1:40.19,1:33.32,1:31.95,4/6
256,78,2025,5,31,長水路,チーム,4,4×50mフリーリレー,男子,72～119歳,91,1:41.59,,4,,1,服部碧,,成城,24.33,,,,,,,,,1:40.19,1:33.32,1:31.95,4/6
257,78,2025,5,31,長水路,チーム,4,4×50mフリーリレー,男子,72～119歳,106,1:48.44,,1,,2,田中啓二朗,,二俣川,26.35,,,,,,,,,1:40.19,1:33.32,1:31.95,4/9
258,78,2025,5,31,長水路,チーム,4,4×50mフリーリレー,男子,72～119歳,106,1:48.44,,2,,2,和田佳明,,二俣川,29.54,,,,,,,,,1:40.19,1:33.32,1:31.95,4/9
259,78,2025,5,31,長水路,チーム,4,4×50mフリーリレー,男子,72～119歳,106,1:48.44,,3,,2,成田昌記,,二俣川,26.68,,,,,,,,,1:40.19,1:33.32,1:31.95,4/9
260,78,2025,5,31,長水路,チーム,4,4×50mフリーリレー,男子,72～119歳,106,1:48.44,,4,,2,田中壮一郎,,二俣川,25.87,,,,,,,,,1:40.19,1:33.32,1:31.95,4/9
261,78,2025,5,31,長水路,チーム,4,4×50mフリーリレー,男子,72～119歳,109,1:53.51,,1,,3,木渕大輝,,天王洲,26.63,,,,,,,,,1:40.19,1:33.32,1:31.95,3/6
262,78,2025,5,31,長水路,チーム,4,4×50mフリーリレー,男子,72～119歳,109,1:53.51,,2,,3,中村翼,,天王洲,27.98,,,,,,,,,1:40.19,1:33.32,1:31.95,3/6
263,78,2025,5,31,長水路,チーム,4,4×50mフリーリレー,男子,72～119歳,109,1:53.51,,3,,3,加間英貴,,天王洲,29.10,,,,,,,,,1:40.19,1:33.32,1:31.95,3/6
264,78,2025,5,31,長水路,チーム,4,4×50mフリーリレー,男子,72～119歳,109,1:53.51,,4,,3,鈴木裕介,,天王洲,29.80,,,,,,,,,1:40.19,1:33.32,1:31.95,3/6
265,78,2025,5,31,長水路,チーム,5,4×100mフリーリレー,女子,280～319歳,281,6:56.45,,1,,1,小宮山美芽,,天王洲,50.08,,,,,,,,,6:20.23,5:38.49,5:08.34,1/2
266,78,2025,5,31,長水路,チーム,5,4×100mフリーリレー,女子,280～319歳,281,6:56.45,,2,,1,梅田栄己子,,天王洲,49.57,,,,,,,,,6:20.23,5:38.49,5:08.34,1/2
267,78,2025,5,31,長水路,チーム,5,4×100mフリーリレー,女子,280～319歳,281,6:56.45,,3,,1,後藤明美,,天王洲,50.38,,,,,,,,,6:20.23,5:38.49,5:08.34,1/2
268,78,2025,5,31,長水路,チーム,5,4×100mフリーリレー,女子,280～319歳,281,6:56.45,,4,,1,浅野みどり,,天王洲,43.77,,,,,,,,,6:20.23,5:38.49,5:08.34,1/2
269,78,2025,5,31,長水路,チーム,5,4×100mフリーリレー,女子,240～279歳,244,5:45.26,,1,,1,松川律子,,二俣川,40.21,,,,,,,,,5:25.14,4:56.33,4:36.74,2/8
270,78,2025,5,31,長水路,チーム,5,4×100mフリーリレー,女子,240～279歳,244,5:45.26,,2,,1,盛田真規子,,二俣川,44.06,,,,,,,,,5:25.14,4:56.33,4:36.74,2/8
271,78,2025,5,31,長水路,チーム,5,4×100mフリーリレー,女子,240～279歳,244,5:45.26,,3,,1,野島久枝,,二俣川,40.23,,,,,,,,,5:25.14,4:56.33,4:36.74,2/8
272,78,2025,5,31,長水路,チーム,5,4×100mフリーリレー,女子,240～279歳,244,5:45.26,,4,,1,永瀬秀子,,二俣川,38.51,,,,,,,,,5:25.14,4:56.33,4:36.74,2/8
273,78,2025,5,31,長水路,チーム,5,4×100mフリーリレー,女子,240～279歳,250,6:19.96,,1,,2,森谷登志江,,慶應日吉,43.52,,,,,,,,,5:25.14,4:56.33,4:36.74,1/7
274,78,2025,5,31,長水路,チーム,5,4×100mフリーリレー,女子,240～279歳,250,6:19.96,,2,,2,鈴木夏実,,慶應日吉,44.74,,,,,,,,,5:25.14,4:56.33,4:36.74,1/7
275,78,2025,5,31,長水路,チーム,5,4×100mフリーリレー,女子,240～279歳,250,6:19.96,,3,,2,高見沢ゆみ子,,慶應日吉,45.23,,,,,,,,,5:25.14,4:56.33,4:36.74,1/7
276,78,2025,5,31,長水路,チーム,5,4×100mフリーリレー,女子,240～279歳,250,6:19.96,,4,,2,田村明美,,慶應日吉,43.97,,,,,,,,,5:25.14,4:56.33,4:36.74,1/7
277,78,2025,5,31,長水路,チーム,5,4×100mフリーリレー,女子,240～279歳,254,6:29.46,,1,,3,杉本浩美,,南千住,33.85,,,,,,,,,5:25.14,4:56.33,4:36.74,1/8
278,78,2025,5,31,長水路,チーム,5,4×100mフリーリレー,女子,240～279歳,254,6:29.46,,2,,3,石崎節代,,南千住,46.83,,,,,,,,,5:25.14,4:56.33,4:36.74,1/8
279,78,2025,5,31,長水路,チーム,5,4×100mフリーリレー,女子,240～279歳,254,6:29.46,,3,,3,古宇田淳子,,南千住,47.55,,,,,,,,,5:25.14,4:56.33,4:36.74,1/8
280,78,2025,5,31,長水路,チーム,5,4×100mフリーリレー,女子,240～279歳,254,6:29.46,,4,,3,下川喜美枝,,南千住,54.62,,,,,,,,,5:25.14,4:56.33,4:36.74,1/8
281,78,2025,5,31,長水路,チーム,5,4×100mフリーリレー,女子,200～239歳,236,5:34.58,,1,,1,及川薫,,松戸,42.66,,,,,,,,,5:18.59,4:29.24,4:20.68,2/3
282,78,2025,5,31,長水路,チーム,5,4×100mフリーリレー,女子,200～239歳,236,5:34.58,,2,,1,青木華世子,,松戸,38.72,,,,,,,,,5:18.59,4:29.24,4:20.68,2/3
283,78,2025,5,31,長水路,チーム,5,4×100mフリーリレー,女子,200～239歳,236,5:34.58,,3,,1,八尋加苗,,松戸,38.19,,,,,,,,,5:18.59,4:29.24,4:20.68,2/3
284,78,2025,5,31,長水路,チーム,5,4×100mフリーリレー,女子,200～239歳,236,5:34.58,,4,,1,高橋圭,,松戸,37.00,,,,,,,,,5:18.59,4:29.24,4:20.68,2/3
285,78,2025,5,31,長水路,チーム,5,4×100mフリーリレー,女子,200～239歳,217,5:48.45,,1,,2,花木尚美,,大宮宮原,38.09,,,,,,,,,5:18.59,4:29.24,4:20.68,1/5
286,78,2025,5,31,長水路,チーム,5,4×100mフリーリレー,女子,200～239歳,217,5:48.45,,2,,2,坂井慶子,,大宮宮原,43.63,,,,,,,,,5:18.59,4:29.24,4:20.68,1/5
287,78,2025,5,31,長水路,チーム,5,4×100mフリーリレー,女子,200～239歳,217,5:48.45,,3,,2,市川百合子,,大宮宮原,42.48,,,,,,,,,5:18.59,4:29.24,4:20.68,1/5
288,78,2025,5,31,長水路,チーム,5,4×100mフリーリレー,女子,200～239歳,217,5:48.45,,4,,2,若林朋子,,大宮宮原,40.11,,,,,,,,,5:18.59,4:29.24,4:20.68,1/5
289,78,2025,5,31,長水路,チーム,5,4×100mフリーリレー,女子,200～239歳,204,6:17.16,,1,,3,棚網惠理,,阿佐谷,39.06,,,,,,,,,5:18.59,4:29.24,4:20.68,1/4
290,78,2025,5,31,長水路,チーム,5,4×100mフリーリレー,女子,200～239歳,204,6:17.16,,2,,3,三嶋祐子,,阿佐谷,51.29,,,,,,,,,5:18.59,4:29.24,4:20.68,1/4
291,78,2025,5,31,長水路,チーム,5,4×100mフリーリレー,女子,200～239歳,204,6:17.16,,3,,3,大久保彩子,,阿佐谷,49.32,,,,,,,,,5:18.59,4:29.24,4:20.68,1/4
292,78,2025,5,31,長水路,チーム,5,4×100mフリーリレー,女子,200～239歳,204,6:17.16,,4,,3,宮百合恵,,阿佐谷,38.90,,,,,,,,,5:18.59,4:29.24,4:20.68,1/4
293,78,2025,5,31,長水路,チーム,5,4×100mフリーリレー,女子,200～239歳,207,6:28.35,,1,,4,高島典子,,大森,43.60,,,,,,,,,5:18.59,4:29.24,4:20.68,2/7
294,78,2025,5,31,長水路,チーム,5,4×100mフリーリレー,女子,200～239歳,207,6:28.35,,2,,4,森信子,,大森,45.73,,,,,,,,,5:18.59,4:29.24,4:20.68,2/7
295,78,2025,5,31,長水路,チーム,5,4×100mフリーリレー,女子,200～239歳,207,6:28.35,,3,,4,桐沢ひとみ,,大森,51.51,,,,,,,,,5:18.59,4:29.24,4:20.68,2/7
296,78,2025,5,31,長水路,チーム,5,4×100mフリーリレー,女子,200～239歳,207,6:28.35,,4,,4,冨永結衣子,,大森,42.29,,,,,,,,,5:18.59,4:29.24,4:20.68,2/7
297,78,2025,5,31,長水路,チーム,5,4×100mフリーリレー,女子,160～199歳,169,5:17.20,,1,,1,竹下菜々美,,二俣川,31.92,,,,,,,,,4:36.81,4:19.20,4:06.90,2/4
298,78,2025,5,31,長水路,チーム,5,4×100mフリーリレー,女子,160～199歳,169,5:17.20,,2,,1,草野茜,,二俣川,39.00,,,,,,,,,4:36.81,4:19.20,4:06.90,2/4
299,78,2025,5,31,長水路,チーム,5,4×100mフリーリレー,女子,160～199歳,169,5:17.20,,3,,1,吉池奈々,,二俣川,38.39,,,,,,,,,4:36.81,4:19.20,4:06.90,2/4
300,78,2025,5,31,長水路,チーム,5,4×100mフリーリレー,女子,160～199歳,169,5:17.20,,4,,1,前田由希映,,二俣川,41.18,,,,,,,,,4:36.81,4:19.20,4:06.90,2/4
301,78,2025,5,31,長水路,チーム,5,4×100mフリーリレー,女子,160～199歳,172,5:20.26,,1,,2,宮本八重,,慶應日吉,33.97,,,,,,,,,4:36.81,4:19.20,4:06.90,2/2
302,78,2025,5,31,長水路,チーム,5,4×100mフリーリレー,女子,160～199歳,172,5:20.26,,2,,2,RacaruGabriela,,慶應日吉,41.03,,,,,,,,,4:36.81,4:19.20,4:06.90,2/2
303,78,2025,5,31,長水路,チーム,5,4×100mフリーリレー,女子,160～199歳,172,5:20.26,,3,,2,福本麻美,,慶應日吉,39.09,,,,,,,,,4:36.81,4:19.20,4:06.90,2/2
304,78,2025,5,31,長水路,チーム,5,4×100mフリーリレー,女子,160～199歳,172,5:20.26,,4,,2,小豆澤和代,,慶應日吉,35.69,,,,,,,,,4:36.81,4:19.20,4:06.90,2/2
305,78,2025,5,31,長水路,チーム,5,4×100mフリーリレー,女子,160～199歳,168,6:13.72,,1,,3,萩原ゆりか,,天王洲,39.34,,,,,,,,,4:36.81,4:19.20,4:06.90,1/3
306,78,2025,5,31,長水路,チーム,5,4×100mフリーリレー,女子,160～199歳,168,6:13.72,,2,,3,井島孝子,,天王洲,46.79,,,,,,,,,4:36.81,4:19.20,4:06.90,1/3
307,78,2025,5,31,長水路,チーム,5,4×100mフリーリレー,女子,160～199歳,168,6:13.72,,3,,3,中辻澄美,,天王洲,41.76,,,,,,,,,4:36.81,4:19.20,4:06.90,1/3
308,78,2025,5,31,長水路,チーム,5,4×100mフリーリレー,女子,160～199歳,168,6:13.72,,4,,3,四井美穂,,天王洲,54.06,,,,,,,,,4:36.81,4:19.20,4:06.90,1/3
309,78,2025,5,31,長水路,チーム,5,4×100mフリーリレー,女子,160～199歳,190,6:15.55,,1,,4,久保とし子,,長津田,49.25,,,,,,,,,4:36.81,4:19.20,4:06.90,1/6
310,78,2025,5,31,長水路,チーム,5,4×100mフリーリレー,女子,160～199歳,190,6:15.55,,2,,4,久保かおり,,長津田,41.46,,,,,,,,,4:36.81,4:19.20,4:06.90,1/6
311,78,2025,5,31,長水路,チーム,5,4×100mフリーリレー,女子,160～199歳,190,6:15.55,,3,,4,久保美由紀,,長津田,44.41,,,,,,,,,4:36.81,4:19.20,4:06.90,1/6
312,78,2025,5,31,長水路,チーム,5,4×100mフリーリレー,女子,160～199歳,190,6:15.55,,4,,4,宮林佑紀,,長津田,37.23,,,,,,,,,4:36.81,4:19.20,4:06.90,1/6
313,78,2025,5,31,長水路,チーム,5,4×100mフリーリレー,女子,120～159歳,129,4:41.52,,1,,1,吉村華余,,長津田,32.83,,,,,,,,,4:35.52,4:07.62,4:04.10,2/6
314,78,2025,5,31,長水路,チーム,5,4×100mフリーリレー,女子,120～159歳,129,4:41.52,,2,,1,川北恵,,長津田,31.50,,,,,,,,,4:35.52,4:07.62,4:04.10,2/6
315,78,2025,5,31,長水路,チーム,5,4×100mフリーリレー,女子,120～159歳,129,4:41.52,,3,,1,森谷麻貴,,長津田,35.22,,,,,,,,,4:35.52,4:07.62,4:04.10,2/6
316,78,2025,5,31,長水路,チーム,5,4×100mフリーリレー,女子,120～159歳,129,4:41.52,,4,,1,高橋紗良,,長津田,32.81,,,,,,,,,4:35.52,4:07.62,4:04.10,2/6
317,78,2025,5,31,長水路,チーム,5,4×100mフリーリレー,女子,120～159歳,141,4:44.87,,1,,2,仲田笑美,,成城,32.47,,,,,,,,,4:35.52,4:07.62,4:04.10,2/5
318,78,2025,5,31,長水路,チーム,5,4×100mフリーリレー,女子,120～159歳,141,4:44.87,,2,,2,丸玖瑠都,,成城,32.08,,,,,,,,,4:35.52,4:07.62,4:04.10,2/5
319,78,2025,5,31,長水路,チーム,5,4×100mフリーリレー,女子,120～159歳,141,4:44.87,,3,,2,中畑眸,,成城,34.36,,,,,,,,,4:35.52,4:07.62,4:04.10,2/5
320,78,2025,5,31,長水路,チーム,5,4×100mフリーリレー,女子,120～159歳,141,4:44.87,,4,,2,佐々木彩,,成城,33.13,,,,,,,,,4:35.52,4:07.62,4:04.10,2/5
321,78,2025,5,31,長水路,チーム,6,4×100mフリーリレー,男子,200～239歳,212,4:22.02,,1,,1,花井一也,,長津田,30.16,,,,,,,,,4:07.60,3:50.69,3:46.05,1/5
322,78,2025,5,31,長水路,チーム,6,4×100mフリーリレー,男子,200～239歳,212,4:22.02,,2,,1,藤本豊和,,長津田,31.11,,,,,,,,,4:07.60,3:50.69,3:46.05,1/5
323,78,2025,5,31,長水路,チーム,6,4×100mフリーリレー,男子,200～239歳,212,4:22.02,,3,,1,星野隆,,長津田,30.99,,,,,,,,,4:07.60,3:50.69,3:46.05,1/5
324,78,2025,5,31,長水路,チーム,6,4×100mフリーリレー,男子,200～239歳,212,4:22.02,,4,,1,矢部裕之,,長津田,31.01,,,,,,,,,4:07.60,3:50.69,3:46.05,1/5
325,78,2025,5,31,長水路,チーム,6,4×100mフリーリレー,男子,200～239歳,209,4:23.10,,1,,2,田窪達,,市ヶ尾,27.99,,,,,,,,,4:07.60,3:50.69,3:46.05,2/2
326,78,2025,5,31,長水路,チーム,6,4×100mフリーリレー,男子,200～239歳,209,4:23.10,,2,,2,安間稔,,市ヶ尾,36.56,,,,,,,,,4:07.60,3:50.69,3:46.05,2/2
327,78,2025,5,31,長水路,チーム,6,4×100mフリーリレー,男子,200～239歳,209,4:23.10,,3,,2,山内悠,,市ヶ尾,29.46,,,,,,,,,4:07.60,3:50.69,3:46.05,2/2
328,78,2025,5,31,長水路,チーム,6,4×100mフリーリレー,男子,200～239歳,209,4:23.10,,4,,2,吉岡範人,,市ヶ尾,31.30,,,,,,,,,4:07.60,3:50.69,3:46.05,2/2
329,78,2025,5,31,長水路,チーム,6,4×100mフリーリレー,男子,200～239歳,208,4:41.77,,1,,3,堀川広祐,,二俣川,31.37,,,,,,,,,4:07.60,3:50.69,3:46.05,1/7
330,78,2025,5,31,長水路,チーム,6,4×100mフリーリレー,男子,200～239歳,208,4:41.77,,2,,3,下家成人,,二俣川,32.86,,,,,,,,,4:07.60,3:50.69,3:46.05,1/7
331,78,2025,5,31,長水路,チーム,6,4×100mフリーリレー,男子,200～239歳,208,4:41.77,,3,,3,関口義和,,二俣川,33.04,,,,,,,,,4:07.60,3:50.69,3:46.05,1/7
332,78,2025,5,31,長水路,チーム,6,4×100mフリーリレー,男子,200～239歳,208,4:41.77,,4,,3,草野剛史,,二俣川,35.80,,,,,,,,,4:07.60,3:50.69,3:46.05,1/7
333,78,2025,5,31,長水路,チーム,6,4×100mフリーリレー,男子,200～239歳,200,5:31.19,,1,,4,寺田遼太,,天王洲,31.42,,,,,,,,,4:07.60,3:50.69,3:46.05,1/8
334,78,2025,5,31,長水路,チーム,6,4×100mフリーリレー,男子,200～239歳,200,5:31.19,,2,,4,千葉忠英,,天王洲,37.34,,,,,,,,,4:07.60,3:50.69,3:46.05,1/8
335,78,2025,5,31,長水路,チーム,6,4×100mフリーリレー,男子,200～239歳,200,5:31.19,,3,,4,日暮正明,,天王洲,37.84,,,,,,,,,4:07.60,3:50.69,3:46.05,1/8
336,78,2025,5,31,長水路,チーム,6,4×100mフリーリレー,男子,200～239歳,200,5:31.19,,4,,4,佐藤流生,,天王洲,47.17,,,,,,,,,4:07.60,3:50.69,3:46.05,1/8
337,78,2025,5,31,長水路,チーム,6,4×100mフリーリレー,男子,160～199歳,167,3:50.53,,1,,1,前田崇行,,二俣川,27.78,,,,,,,,,3:49.44,3:39.77,3:38.60,2/5
338,78,2025,5,31,長水路,チーム,6,4×100mフリーリレー,男子,160～199歳,167,3:50.53,,2,,1,知見邦彦,,二俣川,30.08,,,,,,,,,3:49.44,3:39.77,3:38.60,2/5
339,78,2025,5,31,長水路,チーム,6,4×100mフリーリレー,男子,160～199歳,167,3:50.53,,3,,1,鶴谷学,,二俣川,27.10,,,,,,,,,3:49.44,3:39.77,3:38.60,2/5
340,78,2025,5,31,長水路,チーム,6,4×100mフリーリレー,男子,160～199歳,167,3:50.53,,4,,1,前田康輔,,二俣川,26.04,,,,,,,,,3:49.44,3:39.77,3:38.60,2/5
341,78,2025,5,31,長水路,チーム,6,4×100mフリーリレー,男子,160～199歳,162,4:15.93,,1,,2,小野健,,天王洲,27.34,,,,,,,,,3:49.44,3:39.77,3:38.60,1/4
342,78,2025,5,31,長水路,チーム,6,4×100mフリーリレー,男子,160～199歳,162,4:15.93,,2,,2,倉持公一,,天王洲,30.05,,,,,,,,,3:49.44,3:39.77,3:38.60,1/4
343,78,2025,5,31,長水路,チーム,6,4×100mフリーリレー,男子,160～199歳,162,4:15.93,,3,,2,久保卓士,,天王洲,35.01,,,,,,,,,3:49.44,3:39.77,3:38.60,1/4
344,78,2025,5,31,長水路,チーム,6,4×100mフリーリレー,男子,160～199歳,162,4:15.93,,4,,2,星友也,,天王洲,28.17,,,,,,,,,3:49.44,3:39.77,3:38.60,1/4
345,78,2025,5,31,長水路,チーム,6,4×100mフリーリレー,男子,160～199歳,173,4:17.27,,1,,3,石井龍,,成城,29.62,,,,,,,,,3:49.44,3:39.77,3:38.60,2/7
346,78,2025,5,31,長水路,チーム,6,4×100mフリーリレー,男子,160～199歳,173,4:17.27,,2,,3,村上守,,成城,30.31,,,,,,,,,3:49.44,3:39.77,3:38.60,2/7
347,78,2025,5,31,長水路,チーム,6,4×100mフリーリレー,男子,160～199歳,173,4:17.27,,3,,3,宮田遼太,,成城,28.41,,,,,,,,,3:49.44,3:39.77,3:38.60,2/7
348,78,2025,5,31,長水路,チーム,6,4×100mフリーリレー,男子,160～199歳,173,4:17.27,,4,,3,羽田浩一,,成城,32.87,,,,,,,,,3:49.44,3:39.77,3:38.60,2/7
349,78,2025,5,31,長水路,チーム,6,4×100mフリーリレー,男子,160～199歳,174,4:20.83,,1,,4,皆川雅登,,大宮宮原,32.51,,,,,,,,,3:49.44,3:39.77,3:38.60,1/6
350,78,2025,5,31,長水路,チーム,6,4×100mフリーリレー,男子,160～199歳,174,4:20.83,,2,,4,宮川則仁,,大宮宮原,32.90,,,,,,,,,3:49.44,3:39.77,3:38.60,1/6
351,78,2025,5,31,長水路,チーム,6,4×100mフリーリレー,男子,160～199歳,174,4:20.83,,3,,4,川瀬健次,,大宮宮原,30.02,,,,,,,,,3:49.44,3:39.77,3:38.60,1/6
352,78,2025,5,31,長水路,チーム,6,4×100mフリーリレー,男子,160～199歳,174,4:20.83,,4,,4,岡内昭伍,,大宮宮原,28.25,,,,,,,,,3:49.44,3:39.77,3:38.60,1/6
353,78,2025,5,31,長水路,チーム,6,4×100mフリーリレー,男子,160～199歳,189,5:20.03,,1,,5,紺野忠大,,阿佐谷,37.10,,,,,,,,,3:49.44,3:39.77,3:38.60,1/3
354,78,2025,5,31,長水路,チーム,6,4×100mフリーリレー,男子,160～199歳,189,5:20.03,,2,,5,若杉佳宏,,阿佐谷,32.87,,,,,,,,,3:49.44,3:39.77,3:38.60,1/3
355,78,2025,5,31,長水路,チーム,6,4×100mフリーリレー,男子,160～199歳,189,5:20.03,,3,,5,大川明徳,,阿佐谷,38.74,,,,,,,,,3:49.44,3:39.77,3:38.60,1/3
356,78,2025,5,31,長水路,チーム,6,4×100mフリーリレー,男子,160～199歳,189,5:20.03,,4,,5,松本隆宏,,阿佐谷,38.17,,,,,,,,,3:49.44,3:39.77,3:38.60,1/3
357,78,2025,5,31,長水路,チーム,6,4×100mフリーリレー,男子,120～159歳,152,4:10.61,,1,,1,和田弘太郎,,阿佐谷,27.83,,,,,,,,,3:39.10,3:32.50,3:28.93,2/4
358,78,2025,5,31,長水路,チーム,6,4×100mフリーリレー,男子,120～159歳,152,4:10.61,,2,,1,津守陽介,,阿佐谷,28.36,,,,,,,,,3:39.10,3:32.50,3:28.93,2/4
359,78,2025,5,31,長水路,チーム,6,4×100mフリーリレー,男子,120～159歳,152,4:10.61,,3,,1,和田亮,,阿佐谷,32.16,,,,,,,,,3:39.10,3:32.50,3:28.93,2/4
360,78,2025,5,31,長水路,チーム,6,4×100mフリーリレー,男子,120～159歳,152,4:10.61,,4,,1,棚網宏之,,阿佐谷,29.97,,,,,,,,,3:39.10,3:32.50,3:28.93,2/4
361,78,2025,5,31,長水路,チーム,6,4×100mフリーリレー,男子,72～119歳,88,3:48.54,,1,,1,服部碧,,成城,27.23,,,,,,,,,3:44.19,3:30.77,3:30.77,2/6
362,78,2025,5,31,長水路,チーム,6,4×100mフリーリレー,男子,72～119歳,88,3:48.54,,2,,1,黒田大介,,成城,27.51,,,,,,,,,3:44.19,3:30.77,3:30.77,2/6
363,78,2025,5,31,長水路,チーム,6,4×100mフリーリレー,男子,72～119歳,88,3:48.54,,3,,1,柿沼龍吏,,成城,28.39,,,,,,,,,3:44.19,3:30.77,3:30.77,2/6
364,78,2025,5,31,長水路,チーム,6,4×100mフリーリレー,男子,72～119歳,88,3:48.54,,4,,1,板場貴大,,成城,25.95,,,,,,,,,3:44.19,3:30.77,3:30.77,2/6
365,78,2025,5,31,長水路,チーム,6,4×100mフリーリレー,男子,72～119歳,96,4:18.72,,1,,2,嶋田翔太,,葛西,29.42,,,,,,,,,3:44.19,3:30.77,3:30.77,2/3
366,78,2025,5,31,長水路,チーム,6,4×100mフリーリレー,男子,72～119歳,96,4:18.72,,2,,2,織戸友宏,,葛西,27.50,,,,,,,,,3:44.19,3:30.77,3:30.77,2/3
367,78,2025,5,31,長水路,チーム,6,4×100mフリーリレー,男子,72～119歳,96,4:18.72,,3,,2,矢野匠,,葛西,32.33,,,,,,,,,3:44.19,3:30.77,3:30.77,2/3
368,78,2025,5,31,長水路,チーム,6,4×100mフリーリレー,男子,72～119歳,96,4:18.72,,4,,2,加納聖士,,葛西,30.24,,,,,,,,,3:44.19,3:30.77,3:30.77,2/3
369,78,2025,5,31,長水路,チーム,6,4×100mフリーリレー,男子,72～119歳,109,4:20.05,,1,,3,木渕大輝,,天王洲,28.55,,,,,,,,,3:44.19,3:30.77,3:30.77,2/8
370,78,2025,5,31,長水路,チーム,6,4×100mフリーリレー,男子,72～119歳,109,4:20.05,,2,,3,中村翼,,天王洲,30.11,,,,,,,,,3:44.19,3:30.77,3:30.77,2/8
371,78,2025,5,31,長水路,チーム,6,4×100mフリーリレー,男子,72～119歳,109,4:20.05,,3,,3,加間英貴,,天王洲,31.05,,,,,,,,,3:44.19,3:30.77,3:30.77,2/8
372,78,2025,5,31,長水路,チーム,6,4×100mフリーリレー,男子,72～119歳,109,4:20.05,,4,,3,鈴木裕介,,天王洲,32.04,,,,,,,,,3:44.19,3:30.77,3:30.77,2/8
373,78,2025,5,31,長水路,チーム,11,4×50mメドレーリレー,女子,280～319歳,290,3:05.91,,1,,1,松村恵子,,葛西,49.73,,,,,,,,,3:04.43,2:43.32,2:34.78,1/5
374,78,2025,5,31,長水路,チーム,11,4×50mメドレーリレー,女子,280～319歳,290,3:05.91,,2,,1,菅野泰子,,葛西,49.67,,,,,,,,,3:04.43,2:43.32,2:34.78,1/5
375,78,2025,5,31,長水路,チーム,11,4×50mメドレーリレー,女子,280～319歳,290,3:05.91,,3,,1,大山恵子,,葛西,44.16,,,,,,,,,3:04.43,2:43.32,2:34.78,1/5
376,78,2025,5,31,長水路,チーム,11,4×50mメドレーリレー,女子,280～319歳,290,3:05.91,,4,,1,青砥美智子,,葛西,42.35,,,,,,,,,3:04.43,2:43.32,2:34.78,1/5
377,78,2025,5,31,長水路,チーム,11,4×50mメドレーリレー,女子,280～319歳,280,3:28.79,,1,,2,山田智子,,慶應日吉,54.53,,,,,,,,,3:04.43,2:43.32,2:34.78,1/6
378,78,2025,5,31,長水路,チーム,11,4×50mメドレーリレー,女子,280～319歳,280,3:28.79,,2,,2,渡部みさを,,慶應日吉,52.53,,,,,,,,,3:04.43,2:43.32,2:34.78,1/6
379,78,2025,5,31,長水路,チーム,11,4×50mメドレーリレー,女子,280～319歳,280,3:28.79,,3,,2,井手敦子,,慶應日吉,50.29,,,,,,,,,3:04.43,2:43.32,2:34.78,1/6
380,78,2025,5,31,長水路,チーム,11,4×50mメドレーリレー,女子,280～319歳,280,3:28.79,,4,,2,竹原君枝,,慶應日吉,51.44,,,,,,,,,3:04.43,2:43.32,2:34.78,1/6
381,78,2025,5,31,長水路,チーム,11,4×50mメドレーリレー,女子,280～319歳,288,3:43.30,,1,,3,石崎節代,,南千住,52.37,,,,,,,,,3:04.43,2:43.32,2:34.78,1/2
382,78,2025,5,31,長水路,チーム,11,4×50mメドレーリレー,女子,280～319歳,288,3:43.30,,2,,3,花形一実,,南千住,1:01.32,,,,,,,,,3:04.43,2:43.32,2:34.78,1/2
383,78,2025,5,31,長水路,チーム,11,4×50mメドレーリレー,女子,280～319歳,288,3:43.30,,3,,3,下川喜美枝,,南千住,57.23,,,,,,,,,3:04.43,2:43.32,2:34.78,1/2
384,78,2025,5,31,長水路,チーム,11,4×50mメドレーリレー,女子,280～319歳,288,3:43.30,,4,,3,平井節子,,南千住,52.38,,,,,,,,,3:04.43,2:43.32,2:34.78,1/2
385,78,2025,5,31,長水路,チーム,11,4×50mメドレーリレー,女子,280～319歳,291,3:49.44,,1,,4,嶋田陽子,,市ヶ尾,50.61,,,,,,,,,3:04.43,2:43.32,2:34.78,1/3
386,78,2025,5,31,長水路,チーム,11,4×50mメドレーリレー,女子,280～319歳,291,3:49.44,,1,,4,樋口孝子(),,市ヶ尾,,,,,,,,,,3:04.43,2:43.32,2:34.78,1/3
387,78,2025,5,31,長水路,チーム,11,4×50mメドレーリレー,女子,280～319歳,291,3:49.44,,1,,4,石田良子,,市ヶ尾,45.12,,,,,,,,,3:04.43,2:43.32,2:34.78,1/3
388,78,2025,5,31,長水路,チーム,11,4×50mメドレーリレー,女子,280～319歳,291,3:49.44,,2,,4,荒深なみ,,市ヶ尾,1:07.68,,,,,,,,,3:04.43,2:43.32,2:34.78,1/3
389,78,2025,5,31,長水路,チーム,11,4×50mメドレーリレー,女子,280～319歳,291,3:49.44,,2,,4,渡邉登美子(-----),,市ヶ尾,,,,,,,,,,3:04.43,2:43.32,2:34.78,1/3
390,78,2025,5,31,長水路,チーム,11,4×50mメドレーリレー,女子,280～319歳,291,3:49.44,,2,,4,太田初美,,市ヶ尾,56.06,,,,,,,,,3:04.43,2:43.32,2:34.78,1/3
391,78,2025,5,31,長水路,チーム,11,4×50mメドレーリレー,女子,280～319歳,291,3:49.44,,3,,4,原昌代,,市ヶ尾,56.47,,,,,,,,,3:04.43,2:43.32,2:34.78,1/3
392,78,2025,5,31,長水路,チーム,11,4×50mメドレーリレー,女子,280～319歳,291,3:49.44,,3,,4,近藤みゆき(-----),,市ヶ尾,,,,,,,,,,3:04.43,2:43.32,2:34.78,1/3
393,78,2025,5,31,長水路,チーム,11,4×50mメドレーリレー,女子,280～319歳,291,3:49.44,,3,,4,木村恵子,,市ヶ尾,1:03.93,,,,,,,,,3:04.43,2:43.32,2:34.78,1/3
394,78,2025,5,31,長水路,チーム,11,4×50mメドレーリレー,女子,280～319歳,291,3:49.44,,4,,4,安澤イソ子,,市ヶ尾,54.68,,,,,,,,,3:04.43,2:43.32,2:34.78,1/3
395,78,2025,5,31,長水路,チーム,11,4×50mメドレーリレー,女子,280～319歳,291,3:49.44,,4,,4,三嶋祐子(-----),,市ヶ尾,,,,,,,,,,3:04.43,2:43.32,2:34.78,1/3
396,78,2025,5,31,長水路,チーム,11,4×50mメドレーリレー,女子,280～319歳,291,3:49.44,,4,,4,坂本光子,,市ヶ尾,,,,,,,,,,3:04.43,2:43.32,2:34.78,1/3
397,78,2025,5,31,長水路,チーム,11,4×50mメドレーリレー,女子,240～279歳,252,2:46.12,,1,,1,盛田真規子,,二俣川,50.33,,,,,,,,,2:34.86,2:25.60,2:17.00,2/3
398,78,2025,5,31,長水路,チーム,11,4×50mメドレーリレー,女子,240～279歳,252,2:46.12,,2,,1,野島久枝,,二俣川,45.53,,,,,,,,,2:34.86,2:25.60,2:17.00,2/3
399,78,2025,5,31,長水路,チーム,11,4×50mメドレーリレー,女子,240～279歳,252,2:46.12,,3,,1,武井麻知子,,二俣川,38.07,,,,,,,,,2:34.86,2:25.60,2:17.00,2/3
400,78,2025,5,31,長水路,チーム,11,4×50mメドレーリレー,女子,240～279歳,252,2:46.12,,4,,1,永瀬秀子,,二俣川,32.19,,,,,,,,,2:34.86,2:25.60,2:17.00,2/3
401,78,2025,5,31,長水路,チーム,11,4×50mメドレーリレー,女子,240～279歳,241,3:04.18,,1,,2,及川薫,,松戸,44.62,,,,,,,,,2:34.86,2:25.60,2:17.00,2/2
402,78,2025,5,31,長水路,チーム,11,4×50mメドレーリレー,女子,240～279歳,241,3:04.18,,2,,2,渡邊ひろみ,,松戸,55.72,,,,,,,,,2:34.86,2:25.60,2:17.00,2/2
403,78,2025,5,31,長水路,チーム,11,4×50mメドレーリレー,女子,240～279歳,241,3:04.18,,3,,2,高橋圭,,松戸,38.60,,,,,,,,,2:34.86,2:25.60,2:17.00,2/2
404,78,2025,5,31,長水路,チーム,11,4×50mメドレーリレー,女子,240～279歳,241,3:04.18,,4,,2,相澤史子,,松戸,45.24,,,,,,,,,2:34.86,2:25.60,2:17.00,2/2
405,78,2025,5,31,長水路,チーム,11,4×50mメドレーリレー,女子,240～279歳,253,3:13.36,,1,,3,石塚孝子,,志木,49.85,,,,,,,,,2:34.86,2:25.60,2:17.00,2/1
406,78,2025,5,31,長水路,チーム,11,4×50mメドレーリレー,女子,240～279歳,253,3:13.36,,2,,3,瀧下節子,,志木,55.82,,,,,,,,,2:34.86,2:25.60,2:17.00,2/1
407,78,2025,5,31,長水路,チーム,11,4×50mメドレーリレー,女子,240～279歳,253,3:13.36,,3,,3,高橋真美,,志木,40.93,,,,,,,,,2:34.86,2:25.60,2:17.00,2/1
408,78,2025,5,31,長水路,チーム,11,4×50mメドレーリレー,女子,240～279歳,253,3:13.36,,4,,3,佐々木れい,,志木,46.76,,,,,,,,,2:34.86,2:25.60,2:17.00,2/1
409,78,2025,5,31,長水路,チーム,11,4×50mメドレーリレー,女子,240～279歳,272,3:14.54,,1,,4,桶谷智子,,成城,47.59,,,,,,,,,2:34.86,2:25.60,2:17.00,2/4
410,78,2025,5,31,長水路,チーム,11,4×50mメドレーリレー,女子,240～279歳,272,3:14.54,,2,,4,栗林眞知子,,成城,57.28,,,,,,,,,2:34.86,2:25.60,2:17.00,2/4
411,78,2025,5,31,長水路,チーム,11,4×50mメドレーリレー,女子,240～279歳,272,3:14.54,,3,,4,伊藤ゆかり,,成城,47.79,,,,,,,,,2:34.86,2:25.60,2:17.00,2/4
412,78,2025,5,31,長水路,チーム,11,4×50mメドレーリレー,女子,240～279歳,272,3:14.54,,4,,4,草森理子,,成城,41.88,,,,,,,,,2:34.86,2:25.60,2:17.00,2/4
413,78,2025,5,31,長水路,チーム,11,4×50mメドレーリレー,女子,240～279歳,247,3:21.67,,1,,5,五十嵐佳澄,,阿佐谷,54.84,,,,,,,,,2:34.86,2:25.60,2:17.00,1/4
414,78,2025,5,31,長水路,チーム,11,4×50mメドレーリレー,女子,240～279歳,247,3:21.67,,1,,5,鈴木由佳里,,阿佐谷,43.75,,,,,,,,,2:34.86,2:25.60,2:17.00,1/4
415,78,2025,5,31,長水路,チーム,11,4×50mメドレーリレー,女子,240～279歳,247,3:21.67,,2,,5,三枚堂かよ子,,阿佐谷,52.42,,,,,,,,,2:34.86,2:25.60,2:17.00,1/4
416,78,2025,5,31,長水路,チーム,11,4×50mメドレーリレー,女子,240～279歳,247,3:21.67,,2,,5,櫻田琴,,阿佐谷,,,,,,,,,,2:34.86,2:25.60,2:17.00,1/4
417,78,2025,5,31,長水路,チーム,11,4×50mメドレーリレー,女子,240～279歳,247,3:21.67,,3,,5,大原清美,,阿佐谷,49.70,,,,,,,,,2:34.86,2:25.60,2:17.00,1/4
418,78,2025,5,31,長水路,チーム,11,4×50mメドレーリレー,女子,240～279歳,247,3:21.67,,3,,5,浅野みどり,,阿佐谷,,,,,,,,,,2:34.86,2:25.60,2:17.00,1/4
419,78,2025,5,31,長水路,チーム,11,4×50mメドレーリレー,女子,240～279歳,247,3:21.67,,4,,5,大久保彩子,,阿佐谷,44.71,,,,,,,,,2:34.86,2:25.60,2:17.00,1/4
420,78,2025,5,31,長水路,チーム,11,4×50mメドレーリレー,女子,240～279歳,247,3:21.67,,4,,5,梅田栄己子,,阿佐谷,,,,,,,,,,2:34.86,2:25.60,2:17.00,1/4
421,78,2025,5,31,長水路,チーム,11,4×50mメドレーリレー,女子,200～239歳,203,2:37.61,,1,,1,中野朗子,,慶應日吉,48.02,,,,,,,,,2:20.02,2:09.33,2:08.87,3/1
422,78,2025,5,31,長水路,チーム,11,4×50mメドレーリレー,女子,200～239歳,203,2:37.61,,2,,1,前畑章子,,慶應日吉,45.59,,,,,,,,,2:20.02,2:09.33,2:08.87,3/1
423,78,2025,5,31,長水路,チーム,11,4×50mメドレーリレー,女子,200～239歳,203,2:37.61,,3,,1,宮本八重,,慶應日吉,32.93,,,,,,,,,2:20.02,2:09.33,2:08.87,3/1
424,78,2025,5,31,長水路,チーム,11,4×50mメドレーリレー,女子,200～239歳,203,2:37.61,,4,,1,上沢絵里奈,,慶應日吉,31.07,,,,,,,,,2:20.02,2:09.33,2:08.87,3/1
425,78,2025,5,31,長水路,チーム,11,4×50mメドレーリレー,女子,200～239歳,228,2:40.26,,1,,2,仲田久美子,,成城,39.50,,,,,,,,,2:20.02,2:09.33,2:08.87,3/9
426,78,2025,5,31,長水路,チーム,11,4×50mメドレーリレー,女子,200～239歳,228,2:40.26,,2,,2,佐藤洋子,,成城,45.54,,,,,,,,,2:20.02,2:09.33,2:08.87,3/9
427,78,2025,5,31,長水路,チーム,11,4×50mメドレーリレー,女子,200～239歳,228,2:40.26,,3,,2,佐々木彩,,成城,36.91,,,,,,,,,2:20.02,2:09.33,2:08.87,3/9
428,78,2025,5,31,長水路,チーム,11,4×50mメドレーリレー,女子,200～239歳,228,2:40.26,,4,,2,高梨美樹,,成城,38.31,,,,,,,,,2:20.02,2:09.33,2:08.87,3/9
429,78,2025,5,31,長水路,チーム,11,4×50mメドレーリレー,女子,200～239歳,204,2:42.26,,1,,3,山本由起子,,南千住,47.68,,,,,,,,,2:20.02,2:09.33,2:08.87,3/10
430,78,2025,5,31,長水路,チーム,11,4×50mメドレーリレー,女子,200～239歳,204,2:42.26,,2,,3,田原文月,,南千住,49.47,,,,,,,,,2:20.02,2:09.33,2:08.87,3/10
431,78,2025,5,31,長水路,チーム,11,4×50mメドレーリレー,女子,200～239歳,204,2:42.26,,3,,3,吉田のばら,,南千住,32.72,,,,,,,,,2:20.02,2:09.33,2:08.87,3/10
432,78,2025,5,31,長水路,チーム,11,4×50mメドレーリレー,女子,200～239歳,204,2:42.26,,4,,3,杉本浩美,,南千住,32.39,,,,,,,,,2:20.02,2:09.33,2:08.87,3/10
433,78,2025,5,31,長水路,チーム,11,4×50mメドレーリレー,女子,200～239歳,227,2:44.37,,1,,4,大橋ほづ美,,清瀬,40.23,,,,,,,,,2:20.02,2:09.33,2:08.87,2/8
434,78,2025,5,31,長水路,チーム,11,4×50mメドレーリレー,女子,200～239歳,227,2:44.37,,2,,4,佐藤美絵子,,清瀬,47.92,,,,,,,,,2:20.02,2:09.33,2:08.87,2/8
435,78,2025,5,31,長水路,チーム,11,4×50mメドレーリレー,女子,200～239歳,227,2:44.37,,3,,4,田中貴子,,清瀬,39.33,,,,,,,,,2:20.02,2:09.33,2:08.87,2/8
436,78,2025,5,31,長水路,チーム,11,4×50mメドレーリレー,女子,200～239歳,227,2:44.37,,4,,4,小倉直美,,清瀬,36.89,,,,,,,,,2:20.02,2:09.33,2:08.87,2/8
437,78,2025,5,31,長水路,チーム,11,4×50mメドレーリレー,女子,160～199歳,194,2:29.14,,1,,1,池田百合子,,市ヶ尾,34.13,,,,,,,,,2:15.71,2:06.69,2:02.92,3/2
438,78,2025,5,31,長水路,チーム,11,4×50mメドレーリレー,女子,160～199歳,194,2:29.14,,2,,1,白須靖子,,市ヶ尾,46.44,,,,,,,,,2:15.71,2:06.69,2:02.92,3/2
439,78,2025,5,31,長水路,チーム,11,4×50mメドレーリレー,女子,160～199歳,194,2:29.14,,3,,1,宮下泰子,,市ヶ尾,34.53,,,,,,,,,2:15.71,2:06.69,2:02.92,3/2
440,78,2025,5,31,長水路,チーム,11,4×50mメドレーリレー,女子,160～199歳,194,2:29.14,,4,,1,高橋麻子,,市ヶ尾,34.04,,,,,,,,,2:15.71,2:06.69,2:02.92,3/2
441,78,2025,5,31,長水路,チーム,11,4×50mメドレーリレー,女子,160～199歳,186,2:39.26,,1,,2,梅澤亮子,,桶川北本,36.21,,,,,,,,,2:15.71,2:06.69,2:02.92,3/8
442,78,2025,5,31,長水路,チーム,11,4×50mメドレーリレー,女子,160～199歳,186,2:39.26,,2,,2,村岡貴子,,桶川北本,52.46,,,,,,,,,2:15.71,2:06.69,2:02.92,3/8
443,78,2025,5,31,長水路,チーム,11,4×50mメドレーリレー,女子,160～199歳,186,2:39.26,,3,,2,村岡礼奈,,桶川北本,37.49,,,,,,,,,2:15.71,2:06.69,2:02.92,3/8
444,78,2025,5,31,長水路,チーム,11,4×50mメドレーリレー,女子,160～199歳,186,2:39.26,,4,,2,鈴木和佳奈,,桶川北本,33.10,,,,,,,,,2:15.71,2:06.69,2:02.92,3/8
445,78,2025,5,31,長水路,チーム,11,4×50mメドレーリレー,女子,160～199歳,173,2:43.83,,1,,3,宇田川美穂,,天王洲,42.64,,,,,,,,,2:15.71,2:06.69,2:02.92,2/6
446,78,2025,5,31,長水路,チーム,11,4×50mメドレーリレー,女子,160～199歳,173,2:43.83,,2,,3,中辻澄美,,天王洲,52.11,,,,,,,,,2:15.71,2:06.69,2:02.92,2/6
447,78,2025,5,31,長水路,チーム,11,4×50mメドレーリレー,女子,160～199歳,173,2:43.83,,3,,3,萩原ゆりか,,天王洲,36.00,,,,,,,,,2:15.71,2:06.69,2:02.92,2/6
448,78,2025,5,31,長水路,チーム,11,4×50mメドレーリレー,女子,160～199歳,173,2:43.83,,4,,3,四井美穂,,天王洲,33.08,,,,,,,,,2:15.71,2:06.69,2:02.92,2/6
449,78,2025,5,31,長水路,チーム,11,4×50mメドレーリレー,女子,160～199歳,169,2:45.02,,1,,4,草野茜,,二俣川,43.98,,,,,,,,,2:15.71,2:06.69,2:02.92,2/5
450,78,2025,5,31,長水路,チーム,11,4×50mメドレーリレー,女子,160～199歳,169,2:45.02,,2,,4,竹下菜々美,,二俣川,41.90,,,,,,,,,2:15.71,2:06.69,2:02.92,2/5
451,78,2025,5,31,長水路,チーム,11,4×50mメドレーリレー,女子,160～199歳,169,2:45.02,,3,,4,吉池奈々,,二俣川,43.75,,,,,,,,,2:15.71,2:06.69,2:02.92,2/5
452,78,2025,5,31,長水路,チーム,11,4×50mメドレーリレー,女子,160～199歳,169,2:45.02,,4,,4,前田由希映,,二俣川,35.39,,,,,,,,,2:15.71,2:06.69,2:02.92,2/5
453,78,2025,5,31,長水路,チーム,11,4×50mメドレーリレー,女子,160～199歳,171,2:52.22,,1,,5,原磨理,,長津田,45.21,,,,,,,,,2:15.71,2:06.69,2:02.92,2/9
454,78,2025,5,31,長水路,チーム,11,4×50mメドレーリレー,女子,160～199歳,171,2:52.22,,2,,5,久保美由紀,,長津田,52.73,,,,,,,,,2:15.71,2:06.69,2:02.92,2/9
455,78,2025,5,31,長水路,チーム,11,4×50mメドレーリレー,女子,160～199歳,171,2:52.22,,3,,5,森谷麻貴,,長津田,38.09,,,,,,,,,2:15.71,2:06.69,2:02.92,2/9
456,78,2025,5,31,長水路,チーム,11,4×50mメドレーリレー,女子,160～199歳,171,2:52.22,,4,,5,宮林佑妃,,長津田,36.19,,,,,,,,,2:15.71,2:06.69,2:02.92,2/9
457,78,2025,5,31,長水路,チーム,11,4×50mメドレーリレー,女子,120～159歳,140,2:13.80,,1,,1,永田加那子,,葛西,36.26,,,,,,,,TRUE,2:16.17,1:58.93,1:58.93,3/5
458,78,2025,5,31,長水路,チーム,11,4×50mメドレーリレー,女子,120～159歳,140,2:13.80,,2,,1,小林志穂,,葛西,35.84,,,,,,,,TRUE,2:16.17,1:58.93,1:58.93,3/5
459,78,2025,5,31,長水路,チーム,11,4×50mメドレーリレー,女子,120～159歳,140,2:13.80,,3,,1,青木梨緒,,葛西,30.60,,,,,,,,TRUE,2:16.17,1:58.93,1:58.93,3/5
460,78,2025,5,31,長水路,チーム,11,4×50mメドレーリレー,女子,120～159歳,140,2:13.80,,4,,1,大椛詩織,,葛西,31.10,,,,,,,,TRUE,2:16.17,1:58.93,1:58.93,3/5
461,78,2025,5,31,長水路,チーム,11,4×50mメドレーリレー,女子,120～159歳,132,2:17.61,,1,,2,小澤有未,,長津田,34.66,,,,,,,,,2:16.17,1:58.93,1:58.93,3/6
462,78,2025,5,31,長水路,チーム,11,4×50mメドレーリレー,女子,120～159歳,132,2:17.61,,2,,2,高橋紗良,,長津田,41.80,,,,,,,,,2:16.17,1:58.93,1:58.93,3/6
463,78,2025,5,31,長水路,チーム,11,4×50mメドレーリレー,女子,120～159歳,132,2:17.61,,3,,2,吉村華奈,,長津田,31.34,,,,,,,,,2:16.17,1:58.93,1:58.93,3/6
464,78,2025,5,31,長水路,チーム,11,4×50mメドレーリレー,女子,120～159歳,132,2:17.61,,4,,2,川北恵,,長津田,29.81,,,,,,,,,2:16.17,1:58.93,1:58.93,3/6
465,78,2025,5,31,長水路,チーム,11,4×50mメドレーリレー,女子,120～159歳,156,2:23.46,,1,,3,嶋田菜々子,,おおたか,35.72,,,,,,,,,2:16.17,1:58.93,1:58.93,3/3
466,78,2025,5,31,長水路,チーム,11,4×50mメドレーリレー,女子,120～159歳,156,2:23.46,,2,,3,中村可奈子,,おおたか,42.09,,,,,,,,,2:16.17,1:58.93,1:58.93,3/3
467,78,2025,5,31,長水路,チーム,11,4×50mメドレーリレー,女子,120～159歳,156,2:23.46,,3,,3,松前優里奈,,おおたか,32.64,,,,,,,,,2:16.17,1:58.93,1:58.93,3/3
468,78,2025,5,31,長水路,チーム,11,4×50mメドレーリレー,女子,120～159歳,156,2:23.46,,4,,3,柳有美子,,おおたか,33.01,,,,,,,,,2:16.17,1:58.93,1:58.93,3/3
469,78,2025,5,31,長水路,チーム,11,4×50mメドレーリレー,女子,120～159歳,133,2:24.88,,1,,4,中畑眸,,成城,39.37,,,,,,,,,2:16.17,1:58.93,1:58.93,3/4
470,78,2025,5,31,長水路,チーム,11,4×50mメドレーリレー,女子,120～159歳,133,2:24.88,,2,,4,丸玖瑠都,,成城,39.09,,,,,,,,,2:16.17,1:58.93,1:58.93,3/4
471,78,2025,5,31,長水路,チーム,11,4×50mメドレーリレー,女子,120～159歳,133,2:24.88,,3,,4,仲田笑美,,成城,32.26,,,,,,,,,2:16.17,1:58.93,1:58.93,3/4
472,78,2025,5,31,長水路,チーム,11,4×50mメドレーリレー,女子,120～159歳,133,2:24.88,,4,,4,岩田愛恵,,成城,34.16,,,,,,,,,2:16.17,1:58.93,1:58.93,3/4
473,78,2025,5,31,長水路,チーム,11,4×50mメドレーリレー,女子,120～159歳,124,2:27.29,,1,,5,友田智哲,,南青山,39.47,,,,,,,,,2:16.17,1:58.93,1:58.93,3/7
474,78,2025,5,31,長水路,チーム,11,4×50mメドレーリレー,女子,120～159歳,124,2:27.29,,2,,5,竹山睦月,,南青山,38.19,,,,,,,,,2:16.17,1:58.93,1:58.93,3/7
475,78,2025,5,31,長水路,チーム,11,4×50mメドレーリレー,女子,120～159歳,124,2:27.29,,3,,5,皆川すみれ,,南青山,36.77,,,,,,,,,2:16.17,1:58.93,1:58.93,3/7
476,78,2025,5,31,長水路,チーム,11,4×50mメドレーリレー,女子,120～159歳,124,2:27.29,,4,,5,二宮若葉,,南青山,32.86,,,,,,,,,2:16.17,1:58.93,1:58.93,3/7
477,78,2025,5,31,長水路,チーム,11,4×50mメドレーリレー,女子,120～159歳,130,2:43.38,,1,,6,岡澤志織,,茂原,32.13,,,,,,,,,2:16.17,1:58.93,1:58.93,2/7
478,78,2025,5,31,長水路,チーム,11,4×50mメドレーリレー,女子,120～159歳,130,2:43.38,,2,,6,松本佳奈,,茂原,56.29,,,,,,,,,2:16.17,1:58.93,1:58.93,2/7
479,78,2025,5,31,長水路,チーム,11,4×50mメドレーリレー,女子,120～159歳,130,2:43.38,,3,,6,長谷ちひろ,,茂原,39.39,,,,,,,,,2:16.17,1:58.93,1:58.93,2/7
480,78,2025,5,31,長水路,チーム,11,4×50mメドレーリレー,女子,120～159歳,130,2:43.38,,4,,6,岡澤美咲,,茂原,35.57,,,,,,,,,2:16.17,1:58.93,1:58.93,2/7
481,78,2025,5,31,長水路,チーム,12,4×50mメドレーリレー,男子,280～319歳,282,2:38.43,,1,,1,吉田亮,,成城,44.79,,,,,,,,,2:35.20,2:17.91,2:07.03,1/2
482,78,2025,5,31,長水路,チーム,12,4×50mメドレーリレー,男子,280～319歳,282,2:38.43,,2,,1,石井龍,,成城,35.95,,,,,,,,,2:35.20,2:17.91,2:07.03,1/2
483,78,2025,5,31,長水路,チーム,12,4×50mメドレーリレー,男子,280～319歳,282,2:38.43,,3,,1,木津誠,,成城,41.54,,,,,,,,,2:35.20,2:17.91,2:07.03,1/2
484,78,2025,5,31,長水路,チーム,12,4×50mメドレーリレー,男子,280～319歳,282,2:38.43,,4,,1,若宮強,,成城,36.15,,,,,,,,,2:35.20,2:17.91,2:07.03,1/2
485,78,2025,5,31,長水路,チーム,12,4×50mメドレーリレー,男子,280～319歳,290,2:55.65,,1,,2,伴野保志,,阿佐谷,59.99,,,,,,,,,2:35.20,2:17.91,2:07.03,1/1
486,78,2025,5,31,長水路,チーム,12,4×50mメドレーリレー,男子,280～319歳,290,2:55.65,,2,,2,吉村進,,阿佐谷,41.55,,,,,,,,,2:35.20,2:17.91,2:07.03,1/1
487,78,2025,5,31,長水路,チーム,12,4×50mメドレーリレー,男子,280～319歳,290,2:55.65,,3,,2,吉原一彦,,阿佐谷,34.30,,,,,,,,,2:35.20,2:17.91,2:07.03,1/1
488,78,2025,5,31,長水路,チーム,12,4×50mメドレーリレー,男子,280～319歳,290,2:55.65,,4,,2,折居彰,,阿佐谷,39.81,,,,,,,,,2:35.20,2:17.91,2:07.03,1/1
489,78,2025,5,31,長水路,チーム,12,4×50mメドレーリレー,男子,240～279歳,241,2:18.58,,1,,1,下家成人,,二俣川,35.24,,,,,,,,,2:03.13,2:02.05,1:57.46,1/6
490,78,2025,5,31,長水路,チーム,12,4×50mメドレーリレー,男子,240～279歳,241,2:18.58,,2,,1,若島健二,,二俣川,43.52,,,,,,,,,2:03.13,2:02.05,1:57.46,1/6
491,78,2025,5,31,長水路,チーム,12,4×50mメドレーリレー,男子,240～279歳,241,2:18.58,,3,,1,永瀬知之,,二俣川,28.32,,,,,,,,,2:03.13,2:02.05,1:57.46,1/6
492,78,2025,5,31,長水路,チーム,12,4×50mメドレーリレー,男子,240～279歳,241,2:18.58,,4,,1,富松実,,二俣川,31.50,,,,,,,,,2:03.13,2:02.05,1:57.46,1/6
493,78,2025,5,31,長水路,チーム,12,4×50mメドレーリレー,男子,240～279歳,242,2:20.69,,1,,2,會田修一,,おおたか,38.56,,,,,,,,,2:03.13,2:02.05,1:57.46,1/5
494,78,2025,5,31,長水路,チーム,12,4×50mメドレーリレー,男子,240～279歳,242,2:20.69,,2,,2,大作善祥,,おおたか,34.94,,,,,,,,,2:03.13,2:02.05,1:57.46,1/5
495,78,2025,5,31,長水路,チーム,12,4×50mメドレーリレー,男子,240～279歳,242,2:20.69,,3,,2,海辺信吉,,おおたか,33.36,,,,,,,,,2:03.13,2:02.05,1:57.46,1/5
496,78,2025,5,31,長水路,チーム,12,4×50mメドレーリレー,男子,240～279歳,242,2:20.69,,4,,2,五十嵐洋,,おおたか,33.83,,,,,,,,,2:03.13,2:02.05,1:57.46,1/5
497,78,2025,5,31,長水路,チーム,12,4×50mメドレーリレー,男子,240～279歳,241,2:33.25,,1,,3,西森文史郎,,長津田,44.91,,,,,,,,,2:03.13,2:02.05,1:57.46,1/8
498,78,2025,5,31,長水路,チーム,12,4×50mメドレーリレー,男子,240～279歳,241,2:33.25,,2,,3,池谷千尋,,長津田,39.73,,,,,,,,,2:03.13,2:02.05,1:57.46,1/8
499,78,2025,5,31,長水路,チーム,12,4×50mメドレーリレー,男子,240～279歳,241,2:33.25,,3,,3,金子謙一,,長津田,38.25,,,,,,,,,2:03.13,2:02.05,1:57.46,1/8
500,78,2025,5,31,長水路,チーム,12,4×50mメドレーリレー,男子,240～279歳,241,2:33.25,,4,,3,西野宮冬木,,長津田,30.36,,,,,,,,,2:03.13,2:02.05,1:57.46,1/8
501,78,2025,5,31,長水路,チーム,12,4×50mメドレーリレー,男子,240～279歳,257,2:50.05,,1,,4,宮木幸彦,,葛西,38.98,,,,,,,,,2:03.13,2:02.05,1:57.46,1/9
502,78,2025,5,31,長水路,チーム,12,4×50mメドレーリレー,男子,240～279歳,257,2:50.05,,2,,4,赤坂吉昭,,葛西,51.82,,,,,,,,,2:03.13,2:02.05,1:57.46,1/9
503,78,2025,5,31,長水路,チーム,12,4×50mメドレーリレー,男子,240～279歳,257,2:50.05,,3,,4,原田真,,葛西,34.45,,,,,,,,,2:03.13,2:02.05,1:57.46,1/9
504,78,2025,5,31,長水路,チーム,12,4×50mメドレーリレー,男子,240～279歳,257,2:50.05,,4,,4,大内洋,,葛西,44.80,,,,,,,,,2:03.13,2:02.05,1:57.46,1/9
505,78,2025,5,31,長水路,チーム,12,4×50mメドレーリレー,男子,200～239歳,203,2:06.66,,1,,1,田窪達,,市ヶ尾,31.33,,,,,,,,,1:56.72,1:52.57,1:50.83,3/4
506,78,2025,5,31,長水路,チーム,12,4×50mメドレーリレー,男子,200～239歳,203,2:06.66,,2,,1,廣松伸一,,市ヶ尾,37.36,,,,,,,,,1:56.72,1:52.57,1:50.83,3/4
507,78,2025,5,31,長水路,チーム,12,4×50mメドレーリレー,男子,200～239歳,203,2:06.66,,3,,1,田中諒也,,市ヶ尾,25.58,,,,,,,,,1:56.72,1:52.57,1:50.83,3/4
508,78,2025,5,31,長水路,チーム,12,4×50mメドレーリレー,男子,200～239歳,203,2:06.66,,4,,1,神尾尚人,,市ヶ尾,32.39,,,,,,,,,1:56.72,1:52.57,1:50.83,3/4
509,78,2025,5,31,長水路,チーム,12,4×50mメドレーリレー,男子,200～239歳,200,2:09.04,,1,,2,山田耕一,,清瀬,35.73,,,,,,,,,1:56.72,1:52.57,1:50.83,3/9
510,78,2025,5,31,長水路,チーム,12,4×50mメドレーリレー,男子,200～239歳,200,2:09.04,,2,,2,小倉和彦,,清瀬,35.04,,,,,,,,,1:56.72,1:52.57,1:50.83,3/9
511,78,2025,5,31,長水路,チーム,12,4×50mメドレーリレー,男子,200～239歳,200,2:09.04,,3,,2,塚本拓也,,清瀬,29.08,,,,,,,,,1:56.72,1:52.57,1:50.83,3/9
512,78,2025,5,31,長水路,チーム,12,4×50mメドレーリレー,男子,200～239歳,200,2:09.04,,4,,2,小倉秀和,,清瀬,29.19,,,,,,,,,1:56.72,1:52.57,1:50.83,3/9
513,78,2025,5,31,長水路,チーム,12,4×50mメドレーリレー,男子,200～239歳,201,2:10.37,,1,,3,大村俊文,,二俣川,34.65,,,,,,,,,1:56.72,1:52.57,1:50.83,3/1
514,78,2025,5,31,長水路,チーム,12,4×50mメドレーリレー,男子,200～239歳,201,2:10.37,,2,,3,関口義和,,二俣川,35.35,,,,,,,,,1:56.72,1:52.57,1:50.83,3/1
515,78,2025,5,31,長水路,チーム,12,4×50mメドレーリレー,男子,200～239歳,201,2:10.37,,3,,3,堀川広祐,,二俣川,31.43,,,,,,,,,1:56.72,1:52.57,1:50.83,3/1
516,78,2025,5,31,長水路,チーム,12,4×50mメドレーリレー,男子,200～239歳,201,2:10.37,,4,,3,石上智啓,,二俣川,28.94,,,,,,,,,1:56.72,1:52.57,1:50.83,3/1
517,78,2025,5,31,長水路,チーム,12,4×50mメドレーリレー,男子,200～239歳,212,2:15.34,,1,,4,藤本豊和,,長津田,39.60,,,,,,,,,1:56.72,1:52.57,1:50.83,2/7
518,78,2025,5,31,長水路,チーム,12,4×50mメドレーリレー,男子,200～239歳,212,2:15.34,,2,,4,星野隆,,長津田,35.32,,,,,,,,,1:56.72,1:52.57,1:50.83,2/7
519,78,2025,5,31,長水路,チーム,12,4×50mメドレーリレー,男子,200～239歳,212,2:15.34,,3,,4,矢部裕之,,長津田,32.74,,,,,,,,,1:56.72,1:52.57,1:50.83,2/7
520,78,2025,5,31,長水路,チーム,12,4×50mメドレーリレー,男子,200～239歳,212,2:15.34,,4,,4,花井一也,,長津田,27.68,,,,,,,,,1:56.72,1:52.57,1:50.83,2/7
521,78,2025,5,31,長水路,チーム,12,4×50mメドレーリレー,男子,200～239歳,204,2:19.76,,1,,5,杉原祥之,,川崎,35.97,,,,,,,,,1:56.72,1:52.57,1:50.83,2/8
522,78,2025,5,31,長水路,チーム,12,4×50mメドレーリレー,男子,200～239歳,204,2:19.76,,2,,5,大橋克也,,川崎,40.51,,,,,,,,,1:56.72,1:52.57,1:50.83,2/8
523,78,2025,5,31,長水路,チーム,12,4×50mメドレーリレー,男子,200～239歳,204,2:19.76,,3,,5,中込孝之,,川崎,30.59,,,,,,,,,1:56.72,1:52.57,1:50.83,2/8
524,78,2025,5,31,長水路,チーム,12,4×50mメドレーリレー,男子,200～239歳,204,2:19.76,,4,,5,高瀬信雄,,川崎,32.69,,,,,,,,,1:56.72,1:52.57,1:50.83,2/8
525,78,2025,5,31,長水路,チーム,12,4×50mメドレーリレー,男子,200～239歳,207,2:20.24,,1,,6,小室秀幸,,八王子,35.49,,,,,,,,,1:56.72,1:52.57,1:50.83,1/7
526,78,2025,5,31,長水路,チーム,12,4×50mメドレーリレー,男子,200～239歳,207,2:20.24,,2,,6,高田義久,,八王子,40.45,,,,,,,,,1:56.72,1:52.57,1:50.83,1/7
527,78,2025,5,31,長水路,チーム,12,4×50mメドレーリレー,男子,200～239歳,207,2:20.24,,3,,6,鈴木直哉,,八王子,34.83,,,,,,,,,1:56.72,1:52.57,1:50.83,1/7
528,78,2025,5,31,長水路,チーム,12,4×50mメドレーリレー,男子,200～239歳,207,2:20.24,,4,,6,添田邦彦,,八王子,29.47,,,,,,,,,1:56.72,1:52.57,1:50.83,1/7
529,78,2025,5,31,長水路,チーム,12,4×50mメドレーリレー,男子,200～239歳,212,2:21.58,,1,,7,磯貝知弘,,柏,37.35,,,,,,,,,1:56.72,1:52.57,1:50.83,2/4
530,78,2025,5,31,長水路,チーム,12,4×50mメドレーリレー,男子,200～239歳,212,2:21.58,,2,,7,長田裕史,,柏,33.71,,,,,,,,,1:56.72,1:52.57,1:50.83,2/4
531,78,2025,5,31,長水路,チーム,12,4×50mメドレーリレー,男子,200～239歳,212,2:21.58,,3,,7,上野太紀夫,,柏,34.26,,,,,,,,,1:56.72,1:52.57,1:50.83,2/4
532,78,2025,5,31,長水路,チーム,12,4×50mメドレーリレー,男子,200～239歳,212,2:21.58,,4,,7,小島淳,,柏,36.26,,,,,,,,,1:56.72,1:52.57,1:50.83,2/4
533,78,2025,5,31,長水路,チーム,12,4×50mメドレーリレー,男子,200～239歳,206,2:22.67,,1,,8,設樂航希,,流山,28.80,,,,,,,,,1:56.72,1:52.57,1:50.83,2/2
534,78,2025,5,31,長水路,チーム,12,4×50mメドレーリレー,男子,200～239歳,206,2:22.67,,2,,8,佐々木茂倫,,流山,39.02,,,,,,,,,1:56.72,1:52.57,1:50.83,2/2
535,78,2025,5,31,長水路,チーム,12,4×50mメドレーリレー,男子,200～239歳,206,2:22.67,,3,,8,田中基幹,,流山,37.15,,,,,,,,,1:56.72,1:52.57,1:50.83,2/2
536,78,2025,5,31,長水路,チーム,12,4×50mメドレーリレー,男子,200～239歳,206,2:22.67,,4,,8,大倉健志,,流山,37.70,,,,,,,,,1:56.72,1:52.57,1:50.83,2/2
537,78,2025,5,31,長水路,チーム,12,4×50mメドレーリレー,男子,200～239歳,202,2:28.11,,1,,9,若杉佳宏,,阿佐谷,39.54,,,,,,,,,1:56.72,1:52.57,1:50.83,2/9
538,78,2025,5,31,長水路,チーム,12,4×50mメドレーリレー,男子,200～239歳,202,2:28.11,,2,,9,紺野忠大,,阿佐谷,42.88,,,,,,,,,1:56.72,1:52.57,1:50.83,2/9
539,78,2025,5,31,長水路,チーム,12,4×50mメドレーリレー,男子,200～239歳,202,2:28.11,,3,,9,大川明徳,,阿佐谷,37.99,,,,,,,,,1:56.72,1:52.57,1:50.83,2/9
540,78,2025,5,31,長水路,チーム,12,4×50mメドレーリレー,男子,200～239歳,202,2:28.11,,4,,9,北川貴義,,阿佐谷,27.70,,,,,,,,,1:56.72,1:52.57,1:50.83,2/9
541,78,2025,5,31,長水路,チーム,12,4×50mメドレーリレー,男子,200～239歳,202,2:32.18,,1,,10,村上守,,成城,36.21,,,,,,,,,1:56.72,1:52.57,1:50.83,2/3
542,78,2025,5,31,長水路,チーム,12,4×50mメドレーリレー,男子,200～239歳,202,2:32.18,,2,,10,藤田一寿,,成城,43.65,,,,,,,,,1:56.72,1:52.57,1:50.83,2/3
543,78,2025,5,31,長水路,チーム,12,4×50mメドレーリレー,男子,200～239歳,202,2:32.18,,3,,10,羽田浩一,,成城,32.36,,,,,,,,,1:56.72,1:52.57,1:50.83,2/3
544,78,2025,5,31,長水路,チーム,12,4×50mメドレーリレー,男子,200～239歳,202,2:32.18,,4,,10,浦田昌和,,成城,39.96,,,,,,,,,1:56.72,1:52.57,1:50.83,2/3
545,78,2025,5,31,長水路,チーム,12,4×50mメドレーリレー,男子,160～199歳,160,1:51.77,,1,,1,寺田貴洋,,二俣川,30.47,,,,,,,,,1:51.35,1:46.32,1:45.47,3/5
546,78,2025,5,31,長水路,チーム,12,4×50mメドレーリレー,男子,160～199歳,160,1:51.77,,2,,1,立石裕太郎,,二俣川,29.68,,,,,,,,,1:51.35,1:46.32,1:45.47,3/5
547,78,2025,5,31,長水路,チーム,12,4×50mメドレーリレー,男子,160～199歳,160,1:51.77,,3,,1,前田康輔,,二俣川,25.90,,,,,,,,,1:51.35,1:46.32,1:45.47,3/5
548,78,2025,5,31,長水路,チーム,12,4×50mメドレーリレー,男子,160～199歳,160,1:51.77,,4,,1,前田崇行,,二俣川,25.72,,,,,,,,,1:51.35,1:46.32,1:45.47,3/5
549,78,2025,5,31,長水路,チーム,12,4×50mメドレーリレー,男子,160～199歳,160,2:03.71,,1,,2,中村翼,,天王洲,29.29,,,,,,,,,1:51.35,1:46.32,1:45.47,2/6
550,78,2025,5,31,長水路,チーム,12,4×50mメドレーリレー,男子,160～199歳,160,2:03.71,,2,,2,加間英貴,,天王洲,33.60,,,,,,,,,1:51.35,1:46.32,1:45.47,2/6
551,78,2025,5,31,長水路,チーム,12,4×50mメドレーリレー,男子,160～199歳,160,2:03.71,,3,,2,倉持公一,,天王洲,30.81,,,,,,,,,1:51.35,1:46.32,1:45.47,2/6
552,78,2025,5,31,長水路,チーム,12,4×50mメドレーリレー,男子,160～199歳,160,2:03.71,,4,,2,久保卓士,,天王洲,30.01,,,,,,,,,1:51.35,1:46.32,1:45.47,2/6
553,78,2025,5,31,長水路,チーム,12,4×50mメドレーリレー,男子,160～199歳,191,2:06.25,,1,,3,福田雄太,,慶應日吉,31.78,,,,,,,,,1:51.35,1:46.32,1:45.47,3/2
554,78,2025,5,31,長水路,チーム,12,4×50mメドレーリレー,男子,160～199歳,191,2:06.25,,2,,3,勝吉進一,,慶應日吉,34.16,,,,,,,,,1:51.35,1:46.32,1:45.47,3/2
555,78,2025,5,31,長水路,チーム,12,4×50mメドレーリレー,男子,160～199歳,191,2:06.25,,3,,3,河野悟,,慶應日吉,31.14,,,,,,,,,1:51.35,1:46.32,1:45.47,3/2
556,78,2025,5,31,長水路,チーム,12,4×50mメドレーリレー,男子,160～199歳,191,2:06.25,,4,,3,松崎敏明,,慶應日吉,29.17,,,,,,,,,1:51.35,1:46.32,1:45.47,3/2
557,78,2025,5,31,長水路,チーム,12,4×50mメドレーリレー,男子,160～199歳,169,2:12.62,,1,,4,北村洋一,,大森,37.54,,,,,,,,,1:51.35,1:46.32,1:45.47,1/3
558,78,2025,5,31,長水路,チーム,12,4×50mメドレーリレー,男子,160～199歳,169,2:12.62,,2,,4,海老原健太,,大森,37.18,,,,,,,,,1:51.35,1:46.32,1:45.47,1/3
559,78,2025,5,31,長水路,チーム,12,4×50mメドレーリレー,男子,160～199歳,169,2:12.62,,3,,4,渡部慎也,,大森,31.04,,,,,,,,,1:51.35,1:46.32,1:45.47,1/3
560,78,2025,5,31,長水路,チーム,12,4×50mメドレーリレー,男子,160～199歳,169,2:12.62,,4,,4,野村峰生,,大森,26.86,,,,,,,,,1:51.35,1:46.32,1:45.47,1/3
561,78,2025,5,31,長水路,チーム,12,4×50mメドレーリレー,男子,160～199歳,179,2:27.79,,1,,5,鈴木敏志,,松戸,34.98,,,,,,,,,1:51.35,1:46.32,1:45.47,2/1
562,78,2025,5,31,長水路,チーム,12,4×50mメドレーリレー,男子,160～199歳,179,2:27.79,,1,,5,村田拓斗,,松戸,31.85,,,,,,,,,1:51.35,1:46.32,1:45.47,2/1
563,78,2025,5,31,長水路,チーム,12,4×50mメドレーリレー,男子,160～199歳,179,2:27.79,,2,,5,伊藤水晶,,松戸,35.52,,,,,,,,,1:51.35,1:46.32,1:45.47,2/1
564,78,2025,5,31,長水路,チーム,12,4×50mメドレーリレー,男子,160～199歳,179,2:27.79,,2,,5,祖川久茂,,松戸,37.23,,,,,,,,,1:51.35,1:46.32,1:45.47,2/1
565,78,2025,5,31,長水路,チーム,12,4×50mメドレーリレー,男子,160～199歳,179,2:27.79,,3,,5,庄司和明,,松戸,42.36,,,,,,,,,1:51.35,1:46.32,1:45.47,2/1
566,78,2025,5,31,長水路,チーム,12,4×50mメドレーリレー,男子,160～199歳,179,2:27.79,,3,,5,飯沼明,,松戸,45.23,,,,,,,,,1:51.35,1:46.32,1:45.47,2/1
567,78,2025,5,31,長水路,チーム,12,4×50mメドレーリレー,男子,160～199歳,179,2:27.79,,4,,5,藤井宏哉,,松戸,34.93,,,,,,,,,1:51.35,1:46.32,1:45.47,2/1
568,78,2025,5,31,長水路,チーム,12,4×50mメドレーリレー,男子,160～199歳,179,2:27.79,,4,,5,竹下翔,,松戸,,,,,,,,,,1:51.35,1:46.32,1:45.47,2/1
569,78,2025,5,31,長水路,チーム,12,4×50mメドレーリレー,男子,120～159歳,140,1:59.68,,1,,1,棚網宏之,,阿佐谷,31.92,,,,,,,,,1:52.11,1:42.09,1:42.06,3/7
570,78,2025,5,31,長水路,チーム,12,4×50mメドレーリレー,男子,120～159歳,140,1:59.68,,2,,1,津守陽介,,阿佐谷,32.03,,,,,,,,,1:52.11,1:42.09,1:42.06,3/7
571,78,2025,5,31,長水路,チーム,12,4×50mメドレーリレー,男子,120～159歳,140,1:59.68,,3,,1,荒井啓汰,,阿佐谷,29.67,,,,,,,,,1:52.11,1:42.09,1:42.06,3/7
572,78,2025,5,31,長水路,チーム,12,4×50mメドレーリレー,男子,120～159歳,140,1:59.68,,4,,1,和田弘太郎,,阿佐谷,26.06,,,,,,,,,1:52.11,1:42.09,1:42.06,3/7
573,78,2025,5,31,長水路,チーム,12,4×50mメドレーリレー,男子,120～159歳,150,2:13.04,,1,,2,柄澤英也,,用賀,35.56,,,,,,,,,1:52.11,1:42.09,1:42.06,2/5
574,78,2025,5,31,長水路,チーム,12,4×50mメドレーリレー,男子,120～159歳,150,2:13.04,,2,,2,浅岡遼,,用賀,36.35,,,,,,,,,1:52.11,1:42.09,1:42.06,2/5
575,78,2025,5,31,長水路,チーム,12,4×50mメドレーリレー,男子,120～159歳,150,2:13.04,,3,,2,室坂拓真,,用賀,29.20,,,,,,,,,1:52.11,1:42.09,1:42.06,2/5
576,78,2025,5,31,長水路,チーム,12,4×50mメドレーリレー,男子,120～159歳,150,2:13.04,,4,,2,亀井智貴,,用賀,31.93,,,,,,,,,1:52.11,1:42.09,1:42.06,2/5
577,78,2025,5,31,長水路,チーム,12,4×50mメドレーリレー,男子,72～119歳,115,2:01.42,,1,,1,石井孟,,葛西,32.48,,,,,,,,,1:46.47,1:41.78,1:41.78,3/8
578,78,2025,5,31,長水路,チーム,12,4×50mメドレーリレー,男子,72～119歳,115,2:01.42,,2,,1,前島悠也,,葛西,32.00,,,,,,,,,1:46.47,1:41.78,1:41.78,3/8
579,78,2025,5,31,長水路,チーム,12,4×50mメドレーリレー,男子,72～119歳,115,2:01.42,,3,,1,泉翔太,,葛西,28.27,,,,,,,,,1:46.47,1:41.78,1:41.78,3/8
580,78,2025,5,31,長水路,チーム,12,4×50mメドレーリレー,男子,72～119歳,115,2:01.42,,4,,1,嶋田翔太,,葛西,28.67,,,,,,,,,1:46.47,1:41.78,1:41.78,3/8
581,78,2025,5,31,長水路,チーム,12,4×50mメドレーリレー,男子,72～119歳,118,2:02.27,,1,,2,田中啓二朗,,二俣川,32.06,,,,,,,,,1:46.47,1:41.78,1:41.78,3/3
582,78,2025,5,31,長水路,チーム,12,4×50mメドレーリレー,男子,72～119歳,118,2:02.27,,2,,2,知見邦彦,,二俣川,33.37,,,,,,,,,1:46.47,1:41.78,1:41.78,3/3
583,78,2025,5,31,長水路,チーム,12,4×50mメドレーリレー,男子,72～119歳,118,2:02.27,,3,,2,田中壮一郎,,二俣川,27.67,,,,,,,,,1:46.47,1:41.78,1:41.78,3/3
584,78,2025,5,31,長水路,チーム,12,4×50mメドレーリレー,男子,72～119歳,118,2:02.27,,4,,2,和田佳明,,二俣川,29.17,,,,,,,,,1:46.47,1:41.78,1:41.78,3/3
585,78,2025,5,31,長水路,チーム,12,4×50mメドレーリレー,男子,72～119歳,115,2:06.54,,1,,3,星友也,,天王洲,33.26,,,,,,,,,1:46.47,1:41.78,1:41.78,3/10
586,78,2025,5,31,長水路,チーム,12,4×50mメドレーリレー,男子,72～119歳,115,2:06.54,,1,,3,服部碧,,天王洲,29.78,,,,,,,,,1:46.47,1:41.78,1:41.78,3/10
587,78,2025,5,31,長水路,チーム,12,4×50mメドレーリレー,男子,72～119歳,115,2:06.54,,2,,3,鈴木裕介,,天王洲,37.71,,,,,,,,,1:46.47,1:41.78,1:41.78,3/10
588,78,2025,5,31,長水路,チーム,12,4×50mメドレーリレー,男子,72～119歳,115,2:06.54,,2,,3,黒田大介,,天王洲,,,,,,,,,,1:46.47,1:41.78,1:41.78,3/10
589,78,2025,5,31,長水路,チーム,12,4×50mメドレーリレー,男子,72～119歳,115,2:06.54,,3,,3,木渕大輝,,天王洲,27.17,,,,,,,,,1:46.47,1:41.78,1:41.78,3/10
590,78,2025,5,31,長水路,チーム,12,4×50mメドレーリレー,男子,72～119歳,115,2:06.54,,3,,3,宮田遼太,,天王洲,,,,,,,,,,1:46.47,1:41.78,1:41.78,3/10
591,78,2025,5,31,長水路,チーム,12,4×50mメドレーリレー,男子,72～119歳,115,2:06.54,,4,,3,寺田遼太,,天王洲,28.40,,,,,,,,,1:46.47,1:41.78,1:41.78,3/10
592,78,2025,5,31,長水路,チーム,12,4×50mメドレーリレー,男子,72～119歳,115,2:06.54,,4,,3,板場貴大,,天王洲,,,,,,,,,,1:46.47,1:41.78,1:41.78,3/10
593,78,2025,5,31,長水路,チーム,17,4×50mメドレーリレー,混合,320～359歳,321,3:56.62,,1,,1,吉見一江,,二俣川,1:04.55,,,,,,,,,3:18.01,2:54.58,2:54.58,1/1
594,78,2025,5,31,長水路,チーム,17,4×50mメドレーリレー,混合,320～359歳,321,3:56.62,,2,,1,浅田眞守,,二俣川,1:10.35,,,,,,,,,3:18.01,2:54.58,2:54.58,1/1
595,78,2025,5,31,長水路,チーム,17,4×50mメドレーリレー,混合,320～359歳,321,3:56.62,,3,,1,香川左近,,二俣川,44.20,,,,,,,,,3:18.01,2:54.58,2:54.58,1/1
596,78,2025,5,31,長水路,チーム,17,4×50mメドレーリレー,混合,320～359歳,321,3:56.62,,4,,1,武藤治子,,二俣川,57.52,,,,,,,,,3:18.01,2:54.58,2:54.58,1/1
597,78,2025,5,31,長水路,チーム,17,4×50mメドレーリレー,混合,280～319歳,296,3:03.80,,1,,1,吉田亮,,成城,45.96,,,,,,,,,2:48.17,2:26.90,2:19.17,1/2
598,78,2025,5,31,長水路,チーム,17,4×50mメドレーリレー,混合,280～319歳,296,3:03.80,,2,,1,栗林眞知子,,成城,55.95,,,,,,,,,2:48.17,2:26.90,2:19.17,1/2
599,78,2025,5,31,長水路,チーム,17,4×50mメドレーリレー,混合,280～319歳,296,3:03.80,,3,,1,木津誠,,成城,42.01,,,,,,,,,2:48.17,2:26.90,2:19.17,1/2
600,78,2025,5,31,長水路,チーム,17,4×50mメドレーリレー,混合,280～319歳,296,3:03.80,,4,,1,伊藤ゆかり,,成城,39.88,,,,,,,,,2:48.17,2:26.90,2:19.17,1/2
601,78,2025,5,31,長水路,チーム,17,4×50mメドレーリレー,混合,280～319歳,300,3:45.84,,1,,2,池淵玲子,,慶應日吉,1:01.74,,,,,,,,,2:48.17,2:26.90,2:19.17,1/9
602,78,2025,5,31,長水路,チーム,17,4×50mメドレーリレー,混合,280～319歳,300,3:45.84,,2,,2,泉保央,,慶應日吉,1:04.28,,,,,,,,,2:48.17,2:26.90,2:19.17,1/9
603,78,2025,5,31,長水路,チーム,17,4×50mメドレーリレー,混合,280～319歳,300,3:45.84,,3,,2,森谷登志江,,慶應日吉,50.52,,,,,,,,,2:48.17,2:26.90,2:19.17,1/9
604,78,2025,5,31,長水路,チーム,17,4×50mメドレーリレー,混合,280～319歳,300,3:45.84,,4,,2,小田稔,,慶應日吉,49.30,,,,,,,,,2:48.17,2:26.90,2:19.17,1/9
605,78,2025,5,31,長水路,チーム,17,4×50mメドレーリレー,混合,280～319歳,289,3:50.05,,1,,3,伴野保志,,阿佐谷,1:00.79,,,,,,,,,2:48.17,2:26.90,2:19.17,1/10
606,78,2025,5,31,長水路,チーム,17,4×50mメドレーリレー,混合,280～319歳,289,3:50.05,,2,,3,吉村進,,阿佐谷,48.02,,,,,,,,,2:48.17,2:26.90,2:19.17,1/10
607,78,2025,5,31,長水路,チーム,17,4×50mメドレーリレー,混合,280～319歳,289,3:50.05,,3,,3,渡邉登美子,,阿佐谷,1:14.44,,,,,,,,,2:48.17,2:26.90,2:19.17,1/10
608,78,2025,5,31,長水路,チーム,17,4×50mメドレーリレー,混合,280～319歳,289,3:50.05,,4,,3,三嶋祐子,,阿佐谷,46.80,,,,,,,,,2:48.17,2:26.90,2:19.17,1/10
609,78,2025,5,31,長水路,チーム,17,4×50mメドレーリレー,混合,240～279歳,241,2:22.69,,1,,1,冨松実,,二俣川,39.22,,,,,,,,,2:13.81,2:12.32,2:07.56,3/4
610,78,2025,5,31,長水路,チーム,17,4×50mメドレーリレー,混合,240～279歳,241,2:22.69,,2,,1,知見邦彦,,二俣川,32.69,,,,,,,,,2:13.81,2:12.32,2:07.56,3/4
611,78,2025,5,31,長水路,チーム,17,4×50mメドレーリレー,混合,240～279歳,241,2:22.69,,3,,1,武井麻知子,,二俣川,38.93,,,,,,,,,2:13.81,2:12.32,2:07.56,3/4
612,78,2025,5,31,長水路,チーム,17,4×50mメドレーリレー,混合,240～279歳,241,2:22.69,,4,,1,永瀬秀子,,二俣川,31.85,,,,,,,,,2:13.81,2:12.32,2:07.56,3/4
613,78,2025,5,31,長水路,チーム,17,4×50mメドレーリレー,混合,240～279歳,240,2:47.42,,1,,2,鶴岡美佐,,八景,48.71,,,,,,,,,2:13.81,2:12.32,2:07.56,1/4
614,78,2025,5,31,長水路,チーム,17,4×50mメドレーリレー,混合,240～279歳,240,2:47.42,,2,,2,兼森伸兒,,八景,39.23,,,,,,,,,2:13.81,2:12.32,2:07.56,1/4
615,78,2025,5,31,長水路,チーム,17,4×50mメドレーリレー,混合,240～279歳,240,2:47.42,,3,,2,野村洋子,,八景,44.69,,,,,,,,,2:13.81,2:12.32,2:07.56,1/4
616,78,2025,5,31,長水路,チーム,17,4×50mメドレーリレー,混合,240～279歳,240,2:47.42,,4,,2,久保田信利,,八景,34.79,,,,,,,,,2:13.81,2:12.32,2:07.56,1/4
617,78,2025,5,31,長水路,チーム,17,4×50mメドレーリレー,混合,240～279歳,248,2:54.74,,1,,3,田邊和歌子,,横浜,46.73,,,,,,,,,2:13.81,2:12.32,2:07.56,1/6
618,78,2025,5,31,長水路,チーム,17,4×50mメドレーリレー,混合,240～279歳,248,2:54.74,,2,,3,仲宇佐隆一,,横浜,50.70,,,,,,,,,2:13.81,2:12.32,2:07.56,1/6
619,78,2025,5,31,長水路,チーム,17,4×50mメドレーリレー,混合,240～279歳,248,2:54.74,,3,,3,二宮博,,横浜,40.79,,,,,,,,,2:13.81,2:12.32,2:07.56,1/6
620,78,2025,5,31,長水路,チーム,17,4×50mメドレーリレー,混合,240～279歳,248,2:54.74,,4,,3,佐藤桂子,,横浜,36.52,,,,,,,,,2:13.81,2:12.32,2:07.56,1/6
621,78,2025,5,31,長水路,チーム,17,4×50mメドレーリレー,混合,240～279歳,241,2:56.90,,1,,4,西森文史郎,,長津田,44.76,,,,,,,,,2:13.81,2:12.32,2:07.56,1/5
622,78,2025,5,31,長水路,チーム,17,4×50mメドレーリレー,混合,240～279歳,241,2:56.90,,2,,4,池谷千尋,,長津田,40.97,,,,,,,,,2:13.81,2:12.32,2:07.56,1/5
623,78,2025,5,31,長水路,チーム,17,4×50mメドレーリレー,混合,240～279歳,241,2:56.90,,3,,4,宮林佑妃,,長津田,45.32,,,,,,,,,2:13.81,2:12.32,2:07.56,1/5
624,78,2025,5,31,長水路,チーム,17,4×50mメドレーリレー,混合,240～279歳,241,2:56.90,,4,,4,久保とし子,,長津田,45.85,,,,,,,,,2:13.81,2:12.32,2:07.56,1/5
625,78,2025,5,31,長水路,チーム,17,4×50mメドレーリレー,混合,200～239歳,214,2:23.60,,1,,1,川村佳代子,,二俣川,42.20,,,,,,,,,2:08.68,2:00.33,1:57.86,3/5
626,78,2025,5,31,長水路,チーム,17,4×50mメドレーリレー,混合,200～239歳,214,2:23.60,,2,,1,鶴谷学,,二俣川,32.50,,,,,,,,,2:08.68,2:00.33,1:57.86,3/5
627,78,2025,5,31,長水路,チーム,17,4×50mメドレーリレー,混合,200～239歳,214,2:23.60,,3,,1,大村俊文,,二俣川,28.41,,,,,,,,,2:08.68,2:00.33,1:57.86,3/5
628,78,2025,5,31,長水路,チーム,17,4×50mメドレーリレー,混合,200～239歳,214,2:23.60,,4,,1,板谷仁恵,,二俣川,40.49,,,,,,,,,2:08.68,2:00.33,1:57.86,3/5
629,78,2025,5,31,長水路,チーム,17,4×50mメドレーリレー,混合,200～239歳,203,2:26.75,,1,,2,高橋麻子,,市ヶ尾,42.46,,,,,,,,,2:08.68,2:00.33,1:57.86,3/8
630,78,2025,5,31,長水路,チーム,17,4×50mメドレーリレー,混合,200～239歳,203,2:26.75,,2,,2,廣松伸一,,市ヶ尾,38.16,,,,,,,,,2:08.68,2:00.33,1:57.86,3/8
631,78,2025,5,31,長水路,チーム,17,4×50mメドレーリレー,混合,200～239歳,203,2:26.75,,3,,2,図師拓千,,市ヶ尾,28.86,,,,,,,,,2:08.68,2:00.33,1:57.86,3/8
632,78,2025,5,31,長水路,チーム,17,4×50mメドレーリレー,混合,200～239歳,203,2:26.75,,4,,2,白須靖子,,市ヶ尾,37.27,,,,,,,,,2:08.68,2:00.33,1:57.86,3/8
633,78,2025,5,31,長水路,チーム,17,4×50mメドレーリレー,混合,200～239歳,210,2:30.72,,1,,3,町田克浩,,大森,38.25,,,,,,,,,2:08.68,2:00.33,1:57.86,2/3
634,78,2025,5,31,長水路,チーム,17,4×50mメドレーリレー,混合,200～239歳,210,2:30.72,,2,,3,大竹昌子,,大森,47.52,,,,,,,,,2:08.68,2:00.33,1:57.86,2/3
635,78,2025,5,31,長水路,チーム,17,4×50mメドレーリレー,混合,200～239歳,210,2:30.72,,3,,3,浅田康朗,,大森,33.21,,,,,,,,,2:08.68,2:00.33,1:57.86,2/3
636,78,2025,5,31,長水路,チーム,17,4×50mメドレーリレー,混合,200～239歳,210,2:30.72,,4,,3,浅尾有香,,大森,31.74,,,,,,,,,2:08.68,2:00.33,1:57.86,2/3
637,78,2025,5,31,長水路,チーム,17,4×50mメドレーリレー,混合,200～239歳,203,2:32.06,,1,,4,原磨理,,長津田,45.13,,,,,,,,,2:08.68,2:00.33,1:57.86,2/5
638,78,2025,5,31,長水路,チーム,17,4×50mメドレーリレー,混合,200～239歳,203,2:32.06,,2,,4,祖川久茂,,長津田,36.54,,,,,,,,,2:08.68,2:00.33,1:57.86,2/5
639,78,2025,5,31,長水路,チーム,17,4×50mメドレーリレー,混合,200～239歳,203,2:32.06,,3,,4,花井一也,,長津田,33.24,,,,,,,,,2:08.68,2:00.33,1:57.86,2/5
640,78,2025,5,31,長水路,チーム,17,4×50mメドレーリレー,混合,200～239歳,203,2:32.06,,4,,4,久保かおり,,長津田,37.15,,,,,,,,,2:08.68,2:00.33,1:57.86,2/5
641,78,2025,5,31,長水路,チーム,17,4×50mメドレーリレー,混合,200～239歳,210,2:37.21,,1,,5,小林のぞみ,,越谷,48.15,,,,,,,,,2:08.68,2:00.33,1:57.86,2/6
642,78,2025,5,31,長水路,チーム,17,4×50mメドレーリレー,混合,200～239歳,210,2:37.21,,2,,5,中村幸弘,,越谷,41.24,,,,,,,,,2:08.68,2:00.33,1:57.86,2/6
643,78,2025,5,31,長水路,チーム,17,4×50mメドレーリレー,混合,200～239歳,210,2:37.21,,3,,5,花輪博之,,越谷,33.94,,,,,,,,,2:08.68,2:00.33,1:57.86,2/6
644,78,2025,5,31,長水路,チーム,17,4×50mメドレーリレー,混合,200～239歳,210,2:37.21,,4,,5,山田未紗子,,越谷,33.88,,,,,,,,,2:08.68,2:00.33,1:57.86,2/6
645,78,2025,5,31,長水路,チーム,17,4×50mメドレーリレー,混合,200～239歳,203,2:43.36,,1,,6,糸川永利子,,用賀,51.47,,,,,,,,,2:08.68,2:00.33,1:57.86,2/2
646,78,2025,5,31,長水路,チーム,17,4×50mメドレーリレー,混合,200～239歳,203,2:43.36,,2,,6,和田浩一,,用賀,38.77,,,,,,,,,2:08.68,2:00.33,1:57.86,2/2
647,78,2025,5,31,長水路,チーム,17,4×50mメドレーリレー,混合,200～239歳,203,2:43.36,,3,,6,室坂拓真,,用賀,29.33,,,,,,,,,2:08.68,2:00.33,1:57.86,2/2
648,78,2025,5,31,長水路,チーム,17,4×50mメドレーリレー,混合,200～239歳,203,2:43.36,,4,,6,冨樫真樹子,,用賀,43.79,,,,,,,,,2:08.68,2:00.33,1:57.86,2/2
649,78,2025,5,31,長水路,チーム,17,4×50mメドレーリレー,混合,200～239歳,226,2:44.00,,1,,7,鈴木敏志,,松戸,35.38,,,,,,,,,2:08.68,2:00.33,1:57.86,3/1
650,78,2025,5,31,長水路,チーム,17,4×50mメドレーリレー,混合,200～239歳,226,2:44.00,,2,,7,藤井宏哉,,松戸,50.53,,,,,,,,,2:08.68,2:00.33,1:57.86,3/1
651,78,2025,5,31,長水路,チーム,17,4×50mメドレーリレー,混合,200～239歳,226,2:44.00,,3,,7,高橋圭,,松戸,40.51,,,,,,,,,2:08.68,2:00.33,1:57.86,3/1
652,78,2025,5,31,長水路,チーム,17,4×50mメドレーリレー,混合,200～239歳,226,2:44.00,,4,,7,青木華世子,,松戸,37.58,,,,,,,,,2:08.68,2:00.33,1:57.86,3/1
653,78,2025,5,31,長水路,チーム,17,4×50mメドレーリレー,混合,200～239歳,215,2:49.31,,1,,8,吉岡智子,,新都心,43.66,,,,,,,,,2:08.68,2:00.33,1:57.86,2/10
654,78,2025,5,31,長水路,チーム,17,4×50mメドレーリレー,混合,200～239歳,215,2:49.31,,2,,8,浅野亮介,,新都心,44.90,,,,,,,,,2:08.68,2:00.33,1:57.86,2/10
655,78,2025,5,31,長水路,チーム,17,4×50mメドレーリレー,混合,200～239歳,215,2:49.31,,3,,8,佐久間毅慶,,新都心,36.12,,,,,,,,,2:08.68,2:00.33,1:57.86,2/10
656,78,2025,5,31,長水路,チーム,17,4×50mメドレーリレー,混合,200～239歳,215,2:49.31,,4,,8,加藤雅弓,,新都心,44.63,,,,,,,,,2:08.68,2:00.33,1:57.86,2/10
657,78,2025,5,31,長水路,チーム,17,4×50mメドレーリレー,混合,200～239歳,231,2:51.01,,1,,9,若杉佳宏,,阿佐谷,39.08,,,,,,,,,2:08.68,2:00.33,1:57.86,2/9
658,78,2025,5,31,長水路,チーム,17,4×50mメドレーリレー,混合,200～239歳,231,2:51.01,,2,,9,三枚堂かよ子,,阿佐谷,52.27,,,,,,,,,2:08.68,2:00.33,1:57.86,2/9
659,78,2025,5,31,長水路,チーム,17,4×50mメドレーリレー,混合,200～239歳,231,2:51.01,,3,,9,大川明徳,,阿佐谷,37.90,,,,,,,,,2:08.68,2:00.33,1:57.86,2/9
660,78,2025,5,31,長水路,チーム,17,4×50mメドレーリレー,混合,200～239歳,231,2:51.01,,4,,9,大原清美,,阿佐谷,41.76,,,,,,,,,2:08.68,2:00.33,1:57.86,2/9
661,78,2025,5,31,長水路,チーム,17,4×50mメドレーリレー,混合,200～239歳,225,3:05.35,,1,,10,中野朗子,,慶應日吉,47.83,,,,,,,,,2:08.68,2:00.33,1:57.86,1/8
662,78,2025,5,31,長水路,チーム,17,4×50mメドレーリレー,混合,200～239歳,225,3:05.35,,1,,10,宮川則仁,,慶應日吉,38.90,,,,,,,,,2:08.68,2:00.33,1:57.86,1/8
663,78,2025,5,31,長水路,チーム,17,4×50mメドレーリレー,混合,200～239歳,225,3:05.35,,2,,10,久保田裕一,,慶應日吉,44.76,,,,,,,,,2:08.68,2:00.33,1:57.86,1/8
664,78,2025,5,31,長水路,チーム,17,4×50mメドレーリレー,混合,200～239歳,225,3:05.35,,2,,10,川瀬健次,,慶應日吉,,,,,,,,,,2:08.68,2:00.33,1:57.86,1/8
665,78,2025,5,31,長水路,チーム,17,4×50mメドレーリレー,混合,200～239歳,225,3:05.35,,3,,10,大塚秀幸,,慶應日吉,47.74,,,,,,,,,2:08.68,2:00.33,1:57.86,1/8
666,78,2025,5,31,長水路,チーム,17,4×50mメドレーリレー,混合,200～239歳,225,3:05.35,,3,,10,若林朋子,,慶應日吉,,,,,,,,,,2:08.68,2:00.33,1:57.86,1/8
667,78,2025,5,31,長水路,チーム,17,4×50mメドレーリレー,混合,200～239歳,225,3:05.35,,4,,10,鈴木夏実,,慶應日吉,45.02,,,,,,,,,2:08.68,2:00.33,1:57.86,1/8
668,78,2025,5,31,長水路,チーム,17,4×50mメドレーリレー,混合,200～239歳,225,3:05.35,,4,,10,花木尚美,,慶應日吉,,,,,,,,,,2:08.68,2:00.33,1:57.86,1/8
669,78,2025,5,31,長水路,チーム,17,4×50mメドレーリレー,混合,160～199歳,183,2:09.19,,1,,1,小澤有末,,長津田,34.88,,,,,,,,,2:07.28,1:55.11,1:53.25,4/8
670,78,2025,5,31,長水路,チーム,17,4×50mメドレーリレー,混合,160～199歳,183,2:09.19,,2,,1,星野隆,,長津田,35.12,,,,,,,,,2:07.28,1:55.11,1:53.25,4/8
671,78,2025,5,31,長水路,チーム,17,4×50mメドレーリレー,混合,160～199歳,183,2:09.19,,3,,1,吉村華余,,長津田,30.97,,,,,,,,,2:07.28,1:55.11,1:53.25,4/8
672,78,2025,5,31,長水路,チーム,17,4×50mメドレーリレー,混合,160～199歳,183,2:09.19,,4,,1,藤本豊和,,長津田,28.22,,,,,,,,,2:07.28,1:55.11,1:53.25,4/8
673,78,2025,5,31,長水路,チーム,17,4×50mメドレーリレー,混合,160～199歳,163,2:16.76,,1,,2,嶋田菜々子,,おおたか,35.72,,,,,,,,,2:07.28,1:55.11,1:53.25,4/10
674,78,2025,5,31,長水路,チーム,17,4×50mメドレーリレー,混合,160～199歳,163,2:16.76,,2,,2,中村可奈子,,おおたか,41.89,,,,,,,,,2:07.28,1:55.11,1:53.25,4/10
675,78,2025,5,31,長水路,チーム,17,4×50mメドレーリレー,混合,160～199歳,163,2:16.76,,3,,2,古川貴章,,おおたか,28.39,,,,,,,,,2:07.28,1:55.11,1:53.25,4/10
676,78,2025,5,31,長水路,チーム,17,4×50mメドレーリレー,混合,160～199歳,163,2:16.76,,4,,2,前田光輝,,おおたか,30.76,,,,,,,,,2:07.28,1:55.11,1:53.25,4/10
677,78,2025,5,31,長水路,チーム,17,4×50mメドレーリレー,混合,160～199歳,177,2:20.01,,1,,3,宮本八重,,慶應日吉,38.26,,,,,,,,,2:07.28,1:55.11,1:53.25,3/2
678,78,2025,5,31,長水路,チーム,17,4×50mメドレーリレー,混合,160～199歳,177,2:20.01,,2,,3,金井元気,,慶應日吉,36.10,,,,,,,,,2:07.28,1:55.11,1:53.25,3/2
679,78,2025,5,31,長水路,チーム,17,4×50mメドレーリレー,混合,160～199歳,177,2:20.01,,3,,3,門倉孝行,,慶應日吉,33.32,,,,,,,,,2:07.28,1:55.11,1:53.25,3/2
680,78,2025,5,31,長水路,チーム,17,4×50mメドレーリレー,混合,160～199歳,177,2:20.01,,4,,3,小豆澤和代,,慶應日吉,32.33,,,,,,,,,2:07.28,1:55.11,1:53.25,3/2
681,78,2025,5,31,長水路,チーム,17,4×50mメドレーリレー,混合,160～199歳,166,2:26.73,,1,,4,棚網恵理,,阿佐谷,40.95,,,,,,,,,2:07.28,1:55.11,1:53.25,3/9
682,78,2025,5,31,長水路,チーム,17,4×50mメドレーリレー,混合,160～199歳,166,2:26.73,,2,,4,北川貴義,,阿佐谷,36.61,,,,,,,,,2:07.28,1:55.11,1:53.25,3/9
683,78,2025,5,31,長水路,チーム,17,4×50mメドレーリレー,混合,160～199歳,166,2:26.73,,3,,4,和田亮,,阿佐谷,32.90,,,,,,,,,2:07.28,1:55.11,1:53.25,3/9
684,78,2025,5,31,長水路,チーム,17,4×50mメドレーリレー,混合,160～199歳,166,2:26.73,,4,,4,宮百合恵,,阿佐谷,36.27,,,,,,,,,2:07.28,1:55.11,1:53.25,3/9
685,78,2025,5,31,長水路,チーム,17,4×50mメドレーリレー,混合,160～199歳,176,2:28.87,,1,,5,寺田貴洋,,二俣川,31.48,,,,,,,,,2:07.28,1:55.11,1:53.25,4/1
686,78,2025,5,31,長水路,チーム,17,4×50mメドレーリレー,混合,160～199歳,176,2:28.87,,2,,5,立石裕太郎,,二俣川,36.09,,,,,,,,,2:07.28,1:55.11,1:53.25,4/1
687,78,2025,5,31,長水路,チーム,17,4×50mメドレーリレー,混合,160～199歳,176,2:28.87,,3,,5,吉池奈々,,二俣川,46.17,,,,,,,,,2:07.28,1:55.11,1:53.25,4/1
688,78,2025,5,31,長水路,チーム,17,4×50mメドレーリレー,混合,160～199歳,176,2:28.87,,4,,5,草野茜,,二俣川,35.13,,,,,,,,,2:07.28,1:55.11,1:53.25,4/1
689,78,2025,5,31,長水路,チーム,17,4×50mメドレーリレー,混合,160～199歳,179,2:29.77,,1,,6,村上守,,成城,35.88,,,,,,,,,2:07.28,1:55.11,1:53.25,3/10
690,78,2025,5,31,長水路,チーム,17,4×50mメドレーリレー,混合,160～199歳,179,2:29.77,,2,,6,岩田愛恵,,成城,45.56,,,,,,,,,2:07.28,1:55.11,1:53.25,3/10
691,78,2025,5,31,長水路,チーム,17,4×50mメドレーリレー,混合,160～199歳,179,2:29.77,,3,,6,佐々木彩,,成城,37.00,,,,,,,,,2:07.28,1:55.11,1:53.25,3/10
692,78,2025,5,31,長水路,チーム,17,4×50mメドレーリレー,混合,160～199歳,179,2:29.77,,4,,6,藤田一寿,,成城,31.33,,,,,,,,,2:07.28,1:55.11,1:53.25,3/10
693,78,2025,5,31,長水路,チーム,17,4×50mメドレーリレー,混合,160～199歳,197,2:31.51,,1,,7,杉原祥之,,川崎,36.40,,,,,,,,,2:07.28,1:55.11,1:53.25,2/8
694,78,2025,5,31,長水路,チーム,17,4×50mメドレーリレー,混合,160～199歳,197,2:31.51,,2,,7,中込孝之,,川崎,36.97,,,,,,,,,2:07.28,1:55.11,1:53.25,2/8
695,78,2025,5,31,長水路,チーム,17,4×50mメドレーリレー,混合,160～199歳,197,2:31.51,,3,,7,錦織佳奈子,,川崎,39.77,,,,,,,,,2:07.28,1:55.11,1:53.25,2/8
696,78,2025,5,31,長水路,チーム,17,4×50mメドレーリレー,混合,160～199歳,197,2:31.51,,4,,7,土井直子,,川崎,38.37,,,,,,,,,2:07.28,1:55.11,1:53.25,2/8
697,78,2025,5,31,長水路,チーム,17,4×50mメドレーリレー,混合,160～199歳,176,2:41.02,,1,,8,河野大和,,川崎,32.18,,,,,,,,,2:07.28,1:55.11,1:53.25,2/1
698,78,2025,5,31,長水路,チーム,17,4×50mメドレーリレー,混合,160～199歳,176,2:41.02,,2,,8,佐伯康子,,川崎,48.54,,,,,,,,,2:07.28,1:55.11,1:53.25,2/1
699,78,2025,5,31,長水路,チーム,17,4×50mメドレーリレー,混合,160～199歳,176,2:41.02,,3,,8,土井満,,川崎,42.53,,,,,,,,,2:07.28,1:55.11,1:53.25,2/1
700,78,2025,5,31,長水路,チーム,17,4×50mメドレーリレー,混合,160～199歳,176,2:41.02,,4,,8,中山翠,,川崎,37.77,,,,,,,,,2:07.28,1:55.11,1:53.25,2/1
701,78,2025,5,31,長水路,チーム,17,4×50mメドレーリレー,混合,160～199歳,189,2:50.50,,1,,9,大島江理子,,大森,47.84,,,,,,,,,2:07.28,1:55.11,1:53.25,2/7
702,78,2025,5,31,長水路,チーム,17,4×50mメドレーリレー,混合,160～199歳,189,2:50.50,,2,,9,宇佐美学,,大森,42.84,,,,,,,,,2:07.28,1:55.11,1:53.25,2/7
703,78,2025,5,31,長水路,チーム,17,4×50mメドレーリレー,混合,160～199歳,189,2:50.50,,3,,9,冨永結衣子,,大森,46.89,,,,,,,,,2:07.28,1:55.11,1:53.25,2/7
704,78,2025,5,31,長水路,チーム,17,4×50mメドレーリレー,混合,160～199歳,189,2:50.50,,4,,9,成田敏隆,,大森,32.93,,,,,,,,,2:07.28,1:55.11,1:53.25,2/7
705,78,2025,5,31,長水路,チーム,17,4×50mメドレーリレー,混合,160～199歳,199,2:56.00,,1,,10,日置睦,,我孫子,1:05.02,,,,,,,,,2:07.28,1:55.11,1:53.25,1/7
706,78,2025,5,31,長水路,チーム,17,4×50mメドレーリレー,混合,160～199歳,199,2:56.00,,2,,10,駒形秀一,,我孫子,36.73,,,,,,,,,2:07.28,1:55.11,1:53.25,1/7
707,78,2025,5,31,長水路,チーム,17,4×50mメドレーリレー,混合,160～199歳,199,2:56.00,,3,,10,江沢純也,,我孫子,32.37,,,,,,,,,2:07.28,1:55.11,1:53.25,1/7
708,78,2025,5,31,長水路,チーム,17,4×50mメドレーリレー,混合,160～199歳,199,2:56.00,,4,,10,角南美貴,,我孫子,41.88,,,,,,,,,2:07.28,1:55.11,1:53.25,1/7
709,78,2025,5,31,長水路,チーム,17,4×50mメドレーリレー,混合,120～159歳,133,2:06.65,,1,,1,松前優里奈,,おおたか,35.34,,,,,,,,,2:01.01,1:49.90,1:49.61,4/6
710,78,2025,5,31,長水路,チーム,17,4×50mメドレーリレー,混合,120～159歳,133,2:06.65,,2,,1,石井丁,,おおたか,29.49,,,,,,,,,2:01.01,1:49.90,1:49.61,4/6
711,78,2025,5,31,長水路,チーム,17,4×50mメドレーリレー,混合,120～159歳,133,2:06.65,,3,,1,都築クラウディオ佑介(+0.44),,おおたか,28.19,,,,,,,,,2:01.01,1:49.90,1:49.61,4/6
712,78,2025,5,31,長水路,チーム,17,4×50mメドレーリレー,混合,120～159歳,133,2:06.65,,4,,1,柳有美子,,おおたか,33.63,,,,,,,,,2:01.01,1:49.90,1:49.61,4/6
713,78,2025,5,31,長水路,チーム,17,4×50mメドレーリレー,混合,120～159歳,158,2:07.15,,1,,2,吉田のばら,,南千住,35.76,,,,,,,,,2:01.01,1:49.90,1:49.61,4/2
714,78,2025,5,31,長水路,チーム,17,4×50mメドレーリレー,混合,120～159歳,158,2:07.15,,2,,2,宮川航,,南千住,31.16,,,,,,,,,2:01.01,1:49.90,1:49.61,4/2
715,78,2025,5,31,長水路,チーム,17,4×50mメドレーリレー,混合,120～159歳,158,2:07.15,,3,,2,真如美優,,南千住,31.15,,,,,,,,,2:01.01,1:49.90,1:49.61,4/2
716,78,2025,5,31,長水路,チーム,17,4×50mメドレーリレー,混合,120～159歳,158,2:07.15,,4,,2,中村勝,,南千住,29.08,,,,,,,,,2:01.01,1:49.90,1:49.61,4/2
717,78,2025,5,31,長水路,チーム,17,4×50mメドレーリレー,混合,120～159歳,150,2:12.21,,1,,3,佐々木美佐,,平塚,38.48,,,,,,,,,2:01.01,1:49.90,1:49.61,4/7
718,78,2025,5,31,長水路,チーム,17,4×50mメドレーリレー,混合,120～159歳,150,2:12.21,,2,,3,増田究,,平塚,32.40,,,,,,,,,2:01.01,1:49.90,1:49.61,4/7
719,78,2025,5,31,長水路,チーム,17,4×50mメドレーリレー,混合,120～159歳,150,2:12.21,,3,,3,土屋大貴,,平塚,27.32,,,,,,,,,2:01.01,1:49.90,1:49.61,4/7
720,78,2025,5,31,長水路,チーム,17,4×50mメドレーリレー,混合,120～159歳,150,2:12.21,,4,,3,足立知実,,平塚,34.01,,,,,,,,,2:01.01,1:49.90,1:49.61,4/7
721,78,2025,5,31,長水路,チーム,17,4×50mメドレーリレー,混合,120～159歳,137,2:22.53,,1,,4,村田雅治,,長津田,34.45,,,,,,,,,2:01.01,1:49.90,1:49.61,3/6
722,78,2025,5,31,長水路,チーム,17,4×50mメドレーリレー,混合,120～159歳,137,2:22.53,,2,,4,宍戸萌,,長津田,40.11,,,,,,,,,2:01.01,1:49.90,1:49.61,3/6
723,78,2025,5,31,長水路,チーム,17,4×50mメドレーリレー,混合,120～159歳,137,2:22.53,,3,,4,森谷麻貴,,長津田,37.88,,,,,,,,,2:01.01,1:49.90,1:49.61,3/6
724,78,2025,5,31,長水路,チーム,17,4×50mメドレーリレー,混合,120～159歳,137,2:22.53,,4,,4,矢部裕之,,長津田,30.09,,,,,,,,,2:01.01,1:49.90,1:49.61,3/6
725,78,2025,5,31,長水路,チーム,17,4×50mメドレーリレー,混合,120～159歳,151,2:33.84,,1,,5,岡澤志織,,茂原,32.44,,,,,,,,,2:01.01,1:49.90,1:49.61,2/4
726,78,2025,5,31,長水路,チーム,17,4×50mメドレーリレー,混合,120～159歳,151,2:33.84,,2,,5,松本佳奈,,茂原,55.83,,,,,,,,,2:01.01,1:49.90,1:49.61,2/4
727,78,2025,5,31,長水路,チーム,17,4×50mメドレーリレー,混合,120～159歳,151,2:33.84,,3,,5,神戸優悠希,,茂原,27.23,,,,,,,,,2:01.01,1:49.90,1:49.61,2/4
728,78,2025,5,31,長水路,チーム,17,4×50mメドレーリレー,混合,120～159歳,151,2:33.84,,4,,5,萱沼憲司郎,,茂原,38.34,,,,,,,,,2:01.01,1:49.90,1:49.61,2/4
729,78,2025,5,31,長水路,チーム,17,4×50mメドレーリレー,混合,72～119歳,95,2:04.45,,1,,1,仲田笑美,,成城,35.83,,,,,,,,,2:00.62,1:48.98,1:47.29,4/5
730,78,2025,5,31,長水路,チーム,17,4×50mメドレーリレー,混合,72～119歳,95,2:04.45,,2,,1,黒田大介,,成城,32.31,,,,,,,,,2:00.62,1:48.98,1:47.29,4/5
731,78,2025,5,31,長水路,チーム,17,4×50mメドレーリレー,混合,72～119歳,95,2:04.45,,3,,1,服部碧,,成城,25.72,,,,,,,,,2:00.62,1:48.98,1:47.29,4/5
732,78,2025,5,31,長水路,チーム,17,4×50mメドレーリレー,混合,72～119歳,95,2:04.45,,4,,1,丸玖瑠都,,成城,30.59,,,,,,,,,2:00.62,1:48.98,1:47.29,4/5
733,78,2025,5,31,長水路,チーム,17,4×50mメドレーリレー,混合,72～119歳,97,2:09.60,,1,,2,田中啓二朗,,二俣川,32.63,,,,,,,,,2:00.62,1:48.98,1:47.29,4/3
734,78,2025,5,31,長水路,チーム,17,4×50mメドレーリレー,混合,72～119歳,97,2:09.60,,2,,2,田中壮一郎,,二俣川,32.20,,,,,,,,,2:00.62,1:48.98,1:47.29,4/3
735,78,2025,5,31,長水路,チーム,17,4×50mメドレーリレー,混合,72～119歳,97,2:09.60,,3,,2,竹下菜々美,,二俣川,32.51,,,,,,,,,2:00.62,1:48.98,1:47.29,4/3
736,78,2025,5,31,長水路,チーム,17,4×50mメドレーリレー,混合,72～119歳,97,2:09.60,,4,,2,松本彩花,,二俣川,32.26,,,,,,,,,2:00.62,1:48.98,1:47.29,4/3
737,78,2025,5,31,長水路,チーム,17,4×50mメドレーリレー,混合,72～119歳,114,2:12.24,,1,,3,宮澤緋花留,,蒲田,35.33,,,,,,,,,2:00.62,1:48.98,1:47.29,4/9
738,78,2025,5,31,長水路,チーム,17,4×50mメドレーリレー,混合,72～119歳,114,2:12.24,,2,,3,南里輝,,蒲田,32.78,,,,,,,,,2:00.62,1:48.98,1:47.29,4/9
739,78,2025,5,31,長水路,チーム,17,4×50mメドレーリレー,混合,72～119歳,114,2:12.24,,3,,3,青木奈那美,,蒲田,33.78,,,,,,,,,2:00.62,1:48.98,1:47.29,4/9
740,78,2025,5,31,長水路,チーム,17,4×50mメドレーリレー,混合,72～119歳,114,2:12.24,,4,,3,青木健二,,蒲田,30.35,,,,,,,,,2:00.62,1:48.98,1:47.29,4/9
741,78,2025,5,31,長水路,チーム,17,4×50mメドレーリレー,混合,72～119歳,105,2:12.92,,1,,4,村田拓斗,,長津田,31.97,,,,,,,,,2:00.62,1:48.98,1:47.29,4/4
742,78,2025,5,31,長水路,チーム,17,4×50mメドレーリレー,混合,72～119歳,105,2:12.92,,2,,4,竹下翔,,長津田,37.90,,,,,,,,,2:00.62,1:48.98,1:47.29,4/4
743,78,2025,5,31,長水路,チーム,17,4×50mメドレーリレー,混合,72～119歳,105,2:12.92,,3,,4,高橋紗良,,長津田,33.47,,,,,,,,,2:00.62,1:48.98,1:47.29,4/4
744,78,2025,5,31,長水路,チーム,17,4×50mメドレーリレー,混合,72～119歳,105,2:12.92,,4,,4,川北恵,,長津田,29.58,,,,,,,,,2:00.62,1:48.98,1:47.29,4/4
745,78,2025,5,31,長水路,チーム,18,4×100mメドレーリレー,女子,240～279歳,242,6:14.42,,1,,1,佐藤洋子,,成城,47.59,,,,,,,,TRUE,6:21.43,5:29.51,5:19.05,1/4
746,78,2025,5,31,長水路,チーム,18,4×100mメドレーリレー,女子,240～279歳,242,6:14.42,,2,,1,高梨美樹,,成城,49.35,,,,,,,,TRUE,6:21.43,5:29.51,5:19.05,1/4
747,78,2025,5,31,長水路,チーム,18,4×100mメドレーリレー,女子,240～279歳,242,6:14.42,,3,,1,仲田久美子,,成城,39.02,,,,,,,,TRUE,6:21.43,5:29.51,5:19.05,1/4
748,78,2025,5,31,長水路,チーム,18,4×100mメドレーリレー,女子,240～279歳,242,6:14.42,,4,,1,高柳祐子,,成城,38.04,,,,,,,,TRUE,6:21.43,5:29.51,5:19.05,1/4
749,78,2025,5,31,長水路,チーム,18,4×100mメドレーリレー,女子,240～279歳,251,6:59.62,,1,,2,高見沢ゆみ子,,慶應日吉,52.32,,,,,,,,,6:21.43,5:29.51,5:19.05,1/8
750,78,2025,5,31,長水路,チーム,18,4×100mメドレーリレー,女子,240～279歳,251,6:59.62,,2,,2,前畑章子,,慶應日吉,45.99,,,,,,,,,6:21.43,5:29.51,5:19.05,1/8
751,78,2025,5,31,長水路,チーム,18,4×100mメドレーリレー,女子,240～279歳,251,6:59.62,,3,,2,森谷登志江,,慶應日吉,53.76,,,,,,,,,6:21.43,5:29.51,5:19.05,1/8
752,78,2025,5,31,長水路,チーム,18,4×100mメドレーリレー,女子,240～279歳,251,6:59.62,,4,,2,田村明美,,慶應日吉,42.55,,,,,,,,,6:21.43,5:29.51,5:19.05,1/8
753,78,2025,5,31,長水路,チーム,18,4×100mメドレーリレー,女子,200～239歳,217,6:15.47,,1,,1,花木尚美,,大宮宮原,46.86,,,,,,,,,5:42.41,5:04.80,4:54.41,1/6
754,78,2025,5,31,長水路,チーム,18,4×100mメドレーリレー,女子,200～239歳,217,6:15.47,,2,,1,坂井慶子,,大宮宮原,51.20,,,,,,,,,5:42.41,5:04.80,4:54.41,1/6
755,78,2025,5,31,長水路,チーム,18,4×100mメドレーリレー,女子,200～239歳,217,6:15.47,,3,,1,若林朋子,,大宮宮原,36.76,,,,,,,,,5:42.41,5:04.80,4:54.41,1/6
756,78,2025,5,31,長水路,チーム,18,4×100mメドレーリレー,女子,200～239歳,217,6:15.47,,4,,1,市川百合子,,大宮宮原,41.02,,,,,,,,,5:42.41,5:04.80,4:54.41,1/6
757,78,2025,5,31,長水路,チーム,18,4×100mメドレーリレー,女子,160～199歳,169,6:22.33,,1,,1,草野茜,,二俣川,46.94,,,,,,,,,5:17.33,4:42.46,4:36.25,1/5
758,78,2025,5,31,長水路,チーム,18,4×100mメドレーリレー,女子,160～199歳,169,6:22.33,,2,,1,竹下菜々美,,二俣川,42.57,,,,,,,,,5:17.33,4:42.46,4:36.25,1/5
759,78,2025,5,31,長水路,チーム,18,4×100mメドレーリレー,女子,160～199歳,169,6:22.33,,3,,1,吉池奈々,,二俣川,49.35,,,,,,,,,5:17.33,4:42.46,4:36.25,1/5
760,78,2025,5,31,長水路,チーム,18,4×100mメドレーリレー,女子,160～199歳,169,6:22.33,,4,,1,前田由希映,,二俣川,40.54,,,,,,,,,5:17.33,4:42.46,4:36.25,1/5
761,78,2025,5,31,長水路,チーム,18,4×100mメドレーリレー,女子,160～199歳,184,6:51.66,,1,,2,井上唯,,慶應日吉,46.27,,,,,,,,,5:17.33,4:42.46,4:36.25,1/7
762,78,2025,5,31,長水路,チーム,18,4×100mメドレーリレー,女子,160～199歳,184,6:51.66,,2,,2,RacaruGabriela,,慶應日吉,50.40,,,,,,,,,5:17.33,4:42.46,4:36.25,1/7
763,78,2025,5,31,長水路,チーム,18,4×100mメドレーリレー,女子,160～199歳,184,6:51.66,,3,,2,井手敦子,,慶應日吉,53.85,,,,,,,,,5:17.33,4:42.46,4:36.25,1/7
764,78,2025,5,31,長水路,チーム,18,4×100mメドレーリレー,女子,160～199歳,184,6:51.66,,4,,2,福本麻美,,慶應日吉,38.43,,,,,,,,,5:17.33,4:42.46,4:36.25,1/7
765,78,2025,5,31,長水路,チーム,18,4×100mメドレーリレー,女子,160～199歳,196,7:03.49,,1,,3,棚網恵理,,阿佐谷,44.94,,,,,,,,,5:17.33,4:42.46,4:36.25,1/3
766,78,2025,5,31,長水路,チーム,18,4×100mメドレーリレー,女子,160～199歳,196,7:03.49,,2,,3,大久保彩子,,阿佐谷,58.06,,,,,,,,,5:17.33,4:42.46,4:36.25,1/3
767,78,2025,5,31,長水路,チーム,18,4×100mメドレーリレー,女子,160～199歳,196,7:03.49,,3,,3,宮百合恵,,阿佐谷,45.17,,,,,,,,,5:17.33,4:42.46,4:36.25,1/3
768,78,2025,5,31,長水路,チーム,18,4×100mメドレーリレー,女子,160～199歳,196,7:03.49,,4,,3,五十嵐佳澄,,阿佐谷,55.36,,,,,,,,,5:17.33,4:42.46,4:36.25,1/3
769,78,2025,5,31,長水路,チーム,19,4×100mメドレーリレー,男子,280～319歳,285,6:14.43,,1,,1,吉村進,,阿佐谷,49.05,,,,,,,,,6:10.39,5:14.37,4:55.44,1/8
770,78,2025,5,31,長水路,チーム,19,4×100mメドレーリレー,男子,280～319歳,285,6:14.43,,2,,1,村田幸士郎,,阿佐谷,46.61,,,,,,,,,6:10.39,5:14.37,4:55.44,1/8
771,78,2025,5,31,長水路,チーム,19,4×100mメドレーリレー,男子,280～319歳,285,6:14.43,,3,,1,吉原一彦,,阿佐谷,36.14,,,,,,,,,6:10.39,5:14.37,4:55.44,1/8
772,78,2025,5,31,長水路,チーム,19,4×100mメドレーリレー,男子,280～319歳,285,6:14.43,,4,,1,折居彰,,阿佐谷,45.99,,,,,,,,,6:10.39,5:14.37,4:55.44,1/8
773,78,2025,5,31,長水路,チーム,19,4×100mメドレーリレー,男子,200～239歳,203,4:46.23,,1,,1,下家成人,,二俣川,38.50,,,,,,,,,4:43.82,4:15.90,4:13.76,2/9
774,78,2025,5,31,長水路,チーム,19,4×100mメドレーリレー,男子,200～239歳,203,4:46.23,,2,,1,知見邦彦,,二俣川,34.45,,,,,,,,,4:43.82,4:15.90,4:13.76,2/9
775,78,2025,5,31,長水路,チーム,19,4×100mメドレーリレー,男子,200～239歳,203,4:46.23,,3,,1,堀川広祐,,二俣川,33.47,,,,,,,,,4:43.82,4:15.90,4:13.76,2/9
776,78,2025,5,31,長水路,チーム,19,4×100mメドレーリレー,男子,200～239歳,203,4:46.23,,4,,1,永瀬知之,,二俣川,27.84,,,,,,,,,4:43.82,4:15.90,4:13.76,2/9
777,78,2025,5,31,長水路,チーム,19,4×100mメドレーリレー,男子,200～239歳,200,4:46.73,,1,,2,山田耕一,,清瀬,38.37,,,,,,,,,4:43.82,4:15.90,4:13.76,2/8
778,78,2025,5,31,長水路,チーム,19,4×100mメドレーリレー,男子,200～239歳,200,4:46.73,,2,,2,小倉和彦,,清瀬,38.26,,,,,,,,,4:43.82,4:15.90,4:13.76,2/8
779,78,2025,5,31,長水路,チーム,19,4×100mメドレーリレー,男子,200～239歳,200,4:46.73,,3,,2,塚本拓也,,清瀬,30.47,,,,,,,,,4:43.82,4:15.90,4:13.76,2/8
780,78,2025,5,31,長水路,チーム,19,4×100mメドレーリレー,男子,200～239歳,200,4:46.73,,4,,2,小倉秀和,,清瀬,30.38,,,,,,,,,4:43.82,4:15.90,4:13.76,2/8
781,78,2025,5,31,長水路,チーム,19,4×100mメドレーリレー,男子,200～239歳,209,4:49.30,,1,,3,田窪達,,市ヶ尾,34.00,,,,,,,,,4:43.82,4:15.90,4:13.76,2/2
782,78,2025,5,31,長水路,チーム,19,4×100mメドレーリレー,男子,200～239歳,209,4:49.30,,2,,3,吉岡範人,,市ヶ尾,37.83,,,,,,,,,4:43.82,4:15.90,4:13.76,2/2
783,78,2025,5,31,長水路,チーム,19,4×100mメドレーリレー,男子,200～239歳,209,4:49.30,,3,,3,菊池千二,,市ヶ尾,31.75,,,,,,,,,4:43.82,4:15.90,4:13.76,2/2
784,78,2025,5,31,長水路,チーム,19,4×100mメドレーリレー,男子,200～239歳,209,4:49.30,,4,,3,山内悠,,市ヶ尾,29.12,,,,,,,,,4:43.82,4:15.90,4:13.76,2/2
785,78,2025,5,31,長水路,チーム,19,4×100mメドレーリレー,男子,200～239歳,212,6:48.61,,1,,4,千葉忠英,,天王洲,50.16,,,,,,,,,4:43.82,4:15.90,4:13.76,1/2
786,78,2025,5,31,長水路,チーム,19,4×100mメドレーリレー,男子,200～239歳,212,6:48.61,,2,,4,日暮正明,,天王洲,53.19,,,,,,,,,4:43.82,4:15.90,4:13.76,1/2
787,78,2025,5,31,長水路,チーム,19,4×100mメドレーリレー,男子,200～239歳,212,6:48.61,,3,,4,倉持公一,,天王洲,35.28,,,,,,,,,4:43.82,4:15.90,4:13.76,1/2
788,78,2025,5,31,長水路,チーム,19,4×100mメドレーリレー,男子,200～239歳,212,6:48.61,,4,,4,佐藤流生,,天王洲,46.60,,,,,,,,,4:43.82,4:15.90,4:13.76,1/2
789,78,2025,5,31,長水路,チーム,19,4×100mメドレーリレー,男子,160～199歳,160,4:18.49,,1,,1,寺田貴洋,,二俣川,34.40,,,,,,,,,4:11.57,4:01.27,4:01.27,2/5
790,78,2025,5,31,長水路,チーム,19,4×100mメドレーリレー,男子,160～199歳,160,4:18.49,,2,,1,立石裕太郎,,二俣川,33.38,,,,,,,,,4:11.57,4:01.27,4:01.27,2/5
791,78,2025,5,31,長水路,チーム,19,4×100mメドレーリレー,男子,160～199歳,160,4:18.49,,3,,1,前田康輔,,二俣川,27.45,,,,,,,,,4:11.57,4:01.27,4:01.27,2/5
792,78,2025,5,31,長水路,チーム,19,4×100mメドレーリレー,男子,160～199歳,160,4:18.49,,4,,1,前田崇行,,二俣川,28.46,,,,,,,,,4:11.57,4:01.27,4:01.27,2/5
793,78,2025,5,31,長水路,チーム,19,4×100mメドレーリレー,男子,160～199歳,160,4:30.49,,1,,2,図師拓千,,市ヶ尾,35.46,,,,,,,,,4:11.57,4:01.27,4:01.27,2/4
794,78,2025,5,31,長水路,チーム,19,4×100mメドレーリレー,男子,160～199歳,160,4:30.49,,2,,2,木村考太,,市ヶ尾,34.09,,,,,,,,,4:11.57,4:01.27,4:01.27,2/4
795,78,2025,5,31,長水路,チーム,19,4×100mメドレーリレー,男子,160～199歳,160,4:30.49,,3,,2,池田正輝,,市ヶ尾,31.76,,,,,,,,,4:11.57,4:01.27,4:01.27,2/4
796,78,2025,5,31,長水路,チーム,19,4×100mメドレーリレー,男子,160～199歳,160,4:30.49,,4,,2,田中諒也,,市ヶ尾,27.34,,,,,,,,,4:11.57,4:01.27,4:01.27,2/4
797,78,2025,5,31,長水路,チーム,19,4×100mメドレーリレー,男子,160～199歳,174,4:52.06,,1,,3,皆川雅登,,大宮宮原,38.36,,,,,,,,,4:11.57,4:01.27,4:01.27,1/5
798,78,2025,5,31,長水路,チーム,19,4×100mメドレーリレー,男子,160～199歳,174,4:52.06,,1,,3,中村翼,,大宮宮原,31.49,,,,,,,,,4:11.57,4:01.27,4:01.27,1/5
799,78,2025,5,31,長水路,チーム,19,4×100mメドレーリレー,男子,160～199歳,174,4:52.06,,2,,3,川瀬健次,,大宮宮原,35.82,,,,,,,,,4:11.57,4:01.27,4:01.27,1/5
800,78,2025,5,31,長水路,チーム,19,4×100mメドレーリレー,男子,160～199歳,174,4:52.06,,2,,3,加間英貴,,大宮宮原,35.64,,,,,,,,,4:11.57,4:01.27,4:01.27,1/5
801,78,2025,5,31,長水路,チーム,19,4×100mメドレーリレー,男子,160～199歳,174,4:52.06,,3,,3,岡内昭伍,,大宮宮原,29.56,,,,,,,,,4:11.57,4:01.27,4:01.27,1/5
802,78,2025,5,31,長水路,チーム,19,4×100mメドレーリレー,男子,160～199歳,174,4:52.06,,3,,3,久保卓士,,大宮宮原,,,,,,,,,,4:11.57,4:01.27,4:01.27,1/5
803,78,2025,5,31,長水路,チーム,19,4×100mメドレーリレー,男子,160～199歳,174,4:52.06,,4,,3,宮川則仁,,大宮宮原,32.85,,,,,,,,,4:11.57,4:01.27,4:01.27,1/5
804,78,2025,5,31,長水路,チーム,19,4×100mメドレーリレー,男子,160～199歳,174,4:52.06,,4,,3,宅間健介,,大宮宮原,,,,,,,,,,4:11.57,4:01.27,4:01.27,1/5
805,78,2025,5,31,長水路,チーム,19,4×100mメドレーリレー,男子,120～159歳,123,4:36.12,,1,,1,田中啓二朗,,二俣川,35.96,,,,,,,,,4:06.23,3:47.54,3:47.54,2/3
806,78,2025,5,31,長水路,チーム,19,4×100mメドレーリレー,男子,120～159歳,123,4:36.12,,2,,1,田中壮一郎,,二俣川,34.48,,,,,,,,,4:06.23,3:47.54,3:47.54,2/3
807,78,2025,5,31,長水路,チーム,19,4×100mメドレーリレー,男子,120～159歳,123,4:36.12,,3,,1,鶴谷学,,二俣川,30.21,,,,,,,,,4:06.23,3:47.54,3:47.54,2/3
808,78,2025,5,31,長水路,チーム,19,4×100mメドレーリレー,男子,120～159歳,123,4:36.12,,4,,1,成田昌記,,二俣川,28.30,,,,,,,,,4:06.23,3:47.54,3:47.54,2/3
809,78,2025,5,31,長水路,チーム,19,4×100mメドレーリレー,男子,120～159歳,152,4:40.36,,1,,2,棚網宏之,,阿佐谷,33.63,,,,,,,,,4:06.23,3:47.54,3:47.54,2/7
810,78,2025,5,31,長水路,チーム,19,4×100mメドレーリレー,男子,120～159歳,152,4:40.36,,2,,2,津守陽介,,阿佐谷,32.37,,,,,,,,,4:06.23,3:47.54,3:47.54,2/7
811,78,2025,5,31,長水路,チーム,19,4×100mメドレーリレー,男子,120～159歳,152,4:40.36,,3,,2,和田弘太郎,,阿佐谷,31.46,,,,,,,,,4:06.23,3:47.54,3:47.54,2/7
812,78,2025,5,31,長水路,チーム,19,4×100mメドレーリレー,男子,120～159歳,152,4:40.36,,4,,2,和田亮,,阿佐谷,31.27,,,,,,,,,4:06.23,3:47.54,3:47.54,2/7
813,78,2025,5,31,長水路,チーム,19,4×100mメドレーリレー,男子,120～159歳,123,5:07.97,,1,,3,村田拓斗,,長津田,36.36,,,,,,,,,4:06.23,3:47.54,3:47.54,1/7
814,78,2025,5,31,長水路,チーム,19,4×100mメドレーリレー,男子,120～159歳,123,5:07.97,,2,,3,祖川久茂,,長津田,38.45,,,,,,,,,4:06.23,3:47.54,3:47.54,1/7
815,78,2025,5,31,長水路,チーム,19,4×100mメドレーリレー,男子,120～159歳,123,5:07.97,,3,,3,村田雅治,,長津田,31.29,,,,,,,,,4:06.23,3:47.54,3:47.54,1/7
816,78,2025,5,31,長水路,チーム,19,4×100mメドレーリレー,男子,120～159歳,123,5:07.97,,4,,3,竹下翔,,長津田,35.54,,,,,,,,,4:06.23,3:47.54,3:47.54,1/7
817,78,2025,5,31,長水路,チーム,19,4×100mメドレーリレー,男子,72～119歳,88,4:18.96,,1,,1,柿沼龍史,,成城,34.58,,,,,,,,,3:59.80,3:46.80,3:46.80,2/6
818,78,2025,5,31,長水路,チーム,19,4×100mメドレーリレー,男子,72～119歳,88,4:18.96,,2,,1,黒田大介,,成城,32.80,,,,,,,,,3:59.80,3:46.80,3:46.80,2/6
819,78,2025,5,31,長水路,チーム,19,4×100mメドレーリレー,男子,72～119歳,88,4:18.96,,3,,1,服部碧,,成城,26.36,,,,,,,,,3:59.80,3:46.80,3:46.80,2/6
820,78,2025,5,31,長水路,チーム,19,4×100mメドレーリレー,男子,72～119歳,88,4:18.96,,4,,1,板場貴大,,成城,25.72,,,,,,,,,3:59.80,3:46.80,3:46.80,2/6
821,78,2025,5,31,長水路,チーム,19,4×100mメドレーリレー,男子,72～119歳,110,4:35.66,,1,,2,石井孟,,葛西,36.39,,,,,,,,,3:59.80,3:46.80,3:46.80,1/4
822,78,2025,5,31,長水路,チーム,19,4×100mメドレーリレー,男子,72～119歳,110,4:35.66,,2,,2,前島悠也,,葛西,33.19,,,,,,,,,3:59.80,3:46.80,3:46.80,1/4
823,78,2025,5,31,長水路,チーム,19,4×100mメドレーリレー,男子,72～119歳,110,4:35.66,,3,,2,加納聖士,,葛西,31.69,,,,,,,,,3:59.80,3:46.80,3:46.80,1/4
824,78,2025,5,31,長水路,チーム,19,4×100mメドレーリレー,男子,72～119歳,110,4:35.66,,4,,2,織戸友宏,,葛西,27.65,,,,,,,,,3:59.80,3:46.80,3:46.80,1/4
825,78,2025,5,31,長水路,チーム,19,4×100mメドレーリレー,男子,72～119歳,115,4:46.38,,1,,3,星友也,,天王洲,36.58,,,,,,,,,3:59.80,3:46.80,3:46.80,1/6
826,78,2025,5,31,長水路,チーム,19,4×100mメドレーリレー,男子,72～119歳,115,4:46.38,,2,,3,鈴木裕介,,天王洲,38.34,,,,,,,,,3:59.80,3:46.80,3:46.80,1/6
827,78,2025,5,31,長水路,チーム,19,4×100mメドレーリレー,男子,72～119歳,115,4:46.38,,3,,3,木渕大輝,,天王洲,29.26,,,,,,,,,3:59.80,3:46.80,3:46.80,1/6
828,78,2025,5,31,長水路,チーム,19,4×100mメドレーリレー,男子,72～119歳,115,4:46.38,,4,,3,寺田遼太,,天王洲,30.64,,,,,,,,,3:59.80,3:46.80,3:46.80,1/6
829,78,2025,5,31,長水路,チーム,24,4×50mフリーリレー,混合,320～359歳,320,3:36.69,,1,,1,小田稔,,慶應日吉,49.04,,,,,,,,,3:07.41,2:37.10,2:33.44,1/9
830,78,2025,5,31,長水路,チーム,24,4×50mフリーリレー,混合,320～359歳,320,3:36.69,,2,,1,田野倉和子,,慶應日吉,55.07,,,,,,,,,3:07.41,2:37.10,2:33.44,1/9
831,78,2025,5,31,長水路,チーム,24,4×50mフリーリレー,混合,320～359歳,320,3:36.69,,3,,1,岡本靖子,,慶應日吉,57.29,,,,,,,,,3:07.41,2:37.10,2:33.44,1/9
832,78,2025,5,31,長水路,チーム,24,4×50mフリーリレー,混合,320～359歳,320,3:36.69,,4,,1,泉保央,,慶應日吉,55.29,,,,,,,,,3:07.41,2:37.10,2:33.44,1/9
833,78,2025,5,31,長水路,チーム,24,4×50mフリーリレー,混合,280～319歳,280,2:27.49,,1,,1,若宮強,,成城,36.35,,,,,,,,,2:24.46,2:11.09,2:01.22,3/1
834,78,2025,5,31,長水路,チーム,24,4×50mフリーリレー,混合,280～319歳,280,2:27.49,,2,,1,高柳祐子,,成城,35.80,,,,,,,,,2:24.46,2:11.09,2:01.22,3/1
835,78,2025,5,31,長水路,チーム,24,4×50mフリーリレー,混合,280～319歳,280,2:27.49,,3,,1,吉田亮,,成城,36.71,,,,,,,,,2:24.46,2:11.09,2:01.22,3/1
836,78,2025,5,31,長水路,チーム,24,4×50mフリーリレー,混合,280～319歳,280,2:27.49,,4,,1,高梨美樹,,成城,38.63,,,,,,,,,2:24.46,2:11.09,2:01.22,3/1
837,78,2025,5,31,長水路,チーム,24,4×50mフリーリレー,混合,280～319歳,289,2:41.47,,1,,2,香川左近,,二俣川,39.81,,,,,,,,,2:24.46,2:11.09,2:01.22,2/7
838,78,2025,5,31,長水路,チーム,24,4×50mフリーリレー,混合,280～319歳,289,2:41.47,,2,,2,吉見一江,,二俣川,49.60,,,,,,,,,2:24.46,2:11.09,2:01.22,2/7
839,78,2025,5,31,長水路,チーム,24,4×50mフリーリレー,混合,280～319歳,289,2:41.47,,3,,2,近藤ひな子,,二俣川,39.39,,,,,,,,,2:24.46,2:11.09,2:01.22,2/7
840,78,2025,5,31,長水路,チーム,24,4×50mフリーリレー,混合,280～319歳,289,2:41.47,,4,,2,冨松実,,二俣川,32.67,,,,,,,,,2:24.46,2:11.09,2:01.22,2/7
841,78,2025,5,31,長水路,チーム,24,4×50mフリーリレー,混合,280～319歳,282,2:44.41,,1,,3,浅井速人,,葛西,40.36,,,,,,,,,2:24.46,2:11.09,2:01.22,1/3
842,78,2025,5,31,長水路,チーム,24,4×50mフリーリレー,混合,280～319歳,282,2:44.41,,2,,3,大内洋,,葛西,43.85,,,,,,,,,2:24.46,2:11.09,2:01.22,1/3
843,78,2025,5,31,長水路,チーム,24,4×50mフリーリレー,混合,280～319歳,282,2:44.41,,3,,3,青砥美智子,,葛西,43.41,,,,,,,,,2:24.46,2:11.09,2:01.22,1/3
844,78,2025,5,31,長水路,チーム,24,4×50mフリーリレー,混合,280～319歳,282,2:44.41,,4,,3,菅野泰子,,葛西,36.79,,,,,,,,,2:24.46,2:11.09,2:01.22,1/3
845,78,2025,5,31,長水路,チーム,24,4×50mフリーリレー,混合,280～319歳,280,2:47.69,,1,,4,渡辺一,,市ヶ尾,34.83,,,,,,,,,2:24.46,2:11.09,2:01.22,1/7
846,78,2025,5,31,長水路,チーム,24,4×50mフリーリレー,混合,280～319歳,280,2:47.69,,2,,4,嶋田陽子,,市ヶ尾,43.67,,,,,,,,,2:24.46,2:11.09,2:01.22,1/7
847,78,2025,5,31,長水路,チーム,24,4×50mフリーリレー,混合,280～319歳,280,2:47.69,,3,,4,原昌代,,市ヶ尾,46.07,,,,,,,,,2:24.46,2:11.09,2:01.22,1/7
848,78,2025,5,31,長水路,チーム,24,4×50mフリーリレー,混合,280～319歳,280,2:47.69,,4,,4,井上隆史,,市ヶ尾,43.12,,,,,,,,,2:24.46,2:11.09,2:01.22,1/7
849,78,2025,5,31,長水路,チーム,24,4×50mフリーリレー,混合,280～319歳,303,3:11.89,,1,,5,松永勝,,おおたか,47.04,,,,,,,,,2:24.46,2:11.09,2:01.22,1/2
850,78,2025,5,31,長水路,チーム,24,4×50mフリーリレー,混合,280～319歳,303,3:11.89,,2,,5,大久保祐美子,,おおたか,44.23,,,,,,,,,2:24.46,2:11.09,2:01.22,1/2
851,78,2025,5,31,長水路,チーム,24,4×50mフリーリレー,混合,280～319歳,303,3:11.89,,3,,5,松永タズヨ,,おおたか,49.74,,,,,,,,,2:24.46,2:11.09,2:01.22,1/2
852,78,2025,5,31,長水路,チーム,24,4×50mフリーリレー,混合,280～319歳,303,3:11.89,,4,,5,手塚満,,おおたか,50.88,,,,,,,,,2:24.46,2:11.09,2:01.22,1/2
853,78,2025,5,31,長水路,チーム,24,4×50mフリーリレー,混合,240～279歳,240,2:10.50,,1,,1,永瀬知之,,二俣川,27.39,,,,,,,,,2:01.69,1:56.75,1:55.86,3/4
854,78,2025,5,31,長水路,チーム,24,4×50mフリーリレー,混合,240～279歳,240,2:10.50,,2,,1,武井麻知子,,二俣川,36.54,,,,,,,,,2:01.69,1:56.75,1:55.86,3/4
855,78,2025,5,31,長水路,チーム,24,4×50mフリーリレー,混合,240～279歳,240,2:10.50,,3,,1,永瀬秀子,,二俣川,31.96,,,,,,,,,2:01.69,1:56.75,1:55.86,3/4
856,78,2025,5,31,長水路,チーム,24,4×50mフリーリレー,混合,240～279歳,240,2:10.50,,4,,1,若島健二,,二俣川,34.61,,,,,,,,,2:01.69,1:56.75,1:55.86,3/4
857,78,2025,5,31,長水路,チーム,24,4×50mフリーリレー,混合,240～279歳,245,2:29.26,,1,,2,穴田啓樹,,慶應日吉,33.78,,,,,,,,,2:01.69,1:56.75,1:55.86,2/8
858,78,2025,5,31,長水路,チーム,24,4×50mフリーリレー,混合,240～279歳,245,2:29.26,,2,,2,高見沢ゆみ子,,慶應日吉,41.72,,,,,,,,,2:01.69,1:56.75,1:55.86,2/8
859,78,2025,5,31,長水路,チーム,24,4×50mフリーリレー,混合,240～279歳,245,2:29.26,,3,,2,田村明美,,慶應日吉,41.18,,,,,,,,,2:01.69,1:56.75,1:55.86,2/8
860,78,2025,5,31,長水路,チーム,24,4×50mフリーリレー,混合,240～279歳,245,2:29.26,,4,,2,岩田寛,,慶應日吉,32.58,,,,,,,,,2:01.69,1:56.75,1:55.86,2/8
861,78,2025,5,31,長水路,チーム,24,4×50mフリーリレー,混合,240～279歳,247,2:32.41,,1,,3,宮本昌雄,,長津田,34.47,,,,,,,,,2:01.69,1:56.75,1:55.86,2/6
862,78,2025,5,31,長水路,チーム,24,4×50mフリーリレー,混合,240～279歳,247,2:32.41,,2,,3,久保とし子,,長津田,44.46,,,,,,,,,2:01.69,1:56.75,1:55.86,2/6
863,78,2025,5,31,長水路,チーム,24,4×50mフリーリレー,混合,240～279歳,247,2:32.41,,3,,3,原磨理,,長津田,35.96,,,,,,,,,2:01.69,1:56.75,1:55.86,2/6
864,78,2025,5,31,長水路,チーム,24,4×50mフリーリレー,混合,240～279歳,247,2:32.41,,4,,3,飯沼明,,長津田,37.52,,,,,,,,,2:01.69,1:56.75,1:55.86,2/6
865,78,2025,5,31,長水路,チーム,24,4×50mフリーリレー,混合,240～279歳,243,2:37.05,,1,,4,草森理子,,成城,42.50,,,,,,,,,2:01.69,1:56.75,1:55.86,2/4
866,78,2025,5,31,長水路,チーム,24,4×50mフリーリレー,混合,240～279歳,243,2:37.05,,2,,4,浦田昌和,,成城,39.81,,,,,,,,,2:01.69,1:56.75,1:55.86,2/4
867,78,2025,5,31,長水路,チーム,24,4×50mフリーリレー,混合,240～279歳,243,2:37.05,,3,,4,安部盛博,,成城,40.83,,,,,,,,,2:01.69,1:56.75,1:55.86,2/4
868,78,2025,5,31,長水路,チーム,24,4×50mフリーリレー,混合,240～279歳,243,2:37.05,,4,,4,仲田久美子,,成城,33.91,,,,,,,,,2:01.69,1:56.75,1:55.86,2/4
869,78,2025,5,31,長水路,チーム,24,4×50mフリーリレー,混合,240～279歳,250,2:37.66,,1,,5,久保田信利,,八景,35.63,,,,,,,,,2:01.69,1:56.75,1:55.86,1/5
870,78,2025,5,31,長水路,チーム,24,4×50mフリーリレー,混合,240～279歳,250,2:37.66,,2,,5,座間千鶴子,,八景,42.56,,,,,,,,,2:01.69,1:56.75,1:55.86,1/5
871,78,2025,5,31,長水路,チーム,24,4×50mフリーリレー,混合,240～279歳,250,2:37.66,,3,,5,高梨佳代子,,八景,46.23,,,,,,,,,2:01.69,1:56.75,1:55.86,1/5
872,78,2025,5,31,長水路,チーム,24,4×50mフリーリレー,混合,240～279歳,250,2:37.66,,4,,5,兼森伸児,,八景,33.24,,,,,,,,,2:01.69,1:56.75,1:55.86,1/5
873,78,2025,5,31,長水路,チーム,24,4×50mフリーリレー,混合,240～279歳,259,2:44.92,,1,,6,磯村麻衣子,,上池袋,41.53,,,,,,,,,2:01.69,1:56.75,1:55.86,1/8
874,78,2025,5,31,長水路,チーム,24,4×50mフリーリレー,混合,240～279歳,259,2:44.92,,1,,6,高附直樹,,上池袋,39.76,,,,,,,,,2:01.69,1:56.75,1:55.86,1/8
875,78,2025,5,31,長水路,チーム,24,4×50mフリーリレー,混合,240～279歳,259,2:44.92,,2,,6,廣本佳也,,上池袋,32.04,,,,,,,,,2:01.69,1:56.75,1:55.86,1/8
876,78,2025,5,31,長水路,チーム,24,4×50mフリーリレー,混合,240～279歳,259,2:44.92,,2,,6,大芦薫,,上池袋,53.72,,,,,,,,,2:01.69,1:56.75,1:55.86,1/8
877,78,2025,5,31,長水路,チーム,24,4×50mフリーリレー,混合,240～279歳,259,2:44.92,,3,,6,古旗美鈴,,上池袋,47.87,,,,,,,,,2:01.69,1:56.75,1:55.86,1/8
878,78,2025,5,31,長水路,チーム,24,4×50mフリーリレー,混合,240～279歳,259,2:44.92,,3,,6,大橋ほづ美,,上池袋,,,,,,,,,,2:01.69,1:56.75,1:55.86,1/8
879,78,2025,5,31,長水路,チーム,24,4×50mフリーリレー,混合,240～279歳,259,2:44.92,,4,,6,岡部浩次,,上池袋,43.48,,,,,,,,,2:01.69,1:56.75,1:55.86,1/8
880,78,2025,5,31,長水路,チーム,24,4×50mフリーリレー,混合,240～279歳,259,2:44.92,,4,,6,小倉秀和,,上池袋,,,,,,,,,,2:01.69,1:56.75,1:55.86,1/8
881,78,2025,5,31,長水路,チーム,24,4×50mフリーリレー,混合,200～239歳,208,2:06.41,,1,,1,花木尚美,,大宮宮原,33.61,,,,,,,,,1:56.75,1:49.36,1:44.96,3/6
882,78,2025,5,31,長水路,チーム,24,4×50mフリーリレー,混合,200～239歳,208,2:06.41,,2,,1,宮川則仁,,大宮宮原,31.49,,,,,,,,,1:56.75,1:49.36,1:44.96,3/6
883,78,2025,5,31,長水路,チーム,24,4×50mフリーリレー,混合,200～239歳,208,2:06.41,,3,,1,若林朋子,,大宮宮原,33.95,,,,,,,,,1:56.75,1:49.36,1:44.96,3/6
884,78,2025,5,31,長水路,チーム,24,4×50mフリーリレー,混合,200～239歳,208,2:06.41,,4,,1,川瀬健次,,大宮宮原,27.36,,,,,,,,,1:56.75,1:49.36,1:44.96,3/6
885,78,2025,5,31,長水路,チーム,24,4×50mフリーリレー,混合,200～239歳,216,2:08.54,,1,,2,大村俊文,,二俣川,26.35,,,,,,,,,1:56.75,1:49.36,1:44.96,4/1
886,78,2025,5,31,長水路,チーム,24,4×50mフリーリレー,混合,200～239歳,216,2:08.54,,2,,2,野島久枝,,二俣川,38.61,,,,,,,,,1:56.75,1:49.36,1:44.96,4/1
887,78,2025,5,31,長水路,チーム,24,4×50mフリーリレー,混合,200～239歳,216,2:08.54,,3,,2,川村佳代子,,二俣川,37.57,,,,,,,,,1:56.75,1:49.36,1:44.96,4/1
888,78,2025,5,31,長水路,チーム,24,4×50mフリーリレー,混合,200～239歳,216,2:08.54,,4,,2,鶴谷学,,二俣川,26.01,,,,,,,,,1:56.75,1:49.36,1:44.96,4/1
889,78,2025,5,31,長水路,チーム,24,4×50mフリーリレー,混合,200～239歳,202,2:09.45,,1,,3,羽田浩一,,成城,30.79,,,,,,,,,1:56.75,1:49.36,1:44.96,4/9
890,78,2025,5,31,長水路,チーム,24,4×50mフリーリレー,混合,200～239歳,202,2:09.45,,2,,3,佐藤洋子,,成城,36.00,,,,,,,,,1:56.75,1:49.36,1:44.96,4/9
891,78,2025,5,31,長水路,チーム,24,4×50mフリーリレー,混合,200～239歳,202,2:09.45,,3,,3,藤田一寿,,成城,30.77,,,,,,,,,1:56.75,1:49.36,1:44.96,4/9
892,78,2025,5,31,長水路,チーム,24,4×50mフリーリレー,混合,200～239歳,202,2:09.45,,4,,3,佐々木彩,,成城,31.89,,,,,,,,,1:56.75,1:49.36,1:44.96,4/9
893,78,2025,5,31,長水路,チーム,24,4×50mフリーリレー,混合,200～239歳,202,2:19.61,,1,,4,矢部裕之,,長津田,30.73,,,,,,,,,1:56.75,1:49.36,1:44.96,3/7
894,78,2025,5,31,長水路,チーム,24,4×50mフリーリレー,混合,200～239歳,202,2:19.61,,2,,4,宮林佑妃,,長津田,35.85,,,,,,,,,1:56.75,1:49.36,1:44.96,3/7
895,78,2025,5,31,長水路,チーム,24,4×50mフリーリレー,混合,200～239歳,202,2:19.61,,3,,4,池谷千尋,,長津田,32.39,,,,,,,,,1:56.75,1:49.36,1:44.96,3/7
896,78,2025,5,31,長水路,チーム,24,4×50mフリーリレー,混合,200～239歳,202,2:19.61,,4,,4,久保美由紀,,長津田,40.64,,,,,,,,,1:56.75,1:49.36,1:44.96,3/7
897,78,2025,5,31,長水路,チーム,24,4×50mフリーリレー,混合,200～239歳,232,2:38.73,,1,,5,小松崎浩,,府中,33.63,,,,,,,,,1:56.75,1:49.36,1:44.96,1/4
898,78,2025,5,31,長水路,チーム,24,4×50mフリーリレー,混合,200～239歳,232,2:38.73,,2,,5,平松栄里子,,府中,45.26,,,,,,,,,1:56.75,1:49.36,1:44.96,1/4
899,78,2025,5,31,長水路,チーム,24,4×50mフリーリレー,混合,200～239歳,232,2:38.73,,3,,5,谷美希子,,府中,43.69,,,,,,,,,1:56.75,1:49.36,1:44.96,1/4
900,78,2025,5,31,長水路,チーム,24,4×50mフリーリレー,混合,200～239歳,232,2:38.73,,4,,5,竹内新,,府中,36.15,,,,,,,,,1:56.75,1:49.36,1:44.96,1/4
901,78,2025,5,31,長水路,チーム,24,4×50mフリーリレー,混合,200～239歳,209,2:40.23,,1,,6,田中遼太,,慶應日吉,33.31,,,,,,,,,1:56.75,1:49.36,1:44.96,1/6
902,78,2025,5,31,長水路,チーム,24,4×50mフリーリレー,混合,200～239歳,209,2:40.23,,1,,6,河野悟,,慶應日吉,,,,,,,,,,1:56.75,1:49.36,1:44.96,1/6
903,78,2025,5,31,長水路,チーム,24,4×50mフリーリレー,混合,200～239歳,209,2:40.23,,2,,6,RacaruGabriela,,慶應日吉,39.88,,,,,,,,,1:56.75,1:49.36,1:44.96,1/6
904,78,2025,5,31,長水路,チーム,24,4×50mフリーリレー,混合,200～239歳,209,2:40.23,,2,,6,上沢絵里奈,,慶應日吉,,,,,,,,,,1:56.75,1:49.36,1:44.96,1/6
905,78,2025,5,31,長水路,チーム,24,4×50mフリーリレー,混合,200～239歳,209,2:40.23,,3,,6,原田由美子,,慶應日吉,47.70,,,,,,,,,1:56.75,1:49.36,1:44.96,1/6
906,78,2025,5,31,長水路,チーム,24,4×50mフリーリレー,混合,200～239歳,209,2:40.23,,3,,6,井手敦子,,慶應日吉,,,,,,,,,,1:56.75,1:49.36,1:44.96,1/6
907,78,2025,5,31,長水路,チーム,24,4×50mフリーリレー,混合,200～239歳,209,2:40.23,,4,,6,山本勝,,慶應日吉,39.34,,,,,,,,,1:56.75,1:49.36,1:44.96,1/6
908,78,2025,5,31,長水路,チーム,24,4×50mフリーリレー,混合,200～239歳,209,2:40.23,,4,,6,松崎敏明,,慶應日吉,,,,,,,,,,1:56.75,1:49.36,1:44.96,1/6
909,78,2025,5,31,長水路,チーム,24,4×50mフリーリレー,混合,160～199歳,172,1:59.19,,1,,1,前田崇行,,二俣川,26.06,,,,,,,,,1:54.40,1:44.31,1:42.27,4/6
910,78,2025,5,31,長水路,チーム,24,4×50mフリーリレー,混合,160～199歳,172,1:59.19,,2,,1,吉池奈々,,二俣川,35.34,,,,,,,,,1:54.40,1:44.31,1:42.27,4/6
911,78,2025,5,31,長水路,チーム,24,4×50mフリーリレー,混合,160～199歳,172,1:59.19,,3,,1,草野茜,,二俣川,33.84,,,,,,,,,1:54.40,1:44.31,1:42.27,4/6
912,78,2025,5,31,長水路,チーム,24,4×50mフリーリレー,混合,160～199歳,172,1:59.19,,4,,1,前田康輔,,二俣川,23.95,,,,,,,,,1:54.40,1:44.31,1:42.27,4/6
913,78,2025,5,31,長水路,チーム,24,4×50mフリーリレー,混合,160～199歳,166,2:00.58,,1,,2,菅原啓,,慶應日吉,25.02,,,,,,,,,1:54.40,1:44.31,1:42.27,4/3
914,78,2025,5,31,長水路,チーム,24,4×50mフリーリレー,混合,160～199歳,166,2:00.58,,2,,2,前畑章子,,慶應日吉,33.88,,,,,,,,,1:54.40,1:44.31,1:42.27,4/3
915,78,2025,5,31,長水路,チーム,24,4×50mフリーリレー,混合,160～199歳,166,2:00.58,,3,,2,小豆澤和代,,慶應日吉,32.87,,,,,,,,,1:54.40,1:44.31,1:42.27,4/3
916,78,2025,5,31,長水路,チーム,24,4×50mフリーリレー,混合,160～199歳,166,2:00.58,,4,,2,福田雄太,,慶應日吉,28.81,,,,,,,,,1:54.40,1:44.31,1:42.27,4/3
917,78,2025,5,31,長水路,チーム,24,4×50mフリーリレー,混合,160～199歳,164,2:00.60,,1,,3,友田智哲,,南青山,33.55,,,,,,,,,1:54.40,1:44.31,1:42.27,4/5
918,78,2025,5,31,長水路,チーム,24,4×50mフリーリレー,混合,160～199歳,164,2:00.60,,2,,3,松尾勇太,,南青山,25.99,,,,,,,,,1:54.40,1:44.31,1:42.27,4/5
919,78,2025,5,31,長水路,チーム,24,4×50mフリーリレー,混合,160～199歳,164,2:00.60,,3,,3,竹山睦月,,南青山,30.21,,,,,,,,,1:54.40,1:44.31,1:42.27,4/5
920,78,2025,5,31,長水路,チーム,24,4×50mフリーリレー,混合,160～199歳,164,2:00.60,,4,,3,山賀勝之,,南青山,30.85,,,,,,,,,1:54.40,1:44.31,1:42.27,4/5
921,78,2025,5,31,長水路,チーム,24,4×50mフリーリレー,混合,160～199歳,188,2:01.35,,1,,4,畠山雅和,,袖ヶ浦,27.38,,,,,,,,,1:54.40,1:44.31,1:42.27,5/10
922,78,2025,5,31,長水路,チーム,24,4×50mフリーリレー,混合,160～199歳,188,2:01.35,,2,,4,加藤寿起,,袖ヶ浦,31.67,,,,,,,,,1:54.40,1:44.31,1:42.27,5/10
923,78,2025,5,31,長水路,チーム,24,4×50mフリーリレー,混合,160～199歳,188,2:01.35,,3,,4,櫻井理恵子,,袖ヶ浦,33.28,,,,,,,,,1:54.40,1:44.31,1:42.27,5/10
924,78,2025,5,31,長水路,チーム,24,4×50mフリーリレー,混合,160～199歳,188,2:01.35,,4,,4,豊島葉子,,袖ヶ浦,29.02,,,,,,,,,1:54.40,1:44.31,1:42.27,5/10
925,78,2025,5,31,長水路,チーム,24,4×50mフリーリレー,混合,160～199歳,172,2:04.42,,1,,5,加地隆史,,葛西,29.30,,,,,,,,,1:54.40,1:44.31,1:42.27,4/2
926,78,2025,5,31,長水路,チーム,24,4×50mフリーリレー,混合,160～199歳,172,2:04.42,,2,,5,弭間政隆,,葛西,29.09,,,,,,,,,1:54.40,1:44.31,1:42.27,4/2
927,78,2025,5,31,長水路,チーム,24,4×50mフリーリレー,混合,160～199歳,172,2:04.42,,3,,5,溝井花代子,,葛西,36.69,,,,,,,,,1:54.40,1:44.31,1:42.27,4/2
928,78,2025,5,31,長水路,チーム,24,4×50mフリーリレー,混合,160～199歳,172,2:04.42,,4,,5,小林志穂,,葛西,29.34,,,,,,,,,1:54.40,1:44.31,1:42.27,4/2
929,78,2025,5,31,長水路,チーム,24,4×50mフリーリレー,混合,160～199歳,160,2:05.35,,1,,6,棚網宏之,,阿佐谷,28.50,,,,,,,,,1:54.40,1:44.31,1:42.27,4/7
930,78,2025,5,31,長水路,チーム,24,4×50mフリーリレー,混合,160～199歳,160,2:05.35,,2,,6,棚網恵理,,阿佐谷,35.68,,,,,,,,,1:54.40,1:44.31,1:42.27,4/7
931,78,2025,5,31,長水路,チーム,24,4×50mフリーリレー,混合,160～199歳,160,2:05.35,,3,,6,宮百合恵,,阿佐谷,35.20,,,,,,,,,1:54.40,1:44.31,1:42.27,4/7
932,78,2025,5,31,長水路,チーム,24,4×50mフリーリレー,混合,160～199歳,160,2:05.35,,4,,6,和田弘太郎,,阿佐谷,25.97,,,,,,,,,1:54.40,1:44.31,1:42.27,4/7
933,78,2025,5,31,長水路,チーム,24,4×50mフリーリレー,混合,160～199歳,182,2:06.96,,1,,7,藤本豊和,,長津田,28.93,,,,,,,,,1:54.40,1:44.31,1:42.27,4/10
934,78,2025,5,31,長水路,チーム,24,4×50mフリーリレー,混合,160～199歳,182,2:06.96,,2,,7,久保かおり,,長津田,37.53,,,,,,,,,1:54.40,1:44.31,1:42.27,4/10
935,78,2025,5,31,長水路,チーム,24,4×50mフリーリレー,混合,160～199歳,182,2:06.96,,3,,7,小澤有未,,長津田,30.26,,,,,,,,,1:54.40,1:44.31,1:42.27,4/10
936,78,2025,5,31,長水路,チーム,24,4×50mフリーリレー,混合,160～199歳,182,2:06.96,,4,,7,西野宮冬木,,長津田,30.24,,,,,,,,,1:54.40,1:44.31,1:42.27,4/10
937,78,2025,5,31,長水路,チーム,24,4×50mフリーリレー,混合,160～199歳,161,2:08.25,,1,,8,中込孝之,,川崎,28.05,,,,,,,,,1:54.40,1:44.31,1:42.27,3/8
938,78,2025,5,31,長水路,チーム,24,4×50mフリーリレー,混合,160～199歳,161,2:08.25,,2,,8,錦織佳奈子,,川崎,34.72,,,,,,,,,1:54.40,1:44.31,1:42.27,3/8
939,78,2025,5,31,長水路,チーム,24,4×50mフリーリレー,混合,160～199歳,161,2:08.25,,3,,8,中山翠,,川崎,37.71,,,,,,,,,1:54.40,1:44.31,1:42.27,3/8
940,78,2025,5,31,長水路,チーム,24,4×50mフリーリレー,混合,160～199歳,161,2:08.25,,4,,8,河野大和,,川崎,27.77,,,,,,,,,1:54.40,1:44.31,1:42.27,3/8
941,78,2025,5,31,長水路,チーム,24,4×50mフリーリレー,混合,160～199歳,182,2:10.44,,1,,9,吉川重行,,桶川北本,27.32,,,,,,,,,1:54.40,1:44.31,1:42.27,5/2
942,78,2025,5,31,長水路,チーム,24,4×50mフリーリレー,混合,160～199歳,182,2:10.44,,2,,9,佐藤信弘,,桶川北本,35.61,,,,,,,,,1:54.40,1:44.31,1:42.27,5/2
943,78,2025,5,31,長水路,チーム,24,4×50mフリーリレー,混合,160～199歳,182,2:10.44,,3,,9,梅澤亮子,,桶川北本,32.44,,,,,,,,,1:54.40,1:44.31,1:42.27,5/2
944,78,2025,5,31,長水路,チーム,24,4×50mフリーリレー,混合,160～199歳,182,2:10.44,,4,,9,村岡礼奈,,桶川北本,35.07,,,,,,,,,1:54.40,1:44.31,1:42.27,5/2
945,78,2025,5,31,長水路,チーム,24,4×50mフリーリレー,混合,160～199歳,165,2:13.92,,1,,10,小林弘典,,川崎,29.06,,,,,,,,,1:54.40,1:44.31,1:42.27,3/10
946,78,2025,5,31,長水路,チーム,24,4×50mフリーリレー,混合,160～199歳,165,2:13.92,,2,,10,土井直子,,川崎,38.07,,,,,,,,,1:54.40,1:44.31,1:42.27,3/10
947,78,2025,5,31,長水路,チーム,24,4×50mフリーリレー,混合,160～199歳,165,2:13.92,,3,,10,加藤慎悟,,川崎,31.59,,,,,,,,,1:54.40,1:44.31,1:42.27,3/10
948,78,2025,5,31,長水路,チーム,24,4×50mフリーリレー,混合,160～199歳,165,2:13.92,,4,,10,佐伯康子,,川崎,35.20,,,,,,,,,1:54.40,1:44.31,1:42.27,3/10
949,78,2025,5,31,長水路,チーム,24,4×50mフリーリレー,混合,160～199歳,166,2:15.72,,1,,11,温井芳浩,,谷津,34.71,,,,,,,,,1:54.40,1:44.31,1:42.27,3/9
950,78,2025,5,31,長水路,チーム,24,4×50mフリーリレー,混合,160～199歳,166,2:15.72,,2,,11,岡田星理,,谷津,29.63,,,,,,,,,1:54.40,1:44.31,1:42.27,3/9
951,78,2025,5,31,長水路,チーム,24,4×50mフリーリレー,混合,160～199歳,166,2:15.72,,3,,11,堀内浩子,,谷津,47.20,,,,,,,,,1:54.40,1:44.31,1:42.27,3/9
952,78,2025,5,31,長水路,チーム,24,4×50mフリーリレー,混合,160～199歳,166,2:15.72,,4,,11,石川和樹,,谷津,24.18,,,,,,,,,1:54.40,1:44.31,1:42.27,3/9
953,78,2025,5,31,長水路,チーム,24,4×50mフリーリレー,混合,160～199歳,185,2:30.09,,1,,12,吉田絵美,,用賀,46.47,,,,,,,,,1:54.40,1:44.31,1:42.27,2/5
954,78,2025,5,31,長水路,チーム,24,4×50mフリーリレー,混合,160～199歳,185,2:30.09,,2,,12,糸川永利子,,用賀,41.65,,,,,,,,,1:54.40,1:44.31,1:42.27,2/5
955,78,2025,5,31,長水路,チーム,24,4×50mフリーリレー,混合,160～199歳,185,2:30.09,,3,,12,亀井智貴,,用賀,32.20,,,,,,,,,1:54.40,1:44.31,1:42.27,2/5
956,78,2025,5,31,長水路,チーム,24,4×50mフリーリレー,混合,160～199歳,185,2:30.09,,4,,12,柄澤英也,,用賀,29.77,,,,,,,,,1:54.40,1:44.31,1:42.27,2/5
957,78,2025,5,31,長水路,チーム,24,4×50mフリーリレー,混合,160～199歳,199,2:30.65,,1,,13,角南美貴,,我孫子,43.29,,,,,,,,,1:54.40,1:44.31,1:42.27,2/3
958,78,2025,5,31,長水路,チーム,24,4×50mフリーリレー,混合,160～199歳,199,2:30.65,,2,,13,江沢純也,,我孫子,28.32,,,,,,,,,1:54.40,1:44.31,1:42.27,2/3
959,78,2025,5,31,長水路,チーム,24,4×50mフリーリレー,混合,160～199歳,199,2:30.65,,3,,13,日置睦,,我孫子,48.80,,,,,,,,,1:54.40,1:44.31,1:42.27,2/3
960,78,2025,5,31,長水路,チーム,24,4×50mフリーリレー,混合,160～199歳,199,2:30.65,,4,,13,駒形秀一,,我孫子,30.24,,,,,,,,,1:54.40,1:44.31,1:42.27,2/3
961,78,2025,5,31,長水路,チーム,24,4×50mフリーリレー,混合,160～199歳,165,2:33.61,,1,,14,岸田孝,,南青山,41.97,,,,,,,,,1:54.40,1:44.31,1:42.27,3/3
962,78,2025,5,31,長水路,チーム,24,4×50mフリーリレー,混合,160～199歳,165,2:33.61,,1,,14,中村浩司,,南青山,,,,,,,,,,1:54.40,1:44.31,1:42.27,3/3
963,78,2025,5,31,長水路,チーム,24,4×50mフリーリレー,混合,160～199歳,165,2:33.61,,2,,14,皆川すみれ,,南青山,34.92,,,,,,,,,1:54.40,1:44.31,1:42.27,3/3
964,78,2025,5,31,長水路,チーム,24,4×50mフリーリレー,混合,160～199歳,165,2:33.61,,2,,14,角田優佳里,,南青山,,,,,,,,,,1:54.40,1:44.31,1:42.27,3/3
965,78,2025,5,31,長水路,チーム,24,4×50mフリーリレー,混合,160～199歳,165,2:33.61,,3,,14,芳賀加代子,,南青山,35.86,,,,,,,,,1:54.40,1:44.31,1:42.27,3/3
966,78,2025,5,31,長水路,チーム,24,4×50mフリーリレー,混合,160～199歳,165,2:33.61,,3,,14,田中香苗,,南青山,,,,,,,,,,1:54.40,1:44.31,1:42.27,3/3
967,78,2025,5,31,長水路,チーム,24,4×50mフリーリレー,混合,160～199歳,165,2:33.61,,4,,14,藤田駿祐,,南青山,40.86,,,,,,,,,1:54.40,1:44.31,1:42.27,3/3
968,78,2025,5,31,長水路,チーム,24,4×50mフリーリレー,混合,160～199歳,165,2:33.61,,4,,14,武本侑己,,南青山,,,,,,,,,,1:54.40,1:44.31,1:42.27,3/3
969,78,2025,5,31,長水路,チーム,24,4×50mフリーリレー,混合,120～159歳,140,1:51.41,,1,,1,前島悠也,,葛西,26.66,,,,,,,,,1:49.82,1:41.74,1:40.14,5/5
970,78,2025,5,31,長水路,チーム,24,4×50mフリーリレー,混合,120～159歳,140,1:51.41,,2,,1,青木梨緒,,葛西,29.23,,,,,,,,,1:49.82,1:41.74,1:40.14,5/5
971,78,2025,5,31,長水路,チーム,24,4×50mフリーリレー,混合,120～159歳,140,1:51.41,,3,,1,大椛詩織,,葛西,31.13,,,,,,,,,1:49.82,1:41.74,1:40.14,5/5
972,78,2025,5,31,長水路,チーム,24,4×50mフリーリレー,混合,120～159歳,140,1:51.41,,4,,1,青木圭祐,,葛西,24.39,,,,,,,,,1:49.82,1:41.74,1:40.14,5/5
973,78,2025,5,31,長水路,チーム,24,4×50mフリーリレー,混合,120～159歳,123,1:55.97,,1,,2,村上裕哉,,南千住,27.60,,,,,,,,,1:49.82,1:41.74,1:40.14,5/3
974,78,2025,5,31,長水路,チーム,24,4×50mフリーリレー,混合,120～159歳,123,1:55.97,,2,,2,宮川航,,南千住,26.99,,,,,,,,,1:49.82,1:41.74,1:40.14,5/3
975,78,2025,5,31,長水路,チーム,24,4×50mフリーリレー,混合,120～159歳,123,1:55.97,,3,,2,真如美優,,南千住,31.29,,,,,,,,,1:49.82,1:41.74,1:40.14,5/3
976,78,2025,5,31,長水路,チーム,24,4×50mフリーリレー,混合,120～159歳,123,1:55.97,,4,,2,吉田のばら,,南千住,30.09,,,,,,,,,1:49.82,1:41.74,1:40.14,5/3
977,78,2025,5,31,長水路,チーム,24,4×50mフリーリレー,混合,120～159歳,133,1:56.01,,1,,3,村田雅治,,長津田,27.03,,,,,,,,,1:49.82,1:41.74,1:40.14,5/4
978,78,2025,5,31,長水路,チーム,24,4×50mフリーリレー,混合,120～159歳,133,1:56.01,,2,,3,竹下翔,,長津田,30.24,,,,,,,,,1:49.82,1:41.74,1:40.14,5/4
979,78,2025,5,31,長水路,チーム,24,4×50mフリーリレー,混合,120～159歳,133,1:56.01,,3,,3,川北恵,,長津田,29.02,,,,,,,,,1:49.82,1:41.74,1:40.14,5/4
980,78,2025,5,31,長水路,チーム,24,4×50mフリーリレー,混合,120～159歳,133,1:56.01,,4,,3,吉村華余,,長津田,29.72,,,,,,,,,1:49.82,1:41.74,1:40.14,5/4
981,78,2025,5,31,長水路,チーム,24,4×50mフリーリレー,混合,120～159歳,126,1:56.14,,1,,4,板場貴大,,成城,25.37,,,,,,,,,1:49.82,1:41.74,1:40.14,5/1
982,78,2025,5,31,長水路,チーム,24,4×50mフリーリレー,混合,120～159歳,126,1:56.14,,2,,4,中畑眸,,成城,31.28,,,,,,,,,1:49.82,1:41.74,1:40.14,5/1
983,78,2025,5,31,長水路,チーム,24,4×50mフリーリレー,混合,120～159歳,126,1:56.14,,3,,4,岩田愛恵,,成城,32.67,,,,,,,,,1:49.82,1:41.74,1:40.14,5/1
984,78,2025,5,31,長水路,チーム,24,4×50mフリーリレー,混合,120～159歳,126,1:56.14,,4,,4,柿沼龍史,,成城,26.82,,,,,,,,,1:49.82,1:41.74,1:40.14,5/1
985,78,2025,5,31,長水路,チーム,24,4×50mフリーリレー,混合,120～159歳,121,1:58.27,,1,,5,田中啓二朗,,二俣川,26.23,,,,,,,,,1:49.82,1:41.74,1:40.14,5/8
986,78,2025,5,31,長水路,チーム,24,4×50mフリーリレー,混合,120～159歳,121,1:58.27,,2,,5,竹下菜々美,,二俣川,30.08,,,,,,,,,1:49.82,1:41.74,1:40.14,5/8
987,78,2025,5,31,長水路,チーム,24,4×50mフリーリレー,混合,120～159歳,121,1:58.27,,3,,5,前田由希映,,二俣川,35.95,,,,,,,,,1:49.82,1:41.74,1:40.14,5/8
988,78,2025,5,31,長水路,チーム,24,4×50mフリーリレー,混合,120～159歳,121,1:58.27,,4,,5,田中壮一郎,,二俣川,26.01,,,,,,,,,1:49.82,1:41.74,1:40.14,5/8
989,78,2025,5,31,長水路,チーム,24,4×50mフリーリレー,混合,120～159歳,126,2:01.33,,1,,6,皆川雅登,,大宮宮原,31.02,,,,,,,,,1:49.82,1:41.74,1:40.14,4/4
990,78,2025,5,31,長水路,チーム,24,4×50mフリーリレー,混合,120～159歳,126,2:01.33,,2,,6,櫻井春佳,,大宮宮原,31.67,,,,,,,,,1:49.82,1:41.74,1:40.14,4/4
991,78,2025,5,31,長水路,チーム,24,4×50mフリーリレー,混合,120～159歳,126,2:01.33,,3,,6,松澤春菜,,大宮宮原,32.25,,,,,,,,,1:49.82,1:41.74,1:40.14,4/4
992,78,2025,5,31,長水路,チーム,24,4×50mフリーリレー,混合,120～159歳,126,2:01.33,,4,,6,岡内昭伍,,大宮宮原,26.39,,,,,,,,,1:49.82,1:41.74,1:40.14,4/4
993,78,2025,5,31,長水路,チーム,24,4×50mフリーリレー,混合,120～159歳,154,2:05.99,,1,,7,山本和巳,,茂原,35.59,,,,,,,,,1:49.82,1:41.74,1:40.14,3/2
994,78,2025,5,31,長水路,チーム,24,4×50mフリーリレー,混合,120～159歳,154,2:05.99,,2,,7,岡澤美咲,,茂原,35.20,,,,,,,,,1:49.82,1:41.74,1:40.14,3/2
995,78,2025,5,31,長水路,チーム,24,4×50mフリーリレー,混合,120～159歳,154,2:05.99,,3,,7,岡澤志織,,茂原,30.30,,,,,,,,,1:49.82,1:41.74,1:40.14,3/2
996,78,2025,5,31,長水路,チーム,24,4×50mフリーリレー,混合,120～159歳,154,2:05.99,,4,,7,神戸優悠希,,茂原,24.90,,,,,,,,,1:49.82,1:41.74,1:40.14,3/2
997,78,2025,5,31,長水路,チーム,24,4×50mフリーリレー,混合,120～159歳,139,2:08.27,,1,,8,比留川美緒,,平塚,37.69,,,,,,,,,1:49.82,1:41.74,1:40.14,3/5
998,78,2025,5,31,長水路,チーム,24,4×50mフリーリレー,混合,120～159歳,139,2:08.27,,2,,8,土屋大貴,,平塚,26.51,,,,,,,,,1:49.82,1:41.74,1:40.14,3/5
999,78,2025,5,31,長水路,チーム,24,4×50mフリーリレー,混合,120～159歳,139,2:08.27,,3,,8,長谷川輝,,平塚,32.57,,,,,,,,,1:49.82,1:41.74,1:40.14,3/5
1000,78,2025,5,31,長水路,チーム,24,4×50mフリーリレー,混合,120～159歳,139,2:08.27,,4,,8,木田景子,,平塚,31.50,,,,,,,,,1:49.82,1:41.74,1:40.14,3/5
1001,78,2025,5,31,長水路,チーム,24,4×50mフリーリレー,混合,72～119歳,95,1:53.00,,1,,1,服部碧,,成城,25.18,,,,,,,,,1:45.10,1:41.21,1:38.55,5/6
1002,78,2025,5,31,長水路,チーム,24,4×50mフリーリレー,混合,72～119歳,95,1:53.00,,2,,1,仲田笑美,,成城,30.46,,,,,,,,,1:45.10,1:41.21,1:38.55,5/6
1003,78,2025,5,31,長水路,チーム,24,4×50mフリーリレー,混合,72～119歳,95,1:53.00,,3,,1,丸玖瑠都,,成城,31.17,,,,,,,,,1:45.10,1:41.21,1:38.55,5/6
1004,78,2025,5,31,長水路,チーム,24,4×50mフリーリレー,混合,72～119歳,95,1:53.00,,4,,1,黒田大介,,成城,26.19,,,,,,,,,1:45.10,1:41.21,1:38.55,5/6
1005,78,2025,5,31,長水路,チーム,24,4×50mフリーリレー,混合,72～119歳,116,1:56.50,,1,,2,村田拓斗,,長津田,25.36,,,,,,,,,1:45.10,1:41.21,1:38.55,5/7
1006,78,2025,5,31,長水路,チーム,24,4×50mフリーリレー,混合,72～119歳,116,1:56.50,,2,,2,花井一也,,長津田,27.47,,,,,,,,,1:45.10,1:41.21,1:38.55,5/7
1007,78,2025,5,31,長水路,チーム,24,4×50mフリーリレー,混合,72～119歳,116,1:56.50,,3,,2,高橋紗良,,長津田,29.91,,,,,,,,,1:45.10,1:41.21,1:38.55,5/7
1008,78,2025,5,31,長水路,チーム,24,4×50mフリーリレー,混合,72～119歳,116,1:56.50,,4,,2,森谷麻貴,,長津田,33.76,,,,,,,,,1:45.10,1:41.21,1:38.55,5/7
1009,78,2025,5,31,長水路,チーム,24,4×50mフリーリレー,混合,72～119歳,117,1:57.51,,1,,3,西沢歩,,清瀬,27.53,,,,,,,,,1:45.10,1:41.21,1:38.55,5/9
1010,78,2025,5,31,長水路,チーム,24,4×50mフリーリレー,混合,72～119歳,117,1:57.51,,2,,3,大黒明日香,,清瀬,33.40,,,,,,,,,1:45.10,1:41.21,1:38.55,5/9
1011,78,2025,5,31,長水路,チーム,24,4×50mフリーリレー,混合,72～119歳,117,1:57.51,,3,,3,梶井美杏,,清瀬,29.75,,,,,,,,,1:45.10,1:41.21,1:38.55,5/9
1012,78,2025,5,31,長水路,チーム,24,4×50mフリーリレー,混合,72～119歳,117,1:57.51,,4,,3,今里昂哉,,清瀬,26.83,,,,,,,,,1:45.10,1:41.21,1:38.55,5/9
