ID,回,年,月,日,水路,タイプ,レース番号,競技名,競技性別,リレー年齢区分,リレー実年齢合計,リレータイム,リレー大会新差,リレー泳順,個人年齢区分,順位,選手名,性別,チーム名,個人タイム,個人大会新差,飛込タイム,LAPタイム,個人得点,チーム得点,申請タイム,ぴったり賞,大会新,大会記録,日本記録,世界記録,レーン
1,76,2024,5,11,短水路,個人,1,100m個人メドレー,女子,,,,,,80～84歳,1,長谷部征子,女子,セ・八王子,2:05.42,,,"29.16,59.80,1:34.89",,,,,TRUE,2:26.33,1:36.03,1:38.45,3/3
2,76,2024,5,11,短水路,個人,1,100m個人メドレー,女子,,,,,,80～84歳,2,久保美紀枝,女子,セ・流山,2:27.70,,,"33.93,1:11.00,1:52.70",,,,,,2:26.33,1:36.03,1:38.45,1/4
3,76,2024,5,11,短水路,個人,1,100m個人メドレー,女子,,,,,,80～84歳,3,手塚泰子,女子,セ・清瀬,2:30.00,,,"37.59,1:17.18,1:57.22",,,,,,2:26.33,1:36.03,1:38.45,1/3
4,76,2024,5,11,短水路,個人,1,100m個人メドレー,女子,,,,,,80～84歳,4,御手洗ヨシ,女子,CS南行徳,2:37.13,,,"40.43,1:17.79,2:03.87",,,,,,2:26.33,1:36.03,1:38.45,1/6
5,76,2024,5,11,短水路,個人,1,100m個人メドレー,女子,,,,,,75～79歳,1,岡田まり子,女子,CS南行徳,2:04.18,,,"28.01,1:01.37,1:35.59",,,,,,1:50.59,1:31.38,1:27.96,2/4
6,76,2024,5,11,短水路,個人,1,100m個人メドレー,女子,,,,,,75～79歳,2,竹原君枝,女子,セ・慶應日吉,2:04.78,,,"28.67,1:00.60,1:37.27",,,,,,1:50.59,1:31.38,1:27.96,4/7
7,76,2024,5,11,短水路,個人,1,100m個人メドレー,女子,,,,,,75～79歳,3,原田早苗,女子,セ・南千住,2:15.05,,,"31.80,1:05.45,1:43.99",,,,,,1:50.59,1:31.38,1:27.96,2/2
8,76,2024,5,11,短水路,個人,1,100m個人メドレー,女子,,,,,,75～79歳,4,馬場悦子,女子,セ・清瀬,2:16.73,,,"31.58,1:03.27,1:44.01",,,,,,1:50.59,1:31.38,1:27.96,2/5
9,76,2024,5,11,短水路,個人,1,100m個人メドレー,女子,,,,,,70～74歳,1,青木華世子,女子,セ・松戸,1:35.50,,,"20.00,45.15,1:13.68",,,,,TRUE,1:40.10,1:24.88,1:18.81,9/8
10,76,2024,5,11,短水路,個人,1,100m個人メドレー,女子,,,,,,70～74歳,2,藤代由美子,女子,セ・長沼,1:43.70,,,"20.54,48.88,1:19.27",,,,,,1:40.10,1:24.88,1:18.81,5/4
11,76,2024,5,11,短水路,個人,1,100m個人メドレー,女子,,,,,,70～74歳,3,原田岳美,女子,セ・藤沢,1:44.62,,,"21.68,49.08,1:21.85",,,,,,1:40.10,1:24.88,1:18.81,7/2
12,76,2024,5,11,短水路,個人,1,100m個人メドレー,女子,,,,,,70～74歳,4,見崎幸子,女子,墨田区体育館,2:00.31,,,"25.65,56.65,1:33.15",,,,,,1:40.10,1:24.88,1:18.81,4/1
13,76,2024,5,11,短水路,個人,1,100m個人メドレー,女子,,,,,,70～74歳,5,山村昌子,女子,セ・南千住,2:03.44,,,"26.18,58.60,1:33.19",,,,,,1:40.10,1:24.88,1:18.81,3/2
14,76,2024,5,11,短水路,個人,1,100m個人メドレー,女子,,,,,,70～74歳,6,菅和江,女子,セ・戸塚,2:03.66,,,"29.01,59.84,1:37.58",,,,,,1:40.10,1:24.88,1:18.81,5/8
15,76,2024,5,11,短水路,個人,1,100m個人メドレー,女子,,,,,,70～74歳,7,高木保子,女子,セ・おおたか,2:04.76,,,"30.79,1:03.26,1:36.59",,,,,,1:40.10,1:24.88,1:18.81,4/4
16,76,2024,5,11,短水路,個人,1,100m個人メドレー,女子,,,,,,70～74歳,8,菅井道子,女子,セ・戸塚,2:06.47,,,"28.68,1:02.16,1:36.72",,,,,,1:40.10,1:24.88,1:18.81,3/5
17,76,2024,5,11,短水路,個人,1,100m個人メドレー,女子,,,,,,70～74歳,9,松木真知子,女子,セ・ときわ台,2:10.35,,,"30.00,1:03.67,1:37.30",,,,,,1:40.10,1:24.88,1:18.81,2/6
18,76,2024,5,11,短水路,個人,1,100m個人メドレー,女子,,,,,,70～74歳,10,大久保祐美子,女子,セ・おおたか,2:11.53,,,"26.67,58.99,1:42.87",,,,,,1:40.10,1:24.88,1:18.81,3/8
19,76,2024,5,11,短水路,個人,1,100m個人メドレー,女子,,,,,,65～69歳,1,菅野泰子,女子,セ・松戸,1:33.65,,,"19.48,45.66,1:12.96",,,,,,1:30.20,1:24.14,1:15.65,9/5
20,76,2024,5,11,短水路,個人,1,100m個人メドレー,女子,,,,,,65～69歳,2,森谷登志江,女子,セ・慶應日吉,1:42.40,,,"21.46,46.65,1:18.22",,,,,,1:30.20,1:24.14,1:15.65,7/6
21,76,2024,5,11,短水路,個人,1,100m個人メドレー,女子,,,,,,65～69歳,3,井手敦子,女子,セ・慶應日吉,1:42.70,,,"21.42,48.38,1:19.62",,,,,,1:30.20,1:24.14,1:15.65,7/1
22,76,2024,5,11,短水路,個人,1,100m個人メドレー,女子,,,,,,65～69歳,4,岩崎良子,女子,セ・おおたか,1:44.04,,,"21.62,48.18,1:19.79",,,,,,1:30.20,1:24.14,1:15.65,5/1
23,76,2024,5,11,短水路,個人,1,100m個人メドレー,女子,,,,,,65～69歳,5,日和久美子,女子,セ・戸塚,1:54.46,,,"25.18,54.65,1:28.25",,,,,,1:30.20,1:24.14,1:15.65,5/3
24,76,2024,5,11,短水路,個人,1,100m個人メドレー,女子,,,,,,65～69歳,6,久松葉子,女子,セ・成瀬,1:54.88,,,"27.69,55.21,1:28.16",,,,,,1:30.20,1:24.14,1:15.65,4/5
25,76,2024,5,11,短水路,個人,1,100m個人メドレー,女子,,,,,,65～69歳,7,太田初美,女子,セ・越谷,1:55.43,,,"25.57,56.92,1:27.94",,,,,,1:30.20,1:24.14,1:15.65,4/8
26,76,2024,5,11,短水路,個人,1,100m個人メドレー,女子,,,,,,65～69歳,8,廣瀬伸子,女子,セ・成城,1:57.63,,,"24.69,56.04,1:29.49",,,,,,1:30.20,1:24.14,1:15.65,6/3
27,76,2024,5,11,短水路,個人,1,100m個人メドレー,女子,,,,,,65～69歳,9,近藤みゆき,女子,セ・阿佐谷,2:02.78,,,"28.53,1:00.80,1:34.52",,,,,,1:30.20,1:24.14,1:15.65,3/4
28,76,2024,5,11,短水路,個人,1,100m個人メドレー,女子,,,,,,65～69歳,10,奥野郁子,女子,セ・蘇我,2:05.31,,,"28.44,1:00.87,1:34.57",,,,,,1:30.20,1:24.14,1:15.65,3/6
29,76,2024,5,11,短水路,個人,1,100m個人メドレー,女子,,,,,,65～69歳,11,渡辺米子,女子,クリーンスパ,2:07.27,,,"26.39,59.69,1:36.55",,,,,,1:30.20,1:24.14,1:15.65,3/1
30,76,2024,5,11,短水路,個人,1,100m個人メドレー,女子,,,,,,65～69歳,12,池田則子,女子,セ・松戸,2:12.36,,,"28.67,1:02.62,1:40.92",,,,,,1:30.20,1:24.14,1:15.65,1/2
31,76,2024,5,11,短水路,個人,1,100m個人メドレー,女子,,,,,,60～64歳,1,野島久枝,女子,セ・二俣川,1:31.80,,,"18.85,42.85,1:09.89",,,,,,1:24.94,1:16.42,1:12.08,10/8
32,76,2024,5,11,短水路,個人,1,100m個人メドレー,女子,,,,,,60～64歳,2,上野真弓,女子,セ・二俣川,1:37.72,,,"21.03,44.64,1:14.96",,,,,,1:24.94,1:16.42,1:12.08,8/5
33,76,2024,5,11,短水路,個人,1,100m個人メドレー,女子,,,,,,60～64歳,3,伊藤ゆかり,女子,セ・成城,1:39.34,,,"20.62,46.41,1:14.70",,,,,,1:24.94,1:16.42,1:12.08,8/7
34,76,2024,5,11,短水路,個人,1,100m個人メドレー,女子,,,,,,60～64歳,4,高松早智子,女子,セ・南宇都宮,1:40.41,,,"21.32,47.54,1:17.90",,,,,,1:24.94,1:16.42,1:12.08,6/4
35,76,2024,5,11,短水路,個人,1,100m個人メドレー,女子,,,,,,60～64歳,5,伊藤みどり,女子,セ・能見台,1:43.05,,,"22.69,49.92,1:21.11",,,,,,1:24.94,1:16.42,1:12.08,7/7
36,76,2024,5,11,短水路,個人,1,100m個人メドレー,女子,,,,,,60～64歳,6,山本庸子,女子,セ・八王子,1:46.38,,,"22.42,51.01,1:20.66",,,,,,1:24.94,1:16.42,1:12.08,6/8
37,76,2024,5,11,短水路,個人,1,100m個人メドレー,女子,,,,,,60～64歳,7,加藤雅弓,女子,セ・新都心,1:50.57,,,"25.94,55.71,1:26.86",,,,,,1:24.94,1:16.42,1:12.08,6/5
38,76,2024,5,11,短水路,個人,1,100m個人メドレー,女子,,,,,,60～64歳,8,野崎由美子,女子,セ・おおたか,1:54.47,,,"26.80,56.45,1:29.62",,,,,,1:24.94,1:16.42,1:12.08,5/2
39,76,2024,5,11,短水路,個人,1,100m個人メドレー,女子,,,,,,60～64歳,9,田中香苗,女子,セ・青砥,1:59.61,,,"24.49,57.95,1:31.74",,,,,,1:24.94,1:16.42,1:12.08,4/3
40,76,2024,5,11,短水路,個人,1,100m個人メドレー,女子,,,,,,60～64歳,10,原田由美子,女子,セ・慶應日吉,2:07.70,,,"26.47,58.32,1:36.65",,,,,,1:24.94,1:16.42,1:12.08,2/3
41,76,2024,5,11,短水路,個人,1,100m個人メドレー,女子,,,,,,60～64歳,11,中村清美,女子,セ・蘇我,2:17.23,,,"32.98,1:10.38,1:45.91",,,,,,1:24.94,1:16.42,1:12.08,1/5
42,76,2024,5,11,短水路,個人,1,100m個人メドレー,女子,,,,,,55～59歳,1,田中貴子,女子,セ・清瀬,1:25.21,,,"17.15,39.72,1:05.11",,,,,,1:18.42,1:14.20,1:09.08,10/1
43,76,2024,5,11,短水路,個人,1,100m個人メドレー,女子,,,,,,55～59歳,2,羽山恵津子,女子,セ・葛西,1:32.55,,,"18.33,43.75,1:10.65",,,,,,1:18.42,1:14.20,1:09.08,9/7
44,76,2024,5,11,短水路,個人,1,100m個人メドレー,女子,,,,,,55～59歳,3,生田目則子,女子,セ・自由が丘,1:33.48,,,"18.00,40.75,1:10.62",,,,,,1:18.42,1:14.20,1:09.08,9/1
45,76,2024,5,11,短水路,個人,1,100m個人メドレー,女子,,,,,,55～59歳,4,角南美貴,女子,セ・我孫子,1:43.62,,,"20.85,48.72,1:17.54",,,,,,1:18.42,1:14.20,1:09.08,6/2
46,76,2024,5,11,短水路,個人,1,100m個人メドレー,女子,,,,,,55～59歳,5,蔵屋由紀子,女子,セ・新川崎,1:55.42,,,"24.98,53.55,1:27.65",,,,,,1:18.42,1:14.20,1:09.08,4/2
47,76,2024,5,11,短水路,個人,1,100m個人メドレー,女子,,,,,,55～59歳,6,佐々木夕子,女子,セ・市ヶ尾,2:07.08,,,"31.13,1:04.06,1:39.50",,,,,,1:18.42,1:14.20,1:09.08,3/7
48,76,2024,5,11,短水路,個人,1,100m個人メドレー,女子,,,,,,55～59歳,,小池淳子,女子,セ・長津田,,,,,,,,,,1:18.42,1:14.20,1:09.08,6/6
49,76,2024,5,11,短水路,個人,1,100m個人メドレー,女子,,,,,,50～54歳,1,舘野美香,女子,セ・目黒,1:14.56,,,"15.17,34.33,56.62",,,,,TRUE,1:15.22,1:10.81,1:07.04,12/2
50,76,2024,5,11,短水路,個人,1,100m個人メドレー,女子,,,,,,50～54歳,2,広瀬百合香,女子,セ・戸塚,1:18.05,,,"15.93,35.76,59.52",,,,,,1:15.22,1:10.81,1:07.04,11/5
51,76,2024,5,11,短水路,個人,1,100m個人メドレー,女子,,,,,,50～54歳,3,梅澤亮子,女子,セ・桶川北本,1:19.67,,,"15.83,34.77,59.88",,,,,,1:15.22,1:10.81,1:07.04,11/7
52,76,2024,5,11,短水路,個人,1,100m個人メドレー,女子,,,,,,50～54歳,4,佐々木美佐,女子,セ・平塚,1:20.48,,,"16.42,36.67,1:00.67",,,,,,1:15.22,1:10.81,1:07.04,11/2
53,76,2024,5,11,短水路,個人,1,100m個人メドレー,女子,,,,,,50～54歳,5,小泉未歌,女子,セ・宇都宮,1:22.75,,,"16.64,37.31,1:03.45",,,,,,1:15.22,1:10.81,1:07.04,11/8
54,76,2024,5,11,短水路,個人,1,100m個人メドレー,女子,,,,,,50～54歳,6,鎌田和代,女子,セ・千葉みなと,1:25.84,,,"16.99,38.46,1:04.95",,,,,,1:15.22,1:10.81,1:07.04,10/7
55,76,2024,5,11,短水路,個人,1,100m個人メドレー,女子,,,,,,50～54歳,7,溝呂木友子,女子,セ・阿佐谷,1:27.07,,,"18.65,40.17,1:06.13",,,,,,1:15.22,1:10.81,1:07.04,10/2
56,76,2024,5,11,短水路,個人,1,100m個人メドレー,女子,,,,,,50～54歳,8,大島江理子,女子,セ・大森,1:31.55,,,"18.38,43.20,1:09.71",,,,,,1:15.22,1:10.81,1:07.04,8/1
57,76,2024,5,11,短水路,個人,1,100m個人メドレー,女子,,,,,,50～54歳,9,佐藤洋子,女子,セ・成城,1:32.52,,,"20.54,44.39,1:10.32",,,,,,1:15.22,1:10.81,1:07.04,8/3
58,76,2024,5,11,短水路,個人,1,100m個人メドレー,女子,,,,,,50～54歳,10,比留川美緒,女子,セ・平塚,1:37.00,,,"19.35,45.44,1:14.73",,,,,,1:15.22,1:10.81,1:07.04,9/6
59,76,2024,5,11,短水路,個人,1,100m個人メドレー,女子,,,,,,50～54歳,11,高間智子,女子,セ・自由が丘,1:41.41,,,"20.02,45.54,1:17.39",,,,,,1:15.22,1:10.81,1:07.04,7/3
60,76,2024,5,11,短水路,個人,1,100m個人メドレー,女子,,,,,,50～54歳,12,小山香津子,女子,セ・藤沢,2:00.88,,,"27.81,1:00.55,1:33.32",,,,,,1:15.22,1:10.81,1:07.04,7/8
61,76,2024,5,11,短水路,個人,1,100m個人メドレー,女子,,,,,,45～49歳,1,木村美佐子,女子,セ・南宇都宮,1:22.22,,,"17.21,38.34,1:02.73",,,,,,1:14.91,1:07.55,1:05.61,10/6
62,76,2024,5,11,短水路,個人,1,100m個人メドレー,女子,,,,,,45～49歳,2,飯澤美香,女子,セ・我孫子,1:24.41,,,"17.82,39.91,1:04.33",,,,,,1:14.91,1:07.55,1:05.61,7/4
63,76,2024,5,11,短水路,個人,1,100m個人メドレー,女子,,,,,,45～49歳,3,関康代,女子,セ・宇都宮,1:28.46,,,"17.33,40.92,1:07.38",,,,,,1:14.91,1:07.55,1:05.61,9/3
64,76,2024,5,11,短水路,個人,1,100m個人メドレー,女子,,,,,,45～49歳,4,芳賀加代子,女子,セ・南青山,1:32.48,,,"18.27,42.08,1:10.34",,,,,,1:14.91,1:07.55,1:05.61,9/4
65,76,2024,5,11,短水路,個人,1,100m個人メドレー,女子,,,,,,45～49歳,5,高橋麻子,女子,セ・市ヶ尾,1:33.07,,,"18.81,42.34,1:10.97",,,,,,1:14.91,1:07.55,1:05.61,8/6
66,76,2024,5,11,短水路,個人,1,100m個人メドレー,女子,,,,,,45～49歳,6,佐藤桂子,女子,セ・横浜,1:36.72,,,"19.57,45.61,1:14.85",,,,,,1:14.91,1:07.55,1:05.61,8/2
67,76,2024,5,11,短水路,個人,1,100m個人メドレー,女子,,,,,,45～49歳,7,赤坂恵美子,女子,セ・志木,1:47.44,,,"21.49,49.50,1:21.47",,,,,,1:14.91,1:07.55,1:05.61,6/1
68,76,2024,5,11,短水路,個人,1,100m個人メドレー,女子,,,,,,45～49歳,8,奈良佳枝,女子,セ・蘇我,1:50.17,,,"26.82,53.51,1:24.66",,,,,,1:14.91,1:07.55,1:05.61,5/5
69,76,2024,5,11,短水路,個人,1,100m個人メドレー,女子,,,,,,45～49歳,9,平林由美,女子,CS南行徳,1:50.31,,,"24.11,52.48,1:24.57",,,,,,1:14.91,1:07.55,1:05.61,6/7
70,76,2024,5,11,短水路,個人,1,100m個人メドレー,女子,,,,,,40～44歳,1,上沢絵里奈,女子,セ・トレッサ,1:23.37,,,"17.42,38.56,1:04.25",,,,,,1:12.68,1:06.49,1:04.19,10/4
71,76,2024,5,11,短水路,個人,1,100m個人メドレー,女子,,,,,,40～44歳,2,山田未紗子,女子,セ・越谷,1:26.78,,,"18.18,41.82,1:06.31",,,,,,1:12.68,1:06.49,1:04.19,9/2
72,76,2024,5,11,短水路,個人,1,100m個人メドレー,女子,,,,,,40～44歳,3,関川晶子,女子,セ・下北沢,1:27.05,,,"17.14,39.53,1:06.02",,,,,,1:12.68,1:06.49,1:04.19,10/3
73,76,2024,5,11,短水路,個人,1,100m個人メドレー,女子,,,,,,40～44歳,4,小野真佐子,女子,セ・阿佐谷,1:30.79,,,"18.96,40.63,1:08.17",,,,,,1:12.68,1:06.49,1:04.19,7/5
74,76,2024,5,11,短水路,個人,1,100m個人メドレー,女子,,,,,,40～44歳,5,溝井花代子,女子,セ・葛西,1:34.18,,,"19.93,44.76,1:12.67",,,,,,1:12.68,1:06.49,1:04.19,8/4
75,76,2024,5,11,短水路,個人,1,100m個人メドレー,女子,,,,,,40～44歳,6,谷美希子,女子,セ・府中,1:59.22,,,"24.01,52.00,1:26.97",,,,,,1:12.68,1:06.49,1:04.19,4/6
76,76,2024,5,11,短水路,個人,1,100m個人メドレー,女子,,,,,,35～39歳,1,菊地美春,女子,セ・目黒,1:17.18,,,"15.09,35.07,58.34",,,,,,1:10.75,1:03.17,1:03.17,12/1
77,76,2024,5,11,短水路,個人,1,100m個人メドレー,女子,,,,,,30～34歳,1,稲恒優里奈,女子,セ・おおたか,1:12.71,,,"14.96,33.17,55.10",,,,,,1:09.92,1:02.55,1:02.52,12/6
78,76,2024,5,11,短水路,個人,1,100m個人メドレー,女子,,,,,,25～29歳,1,志賀菜々美,女子,セ・二俣川,1:13.23,,,"14.79,32.59,55.73",,,,,,1:06.72,1:01.79,1:01.79,12/8
79,76,2024,5,11,短水路,個人,1,100m個人メドレー,女子,,,,,,25～29歳,2,遠藤桃,女子,セ・越谷,1:13.73,,,"15.39,34.29,55.97",,,,,,1:06.72,1:01.79,1:01.79,11/4
80,76,2024,5,11,短水路,個人,1,100m個人メドレー,女子,,,,,,25～29歳,3,嶋田菜々子,女子,セ・おおたか,1:15.58,,,"15.17,33.99,57.24",,,,,,1:06.72,1:01.79,1:01.79,11/3
81,76,2024,5,11,短水路,個人,1,100m個人メドレー,女子,,,,,,25～29歳,4,高橋由子,女子,セ・川越,1:18.98,,,"15.85,36.53,1:00.33",,,,,,1:06.72,1:01.79,1:01.79,12/7
82,76,2024,5,11,短水路,個人,1,100m個人メドレー,女子,,,,,,25～29歳,5,石井理桜子,女子,セ・市川,1:19.84,,,"16.18,37.21,1:00.49",,,,,,1:06.72,1:01.79,1:01.79,11/1
83,76,2024,5,11,短水路,個人,1,100m個人メドレー,女子,,,,,,25～29歳,6,片桐由里恵,女子,セ・Ｓ湘南台,1:35.13,,,"19.80,43.51,1:12.25",,,,,,1:06.72,1:01.79,1:01.79,8/8
84,76,2024,5,11,短水路,個人,1,100m個人メドレー,女子,,,,,,18～24歳,1,渡辺美楓,女子,セ・谷津,1:09.17,,,"14.06,31.71,52.35",,,,,,1:06.66,,,12/5
85,76,2024,5,11,短水路,個人,1,100m個人メドレー,女子,,,,,,18～24歳,2,高﨑優奈,女子,セ・清瀬,1:11.74,,,"14.89,32.40,54.66",,,,,,1:06.66,,,12/4
86,76,2024,5,11,短水路,個人,1,100m個人メドレー,女子,,,,,,18～24歳,3,岡田星理,女子,セ・谷津,1:15.09,,,"14.89,33.71,56.55",,,,,,1:06.66,,,12/3
87,76,2024,5,11,短水路,個人,1,100m個人メドレー,女子,,,,,,18～24歳,4,宮坂茉優,女子,セ・我孫子,1:19.14,,,"15.88,36.09,1:00.24",,,,,,1:06.66,,,10/5
88,76,2024,5,11,短水路,個人,2,100m個人メドレー,男子,,,,,,80～84歳,,眞壁功,男子,セ・藤沢,,,,,,,,,,1:46.24,1:27.38,1:23.73,2/5
89,76,2024,5,11,短水路,個人,2,100m個人メドレー,男子,,,,,,75～79歳,1,今修二,男子,セ・越谷,1:41.95,,,"22.11,50.87,1:18.30",,,,,,1:30.26,1:21.25,1:17.58,3/7
90,76,2024,5,11,短水路,個人,2,100m個人メドレー,男子,,,,,,75～79歳,2,岡本孝夫,男子,セ・新川崎,2:27.29,,,"33.94,1:14.07,1:55.09",,,,,,1:30.26,1:21.25,1:17.58,1/2
91,76,2024,5,11,短水路,個人,2,100m個人メドレー,男子,,,,,,70～74歳,1,吉澤隆,男子,セ・清瀬,1:27.27,,,"18.17,40.49,1:05.88",,,,,,1:23.83,1:13.11,1:06.98,4/5
92,76,2024,5,11,短水路,個人,2,100m個人メドレー,男子,,,,,,70～74歳,2,菱沼和男,男子,セ・葛西,1:43.24,,,"23.38,49.55,1:20.90",,,,,,1:23.83,1:13.11,1:06.98,2/2
93,76,2024,5,11,短水路,個人,2,100m個人メドレー,男子,,,,,,70～74歳,,高橋修一,男子,セ・我孫子,,,,,,,,,,1:23.83,1:13.11,1:06.98,1/7
94,76,2024,5,11,短水路,個人,2,100m個人メドレー,男子,,,,,,65～69歳,1,山梨英克,男子,セ・我孫子,1:31.65,,,"19.01,44.26,1:10.16",,,,,,1:15.90,1:10.47,1:05.43,3/4
95,76,2024,5,11,短水路,個人,2,100m個人メドレー,男子,,,,,,65～69歳,2,竹内新,男子,セ・府中,1:41.63,,,"20.30,50.03,1:19.50",,,,,,1:15.90,1:10.47,1:05.43,4/8
96,76,2024,5,11,短水路,個人,2,100m個人メドレー,男子,,,,,,65～69歳,3,折居彰,男子,セ・阿佐谷,1:43.93,,,"24.02,51.29,1:19.93",,,,,,1:15.90,1:10.47,1:05.43,1/5
97,76,2024,5,11,短水路,個人,2,100m個人メドレー,男子,,,,,,65～69歳,4,赤坂吉昭,男子,セ・葛西,1:48.28,,,"23.20,52.51,1:23.93",,,,,,1:15.90,1:10.47,1:05.43,3/5
98,76,2024,5,11,短水路,個人,2,100m個人メドレー,男子,,,,,,65～69歳,5,柴田三千男,男子,墨田区体育館,1:57.91,,,"26.27,59.24,1:32.04",,,,,,1:15.90,1:10.47,1:05.43,2/6
99,76,2024,5,11,短水路,個人,2,100m個人メドレー,男子,,,,,,60～64歳,1,渡部佳彦,男子,セ・市川,1:11.78,,,"14.38,33.28,54.26",,,,,,1:11.11,1:04.21,1:03.20,10/1
100,76,2024,5,11,短水路,個人,2,100m個人メドレー,男子,,,,,,60～64歳,2,菊池千二,男子,セ・市ヶ尾,1:13.99,,,"14.33,34.26,56.19",,,,,,1:11.11,1:04.21,1:03.20,5/7
101,76,2024,5,11,短水路,個人,2,100m個人メドレー,男子,,,,,,60～64歳,3,下家成人,男子,セ・二俣川,1:17.68,,,"15.42,34.39,58.66",,,,,,1:11.11,1:04.21,1:03.20,8/7
102,76,2024,5,11,短水路,個人,2,100m個人メドレー,男子,,,,,,60～64歳,4,久保田勝己,男子,セ・阿佐谷,1:23.54,,,"17.07,39.29,1:04.97",,,,,,1:11.11,1:04.21,1:03.20,5/1
103,76,2024,5,11,短水路,個人,2,100m個人メドレー,男子,,,,,,60～64歳,5,中村幸弘,男子,セ・越谷,1:25.18,,,"16.80,39.39,1:03.30",,,,,,1:11.11,1:04.21,1:03.20,6/1
104,76,2024,5,11,短水路,個人,2,100m個人メドレー,男子,,,,,,60～64歳,6,若島健二,男子,セ・二俣川,1:27.03,,,"19.09,42.02,1:06.85",,,,,,1:11.11,1:04.21,1:03.20,4/4
105,76,2024,5,11,短水路,個人,2,100m個人メドレー,男子,,,,,,60～64歳,7,大塚克,男子,セ・市川,1:29.12,,,"17.03,40.88,1:06.30",,,,,,1:11.11,1:04.21,1:03.20,6/8
106,76,2024,5,11,短水路,個人,2,100m個人メドレー,男子,,,,,,60～64歳,8,一色洋志,男子,セ・福生,1:30.07,,,"18.05,42.40,1:08.55",,,,,,1:11.11,1:04.21,1:03.20,4/3
107,76,2024,5,11,短水路,個人,2,100m個人メドレー,男子,,,,,,60～64歳,9,小島淳,男子,セ・柏,1:31.41,,,"18.61,42.48,1:09.70",,,,,,1:11.11,1:04.21,1:03.20,2/4
108,76,2024,5,11,短水路,個人,2,100m個人メドレー,男子,,,,,,60～64歳,10,横山恵一,男子,セ・越谷,1:32.66,,,"18.72,44.28,1:11.02",,,,,,1:11.11,1:04.21,1:03.20,4/6
109,76,2024,5,11,短水路,個人,2,100m個人メドレー,男子,,,,,,60～64歳,11,二宮博,男子,セ・横浜,1:35.66,,,"18.58,44.50,1:11.86",,,,,,1:11.11,1:04.21,1:03.20,4/2
110,76,2024,5,11,短水路,個人,2,100m個人メドレー,男子,,,,,,60～64歳,12,二宮次郎,男子,セ・南宇都宮,1:54.02,,,"23.65,56.67,1:28.31",,,,,,1:11.11,1:04.21,1:03.20,1/3
111,76,2024,5,11,短水路,個人,2,100m個人メドレー,男子,,,,,,60～64歳,13,山本勝,男子,セ・慶應日吉,1:59.76,,,"25.02,1:00.21,1:34.73",,,,,,1:11.11,1:04.21,1:03.20,2/3
112,76,2024,5,11,短水路,個人,2,100m個人メドレー,男子,,,,,,55～59歳,1,小倉和彦,男子,セ・清瀬,1:09.61,,,"14.33,32.46,51.44",,,,,,1:08.36,1:01.65,1:00.75,8/2
113,76,2024,5,11,短水路,個人,2,100m個人メドレー,男子,,,,,,55～59歳,2,阿部憲一,男子,セ・大宮宮原,1:11.19,,,"14.35,33.72,54.77",,,,,,1:08.36,1:01.65,1:00.75,9/4
114,76,2024,5,11,短水路,個人,2,100m個人メドレー,男子,,,,,,55～59歳,3,町田克浩,男子,セ・大森,1:17.06,,,"15.58,35.98,59.35",,,,,,1:08.36,1:01.65,1:00.75,6/3
115,76,2024,5,11,短水路,個人,2,100m個人メドレー,男子,,,,,,55～59歳,4,飯田正敏,男子,セ・用賀,1:21.26,,,"15.82,37.75,1:01.87",,,,,,1:08.36,1:01.65,1:00.75,6/4
116,76,2024,5,11,短水路,個人,2,100m個人メドレー,男子,,,,,,55～59歳,5,本間丈博,男子,セ・稲毛海岸,1:22.62,,,"16.85,39.45,1:04.41",,,,,,1:08.36,1:01.65,1:00.75,5/4
117,76,2024,5,11,短水路,個人,2,100m個人メドレー,男子,,,,,,55～59歳,6,塚本幸治,男子,セ・千葉みなと,1:23.58,,,"17.06,39.49,1:04.98",,,,,,1:08.36,1:01.65,1:00.75,5/5
118,76,2024,5,11,短水路,個人,2,100m個人メドレー,男子,,,,,,55～59歳,7,高田義久,男子,セ・八王子,1:27.71,,,"16.57,42.14,1:05.89",,,,,,1:08.36,1:01.65,1:00.75,5/8
119,76,2024,5,11,短水路,個人,2,100m個人メドレー,男子,,,,,,55～59歳,8,高橋潤,男子,セ・成城,1:39.27,,,"18.55,44.85,1:14.73",,,,,,1:08.36,1:01.65,1:00.75,3/1
120,76,2024,5,11,短水路,個人,2,100m個人メドレー,男子,,,,,,55～59歳,9,日暮正明,男子,セ・天王洲,1:50.26,,,"22.65,51.89,1:25.68",,,,,,1:08.36,1:01.65,1:00.75,3/2
121,76,2024,5,11,短水路,個人,2,100m個人メドレー,男子,,,,,,50～54歳,1,村野雄太,男子,セ・清瀬,1:10.65,,,"14.01,32.51,53.37",,,,,,1:04.94,59.87,57.69,9/5
122,76,2024,5,11,短水路,個人,2,100m個人メドレー,男子,,,,,,50～54歳,2,岡村勝重,男子,セ・長津田,1:12.68,,,"14.75,34.09,55.15",,,,,,1:04.94,59.87,57.69,7/5
123,76,2024,5,11,短水路,個人,2,100m個人メドレー,男子,,,,,,50～54歳,3,渡部弘一,男子,セ・市川,1:12.88,,,"13.76,32.61,56.17",,,,,,1:04.94,59.87,57.69,7/4
124,76,2024,5,11,短水路,個人,2,100m個人メドレー,男子,,,,,,50～54歳,4,渡辺則貴,男子,セ・戸塚,1:15.58,,,"15.73,34.26,57.01",,,,,,1:04.94,59.87,57.69,3/3
125,76,2024,5,11,短水路,個人,2,100m個人メドレー,男子,,,,,,50～54歳,5,北村洋一,男子,セ・大森,1:16.42,,,"15.79,35.20,57.49",,,,,,1:04.94,59.87,57.69,7/7
126,76,2024,5,11,短水路,個人,2,100m個人メドレー,男子,,,,,,50～54歳,6,成島毅,男子,セ・Ｆ宇都宮,1:17.86,,,"15.59,36.22,59.05",,,,,,1:04.94,59.87,57.69,5/3
127,76,2024,5,11,短水路,個人,2,100m個人メドレー,男子,,,,,,50～54歳,7,山本英男,男子,セ・大宮宮原,1:19.78,,,"15.13,37.56,1:01.57",,,,,,1:04.94,59.87,57.69,5/6
128,76,2024,5,11,短水路,個人,2,100m個人メドレー,男子,,,,,,50～54歳,8,平田博之,男子,セ・ときわ台,1:19.85,,,"16.31,37.44,1:01.83",,,,,,1:04.94,59.87,57.69,6/5
129,76,2024,5,11,短水路,個人,2,100m個人メドレー,男子,,,,,,50～54歳,9,渡誠,男子,セ・清瀬,1:21.67,,,"17.31,38.26,1:03.22",,,,,,1:04.94,59.87,57.69,6/7
130,76,2024,5,11,短水路,個人,2,100m個人メドレー,男子,,,,,,50～54歳,10,佐々木栄一,男子,Ｇ－ＳＰＡ,1:25.28,,,"17.50,37.85,1:03.78",,,,,,1:04.94,59.87,57.69,1/6
131,76,2024,5,11,短水路,個人,2,100m個人メドレー,男子,,,,,,50～54歳,11,大川明徳,男子,セ・阿佐谷,1:34.33,,,"17.27,43.01,1:12.19",,,,,,1:04.94,59.87,57.69,4/1
132,76,2024,5,11,短水路,個人,2,100m個人メドレー,男子,,,,,,50～54歳,12,落合理,男子,セ・武蔵小杉,2:06.55,,,"23.78,1:01.81,1:35.19",,,,,,1:04.94,59.87,57.69,2/7
133,76,2024,5,11,短水路,個人,2,100m個人メドレー,男子,,,,,,50～54歳,,君島篤,男子,セ・西東京,,,,,,,,,,1:04.94,59.87,57.69,4/7
134,76,2024,5,11,短水路,個人,2,100m個人メドレー,男子,,,,,,45～49歳,1,山岡拓馬,男子,セ・清瀬,1:00.05,,,"12.33,27.27,44.83",,,,,TRUE,1:01.65,57.83,57.68,11/3
135,76,2024,5,11,短水路,個人,2,100m個人メドレー,男子,,,,,,45～49歳,2,小安貴弘,男子,セ・高崎,1:10.24,,,"13.65,31.68,53.14",,,,,,1:01.65,57.83,57.68,10/3
136,76,2024,5,11,短水路,個人,2,100m個人メドレー,男子,,,,,,45～49歳,3,羽田浩一,男子,セ・成城,1:11.38,,,"14.47,32.52,53.43",,,,,,1:01.65,57.83,57.68,9/3
137,76,2024,5,11,短水路,個人,2,100m個人メドレー,男子,,,,,,45～49歳,4,山内悠,男子,セ・市ヶ尾,1:15.42,,,"15.36,35.01,58.33",,,,,,1:01.65,57.83,57.68,7/3
138,76,2024,5,11,短水路,個人,2,100m個人メドレー,男子,,,,,,45～49歳,5,齊藤仁,男子,セ・茂原,1:19.27,,,"16.10,36.31,1:00.09",,,,,,1:01.65,57.83,57.68,6/6
139,76,2024,5,11,短水路,個人,2,100m個人メドレー,男子,,,,,,40～44歳,1,鶴谷学,男子,セ・二俣川,1:00.05,,,"12.07,27.70,45.23",,,,,TRUE,1:00.29,56.80,56.80,11/4
140,76,2024,5,11,短水路,個人,2,100m個人メドレー,男子,,,,,,40～44歳,2,中村正明,男子,セ・阿佐谷,1:02.85,,,"12.56,28.83,46.94",,,,,,1:00.29,56.80,56.80,11/1
141,76,2024,5,11,短水路,個人,2,100m個人メドレー,男子,,,,,,40～44歳,3,図師拓千,男子,セ・市ヶ尾,1:08.35,,,"13.43,31.07,52.64",,,,,,1:00.29,56.80,56.80,10/2
142,76,2024,5,11,短水路,個人,2,100m個人メドレー,男子,,,,,,40～44歳,4,植村匡詞,男子,セ・千葉みなと,1:09.62,,,"14.19,31.59,52.86",,,,,,1:00.29,56.80,56.80,8/4
143,76,2024,5,11,短水路,個人,2,100m個人メドレー,男子,,,,,,40～44歳,5,小林弘典,男子,セ・大森,1:13.33,,,"14.13,34.23,55.83",,,,,,1:00.29,56.80,56.80,8/1
144,76,2024,5,11,短水路,個人,2,100m個人メドレー,男子,,,,,,40～44歳,6,中村真也,男子,セ・目黒,1:14.88,,,"14.43,33.59,56.34",,,,,,1:00.29,56.80,56.80,8/8
145,76,2024,5,11,短水路,個人,2,100m個人メドレー,男子,,,,,,40～44歳,7,小田島丈典,男子,セ・福生,1:21.15,,,"16.27,37.19,1:02.41",,,,,,1:00.29,56.80,56.80,6/2
146,76,2024,5,11,短水路,個人,2,100m個人メドレー,男子,,,,,,40～44歳,8,今村満,男子,セ・清瀬,1:33.18,,,"19.94,42.58,1:12.16",,,,,,1:00.29,56.80,56.80,3/8
147,76,2024,5,11,短水路,個人,2,100m個人メドレー,男子,,,,,,35～39歳,1,河野大和,男子,ザバス川崎,1:08.66,,,"13.35,30.38,51.42",,,,,,59.48,55.40,54.86,8/3
148,76,2024,5,11,短水路,個人,2,100m個人メドレー,男子,,,,,,35～39歳,2,木村考太,男子,セ・市ヶ尾,1:09.02,,,"14.07,33.36,52.32",,,,,,59.48,55.40,54.86,8/5
149,76,2024,5,11,短水路,個人,2,100m個人メドレー,男子,,,,,,35～39歳,3,和田亮,男子,セ・阿佐谷,1:20.45,,,"15.12,34.90,1:01.62",,,,,,59.48,55.40,54.86,8/6
150,76,2024,5,11,短水路,個人,2,100m個人メドレー,男子,,,,,,30～34歳,1,伊藤孝優,男子,セ・八王子,1:06.06,,,"12.83,29.96,49.74",,,,,,59.06,54.64,53.28,10/4
151,76,2024,5,11,短水路,個人,2,100m個人メドレー,男子,,,,,,30～34歳,2,塚本拓也,男子,セ・清瀬,1:10.74,,,"13.64,30.38,53.31",,,,,,59.06,54.64,53.28,9/6
152,76,2024,5,11,短水路,個人,2,100m個人メドレー,男子,,,,,,30～34歳,3,江沢純也,男子,セ・我孫子,1:15.26,,,"13.91,33.92,57.27",,,,,,59.06,54.64,53.28,7/2
153,76,2024,5,11,短水路,個人,2,100m個人メドレー,男子,,,,,,25～29歳,1,志田公輝,男子,セ・阿佐谷,59.26,,,"12.75,29.22,46.03",,,,,,57.01,54.50,52.78,11/5
154,76,2024,5,11,短水路,個人,2,100m個人メドレー,男子,,,,,,25～29歳,2,小野健,男子,セ・天王洲,1:03.36,,,"13.09,30.23,48.32",,,,,,57.01,54.50,52.78,11/6
155,76,2024,5,11,短水路,個人,2,100m個人メドレー,男子,,,,,,25～29歳,3,前島悠也,男子,セ・葛西,1:03.71,,,"12.99,29.87,48.00",,,,,,57.01,54.50,52.78,11/7
156,76,2024,5,11,短水路,個人,2,100m個人メドレー,男子,,,,,,25～29歳,4,室坂拓真,男子,セ・用賀,1:04.95,,,"12.97,29.13,48.59",,,,,,57.01,54.50,52.78,11/2
157,76,2024,5,11,短水路,個人,2,100m個人メドレー,男子,,,,,,25～29歳,5,高見沢重倫,男子,セ・慶應日吉,1:06.53,,,"12.63,29.61,49.35",,,,,,57.01,54.50,52.78,9/1
158,76,2024,5,11,短水路,個人,2,100m個人メドレー,男子,,,,,,25～29歳,6,川手詢介,男子,セ・慶應日吉,1:07.18,,,"13.18,29.96,49.76",,,,,,57.01,54.50,52.78,9/7
159,76,2024,5,11,短水路,個人,2,100m個人メドレー,男子,,,,,,25～29歳,7,関根貴大,男子,セ・阿佐谷,1:07.78,,,"13.66,30.60,50.89",,,,,,57.01,54.50,52.78,10/5
160,76,2024,5,11,短水路,個人,2,100m個人メドレー,男子,,,,,,25～29歳,8,武本侑己,男子,セ・青砥,1:10.54,,,"14.30,33.20,53.34",,,,,,57.01,54.50,52.78,7/6
161,76,2024,5,11,短水路,個人,2,100m個人メドレー,男子,,,,,,18～24歳,1,田中壮一郎,男子,セ・二俣川,1:04.57,,,"12.78,30.04,48.60",,,,,,58.43,,,11/8
162,76,2024,5,11,短水路,個人,2,100m個人メドレー,男子,,,,,,18～24歳,2,重高良彦,男子,セ・能見台,1:07.00,,,"13.62,31.46,51.72",,,,,,58.43,,,9/8
163,76,2024,5,11,短水路,個人,2,100m個人メドレー,男子,,,,,,18～24歳,3,伊藤水晶,男子,セ・松戸,1:07.16,,,"12.86,30.68,50.57",,,,,,58.43,,,10/6
164,76,2024,5,11,短水路,個人,2,100m個人メドレー,男子,,,,,,18～24歳,4,西沢歩,男子,セ・清瀬,1:12.33,,,"13.98,33.57,54.44",,,,,,58.43,,,10/8
165,76,2024,5,11,短水路,個人,2,100m個人メドレー,男子,,,,,,18～24歳,5,岩崎伊吹,男子,セ・おおたか,1:13.92,,,"14.06,32.25,54.26",,,,,,58.43,,,5/2
166,76,2024,5,11,短水路,個人,2,100m個人メドレー,男子,,,,,,18～24歳,6,城山海,男子,セ・葛西,1:14.48,,,"14.59,35.61,56.42",,,,,,58.43,,,7/1
167,76,2024,5,11,短水路,個人,5,25m自由形,女子,,,,,,90～94歳,1,鈴木静江,女子,クリーンスパ,29.69,,,,,,,,,28.59,17.60,,4/2
168,76,2024,5,11,短水路,個人,5,25m自由形,女子,,,,,,85～89歳,1,須山順子,女子,セ・松戸,22.98,,,,,,,,,22.44,,,13/3
169,76,2024,5,11,短水路,個人,5,25m自由形,女子,,,,,,85～89歳,2,平田美佐子,女子,セ・天王洲,25.14,,,,,,,,,22.44,,,4/4
170,76,2024,5,11,短水路,個人,5,25m自由形,女子,,,,,,80～84歳,1,八田清子,女子,セ・松戸,20.28,,,,,,,,,18.60,,,16/1
171,76,2024,5,11,短水路,個人,5,25m自由形,女子,,,,,,80～84歳,2,佐藤由利子,女子,セ・用賀,20.54,,,,,,,,,18.60,,,16/7
172,76,2024,5,11,短水路,個人,5,25m自由形,女子,,,,,,80～84歳,3,西巻トキ枝,女子,セ・戸塚,20.94,,,,,,,,,18.60,,,10/5
173,76,2024,5,11,短水路,個人,5,25m自由形,女子,,,,,,80～84歳,4,平井節子,女子,セ・南千住,22.48,,,,,,,,,18.60,,,9/4
174,76,2024,5,11,短水路,個人,5,25m自由形,女子,,,,,,80～84歳,5,田中敏子,女子,セ・阿佐谷,23.11,,,,,,,,,18.60,,,6/4
175,76,2024,5,11,短水路,個人,5,25m自由形,女子,,,,,,80～84歳,6,御手洗ヨシ,女子,CS南行徳,23.15,,,,,,,,,18.60,,,10/4
176,76,2024,5,11,短水路,個人,5,25m自由形,女子,,,,,,80～84歳,7,武藤治子,女子,セ・二俣川,23.31,,,,,,,,,18.60,,,2/8
177,76,2024,5,11,短水路,個人,5,25m自由形,女子,,,,,,80～84歳,8,後藤久美子,女子,セ・戸塚,23.56,,,,,,,,,18.60,,,6/3
178,76,2024,5,11,短水路,個人,5,25m自由形,女子,,,,,,80～84歳,9,倉元恵子,女子,セ・館山,24.04,,,,,,,,,18.60,,,3/4
179,76,2024,5,11,短水路,個人,5,25m自由形,女子,,,,,,80～84歳,10,川端淑子,女子,セ・天王洲,24.82,,,,,,,,,18.60,,,2/5
180,76,2024,5,11,短水路,個人,5,25m自由形,女子,,,,,,80～84歳,11,相澤和子,女子,セ・新都心,25.62,,,,,,,,,18.60,,,6/5
181,76,2024,5,11,短水路,個人,5,25m自由形,女子,,,,,,80～84歳,12,大浜南海江,女子,セ・目黒,26.89,,,,,,,,,18.60,,,4/6
182,76,2024,5,11,短水路,個人,5,25m自由形,女子,,,,,,80～84歳,13,浜野操子,女子,セ・流山,27.16,,,,,,,,,18.60,,,2/4
183,76,2024,5,11,短水路,個人,5,25m自由形,女子,,,,,,75～79歳,1,室谷晴江,女子,セ・大森,19.01,,,,,,,,,17.96,,,16/4
184,76,2024,5,11,短水路,個人,5,25m自由形,女子,,,,,,75～79歳,2,田村俊子,女子,セ・館山,21.21,,,,,,,,,17.96,,,9/6
185,76,2024,5,11,短水路,個人,5,25m自由形,女子,,,,,,75～79歳,3,中村敬子,女子,セ・府中,21.62,,,,,,,,,17.96,,,13/4
186,76,2024,5,11,短水路,個人,5,25m自由形,女子,,,,,,75～79歳,4,坂本光子,女子,セ・越谷,21.63,,,,,,,,,17.96,,,10/6
187,76,2024,5,11,短水路,個人,5,25m自由形,女子,,,,,,75～79歳,5,吉田三枝子,女子,墨田区体育館,21.78,,,,,,,,,17.96,,,6/2
188,76,2024,5,11,短水路,個人,5,25m自由形,女子,,,,,,75～79歳,6,田野倉和子,女子,セ・慶應日吉,22.65,,,,,,,,,17.96,,,7/6
189,76,2024,5,11,短水路,個人,5,25m自由形,女子,,,,,,75～79歳,7,松木弘美,女子,セ・志木,22.66,,,,,,,,,17.96,,,7/3
190,76,2024,5,11,短水路,個人,5,25m自由形,女子,,,,,,75～79歳,8,古田美智子,女子,セ・自由が丘,23.11,,,,,,,,,17.96,,,9/3
191,76,2024,5,11,短水路,個人,5,25m自由形,女子,,,,,,75～79歳,9,諸橋暁子,女子,曽谷・セ,23.15,,,,,,,,,17.96,,,4/8
192,76,2024,5,11,短水路,個人,5,25m自由形,女子,,,,,,75～79歳,10,中田和子,女子,セ・越谷,23.62,,,,,,,,,17.96,,,2/3
193,76,2024,5,11,短水路,個人,5,25m自由形,女子,,,,,,75～79歳,11,石井千枝子,女子,セ・蘇我,23.63,,,,,,,,,17.96,,,9/5
194,76,2024,5,11,短水路,個人,5,25m自由形,女子,,,,,,75～79歳,12,内田貞代,女子,セ・清瀬,24.71,,,,,,,,,17.96,,,5/2
195,76,2024,5,11,短水路,個人,5,25m自由形,女子,,,,,,75～79歳,13,松永タズヨ,女子,セ・おおたか,24.93,,,,,,,,,17.96,,,10/3
196,76,2024,5,11,短水路,個人,5,25m自由形,女子,,,,,,75～79歳,14,安部澄子,女子,セ・我孫子,25.48,,,,,,,,,17.96,,,3/5
197,76,2024,5,11,短水路,個人,5,25m自由形,女子,,,,,,75～79歳,15,石川和子,女子,セ・我孫子,25.54,,,,,,,,,17.96,,,7/4
198,76,2024,5,11,短水路,個人,5,25m自由形,女子,,,,,,75～79歳,16,柴田千代子,女子,セ・天王洲,26.94,,,,,,,,,17.96,,,5/6
199,76,2024,5,11,短水路,個人,5,25m自由形,女子,,,,,,75～79歳,17,福澤チヅ子,女子,CS南行徳,27.09,,,,,,,,,17.96,,,6/7
200,76,2024,5,11,短水路,個人,5,25m自由形,女子,,,,,,75～79歳,18,山口英子,女子,セ・流山,27.93,,,,,,,,,17.96,,,5/5
201,76,2024,5,11,短水路,個人,5,25m自由形,女子,,,,,,75～79歳,19,飯塚正子,女子,セ・久喜,28.52,,,,,,,,,17.96,,,2/6
202,76,2024,5,11,短水路,個人,5,25m自由形,女子,,,,,,75～79歳,20,染谷敏子,女子,セ・天王洲,28.66,,,,,,,,,17.96,,,3/2
203,76,2024,5,11,短水路,個人,5,25m自由形,女子,,,,,,75～79歳,21,谷口富美子,女子,セ・久喜,29.90,,,,,,,,,17.96,,,5/3
204,76,2024,5,11,短水路,個人,5,25m自由形,女子,,,,,,70～74歳,1,近藤ひな子,女子,セ・二俣川,17.98,,,,,,,,,16.95,,,20/6
205,76,2024,5,11,短水路,個人,5,25m自由形,女子,,,,,,70～74歳,2,舛尾妃呂子,女子,セ・稲毛海岸,18.08,,,,,,,,,16.95,,,10/8
206,76,2024,5,11,短水路,個人,5,25m自由形,女子,,,,,,70～74歳,3,小池藤子,女子,セ・新三郷,18.22,,,,,,,,,16.95,,,16/8
207,76,2024,5,11,短水路,個人,5,25m自由形,女子,,,,,,70～74歳,4,梅田栄己子,女子,セ・天王洲,18.37,,,,,,,,,16.95,,,19/4
208,76,2024,5,11,短水路,個人,5,25m自由形,女子,,,,,,70～74歳,5,後藤明美,女子,セ・天王洲,18.48,,,,,,,,,16.95,,,12/5
209,76,2024,5,11,短水路,個人,5,25m自由形,女子,,,,,,70～74歳,6,石塚孝子,女子,セ・志木,18.57,,,,,,,,,16.95,,,15/4
210,76,2024,5,11,短水路,個人,5,25m自由形,女子,,,,,,70～74歳,7,大久保祐美子,女子,セ・おおたか,18.96,,,,,,,,,16.95,,,16/5
211,76,2024,5,11,短水路,個人,5,25m自由形,女子,,,,,,70～74歳,8,鶴本年子,女子,セ・清瀬,19.07,,,,,,,,,16.95,,,19/8
212,76,2024,5,11,短水路,個人,5,25m自由形,女子,,,,,,70～74歳,9,清水裕子,女子,セ・二俣川,19.14,,,,,,,,,16.95,,,14/4
213,76,2024,5,11,短水路,個人,5,25m自由形,女子,,,,,,70～74歳,10,見崎幸子,女子,墨田区体育館,19.16,,,,,,,,,16.95,,,7/2
214,76,2024,5,11,短水路,個人,5,25m自由形,女子,,,,,,70～74歳,11,齊藤たか子,女子,ザバス川崎,19.66,,,,,,,,,16.95,,,14/5
215,76,2024,5,11,短水路,個人,5,25m自由形,女子,,,,,,70～74歳,12,樋口孝子,女子,セ・阿佐谷,20.43,,,,,,,,,16.95,,,10/2
216,76,2024,5,11,短水路,個人,5,25m自由形,女子,,,,,,70～74歳,13,吉田あけみ,女子,セ・館山,20.54,,,,,,,,,16.95,,,5/1
217,76,2024,5,11,短水路,個人,5,25m自由形,女子,,,,,,70～74歳,14,崎山治子,女子,セ・用賀,20.68,,,,,,,,,16.95,,,9/1
218,76,2024,5,11,短水路,個人,5,25m自由形,女子,,,,,,70～74歳,15,山崎美南子,女子,セ・南青山,20.71,,,,,,,,,16.95,,,16/3
219,76,2024,5,11,短水路,個人,5,25m自由形,女子,,,,,,70～74歳,16,山下康代,女子,セ・用賀,21.05,,,,,,,,,16.95,,,7/7
220,76,2024,5,11,短水路,個人,5,25m自由形,女子,,,,,,70～74歳,17,若林多恵子,女子,セ・谷津,21.52,,,,,,,,,16.95,,,14/8
221,76,2024,5,11,短水路,個人,5,25m自由形,女子,,,,,,70～74歳,18,松丸映子,女子,セ・ときわ台,21.53,,,,,,,,,16.95,,,18/6
222,76,2024,5,11,短水路,個人,5,25m自由形,女子,,,,,,70～74歳,19,若松はる子,女子,セ・松戸,21.61,,,,,,,,,16.95,,,13/6
223,76,2024,5,11,短水路,個人,5,25m自由形,女子,,,,,,70～74歳,20,山村昌子,女子,セ・南千住,21.65,,,,,,,,,16.95,,,12/4
224,76,2024,5,11,短水路,個人,5,25m自由形,女子,,,,,,70～74歳,21,柴田美知子,女子,セ・新浦安,21.72,,,,,,,,,16.95,,,14/1
225,76,2024,5,11,短水路,個人,5,25m自由形,女子,,,,,,70～74歳,22,宮内佳代子,女子,セ・トレッサ,21.85,,,,,,,,,16.95,,,13/5
226,76,2024,5,11,短水路,個人,5,25m自由形,女子,,,,,,70～74歳,23,女田悦子,女子,セ・二俣川,21.87,,,,,,,,,16.95,,,10/7
227,76,2024,5,11,短水路,個人,5,25m自由形,女子,,,,,,70～74歳,24,富樫博子,女子,セ・大森,22.17,,,,,,,,,16.95,,,12/3
228,76,2024,5,11,短水路,個人,5,25m自由形,女子,,,,,,70～74歳,25,菊地枝美子,女子,セ・清瀬,22.71,,,,,,,,,16.95,,,5/7
229,76,2024,5,11,短水路,個人,5,25m自由形,女子,,,,,,70～74歳,26,永田陽子,女子,セ・戸塚,23.62,,,,,,,,,16.95,,,11/3
230,76,2024,5,11,短水路,個人,5,25m自由形,女子,,,,,,70～74歳,27,石村眞理子,女子,セ・新川崎,24.42,,,,,,,,,16.95,,,9/8
231,76,2024,5,11,短水路,個人,5,25m自由形,女子,,,,,,70～74歳,28,松村眞理子,女子,セ・久喜,24.86,,,,,,,,,16.95,,,11/4
232,76,2024,5,11,短水路,個人,5,25m自由形,女子,,,,,,70～74歳,29,上野俊子,女子,セ・桶川北本,25.02,,,,,,,,,16.95,,,4/1
233,76,2024,5,11,短水路,個人,5,25m自由形,女子,,,,,,70～74歳,30,岩塚美恵子,女子,セ・越谷,25.09,,,,,,,,,16.95,,,2/2
234,76,2024,5,11,短水路,個人,5,25m自由形,女子,,,,,,70～74歳,31,池田真木子,女子,セ・阿佐谷,25.17,,,,,,,,,16.95,,,4/5
235,76,2024,5,11,短水路,個人,5,25m自由形,女子,,,,,,70～74歳,32,友野敬子,女子,セ・館山,27.14,,,,,,,,,16.95,,,3/3
236,76,2024,5,11,短水路,個人,5,25m自由形,女子,,,,,,70～74歳,33,加藤敬子,女子,セ・慶應日吉,27.72,,,,,,,,,16.95,,,11/5
237,76,2024,5,11,短水路,個人,5,25m自由形,女子,,,,,,70～74歳,34,安野裕子,女子,セ・新川崎,30.97,,,,,,,,,16.95,,,5/4
238,76,2024,5,11,短水路,個人,5,25m自由形,女子,,,,,,70～74歳,,大山伴恵,女子,セ・トレッサ,,,,,,,,,,16.95,,,10/1
239,76,2024,5,11,短水路,個人,5,25m自由形,女子,,,,,,65～69歳,1,立石由美子,女子,セ・大森,16.87,,,,,,,,,15.74,,,16/2
240,76,2024,5,11,短水路,個人,5,25m自由形,女子,,,,,,65～69歳,2,野島正代,女子,セ・阿佐谷,17.42,,,,,,,,,15.74,,,20/5
241,76,2024,5,11,短水路,個人,5,25m自由形,女子,,,,,,65～69歳,3,ダン典子,女子,セ・自由が丘,17.78,,,,,,,,,15.74,,,22/1
242,76,2024,5,11,短水路,個人,5,25m自由形,女子,,,,,,65～69歳,4,山梨静枝,女子,セ・我孫子,18.06,,,,,,,,,15.74,,,18/1
243,76,2024,5,11,短水路,個人,5,25m自由形,女子,,,,,,65～69歳,4,川久保ちづる,女子,ザバス川崎,18.06,,,,,,,,,15.74,,,19/6
244,76,2024,5,11,短水路,個人,5,25m自由形,女子,,,,,,65～69歳,6,井上美佐子,女子,セ・大森,18.22,,,,,,,,,15.74,,,16/6
245,76,2024,5,11,短水路,個人,5,25m自由形,女子,,,,,,65～69歳,7,山本由起子,女子,セ・南千住,18.26,,,,,,,,,15.74,,,21/4
246,76,2024,5,11,短水路,個人,5,25m自由形,女子,,,,,,65～69歳,8,浅野みどり,女子,セ・天王洲,18.40,,,,,,,,,15.74,,,21/2
247,76,2024,5,11,短水路,個人,5,25m自由形,女子,,,,,,65～69歳,9,小宮山美芽,女子,セ・天王洲,18.53,,,,,,,,,15.74,,,17/4
248,76,2024,5,11,短水路,個人,5,25m自由形,女子,,,,,,65～69歳,10,江幡菜穂子,女子,クリーンスパ,18.59,,,,,,,,,15.74,,,14/3
249,76,2024,5,11,短水路,個人,5,25m自由形,女子,,,,,,65～69歳,11,渋谷照代,女子,セ・我孫子,18.73,,,,,,,,,15.74,,,12/6
250,76,2024,5,11,短水路,個人,5,25m自由形,女子,,,,,,65～69歳,12,光畑千栄子,女子,セ・成瀬,19.22,,,,,,,,,15.74,,,14/6
251,76,2024,5,11,短水路,個人,5,25m自由形,女子,,,,,,65～69歳,13,島本かをる,女子,セ・溝ノ口,19.33,,,,,,,,,15.74,,,6/6
252,76,2024,5,11,短水路,個人,5,25m自由形,女子,,,,,,65～69歳,14,三嶋祐子,女子,セ・阿佐谷,19.48,,,,,,,,,15.74,,,15/5
253,76,2024,5,11,短水路,個人,5,25m自由形,女子,,,,,,65～69歳,15,小笠原三春,女子,セ・八王子,19.54,,,,,,,,,15.74,,,15/6
254,76,2024,5,11,短水路,個人,5,25m自由形,女子,,,,,,65～69歳,16,古宇田淳子,女子,セ・南千住,19.82,,,,,,,,,15.74,,,17/5
255,76,2024,5,11,短水路,個人,5,25m自由形,女子,,,,,,65～69歳,17,須田菜奈子,女子,セ・桶川北本,19.95,,,,,,,,,15.74,,,1/5
256,76,2024,5,11,短水路,個人,5,25m自由形,女子,,,,,,65～69歳,18,小沢邦恵,女子,セ・二俣川,20.66,,,,,,,,,15.74,,,14/2
257,76,2024,5,11,短水路,個人,5,25m自由形,女子,,,,,,65～69歳,19,中西トモ子,女子,セ・越谷,21.34,,,,,,,,,15.74,,,15/3
258,76,2024,5,11,短水路,個人,5,25m自由形,女子,,,,,,65～69歳,20,池田真理子,女子,セ・大森,21.94,,,,,,,,,15.74,,,5/8
259,76,2024,5,11,短水路,個人,5,25m自由形,女子,,,,,,65～69歳,21,藤井道子,女子,セ・我孫子,22.33,,,,,,,,,15.74,,,2/1
260,76,2024,5,11,短水路,個人,5,25m自由形,女子,,,,,,65～69歳,22,齋藤準子,女子,セ・茂原,22.64,,,,,,,,,15.74,,,11/2
261,76,2024,5,11,短水路,個人,5,25m自由形,女子,,,,,,65～69歳,23,大塩郁子,女子,セ・新浦安,23.12,,,,,,,,,15.74,,,11/6
262,76,2024,5,11,短水路,個人,5,25m自由形,女子,,,,,,65～69歳,24,太田拓江,女子,セ・戸塚,23.13,,,,,,,,,15.74,,,6/1
263,76,2024,5,11,短水路,個人,5,25m自由形,女子,,,,,,65～69歳,25,池長幸子,女子,セ・桶川北本,23.51,,,,,,,,,15.74,,,3/7
264,76,2024,5,11,短水路,個人,5,25m自由形,女子,,,,,,65～69歳,26,大西和子,女子,セ・天王洲,24.16,,,,,,,,,15.74,,,8/4
265,76,2024,5,11,短水路,個人,5,25m自由形,女子,,,,,,65～69歳,27,中島初美,女子,セ・大森,24.71,,,,,,,,,15.74,,,7/1
266,76,2024,5,11,短水路,個人,5,25m自由形,女子,,,,,,65～69歳,28,木村恵,女子,セ・我孫子,27.79,,,,,,,,,15.74,,,3/6
267,76,2024,5,11,短水路,個人,5,25m自由形,女子,,,,,,65～69歳,29,小高和子,女子,セ・桶川北本,28.34,,,,,,,,,15.74,,,1/1
268,76,2024,5,11,短水路,個人,5,25m自由形,女子,,,,,,65～69歳,30,加藤かずみ,女子,セ・八王子,28.81,,,,,,,,,15.74,,,2/7
269,76,2024,5,11,短水路,個人,5,25m自由形,女子,,,,,,60～64歳,1,永瀬秀子,女子,セ・二俣川,14.79,,,,,,,,,14.50,,,26/8
270,76,2024,5,11,短水路,個人,5,25m自由形,女子,,,,,,60～64歳,2,佐藤明美,女子,セ・館山,16.29,,,,,,,,,14.50,,,23/5
271,76,2024,5,11,短水路,個人,5,25m自由形,女子,,,,,,60～64歳,3,大槻真由美,女子,セ・清瀬,16.92,,,,,,,,,14.50,,,22/4
272,76,2024,5,11,短水路,個人,5,25m自由形,女子,,,,,,60～64歳,4,福原美奈,女子,セ・稲毛海岸,17.34,,,,,,,,,14.50,,,12/7
273,76,2024,5,11,短水路,個人,5,25m自由形,女子,,,,,,60～64歳,5,伊藤みどり,女子,セ・能見台,17.45,,,,,,,,,14.50,,,19/7
274,76,2024,5,11,短水路,個人,5,25m自由形,女子,,,,,,60～64歳,6,高橋裕子,女子,セ・葛西,17.51,,,,,,,,,14.50,,,23/4
275,76,2024,5,11,短水路,個人,5,25m自由形,女子,,,,,,60～64歳,7,井上知美,女子,セ・府中,17.65,,,,,,,,,14.50,,,12/2
276,76,2024,5,11,短水路,個人,5,25m自由形,女子,,,,,,60～64歳,8,神保清美,女子,セ・自由が丘,17.81,,,,,,,,,14.50,,,22/6
277,76,2024,5,11,短水路,個人,5,25m自由形,女子,,,,,,60～64歳,9,大原清美,女子,セ・阿佐谷,17.96,,,,,,,,,14.50,,,21/1
278,76,2024,5,11,短水路,個人,5,25m自由形,女子,,,,,,60～64歳,10,高橋久美,女子,セ・市川,17.97,,,,,,,,,14.50,,,22/7
279,76,2024,5,11,短水路,個人,5,25m自由形,女子,,,,,,60～64歳,11,北嶋春美,女子,セ・湘南LT,18.57,,,,,,,,,14.50,,,21/7
280,76,2024,5,11,短水路,個人,5,25m自由形,女子,,,,,,60～64歳,12,清水孝子,女子,セ・福生,18.75,,,,,,,,,14.50,,,17/3
281,76,2024,5,11,短水路,個人,5,25m自由形,女子,,,,,,60～64歳,13,宮田ひとみ,女子,セ・阿佐谷,18.93,,,,,,,,,14.50,,,20/2
282,76,2024,5,11,短水路,個人,5,25m自由形,女子,,,,,,60～64歳,14,吉田有子,女子,セ・館山,19.08,,,,,,,,,14.50,,,19/5
283,76,2024,5,11,短水路,個人,5,25m自由形,女子,,,,,,60～64歳,15,米林清子,女子,セ・越谷,19.49,,,,,,,,,14.50,,,18/3
284,76,2024,5,11,短水路,個人,5,25m自由形,女子,,,,,,60～64歳,16,野澤典子,女子,セ・戸塚,19.62,,,,,,,,,14.50,,,11/7
285,76,2024,5,11,短水路,個人,5,25m自由形,女子,,,,,,60～64歳,17,蛯名とも子,女子,セ・志木,19.77,,,,,,,,,14.50,,,19/3
286,76,2024,5,11,短水路,個人,5,25m自由形,女子,,,,,,60～64歳,18,佐々木政子,女子,セ・大森,21.63,,,,,,,,,14.50,,,8/5
287,76,2024,5,11,短水路,個人,5,25m自由形,女子,,,,,,60～64歳,19,菊池佐千代,女子,セ・流山,23.21,,,,,,,,,14.50,,,1/7
288,76,2024,5,11,短水路,個人,5,25m自由形,女子,,,,,,55～59歳,1,村田由里子,女子,セ・茂原,15.12,,,,,,,,,14.36,,,25/5
289,76,2024,5,11,短水路,個人,5,25m自由形,女子,,,,,,55～59歳,2,八尋加苗,女子,セ・松戸,15.42,,,,,,,,,14.36,,,25/2
290,76,2024,5,11,短水路,個人,5,25m自由形,女子,,,,,,55～59歳,3,唐鎌典子,女子,セ・千葉みなと,15.58,,,,,,,,,14.36,,,25/1
291,76,2024,5,11,短水路,個人,5,25m自由形,女子,,,,,,55～59歳,4,横尾しずか,女子,セ・用賀,15.65,,,,,,,,,14.36,,,21/3
292,76,2024,5,11,短水路,個人,5,25m自由形,女子,,,,,,55～59歳,5,小倉直美,女子,セ・清瀬,16.33,,,,,,,,,14.36,,,24/7
293,76,2024,5,11,短水路,個人,5,25m自由形,女子,,,,,,55～59歳,6,佐藤美絵子,女子,セ・清瀬,16.63,,,,,,,,,14.36,,,21/5
294,76,2024,5,11,短水路,個人,5,25m自由形,女子,,,,,,55～59歳,7,角南美貴,女子,セ・我孫子,16.86,,,,,,,,,14.36,,,15/7
295,76,2024,5,11,短水路,個人,5,25m自由形,女子,,,,,,55～59歳,8,柳澤聡子,女子,セ・大宮宮原,17.23,,,,,,,,,14.36,,,3/1
296,76,2024,5,11,短水路,個人,5,25m自由形,女子,,,,,,55～59歳,9,安藤真奈美,女子,セ・新浦安,17.50,,,,,,,,,14.36,,,22/5
297,76,2024,5,11,短水路,個人,5,25m自由形,女子,,,,,,55～59歳,10,澤野貴子,女子,セ・葛西,18.04,,,,,,,,,14.36,,,12/8
298,76,2024,5,11,短水路,個人,5,25m自由形,女子,,,,,,55～59歳,11,小林名緒子,女子,セ・大森,18.20,,,,,,,,,14.36,,,17/6
299,76,2024,5,11,短水路,個人,5,25m自由形,女子,,,,,,55～59歳,12,下段千寿子,女子,セ・越谷,18.40,,,,,,,,,14.36,,,15/2
300,76,2024,5,11,短水路,個人,5,25m自由形,女子,,,,,,55～59歳,13,山田明子,女子,セ・新浦安,18.59,,,,,,,,,14.36,,,20/7
301,76,2024,5,11,短水路,個人,5,25m自由形,女子,,,,,,55～59歳,14,佐藤直子,女子,セ・我孫子,18.80,,,,,,,,,14.36,,,17/2
302,76,2024,5,11,短水路,個人,5,25m自由形,女子,,,,,,55～59歳,15,二ノ宮美佳,女子,セ・越谷,18.84,,,,,,,,,14.36,,,20/4
303,76,2024,5,11,短水路,個人,5,25m自由形,女子,,,,,,55～59歳,16,棚橋悦子,女子,セ・自由が丘,18.98,,,,,,,,,14.36,,,19/2
304,76,2024,5,11,短水路,個人,5,25m自由形,女子,,,,,,55～59歳,17,蔵屋由紀子,女子,セ・新川崎,19.41,,,,,,,,,14.36,,,20/1
305,76,2024,5,11,短水路,個人,5,25m自由形,女子,,,,,,55～59歳,18,レントフェルト慶子,女子,セ・清瀬,19.80,,,,,,,,,14.36,,,12/1
306,76,2024,5,11,短水路,個人,5,25m自由形,女子,,,,,,55～59歳,19,五十嵐美華,女子,セ・平塚,20.05,,,,,,,,,14.36,,,22/8
307,76,2024,5,11,短水路,個人,5,25m自由形,女子,,,,,,55～59歳,20,富樫真樹子,女子,セ・用賀,20.11,,,,,,,,,14.36,,,14/7
308,76,2024,5,11,短水路,個人,5,25m自由形,女子,,,,,,55～59歳,21,植草美香子,女子,セ・横浜,22.05,,,,,,,,,14.36,,,11/1
309,76,2024,5,11,短水路,個人,5,25m自由形,女子,,,,,,55～59歳,22,日置睦,女子,セ・我孫子,22.11,,,,,,,,,14.36,,,4/7
310,76,2024,5,11,短水路,個人,5,25m自由形,女子,,,,,,55～59歳,23,安部みえ子,女子,セ・桶川北本,22.74,,,,,,,,,14.36,,,1/3
311,76,2024,5,11,短水路,個人,5,25m自由形,女子,,,,,,55～59歳,24,鈴木喜代子,女子,セ・茂原,23.73,,,,,,,,,14.36,,,8/6
312,76,2024,5,11,短水路,個人,5,25m自由形,女子,,,,,,55～59歳,,平澤馨,女子,セ・府中,,,,,,,,,,14.36,,,8/3
313,76,2024,5,11,短水路,個人,5,25m自由形,女子,,,,,,55～59歳,,森内裕子,女子,セ・天王洲,,,,,,,,,,14.36,,,21/6
314,76,2024,5,11,短水路,個人,5,25m自由形,女子,,,,,,50～54歳,1,綿貫麻衣子,女子,セ・市ヶ尾,14.42,,,,,,,,,14.02,,,26/6
315,76,2024,5,11,短水路,個人,5,25m自由形,女子,,,,,,50～54歳,2,工藤遵江,女子,セ・F宇都宮,14.59,,,,,,,,,14.02,,,26/3
316,76,2024,5,11,短水路,個人,5,25m自由形,女子,,,,,,50～54歳,3,柳有美子,女子,セ・おおたか,15.22,,,,,,,,,14.02,,,25/3
317,76,2024,5,11,短水路,個人,5,25m自由形,女子,,,,,,50～54歳,4,高橋圭,女子,セ・松戸,15.42,,,,,,,,,14.02,,,24/8
318,76,2024,5,11,短水路,個人,5,25m自由形,女子,,,,,,50～54歳,5,清水友美,女子,セ・S湘南台,16.78,,,,,,,,,14.02,,,24/1
319,76,2024,5,11,短水路,個人,5,25m自由形,女子,,,,,,50～54歳,6,田原文月,女子,セ・南千住,17.09,,,,,,,,,14.02,,,22/3
320,76,2024,5,11,短水路,個人,5,25m自由形,女子,,,,,,50～54歳,7,酒井貴代,女子,セ・大森,18.04,,,,,,,,,14.02,,,9/7
321,76,2024,5,11,短水路,個人,5,25m自由形,女子,,,,,,50～54歳,8,佐藤晶子,女子,セ・おおたか,18.40,,,,,,,,,14.02,,,18/7
322,76,2024,5,11,短水路,個人,5,25m自由形,女子,,,,,,50～54歳,9,中村奈穂美,女子,セ・越谷,19.13,,,,,,,,,14.02,,,17/1
323,76,2024,5,11,短水路,個人,5,25m自由形,女子,,,,,,50～54歳,10,石川美恵子,女子,セ・長津田,19.51,,,,,,,,,14.02,,,13/1
324,76,2024,5,11,短水路,個人,5,25m自由形,女子,,,,,,50～54歳,11,森信子,女子,セ・大森,19.54,,,,,,,,,14.02,,,18/5
325,76,2024,5,11,短水路,個人,5,25m自由形,女子,,,,,,50～54歳,12,山崎悦子,女子,クリーンスパ,20.11,,,,,,,,,14.02,,,18/4
326,76,2024,5,11,短水路,個人,5,25m自由形,女子,,,,,,50～54歳,13,田上麻紀,女子,セ・久喜,20.41,,,,,,,,,14.02,,,17/7
327,76,2024,5,11,短水路,個人,5,25m自由形,女子,,,,,,50～54歳,14,清水香,女子,セ・横浜,20.45,,,,,,,,,14.02,,,8/2
328,76,2024,5,11,短水路,個人,5,25m自由形,女子,,,,,,50～54歳,15,小川史枝,女子,セ・越谷LT,20.61,,,,,,,,,14.02,,,15/1
329,76,2024,5,11,短水路,個人,5,25m自由形,女子,,,,,,50～54歳,16,片岡久美子,女子,セ・茂原,20.85,,,,,,,,,14.02,,,8/7
330,76,2024,5,11,短水路,個人,5,25m自由形,女子,,,,,,50～54歳,17,飯塚かずよ,女子,セ・清瀬,21.17,,,,,,,,,14.02,,,13/7
331,76,2024,5,11,短水路,個人,5,25m自由形,女子,,,,,,50～54歳,18,久保洋子,女子,セ・流山,25.56,,,,,,,,,14.02,12.58,,6/8
332,76,2024,5,11,短水路,個人,5,25m自由形,女子,,,,,,45～49歳,1,大黒明日香,女子,セ・清瀬,14.96,,,,,,,,,13.64,,,25/6
333,76,2024,5,11,短水路,個人,5,25m自由形,女子,,,,,,45～49歳,2,高橋真美,女子,セ・志木,15.73,,,,,,,,,13.64,,,25/7
334,76,2024,5,11,短水路,個人,5,25m自由形,女子,,,,,,45～49歳,3,清水佳苗,女子,曽谷・セ,15.94,,,,,,,,,13.64,,,22/2
335,76,2024,5,11,短水路,個人,5,25m自由形,女子,,,,,,45～49歳,4,平林由美,女子,CS南行徳,17.33,,,,,,,,,13.64,,,23/3
336,76,2024,5,11,短水路,個人,5,25m自由形,女子,,,,,,45～49歳,5,市川百合子,女子,セ・大宮宮原,18.17,,,,,,,,,13.64,,,8/1
337,76,2024,5,11,短水路,個人,5,25m自由形,女子,,,,,,45～49歳,6,下山雅子,女子,セ・茂原,18.75,,,,,,,,,13.64,,,1/4
338,76,2024,5,11,短水路,個人,5,25m自由形,女子,,,,,,45～49歳,7,成重夏紀,女子,セ・藤沢,20.34,,,,,,,,,13.64,,,13/8
339,76,2024,5,11,短水路,個人,5,25m自由形,女子,,,,,,45～49歳,8,大野祐子,女子,CS南行徳,20.38,,,,,,,,,13.64,,,17/8
340,76,2024,5,11,短水路,個人,5,25m自由形,女子,,,,,,45～49歳,9,小林恵理子,女子,セ・蘇我,20.89,,,,,,,,,13.64,,,13/2
341,76,2024,5,11,短水路,個人,5,25m自由形,女子,,,,,,45～49歳,10,星郁恵,女子,セ・南千住,21.42,,,,,,,,,13.64,,,18/2
342,76,2024,5,11,短水路,個人,5,25m自由形,女子,,,,,,45～49歳,11,斉藤靖子,女子,セ・目黒,22.66,,,,,,,,,13.64,,,9/2
343,76,2024,5,11,短水路,個人,5,25m自由形,女子,,,,,,40～44歳,1,宮本八重,女子,セ・慶應日吉,13.88,,,,,,,,,13.48,,,26/2
344,76,2024,5,11,短水路,個人,5,25m自由形,女子,,,,,,40～44歳,2,小豆澤和代,女子,セ・慶應日吉,14.92,,,,,,,,,13.48,,,26/5
345,76,2024,5,11,短水路,個人,5,25m自由形,女子,,,,,,40～44歳,3,西山春苗,女子,セ・二俣川,15.33,,,,,,,,,13.48,,,24/4
346,76,2024,5,11,短水路,個人,5,25m自由形,女子,,,,,,40～44歳,4,四井美穂,女子,セ・天王洲,15.33,,,,,,,,,13.48,,,24/5
347,76,2024,5,11,短水路,個人,5,25m自由形,女子,,,,,,40～44歳,5,町田麻里,女子,セ・南千住,17.66,,,,,,,,,13.48,,,23/1
348,76,2024,5,11,短水路,個人,5,25m自由形,女子,,,,,,40～44歳,6,吉田瑠夏,女子,曽谷・セ,18.76,,,,,,,,,13.48,,,19/1
349,76,2024,5,11,短水路,個人,5,25m自由形,女子,,,,,,40～44歳,7,小山内詔子,女子,セ・下北沢,20.26,,,,,,,,,13.48,,,3/8
350,76,2024,5,11,短水路,個人,5,25m自由形,女子,,,,,,40～44歳,8,白花茉莉,女子,セ・久喜,21.09,,,,,,,,,13.48,,,8/8
351,76,2024,5,11,短水路,個人,5,25m自由形,女子,,,,,,35～39歳,1,青木梨緒,女子,セ・葛西,13.74,,,,,,,,,13.06,,,26/4
352,76,2024,5,11,短水路,個人,5,25m自由形,女子,,,,,,35～39歳,2,新井亜衣,女子,セ・市川,14.11,,,,,,,,,13.06,,,24/6
353,76,2024,5,11,短水路,個人,5,25m自由形,女子,,,,,,35～39歳,3,川北恵,女子,セ・長津田,14.18,,,,,,,,,13.06,,,26/7
354,76,2024,5,11,短水路,個人,5,25m自由形,女子,,,,,,35～39歳,4,長瀬涼佳,女子,セ・二俣川,14.53,,,,,,,,,13.06,,,26/1
355,76,2024,5,11,短水路,個人,5,25m自由形,女子,,,,,,35～39歳,5,小林貴美代,女子,セ・稲毛海岸,14.76,,,,,,,,,13.06,,,24/3
356,76,2024,5,11,短水路,個人,5,25m自由形,女子,,,,,,35～39歳,6,相賀由衣,女子,セ・自由が丘,16.10,,,,,,,,,13.06,,,20/3
357,76,2024,5,11,短水路,個人,5,25m自由形,女子,,,,,,35～39歳,7,中辻澄美,女子,セ・天王洲,17.05,,,,,,,,,13.06,,,23/6
358,76,2024,5,11,短水路,個人,5,25m自由形,女子,,,,,,35～39歳,8,李鎬善,女子,セ・目黒,17.52,,,,,,,,,13.06,,,21/8
359,76,2024,5,11,短水路,個人,5,25m自由形,女子,,,,,,35～39歳,9,RacaruGabriela,女子,セ・慶應日吉,18.91,,,,,,,,,13.06,11.97,,15/8
360,76,2024,5,11,短水路,個人,5,25m自由形,女子,,,,,,30～34歳,1,小堀友美,女子,セ・南千住,14.22,,,,,,,,,13.18,,,25/4
361,76,2024,5,11,短水路,個人,5,25m自由形,女子,,,,,,30～34歳,2,近藤幸乃,女子,セ・二俣川,15.32,,,,,,,,,13.18,,,25/8
362,76,2024,5,11,短水路,個人,5,25m自由形,女子,,,,,,30～34歳,3,岡澤美咲,女子,セ・茂原,17.52,,,,,,,,,13.18,,,18/8
363,76,2024,5,11,短水路,個人,5,25m自由形,女子,,,,,,30～34歳,4,角田優佳里,女子,セ・青砥,18.93,,,,,,,,,13.18,,,23/2
364,76,2024,5,11,短水路,個人,5,25m自由形,女子,,,,,,30～34歳,5,熊谷紗友梨,女子,セ・S湘南台,19.41,,,,,,,,,13.18,,,20/8
365,76,2024,5,11,短水路,個人,5,25m自由形,女子,,,,,,25～29歳,1,二宮若葉,女子,セ・南青山,14.70,,,,,,,,,13.09,,,23/8
366,76,2024,5,11,短水路,個人,5,25m自由形,女子,,,,,,25～29歳,2,大岩麻椰,女子,セ・茂原,16.16,,,,,,,,,13.09,,,11/8
367,76,2024,5,11,短水路,個人,5,25m自由形,女子,,,,,,18～24歳,1,田嶋由佳,女子,セ・F宇都宮,14.50,,,,,,,,,12.85,,,23/7
368,76,2024,5,11,短水路,個人,5,25m自由形,女子,,,,,,18～24歳,2,副島さくら,女子,セ・葛西,14.67,,,,,,,,,12.85,,,24/2
369,76,2024,5,11,短水路,個人,6,25m自由形,男子,,,,,,90～94歳,1,椎野正敏,男子,セ・越谷,23.51,,,,,,,,,23.32,14.30,,2/2
370,76,2024,5,11,短水路,個人,6,25m自由形,男子,,,,,,80～84歳,1,中村欣正,男子,セ・流山,17.59,,,,,,,,,16.09,,,6/7
371,76,2024,5,11,短水路,個人,6,25m自由形,男子,,,,,,80～84歳,2,小田稔,男子,セ・慶應日吉,19.28,,,,,,,,,16.09,,,4/6
372,76,2024,5,11,短水路,個人,6,25m自由形,男子,,,,,,80～84歳,3,若岡利夫,男子,セ・蘇我,19.39,,,,,,,,,16.09,,,2/5
373,76,2024,5,11,短水路,個人,6,25m自由形,男子,,,,,,80～84歳,4,保谷由夫,男子,Ｇ－ＳＰＡ,20.26,,,,,,,,,16.09,,,4/7
374,76,2024,5,11,短水路,個人,6,25m自由形,男子,,,,,,80～84歳,5,増山晶一,男子,セ・下北沢,21.27,,,,,,,,,16.09,,,2/6
375,76,2024,5,11,短水路,個人,6,25m自由形,男子,,,,,,80～84歳,6,高木誠,男子,セ・我孫子,22.62,,,,,,,,,16.09,,,3/4
376,76,2024,5,11,短水路,個人,6,25m自由形,男子,,,,,,80～84歳,7,佐々木正志,男子,曽谷・セ,22.69,,,,,,,,,16.09,,,3/7
377,76,2024,5,11,短水路,個人,6,25m自由形,男子,,,,,,80～84歳,,谷口治典,男子,セ・久喜,,,,,,,,,,16.09,,,6/2
378,76,2024,5,11,短水路,個人,6,25m自由形,男子,,,,,,75～79歳,1,山村茂,男子,セ・南千住,17.16,,,,,,,,,13.49,,,4/5
379,76,2024,5,11,短水路,個人,6,25m自由形,男子,,,,,,75～79歳,2,丸喜章,男子,セ・茂原,17.70,,,,,,,,,13.49,,,9/3
380,76,2024,5,11,短水路,個人,6,25m自由形,男子,,,,,,75～79歳,3,瀧下敏和,男子,セ・志木,18.24,,,,,,,,,13.49,,,6/4
381,76,2024,5,11,短水路,個人,6,25m自由形,男子,,,,,,75～79歳,4,太田与洋,男子,セ・新浦安,20.35,,,,,,,,,13.49,,,4/3
382,76,2024,5,11,短水路,個人,6,25m自由形,男子,,,,,,75～79歳,5,松永勝,男子,セ・おおたか,20.50,,,,,,,,,13.49,,,3/5
383,76,2024,5,11,短水路,個人,6,25m自由形,男子,,,,,,75～79歳,6,泉保央,男子,セ・慶應日吉,20.69,,,,,,,,,13.49,,,4/4
384,76,2024,5,11,短水路,個人,6,25m自由形,男子,,,,,,75～79歳,7,手塚満,男子,セ・おおたか,20.81,,,,,,,,,13.49,,,4/2
385,76,2024,5,11,短水路,個人,6,25m自由形,男子,,,,,,75～79歳,8,内田幸稔,男子,セ・松戸,20.84,,,,,,,,,13.49,,,5/4
386,76,2024,5,11,短水路,個人,6,25m自由形,男子,,,,,,75～79歳,9,阿達謙一,男子,セ・大森,20.99,,,,,,,,,13.49,,,2/7
387,76,2024,5,11,短水路,個人,6,25m自由形,男子,,,,,,75～79歳,10,松村博司,男子,セ・久喜,21.28,,,,,,,,,13.49,,,3/3
388,76,2024,5,11,短水路,個人,6,25m自由形,男子,,,,,,75～79歳,11,小野田義人,男子,セ・自由が丘,22.19,,,,,,,,,13.49,,,1/2
389,76,2024,5,11,短水路,個人,6,25m自由形,男子,,,,,,75～79歳,12,岡本孝夫,男子,セ・新川崎,24.10,,,,,,,,,13.49,,,3/8
390,76,2024,5,11,短水路,個人,6,25m自由形,男子,,,,,,70～74歳,1,大倉健志,男子,セ・流山,16.59,,,,,,,,,12.97,,,8/2
391,76,2024,5,11,短水路,個人,6,25m自由形,男子,,,,,,70～74歳,2,幡場達明,男子,セ・大宮宮原,16.76,,,,,,,,,12.97,,,8/6
392,76,2024,5,11,短水路,個人,6,25m自由形,男子,,,,,,70～74歳,3,小山三千生,男子,セ・清瀬,17.19,,,,,,,,,12.97,,,6/5
393,76,2024,5,11,短水路,個人,6,25m自由形,男子,,,,,,70～74歳,4,橋本亘,男子,セ・おおたか,18.51,,,,,,,,,12.97,,,3/6
394,76,2024,5,11,短水路,個人,6,25m自由形,男子,,,,,,70～74歳,5,松下達一,男子,セ・成城,18.71,,,,,,,,,12.97,,,6/6
395,76,2024,5,11,短水路,個人,6,25m自由形,男子,,,,,,70～74歳,6,中村雄一,男子,Ｇ－ＳＰＡ,18.88,,,,,,,,,12.97,,,6/3
396,76,2024,5,11,短水路,個人,6,25m自由形,男子,,,,,,70～74歳,7,山田幸男,男子,セ・南千住,19.55,,,,,,,,,12.97,,,3/1
397,76,2024,5,11,短水路,個人,6,25m自由形,男子,,,,,,70～74歳,8,森下善夫,男子,セ・大宮宮原,19.82,,,,,,,,,12.97,,,6/8
398,76,2024,5,11,短水路,個人,6,25m自由形,男子,,,,,,70～74歳,9,大久保美伸,男子,セ・松戸,20.13,,,,,,,,,12.97,,,5/2
399,76,2024,5,11,短水路,個人,6,25m自由形,男子,,,,,,70～74歳,10,斉藤雄一,男子,セ・上池袋,20.31,,,,,,,,,12.97,,,5/3
400,76,2024,5,11,短水路,個人,6,25m自由形,男子,,,,,,70～74歳,11,高橋修一,男子,セ・我孫子,22.15,,,,,,,,,12.97,,,1/6
401,76,2024,5,11,短水路,個人,6,25m自由形,男子,,,,,,70～74歳,12,永島聡,男子,セ・戸塚,22.96,,,,,,,,,12.97,,,2/4
402,76,2024,5,11,短水路,個人,6,25m自由形,男子,,,,,,70～74歳,,鈴木正基,男子,セ・阿佐谷,,,,,,,,,,12.97,,,7/6
403,76,2024,5,11,短水路,個人,6,25m自由形,男子,,,,,,65～69歳,1,富松実,男子,セ・二俣川,14.21,,,,,,,,,12.63,,,13/3
404,76,2024,5,11,短水路,個人,6,25m自由形,男子,,,,,,65～69歳,2,井上昌臣,男子,セ・西東京,14.91,,,,,,,,,12.63,,,7/2
405,76,2024,5,11,短水路,個人,6,25m自由形,男子,,,,,,65～69歳,3,五十嵐洋,男子,セ・おおたか,14.96,,,,,,,,,12.63,,,8/5
406,76,2024,5,11,短水路,個人,6,25m自由形,男子,,,,,,65～69歳,4,林誠,男子,セ・湘南ＬＴ,15.97,,,,,,,,,12.63,,,11/1
407,76,2024,5,11,短水路,個人,6,25m自由形,男子,,,,,,65～69歳,5,山中一男,男子,セ・阿佐谷,16.35,,,,,,,,,12.63,,,9/5
408,76,2024,5,11,短水路,個人,6,25m自由形,男子,,,,,,65～69歳,6,仲宇佐隆一,男子,セ・横浜,16.68,,,,,,,,,12.63,,,8/7
409,76,2024,5,11,短水路,個人,6,25m自由形,男子,,,,,,65～69歳,7,渡辺正俊,男子,セ・流山,16.89,,,,,,,,,12.63,,,8/4
410,76,2024,5,11,短水路,個人,6,25m自由形,男子,,,,,,65～69歳,8,柴田三千男,男子,墨田区体育館,16.99,,,,,,,,,12.63,,,7/5
411,76,2024,5,11,短水路,個人,6,25m自由形,男子,,,,,,65～69歳,9,堂園徹,男子,セ・天王洲,18.45,,,,,,,,,12.63,,,1/5
412,76,2024,5,11,短水路,個人,6,25m自由形,男子,,,,,,65～69歳,10,金丸正弘,男子,セ・府中,18.47,,,,,,,,,12.63,,,2/1
413,76,2024,5,11,短水路,個人,6,25m自由形,男子,,,,,,65～69歳,11,柳谷一郎,男子,Ｇ－ＳＰＡ,19.60,,,,,,,,,12.63,,,5/5
414,76,2024,5,11,短水路,個人,6,25m自由形,男子,,,,,,65～69歳,12,若山聖亮,男子,Ｇ－ＳＰＡ,21.27,,,,,,,,,12.63,,,2/3
415,76,2024,5,11,短水路,個人,6,25m自由形,男子,,,,,,65～69歳,13,東海林豊,男子,Ｇ－ＳＰＡ,21.95,,,,,,,,,12.63,,,4/8
416,76,2024,5,11,短水路,個人,6,25m自由形,男子,,,,,,60～64歳,1,真島隆,男子,セ・阿佐谷,13.51,,,,,,,,,12.14,,,12/5
417,76,2024,5,11,短水路,個人,6,25m自由形,男子,,,,,,60～64歳,2,安田洋一郎,男子,セ・八千代台,13.73,,,,,,,,,12.14,,,13/8
418,76,2024,5,11,短水路,個人,6,25m自由形,男子,,,,,,60～64歳,3,森明法,男子,セ・慶應日吉,14.73,,,,,,,,,12.14,,,11/3
419,76,2024,5,11,短水路,個人,6,25m自由形,男子,,,,,,60～64歳,4,横浜健,男子,セ・南青山,15.21,,,,,,,,,12.14,,,11/4
420,76,2024,5,11,短水路,個人,6,25m自由形,男子,,,,,,60～64歳,5,丸山恵太,男子,セ・成城,15.72,,,,,,,,,12.14,,,10/2
421,76,2024,5,11,短水路,個人,6,25m自由形,男子,,,,,,60～64歳,6,斉藤正博,男子,セ・我孫子,15.89,,,,,,,,,12.14,,,10/6
422,76,2024,5,11,短水路,個人,6,25m自由形,男子,,,,,,60～64歳,7,中村浩司,男子,セ・青砥,15.93,,,,,,,,,12.14,,,7/7
423,76,2024,5,11,短水路,個人,6,25m自由形,男子,,,,,,60～64歳,8,小島淳,男子,セ・柏,16.03,,,,,,,,,12.14,,,7/1
424,76,2024,5,11,短水路,個人,6,25m自由形,男子,,,,,,60～64歳,9,辻本淳,男子,セ・成瀬,16.35,,,,,,,,,12.14,,,9/4
425,76,2024,5,11,短水路,個人,6,25m自由形,男子,,,,,,60～64歳,10,二宮次郎,男子,セ・南宇都宮,16.79,,,,,,,,,12.14,,,9/6
426,76,2024,5,11,短水路,個人,6,25m自由形,男子,,,,,,60～64歳,11,山元修一,男子,セ・葛西,16.88,,,,,,,,,12.14,,,10/1
427,76,2024,5,11,短水路,個人,6,25m自由形,男子,,,,,,60～64歳,12,後藤潤,男子,セ・成城,16.97,,,,,,,,,12.14,,,8/3
428,76,2024,5,11,短水路,個人,6,25m自由形,男子,,,,,,60～64歳,13,安藤靖,男子,セ・南青山,17.79,,,,,,,,,12.14,,,8/1
429,76,2024,5,11,短水路,個人,6,25m自由形,男子,,,,,,60～64歳,14,塚田和彦,男子,セ・天王洲,22.32,,,,,,,,,12.14,,,1/7
430,76,2024,5,11,短水路,個人,6,25m自由形,男子,,,,,,60～64歳,15,古川勝彦,男子,セ・平塚,27.95,,,,,,,,,12.14,,,5/7
431,76,2024,5,11,短水路,個人,6,25m自由形,男子,,,,,,60～64歳,16,中村努,男子,セ・市川,28.43,,,,,,,,,12.14,,,1/1
432,76,2024,5,11,短水路,個人,6,25m自由形,男子,,,,,,55～59歳,1,阿部憲一,男子,セ・大宮宮原,12.77,,,,,,,,,12.20,,,15/6
433,76,2024,5,11,短水路,個人,6,25m自由形,男子,,,,,,55～59歳,2,山田隆弘,男子,セ・市川,13.94,,,,,,,,,12.20,,,12/1
434,76,2024,5,11,短水路,個人,6,25m自由形,男子,,,,,,55～59歳,3,穴田啓樹,男子,セ・慶應日吉,14.49,,,,,,,,,12.20,,,12/7
435,76,2024,5,11,短水路,個人,6,25m自由形,男子,,,,,,55～59歳,4,田中基幹,男子,セ・流山,14.58,,,,,,,,,12.20,,,10/4
436,76,2024,5,11,短水路,個人,6,25m自由形,男子,,,,,,55～59歳,5,福田義晴,男子,セ・市川,16.63,,,,,,,,,12.20,,,6/1
437,76,2024,5,11,短水路,個人,6,25m自由形,男子,,,,,,55～59歳,6,村田善彦,男子,セ・清瀬,16.75,,,,,,,,,12.20,,,9/2
438,76,2024,5,11,短水路,個人,6,25m自由形,男子,,,,,,55～59歳,7,吉峯幸郎,男子,セ・用賀,16.76,,,,,,,,,12.20,,,10/8
439,76,2024,5,11,短水路,個人,6,25m自由形,男子,,,,,,55～59歳,8,大木義之,男子,セ・清瀬,16.78,,,,,,,,,12.20,,,5/8
440,76,2024,5,11,短水路,個人,6,25m自由形,男子,,,,,,55～59歳,9,小野和彦,男子,セ・新川崎,17.54,,,,,,,,,12.20,,,1/3
441,76,2024,5,11,短水路,個人,6,25m自由形,男子,,,,,,55～59歳,10,星秀樹,男子,セ・大宮宮原,17.77,,,,,,,,,12.20,,,3/2
442,76,2024,5,11,短水路,個人,6,25m自由形,男子,,,,,,55～59歳,11,半澤繁,男子,セ・清瀬,18.84,,,,,,,,,12.20,,,7/8
443,76,2024,5,11,短水路,個人,6,25m自由形,男子,,,,,,55～59歳,12,冨澤正明,男子,セ・青砥,26.73,,,,,,,,,12.20,,,5/1
444,76,2024,5,11,短水路,個人,6,25m自由形,男子,,,,,,50～54歳,1,小森康弘,男子,セ・葛西,11.98,,,,,,,,TRUE,12.31,,,16/7
445,76,2024,5,11,短水路,個人,6,25m自由形,男子,,,,,,50～54歳,2,瀧本英樹,男子,セ・千葉みなと,12.35,,,,,,,,,12.31,,,15/3
446,76,2024,5,11,短水路,個人,6,25m自由形,男子,,,,,,50～54歳,3,大村俊文,男子,セ・二俣川,12.61,,,,,,,,,12.31,,,15/4
447,76,2024,5,11,短水路,個人,6,25m自由形,男子,,,,,,50～54歳,4,石上智啓,男子,セ・二俣川,12.83,,,,,,,,,12.31,,,14/5
448,76,2024,5,11,短水路,個人,6,25m自由形,男子,,,,,,50～54歳,5,渡部弘一,男子,セ・市川,12.97,,,,,,,,,12.31,,,12/4
449,76,2024,5,11,短水路,個人,6,25m自由形,男子,,,,,,50～54歳,6,川端邦武,男子,セ・西台,13.05,,,,,,,,,12.31,,,12/6
450,76,2024,5,11,短水路,個人,6,25m自由形,男子,,,,,,50～54歳,7,松崎敏明,男子,セ・慶應日吉,13.34,,,,,,,,,12.31,,,12/3
451,76,2024,5,11,短水路,個人,6,25m自由形,男子,,,,,,50～54歳,8,足立晃,男子,セ・新川崎,13.45,,,,,,,,,12.31,,,13/4
452,76,2024,5,11,短水路,個人,6,25m自由形,男子,,,,,,50～54歳,9,原田真,男子,セ・葛西,13.95,,,,,,,,,12.31,,,13/6
453,76,2024,5,11,短水路,個人,6,25m自由形,男子,,,,,,50～54歳,10,千葉忠英,男子,セ・天王洲,14.43,,,,,,,,,12.31,,,12/2
454,76,2024,5,11,短水路,個人,6,25m自由形,男子,,,,,,50～54歳,11,宮本昌雄,男子,セ・二俣川,14.70,,,,,,,,,12.31,,,9/7
455,76,2024,5,11,短水路,個人,6,25m自由形,男子,,,,,,50～54歳,12,岡田能行,男子,セ・越谷,14.90,,,,,,,,,12.31,,,11/5
456,76,2024,5,11,短水路,個人,6,25m自由形,男子,,,,,,50～54歳,13,小柳大,男子,ザバス川崎,16.47,,,,,,,,,12.31,,,10/5
457,76,2024,5,11,短水路,個人,6,25m自由形,男子,,,,,,50～54歳,14,竹山智明,男子,セ・慶應日吉,17.81,,,,,,,,,12.31,,,7/3
458,76,2024,5,11,短水路,個人,6,25m自由形,男子,,,,,,50～54歳,15,横溝和功,男子,セ・下北沢,19.75,,,,,,,,,12.31,,,7/4
459,76,2024,5,11,短水路,個人,6,25m自由形,男子,,,,,,50～54歳,16,飯田勝章,男子,セ・志木,20.36,,,,,,,,,12.31,,,5/6
460,76,2024,5,11,短水路,個人,6,25m自由形,男子,,,,,,45～49歳,1,倉持公一,男子,セ・天王洲,12.68,,,,,,,,,11.62,,,15/2
461,76,2024,5,11,短水路,個人,6,25m自由形,男子,,,,,,45～49歳,2,花井一也,男子,セ・長津田,12.74,,,,,,,,,11.62,,,13/7
462,76,2024,5,11,短水路,個人,6,25m自由形,男子,,,,,,45～49歳,3,北川貴義,男子,セ・阿佐谷,12.82,,,,,,,,,11.62,,,15/7
463,76,2024,5,11,短水路,個人,6,25m自由形,男子,,,,,,45～49歳,4,佐々木茂倫,男子,セ・流山,12.98,,,,,,,,,11.62,,,14/3
464,76,2024,5,11,短水路,個人,6,25m自由形,男子,,,,,,45～49歳,5,前田潤,男子,セ・松戸,13.25,,,,,,,,,11.62,,,15/1
465,76,2024,5,11,短水路,個人,6,25m自由形,男子,,,,,,45～49歳,6,宮岡亮介,男子,セ・亀有,13.45,,,,,,,,,11.62,,,14/1
466,76,2024,5,11,短水路,個人,6,25m自由形,男子,,,,,,45～49歳,7,中嶋智史,男子,セ・市ヶ尾,13.92,,,,,,,,,11.62,,,14/8
467,76,2024,5,11,短水路,個人,6,25m自由形,男子,,,,,,45～49歳,8,加藤大輔,男子,セ・横浜,14.21,,,,,,,,,11.62,,,11/6
468,76,2024,5,11,短水路,個人,6,25m自由形,男子,,,,,,45～49歳,9,古屋俊一,男子,セ・ときわ台,14.45,,,,,,,,,11.62,,,13/2
469,76,2024,5,11,短水路,個人,6,25m自由形,男子,,,,,,40～44歳,1,鶴谷学,男子,セ・二俣川,11.38,,,,,,,,TRUE,11.46,,,16/5
470,76,2024,5,11,短水路,個人,6,25m自由形,男子,,,,,,40～44歳,2,島脇晃也,男子,セ・大森,11.53,,,,,,,,,11.46,,,16/6
471,76,2024,5,11,短水路,個人,6,25m自由形,男子,,,,,,40～44歳,3,山賀竜馬,男子,セ・阿佐谷,11.92,,,,,,,,,11.46,,,16/2
472,76,2024,5,11,短水路,個人,6,25m自由形,男子,,,,,,40～44歳,4,川瀬健次,男子,セ・大宮宮原,12.29,,,,,,,,,11.46,,,14/4
473,76,2024,5,11,短水路,個人,6,25m自由形,男子,,,,,,40～44歳,5,清水大輔,男子,セ・桶川北本,16.09,,,,,,,,,11.46,,,1/4
474,76,2024,5,11,短水路,個人,6,25m自由形,男子,,,,,,35～39歳,1,佐々木悠介,男子,セ・福島,15.64,,,,,,,,,11.30,9.94,,10/7
475,76,2024,5,11,短水路,個人,6,25m自由形,男子,,,,,,30～34歳,1,板垣義人,男子,セ・トレッサ,11.09,,,,,,,,,11.08,,,16/4
476,76,2024,5,11,短水路,個人,6,25m自由形,男子,,,,,,30～34歳,2,小方聡,男子,セ・用賀,11.49,,,,,,,,,11.08,,,16/3
477,76,2024,5,11,短水路,個人,6,25m自由形,男子,,,,,,30～34歳,3,高梨大樹,男子,セ・成瀬,11.60,,,,,,,,,11.08,,,16/1
478,76,2024,5,11,短水路,個人,6,25m自由形,男子,,,,,,30～34歳,4,寺田遼太,男子,セ・天王洲,13.23,,,,,,,,,11.08,,,15/8
479,76,2024,5,11,短水路,個人,6,25m自由形,男子,,,,,,30～34歳,5,海老原健太,男子,セ・大森,13.51,,,,,,,,,11.08,,,12/8
480,76,2024,5,11,短水路,個人,6,25m自由形,男子,,,,,,30～34歳,6,大野淳哉,男子,セ・上池袋,14.20,,,,,,,,,11.08,,,13/1
481,76,2024,5,11,短水路,個人,6,25m自由形,男子,,,,,,30～34歳,7,青木怜央奈,男子,セ・市ヶ尾,26.03,,,,,,,,,11.08,,,9/1
482,76,2024,5,11,短水路,個人,6,25m自由形,男子,,,,,,25～29歳,1,竹下翔,男子,セ・長津田,13.07,,,,,,,,,10.76,,,15/5
483,76,2024,5,11,短水路,個人,6,25m自由形,男子,,,,,,25～29歳,2,和田佳明,男子,セ・二俣川,13.56,,,,,,,,,10.76,,,11/2
484,76,2024,5,11,短水路,個人,6,25m自由形,男子,,,,,,25～29歳,3,友國賀津希,男子,セ・葛西,14.30,,,,,,,,,10.76,,,11/7
485,76,2024,5,11,短水路,個人,6,25m自由形,男子,,,,,,18～24歳,1,村田雅治,男子,セ・長津田,12.13,,,,,,,,,10.08,,,14/7
486,76,2024,5,11,短水路,個人,6,25m自由形,男子,,,,,,18～24歳,2,山﨑陸真,男子,セ・二俣川,12.15,,,,,,,,,10.08,,,14/2
487,76,2024,5,11,短水路,個人,6,25m自由形,男子,,,,,,18～24歳,3,青木海斗,男子,セ・用賀,12.22,,,,,,,,,10.08,,,16/8
488,76,2024,5,11,短水路,個人,6,25m自由形,男子,,,,,,18～24歳,4,佐々木駿,男子,セ・流山,15.53,,,,,,,,,10.08,,,9/8
489,76,2024,5,11,短水路,個人,6,25m自由形,男子,,,,,,18～24歳,4,澤井康成,男子,Ｇ－ＳＰＡ,15.53,,,,,,,,,10.08,,,11/8
490,76,2024,5,11,短水路,個人,7,25m背泳ぎ,女子,,,,,,85～89歳,1,田中もみぢ,女子,セ・おおたか,26.89,,,,,,,,,25.72,,,4/3
491,76,2024,5,11,短水路,個人,7,25m背泳ぎ,女子,,,,,,85～89歳,2,須山順子,女子,セ・松戸,28.35,,,,,,,,,25.72,,,7/4
492,76,2024,5,11,短水路,個人,7,25m背泳ぎ,女子,,,,,,85～89歳,3,田之上ノブ,女子,セ・蘇我,29.61,,,,,,,,,25.72,,,5/4
493,76,2024,5,11,短水路,個人,7,25m背泳ぎ,女子,,,,,,85～89歳,4,平田美佐子,女子,セ・天王洲,35.62,,,,,,,,,25.72,,,1/4
494,76,2024,5,11,短水路,個人,7,25m背泳ぎ,女子,,,,,,80～84歳,1,田神洋子,女子,セ・トレッサ,25.96,,,,,,,,,22.70,,,5/3
495,76,2024,5,11,短水路,個人,7,25m背泳ぎ,女子,,,,,,80～84歳,2,舘野圭子,女子,セ・用賀,27.52,,,,,,,,,22.70,,,8/6
496,76,2024,5,11,短水路,個人,7,25m背泳ぎ,女子,,,,,,80～84歳,3,倉元恵子,女子,セ・館山,29.03,,,,,,,,,22.70,,,2/3
497,76,2024,5,11,短水路,個人,7,25m背泳ぎ,女子,,,,,,80～84歳,4,岡本靖子,女子,セ・慶應日吉,29.49,,,,,,,,,22.70,,,5/6
498,76,2024,5,11,短水路,個人,7,25m背泳ぎ,女子,,,,,,80～84歳,5,大浜南海江,女子,セ・目黒,30.83,,,,,,,,,22.70,,,4/6
499,76,2024,5,11,短水路,個人,7,25m背泳ぎ,女子,,,,,,80～84歳,6,相澤和子,女子,セ・新都心,31.18,,,,,,,,,22.70,,,5/5
500,76,2024,5,11,短水路,個人,7,25m背泳ぎ,女子,,,,,,80～84歳,7,川端淑子,女子,セ・天王洲,32.30,,,,,,,,,22.70,,,2/6
501,76,2024,5,11,短水路,個人,7,25m背泳ぎ,女子,,,,,,80～84歳,8,後藤久美子,女子,セ・戸塚,39.54,,,,,,,,,22.70,,,5/2
502,76,2024,5,11,短水路,個人,7,25m背泳ぎ,女子,,,,,,80～84歳,9,柴田幸子,女子,セ・ときわ台,40.04,,,,,,,,,22.70,,,1/7
503,76,2024,5,11,短水路,個人,7,25m背泳ぎ,女子,,,,,,80～84歳,10,加藤直子,女子,セ・横浜,42.38,,,,,,,,,22.70,,,1/3
504,76,2024,5,11,短水路,個人,7,25m背泳ぎ,女子,,,,,,80～84歳,,田中敏子,女子,セ・阿佐谷,,,,,,,,,,22.70,,,2/5
505,76,2024,5,11,短水路,個人,7,25m背泳ぎ,女子,,,,,,75～79歳,1,山本恭子,女子,セ・松戸,25.34,,,,,,,,,22.01,,,10/5
506,76,2024,5,11,短水路,個人,7,25m背泳ぎ,女子,,,,,,75～79歳,2,吉田三枝子,女子,墨田区体育館,25.82,,,,,,,,,22.01,,,8/2
507,76,2024,5,11,短水路,個人,7,25m背泳ぎ,女子,,,,,,75～79歳,3,仲岡輝,女子,セ・我孫子,26.08,,,,,,,,,22.01,,,5/1
508,76,2024,5,11,短水路,個人,7,25m背泳ぎ,女子,,,,,,75～79歳,4,中村敬子,女子,セ・府中,26.38,,,,,,,,,22.01,,,9/2
509,76,2024,5,11,短水路,個人,7,25m背泳ぎ,女子,,,,,,75～79歳,5,福田加代子,女子,セ・戸塚,26.62,,,,,,,,,22.01,,,8/5
510,76,2024,5,11,短水路,個人,7,25m背泳ぎ,女子,,,,,,75～79歳,6,栗林眞知子,女子,セ・成城,26.65,,,,,,,,,22.01,,,4/7
511,76,2024,5,11,短水路,個人,7,25m背泳ぎ,女子,,,,,,75～79歳,7,岡田啓子,女子,セ・桶川北本,26.73,,,,,,,,,22.01,,,4/4
512,76,2024,5,11,短水路,個人,7,25m背泳ぎ,女子,,,,,,75～79歳,8,原田早苗,女子,セ・南千住,26.88,,,,,,,,,22.01,,,7/2
513,76,2024,5,11,短水路,個人,7,25m背泳ぎ,女子,,,,,,75～79歳,9,宮川禮子,女子,セ・清瀬,27.24,,,,,,,,,22.01,,,7/5
514,76,2024,5,11,短水路,個人,7,25m背泳ぎ,女子,,,,,,75～79歳,10,橋本順子,女子,セ・おおたか,27.47,,,,,,,,,22.01,,,3/5
515,76,2024,5,11,短水路,個人,7,25m背泳ぎ,女子,,,,,,75～79歳,11,吉見一江,女子,セ・二俣川,27.56,,,,,,,,,22.01,,,9/4
516,76,2024,5,11,短水路,個人,7,25m背泳ぎ,女子,,,,,,75～79歳,12,松木弘美,女子,セ・志木,28.90,,,,,,,,,22.01,,,2/7
517,76,2024,5,11,短水路,個人,7,25m背泳ぎ,女子,,,,,,75～79歳,13,田村俊子,女子,セ・館山,29.19,,,,,,,,,22.01,,,5/8
518,76,2024,5,11,短水路,個人,7,25m背泳ぎ,女子,,,,,,75～79歳,14,中田和子,女子,セ・越谷,29.99,,,,,,,,,22.01,,,2/2
519,76,2024,5,11,短水路,個人,7,25m背泳ぎ,女子,,,,,,75～79歳,15,後藤節子,女子,セ・松戸,30.25,,,,,,,,,22.01,,,6/4
520,76,2024,5,11,短水路,個人,7,25m背泳ぎ,女子,,,,,,75～79歳,16,石井千枝子,女子,セ・蘇我,30.75,,,,,,,,,22.01,,,6/5
521,76,2024,5,11,短水路,個人,7,25m背泳ぎ,女子,,,,,,75～79歳,17,山本まり子,女子,セ・能見台,31.51,,,,,,,,,22.01,,,3/8
522,76,2024,5,11,短水路,個人,7,25m背泳ぎ,女子,,,,,,75～79歳,18,山口英子,女子,セ・流山,31.57,,,,,,,,,22.01,,,4/2
523,76,2024,5,11,短水路,個人,7,25m背泳ぎ,女子,,,,,,75～79歳,19,船山由美子,女子,セ・戸塚,32.30,,,,,,,,,22.01,,,3/6
524,76,2024,5,11,短水路,個人,7,25m背泳ぎ,女子,,,,,,75～79歳,20,栗原羊子,女子,セ・流山,33.31,,,,,,,,,22.01,,,1/6
525,76,2024,5,11,短水路,個人,7,25m背泳ぎ,女子,,,,,,70～74歳,1,市野克子,女子,セ・大森,22.01,,,,,,,,,20.09,,,11/5
526,76,2024,5,11,短水路,個人,7,25m背泳ぎ,女子,,,,,,70～74歳,2,田中節子,女子,セ・館山,22.18,,,,,,,,,20.09,,,14/3
527,76,2024,5,11,短水路,個人,7,25m背泳ぎ,女子,,,,,,70～74歳,3,松村恵子,女子,セ・葛西,22.32,,,,,,,,,20.09,,,13/4
528,76,2024,5,11,短水路,個人,7,25m背泳ぎ,女子,,,,,,70～74歳,4,石塚孝子,女子,セ・志木,22.86,,,,,,,,,20.09,,,11/3
529,76,2024,5,11,短水路,個人,7,25m背泳ぎ,女子,,,,,,70～74歳,5,川上涼子,女子,セ・蘇我,24.08,,,,,,,,,20.09,,,14/6
530,76,2024,5,11,短水路,個人,7,25m背泳ぎ,女子,,,,,,70～74歳,6,儀保都志子,女子,セ・成瀬,24.41,,,,,,,,,20.09,,,6/3
531,76,2024,5,11,短水路,個人,7,25m背泳ぎ,女子,,,,,,70～74歳,7,相澤史子,女子,セ・松戸,24.87,,,,,,,,,20.09,,,13/8
532,76,2024,5,11,短水路,個人,7,25m背泳ぎ,女子,,,,,,70～74歳,8,高木保子,女子,セ・おおたか,25.17,,,,,,,,,20.09,,,9/3
533,76,2024,5,11,短水路,個人,7,25m背泳ぎ,女子,,,,,,70～74歳,9,鶴本年子,女子,セ・清瀬,26.18,,,,,,,,,20.09,,,10/3
534,76,2024,5,11,短水路,個人,7,25m背泳ぎ,女子,,,,,,70～74歳,10,平山啓子,女子,セ・南青山,26.37,,,,,,,,,20.09,,,10/2
535,76,2024,5,11,短水路,個人,7,25m背泳ぎ,女子,,,,,,70～74歳,11,若松はる子,女子,セ・松戸,27.04,,,,,,,,,20.09,,,7/1
536,76,2024,5,11,短水路,個人,7,25m背泳ぎ,女子,,,,,,70～74歳,12,池淵玲子,女子,セ・慶應日吉,27.42,,,,,,,,,20.09,,,8/1
537,76,2024,5,11,短水路,個人,7,25m背泳ぎ,女子,,,,,,70～74歳,13,永田陽子,女子,セ・戸塚,27.44,,,,,,,,,20.09,,,8/3
538,76,2024,5,11,短水路,個人,7,25m背泳ぎ,女子,,,,,,70～74歳,14,鬼束洋子,女子,セ・天王洲,27.88,,,,,,,,,20.09,,,4/8
539,76,2024,5,11,短水路,個人,7,25m背泳ぎ,女子,,,,,,70～74歳,14,樋口孝子,女子,セ・阿佐谷,27.88,,,,,,,,,20.09,,,11/4
540,76,2024,5,11,短水路,個人,7,25m背泳ぎ,女子,,,,,,70～74歳,16,松村眞理子,女子,セ・久喜,28.75,,,,,,,,,20.09,,,9/5
541,76,2024,5,11,短水路,個人,7,25m背泳ぎ,女子,,,,,,70～74歳,17,安野裕子,女子,セ・新川崎,29.05,,,,,,,,,20.09,,,8/7
542,76,2024,5,11,短水路,個人,7,25m背泳ぎ,女子,,,,,,70～74歳,18,岩塚美恵子,女子,セ・越谷,30.04,,,,,,,,,20.09,,,4/1
543,76,2024,5,11,短水路,個人,7,25m背泳ぎ,女子,,,,,,70～74歳,19,池田真木子,女子,セ・阿佐谷,30.62,,,,,,,,,20.09,,,3/3
544,76,2024,5,11,短水路,個人,7,25m背泳ぎ,女子,,,,,,70～74歳,20,于亜芝,女子,セ・南千住,30.87,,,,,,,,,20.09,,,6/7
545,76,2024,5,11,短水路,個人,7,25m背泳ぎ,女子,,,,,,70～74歳,21,寺西寿賀子,女子,セ・天王洲,31.39,,,,,,,,,20.09,,,10/6
546,76,2024,5,11,短水路,個人,7,25m背泳ぎ,女子,,,,,,70～74歳,22,戸倉陽子,女子,セ・慶應日吉,32.18,,,,,,,,,20.09,,,6/2
547,76,2024,5,11,短水路,個人,7,25m背泳ぎ,女子,,,,,,70～74歳,23,上野俊子,女子,セ・桶川北本,32.49,,,,,,,,,20.09,,,3/4
548,76,2024,5,11,短水路,個人,7,25m背泳ぎ,女子,,,,,,70～74歳,24,石村眞理子,女子,セ・新川崎,33.08,,,,,,,,,20.09,,,3/1
549,76,2024,5,11,短水路,個人,7,25m背泳ぎ,女子,,,,,,65～69歳,1,石田良子,女子,セ・越谷,19.42,,,,,,,,,19.33,,,16/3
550,76,2024,5,11,短水路,個人,7,25m背泳ぎ,女子,,,,,,65～69歳,2,酒井香澄,女子,セ・湘南ＬＴ,20.17,,,,,,,,,19.33,,,17/8
551,76,2024,5,11,短水路,個人,7,25m背泳ぎ,女子,,,,,,65～69歳,3,田邊和歌子,女子,セ・横浜,22.08,,,,,,,,,19.33,,,13/3
552,76,2024,5,11,短水路,個人,7,25m背泳ぎ,女子,,,,,,65～69歳,4,江幡菜穂子,女子,クリーンスパ,22.54,,,,,,,,,19.33,,,11/2
553,76,2024,5,11,短水路,個人,7,25m背泳ぎ,女子,,,,,,65～69歳,5,石崎節代,女子,セ・南千住,22.72,,,,,,,,,19.33,,,14/8
554,76,2024,5,11,短水路,個人,7,25m背泳ぎ,女子,,,,,,65～69歳,6,原昌代,女子,セ・市ヶ尾,22.85,,,,,,,,,19.33,,,13/2
555,76,2024,5,11,短水路,個人,7,25m背泳ぎ,女子,,,,,,65～69歳,7,櫻田琴,女子,セ・天王洲,23.39,,,,,,,,,19.33,,,13/7
556,76,2024,5,11,短水路,個人,7,25m背泳ぎ,女子,,,,,,65～69歳,8,酒谷真砂子,女子,セ・戸塚,23.59,,,,,,,,,19.33,,,13/6
557,76,2024,5,11,短水路,個人,7,25m背泳ぎ,女子,,,,,,65～69歳,9,小宮山美芽,女子,セ・天王洲,24.19,,,,,,,,,19.33,,,11/7
558,76,2024,5,11,短水路,個人,7,25m背泳ぎ,女子,,,,,,65～69歳,10,豊田典子,女子,セ・下北沢,24.62,,,,,,,,,19.33,,,9/6
559,76,2024,5,11,短水路,個人,7,25m背泳ぎ,女子,,,,,,65～69歳,11,掃部典子,女子,曽谷・セ,25.00,,,,,,,,,19.33,,,10/1
560,76,2024,5,11,短水路,個人,7,25m背泳ぎ,女子,,,,,,65～69歳,12,宮原美穂,女子,セ・福生,25.42,,,,,,,,,19.33,,,7/6
561,76,2024,5,11,短水路,個人,7,25m背泳ぎ,女子,,,,,,65～69歳,13,島本かをる,女子,セ・溝ノ口,25.44,,,,,,,,,19.33,,,6/1
562,76,2024,5,11,短水路,個人,7,25m背泳ぎ,女子,,,,,,65～69歳,14,大塩郁子,女子,セ・新浦安,25.88,,,,,,,,,19.33,,,7/3
563,76,2024,5,11,短水路,個人,7,25m背泳ぎ,女子,,,,,,65～69歳,15,新井瑞枝,女子,セ・流山,26.93,,,,,,,,,19.33,,,8/8
564,76,2024,5,11,短水路,個人,7,25m背泳ぎ,女子,,,,,,65～69歳,16,伊藤春美,女子,ザバス川崎,27.13,,,,,,,,,19.33,,,6/8
565,76,2024,5,11,短水路,個人,7,25m背泳ぎ,女子,,,,,,65～69歳,17,畠山眞由美,女子,セ・柏,28.55,,,,,,,,,19.33,,,7/7
566,76,2024,5,11,短水路,個人,7,25m背泳ぎ,女子,,,,,,65～69歳,18,中西トモ子,女子,セ・越谷,30.24,,,,,,,,,19.33,,,7/8
567,76,2024,5,11,短水路,個人,7,25m背泳ぎ,女子,,,,,,60～64歳,1,上野真弓,女子,セ・二俣川,20.29,,,,,,,,,16.60,,,15/5
568,76,2024,5,11,短水路,個人,7,25m背泳ぎ,女子,,,,,,60～64歳,2,佐門明美,女子,セ・館山,20.72,,,,,,,,,16.60,,,15/4
569,76,2024,5,11,短水路,個人,7,25m背泳ぎ,女子,,,,,,60～64歳,3,吉川千晶,女子,Ｇ－ＳＰＡ,20.82,,,,,,,,,16.60,,,15/6
570,76,2024,5,11,短水路,個人,7,25m背泳ぎ,女子,,,,,,60～64歳,4,松田聡美,女子,セ・成城,20.94,,,,,,,,,16.60,,,16/6
571,76,2024,5,11,短水路,個人,7,25m背泳ぎ,女子,,,,,,60～64歳,5,高見沢ゆみ子,女子,セ・慶應日吉,20.98,,,,,,,,,16.60,,,14/4
572,76,2024,5,11,短水路,個人,7,25m背泳ぎ,女子,,,,,,60～64歳,6,盛田真規子,女子,セ・二俣川,22.22,,,,,,,,,16.60,,,14/2
573,76,2024,5,11,短水路,個人,7,25m背泳ぎ,女子,,,,,,60～64歳,7,野崎由美子,女子,セ・おおたか,22.92,,,,,,,,,16.60,,,14/1
574,76,2024,5,11,短水路,個人,7,25m背泳ぎ,女子,,,,,,60～64歳,8,相澤紋美,女子,セ・阿佐谷,23.27,,,,,,,,,16.60,,,12/4
575,76,2024,5,11,短水路,個人,7,25m背泳ぎ,女子,,,,,,60～64歳,9,宮内麻里,女子,曽谷・セ,23.59,,,,,,,,,16.60,,,10/4
576,76,2024,5,11,短水路,個人,7,25m背泳ぎ,女子,,,,,,60～64歳,10,荒川直子,女子,セ・大宮宮原,24.23,,,,,,,,,16.60,,,11/1
577,76,2024,5,11,短水路,個人,7,25m背泳ぎ,女子,,,,,,60～64歳,11,津布楽美恵子,女子,セ・ときわ台,24.89,,,,,,,,,16.60,,,2/4
578,76,2024,5,11,短水路,個人,7,25m背泳ぎ,女子,,,,,,60～64歳,11,吉野ひとみ,女子,セ・松戸,24.89,,,,,,,,,16.60,,,9/7
579,76,2024,5,11,短水路,個人,7,25m背泳ぎ,女子,,,,,,60～64歳,13,三木純子,女子,セ・流山,25.88,,,,,,,,,16.60,,,11/8
580,76,2024,5,11,短水路,個人,7,25m背泳ぎ,女子,,,,,,60～64歳,14,榮真須美,女子,セ・慶應日吉,27.21,,,,,,,,,16.60,,,10/8
581,76,2024,5,11,短水路,個人,7,25m背泳ぎ,女子,,,,,,55～59歳,1,黒瀬早苗,女子,セ・葛西,19.56,,,,,,,,,16.52,,,17/1
582,76,2024,5,11,短水路,個人,7,25m背泳ぎ,女子,,,,,,55～59歳,2,小林のぞみ,女子,セ・越谷,21.05,,,,,,,,,16.52,,,15/8
583,76,2024,5,11,短水路,個人,7,25m背泳ぎ,女子,,,,,,55～59歳,3,中野朗子,女子,セ・慶應日吉,21.15,,,,,,,,,16.52,,,15/7
584,76,2024,5,11,短水路,個人,7,25m背泳ぎ,女子,,,,,,55～59歳,4,小倉直美,女子,セ・清瀬,21.65,,,,,,,,,16.52,,,14/7
585,76,2024,5,11,短水路,個人,7,25m背泳ぎ,女子,,,,,,55～59歳,5,山本登美子,女子,セ・桶川北本,22.21,,,,,,,,,16.52,,,3/2
586,76,2024,5,11,短水路,個人,7,25m背泳ぎ,女子,,,,,,55～59歳,6,小笠原暁子,女子,セ・清瀬,22.31,,,,,,,,,16.52,,,15/1
587,76,2024,5,11,短水路,個人,7,25m背泳ぎ,女子,,,,,,55～59歳,7,レントフェルト慶子,女子,セ・清瀬,23.30,,,,,,,,,16.52,,,13/1
588,76,2024,5,11,短水路,個人,7,25m背泳ぎ,女子,,,,,,55～59歳,8,安部みえ子,女子,セ・桶川北本,28.18,,,,,,,,,16.52,,,1/5
589,76,2024,5,11,短水路,個人,7,25m背泳ぎ,女子,,,,,,55～59歳,9,五十嵐美華,女子,セ・平塚,31.25,,,,,,,,,16.52,,,12/8
590,76,2024,5,11,短水路,個人,7,25m背泳ぎ,女子,,,,,,50～54歳,1,大橋ほづ美,女子,セ・清瀬,17.47,,,,,,,,,16.50,,,16/8
591,76,2024,5,11,短水路,個人,7,25m背泳ぎ,女子,,,,,,50～54歳,2,棚網恵理,女子,セ・阿佐谷,18.45,,,,,,,,,16.50,,,17/2
592,76,2024,5,11,短水路,個人,7,25m背泳ぎ,女子,,,,,,50～54歳,3,五十嵐知佐,女子,セ・おおたか,20.65,,,,,,,,,16.50,,,12/7
593,76,2024,5,11,短水路,個人,7,25m背泳ぎ,女子,,,,,,50～54歳,4,北瀬あづさ,女子,セ・市ヶ尾,21.37,,,,,,,,,16.50,,,12/2
594,76,2024,5,11,短水路,個人,7,25m背泳ぎ,女子,,,,,,50～54歳,5,小林和江,女子,セ・福生,21.69,,,,,,,,,16.50,,,15/2
595,76,2024,5,11,短水路,個人,7,25m背泳ぎ,女子,,,,,,50～54歳,6,森川佳余子,女子,クリーンスパ,21.93,,,,,,,,,16.50,,,15/3
596,76,2024,5,11,短水路,個人,7,25m背泳ぎ,女子,,,,,,50～54歳,7,糸川永利子,女子,セ・用賀,22.61,,,,,,,,,16.50,,,16/1
597,76,2024,5,11,短水路,個人,7,25m背泳ぎ,女子,,,,,,50～54歳,8,飯塚かずよ,女子,セ・清瀬,25.08,,,,,,,,,16.50,,,12/6
598,76,2024,5,11,短水路,個人,7,25m背泳ぎ,女子,,,,,,50～54歳,9,山崎悦子,女子,クリーンスパ,26.93,,,,,,,,,16.50,,,9/1
599,76,2024,5,11,短水路,個人,7,25m背泳ぎ,女子,,,,,,45～49歳,1,遠藤真理,女子,セ・阿佐谷,17.18,,,,,,,,,16.41,,,17/3
600,76,2024,5,11,短水路,個人,7,25m背泳ぎ,女子,,,,,,45～49歳,2,坂本桃枝,女子,Ｇ－ＳＰＡ,17.22,,,,,,,,,16.41,,,17/6
601,76,2024,5,11,短水路,個人,7,25m背泳ぎ,女子,,,,,,45～49歳,3,宇田川美穂,女子,セ・天王洲,19.06,,,,,,,,,16.41,,,16/2
602,76,2024,5,11,短水路,個人,7,25m背泳ぎ,女子,,,,,,45～49歳,4,米倉公美,女子,セ・目黒,20.58,,,,,,,,,16.41,,,16/7
603,76,2024,5,11,短水路,個人,7,25m背泳ぎ,女子,,,,,,45～49歳,5,加藤千恵,女子,セ・茂原,21.45,,,,,,,,,16.41,,,12/1
604,76,2024,5,11,短水路,個人,7,25m背泳ぎ,女子,,,,,,45～49歳,6,下山雅子,女子,セ・茂原,23.56,,,,,,,,,16.41,,,4/5
605,76,2024,5,11,短水路,個人,7,25m背泳ぎ,女子,,,,,,40～44歳,1,丸田紘子,女子,セ・能見台,19.12,,,,,,,,,15.55,,,16/5
606,76,2024,5,11,短水路,個人,7,25m背泳ぎ,女子,,,,,,40～44歳,2,大竹昌子,女子,セ・大森,19.52,,,,,,,,,15.55,,,14/5
607,76,2024,5,11,短水路,個人,7,25m背泳ぎ,女子,,,,,,40～44歳,3,小高麻衣子,女子,セ・市川,19.65,,,,,,,,,15.55,,,16/4
608,76,2024,5,11,短水路,個人,7,25m背泳ぎ,女子,,,,,,40～44歳,4,宮林佑妃,女子,セ・長津田,23.27,,,,,,,,,15.55,,,12/5
609,76,2024,5,11,短水路,個人,7,25m背泳ぎ,女子,,,,,,40～44歳,5,谷美希子,女子,セ・府中,25.56,,,,,,,,,15.55,,,10/7
610,76,2024,5,11,短水路,個人,7,25m背泳ぎ,女子,,,,,,40～44歳,6,小山内詔子,女子,セ・下北沢,28.66,,,,,,,,,15.55,,,1/2
611,76,2024,5,11,短水路,個人,7,25m背泳ぎ,女子,,,,,,25～29歳,1,仲田笑美,女子,セ・成城,15.92,,,,,,,,,14.83,,,17/5
612,76,2024,5,11,短水路,個人,7,25m背泳ぎ,女子,,,,,,25～29歳,2,大岩麻椰,女子,セ・茂原,20.76,,,,,,,,,14.83,,,9/8
613,76,2024,5,11,短水路,個人,7,25m背泳ぎ,女子,,,,,,18～24歳,1,君島凜香,女子,セ・おおたか,14.56,,,,,,,,,14.55,,,17/4
614,76,2024,5,11,短水路,個人,7,25m背泳ぎ,女子,,,,,,18～24歳,2,副島さくら,女子,セ・葛西,17.15,,,,,,,,,14.55,,,17/7
615,76,2024,5,11,短水路,個人,8,25m背泳ぎ,男子,,,,,,80～84歳,1,石川守也,男子,セ・市川,22.53,,,,,,,,,20.14,,,2/4
616,76,2024,5,11,短水路,個人,8,25m背泳ぎ,男子,,,,,,80～84歳,2,谷口治典,男子,セ・久喜,22.81,,,,,,,,,20.14,,,2/7
617,76,2024,5,11,短水路,個人,8,25m背泳ぎ,男子,,,,,,80～84歳,3,井口穣,男子,セ・東戸塚,23.36,,,,,,,,,20.14,,,2/1
618,76,2024,5,11,短水路,個人,8,25m背泳ぎ,男子,,,,,,80～84歳,4,井上隆史,男子,セ・市ヶ尾,24.67,,,,,,,,,20.14,,,1/4
619,76,2024,5,11,短水路,個人,8,25m背泳ぎ,男子,,,,,,80～84歳,5,佐々木正志,男子,曽谷・セ,25.34,,,,,,,,,20.14,,,1/6
620,76,2024,5,11,短水路,個人,8,25m背泳ぎ,男子,,,,,,80～84歳,6,増山晶一,男子,セ・下北沢,28.55,,,,,,,,,20.14,,,1/1
621,76,2024,5,11,短水路,個人,8,25m背泳ぎ,男子,,,,,,75～79歳,1,丸喜章,男子,セ・茂原,21.77,,,,,,,,,19.45,,,2/8
622,76,2024,5,11,短水路,個人,8,25m背泳ぎ,男子,,,,,,75～79歳,2,大内洋,男子,セ・葛西,24.10,,,,,,,,,19.45,,,1/3
623,76,2024,5,11,短水路,個人,8,25m背泳ぎ,男子,,,,,,75～79歳,3,宮瀬吉弘,男子,セ・おおたか,24.30,,,,,,,,,19.45,,,2/6
624,76,2024,5,11,短水路,個人,8,25m背泳ぎ,男子,,,,,,75～79歳,4,神保伸幸,男子,セ・南青山,29.11,,,,,,,,,19.45,,,1/2
625,76,2024,5,11,短水路,個人,8,25m背泳ぎ,男子,,,,,,70～74歳,1,水谷博之,男子,セ・長津田,18.50,,,,,,,,,18.43,,,3/6
626,76,2024,5,11,短水路,個人,8,25m背泳ぎ,男子,,,,,,70～74歳,2,大谷修司,男子,セ・館山,22.20,,,,,,,,,18.43,,,3/1
627,76,2024,5,11,短水路,個人,8,25m背泳ぎ,男子,,,,,,65～69歳,1,會田修一,男子,セ・おおたか,17.36,,,,,,,,TRUE,18.27,,,4/8
628,76,2024,5,11,短水路,個人,8,25m背泳ぎ,男子,,,,,,65～69歳,2,冨松実,男子,セ・二俣川,18.16,,,,,,,,TRUE,18.27,,,4/6
629,76,2024,5,11,短水路,個人,8,25m背泳ぎ,男子,,,,,,65～69歳,3,臼井全人,男子,セ・大宮宮原,19.24,,,,,,,,,18.27,,,3/4
630,76,2024,5,11,短水路,個人,8,25m背泳ぎ,男子,,,,,,65～69歳,4,西森文史郎,男子,セ・長津田,19.74,,,,,,,,,18.27,,,3/8
631,76,2024,5,11,短水路,個人,8,25m背泳ぎ,男子,,,,,,65～69歳,5,岡田博之,男子,セ・流山,20.34,,,,,,,,,18.27,,,2/5
632,76,2024,5,11,短水路,個人,8,25m背泳ぎ,男子,,,,,,65～69歳,6,上原隆男,男子,クリーンスパ,22.64,,,,,,,,,18.27,,,2/3
633,76,2024,5,11,短水路,個人,8,25m背泳ぎ,男子,,,,,,60～64歳,1,蛯名昌彦,男子,セ・志木,20.75,,,,,,,,,14.97,13.55,,2/2
634,76,2024,5,11,短水路,個人,8,25m背泳ぎ,男子,,,,,,55～59歳,1,植田俊介,男子,セ・自由が丘,13.87,,,,,,,,TRUE,13.99,,,5/4
635,76,2024,5,11,短水路,個人,8,25m背泳ぎ,男子,,,,,,55～59歳,2,小倉秀和,男子,セ・清瀬,16.14,,,,,,,,,13.99,,,4/4
636,76,2024,5,11,短水路,個人,8,25m背泳ぎ,男子,,,,,,55～59歳,3,杉原祥之,男子,ザバス鶴見,16.41,,,,,,,,,13.99,,,4/2
637,76,2024,5,11,短水路,個人,8,25m背泳ぎ,男子,,,,,,55～59歳,4,宮川則仁,男子,セ・大宮宮原,16.70,,,,,,,,,13.99,,,4/1
638,76,2024,5,11,短水路,個人,8,25m背泳ぎ,男子,,,,,,55～59歳,5,宮木幸彦,男子,セ・葛西,17.71,,,,,,,,,13.99,,,4/7
639,76,2024,5,11,短水路,個人,8,25m背泳ぎ,男子,,,,,,55～59歳,6,近藤恭彦,男子,セ・松戸,22.28,,,,,,,,,13.99,,,3/2
640,76,2024,5,11,短水路,個人,8,25m背泳ぎ,男子,,,,,,50～54歳,1,河野悟,男子,セ・慶應日吉,15.15,,,,,,,,,13.62,,,5/7
641,76,2024,5,11,短水路,個人,8,25m背泳ぎ,男子,,,,,,50～54歳,2,柄澤英也,男子,セ・用賀,15.95,,,,,,,,,13.62,,,4/5
642,76,2024,5,11,短水路,個人,8,25m背泳ぎ,男子,,,,,,50～54歳,3,新井田將司,男子,セ・トレッサ,16.06,,,,,,,,,13.62,,,4/3
643,76,2024,5,11,短水路,個人,8,25m背泳ぎ,男子,,,,,,50～54歳,4,松本考弘,男子,セ・清瀬,17.32,,,,,,,,,13.62,,,3/5
644,76,2024,5,11,短水路,個人,8,25m背泳ぎ,男子,,,,,,45～49歳,1,長谷川仁,男子,セ・南千住,15.57,,,,,,,,,13.35,,,5/8
645,76,2024,5,11,短水路,個人,8,25m背泳ぎ,男子,,,,,,45～49歳,2,若杉佳宏,男子,セ・阿佐谷,18.83,,,,,,,,,13.35,,,3/3
646,76,2024,5,11,短水路,個人,8,25m背泳ぎ,男子,,,,,,45～49歳,3,李碩晋,男子,セ・福生,23.63,,,,,,,,,13.35,,,1/5
647,76,2024,5,11,短水路,個人,8,25m背泳ぎ,男子,,,,,,40～44歳,1,棚網宏之,男子,セ・阿佐谷,14.06,,,,,,,,,13.62,,,5/5
648,76,2024,5,11,短水路,個人,8,25m背泳ぎ,男子,,,,,,40～44歳,2,川瀬健次,男子,セ・大宮宮原,15.06,,,,,,,,,13.62,,,5/1
649,76,2024,5,11,短水路,個人,8,25m背泳ぎ,男子,,,,,,30～34歳,1,杉山大亜,男子,セ・二俣川,14.31,,,,,,,,,12.76,11.44,,5/3
650,76,2024,5,11,短水路,個人,8,25m背泳ぎ,男子,,,,,,25～29歳,1,矢野匠,男子,セ・葛西,16.04,,,,,,,,,11.96,11.75,,5/2
651,76,2024,5,11,短水路,個人,8,25m背泳ぎ,男子,,,,,,18～24歳,1,山﨑緋呂,男子,セ・葛西,16.13,,,,,,,,,13.14,,,5/6
652,76,2024,5,11,短水路,個人,9,25m平泳ぎ,女子,,,,,,90～94歳,1,鈴木静江,女子,クリーンスパ,37.26,,,,,,,,,,23.51,,2/5
653,76,2024,5,11,短水路,個人,9,25m平泳ぎ,女子,,,,,,85～89歳,1,上田寿美子,女子,セ・成城,31.13,,,,,,,,,29.97,21.51,,3/1
654,76,2024,5,11,短水路,個人,9,25m平泳ぎ,女子,,,,,,80～84歳,1,長谷部征子,女子,セ・八王子,25.96,,,,,,,,,25.40,,,6/4
655,76,2024,5,11,短水路,個人,9,25m平泳ぎ,女子,,,,,,80～84歳,2,岡本靖子,女子,セ・慶應日吉,27.94,,,,,,,,,25.40,,,4/5
656,76,2024,5,11,短水路,個人,9,25m平泳ぎ,女子,,,,,,80～84歳,3,手塚泰子,女子,セ・清瀬,28.56,,,,,,,,,25.40,,,3/5
657,76,2024,5,11,短水路,個人,9,25m平泳ぎ,女子,,,,,,80～84歳,4,永島郁子,女子,ザバス鶴見,30.42,,,,,,,,,25.40,,,4/4
658,76,2024,5,11,短水路,個人,9,25m平泳ぎ,女子,,,,,,80～84歳,5,浜野操子,女子,セ・流山,32.32,,,,,,,,,25.40,,,2/3
659,76,2024,5,11,短水路,個人,9,25m平泳ぎ,女子,,,,,,80～84歳,6,久保美紀枝,女子,セ・流山,34.05,,,,,,,,,25.40,,,3/7
660,76,2024,5,11,短水路,個人,9,25m平泳ぎ,女子,,,,,,75～79歳,1,栗林眞知子,女子,セ・成城,25.13,,,,,,,,,24.32,,,5/4
661,76,2024,5,11,短水路,個人,9,25m平泳ぎ,女子,,,,,,75～79歳,2,沢田裕子,女子,セ・ときわ台,26.04,,,,,,,,,24.32,,,3/3
662,76,2024,5,11,短水路,個人,9,25m平泳ぎ,女子,,,,,,75～79歳,3,佐々木和江,女子,セ・南千住,26.14,,,,,,,,,24.32,,,7/7
663,76,2024,5,11,短水路,個人,9,25m平泳ぎ,女子,,,,,,75～79歳,4,大手佳江,女子,セ・南千住,29.46,,,,,,,,,24.32,,,4/3
664,76,2024,5,11,短水路,個人,9,25m平泳ぎ,女子,,,,,,75～79歳,5,諸橋暁子,女子,曽谷・セ,30.65,,,,,,,,,24.32,,,1/4
665,76,2024,5,11,短水路,個人,9,25m平泳ぎ,女子,,,,,,75～79歳,6,吉見一江,女子,セ・二俣川,32.09,,,,,,,,,24.32,,,3/6
666,76,2024,5,11,短水路,個人,9,25m平泳ぎ,女子,,,,,,75～79歳,7,栗原羊子,女子,セ・流山,33.10,,,,,,,,,24.32,,,1/1
667,76,2024,5,11,短水路,個人,9,25m平泳ぎ,女子,,,,,,75～79歳,8,後藤節子,女子,セ・松戸,34.95,,,,,,,,,24.32,,,2/1
668,76,2024,5,11,短水路,個人,9,25m平泳ぎ,女子,,,,,,75～79歳,9,橋本順子,女子,セ・おおたか,35.16,,,,,,,,,24.32,,,1/3
669,76,2024,5,11,短水路,個人,9,25m平泳ぎ,女子,,,,,,75～79歳,10,染谷敏子,女子,セ・天王洲,44.27,,,,,,,,,24.32,,,1/5
670,76,2024,5,11,短水路,個人,9,25m平泳ぎ,女子,,,,,,75～79歳,,太田重代,女子,セ・二俣川,,,,,,,,,,24.32,,,2/6
671,76,2024,5,11,短水路,個人,9,25m平泳ぎ,女子,,,,,,70～74歳,1,小澤優子,女子,セ・葛西,24.41,,,,,,,,,19.97,,,7/3
672,76,2024,5,11,短水路,個人,9,25m平泳ぎ,女子,,,,,,70～74歳,2,山下康代,女子,セ・用賀,25.58,,,,,,,,,19.97,,,2/4
673,76,2024,5,11,短水路,個人,9,25m平泳ぎ,女子,,,,,,70～74歳,3,荒深なみ,女子,セ・市ヶ尾,26.50,,,,,,,,,19.97,,,4/6
674,76,2024,5,11,短水路,個人,9,25m平泳ぎ,女子,,,,,,70～74歳,4,清水恵美子,女子,セ・亀有,27.31,,,,,,,,,19.97,,,3/4
675,76,2024,5,11,短水路,個人,9,25m平泳ぎ,女子,,,,,,70～74歳,5,矢島きよえ,女子,CS南行徳,27.38,,,,,,,,,19.97,,,6/2
676,76,2024,5,11,短水路,個人,9,25m平泳ぎ,女子,,,,,,65～69歳,1,武政ふく,女子,セ・松戸,19.95,,,,,,,,,19.42,,,12/4
677,76,2024,5,11,短水路,個人,9,25m平泳ぎ,女子,,,,,,65～69歳,2,高梨美樹,女子,セ・成城,21.39,,,,,,,,,19.42,,,12/1
678,76,2024,5,11,短水路,個人,9,25m平泳ぎ,女子,,,,,,65～69歳,3,米澤美智子,女子,セ・成瀬,22.09,,,,,,,,,19.42,,,12/6
679,76,2024,5,11,短水路,個人,9,25m平泳ぎ,女子,,,,,,65～69歳,4,ダン典子,女子,セ・自由が丘,22.67,,,,,,,,,19.42,,,10/3
680,76,2024,5,11,短水路,個人,9,25m平泳ぎ,女子,,,,,,65～69歳,5,三枚堂かよ子,女子,セ・阿佐谷,23.62,,,,,,,,,19.42,,,10/2
681,76,2024,5,11,短水路,個人,9,25m平泳ぎ,女子,,,,,,65～69歳,6,瀧下節子,女子,セ・志木,23.69,,,,,,,,,19.42,,,10/8
682,76,2024,5,11,短水路,個人,9,25m平泳ぎ,女子,,,,,,65～69歳,7,廣瀬伸子,女子,セ・成城,23.81,,,,,,,,,19.42,,,10/4
683,76,2024,5,11,短水路,個人,9,25m平泳ぎ,女子,,,,,,65～69歳,8,育村博子,女子,セ・おおたか,24.31,,,,,,,,,19.42,,,7/4
684,76,2024,5,11,短水路,個人,9,25m平泳ぎ,女子,,,,,,65～69歳,9,櫻田琴,女子,セ・天王洲,24.32,,,,,,,,,19.42,,,8/4
685,76,2024,5,11,短水路,個人,9,25m平泳ぎ,女子,,,,,,65～69歳,10,藤井道子,女子,セ・我孫子,24.71,,,,,,,,,19.42,,,3/8
686,76,2024,5,11,短水路,個人,9,25m平泳ぎ,女子,,,,,,65～69歳,11,掃部典子,女子,曽谷・セ,25.46,,,,,,,,,19.42,,,7/2
687,76,2024,5,11,短水路,個人,9,25m平泳ぎ,女子,,,,,,65～69歳,12,畠山眞由美,女子,セ・柏,25.71,,,,,,,,,19.42,,,6/5
688,76,2024,5,11,短水路,個人,9,25m平泳ぎ,女子,,,,,,65～69歳,13,豊田典子,女子,セ・下北沢,26.39,,,,,,,,,19.42,,,5/5
689,76,2024,5,11,短水路,個人,9,25m平泳ぎ,女子,,,,,,65～69歳,14,油井みどり,女子,セ・新浦安,26.82,,,,,,,,,19.42,,,6/3
690,76,2024,5,11,短水路,個人,9,25m平泳ぎ,女子,,,,,,65～69歳,15,花形一実,女子,セ・南千住,26.98,,,,,,,,,19.42,,,4/1
691,76,2024,5,11,短水路,個人,9,25m平泳ぎ,女子,,,,,,65～69歳,16,渋谷照代,女子,セ・我孫子,27.93,,,,,,,,,19.42,,,2/2
692,76,2024,5,11,短水路,個人,9,25m平泳ぎ,女子,,,,,,65～69歳,17,酒谷真砂子,女子,セ・戸塚,28.92,,,,,,,,,19.42,,,4/7
693,76,2024,5,11,短水路,個人,9,25m平泳ぎ,女子,,,,,,65～69歳,18,渡邉登美子,女子,セ・阿佐谷,29.50,,,,,,,,,19.42,,,5/3
694,76,2024,5,11,短水路,個人,9,25m平泳ぎ,女子,,,,,,65～69歳,19,木村恵,女子,セ・我孫子,29.93,,,,,,,,,19.42,,,2/7
695,76,2024,5,11,短水路,個人,9,25m平泳ぎ,女子,,,,,,65～69歳,20,池田真理子,女子,セ・大森,30.15,,,,,,,,,19.42,,,3/2
696,76,2024,5,11,短水路,個人,9,25m平泳ぎ,女子,,,,,,65～69歳,21,池長幸子,女子,セ・桶川北本,33.60,,,,,,,,,19.42,,,1/6
697,76,2024,5,11,短水路,個人,9,25m平泳ぎ,女子,,,,,,65～69歳,22,橋村雅子,女子,セ・久喜,34.16,,,,,,,,,19.42,,,1/2
698,76,2024,5,11,短水路,個人,9,25m平泳ぎ,女子,,,,,,65～69歳,23,小高和子,女子,セ・桶川北本,34.94,,,,,,,,,19.42,,,1/8
699,76,2024,5,11,短水路,個人,9,25m平泳ぎ,女子,,,,,,60～64歳,1,磯村由紀子,女子,セ・越谷,19.80,,,,,,,,,18.90,,,12/2
700,76,2024,5,11,短水路,個人,9,25m平泳ぎ,女子,,,,,,60～64歳,2,石井菜穂美,女子,セ・市川,19.87,,,,,,,,,18.90,,,13/7
701,76,2024,5,11,短水路,個人,9,25m平泳ぎ,女子,,,,,,60～64歳,3,酒井寿美恵,女子,クリーンスパ,21.28,,,,,,,,,18.90,,,12/7
702,76,2024,5,11,短水路,個人,9,25m平泳ぎ,女子,,,,,,60～64歳,4,伊藤ゆかり,女子,セ・成城,21.47,,,,,,,,,18.90,,,11/5
703,76,2024,5,11,短水路,個人,9,25m平泳ぎ,女子,,,,,,60～64歳,5,小池理恵子,女子,セ・阿佐谷,21.74,,,,,,,,,18.90,,,11/4
704,76,2024,5,11,短水路,個人,9,25m平泳ぎ,女子,,,,,,60～64歳,6,石原なおみ,女子,セ・阿佐谷,21.92,,,,,,,,,18.90,,,12/8
705,76,2024,5,11,短水路,個人,9,25m平泳ぎ,女子,,,,,,60～64歳,7,盛田真規子,女子,セ・二俣川,23.24,,,,,,,,,18.90,,,11/1
706,76,2024,5,11,短水路,個人,9,25m平泳ぎ,女子,,,,,,60～64歳,8,相澤紋美,女子,セ・阿佐谷,23.47,,,,,,,,,18.90,,,9/4
707,76,2024,5,11,短水路,個人,9,25m平泳ぎ,女子,,,,,,60～64歳,9,橋本裕子,女子,クリーンスパ,24.99,,,,,,,,,18.90,,,9/5
708,76,2024,5,11,短水路,個人,9,25m平泳ぎ,女子,,,,,,60～64歳,10,倉林明子,女子,セ・おおたか,25.31,,,,,,,,,18.90,,,8/2
709,76,2024,5,11,短水路,個人,9,25m平泳ぎ,女子,,,,,,60～64歳,11,蛯名とも子,女子,セ・志木,25.79,,,,,,,,,18.90,,,7/8
710,76,2024,5,11,短水路,個人,9,25m平泳ぎ,女子,,,,,,60～64歳,12,吉野ひとみ,女子,セ・松戸,26.79,,,,,,,,,18.90,,,6/8
711,76,2024,5,11,短水路,個人,9,25m平泳ぎ,女子,,,,,,60～64歳,13,佐々木政子,女子,セ・大森,28.59,,,,,,,,,18.90,,,4/8
712,76,2024,5,11,短水路,個人,9,25m平泳ぎ,女子,,,,,,60～64歳,14,黒川慶子,女子,セ・上池袋,30.24,,,,,,,,,18.90,,,1/7
713,76,2024,5,11,短水路,個人,9,25m平泳ぎ,女子,,,,,,60～64歳,15,榮真須美,女子,セ・慶應日吉,37.80,,,,,,,,,18.90,,,2/8
714,76,2024,5,11,短水路,個人,9,25m平泳ぎ,女子,,,,,,55～59歳,1,八尋加苗,女子,セ・松戸,21.27,,,,,,,,,17.63,,,7/5
715,76,2024,5,11,短水路,個人,9,25m平泳ぎ,女子,,,,,,55～59歳,2,船津香,女子,セ・自由が丘,22.08,,,,,,,,,17.63,,,11/6
716,76,2024,5,11,短水路,個人,9,25m平泳ぎ,女子,,,,,,55～59歳,3,坂井慶子,女子,セ・大宮宮原,22.44,,,,,,,,,17.63,,,8/5
717,76,2024,5,11,短水路,個人,9,25m平泳ぎ,女子,,,,,,55～59歳,4,澤野貴子,女子,セ・葛西,23.82,,,,,,,,,17.63,,,8/3
718,76,2024,5,11,短水路,個人,9,25m平泳ぎ,女子,,,,,,55～59歳,5,柳澤聡子,女子,セ・大宮宮原,24.77,,,,,,,,,17.63,,,5/6
719,76,2024,5,11,短水路,個人,9,25m平泳ぎ,女子,,,,,,55～59歳,6,安藤真奈美,女子,セ・新浦安,25.30,,,,,,,,,17.63,,,7/6
720,76,2024,5,11,短水路,個人,9,25m平泳ぎ,女子,,,,,,55～59歳,7,森内裕子,女子,セ・天王洲,27.04,,,,,,,,,17.63,,,8/8
721,76,2024,5,11,短水路,個人,9,25m平泳ぎ,女子,,,,,,55～59歳,8,平澤馨,女子,セ・府中,27.66,,,,,,,,,17.63,,,6/7
722,76,2024,5,11,短水路,個人,9,25m平泳ぎ,女子,,,,,,55～59歳,,佐藤美絵子,女子,セ・清瀬,,,,,,,,,,17.63,,,11/3
723,76,2024,5,11,短水路,個人,9,25m平泳ぎ,女子,,,,,,50～54歳,1,勝間田周子,女子,セ・湘南ＬＴ,18.33,,,,,,,,,17.75,,,13/4
724,76,2024,5,11,短水路,個人,9,25m平泳ぎ,女子,,,,,,50～54歳,2,糸賀香菜子,女子,セ・トレッサ,19.59,,,,,,,,,17.75,,,13/2
725,76,2024,5,11,短水路,個人,9,25m平泳ぎ,女子,,,,,,50～54歳,3,関本みすぎ,女子,セ・葛西,20.78,,,,,,,,,17.75,,,13/1
726,76,2024,5,11,短水路,個人,9,25m平泳ぎ,女子,,,,,,50～54歳,4,佐藤洋子,女子,セ・成城,20.86,,,,,,,,,17.75,,,11/2
727,76,2024,5,11,短水路,個人,9,25m平泳ぎ,女子,,,,,,50～54歳,5,植田雅美,女子,セ・宇都宮,21.67,,,,,,,,,17.75,,,12/3
728,76,2024,5,11,短水路,個人,9,25m平泳ぎ,女子,,,,,,50～54歳,6,田原文月,女子,セ・南千住,21.88,,,,,,,,,17.75,,,10/5
729,76,2024,5,11,短水路,個人,9,25m平泳ぎ,女子,,,,,,50～54歳,7,有路さくら,女子,セ・福生,22.03,,,,,,,,,17.75,,,8/6
730,76,2024,5,11,短水路,個人,9,25m平泳ぎ,女子,,,,,,50～54歳,8,森川佳余子,女子,クリーンスパ,22.67,,,,,,,,,17.75,,,11/8
731,76,2024,5,11,短水路,個人,9,25m平泳ぎ,女子,,,,,,50～54歳,9,杉野幸恵,女子,セ・越谷,22.94,,,,,,,,,17.75,,,9/6
732,76,2024,5,11,短水路,個人,9,25m平泳ぎ,女子,,,,,,50～54歳,10,佐藤晶子,女子,セ・おおたか,23.02,,,,,,,,,17.75,,,9/3
733,76,2024,5,11,短水路,個人,9,25m平泳ぎ,女子,,,,,,50～54歳,11,村岡貴子,女子,セ・桶川北本,23.50,,,,,,,,,17.75,,,8/7
734,76,2024,5,11,短水路,個人,9,25m平泳ぎ,女子,,,,,,50～54歳,12,高間智子,女子,セ・自由が丘,24.05,,,,,,,,,17.75,,,10/6
735,76,2024,5,11,短水路,個人,9,25m平泳ぎ,女子,,,,,,50～54歳,13,田上麻紀,女子,セ・久喜,24.64,,,,,,,,,17.75,,,5/2
736,76,2024,5,11,短水路,個人,9,25m平泳ぎ,女子,,,,,,50～54歳,14,小山香津子,女子,セ・藤沢,24.71,,,,,,,,,17.75,,,5/8
737,76,2024,5,11,短水路,個人,9,25m平泳ぎ,女子,,,,,,50～54歳,15,清水香,女子,セ・横浜,27.95,,,,,,,,,17.75,,,5/7
738,76,2024,5,11,短水路,個人,9,25m平泳ぎ,女子,,,,,,50～54歳,16,兼子敬子,女子,セ・南千住,29.26,,,,,,,,,17.75,,,5/1
739,76,2024,5,11,短水路,個人,9,25m平泳ぎ,女子,,,,,,45～49歳,1,芳賀加代子,女子,セ・南青山,22.34,,,,,,,,,16.32,,,10/7
740,76,2024,5,11,短水路,個人,9,25m平泳ぎ,女子,,,,,,45～49歳,2,高島典子,女子,セ・大森,23.97,,,,,,,,,16.32,,,9/7
741,76,2024,5,11,短水路,個人,9,25m平泳ぎ,女子,,,,,,45～49歳,3,小林恵理子,女子,セ・蘇我,24.64,,,,,,,,,16.32,,,9/2
742,76,2024,5,11,短水路,個人,9,25m平泳ぎ,女子,,,,,,40～44歳,1,中村可奈子,女子,セ・おおたか,18.20,,,,,,,,,17.31,,,13/5
743,76,2024,5,11,短水路,個人,9,25m平泳ぎ,女子,,,,,,40～44歳,2,丸田紘子,女子,セ・能見台,20.46,,,,,,,,,17.31,,,12/5
744,76,2024,5,11,短水路,個人,9,25m平泳ぎ,女子,,,,,,40～44歳,3,久保かおり,女子,セ・長津田,22.24,,,,,,,,,17.31,,,10/1
745,76,2024,5,11,短水路,個人,9,25m平泳ぎ,女子,,,,,,40～44歳,4,福澤絵理,女子,CS南行徳,22.92,,,,,,,,,17.31,,,6/1
746,76,2024,5,11,短水路,個人,9,25m平泳ぎ,女子,,,,,,40～44歳,5,加藤涼子,女子,セ・桶川北本,25.61,,,,,,,,,17.31,,,6/6
747,76,2024,5,11,短水路,個人,9,25m平泳ぎ,女子,,,,,,35～39歳,1,小林貴美代,女子,セ・稲毛海岸,20.46,,,,,,,,,16.74,,,13/3
748,76,2024,5,11,短水路,個人,9,25m平泳ぎ,女子,,,,,,35～39歳,2,RacaruGabriela,女子,セ・慶應日吉,22.64,,,,,,,,,16.74,,,11/7
749,76,2024,5,11,短水路,個人,9,25m平泳ぎ,女子,,,,,,35～39歳,3,久保美由紀,女子,セ・長津田,23.70,,,,,,,,,16.74,,,9/1
750,76,2024,5,11,短水路,個人,9,25m平泳ぎ,女子,,,,,,30～34歳,1,深堀陽子,女子,セ・二俣川,19.31,,,,,,,,,16.96,,,13/6
751,76,2024,5,11,短水路,個人,9,25m平泳ぎ,女子,,,,,,30～34歳,2,近藤幸乃,女子,セ・二俣川,20.49,,,,,,,,,16.96,,,13/8
752,76,2024,5,11,短水路,個人,9,25m平泳ぎ,女子,,,,,,30～34歳,3,岡澤美咲,女子,セ・茂原,23.02,,,,,,,,,16.96,,,9/8
753,76,2024,5,11,短水路,個人,10,25m平泳ぎ,男子,,,,,,80～84歳,1,伊豆正義,男子,セ・新浦安,22.70,,,,,,,,,19.69,,,3/5
754,76,2024,5,11,短水路,個人,10,25m平泳ぎ,男子,,,,,,80～84歳,2,高木誠,男子,セ・我孫子,26.02,,,,,,,,,19.69,,,2/2
755,76,2024,5,11,短水路,個人,10,25m平泳ぎ,男子,,,,,,80～84歳,3,高野崇,男子,セ・戸塚,30.59,,,,,,,,,19.69,,,1/3
756,76,2024,5,11,短水路,個人,10,25m平泳ぎ,男子,,,,,,75～79歳,1,山村茂,男子,セ・南千住,23.27,,,,,,,,,18.59,,,3/6
757,76,2024,5,11,短水路,個人,10,25m平泳ぎ,男子,,,,,,75～79歳,2,山口博,男子,セ・志木,24.81,,,,,,,,,18.59,,,4/6
758,76,2024,5,11,短水路,個人,10,25m平泳ぎ,男子,,,,,,75～79歳,3,泉保央,男子,セ・慶應日吉,25.24,,,,,,,,,18.59,,,3/3
759,76,2024,5,11,短水路,個人,10,25m平泳ぎ,男子,,,,,,75～79歳,4,太田与洋,男子,セ・新浦安,25.93,,,,,,,,,18.59,,,3/4
760,76,2024,5,11,短水路,個人,10,25m平泳ぎ,男子,,,,,,75～79歳,5,松村博司,男子,セ・久喜,26.78,,,,,,,,,18.59,,,2/4
761,76,2024,5,11,短水路,個人,10,25m平泳ぎ,男子,,,,,,75～79歳,6,手塚満,男子,セ・おおたか,27.32,,,,,,,,,18.59,,,2/6
762,76,2024,5,11,短水路,個人,10,25m平泳ぎ,男子,,,,,,75～79歳,7,小野田義人,男子,セ・自由が丘,28.34,,,,,,,,,18.59,,,1/7
763,76,2024,5,11,短水路,個人,10,25m平泳ぎ,男子,,,,,,75～79歳,8,神保伸幸,男子,セ・南青山,29.96,,,,,,,,,18.59,,,1/5
764,76,2024,5,11,短水路,個人,10,25m平泳ぎ,男子,,,,,,70～74歳,1,吉村進,男子,セ・阿佐谷,18.06,,,,,,,,,17.77,,,6/4
765,76,2024,5,11,短水路,個人,10,25m平泳ぎ,男子,,,,,,70～74歳,2,安嶋俊夫,男子,セ・茂原,21.86,,,,,,,,,17.77,,,4/4
766,76,2024,5,11,短水路,個人,10,25m平泳ぎ,男子,,,,,,70～74歳,3,幡場達明,男子,セ・大宮宮原,21.98,,,,,,,,,17.77,,,5/6
767,76,2024,5,11,短水路,個人,10,25m平泳ぎ,男子,,,,,,70～74歳,4,橋本亘,男子,セ・おおたか,25.23,,,,,,,,,17.77,,,2/7
768,76,2024,5,11,短水路,個人,10,25m平泳ぎ,男子,,,,,,70～74歳,5,永島聡,男子,セ・戸塚,25.89,,,,,,,,,17.77,,,2/3
769,76,2024,5,11,短水路,個人,10,25m平泳ぎ,男子,,,,,,70～74歳,6,増田行雄,男子,セ・蒲田,26.31,,,,,,,,,17.77,,,3/2
770,76,2024,5,11,短水路,個人,10,25m平泳ぎ,男子,,,,,,65～69歳,1,松田賢治,男子,セ・大宮宮原,17.35,,,,,,,,,17.26,,,6/3
771,76,2024,5,11,短水路,個人,10,25m平泳ぎ,男子,,,,,,65～69歳,2,前川正,男子,セ・F東戸塚,19.26,,,,,,,,,17.26,,,6/6
772,76,2024,5,11,短水路,個人,10,25m平泳ぎ,男子,,,,,,65～69歳,3,安高祐三,男子,セ・越谷,20.28,,,,,,,,,17.26,,,5/2
773,76,2024,5,11,短水路,個人,10,25m平泳ぎ,男子,,,,,,65～69歳,4,柳谷一郎,男子,Ｇ－ＳＰＡ,23.41,,,,,,,,,17.26,,,4/2
774,76,2024,5,11,短水路,個人,10,25m平泳ぎ,男子,,,,,,65～69歳,5,堂園徹,男子,セ・天王洲,26.60,,,,,,,,,17.26,,,1/6
775,76,2024,5,11,短水路,個人,10,25m平泳ぎ,男子,,,,,,65～69歳,,若山聖亮,男子,Ｇ－ＳＰＡ,,,,,,,,,,17.26,,,2/5
776,76,2024,5,11,短水路,個人,10,25m平泳ぎ,男子,,,,,,60～64歳,1,稲毛仁,男子,セ・松戸,16.88,,,,,,,,,14.79,,,7/1
777,76,2024,5,11,短水路,個人,10,25m平泳ぎ,男子,,,,,,60～64歳,2,池谷千尋,男子,セ・長津田,17.33,,,,,,,,,14.79,,,6/5
778,76,2024,5,11,短水路,個人,10,25m平泳ぎ,男子,,,,,,60～64歳,3,蛯名昌彦,男子,セ・志木,19.71,,,,,,,,,14.79,,,6/7
779,76,2024,5,11,短水路,個人,10,25m平泳ぎ,男子,,,,,,60～64歳,4,中村浩司,男子,セ・青砥,20.27,,,,,,,,,14.79,,,5/8
780,76,2024,5,11,短水路,個人,10,25m平泳ぎ,男子,,,,,,60～64歳,5,浅井速人,男子,セ・葛西,20.98,,,,,,,,,14.79,,,4/3
781,76,2024,5,11,短水路,個人,10,25m平泳ぎ,男子,,,,,,60～64歳,6,黒川恵一,男子,セ・市ヶ尾,21.81,,,,,,,,,14.79,,,5/1
782,76,2024,5,11,短水路,個人,10,25m平泳ぎ,男子,,,,,,60～64歳,7,中村努,男子,セ・市川,31.15,,,,,,,,,14.79,,,1/1
783,76,2024,5,11,短水路,個人,10,25m平泳ぎ,男子,,,,,,55～59歳,1,坂野照雄,男子,セ・越谷,16.09,,,,,,,,,15.28,,,7/2
784,76,2024,5,11,短水路,個人,10,25m平泳ぎ,男子,,,,,,55～59歳,2,江藤邦徳,男子,セ・流山,17.40,,,,,,,,,15.28,,,6/2
785,76,2024,5,11,短水路,個人,10,25m平泳ぎ,男子,,,,,,55～59歳,3,宮木幸彦,男子,セ・葛西,17.42,,,,,,,,,15.28,,,7/8
786,76,2024,5,11,短水路,個人,10,25m平泳ぎ,男子,,,,,,55～59歳,4,北村勇,男子,セ・能見台,18.57,,,,,,,,,15.28,,,5/4
787,76,2024,5,11,短水路,個人,10,25m平泳ぎ,男子,,,,,,55～59歳,5,佐藤正章,男子,セ・用賀,18.80,,,,,,,,,15.28,,,6/1
788,76,2024,5,11,短水路,個人,10,25m平泳ぎ,男子,,,,,,55～59歳,6,近藤恭彦,男子,セ・松戸,19.60,,,,,,,,,15.28,,,6/8
789,76,2024,5,11,短水路,個人,10,25m平泳ぎ,男子,,,,,,55～59歳,7,佐藤流生,男子,セ・天王洲,25.22,,,,,,,,,15.28,,,5/5
790,76,2024,5,11,短水路,個人,10,25m平泳ぎ,男子,,,,,,55～59歳,8,星秀樹,男子,セ・大宮宮原,25.87,,,,,,,,,15.28,,,3/7
791,76,2024,5,11,短水路,個人,10,25m平泳ぎ,男子,,,,,,55～59歳,9,冨澤正明,男子,セ・青砥,32.89,,,,,,,,,15.28,,,1/2
792,76,2024,5,11,短水路,個人,10,25m平泳ぎ,男子,,,,,,50～54歳,1,小森康弘,男子,セ・葛西,13.57,,,,,,,,,13.43,,,8/5
793,76,2024,5,11,短水路,個人,10,25m平泳ぎ,男子,,,,,,50～54歳,2,君島篤,男子,セ・西東京,19.15,,,,,,,,,13.43,,,4/8
794,76,2024,5,11,短水路,個人,10,25m平泳ぎ,男子,,,,,,50～54歳,3,久保田裕一,男子,セ・慶應日吉,19.18,,,,,,,,,13.43,,,3/1
795,76,2024,5,11,短水路,個人,10,25m平泳ぎ,男子,,,,,,50～54歳,4,稲垣浩,男子,セ・茂原,19.54,,,,,,,,,13.43,,,4/7
796,76,2024,5,11,短水路,個人,10,25m平泳ぎ,男子,,,,,,50～54歳,5,竹山智明,男子,セ・慶應日吉,21.73,,,,,,,,,13.43,,,4/5
797,76,2024,5,11,短水路,個人,10,25m平泳ぎ,男子,,,,,,50～54歳,6,飯田勝章,男子,セ・志木,25.80,,,,,,,,,13.43,,,1/4
798,76,2024,5,11,短水路,個人,10,25m平泳ぎ,男子,,,,,,45～49歳,1,山岡裕和,男子,セ・ときわ台,17.08,,,,,,,,,13.55,,,7/7
799,76,2024,5,11,短水路,個人,10,25m平泳ぎ,男子,,,,,,45～49歳,2,加藤大輔,男子,セ・横浜,19.44,,,,,,,,,13.55,,,5/3
800,76,2024,5,11,短水路,個人,10,25m平泳ぎ,男子,,,,,,40～44歳,1,西尾直人,男子,セ・武蔵小杉,14.13,,,,,,,,,13.40,,,8/3
801,76,2024,5,11,短水路,個人,10,25m平泳ぎ,男子,,,,,,40～44歳,2,佐野充,男子,セ・阿佐谷,14.42,,,,,,,,,13.40,,,7/5
802,76,2024,5,11,短水路,個人,10,25m平泳ぎ,男子,,,,,,40～44歳,3,知見邦彦,男子,セ・二俣川,14.76,,,,,,,,,13.40,,,7/4
803,76,2024,5,11,短水路,個人,10,25m平泳ぎ,男子,,,,,,40～44歳,4,勝吉進一,男子,セ・慶應日吉,14.92,,,,,,,,,13.40,,,8/1
804,76,2024,5,11,短水路,個人,10,25m平泳ぎ,男子,,,,,,40～44歳,5,大作善祥,男子,セ・おおたか,16.12,,,,,,,,,13.40,,,7/6
805,76,2024,5,11,短水路,個人,10,25m平泳ぎ,男子,,,,,,40～44歳,6,宇佐美学,男子,セ・大森,19.59,,,,,,,,,13.40,,,4/1
806,76,2024,5,11,短水路,個人,10,25m平泳ぎ,男子,,,,,,35～39歳,1,宮川航,男子,セ・南千住,13.32,,,,,,,,TRUE,13.34,,,8/4
807,76,2024,5,11,短水路,個人,10,25m平泳ぎ,男子,,,,,,35～39歳,2,和田弘太郎,男子,セ・阿佐谷,13.55,,,,,,,,,13.34,,,8/7
808,76,2024,5,11,短水路,個人,10,25m平泳ぎ,男子,,,,,,35～39歳,3,長田裕史,男子,セ・柏,14.66,,,,,,,,,13.34,,,8/8
809,76,2024,5,11,短水路,個人,10,25m平泳ぎ,男子,,,,,,25～29歳,1,竹下翔,男子,セ・長津田,15.98,,,,,,,,,13.08,12.27,,7/3
810,76,2024,5,11,短水路,個人,10,25m平泳ぎ,男子,,,,,,18～24歳,1,廣谷幸翼,男子,セ・志木,13.69,,,,,,,,,12.97,,,8/6
811,76,2024,5,11,短水路,個人,10,25m平泳ぎ,男子,,,,,,18～24歳,2,荒井啓汰,男子,セ・阿佐谷,13.96,,,,,,,,,12.97,,,8/2
812,76,2024,5,11,短水路,個人,11,25mバタフライ,女子,,,,,,85～89歳,,田中もみぢ,女子,セ・おおたか,,,,,,,,,,,19.26,,3/4
813,76,2024,5,11,短水路,個人,11,25mバタフライ,女子,,,,,,80～84歳,1,八田清子,女子,セ・松戸,24.82,,,,,,,,TRUE,25.38,,,7/6
814,76,2024,5,11,短水路,個人,11,25mバタフライ,女子,,,,,,80～84歳,2,新井昭代,女子,セ・東十条,28.81,,,,,,,,,25.38,,,4/7
815,76,2024,5,11,短水路,個人,11,25mバタフライ,女子,,,,,,80～84歳,3,西川美恵子,女子,セ・蒲田,28.98,,,,,,,,,25.38,,,4/2
816,76,2024,5,11,短水路,個人,11,25mバタフライ,女子,,,,,,80～84歳,4,平井節子,女子,セ・南千住,32.79,,,,,,,,,25.38,,,3/5
817,76,2024,5,11,短水路,個人,11,25mバタフライ,女子,,,,,,75～79歳,1,大山恵子,女子,セ・葛西,19.13,,,,,,,,,18.22,,,15/6
818,76,2024,5,11,短水路,個人,11,25mバタフライ,女子,,,,,,75～79歳,2,古旗美鈴,女子,セ・上池袋,22.37,,,,,,,,,18.22,,,11/7
819,76,2024,5,11,短水路,個人,11,25mバタフライ,女子,,,,,,75～79歳,3,宇田川礼子,女子,セ・我孫子,23.38,,,,,,,,,18.22,,,2/4
820,76,2024,5,11,短水路,個人,11,25mバタフライ,女子,,,,,,75～79歳,4,川口栄子,女子,セ・松戸,26.49,,,,,,,,,18.22,,,6/3
821,76,2024,5,11,短水路,個人,11,25mバタフライ,女子,,,,,,75～79歳,5,沢田裕子,女子,セ・ときわ台,26.69,,,,,,,,,18.22,,,2/3
822,76,2024,5,11,短水路,個人,11,25mバタフライ,女子,,,,,,75～79歳,6,岡田啓子,女子,セ・桶川北本,27.18,,,,,,,,,18.22,,,4/6
823,76,2024,5,11,短水路,個人,11,25mバタフライ,女子,,,,,,75～79歳,7,坂本光子,女子,セ・越谷,27.40,,,,,,,,,18.22,,,5/2
824,76,2024,5,11,短水路,個人,11,25mバタフライ,女子,,,,,,75～79歳,8,古田美智子,女子,セ・自由が丘,28.61,,,,,,,,,18.22,,,3/3
825,76,2024,5,11,短水路,個人,11,25mバタフライ,女子,,,,,,75～79歳,9,仲岡輝,女子,セ・我孫子,29.80,,,,,,,,,18.22,,,3/8
826,76,2024,5,11,短水路,個人,11,25mバタフライ,女子,,,,,,75～79歳,10,山本まり子,女子,セ・能見台,32.92,,,,,,,,,18.22,,,5/7
827,76,2024,5,11,短水路,個人,11,25mバタフライ,女子,,,,,,75～79歳,11,船山由美子,女子,セ・戸塚,35.54,,,,,,,,,18.22,,,1/2
828,76,2024,5,11,短水路,個人,11,25mバタフライ,女子,,,,,,75～79歳,12,福澤チヅ子,女子,CS南行徳,37.58,,,,,,,,,18.22,,,1/4
829,76,2024,5,11,短水路,個人,11,25mバタフライ,女子,,,,,,70～74歳,1,藤代由美子,女子,セ・長沼,20.44,,,,,,,,,18.13,,,11/5
830,76,2024,5,11,短水路,個人,11,25mバタフライ,女子,,,,,,70～74歳,2,小池藤子,女子,セ・新三郷,21.44,,,,,,,,,18.13,,,10/6
831,76,2024,5,11,短水路,個人,11,25mバタフライ,女子,,,,,,70～74歳,3,梅田栄己子,女子,セ・天王洲,21.53,,,,,,,,,18.13,,,7/4
832,76,2024,5,11,短水路,個人,11,25mバタフライ,女子,,,,,,70～74歳,4,青砥美智子,女子,セ・葛西,22.03,,,,,,,,,18.13,,,9/1
833,76,2024,5,11,短水路,個人,11,25mバタフライ,女子,,,,,,70～74歳,5,相澤史子,女子,セ・松戸,22.97,,,,,,,,,18.13,,,9/4
834,76,2024,5,11,短水路,個人,11,25mバタフライ,女子,,,,,,70～74歳,6,大熊正子,女子,セ・桶川北本,24.65,,,,,,,,,18.13,,,6/7
835,76,2024,5,11,短水路,個人,11,25mバタフライ,女子,,,,,,70～74歳,7,市野克子,女子,セ・大森,24.73,,,,,,,,,18.13,,,9/5
836,76,2024,5,11,短水路,個人,11,25mバタフライ,女子,,,,,,70～74歳,8,菅井道子,女子,セ・戸塚,25.45,,,,,,,,,18.13,,,7/5
837,76,2024,5,11,短水路,個人,11,25mバタフライ,女子,,,,,,70～74歳,9,若林多恵子,女子,セ・谷津,26.01,,,,,,,,,18.13,,,6/5
838,76,2024,5,11,短水路,個人,11,25mバタフライ,女子,,,,,,70～74歳,10,松丸映子,女子,セ・ときわ台,26.48,,,,,,,,,18.13,,,6/1
839,76,2024,5,11,短水路,個人,11,25mバタフライ,女子,,,,,,70～74歳,11,柴田美知子,女子,セ・新浦安,26.68,,,,,,,,,18.13,,,7/7
840,76,2024,5,11,短水路,個人,11,25mバタフライ,女子,,,,,,70～74歳,12,清水裕子,女子,セ・二俣川,28.24,,,,,,,,,18.13,,,3/1
841,76,2024,5,11,短水路,個人,11,25mバタフライ,女子,,,,,,70～74歳,13,長谷川節子,女子,セ・天王洲,29.36,,,,,,,,,18.13,,,6/6
842,76,2024,5,11,短水路,個人,11,25mバタフライ,女子,,,,,,70～74歳,14,富樫博子,女子,セ・大森,30.85,,,,,,,,,18.13,,,5/1
843,76,2024,5,11,短水路,個人,11,25mバタフライ,女子,,,,,,70～74歳,15,寺西寿賀子,女子,セ・天王洲,36.09,,,,,,,,,18.13,,,4/4
844,76,2024,5,11,短水路,個人,11,25mバタフライ,女子,,,,,,65～69歳,1,立右由美子,女子,セ・大森,18.43,,,,,,,,,16.90,,,10/5
845,76,2024,5,11,短水路,個人,11,25mバタフライ,女子,,,,,,65～69歳,2,木村りょう子,女子,セ・福生,18.91,,,,,,,,,16.90,,,14/5
846,76,2024,5,11,短水路,個人,11,25mバタフライ,女子,,,,,,65～69歳,3,岩崎良子,女子,セ・おおたか,19.58,,,,,,,,,16.90,,,14/1
847,76,2024,5,11,短水路,個人,11,25mバタフライ,女子,,,,,,65～69歳,4,森本美恵,女子,セ・松戸,19.98,,,,,,,,,16.90,,,13/3
848,76,2024,5,11,短水路,個人,11,25mバタフライ,女子,,,,,,65～69歳,5,浅野みどり,女子,セ・天王洲,20.46,,,,,,,,,16.90,,,12/1
849,76,2024,5,11,短水路,個人,11,25mバタフライ,女子,,,,,,65～69歳,6,野島正代,女子,セ・阿佐谷,21.01,,,,,,,,,16.90,,,15/7
850,76,2024,5,11,短水路,個人,11,25mバタフライ,女子,,,,,,65～69歳,7,山本由起子,女子,セ・南千住,22.27,,,,,,,,,16.90,,,13/5
851,76,2024,5,11,短水路,個人,11,25mバタフライ,女子,,,,,,65～69歳,8,相馬絹代,女子,セ・溝ノ口,22.74,,,,,,,,,16.90,,,11/4
852,76,2024,5,11,短水路,個人,11,25mバタフライ,女子,,,,,,65～69歳,9,鶴﨑緑,女子,セ・トレッサ,23.30,,,,,,,,,16.90,,,8/4
853,76,2024,5,11,短水路,個人,11,25mバタフライ,女子,,,,,,65～69歳,10,松浦敏子,女子,セ・我孫子,23.42,,,,,,,,,16.90,,,2/5
854,76,2024,5,11,短水路,個人,11,25mバタフライ,女子,,,,,,65～69歳,11,日和久美子,女子,セ・戸塚,23.66,,,,,,,,,16.90,,,7/3
855,76,2024,5,11,短水路,個人,11,25mバタフライ,女子,,,,,,65～69歳,12,譲原恵子,女子,セ・我孫子,23.73,,,,,,,,,16.90,,,11/6
856,76,2024,5,11,短水路,個人,11,25mバタフライ,女子,,,,,,65～69歳,13,小沢邦恵,女子,セ・二俣川,23.82,,,,,,,,,16.90,,,10/4
857,76,2024,5,11,短水路,個人,11,25mバタフライ,女子,,,,,,65～69歳,14,益田加津子,女子,セ・自由が丘,24.95,,,,,,,,,16.90,,,9/7
858,76,2024,5,11,短水路,個人,11,25mバタフライ,女子,,,,,,65～69歳,15,渡辺米子,女子,クリーンスパ,25.12,,,,,,,,,16.90,,,7/2
859,76,2024,5,11,短水路,個人,11,25mバタフライ,女子,,,,,,65～69歳,16,三嶋祐子,女子,セ・阿佐谷,25.27,,,,,,,,,16.90,,,6/4
860,76,2024,5,11,短水路,個人,11,25mバタフライ,女子,,,,,,65～69歳,17,伊藤春美,女子,ザバス川崎,25.40,,,,,,,,,16.90,,,3/2
861,76,2024,5,11,短水路,個人,11,25mバタフライ,女子,,,,,,65～69歳,18,池田敏子,女子,セ・戸塚,26.73,,,,,,,,,16.90,,,5/4
862,76,2024,5,11,短水路,個人,11,25mバタフライ,女子,,,,,,65～69歳,19,太田拓江,女子,セ・戸塚,28.61,,,,,,,,,16.90,,,4/3
863,76,2024,5,11,短水路,個人,11,25mバタフライ,女子,,,,,,65～69歳,20,宮原美穂,女子,セ・福生,28.95,,,,,,,,,16.90,,,5/8
864,76,2024,5,11,短水路,個人,11,25mバタフライ,女子,,,,,,65～69歳,21,須田菜奈子,女子,セ・桶川北本,31.80,,,,,,,,,16.90,,,2/2
865,76,2024,5,11,短水路,個人,11,25mバタフライ,女子,,,,,,65～69歳,22,橋村雅子,女子,セ・久喜,34.82,,,,,,,,,16.90,,,1/7
866,76,2024,5,11,短水路,個人,11,25mバタフライ,女子,,,,,,65～69歳,,渡邉登美子,女子,セ・阿佐谷,,,,,,,,,,16.90,,,4/5
867,76,2024,5,11,短水路,個人,11,25mバタフライ,女子,,,,,,60～64歳,1,武井麻知子,女子,セ・二俣川,16.19,,,,,,,,,15.75,,,17/3
868,76,2024,5,11,短水路,個人,11,25mバタフライ,女子,,,,,,60～64歳,2,吉川千晶,女子,Ｇ－ＳＰＡ,17.80,,,,,,,,,15.75,,,15/3
869,76,2024,5,11,短水路,個人,11,25mバタフライ,女子,,,,,,60～64歳,3,石原なおみ,女子,セ・阿佐谷,18.14,,,,,,,,,15.75,,,16/2
870,76,2024,5,11,短水路,個人,11,25mバタフライ,女子,,,,,,60～64歳,4,福原美奈,女子,セ・稲毛海岸,18.84,,,,,,,,,15.75,,,8/6
871,76,2024,5,11,短水路,個人,11,25mバタフライ,女子,,,,,,60～64歳,5,岡田眞弓,女子,セ・清瀬,19.11,,,,,,,,,15.75,,,13/6
872,76,2024,5,11,短水路,個人,11,25mバタフライ,女子,,,,,,60～64歳,6,高橋裕子,女子,セ・葛西,20.28,,,,,,,,,15.75,,,10/3
873,76,2024,5,11,短水路,個人,11,25mバタフライ,女子,,,,,,60～64歳,7,大原清美,女子,セ・阿佐谷,20.96,,,,,,,,,15.75,,,12/8
874,76,2024,5,11,短水路,個人,11,25mバタフライ,女子,,,,,,60～64歳,8,松田聡美,女子,セ・成城,21.32,,,,,,,,,15.75,,,14/8
875,76,2024,5,11,短水路,個人,11,25mバタフライ,女子,,,,,,60～64歳,9,山本庸子,女子,セ・八王子,21.72,,,,,,,,,15.75,,,11/2
876,76,2024,5,11,短水路,個人,11,25mバタフライ,女子,,,,,,60～64歳,10,桐沢ひとみ,女子,セ・大森,22.19,,,,,,,,,15.75,,,9/3
877,76,2024,5,11,短水路,個人,11,25mバタフライ,女子,,,,,,60～64歳,11,石井恵津,女子,セ・自由が丘,22.66,,,,,,,,,15.75,,,10/7
878,76,2024,5,11,短水路,個人,11,25mバタフライ,女子,,,,,,60～64歳,12,佐々木れい,女子,セ・志木,23.41,,,,,,,,,15.75,,,8/5
879,76,2024,5,11,短水路,個人,11,25mバタフライ,女子,,,,,,60～64歳,13,米林清子,女子,セ・越谷,23.67,,,,,,,,,15.75,,,10/1
880,76,2024,5,11,短水路,個人,11,25mバタフライ,女子,,,,,,60～64歳,14,野澤典子,女子,セ・戸塚,26.18,,,,,,,,,15.75,,,5/5
881,76,2024,5,11,短水路,個人,11,25mバタフライ,女子,,,,,,60～64歳,15,杉村由紀子,女子,セ・溝ノ口,26.44,,,,,,,,,15.75,,,6/2
882,76,2024,5,11,短水路,個人,11,25mバタフライ,女子,,,,,,60～64歳,16,菊池佐千代,女子,セ・流山,27.43,,,,,,,,,15.75,,,1/3
883,76,2024,5,11,短水路,個人,11,25mバタフライ,女子,,,,,,60～64歳,17,三木純子,女子,セ・流山,27.77,,,,,,,,,15.75,,,7/8
884,76,2024,5,11,短水路,個人,11,25mバタフライ,女子,,,,,,60～64歳,18,勝又聡子,女子,セ・福生,37.47,,,,,,,,,15.75,,,1/6
885,76,2024,5,11,短水路,個人,11,25mバタフライ,女子,,,,,,60～64歳,,柳沢智子,女子,セ・成城,,,,,,,,,,15.75,,,8/3
886,76,2024,5,11,短水路,個人,11,25mバタフライ,女子,,,,,,55～59歳,1,若林朋子,女子,セ・大宮宮原,15.45,,,,,,,,TRUE,15.81,,,17/1
887,76,2024,5,11,短水路,個人,11,25mバタフライ,女子,,,,,,55～59歳,2,仲田久美子,女子,セ・成城,15.81,,,,,,,,,15.81,,,17/4
888,76,2024,5,11,短水路,個人,11,25mバタフライ,女子,,,,,,55～59歳,3,田中貴子,女子,セ・清瀬,16.36,,,,,,,,,15.81,,,16/7
889,76,2024,5,11,短水路,個人,11,25mバタフライ,女子,,,,,,55～59歳,4,村田由里子,女子,セ・茂原,17.51,,,,,,,,,15.81,,,17/6
890,76,2024,5,11,短水路,個人,11,25mバタフライ,女子,,,,,,55～59歳,5,生田目則子,女子,セ・自由が丘,17.56,,,,,,,,,15.81,,,16/3
891,76,2024,5,11,短水路,個人,11,25mバタフライ,女子,,,,,,55～59歳,6,黒瀬早苗,女子,セ・葛西,18.08,,,,,,,,,15.81,,,16/6
892,76,2024,5,11,短水路,個人,11,25mバタフライ,女子,,,,,,55～59歳,7,松川律子,女子,セ・二俣川,18.69,,,,,,,,,15.81,,,12/3
893,76,2024,5,11,短水路,個人,11,25mバタフライ,女子,,,,,,55～59歳,8,古谷加寿子,女子,セ・府中,19.97,,,,,,,,,15.81,,,12/7
894,76,2024,5,11,短水路,個人,11,25mバタフライ,女子,,,,,,55～59歳,9,山田明子,女子,セ・新浦安,20.96,,,,,,,,,15.81,,,12/5
895,76,2024,5,11,短水路,個人,11,25mバタフライ,女子,,,,,,55～59歳,10,渡邊ひろみ,女子,セ・松戸,21.01,,,,,,,,,15.81,,,12/4
896,76,2024,5,11,短水路,個人,11,25mバタフライ,女子,,,,,,55～59歳,11,佐藤直子,女子,セ・我孫子,24.48,,,,,,,,,15.81,,,5/3
897,76,2024,5,11,短水路,個人,11,25mバタフライ,女子,,,,,,55～59歳,12,山本登美子,女子,セ・桶川北本,24.58,,,,,,,,,15.81,,,6/8
898,76,2024,5,11,短水路,個人,11,25mバタフライ,女子,,,,,,50～54歳,1,杉本浩美,女子,セ・南千住,15.64,,,,,,,,,14.55,,,17/5
899,76,2024,5,11,短水路,個人,11,25mバタフライ,女子,,,,,,50～54歳,2,小泉未歌,女子,セ・宇都宮,15.95,,,,,,,,,14.55,,,17/2
900,76,2024,5,11,短水路,個人,11,25mバタフライ,女子,,,,,,50～54歳,3,柳有美子,女子,セ・おおたか,16.67,,,,,,,,,14.55,,,18/8
901,76,2024,5,11,短水路,個人,11,25mバタフライ,女子,,,,,,50～54歳,4,津田千鶴,女子,セ・能見台,20.04,,,,,,,,,14.55,,,8/2
902,76,2024,5,11,短水路,個人,11,25mバタフライ,女子,,,,,,50～54歳,5,山本奈穂美,女子,セ・大宮宮原,20.53,,,,,,,,,14.55,,,11/8
903,76,2024,5,11,短水路,個人,11,25mバタフライ,女子,,,,,,50～54歳,6,鈴木知寿子,女子,セ・大森,20.89,,,,,,,,,14.55,,,13/4
904,76,2024,5,11,短水路,個人,11,25mバタフライ,女子,,,,,,50～54歳,7,大塚弘子,女子,セ・茂原,21.64,,,,,,,,,14.55,,,13/7
905,76,2024,5,11,短水路,個人,11,25mバタフライ,女子,,,,,,50～54歳,8,佐藤泰子,女子,セ・溝ノ口,23.78,,,,,,,,,14.55,,,9/2
906,76,2024,5,11,短水路,個人,11,25mバタフライ,女子,,,,,,50～54歳,9,村岡貴子,女子,セ・桶川北本,23.84,,,,,,,,,14.55,,,7/1
907,76,2024,5,11,短水路,個人,11,25mバタフライ,女子,,,,,,50～54歳,10,小川史枝,女子,セ・越谷ＬＴ,24.35,,,,,,,,,14.55,,,8/7
908,76,2024,5,11,短水路,個人,11,25mバタフライ,女子,,,,,,50～54歳,11,久保洋子,女子,セ・流山,25.65,,,,,,,,,14.55,,,4/1
909,76,2024,5,11,短水路,個人,11,25mバタフライ,女子,,,,,,45～49歳,1,大黒明日香,女子,セ・清瀬,16.03,,,,,,,,,14.81,,,16/4
910,76,2024,5,11,短水路,個人,11,25mバタフライ,女子,,,,,,45～49歳,2,佐々木彩,女子,セ・成城,16.40,,,,,,,,,14.81,,,17/7
911,76,2024,5,11,短水路,個人,11,25mバタフライ,女子,,,,,,45～49歳,3,細沼悦子,女子,セ・越谷,17.43,,,,,,,,,14.81,,,15/8
912,76,2024,5,11,短水路,個人,11,25mバタフライ,女子,,,,,,45～49歳,4,高島典子,女子,セ・大森,18.32,,,,,,,,,14.81,,,15/5
913,76,2024,5,11,短水路,個人,11,25mバタフライ,女子,,,,,,45～49歳,5,赤坂恵美子,女子,セ・志木,21.41,,,,,,,,,14.81,,,8/8
914,76,2024,5,11,短水路,個人,11,25mバタフライ,女子,,,,,,45～49歳,6,福本麻美,女子,セ・慶應日吉,22.65,,,,,,,,,14.81,,,13/2
915,76,2024,5,11,短水路,個人,11,25mバタフライ,女子,,,,,,45～49歳,7,市川百合子,女子,セ・大宮宮原,22.97,,,,,,,,,14.81,,,4/8
916,76,2024,5,11,短水路,個人,11,25mバタフライ,女子,,,,,,45～49歳,8,成重夏紀,女子,セ・藤沢,23.17,,,,,,,,,14.81,,,5/6
917,76,2024,5,11,短水路,個人,11,25mバタフライ,女子,,,,,,45～49歳,9,星郁恵,女子,セ・南千住,23.85,,,,,,,,,14.81,,,12/6
918,76,2024,5,11,短水路,個人,11,25mバタフライ,女子,,,,,,45～49歳,10,高橋里美,女子,セ・横浜,24.96,,,,,,,,,14.81,,,8/1
919,76,2024,5,11,短水路,個人,11,25mバタフライ,女子,,,,,,45～49歳,11,大野祐子,女子,CS南行徳,25.56,,,,,,,,,14.81,,,10/8
920,76,2024,5,11,短水路,個人,11,25mバタフライ,女子,,,,,,45～49歳,,清水佳苗,女子,曽谷・セ,,,,,,,,,,14.81,,,14/3
921,76,2024,5,11,短水路,個人,11,25mバタフライ,女子,,,,,,40～44歳,1,宮本八重,女子,セ・慶應日吉,14.52,,,,,,,,,14.20,,,18/2
922,76,2024,5,11,短水路,個人,11,25mバタフライ,女子,,,,,,40～44歳,2,真栄田こずえ,女子,ザバス金沢八,16.71,,,,,,,,,14.20,,,16/1
923,76,2024,5,11,短水路,個人,11,25mバタフライ,女子,,,,,,40～44歳,3,冨永結衣子,女子,セ・大森,17.61,,,,,,,,,14.20,,,15/4
924,76,2024,5,11,短水路,個人,11,25mバタフライ,女子,,,,,,40～44歳,4,溝井花代子,女子,セ・葛西,18.78,,,,,,,,,14.20,,,10/2
925,76,2024,5,11,短水路,個人,11,25mバタフライ,女子,,,,,,40～44歳,5,町田麻里,女子,セ・南千住,19.30,,,,,,,,,14.20,,,14/4
926,76,2024,5,11,短水路,個人,11,25mバタフライ,女子,,,,,,40～44歳,6,加藤涼子,女子,セ・桶川北本,21.16,,,,,,,,,14.20,,,9/6
927,76,2024,5,11,短水路,個人,11,25mバタフライ,女子,,,,,,40～44歳,7,吉田瑠夏,女子,曽谷・セ,21.48,,,,,,,,,14.20,,,12/2
928,76,2024,5,11,短水路,個人,11,25mバタフライ,女子,,,,,,35～39歳,1,新井亜衣,女子,セ・市川,15.11,,,,,,,,,13.35,,,16/8
929,76,2024,5,11,短水路,個人,11,25mバタフライ,女子,,,,,,35～39歳,2,長瀬涼佳,女子,セ・二俣川,15.55,,,,,,,,,13.35,,,18/6
930,76,2024,5,11,短水路,個人,11,25mバタフライ,女子,,,,,,35～39歳,3,井上悠,女子,セ・トレッサ,18.96,,,,,,,,,13.35,,,14/2
931,76,2024,5,11,短水路,個人,11,25mバタフライ,女子,,,,,,35～39歳,4,中辻澄美,女子,セ・天王洲,19.12,,,,,,,,,13.35,,,14/6
932,76,2024,5,11,短水路,個人,11,25mバタフライ,女子,,,,,,35～39歳,5,久保美由紀,女子,セ・長津田,20.79,,,,,,,,,13.35,,,11/3
933,76,2024,5,11,短水路,個人,11,25mバタフライ,女子,,,,,,35～39歳,6,李鎬善,女子,セ・目黒,21.53,,,,,,,,,13.35,,,9/8
934,76,2024,5,11,短水路,個人,11,25mバタフライ,女子,,,,,,30～34歳,1,服部美菜,女子,セ・自由が丘,14.53,,,,,,,,,13.90,,,18/5
935,76,2024,5,11,短水路,個人,11,25mバタフライ,女子,,,,,,30～34歳,2,井上唯,女子,セ・慶應日吉,16.77,,,,,,,,,13.90,,,16/5
936,76,2024,5,11,短水路,個人,11,25mバタフライ,女子,,,,,,25～29歳,1,真如美優,女子,セ・南千住,13.87,,,,,,,,,13.51,,,18/4
937,76,2024,5,11,短水路,個人,11,25mバタフライ,女子,,,,,,25～29歳,2,遠藤桃,女子,セ・越谷,15.29,,,,,,,,,13.51,,,18/1
938,76,2024,5,11,短水路,個人,11,25mバタフライ,女子,,,,,,25～29歳,3,二宮若葉,女子,セ・南青山,16.46,,,,,,,,,13.51,,,14/7
939,76,2024,5,11,短水路,個人,11,25mバタフライ,女子,,,,,,18～24歳,1,表侑寿,女子,セ・二俣川,13.98,,,,,,,,,13.27,,,18/3
940,76,2024,5,11,短水路,個人,11,25mバタフライ,女子,,,,,,18～24歳,2,広瀬幸音,女子,セ・成城,15.13,,,,,,,,,13.27,,,18/7
941,76,2024,5,11,短水路,個人,11,25mバタフライ,女子,,,,,,18～24歳,3,松本彩花,女子,セ・二俣川,17.18,,,,,,,,,13.27,,,17/8
942,76,2024,5,11,短水路,個人,12,25mバタフライ,男子,,,,,,90～94歳,1,椎野正敏,男子,セ・越谷,29.31,,,,,,,,,,,,1/6
943,76,2024,5,11,短水路,個人,12,25mバタフライ,男子,,,,,,90～94歳,2,鈴木明,男子,ザバス鶴見,30.26,,,,,,,,,,,,1/5
944,76,2024,5,11,短水路,個人,12,25mバタフライ,男子,,,,,,80～84歳,1,石川守也,男子,セ・市川,19.89,,,,,,,,,19.18,,,5/8
945,76,2024,5,11,短水路,個人,12,25mバタフライ,男子,,,,,,80～84歳,2,眞壁功,男子,セ・藤沢,21.19,,,,,,,,,19.18,,,4/8
946,76,2024,5,11,短水路,個人,12,25mバタフライ,男子,,,,,,80～84歳,3,高野崇,男子,セ・戸塚,26.97,,,,,,,,,19.18,,,1/3
947,76,2024,5,11,短水路,個人,12,25mバタフライ,男子,,,,,,75～79歳,1,吉田亮,男子,セ・成城,17.87,,,,,,,,,16.92,,,4/4
948,76,2024,5,11,短水路,個人,12,25mバタフライ,男子,,,,,,75～79歳,2,嶋﨑昭夫,男子,セ・西東京,18.09,,,,,,,,,16.92,,,3/4
949,76,2024,5,11,短水路,個人,12,25mバタフライ,男子,,,,,,75～79歳,3,白井清嗣,男子,セ・大宮宮原,19.09,,,,,,,,,16.92,,,5/6
950,76,2024,5,11,短水路,個人,12,25mバタフライ,男子,,,,,,75～79歳,4,林尊利,男子,クリーンスパ,22.02,,,,,,,,,16.92,,,2/4
951,76,2024,5,11,短水路,個人,12,25mバタフライ,男子,,,,,,75～79歳,5,内田幸稔,男子,セ・松戸,22.24,,,,,,,,,16.92,,,2/3
952,76,2024,5,11,短水路,個人,12,25mバタフライ,男子,,,,,,75～79歳,6,阿達謙一,男子,セ・大森,25.09,,,,,,,,,16.92,,,2/2
953,76,2024,5,11,短水路,個人,12,25mバタフライ,男子,,,,,,70～74歳,1,安藤次郎,男子,セ・館山,15.91,,,,,,,,,15.65,,,8/5
954,76,2024,5,11,短水路,個人,12,25mバタフライ,男子,,,,,,70～74歳,2,亀田一麿,男子,セ・東戸塚,16.57,,,,,,,,,15.65,,,6/4
955,76,2024,5,11,短水路,個人,12,25mバタフライ,男子,,,,,,70～74歳,3,香川左近,男子,セ・二俣川,18.05,,,,,,,,,15.65,,,4/6
956,76,2024,5,11,短水路,個人,12,25mバタフライ,男子,,,,,,70～74歳,4,大倉健志,男子,セ・流山,18.21,,,,,,,,,15.65,,,3/5
957,76,2024,5,11,短水路,個人,12,25mバタフライ,男子,,,,,,70～74歳,5,大久保美伸,男子,セ・松戸,21.25,,,,,,,,,15.65,,,2/5
958,76,2024,5,11,短水路,個人,12,25mバタフライ,男子,,,,,,70～74歳,6,岸田孝,男子,セ・南青山,21.71,,,,,,,,,15.65,,,1/2
959,76,2024,5,11,短水路,個人,12,25mバタフライ,男子,,,,,,70～74歳,7,山田幸男,男子,セ・南千住,21.90,,,,,,,,,15.65,,,1/4
960,76,2024,5,11,短水路,個人,12,25mバタフライ,男子,,,,,,65～69歳,1,瀧川一興,男子,セ・大森,16.13,,,,,,,,,15.10,,,7/2
961,76,2024,5,11,短水路,個人,12,25mバタフライ,男子,,,,,,65～69歳,2,茂木和哉,男子,セ・市ヶ尾,17.35,,,,,,,,,15.10,,,5/4
962,76,2024,5,11,短水路,個人,12,25mバタフライ,男子,,,,,,65～69歳,3,岡田博之,男子,セ・流山,17.79,,,,,,,,,15.10,,,4/5
963,76,2024,5,11,短水路,個人,12,25mバタフライ,男子,,,,,,65～69歳,4,竹内新,男子,セ・府中,18.34,,,,,,,,,15.10,,,5/2
964,76,2024,5,11,短水路,個人,12,25mバタフライ,男子,,,,,,65～69歳,5,山梨英克,男子,セ・我孫子,18.67,,,,,,,,,15.10,,,5/7
965,76,2024,5,11,短水路,個人,12,25mバタフライ,男子,,,,,,65～69歳,6,渡辺正俊,男子,セ・流山,19.32,,,,,,,,,15.10,,,3/6
966,76,2024,5,11,短水路,個人,12,25mバタフライ,男子,,,,,,65～69歳,7,五十嵐洋,男子,セ・おおたか,19.59,,,,,,,,,15.10,,,3/7
967,76,2024,5,11,短水路,個人,12,25mバタフライ,男子,,,,,,65～69歳,8,金丸正弘,男子,セ・府中,22.30,,,,,,,,,15.10,,,1/7
968,76,2024,5,11,短水路,個人,12,25mバタフライ,男子,,,,,,60～64歳,1,安田洋一郎,男子,セ・八千代台,14.81,,,,,,,,,13.34,,,10/3
969,76,2024,5,11,短水路,個人,12,25mバタフライ,男子,,,,,,60～64歳,2,海辺信吉,男子,セ・おおたか,15.01,,,,,,,,,13.34,,,8/4
970,76,2024,5,11,短水路,個人,12,25mバタフライ,男子,,,,,,60～64歳,3,稲毛仁,男子,セ・松戸,15.58,,,,,,,,,13.34,,,7/4
971,76,2024,5,11,短水路,個人,12,25mバタフライ,男子,,,,,,60～64歳,4,二宮淳,男子,セ・トレッサ,16.46,,,,,,,,,13.34,,,5/5
972,76,2024,5,11,短水路,個人,12,25mバタフライ,男子,,,,,,60～64歳,5,丸山恵太,男子,セ・成城,16.54,,,,,,,,,13.34,,,6/7
973,76,2024,5,11,短水路,個人,12,25mバタフライ,男子,,,,,,60～64歳,6,山元修一,男子,セ・葛西,20.49,,,,,,,,,13.34,,,6/2
974,76,2024,5,11,短水路,個人,12,25mバタフライ,男子,,,,,,60～64歳,7,山本勝,男子,セ・慶應日吉,21.50,,,,,,,,,13.34,,,3/1
975,76,2024,5,11,短水路,個人,12,25mバタフライ,男子,,,,,,55～59歳,1,永家一徳,男子,セ・市川,14.65,,,,,,,,,13.11,,,9/1
976,76,2024,5,11,短水路,個人,12,25mバタフライ,男子,,,,,,55～59歳,2,新井良育,男子,セ・市ヶ尾,15.01,,,,,,,,,13.11,,,9/7
977,76,2024,5,11,短水路,個人,12,25mバタフライ,男子,,,,,,55～59歳,3,田中基幹,男子,セ・流山,15.61,,,,,,,,,13.11,,,6/5
978,76,2024,5,11,短水路,個人,12,25mバタフライ,男子,,,,,,55～59歳,4,村田善彦,男子,セ・清瀬,19.15,,,,,,,,,13.11,,,5/3
979,76,2024,5,11,短水路,個人,12,25mバタフライ,男子,,,,,,55～59歳,5,日暮正明,男子,セ・天王洲,19.18,,,,,,,,,13.11,,,5/1
980,76,2024,5,11,短水路,個人,12,25mバタフライ,男子,,,,,,55～59歳,6,大木義之,男子,セ・清瀬,20.56,,,,,,,,,13.11,,,2/7
981,76,2024,5,11,短水路,個人,12,25mバタフライ,男子,,,,,,50～54歳,1,藤本豊和,男子,セ・長津田,13.35,,,,,,,,,12.80,,,10/4
982,76,2024,5,11,短水路,個人,12,25mバタフライ,男子,,,,,,50～54歳,1,大村俊文,男子,セ・二俣川,13.35,,,,,,,,,12.80,,,11/4
983,76,2024,5,11,短水路,個人,12,25mバタフライ,男子,,,,,,50～54歳,3,弭間政隆,男子,セ・葛西,15.06,,,,,,,,,12.80,,,6/3
984,76,2024,5,11,短水路,個人,12,25mバタフライ,男子,,,,,,50～54歳,4,西村太郎,男子,セ・千葉みなと,15.10,,,,,,,,,12.80,,,9/6
985,76,2024,5,11,短水路,個人,12,25mバタフライ,男子,,,,,,50～54歳,5,原田真,男子,セ・葛西,15.14,,,,,,,,,12.80,,,10/8
986,76,2024,5,11,短水路,個人,12,25mバタフライ,男子,,,,,,50～54歳,6,新井田将司,男子,セ・トレッサ,15.22,,,,,,,,,12.80,,,10/7
987,76,2024,5,11,短水路,個人,12,25mバタフライ,男子,,,,,,50～54歳,7,北村洋一,男子,セ・大森,15.58,,,,,,,,,12.80,,,8/6
988,76,2024,5,11,短水路,個人,12,25mバタフライ,男子,,,,,,50～54歳,8,大川明徳,男子,セ・阿佐谷,16.11,,,,,,,,,12.80,,,9/4
989,76,2024,5,11,短水路,個人,12,25mバタフライ,男子,,,,,,50～54歳,9,鈴木章浩,男子,セ・大森,16.24,,,,,,,,,12.80,,,9/3
990,76,2024,5,11,短水路,個人,12,25mバタフライ,男子,,,,,,50～54歳,10,金子謙一,男子,セ・長津田,16.84,,,,,,,,,12.80,,,6/8
991,76,2024,5,11,短水路,個人,12,25mバタフライ,男子,,,,,,50～54歳,11,宮本昌雄,男子,セ・二俣川,17.93,,,,,,,,,12.80,,,6/1
992,76,2024,5,11,短水路,個人,12,25mバタフライ,男子,,,,,,50～54歳,12,横溝和功,男子,セ・下北沢,22.26,,,,,,,,,12.80,,,3/2
993,76,2024,5,11,短水路,個人,12,25mバタフライ,男子,,,,,,45～49歳,1,桶本新一郎,男子,セ・南千住,12.81,,,,,,,,,12.31,,,12/6
994,76,2024,5,11,短水路,個人,12,25mバタフライ,男子,,,,,,45～49歳,2,永瀬知之,男子,セ・二俣川,13.25,,,,,,,,,12.31,,,11/5
995,76,2024,5,11,短水路,個人,12,25mバタフライ,男子,,,,,,45～49歳,3,倉持公一,男子,セ・天王洲,13.48,,,,,,,,,12.31,,,11/3
996,76,2024,5,11,短水路,個人,12,25mバタフライ,男子,,,,,,45～49歳,4,宮崎健,男子,セ・福生,13.73,,,,,,,,,12.31,,,10/5
997,76,2024,5,11,短水路,個人,12,25mバタフライ,男子,,,,,,45～49歳,5,前田潤,男子,セ・松戸,14.30,,,,,,,,,12.31,,,9/2
998,76,2024,5,11,短水路,個人,12,25mバタフライ,男子,,,,,,45～49歳,6,桐本兼輔,男子,セ・福生,14.38,,,,,,,,,12.31,,,9/5
999,76,2024,5,11,短水路,個人,12,25mバタフライ,男子,,,,,,45～49歳,7,磯貝知弘,男子,セ・柏,14.63,,,,,,,,,12.31,,,10/6
1000,76,2024,5,11,短水路,個人,12,25mバタフライ,男子,,,,,,45～49歳,8,花輪博之,男子,セ・越谷,14.83,,,,,,,,,12.31,,,8/2
1001,76,2024,5,11,短水路,個人,12,25mバタフライ,男子,,,,,,45～49歳,9,鈴木直哉,男子,セ・八王子,15.38,,,,,,,,,12.31,,,3/8
1002,76,2024,5,11,短水路,個人,12,25mバタフライ,男子,,,,,,45～49歳,10,大沢祐輔,男子,セ・福生,15.65,,,,,,,,,12.31,,,7/3
1003,76,2024,5,11,短水路,個人,12,25mバタフライ,男子,,,,,,45～49歳,11,古屋俊一,男子,セ・ときわ台,16.74,,,,,,,,,12.31,,,7/5
1004,76,2024,5,11,短水路,個人,12,25mバタフライ,男子,,,,,,45～49歳,12,安藤圭一,男子,セ・自由が丘,18.31,,,,,,,,,12.31,,,4/3
1005,76,2024,5,11,短水路,個人,12,25mバタフライ,男子,,,,,,40～44歳,1,木村知行,男子,セ・二俣川,13.88,,,,,,,,,11.76,,,11/2
1006,76,2024,5,11,短水路,個人,12,25mバタフライ,男子,,,,,,40～44歳,2,阪田高士,男子,セ・茂原,13.89,,,,,,,,,11.76,,,11/6
1007,76,2024,5,11,短水路,個人,12,25mバタフライ,男子,,,,,,40～44歳,3,小田島丈典,男子,セ・福生,16.08,,,,,,,,,11.76,,,7/6
1008,76,2024,5,11,短水路,個人,12,25mバタフライ,男子,,,,,,40～44歳,4,宇佐美学,男子,セ・大森,16.78,,,,,,,,,11.76,,,7/7
1009,76,2024,5,11,短水路,個人,12,25mバタフライ,男子,,,,,,35～39歳,1,岩本和也,男子,セ・志木,13.03,,,,,,,,,12.03,,,12/2
1010,76,2024,5,11,短水路,個人,12,25mバタフライ,男子,,,,,,35～39歳,2,河野大和,男子,ザバス川崎,13.20,,,,,,,,,12.03,,,11/7
1011,76,2024,5,11,短水路,個人,12,25mバタフライ,男子,,,,,,35～39歳,3,根本隆利,男子,セ・慶應日吉,14.01,,,,,,,,,12.03,,,8/7
1012,76,2024,5,11,短水路,個人,12,25mバタフライ,男子,,,,,,35～39歳,4,佐々木悠介,男子,セ・福生,18.90,,,,,,,,,12.03,,,4/1
1013,76,2024,5,11,短水路,個人,12,25mバタフライ,男子,,,,,,30～34歳,1,渡部慎也,男子,セ・大森,13.75,,,,,,,,,11.98,,,11/1
1014,76,2024,5,11,短水路,個人,12,25mバタフライ,男子,,,,,,30～34歳,2,海老原健太,男子,セ・大森,14.51,,,,,,,,,11.98,,,8/1
1015,76,2024,5,11,短水路,個人,12,25mバタフライ,男子,,,,,,30～34歳,3,大野淳哉,男子,セ・上池袋,16.28,,,,,,,,,11.98,,,9/8
1016,76,2024,5,11,短水路,個人,12,25mバタフライ,男子,,,,,,25～29歳,1,川島由伸,男子,セ・大宮宮原,10.54,,,,,,,,TRUE,11.03,,,12/4
1017,76,2024,5,11,短水路,個人,12,25mバタフライ,男子,,,,,,25～29歳,2,川西智大,男子,セ・南千住,12.76,,,,,,,,,11.03,,,12/7
1018,76,2024,5,11,短水路,個人,12,25mバタフライ,男子,,,,,,25～29歳,3,和田佳明,男子,セ・二俣川,15.44,,,,,,,,,11.03,,,7/8
1019,76,2024,5,11,短水路,個人,12,25mバタフライ,男子,,,,,,18～24歳,1,設樂航希,男子,セ・流山,11.44,,,,,,,,,10.59,,,12/5
1020,76,2024,5,11,短水路,個人,12,25mバタフライ,男子,,,,,,18～24歳,2,田中壮一郎,男子,セ・二俣川,12.57,,,,,,,,,10.59,,,12/1
1021,76,2024,5,11,短水路,個人,12,25mバタフライ,男子,,,,,,18～24歳,3,山田丈翔,男子,セ・二俣川,12.84,,,,,,,,,10.59,,,10/2
1022,76,2024,5,11,短水路,個人,12,25mバタフライ,男子,,,,,,18～24歳,4,村田雅治,男子,セ・長津田,13.13,,,,,,,,,10.59,,,11/8
1023,76,2024,5,11,短水路,個人,12,25mバタフライ,男子,,,,,,18～24歳,5,嶋田翔太,男子,セ・葛西,13.17,,,,,,,,,10.59,,,12/3
1024,76,2024,5,11,短水路,個人,12,25mバタフライ,男子,,,,,,18～24歳,6,青木海斗,男子,セ・用賀,13.22,,,,,,,,,10.59,,,12/8
1025,76,2024,5,11,短水路,個人,12,25mバタフライ,男子,,,,,,18～24歳,7,河野莉侑,男子,セ・葛西,15.70,,,,,,,,,10.59,,,8/8
1026,76,2024,5,11,短水路,個人,13,200m自由形,女子,,,,,,85～89歳,1,森川タエ子,女子,セ・我孫子,4:44.03,,,"31.08,1:05.41,1:40.85,2:15.10,2:50.84,3:25.68,3:59.36",,,,,,,3:13.00,3:12.66,1/7
1027,76,2024,5,11,短水路,個人,13,200m自由形,女子,,,,,,85～89歳,2,熊谷一枝,女子,セ・天王洲,4:59.42,,,"28.44,1:00.30,1:35.48,2:14.37,2:53.80,3:35.51,4:17.43",,,,,,,3:13.00,3:12.66,1/2
1028,76,2024,5,11,短水路,個人,13,200m自由形,女子,,,,,,75～79歳,1,竹原君枝,女子,セ・慶應日吉,3:41.07,,,"25.25,52.10,1:20.78,1:48.61,2:17.01,2:45.67,3:13.73",,,,,,3:28.29,2:51.65,2:51.46,3/7
1029,76,2024,5,11,短水路,個人,13,200m自由形,女子,,,,,,75～79歳,2,藤井一恵,女子,セ・大森,3:49.12,,,"24.00,50.08,1:18.49,1:47.22,2:18.23,2:48.52,3:19.99",,,,,,3:28.29,2:51.65,2:51.46,3/6
1030,76,2024,5,11,短水路,個人,13,200m自由形,女子,,,,,,75～79歳,3,馬場悦子,女子,セ・清瀬,4:04.07,,,"25.23,53.74,1:24.28,1:55.56,2:27.73,3:00.94,3:34.54",,,,,,3:28.29,2:51.65,2:51.46,2/8
1031,76,2024,5,11,短水路,個人,13,200m自由形,女子,,,,,,75～79歳,4,安部澄子,女子,セ・我孫子,4:39.38,,,"28.45,1:00.48,1:34.46,2:10.83,2:48.86,3:26.78,4:03.48",,,,,,3:28.29,2:51.65,2:51.46,1/1
1032,76,2024,5,11,短水路,個人,13,200m自由形,女子,,,,,,70～74歳,1,中平信子,女子,セ・成城,3:10.76,,,"20.78,42.79,1:06.41,1:30.22,1:55.06,2:19.76,2:46.04",,,,,,3:01.88,2:44.70,2:27.89,5/3
1033,76,2024,5,11,短水路,個人,13,200m自由形,女子,,,,,,70～74歳,2,原田岳美,女子,セ・藤沢,3:12.37,,,"19.92,41.52,1:04.28,1:27.99,1:53.23,2:18.99,2:45.88",,,,,,3:01.88,2:44.70,2:27.89,6/4
1034,76,2024,5,11,短水路,個人,13,200m自由形,女子,,,,,,70～74歳,3,青砥美智子,女子,セ・葛西,3:26.80,,,"23.15,47.49,1:12.96,1:38.64,2:05.16,2:31.85,2:59.20",,,,,,3:01.88,2:44.70,2:27.89,4/6
1035,76,2024,5,11,短水路,個人,13,200m自由形,女子,,,,,,70～74歳,4,藤田典子,女子,セ・川越,3:40.51,,,"21.79,47.32,1:15.04,1:43.85,2:13.45,2:43.23,3:12.33",,,,,,3:01.88,2:44.70,2:27.89,4/8
1036,76,2024,5,11,短水路,個人,13,200m自由形,女子,,,,,,70～74歳,5,水谷裕子,女子,セ・西新井,3:42.41,,,"21.82,47.25,1:14.28,1:43.74,2:12.66,2:42.45,3:12.52",,,,,,3:01.88,2:44.70,2:27.89,2/4
1037,76,2024,5,11,短水路,個人,13,200m自由形,女子,,,,,,65～69歳,1,山﨑京子,女子,セ・横浜,3:12.58,,,"19.75,43.11,1:07.30,1:32.09,1:57.50,2:22.60,2:48.98",,,,,,2:49.62,2:40.06,2:23.26,6/7
1038,76,2024,5,11,短水路,個人,13,200m自由形,女子,,,,,,65～69歳,2,森谷登志江,女子,セ・慶應日吉,3:14.07,,,"20.89,43.21,1:06.23,1:30.14,1:54.92,2:21.32,2:48.44",,,,,,2:49.62,2:40.06,2:23.26,5/6
1039,76,2024,5,11,短水路,個人,13,200m自由形,女子,,,,,,65～69歳,3,石河久美子,女子,セ・溝ノ口,3:24.94,,,"22.56,47.25,1:12.44,1:38.30,2:04.54,2:31.44,2:58.65",,,,,,2:49.62,2:40.06,2:23.26,4/3
1040,76,2024,5,11,短水路,個人,13,200m自由形,女子,,,,,,65～69歳,4,久松葉子,女子,セ・成城,3:32.38,,,"23.49,48.56,1:15.09,1:42.16,2:10.32,2:38.03,3:05.82",,,,,,2:49.62,2:40.06,2:23.26,3/1
1041,76,2024,5,11,短水路,個人,13,200m自由形,女子,,,,,,65～69歳,5,古宇田淳子,女子,セ・南千住,3:35.71,,,"22.76,48.64,1:15.65,1:43.14,2:11.64,2:40.22,3:08.79",,,,,,2:49.62,2:40.06,2:23.26,3/2
1042,76,2024,5,11,短水路,個人,13,200m自由形,女子,,,,,,65～69歳,6,五月女美幸,女子,セ・宇都宮,3:42.38,,,"21.16,45.10,1:11.43,1:39.91,2:10.18,2:41.21,3:12.19",,,,,,2:49.62,2:40.06,2:23.26,4/1
1043,76,2024,5,11,短水路,個人,13,200m自由形,女子,,,,,,65～69歳,7,近藤みゆき,女子,セ・阿佐谷,3:50.96,,,"23.65,51.09,1:19.28,1:50.33,2:19.93,2:50.84,3:21.73",,,,,,2:49.62,2:40.06,2:23.26,1/4
1044,76,2024,5,11,短水路,個人,13,200m自由形,女子,,,,,,65～69歳,8,大西和子,女子,セ・天王洲,4:39.71,,,"28.17,1:01.18,1:35.88,2:11.87,2:48.03,3:25.54,4:03.20",,,,,,2:49.62,2:40.06,2:23.26,1/6
1045,76,2024,5,11,短水路,個人,13,200m自由形,女子,,,,,,60～64歳,1,石井裕美,女子,セ・ときわ台,2:56.15,,,"18.86,39.51,1:01.32,1:23.99,1:46.92,2:10.78,2:34.39",,,,,,2:31.13,2:29.96,2:15.93,7/5
1046,76,2024,5,11,短水路,個人,13,200m自由形,女子,,,,,,60～64歳,2,野島久枝,女子,セ・二俣川,3:03.52,,,"19.24,41.00,1:03.26,1:26.71,1:51.12,2:15.82,2:40.18",,,,,,2:31.13,2:29.96,2:15.93,6/2
1047,76,2024,5,11,短水路,個人,13,200m自由形,女子,,,,,,60～64歳,3,高松早智子,女子,セ・南宇都宮,3:16.24,,,"20.26,43.57,1:08.65,1:34.27,2:00.18,2:26.26,2:52.67",,,,,,2:31.13,2:29.96,2:15.93,4/4
1048,76,2024,5,11,短水路,個人,13,200m自由形,女子,,,,,,60～64歳,4,高橋久美,女子,セ・市川,3:19.21,,,"20.11,42.21,1:05.43,1:29.62,1:53.94,2:20.51,2:49.37",,,,,,2:31.13,2:29.96,2:15.93,5/4
1049,76,2024,5,11,短水路,個人,13,200m自由形,女子,,,,,,60～64歳,5,草森理子,女子,セ・成城,3:25.55,,,"20.80,44.23,1:08.70,1:34.37,2:00.88,2:28.53,2:57.14",,,,,,2:31.13,2:29.96,2:15.93,5/8
1050,76,2024,5,11,短水路,個人,13,200m自由形,女子,,,,,,60～64歳,6,宮内麻里,女子,曽谷・セ,3:27.13,,,"22.26,46.39,1:11.52,1:38.29,2:05.26,2:33.11,3:01.57",,,,,,2:31.13,2:29.96,2:15.93,4/5
1051,76,2024,5,11,短水路,個人,13,200m自由形,女子,,,,,,60～64歳,7,倉林明子,女子,セ・おおたか,3:34.82,,,"22.27,48.21,1:15.74,1:43.54,2:12.20,2:39.85,3:07.87",,,,,,2:31.13,2:29.96,2:15.93,4/7
1052,76,2024,5,11,短水路,個人,13,200m自由形,女子,,,,,,60～64歳,8,清水孝子,女子,セ・福生,3:39.64,,,"22.45,47.70,1:14.33,1:42.50,2:10.64,2:40.52,3:09.80",,,,,,2:31.13,2:29.96,2:15.93,3/5
1053,76,2024,5,11,短水路,個人,13,200m自由形,女子,,,,,,60～64歳,9,増子保子,女子,セ・蘇我,3:57.08,,,"25.17,52.94,1:20.73,1:50.79,2:21.44,2:52.92,3:25.26",,,,,,2:31.13,2:29.96,2:15.93,1/5
1054,76,2024,5,11,短水路,個人,13,200m自由形,女子,,,,,,60～64歳,10,中村清美,女子,セ・蘇我,4:10.76,,,"26.14,57.63,1:28.87,2:01.46,2:34.14,3:06.38,3:39.25",,,,,,2:31.13,2:29.96,2:15.93,1/3
1055,76,2024,5,11,短水路,個人,13,200m自由形,女子,,,,,,55～59歳,1,篠原理恵,女子,セ・南宇都宮,2:37.67,,,"16.93,35.65,55.21,1:15.11,1:35.40,1:56.12,2:17.23",,,,,,2:27.59,2:22.47,2:13.58,8/4
1056,76,2024,5,11,短水路,個人,13,200m自由形,女子,,,,,,55～59歳,2,年岡仁美,女子,セ・千葉みなと,2:41.35,,,"17.87,37.92,58.78,1:19.61,1:40.38,2:01.40,2:21.63",,,,,,2:27.59,2:22.47,2:13.58,8/7
1057,76,2024,5,11,短水路,個人,13,200m自由形,女子,,,,,,55～59歳,3,前畑章子,女子,セ・慶應日吉,2:56.49,,,"17.94,38.33,59.20,1:21.44,1:44.31,2:07.85,2:32.29",,,,,,2:27.59,2:22.47,2:13.58,6/1
1058,76,2024,5,11,短水路,個人,13,200m自由形,女子,,,,,,55～59歳,4,中野裕子,女子,セ・二俣川,3:30.00,,,"23.39,49.65,1:16.60,1:44.01,2:11.93,2:38.87,3:05.49",,,,,,2:27.59,2:22.47,2:13.58,2/7
1059,76,2024,5,11,短水路,個人,13,200m自由形,女子,,,,,,55～59歳,5,佐々木夕子,女子,セ・市ヶ尾,3:49.53,,,"24.88,53.19,1:22.25,1:51.16,2:20.40,2:50.22,3:19.96",,,,,,2:27.59,2:22.47,2:13.58,2/1
1060,76,2024,5,11,短水路,個人,13,200m自由形,女子,,,,,,55～59歳,,棚橋悦子,女子,セ・自由が丘,,,,,,,,,,2:27.59,2:22.47,2:13.58,4/2
1061,76,2024,5,11,短水路,個人,13,200m自由形,女子,,,,,,50～54歳,1,広瀬百合香,女子,セ・戸塚,2:31.05,,,"16.46,34.97,53.99,1:13.76,1:33.27,1:52.95,2:12.89",,,,,,2:25.23,2:16.85,2:10.72,9/8
1062,76,2024,5,11,短水路,個人,13,200m自由形,女子,,,,,,50～54歳,2,大川晴美,女子,セ・成城,2:38.20,,,"17.75,36.77,56.16,1:15.93,1:36.54,1:57.06,2:17.78",,,,,,2:25.23,2:16.85,2:10.72,8/3
1063,76,2024,5,11,短水路,個人,13,200m自由形,女子,,,,,,50～54歳,3,佐々木美佐,女子,セ・平塚,2:40.19,,,"16.74,35.46,55.26,1:15.88,1:37.07,1:58.58,2:20.26",,,,,,2:25.23,2:16.85,2:10.72,8/1
1064,76,2024,5,11,短水路,個人,13,200m自由形,女子,,,,,,50～54歳,4,浅尾有香,女子,セ・大森,2:40.48,,,"16.66,35.43,55.31,1:15.92,1:37.27,1:58.85,2:20.47",,,,,,2:25.23,2:16.85,2:10.72,8/6
1065,76,2024,5,11,短水路,個人,13,200m自由形,女子,,,,,,50～54歳,5,溝呂木友子,女子,セ・阿佐谷,2:45.02,,,"17.79,37.31,57.48,1:17.84,1:38.93,2:00.81,2:23.08",,,,,,2:25.23,2:16.85,2:10.72,8/2
1066,76,2024,5,11,短水路,個人,13,200m自由形,女子,,,,,,50～54歳,6,植田雅美,女子,セ・宇都宮,3:00.88,,,"18.18,38.12,59.42,1:21.95,1:44.84,2:08.64,2:32.86",,,,,,2:25.23,2:16.85,2:10.72,7/4
1067,76,2024,5,11,短水路,個人,13,200m自由形,女子,,,,,,50～54歳,7,比留川美緒,女子,セ・平塚,3:01.45,,,"18.88,40.05,1:01.93,1:24.74,1:48.40,2:12.77,2:37.40",,,,,,2:25.23,2:16.85,2:10.72,7/8
1068,76,2024,5,11,短水路,個人,13,200m自由形,女子,,,,,,50～54歳,8,白須靖子,女子,セ・市ヶ尾,3:03.12,,,"19.75,42.19,1:04.97,1:28.19,1:52.41,2:16.69,2:41.02",,,,,,2:25.23,2:16.85,2:10.72,6/5
1069,76,2024,5,11,短水路,個人,13,200m自由形,女子,,,,,,50～54歳,9,成島志雅子,女子,セ・F宇都宮,3:09.08,,,"19.01,40.57,1:03.94,1:28.02,1:52.95,2:18.35,2:43.71",,,,,,2:25.23,2:16.85,2:10.72,6/8
1070,76,2024,5,11,短水路,個人,13,200m自由形,女子,,,,,,50～54歳,10,小林和江,女子,セ・福生,3:23.93,,,"21.27,45.33,1:10.99,1:37.48,2:04.42,2:31.79,2:59.08",,,,,,2:25.23,2:16.85,2:10.72,5/5
1071,76,2024,5,11,短水路,個人,13,200m自由形,女子,,,,,,50～54歳,11,八幡悦子,女子,セ・福生,3:25.27,,,"20.59,44.92,1:10.81,1:37.40,2:04.48,2:31.49,2:58.56",,,,,,2:25.23,2:16.85,2:10.72,3/4
1072,76,2024,5,11,短水路,個人,13,200m自由形,女子,,,,,,50～54歳,12,森信子,女子,セ・大森,3:28.05,,,"22.31,48.14,1:14.21,1:40.64,2:07.93,2:35.14,3:02.17",,,,,,2:25.23,2:16.85,2:10.72,3/3
1073,76,2024,5,11,短水路,個人,13,200m自由形,女子,,,,,,50～54歳,13,北瀬あづさ,女子,セ・市ヶ尾,3:29.55,,,"23.36,49.90,1:16.59,1:43.91,2:10.98,2:38.23,3:04.29",,,,,,2:25.23,2:16.85,2:10.72,2/3
1074,76,2024,5,11,短水路,個人,13,200m自由形,女子,,,,,,45～49歳,1,日下幸子,女子,ザバス川崎,2:38.89,,,"16.71,35.45,55.03,1:15.11,1:35.88,1:56.96,2:18.25",,,,,,2:27.17,2:14.77,2:05.94,9/1
1075,76,2024,5,11,短水路,個人,13,200m自由形,女子,,,,,,45～49歳,2,草野茜,女子,セ・二俣川,2:48.51,,,"18.58,38.99,1:00.23,1:21.31,1:43.33,2:05.07,2:27.28",,,,,,2:27.17,2:14.77,2:05.94,8/8
1076,76,2024,5,11,短水路,個人,13,200m自由形,女子,,,,,,45～49歳,3,米倉公美,女子,セ・目黒,2:52.40,,,"18.50,39.28,1:01.03,1:22.90,1:45.49,2:08.13,2:30.76",,,,,,2:27.17,2:14.77,2:05.94,6/3
1077,76,2024,5,11,短水路,個人,13,200m自由形,女子,,,,,,45～49歳,4,高橋麻子,女子,セ・市ヶ尾,2:53.72,,,"18.02,38.37,59.80,1:21.98,1:44.90,2:08.11,2:31.39",,,,,,2:27.17,2:14.77,2:05.94,7/3
1078,76,2024,5,11,短水路,個人,13,200m自由形,女子,,,,,,45～49歳,5,高橋真美,女子,セ・志木,2:56.56,,,"18.81,39.33,1:01.35,1:24.24,1:47.21,2:10.64,2:34.35",,,,,,2:27.17,2:14.77,2:05.94,7/2
1079,76,2024,5,11,短水路,個人,13,200m自由形,女子,,,,,,45～49歳,6,吉池奈々,女子,セ・二俣川,3:01.87,,,"18.22,39.12,1:01.42,1:24.70,1:48.88,2:13.21,2:37.96",,,,,,2:27.17,2:14.77,2:05.94,7/7
1080,76,2024,5,11,短水路,個人,13,200m自由形,女子,,,,,,45～49歳,7,細沼悦子,女子,セ・越谷,3:10.22,,,"19.86,42.19,1:06.67,1:31.40,1:56.24,2:20.82,2:45.09",,,,,,2:27.17,2:14.77,2:05.94,3/8
1081,76,2024,5,11,短水路,個人,13,200m自由形,女子,,,,,,45～49歳,8,前田由希映,女子,セ・二俣川,3:11.67,,,"20.28,42.81,1:05.90,1:30.61,1:55.79,2:21.01,2:47.04",,,,,,2:27.17,2:14.77,2:05.94,5/7
1082,76,2024,5,11,短水路,個人,13,200m自由形,女子,,,,,,40～44歳,1,吉村華余,女子,セ・長津田,2:24.38,,,"15.32,32.71,50.86,1:09.20,1:28.00,1:46.96,2:05.99",,,,,,2:22.27,2:11.70,2:05.26,9/5
1083,76,2024,5,11,短水路,個人,13,200m自由形,女子,,,,,,40～44歳,2,西山春苗,女子,セ・二俣川,2:54.98,,,"17.61,37.60,59.33,1:22.26,1:45.21,2:09.12,2:33.20",,,,,,2:22.27,2:11.70,2:05.26,7/6
1084,76,2024,5,11,短水路,個人,13,200m自由形,女子,,,,,,40～44歳,3,宮林佑妃,女子,セ・長津田,2:59.90,,,"18.63,39.67,1:02.14,1:24.92,1:48.48,2:12.34,2:36.59",,,,,,2:22.27,2:11.70,2:05.26,5/2
1085,76,2024,5,11,短水路,個人,13,200m自由形,女子,,,,,,40～44歳,4,錦織佳奈子,女子,ザバス川崎,3:03.77,,,"19.26,40.31,1:02.18,1:25.94,1:50.60,2:16.11,2:41.38",,,,,,2:22.27,2:11.70,2:05.26,6/6
1086,76,2024,5,11,短水路,個人,13,200m自由形,女子,,,,,,40～44歳,5,久保かおり,女子,セ・長津田,3:06.63,,,"18.65,39.85,1:02.73,1:26.64,1:51.80,2:16.93,2:42.88",,,,,,2:22.27,2:11.70,2:05.26,7/1
1087,76,2024,5,11,短水路,個人,13,200m自由形,女子,,,,,,30～34歳,1,稲恒優里奈,女子,セ・おおたか,2:19.66,,,"15.60,32.93,50.41,1:08.41,1:26.47,1:44.34,2:02.26",,,,,,2:18.68,2:02.60,2:00.73,9/4
1088,76,2024,5,11,短水路,個人,13,200m自由形,女子,,,,,,30～34歳,2,長谷川恵,女子,セ・阿佐谷,2:31.27,,,"16.74,35.56,54.53,1:13.83,1:33.38,1:52.78,2:12.52",,,,,,2:18.68,2:02.60,2:00.73,9/7
1089,76,2024,5,11,短水路,個人,13,200m自由形,女子,,,,,,25～29歳,1,川俣星,女子,セ・新都心,2:27.81,,,"15.38,33.09,51.32,1:10.16,1:29.03,1:48.50,2:08.38",,,,,,2:08.31,1:59.61,1:57.99,9/2
1090,76,2024,5,11,短水路,個人,13,200m自由形,女子,,,,,,25～29歳,2,嶋田菜々子,女子,セ・おおたか,2:28.72,,,"15.75,33.39,51.70,1:10.29,1:29.64,1:49.57,2:09.84",,,,,,2:08.31,1:59.61,1:57.99,8/5
1091,76,2024,5,11,短水路,個人,13,200m自由形,女子,,,,,,18～24歳,1,西澤瑛倫,女子,セ・越谷,2:23.59,,,"15.62,33.08,51.47,1:09.91,1:28.48,1:47.15,2:05.90",,,,,,2:13.87,,,9/6
1092,76,2024,5,11,短水路,個人,13,200m自由形,女子,,,,,,18～24歳,2,正垣木梨,女子,セ・下北沢,2:42.85,,,"15.80,33.47,52.90,1:13.39,1:35.26,1:57.81,2:20.60",,,,,,2:13.87,,,9/3
1093,76,2024,5,11,短水路,個人,14,200m自由形,男子,,,,,,85～89歳,1,川本剛,男子,セ・長沼,3:33.06,,,"23.17,49.42,1:14.96,1:42.11,2:10.00,2:37.77,3:05.53",,,,,,3:25.82,3:08.23,2:55.35,2/8
1094,76,2024,5,11,短水路,個人,14,200m自由形,男子,,,,,,85～89歳,2,三橋正和,男子,セ・蘇我,5:25.78,,,"27.52,1:00.70,1:37.70,2:18.70,3:05.55,3:53.44,4:42.12",,,,,,3:25.82,3:08.23,2:55.35,1/1
1095,76,2024,5,11,短水路,個人,14,200m自由形,男子,,,,,,85～89歳,,大堀兵衛,男子,セ・下北沢,,,,,,,,,,3:25.82,3:08.23,2:55.35,1/7
1096,76,2024,5,11,短水路,個人,14,200m自由形,男子,,,,,,80～84歳,1,栗原猛,男子,セ・館山,4:03.97,,,"27.92,58.02,1:28.49,1:59.06,2:30.17,3:01.70,3:33.56",,,,,,3:22.52,2:44.88,2:38.25,1/2
1097,76,2024,5,11,短水路,個人,14,200m自由形,男子,,,,,,75～79歳,1,大内洋,男子,セ・葛西,3:47.05,,,"22.15,47.45,1:13.45,1:40.62,2:08.76,2:38.59,3:12.73",,,,,,2:48.14,2:32.00,2:26.94,1/5
1098,76,2024,5,11,短水路,個人,14,200m自由形,男子,,,,,,70～74歳,1,若宮強,男子,セ・成城,2:54.45,,,"17.96,38.17,59.91,1:22.66,1:45.46,2:08.39,2:33.06",,,,,,2:38.62,2:27.28,2:10.97,3/3
1099,76,2024,5,11,短水路,個人,14,200m自由形,男子,,,,,,70～74歳,2,菱沼和男,男子,セ・葛西,3:08.78,,,"20.52,43.08,1:06.83,1:29.92,1:54.36,2:19.50,2:44.41",,,,,,2:38.62,2:27.28,2:10.97,3/8
1100,76,2024,5,11,短水路,個人,14,200m自由形,男子,,,,,,70～74歳,3,大谷修司,男子,セ・館山,3:09.90,,,"19.49,41.00,1:03.99,1:27.63,1:52.38,2:17.38,2:43.31",,,,,,2:38.62,2:27.28,2:10.97,2/3
1101,76,2024,5,11,短水路,個人,14,200m自由形,男子,,,,,,70～74歳,4,森下善夫,男子,セ・大宮宮原,3:33.32,,,"48.35,1:14.73,1:42.09,2:10.11,3:33.32",,,,,,2:38.62,2:27.28,2:10.97,2/1
1102,76,2024,5,11,短水路,個人,14,200m自由形,男子,,,,,,65～69歳,1,井上昌臣,男子,セ・西東京,2:53.38,,,"18.00,37.77,58.68,1:20.66,1:43.76,2:07.11,2:31.16",,,,,,2:21.06,2:15.69,2:07.46,2/7
1103,76,2024,5,11,短水路,個人,14,200m自由形,男子,,,,,,65～69歳,2,折居彰,男子,セ・阿佐谷,3:23.40,,,"22.78,47.25,1:12.61,1:39.00,2:05.63,2:32.02,2:58.65",,,,,,2:21.06,2:15.69,2:07.46,1/3
1104,76,2024,5,11,短水路,個人,14,200m自由形,男子,,,,,,65～69歳,3,中井岳郎,男子,セ・成城,3:37.64,,,"21.09,45.37,1:12.46,1:40.26,2:10.29,2:39.76,3:08.89",,,,,,2:21.06,2:15.69,2:07.46,2/6
1105,76,2024,5,11,短水路,個人,14,200m自由形,男子,,,,,,60～64歳,1,渡部佳彦,男子,セ・市川,2:24.13,,,"15.94,33.97,52.38,1:10.64,1:29.18,1:47.49,2:06.27",,,,,,2:22.86,2:13.45,2:01.65,7/8
1106,76,2024,5,11,短水路,個人,14,200m自由形,男子,,,,,,60～64歳,2,久保田勝己,男子,セ・阿佐谷,2:34.96,,,"16.74,34.85,53.74,1:13.29,1:33.79,1:53.94,2:15.16",,,,,,2:22.86,2:13.45,2:01.65,5/4
1107,76,2024,5,11,短水路,個人,14,200m自由形,男子,,,,,,60～64歳,3,神尾尚人,男子,セ・市ヶ尾,2:36.57,,,"16.69,35.32,54.21,1:13.86,1:34.01,1:55.02,2:16.26",,,,,,2:22.86,2:13.45,2:01.65,5/5
1108,76,2024,5,11,短水路,個人,14,200m自由形,男子,,,,,,60～64歳,4,若島健二,男子,セ・二俣川,2:43.19,,,"18.53,38.48,58.73,1:19.52,1:40.81,2:02.20,2:23.28",,,,,,2:22.86,2:13.45,2:01.65,4/4
1109,76,2024,5,11,短水路,個人,14,200m自由形,男子,,,,,,60～64歳,5,畠山勝実,男子,セ・大宮宮原,2:49.10,,,"19.21,39.51,1:00.36,1:21.29,1:42.37,2:04.20,2:26.35",,,,,,2:22.86,2:13.45,2:01.65,4/1
1110,76,2024,5,11,短水路,個人,14,200m自由形,男子,,,,,,60～64歳,6,大津信弘,男子,セ・越谷,2:56.49,,,"18.52,39.34,1:00.62,1:23.06,1:46.31,2:10.21,2:34.04",,,,,,2:22.86,2:13.45,2:01.65,5/8
1111,76,2024,5,11,短水路,個人,14,200m自由形,男子,,,,,,60～64歳,7,山本和巳,男子,セ・茂原,3:12.12,,,"19.62,42.18,1:05.65,1:30.01,1:55.62,2:21.51,2:48.33",,,,,,2:22.86,2:13.45,2:01.65,2/4
1112,76,2024,5,11,短水路,個人,14,200m自由形,男子,,,,,,60～64歳,8,黒川恵一,男子,セ・市ヶ尾,3:23.98,,,"21.67,45.80,1:11.41,1:37.50,2:03.92,2:31.54,2:58.70",,,,,,2:22.86,2:13.45,2:01.65,2/5
1113,76,2024,5,11,短水路,個人,14,200m自由形,男子,,,,,,60～64歳,1,矢部裕之,男子,セ・長津田,2:21.37,,,"15.36,32.36,50.16,1:07.69,1:25.72,1:44.01,2:02.96",,,,,,2:22.86,2:13.45,2:01.65,7/6
1114,76,2024,5,11,短水路,個人,14,200m自由形,男子,,,,,,60～64歳,2,宮川則仁,男子,セ・大宮宮原,2:29.79,,,"16.31,34.16,53.12,1:12.59,1:31.81,1:51.42,2:10.96",,,,,,2:22.86,2:13.45,2:01.65,5/3
1115,76,2024,5,11,短水路,個人,14,200m自由形,男子,,,,,,60～64歳,3,塚本幸治,男子,セ・千葉みなと,2:38.92,,,"17.35,36.34,55.87,1:16.04,1:36.48,1:57.36,2:18.92",,,,,,2:22.86,2:13.45,2:01.65,5/6
1116,76,2024,5,11,短水路,個人,14,200m自由形,男子,,,,,,60～64歳,4,温井芳浩,男子,セ・谷津,2:47.74,,,"18.06,38.80,59.86,1:21.11,1:43.23,2:05.62,2:27.03",,,,,,2:22.86,2:13.45,2:01.65,4/2
1117,76,2024,5,11,短水路,個人,14,200m自由形,男子,,,,,,60～64歳,5,谷川元,男子,セ・ときわ台,2:56.43,,,"17.89,37.67,58.65,1:20.11,1:43.35,2:06.37,2:31.33",,,,,,2:22.86,2:13.45,2:01.65,3/4
1118,76,2024,5,11,短水路,個人,14,200m自由形,男子,,,,,,60～64歳,6,高田義久,男子,セ・八王子,2:58.53,,,"17.58,37.53,59.38,1:21.43,1:44.77,2:09.38,2:34.32",,,,,,2:22.86,2:13.45,2:01.65,3/5
1119,76,2024,5,11,短水路,個人,14,200m自由形,男子,,,,,,60～64歳,7,大塚秀幸,男子,セ・慶應日吉,3:04.16,,,"19.55,40.69,1:03.34,1:27.16,1:51.95,2:16.24,2:40.86",,,,,,2:22.86,2:13.45,2:01.65,3/6
1120,76,2024,5,11,短水路,個人,14,200m自由形,男子,,,,,,60～64歳,8,兵藤鋭雄,男子,セ・目黒,3:05.25,,,"18.30,39.21,1:01.73,1:24.39,1:48.44,2:13.35,2:39.84",,,,,,2:22.86,2:13.45,2:01.65,4/7
1121,76,2024,5,11,短水路,個人,14,200m自由形,男子,,,,,,60～64歳,9,佐藤流生,男子,セ・天王洲,3:34.11,,,"22.42,48.08,1:15.10,1:42.84,2:10.91,2:38.74,3:07.45",,,,,,2:22.86,2:13.45,2:01.65,1/6
1122,76,2024,5,11,短水路,個人,14,200m自由形,男子,,,,,,50～54歳,1,西野宮冬木,男子,セ・長津田,2:29.59,,,"16.32,35.21,54.73,1:14.29,1:33.77,1:53.37,2:12.46",,,,,,2:07.63,1:59.92,1:54.61,6/8
1123,76,2024,5,11,短水路,個人,14,200m自由形,男子,,,,,,50～54歳,2,清田真人,男子,セ・大宮宮原,2:33.48,,,"15.76,34.11,53.87,1:13.89,1:33.92,1:54.11,2:14.21",,,,,,2:07.63,1:59.92,1:54.61,6/7
1124,76,2024,5,11,短水路,個人,14,200m自由形,男子,,,,,,50～54歳,3,山田大介,男子,セ・武蔵小杉,2:35.86,,,"16.72,35.53,54.39,1:14.10,1:33.99,1:54.41,2:15.25",,,,,,2:07.63,1:59.92,1:54.61,6/4
1125,76,2024,5,11,短水路,個人,14,200m自由形,男子,,,,,,50～54歳,4,渡誠,男子,セ・清瀬,2:37.26,,,"17.51,36.10,55.59,1:15.94,1:36.62,1:57.35,2:18.64",,,,,,2:07.63,1:59.92,1:54.61,6/2
1126,76,2024,5,11,短水路,個人,14,200m自由形,男子,,,,,,50～54歳,5,成島毅,男子,セ・F宇都宮,2:42.34,,,"18.00,38.67,59.12,1:19.75,1:40.29,2:01.20,2:22.60",,,,,,2:07.63,1:59.92,1:54.61,4/8
1127,76,2024,5,11,短水路,個人,14,200m自由形,男子,,,,,,50～54歳,6,岩崎明,男子,セ・前橋,2:42.78,,,"17.72,37.79,58.42,1:19.14,1:40.47,2:01.91,2:22.69",,,,,,2:07.63,1:59.92,1:54.61,4/5
1128,76,2024,5,11,短水路,個人,14,200m自由形,男子,,,,,,50～54歳,7,平田博之,男子,セ・ときわ台,3:05.64,,,"17.93,39.82,1:03.18,1:27.13,1:51.98,2:16.47,2:41.23",,,,,,2:07.63,1:59.92,1:54.61,3/7
1129,76,2024,5,11,短水路,個人,14,200m自由形,男子,,,,,,45～49歳,1,永瀬知之,男子,セ・二俣川,2:08.99,,,"13.82,29.36,45.52,1:02.14,1:19.24,1:36.14,1:52.53",,,,,,2:03.86,1:53.35,1:52.58,8/3
1130,76,2024,5,11,短水路,個人,14,200m自由形,男子,,,,,,45～49歳,2,北川貴義,男子,セ・阿佐谷,2:13.23,,,"14.49,30.27,46.59,1:03.08,1:20.10,1:37.50,1:55.40",,,,,,2:03.86,1:53.35,1:52.58,8/6
1131,76,2024,5,11,短水路,個人,14,200m自由形,男子,,,,,,45～49歳,3,野村峰生,男子,セ・大森,2:16.27,,,"13.70,28.78,44.96,1:01.45,1:18.77,1:36.82,1:57.31",,,,,,2:03.86,1:53.35,1:52.58,8/5
1132,76,2024,5,11,短水路,個人,14,200m自由形,男子,,,,,,45～49歳,4,花井一也,男子,セ・長津田,2:17.26,,,"14.47,31.37,48.36,1:05.61,1:23.21,1:41.16,1:59.45",,,,,,2:03.86,1:53.35,1:52.58,7/3
1133,76,2024,5,11,短水路,個人,14,200m自由形,男子,,,,,,45～49歳,5,山内悠,男子,セ・市ヶ尾,2:19.86,,,"14.88,31.83,49.01,1:06.55,1:24.59,1:43.12,2:01.61",,,,,,2:03.86,1:53.35,1:52.58,7/2
1134,76,2024,5,11,短水路,個人,14,200m自由形,男子,,,,,,45～49歳,6,長谷川仁,男子,セ・南千住,2:24.32,,,"15.18,32.49,50.69,1:09.00,1:27.77,1:46.72,2:05.87",,,,,,2:03.86,1:53.35,1:52.58,6/6
1135,76,2024,5,11,短水路,個人,14,200m自由形,男子,,,,,,45～49歳,7,齊藤仁,男子,セ・茂原,2:35.68,,,"16.45,35.26,54.35,1:14.01,1:34.24,1:54.56,2:15.23",,,,,,2:03.86,1:53.35,1:52.58,5/2
1136,76,2024,5,11,短水路,個人,14,200m自由形,男子,,,,,,45～49歳,8,萩原智徳,男子,セ・長津田,2:54.55,,,"17.43,38.04,59.50,1:22.10,1:45.56,2:09.27,2:33.46",,,,,,2:03.86,1:53.35,1:52.58,3/2
1137,76,2024,5,11,短水路,個人,14,200m自由形,男子,,,,,,45～49歳,9,宮本大介,男子,セ・高崎,3:09.65,,,"20.94,43.82,1:08.10,1:32.72,1:57.50,2:22.37,2:47.28",,,,,,2:03.86,1:53.35,1:52.58,3/1
1138,76,2024,5,11,短水路,個人,14,200m自由形,男子,,,,,,45～49歳,10,櫻井直仁,男子,セ・清瀬,3:15.65,,,"19.97,44.32,1:09.23,1:33.98,1:59.16,2:25.47,2:50.73",,,,,,2:03.86,1:53.35,1:52.58,2/2
1139,76,2024,5,11,短水路,個人,14,200m自由形,男子,,,,,,40～44歳,1,前田崇行,男子,セ・二俣川,2:07.31,,,"13.39,28.31,44.16,1:00.62,1:17.28,1:34.07,1:51.01",,,,,,2:02.33,1:55.00,1:50.08,8/4
1140,76,2024,5,11,短水路,個人,14,200m自由形,男子,,,,,,40～44歳,2,石井将太,男子,セ・成瀬,2:09.19,,,"14.24,29.88,46.37,1:02.76,1:19.14,1:35.60,1:52.43",,,,,,2:02.33,1:55.00,1:50.08,9/2
1141,76,2024,5,11,短水路,個人,14,200m自由形,男子,,,,,,40～44歳,3,矢作歩,男子,セ・長津田,2:16.80,,,"14.40,30.60,47.26,1:04.42,1:22.18,1:40.02,1:57.87",,,,,,2:02.33,1:55.00,1:50.08,8/2
1142,76,2024,5,11,短水路,個人,14,200m自由形,男子,,,,,,40～44歳,4,大作善祥,男子,セ・おおたか,2:21.89,,,"14.97,31.45,48.53,1:06.77,1:24.89,1:43.87,2:03.56",,,,,,2:02.33,1:55.00,1:50.08,8/8
1143,76,2024,5,11,短水路,個人,14,200m自由形,男子,,,,,,40～44歳,5,知見邦彦,男子,セ・二俣川,2:36.59,,,"15.70,34.39,53.77,1:13.74,1:34.38,1:54.76,2:15.84",,,,,,2:02.33,1:55.00,1:50.08,6/3
1144,76,2024,5,11,短水路,個人,14,200m自由形,男子,,,,,,40～44歳,6,増淵知紀,男子,セ・南千住,2:38.27,,,"16.43,35.11,54.98,1:15.35,1:36.10,1:56.73,2:18.07",,,,,,2:02.33,1:55.00,1:50.08,4/6
1145,76,2024,5,11,短水路,個人,14,200m自由形,男子,,,,,,40～44歳,7,田子晃,男子,セ・自由が丘,2:39.53,,,"17.27,36.16,55.87,1:16.27,1:36.99,1:58.33,2:19.02",,,,,,2:02.33,1:55.00,1:50.08,4/3
1146,76,2024,5,11,短水路,個人,14,200m自由形,男子,,,,,,40～44歳,8,今村満,男子,セ・清瀬,2:52.28,,,"18.64,39.81,1:00.87,1:22.62,1:44.33,2:07.20,2:29.70",,,,,,2:02.33,1:55.00,1:50.08,5/1
1147,76,2024,5,11,短水路,個人,14,200m自由形,男子,,,,,,35～39歳,1,岩本和也,男子,セ・志木,2:07.47,,,"13.96,29.20,44.78,1:00.38,1:16.38,1:32.79,1:49.92",,,,,,1:54.32,1:49.22,1:48.36,9/6
1148,76,2024,5,11,短水路,個人,14,200m自由形,男子,,,,,,35～39歳,2,吉川重行,男子,セ・桶川北本,2:14.45,,,"13.49,29.40,46.09,1:03.41,1:21.08,1:38.94,1:56.87",,,,,,1:54.32,1:49.22,1:48.36,8/1
1149,76,2024,5,11,短水路,個人,14,200m自由形,男子,,,,,,35～39歳,3,木村考太,男子,セ・市ヶ尾,2:15.73,,,"14.69,31.08,48.00,1:05.49,1:22.92,1:40.84,1:58.29",,,,,,1:54.32,1:49.22,1:48.36,7/7
1150,76,2024,5,11,短水路,個人,14,200m自由形,男子,,,,,,35～39歳,4,長田裕史,男子,セ・柏,2:15.75,,,"14.80,31.49,48.46,1:05.73,1:23.24,1:40.96,1:58.88",,,,,,1:54.32,1:49.22,1:48.36,7/1
1151,76,2024,5,11,短水路,個人,14,200m自由形,男子,,,,,,35～39歳,5,新福留広貴,男子,セ・二俣川,2:18.15,,,"14.66,30.69,47.34,1:04.24,1:22.24,1:40.80,1:59.97",,,,,,1:54.32,1:49.22,1:48.36,6/5
1152,76,2024,5,11,短水路,個人,14,200m自由形,男子,,,,,,35～39歳,6,増田喬行,男子,セ・桶川北本,2:20.02,,,"14.64,31.09,48.28,1:05.61,1:23.92,1:42.48,2:01.53",,,,,,1:54.32,1:49.22,1:48.36,7/5
1153,76,2024,5,11,短水路,個人,14,200m自由形,男子,,,,,,30～34歳,1,中西剛,男子,セ・成城,2:05.64,,,"13.78,29.31,45.20,1:01.27,1:17.44,1:33.56,1:49.90",,,,,,1:55.82,1:50.24,1:46.12,9/5
1154,76,2024,5,11,短水路,個人,14,200m自由形,男子,,,,,,25～29歳,1,高栖翔,男子,セ・葛西,2:04.15,,,"12.96,27.21,42.22,57.50,1:13.66,1:30.22,1:47.26",,,,,,1:53.27,1:48.95,1:44.90,9/4
1155,76,2024,5,11,短水路,個人,14,200m自由形,男子,,,,,,25～29歳,2,小野健,男子,セ・天王洲,2:07.06,,,"13.73,28.82,44.40,1:00.04,1:16.14,1:32.77,1:50.01",,,,,,1:53.27,1:48.95,1:44.90,9/7
1156,76,2024,5,11,短水路,個人,14,200m自由形,男子,,,,,,25～29歳,3,関根貴大,男子,セ・阿佐谷,2:10.46,,,"14.03,29.40,45.51,1:01.80,1:18.47,1:35.24,1:52.88",,,,,,1:53.27,1:48.95,1:44.90,9/8
1157,76,2024,5,11,短水路,個人,14,200m自由形,男子,,,,,,25～29歳,4,岡内昭伍,男子,セ・大宮宮原,2:10.77,,,"13.42,29.09,45.53,1:02.13,1:18.63,1:35.62,1:53.11",,,,,,1:53.27,1:48.95,1:44.90,9/1
1158,76,2024,5,11,短水路,個人,14,200m自由形,男子,,,,,,25～29歳,5,小沢征司,男子,セ・大宮宮原,2:37.47,,,"17.28,35.97,55.37,1:15.00,1:35.17,1:55.97,2:17.67",,,,,,1:53.27,1:48.95,1:44.90,5/7
1159,76,2024,5,11,短水路,個人,14,200m自由形,男子,,,,,,18～24歳,1,荒井優吾,男子,セ・成瀬,2:06.72,,,"13.80,29.20,44.88,1:01.02,1:17.12,1:33.43,1:50.37",,,,,,1:52.53,,,9/3
1160,76,2024,5,11,短水路,個人,14,200m自由形,男子,,,,,,18～24歳,2,南里輝,男子,セ・蒲田,2:13.50,,,"13.68,29.54,45.61,1:02.52,1:19.33,1:36.72,1:55.01",,,,,,1:52.53,,,8/7
1161,76,2024,5,11,短水路,個人,21,50m平泳ぎ,女子,,,,,,85～89歳,1,上田寿美子,女子,セ・成城,1:10.96,,,,,,,,,:,52.33,52.17,1/6
1162,76,2024,5,11,短水路,個人,21,50m平泳ぎ,女子,,,,,,80～84歳,1,永島郁子,女子,ザバス鶴見,1:11.82,,,,,,,,,59.00,46.48,46.48,1/4
1163,76,2024,5,11,短水路,個人,21,50m平泳ぎ,女子,,,,,,80～84歳,2,西川美恵子,女子,セ・蒲田,1:11.92,,,,,,,,,59.00,46.48,46.48,1/5
1164,76,2024,5,11,短水路,個人,21,50m平泳ぎ,女子,,,,,,75～79歳,1,室谷晴江,女子,セ・大森,58.57,,,,,,,,,54.96,43.79,43.79,4/2
1165,76,2024,5,11,短水路,個人,21,50m平泳ぎ,女子,,,,,,75～79歳,2,岡田まり子,女子,CS南行徳,58.96,,,,,,,,,54.96,43.79,43.79,3/7
1166,76,2024,5,11,短水路,個人,21,50m平泳ぎ,女子,,,,,,75～79歳,3,福田加代子,女子,セ・戸塚,59.73,,,,,,,,,54.96,43.79,43.79,4/5
1167,76,2024,5,11,短水路,個人,21,50m平泳ぎ,女子,,,,,,75～79歳,4,佐々木和江,女子,セ・南千住,1:00.44,,,,,,,,,54.96,43.79,43.79,3/1
1168,76,2024,5,11,短水路,個人,21,50m平泳ぎ,女子,,,,,,75～79歳,5,小島律子,女子,セ・谷津,1:11.01,,,,,,,,,54.96,43.79,43.79,1/3
1169,76,2024,5,11,短水路,個人,21,50m平泳ぎ,女子,,,,,,75～79歳,6,西村咲喜子,女子,セ・志木,1:39.71,,,,,,,,,54.96,43.79,43.79,1/2
1170,76,2024,5,11,短水路,個人,21,50m平泳ぎ,女子,,,,,,70～74歳,1,松木真知子,女子,セ・ときわ台,57.25,,,,,,,,,45.06,42.80,42.10,2/2
1171,76,2024,5,11,短水路,個人,21,50m平泳ぎ,女子,,,,,,70～74歳,2,高梨佳代子,女子,ザバス金沢八,58.36,,,,,,,,,45.06,42.80,42.10,4/7
1172,76,2024,5,11,短水路,個人,21,50m平泳ぎ,女子,,,,,,70～74歳,3,小澤優子,女子,セ・葛西,58.48,,,,,,,,,45.06,42.80,42.10,3/3
1173,76,2024,5,11,短水路,個人,21,50m平泳ぎ,女子,,,,,,70～74歳,4,荒深なみ,女子,セ・市ヶ尾,1:01.19,,,,,,,,,45.06,42.80,42.10,2/5
1174,76,2024,5,11,短水路,個人,21,50m平泳ぎ,女子,,,,,,70～74歳,5,矢島きよえ,女子,CS南行徳,1:01.33,,,,,,,,,45.06,42.80,42.10,2/4
1175,76,2024,5,11,短水路,個人,21,50m平泳ぎ,女子,,,,,,65～69歳,1,武政ふく,女子,セ・松戸,45.32,,,,,,,,,44.00,40.90,38.90,7/6
1176,76,2024,5,11,短水路,個人,21,50m平泳ぎ,女子,,,,,,65～69歳,2,米澤美智子,女子,セ・成瀬,49.35,,,,,,,,,44.00,40.90,38.90,7/2
1177,76,2024,5,11,短水路,個人,21,50m平泳ぎ,女子,,,,,,65～69歳,3,三枚堂かよ子,女子,セ・阿佐谷,51.64,,,,,,,,,44.00,40.90,38.90,6/7
1178,76,2024,5,11,短水路,個人,21,50m平泳ぎ,女子,,,,,,65～69歳,4,瀧下節子,女子,セ・志木,53.33,,,,,,,,,44.00,40.90,38.90,5/4
1179,76,2024,5,11,短水路,個人,21,50m平泳ぎ,女子,,,,,,65～69歳,5,太田初美,女子,セ・越谷,53.43,,,,,,,,,44.00,40.90,38.90,6/8
1180,76,2024,5,11,短水路,個人,21,50m平泳ぎ,女子,,,,,,65～69歳,6,蓑田朝子,女子,セ・ときわ台,54.01,,,,,,,,,44.00,40.90,38.90,4/4
1181,76,2024,5,11,短水路,個人,21,50m平泳ぎ,女子,,,,,,65～69歳,7,相馬絹代,女子,セ・溝ノ口,55.09,,,,,,,,,44.00,40.90,38.90,4/1
1182,76,2024,5,11,短水路,個人,21,50m平泳ぎ,女子,,,,,,65～69歳,8,小笠原三春,女子,セ・八王子,56.02,,,,,,,,,44.00,40.90,38.90,4/3
1183,76,2024,5,11,短水路,個人,21,50m平泳ぎ,女子,,,,,,65～69歳,9,五月女美幸,女子,セ・宇都宮,56.65,,,,,,,,,44.00,40.90,38.90,4/8
1184,76,2024,5,11,短水路,個人,21,50m平泳ぎ,女子,,,,,,65～69歳,10,新井瑞枝,女子,セ・流山,57.00,,,,,,,,,44.00,40.90,38.90,3/4
1185,76,2024,5,11,短水路,個人,21,50m平泳ぎ,女子,,,,,,65～69歳,11,益田加津子,女子,セ・自由が丘,57.03,,,,,,,,,44.00,40.90,38.90,3/5
1186,76,2024,5,11,短水路,個人,21,50m平泳ぎ,女子,,,,,,65～69歳,12,奥野郁子,女子,セ・蘇我,58.68,,,,,,,,,44.00,40.90,38.90,2/3
1187,76,2024,5,11,短水路,個人,21,50m平泳ぎ,女子,,,,,,65～69歳,13,油井みどり,女子,セ・新浦安,1:03.17,,,,,,,,,44.00,40.90,38.90,3/2
1188,76,2024,5,11,短水路,個人,21,50m平泳ぎ,女子,,,,,,65～69歳,14,池田則子,女子,セ・松戸,1:05.28,,,,,,,,,44.00,40.90,38.90,2/6
1189,76,2024,5,11,短水路,個人,21,50m平泳ぎ,女子,,,,,,60～64歳,1,石井菜穂美,女子,セ・市川,44.08,,,,,,,,,42.93,37.62,37.08,8/2
1190,76,2024,5,11,短水路,個人,21,50m平泳ぎ,女子,,,,,,60～64歳,2,磯村由紀子,女子,セ・越谷,44.49,,,,,,,,,42.93,37.62,37.08,7/3
1191,76,2024,5,11,短水路,個人,21,50m平泳ぎ,女子,,,,,,60～64歳,3,酒井寿美恵,女子,クリーンスパ,48.18,,,,,,,,,42.93,37.62,37.08,6/3
1192,76,2024,5,11,短水路,個人,21,50m平泳ぎ,女子,,,,,,60～64歳,4,小池理恵子,女子,セ・阿佐谷,49.17,,,,,,,,,42.93,37.62,37.08,6/4
1193,76,2024,5,11,短水路,個人,21,50m平泳ぎ,女子,,,,,,60～64歳,5,北嶋春美,女子,セ・湘南ＬＴ,51.07,,,,,,,,,42.93,37.62,37.08,6/6
1194,76,2024,5,11,短水路,個人,21,50m平泳ぎ,女子,,,,,,60～64歳,6,増子保子,女子,セ・蘇我,52.48,,,,,,,,,42.93,37.62,37.08,5/2
1195,76,2024,5,11,短水路,個人,21,50m平泳ぎ,女子,,,,,,60～64歳,7,柳沢智子,女子,セ・成城,54.06,,,,,,,,,42.93,37.62,37.08,5/5
1196,76,2024,5,11,短水路,個人,21,50m平泳ぎ,女子,,,,,,60～64歳,8,杉村由紀子,女子,セ・溝ノ口,54.30,,,,,,,,,42.93,37.62,37.08,5/8
1197,76,2024,5,11,短水路,個人,21,50m平泳ぎ,女子,,,,,,60～64歳,9,橋本裕子,女子,クリーンスパ,56.17,,,,,,,,,42.93,37.62,37.08,5/6
1198,76,2024,5,11,短水路,個人,21,50m平泳ぎ,女子,,,,,,60～64歳,10,勝又聡子,女子,セ・福生,58.15,,,,,,,,,42.93,37.62,37.08,3/6
1199,76,2024,5,11,短水路,個人,21,50m平泳ぎ,女子,,,,,,55～59歳,1,前畑章子,女子,セ・慶應日吉,43.79,,,,,,,,,39.69,37.14,35.15,8/6
1200,76,2024,5,11,短水路,個人,21,50m平泳ぎ,女子,,,,,,55～59歳,2,袴田智津子,女子,セ・湘南ＬＴ,44.24,,,,,,,,,39.69,37.14,35.15,9/8
1201,76,2024,5,11,短水路,個人,21,50m平泳ぎ,女子,,,,,,55～59歳,3,鶴岡美佐,女子,ザバス金沢八,46.63,,,,,,,,,39.69,37.14,35.15,7/5
1202,76,2024,5,11,短水路,個人,21,50m平泳ぎ,女子,,,,,,55～59歳,4,船津香,女子,セ・自由が丘,48.55,,,,,,,,,39.69,37.14,35.15,7/1
1203,76,2024,5,11,短水路,個人,21,50m平泳ぎ,女子,,,,,,55～59歳,5,坂井慶子,女子,セ・大宮宮原,49.31,,,,,,,,,39.69,37.14,35.15,5/7
1204,76,2024,5,11,短水路,個人,21,50m平泳ぎ,女子,,,,,,55～59歳,6,三沢弘美,女子,セ・長津田,51.08,,,,,,,,,39.69,37.14,35.15,6/2
1205,76,2024,5,11,短水路,個人,21,50m平泳ぎ,女子,,,,,,55～59歳,7,鈴木夏実,女子,セ・慶應日吉,56.13,,,,,,,,,39.69,37.14,35.15,4/6
1206,76,2024,5,11,短水路,個人,21,50m平泳ぎ,女子,,,,,,55～59歳,8,渡邊ひろみ,女子,セ・松戸,56.35,,,,,,,,,39.69,37.14,35.15,6/5
1207,76,2024,5,11,短水路,個人,21,50m平泳ぎ,女子,,,,,,50～54歳,1,勝間田周子,女子,セ・湘南ＬＴ,39.91,,,,,,,,,39.47,36.21,33.96,9/6
1208,76,2024,5,11,短水路,個人,21,50m平泳ぎ,女子,,,,,,50～54歳,2,山口陽代,女子,セ・高崎,42.47,,,,,,,,,39.47,36.21,33.96,8/8
1209,76,2024,5,11,短水路,個人,21,50m平泳ぎ,女子,,,,,,50～54歳,3,糸賀香菜子,女子,セ・トレッサ,43.95,,,,,,,,,39.47,36.21,33.96,8/7
1210,76,2024,5,11,短水路,個人,21,50m平泳ぎ,女子,,,,,,50～54歳,4,白須靖子,女子,セ・市ヶ尾,44.79,,,,,,,,,39.47,36.21,33.96,7/8
1211,76,2024,5,11,短水路,個人,21,50m平泳ぎ,女子,,,,,,50～54歳,4,関本みすぎ,女子,セ・葛西,44.79,,,,,,,,,39.47,36.21,33.96,8/3
1212,76,2024,5,11,短水路,個人,21,50m平泳ぎ,女子,,,,,,50～54歳,6,五十嵐知佐,女子,セ・おおたか,45.43,,,,,,,,,39.47,36.21,33.96,7/7
1213,76,2024,5,11,短水路,個人,21,50m平泳ぎ,女子,,,,,,50～54歳,7,有路さくら,女子,セ・福生,51.55,,,,,,,,,39.47,36.21,33.96,5/1
1214,76,2024,5,11,短水路,個人,21,50m平泳ぎ,女子,,,,,,50～54歳,7,杉野幸恵,女子,セ・越谷,51.55,,,,,,,,,39.47,36.21,33.96,6/1
1215,76,2024,5,11,短水路,個人,21,50m平泳ぎ,女子,,,,,,45～49歳,1,片岡祥子,女子,セ・千葉みなと,37.04,,,,,,,,,36.44,34.05,33.01,9/4
1216,76,2024,5,11,短水路,個人,21,50m平泳ぎ,女子,,,,,,45～49歳,2,三宅信花,女子,セ・阿佐谷,40.08,,,,,,,,,36.44,34.05,33.01,9/7
1217,76,2024,5,11,短水路,個人,21,50m平泳ぎ,女子,,,,,,45～49歳,3,関康代,女子,セ・宇都宮,45.19,,,,,,,,,36.44,34.05,33.01,7/4
1218,76,2024,5,11,短水路,個人,21,50m平泳ぎ,女子,,,,,,40～44歳,1,中村可奈子,女子,セ・おおたか,40.52,,,,,,,,,37.30,34.01,31.81,8/4
1219,76,2024,5,11,短水路,個人,21,50m平泳ぎ,女子,,,,,,40～44歳,2,福澤絵理,女子,CS南行徳,50.18,,,,,,,,,37.30,34.01,31.81,3/8
1220,76,2024,5,11,短水路,個人,21,50m平泳ぎ,女子,,,,,,35～39歳,1,新妻梓,女子,セ・西東京,41.53,,,,,,,,,36.36,31.87,31.25,9/3
1221,76,2024,5,11,短水路,個人,21,50m平泳ぎ,女子,,,,,,30～34歳,1,長谷川恵,女子,セ・阿佐谷,40.58,,,,,,,,,36.02,31.71,31.35,9/2
1222,76,2024,5,11,短水路,個人,21,50m平泳ぎ,女子,,,,,,30～34歳,2,深堀陽子,女子,セ・二俣川,41.31,,,,,,,,,36.02,31.71,31.35,8/1
1223,76,2024,5,11,短水路,個人,21,50m平泳ぎ,女子,,,,,,25～29歳,1,石井理桜子,女子,セ・市川,40.55,,,,,,,,,35.67,30.69,30.50,8/5
1224,76,2024,5,11,短水路,個人,21,50m平泳ぎ,女子,,,,,,18～24歳,1,渡辺美楓,女子,セ・谷津,36.11,,,,,,,,,33.69,32.36,,9/5
1225,76,2024,5,11,短水路,個人,21,50m平泳ぎ,女子,,,,,,18～24歳,2,岡田星理,女子,セ・谷津,37.97,,,,,,,,,33.69,32.36,,9/1
1226,76,2024,5,11,短水路,個人,22,50m平泳ぎ,男子,,,,,,80～84歳,1,伊豆正義,男子,セ・新浦安,53.18,,,,,,,,,48.69,41.42,41.42,1/5
1227,76,2024,5,11,短水路,個人,22,50m平泳ぎ,男子,,,,,,80～84歳,2,小田稔,男子,セ・慶應日吉,1:04.24,,,,,,,,,48.69,41.42,41.42,1/7
1228,76,2024,5,11,短水路,個人,22,50m平泳ぎ,男子,,,,,,75～79歳,1,今修二,男子,セ・越谷,47.91,,,,,,,,,41.74,38.85,36.78,2/3
1229,76,2024,5,11,短水路,個人,22,50m平泳ぎ,男子,,,,,,75～79歳,2,山口博,男子,セ・志木,55.38,,,,,,,,,41.74,38.85,36.78,1/3
1230,76,2024,5,11,短水路,個人,22,50m平泳ぎ,男子,,,,,,70～74歳,1,吉村進,男子,セ・阿佐谷,41.32,,,,,,,,,39.78,35.85,33.54,4/4
1231,76,2024,5,11,短水路,個人,22,50m平泳ぎ,男子,,,,,,70～74歳,2,水谷博之,男子,セ・長津田,41.60,,,,,,,,,39.78,35.85,33.54,4/5
1232,76,2024,5,11,短水路,個人,22,50m平泳ぎ,男子,,,,,,70～74歳,3,増田行雄,男子,セ・蒲田,57.99,,,,,,,,,39.78,35.85,33.54,1/2
1233,76,2024,5,11,短水路,個人,22,50m平泳ぎ,男子,,,,,,65～69歳,1,松田賢治,男子,セ・大宮宮原,40.42,,,,,,,,,38.67,33.74,32.50,4/3
1234,76,2024,5,11,短水路,個人,22,50m平泳ぎ,男子,,,,,,65～69歳,2,前川正,男子,セ・Ｆ東戸塚,43.24,,,,,,,,,38.67,33.74,32.50,4/2
1235,76,2024,5,11,短水路,個人,22,50m平泳ぎ,男子,,,,,,65～69歳,3,安高祐三,男子,セ・越谷,46.96,,,,,,,,,38.67,33.74,32.50,2/5
1236,76,2024,5,11,短水路,個人,22,50m平泳ぎ,男子,,,,,,65～69歳,4,中井岳郎,男子,セ・成城,48.55,,,,,,,,,38.67,33.74,32.50,3/6
1237,76,2024,5,11,短水路,個人,22,50m平泳ぎ,男子,,,,,,65～69歳,5,赤坂吉昭,男子,セ・葛西,50.22,,,,,,,,,38.67,33.74,32.50,2/2
1238,76,2024,5,11,短水路,個人,22,50m平泳ぎ,男子,,,,,,65～69歳,6,阿部宏之助,男子,セ・上池袋,51.58,,,,,,,,,38.67,33.74,32.50,1/4
1239,76,2024,5,11,短水路,個人,22,50m平泳ぎ,男子,,,,,,60～64歳,1,池谷千尋,男子,セ・長津田,38.60,,,,,,,,,33.20,32.42,29.77,5/7
1240,76,2024,5,11,短水路,個人,22,50m平泳ぎ,男子,,,,,,60～64歳,2,中村幸弘,男子,セ・越谷,39.42,,,,,,,,,33.20,32.42,29.77,5/1
1241,76,2024,5,11,短水路,個人,22,50m平泳ぎ,男子,,,,,,60～64歳,3,二宮博,男子,セ・横浜,44.11,,,,,,,,,33.20,32.42,29.77,4/8
1242,76,2024,5,11,短水路,個人,22,50m平泳ぎ,男子,,,,,,60～64歳,4,増渕毅,男子,セ・トレッサ,44.53,,,,,,,,,33.20,32.42,29.77,3/3
1243,76,2024,5,11,短水路,個人,22,50m平泳ぎ,男子,,,,,,60～64歳,,大塚克,男子,セ・市川,,,,,,,,,,33.20,32.42,29.77,4/6
1244,76,2024,5,11,短水路,個人,22,50m平泳ぎ,男子,,,,,,55～59歳,1,小倉和彦,男子,セ・清瀬,33.88,,,,,,,,,31.89,30.55,29.22,7/1
1245,76,2024,5,11,短水路,個人,22,50m平泳ぎ,男子,,,,,,55～59歳,2,坂野照雄,男子,セ・越谷,36.27,,,,,,,,,31.89,30.55,29.22,5/5
1246,76,2024,5,11,短水路,個人,22,50m平泳ぎ,男子,,,,,,55～59歳,3,北村勇,男子,セ・能見台,42.49,,,,,,,,,31.89,30.55,29.22,3/4
1247,76,2024,5,11,短水路,個人,22,50m平泳ぎ,男子,,,,,,55～59歳,4,穴田啓樹,男子,セ・慶應日吉,44.52,,,,,,,,,31.89,30.55,29.22,3/5
1248,76,2024,5,11,短水路,個人,22,50m平泳ぎ,男子,,,,,,55～59歳,5,福田義晴,男子,セ・市川,55.41,,,,,,,,,31.89,30.55,29.22,1/6
1249,76,2024,5,11,短水路,個人,22,50m平泳ぎ,男子,,,,,,50～54歳,1,石井龍,男子,セ・成城,34.70,,,,,,,,,29.97,28.72,29.09,7/7
1250,76,2024,5,11,短水路,個人,22,50m平泳ぎ,男子,,,,,,50～54歳,2,岡村勝重,男子,セ・長津田,35.49,,,,,,,,,29.97,28.72,29.09,6/4
1251,76,2024,5,11,短水路,個人,22,50m平泳ぎ,男子,,,,,,50～54歳,3,古高正道,男子,セ・天王洲,42.36,,,,,,,,,29.97,28.72,29.09,3/2
1252,76,2024,5,11,短水路,個人,22,50m平泳ぎ,男子,,,,,,50～54歳,4,久保田裕一,男子,セ・慶應日吉,43.50,,,,,,,,,29.97,28.72,29.09,3/8
1253,76,2024,5,11,短水路,個人,22,50m平泳ぎ,男子,,,,,,50～54歳,5,稲垣浩,男子,セ・茂原,44.11,,,,,,,,,29.97,28.72,29.09,2/4
1254,76,2024,5,11,短水路,個人,22,50m平泳ぎ,男子,,,,,,50～54歳,6,向山高弘,男子,セ・ときわ台,45.48,,,,,,,,,29.97,28.72,29.09,2/7
1255,76,2024,5,11,短水路,個人,22,50m平泳ぎ,男子,,,,,,50～54歳,7,落合理,男子,セ・武蔵小杉,48.09,,,,,,,,,29.97,28.72,29.09,3/1
1256,76,2024,5,11,短水路,個人,22,50m平泳ぎ,男子,,,,,,45～49歳,1,加地隆史,男子,セ・葛西,35.64,,,,,,,,,30.42,28.83,28.65,6/2
1257,76,2024,5,11,短水路,個人,22,50m平泳ぎ,男子,,,,,,45～49歳,2,佐々木茂倫,男子,セ・流山,36.18,,,,,,,,,30.42,28.83,28.65,5/3
1258,76,2024,5,11,短水路,個人,22,50m平泳ぎ,男子,,,,,,45～49歳,3,小室秀幸,男子,セ・八王子,36.51,,,,,,,,,30.42,28.83,28.65,6/8
1259,76,2024,5,11,短水路,個人,22,50m平泳ぎ,男子,,,,,,45～49歳,4,山岡裕和,男子,セ・ときわ台,37.42,,,,,,,,,30.42,28.83,28.65,5/6
1260,76,2024,5,11,短水路,個人,22,50m平泳ぎ,男子,,,,,,45～49歳,5,藤田一寿,男子,セ・成城,41.99,,,,,,,,,30.42,28.83,28.65,4/7
1261,76,2024,5,11,短水路,個人,22,50m平泳ぎ,男子,,,,,,45～49歳,6,草野剛史,男子,セ・二俣川,42.56,,,,,,,,,30.42,28.83,28.65,4/1
1262,76,2024,5,11,短水路,個人,22,50m平泳ぎ,男子,,,,,,40～44歳,1,西尾直人,男子,セ・武蔵小杉,31.66,,,,,,,,,29.27,28.06,28.06,8/1
1263,76,2024,5,11,短水路,個人,22,50m平泳ぎ,男子,,,,,,40～44歳,2,中村正明,男子,セ・阿佐谷,31.76,,,,,,,,,29.27,28.06,28.06,8/2
1264,76,2024,5,11,短水路,個人,22,50m平泳ぎ,男子,,,,,,40～44歳,3,勝吉進一,男子,セ・慶應日吉,33.73,,,,,,,,,29.27,28.06,28.06,7/4
1265,76,2024,5,11,短水路,個人,22,50m平泳ぎ,男子,,,,,,40～44歳,4,吉田拓磨,男子,セ・上池袋,34.39,,,,,,,,,29.27,28.06,28.06,6/1
1266,76,2024,5,11,短水路,個人,22,50m平泳ぎ,男子,,,,,,40～44歳,5,矢作歩,男子,セ・長津田,36.19,,,,,,,,,29.27,28.06,28.06,5/4
1267,76,2024,5,11,短水路,個人,22,50m平泳ぎ,男子,,,,,,40～44歳,6,田中遼太,男子,セ・慶應日吉,44.89,,,,,,,,,29.27,28.06,28.06,3/7
1268,76,2024,5,11,短水路,個人,22,50m平泳ぎ,男子,,,,,,35～39歳,1,宮川航,男子,セ・南千住,29.66,,,,,,,,,29.50,27.34,26.66,8/4
1269,76,2024,5,11,短水路,個人,22,50m平泳ぎ,男子,,,,,,35～39歳,2,和田弘太郎,男子,セ・阿佐谷,29.82,,,,,,,,,29.50,27.34,26.66,8/5
1270,76,2024,5,11,短水路,個人,22,50m平泳ぎ,男子,,,,,,25～29歳,1,志熊叶一郎,男子,セ・阿佐谷,29.16,,,,,,,,,28.25,27.02,26.99,8/3
1271,76,2024,5,11,短水路,個人,22,50m平泳ぎ,男子,,,,,,25～29歳,2,前島悠也,男子,セ・葛西,30.90,,,,,,,,,28.25,27.02,26.99,8/7
1272,76,2024,5,11,短水路,個人,22,50m平泳ぎ,男子,,,,,,25～29歳,3,今里昂哉,男子,セ・清瀬,31.11,,,,,,,,,28.25,27.02,26.99,7/5
1273,76,2024,5,11,短水路,個人,22,50m平泳ぎ,男子,,,,,,25～29歳,4,只野克,男子,セ・谷津,31.32,,,,,,,,,28.25,27.02,26.99,7/3
1274,76,2024,5,11,短水路,個人,22,50m平泳ぎ,男子,,,,,,25～29歳,5,川西智大,男子,セ・南千住,31.75,,,,,,,,,28.25,27.02,26.99,6/7
1275,76,2024,5,11,短水路,個人,22,50m平泳ぎ,男子,,,,,,25～29歳,6,岡内昭伍,男子,セ・大宮宮原,32.35,,,,,,,,,28.25,27.02,26.99,8/6
1276,76,2024,5,11,短水路,個人,22,50m平泳ぎ,男子,,,,,,25～29歳,7,矢野匠,男子,セ・葛西,34.32,,,,,,,,,28.25,27.02,26.99,7/6
1277,76,2024,5,11,短水路,個人,22,50m平泳ぎ,男子,,,,,,18～24歳,1,内田陸登,男子,セ・慶應日吉,29.88,,,,,,,,,28.57,27.22,,8/8
1278,76,2024,5,11,短水路,個人,22,50m平泳ぎ,男子,,,,,,18～24歳,2,南里輝,男子,セ・蒲田,31.90,,,,,,,,,28.57,27.22,,6/3
1279,76,2024,5,11,短水路,個人,22,50m平泳ぎ,男子,,,,,,18～24歳,3,荒井啓汰,男子,セ・阿佐谷,32.27,,,,,,,,,28.57,27.22,,7/2
1280,76,2024,5,11,短水路,個人,22,50m平泳ぎ,男子,,,,,,18～24歳,4,西沢歩,男子,セ・清瀬,34.88,,,,,,,,,28.57,27.22,,7/8
1281,76,2024,5,11,短水路,個人,22,50m平泳ぎ,男子,,,,,,18～24歳,5,城山海,男子,セ・葛西,35.93,,,,,,,,,28.57,27.22,,6/6
1282,76,2024,5,11,短水路,個人,22,50m平泳ぎ,男子,,,,,,18～24歳,,小林眞那登,男子,セ・越谷,,,,,,,,,,28.57,27.22,,5/8
1283,76,2024,5,11,短水路,個人,23,50m自由形,女子,,,,,,85～89歳,1,熊谷一枝,女子,セ・天王洲,57.93,,,,,,,,,55.82,40.13,38.75,1/5
1284,76,2024,5,11,短水路,個人,23,50m自由形,女子,,,,,,85～89歳,2,伊東睦恵,女子,セ・湘南ＬＴ,1:15.09,,,,,,,,,55.82,40.13,38.75,1/7
1285,76,2024,5,11,短水路,個人,23,50m自由形,女子,,,,,,80～84歳,1,西巻トキ枝,女子,セ・戸塚,48.61,,,,,,,,,41.02,36.08,36.08,4/4
1286,76,2024,5,11,短水路,個人,23,50m自由形,女子,,,,,,80～84歳,2,新井昭代,女子,セ・東十条,51.62,,,,,,,,,41.02,36.08,36.08,4/1
1287,76,2024,5,11,短水路,個人,23,50m自由形,女子,,,,,,80～84歳,3,田神洋子,女子,セ・トレッサ,52.65,,,,,,,,,41.02,36.08,36.08,1/4
1288,76,2024,5,11,短水路,個人,23,50m自由形,女子,,,,,,80～84歳,4,小野洋子,女子,セ・我孫子,53.77,,,,,,,,,41.02,36.08,36.08,1/6
1289,76,2024,5,11,短水路,個人,23,50m自由形,女子,,,,,,80～84歳,,加藤直子,女子,セ・横浜,,,,,,,,,,41.02,36.08,36.08,1/1
1290,76,2024,5,11,短水路,個人,23,50m自由形,女子,,,,,,75～79歳,1,古旗美鈴,女子,セ・上池袋,46.99,,,,,,,,,37.40,35.39,34.04,6/8
1291,76,2024,5,11,短水路,個人,23,50m自由形,女子,,,,,,75～79歳,2,川口栄子,女子,セ・松戸,48.36,,,,,,,,,37.40,35.39,34.04,6/4
1292,76,2024,5,11,短水路,個人,23,50m自由形,女子,,,,,,75～79歳,3,宮島町子,女子,セ・亀有,48.80,,,,,,,,,37.40,35.39,34.04,2/7
1293,76,2024,5,11,短水路,個人,23,50m自由形,女子,,,,,,75～79歳,4,星幸恵,女子,クリーンスパ,50.73,,,,,,,,,37.40,35.39,34.04,3/4
1294,76,2024,5,11,短水路,個人,23,50m自由形,女子,,,,,,75～79歳,5,宇田川礼子,女子,セ・我孫子,51.51,,,,,,,,,37.40,35.39,34.04,2/2
1295,76,2024,5,11,短水路,個人,23,50m自由形,女子,,,,,,75～79歳,6,小島律子,女子,セ・谷津,53.93,,,,,,,,,37.40,35.39,34.04,3/7
1296,76,2024,5,11,短水路,個人,23,50m自由形,女子,,,,,,75～79歳,7,宮川禮子,女子,セ・清瀬,55.32,,,,,,,,,37.40,35.39,34.04,2/3
1297,76,2024,5,11,短水路,個人,23,50m自由形,女子,,,,,,75～79歳,8,内田貞代,女子,セ・清瀬,59.48,,,,,,,,,37.40,35.39,34.04,2/8
1298,76,2024,5,11,短水路,個人,23,50m自由形,女子,,,,,,70～74歳,1,近藤ひな子,女子,セ・二俣川,39.33,,,,,,,,,35.96,33.36,30.55,10/6
1299,76,2024,5,11,短水路,個人,23,50m自由形,女子,,,,,,70～74歳,2,中平信子,女子,セ・成瀬,40.80,,,,,,,,,35.96,33.36,30.55,9/4
1300,76,2024,5,11,短水路,個人,23,50m自由形,女子,,,,,,70～74歳,3,齊藤たか子,女子,ザバス川崎,45.28,,,,,,,,,35.96,33.36,30.55,4/3
1301,76,2024,5,11,短水路,個人,23,50m自由形,女子,,,,,,70～74歳,4,高梨佳代子,女子,ザバス金沢八,45.54,,,,,,,,,35.96,33.36,30.55,5/5
1302,76,2024,5,11,短水路,個人,23,50m自由形,女子,,,,,,70～74歳,5,崎山治子,女子,セ・用賀,46.42,,,,,,,,,35.96,33.36,30.55,5/1
1303,76,2024,5,11,短水路,個人,23,50m自由形,女子,,,,,,70～74歳,6,戸倉陽子,女子,セ・慶應日吉,50.48,,,,,,,,,35.96,33.36,30.55,4/5
1304,76,2024,5,11,短水路,個人,23,50m自由形,女子,,,,,,70～74歳,7,宮内佳代子,女子,セ・トレッサ,51.35,,,,,,,,,35.96,33.36,30.55,5/7
1305,76,2024,5,11,短水路,個人,23,50m自由形,女子,,,,,,70～74歳,8,藤田悦子,女子,セ・二俣川,51.89,,,,,,,,,35.96,33.36,30.55,3/2
1306,76,2024,5,11,短水路,個人,23,50m自由形,女子,,,,,,70～74歳,9,大山伴恵,女子,セ・トレッサ,54.38,,,,,,,,,35.96,33.36,30.55,3/6
1307,76,2024,5,11,短水路,個人,23,50m自由形,女子,,,,,,70～74歳,10,于亜芝,女子,セ・南千住,54.73,,,,,,,,,35.96,33.36,30.55,2/4
1308,76,2024,5,11,短水路,個人,23,50m自由形,女子,,,,,,70～74歳,,舛尾妃呂子,女子,セ・稲毛海岸,,,,,,,,,,35.96,33.36,30.55,7/3
1309,76,2024,5,11,短水路,個人,23,50m自由形,女子,,,,,,65～69歳,1,菅野泰子,女子,セ・松戸,36.32,,,,,,,,,34.90,32.28,29.30,11/3
1310,76,2024,5,11,短水路,個人,23,50m自由形,女子,,,,,,65～69歳,2,野村洋子,女子,ザバス金沢八,36.60,,,,,,,,,34.90,32.28,29.30,10/4
1311,76,2024,5,11,短水路,個人,23,50m自由形,女子,,,,,,65～69歳,3,安藤薫,女子,セ・西新井,38.01,,,,,,,,,34.90,32.28,29.30,10/7
1312,76,2024,5,11,短水路,個人,23,50m自由形,女子,,,,,,65～69歳,4,高梨美樹,女子,セ・成城,38.42,,,,,,,,,34.90,32.28,29.30,10/5
1313,76,2024,5,11,短水路,個人,23,50m自由形,女子,,,,,,65～69歳,5,山﨑京子,女子,セ・横浜,38.65,,,,,,,,,34.90,32.28,29.30,10/2
1314,76,2024,5,11,短水路,個人,23,50m自由形,女子,,,,,,65～69歳,6,塙清子,女子,セ・自由が丘,39.51,,,,,,,,,34.90,32.28,29.30,8/4
1315,76,2024,5,11,短水路,個人,23,50m自由形,女子,,,,,,65～69歳,7,川久保ちづる,女子,ザバス川崎,41.08,,,,,,,,,34.90,32.28,29.30,7/8
1316,76,2024,5,11,短水路,個人,23,50m自由形,女子,,,,,,65～69歳,8,山梨静枝,女子,セ・我孫子,42.46,,,,,,,,,34.90,32.28,29.30,5/4
1317,76,2024,5,11,短水路,個人,23,50m自由形,女子,,,,,,65～69歳,9,蓑田朝子,女子,セ・ときわ台,42.84,,,,,,,,,34.90,32.28,29.30,8/1
1318,76,2024,5,11,短水路,個人,23,50m自由形,女子,,,,,,65～69歳,10,光畑千栄子,女子,セ・成瀬,43.61,,,,,,,,,34.90,32.28,29.30,5/3
1319,76,2024,5,11,短水路,個人,23,50m自由形,女子,,,,,,65～69歳,11,岡田美恵子,女子,セ・溝ノ口,44.42,,,,,,,,,34.90,32.28,29.30,7/5
1320,76,2024,5,11,短水路,個人,23,50m自由形,女子,,,,,,65～69歳,12,石崎節代,女子,セ・南千住,45.47,,,,,,,,,34.90,32.28,29.30,6/5
1321,76,2024,5,11,短水路,個人,23,50m自由形,女子,,,,,,65～69歳,13,譲原恵子,女子,セ・我孫子,45.73,,,,,,,,,34.90,32.28,29.30,6/1
1322,76,2024,5,11,短水路,個人,23,50m自由形,女子,,,,,,65～69歳,14,鶴﨑緑,女子,セ・トレッサ,46.52,,,,,,,,,34.90,32.28,29.30,4/6
1323,76,2024,5,11,短水路,個人,23,50m自由形,女子,,,,,,65～69歳,15,池田敏子,女子,セ・戸塚,47.58,,,,,,,,,34.90,32.28,29.30,5/2
1324,76,2024,5,11,短水路,個人,23,50m自由形,女子,,,,,,65～69歳,16,東海林慶美,女子,セ・蒲田,48.13,,,,,,,,,34.90,32.28,29.30,7/6
1325,76,2024,5,11,短水路,個人,23,50m自由形,女子,,,,,,65～69歳,17,松浦敏子,女子,セ・我孫子,51.94,,,,,,,,,34.90,32.28,29.30,2/6
1326,76,2024,5,11,短水路,個人,23,50m自由形,女子,,,,,,65～69歳,18,中島初美,女子,セ・大森,52.13,,,,,,,,,34.90,32.28,29.30,2/5
1327,76,2024,5,11,短水路,個人,23,50m自由形,女子,,,,,,60～64歳,1,永瀬秀子,女子,セ・二俣川,31.61,,,,,,,,TRUE,31.83,29.80,28.50,14/2
1328,76,2024,5,11,短水路,個人,23,50m自由形,女子,,,,,,60～64歳,2,久保とし子,女子,セ・長津田,42.21,,,,,,,,,31.83,29.80,28.50,8/5
1329,76,2024,5,11,短水路,個人,23,50m自由形,女子,,,,,,60～64歳,3,加藤雅弓,女子,セ・新都心,42.27,,,,,,,,,31.83,29.80,28.50,7/2
1330,76,2024,5,11,短水路,個人,23,50m自由形,女子,,,,,,60～64歳,4,宮田ひとみ,女子,セ・阿佐谷,43.77,,,,,,,,,31.83,29.80,28.50,8/6
1331,76,2024,5,11,短水路,個人,23,50m自由形,女子,,,,,,60～64歳,5,黒川慶子,女子,セ・上池袋,46.17,,,,,,,,,31.83,29.80,28.50,6/7
1332,76,2024,5,11,短水路,個人,23,50m自由形,女子,,,,,,60～64歳,6,原田由美子,女子,セ・慶應日吉,47.49,,,,,,,,,31.83,29.80,28.50,3/1
1333,76,2024,5,11,短水路,個人,23,50m自由形,女子,,,,,,60～64歳,,佐々木れい,女子,セ・志木,,,,,,,,,,31.83,29.80,28.50,4/2
1334,76,2024,5,11,短水路,個人,23,50m自由形,女子,,,,,,55～59歳,1,羽山恵津子,女子,セ・葛西,34.04,,,,,,,,,31.26,28.37,27.42,12/8
1335,76,2024,5,11,短水路,個人,23,50m自由形,女子,,,,,,55～59歳,2,横尾しずか,女子,セ・用賀,34.31,,,,,,,,,31.26,28.37,27.42,11/1
1336,76,2024,5,11,短水路,個人,23,50m自由形,女子,,,,,,55～59歳,3,鶴岡美佐,女子,ザバス金沢八,35.85,,,,,,,,,31.26,28.37,27.42,11/5
1337,76,2024,5,11,短水路,個人,23,50m自由形,女子,,,,,,55～59歳,4,西田三佐子,女子,セ・大宮宮原,37.11,,,,,,,,,31.26,28.37,27.42,10/3
1338,76,2024,5,11,短水路,個人,23,50m自由形,女子,,,,,,55～59歳,5,古谷加寿子,女子,セ・府中,41.73,,,,,,,,,31.26,28.37,27.42,8/8
1339,76,2024,5,11,短水路,個人,23,50m自由形,女子,,,,,,55～59歳,6,三沢弘美,女子,セ・長津田,42.79,,,,,,,,,31.26,28.37,27.42,8/2
1340,76,2024,5,11,短水路,個人,23,50m自由形,女子,,,,,,55～59歳,7,下段千寿子,女子,セ・越谷,43.15,,,,,,,,,31.26,28.37,27.42,5/6
1341,76,2024,5,11,短水路,個人,23,50m自由形,女子,,,,,,55～59歳,8,富樫真樹子,女子,セ・用賀,43.99,,,,,,,,,31.26,28.37,27.42,6/2
1342,76,2024,5,11,短水路,個人,23,50m自由形,女子,,,,,,55～59歳,9,鈴木夏実,女子,セ・慶應日吉,44.23,,,,,,,,,31.26,28.37,27.42,6/3
1343,76,2024,5,11,短水路,個人,23,50m自由形,女子,,,,,,55～59歳,10,日置睦,女子,セ・我孫子,50.86,,,,,,,,,31.26,28.37,27.42,3/8
1344,76,2024,5,11,短水路,個人,23,50m自由形,女子,,,,,,55～59歳,11,植草美香子,女子,セ・横浜,52.64,,,,,,,,,31.26,28.37,27.42,2/1
1345,76,2024,5,11,短水路,個人,23,50m自由形,女子,,,,,,50～54歳,1,舘野美香,女子,セ・目黒,28.87,,,,,,,,,28.79,27.99,26.27,15/5
1346,76,2024,5,11,短水路,個人,23,50m自由形,女子,,,,,,50～54歳,2,杉本浩美,女子,セ・南千住,31.28,,,,,,,,,28.79,27.99,26.27,14/5
1347,76,2024,5,11,短水路,個人,23,50m自由形,女子,,,,,,50～54歳,3,山口陽代,女子,セ・高崎,32.11,,,,,,,,,28.79,27.99,26.27,13/1
1348,76,2024,5,11,短水路,個人,23,50m自由形,女子,,,,,,50～54歳,4,工藤遵江,女子,セ・Ｆ宇都宮,32.85,,,,,,,,,28.79,27.99,26.27,13/4
1349,76,2024,5,11,短水路,個人,23,50m自由形,女子,,,,,,50～54歳,5,池田智子,女子,セ・目黒,33.83,,,,,,,,,28.79,27.99,26.27,12/5
1350,76,2024,5,11,短水路,個人,23,50m自由形,女子,,,,,,50～54歳,6,大川晴美,女子,セ・成城,33.97,,,,,,,,,28.79,27.99,26.27,12/3
1351,76,2024,5,11,短水路,個人,23,50m自由形,女子,,,,,,50～54歳,7,高橋圭,女子,セ・松戸,34.38,,,,,,,,,28.79,27.99,26.27,11/4
1352,76,2024,5,11,短水路,個人,23,50m自由形,女子,,,,,,50～54歳,8,成島志雅子,女子,セ・Ｆ宇都宮,37.84,,,,,,,,,28.79,27.99,26.27,11/8
1353,76,2024,5,11,短水路,個人,23,50m自由形,女子,,,,,,50～54歳,9,西岡祐子,女子,セ・用賀,38.41,,,,,,,,,28.79,27.99,26.27,9/2
1354,76,2024,5,11,短水路,個人,23,50m自由形,女子,,,,,,50～54歳,10,酒井貴代,女子,セ・大森,42.30,,,,,,,,,28.79,27.99,26.27,5/8
1355,76,2024,5,11,短水路,個人,23,50m自由形,女子,,,,,,50～54歳,11,中村奈穂美,女子,セ・越谷,42.70,,,,,,,,,28.79,27.99,26.27,7/7
1356,76,2024,5,11,短水路,個人,23,50m自由形,女子,,,,,,50～54歳,12,石川美恵子,女子,セ・長津田,43.03,,,,,,,,,28.79,27.99,26.27,6/6
1357,76,2024,5,11,短水路,個人,23,50m自由形,女子,,,,,,50～54歳,13,大塚弘子,女子,セ・茂原,43.32,,,,,,,,,28.79,27.99,26.27,9/8
1358,76,2024,5,11,短水路,個人,23,50m自由形,女子,,,,,,50～54歳,14,佐藤泰子,女子,セ・溝ノ口,43.56,,,,,,,,,28.79,27.99,26.27,8/7
1359,76,2024,5,11,短水路,個人,23,50m自由形,女子,,,,,,50～54歳,15,兼子敬子,女子,セ・南千住,44.53,,,,,,,,,28.79,27.99,26.27,3/3
1360,76,2024,5,11,短水路,個人,23,50m自由形,女子,,,,,,45～49歳,1,佐々木彩,女子,セ・成城,31.09,,,,,,,,,28.98,27.46,26.29,13/3
1361,76,2024,5,11,短水路,個人,23,50m自由形,女子,,,,,,45～49歳,2,木村美佐子,女子,セ・南宇都宮,31.88,,,,,,,,,28.98,27.46,26.29,13/8
1362,76,2024,5,11,短水路,個人,23,50m自由形,女子,,,,,,45～49歳,3,日下幸子,女子,ザバス川崎,31.96,,,,,,,,,28.98,27.46,26.29,13/6
1363,76,2024,5,11,短水路,個人,23,50m自由形,女子,,,,,,45～49歳,4,小谷佐織,女子,セ・千葉みなと,32.24,,,,,,,,,28.98,27.46,26.29,13/2
1364,76,2024,5,11,短水路,個人,23,50m自由形,女子,,,,,,45～49歳,5,小室桃子,女子,セ・八王子,33.79,,,,,,,,,28.98,27.46,26.29,13/7
1365,76,2024,5,11,短水路,個人,23,50m自由形,女子,,,,,,45～49歳,6,飯澤美香,女子,セ・我孫子,34.03,,,,,,,,,28.98,27.46,26.29,9/6
1366,76,2024,5,11,短水路,個人,23,50m自由形,女子,,,,,,45～49歳,7,佐藤桂子,女子,セ・横浜,34.70,,,,,,,,,28.98,27.46,26.29,12/1
1367,76,2024,5,11,短水路,個人,23,50m自由形,女子,,,,,,45～49歳,8,吉池奈々,女子,セ・二俣川,36.30,,,,,,,,,28.98,27.46,26.29,11/7
1368,76,2024,5,11,短水路,個人,23,50m自由形,女子,,,,,,45～49歳,9,前田由希映,女子,セ・二俣川,36.45,,,,,,,,,28.98,27.46,26.29,11/2
1369,76,2024,5,11,短水路,個人,23,50m自由形,女子,,,,,,45～49歳,10,加藤千恵,女子,セ・茂原,37.85,,,,,,,,,28.98,27.46,26.29,9/3
1370,76,2024,5,11,短水路,個人,23,50m自由形,女子,,,,,,45～49歳,11,福本麻美,女子,セ・慶應日吉,38.06,,,,,,,,,28.98,27.46,26.29,9/5
1371,76,2024,5,11,短水路,個人,23,50m自由形,女子,,,,,,40～44歳,1,上沢絵里奈,女子,セ・トレッサ,31.19,,,,,,,,,29.20,26.75,26.02,14/1
1372,76,2024,5,11,短水路,個人,23,50m自由形,女子,,,,,,40～44歳,2,小豆澤和代,女子,セ・慶應日吉,33.39,,,,,,,,,29.20,26.75,26.02,14/7
1373,76,2024,5,11,短水路,個人,23,50m自由形,女子,,,,,,40～44歳,3,四井美穂,女子,セ・天王洲,33.83,,,,,,,,,29.20,26.75,26.02,12/7
1374,76,2024,5,11,短水路,個人,23,50m自由形,女子,,,,,,40～44歳,4,白花茉莉,女子,セ・久喜,45.07,,,,,,,,,29.20,26.75,26.02,4/7
1375,76,2024,5,11,短水路,個人,23,50m自由形,女子,,,,,,35～39歳,1,川北恵,女子,セ・長津田,29.88,,,,,,,,,28.32,26.36,25.10,15/6
1376,76,2024,5,11,短水路,個人,23,50m自由形,女子,,,,,,35～39歳,2,大家萌実,女子,セ・用賀,32.18,,,,,,,,,28.32,26.36,25.10,12/4
1377,76,2024,5,11,短水路,個人,23,50m自由形,女子,,,,,,35～39歳,3,井上悠,女子,セ・トレッサ,37.69,,,,,,,,,28.32,26.36,25.10,10/1
1378,76,2024,5,11,短水路,個人,23,50m自由形,女子,,,,,,30～34歳,1,早川舞,女子,セ・蒲田,29.76,,,,,,,,,28.59,25.57,24.30,15/3
1379,76,2024,5,11,短水路,個人,23,50m自由形,女子,,,,,,30～34歳,2,小堀友美,女子,セ・南千住,31.14,,,,,,,,,28.59,25.57,24.30,14/3
1380,76,2024,5,11,短水路,個人,23,50m自由形,女子,,,,,,30～34歳,3,熊谷紗友梨,女子,セ・Ｓ湘南台,45.76,,,,,,,,,28.59,25.57,24.30,8/3
1381,76,2024,5,11,短水路,個人,23,50m自由形,女子,,,,,,25～29歳,1,新後海優,女子,セ・トレッサ,29.31,,,,,,,,,27.09,25.42,25.00,15/7
1382,76,2024,5,11,短水路,個人,23,50m自由形,女子,,,,,,25～29歳,2,川俣星,女子,セ・新都心,30.06,,,,,,,,,27.09,25.42,25.00,15/8
1383,76,2024,5,11,短水路,個人,23,50m自由形,女子,,,,,,25～29歳,3,高橋由子,女子,セ・川越,30.09,,,,,,,,,27.09,25.42,25.00,14/4
1384,76,2024,5,11,短水路,個人,23,50m自由形,女子,,,,,,25～29歳,4,片桐由里恵,女子,セ・Ｓ湘南台,37.09,,,,,,,,,27.09,25.42,25.00,10/8
1385,76,2024,5,11,短水路,個人,23,50m自由形,女子,,,,,,18～24歳,1,宮坂茉優,女子,セ・我孫子,30.05,,,,,,,,,27.55,26.06,,14/6
1386,76,2024,5,11,短水路,個人,23,50m自由形,女子,,,,,,18～24歳,2,広瀬幸音,女子,セ・成城,30.61,,,,,,,,,27.55,26.06,,15/2
1387,76,2024,5,11,短水路,個人,23,50m自由形,女子,,,,,,18～24歳,3,今井恵子,女子,セ・阿佐谷,30.96,,,,,,,,,27.55,26.06,,14/8
1388,76,2024,5,11,短水路,個人,23,50m自由形,女子,,,,,,18～24歳,4,正垣木梨,女子,セ・下北沢,31.68,,,,,,,,,27.55,26.06,,15/1
1389,76,2024,5,11,短水路,個人,23,50m自由形,女子,,,,,,18～24歳,5,田嶋由佳,女子,セ・Ｆ宇都宮,32.46,,,,,,,,,27.55,26.06,,12/2
1390,76,2024,5,11,短水路,個人,24,50m自由形,男子,,,,,,85～89歳,1,川本剛,男子,セ・長沼,43.31,,,,,,,,,41.94,32.63,32.23,3/6
1391,76,2024,5,11,短水路,個人,24,50m自由形,男子,,,,,,85～89歳,2,大堀兵衛,男子,セ・下北沢,59.72,,,,,,,,,41.94,32.63,32.23,1/5
1392,76,2024,5,11,短水路,個人,24,50m自由形,男子,,,,,,85～89歳,3,丸野公敏,男子,セ・南千住,1:04.09,,,,,,,,,41.94,32.63,32.23,1/2
1393,76,2024,5,11,短水路,個人,24,50m自由形,男子,,,,,,80～84歳,1,井口穣,男子,セ・東戸塚,40.32,,,,,,,,,36.20,31.74,31.25,4/3
1394,76,2024,5,11,短水路,個人,24,50m自由形,男子,,,,,,80～84歳,2,井上隆史,男子,セ・市ヶ尾,43.08,,,,,,,,,36.20,31.74,31.25,3/3
1395,76,2024,5,11,短水路,個人,24,50m自由形,男子,,,,,,75～79歳,1,瀧下敏和,男子,セ・志木,41.09,,,,,,,,,30.06,30.21,28.70,4/1
1396,76,2024,5,11,短水路,個人,24,50m自由形,男子,,,,,,75～79歳,2,林尊利,男子,クリーンスパ,42.28,,,,,,,,,30.06,30.21,28.70,5/4
1397,76,2024,5,11,短水路,個人,24,50m自由形,男子,,,,,,75～79歳,3,石井肇,男子,墨田区体育館,44.17,,,,,,,,,30.06,30.21,28.70,2/6
1398,76,2024,5,11,短水路,個人,24,50m自由形,男子,,,,,,75～79歳,4,田中信夫,男子,セ・越谷,44.67,,,,,,,,,30.06,30.21,28.70,2/4
1399,76,2024,5,11,短水路,個人,24,50m自由形,男子,,,,,,75～79歳,5,宮瀬吉弘,男子,セ・おおたか,44.76,,,,,,,,,30.06,30.21,28.70,3/5
1400,76,2024,5,11,短水路,個人,24,50m自由形,男子,,,,,,70～74歳,1,亀田一磨,男子,セ・東戸塚,32.16,,,,,,,,,28.79,28.08,26.88,10/3
1401,76,2024,5,11,短水路,個人,24,50m自由形,男子,,,,,,70～74歳,2,若宮強,男子,セ・成城,34.37,,,,,,,,,28.79,28.08,26.88,8/4
1402,76,2024,5,11,短水路,個人,24,50m自由形,男子,,,,,,70～74歳,3,小山三千生,男子,セ・清瀬,37.90,,,,,,,,,28.79,28.08,26.88,4/4
1403,76,2024,5,11,短水路,個人,24,50m自由形,男子,,,,,,70～74歳,4,常山賢二,男子,曽谷・セ,40.24,,,,,,,,,28.79,28.08,26.88,7/8
1404,76,2024,5,11,短水路,個人,24,50m自由形,男子,,,,,,70～74歳,5,岸田孝,男子,セ・南青山,41.09,,,,,,,,,28.79,28.08,26.88,6/8
1405,76,2024,5,11,短水路,個人,24,50m自由形,男子,,,,,,70～74歳,6,宇佐美栄二,男子,セ・阿佐谷,41.17,,,,,,,,,28.79,28.08,26.88,6/5
1406,76,2024,5,11,短水路,個人,24,50m自由形,男子,,,,,,70～74歳,7,松下達一,男子,セ・成瀬,43.18,,,,,,,,,28.79,28.08,26.88,5/3
1407,76,2024,5,11,短水路,個人,24,50m自由形,男子,,,,,,70～74歳,8,斉藤雄一,男子,セ・上池袋,46.49,,,,,,,,,28.79,28.08,26.88,2/5
1408,76,2024,5,11,短水路,個人,24,50m自由形,男子,,,,,,65～69歳,1,仲宇佐隆一,男子,セ・横浜,36.40,,,,,,,,,27.52,26.00,25.42,7/7
1409,76,2024,5,11,短水路,個人,24,50m自由形,男子,,,,,,65～69歳,2,茂木和哉,男子,セ・市ヶ尾,37.44,,,,,,,,,27.52,26.00,25.42,7/2
1410,76,2024,5,11,短水路,個人,24,50m自由形,男子,,,,,,65～69歳,3,佐騰信弘,男子,セ・桶川北本,37.66,,,,,,,,,27.52,26.00,25.42,7/3
1411,76,2024,5,11,短水路,個人,24,50m自由形,男子,,,,,,65～69歳,4,臼井全人,男子,セ・大宮宮原,38.78,,,,,,,,,27.52,26.00,25.42,8/5
1412,76,2024,5,11,短水路,個人,24,50m自由形,男子,,,,,,65～69歳,5,阿部宏之助,男子,セ・上池袋,38.86,,,,,,,,,27.52,26.00,25.42,6/3
1413,76,2024,5,11,短水路,個人,24,50m自由形,男子,,,,,,65～69歳,6,飯沼明,男子,セ・長津田,39.02,,,,,,,,,27.52,26.00,25.42,4/7
1414,76,2024,5,11,短水路,個人,24,50m自由形,男子,,,,,,65～69歳,7,山中一男,男子,セ・阿佐谷,39.35,,,,,,,,,27.52,26.00,25.42,6/6
1415,76,2024,5,11,短水路,個人,24,50m自由形,男子,,,,,,65～69歳,8,上原隆男,男子,クリーンスパ,40.29,,,,,,,,,27.52,26.00,25.42,4/5
1416,76,2024,5,11,短水路,個人,24,50m自由形,男子,,,,,,65～69歳,9,鈴木篤,男子,セ・おおたか,44.44,,,,,,,,,27.52,26.00,25.42,3/2
1417,76,2024,5,11,短水路,個人,24,50m自由形,男子,,,,,,60～64歳,1,真島隆,男子,セ・阿佐谷,30.11,,,,,,,,,26.54,25.26,24.90,13/5
1418,76,2024,5,11,短水路,個人,24,50m自由形,男子,,,,,,60～64歳,2,金子勝,男子,セ・岩槻,30.94,,,,,,,,,26.54,25.26,24.90,12/4
1419,76,2024,5,11,短水路,個人,24,50m自由形,男子,,,,,,60～64歳,3,神尾尚人,男子,セ・市ヶ尾,32.15,,,,,,,,,26.54,25.26,24.90,11/4
1420,76,2024,5,11,短水路,個人,24,50m自由形,男子,,,,,,60～64歳,4,二宮淳,男子,セ・トレッサ,33.33,,,,,,,,,26.54,25.26,24.90,8/6
1421,76,2024,5,11,短水路,個人,24,50m自由形,男子,,,,,,60～64歳,5,畠山勝実,男子,セ・大宮宮原,33.88,,,,,,,,,26.54,25.26,24.90,7/4
1422,76,2024,5,11,短水路,個人,24,50m自由形,男子,,,,,,60～64歳,6,横浜健,男子,セ・南青山,34.64,,,,,,,,,26.54,25.26,24.90,10/6
1423,76,2024,5,11,短水路,個人,24,50m自由形,男子,,,,,,60～64歳,7,山本和巳,男子,セ・茂原,36.86,,,,,,,,,26.54,25.26,24.90,7/6
1424,76,2024,5,11,短水路,個人,24,50m自由形,男子,,,,,,60～64歳,8,辻本淳,男子,セ・成瀬,37.26,,,,,,,,,26.54,25.26,24.90,6/1
1425,76,2024,5,11,短水路,個人,24,50m自由形,男子,,,,,,60～64歳,9,安藤靖,男子,セ・南青山,39.14,,,,,,,,,26.54,25.26,24.90,5/5
1426,76,2024,5,11,短水路,個人,24,50m自由形,男子,,,,,,60～64歳,10,岡部浩次,男子,セ・上池袋,40.45,,,,,,,,,26.54,25.26,24.90,4/2
1427,76,2024,5,11,短水路,個人,24,50m自由形,男子,,,,,,60～64歳,11,浅井速人,男子,セ・葛西,40.71,,,,,,,,,26.54,25.26,24.90,5/6
1428,76,2024,5,11,短水路,個人,24,50m自由形,男子,,,,,,60～64歳,12,後藤潤,男子,セ・成城,41.39,,,,,,,,,26.54,25.26,24.90,6/7
1429,76,2024,5,11,短水路,個人,24,50m自由形,男子,,,,,,60～64歳,13,古川勝彦,男子,セ・平塚,1:02.91,,,,,,,,,26.54,25.26,24.90,3/8
1430,76,2024,5,11,短水路,個人,24,50m自由形,男子,,,,,,55～59歳,1,久保卓士,男子,セ・天王洲,29.96,,,,,,,,,26.47,24.51,24.37,12/1
1431,76,2024,5,11,短水路,個人,24,50m自由形,男子,,,,,,55～59歳,2,浅田康朗,男子,セ・大森,30.14,,,,,,,,,26.47,24.51,24.37,14/4
1432,76,2024,5,11,短水路,個人,24,50m自由形,男子,,,,,,55～59歳,3,永家一徳,男子,セ・市川,30.53,,,,,,,,,26.47,24.51,24.37,12/6
1433,76,2024,5,11,短水路,個人,24,50m自由形,男子,,,,,,55～59歳,4,兵藤鋭雄,男子,セ・目黒,30.57,,,,,,,,,26.47,24.51,24.37,13/6
1434,76,2024,5,11,短水路,個人,24,50m自由形,男子,,,,,,55～59歳,5,新井良育,男子,セ・市ヶ尾,30.80,,,,,,,,,26.47,24.51,24.37,11/5
1435,76,2024,5,11,短水路,個人,24,50m自由形,男子,,,,,,55～59歳,6,山田隆弘,男子,セ・市川,32.06,,,,,,,,,26.47,24.51,24.37,10/8
1436,76,2024,5,11,短水路,個人,24,50m自由形,男子,,,,,,55～59歳,7,谷川元,男子,セ・ときわ台,32.33,,,,,,,,,26.47,24.51,24.37,11/8
1437,76,2024,5,11,短水路,個人,24,50m自由形,男子,,,,,,55～59歳,8,佐藤正章,男子,セ・用賀,32.90,,,,,,,,,26.47,24.51,24.37,10/5
1438,76,2024,5,11,短水路,個人,24,50m自由形,男子,,,,,,55～59歳,9,吉峯幸郎,男子,セ・用賀,35.27,,,,,,,,,26.47,24.51,24.37,7/5
1439,76,2024,5,11,短水路,個人,24,50m自由形,男子,,,,,,55～59歳,10,高橋潤,男子,セ・成瀬,35.61,,,,,,,,,26.47,24.51,24.37,8/2
1440,76,2024,5,11,短水路,個人,24,50m自由形,男子,,,,,,55～59歳,11,山田貴久,男子,セ・大森,37.76,,,,,,,,,26.47,24.51,24.37,1/6
1441,76,2024,5,11,短水路,個人,24,50m自由形,男子,,,,,,55～59歳,12,安部盛博,男子,セ・成城,39.40,,,,,,,,,26.47,24.51,24.37,3/4
1442,76,2024,5,11,短水路,個人,24,50m自由形,男子,,,,,,55～59歳,13,半澤繁,男子,セ・清瀬,42.59,,,,,,,,,26.47,24.51,24.37,5/2
1443,76,2024,5,11,短水路,個人,24,50m自由形,男子,,,,,,50～54歳,1,瀧本英樹,男子,セ・千葉みなと,27.64,,,,,,,,,26.40,23.66,23.36,18/2
1444,76,2024,5,11,短水路,個人,24,50m自由形,男子,,,,,,50～54歳,2,長崎啓,男子,セ・二俣川,27.83,,,,,,,,,26.40,23.66,23.36,18/1
1445,76,2024,5,11,短水路,個人,24,50m自由形,男子,,,,,,50～54歳,3,村野雄太,男子,セ・清瀬,27.88,,,,,,,,,26.40,23.66,23.36,17/3
1446,76,2024,5,11,短水路,個人,24,50m自由形,男子,,,,,,50～54歳,4,石上智啓,男子,セ・二俣川,28.23,,,,,,,,,26.40,23.66,23.36,17/2
1447,76,2024,5,11,短水路,個人,24,50m自由形,男子,,,,,,50～54歳,5,阿部賢裕,男子,セ・能見台,29.01,,,,,,,,,26.40,23.66,23.36,14/5
1448,76,2024,5,11,短水路,個人,24,50m自由形,男子,,,,,,50～54歳,6,川端邦武,男子,セ・西台,29.08,,,,,,,,,26.40,23.66,23.36,15/1
1449,76,2024,5,11,短水路,個人,24,50m自由形,男子,,,,,,50～54歳,7,西村太郎,男子,セ・千葉みなと,29.37,,,,,,,,,26.40,23.66,23.36,13/3
1450,76,2024,5,11,短水路,個人,24,50m自由形,男子,,,,,,50～54歳,8,松崎敏明,男子,セ・慶應日吉,29.40,,,,,,,,,26.40,23.66,23.36,17/6
1451,76,2024,5,11,短水路,個人,24,50m自由形,男子,,,,,,50～54歳,9,西野宮冬木,男子,セ・長津田,29.77,,,,,,,,,26.40,23.66,23.36,14/3
1452,76,2024,5,11,短水路,個人,24,50m自由形,男子,,,,,,50～54歳,10,荒井正明,男子,セ・八千代台,29.88,,,,,,,,,26.40,23.66,23.36,13/4
1453,76,2024,5,11,短水路,個人,24,50m自由形,男子,,,,,,50～54歳,11,足立晃,男子,セ・新川崎,30.01,,,,,,,,,26.40,23.66,23.36,14/1
1454,76,2024,5,11,短水路,個人,24,50m自由形,男子,,,,,,50～54歳,12,弭間政隆,男子,セ・葛西,30.22,,,,,,,,,26.40,23.66,23.36,13/2
1455,76,2024,5,11,短水路,個人,24,50m自由形,男子,,,,,,50～54歳,13,山田大介,男子,セ・武蔵小杉,31.05,,,,,,,,,26.40,23.66,23.36,12/5
1456,76,2024,5,11,短水路,個人,24,50m自由形,男子,,,,,,50～54歳,14,廣瀬淳一,男子,セ・トレッサ,31.38,,,,,,,,,26.40,23.66,23.36,8/7
1457,76,2024,5,11,短水路,個人,24,50m自由形,男子,,,,,,50～54歳,15,岡田能行,男子,セ・越谷,31.97,,,,,,,,,26.40,23.66,23.36,12/8
1458,76,2024,5,11,短水路,個人,24,50m自由形,男子,,,,,,50～54歳,16,鈴木章浩,男子,セ・大森,32.51,,,,,,,,,26.40,23.66,23.36,12/2
1459,76,2024,5,11,短水路,個人,24,50m自由形,男子,,,,,,50～54歳,17,松本考弘,男子,セ・清瀬,32.66,,,,,,,,,26.40,23.66,23.36,11/3
1460,76,2024,5,11,短水路,個人,24,50m自由形,男子,,,,,,50～54歳,18,金子謙一,男子,セ・長津田,32.71,,,,,,,,,26.40,23.66,23.36,9/8
1461,76,2024,5,11,短水路,個人,24,50m自由形,男子,,,,,,50～54歳,19,千葉忠英,男子,セ・天王洲,32.74,,,,,,,,,26.40,23.66,23.36,10/1
1462,76,2024,5,11,短水路,個人,24,50m自由形,男子,,,,,,50～54歳,20,庄司和明,男子,セ・松戸,35.05,,,,,,,,,26.40,23.66,23.36,9/2
1463,76,2024,5,11,短水路,個人,24,50m自由形,男子,,,,,,50～54歳,21,小柳大,男子,ザバス川崎,35.88,,,,,,,,,26.40,23.66,23.36,7/1
1464,76,2024,5,11,短水路,個人,24,50m自由形,男子,,,,,,50～54歳,22,向山高弘,男子,セ・ときわ台,36.98,,,,,,,,,26.40,23.66,23.36,6/4
1465,76,2024,5,11,短水路,個人,24,50m自由形,男子,,,,,,45～49歳,1,野村峰生,男子,セ・大森,26.28,,,,,,,,,25.12,22.85,22.85,20/6
1466,76,2024,5,11,短水路,個人,24,50m自由形,男子,,,,,,45～49歳,2,小安貴弘,男子,セ・高崎,27.28,,,,,,,,,25.12,22.85,22.85,18/7
1467,76,2024,5,11,短水路,個人,24,50m自由形,男子,,,,,,45～49歳,3,堀川広祐,男子,セ・二俣川,28.27,,,,,,,,,25.12,22.85,22.85,16/4
1468,76,2024,5,11,短水路,個人,24,50m自由形,男子,,,,,,45～49歳,4,宮崎健,男子,セ・福生,28.70,,,,,,,,,25.12,22.85,22.85,15/6
1469,76,2024,5,11,短水路,個人,24,50m自由形,男子,,,,,,45～49歳,5,加地隆史,男子,セ・葛西,29.02,,,,,,,,,25.12,22.85,22.85,15/4
1470,76,2024,5,11,短水路,個人,24,50m自由形,男子,,,,,,45～49歳,6,甫坂修男,男子,セ・市川,29.18,,,,,,,,,25.12,22.85,22.85,15/8
1471,76,2024,5,11,短水路,個人,24,50m自由形,男子,,,,,,45～49歳,7,磯貝知弘,男子,セ・柏,29.78,,,,,,,,,25.12,22.85,22.85,15/2
1472,76,2024,5,11,短水路,個人,24,50m自由形,男子,,,,,,45～49歳,8,花輪博之,男子,セ・越谷,29.98,,,,,,,,,25.12,22.85,22.85,12/3
1473,76,2024,5,11,短水路,個人,24,50m自由形,男子,,,,,,45～49歳,9,若杉佳宏,男子,セ・阿佐谷,30.14,,,,,,,,,25.12,22.85,22.85,14/6
1474,76,2024,5,11,短水路,個人,24,50m自由形,男子,,,,,,45～49歳,10,宮岡亮介,男子,セ・亀有,30.33,,,,,,,,,25.12,22.85,22.85,14/8
1475,76,2024,5,11,短水路,個人,24,50m自由形,男子,,,,,,45～49歳,11,白子満,男子,セ・自由が丘,30.59,,,,,,,,,25.12,22.85,22.85,15/7
1476,76,2024,5,11,短水路,個人,24,50m自由形,男子,,,,,,45～49歳,12,藤田一寿,男子,セ・成城,30.87,,,,,,,,,25.12,22.85,22.85,13/1
1477,76,2024,5,11,短水路,個人,24,50m自由形,男子,,,,,,45～49歳,13,中嶋智史,男子,セ・市ヶ尾,31.52,,,,,,,,,25.12,22.85,22.85,10/4
1478,76,2024,5,11,短水路,個人,24,50m自由形,男子,,,,,,45～49歳,14,萩原智徳,男子,セ・長津田,35.08,,,,,,,,,25.12,22.85,22.85,9/1
1479,76,2024,5,11,短水路,個人,24,50m自由形,男子,,,,,,45～49歳,15,宮本大介,男子,セ・高崎,38.10,,,,,,,,,25.12,22.85,22.85,6/2
1480,76,2024,5,11,短水路,個人,24,50m自由形,男子,,,,,,45～49歳,16,李碩晋,男子,セ・福生,40.26,,,,,,,,,25.12,22.85,22.85,4/6
1481,76,2024,5,11,短水路,個人,24,50m自由形,男子,,,,,,40～44歳,1,島脇晃也,男子,セ・大森,25.27,,,,,,,,,24.85,22.75,22.54,19/5
1482,76,2024,5,11,短水路,個人,24,50m自由形,男子,,,,,,40～44歳,2,前田崇行,男子,セ・二俣川,25.84,,,,,,,,,24.85,22.75,22.54,20/4
1483,76,2024,5,11,短水路,個人,24,50m自由形,男子,,,,,,40～44歳,3,山賀竜馬,男子,セ・阿佐谷,25.91,,,,,,,,,24.85,22.75,22.54,20/3
1484,76,2024,5,11,短水路,個人,24,50m自由形,男子,,,,,,40～44歳,4,吉田拓磨,男子,セ・上池袋,27.14,,,,,,,,,24.85,22.75,22.54,18/5
1485,76,2024,5,11,短水路,個人,24,50m自由形,男子,,,,,,40～44歳,5,図師拓千,男子,セ・市ヶ尾,27.20,,,,,,,,,24.85,22.75,22.54,19/2
1486,76,2024,5,11,短水路,個人,24,50m自由形,男子,,,,,,40～44歳,6,石井将太,男子,セ・成瀬,27.22,,,,,,,,,24.85,22.75,22.54,18/8
1487,76,2024,5,11,短水路,個人,24,50m自由形,男子,,,,,,40～44歳,7,鈴木敏志,男子,セ・松戸,27.25,,,,,,,,,24.85,22.75,22.54,17/4
1488,76,2024,5,11,短水路,個人,24,50m自由形,男子,,,,,,40～44歳,8,植村匡詞,男子,セ・千葉みなと,27.31,,,,,,,,,24.85,22.75,22.54,18/6
1489,76,2024,5,11,短水路,個人,24,50m自由形,男子,,,,,,40～44歳,9,中村真也,男子,セ・目黒,28.37,,,,,,,,,24.85,22.75,22.54,16/3
1490,76,2024,5,11,短水路,個人,24,50m自由形,男子,,,,,,40～44歳,10,木村知行,男子,セ・二俣川,28.51,,,,,,,,,24.85,22.75,22.54,16/5
1491,76,2024,5,11,短水路,個人,24,50m自由形,男子,,,,,,40～44歳,11,田子晃,男子,セ・自由が丘,31.58,,,,,,,,,24.85,22.75,22.54,11/1
1492,76,2024,5,11,短水路,個人,24,50m自由形,男子,,,,,,40～44歳,12,笹野宏樹,男子,セ・Ｓ湘南台,32.75,,,,,,,,,24.85,22.75,22.54,11/2
1493,76,2024,5,11,短水路,個人,24,50m自由形,男子,,,,,,40～44歳,13,上村匠,男子,セ・下北沢,33.10,,,,,,,,,24.85,22.75,22.54,9/4
1494,76,2024,5,11,短水路,個人,24,50m自由形,男子,,,,,,40～44歳,14,田中遼太,男子,セ・慶應日吉,34.66,,,,,,,,,24.85,22.75,22.54,11/6
1495,76,2024,5,11,短水路,個人,24,50m自由形,男子,,,,,,40～44歳,15,清水大輔,男子,セ・桶川北本,37.27,,,,,,,,,24.85,22.75,22.54,2/2
1496,76,2024,5,11,短水路,個人,24,50m自由形,男子,,,,,,35～39歳,1,根本隆利,男子,セ・慶應日吉,28.31,,,,,,,,,23.57,22.24,21.53,15/5
1497,76,2024,5,11,短水路,個人,24,50m自由形,男子,,,,,,35～39歳,2,和田亮,男子,セ・阿佐谷,28.41,,,,,,,,,23.57,22.24,21.53,16/6
1498,76,2024,5,11,短水路,個人,24,50m自由形,男子,,,,,,30～34歳,1,石川和樹,男子,セ・谷津,23.87,,,,,,,,TRUE,24.18,21.87,21.53,21/6
1499,76,2024,5,11,短水路,個人,24,50m自由形,男子,,,,,,30～34歳,2,板垣義人,男子,セ・トレッサ,24.18,,,,,,,,,24.18,21.87,21.53,8/1
1500,76,2024,5,11,短水路,個人,24,50m自由形,男子,,,,,,30～34歳,3,小方聡,男子,セ・用賀,24.92,,,,,,,,,24.18,21.87,21.53,21/8
1501,76,2024,5,11,短水路,個人,24,50m自由形,男子,,,,,,30～34歳,4,石井翔真,男子,セ・成城,25.22,,,,,,,,,24.18,21.87,21.53,19/3
1502,76,2024,5,11,短水路,個人,24,50m自由形,男子,,,,,,30～34歳,5,高梨大樹,男子,セ・成瀬,25.26,,,,,,,,,24.18,21.87,21.53,19/4
1503,76,2024,5,11,短水路,個人,24,50m自由形,男子,,,,,,30～34歳,6,塚本拓也,男子,セ・清瀬,25.84,,,,,,,,,24.18,21.87,21.53,19/7
1504,76,2024,5,11,短水路,個人,24,50m自由形,男子,,,,,,30～34歳,7,土居秀雅,男子,セ・成瀬,26.27,,,,,,,,,24.18,21.87,21.53,20/2
1505,76,2024,5,11,短水路,個人,24,50m自由形,男子,,,,,,30～34歳,8,杉山大亜,男子,セ・二俣川,27.64,,,,,,,,,24.18,21.87,21.53,15/3
1506,76,2024,5,11,短水路,個人,24,50m自由形,男子,,,,,,30～34歳,9,寺田遼太,男子,セ・天王洲,28.07,,,,,,,,,24.18,21.87,21.53,16/2
1507,76,2024,5,11,短水路,個人,24,50m自由形,男子,,,,,,30～34歳,10,江沢純也,男子,セ・我孫子,28.51,,,,,,,,,24.18,21.87,21.53,17/1
1508,76,2024,5,11,短水路,個人,24,50m自由形,男子,,,,,,25～29歳,1,川島由伸,男子,セ・大宮宮原,22.51,,,,,,,,TRUE,23.46,21.84,21.28,21/4
1509,76,2024,5,11,短水路,個人,24,50m自由形,男子,,,,,,25～29歳,2,松澤朋樹,男子,セ・武蔵小杉,25.29,,,,,,,,,23.46,21.84,21.28,19/1
1510,76,2024,5,11,短水路,個人,24,50m自由形,男子,,,,,,25～29歳,3,松尾勇太,男子,セ・南青山,25.57,,,,,,,,,23.46,21.84,21.28,21/7
1511,76,2024,5,11,短水路,個人,24,50m自由形,男子,,,,,,25～29歳,4,中原志門,男子,セ・大森,25.92,,,,,,,,,23.46,21.84,21.28,17/8
1512,76,2024,5,11,短水路,個人,24,50m自由形,男子,,,,,,25～29歳,5,室坂拓真,男子,セ・用賀,26.01,,,,,,,,,23.46,21.84,21.28,20/5
1513,76,2024,5,11,短水路,個人,24,50m自由形,男子,,,,,,25～29歳,6,武本侑己,男子,セ・青砥,28.30,,,,,,,,,23.46,21.84,21.28,16/7
1514,76,2024,5,11,短水路,個人,24,50m自由形,男子,,,,,,25～29歳,7,小沢征司,男子,セ・大宮宮原,31.03,,,,,,,,,23.46,21.84,21.28,10/2
1515,76,2024,5,11,短水路,個人,24,50m自由形,男子,,,,,,25～29歳,8,友國賀津希,男子,セ・葛西,31.53,,,,,,,,,23.46,21.84,21.28,10/7
1516,76,2024,5,11,短水路,個人,24,50m自由形,男子,,,,,,18～24歳,1,設樂航希,男子,セ・流山,23.49,,,,,,,,TRUE,23.73,,,21/3
1517,76,2024,5,11,短水路,個人,24,50m自由形,男子,,,,,,18～24歳,2,川口皓生,男子,セ・柏,24.02,,,,,,,,,23.73,,,21/5
1518,76,2024,5,11,短水路,個人,24,50m自由形,男子,,,,,,18～24歳,3,村田拓斗,男子,セ・長津田,24.68,,,,,,,,,23.73,,,20/8
1519,76,2024,5,11,短水路,個人,24,50m自由形,男子,,,,,,18～24歳,4,内田陸登,男子,セ・慶應日吉,25.54,,,,,,,,,23.73,,,21/2
1520,76,2024,5,11,短水路,個人,24,50m自由形,男子,,,,,,18～24歳,5,田中啓二朗,男子,セ・二俣川,25.64,,,,,,,,,23.73,,,19/8
1521,76,2024,5,11,短水路,個人,24,50m自由形,男子,,,,,,18～24歳,6,宮川ガブリエル拓実,男子,セ・慶應日吉,25.66,,,,,,,,,23.73,,,20/1
1522,76,2024,5,11,短水路,個人,24,50m自由形,男子,,,,,,18～24歳,7,重高良彦,男子,セ・能見台,26.04,,,,,,,,,23.73,,,19/6
1523,76,2024,5,11,短水路,個人,24,50m自由形,男子,,,,,,18～24歳,8,城野天都,男子,セ・我孫子,26.58,,,,,,,,,23.73,,,17/5
1524,76,2024,5,11,短水路,個人,24,50m自由形,男子,,,,,,18～24歳,9,日吉将輝,男子,セ・大宮宮原,26.94,,,,,,,,,23.73,,,17/7
1525,76,2024,5,11,短水路,個人,24,50m自由形,男子,,,,,,18～24歳,10,秋澤裕介,男子,セ・二俣川,27.12,,,,,,,,,23.73,,,18/3
1526,76,2024,5,11,短水路,個人,24,50m自由形,男子,,,,,,18～24歳,11,村上裕哉,男子,セ・南千住,27.15,,,,,,,,,23.73,,,21/1
1527,76,2024,5,11,短水路,個人,24,50m自由形,男子,,,,,,18～24歳,12,岩崎伊吹,男子,セ・おおたか,27.29,,,,,,,,,23.73,,,12/7
1528,76,2024,5,11,短水路,個人,24,50m自由形,男子,,,,,,18～24歳,13,佐々木明日真,男子,セ・市川,27.47,,,,,,,,,23.73,,,14/7
1529,76,2024,5,11,短水路,個人,24,50m自由形,男子,,,,,,18～24歳,14,嶋田翔太,男子,セ・葛西,28.19,,,,,,,,,23.73,,,16/8
1530,76,2024,5,11,短水路,個人,24,50m自由形,男子,,,,,,18～24歳,15,山﨑緋呂,男子,セ・葛西,29.03,,,,,,,,,23.73,,,16/1
1531,76,2024,5,11,短水路,個人,24,50m自由形,男子,,,,,,18～24歳,16,小林眞那登,男子,セ・越谷,30.48,,,,,,,,,23.73,,,11/7
1532,76,2024,5,11,短水路,個人,24,50m自由形,男子,,,,,,18～24歳,17,松本海星,男子,セ・清瀬,31.92,,,,,,,,,23.73,,,13/8
1533,76,2024,5,11,短水路,個人,24,50m自由形,男子,,,,,,18～24歳,18,小松陸翔,男子,セ・八王子,32.15,,,,,,,,,23.73,,,5/8
1534,76,2024,5,11,短水路,個人,24,50m自由形,男子,,,,,,18～24歳,19,佐々木駿,男子,セ・流山,32.68,,,,,,,,,23.73,,,8/8
1535,76,2024,5,11,短水路,個人,25,50m背泳ぎ,女子,,,,,,85～89歳,1,田之上ノブ,女子,セ・蘇我,1:03.22,,,,,,,,,1:02.62,45.54,45.54,1/6
1536,76,2024,5,11,短水路,個人,25,50m背泳ぎ,女子,,,,,,85～89歳,2,森川タエ子,女子,セ・我孫子,1:10.05,,,,,,,,,1:02.62,45.54,45.54,1/2
1537,76,2024,5,11,短水路,個人,25,50m背泳ぎ,女子,,,,,,80～84歳,,舘野圭子,女子,セ・用賀,,,,,,,,,,53.67,43.76,43.76,1/5
1538,76,2024,5,11,短水路,個人,25,50m背泳ぎ,女子,,,,,,75～79歳,1,藤井一恵,女子,セ・大森,53.60,,,,,,,,,46.66,41.12,39.01,3/4
1539,76,2024,5,11,短水路,個人,25,50m背泳ぎ,女子,,,,,,75～79歳,2,宮島町子,女子,セ・亀有,58.16,,,,,,,,,46.66,41.12,39.01,2/1
1540,76,2024,5,11,短水路,個人,25,50m背泳ぎ,女子,,,,,,75～79歳,3,星幸恵,女子,クリーンスパ,58.43,,,,,,,,,46.66,41.12,39.01,2/7
1541,76,2024,5,11,短水路,個人,25,50m背泳ぎ,女子,,,,,,75～79歳,4,太田重代,女子,セ・二俣川,1:05.73,,,,,,,,,46.66,41.12,39.01,2/8
1542,76,2024,5,11,短水路,個人,25,50m背泳ぎ,女子,,,,,,75～79歳,5,佐藤とき子,女子,セ・蘇我,1:18.13,,,,,,,,,46.66,41.12,39.01,1/7
1543,76,2024,5,11,短水路,個人,25,50m背泳ぎ,女子,,,,,,75～79歳,6,西村咲喜子,女子,セ・志木,1:33.91,,,,,,,,,46.66,41.12,39.01,1/1
1544,76,2024,5,11,短水路,個人,25,50m背泳ぎ,女子,,,,,,70～74歳,1,田中節子,女子,セ・館山,49.71,,,,,,,,,43.90,39.79,33.80,5/4
1545,76,2024,5,11,短水路,個人,25,50m背泳ぎ,女子,,,,,,70～74歳,2,松村恵子,女子,セ・葛西,50.96,,,,,,,,,43.90,39.79,33.80,4/4
1546,76,2024,5,11,短水路,個人,25,50m背泳ぎ,女子,,,,,,70～74歳,3,水谷裕子,女子,セ・西新井,51.30,,,,,,,,,43.90,39.79,33.80,4/2
1547,76,2024,5,11,短水路,個人,25,50m背泳ぎ,女子,,,,,,70～74歳,4,川上涼子,女子,セ・蘇我,52.94,,,,,,,,,43.90,39.79,33.80,3/6
1548,76,2024,5,11,短水路,個人,25,50m背泳ぎ,女子,,,,,,70～74歳,5,儀保都志子,女子,セ・成瀬,55.22,,,,,,,,,43.90,39.79,33.80,2/2
1549,76,2024,5,11,短水路,個人,25,50m背泳ぎ,女子,,,,,,70～74歳,6,木村恵子,女子,セ・越谷,59.46,,,,,,,,,43.90,39.79,33.80,2/6
1550,76,2024,5,11,短水路,個人,25,50m背泳ぎ,女子,,,,,,70～74歳,7,池淵玲子,女子,セ・慶應日吉,1:02.54,,,,,,,,,43.90,39.79,33.80,1/4
1551,76,2024,5,11,短水路,個人,25,50m背泳ぎ,女子,,,,,,70～74歳,8,長谷川節子,女子,セ・天王洲,1:13.09,,,,,,,,,43.90,39.79,33.80,1/3
1552,76,2024,5,11,短水路,個人,25,50m背泳ぎ,女子,,,,,,65～69歳,1,石田良子,女子,セ・越谷,43.73,,,,,,,,,42.27,37.63,33.41,6/8
1553,76,2024,5,11,短水路,個人,25,50m背泳ぎ,女子,,,,,,65～69歳,2,酒井香澄,女子,セ・湘南ＬＴ,45.06,,,,,,,,,42.27,37.63,33.41,6/6
1554,76,2024,5,11,短水路,個人,25,50m背泳ぎ,女子,,,,,,65～69歳,3,野村洋子,女子,ザバス金沢八,47.48,,,,,,,,,42.27,37.63,33.41,4/5
1555,76,2024,5,11,短水路,個人,25,50m背泳ぎ,女子,,,,,,65～69歳,4,田邊和歌子,女子,セ・横浜,47.68,,,,,,,,,42.27,37.63,33.41,3/3
1556,76,2024,5,11,短水路,個人,25,50m背泳ぎ,女子,,,,,,65～69歳,5,森本美恵,女子,セ・松戸,48.97,,,,,,,,,42.27,37.63,33.41,4/7
1557,76,2024,5,11,短水路,個人,25,50m背泳ぎ,女子,,,,,,65～69歳,6,堀口実枝子,女子,セ・トレッサ,49.02,,,,,,,,,42.27,37.63,33.41,4/3
1558,76,2024,5,11,短水路,個人,25,50m背泳ぎ,女子,,,,,,65～69歳,7,岡田美恵子,女子,セ・溝ノ口,51.93,,,,,,,,,42.27,37.63,33.41,3/5
1559,76,2024,5,11,短水路,個人,25,50m背泳ぎ,女子,,,,,,65～69歳,8,原昌代,女子,セ・市ヶ尾,52.67,,,,,,,,,42.27,37.63,33.41,4/1
1560,76,2024,5,11,短水路,個人,25,50m背泳ぎ,女子,,,,,,65～69歳,9,石河久美子,女子,セ・溝ノ口,56.43,,,,,,,,,42.27,37.63,33.41,3/8
1561,76,2024,5,11,短水路,個人,25,50m背泳ぎ,女子,,,,,,60～64歳,1,石井裕美,女子,セ・ときわ台,42.89,,,,,,,,,35.24,35.24,32.91,6/4
1562,76,2024,5,11,短水路,個人,25,50m背泳ぎ,女子,,,,,,60～64歳,2,座間千鶴子,女子,ザバス金沢八,46.78,,,,,,,,,35.24,35.24,32.91,5/3
1563,76,2024,5,11,短水路,個人,25,50m背泳ぎ,女子,,,,,,60～64歳,3,高見沢ゆみ子,女子,セ・慶應日吉,46.97,,,,,,,,,35.24,35.24,32.91,5/7
1564,76,2024,5,11,短水路,個人,25,50m背泳ぎ,女子,,,,,,60～64歳,4,神保清美,女子,セ・自由が丘,47.45,,,,,,,,,35.24,35.24,32.91,4/6
1565,76,2024,5,11,短水路,個人,25,50m背泳ぎ,女子,,,,,,60～64歳,5,大槻真由美,女子,セ・清瀬,47.57,,,,,,,,,35.24,35.24,32.91,5/6
1566,76,2024,5,11,短水路,個人,25,50m背泳ぎ,女子,,,,,,60～64歳,6,久保とし子,女子,セ・長津田,52.41,,,,,,,,,35.24,35.24,32.91,4/8
1567,76,2024,5,11,短水路,個人,25,50m背泳ぎ,女子,,,,,,60～64歳,7,荒川直子,女子,セ・大宮宮原,53.93,,,,,,,,,35.24,35.24,32.91,2/4
1568,76,2024,5,11,短水路,個人,25,50m背泳ぎ,女子,,,,,,60～64歳,8,石井恵津,女子,セ・自由が丘,57.48,,,,,,,,,35.24,35.24,32.91,2/3
1569,76,2024,5,11,短水路,個人,25,50m背泳ぎ,女子,,,,,,55～59歳,1,篠原理恵,女子,セ・南宇都宮,38.40,,,,,,,,,34.84,32.74,30.12,7/2
1570,76,2024,5,11,短水路,個人,25,50m背泳ぎ,女子,,,,,,55～59歳,2,仲田久美子,女子,セ・成城,38.72,,,,,,,,,34.84,32.74,30.12,7/7
1571,76,2024,5,11,短水路,個人,25,50m背泳ぎ,女子,,,,,,55～59歳,3,袴田智津子,女子,セ・湘南ＬＴ,40.66,,,,,,,,,34.84,32.74,30.12,6/5
1572,76,2024,5,11,短水路,個人,25,50m背泳ぎ,女子,,,,,,55～59歳,4,小林のぞみ,女子,セ・越谷,45.79,,,,,,,,,34.84,32.74,30.12,6/7
1573,76,2024,5,11,短水路,個人,25,50m背泳ぎ,女子,,,,,,55～59歳,5,中野朗子,女子,セ・慶應日吉,47.23,,,,,,,,,34.84,32.74,30.12,5/1
1574,76,2024,5,11,短水路,個人,25,50m背泳ぎ,女子,,,,,,50～54歳,1,梅澤亮子,女子,セ・桶川北本,35.27,,,,,,,,,34.28,31.52,30.27,8/1
1575,76,2024,5,11,短水路,個人,25,50m背泳ぎ,女子,,,,,,50～54歳,2,浅尾有香,女子,セ・大森,36.36,,,,,,,,,34.28,31.52,30.27,7/6
1576,76,2024,5,11,短水路,個人,25,50m背泳ぎ,女子,,,,,,50～54歳,3,大橋ほづ美,女子,セ・清瀬,39.21,,,,,,,,,34.28,31.52,30.27,7/1
1577,76,2024,5,11,短水路,個人,25,50m背泳ぎ,女子,,,,,,50～54歳,4,棚網恵理,女子,セ・阿佐谷,39.81,,,,,,,,,34.28,31.52,30.27,7/4
1578,76,2024,5,11,短水路,個人,25,50m背泳ぎ,女子,,,,,,50～54歳,5,吉岡智子,女子,セ・新都心,45.36,,,,,,,,,34.28,31.52,30.27,6/2
1579,76,2024,5,11,短水路,個人,25,50m背泳ぎ,女子,,,,,,50～54歳,6,大島江理子,女子,セ・大森,45.44,,,,,,,,,34.28,31.52,30.27,5/8
1580,76,2024,5,11,短水路,個人,25,50m背泳ぎ,女子,,,,,,50～54歳,7,八幡悦子,女子,セ・福生,48.79,,,,,,,,,34.28,31.52,30.27,3/7
1581,76,2024,5,11,短水路,個人,25,50m背泳ぎ,女子,,,,,,50～54歳,8,津田千鶴,女子,セ・能見台,48.95,,,,,,,,,34.28,31.52,30.27,3/2
1582,76,2024,5,11,短水路,個人,25,50m背泳ぎ,女子,,,,,,50～54歳,,山本奈穂美,女子,セ・大宮宮原,,,,,,,,,,34.28,31.52,30.27,2/5
1583,76,2024,5,11,短水路,個人,25,50m背泳ぎ,女子,,,,,,45～49歳,1,片岡祥子,女子,セ・千葉みなと,35.45,,,,,,,,,34.33,30.54,29.52,8/7
1584,76,2024,5,11,短水路,個人,25,50m背泳ぎ,女子,,,,,,45～49歳,2,遠藤真理,女子,セ・阿佐谷,38.08,,,,,,,,,34.33,30.54,29.52,8/8
1585,76,2024,5,11,短水路,個人,25,50m背泳ぎ,女子,,,,,,45～49歳,3,宇田川美穂,女子,セ・天王洲,41.46,,,,,,,,,34.33,30.54,29.52,6/3
1586,76,2024,5,11,短水路,個人,25,50m背泳ぎ,女子,,,,,,40～44歳,1,小野真佐子,女子,セ・阿佐谷,38.51,,,,,,,,,33.28,30.12,28.86,7/5
1587,76,2024,5,11,短水路,個人,25,50m背泳ぎ,女子,,,,,,40～44歳,2,山田未紗子,女子,セ・越谷,42.43,,,,,,,,,33.28,30.12,28.86,5/5
1588,76,2024,5,11,短水路,個人,25,50m背泳ぎ,女子,,,,,,40～44歳,3,小高麻衣子,女子,セ・市川,44.92,,,,,,,,,33.28,30.12,28.86,6/1
1589,76,2024,5,11,短水路,個人,25,50m背泳ぎ,女子,,,,,,35～39歳,1,菊地美春,女子,セ・目黒,34.35,,,,,,,,,33.16,28.97,27.63,8/2
1590,76,2024,5,11,短水路,個人,25,50m背泳ぎ,女子,,,,,,35～39歳,2,萩原ゆりか,女子,セ・天王洲,37.95,,,,,,,,,33.16,28.97,27.63,7/3
1591,76,2024,5,11,短水路,個人,25,50m背泳ぎ,女子,,,,,,25～29歳,1,岡澤志織,女子,セ・茂原,30.62,,,,,,,,TRUE,31.16,27.88,27.88,8/6
1592,76,2024,5,11,短水路,個人,25,50m背泳ぎ,女子,,,,,,18～24歳,1,高﨑優奈,女子,セ・清瀬,30.81,,,,,,,,TRUE,30.85,,,8/3
1593,76,2024,5,11,短水路,個人,25,50m背泳ぎ,女子,,,,,,18～24歳,2,君島凜香,女子,セ・おおたか,31.13,,,,,,,,,30.85,,,8/4
1594,76,2024,5,11,短水路,個人,25,50m背泳ぎ,女子,,,,,,18～24歳,3,松本彩花,女子,セ・二俣川,41.51,,,,,,,,,30.85,,,7/8
1595,76,2024,5,11,短水路,個人,26,50m背泳ぎ,男子,,,,,,75～79歳,1,吉田亮,男子,セ・成瀬,42.50,,,,,,,,TRUE,44.61,36.58,33.87,2/7
1596,76,2024,5,11,短水路,個人,26,50m背泳ぎ,男子,,,,,,75～79歳,2,田中信夫,男子,セ・越谷,46.85,,,,,,,,,44.61,36.58,33.87,1/6
1597,76,2024,5,11,短水路,個人,26,50m背泳ぎ,男子,,,,,,70～74歳,1,吉澤隆,男子,セ・清瀬,41.13,,,,,,,,,36.65,35.21,32.57,2/2
1598,76,2024,5,11,短水路,個人,26,50m背泳ぎ,男子,,,,,,70～74歳,2,常山賢二,男子,曽谷・セ,47.07,,,,,,,,,36.65,35.21,32.57,1/3
1599,76,2024,5,11,短水路,個人,26,50m背泳ぎ,男子,,,,,,65～69歳,1,會田修一,男子,セ・おおたか,37.70,,,,,,,,,37.44,31.77,30.34,2/4
1600,76,2024,5,11,短水路,個人,26,50m背泳ぎ,男子,,,,,,65～69歳,2,西森文史郎,男子,セ・長津田,45.06,,,,,,,,,37.44,31.77,30.34,2/1
1601,76,2024,5,11,短水路,個人,26,50m背泳ぎ,男子,,,,,,65～69歳,3,鈴木篤,男子,セ・おおたか,50.37,,,,,,,,,37.44,31.77,30.34,1/2
1602,76,2024,5,11,短水路,個人,26,50m背泳ぎ,男子,,,,,,60～64歳,1,下家成人,男子,セ・二俣川,33.86,,,,,,,,,31.63,30.17,29.44,3/4
1603,76,2024,5,11,短水路,個人,26,50m背泳ぎ,男子,,,,,,60～64歳,2,和田浩一,男子,セ・用賀,36.75,,,,,,,,,31.63,30.17,29.44,2/3
1604,76,2024,5,11,短水路,個人,26,50m背泳ぎ,男子,,,,,,60～64歳,3,岡部浩次,男子,セ・上池袋,52.51,,,,,,,,,31.63,30.17,29.44,1/7
1605,76,2024,5,11,短水路,個人,26,50m背泳ぎ,男子,,,,,,60～64歳,,大津信弘,男子,セ・越谷,,,,,,,,,,31.63,30.17,29.44,2/6
1606,76,2024,5,11,短水路,個人,26,50m背泳ぎ,男子,,,,,,55～59歳,1,植田俊介,男子,セ・自由が丘,29.67,,,,,,,,TRUE,32.28,28.77,27.86,4/4
1607,76,2024,5,11,短水路,個人,26,50m背泳ぎ,男子,,,,,,55～59歳,2,小倉秀和,男子,セ・清瀬,35.18,,,,,,,,,32.28,28.77,27.86,3/5
1608,76,2024,5,11,短水路,個人,26,50m背泳ぎ,男子,,,,,,55～59歳,3,杉原祥之,男子,ザバス鶴見,36.51,,,,,,,,,32.28,28.77,27.86,3/3
1609,76,2024,5,11,短水路,個人,26,50m背泳ぎ,男子,,,,,,50～54歳,1,河野悟,男子,セ・慶應日吉,32.22,,,,,,,,,28.67,27.52,26.69,4/6
1610,76,2024,5,11,短水路,個人,26,50m背泳ぎ,男子,,,,,,50～54歳,2,柄澤英也,男子,セ・用賀,34.27,,,,,,,,,28.67,27.52,26.69,4/8
1611,76,2024,5,11,短水路,個人,26,50m背泳ぎ,男子,,,,,,50～54歳,3,長崎啓,男子,セ・二俣川,34.93,,,,,,,,,28.67,27.52,26.69,3/7
1612,76,2024,5,11,短水路,個人,26,50m背泳ぎ,男子,,,,,,50～54歳,4,渡辺則貴,男子,セ・戸塚,35.32,,,,,,,,,28.67,27.52,26.69,3/6
1613,76,2024,5,11,短水路,個人,26,50m背泳ぎ,男子,,,,,,50～54歳,5,荒井正明,男子,セ・八千代台,37.85,,,,,,,,,28.67,27.52,26.69,3/1
1614,76,2024,5,11,短水路,個人,26,50m背泳ぎ,男子,,,,,,50～54歳,6,佐々木栄一,男子,Ｇ－ＳＰＡ,38.74,,,,,,,,,28.67,27.52,26.69,1/4
1615,76,2024,5,11,短水路,個人,26,50m背泳ぎ,男子,,,,,,50～54歳,7,廣瀬淳一,男子,セ・トレッサ,45.03,,,,,,,,,28.67,27.52,26.69,1/5
1616,76,2024,5,11,短水路,個人,26,50m背泳ぎ,男子,,,,,,45～49歳,1,山岡拓馬,男子,セ・清瀬,27.05,,,,,,,,TRUE,27.38,26.62,25.73,5/5
1617,76,2024,5,11,短水路,個人,26,50m背泳ぎ,男子,,,,,,45～49歳,2,小室秀幸,男子,セ・八王子,32.81,,,,,,,,,27.38,26.62,25.73,4/1
1618,76,2024,5,11,短水路,個人,26,50m背泳ぎ,男子,,,,,,40～44歳,1,棚網宏之,男子,セ・阿佐谷,30.24,,,,,,,,,28.77,25.48,25.48,5/8
1619,76,2024,5,11,短水路,個人,26,50m背泳ぎ,男子,,,,,,35～39歳,1,椎本恭平,男子,セ・阿佐谷,30.20,,,,,,,,,27.15,25.20,24.48,4/5
1620,76,2024,5,11,短水路,個人,26,50m背泳ぎ,男子,,,,,,35～39歳,2,新福留広貴,男子,セ・二俣川,34.55,,,,,,,,,27.15,25.20,24.48,2/5
1621,76,2024,5,11,短水路,個人,26,50m背泳ぎ,男子,,,,,,35～39歳,3,増田喬行,男子,セ・桶川北本,35.62,,,,,,,,,27.15,25.20,24.48,3/2
1622,76,2024,5,11,短水路,個人,26,50m背泳ぎ,男子,,,,,,30～34歳,1,石川和樹,男子,セ・谷津,26.01,,,,,,,,TRUE,27.26,24.56,23.86,5/4
1623,76,2024,5,11,短水路,個人,26,50m背泳ぎ,男子,,,,,,30～34歳,2,石井翔真,男子,セ・成城,33.22,,,,,,,,,27.26,24.56,23.86,4/3
1624,76,2024,5,11,短水路,個人,26,50m背泳ぎ,男子,,,,,,25～29歳,1,志田公輝,男子,セ・阿佐谷,26.37,,,,,,,,,25.95,23.95,23.70,5/3
1625,76,2024,5,11,短水路,個人,26,50m背泳ぎ,男子,,,,,,25～29歳,2,松澤朋樹,男子,セ・武蔵小杉,28.19,,,,,,,,,25.95,23.95,23.70,5/2
1626,76,2024,5,11,短水路,個人,26,50m背泳ぎ,男子,,,,,,25～29歳,3,高栖翔,男子,セ・葛西,30.39,,,,,,,,,25.95,23.95,23.70,5/6
1627,76,2024,5,11,短水路,個人,26,50m背泳ぎ,男子,,,,,,18～24歳,1,宮川ガブリエル拓実,男子,セ・慶應日吉,28.44,,,,,,,,,27.57,,,5/7
1628,76,2024,5,11,短水路,個人,26,50m背泳ぎ,男子,,,,,,18～24歳,2,城野天都,男子,セ・我孫子,31.17,,,,,,,,,27.57,,,4/2
1629,76,2024,5,11,短水路,個人,26,50m背泳ぎ,男子,,,,,,18～24歳,3,村上裕哉,男子,セ・南千住,32.14,,,,,,,,,27.57,,,5/1
1630,76,2024,5,11,短水路,個人,26,50m背泳ぎ,男子,,,,,,18～24歳,4,伊藤水晶,男子,セ・松戸,32.90,,,,,,,,,27.57,,,4/7
1631,76,2024,5,11,短水路,個人,26,50m背泳ぎ,男子,,,,,,18～24歳,5,河野莉侑,男子,セ・葛西,36.42,,,,,,,,,27.57,,,3/8
1632,76,2024,5,11,短水路,個人,27,50mバタフライ,女子,,,,,,80～84歳,1,小野洋子,女子,セ・我孫子,1:06.63,,,,,,,,,,48.79,45.57,1/7
1633,76,2024,5,11,短水路,個人,27,50mバタフライ,女子,,,,,,75～79歳,1,大山恵子,女子,セ・葛西,44.94,,,,,,,,TRUE,55.04,42.23,38.17,3/6
1634,76,2024,5,11,短水路,個人,27,50mバタフライ,女子,,,,,,70～74歳,1,青木華世子,女子,セ・松戸,42.69,,,,,,,,TRUE,43.46,37.35,34.14,3/4
1635,76,2024,5,11,短水路,個人,27,50mバタフライ,女子,,,,,,70～74歳,2,大熊正子,女子,セ・桶川北本,57.80,,,,,,,,,43.46,37.35,34.14,1/5
1636,76,2024,5,11,短水路,個人,27,50mバタフライ,女子,,,,,,70～74歳,3,木村恵子,女子,セ・越谷,1:02.37,,,,,,,,,43.46,37.35,34.14,1/2
1637,76,2024,5,11,短水路,個人,27,50mバタフライ,女子,,,,,,65～69歳,1,安藤薫,女子,セ・西新井,44.21,,,,,,,,,40.29,35.15,32.57,3/2
1638,76,2024,5,11,短水路,個人,27,50mバタフライ,女子,,,,,,65～69歳,2,木村りょう子,女子,セ・福生,45.03,,,,,,,,,40.29,35.15,32.57,2/4
1639,76,2024,5,11,短水路,個人,27,50mバタフライ,女子,,,,,,65～69歳,3,井手敦子,女子,セ・慶應日吉,48.53,,,,,,,,,40.29,35.15,32.57,3/8
1640,76,2024,5,11,短水路,個人,27,50mバタフライ,女子,,,,,,65～69歳,4,東海林慶美,女子,セ・蒲田,52.80,,,,,,,,,40.29,35.15,32.57,1/4
1641,76,2024,5,11,短水路,個人,27,50mバタフライ,女子,,,,,,60～64歳,1,武井麻知子,女子,セ・二俣川,38.45,,,,,,,,,37.17,32.99,31.24,4/6
1642,76,2024,5,11,短水路,個人,27,50mバタフライ,女子,,,,,,60～64歳,2,岡田眞弓,女子,セ・清瀬,45.39,,,,,,,,,37.17,32.99,31.24,2/2
1643,76,2024,5,11,短水路,個人,27,50mバタフライ,女子,,,,,,60～64歳,3,座間千鶴子,女子,ザバス金沢八,45.40,,,,,,,,,37.17,32.99,31.24,2/5
1644,76,2024,5,11,短水路,個人,27,50mバタフライ,女子,,,,,,60～64歳,4,田中香苗,女子,セ・青砥,55.17,,,,,,,,,37.17,32.99,31.24,1/3
1645,76,2024,5,11,短水路,個人,27,50mバタフライ,女子,,,,,,55～59歳,1,若林朋子,女子,セ・大宮宮原,34.41,,,,,,,,,34.29,31.52,29.39,5/1
1646,76,2024,5,11,短水路,個人,27,50mバタフライ,女子,,,,,,55～59歳,2,年岡仁美,女子,セ・千葉みなと,35.58,,,,,,,,,34.29,31.52,29.39,4/3
1647,76,2024,5,11,短水路,個人,27,50mバタフライ,女子,,,,,,55～59歳,3,松川律子,女子,セ・二俣川,46.45,,,,,,,,,34.29,31.52,29.39,1/6
1648,76,2024,5,11,短水路,個人,27,50mバタフライ,女子,,,,,,55～59歳,4,中野裕子,女子,セ・二俣川,48.23,,,,,,,,,34.29,31.52,29.39,2/7
1649,76,2024,5,11,短水路,個人,27,50mバタフライ,女子,,,,,,55～59歳,5,小池淳子,女子,セ・長津田,50.49,,,,,,,,,34.29,31.52,29.39,2/6
1650,76,2024,5,11,短水路,個人,27,50mバタフライ,女子,,,,,,55～59歳,6,西田三佐子,女子,セ・大宮宮原,51.34,,,,,,,,,34.29,31.52,29.39,3/1
1651,76,2024,5,11,短水路,個人,27,50mバタフライ,女子,,,,,,50～54歳,1,鎌田和代,女子,セ・千葉みなと,35.44,,,,,,,,,32.09,29.15,28.95,4/5
1652,76,2024,5,11,短水路,個人,27,50mバタフライ,女子,,,,,,50～54歳,2,池田智子,女子,セ・目黒,37.46,,,,,,,,,32.09,29.15,28.95,5/8
1653,76,2024,5,11,短水路,個人,27,50mバタフライ,女子,,,,,,50～54歳,3,鈴木知寿子,女子,セ・大森,51.99,,,,,,,,,32.09,29.15,28.95,2/3
1654,76,2024,5,11,短水路,個人,27,50mバタフライ,女子,,,,,,45～49歳,1,小谷佐織,女子,セ・千葉みなと,37.09,,,,,,,,,32.12,28.53,28.53,4/2
1655,76,2024,5,11,短水路,個人,27,50mバタフライ,女子,,,,,,45～49歳,2,小室桃子,女子,セ・八王子,39.60,,,,,,,,,32.12,28.53,28.53,4/7
1656,76,2024,5,11,短水路,個人,27,50mバタフライ,女子,,,,,,45～49歳,3,草野茜,女子,セ・二俣川,39.63,,,,,,,,,32.12,28.53,28.53,4/8
1657,76,2024,5,11,短水路,個人,27,50mバタフライ,女子,,,,,,45～49歳,4,奈良佳枝,女子,セ・蘇我,59.24,,,,,,,,,32.12,28.53,28.53,2/1
1658,76,2024,5,11,短水路,個人,27,50mバタフライ,女子,,,,,,40～44歳,1,吉村華余,女子,セ・長津田,30.98,,,,,,,,TRUE,31.21,28.31,28.19,6/6
1659,76,2024,5,11,短水路,個人,27,50mバタフライ,女子,,,,,,40～44歳,2,錦織佳奈子,女子,ザバス川崎,39.89,,,,,,,,,31.21,28.31,28.19,4/1
1660,76,2024,5,11,短水路,個人,27,50mバタフライ,女子,,,,,,40～44歳,3,冨永結衣子,女子,セ・大森,41.69,,,,,,,,,31.21,28.31,28.19,3/5
1661,76,2024,5,11,短水路,個人,27,50mバタフライ,女子,,,,,,35～39歳,1,青木梨緒,女子,セ・葛西,31.45,,,,,,,,,29.62,28.15,27.29,6/8
1662,76,2024,5,11,短水路,個人,27,50mバタフライ,女子,,,,,,35～39歳,2,大藪幾美,女子,セ・阿佐谷,33.77,,,,,,,,,29.62,28.15,27.29,5/3
1663,76,2024,5,11,短水路,個人,27,50mバタフライ,女子,,,,,,35～39歳,3,新妻梓,女子,セ・西東京,34.36,,,,,,,,,29.62,28.15,27.29,5/2
1664,76,2024,5,11,短水路,個人,27,50mバタフライ,女子,,,,,,35～39歳,4,大家萌実,女子,セ・用賀,35.24,,,,,,,,,29.62,28.15,27.29,4/4
1665,76,2024,5,11,短水路,個人,27,50mバタフライ,女子,,,,,,30～34歳,1,早川舞,女子,セ・蒲田,31.82,,,,,,,,,29.92,26.67,26.67,5/5
1666,76,2024,5,11,短水路,個人,27,50mバタフライ,女子,,,,,,25～29歳,1,松田未悠,女子,セ・葛西,30.09,,,,,,,,,29.19,26.30,26.14,6/4
1667,76,2024,5,11,短水路,個人,27,50mバタフライ,女子,,,,,,25～29歳,2,岡澤志織,女子,セ・茂原,30.37,,,,,,,,,29.19,26.30,26.14,6/2
1668,76,2024,5,11,短水路,個人,27,50mバタフライ,女子,,,,,,25～29歳,3,真如美優,女子,セ・南千住,30.43,,,,,,,,,29.19,26.30,26.14,6/3
1669,76,2024,5,11,短水路,個人,27,50mバタフライ,女子,,,,,,25～29歳,4,志賀菜々美,女子,セ・二俣川,31.58,,,,,,,,,29.19,26.30,26.14,5/7
1670,76,2024,5,11,短水路,個人,27,50mバタフライ,女子,,,,,,25～29歳,5,仲田笑美,女子,セ・成城,31.79,,,,,,,,,29.19,26.30,26.14,5/6
1671,76,2024,5,11,短水路,個人,27,50mバタフライ,女子,,,,,,25～29歳,6,新後海優,女子,セ・トレッサ,31.90,,,,,,,,,29.19,26.30,26.14,6/1
1672,76,2024,5,11,短水路,個人,27,50mバタフライ,女子,,,,,,18～24歳,1,表侑寿,女子,セ・二俣川,30.77,,,,,,,,,28.69,,,5/4
1673,76,2024,5,11,短水路,個人,27,50mバタフライ,女子,,,,,,18～24歳,2,高橋紗良,女子,セ・長津田,31.06,,,,,,,,,28.69,,,6/5
1674,76,2024,5,11,短水路,個人,27,50mバタフライ,女子,,,,,,18～24歳,3,西澤瑛倫,女子,セ・越谷,31.31,,,,,,,,,28.69,,,6/7
1675,76,2024,5,11,短水路,個人,28,50mバタフライ,男子,,,,,,85～89歳,1,三橋正和,男子,セ・蘇我,1:12.61,,,,,,,,,,44.10,41.08,1/1
1676,76,2024,5,11,短水路,個人,28,50mバタフライ,男子,,,,,,75～79歳,1,嶋﨑昭夫,男子,セ・西東京,42.40,,,,,,,,TRUE,43.40,32.93,32.09,1/4
1677,76,2024,5,11,短水路,個人,28,50mバタフライ,男子,,,,,,75～79歳,2,白井清嗣,男子,セ・大宮宮原,45.24,,,,,,,,,43.40,32.93,32.09,1/3
1678,76,2024,5,11,短水路,個人,28,50mバタフライ,男子,,,,,,70～74歳,1,安藤次郎,男子,セ・館山,36.45,,,,,,,,,35.47,31.35,29.52,4/7
1679,76,2024,5,11,短水路,個人,28,50mバタフライ,男子,,,,,,70～74歳,2,香山左近,男子,セ・二俣川,42.12,,,,,,,,,35.47,31.35,29.52,2/7
1680,76,2024,5,11,短水路,個人,28,50mバタフライ,男子,,,,,,65～69歳,1,瀧川一興,男子,セ・大森,36.54,,,,,,,,,32.33,29.11,27.94,3/6
1681,76,2024,5,11,短水路,個人,28,50mバタフライ,男子,,,,,,65～69歳,2,佐藤信弘,男子,セ・桶川北本,43.98,,,,,,,,,32.33,29.11,27.94,2/2
1682,76,2024,5,11,短水路,個人,28,50mバタフライ,男子,,,,,,65～69歳,3,飯沼明,男子,セ・長津田,45.21,,,,,,,,,32.33,29.11,27.94,2/1
1683,76,2024,5,11,短水路,個人,28,50mバタフライ,男子,,,,,,60～64歳,1,菊池千二,男子,セ・市ヶ尾,31.03,,,,,,,,TRUE,32.14,28.30,26.78,3/7
1684,76,2024,5,11,短水路,個人,28,50mバタフライ,男子,,,,,,60～64歳,2,海辺信吉,男子,セ・おおたか,33.81,,,,,,,,,32.14,28.30,26.78,5/8
1685,76,2024,5,11,短水路,個人,28,50mバタフライ,男子,,,,,,60～64歳,3,金子勝,男子,セ・岩槻,34.97,,,,,,,,,32.14,28.30,26.78,3/3
1686,76,2024,5,11,短水路,個人,28,50mバタフライ,男子,,,,,,60～64歳,4,一色洋志,男子,セ・福生,38.76,,,,,,,,,32.14,28.30,26.78,2/5
1687,76,2024,5,11,短水路,個人,28,50mバタフライ,男子,,,,,,55～59歳,1,矢部裕之,男子,セ・長津田,31.88,,,,,,,,,28.85,26.51,26.43,5/6
1688,76,2024,5,11,短水路,個人,28,50mバタフライ,男子,,,,,,55～59歳,2,浅田康朗,男子,セ・大森,33.53,,,,,,,,,28.85,26.51,26.43,5/1
1689,76,2024,5,11,短水路,個人,28,50mバタフライ,男子,,,,,,55～59歳,3,久保卓士,男子,セ・天王洲,34.10,,,,,,,,,28.85,26.51,26.43,4/5
1690,76,2024,5,11,短水路,個人,28,50mバタフライ,男子,,,,,,55～59歳,4,飯田正敏,男子,セ・用賀,34.17,,,,,,,,,28.85,26.51,26.43,4/4
1691,76,2024,5,11,短水路,個人,28,50mバタフライ,男子,,,,,,55～59歳,5,町田克浩,男子,セ・大森,34.56,,,,,,,,,28.85,26.51,26.43,3/2
1692,76,2024,5,11,短水路,個人,28,50mバタフライ,男子,,,,,,55～59歳,6,温井芳浩,男子,セ・谷津,35.37,,,,,,,,,28.85,26.51,26.43,3/5
1693,76,2024,5,11,短水路,個人,28,50mバタフライ,男子,,,,,,55～59歳,7,大塚秀幸,男子,セ・慶應日吉,45.23,,,,,,,,,28.85,26.51,26.43,1/5
1694,76,2024,5,11,短水路,個人,28,50mバタフライ,男子,,,,,,55～59歳,8,安部盛博,男子,セ・成城,46.86,,,,,,,,,28.85,26.51,26.43,1/7
1695,76,2024,5,11,短水路,個人,28,50mバタフライ,男子,,,,,,50～54歳,1,石井龍,男子,セ・成城,30.07,,,,,,,,,28.09,24.96,24.96,6/3
1696,76,2024,5,11,短水路,個人,28,50mバタフライ,男子,,,,,,50～54歳,2,藤本豊和,男子,セ・長津田,30.21,,,,,,,,,28.09,24.96,24.96,6/5
1697,76,2024,5,11,短水路,個人,28,50mバタフライ,男子,,,,,,50～54歳,3,門倉孝行,男子,セ・慶應日吉,33.35,,,,,,,,,28.09,24.96,24.96,2/6
1698,76,2024,5,11,短水路,個人,28,50mバタフライ,男子,,,,,,50～54歳,4,山本英男,男子,セ・大宮宮原,34.58,,,,,,,,,28.09,24.96,24.96,4/6
1699,76,2024,5,11,短水路,個人,28,50mバタフライ,男子,,,,,,50～54歳,5,清田真人,男子,セ・大宮宮原,35.51,,,,,,,,,28.09,24.96,24.96,4/1
1700,76,2024,5,11,短水路,個人,28,50mバタフライ,男子,,,,,,50～54歳,6,庄司和明,男子,セ・松戸,41.14,,,,,,,,,28.09,24.96,24.96,3/1
1701,76,2024,5,11,短水路,個人,28,50mバタフライ,男子,,,,,,50～54歳,7,古高正道,男子,セ・天王洲,42.65,,,,,,,,,28.09,24.96,24.96,1/6
1702,76,2024,5,11,短水路,個人,28,50mバタフライ,男子,,,,,,45～49歳,1,井口暢彦,男子,セ・成城,27.43,,,,,,,,TRUE,27.52,24.38,24.38,8/7
1703,76,2024,5,11,短水路,個人,28,50mバタフライ,男子,,,,,,45～49歳,2,桶本新一郎,男子,セ・南千住,27.68,,,,,,,,,27.52,24.38,24.38,8/2
1704,76,2024,5,11,短水路,個人,28,50mバタフライ,男子,,,,,,45～49歳,3,羽田浩一,男子,セ・成城,30.99,,,,,,,,,27.52,24.38,24.38,6/4
1705,76,2024,5,11,短水路,個人,28,50mバタフライ,男子,,,,,,45～49歳,4,堀川広祐,男子,セ・二俣川,31.17,,,,,,,,,27.52,24.38,24.38,6/8
1706,76,2024,5,11,短水路,個人,28,50mバタフライ,男子,,,,,,45～49歳,5,甫坂修男,男子,セ・市川,31.63,,,,,,,,,27.52,24.38,24.38,5/5
1707,76,2024,5,11,短水路,個人,28,50mバタフライ,男子,,,,,,45～49歳,6,桐本兼輔,男子,セ・福生,32.06,,,,,,,,,27.52,24.38,24.38,4/2
1708,76,2024,5,11,短水路,個人,28,50mバタフライ,男子,,,,,,45～49歳,7,白子満,男子,セ・自由が丘,32.84,,,,,,,,,27.52,24.38,24.38,5/2
1709,76,2024,5,11,短水路,個人,28,50mバタフライ,男子,,,,,,45～49歳,8,鈴木直哉,男子,セ・八王子,34.70,,,,,,,,,27.52,24.38,24.38,1/2
1710,76,2024,5,11,短水路,個人,28,50mバタフライ,男子,,,,,,45～49歳,9,大沢祐輔,男子,セ・福生,35.88,,,,,,,,,27.52,24.38,24.38,3/4
1711,76,2024,5,11,短水路,個人,28,50mバタフライ,男子,,,,,,45～49歳,10,草野剛史,男子,セ・二俣川,39.00,,,,,,,,,27.52,24.38,24.38,2/4
1712,76,2024,5,11,短水路,個人,28,50mバタフライ,男子,,,,,,40～44歳,1,佐野充,男子,セ・阿佐谷,28.83,,,,,,,,,25.66,23.90,23.90,7/6
1713,76,2024,5,11,短水路,個人,28,50mバタフライ,男子,,,,,,40～44歳,2,小林弘典,男子,セ・大森,30.59,,,,,,,,,25.66,23.90,23.90,5/4
1714,76,2024,5,11,短水路,個人,28,50mバタフライ,男子,,,,,,40～44歳,3,増淵知紀,男子,セ・南千住,33.37,,,,,,,,,25.66,23.90,23.90,5/7
1715,76,2024,5,11,短水路,個人,28,50mバタフライ,男子,,,,,,40～44歳,4,上村匠,男子,セ・下北沢,39.45,,,,,,,,,25.66,23.90,23.90,3/8
1716,76,2024,5,11,短水路,個人,28,50mバタフライ,男子,,,,,,35～39歳,1,吉川重行,男子,セ・桶川北本,28.39,,,,,,,,,25.72,23.64,23.12,7/8
1717,76,2024,5,11,短水路,個人,28,50mバタフライ,男子,,,,,,35～39歳,2,椎本恭平,男子,セ・阿佐谷,28.75,,,,,,,,,25.72,23.64,23.12,7/4
1718,76,2024,5,11,短水路,個人,28,50mバタフライ,男子,,,,,,30～34歳,1,伊藤孝優,男子,セ・八王子,28.16,,,,,,,,,25.74,23.31,22.87,7/1
1719,76,2024,5,11,短水路,個人,28,50mバタフライ,男子,,,,,,30～34歳,2,中西剛,男子,セ・成城,28.84,,,,,,,,,25.74,23.31,22.87,7/5
1720,76,2024,5,11,短水路,個人,28,50mバタフライ,男子,,,,,,30～34歳,3,渡部慎也,男子,セ・大森,29.80,,,,,,,,,25.74,23.31,22.87,5/3
1721,76,2024,5,11,短水路,個人,28,50mバタフライ,男子,,,,,,25～29歳,1,志熊叶一郎,男子,セ・阿佐谷,24.54,,,,,,,,TRUE,24.68,23.33,23.15,8/4
1722,76,2024,5,11,短水路,個人,28,50mバタフライ,男子,,,,,,25～29歳,2,只野克,男子,セ・谷津,26.82,,,,,,,,,24.68,23.33,23.15,6/2
1723,76,2024,5,11,短水路,個人,28,50mバタフライ,男子,,,,,,25～29歳,3,高見沢重倫,男子,セ・慶應日吉,27.31,,,,,,,,,24.68,23.33,23.15,6/6
1724,76,2024,5,11,短水路,個人,28,50mバタフライ,男子,,,,,,25～29歳,4,松尾勇太,男子,セ・南青山,27.45,,,,,,,,,24.68,23.33,23.15,8/6
1725,76,2024,5,11,短水路,個人,28,50mバタフライ,男子,,,,,,18～24歳,1,川口皓生,男子,セ・柏,25.77,,,,,,,,,24.53,,,8/5
1726,76,2024,5,11,短水路,個人,28,50mバタフライ,男子,,,,,,18～24歳,2,廣谷幸翼,男子,セ・志木,27.16,,,,,,,,,24.53,,,8/3
1727,76,2024,5,11,短水路,個人,28,50mバタフライ,男子,,,,,,18～24歳,3,田中啓二朗,男子,セ・二俣川,27.93,,,,,,,,,24.53,,,8/8
1728,76,2024,5,11,短水路,個人,28,50mバタフライ,男子,,,,,,18～24歳,4,山﨑陸真,男子,セ・二俣川,28.05,,,,,,,,,24.53,,,6/7
1729,76,2024,5,11,短水路,個人,28,50mバタフライ,男子,,,,,,18～24歳,5,山田丈翔,男子,セ・二俣川,28.25,,,,,,,,,24.53,,,6/1
1730,76,2024,5,11,短水路,個人,28,50mバタフライ,男子,,,,,,18～24歳,6,伊藤翼,男子,セ・ときわ台,28.65,,,,,,,,,24.53,,,7/2
1731,76,2024,5,11,短水路,個人,28,50mバタフライ,男子,,,,,,18～24歳,7,秋澤裕介,男子,セ・二俣川,29.70,,,,,,,,,24.53,,,7/3
1732,76,2024,5,11,短水路,個人,28,50mバタフライ,男子,,,,,,18～24歳,8,日吉将輝,男子,セ・大宮宮原,30.18,,,,,,,,,24.53,,,7/7
1733,76,2024,5,11,短水路,個人,28,50mバタフライ,男子,,,,,,18～24歳,9,松本海星,男子,セ・清瀬,36.52,,,,,,,,,24.53,,,4/8
