ID,回,年,月,日,水路,タイプ,レース番号,競技名,競技性別,リレー年齢区分,リレー実年齢合計,リレータイム,リレー大会新差,リレー泳順,個人年齢区分,順位,選手名,性別,チーム名,個人タイム,個人大会新差,飛込タイム,LAPタイム,個人得点,チーム得点,申請タイム,ぴったり賞,大会新,大会記録,日本記録,世界記録,レーン
1,77,2024,10,26,長水路,チーム,3,4×50mフリーリレー,女子,320～359歳,324,3:16.57,,1,,1,八田清子,,セ・松戸,44.20,,,,,,,,,3:16.24,2:52.72,2:52.72,1/3
2,77,2024,10,26,長水路,チーム,3,4×50mフリーリレー,女子,320～359歳,324,3:16.57,,2,,1,川口栄子,,セ・松戸,45.95,,,,,,,,,3:16.24,2:52.72,2:52.72,1/3
3,77,2024,10,26,長水路,チーム,3,4×50mフリーリレー,女子,320～359歳,324,3:16.57,,3,,1,須山順子,,セ・松戸,51.16,,,,,,,,,3:16.24,2:52.72,2:52.72,1/3
4,77,2024,10,26,長水路,チーム,3,4×50mフリーリレー,女子,320～359歳,324,3:16.57,,4,,1,後藤節子,,セ・松戸,55.26,,,,,,,,,3:16.24,2:52.72,2:52.72,1/3
5,77,2024,10,26,長水路,チーム,3,4×50mフリーリレー,女子,320～359歳,324,3:57.61,,1,,2,新堀友子,,セ・天王洲,1:06.76,,,,,,,,,3:16.24,2:52.72,2:52.72,1/1
6,77,2024,10,26,長水路,チーム,3,4×50mフリーリレー,女子,320～359歳,324,3:57.61,,2,,2,平田美佐子,,セ・天王洲,59.09,,,,,,,,,3:16.24,2:52.72,2:52.72,1/1
7,77,2024,10,26,長水路,チーム,3,4×50mフリーリレー,女子,320～359歳,324,3:57.61,,3,,2,川端淑子,,セ・天王洲,56.50,,,,,,,,,3:16.24,2:52.72,2:52.72,1/1
8,77,2024,10,26,長水路,チーム,3,4×50mフリーリレー,女子,320～359歳,324,3:57.61,,4,,2,柴田千代子,,セ・天王洲,55.26,,,,,,,,,3:16.24,2:52.72,2:52.72,1/1
9,77,2024,10,26,長水路,チーム,3,4×50mフリーリレー,女子,280～319歳,283,2:53.58,,1,,1,梅田栄己子(),,セ・天王洲,43.95,,,,,,,,,2:45.72,2:31.16,2:14.99,1/6
10,77,2024,10,26,長水路,チーム,3,4×50mフリーリレー,女子,280～319歳,283,2:53.58,,2,,1,鬼束洋子,,セ・天王洲,47.77,,,,,,,,,2:45.72,2:31.16,2:14.99,1/6
11,77,2024,10,26,長水路,チーム,3,4×50mフリーリレー,女子,280～319歳,283,2:53.58,,3,,1,後藤明美,,セ・天王洲,40.69,,,,,,,,,2:45.72,2:31.16,2:14.99,1/6
12,77,2024,10,26,長水路,チーム,3,4×50mフリーリレー,女子,280～319歳,283,2:53.58,,4,,1,浅野みどり,,セ・天王洲,41.17,,,,,,,,,2:45.72,2:31.16,2:14.99,1/6
13,77,2024,10,26,長水路,チーム,3,4×50mフリーリレー,女子,280～319歳,286,3:03.59,,1,,2,富樫博子,,セ・大森,53.01,,,,,,,,,2:45.72,2:31.16,2:14.99,2/8
14,77,2024,10,26,長水路,チーム,3,4×50mフリーリレー,女子,280～319歳,286,3:03.59,,2,,2,市野克子,,セ・大森,43.81,,,,,,,,,2:45.72,2:31.16,2:14.99,2/8
15,77,2024,10,26,長水路,チーム,3,4×50mフリーリレー,女子,280～319歳,286,3:03.59,,3,,2,藤井一恵,,セ・大森,45.83,,,,,,,,,2:45.72,2:31.16,2:14.99,2/8
16,77,2024,10,26,長水路,チーム,3,4×50mフリーリレー,女子,280～319歳,286,3:03.59,,4,,2,井上美佐子,,セ・大森,40.94,,,,,,,,,2:45.72,2:31.16,2:14.99,2/8
17,77,2024,10,26,長水路,チーム,3,4×50mフリーリレー,女子,280～319歳,288,3:10.56,,1,,3,佐藤由利子,,セ・用賀,46.03,,,,,,,,,2:45.72,2:31.16,2:14.99,1/7
18,77,2024,10,26,長水路,チーム,3,4×50mフリーリレー,女子,280～319歳,288,3:10.56,,2,,3,舘野圭子,,セ・用賀,55.24,,,,,,,,,2:45.72,2:31.16,2:14.99,1/7
19,77,2024,10,26,長水路,チーム,3,4×50mフリーリレー,女子,280～319歳,288,3:10.56,,3,,3,崎山治子,,セ・用賀,48.05,,,,,,,,,2:45.72,2:31.16,2:14.99,1/7
20,77,2024,10,26,長水路,チーム,3,4×50mフリーリレー,女子,280～319歳,288,3:10.56,,4,,3,捶井泰子,,セ・用賀,41.24,,,,,,,,,2:45.72,2:31.16,2:14.99,1/7
21,77,2024,10,26,長水路,チーム,3,4×50mフリーリレー,女子,280～319歳,306,3:22.20,,1,,4,大久保祐美子,,セ・おおたか,46.13,,,,,,,,,2:45.72,2:31.16,2:14.99,1/2
22,77,2024,10,26,長水路,チーム,3,4×50mフリーリレー,女子,280～319歳,306,3:22.20,,2,,4,田中みみぢ,,セ・おおたか,50.07,,,,,,,,,2:45.72,2:31.16,2:14.99,1/2
23,77,2024,10,26,長水路,チーム,3,4×50mフリーリレー,女子,280～319歳,306,3:22.20,,3,,4,橋本順子,,セ・おおたか,57.37,,,,,,,,,2:45.72,2:31.16,2:14.99,1/2
24,77,2024,10,26,長水路,チーム,3,4×50mフリーリレー,女子,280～319歳,306,3:22.20,,4,,4,松永タズヨ,,セ・おおたか,48.63,,,,,,,,,2:45.72,2:31.16,2:14.99,1/2
25,77,2024,10,26,長水路,チーム,3,4×50mフリーリレー,女子,280～319歳,286,3:24.98,,1,,5,長谷川節子,,セ・天王洲,53.05,,,,,,,,,2:45.72,2:31.16,2:14.99,1/8
26,77,2024,10,26,長水路,チーム,3,4×50mフリーリレー,女子,280～319歳,286,3:24.98,,2,,5,川島かよ子,,セ・天王洲,50.86,,,,,,,,,2:45.72,2:31.16,2:14.99,1/8
27,77,2024,10,26,長水路,チーム,3,4×50mフリーリレー,女子,280～319歳,286,3:24.98,,3,,5,寺西寿賀子,,セ・天王洲,59.06,,,,,,,,,2:45.72,2:31.16,2:14.99,1/8
28,77,2024,10,26,長水路,チーム,3,4×50mフリーリレー,女子,280～319歳,286,3:24.98,,4,,5,櫻田琴,,セ・天王洲,42.01,,,,,,,,,2:45.72,2:31.16,2:14.99,1/8
29,77,2024,10,26,長水路,チーム,3,4×50mフリーリレー,女子,240～279歳,247,2:24.01,,1,,1,上野真弓,,セ・二俣川,37.22,,,,,,,,,2:18.66,2:07.60,2:00.75,3/2
30,77,2024,10,26,長水路,チーム,3,4×50mフリーリレー,女子,240～279歳,247,2:24.01,,2,,1,野島久枝,,セ・二俣川,37.80,,,,,,,,,2:18.66,2:07.60,2:00.75,3/2
31,77,2024,10,26,長水路,チーム,3,4×50mフリーリレー,女子,240～279歳,247,2:24.01,,3,,1,武井麻知子,,セ・二俣川,37.17,,,,,,,,,2:18.66,2:07.60,2:00.75,3/2
32,77,2024,10,26,長水路,チーム,3,4×50mフリーリレー,女子,240～279歳,247,2:24.01,,4,,1,永瀬秀子,,セ・二俣川,31.82,,,,,,,,,2:18.66,2:07.60,2:00.75,3/2
33,77,2024,10,26,長水路,チーム,3,4×50mフリーリレー,女子,240～279歳,244,2:38.42,,1,,2,田村明美,,セ・慶應日吉,40.77,,,,,,,,,2:18.66,2:07.60,2:00.75,2/4
34,77,2024,10,26,長水路,チーム,3,4×50mフリーリレー,女子,240～279歳,244,2:38.42,,2,,2,中野朗子,,セ・慶應日吉,43.69,,,,,,,,,2:18.66,2:07.60,2:00.75,2/4
35,77,2024,10,26,長水路,チーム,3,4×50mフリーリレー,女子,240～279歳,244,2:38.42,,3,,2,井手敦子,,セ・慶應日吉,39.93,,,,,,,,,2:18.66,2:07.60,2:00.75,2/4
36,77,2024,10,26,長水路,チーム,3,4×50mフリーリレー,女子,240～279歳,244,2:38.42,,4,,2,前畑章子,,セ・慶應日吉,34.03,,,,,,,,,2:18.66,2:07.60,2:00.75,2/4
37,77,2024,10,26,長水路,チーム,3,4×50mフリーリレー,女子,240～279歳,251,2:41.45,,1,,3,五十嵐知佐,,セ・おおたか,37.19,,,,,,,,,2:18.66,2:07.60,2:00.75,2/2
38,77,2024,10,26,長水路,チーム,3,4×50mフリーリレー,女子,240～279歳,251,2:41.45,,2,,3,育村博子,,セ・おおたか,43.57,,,,,,,,,2:18.66,2:07.60,2:00.75,2/2
39,77,2024,10,26,長水路,チーム,3,4×50mフリーリレー,女子,240～279歳,251,2:41.45,,3,,3,岡村悦子,,セ・おおたか,42.09,,,,,,,,,2:18.66,2:07.60,2:00.75,2/2
40,77,2024,10,26,長水路,チーム,3,4×50mフリーリレー,女子,240～279歳,251,2:41.45,,4,,3,野崎由美子,,セ・おおたか,38.60,,,,,,,,,2:18.66,2:07.60,2:00.75,2/2
41,77,2024,10,26,長水路,チーム,3,4×50mフリーリレー,女子,240～279歳,255,2:46.90,,1,,4,茂櫛典子,,セ・成城,40.79,,,,,,,,,2:18.66,2:07.60,2:00.75,2/5
42,77,2024,10,26,長水路,チーム,3,4×50mフリーリレー,女子,240～279歳,255,2:46.90,,2,,4,草森理子,,セ・成城,40.58,,,,,,,,,2:18.66,2:07.60,2:00.75,2/5
43,77,2024,10,26,長水路,チーム,3,4×50mフリーリレー,女子,240～279歳,255,2:46.90,,3,,4,柳沢智子,,セ・成城,45.41,,,,,,,,,2:18.66,2:07.60,2:00.75,2/5
44,77,2024,10,26,長水路,チーム,3,4×50mフリーリレー,女子,240～279歳,255,2:46.90,,4,,4,田代眞理子,,セ・成城,40.12,,,,,,,,,2:18.66,2:07.60,2:00.75,2/5
45,77,2024,10,26,長水路,チーム,3,4×50mフリーリレー,女子,240～279歳,249,2:48.66,,1,,5,西田三佐子,,セ・大宮宮原,38.22,,,,,,,,,2:18.66,2:07.60,2:00.75,2/9
46,77,2024,10,26,長水路,チーム,3,4×50mフリーリレー,女子,240～279歳,249,2:48.66,,2,,5,臼井希代子,,セ・大宮宮原,43.12,,,,,,,,,2:18.66,2:07.60,2:00.75,2/9
47,77,2024,10,26,長水路,チーム,3,4×50mフリーリレー,女子,240～279歳,249,2:48.66,,3,,5,関矢秀子,,セ・大宮宮原,46.11,,,,,,,,,2:18.66,2:07.60,2:00.75,2/9
48,77,2024,10,26,長水路,チーム,3,4×50mフリーリレー,女子,240～279歳,249,2:48.66,,4,,5,坂井慶子,,セ・大宮宮原,41.21,,,,,,,,,2:18.66,2:07.60,2:00.75,2/9
49,77,2024,10,26,長水路,チーム,3,4×50mフリーリレー,女子,240～279歳,252,2:55.69,,1,,6,山田智子,,セ・慶應日吉,41.88,,,,,,,,,2:18.66,2:07.60,2:00.75,1/4
50,77,2024,10,26,長水路,チーム,3,4×50mフリーリレー,女子,240～279歳,252,2:55.69,,2,,6,榮真須美,,セ・慶應日吉,49.68,,,,,,,,,2:18.66,2:07.60,2:00.75,1/4
51,77,2024,10,26,長水路,チーム,3,4×50mフリーリレー,女子,240～279歳,252,2:55.69,,3,,6,原田由美子,,セ・慶應日吉,46.17,,,,,,,,,2:18.66,2:07.60,2:00.75,1/4
52,77,2024,10,26,長水路,チーム,3,4×50mフリーリレー,女子,240～279歳,252,2:55.69,,4,,6,森谷登志江,,セ・慶應日吉,37.96,,,,,,,,,2:18.66,2:07.60,2:00.75,1/4
53,77,2024,10,26,長水路,チーム,3,4×50mフリーリレー,女子,240～279歳,267,3:04.13,,1,,7,黒川慶子,,セ・上池袋,48.94,,,,,,,,,2:18.66,2:07.60,2:00.75,1/5
54,77,2024,10,26,長水路,チーム,3,4×50mフリーリレー,女子,240～279歳,267,3:04.13,,2,,7,古旗美鈴,,セ・上池袋,46.33,,,,,,,,,2:18.66,2:07.60,2:00.75,1/5
55,77,2024,10,26,長水路,チーム,3,4×50mフリーリレー,女子,240～279歳,267,3:04.13,,3,,7,上松弘子,,セ・上池袋,47.92,,,,,,,,,2:18.66,2:07.60,2:00.75,1/5
56,77,2024,10,26,長水路,チーム,3,4×50mフリーリレー,女子,240～279歳,267,3:04.13,,4,,7,窪田久恵,,セ・上池袋,40.94,,,,,,,,,2:18.66,2:07.60,2:00.75,1/5
57,77,2024,10,26,長水路,チーム,3,4×50mフリーリレー,女子,240～279歳,248,3:13.00,,1,,8,酒井貴代,,セ・大森,39.28,,,,,,,,,2:18.66,2:07.60,2:00.75,2/1
58,77,2024,10,26,長水路,チーム,3,4×50mフリーリレー,女子,240～279歳,248,3:13.00,,2,,8,池田真理子,,セ・大森,52.78,,,,,,,,,2:18.66,2:07.60,2:00.75,2/1
59,77,2024,10,26,長水路,チーム,3,4×50mフリーリレー,女子,240～279歳,248,3:13.00,,3,,8,中島初美,,セ・大森,51.29,,,,,,,,,2:18.66,2:07.60,2:00.75,2/1
60,77,2024,10,26,長水路,チーム,3,4×50mフリーリレー,女子,240～279歳,248,3:13.00,,4,,8,佐々木政子,,セ・大森,49.65,,,,,,,,,2:18.66,2:07.60,2:00.75,2/1
61,77,2024,10,26,長水路,チーム,3,4×50mフリーリレー,女子,240～279歳,267,3:23.24,,1,,9,于亜芝,,セ・南千住,54.50,,,,,,,,,2:18.66,2:07.60,2:00.75,1/9
62,77,2024,10,26,長水路,チーム,3,4×50mフリーリレー,女子,240～279歳,267,3:23.24,,2,,9,大手佳江,,セ・南千住,54.46,,,,,,,,,2:18.66,2:07.60,2:00.75,1/9
63,77,2024,10,26,長水路,チーム,3,4×50mフリーリレー,女子,240～279歳,267,3:23.24,,3,,9,原田早苗,,セ・南千住,56.18,,,,,,,,,2:18.66,2:07.60,2:00.75,1/9
64,77,2024,10,26,長水路,チーム,3,4×50mフリーリレー,女子,240～279歳,267,3:23.24,,4,,9,町田麻里,,セ・南千住,38.10,,,,,,,,,2:18.66,2:07.60,2:00.75,1/9
65,77,2024,10,26,長水路,チーム,3,4×50mフリーリレー,女子,200～239歳,200,2:14.79,,1,,1,小山知子,,セ・市ヶ尾,33.08,,,,,,,,,2:09.81,1:58.55,1:54.10,3/4
66,77,2024,10,26,長水路,チーム,3,4×50mフリーリレー,女子,200～239歳,200,2:14.79,,2,,1,高橋麻子,,セ・市ヶ尾,34.51,,,,,,,,,2:09.81,1:58.55,1:54.10,3/4
67,77,2024,10,26,長水路,チーム,3,4×50mフリーリレー,女子,200～239歳,200,2:14.79,,3,,1,白須靖子,,セ・市ヶ尾,37.22,,,,,,,,,2:09.81,1:58.55,1:54.10,3/4
68,77,2024,10,26,長水路,チーム,3,4×50mフリーリレー,女子,200～239歳,200,2:14.79,,4,,1,池田百合子,,セ・市ヶ尾,29.98,,,,,,,,,2:09.81,1:58.55,1:54.10,3/4
69,77,2024,10,26,長水路,チーム,3,4×50mフリーリレー,女子,200～239歳,221,2:24.59,,1,,2,石原なおみ,,セ・阿佐谷,35.77,,,,,,,,,2:09.81,1:58.55,1:54.10,3/9
70,77,2024,10,26,長水路,チーム,3,4×50mフリーリレー,女子,200～239歳,221,2:24.59,,2,,2,棚網恵理,,セ・阿佐谷,35.29,,,,,,,,,2:09.81,1:58.55,1:54.10,3/9
71,77,2024,10,26,長水路,チーム,3,4×50mフリーリレー,女子,200～239歳,221,2:24.59,,3,,2,野島正代,,セ・阿佐谷,38.32,,,,,,,,,2:09.81,1:58.55,1:54.10,3/9
72,77,2024,10,26,長水路,チーム,3,4×50mフリーリレー,女子,200～239歳,221,2:24.59,,4,,2,小野真佐子,,セ・阿佐谷,35.21,,,,,,,,,2:09.81,1:58.55,1:54.10,3/9
73,77,2024,10,26,長水路,チーム,3,4×50mフリーリレー,女子,200～239歳,202,2:37.21,,1,,3,RacaruGabriela,,セ・慶應日吉,38.88,,,,,,,,,2:09.81,1:58.55,1:54.10,2/3
74,77,2024,10,26,長水路,チーム,3,4×50mフリーリレー,女子,200～239歳,202,2:37.21,,2,,3,高見沢ゆみ子,,セ・慶應日吉,40.02,,,,,,,,,2:09.81,1:58.55,1:54.10,2/3
75,77,2024,10,26,長水路,チーム,3,4×50mフリーリレー,女子,200～239歳,202,2:37.21,,3,,3,鈴木夏実,,セ・慶應日吉,42.81,,,,,,,,,2:09.81,1:58.55,1:54.10,2/3
76,77,2024,10,26,長水路,チーム,3,4×50mフリーリレー,女子,200～239歳,202,2:37.21,,4,,3,福本麻美,,セ・慶應日吉,35.50,,,,,,,,,2:09.81,1:58.55,1:54.10,2/3
77,77,2024,10,26,長水路,チーム,3,4×50mフリーリレー,女子,200～239歳,236,2:47.41,,1,,4,中山翠,,ザバス川崎,39.05,,,,,,,,,2:09.81,1:58.55,1:54.10,2/10
78,77,2024,10,26,長水路,チーム,3,4×50mフリーリレー,女子,200～239歳,236,2:47.41,,2,,4,伊藤春美,,ザバス川崎,45.06,,,,,,,,,2:09.81,1:58.55,1:54.10,2/10
79,77,2024,10,26,長水路,チーム,3,4×50mフリーリレー,女子,200～239歳,236,2:47.41,,3,,4,齊藤たか子,,ザバス川崎,43.78,,,,,,,,,2:09.81,1:58.55,1:54.10,2/10
80,77,2024,10,26,長水路,チーム,3,4×50mフリーリレー,女子,200～239歳,236,2:47.41,,4,,4,川久保ちづる,,ザバス川崎,39.52,,,,,,,,,2:09.81,1:58.55,1:54.10,2/10
81,77,2024,10,26,長水路,チーム,3,4×50mフリーリレー,女子,160～199歳,199,2:15.14,,1,,1,羽田文,,セ・成城,33.43,,,,,,,,,2:05.08,1:54.99,1:48.44,3/7
82,77,2024,10,26,長水路,チーム,3,4×50mフリーリレー,女子,160～199歳,199,2:15.14,,2,,1,森直子,,セ・成城,34.91,,,,,,,,,2:05.08,1:54.99,1:48.44,3/7
83,77,2024,10,26,長水路,チーム,3,4×50mフリーリレー,女子,160～199歳,199,2:15.14,,3,,1,佐藤洋子,,セ・成城,36.26,,,,,,,,,2:05.08,1:54.99,1:48.44,3/7
84,77,2024,10,26,長水路,チーム,3,4×50mフリーリレー,女子,160～199歳,199,2:15.14,,4,,1,佐々木彩,,セ・成城,30.54,,,,,,,,,2:05.08,1:54.99,1:48.44,3/7
85,77,2024,10,26,長水路,チーム,3,4×50mフリーリレー,女子,160～199歳,192,2:22.32,,1,,2,前田由希映,,セ・二俣川,36.52,,,,,,,,,2:05.08,1:54.99,1:48.44,3/8
86,77,2024,10,26,長水路,チーム,3,4×50mフリーリレー,女子,160～199歳,192,2:22.32,,2,,2,松川律子,,セ・二俣川,35.48,,,,,,,,,2:05.08,1:54.99,1:48.44,3/8
87,77,2024,10,26,長水路,チーム,3,4×50mフリーリレー,女子,160～199歳,192,2:22.32,,3,,2,吉池奈々,,セ・二俣川,35.97,,,,,,,,,2:05.08,1:54.99,1:48.44,3/8
88,77,2024,10,26,長水路,チーム,3,4×50mフリーリレー,女子,160～199歳,192,2:22.32,,4,,2,草野茜,,セ・二俣川,34.35,,,,,,,,,2:05.08,1:54.99,1:48.44,3/8
89,77,2024,10,26,長水路,チーム,3,4×50mフリーリレー,女子,160～199歳,179,2:29.78,,1,,3,萩原ゆりか,,セ・天王洲,36.27,,,,,,,,,2:05.08,1:54.99,1:48.44,2/7
90,77,2024,10,26,長水路,チーム,3,4×50mフリーリレー,女子,160～199歳,179,2:29.78,,2,,3,森内裕子,,セ・天王洲,41.53,,,,,,,,,2:05.08,1:54.99,1:48.44,2/7
91,77,2024,10,26,長水路,チーム,3,4×50mフリーリレー,女子,160～199歳,179,2:29.78,,3,,3,中辻澄美,,セ・天王洲,38.89,,,,,,,,,2:05.08,1:54.99,1:48.44,2/7
92,77,2024,10,26,長水路,チーム,3,4×50mフリーリレー,女子,160～199歳,179,2:29.78,,4,,3,四井美穂,,セ・天王洲,33.09,,,,,,,,,2:05.08,1:54.99,1:48.44,2/7
93,77,2024,10,26,長水路,チーム,3,4×50mフリーリレー,女子,160～199歳,165,2:38.82,,1,,4,福田ユリヤ,,セ・南青山,42.48,,,,,,,,,2:05.08,1:54.99,1:48.44,3/10
94,77,2024,10,26,長水路,チーム,3,4×50mフリーリレー,女子,160～199歳,165,2:38.82,,2,,4,山崎美南子,,セ・南青山,48.28,,,,,,,,,2:05.08,1:54.99,1:48.44,3/10
95,77,2024,10,26,長水路,チーム,3,4×50mフリーリレー,女子,160～199歳,165,2:38.82,,3,,4,皆川すみれ,,セ・南青山,34.26,,,,,,,,,2:05.08,1:54.99,1:48.44,3/10
96,77,2024,10,26,長水路,チーム,3,4×50mフリーリレー,女子,160～199歳,165,2:38.82,,4,,4,二宮若葉,,セ・南青山,33.80,,,,,,,,,2:05.08,1:54.99,1:48.44,3/10
97,77,2024,10,26,長水路,チーム,3,4×50mフリーリレー,女子,160～199歳,176,2:43.32,,1,,5,岡澤志織,,セ・茂原,30.72,,,,,,,,,2:05.08,1:54.99,1:48.44,2/6
98,77,2024,10,26,長水路,チーム,3,4×50mフリーリレー,女子,160～199歳,176,2:43.32,,2,,5,宮川ひとみ,,セ・茂原,45.38,,,,,,,,,2:05.08,1:54.99,1:48.44,2/6
99,77,2024,10,26,長水路,チーム,3,4×50mフリーリレー,女子,160～199歳,176,2:43.32,,3,,5,齋藤準子,,セ・茂原,51.59,,,,,,,,,2:05.08,1:54.99,1:48.44,2/6
100,77,2024,10,26,長水路,チーム,3,4×50mフリーリレー,女子,160～199歳,176,2:43.32,,4,,5,岡澤美咲,,セ・茂原,35.63,,,,,,,,,2:05.08,1:54.99,1:48.44,2/6
101,77,2024,10,26,長水路,チーム,3,4×50mフリーリレー,女子,120～159歳,152,2:17.20,,1,,1,中村可奈子,,セ・おおたか,34.01,,,,,,,,,2:00.42,1:50.35,1:49.03,3/3
102,77,2024,10,26,長水路,チーム,3,4×50mフリーリレー,女子,120～159歳,152,2:17.20,,2,,1,高橋未沙,,セ・おおたか,37.45,,,,,,,,,2:00.42,1:50.35,1:49.03,3/3
103,77,2024,10,26,長水路,チーム,3,4×50mフリーリレー,女子,120～159歳,152,2:17.20,,3,,1,柳有美子,,セ・おおたか,34.10,,,,,,,,,2:00.42,1:50.35,1:49.03,3/3
104,77,2024,10,26,長水路,チーム,3,4×50mフリーリレー,女子,120～159歳,152,2:17.20,,4,,1,嶋田菜々子,,セ・おおたか,31.64,,,,,,,,,2:00.42,1:50.35,1:49.03,3/3
105,77,2024,10,26,長水路,チーム,3,4×50mフリーリレー,女子,120～159歳,155,2:19.94,,1,,2,藤本淑恵,,セ・平塚,36.15,,,,,,,,,2:00.42,1:50.35,1:49.03,3/1
106,77,2024,10,26,長水路,チーム,3,4×50mフリーリレー,女子,120～159歳,155,2:19.94,,2,,2,西田真樹,,セ・平塚,38.44,,,,,,,,,2:00.42,1:50.35,1:49.03,3/1
107,77,2024,10,26,長水路,チーム,3,4×50mフリーリレー,女子,120～159歳,155,2:19.94,,3,,2,木田景子,,セ・平塚,31.20,,,,,,,,,2:00.42,1:50.35,1:49.03,3/1
108,77,2024,10,26,長水路,チーム,3,4×50mフリーリレー,女子,120～159歳,155,2:19.94,,4,,2,足立知実,,セ・平塚,34.15,,,,,,,,,2:00.42,1:50.35,1:49.03,3/1
109,77,2024,10,26,長水路,チーム,3,4×50mフリーリレー,女子,72～119歳,111,2:04.63,,1,,1,広瀬幸音,,セ・成城,31.55,,,,,,,,,1:57.97,1:49.78,1:50.28,3/6
110,77,2024,10,26,長水路,チーム,3,4×50mフリーリレー,女子,72～119歳,111,2:04.63,,2,,1,宮田さくら,,セ・成城,31.55,,,,,,,,,1:57.97,1:49.78,1:50.28,3/6
111,77,2024,10,26,長水路,チーム,3,4×50mフリーリレー,女子,72～119歳,111,2:04.63,,3,,1,仲田笑美,,セ・成城,30.03,,,,,,,,,1:57.97,1:49.78,1:50.28,3/6
112,77,2024,10,26,長水路,チーム,3,4×50mフリーリレー,女子,72～119歳,111,2:04.63,,4,,1,中畑眸,,セ・成城,31.50,,,,,,,,,1:57.97,1:49.78,1:50.28,3/6
113,77,2024,10,26,長水路,チーム,3,4×50mフリーリレー,女子,72～119歳,100,2:06.77,,1,,2,表侑寿,,セ・二俣川,30.54,,,,,,,,,1:57.97,1:49.78,1:50.28,3/5
114,77,2024,10,26,長水路,チーム,3,4×50mフリーリレー,女子,72～119歳,100,2:06.77,,2,,2,松本彩花,,セ・二俣川,33.97,,,,,,,,,1:57.97,1:49.78,1:50.28,3/5
115,77,2024,10,26,長水路,チーム,3,4×50mフリーリレー,女子,72～119歳,100,2:06.77,,3,,2,深堀陽子,,セ・二俣川,32.54,,,,,,,,,1:57.97,1:49.78,1:50.28,3/5
116,77,2024,10,26,長水路,チーム,3,4×50mフリーリレー,女子,72～119歳,100,2:06.77,,4,,2,竹下菜々美,,セ・二俣川,29.72,,,,,,,,,1:57.97,1:49.78,1:50.28,3/5
117,77,2024,10,26,長水路,チーム,4,4×50mフリーリレー,男子,280～319歳,296,2:28.92,,1,,1,若宮強,,セ・成城,35.22,,,,,,,,,2:18.54,2:28.92,2:28.92,1/7
118,77,2024,10,26,長水路,チーム,4,4×50mフリーリレー,男子,280～319歳,296,2:28.92,,2,,1,木津誠,,セ・成城,34.83,,,,,,,,,2:18.54,2:28.92,2:28.92,1/7
119,77,2024,10,26,長水路,チーム,4,4×50mフリーリレー,男子,280～319歳,296,2:28.92,,3,,1,吉田亮,,セ・成城,37.29,,,,,,,,,2:18.54,2:28.92,2:28.92,1/7
120,77,2024,10,26,長水路,チーム,4,4×50mフリーリレー,男子,280～319歳,296,2:28.92,,4,,1,松下達一,,セ・成城,41.58,,,,,,,,,2:18.54,2:28.92,2:28.92,1/7
121,77,2024,10,26,長水路,チーム,4,4×50mフリーリレー,男子,240～279歳,241,1:53.10,,1,,1,平田貴幸,,セ・前橋,28.77,,,,,,,,TRUE,1:53.59,1:52.37,1:42.40,3/5
122,77,2024,10,26,長水路,チーム,4,4×50mフリーリレー,男子,240～279歳,241,1:53.10,,2,,1,荒川秀明,,セ・前橋,27.63,,,,,,,,TRUE,1:53.59,1:52.37,1:42.40,3/5
123,77,2024,10,26,長水路,チーム,4,4×50mフリーリレー,男子,240～279歳,241,1:53.10,,3,,1,滋野文夫,,セ・前橋,30.05,,,,,,,,TRUE,1:53.59,1:52.37,1:42.40,3/5
124,77,2024,10,26,長水路,チーム,4,4×50mフリーリレー,男子,240～279歳,241,1:53.10,,4,,1,金子惠一,,セ・前橋,26.65,,,,,,,,TRUE,1:53.59,1:52.37,1:42.40,3/5
125,77,2024,10,26,長水路,チーム,4,4×50mフリーリレー,男子,240～279歳,240,2:08.11,,1,,2,富松実,,セ・二俣川,32.18,,,,,,,,,1:53.59,1:52.37,1:42.40,2/6
126,77,2024,10,26,長水路,チーム,4,4×50mフリーリレー,男子,240～279歳,240,2:08.11,,2,,2,香川左近,,セ・二俣川,38.17,,,,,,,,,1:53.59,1:52.37,1:42.40,2/6
127,77,2024,10,26,長水路,チーム,4,4×50mフリーリレー,男子,240～279歳,240,2:08.11,,3,,2,長崎啓,,セ・二俣川,28.31,,,,,,,,,1:53.59,1:52.37,1:42.40,2/6
128,77,2024,10,26,長水路,チーム,4,4×50mフリーリレー,男子,240～279歳,240,2:08.11,,4,,2,石上智啓,,セ・二俣川,29.45,,,,,,,,,1:53.59,1:52.37,1:42.40,2/6
129,77,2024,10,26,長水路,チーム,4,4×50mフリーリレー,男子,240～279歳,250,2:15.47,,1,,3,神尾尚人,,セ・市ヶ尾,32.84,,,,,,,,,1:53.59,1:52.37,1:42.40,2/7
130,77,2024,10,26,長水路,チーム,4,4×50mフリーリレー,男子,240～279歳,250,2:15.47,,2,,3,大滝恭伸,,セ・市ヶ尾,33.83,,,,,,,,,1:53.59,1:52.37,1:42.40,2/7
131,77,2024,10,26,長水路,チーム,4,4×50mフリーリレー,男子,240～279歳,250,2:15.47,,3,,3,茂木和哉,,セ・市ヶ尾,35.93,,,,,,,,,1:53.59,1:52.37,1:42.40,2/7
132,77,2024,10,26,長水路,チーム,4,4×50mフリーリレー,男子,240～279歳,250,2:15.47,,4,,3,塚越有宏,,セ・市ヶ尾,32.87,,,,,,,,,1:53.59,1:52.37,1:42.40,2/7
133,77,2024,10,26,長水路,チーム,4,4×50mフリーリレー,男子,240～279歳,244,2:19.45,,1,,4,金子謙一,,セ・長津田,33.08,,,,,,,,,1:53.59,1:52.37,1:42.40,1/5
134,77,2024,10,26,長水路,チーム,4,4×50mフリーリレー,男子,240～279歳,244,2:19.45,,2,,4,西森文吏郎,,セ・長津田,37.32,,,,,,,,,1:53.59,1:52.37,1:42.40,1/5
135,77,2024,10,26,長水路,チーム,4,4×50mフリーリレー,男子,240～279歳,244,2:19.45,,3,,4,飯沼明,,セ・長津田,39.21,,,,,,,,,1:53.59,1:52.37,1:42.40,1/5
136,77,2024,10,26,長水路,チーム,4,4×50mフリーリレー,男子,240～279歳,244,2:19.45,,4,,4,西野宮冬木,,セ・長津田,29.84,,,,,,,,,1:53.59,1:52.37,1:42.40,1/5
137,77,2024,10,26,長水路,チーム,4,4×50mフリーリレー,男子,240～279歳,255,2:49.40,,1,,5,橋本亘,,セ・おおたか,39.59,,,,,,,,,1:53.59,1:52.37,1:42.40,1/2
138,77,2024,10,26,長水路,チーム,4,4×50mフリーリレー,男子,240～279歳,255,2:49.40,,2,,5,松永勝,,セ・おおたか,47.21,,,,,,,,,1:53.59,1:52.37,1:42.40,1/2
139,77,2024,10,26,長水路,チーム,4,4×50mフリーリレー,男子,240～279歳,255,2:49.40,,3,,5,山田義明,,セ・おおたか,36.04,,,,,,,,,1:53.59,1:52.37,1:42.40,1/2
140,77,2024,10,26,長水路,チーム,4,4×50mフリーリレー,男子,240～279歳,255,2:49.40,,4,,5,手塚満,,セ・おおたか,46.56,,,,,,,,,1:53.59,1:52.37,1:42.40,1/2
141,77,2024,10,26,長水路,チーム,4,4×50mフリーリレー,男子,200～239歳,208,1:52.73,,1,,1,池田正輝,,セ・市ヶ尾,25.91,,,,,,,,,1:46.48,1:43.25,1:38.24,3/3
142,77,2024,10,26,長水路,チーム,4,4×50mフリーリレー,男子,200～239歳,208,1:52.73,,2,,1,菊池千二,,セ・市ヶ尾,28.95,,,,,,,,,1:46.48,1:43.25,1:38.24,3/3
143,77,2024,10,26,長水路,チーム,4,4×50mフリーリレー,男子,200～239歳,208,1:52.73,,3,,1,新井良育,,セ・市ヶ尾,30.61,,,,,,,,,1:46.48,1:43.25,1:38.24,3/3
144,77,2024,10,26,長水路,チーム,4,4×50mフリーリレー,男子,200～239歳,208,1:52.73,,4,,1,図師拓千,,セ・市ヶ尾,27.26,,,,,,,,,1:46.48,1:43.25,1:38.24,3/3
145,77,2024,10,26,長水路,チーム,4,4×50mフリーリレー,男子,200～239歳,208,1:54.60,,1,,2,藤本豊和,,セ・長津田,29.09,,,,,,,,,1:46.48,1:43.25,1:38.24,3/8
146,77,2024,10,26,長水路,チーム,4,4×50mフリーリレー,男子,200～239歳,208,1:54.60,,2,,2,矢部裕之,,セ・長津田,29.16,,,,,,,,,1:46.48,1:43.25,1:38.24,3/8
147,77,2024,10,26,長水路,チーム,4,4×50mフリーリレー,男子,200～239歳,208,1:54.60,,3,,2,岡村勝重,,セ・長津田,28.80,,,,,,,,,1:46.48,1:43.25,1:38.24,3/8
148,77,2024,10,26,長水路,チーム,4,4×50mフリーリレー,男子,200～239歳,208,1:54.60,,4,,2,花井一也,,セ・長津田,27.55,,,,,,,,,1:46.48,1:43.25,1:38.24,3/8
149,77,2024,10,26,長水路,チーム,4,4×50mフリーリレー,男子,200～239歳,221,2:01.59,,1,,3,原田真,,セ・葛西,31.73,,,,,,,,,1:46.48,1:43.25,1:38.24,2/5
150,77,2024,10,26,長水路,チーム,4,4×50mフリーリレー,男子,200～239歳,221,2:01.59,,2,,3,小林健,,セ・葛西,29.30,,,,,,,,,1:46.48,1:43.25,1:38.24,2/5
151,77,2024,10,26,長水路,チーム,4,4×50mフリーリレー,男子,200～239歳,221,2:01.59,,3,,3,弭間政隆,,セ・葛西,29.66,,,,,,,,,1:46.48,1:43.25,1:38.24,2/5
152,77,2024,10,26,長水路,チーム,4,4×50mフリーリレー,男子,200～239歳,221,2:01.59,,4,,3,宮木幸彦,,セ・葛西,30.90,,,,,,,,,1:46.48,1:43.25,1:38.24,2/5
153,77,2024,10,26,長水路,チーム,4,4×50mフリーリレー,男子,200～239歳,202,2:02.52,,1,,4,堀川広祐,,セ・二俣川,30.81,,,,,,,,,1:46.48,1:43.25,1:38.24,3/9
154,77,2024,10,26,長水路,チーム,4,4×50mフリーリレー,男子,200～239歳,202,2:02.52,,2,,4,下家成人,,セ・二俣川,30.73,,,,,,,,,1:46.48,1:43.25,1:38.24,3/9
155,77,2024,10,26,長水路,チーム,4,4×50mフリーリレー,男子,200～239歳,202,2:02.52,,3,,4,草野剛史,,セ・二俣川,33.24,,,,,,,,,1:46.48,1:43.25,1:38.24,3/9
156,77,2024,10,26,長水路,チーム,4,4×50mフリーリレー,男子,200～239歳,202,2:02.52,,4,,4,永瀬知之,,セ・二俣川,27.74,,,,,,,,,1:46.48,1:43.25,1:38.24,3/9
157,77,2024,10,26,長水路,チーム,4,4×50mフリーリレー,男子,200～239歳,213,2:02.76,,1,,5,山賀勝之,,セ・南青山,31.44,,,,,,,,,1:46.48,1:43.25,1:38.24,2/2
158,77,2024,10,26,長水路,チーム,4,4×50mフリーリレー,男子,200～239歳,213,2:02.76,,2,,5,沼田真清,,セ・南青山,31.55,,,,,,,,,1:46.48,1:43.25,1:38.24,2/2
159,77,2024,10,26,長水路,チーム,4,4×50mフリーリレー,男子,200～239歳,213,2:02.76,,3,,5,横浜健,,セ・南青山,33.95,,,,,,,,,1:46.48,1:43.25,1:38.24,2/2
160,77,2024,10,26,長水路,チーム,4,4×50mフリーリレー,男子,200～239歳,213,2:02.76,,4,,5,松尾勇太,,セ・南青山,25.82,,,,,,,,,1:46.48,1:43.25,1:38.24,2/2
161,77,2024,10,26,長水路,チーム,4,4×50mフリーリレー,男子,200～239歳,218,2:07.17,,1,,6,松崎敏明,,セ・慶應日吉,29.38,,,,,,,,,1:46.48,1:43.25,1:38.24,3/10
162,77,2024,10,26,長水路,チーム,4,4×50mフリーリレー,男子,200～239歳,218,2:07.17,,2,,6,森明法,,セ・慶應日吉,32.82,,,,,,,,,1:46.48,1:43.25,1:38.24,3/10
163,77,2024,10,26,長水路,チーム,4,4×50mフリーリレー,男子,200～239歳,218,2:07.17,,3,,6,久保田裕一,,セ・慶應日吉,36.05,,,,,,,,,1:46.48,1:43.25,1:38.24,3/10
164,77,2024,10,26,長水路,チーム,4,4×50mフリーリレー,男子,200～239歳,218,2:07.17,,4,,6,河野悟,,セ・慶應日吉,28.92,,,,,,,,,1:46.48,1:43.25,1:38.24,3/10
165,77,2024,10,26,長水路,チーム,4,4×50mフリーリレー,男子,200～239歳,215,2:11.77,,1,,7,北川貴義,,セ・阿佐谷,28.03,,,,,,,,,1:46.48,1:43.25,1:38.24,2/8
166,77,2024,10,26,長水路,チーム,4,4×50mフリーリレー,男子,200～239歳,215,2:11.77,,2,,7,折居彰,,セ・阿佐谷,39.55,,,,,,,,,1:46.48,1:43.25,1:38.24,2/8
167,77,2024,10,26,長水路,チーム,4,4×50mフリーリレー,男子,200～239歳,215,2:11.77,,3,,7,大川明徳,,セ・阿佐谷,34.84,,,,,,,,,1:46.48,1:43.25,1:38.24,2/8
168,77,2024,10,26,長水路,チーム,4,4×50mフリーリレー,男子,200～239歳,215,2:11.77,,4,,7,若杉佳宏,,セ・阿佐谷,29.35,,,,,,,,,1:46.48,1:43.25,1:38.24,2/8
169,77,2024,10,26,長水路,チーム,4,4×50mフリーリレー,男子,200～239歳,210,2:14.61,,1,,8,千葉忠英,,セ・天王洲,32.73,,,,,,,,,1:46.48,1:43.25,1:38.24,1/6
170,77,2024,10,26,長水路,チーム,4,4×50mフリーリレー,男子,200～239歳,210,2:14.61,,2,,8,宅間健介,,セ・天王洲,30.52,,,,,,,,,1:46.48,1:43.25,1:38.24,1/6
171,77,2024,10,26,長水路,チーム,4,4×50mフリーリレー,男子,200～239歳,210,2:14.61,,3,,8,佐藤流生,,セ・天王洲,41.26,,,,,,,,,1:46.48,1:43.25,1:38.24,1/6
172,77,2024,10,26,長水路,チーム,4,4×50mフリーリレー,男子,200～239歳,210,2:14.61,,4,,8,久保卓士,,セ・天王洲,30.10,,,,,,,,,1:46.48,1:43.25,1:38.24,1/6
173,77,2024,10,26,長水路,チーム,4,4×50mフリーリレー,男子,200～239歳,207,2:15.54,,1,,9,穴田啓樹,,セ・慶應日吉,32.99,,,,,,,,,1:46.48,1:43.25,1:38.24,2/9
174,77,2024,10,26,長水路,チーム,4,4×50mフリーリレー,男子,200～239歳,207,2:15.54,,2,,9,田中遼太,,セ・慶應日吉,33.88,,,,,,,,,1:46.48,1:43.25,1:38.24,2/9
175,77,2024,10,26,長水路,チーム,4,4×50mフリーリレー,男子,200～239歳,207,2:15.54,,3,,9,門倉孝行,,セ・慶應日吉,30.63,,,,,,,,,1:46.48,1:43.25,1:38.24,2/9
176,77,2024,10,26,長水路,チーム,4,4×50mフリーリレー,男子,200～239歳,207,2:15.54,,4,,9,大塚秀幸,,セ・慶應日吉,38.04,,,,,,,,,1:46.48,1:43.25,1:38.24,2/9
177,77,2024,10,26,長水路,チーム,4,4×50mフリーリレー,男子,200～239歳,230,2:21.33,,1,,10,田辺直行,,セ・武蔵小杉,33.58,,,,,,,,,1:46.48,1:43.25,1:38.24,3/2
178,77,2024,10,26,長水路,チーム,4,4×50mフリーリレー,男子,200～239歳,230,2:21.33,,2,,10,近江信之,,セ・武蔵小杉,34.70,,,,,,,,,1:46.48,1:43.25,1:38.24,3/2
179,77,2024,10,26,長水路,チーム,4,4×50mフリーリレー,男子,200～239歳,230,2:21.33,,3,,10,小池輝明,,セ・武蔵小杉,35.44,,,,,,,,,1:46.48,1:43.25,1:38.24,3/2
180,77,2024,10,26,長水路,チーム,4,4×50mフリーリレー,男子,200～239歳,230,2:21.33,,4,,10,佐野裕之,,セ・武蔵小杉,37.61,,,,,,,,,1:46.48,1:43.25,1:38.24,3/2
181,77,2024,10,26,長水路,チーム,4,4×50mフリーリレー,男子,200～239歳,218,2:22.08,,1,,11,近藤正之,,セ・上池袋,33.81,,,,,,,,,1:46.48,1:43.25,1:38.24,1/4
182,77,2024,10,26,長水路,チーム,4,4×50mフリーリレー,男子,200～239歳,218,2:22.08,,2,,11,岡部浩次,,セ・上池袋,39.99,,,,,,,,,1:46.48,1:43.25,1:38.24,1/4
183,77,2024,10,26,長水路,チーム,4,4×50mフリーリレー,男子,200～239歳,218,2:22.08,,3,,11,阿部宏之助,,セ・上池袋,38.15,,,,,,,,,1:46.48,1:43.25,1:38.24,1/4
184,77,2024,10,26,長水路,チーム,4,4×50mフリーリレー,男子,200～239歳,218,2:22.08,,4,,11,大野淳哉,,セ・上池袋,30.13,,,,,,,,,1:46.48,1:43.25,1:38.24,1/4
185,77,2024,10,26,長水路,チーム,4,4×50mフリーリレー,男子,200～239歳,239,2:51.69,,1,,12,松井哲郎,,セ・大森,32.56,,,,,,,,,1:46.48,1:43.25,1:38.24,1/3
186,77,2024,10,26,長水路,チーム,4,4×50mフリーリレー,男子,200～239歳,239,2:51.69,,2,,12,御手洗康美,,セ・大森,46.27,,,,,,,,,1:46.48,1:43.25,1:38.24,1/3
187,77,2024,10,26,長水路,チーム,4,4×50mフリーリレー,男子,200～239歳,239,2:51.69,,3,,12,渡邉聖,,セ・大森,40.70,,,,,,,,,1:46.48,1:43.25,1:38.24,1/3
188,77,2024,10,26,長水路,チーム,4,4×50mフリーリレー,男子,200～239歳,239,2:51.69,,4,,12,具島春彦,,セ・大森,52.16,,,,,,,,,1:46.48,1:43.25,1:38.24,1/3
189,77,2024,10,26,長水路,チーム,4,4×50mフリーリレー,男子,160～199歳,163,1:49.44,,1,,1,前田崇行,,セ・二俣川,28.52,,,,,,,,,1:41.69,1:36.77,1:34.92,4/7
190,77,2024,10,26,長水路,チーム,4,4×50mフリーリレー,男子,160～199歳,163,1:49.44,,2,,1,鶴谷学,,セ・二俣川,26.06,,,,,,,,,1:41.69,1:36.77,1:34.92,4/7
191,77,2024,10,26,長水路,チーム,4,4×50mフリーリレー,男子,160～199歳,163,1:49.44,,3,,1,木村知行,,セ・二俣川,28.14,,,,,,,,,1:41.69,1:36.77,1:34.92,4/7
192,77,2024,10,26,長水路,チーム,4,4×50mフリーリレー,男子,160～199歳,163,1:49.44,,4,,1,立石裕太郎,,セ・二俣川,26.72,,,,,,,,,1:41.69,1:36.77,1:34.92,4/7
193,77,2024,10,26,長水路,チーム,4,4×50mフリーリレー,男子,160～199歳,182,1:57.10,,1,,2,神部孝高,,セ・用賀,28.69,,,,,,,,,1:41.69,1:36.77,1:34.92,3/4
194,77,2024,10,26,長水路,チーム,4,4×50mフリーリレー,男子,160～199歳,182,1:57.10,,2,,2,柄澤英也,,セ・用賀,29.85,,,,,,,,,1:41.69,1:36.77,1:34.92,3/4
195,77,2024,10,26,長水路,チーム,4,4×50mフリーリレー,男子,160～199歳,182,1:57.10,,3,,2,飯田正敏,,セ・用賀,32.37,,,,,,,,,1:41.69,1:36.77,1:34.92,3/4
196,77,2024,10,26,長水路,チーム,4,4×50mフリーリレー,男子,160～199歳,182,1:57.10,,4,,2,室坂拓真,,セ・用賀,26.19,,,,,,,,,1:41.69,1:36.77,1:34.92,3/4
197,77,2024,10,26,長水路,チーム,4,4×50mフリーリレー,男子,160～199歳,162,2:01.42,,1,,3,村田雅治,,セ・長津田,27.04,,,,,,,,,1:41.69,1:36.77,1:34.92,3/1
198,77,2024,10,26,長水路,チーム,4,4×50mフリーリレー,男子,160～199歳,162,2:01.42,,2,,3,竹下翔,,セ・長津田,29.23,,,,,,,,,1:41.69,1:36.77,1:34.92,3/1
199,77,2024,10,26,長水路,チーム,4,4×50mフリーリレー,男子,160～199歳,162,2:01.42,,3,,3,池谷千尋,,セ・長津田,32.24,,,,,,,,,1:41.69,1:36.77,1:34.92,3/1
200,77,2024,10,26,長水路,チーム,4,4×50mフリーリレー,男子,160～199歳,162,2:01.42,,4,,3,祖川久茂,,セ・長津田,32.91,,,,,,,,,1:41.69,1:36.77,1:34.92,3/1
201,77,2024,10,26,長水路,チーム,4,4×50mフリーリレー,男子,160～199歳,190,2:04.71,,1,,4,三浦惇生,,セ・武蔵小杉,32.41,,,,,,,,,1:41.69,1:36.77,1:34.92,4/5
202,77,2024,10,26,長水路,チーム,4,4×50mフリーリレー,男子,160～199歳,190,2:04.71,,2,,4,山田大介,,セ・武蔵小杉,30.29,,,,,,,,,1:41.69,1:36.77,1:34.92,4/5
203,77,2024,10,26,長水路,チーム,4,4×50mフリーリレー,男子,160～199歳,190,2:04.71,,3,,4,藤井清和,,セ・武蔵小杉,30.85,,,,,,,,,1:41.69,1:36.77,1:34.92,4/5
204,77,2024,10,26,長水路,チーム,4,4×50mフリーリレー,男子,160～199歳,190,2:04.71,,4,,4,村上政行,,セ・武蔵小杉,31.16,,,,,,,,,1:41.69,1:36.77,1:34.92,4/5
205,77,2024,10,26,長水路,チーム,4,4×50mフリーリレー,男子,160～199歳,182,2:06.65,,1,,5,萩原裕大,,セ・清瀬,25.22,,,,,,,,,1:41.69,1:36.77,1:34.92,2/4
206,77,2024,10,26,長水路,チーム,4,4×50mフリーリレー,男子,160～199歳,182,2:06.65,,2,,5,松本考弘,,セ・清瀬,33.38,,,,,,,,,1:41.69,1:36.77,1:34.92,2/4
207,77,2024,10,26,長水路,チーム,4,4×50mフリーリレー,男子,160～199歳,182,2:06.65,,3,,5,大木義之,,セ・清瀬,36.62,,,,,,,,,1:41.69,1:36.77,1:34.92,2/4
208,77,2024,10,26,長水路,チーム,4,4×50mフリーリレー,男子,160～199歳,182,2:06.65,,4,,5,渡誠,,セ・清瀬,31.43,,,,,,,,,1:41.69,1:36.77,1:34.92,2/4
209,77,2024,10,26,長水路,チーム,4,4×50mフリーリレー,男子,120～159歳,133,1:48.76,,1,,1,川口皓生,,セ・柏,25.45,,,,,,,,,1:41.73,1:34.17,1:32.84,4/3
210,77,2024,10,26,長水路,チーム,4,4×50mフリーリレー,男子,120～159歳,133,1:48.76,,2,,1,廣川大起,,セ・柏,25.51,,,,,,,,,1:41.73,1:34.17,1:32.84,4/3
211,77,2024,10,26,長水路,チーム,4,4×50mフリーリレー,男子,120～159歳,133,1:48.76,,3,,1,長田裕史,,セ・柏,28.35,,,,,,,,,1:41.73,1:34.17,1:32.84,4/3
212,77,2024,10,26,長水路,チーム,4,4×50mフリーリレー,男子,120～159歳,133,1:48.76,,4,,1,磯貝知弘,,セ・柏,29.45,,,,,,,,,1:41.73,1:34.17,1:32.84,4/3
213,77,2024,10,26,長水路,チーム,4,4×50mフリーリレー,男子,120～159歳,153,1:50.25,,1,,2,権本恭平,,セ・阿佐谷,27.00,,,,,,,,,1:41.73,1:34.17,1:32.84,4/2
214,77,2024,10,26,長水路,チーム,4,4×50mフリーリレー,男子,120～159歳,153,1:50.25,,2,,2,和田亮,,セ・阿佐谷,29.06,,,,,,,,,1:41.73,1:34.17,1:32.84,4/2
215,77,2024,10,26,長水路,チーム,4,4×50mフリーリレー,男子,120～159歳,153,1:50.25,,3,,2,棚網宏之,,セ・阿佐谷,28.32,,,,,,,,,1:41.73,1:34.17,1:32.84,4/2
216,77,2024,10,26,長水路,チーム,4,4×50mフリーリレー,男子,120～159歳,153,1:50.25,,4,,2,和田弘太郎,,セ・阿佐谷,25.87,,,,,,,,,1:41.73,1:34.17,1:32.84,4/2
217,77,2024,10,26,長水路,チーム,4,4×50mフリーリレー,男子,120～159歳,134,1:51.66,,1,,3,小野健,,セ・天王洲,26.83,,,,,,,,,1:41.73,1:34.17,1:32.84,3/7
218,77,2024,10,26,長水路,チーム,4,4×50mフリーリレー,男子,120～159歳,134,1:51.66,,2,,3,加間英貴,,セ・天王洲,28.24,,,,,,,,,1:41.73,1:34.17,1:32.84,3/7
219,77,2024,10,26,長水路,チーム,4,4×50mフリーリレー,男子,120～159歳,134,1:51.66,,3,,3,倉持公一,,セ・天王洲,28.36,,,,,,,,,1:41.73,1:34.17,1:32.84,3/7
220,77,2024,10,26,長水路,チーム,4,4×50mフリーリレー,男子,120～159歳,134,1:51.66,,4,,3,寺田遼太,,セ・天王洲,28.23,,,,,,,,,1:41.73,1:34.17,1:32.84,3/7
221,77,2024,10,26,長水路,チーム,4,4×50mフリーリレー,男子,120～159歳,139,1:55.21,,1,,4,山浦信,,セ・成城,28.11,,,,,,,,,1:41.73,1:34.17,1:32.84,4/10
222,77,2024,10,26,長水路,チーム,4,4×50mフリーリレー,男子,120～159歳,139,1:55.21,,2,,4,梅林大貴,,セ・成城,27.85,,,,,,,,,1:41.73,1:34.17,1:32.84,4/10
223,77,2024,10,26,長水路,チーム,4,4×50mフリーリレー,男子,120～159歳,139,1:55.21,,3,,4,羽田浩一,,セ・成城,30.81,,,,,,,,,1:41.73,1:34.17,1:32.84,4/10
224,77,2024,10,26,長水路,チーム,4,4×50mフリーリレー,男子,120～159歳,139,1:55.21,,4,,4,村上守,,セ・成城,28.44,,,,,,,,,1:41.73,1:34.17,1:32.84,4/10
225,77,2024,10,26,長水路,チーム,4,4×50mフリーリレー,男子,72～119歳,93,1:41.08,,1,,1,和澤情,,セ・八王子,25.92,,,,,,,,,1:40.19,1:33.32,1:31.95,4/6
226,77,2024,10,26,長水路,チーム,4,4×50mフリーリレー,男子,72～119歳,93,1:41.08,,2,,1,韓準爀,,セ・八王子,24.09,,,,,,,,,1:40.19,1:33.32,1:31.95,4/6
227,77,2024,10,26,長水路,チーム,4,4×50mフリーリレー,男子,72～119歳,93,1:41.08,,3,,1,伊藤孝優,,セ・八王子,26.31,,,,,,,,,1:40.19,1:33.32,1:31.95,4/6
228,77,2024,10,26,長水路,チーム,4,4×50mフリーリレー,男子,72～119歳,93,1:41.08,,4,,1,木村隼人,,セ・八王子,24.76,,,,,,,,,1:40.19,1:33.32,1:31.95,4/6
229,77,2024,10,26,長水路,チーム,4,4×50mフリーリレー,男子,72～119歳,96,1:46.71,,1,,2,黒田大介,,セ・成城,27.43,,,,,,,,,1:40.19,1:33.32,1:31.95,4/9
230,77,2024,10,26,長水路,チーム,4,4×50mフリーリレー,男子,72～119歳,96,1:46.71,,2,,2,柿沼龍史,,セ・成城,27.30,,,,,,,,,1:40.19,1:33.32,1:31.95,4/9
231,77,2024,10,26,長水路,チーム,4,4×50mフリーリレー,男子,72～119歳,96,1:46.71,,3,,2,小林和矢,,セ・成城,26.12,,,,,,,,,1:40.19,1:33.32,1:31.95,4/9
232,77,2024,10,26,長水路,チーム,4,4×50mフリーリレー,男子,72～119歳,96,1:46.71,,4,,2,宮田遼太,,セ・成城,25.86,,,,,,,,,1:40.19,1:33.32,1:31.95,4/9
233,77,2024,10,26,長水路,チーム,4,4×50mフリーリレー,男子,72～119歳,115,1:46.85,,1,,3,前島悠也,,セ・葛西,26.63,,,,,,,,,1:40.19,1:33.32,1:31.95,4/4
234,77,2024,10,26,長水路,チーム,4,4×50mフリーリレー,男子,72～119歳,115,1:46.85,,2,,3,石井孟,,セ・葛西,26.55,,,,,,,,,1:40.19,1:33.32,1:31.95,4/4
235,77,2024,10,26,長水路,チーム,4,4×50mフリーリレー,男子,72～119歳,115,1:46.85,,3,,3,泉翔太,,セ・葛西,26.52,,,,,,,,,1:40.19,1:33.32,1:31.95,4/4
236,77,2024,10,26,長水路,チーム,4,4×50mフリーリレー,男子,72～119歳,115,1:46.85,,4,,3,加納聖士,,セ・葛西,27.15,,,,,,,,,1:40.19,1:33.32,1:31.95,4/4
237,77,2024,10,26,長水路,チーム,4,4×50mフリーリレー,男子,72～119歳,88,1:49.75,,1,,4,山﨑陸真,,セ・二俣川,30.29,,,,,,,,,1:40.19,1:33.32,1:31.95,4/8
238,77,2024,10,26,長水路,チーム,4,4×50mフリーリレー,男子,72～119歳,88,1:49.75,,2,,4,田中啓二朗,,セ・二俣川,26.82,,,,,,,,,1:40.19,1:33.32,1:31.95,4/8
239,77,2024,10,26,長水路,チーム,4,4×50mフリーリレー,男子,72～119歳,88,1:49.75,,3,,4,田中壮一郎,,セ・二俣川,26.31,,,,,,,,,1:40.19,1:33.32,1:31.95,4/8
240,77,2024,10,26,長水路,チーム,4,4×50mフリーリレー,男子,72～119歳,88,1:49.75,,4,,4,秋澤裕介,,セ・二俣川,26.33,,,,,,,,,1:40.19,1:33.32,1:31.95,4/8
241,77,2024,10,26,長水路,チーム,4,4×50mフリーリレー,男子,72～119歳,93,1:52.78,,1,,5,金子智哉,,セ・清瀬,27.35,,,,,,,,,1:40.19,1:33.32,1:31.95,3/6
242,77,2024,10,26,長水路,チーム,4,4×50mフリーリレー,男子,72～119歳,93,1:52.78,,2,,5,塚本拓也,,セ・清瀬,26.39,,,,,,,,,1:40.19,1:33.32,1:31.95,3/6
243,77,2024,10,26,長水路,チーム,4,4×50mフリーリレー,男子,72～119歳,93,1:52.78,,3,,5,松本海星,,セ・清瀬,31.54,,,,,,,,,1:40.19,1:33.32,1:31.95,3/6
244,77,2024,10,26,長水路,チーム,4,4×50mフリーリレー,男子,72～119歳,93,1:52.78,,4,,5,西沢歩,,セ・清瀬,27.50,,,,,,,,,1:40.19,1:33.32,1:31.95,3/6
245,77,2024,10,26,長水路,チーム,5,4×100mフリーリレー,女子,280～319歳,288,7:05.34,,1,,1,梅田栄己子,,セ・天王洲,50.00,,,,,,,,,6:20.23,5:38.49,5:26.29,1/8
246,77,2024,10,26,長水路,チーム,5,4×100mフリーリレー,女子,280～319歳,288,7:05.34,,2,,1,川島かよ子,,セ・天王洲,51.45,,,,,,,,,6:20.23,5:38.49,5:26.29,1/8
247,77,2024,10,26,長水路,チーム,5,4×100mフリーリレー,女子,280～319歳,288,7:05.34,,3,,1,後藤明美,,セ・天王洲,50.53,,,,,,,,,6:20.23,5:38.49,5:26.29,1/8
248,77,2024,10,26,長水路,チーム,5,4×100mフリーリレー,女子,280～319歳,288,7:05.34,,4,,1,浅野みどり,,セ・天王洲,44.88,,,,,,,,,6:20.23,5:38.49,5:26.29,1/8
249,77,2024,10,26,長水路,チーム,5,4×100mフリーリレー,女子,240～279歳,247,5:35.72,,1,,1,上野真弓,,セ・二俣川,40.82,,,,,,,,,5:25.14,4:56.33,4:36.74,2/2
250,77,2024,10,26,長水路,チーム,5,4×100mフリーリレー,女子,240～279歳,247,5:35.72,,2,,1,野島久枝,,セ・二俣川,40.70,,,,,,,,,5:25.14,4:56.33,4:36.74,2/2
251,77,2024,10,26,長水路,チーム,5,4×100mフリーリレー,女子,240～279歳,247,5:35.72,,3,,1,武井麻知子,,セ・二俣川,41.47,,,,,,,,,5:25.14,4:56.33,4:36.74,2/2
252,77,2024,10,26,長水路,チーム,5,4×100mフリーリレー,女子,240～279歳,247,5:35.72,,4,,1,永瀬秀子,,セ・二俣川,36.53,,,,,,,,,5:25.14,4:56.33,4:36.74,2/2
253,77,2024,10,26,長水路,チーム,5,4×100mフリーリレー,女子,240～279歳,243,5:36.26,,1,,2,高梨美樹,,セ・成城,40.93,,,,,,,,,5:25.14,4:56.33,4:36.74,1/5
254,77,2024,10,26,長水路,チーム,5,4×100mフリーリレー,女子,240～279歳,243,5:36.26,,2,,2,吉野治子,,セ・成城,41.36,,,,,,,,,5:25.14,4:56.33,4:36.74,1/5
255,77,2024,10,26,長水路,チーム,5,4×100mフリーリレー,女子,240～279歳,243,5:36.26,,3,,2,森直子,,セ・成城,38.76,,,,,,,,,5:25.14,4:56.33,4:36.74,1/5
256,77,2024,10,26,長水路,チーム,5,4×100mフリーリレー,女子,240～279歳,243,5:36.26,,4,,2,仲田久美子,,セ・成城,35.86,,,,,,,,,5:25.14,4:56.33,4:36.74,1/5
257,77,2024,10,26,長水路,チーム,5,4×100mフリーリレー,女子,240～279歳,250,6:19.70,,1,,3,杉本浩美,,セ・南千住,33.86,,,,,,,,,5:25.14,4:56.33,4:36.74,1/4
258,77,2024,10,26,長水路,チーム,5,4×100mフリーリレー,女子,240～279歳,250,6:19.70,,2,,3,石崎節代,,セ・南千住,47.42,,,,,,,,,5:25.14,4:56.33,4:36.74,1/4
259,77,2024,10,26,長水路,チーム,5,4×100mフリーリレー,女子,240～279歳,250,6:19.70,,3,,3,古宇田淳子,,セ・南千住,45.78,,,,,,,,,5:25.14,4:56.33,4:36.74,1/4
260,77,2024,10,26,長水路,チーム,5,4×100mフリーリレー,女子,240～279歳,250,6:19.70,,4,,3,下川喜美枝,,セ・南千住,52.19,,,,,,,,,5:25.14,4:56.33,4:36.74,1/4
261,77,2024,10,26,長水路,チーム,5,4×100mフリーリレー,女子,240～279歳,252,7:02.76,,1,,4,四井美穂,,セ・天王洲,42.43,,,,,,,,,5:25.14,4:56.33,4:36.74,1/2
262,77,2024,10,26,長水路,チーム,5,4×100mフリーリレー,女子,240～279歳,252,7:02.76,,2,,4,長谷川節子,,セ・天王洲,58.49,,,,,,,,,5:25.14,4:56.33,4:36.74,1/2
263,77,2024,10,26,長水路,チーム,5,4×100mフリーリレー,女子,240～279歳,252,7:02.76,,3,,4,鬼束洋子,,セ・天王洲,52.10,,,,,,,,,5:25.14,4:56.33,4:36.74,1/2
264,77,2024,10,26,長水路,チーム,5,4×100mフリーリレー,女子,240～279歳,252,7:02.76,,4,,4,櫻田琴,,セ・天王洲,50.52,,,,,,,,,5:25.14,4:56.33,4:36.74,1/2
265,77,2024,10,26,長水路,チーム,5,4×100mフリーリレー,女子,200～239歳,203,6:20.72,,1,,1,宮林佑妃,,セ・長津田,35.64,,,,,,,,,5:18.59,4:29.24,4:20.68,1/6
266,77,2024,10,26,長水路,チーム,5,4×100mフリーリレー,女子,200～239歳,203,6:20.72,,2,,1,小池淳子,,セ・長津田,42.45,,,,,,,,,5:18.59,4:29.24,4:20.68,1/6
267,77,2024,10,26,長水路,チーム,5,4×100mフリーリレー,女子,200～239歳,203,6:20.72,,3,,1,久保とし子,,セ・長津田,47.23,,,,,,,,,5:18.59,4:29.24,4:20.68,1/6
268,77,2024,10,26,長水路,チーム,5,4×100mフリーリレー,女子,200～239歳,203,6:20.72,,4,,1,久保美由紀,,セ・長津田,45.90,,,,,,,,,5:18.59,4:29.24,4:20.68,1/6
269,77,2024,10,26,長水路,チーム,5,4×100mフリーリレー,女子,200～239歳,213,6:36.31,,1,,2,小林名緒子,,セ・大森,44.94,,,,,,,,,5:18.59,4:29.24,4:20.68,1/7
270,77,2024,10,26,長水路,チーム,5,4×100mフリーリレー,女子,200～239歳,213,6:36.31,,2,,2,森信子,,セ・大森,47.73,,,,,,,,,5:18.59,4:29.24,4:20.68,1/7
271,77,2024,10,26,長水路,チーム,5,4×100mフリーリレー,女子,200～239歳,213,6:36.31,,3,,2,桐沢ひとみ,,セ・大森,51.28,,,,,,,,,5:18.59,4:29.24,4:20.68,1/7
272,77,2024,10,26,長水路,チーム,5,4×100mフリーリレー,女子,200～239歳,213,6:36.31,,4,,2,冨永結衣子,,セ・大森,41.41,,,,,,,,,5:18.59,4:29.24,4:20.68,1/7
273,77,2024,10,26,長水路,チーム,5,4×100mフリーリレー,女子,160～199歳,160,4:36.81,,1,,1,菊地美春,,セ・目黒,32.30,,,,,,,,TRUE,4:48.97,4:19.20,4:06.90,2/5
274,77,2024,10,26,長水路,チーム,5,4×100mフリーリレー,女子,160～199歳,160,4:36.81,,2,,1,池田智子,,セ・目黒,36.80,,,,,,,,TRUE,4:48.97,4:19.20,4:06.90,2/5
275,77,2024,10,26,長水路,チーム,5,4×100mフリーリレー,女子,160～199歳,160,4:36.81,,3,,1,舘野美香,,セ・目黒,31.38,,,,,,,,TRUE,4:48.97,4:19.20,4:06.90,2/5
276,77,2024,10,26,長水路,チーム,5,4×100mフリーリレー,女子,160～199歳,160,4:36.81,,4,,1,佐藤玖弥,,セ・目黒,31.02,,,,,,,,TRUE,4:48.97,4:19.20,4:06.90,2/5
277,77,2024,10,26,長水路,チーム,5,4×100mフリーリレー,女子,160～199歳,177,5:20.22,,1,,2,石原なおみ,,セ・阿佐谷,39.10,,,,,,,,,4:48.97,4:19.20,4:06.90,2/3
278,77,2024,10,26,長水路,チーム,5,4×100mフリーリレー,女子,160～199歳,177,5:20.22,,2,,2,棚網恵理,,セ・阿佐谷,39.74,,,,,,,,,4:48.97,4:19.20,4:06.90,2/3
279,77,2024,10,26,長水路,チーム,5,4×100mフリーリレー,女子,160～199歳,177,5:20.22,,3,,2,小野真佐子,,セ・阿佐谷,37.97,,,,,,,,,4:48.97,4:19.20,4:06.90,2/3
280,77,2024,10,26,長水路,チーム,5,4×100mフリーリレー,女子,160～199歳,177,5:20.22,,4,,2,今井恵子,,セ・阿佐谷,34.14,,,,,,,,,4:48.97,4:19.20,4:06.90,2/3
281,77,2024,10,26,長水路,チーム,5,4×100mフリーリレー,女子,160～199歳,192,5:33.78,,1,,3,草野茜,,セ・二俣川,39.15,,,,,,,,,4:48.97,4:19.20,4:06.90,2/8
282,77,2024,10,26,長水路,チーム,5,4×100mフリーリレー,女子,160～199歳,192,5:33.78,,2,,3,前田由希映,,セ・二俣川,41.44,,,,,,,,,4:48.97,4:19.20,4:06.90,2/8
283,77,2024,10,26,長水路,チーム,5,4×100mフリーリレー,女子,160～199歳,192,5:33.78,,3,,3,松川律子,,セ・二俣川,38.89,,,,,,,,,4:48.97,4:19.20,4:06.90,2/8
284,77,2024,10,26,長水路,チーム,5,4×100mフリーリレー,女子,160～199歳,192,5:33.78,,4,,3,吉池奈々,,セ・二俣川,38.45,,,,,,,,,4:48.97,4:19.20,4:06.90,2/8
285,77,2024,10,26,長水路,チーム,5,4×100mフリーリレー,女子,160～199歳,178,6:25.53,,1,,4,中辻澄美,,セ・天王洲,48.49,,,,,,,,,4:48.97,4:19.20,4:06.90,1/3
286,77,2024,10,26,長水路,チーム,5,4×100mフリーリレー,女子,160～199歳,178,6:25.53,,2,,4,井島孝子,,セ・天王洲,47.76,,,,,,,,,4:48.97,4:19.20,4:06.90,1/3
287,77,2024,10,26,長水路,チーム,5,4×100mフリーリレー,女子,160～199歳,178,6:25.53,,3,,4,森内裕子,,セ・天王洲,48.45,,,,,,,,,4:48.97,4:19.20,4:06.90,1/3
288,77,2024,10,26,長水路,チーム,5,4×100mフリーリレー,女子,160～199歳,178,6:25.53,,4,,4,萩原ゆりか,,セ・天王洲,39.89,,,,,,,,,4:48.97,4:19.20,4:06.90,1/3
289,77,2024,10,26,長水路,チーム,5,4×100mフリーリレー,女子,120～159歳,137,4:47.22,,1,,1,中畑眸,,セ・成城,34.14,,,,,,,,,4:35.52,4:07.62,4:04.10,2/6
290,77,2024,10,26,長水路,チーム,5,4×100mフリーリレー,女子,120～159歳,137,4:47.22,,2,,1,仲田笑美,,セ・成城,31.68,,,,,,,,,4:35.52,4:07.62,4:04.10,2/6
291,77,2024,10,26,長水路,チーム,5,4×100mフリーリレー,女子,120～159歳,137,4:47.22,,3,,1,宮田さくら,,セ・成城,33.14,,,,,,,,,4:35.52,4:07.62,4:04.10,2/6
292,77,2024,10,26,長水路,チーム,5,4×100mフリーリレー,女子,120～159歳,137,4:47.22,,4,,1,佐々木彩,,セ・成城,33.73,,,,,,,,,4:35.52,4:07.62,4:04.10,2/6
293,77,2024,10,26,長水路,チーム,5,4×100mフリーリレー,女子,120～159歳,140,4:47.49,,1,,2,吉村華奈,,セ・長津田,32.16,,,,,,,,,4:35.52,4:07.62,4:04.10,2/7
294,77,2024,10,26,長水路,チーム,5,4×100mフリーリレー,女子,120～159歳,140,4:47.49,,2,,2,長崎千怜,,セ・長津田,32.44,,,,,,,,,4:35.52,4:07.62,4:04.10,2/7
295,77,2024,10,26,長水路,チーム,5,4×100mフリーリレー,女子,120～159歳,140,4:47.49,,3,,2,久保かおり,,セ・長津田,38.36,,,,,,,,,4:35.52,4:07.62,4:04.10,2/7
296,77,2024,10,26,長水路,チーム,5,4×100mフリーリレー,女子,120～159歳,140,4:47.49,,4,,2,川北恵,,セ・長津田,31.91,,,,,,,,,4:35.52,4:07.62,4:04.10,2/7
297,77,2024,10,26,長水路,チーム,5,4×100mフリーリレー,女子,72～119歳,100,4:44.81,,1,,1,竹下菜々美,,セ・二俣川,31.27,,,,,,,,,4:29.70,4:00.96,4:00.96,2/4
298,77,2024,10,26,長水路,チーム,5,4×100mフリーリレー,女子,72～119歳,100,4:44.81,,2,,1,松本彩花,,セ・二俣川,36.50,,,,,,,,,4:29.70,4:00.96,4:00.96,2/4
299,77,2024,10,26,長水路,チーム,5,4×100mフリーリレー,女子,72～119歳,100,4:44.81,,3,,1,深堀陽子,,セ・二俣川,35.60,,,,,,,,,4:29.70,4:00.96,4:00.96,2/4
300,77,2024,10,26,長水路,チーム,5,4×100mフリーリレー,女子,72～119歳,100,4:44.81,,4,,1,表侑寿,,セ・二俣川,31.34,,,,,,,,,4:29.70,4:00.96,4:00.96,2/4
301,77,2024,10,26,長水路,チーム,6,4×100mフリーリレー,男子,200～239歳,204,4:26.88,,1,,1,阿部憲一,,セ・大宮宮原,31.12,,,,,,,,,4:07.60,3:50.69,3:46.05,1/6
302,77,2024,10,26,長水路,チーム,6,4×100mフリーリレー,男子,200～239歳,204,4:26.88,,2,,1,宮川則仁,,セ・大宮宮原,34.29,,,,,,,,,4:07.60,3:50.69,3:46.05,1/6
303,77,2024,10,26,長水路,チーム,6,4×100mフリーリレー,男子,200～239歳,204,4:26.88,,3,,1,清田真人,,セ・大宮宮原,32.31,,,,,,,,,4:07.60,3:50.69,3:46.05,1/6
304,77,2024,10,26,長水路,チーム,6,4×100mフリーリレー,男子,200～239歳,204,4:26.88,,4,,1,川瀬健次,,セ・大宮宮原,28.66,,,,,,,,,4:07.60,3:50.69,3:46.05,1/6
305,77,2024,10,26,長水路,チーム,6,4×100mフリーリレー,男子,200～239歳,205,4:45.70,,1,,2,堀川広祐,,セ・二俣川,33.77,,,,,,,,,4:07.60,3:50.69,3:46.05,1/7
306,77,2024,10,26,長水路,チーム,6,4×100mフリーリレー,男子,200～239歳,205,4:45.70,,2,,2,下家成人,,セ・二俣川,33.18,,,,,,,,,4:07.60,3:50.69,3:46.05,1/7
307,77,2024,10,26,長水路,チーム,6,4×100mフリーリレー,男子,200～239歳,205,4:45.70,,3,,2,草野剛史,,セ・二俣川,37.28,,,,,,,,,4:07.60,3:50.69,3:46.05,1/7
308,77,2024,10,26,長水路,チーム,6,4×100mフリーリレー,男子,200～239歳,205,4:45.70,,4,,2,石上智啓,,セ・二俣川,31.56,,,,,,,,,4:07.60,3:50.69,3:46.05,1/7
309,77,2024,10,26,長水路,チーム,6,4×100mフリーリレー,男子,200～239歳,211,5:09.72,,1,,3,宅間健介,,セ・天王洲,32.49,,,,,,,,,4:07.60,3:50.69,3:46.05,1/3
310,77,2024,10,26,長水路,チーム,6,4×100mフリーリレー,男子,200～239歳,211,5:09.72,,2,,3,千葉忠英,,セ・天王洲,38.56,,,,,,,,,4:07.60,3:50.69,3:46.05,1/3
311,77,2024,10,26,長水路,チーム,6,4×100mフリーリレー,男子,200～239歳,211,5:09.72,,3,,3,日暮正明,,セ・天王洲,37.88,,,,,,,,,4:07.60,3:50.69,3:46.05,1/3
312,77,2024,10,26,長水路,チーム,6,4×100mフリーリレー,男子,200～239歳,211,5:09.72,,4,,3,久保卓士,,セ・天王洲,35.81,,,,,,,,,4:07.60,3:50.69,3:46.05,1/3
313,77,2024,10,26,長水路,チーム,6,4×100mフリーリレー,男子,200～239歳,234,5:12.71,,1,,4,大川明徳,,セ・阿佐谷,37.41,,,,,,,,,4:07.60,3:50.69,3:46.05,1/2
314,77,2024,10,26,長水路,チーム,6,4×100mフリーリレー,男子,200～239歳,234,5:12.71,,2,,4,若杉佳宏,,セ・阿佐谷,32.10,,,,,,,,,4:07.60,3:50.69,3:46.05,1/2
315,77,2024,10,26,長水路,チーム,6,4×100mフリーリレー,男子,200～239歳,234,5:12.71,,3,,4,吉村進,,セ・阿佐谷,41.74,,,,,,,,,4:07.60,3:50.69,3:46.05,1/2
316,77,2024,10,26,長水路,チーム,6,4×100mフリーリレー,男子,200～239歳,234,5:12.71,,4,,4,久保田勝己,,セ・阿佐谷,36.13,,,,,,,,,4:07.60,3:50.69,3:46.05,1/2
317,77,2024,10,26,長水路,チーム,6,4×100mフリーリレー,男子,200～239歳,222,5:32.59,,1,,5,神戸優悠希,,セ・茂原,26.93,,,,,,,,,4:07.60,3:50.69,3:46.05,1/8
318,77,2024,10,26,長水路,チーム,6,4×100mフリーリレー,男子,200～239歳,222,5:32.59,,2,,5,菅沼憲司郎,,セ・茂原,39.35,,,,,,,,,4:07.60,3:50.69,3:46.05,1/8
319,77,2024,10,26,長水路,チーム,6,4×100mフリーリレー,男子,200～239歳,222,5:32.59,,3,,5,丸喜章,,セ・茂原,44.56,,,,,,,,,4:07.60,3:50.69,3:46.05,1/8
320,77,2024,10,26,長水路,チーム,6,4×100mフリーリレー,男子,200～239歳,222,5:32.59,,4,,5,山本和巳,,セ・茂原,41.88,,,,,,,,,4:07.60,3:50.69,3:46.05,1/8
321,77,2024,10,26,長水路,チーム,6,4×100mフリーリレー,男子,160～199歳,166,3:49.44,,1,,1,前田崇行,,セ・二俣川,27.52,,,,,,,,TRUE,3:52.78,3:39.77,3:38.60,2/6
322,77,2024,10,26,長水路,チーム,6,4×100mフリーリレー,男子,160～199歳,166,3:49.44,,2,,1,永瀬知之,,セ・二俣川,28.34,,,,,,,,TRUE,3:52.78,3:39.77,3:38.60,2/6
323,77,2024,10,26,長水路,チーム,6,4×100mフリーリレー,男子,160～199歳,166,3:49.44,,3,,1,鶴谷学,,セ・二俣川,26.51,,,,,,,,TRUE,3:52.78,3:39.77,3:38.60,2/6
324,77,2024,10,26,長水路,チーム,6,4×100mフリーリレー,男子,160～199歳,166,3:49.44,,4,,1,立石裕太郎,,セ・二俣川,26.95,,,,,,,,TRUE,3:52.78,3:39.77,3:38.60,2/6
325,77,2024,10,26,長水路,チーム,6,4×100mフリーリレー,男子,160～199歳,174,4:15.94,,1,,2,石井龍,,セ・成城,30.48,,,,,,,,,3:52.78,3:39.77,3:38.60,2/2
326,77,2024,10,26,長水路,チーム,6,4×100mフリーリレー,男子,160～199歳,174,4:15.94,,2,,2,羽田浩一,,セ・成城,32.42,,,,,,,,,3:52.78,3:39.77,3:38.60,2/2
327,77,2024,10,26,長水路,チーム,6,4×100mフリーリレー,男子,160～199歳,174,4:15.94,,3,,2,村上守,,セ・成城,29.92,,,,,,,,,3:52.78,3:39.77,3:38.60,2/2
328,77,2024,10,26,長水路,チーム,6,4×100mフリーリレー,男子,160～199歳,174,4:15.94,,4,,2,中西剛,,セ・成城,28.01,,,,,,,,,3:52.78,3:39.77,3:38.60,2/2
329,77,2024,10,26,長水路,チーム,6,4×100mフリーリレー,男子,160～199歳,168,4:53.13,,1,,3,中原志門,,セ・大森,28.74,,,,,,,,,3:52.78,3:39.77,3:38.60,1/4
330,77,2024,10,26,長水路,チーム,6,4×100mフリーリレー,男子,160～199歳,168,4:53.13,,2,,3,宇佐美学,,セ・大森,37.81,,,,,,,,,3:52.78,3:39.77,3:38.60,1/4
331,77,2024,10,26,長水路,チーム,6,4×100mフリーリレー,男子,160～199歳,168,4:53.13,,3,,3,松井哲郎,,セ・大森,36.72,,,,,,,,,3:52.78,3:39.77,3:38.60,1/4
332,77,2024,10,26,長水路,チーム,6,4×100mフリーリレー,男子,160～199歳,168,4:53.13,,4,,3,浅田康朗,,セ・大森,33.39,,,,,,,,,3:52.78,3:39.77,3:38.60,1/4
333,77,2024,10,26,長水路,チーム,6,4×100mフリーリレー,男子,120～159歳,136,3:54.98,,1,,1,高木祥一,,セ・武蔵小杉,27.64,,,,,,,,,3:39.10,3:32.50,3:28.93,2/5
334,77,2024,10,26,長水路,チーム,6,4×100mフリーリレー,男子,120～159歳,136,3:54.98,,2,,1,松澤朋樹,,セ・武蔵小杉,27.19,,,,,,,,,3:39.10,3:32.50,3:28.93,2/5
335,77,2024,10,26,長水路,チーム,6,4×100mフリーリレー,男子,120～159歳,136,3:54.98,,3,,1,奥平竜司,,セ・武蔵小杉,27.94,,,,,,,,,3:39.10,3:32.50,3:28.93,2/5
336,77,2024,10,26,長水路,チーム,6,4×100mフリーリレー,男子,120～159歳,136,3:54.98,,4,,1,高津周平,,セ・武蔵小杉,28.73,,,,,,,,,3:39.10,3:32.50,3:28.93,2/5
337,77,2024,10,26,長水路,チーム,6,4×100mフリーリレー,男子,120～159歳,153,4:04.57,,1,,2,和田弘太郎,,セ・阿佐谷,27.16,,,,,,,,,3:39.10,3:32.50,3:28.93,2/7
338,77,2024,10,26,長水路,チーム,6,4×100mフリーリレー,男子,120～159歳,153,4:04.57,,2,,2,棚網宏之,,セ・阿佐谷,29.99,,,,,,,,,3:39.10,3:32.50,3:28.93,2/7
339,77,2024,10,26,長水路,チーム,6,4×100mフリーリレー,男子,120～159歳,153,4:04.57,,3,,2,和田亮,,セ・阿佐谷,31.36,,,,,,,,,3:39.10,3:32.50,3:28.93,2/7
340,77,2024,10,26,長水路,チーム,6,4×100mフリーリレー,男子,120～159歳,153,4:04.57,,4,,2,権本恭平,,セ・阿佐谷,27.69,,,,,,,,,3:39.10,3:32.50,3:28.93,2/7
341,77,2024,10,26,長水路,チーム,6,4×100mフリーリレー,男子,120～159歳,128,4:05.13,,1,,3,日吉将輝,,セ・大宮宮原,29.39,,,,,,,,,3:39.10,3:32.50,3:28.93,2/3
342,77,2024,10,26,長水路,チーム,6,4×100mフリーリレー,男子,120～159歳,128,4:05.13,,2,,3,山本英男,,セ・大宮宮原,33.06,,,,,,,,,3:39.10,3:32.50,3:28.93,2/3
343,77,2024,10,26,長水路,チーム,6,4×100mフリーリレー,男子,120～159歳,128,4:05.13,,3,,3,岡内昭伍,,セ・大宮宮原,28.03,,,,,,,,,3:39.10,3:32.50,3:28.93,2/3
344,77,2024,10,26,長水路,チーム,6,4×100mフリーリレー,男子,120～159歳,128,4:05.13,,4,,3,石井建幹,,セ・大宮宮原,26.89,,,,,,,,,3:39.10,3:32.50,3:28.93,2/3
345,77,2024,10,26,長水路,チーム,6,4×100mフリーリレー,男子,120～159歳,134,4:20.49,,1,,4,小野健,,セ・天王洲,28.05,,,,,,,,,3:39.10,3:32.50,3:28.93,1/5
346,77,2024,10,26,長水路,チーム,6,4×100mフリーリレー,男子,120～159歳,134,4:20.49,,2,,4,寺田遼太,,セ・天王洲,30.52,,,,,,,,,3:39.10,3:32.50,3:28.93,1/5
347,77,2024,10,26,長水路,チーム,6,4×100mフリーリレー,男子,120～159歳,134,4:20.49,,3,,4,倉持公一,,セ・天王洲,30.25,,,,,,,,,3:39.10,3:32.50,3:28.93,1/5
348,77,2024,10,26,長水路,チーム,6,4×100mフリーリレー,男子,120～159歳,134,4:20.49,,4,,4,加間英貴,,セ・天王洲,32.24,,,,,,,,,3:39.10,3:32.50,3:28.93,1/5
349,77,2024,10,26,長水路,チーム,6,4×100mフリーリレー,男子,72～119歳,89,4:05.30,,1,,1,鈴木央雅,,セ・清瀬,26.80,,,,,,,,,3:44.19,3:30.77,3:30.77,2/8
350,77,2024,10,26,長水路,チーム,6,4×100mフリーリレー,男子,72～119歳,89,4:05.30,,2,,1,西沢歩,,セ・清瀬,30.08,,,,,,,,,3:44.19,3:30.77,3:30.77,2/8
351,77,2024,10,26,長水路,チーム,6,4×100mフリーリレー,男子,72～119歳,89,4:05.30,,3,,1,金子智哉,,セ・清瀬,28.23,,,,,,,,,3:44.19,3:30.77,3:30.77,2/8
352,77,2024,10,26,長水路,チーム,6,4×100mフリーリレー,男子,72～119歳,89,4:05.30,,4,,1,萩原裕大,,セ・清瀬,27.56,,,,,,,,,3:44.19,3:30.77,3:30.77,2/8
353,77,2024,10,26,長水路,チーム,6,4×100mフリーリレー,男子,72～119歳,96,4:05.88,,1,,2,山﨑陸真,,セ・二俣川,28.22,,,,,,,,,3:44.19,3:30.77,3:30.77,2/4
354,77,2024,10,26,長水路,チーム,6,4×100mフリーリレー,男子,72～119歳,96,4:05.88,,2,,2,田中啓二朗,,セ・二俣川,28.04,,,,,,,,,3:44.19,3:30.77,3:30.77,2/4
355,77,2024,10,26,長水路,チーム,6,4×100mフリーリレー,男子,72～119歳,96,4:05.88,,3,,2,杉山大亜,,セ・二俣川,30.30,,,,,,,,,3:44.19,3:30.77,3:30.77,2/4
356,77,2024,10,26,長水路,チーム,6,4×100mフリーリレー,男子,72～119歳,96,4:05.88,,4,,2,秋澤裕介,,セ・二俣川,28.29,,,,,,,,,3:44.19,3:30.77,3:30.77,2/4
357,77,2024,10,26,長水路,チーム,11,4×50mメドレーリレー,女子,280～319歳,286,3:04.43,,1,,1,松村恵子,,セ・葛西,50.23,,,,,,,,TRUE,3:12.99,2:43.32,2:34.78,1/4
358,77,2024,10,26,長水路,チーム,11,4×50mメドレーリレー,女子,280～319歳,286,3:04.43,,2,,1,菅野泰子,,セ・葛西,48.37,,,,,,,,TRUE,3:12.99,2:43.32,2:34.78,1/4
359,77,2024,10,26,長水路,チーム,11,4×50mメドレーリレー,女子,280～319歳,286,3:04.43,,3,,1,大山恵子,,セ・葛西,43.83,,,,,,,,TRUE,3:12.99,2:43.32,2:34.78,1/4
360,77,2024,10,26,長水路,チーム,11,4×50mメドレーリレー,女子,280～319歳,286,3:04.43,,4,,1,青砥美智子,,セ・葛西,42.00,,,,,,,,TRUE,3:12.99,2:43.32,2:34.78,1/4
361,77,2024,10,26,長水路,チーム,11,4×50mメドレーリレー,女子,280～319歳,285,3:28.96,,1,,2,大塚裕子,,セ・成城,1:01.05,,,,,,,,,3:12.99,2:43.32,2:34.78,1/3
362,77,2024,10,26,長水路,チーム,11,4×50mメドレーリレー,女子,280～319歳,285,3:28.96,,2,,2,栗林眞知子,,セ・成城,54.88,,,,,,,,,3:12.99,2:43.32,2:34.78,1/3
363,77,2024,10,26,長水路,チーム,11,4×50mメドレーリレー,女子,280～319歳,285,3:28.96,,3,,2,草森理子,,セ・成城,53.29,,,,,,,,,3:12.99,2:43.32,2:34.78,1/3
364,77,2024,10,26,長水路,チーム,11,4×50mメドレーリレー,女子,280～319歳,285,3:28.96,,4,,2,伊藤ゆかり,,セ・成城,39.74,,,,,,,,,3:12.99,2:43.32,2:34.78,1/3
365,77,2024,10,26,長水路,チーム,11,4×50mメドレーリレー,女子,280～319歳,297,3:59.60,,1,,3,吉田三枝子,,墨田区体育館,58.54,,,,,,,,,3:12.99,2:43.32,2:34.78,1/8
366,77,2024,10,26,長水路,チーム,11,4×50mメドレーリレー,女子,280～319歳,297,3:59.60,,2,,3,末光とき子,,墨田区体育館,1:06.18,,,,,,,,,3:12.99,2:43.32,2:34.78,1/8
367,77,2024,10,26,長水路,チーム,11,4×50mメドレーリレー,女子,280～319歳,297,3:59.60,,3,,3,青木洋子,,墨田区体育館,1:11.57,,,,,,,,,3:12.99,2:43.32,2:34.78,1/8
368,77,2024,10,26,長水路,チーム,11,4×50mメドレーリレー,女子,280～319歳,297,3:59.60,,4,,3,見崎幸子,,墨田区体育館,43.31,,,,,,,,,3:12.99,2:43.32,2:34.78,1/8
369,77,2024,10,26,長水路,チーム,11,4×50mメドレーリレー,女子,280～319歳,305,3:59.69,,1,,4,池淵玲子,,セ・慶應日吉,1:02.67,,,,,,,,,3:12.99,2:43.32,2:34.78,1/2
370,77,2024,10,26,長水路,チーム,11,4×50mメドレーリレー,女子,280～319歳,305,3:59.69,,2,,4,岡本靖子,,セ・慶應日吉,1:02.12,,,,,,,,,3:12.99,2:43.32,2:34.78,1/2
371,77,2024,10,26,長水路,チーム,11,4×50mメドレーリレー,女子,280～319歳,305,3:59.69,,3,,4,竹原君枝,,セ・慶應日吉,1:02.02,,,,,,,,,3:12.99,2:43.32,2:34.78,1/2
372,77,2024,10,26,長水路,チーム,11,4×50mメドレーリレー,女子,280～319歳,305,3:59.69,,4,,4,田野倉和子,,セ・慶應日吉,52.88,,,,,,,,,3:12.99,2:43.32,2:34.78,1/2
373,77,2024,10,26,長水路,チーム,11,4×50mメドレーリレー,女子,240～279歳,248,2:46.43,,1,,1,茂櫛典子,,セ・成城,46.64,,,,,,,,,2:34.86,2:25.60,2:19.90,2/7
374,77,2024,10,26,長水路,チーム,11,4×50mメドレーリレー,女子,240～279歳,248,2:46.43,,2,,1,高梨美樹,,セ・成城,48.11,,,,,,,,,2:34.86,2:25.60,2:19.90,2/7
375,77,2024,10,26,長水路,チーム,11,4×50mメドレーリレー,女子,240～279歳,248,2:46.43,,3,,1,仲田久美子,,セ・成城,36.06,,,,,,,,,2:34.86,2:25.60,2:19.90,2/7
376,77,2024,10,26,長水路,チーム,11,4×50mメドレーリレー,女子,240～279歳,248,2:46.43,,4,,1,高柳祐子,,セ・成城,35.62,,,,,,,,,2:34.86,2:25.60,2:19.90,2/7
377,77,2024,10,26,長水路,チーム,11,4×50mメドレーリレー,女子,240～279歳,245,2:49.28,,1,,2,上野真弓,,セ・二俣川,44.58,,,,,,,,,2:34.86,2:25.60,2:19.90,2/3
378,77,2024,10,26,長水路,チーム,11,4×50mメドレーリレー,女子,240～279歳,245,2:49.28,,2,,2,野島久枝,,セ・二俣川,45.92,,,,,,,,,2:34.86,2:25.60,2:19.90,2/3
379,77,2024,10,26,長水路,チーム,11,4×50mメドレーリレー,女子,240～279歳,245,2:49.28,,3,,2,武井麻知子,,セ・二俣川,38.55,,,,,,,,,2:34.86,2:25.60,2:19.90,2/3
380,77,2024,10,26,長水路,チーム,11,4×50mメドレーリレー,女子,240～279歳,245,2:49.28,,4,,2,盛田真規子,,セ・二俣川,40.23,,,,,,,,,2:34.86,2:25.60,2:19.90,2/3
381,77,2024,10,26,長水路,チーム,11,4×50mメドレーリレー,女子,240～279歳,252,3:07.96,,1,,3,中平信子,,セ・成瀬,52.01,,,,,,,,,2:34.86,2:25.60,2:19.90,2/2
382,77,2024,10,26,長水路,チーム,11,4×50mメドレーリレー,女子,240～279歳,252,3:07.96,,2,,3,米澤美智子,,セ・成瀬,48.58,,,,,,,,,2:34.86,2:25.60,2:19.90,2/2
383,77,2024,10,26,長水路,チーム,11,4×50mメドレーリレー,女子,240～279歳,252,3:07.96,,3,,3,青山里香,,セ・成瀬,42.02,,,,,,,,,2:34.86,2:25.60,2:19.90,2/2
384,77,2024,10,26,長水路,チーム,11,4×50mメドレーリレー,女子,240～279歳,252,3:07.96,,4,,3,久松葉子,,セ・成瀬,45.35,,,,,,,,,2:34.86,2:25.60,2:19.90,2/2
385,77,2024,10,26,長水路,チーム,11,4×50mメドレーリレー,女子,240～279歳,258,3:17.29,,1,,4,松田聡美,,セ・成城,48.12,,,,,,,,,2:34.86,2:25.60,2:19.90,2/9
386,77,2024,10,26,長水路,チーム,11,4×50mメドレーリレー,女子,240～279歳,258,3:17.29,,2,,4,田代眞理子,,セ・成城,49.63,,,,,,,,,2:34.86,2:25.60,2:19.90,2/9
387,77,2024,10,26,長水路,チーム,11,4×50mメドレーリレー,女子,240～279歳,258,3:17.29,,3,,4,廣瀬伸子,,セ・成城,54.66,,,,,,,,,2:34.86,2:25.60,2:19.90,2/9
388,77,2024,10,26,長水路,チーム,11,4×50mメドレーリレー,女子,240～279歳,258,3:17.29,,4,,4,柳沢智子,,セ・成城,44.88,,,,,,,,,2:34.86,2:25.60,2:19.90,2/9
389,77,2024,10,26,長水路,チーム,11,4×50mメドレーリレー,女子,200～239歳,200,2:34.60,,1,,1,高橋麻子,,セ・市ヶ尾,43.45,,,,,,,,,2:20.02,2:13.47,2:08.87,3/3
390,77,2024,10,26,長水路,チーム,11,4×50mメドレーリレー,女子,200～239歳,200,2:34.60,,2,,1,小山知子,,セ・市ヶ尾,42.93,,,,,,,,,2:20.02,2:13.47,2:08.87,3/3
391,77,2024,10,26,長水路,チーム,11,4×50mメドレーリレー,女子,200～239歳,200,2:34.60,,3,,1,池田百合子,,セ・市ヶ尾,31.19,,,,,,,,,2:20.02,2:13.47,2:08.87,3/3
392,77,2024,10,26,長水路,チーム,11,4×50mメドレーリレー,女子,200～239歳,200,2:34.60,,4,,1,白須靖子,,セ・市ヶ尾,37.03,,,,,,,,,2:20.02,2:13.47,2:08.87,3/3
393,77,2024,10,26,長水路,チーム,11,4×50mメドレーリレー,女子,200～239歳,204,2:38.87,,1,,2,石田良子,,セ・越谷,45.42,,,,,,,,,2:20.02,2:13.47,2:08.87,2/4
394,77,2024,10,26,長水路,チーム,11,4×50mメドレーリレー,女子,200～239歳,204,2:38.87,,2,,2,磯村由紀子,,セ・越谷,44.70,,,,,,,,,2:20.02,2:13.47,2:08.87,2/4
395,77,2024,10,26,長水路,チーム,11,4×50mメドレーリレー,女子,200～239歳,204,2:38.87,,3,,2,遠藤桃,,セ・越谷,33.07,,,,,,,,,2:20.02,2:13.47,2:08.87,2/4
396,77,2024,10,26,長水路,チーム,11,4×50mメドレーリレー,女子,200～239歳,204,2:38.87,,4,,2,細沼悦子,,セ・越谷,35.68,,,,,,,,,2:20.02,2:13.47,2:08.87,2/4
397,77,2024,10,26,長水路,チーム,11,4×50mメドレーリレー,女子,200～239歳,200,2:47.35,,1,,3,草野茜,,セ・二俣川,43.16,,,,,,,,,2:20.02,2:13.47,2:08.87,2/5
398,77,2024,10,26,長水路,チーム,11,4×50mメドレーリレー,女子,200～239歳,200,2:47.35,,2,,3,永瀬秀子,,セ・二俣川,44.84,,,,,,,,,2:20.02,2:13.47,2:08.87,2/5
399,77,2024,10,26,長水路,チーム,11,4×50mメドレーリレー,女子,200～239歳,200,2:47.35,,3,,3,吉池奈々,,セ・二俣川,43.34,,,,,,,,,2:20.02,2:13.47,2:08.87,2/5
400,77,2024,10,26,長水路,チーム,11,4×50mメドレーリレー,女子,200～239歳,200,2:47.35,,4,,3,前田由希映,,セ・二俣川,36.01,,,,,,,,,2:20.02,2:13.47,2:08.87,2/5
401,77,2024,10,26,長水路,チーム,11,4×50mメドレーリレー,女子,200～239歳,216,2:47.92,,1,,4,及川薫,,セ・松戸,44.88,,,,,,,,,2:20.02,2:13.47,2:08.87,2/6
402,77,2024,10,26,長水路,チーム,11,4×50mメドレーリレー,女子,200～239歳,216,2:47.92,,2,,4,八尋加苗,,セ・松戸,48.39,,,,,,,,,2:20.02,2:13.47,2:08.87,2/6
403,77,2024,10,26,長水路,チーム,11,4×50mメドレーリレー,女子,200～239歳,216,2:47.92,,3,,4,青木華世子,,セ・松戸,43.04,,,,,,,,,2:20.02,2:13.47,2:08.87,2/6
404,77,2024,10,26,長水路,チーム,11,4×50mメドレーリレー,女子,200～239歳,216,2:47.92,,4,,4,柳美希,,セ・松戸,31.61,,,,,,,,,2:20.02,2:13.47,2:08.87,2/6
405,77,2024,10,26,長水路,チーム,11,4×50mメドレーリレー,女子,200～239歳,205,2:54.27,,1,,5,中野朗子,,セ・慶應日吉,47.98,,,,,,,,,2:20.02,2:13.47,2:08.87,2/8
406,77,2024,10,26,長水路,チーム,11,4×50mメドレーリレー,女子,200～239歳,205,2:54.27,,2,,5,鈴木夏実,,セ・慶應日吉,56.64,,,,,,,,,2:20.02,2:13.47,2:08.87,2/8
407,77,2024,10,26,長水路,チーム,11,4×50mメドレーリレー,女子,200～239歳,205,2:54.27,,3,,5,宮本八重,,セ・慶應日吉,33.80,,,,,,,,,2:20.02,2:13.47,2:08.87,2/8
408,77,2024,10,26,長水路,チーム,11,4×50mメドレーリレー,女子,200～239歳,205,2:54.27,,4,,5,福本麻美,,セ・慶應日吉,35.85,,,,,,,,,2:20.02,2:13.47,2:08.87,2/8
409,77,2024,10,26,長水路,チーム,11,4×50mメドレーリレー,女子,200～239歳,239,3:02.43,,1,,6,小笠原曉子,,セ・清瀬,52.15,,,,,,,,,2:20.02,2:13.47,2:08.87,1/6
410,77,2024,10,26,長水路,チーム,11,4×50mメドレーリレー,女子,200～239歳,239,3:02.43,,2,,6,佐藤美絵子,,セ・清瀬,49.39,,,,,,,,,2:20.02,2:13.47,2:08.87,1/6
411,77,2024,10,26,長水路,チーム,11,4×50mメドレーリレー,女子,200～239歳,239,3:02.43,,3,,6,岡田眞弓,,セ・清瀬,44.19,,,,,,,,,2:20.02,2:13.47,2:08.87,1/6
412,77,2024,10,26,長水路,チーム,11,4×50mメドレーリレー,女子,200～239歳,239,3:02.43,,4,,6,大槻真由美,,セ・清瀬,36.70,,,,,,,,,2:20.02,2:13.47,2:08.87,1/6
413,77,2024,10,26,長水路,チーム,11,4×50mメドレーリレー,女子,200～239歳,227,3:03.02,,1,,7,小林のぞみ,,セ・越谷,45.61,,,,,,,,,2:20.02,2:13.47,2:08.87,1/5
414,77,2024,10,26,長水路,チーム,11,4×50mメドレーリレー,女子,200～239歳,227,3:03.02,,2,,7,太田初美,,セ・越谷,54.16,,,,,,,,,2:20.02,2:13.47,2:08.87,1/5
415,77,2024,10,26,長水路,チーム,11,4×50mメドレーリレー,女子,200～239歳,227,3:03.02,,3,,7,山田未紗子,,セ・越谷,38.77,,,,,,,,,2:20.02,2:13.47,2:08.87,1/5
416,77,2024,10,26,長水路,チーム,11,4×50mメドレーリレー,女子,200～239歳,227,3:03.02,,4,,7,米林清子,,セ・越谷,44.48,,,,,,,,,2:20.02,2:13.47,2:08.87,1/5
417,77,2024,10,26,長水路,チーム,11,4×50mメドレーリレー,女子,200～239歳,205,3:09.79,,1,,8,村岡貴子,,セ・桶川北本,55.08,,,,,,,,,2:20.02,2:13.47,2:08.87,1/7
418,77,2024,10,26,長水路,チーム,11,4×50mメドレーリレー,女子,200～239歳,205,3:09.79,,2,,8,加藤涼子,,セ・桶川北本,56.39,,,,,,,,,2:20.02,2:13.47,2:08.87,1/7
419,77,2024,10,26,長水路,チーム,11,4×50mメドレーリレー,女子,200～239歳,205,3:09.79,,3,,8,梅澤亮子,,セ・桶川北本,35.69,,,,,,,,,2:20.02,2:13.47,2:08.87,1/7
420,77,2024,10,26,長水路,チーム,11,4×50mメドレーリレー,女子,200～239歳,205,3:09.79,,4,,8,山本登美子,,セ・桶川北本,42.63,,,,,,,,,2:20.02,2:13.47,2:08.87,1/7
421,77,2024,10,26,長水路,チーム,11,4×50mメドレーリレー,女子,160～199歳,187,2:29.46,,1,,1,永田加那子,,セ・葛西,38.15,,,,,,,,,2:15.71,2:06.69,2:02.92,3/2
422,77,2024,10,26,長水路,チーム,11,4×50mメドレーリレー,女子,160～199歳,187,2:29.46,,2,,1,羽山恵津子,,セ・葛西,46.16,,,,,,,,,2:15.71,2:06.69,2:02.92,3/2
423,77,2024,10,26,長水路,チーム,11,4×50mメドレーリレー,女子,160～199歳,187,2:29.46,,3,,1,大椛詩織,,セ・葛西,33.07,,,,,,,,,2:15.71,2:06.69,2:02.92,3/2
424,77,2024,10,26,長水路,チーム,11,4×50mメドレーリレー,女子,160～199歳,187,2:29.46,,4,,1,原田佳子,,セ・葛西,32.08,,,,,,,,,2:15.71,2:06.69,2:02.92,3/2
425,77,2024,10,26,長水路,チーム,11,4×50mメドレーリレー,女子,160～199歳,199,2:34.98,,1,,2,浅尾有香,,セ・大森,36.86,,,,,,,,,2:15.71,2:06.69,2:02.92,3/10
426,77,2024,10,26,長水路,チーム,11,4×50mメドレーリレー,女子,160～199歳,199,2:34.98,,2,,2,大島江理子,,セ・大森,47.64,,,,,,,,,2:15.71,2:06.69,2:02.92,3/10
427,77,2024,10,26,長水路,チーム,11,4×50mメドレーリレー,女子,160～199歳,199,2:34.98,,3,,2,田中志歩,,セ・大森,32.61,,,,,,,,,2:15.71,2:06.69,2:02.92,3/10
428,77,2024,10,26,長水路,チーム,11,4×50mメドレーリレー,女子,160～199歳,199,2:34.98,,4,,2,立石由美子,,セ・大森,37.87,,,,,,,,,2:15.71,2:06.69,2:02.92,3/10
429,77,2024,10,26,長水路,チーム,11,4×50mメドレーリレー,女子,160～199歳,188,2:35.59,,1,,3,羽田文,,セ・成城,39.77,,,,,,,,,2:15.71,2:06.69,2:02.92,3/8
430,77,2024,10,26,長水路,チーム,11,4×50mメドレーリレー,女子,160～199歳,188,2:35.59,,2,,3,佐藤洋子,,セ・成城,44.91,,,,,,,,,2:15.71,2:06.69,2:02.92,3/8
431,77,2024,10,26,長水路,チーム,11,4×50mメドレーリレー,女子,160～199歳,188,2:35.59,,3,,3,佐々木彩,,セ・成城,36.03,,,,,,,,,2:15.71,2:06.69,2:02.92,3/8
432,77,2024,10,26,長水路,チーム,11,4×50mメドレーリレー,女子,160～199歳,188,2:35.59,,4,,3,岩田愛恵,,セ・成城,34.88,,,,,,,,,2:15.71,2:06.69,2:02.92,3/8
433,77,2024,10,26,長水路,チーム,11,4×50mメドレーリレー,女子,160～199歳,191,2:43.54,,1,,4,小野真佐子,,セ・阿佐谷,38.91,,,,,,,,,2:15.71,2:06.69,2:02.92,3/6
434,77,2024,10,26,長水路,チーム,11,4×50mメドレーリレー,女子,160～199歳,191,2:43.54,,2,,4,石原なおみ,,セ・阿佐谷,49.77,,,,,,,,,2:15.71,2:06.69,2:02.92,3/6
435,77,2024,10,26,長水路,チーム,11,4×50mメドレーリレー,女子,160～199歳,191,2:43.54,,3,,4,今井恵子,,セ・阿佐谷,36.85,,,,,,,,,2:15.71,2:06.69,2:02.92,3/6
436,77,2024,10,26,長水路,チーム,11,4×50mメドレーリレー,女子,160～199歳,191,2:43.54,,4,,4,野島正代,,セ・阿佐谷,38.01,,,,,,,,,2:15.71,2:06.69,2:02.92,3/6
437,77,2024,10,26,長水路,チーム,11,4×50mメドレーリレー,女子,120～159歳,140,2:23.34,,1,,1,川北恵,,セ・長津田,36.34,,,,,,,,,2:16.17,1:59.41,1:59.41,3/7
438,77,2024,10,26,長水路,チーム,11,4×50mメドレーリレー,女子,120～159歳,140,2:23.34,,2,,1,長崎千怜,,セ・長津田,39.06,,,,,,,,,2:16.17,1:59.41,1:59.41,3/7
439,77,2024,10,26,長水路,チーム,11,4×50mメドレーリレー,女子,120～159歳,140,2:23.34,,3,,1,吉村華奈,,セ・長津田,30.81,,,,,,,,,2:16.17,1:59.41,1:59.41,3/7
440,77,2024,10,26,長水路,チーム,11,4×50mメドレーリレー,女子,120～159歳,140,2:23.34,,4,,1,久保かおり,,セ・長津田,37.13,,,,,,,,,2:16.17,1:59.41,1:59.41,3/7
441,77,2024,10,26,長水路,チーム,11,4×50mメドレーリレー,女子,120～159歳,131,2:33.65,,1,,2,友田智哲,,セ・南青山,41.09,,,,,,,,,,,,3/1
442,77,2024,10,26,長水路,チーム,11,4×50mメドレーリレー,女子,120～159歳,131,2:33.65,,2,,2,竹山睦月,,セ・南青山,35.90,,,,,,,,,,,,3/1
443,77,2024,10,26,長水路,チーム,11,4×50mメドレーリレー,女子,120～159歳,131,2:33.65,,3,,2,皆川すみれ,,セ・南青山,36.05,,,,,,,,,,,,3/1
444,77,2024,10,26,長水路,チーム,11,4×50mメドレーリレー,女子,120～159歳,131,2:33.65,,4,,2,國政玲,,セ・南青山,40.61,,,,,,,,,,,,3/1
445,77,2024,10,26,長水路,チーム,11,4×50mメドレーリレー,女子,120～159歳,152,2:37.99,,1,,3,高橋未沙,,セ・おおたか,44.66,,,,,,,,,,,,3/9
446,77,2024,10,26,長水路,チーム,11,4×50mメドレーリレー,女子,120～159歳,152,2:37.99,,2,,3,中村可奈子,,セ・おおたか,43.01,,,,,,,,,,,,3/9
447,77,2024,10,26,長水路,チーム,11,4×50mメドレーリレー,女子,120～159歳,152,2:37.99,,3,,3,嶋田菜々子,,セ・おおたか,35.60,,,,,,,,,,,,3/9
448,77,2024,10,26,長水路,チーム,11,4×50mメドレーリレー,女子,120～159歳,152,2:37.99,,4,,3,柳有美子,,セ・おおたか,34.72,,,,,,,,,,,,3/9
449,77,2024,10,26,長水路,チーム,11,4×50mメドレーリレー,女子,72～119歳,100,2:23.05,,1,,1,竹下菜々美,,セ・二俣川,34.90,,,,,,,,,2:13.72,2:02.39,2:00.05,3/5
450,77,2024,10,26,長水路,チーム,11,4×50mメドレーリレー,女子,72～119歳,100,2:23.05,,2,,1,深堀陽子,,セ・二俣川,42.95,,,,,,,,,2:13.72,2:02.39,2:00.05,3/5
451,77,2024,10,26,長水路,チーム,11,4×50mメドレーリレー,女子,72～119歳,100,2:23.05,,3,,1,表侑寿,,セ・二俣川,31.92,,,,,,,,,2:13.72,2:02.39,2:00.05,3/5
452,77,2024,10,26,長水路,チーム,11,4×50mメドレーリレー,女子,72～119歳,100,2:23.05,,4,,1,松本彩花,,セ・二俣川,33.28,,,,,,,,,2:13.72,2:02.39,2:00.05,3/5
453,77,2024,10,26,長水路,チーム,11,4×50mメドレーリレー,女子,72～119歳,111,2:23.73,,1,,2,広瀬幸音,,セ・成城,35.97,,,,,,,,,2:13.72,2:02.39,2:00.05,3/4
454,77,2024,10,26,長水路,チーム,11,4×50mメドレーリレー,女子,72～119歳,111,2:23.73,,2,,2,仲田笑美,,セ・成城,41.50,,,,,,,,,2:13.72,2:02.39,2:00.05,3/4
455,77,2024,10,26,長水路,チーム,11,4×50mメドレーリレー,女子,72～119歳,111,2:23.73,,3,,2,中畑眸,,セ・成城,34.94,,,,,,,,,2:13.72,2:02.39,2:00.05,3/4
456,77,2024,10,26,長水路,チーム,11,4×50mメドレーリレー,女子,72～119歳,111,2:23.73,,4,,2,宮田さくら,,セ・成城,31.32,,,,,,,,,2:13.72,2:02.39,2:00.05,3/4
457,77,2024,10,26,長水路,チーム,12,4×50mメドレーリレー,男子,280～319歳,291,2:49.09,,1,,1,吉田亮,,セ・成城,44.28,,,,,,,,,2:35.20,2:17.91,2:07.03,1/7
458,77,2024,10,26,長水路,チーム,12,4×50mメドレーリレー,男子,280～319歳,291,2:49.09,,2,,1,中井岳郎,,セ・成城,47.47,,,,,,,,,2:35.20,2:17.91,2:07.03,1/7
459,77,2024,10,26,長水路,チーム,12,4×50mメドレーリレー,男子,280～319歳,291,2:49.09,,3,,1,木津誠,,セ・成城,40.68,,,,,,,,,2:35.20,2:17.91,2:07.03,1/7
460,77,2024,10,26,長水路,チーム,12,4×50mメドレーリレー,男子,280～319歳,291,2:49.09,,4,,1,若宮強,,セ・成城,36.66,,,,,,,,,2:35.20,2:17.91,2:07.03,1/7
461,77,2024,10,26,長水路,チーム,12,4×50mメドレーリレー,男子,280～319歳,285,3:01.89,,1,,2,伴野保志,,セ・阿佐谷,59.19,,,,,,,,,2:35.20,2:17.91,2:07.03,1/8
462,77,2024,10,26,長水路,チーム,12,4×50mメドレーリレー,男子,280～319歳,285,3:01.89,,2,,2,吉村進,,セ・阿佐谷,43.52,,,,,,,,,2:35.20,2:17.91,2:07.03,1/8
463,77,2024,10,26,長水路,チーム,12,4×50mメドレーリレー,男子,280～319歳,285,3:01.89,,3,,2,久保田勝己,,セ・阿佐谷,39.18,,,,,,,,,2:35.20,2:17.91,2:07.03,1/8
464,77,2024,10,26,長水路,チーム,12,4×50mメドレーリレー,男子,280～319歳,285,3:01.89,,4,,2,宇佐美栄二,,セ・阿佐谷,40.00,,,,,,,,,2:35.20,2:17.91,2:07.03,1/8
465,77,2024,10,26,長水路,チーム,12,4×50mメドレーリレー,男子,240～279歳,242,2:38.23,,1,,1,下家成人,,セ・二俣川,36.27,,,,,,,,,2:03.13,2:03.13,1:57.46,1/5
466,77,2024,10,26,長水路,チーム,12,4×50mメドレーリレー,男子,240～279歳,242,2:38.23,,2,,1,草野剛史,,セ・二俣川,43.53,,,,,,,,,2:03.13,2:03.13,1:57.46,1/5
467,77,2024,10,26,長水路,チーム,12,4×50mメドレーリレー,男子,240～279歳,242,2:38.23,,3,,1,香川左近,,セ・二俣川,44.24,,,,,,,,,2:03.13,2:03.13,1:57.46,1/5
468,77,2024,10,26,長水路,チーム,12,4×50mメドレーリレー,男子,240～279歳,242,2:38.23,,4,,1,若島健二,,セ・二俣川,34.19,,,,,,,,,2:03.13,2:03.13,1:57.46,1/5
469,77,2024,10,26,長水路,チーム,12,4×50mメドレーリレー,男子,240～279歳,252,2:46.90,,1,,2,西森文史郎,,セ・長津田,45.38,,,,,,,,,2:03.13,2:03.13,1:57.46,1/6
470,77,2024,10,26,長水路,チーム,12,4×50mメドレーリレー,男子,240～279歳,252,2:46.90,,2,,2,池谷千尋,,セ・長津田,40.17,,,,,,,,,2:03.13,2:03.13,1:57.46,1/6
471,77,2024,10,26,長水路,チーム,12,4×50mメドレーリレー,男子,240～279歳,252,2:46.90,,3,,2,飯沼明,,セ・長津田,48.11,,,,,,,,,2:03.13,2:03.13,1:57.46,1/6
472,77,2024,10,26,長水路,チーム,12,4×50mメドレーリレー,男子,240～279歳,252,2:46.90,,4,,2,金子謙一,,セ・長津田,33.24,,,,,,,,,2:03.13,2:03.13,1:57.46,1/6
473,77,2024,10,26,長水路,チーム,12,4×50mメドレーリレー,男子,240～279歳,253,2:50.66,,1,,3,宮木幸彦,,セ・葛西,39.23,,,,,,,,,2:03.13,2:03.13,1:57.46,1/3
474,77,2024,10,26,長水路,チーム,12,4×50mメドレーリレー,男子,240～279歳,253,2:50.66,,2,,3,赤坂吉昭,,セ・葛西,50.27,,,,,,,,,2:03.13,2:03.13,1:57.46,1/3
475,77,2024,10,26,長水路,チーム,12,4×50mメドレーリレー,男子,240～279歳,253,2:50.66,,3,,3,原田真,,セ・葛西,35.83,,,,,,,,,2:03.13,2:03.13,1:57.46,1/3
476,77,2024,10,26,長水路,チーム,12,4×50mメドレーリレー,男子,240～279歳,253,2:50.66,,4,,3,大内洋,,セ・葛西,45.33,,,,,,,,,2:03.13,2:03.13,1:57.46,1/3
477,77,2024,10,26,長水路,チーム,12,4×50mメドレーリレー,男子,240～279歳,251,2:54.85,,1,,4,佐々木栄一,,Ｇ－ＳＰＡ,41.88,,,,,,,,,2:03.13,2:03.13,1:57.46,1/2
478,77,2024,10,26,長水路,チーム,12,4×50mメドレーリレー,男子,240～279歳,251,2:54.85,,2,,4,若山聖亮,,Ｇ－ＳＰＡ,47.17,,,,,,,,,2:03.13,2:03.13,1:57.46,1/2
479,77,2024,10,26,長水路,チーム,12,4×50mメドレーリレー,男子,240～279歳,251,2:54.85,,3,,4,福田剛紀,,Ｇ－ＳＰＡ,44.64,,,,,,,,,2:03.13,2:03.13,1:57.46,1/2
480,77,2024,10,26,長水路,チーム,12,4×50mメドレーリレー,男子,240～279歳,251,2:54.85,,4,,4,中村雄一,,Ｇ－ＳＰＡ,41.16,,,,,,,,,2:03.13,2:03.13,1:57.46,1/2
481,77,2024,10,26,長水路,チーム,12,4×50mメドレーリレー,男子,200～239歳,200,2:02.39,,1,,1,田窪達,,セ・市ヶ尾,31.23,,,,,,,,,1:56.72,1:52.57,1:50.83,4/9
482,77,2024,10,26,長水路,チーム,12,4×50mメドレーリレー,男子,200～239歳,200,2:02.39,,2,,1,廣松伸一,,セ・市ヶ尾,37.69,,,,,,,,,1:56.72,1:52.57,1:50.83,4/9
483,77,2024,10,26,長水路,チーム,12,4×50mメドレーリレー,男子,200～239歳,200,2:02.39,,3,,1,池田正輝,,セ・市ヶ尾,26.67,,,,,,,,,1:56.72,1:52.57,1:50.83,4/9
484,77,2024,10,26,長水路,チーム,12,4×50mメドレーリレー,男子,200～239歳,200,2:02.39,,4,,1,木村考太,,セ・市ヶ尾,26.80,,,,,,,,,1:56.72,1:52.57,1:50.83,4/9
485,77,2024,10,26,長水路,チーム,12,4×50mメドレーリレー,男子,200～239歳,210,2:08.89,,1,,2,山田耕一,,セ・清瀬,35.08,,,,,,,,,1:56.72,1:52.57,1:50.83,3/6
486,77,2024,10,26,長水路,チーム,12,4×50mメドレーリレー,男子,200～239歳,210,2:08.89,,2,,2,小倉和彦,,セ・清瀬,34.70,,,,,,,,,1:56.72,1:52.57,1:50.83,3/6
487,77,2024,10,26,長水路,チーム,12,4×50mメドレーリレー,男子,200～239歳,210,2:08.89,,3,,2,小倉秀和,,セ・清瀬,31.75,,,,,,,,,1:56.72,1:52.57,1:50.83,3/6
488,77,2024,10,26,長水路,チーム,12,4×50mメドレーリレー,男子,200～239歳,210,2:08.89,,4,,2,大窪康治,,セ・清瀬,27.36,,,,,,,,,1:56.72,1:52.57,1:50.83,3/6
489,77,2024,10,26,長水路,チーム,12,4×50mメドレーリレー,男子,200～239歳,200,2:18.56,,1,,3,井口暢彦,,セ・成城,32.66,,,,,,,,,1:56.72,1:52.57,1:50.83,2/6
490,77,2024,10,26,長水路,チーム,12,4×50mメドレーリレー,男子,200～239歳,200,2:18.56,,2,,3,石井龍,,セ・成城,35.19,,,,,,,,,1:56.72,1:52.57,1:50.83,2/6
491,77,2024,10,26,長水路,チーム,12,4×50mメドレーリレー,男子,200～239歳,200,2:18.56,,3,,3,村上守,,セ・成城,31.27,,,,,,,,,1:56.72,1:52.57,1:50.83,2/6
492,77,2024,10,26,長水路,チーム,12,4×50mメドレーリレー,男子,200～239歳,200,2:18.56,,4,,3,浦田昌和,,セ・成城,39.44,,,,,,,,,1:56.72,1:52.57,1:50.83,2/6
493,77,2024,10,26,長水路,チーム,12,4×50mメドレーリレー,男子,200～239歳,200,2:20.23,,1,,4,長崎啓,,セ・二俣川,36.30,,,,,,,,,1:56.72,1:52.57,1:50.83,2/5
494,77,2024,10,26,長水路,チーム,12,4×50mメドレーリレー,男子,200～239歳,200,2:20.23,,2,,4,石上智啓,,セ・二俣川,37.88,,,,,,,,,1:56.72,1:52.57,1:50.83,2/5
495,77,2024,10,26,長水路,チーム,12,4×50mメドレーリレー,男子,200～239歳,200,2:20.23,,3,,4,堀川広祐,,セ・二俣川,31.44,,,,,,,,,1:56.72,1:52.57,1:50.83,2/5
496,77,2024,10,26,長水路,チーム,12,4×50mメドレーリレー,男子,200～239歳,200,2:20.23,,4,,4,宮本昌雄,,セ・二俣川,34.61,,,,,,,,,1:56.72,1:52.57,1:50.83,2/5
497,77,2024,10,26,長水路,チーム,12,4×50mメドレーリレー,男子,200～239歳,202,2:24.78,,1,,5,柄澤英也,,セ・用賀,36.28,,,,,,,,,1:56.72,1:52.57,1:50.83,2/4
498,77,2024,10,26,長水路,チーム,12,4×50mメドレーリレー,男子,200～239歳,202,2:24.78,,2,,5,佐藤正章,,セ・用賀,44.55,,,,,,,,,1:56.72,1:52.57,1:50.83,2/4
499,77,2024,10,26,長水路,チーム,12,4×50mメドレーリレー,男子,200～239歳,202,2:24.78,,3,,5,和田浩一,,セ・用賀,33.21,,,,,,,,,1:56.72,1:52.57,1:50.83,2/4
500,77,2024,10,26,長水路,チーム,12,4×50mメドレーリレー,男子,200～239歳,202,2:24.78,,4,,5,亀井智貴,,セ・用賀,30.74,,,,,,,,,1:56.72,1:52.57,1:50.83,2/4
501,77,2024,10,26,長水路,チーム,12,4×50mメドレーリレー,男子,200～239歳,202,2:28.81,,1,,6,鈴木敏志,,セ・松戸,34.61,,,,,,,,,1:56.72,1:52.57,1:50.83,2/8
502,77,2024,10,26,長水路,チーム,12,4×50mメドレーリレー,男子,200～239歳,202,2:28.81,,2,,6,稲毛仁,,セ・松戸,40.00,,,,,,,,,1:56.72,1:52.57,1:50.83,2/8
503,77,2024,10,26,長水路,チーム,12,4×50mメドレーリレー,男子,200～239歳,202,2:28.81,,3,,6,庄司和明,,セ・松戸,41.13,,,,,,,,,1:56.72,1:52.57,1:50.83,2/8
504,77,2024,10,26,長水路,チーム,12,4×50mメドレーリレー,男子,200～239歳,202,2:28.81,,4,,6,和田祐児,,セ・松戸,33.07,,,,,,,,,1:56.72,1:52.57,1:50.83,2/8
505,77,2024,10,26,長水路,チーム,12,4×50mメドレーリレー,男子,200～239歳,211,2:30.85,,1,,7,宅間健介,,セ・天王洲,38.23,,,,,,,,,1:56.72,1:52.57,1:50.83,1/4
506,77,2024,10,26,長水路,チーム,12,4×50mメドレーリレー,男子,200～239歳,211,2:30.85,,1,,7,岡田能行,,セ・天王洲,45.27,,,,,,,,,1:56.72,1:52.57,1:50.83,1/4
507,77,2024,10,26,長水路,チーム,12,4×50mメドレーリレー,男子,200～239歳,211,2:30.85,,2,,7,千葉忠英,,セ・天王洲,41.48,,,,,,,,,1:56.72,1:52.57,1:50.83,1/4
508,77,2024,10,26,長水路,チーム,12,4×50mメドレーリレー,男子,200～239歳,211,2:30.85,,2,,7,中村幸弘,,セ・天王洲,40.78,,,,,,,,,1:56.72,1:52.57,1:50.83,1/4
509,77,2024,10,26,長水路,チーム,12,4×50mメドレーリレー,男子,200～239歳,211,2:30.85,,3,,7,久保卓士,,セ・天王洲,34.77,,,,,,,,,1:56.72,1:52.57,1:50.83,1/4
510,77,2024,10,26,長水路,チーム,12,4×50mメドレーリレー,男子,200～239歳,211,2:30.85,,3,,7,宮崎隆寛,,セ・天王洲,38.29,,,,,,,,,1:56.72,1:52.57,1:50.83,1/4
511,77,2024,10,26,長水路,チーム,12,4×50mメドレーリレー,男子,200～239歳,211,2:30.85,,4,,7,日暮正明,,セ・天王洲,36.37,,,,,,,,,1:56.72,1:52.57,1:50.83,1/4
512,77,2024,10,26,長水路,チーム,12,4×50mメドレーリレー,男子,200～239歳,211,2:30.85,,4,,7,横山恵一,,セ・天王洲,,,,,,,,,,1:56.72,1:52.57,1:50.83,1/4
513,77,2024,10,26,長水路,チーム,12,4×50mメドレーリレー,男子,160～199歳,163,2:06.41,,1,,1,宮川則仁,,セ・大宮宮原,39.18,,,,,,,,,1:51.35,1:46.32,1:45.47,3/5
514,77,2024,10,26,長水路,チーム,12,4×50mメドレーリレー,男子,160～199歳,163,2:06.41,,2,,1,石井建幹,,セ・大宮宮原,29.74,,,,,,,,,1:51.35,1:46.32,1:45.47,3/5
515,77,2024,10,26,長水路,チーム,12,4×50mメドレーリレー,男子,160～199歳,163,2:06.41,,3,,1,岡内昭伍,,セ・大宮宮原,27.60,,,,,,,,,1:51.35,1:46.32,1:45.47,3/5
516,77,2024,10,26,長水路,チーム,12,4×50mメドレーリレー,男子,160～199歳,163,2:06.41,,4,,1,清田真人,,セ・大宮宮原,29.89,,,,,,,,,1:51.35,1:46.32,1:45.47,3/5
517,77,2024,10,26,長水路,チーム,12,4×50mメドレーリレー,男子,160～199歳,163,2:06.61,,1,,2,鶴谷学,,セ・二俣川,31.42,,,,,,,,,1:51.35,1:46.32,1:45.47,4/10
518,77,2024,10,26,長水路,チーム,12,4×50mメドレーリレー,男子,160～199歳,163,2:06.61,,2,,2,村田健太,,セ・二俣川,34.58,,,,,,,,,1:51.35,1:46.32,1:45.47,4/10
519,77,2024,10,26,長水路,チーム,12,4×50mメドレーリレー,男子,160～199歳,163,2:06.61,,3,,2,永瀬知之,,セ・二俣川,28.93,,,,,,,,,1:51.35,1:46.32,1:45.47,4/10
520,77,2024,10,26,長水路,チーム,12,4×50mメドレーリレー,男子,160～199歳,163,2:06.61,,4,,2,山岡哲也,,セ・二俣川,31.68,,,,,,,,,1:51.35,1:46.32,1:45.47,4/10
521,77,2024,10,26,長水路,チーム,12,4×50mメドレーリレー,男子,160～199歳,192,2:07.20,,1,,3,長谷川仁,,セ・南千住,34.07,,,,,,,,,1:51.35,1:46.32,1:45.47,4/8
522,77,2024,10,26,長水路,チーム,12,4×50mメドレーリレー,男子,160～199歳,192,2:07.20,,2,,3,宮川航,,セ・南千住,30.99,,,,,,,,,1:51.35,1:46.32,1:45.47,4/8
523,77,2024,10,26,長水路,チーム,12,4×50mメドレーリレー,男子,160～199歳,192,2:07.20,,3,,3,中村勝,,セ・南千住,33.21,,,,,,,,,1:51.35,1:46.32,1:45.47,4/8
524,77,2024,10,26,長水路,チーム,12,4×50mメドレーリレー,男子,160～199歳,192,2:07.20,,4,,3,今井裕介,,セ・南千住,28.93,,,,,,,,,1:51.35,1:46.32,1:45.47,4/8
525,77,2024,10,26,長水路,チーム,12,4×50mメドレーリレー,男子,160～199歳,166,2:09.93,,1,,4,岩崎伊吹,,セ・おおたか,35.39,,,,,,,,,1:51.35,1:46.32,1:45.47,3/2
526,77,2024,10,26,長水路,チーム,12,4×50mメドレーリレー,男子,160～199歳,166,2:09.93,,2,,4,石井了,,セ・おおたか,30.37,,,,,,,,,1:51.35,1:46.32,1:45.47,3/2
527,77,2024,10,26,長水路,チーム,12,4×50mメドレーリレー,男子,160～199歳,166,2:09.93,,3,,4,海辺信吉,,セ・おおたか,33.97,,,,,,,,,1:51.35,1:46.32,1:45.47,3/2
528,77,2024,10,26,長水路,チーム,12,4×50mメドレーリレー,男子,160～199歳,166,2:09.93,,4,,4,前田光輝,,セ・おおたか,30.20,,,,,,,,,1:51.35,1:46.32,1:45.47,3/2
529,77,2024,10,26,長水路,チーム,12,4×50mメドレーリレー,男子,160～199歳,174,2:12.96,,1,,5,小林弘典,,セ・大森,37.50,,,,,,,,,1:51.35,1:46.32,1:45.47,3/1
530,77,2024,10,26,長水路,チーム,12,4×50mメドレーリレー,男子,160～199歳,174,2:12.96,,2,,5,伊藤正二,,セ・大森,42.94,,,,,,,,,1:51.35,1:46.32,1:45.47,3/1
531,77,2024,10,26,長水路,チーム,12,4×50mメドレーリレー,男子,160～199歳,174,2:12.96,,3,,5,内藤寿輝,,セ・大森,26.98,,,,,,,,,1:51.35,1:46.32,1:45.47,3/1
532,77,2024,10,26,長水路,チーム,12,4×50mメドレーリレー,男子,160～199歳,174,2:12.96,,4,,5,島脇晃也,,セ・大森,25.54,,,,,,,,,1:51.35,1:46.32,1:45.47,3/1
533,77,2024,10,26,長水路,チーム,12,4×50mメドレーリレー,男子,160～199歳,184,2:13.68,,1,,6,河野悟,,セ・慶應日吉,33.31,,,,,,,,,1:51.35,1:46.32,1:45.47,3/3
534,77,2024,10,26,長水路,チーム,12,4×50mメドレーリレー,男子,160～199歳,184,2:13.68,,2,,6,穴田啓樹,,セ・慶應日吉,45.66,,,,,,,,,1:51.35,1:46.32,1:45.47,3/3
535,77,2024,10,26,長水路,チーム,12,4×50mメドレーリレー,男子,160～199歳,184,2:13.68,,3,,6,菅原啓,,セ・慶應日吉,26.00,,,,,,,,,1:51.35,1:46.32,1:45.47,3/3
536,77,2024,10,26,長水路,チーム,12,4×50mメドレーリレー,男子,160～199歳,184,2:13.68,,4,,6,松崎敏明,,セ・慶應日吉,28.71,,,,,,,,,1:51.35,1:46.32,1:45.47,3/3
537,77,2024,10,26,長水路,チーム,12,4×50mメドレーリレー,男子,160～199歳,168,2:19.20,,1,,7,栗原大輔,,セ・成瀬,38.77,,,,,,,,,1:51.35,1:46.32,1:45.47,3/10
538,77,2024,10,26,長水路,チーム,12,4×50mメドレーリレー,男子,160～199歳,168,2:19.20,,2,,7,荒井優吾,,セ・成瀬,35.99,,,,,,,,,1:51.35,1:46.32,1:45.47,3/10
539,77,2024,10,26,長水路,チーム,12,4×50mメドレーリレー,男子,160～199歳,168,2:19.20,,3,,7,石井将太,,セ・成瀬,29.10,,,,,,,,,1:51.35,1:46.32,1:45.47,3/10
540,77,2024,10,26,長水路,チーム,12,4×50mメドレーリレー,男子,160～199歳,168,2:19.20,,4,,7,高橋潤,,セ・成瀬,35.34,,,,,,,,,1:51.35,1:46.32,1:45.47,3/10
541,77,2024,10,26,長水路,チーム,12,4×50mメドレーリレー,男子,160～199歳,182,2:27.02,,1,,8,小田島丈典,,セ・福生,43.83,,,,,,,,,1:51.35,1:46.32,1:45.47,2/2
542,77,2024,10,26,長水路,チーム,12,4×50mメドレーリレー,男子,160～199歳,182,2:27.02,,2,,8,菅原弘貴,,セ・福生,41.86,,,,,,,,,1:51.35,1:46.32,1:45.47,2/2
543,77,2024,10,26,長水路,チーム,12,4×50mメドレーリレー,男子,160～199歳,182,2:27.02,,3,,8,桐本兼輔,,セ・福生,31.41,,,,,,,,,1:51.35,1:46.32,1:45.47,2/2
544,77,2024,10,26,長水路,チーム,12,4×50mメドレーリレー,男子,160～199歳,182,2:27.02,,4,,8,宮崎健,,セ・福生,29.92,,,,,,,,,1:51.35,1:46.32,1:45.47,2/2
545,77,2024,10,26,長水路,チーム,12,4×50mメドレーリレー,男子,120～159歳,130,1:55.28,,1,,1,山口雅文,,ミズノＭＴ,29.45,,,,,,,,,1:52.11,1:42.09,1:42.06,3/9
546,77,2024,10,26,長水路,チーム,12,4×50mメドレーリレー,男子,120～159歳,130,1:55.28,,2,,1,入江徹,,ミズノＭＴ,31.87,,,,,,,,,1:52.11,1:42.09,1:42.06,3/9
547,77,2024,10,26,長水路,チーム,12,4×50mメドレーリレー,男子,120～159歳,130,1:55.28,,3,,1,谷口太文,,ミズノＭＴ,29.30,,,,,,,,,1:52.11,1:42.09,1:42.06,3/9
548,77,2024,10,26,長水路,チーム,12,4×50mメドレーリレー,男子,120～159歳,130,1:55.28,,4,,1,安芸祐作,,ミズノＭＴ,24.66,,,,,,,,,1:52.11,1:42.09,1:42.06,3/9
549,77,2024,10,26,長水路,チーム,12,4×50mメドレーリレー,男子,120～159歳,144,1:59.22,,1,,2,杉山大亜,,セ・二俣川,34.18,,,,,,,,,1:52.11,1:42.09,1:42.06,4/7
550,77,2024,10,26,長水路,チーム,12,4×50mメドレーリレー,男子,120～159歳,144,1:59.22,,2,,2,立石裕太郎,,セ・二俣川,30.22,,,,,,,,,1:52.11,1:42.09,1:42.06,4/7
551,77,2024,10,26,長水路,チーム,12,4×50mメドレーリレー,男子,120～159歳,144,1:59.22,,3,,2,鈴木遼,,セ・二俣川,29.11,,,,,,,,,1:52.11,1:42.09,1:42.06,4/7
552,77,2024,10,26,長水路,チーム,12,4×50mメドレーリレー,男子,120～159歳,144,1:59.22,,4,,2,前田崇行,,セ・二俣川,25.71,,,,,,,,,1:52.11,1:42.09,1:42.06,4/7
553,77,2024,10,26,長水路,チーム,12,4×50mメドレーリレー,男子,120～159歳,133,1:59.92,,1,,3,廣川大起,,セ・柏,30.55,,,,,,,,,1:52.11,1:42.09,1:42.06,4/5
554,77,2024,10,26,長水路,チーム,12,4×50mメドレーリレー,男子,120～159歳,133,1:59.92,,2,,3,長田裕史,,セ・柏,32.81,,,,,,,,,1:52.11,1:42.09,1:42.06,4/5
555,77,2024,10,26,長水路,チーム,12,4×50mメドレーリレー,男子,120～159歳,133,1:59.92,,3,,3,川口皓生,,セ・柏,26.85,,,,,,,,,1:52.11,1:42.09,1:42.06,4/5
556,77,2024,10,26,長水路,チーム,12,4×50mメドレーリレー,男子,120～159歳,133,1:59.92,,4,,3,磯貝知弘,,セ・柏,29.71,,,,,,,,,1:52.11,1:42.09,1:42.06,4/5
557,77,2024,10,26,長水路,チーム,12,4×50mメドレーリレー,男子,120～159歳,153,2:05.67,,1,,4,棚網宏之,,セ・阿佐谷,31.91,,,,,,,,,1:52.11,1:42.09,1:42.06,4/3
558,77,2024,10,26,長水路,チーム,12,4×50mメドレーリレー,男子,120～159歳,153,2:05.67,,2,,4,和田亮,,セ・阿佐谷,39.76,,,,,,,,,1:52.11,1:42.09,1:42.06,4/3
559,77,2024,10,26,長水路,チーム,12,4×50mメドレーリレー,男子,120～159歳,153,2:05.67,,3,,4,椎本恭平,,セ・阿佐谷,28.60,,,,,,,,,1:52.11,1:42.09,1:42.06,4/3
560,77,2024,10,26,長水路,チーム,12,4×50mメドレーリレー,男子,120～159歳,153,2:05.67,,4,,4,和田弘太郎,,セ・阿佐谷,25.40,,,,,,,,,1:52.11,1:42.09,1:42.06,4/3
561,77,2024,10,26,長水路,チーム,12,4×50mメドレーリレー,男子,120～159歳,149,2:06.29,,1,,5,室坂拓真,,セ・用賀,31.51,,,,,,,,,1:52.11,1:42.09,1:42.06,3/8
562,77,2024,10,26,長水路,チーム,12,4×50mメドレーリレー,男子,120～159歳,149,2:06.29,,2,,5,青木海斗,,セ・用賀,32.74,,,,,,,,,1:52.11,1:42.09,1:42.06,3/8
563,77,2024,10,26,長水路,チーム,12,4×50mメドレーリレー,男子,120～159歳,149,2:06.29,,3,,5,飯田正敏,,セ・用賀,34.30,,,,,,,,,1:52.11,1:42.09,1:42.06,3/8
564,77,2024,10,26,長水路,チーム,12,4×50mメドレーリレー,男子,120～159歳,149,2:06.29,,4,,5,神部孝高,,セ・用賀,27.74,,,,,,,,,1:52.11,1:42.09,1:42.06,3/8
565,77,2024,10,26,長水路,チーム,12,4×50mメドレーリレー,男子,120～159歳,142,2:12.58,,1,,6,矢作歩,,セ・長津田,36.34,,,,,,,,,1:52.11,1:42.09,1:42.06,3/7
566,77,2024,10,26,長水路,チーム,12,4×50mメドレーリレー,男子,120～159歳,142,2:12.58,,1,,6,伊藤孝優,,セ・長津田,33.16,,,,,,,,,1:52.11,1:42.09,1:42.06,3/7
567,77,2024,10,26,長水路,チーム,12,4×50mメドレーリレー,男子,120～159歳,142,2:12.58,,1,,6,皆川雅登,,セ・長津田,36.31,,,,,,,,,1:52.11,1:42.09,1:42.06,3/7
568,77,2024,10,26,長水路,チーム,12,4×50mメドレーリレー,男子,120～159歳,142,2:12.58,,2,,6,岡村勝重,,セ・長津田,36.46,,,,,,,,,1:52.11,1:42.09,1:42.06,3/7
569,77,2024,10,26,長水路,チーム,12,4×50mメドレーリレー,男子,120～159歳,142,2:12.58,,2,,6,高田義久,,セ・長津田,39.45,,,,,,,,,1:52.11,1:42.09,1:42.06,3/7
570,77,2024,10,26,長水路,チーム,12,4×50mメドレーリレー,男子,120～159歳,142,2:12.58,,2,,6,手塚一智,,セ・長津田,37.93,,,,,,,,,1:52.11,1:42.09,1:42.06,3/7
571,77,2024,10,26,長水路,チーム,12,4×50mメドレーリレー,男子,120～159歳,142,2:12.58,,3,,6,村田雅治,,セ・長津田,30.14,,,,,,,,,1:52.11,1:42.09,1:42.06,3/7
572,77,2024,10,26,長水路,チーム,12,4×50mメドレーリレー,男子,120～159歳,142,2:12.58,,3,,6,鈴木直哉,,セ・長津田,34.95,,,,,,,,,1:52.11,1:42.09,1:42.06,3/7
573,77,2024,10,26,長水路,チーム,12,4×50mメドレーリレー,男子,120～159歳,142,2:12.58,,3,,6,山本英男,,セ・長津田,34.12,,,,,,,,,1:52.11,1:42.09,1:42.06,3/7
574,77,2024,10,26,長水路,チーム,12,4×50mメドレーリレー,男子,120～159歳,142,2:12.58,,4,,6,竹下翔,,セ・長津田,29.64,,,,,,,,,1:52.11,1:42.09,1:42.06,3/7
575,77,2024,10,26,長水路,チーム,12,4×50mメドレーリレー,男子,120～159歳,142,2:12.58,,4,,6,田村翔,,セ・長津田,,,,,,,,,,1:52.11,1:42.09,1:42.06,3/7
576,77,2024,10,26,長水路,チーム,12,4×50mメドレーリレー,男子,120～159歳,142,2:12.58,,4,,6,日吉将輝,,セ・長津田,,,,,,,,,,1:52.11,1:42.09,1:42.06,3/7
577,77,2024,10,26,長水路,チーム,12,4×50mメドレーリレー,男子,72～119歳,117,1:58.38,,1,,1,中村翼,,セ・天王洲,29.27,,,,,,,,,1:46.47,1:41.78,1:41.78,4/2
578,77,2024,10,26,長水路,チーム,12,4×50mメドレーリレー,男子,72～119歳,117,1:58.38,,2,,1,加間英貴,,セ・天王洲,33.36,,,,,,,,,1:46.47,1:41.78,1:41.78,4/2
579,77,2024,10,26,長水路,チーム,12,4×50mメドレーリレー,男子,72～119歳,117,1:58.38,,3,,1,小野健,,セ・天王洲,27.54,,,,,,,,,1:46.47,1:41.78,1:41.78,4/2
580,77,2024,10,26,長水路,チーム,12,4×50mメドレーリレー,男子,72～119歳,117,1:58.38,,4,,1,寺田遼太,,セ・天王洲,28.21,,,,,,,,,1:46.47,1:41.78,1:41.78,4/2
581,77,2024,10,26,長水路,チーム,12,4×50mメドレーリレー,男子,72～119歳,88,2:00.30,,1,,2,田中啓二朗,,セ・二俣川,33.31,,,,,,,,,1:46.47,1:41.78,1:41.78,4/6
582,77,2024,10,26,長水路,チーム,12,4×50mメドレーリレー,男子,72～119歳,88,2:00.30,,2,,2,田中壮一郎,,セ・二俣川,31.88,,,,,,,,,1:46.47,1:41.78,1:41.78,4/6
583,77,2024,10,26,長水路,チーム,12,4×50mメドレーリレー,男子,72～119歳,88,2:00.30,,3,,2,山﨑陸真,,セ・二俣川,28.80,,,,,,,,,1:46.47,1:41.78,1:41.78,4/6
584,77,2024,10,26,長水路,チーム,12,4×50mメドレーリレー,男子,72～119歳,88,2:00.30,,4,,2,秋澤裕介,,セ・二俣川,26.31,,,,,,,,,1:46.47,1:41.78,1:41.78,4/6
585,77,2024,10,26,長水路,チーム,12,4×50mメドレーリレー,男子,72～119歳,93,2:01.56,,1,,3,萩原裕大,,セ・清瀬,30.11,,,,,,,,,1:46.47,1:41.78,1:41.78,4/1
586,77,2024,10,26,長水路,チーム,12,4×50mメドレーリレー,男子,72～119歳,93,2:01.56,,2,,3,西沢歩,,セ・清瀬,35.21,,,,,,,,,1:46.47,1:41.78,1:41.78,4/1
587,77,2024,10,26,長水路,チーム,12,4×50mメドレーリレー,男子,72～119歳,93,2:01.56,,3,,3,今里昂哉,,セ・清瀬,28.23,,,,,,,,,1:46.47,1:41.78,1:41.78,4/1
588,77,2024,10,26,長水路,チーム,12,4×50mメドレーリレー,男子,72～119歳,93,2:01.56,,4,,3,金子智哉,,セ・清瀬,28.01,,,,,,,,,1:46.47,1:41.78,1:41.78,4/1
589,77,2024,10,26,長水路,チーム,12,4×50mメドレーリレー,男子,72～119歳,104,2:03.74,,1,,4,加納聖士,,セ・葛西,33.23,,,,,,,,,1:46.47,1:41.78,1:41.78,4/4
590,77,2024,10,26,長水路,チーム,12,4×50mメドレーリレー,男子,72～119歳,104,2:03.74,,2,,4,前島悠也,,セ・葛西,31.85,,,,,,,,,1:46.47,1:41.78,1:41.78,4/4
591,77,2024,10,26,長水路,チーム,12,4×50mメドレーリレー,男子,72～119歳,104,2:03.74,,3,,4,泉翔太,,セ・葛西,27.81,,,,,,,,,1:46.47,1:41.78,1:41.78,4/4
592,77,2024,10,26,長水路,チーム,12,4×50mメドレーリレー,男子,72～119歳,104,2:03.74,,4,,4,前納爽太,,セ・葛西,30.85,,,,,,,,,1:46.47,1:41.78,1:41.78,4/4
593,77,2024,10,26,長水路,チーム,17,4×50mメドレーリレー,混合,320～359歳,321,3:36.59,,1,,1,大塚裕子,,セ・成城,1:02.29,,,,,,,,,3:18.01,2:55.98,2:55.98,1/7
594,77,2024,10,26,長水路,チーム,17,4×50mメドレーリレー,混合,320～359歳,321,3:36.59,,2,,1,上田寿美子,,セ・成城,1:07.09,,,,,,,,,3:18.01,2:55.98,2:55.98,1/7
595,77,2024,10,26,長水路,チーム,17,4×50mメドレーリレー,混合,320～359歳,321,3:36.59,,3,,1,吉田亮,,セ・成城,26.33,,,,,,,,,3:18.01,2:55.98,2:55.98,1/7
596,77,2024,10,26,長水路,チーム,17,4×50mメドレーリレー,混合,320～359歳,321,3:36.59,,4,,1,松下達一,,セ・成城,1:00.88,,,,,,,,,3:18.01,2:55.98,2:55.98,1/7
597,77,2024,10,26,長水路,チーム,17,4×50mメドレーリレー,混合,280～319歳,282,3:10.21,,1,,1,中平信子,,セ・成瀬,51.61,,,,,,,,,2:48.17,2:26.90,2:19.17,1/4
598,77,2024,10,26,長水路,チーム,17,4×50mメドレーリレー,混合,280～319歳,282,3:10.21,,2,,1,米澤美智子,,セ・成瀬,48.85,,,,,,,,,2:48.17,2:26.90,2:19.17,1/4
599,77,2024,10,26,長水路,チーム,17,4×50mメドレーリレー,混合,280～319歳,282,3:10.21,,3,,1,柏木治久,,セ・成瀬,48.13,,,,,,,,,2:48.17,2:26.90,2:19.17,1/4
600,77,2024,10,26,長水路,チーム,17,4×50mメドレーリレー,混合,280～319歳,282,3:10.21,,4,,1,服部陽一,,セ・成瀬,41.62,,,,,,,,,2:48.17,2:26.90,2:19.17,1/4
601,77,2024,10,26,長水路,チーム,17,4×50mメドレーリレー,混合,280～319歳,282,3:50.33,,1,,2,宇佐美栄二,,セ・阿佐谷,53.18,,,,,,,,,2:48.17,2:26.90,2:19.17,1/8
602,77,2024,10,26,長水路,チーム,17,4×50mメドレーリレー,混合,280～319歳,282,3:50.33,,2,,2,伴野保志,,セ・阿佐谷,57.31,,,,,,,,,2:48.17,2:26.90,2:19.17,1/8
603,77,2024,10,26,長水路,チーム,17,4×50mメドレーリレー,混合,280～319歳,282,3:50.33,,3,,2,近藤みゆき,,セ・阿佐谷,1:12.12,,,,,,,,,2:48.17,2:26.90,2:19.17,1/8
604,77,2024,10,26,長水路,チーム,17,4×50mメドレーリレー,混合,280～319歳,282,3:50.33,,4,,2,三嶋祐子,,セ・阿佐谷,47.72,,,,,,,,,2:48.17,2:26.90,2:19.17,1/8
605,77,2024,10,26,長水路,チーム,17,4×50mメドレーリレー,混合,240～279歳,246,2:36.03,,1,,1,下家成人,,セ・二俣川,35.71,,,,,,,,,2:13.81,2:13.81,2:07.56,3/10
606,77,2024,10,26,長水路,チーム,17,4×50mメドレーリレー,混合,240～279歳,246,2:36.03,,2,,1,若島健二,,セ・二俣川,44.83,,,,,,,,,2:13.81,2:13.81,2:07.56,3/10
607,77,2024,10,26,長水路,チーム,17,4×50mメドレーリレー,混合,240～279歳,246,2:36.03,,3,,1,武井麻知子,,セ・二俣川,38.50,,,,,,,,,2:13.81,2:13.81,2:07.56,3/10
608,77,2024,10,26,長水路,チーム,17,4×50mメドレーリレー,混合,240～279歳,246,2:36.03,,4,,1,上野真弓,,セ・二俣川,36.99,,,,,,,,,2:13.81,2:13.81,2:07.56,3/10
609,77,2024,10,26,長水路,チーム,17,4×50mメドレーリレー,混合,240～279歳,242,2:42.21,,1,,2,小林弘子,,ザバス鶴見,46.15,,,,,,,,,2:13.81,2:13.81,2:07.56,2/8
610,77,2024,10,26,長水路,チーム,17,4×50mメドレーリレー,混合,240～279歳,242,2:42.21,,2,,2,楊華,,ザバス鶴見,38.55,,,,,,,,,2:13.81,2:13.81,2:07.56,2/8
611,77,2024,10,26,長水路,チーム,17,4×50mメドレーリレー,混合,240～279歳,242,2:42.21,,3,,2,杉原祥之,,ザバス鶴見,33.88,,,,,,,,,2:13.81,2:13.81,2:07.56,2/8
612,77,2024,10,26,長水路,チーム,17,4×50mメドレーリレー,混合,240～279歳,242,2:42.21,,4,,2,伊藤幸英,,ザバス鶴見,43.63,,,,,,,,,2:13.81,2:13.81,2:07.56,2/8
613,77,2024,10,26,長水路,チーム,17,4×50mメドレーリレー,混合,240～279歳,247,2:45.51,,1,,3,吉野治子,,セ・成城,48.90,,,,,,,,,2:13.81,2:13.81,2:07.56,2/7
614,77,2024,10,26,長水路,チーム,17,4×50mメドレーリレー,混合,240～279歳,247,2:45.51,,2,,3,石井龍,,セ・成城,34.75,,,,,,,,,2:13.81,2:13.81,2:07.56,2/7
615,77,2024,10,26,長水路,チーム,17,4×50mメドレーリレー,混合,240～279歳,247,2:45.51,,3,,3,浦田昌和,,セ・成城,42.53,,,,,,,,,2:13.81,2:13.81,2:07.56,2/7
616,77,2024,10,26,長水路,チーム,17,4×50mメドレーリレー,混合,240～279歳,247,2:45.51,,4,,3,高梨美樹,,セ・成城,39.33,,,,,,,,,2:13.81,2:13.81,2:07.56,2/7
617,77,2024,10,26,長水路,チーム,17,4×50mメドレーリレー,混合,240～279歳,244,2:55.94,,1,,4,西森文史郎,,セ・長津田,46.63,,,,,,,,,2:13.81,2:13.81,2:07.56,2/2
618,77,2024,10,26,長水路,チーム,17,4×50mメドレーリレー,混合,240～279歳,244,2:55.94,,2,,4,三沢弘美,,セ・長津田,51.43,,,,,,,,,2:13.81,2:13.81,2:07.56,2/2
619,77,2024,10,26,長水路,チーム,17,4×50mメドレーリレー,混合,240～279歳,244,2:55.94,,3,,4,池谷千尋,,セ・長津田,36.34,,,,,,,,,2:13.81,2:13.81,2:07.56,2/2
620,77,2024,10,26,長水路,チーム,17,4×50mメドレーリレー,混合,240～279歳,244,2:55.94,,4,,4,小池淳子,,セ・長津田,41.54,,,,,,,,,2:13.81,2:13.81,2:07.56,2/2
621,77,2024,10,26,長水路,チーム,17,4×50mメドレーリレー,混合,240～279歳,244,2:57.23,,1,,5,相澤紋美,,セ・阿佐谷,52.12,,,,,,,,,2:13.81,2:13.81,2:07.56,1/5
622,77,2024,10,26,長水路,チーム,17,4×50mメドレーリレー,混合,240～279歳,244,2:57.23,,2,,5,村田幸士郎,,セ・阿佐谷,45.18,,,,,,,,,2:13.81,2:13.81,2:07.56,1/5
623,77,2024,10,26,長水路,チーム,17,4×50mメドレーリレー,混合,240～279歳,244,2:57.23,,3,,5,大川明徳,,セ・阿佐谷,36.97,,,,,,,,,2:13.81,2:13.81,2:07.56,1/5
624,77,2024,10,26,長水路,チーム,17,4×50mメドレーリレー,混合,240～279歳,244,2:57.23,,4,,5,宮田ひとみ,,セ・阿佐谷,42.96,,,,,,,,,2:13.81,2:13.81,2:07.56,1/5
625,77,2024,10,26,長水路,チーム,17,4×50mメドレーリレー,混合,200～239歳,200,2:23.47,,1,,1,棚網恵理,,セ・阿佐谷,41.02,,,,,,,,,2:08.68,2:00.33,1:57.86,3/2
626,77,2024,10,26,長水路,チーム,17,4×50mメドレーリレー,混合,200～239歳,200,2:23.47,,2,,1,北川貴義,,セ・阿佐谷,36.59,,,,,,,,,2:08.68,2:00.33,1:57.86,3/2
627,77,2024,10,26,長水路,チーム,17,4×50mメドレーリレー,混合,200～239歳,200,2:23.47,,3,,1,棚網宏之,,セ・阿佐谷,30.44,,,,,,,,,2:08.68,2:00.33,1:57.86,3/2
628,77,2024,10,26,長水路,チーム,17,4×50mメドレーリレー,混合,200～239歳,200,2:23.47,,4,,1,石原なおみ,,セ・阿佐谷,35.42,,,,,,,,,2:08.68,2:00.33,1:57.86,3/2
629,77,2024,10,26,長水路,チーム,17,4×50mメドレーリレー,混合,200～239歳,230,2:37.66,,1,,2,若宮強,,セ・成城,44.73,,,,,,,,,2:08.68,2:00.33,1:57.86,2/5
630,77,2024,10,26,長水路,チーム,17,4×50mメドレーリレー,混合,200～239歳,230,2:37.66,,2,,2,森直子,,セ・成城,48.77,,,,,,,,,2:08.68,2:00.33,1:57.86,2/5
631,77,2024,10,26,長水路,チーム,17,4×50mメドレーリレー,混合,200～239歳,230,2:37.66,,3,,2,井口暢彦,,セ・成城,28.33,,,,,,,,,2:08.68,2:00.33,1:57.86,2/5
632,77,2024,10,26,長水路,チーム,17,4×50mメドレーリレー,混合,200～239歳,230,2:37.66,,4,,2,高柳祐子,,セ・成城,35.83,,,,,,,,,2:08.68,2:00.33,1:57.86,2/5
633,77,2024,10,26,長水路,チーム,17,4×50mメドレーリレー,混合,200～239歳,202,2:42.45,,1,,3,栗原大輔,,セ・成瀬,39.80,,,,,,,,,2:08.68,2:00.33,1:57.86,2/3
634,77,2024,10,26,長水路,チーム,17,4×50mメドレーリレー,混合,200～239歳,202,2:42.45,,2,,3,久松葉子,,セ・成瀬,55.31,,,,,,,,,2:08.68,2:00.33,1:57.86,2/3
635,77,2024,10,26,長水路,チーム,17,4×50mメドレーリレー,混合,200～239歳,202,2:42.45,,3,,3,石井将太,,セ・成瀬,29.29,,,,,,,,,2:08.68,2:00.33,1:57.86,2/3
636,77,2024,10,26,長水路,チーム,17,4×50mメドレーリレー,混合,200～239歳,202,2:42.45,,4,,3,篠倉有美,,セ・成瀬,38.05,,,,,,,,,2:08.68,2:00.33,1:57.86,2/3
637,77,2024,10,26,長水路,チーム,17,4×50mメドレーリレー,混合,200～239歳,231,3:04.89,,1,,4,榮真須美,,セ・慶應日吉,1:00.08,,,,,,,,,2:08.68,2:00.33,1:57.86,1/6
638,77,2024,10,26,長水路,チーム,17,4×50mメドレーリレー,混合,200～239歳,231,3:04.89,,2,,4,久保田裕一,,セ・慶應日吉,43.79,,,,,,,,,2:08.68,2:00.33,1:57.86,1/6
639,77,2024,10,26,長水路,チーム,17,4×50mメドレーリレー,混合,200～239歳,231,3:04.89,,3,,4,門倉孝行,,セ・慶應日吉,33.91,,,,,,,,,2:08.68,2:00.33,1:57.86,1/6
640,77,2024,10,26,長水路,チーム,17,4×50mメドレーリレー,混合,200～239歳,231,3:04.89,,4,,4,原田由美子,,セ・慶應日吉,47.11,,,,,,,,,2:08.68,2:00.33,1:57.86,1/6
641,77,2024,10,26,長水路,チーム,17,4×50mメドレーリレー,混合,200～239歳,200,3:05.88,,1,,5,岩朋実,,セ・川越,54.33,,,,,,,,,2:08.68,2:00.33,1:57.86,1/2
642,77,2024,10,26,長水路,チーム,17,4×50mメドレーリレー,混合,200～239歳,200,3:05.88,,1,,5,寺田貴洋(------),,セ・川越,,,,,,,,,,2:08.68,2:00.33,1:57.86,1/2
643,77,2024,10,26,長水路,チーム,17,4×50mメドレーリレー,混合,200～239歳,200,3:05.88,,2,,5,楢橋章,,セ・川越,58.79,,,,,,,,,2:08.68,2:00.33,1:57.86,1/2
644,77,2024,10,26,長水路,チーム,17,4×50mメドレーリレー,混合,200～239歳,200,3:05.88,,2,,5,永瀬秀子,,セ・川越,,,,,,,,,,2:08.68,2:00.33,1:57.86,1/2
645,77,2024,10,26,長水路,チーム,17,4×50mメドレーリレー,混合,200～239歳,200,3:05.88,,3,,5,高橋由子,,セ・川越,34.02,,,,,,,,,2:08.68,2:00.33,1:57.86,1/2
646,77,2024,10,26,長水路,チーム,17,4×50mメドレーリレー,混合,200～239歳,200,3:05.88,,3,,5,永瀬知之,,セ・川越,,,,,,,,,,2:08.68,2:00.33,1:57.86,1/2
647,77,2024,10,26,長水路,チーム,17,4×50mメドレーリレー,混合,200～239歳,200,3:05.88,,4,,5,今井英大,,セ・川越,38.74,,,,,,,,,2:08.68,2:00.33,1:57.86,1/2
648,77,2024,10,26,長水路,チーム,17,4×50mメドレーリレー,混合,200～239歳,200,3:05.88,,4,,5,松川律子,,セ・川越,,,,,,,,,,2:08.68,2:00.33,1:57.86,1/2
649,77,2024,10,26,長水路,チーム,17,4×50mメドレーリレー,混合,160～199歳,172,2:13.91,,1,,1,矢作歩,,セ・長津田,36.52,,,,,,,,,2:07.28,1:55.11,1:53.25,4/8
650,77,2024,10,26,長水路,チーム,17,4×50mメドレーリレー,混合,160～199歳,172,2:13.91,,2,,1,祖川久茂,,セ・長津田,35.85,,,,,,,,,2:07.28,1:55.11,1:53.25,4/8
651,77,2024,10,26,長水路,チーム,17,4×50mメドレーリレー,混合,160～199歳,172,2:13.91,,3,,1,吉村華余,,セ・長津田,32.05,,,,,,,,,2:07.28,1:55.11,1:53.25,4/8
652,77,2024,10,26,長水路,チーム,17,4×50mメドレーリレー,混合,160～199歳,172,2:13.91,,4,,1,川北恵,,セ・長津田,29.49,,,,,,,,,2:07.28,1:55.11,1:53.25,4/8
653,77,2024,10,26,長水路,チーム,17,4×50mメドレーリレー,混合,160～199歳,171,2:21.53,,1,,2,草野茜,,セ・二俣川,43.72,,,,,,,,,2:07.28,1:55.11,1:53.25,4/10
654,77,2024,10,26,長水路,チーム,17,4×50mメドレーリレー,混合,160～199歳,171,2:21.53,,2,,2,立石裕太郎,,セ・二俣川,32.36,,,,,,,,,2:07.28,1:55.11,1:53.25,4/10
655,77,2024,10,26,長水路,チーム,17,4×50mメドレーリレー,混合,160～199歳,171,2:21.53,,3,,2,鶴谷学,,セ・二俣川,27.31,,,,,,,,,2:07.28,1:55.11,1:53.25,4/10
656,77,2024,10,26,長水路,チーム,17,4×50mメドレーリレー,混合,160～199歳,171,2:21.53,,4,,2,吉池奈々,,セ・二俣川,38.14,,,,,,,,,2:07.28,1:55.11,1:53.25,4/10
657,77,2024,10,26,長水路,チーム,17,4×50mメドレーリレー,混合,160～199歳,196,2:30.19,,1,,3,河野大和,,ザバス川崎,33.81,,,,,,,,,2:07.28,1:55.11,1:53.25,2/6
658,77,2024,10,26,長水路,チーム,17,4×50mメドレーリレー,混合,160～199歳,196,2:30.19,,2,,3,古川賢一郎,,ザバス川崎,46.59,,,,,,,,,2:07.28,1:55.11,1:53.25,2/6
659,77,2024,10,26,長水路,チーム,17,4×50mメドレーリレー,混合,160～199歳,196,2:30.19,,3,,3,日下幸子,,ザバス川崎,35.91,,,,,,,,,2:07.28,1:55.11,1:53.25,2/6
660,77,2024,10,26,長水路,チーム,17,4×50mメドレーリレー,混合,160～199歳,196,2:30.19,,4,,3,錦織佳奈子,,ザバス川崎,33.88,,,,,,,,,2:07.28,1:55.11,1:53.25,2/6
661,77,2024,10,26,長水路,チーム,17,4×50mメドレーリレー,混合,160～199歳,192,2:34.15,,1,,4,羽田浩一,,セ・成城,37.19,,,,,,,,,2:07.28,1:55.11,1:53.25,3/9
662,77,2024,10,26,長水路,チーム,17,4×50mメドレーリレー,混合,160～199歳,192,2:34.15,,2,,4,伊藤ゆかり,,セ・成城,51.31,,,,,,,,,2:07.28,1:55.11,1:53.25,3/9
663,77,2024,10,26,長水路,チーム,17,4×50mメドレーリレー,混合,160～199歳,192,2:34.15,,3,,4,村上守,,セ・成城,30.99,,,,,,,,,2:07.28,1:55.11,1:53.25,3/9
664,77,2024,10,26,長水路,チーム,17,4×50mメドレーリレー,混合,160～199歳,192,2:34.15,,4,,4,岩田愛恵,,セ・成城,34.66,,,,,,,,,2:07.28,1:55.11,1:53.25,3/9
665,77,2024,10,26,長水路,チーム,17,4×50mメドレーリレー,混合,160～199歳,170,2:35.57,,1,,5,糸川永利子,,セ・用賀,51.35,,,,,,,,,2:07.28,1:55.11,1:53.25,3/1
666,77,2024,10,26,長水路,チーム,17,4×50mメドレーリレー,混合,160～199歳,170,2:35.57,,2,,5,青木海斗,,セ・用賀,31.95,,,,,,,,,2:07.28,1:55.11,1:53.25,3/1
667,77,2024,10,26,長水路,チーム,17,4×50mメドレーリレー,混合,160～199歳,170,2:35.57,,3,,5,大家萌実,,セ・用賀,35.54,,,,,,,,,2:07.28,1:55.11,1:53.25,3/1
668,77,2024,10,26,長水路,チーム,17,4×50mメドレーリレー,混合,160～199歳,170,2:35.57,,4,,5,吉峯幸郎,,セ・用賀,36.73,,,,,,,,,2:07.28,1:55.11,1:53.25,3/1
669,77,2024,10,26,長水路,チーム,17,4×50mメドレーリレー,混合,160～199歳,182,2:57.85,,1,,6,田中香苗,,セ・青砥,58.00,,,,,,,,,2:07.28,1:55.11,1:53.25,1/3
670,77,2024,10,26,長水路,チーム,17,4×50mメドレーリレー,混合,160～199歳,182,2:57.85,,2,,6,角田優佳里,,セ・青砥,52.17,,,,,,,,,2:07.28,1:55.11,1:53.25,1/3
671,77,2024,10,26,長水路,チーム,17,4×50mメドレーリレー,混合,160～199歳,182,2:57.85,,3,,6,武本侑己,,セ・青砥,30.78,,,,,,,,,2:07.28,1:55.11,1:53.25,1/3
672,77,2024,10,26,長水路,チーム,17,4×50mメドレーリレー,混合,160～199歳,182,2:57.85,,4,,6,中村浩司,,セ・青砥,36.90,,,,,,,,,2:07.28,1:55.11,1:53.25,1/3
673,77,2024,10,26,長水路,チーム,17,4×50mメドレーリレー,混合,120～159歳,126,2:08.39,,1,,1,仲田笑美,,セ・成城,35.74,,,,,,,,,2:01.01,1:52.24,1:49.61,4/6
674,77,2024,10,26,長水路,チーム,17,4×50mメドレーリレー,混合,120～159歳,126,2:08.39,,2,,1,梅林大貴,,セ・成城,34.31,,,,,,,,,2:01.01,1:52.24,1:49.61,4/6
675,77,2024,10,26,長水路,チーム,17,4×50mメドレーリレー,混合,120～159歳,126,2:08.39,,3,,1,黒田大介,,セ・成城,27.56,,,,,,,,,2:01.01,1:52.24,1:49.61,4/6
676,77,2024,10,26,長水路,チーム,17,4×50mメドレーリレー,混合,120～159歳,126,2:08.39,,4,,1,佐々木彩,,セ・成城,30.78,,,,,,,,,2:01.01,1:52.24,1:49.61,4/6
677,77,2024,10,26,長水路,チーム,17,4×50mメドレーリレー,混合,120～159歳,146,2:10.22,,1,,2,佐々木美佐,,セ・平塚,38.15,,,,,,,,,2:01.01,1:52.24,1:49.61,4/2
678,77,2024,10,26,長水路,チーム,17,4×50mメドレーリレー,混合,120～159歳,146,2:10.22,,2,,2,増田究,,セ・平塚,31.71,,,,,,,,,2:01.01,1:52.24,1:49.61,4/2
679,77,2024,10,26,長水路,チーム,17,4×50mメドレーリレー,混合,120～159歳,146,2:10.22,,3,,2,土屋大貴,,セ・平塚,27.05,,,,,,,,,2:01.01,1:52.24,1:49.61,4/2
680,77,2024,10,26,長水路,チーム,17,4×50mメドレーリレー,混合,120～159歳,146,2:10.22,,4,,2,足立知実,,セ・平塚,33.31,,,,,,,,,2:01.01,1:52.24,1:49.61,4/2
681,77,2024,10,26,長水路,チーム,17,4×50mメドレーリレー,混合,120～159歳,154,2:10.72,,1,,3,高橋美波,,セ・武蔵小杉,35.59,,,,,,,,,2:01.01,1:52.24,1:49.61,4/5
682,77,2024,10,26,長水路,チーム,17,4×50mメドレーリレー,混合,120～159歳,154,2:10.72,,2,,3,西尾直人,,セ・武蔵小杉,32.89,,,,,,,,,2:01.01,1:52.24,1:49.61,4/5
683,77,2024,10,26,長水路,チーム,17,4×50mメドレーリレー,混合,120～159歳,154,2:10.72,,3,,3,中村良樹,,セ・武蔵小杉,31.34,,,,,,,,,2:01.01,1:52.24,1:49.61,4/5
684,77,2024,10,26,長水路,チーム,17,4×50mメドレーリレー,混合,120～159歳,154,2:10.72,,4,,3,田中美鈴,,セ・武蔵小杉,30.90,,,,,,,,,2:01.01,1:52.24,1:49.61,4/5
685,77,2024,10,26,長水路,チーム,17,4×50mメドレーリレー,混合,120～159歳,137,2:11.97,,1,,4,竹下菜々美,,セ・二俣川,34.18,,,,,,,,,2:01.01,1:52.24,1:49.61,4/9
686,77,2024,10,26,長水路,チーム,17,4×50mメドレーリレー,混合,120～159歳,137,2:11.97,,2,,4,田中壮一郎,,セ・二俣川,32.76,,,,,,,,,2:01.01,1:52.24,1:49.61,4/9
687,77,2024,10,26,長水路,チーム,17,4×50mメドレーリレー,混合,120～159歳,137,2:11.97,,3,,4,前田崇行,,セ・二俣川,28.72,,,,,,,,,2:01.01,1:52.24,1:49.61,4/9
688,77,2024,10,26,長水路,チーム,17,4×50mメドレーリレー,混合,120～159歳,137,2:11.97,,4,,4,前田由希映,,セ・二俣川,36.31,,,,,,,,,2:01.01,1:52.24,1:49.61,4/9
689,77,2024,10,26,長水路,チーム,17,4×50mメドレーリレー,混合,120～159歳,147,2:15.97,,1,,5,宮本八重,,セ・慶應日吉,37.85,,,,,,,,,2:01.01,1:52.24,1:49.61,4/1
690,77,2024,10,26,長水路,チーム,17,4×50mメドレーリレー,混合,120～159歳,147,2:15.97,,2,,5,前畑章子,,セ・慶應日吉,45.03,,,,,,,,,2:01.01,1:52.24,1:49.61,4/1
691,77,2024,10,26,長水路,チーム,17,4×50mメドレーリレー,混合,120～159歳,147,2:15.97,,3,,5,高見沢重倫,,セ・慶應日吉,27.80,,,,,,,,,2:01.01,1:52.24,1:49.61,4/1
692,77,2024,10,26,長水路,チーム,17,4×50mメドレーリレー,混合,120～159歳,147,2:15.97,,4,,5,菅原啓,,セ・慶應日吉,25.29,,,,,,,,,2:01.01,1:52.24,1:49.61,4/1
693,77,2024,10,26,長水路,チーム,17,4×50mメドレーリレー,混合,120～159歳,140,2:20.29,,1,,6,小野真佐子,,セ・阿佐谷,39.73,,,,,,,,,2:01.01,1:52.24,1:49.61,3/6
694,77,2024,10,26,長水路,チーム,17,4×50mメドレーリレー,混合,120～159歳,140,2:20.29,,2,,6,和田亮,,セ・阿佐谷,40.10,,,,,,,,,2:01.01,1:52.24,1:49.61,3/6
695,77,2024,10,26,長水路,チーム,17,4×50mメドレーリレー,混合,120～159歳,140,2:20.29,,3,,6,椎本恭平,,セ・阿佐谷,28.62,,,,,,,,,2:01.01,1:52.24,1:49.61,3/6
696,77,2024,10,26,長水路,チーム,17,4×50mメドレーリレー,混合,120～159歳,140,2:20.29,,4,,6,今井恵子,,セ・阿佐谷,31.84,,,,,,,,,2:01.01,1:52.24,1:49.61,3/6
697,77,2024,10,26,長水路,チーム,17,4×50mメドレーリレー,混合,120～159歳,138,2:21.13,,1,,7,萩原ゆりか,,セ・天王洲,40.41,,,,,,,,,2:01.01,1:52.24,1:49.61,3/8
698,77,2024,10,26,長水路,チーム,17,4×50mメドレーリレー,混合,120～159歳,138,2:21.13,,2,,7,加間英貴,,セ・天王洲,37.21,,,,,,,,,2:01.01,1:52.24,1:49.61,3/8
699,77,2024,10,26,長水路,チーム,17,4×50mメドレーリレー,混合,120～159歳,138,2:21.13,,3,,7,小野健,,セ・天王洲,29.70,,,,,,,,,2:01.01,1:52.24,1:49.61,3/8
700,77,2024,10,26,長水路,チーム,17,4×50mメドレーリレー,混合,120～159歳,138,2:21.13,,4,,7,四井美穂,,セ・天王洲,33.81,,,,,,,,,2:01.01,1:52.24,1:49.61,3/8
701,77,2024,10,26,長水路,チーム,17,4×50mメドレーリレー,混合,120～159歳,135,2:28.42,,1,,8,李鎬善,,セ・目黒,47.12,,,,,,,,,2:01.01,1:52.24,1:49.61,3/3
702,77,2024,10,26,長水路,チーム,17,4×50mメドレーリレー,混合,120～159歳,135,2:28.42,,2,,8,兵藤鋭雄,,セ・目黒,42.45,,,,,,,,,2:01.01,1:52.24,1:49.61,3/3
703,77,2024,10,26,長水路,チーム,17,4×50mメドレーリレー,混合,120～159歳,135,2:28.42,,3,,8,相原健吾,,セ・目黒,28.25,,,,,,,,,2:01.01,1:52.24,1:49.61,3/3
704,77,2024,10,26,長水路,チーム,17,4×50mメドレーリレー,混合,120～159歳,135,2:28.42,,4,,8,佐報玖弥,,セ・目黒,30.60,,,,,,,,,2:01.01,1:52.24,1:49.61,3/3
705,77,2024,10,26,長水路,チーム,17,4×50mメドレーリレー,混合,120～159歳,156,2:36.41,,1,,9,宮林佑妃,,セ・長津田,51.83,,,,,,,,,2:01.01,1:52.24,1:49.61,3/7
706,77,2024,10,26,長水路,チーム,17,4×50mメドレーリレー,混合,120～159歳,156,2:36.41,,2,,9,岡村勝重,,セ・長津田,37.88,,,,,,,,,2:01.01,1:52.24,1:49.61,3/7
707,77,2024,10,26,長水路,チーム,17,4×50mメドレーリレー,混合,120～159歳,156,2:36.41,,3,,9,村田拓斗,,セ・長津田,28.53,,,,,,,,,2:01.01,1:52.24,1:49.61,3/7
708,77,2024,10,26,長水路,チーム,17,4×50mメドレーリレー,混合,120～159歳,156,2:36.41,,4,,9,久保かおり,,セ・長津田,38.17,,,,,,,,,2:01.01,1:52.24,1:49.61,3/7
709,77,2024,10,26,長水路,チーム,17,4×50mメドレーリレー,混合,120～159歳,154,2:46.95,,1,,10,村岡礼奈,,セ・桶川北本,44.90,,,,,,,,,2:01.01,1:52.24,1:49.61,2/4
710,77,2024,10,26,長水路,チーム,17,4×50mメドレーリレー,混合,120～159歳,154,2:46.95,,2,,10,村岡貴子,,セ・桶川北本,54.50,,,,,,,,,2:01.01,1:52.24,1:49.61,2/4
711,77,2024,10,26,長水路,チーム,17,4×50mメドレーリレー,混合,120～159歳,154,2:46.95,,3,,10,吉川重行,,セ・桶川北本,30.25,,,,,,,,,2:01.01,1:52.24,1:49.61,2/4
712,77,2024,10,26,長水路,チーム,17,4×50mメドレーリレー,混合,120～159歳,154,2:46.95,,4,,10,清水大輔,,セ・桶川北本,37.30,,,,,,,,,2:01.01,1:52.24,1:49.61,2/4
713,77,2024,10,26,長水路,チーム,17,4×50mメドレーリレー,混合,72～119歳,100,2:08.39,,1,,1,広瀬幸音,,セ・成城,35.92,,,,,,,,,2:00.62,1:48.98,1:47.29,4/4
714,77,2024,10,26,長水路,チーム,17,4×50mメドレーリレー,混合,72～119歳,100,2:08.39,,2,,1,小林和矢,,セ・成城,33.20,,,,,,,,,2:00.62,1:48.98,1:47.29,4/4
715,77,2024,10,26,長水路,チーム,17,4×50mメドレーリレー,混合,72～119歳,100,2:08.39,,3,,1,宮田遼太,,セ・成城,27.79,,,,,,,,,2:00.62,1:48.98,1:47.29,4/4
716,77,2024,10,26,長水路,チーム,17,4×50mメドレーリレー,混合,72～119歳,100,2:08.39,,4,,1,宮田さくら,,セ・成城,31.48,,,,,,,,,2:00.62,1:48.98,1:47.29,4/4
717,77,2024,10,26,長水路,チーム,17,4×50mメドレーリレー,混合,72～119歳,86,2:12.60,,1,,2,長崎千怜,,セ・長津田,35.82,,,,,,,,,2:00.62,1:48.98,1:47.29,4/7
718,77,2024,10,26,長水路,チーム,17,4×50mメドレーリレー,混合,72～119歳,86,2:12.60,,2,,2,竹下翔,,セ・長津田,37.51,,,,,,,,,2:00.62,1:48.98,1:47.29,4/7
719,77,2024,10,26,長水路,チーム,17,4×50mメドレーリレー,混合,72～119歳,86,2:12.60,,3,,2,村田雅治,,セ・長津田,30.29,,,,,,,,,2:00.62,1:48.98,1:47.29,4/7
720,77,2024,10,26,長水路,チーム,17,4×50mメドレーリレー,混合,72～119歳,86,2:12.60,,4,,2,高橋紗良,,セ・長津田,28.98,,,,,,,,,2:00.62,1:48.98,1:47.29,4/7
721,77,2024,10,26,長水路,チーム,17,4×50mメドレーリレー,混合,72～119歳,94,2:13.98,,1,,3,表侑寿,,セ・二俣川,35.12,,,,,,,,,2:00.62,1:48.98,1:47.29,4/3
722,77,2024,10,26,長水路,チーム,17,4×50mメドレーリレー,混合,72～119歳,94,2:13.98,,2,,3,深堀陽子,,セ・二俣川,42.59,,,,,,,,,2:00.62,1:48.98,1:47.29,4/3
723,77,2024,10,26,長水路,チーム,17,4×50mメドレーリレー,混合,72～119歳,94,2:13.98,,3,,3,山﨑陸真,,セ・二俣川,29.55,,,,,,,,,2:00.62,1:48.98,1:47.29,4/3
724,77,2024,10,26,長水路,チーム,17,4×50mメドレーリレー,混合,72～119歳,94,2:13.98,,4,,3,田中啓二朗,,セ・二俣川,26.72,,,,,,,,,2:00.62,1:48.98,1:47.29,4/3
725,77,2024,10,26,長水路,チーム,17,4×50mメドレーリレー,混合,72～119歳,84,2:14.46,,1,,4,伊藤愛羅,,セ・八王子,38.34,,,,,,,,,2:00.62,1:48.98,1:47.29,3/5
726,77,2024,10,26,長水路,チーム,17,4×50mメドレーリレー,混合,72～119歳,84,2:14.46,,2,,4,木村隼人,,セ・八王子,32.58,,,,,,,,,2:00.62,1:48.98,1:47.29,3/5
727,77,2024,10,26,長水路,チーム,17,4×50mメドレーリレー,混合,72～119歳,84,2:14.46,,3,,4,和澤情,,セ・八王子,28.61,,,,,,,,,2:00.62,1:48.98,1:47.29,3/5
728,77,2024,10,26,長水路,チーム,17,4×50mメドレーリレー,混合,72～119歳,84,2:14.46,,4,,4,寺本茉冬,,セ・八王子,34.93,,,,,,,,,2:00.62,1:48.98,1:47.29,3/5
729,77,2024,10,26,長水路,チーム,18,4×100mメドレーリレー,女子,240～279歳,245,6:42.37,,1,,1,上野真弓,,セ・二俣川,49.23,,,,,,,,,6:21.43,5:29.51,5:19.05,1/7
730,77,2024,10,26,長水路,チーム,18,4×100mメドレーリレー,女子,240～279歳,245,6:42.37,,2,,1,野島久枝,,セ・二俣川,48.85,,,,,,,,,6:21.43,5:29.51,5:19.05,1/7
731,77,2024,10,26,長水路,チーム,18,4×100mメドレーリレー,女子,240～279歳,245,6:42.37,,3,,1,武井麻知子,,セ・二俣川,46.64,,,,,,,,,6:21.43,5:29.51,5:19.05,1/7
732,77,2024,10,26,長水路,チーム,18,4×100mメドレーリレー,女子,240～279歳,245,6:42.37,,4,,1,盛田真規子,,セ・二俣川,43.13,,,,,,,,,6:21.43,5:29.51,5:19.05,1/7
733,77,2024,10,26,長水路,チーム,18,4×100mメドレーリレー,女子,240～279歳,247,7:02.89,,1,,2,高見沢ゆみ子,,セ・慶應日吉,51.45,,,,,,,,,6:21.43,5:29.51,5:19.05,1/9
734,77,2024,10,26,長水路,チーム,18,4×100mメドレーリレー,女子,240～279歳,247,7:02.89,,2,,2,前畑章子,,セ・慶應日吉,46.26,,,,,,,,,6:21.43,5:29.51,5:19.05,1/9
735,77,2024,10,26,長水路,チーム,18,4×100mメドレーリレー,女子,240～279歳,247,7:02.89,,3,,2,広瀬百合香,,セ・慶應日吉,53.24,,,,,,,,,6:21.43,5:29.51,5:19.05,1/9
736,77,2024,10,26,長水路,チーム,18,4×100mメドレーリレー,女子,240～279歳,247,7:02.89,,4,,2,田村明美,,セ・慶應日吉,45.98,,,,,,,,,6:21.43,5:29.51,5:19.05,1/9
737,77,2024,10,26,長水路,チーム,18,4×100mメドレーリレー,女子,240～279歳,260,7:23.99,,1,,3,菅和江,,セ・戸塚,57.21,,,,,,,,,6:21.43,5:29.51,5:19.05,1/10
738,77,2024,10,26,長水路,チーム,18,4×100mメドレーリレー,女子,240～279歳,260,7:23.99,,2,,3,菅井道子,,セ・戸塚,1:03.31,,,,,,,,,6:21.43,5:29.51,5:19.05,1/10
739,77,2024,10,26,長水路,チーム,18,4×100mメドレーリレー,女子,240～279歳,260,7:23.99,,3,,3,広瀬百合香,,セ・戸塚,36.73,,,,,,,,,6:21.43,5:29.51,5:19.05,1/10
740,77,2024,10,26,長水路,チーム,18,4×100mメドレーリレー,女子,240～279歳,260,7:23.99,,4,,3,日和久美子,,セ・戸塚,48.24,,,,,,,,,6:21.43,5:29.51,5:19.05,1/10
741,77,2024,10,26,長水路,チーム,18,4×100mメドレーリレー,女子,240～279歳,252,7:25.64,,1,,4,山本由起子,,セ・南千住,48.87,,,,,,,,,6:21.43,5:29.51,5:19.05,1/2
742,77,2024,10,26,長水路,チーム,18,4×100mメドレーリレー,女子,240～279歳,252,7:25.64,,2,,4,田原文月,,セ・南千住,48.59,,,,,,,,,6:21.43,5:29.51,5:19.05,1/2
743,77,2024,10,26,長水路,チーム,18,4×100mメドレーリレー,女子,240～279歳,252,7:25.64,,3,,4,下川喜美枝,,セ・南千住,59.55,,,,,,,,,6:21.43,5:29.51,5:19.05,1/2
744,77,2024,10,26,長水路,チーム,18,4×100mメドレーリレー,女子,240～279歳,252,7:25.64,,4,,4,古宇田淳子,,セ・南千住,45.94,,,,,,,,,6:21.43,5:29.51,5:19.05,1/2
745,77,2024,10,26,長水路,チーム,18,4×100mメドレーリレー,女子,240～279歳,266,9:17.39,,1,,5,宮田ひとみ,,セ・阿佐谷,1:02.01,,,,,,,,,6:21.43,5:29.51,5:19.05,1/1
746,77,2024,10,26,長水路,チーム,18,4×100mメドレーリレー,女子,240～279歳,266,9:17.39,,2,,5,渡邉登美子,,セ・阿佐谷,1:10.37,,,,,,,,,6:21.43,5:29.51,5:19.05,1/1
747,77,2024,10,26,長水路,チーム,18,4×100mメドレーリレー,女子,240～279歳,266,9:17.39,,3,,5,近藤みゆき,,セ・阿佐谷,1:12.64,,,,,,,,,6:21.43,5:29.51,5:19.05,1/1
748,77,2024,10,26,長水路,チーム,18,4×100mメドレーリレー,女子,240～279歳,266,9:17.39,,4,,5,三嶋祐子,,セ・阿佐谷,54.08,,,,,,,,,6:21.43,5:29.51,5:19.05,1/1
749,77,2024,10,26,長水路,チーム,18,4×100mメドレーリレー,女子,200～239歳,224,6:11.06,,1,,1,茂櫛典子,,セ・成城,52.36,,,,,,,,,5:42.41,5:04.80,4:54.41,1/4
750,77,2024,10,26,長水路,チーム,18,4×100mメドレーリレー,女子,200～239歳,224,6:11.06,,2,,1,佐藤洋子,,セ・成城,48.08,,,,,,,,,5:42.41,5:04.80,4:54.41,1/4
751,77,2024,10,26,長水路,チーム,18,4×100mメドレーリレー,女子,200～239歳,224,6:11.06,,3,,1,仲田久美子,,セ・成城,41.65,,,,,,,,,5:42.41,5:04.80,4:54.41,1/4
752,77,2024,10,26,長水路,チーム,18,4×100mメドレーリレー,女子,200～239歳,224,6:11.06,,4,,1,羽田文,,セ・成城,35.32,,,,,,,,,5:42.41,5:04.80,4:54.41,1/4
753,77,2024,10,26,長水路,チーム,18,4×100mメドレーリレー,女子,200～239歳,200,6:39.55,,1,,2,草野茜,,セ・二俣川,47.53,,,,,,,,,5:42.41,5:04.80,4:54.41,1/3
754,77,2024,10,26,長水路,チーム,18,4×100mメドレーリレー,女子,200～239歳,200,6:39.55,,2,,2,永瀬秀子,,セ・二俣川,49.54,,,,,,,,,5:42.41,5:04.80,4:54.41,1/3
755,77,2024,10,26,長水路,チーム,18,4×100mメドレーリレー,女子,200～239歳,200,6:39.55,,3,,2,吉池奈々,,セ・二俣川,48.84,,,,,,,,,5:42.41,5:04.80,4:54.41,1/3
756,77,2024,10,26,長水路,チーム,18,4×100mメドレーリレー,女子,200～239歳,200,6:39.55,,4,,2,前田由希映,,セ・二俣川,43.28,,,,,,,,,5:42.41,5:04.80,4:54.41,1/3
757,77,2024,10,26,長水路,チーム,18,4×100mメドレーリレー,女子,160～199歳,162,6:04.78,,1,,1,棚網恵理,,セ・阿佐谷,45.83,,,,,,,,,5:17.33,4:42.46,4:40.42,1/6
758,77,2024,10,26,長水路,チーム,18,4×100mメドレーリレー,女子,160～199歳,162,6:04.78,,2,,1,三宅信花,,セ・阿佐谷,44.63,,,,,,,,,5:17.33,4:42.46,4:40.42,1/6
759,77,2024,10,26,長水路,チーム,18,4×100mメドレーリレー,女子,160～199歳,162,6:04.78,,3,,1,今井恵子,,セ・阿佐谷,40.64,,,,,,,,,5:17.33,4:42.46,4:40.42,1/6
760,77,2024,10,26,長水路,チーム,18,4×100mメドレーリレー,女子,160～199歳,162,6:04.78,,4,,1,小野真佐子,,セ・阿佐谷,37.73,,,,,,,,,5:17.33,4:42.46,4:40.42,1/6
761,77,2024,10,26,長水路,チーム,18,4×100mメドレーリレー,女子,160～199歳,180,6:46.59,,1,,2,井上唯,,セ・慶應日吉,45.58,,,,,,,,,5:17.33,4:42.46,4:40.42,1/8
762,77,2024,10,26,長水路,チーム,18,4×100mメドレーリレー,女子,160～199歳,180,6:46.59,,2,,2,RacaruGabriela,,セ・慶應日吉,49.07,,,,,,,,,5:17.33,4:42.46,4:40.42,1/8
763,77,2024,10,26,長水路,チーム,18,4×100mメドレーリレー,女子,160～199歳,180,6:46.59,,3,,2,井手敦子,,セ・慶應日吉,53.75,,,,,,,,,5:17.33,4:42.46,4:40.42,1/8
764,77,2024,10,26,長水路,チーム,18,4×100mメドレーリレー,女子,160～199歳,180,6:46.59,,4,,2,福本麻美,,セ・慶應日吉,39.17,,,,,,,,,5:17.33,4:42.46,4:40.42,1/8
765,77,2024,10,26,長水路,チーム,18,4×100mメドレーリレー,女子,72～119歳,100,5:30.01,,1,,1,表侑寿,,セ・二俣川,36.37,,,,,,,,,5:07.97,4:30.81,4:30.81,1/5
766,77,2024,10,26,長水路,チーム,18,4×100mメドレーリレー,女子,72～119歳,100,5:30.01,,2,,1,深堀陽子,,セ・二俣川,45.72,,,,,,,,,5:07.97,4:30.81,4:30.81,1/5
767,77,2024,10,26,長水路,チーム,18,4×100mメドレーリレー,女子,72～119歳,100,5:30.01,,3,,1,竹下菜々美,,セ・二俣川,33.28,,,,,,,,,5:07.97,4:30.81,4:30.81,1/5
768,77,2024,10,26,長水路,チーム,18,4×100mメドレーリレー,女子,72～119歳,100,5:30.01,,4,,1,松本彩花,,セ・二俣川,37.60,,,,,,,,,5:07.97,4:30.81,4:30.81,1/5
769,77,2024,10,26,長水路,チーム,19,4×100mメドレーリレー,男子,280～319歳,281,6:10.39,,1,,1,吉村進,,セ・阿佐谷,47.39,,,,,,,,TRUE,7:08.16,5:14.37,5:07.90,1/3
770,77,2024,10,26,長水路,チーム,19,4×100mメドレーリレー,男子,280～319歳,281,6:10.39,,2,,1,村田幸士郎,,セ・阿佐谷,47.51,,,,,,,,TRUE,7:08.16,5:14.37,5:07.90,1/3
771,77,2024,10,26,長水路,チーム,19,4×100mメドレーリレー,男子,280～319歳,281,6:10.39,,3,,1,吉原一彦,,セ・阿佐谷,35.48,,,,,,,,TRUE,7:08.16,5:14.37,5:07.90,1/3
772,77,2024,10,26,長水路,チーム,19,4×100mメドレーリレー,男子,280～319歳,281,6:10.39,,4,,1,折居彰,,セ・阿佐谷,44.53,,,,,,,,TRUE,7:08.16,5:14.37,5:07.90,1/3
773,77,2024,10,26,長水路,チーム,19,4×100mメドレーリレー,男子,200～239歳,202,5:13.14,,1,,1,下家成人,,セ・二俣川,37.93,,,,,,,,,4:43.82,4:15.90,4:13.76,1/4
774,77,2024,10,26,長水路,チーム,19,4×100mメドレーリレー,男子,200～239歳,202,5:13.14,,2,,1,草野剛史,,セ・二俣川,45.73,,,,,,,,,4:43.82,4:15.90,4:13.76,1/4
775,77,2024,10,26,長水路,チーム,19,4×100mメドレーリレー,男子,200～239歳,202,5:13.14,,3,,1,堀川広祐,,セ・二俣川,33.76,,,,,,,,,4:43.82,4:15.90,4:13.76,1/4
776,77,2024,10,26,長水路,チーム,19,4×100mメドレーリレー,男子,200～239歳,202,5:13.14,,4,,1,永瀬知之,,セ・二俣川,29.46,,,,,,,,,4:43.82,4:15.90,4:13.76,1/4
777,77,2024,10,26,長水路,チーム,19,4×100mメドレーリレー,男子,200～239歳,204,5:15.18,,1,,2,宮川則仁,,セ・大宮宮原,43.08,,,,,,,,,4:43.82,4:15.90,4:13.76,1/6
778,77,2024,10,26,長水路,チーム,19,4×100mメドレーリレー,男子,200～239歳,204,5:15.18,,2,,2,阿部憲一,,セ・大宮宮原,38.77,,,,,,,,,4:43.82,4:15.90,4:13.76,1/6
779,77,2024,10,26,長水路,チーム,19,4×100mメドレーリレー,男子,200～239歳,204,5:15.18,,3,,2,川瀬健次,,セ・大宮宮原,33.00,,,,,,,,,4:43.82,4:15.90,4:13.76,1/6
780,77,2024,10,26,長水路,チーム,19,4×100mメドレーリレー,男子,200～239歳,204,5:15.18,,4,,2,清田真人,,セ・大宮宮原,32.99,,,,,,,,,4:43.82,4:15.90,4:13.76,1/6
781,77,2024,10,26,長水路,チーム,19,4×100mメドレーリレー,男子,200～239歳,208,6:01.42,,1,,3,久保卓士,,セ・天王洲,42.70,,,,,,,,,4:43.82,4:15.90,4:13.76,1/7
782,77,2024,10,26,長水路,チーム,19,4×100mメドレーリレー,男子,200～239歳,208,6:01.42,,2,,3,千葉忠英,,セ・天王洲,44.48,,,,,,,,,4:43.82,4:15.90,4:13.76,1/7
783,77,2024,10,26,長水路,チーム,19,4×100mメドレーリレー,男子,200～239歳,208,6:01.42,,3,,3,倉持公一,,セ・天王洲,34.45,,,,,,,,,4:43.82,4:15.90,4:13.76,1/7
784,77,2024,10,26,長水路,チーム,19,4×100mメドレーリレー,男子,200～239歳,208,6:01.42,,4,,3,佐藤流生,,セ・天王洲,44.07,,,,,,,,,4:43.82,4:15.90,4:13.76,1/7
785,77,2024,10,26,長水路,チーム,19,4×100mメドレーリレー,男子,200～239歳,209,6:31.21,,1,,4,若杉佳宏,,セ・阿佐谷,43.52,,,,,,,,,4:43.82,4:15.90,4:13.76,1/8
786,77,2024,10,26,長水路,チーム,19,4×100mメドレーリレー,男子,200～239歳,209,6:31.21,,2,,4,伴野保志,,セ・阿佐谷,58.63,,,,,,,,,4:43.82,4:15.90,4:13.76,1/8
787,77,2024,10,26,長水路,チーム,19,4×100mメドレーリレー,男子,200～239歳,209,6:31.21,,3,,4,和田亮,,セ・阿佐谷,36.45,,,,,,,,,4:43.82,4:15.90,4:13.76,1/8
788,77,2024,10,26,長水路,チーム,19,4×100mメドレーリレー,男子,200～239歳,209,6:31.21,,4,,4,大川明徳,,セ・阿佐谷,40.44,,,,,,,,,4:43.82,4:15.90,4:13.76,1/8
789,77,2024,10,26,長水路,チーム,19,4×100mメドレーリレー,男子,160～199歳,163,4:33.33,,1,,1,鶴谷学,,セ・二俣川,35.03,,,,,,,,,4:11.57,4:01.27,4:01.27,2/7
790,77,2024,10,26,長水路,チーム,19,4×100mメドレーリレー,男子,160～199歳,163,4:33.33,,2,,1,立石裕太郎,,セ・二俣川,32.19,,,,,,,,,4:11.57,4:01.27,4:01.27,2/7
791,77,2024,10,26,長水路,チーム,19,4×100mメドレーリレー,男子,160～199歳,163,4:33.33,,3,,1,前田崇行,,セ・二俣川,31.71,,,,,,,,,4:11.57,4:01.27,4:01.27,2/7
792,77,2024,10,26,長水路,チーム,19,4×100mメドレーリレー,男子,160～199歳,163,4:33.33,,4,,1,木村知行,,セ・二俣川,29.71,,,,,,,,,4:11.57,4:01.27,4:01.27,2/7
793,77,2024,10,26,長水路,チーム,19,4×100mメドレーリレー,男子,160～199歳,165,4:33.36,,1,,2,棚網宏之,,セ・阿佐谷,34.25,,,,,,,,,4:11.57,4:01.27,4:01.27,2/9
794,77,2024,10,26,長水路,チーム,19,4×100mメドレーリレー,男子,160～199歳,165,4:33.36,,2,,2,和田弘太郎,,セ・阿佐谷,33.80,,,,,,,,,4:11.57,4:01.27,4:01.27,2/9
795,77,2024,10,26,長水路,チーム,19,4×100mメドレーリレー,男子,160～199歳,165,4:33.36,,3,,2,椎本恭平,,セ・阿佐谷,30.79,,,,,,,,,4:11.57,4:01.27,4:01.27,2/9
796,77,2024,10,26,長水路,チーム,19,4×100mメドレーリレー,男子,160～199歳,165,4:33.36,,4,,2,北川貴義,,セ・阿佐谷,29.50,,,,,,,,,4:11.57,4:01.27,4:01.27,2/9
797,77,2024,10,26,長水路,チーム,19,4×100mメドレーリレー,男子,160～199歳,170,4:37.61,,1,,3,図師拓千,,セ・市ヶ尾,36.25,,,,,,,,,4:11.57,4:01.27,4:01.27,2/8
798,77,2024,10,26,長水路,チーム,19,4×100mメドレーリレー,男子,160～199歳,170,4:37.61,,2,,3,木村考太,,セ・市ヶ尾,34.16,,,,,,,,,4:11.57,4:01.27,4:01.27,2/8
799,77,2024,10,26,長水路,チーム,19,4×100mメドレーリレー,男子,160～199歳,170,4:37.61,,3,,3,田窪達,,セ・市ヶ尾,29.45,,,,,,,,,4:11.57,4:01.27,4:01.27,2/8
800,77,2024,10,26,長水路,チーム,19,4×100mメドレーリレー,男子,160～199歳,170,4:37.61,,4,,3,菱川亮太,,セ・市ヶ尾,31.30,,,,,,,,,4:11.57,4:01.27,4:01.27,2/8
801,77,2024,10,26,長水路,チーム,19,4×100mメドレーリレー,男子,160～199歳,193,5:04.89,,1,,4,藤本豊和,,セ・長津田,45.15,,,,,,,,,4:11.57,4:01.27,4:01.27,1/5
802,77,2024,10,26,長水路,チーム,19,4×100mメドレーリレー,男子,160～199歳,193,5:04.89,,2,,4,祖川久茂,,セ・長津田,38.76,,,,,,,,,4:11.57,4:01.27,4:01.27,1/5
803,77,2024,10,26,長水路,チーム,19,4×100mメドレーリレー,男子,160～199歳,193,5:04.89,,3,,4,矢作歩,,セ・長津田,31.87,,,,,,,,,4:11.57,4:01.27,4:01.27,1/5
804,77,2024,10,26,長水路,チーム,19,4×100mメドレーリレー,男子,160～199歳,193,5:04.89,,4,,4,花井一也,,セ・長津田,30.64,,,,,,,,,4:11.57,4:01.27,4:01.27,1/5
805,77,2024,10,26,長水路,チーム,19,4×100mメドレーリレー,男子,160～199歳,193,5:55.24,,1,,5,河野悟,,セ・慶應日吉,36.10,,,,,,,,,4:11.57,4:01.27,4:01.27,1/2
806,77,2024,10,26,長水路,チーム,19,4×100mメドレーリレー,男子,160～199歳,193,5:55.24,,2,,5,菅原啓,,セ・慶應日吉,34.99,,,,,,,,,4:11.57,4:01.27,4:01.27,1/2
807,77,2024,10,26,長水路,チーム,19,4×100mメドレーリレー,男子,160～199歳,193,5:55.24,,3,,5,大塚秀幸,,セ・慶應日吉,51.70,,,,,,,,,4:11.57,4:01.27,4:01.27,1/2
808,77,2024,10,26,長水路,チーム,19,4×100mメドレーリレー,男子,160～199歳,193,5:55.24,,4,,5,森明法,,セ・慶應日吉,37.39,,,,,,,,,4:11.57,4:01.27,4:01.27,1/2
809,77,2024,10,26,長水路,チーム,19,4×100mメドレーリレー,男子,120～159歳,140,4:28.37,,1,,1,松澤朋樹,,セ・武蔵小杉,31.47,,,,,,,,,4:06.23,3:47.54,3:47.54,2/5
810,77,2024,10,26,長水路,チーム,19,4×100mメドレーリレー,男子,120～159歳,140,4:28.37,,2,,1,西尾直人,,セ・武蔵小杉,36.37,,,,,,,,,4:06.23,3:47.54,3:47.54,2/5
811,77,2024,10,26,長水路,チーム,19,4×100mメドレーリレー,男子,120～159歳,140,4:28.37,,3,,1,高木祥一,,セ・武蔵小杉,30.39,,,,,,,,,4:06.23,3:47.54,3:47.54,2/5
812,77,2024,10,26,長水路,チーム,19,4×100mメドレーリレー,男子,120～159歳,140,4:28.37,,4,,1,奥平竜司,,セ・武蔵小杉,27.96,,,,,,,,,4:06.23,3:47.54,3:47.54,2/5
813,77,2024,10,26,長水路,チーム,19,4×100mメドレーリレー,男子,120～159歳,125,4:28.64,,1,,2,皆川雅登,,セ・大宮宮原,40.67,,,,,,,,,4:06.23,3:47.54,3:47.54,2/6
814,77,2024,10,26,長水路,チーム,19,4×100mメドレーリレー,男子,120～159歳,125,4:28.64,,2,,2,石井建幹,,セ・大宮宮原,30.53,,,,,,,,,4:06.23,3:47.54,3:47.54,2/6
815,77,2024,10,26,長水路,チーム,19,4×100mメドレーリレー,男子,120～159歳,125,4:28.64,,3,,2,岡内昭伍,,セ・大宮宮原,29.45,,,,,,,,,4:06.23,3:47.54,3:47.54,2/6
816,77,2024,10,26,長水路,チーム,19,4×100mメドレーリレー,男子,120～159歳,125,4:28.64,,4,,2,日吉将輝,,セ・大宮宮原,28.37,,,,,,,,,4:06.23,3:47.54,3:47.54,2/6
817,77,2024,10,26,長水路,チーム,19,4×100mメドレーリレー,男子,72～119歳,101,4:25.90,,1,,1,小林和矢,,セ・成城,32.38,,,,,,,,,3:59.80,3:46.80,3:46.80,2/4
818,77,2024,10,26,長水路,チーム,19,4×100mメドレーリレー,男子,72～119歳,101,4:25.90,,2,,1,黒田大介,,セ・成城,33.23,,,,,,,,,3:59.80,3:46.80,3:46.80,2/4
819,77,2024,10,26,長水路,チーム,19,4×100mメドレーリレー,男子,72～119歳,101,4:25.90,,3,,1,中西剛,,セ・成城,30.18,,,,,,,,,3:59.80,3:46.80,3:46.80,2/4
820,77,2024,10,26,長水路,チーム,19,4×100mメドレーリレー,男子,72～119歳,101,4:25.90,,4,,1,柿沼龍史,,セ・成城,28.11,,,,,,,,,3:59.80,3:46.80,3:46.80,2/4
821,77,2024,10,26,長水路,チーム,19,4×100mメドレーリレー,男子,72～119歳,117,4:35.11,,1,,2,中村翼,,セ・天王洲,30.91,,,,,,,,,3:59.80,3:46.80,3:46.80,2/2
822,77,2024,10,26,長水路,チーム,19,4×100mメドレーリレー,男子,72～119歳,117,4:35.11,,2,,2,加間英貴,,セ・天王洲,35.59,,,,,,,,,3:59.80,3:46.80,3:46.80,2/2
823,77,2024,10,26,長水路,チーム,19,4×100mメドレーリレー,男子,72～119歳,117,4:35.11,,3,,2,小野健,,セ・天王洲,28.52,,,,,,,,,3:59.80,3:46.80,3:46.80,2/2
824,77,2024,10,26,長水路,チーム,19,4×100mメドレーリレー,男子,72～119歳,117,4:35.11,,4,,2,寺田遼太,,セ・天王洲,30.65,,,,,,,,,3:59.80,3:46.80,3:46.80,2/2
825,77,2024,10,26,長水路,チーム,19,4×100mメドレーリレー,男子,72～119歳,88,4:42.86,,1,,3,田中啓二朗,,セ・二俣川,37.40,,,,,,,,,3:59.80,3:46.80,3:46.80,2/3
826,77,2024,10,26,長水路,チーム,19,4×100mメドレーリレー,男子,72～119歳,88,4:42.86,,2,,3,田中壮一郎,,セ・二俣川,36.64,,,,,,,,,3:59.80,3:46.80,3:46.80,2/3
827,77,2024,10,26,長水路,チーム,19,4×100mメドレーリレー,男子,72～119歳,88,4:42.86,,3,,3,山﨑陸真,,セ・二俣川,29.10,,,,,,,,,3:59.80,3:46.80,3:46.80,2/3
828,77,2024,10,26,長水路,チーム,19,4×100mメドレーリレー,男子,72～119歳,88,4:42.86,,4,,3,秋澤裕介,,セ・二俣川,30.21,,,,,,,,,3:59.80,3:46.80,3:46.80,2/3
829,77,2024,10,26,長水路,チーム,24,4×50mフリーリレー,混合,280～319歳,280,2:30.67,,1,,1,田代眞理子,,セ・成城,41.08,,,,,,,,,2:24.46,2:11.09,2:01.22,2/5
830,77,2024,10,26,長水路,チーム,24,4×50mフリーリレー,混合,280～319歳,280,2:30.67,,2,,1,高梨美樹,,セ・成城,39.26,,,,,,,,,2:24.46,2:11.09,2:01.22,2/5
831,77,2024,10,26,長水路,チーム,24,4×50mフリーリレー,混合,280～319歳,280,2:30.67,,3,,1,木津誠,,セ・成城,35.58,,,,,,,,,2:24.46,2:11.09,2:01.22,2/5
832,77,2024,10,26,長水路,チーム,24,4×50mフリーリレー,混合,280～319歳,280,2:30.67,,4,,1,若宮強,,セ・成城,34.75,,,,,,,,,2:24.46,2:11.09,2:01.22,2/5
833,77,2024,10,26,長水路,チーム,24,4×50mフリーリレー,混合,280～319歳,281,2:32.32,,1,,2,冨松実,,セ・二俣川,32.33,,,,,,,,,2:24.46,2:11.09,2:01.22,2/8
834,77,2024,10,26,長水路,チーム,24,4×50mフリーリレー,混合,280～319歳,281,2:32.32,,2,,2,近藤ひな子,,セ・二俣川,38.17,,,,,,,,,2:24.46,2:11.09,2:01.22,2/8
835,77,2024,10,26,長水路,チーム,24,4×50mフリーリレー,混合,280～319歳,281,2:32.32,,3,,2,清水裕子,,セ・二俣川,43.14,,,,,,,,,2:24.46,2:11.09,2:01.22,2/8
836,77,2024,10,26,長水路,チーム,24,4×50mフリーリレー,混合,280～319歳,281,2:32.32,,4,,2,香川左近,,セ・二俣川,38.68,,,,,,,,,2:24.46,2:11.09,2:01.22,2/8
837,77,2024,10,26,長水路,チーム,24,4×50mフリーリレー,混合,280～319歳,281,2:42.03,,1,,3,山元修一,,セ・葛西,38.61,,,,,,,,,2:24.46,2:11.09,2:01.22,1/4
838,77,2024,10,26,長水路,チーム,24,4×50mフリーリレー,混合,280～319歳,281,2:42.03,,2,,3,大内洋,,セ・葛西,43.87,,,,,,,,,2:24.46,2:11.09,2:01.22,1/4
839,77,2024,10,26,長水路,チーム,24,4×50mフリーリレー,混合,280～319歳,281,2:42.03,,3,,3,青砥美智子,,セ・葛西,43.84,,,,,,,,,2:24.46,2:11.09,2:01.22,1/4
840,77,2024,10,26,長水路,チーム,24,4×50mフリーリレー,混合,280～319歳,281,2:42.03,,4,,3,菅野泰子,,セ・葛西,35.71,,,,,,,,,2:24.46,2:11.09,2:01.22,1/4
841,77,2024,10,26,長水路,チーム,24,4×50mフリーリレー,混合,280～319歳,285,2:53.98,,1,,4,井上隆史,,セ・市ヶ尾,44.85,,,,,,,,,2:24.46,2:11.09,2:01.22,1/6
842,77,2024,10,26,長水路,チーム,24,4×50mフリーリレー,混合,280～319歳,285,2:53.98,,2,,4,荒深なみ,,セ・市ヶ尾,52.83,,,,,,,,,2:24.46,2:11.09,2:01.22,1/6
843,77,2024,10,26,長水路,チーム,24,4×50mフリーリレー,混合,280～319歳,285,2:53.98,,3,,4,原昌代,,セ・市ヶ尾,46.74,,,,,,,,,2:24.46,2:11.09,2:01.22,1/6
844,77,2024,10,26,長水路,チーム,24,4×50mフリーリレー,混合,280～319歳,285,2:53.98,,4,,4,菊池千二,,セ・市ヶ尾,29.56,,,,,,,,,2:24.46,2:11.09,2:01.22,1/6
845,77,2024,10,26,長水路,チーム,24,4×50mフリーリレー,混合,280～319歳,282,2:57.61,,1,,5,戸倉陽子,,セ・慶應日吉,50.59,,,,,,,,,2:24.46,2:11.09,2:01.22,1/7
846,77,2024,10,26,長水路,チーム,24,4×50mフリーリレー,混合,280～319歳,282,2:57.61,,2,,5,森谷登志江,,セ・慶應日吉,38.69,,,,,,,,,2:24.46,2:11.09,2:01.22,1/7
847,77,2024,10,26,長水路,チーム,24,4×50mフリーリレー,混合,280～319歳,282,2:57.61,,3,,5,小田稔,,セ・慶應日吉,48.49,,,,,,,,,2:24.46,2:11.09,2:01.22,1/7
848,77,2024,10,26,長水路,チーム,24,4×50mフリーリレー,混合,280～319歳,282,2:57.61,,4,,5,山本勝,,セ・慶應日吉,39.84,,,,,,,,,2:24.46,2:11.09,2:01.22,1/7
849,77,2024,10,26,長水路,チーム,24,4×50mフリーリレー,混合,240～279歳,246,2:20.69,,1,,1,若杉佳宏,,セ・阿佐谷,30.41,,,,,,,,,2:01.69,1:56.75,1:52.45,4/1
850,77,2024,10,26,長水路,チーム,24,4×50mフリーリレー,混合,240～279歳,246,2:20.69,,2,,1,宮田ひとみ,,セ・阿佐谷,42.20,,,,,,,,,2:01.69,1:56.75,1:52.45,4/1
851,77,2024,10,26,長水路,チーム,24,4×50mフリーリレー,混合,240～279歳,246,2:20.69,,3,,1,野島正代,,セ・阿佐谷,37.75,,,,,,,,,2:01.69,1:56.75,1:52.45,4/1
852,77,2024,10,26,長水路,チーム,24,4×50mフリーリレー,混合,240～279歳,246,2:20.69,,4,,1,吉原一彦,,セ・阿佐谷,30.33,,,,,,,,,2:01.69,1:56.75,1:52.45,4/1
853,77,2024,10,26,長水路,チーム,24,4×50mフリーリレー,混合,240～279歳,247,2:22.30,,1,,2,下家成人,,セ・二俣川,31.02,,,,,,,,,2:01.69,1:56.75,1:52.45,4/10
854,77,2024,10,26,長水路,チーム,24,4×50mフリーリレー,混合,240～279歳,247,2:22.30,,2,,2,野島久枝,,セ・二俣川,38.56,,,,,,,,,2:01.69,1:56.75,1:52.45,4/10
855,77,2024,10,26,長水路,チーム,24,4×50mフリーリレー,混合,240～279歳,247,2:22.30,,3,,2,武井麻知子,,セ・二俣川,37.39,,,,,,,,,2:01.69,1:56.75,1:52.45,4/10
856,77,2024,10,26,長水路,チーム,24,4×50mフリーリレー,混合,240～279歳,247,2:22.30,,4,,2,若島健二,,セ・二俣川,35.33,,,,,,,,,2:01.69,1:56.75,1:52.45,4/10
857,77,2024,10,26,長水路,チーム,24,4×50mフリーリレー,混合,240～279歳,247,2:29.78,,1,,3,山梨英克,,セ・我孫子,36.65,,,,,,,,,2:01.69,1:56.75,1:52.45,1/5
858,77,2024,10,26,長水路,チーム,24,4×50mフリーリレー,混合,240～279歳,247,2:29.78,,2,,3,飯澤美香,,セ・我孫子,34.78,,,,,,,,,2:01.69,1:56.75,1:52.45,1/5
859,77,2024,10,26,長水路,チーム,24,4×50mフリーリレー,混合,240～279歳,247,2:29.78,,3,,3,山梨静枝,,セ・我孫子,43.67,,,,,,,,,2:01.69,1:56.75,1:52.45,1/5
860,77,2024,10,26,長水路,チーム,24,4×50mフリーリレー,混合,240～279歳,247,2:29.78,,4,,3,鈴木幹男,,セ・我孫子,34.68,,,,,,,,,2:01.69,1:56.75,1:52.45,1/5
861,77,2024,10,26,長水路,チーム,24,4×50mフリーリレー,混合,240～279歳,246,2:33.95,,1,,4,池谷千尋,,セ・長津田,32.38,,,,,,,,,2:01.69,1:56.75,1:52.45,2/6
862,77,2024,10,26,長水路,チーム,24,4×50mフリーリレー,混合,240～279歳,246,2:33.95,,2,,4,小池淳子,,セ・長津田,41.45,,,,,,,,,2:01.69,1:56.75,1:52.45,2/6
863,77,2024,10,26,長水路,チーム,24,4×50mフリーリレー,混合,240～279歳,246,2:33.95,,3,,4,三沢弘美,,セ・長津田,43.31,,,,,,,,,2:01.69,1:56.75,1:52.45,2/6
864,77,2024,10,26,長水路,チーム,24,4×50mフリーリレー,混合,240～279歳,246,2:33.95,,4,,4,飯沼明,,セ・長津田,36.81,,,,,,,,,2:01.69,1:56.75,1:52.45,2/6
865,77,2024,10,26,長水路,チーム,24,4×50mフリーリレー,混合,240～279歳,243,2:36.23,,1,,5,佐藤洋子,,セ・成城,36.94,,,,,,,,,2:01.69,1:56.75,1:52.45,2/3
866,77,2024,10,26,長水路,チーム,24,4×50mフリーリレー,混合,240～279歳,243,2:36.23,,2,,5,中井岳郎,,セ・成城,36.14,,,,,,,,,2:01.69,1:56.75,1:52.45,2/3
867,77,2024,10,26,長水路,チーム,24,4×50mフリーリレー,混合,240～279歳,243,2:36.23,,3,,5,松田聡美,,セ・成城,43.41,,,,,,,,,2:01.69,1:56.75,1:52.45,2/3
868,77,2024,10,26,長水路,チーム,24,4×50mフリーリレー,混合,240～279歳,243,2:36.23,,4,,5,浦田昌和,,セ・成城,39.74,,,,,,,,,2:01.69,1:56.75,1:52.45,2/3
869,77,2024,10,26,長水路,チーム,24,4×50mフリーリレー,混合,240～279歳,260,2:40.80,,1,,6,白井清嗣,,セ・大宮宮原,42.12,,,,,,,,,2:01.69,1:56.75,1:52.45,1/3
870,77,2024,10,26,長水路,チーム,24,4×50mフリーリレー,混合,240～279歳,260,2:40.80,,2,,6,幡場達明,,セ・大宮宮原,38.23,,,,,,,,,2:01.69,1:56.75,1:52.45,1/3
871,77,2024,10,26,長水路,チーム,24,4×50mフリーリレー,混合,240～279歳,260,2:40.80,,3,,6,西田三佐子,,セ・大宮宮原,38.10,,,,,,,,,2:01.69,1:56.75,1:52.45,1/3
872,77,2024,10,26,長水路,チーム,24,4×50mフリーリレー,混合,240～279歳,260,2:40.80,,4,,6,坂井慶子,,セ・大宮宮原,42.35,,,,,,,,,2:01.69,1:56.75,1:52.45,1/3
873,77,2024,10,26,長水路,チーム,24,4×50mフリーリレー,混合,240～279歳,246,2:48.67,,1,,7,後藤潤,,セ・成城,40.13,,,,,,,,,2:01.69,1:56.75,1:52.45,2/2
874,77,2024,10,26,長水路,チーム,24,4×50mフリーリレー,混合,240～279歳,246,2:48.67,,2,,7,廣瀬伸子,,セ・成城,45.20,,,,,,,,,2:01.69,1:56.75,1:52.45,2/2
875,77,2024,10,26,長水路,チーム,24,4×50mフリーリレー,混合,240～279歳,246,2:48.67,,3,,7,草森理子,,セ・成城,41.32,,,,,,,,,2:01.69,1:56.75,1:52.45,2/2
876,77,2024,10,26,長水路,チーム,24,4×50mフリーリレー,混合,240～279歳,246,2:48.67,,4,,7,安部盛博,,セ・成城,42.02,,,,,,,,,2:01.69,1:56.75,1:52.45,2/2
877,77,2024,10,26,長水路,チーム,24,4×50mフリーリレー,混合,240～279歳,269,2:53.35,,1,,8,吉村進,,セ・阿佐谷,37.94,,,,,,,,,2:01.69,1:56.75,1:52.45,1/8
878,77,2024,10,26,長水路,チーム,24,4×50mフリーリレー,混合,240～279歳,269,2:53.35,,2,,8,大原清美,,セ・阿佐谷,42.72,,,,,,,,,2:01.69,1:56.75,1:52.45,1/8
879,77,2024,10,26,長水路,チーム,24,4×50mフリーリレー,混合,240～279歳,269,2:53.35,,3,,8,近藤みゆき,,セ・阿佐谷,51.82,,,,,,,,,2:01.69,1:56.75,1:52.45,1/8
880,77,2024,10,26,長水路,チーム,24,4×50mフリーリレー,混合,240～279歳,269,2:53.35,,4,,8,折居彰,,セ・阿佐谷,40.87,,,,,,,,,2:01.69,1:56.75,1:52.45,1/8
881,77,2024,10,26,長水路,チーム,24,4×50mフリーリレー,混合,240～279歳,240,3:03.74,,1,,9,楢橋章,,セ・川越,53.52,,,,,,,,,2:01.69,1:56.75,1:52.45,1/2
882,77,2024,10,26,長水路,チーム,24,4×50mフリーリレー,混合,240～279歳,240,3:03.74,,2,,9,杉山規子,,セ・川越,44.95,,,,,,,,,2:01.69,1:56.75,1:52.45,1/2
883,77,2024,10,26,長水路,チーム,24,4×50mフリーリレー,混合,240～279歳,240,3:03.74,,3,,9,岩朋実,,セ・川越,45.63,,,,,,,,,2:01.69,1:56.75,1:52.45,1/2
884,77,2024,10,26,長水路,チーム,24,4×50mフリーリレー,混合,240～279歳,240,3:03.74,,4,,9,今井英大,,セ・川越,39.64,,,,,,,,,2:01.69,1:56.75,1:52.45,1/2
885,77,2024,10,26,長水路,チーム,24,4×50mフリーリレー,混合,200～239歳,213,2:02.87,,1,,1,堀川広祐,,セ・二俣川,28.76,,,,,,,,,1:56.75,1:49.36,1:44.96,4/5
886,77,2024,10,26,長水路,チーム,24,4×50mフリーリレー,混合,200～239歳,213,2:02.87,,2,,1,松川律子,,セ・二俣川,35.02,,,,,,,,,1:56.75,1:49.36,1:44.96,4/5
887,77,2024,10,26,長水路,チーム,24,4×50mフリーリレー,混合,200～239歳,213,2:02.87,,3,,1,永瀬秀子,,セ・二俣川,32.29,,,,,,,,,1:56.75,1:49.36,1:44.96,4/5
888,77,2024,10,26,長水路,チーム,24,4×50mフリーリレー,混合,200～239歳,213,2:02.87,,4,,1,永瀬知之,,セ・二俣川,26.80,,,,,,,,,1:56.75,1:49.36,1:44.96,4/5
889,77,2024,10,26,長水路,チーム,24,4×50mフリーリレー,混合,200～239歳,200,2:07.05,,1,,2,北川貴義,,セ・阿佐谷,28.08,,,,,,,,,1:56.75,1:49.36,1:44.96,4/7
890,77,2024,10,26,長水路,チーム,24,4×50mフリーリレー,混合,200～239歳,200,2:07.05,,2,,2,棚網恵理,,セ・阿佐谷,35.00,,,,,,,,,1:56.75,1:49.36,1:44.96,4/7
891,77,2024,10,26,長水路,チーム,24,4×50mフリーリレー,混合,200～239歳,200,2:07.05,,3,,2,石原なおみ,,セ・阿佐谷,36.04,,,,,,,,,1:56.75,1:49.36,1:44.96,4/7
892,77,2024,10,26,長水路,チーム,24,4×50mフリーリレー,混合,200～239歳,200,2:07.05,,4,,2,棚網宏之,,セ・阿佐谷,27.93,,,,,,,,,1:56.75,1:49.36,1:44.96,4/7
893,77,2024,10,26,長水路,チーム,24,4×50mフリーリレー,混合,200～239歳,209,2:08.79,,1,,3,羽田浩一,,セ・成城,31.05,,,,,,,,,1:56.75,1:49.36,1:44.96,4/8
894,77,2024,10,26,長水路,チーム,24,4×50mフリーリレー,混合,200～239歳,209,2:08.79,,2,,3,高柳祐子,,セ・成城,35.80,,,,,,,,,1:56.75,1:49.36,1:44.96,4/8
895,77,2024,10,26,長水路,チーム,24,4×50mフリーリレー,混合,200～239歳,209,2:08.79,,3,,3,仲田久美子,,セ・成城,34.08,,,,,,,,,1:56.75,1:49.36,1:44.96,4/8
896,77,2024,10,26,長水路,チーム,24,4×50mフリーリレー,混合,200～239歳,209,2:08.79,,4,,3,村上守,,セ・成城,27.86,,,,,,,,,1:56.75,1:49.36,1:44.96,4/8
897,77,2024,10,26,長水路,チーム,24,4×50mフリーリレー,混合,200～239歳,213,2:13.73,,1,,4,廣松伸一,,セ・市ヶ尾,30.93,,,,,,,,,1:56.75,1:49.36,1:44.96,3/6
898,77,2024,10,26,長水路,チーム,24,4×50mフリーリレー,混合,200～239歳,213,2:13.73,,2,,4,白須靖子,,セ・市ヶ尾,36.18,,,,,,,,,1:56.75,1:49.36,1:44.96,3/6
899,77,2024,10,26,長水路,チーム,24,4×50mフリーリレー,混合,200～239歳,213,2:13.73,,3,,4,高橋麻子,,セ・市ヶ尾,34.28,,,,,,,,,1:56.75,1:49.36,1:44.96,3/6
900,77,2024,10,26,長水路,チーム,24,4×50mフリーリレー,混合,200～239歳,213,2:13.73,,4,,4,塚越有宏,,セ・市ヶ尾,32.34,,,,,,,,,1:56.75,1:49.36,1:44.96,3/6
901,77,2024,10,26,長水路,チーム,24,4×50mフリーリレー,混合,200～239歳,227,2:16.19,,1,,5,梅澤亮子,,セ・桶川北本,32.23,,,,,,,,,1:56.75,1:49.36,1:44.96,3/8
902,77,2024,10,26,長水路,チーム,24,4×50mフリーリレー,混合,200～239歳,227,2:16.19,,2,,5,佐藤信弘,,セ・桶川北本,34.57,,,,,,,,,1:56.75,1:49.36,1:44.96,3/8
903,77,2024,10,26,長水路,チーム,24,4×50mフリーリレー,混合,200～239歳,227,2:16.19,,3,,5,山中恵子,,セ・桶川北本,40.40,,,,,,,,,1:56.75,1:49.36,1:44.96,3/8
904,77,2024,10,26,長水路,チーム,24,4×50mフリーリレー,混合,200～239歳,227,2:16.19,,4,,5,原正敏,,セ・桶川北本,28.99,,,,,,,,,1:56.75,1:49.36,1:44.96,3/8
905,77,2024,10,26,長水路,チーム,24,4×50mフリーリレー,混合,200～239歳,207,2:20.47,,1,,6,中原志門,,セ・大森,27.53,,,,,,,,,1:56.75,1:49.36,1:44.96,3/7
906,77,2024,10,26,長水路,チーム,24,4×50mフリーリレー,混合,200～239歳,207,2:20.47,,2,,6,立石由美子,,セ・大森,38.88,,,,,,,,,1:56.75,1:49.36,1:44.96,3/7
907,77,2024,10,26,長水路,チーム,24,4×50mフリーリレー,混合,200～239歳,207,2:20.47,,3,,6,小林名緒子,,セ・大森,43.67,,,,,,,,,1:56.75,1:49.36,1:44.96,3/7
908,77,2024,10,26,長水路,チーム,24,4×50mフリーリレー,混合,200～239歳,207,2:20.47,,4,,6,浅田康朗,,セ・大森,30.39,,,,,,,,,1:56.75,1:49.36,1:44.96,3/7
909,77,2024,10,26,長水路,チーム,24,4×50mフリーリレー,混合,200～239歳,232,2:25.08,,1,,7,加藤大輔,,セ・横浜,32.81,,,,,,,,,1:56.75,1:49.36,1:44.96,3/2
910,77,2024,10,26,長水路,チーム,24,4×50mフリーリレー,混合,200～239歳,232,2:25.08,,2,,7,山﨑京子,,セ・横浜,38.09,,,,,,,,,1:56.75,1:49.36,1:44.96,3/2
911,77,2024,10,26,長水路,チーム,24,4×50mフリーリレー,混合,200～239歳,232,2:25.08,,3,,7,大野結実,,セ・横浜,37.72,,,,,,,,,1:56.75,1:49.36,1:44.96,3/2
912,77,2024,10,26,長水路,チーム,24,4×50mフリーリレー,混合,200～239歳,232,2:25.08,,4,,7,二宮博,,セ・横浜,36.46,,,,,,,,,1:56.75,1:49.36,1:44.96,3/2
913,77,2024,10,26,長水路,チーム,24,4×50mフリーリレー,混合,200～239歳,210,2:26.61,,1,,8,矢部裕之,,セ・長津田,29.73,,,,,,,,,1:56.75,1:49.36,1:44.96,3/4
914,77,2024,10,26,長水路,チーム,24,4×50mフリーリレー,混合,200～239歳,210,2:26.61,,2,,8,久保美由紀,,セ・長津田,40.41,,,,,,,,,1:56.75,1:49.36,1:44.96,3/4
915,77,2024,10,26,長水路,チーム,24,4×50mフリーリレー,混合,200～239歳,210,2:26.61,,3,,8,久保とし子,,セ・長津田,41.16,,,,,,,,,1:56.75,1:49.36,1:44.96,3/4
916,77,2024,10,26,長水路,チーム,24,4×50mフリーリレー,混合,200～239歳,210,2:26.61,,4,,8,西野宮冬木,,セ・長津田,30.31,,,,,,,,,1:56.75,1:49.36,1:44.96,3/4
917,77,2024,10,26,長水路,チーム,24,4×50mフリーリレー,混合,200～239歳,230,2:40.97,,1,,9,谷美希子,,セ・府中,42.94,,,,,,,,,1:56.75,1:49.36,1:44.96,2/9
918,77,2024,10,26,長水路,チーム,24,4×50mフリーリレー,混合,200～239歳,230,2:40.97,,1,,9,森信子,,セ・府中,38.00,,,,,,,,,1:56.75,1:49.36,1:44.96,2/9
919,77,2024,10,26,長水路,チーム,24,4×50mフリーリレー,混合,200～239歳,230,2:40.97,,2,,9,古谷加寿子,,セ・府中,41.28,,,,,,,,,1:56.75,1:49.36,1:44.96,2/9
920,77,2024,10,26,長水路,チーム,24,4×50mフリーリレー,混合,200～239歳,230,2:40.97,,2,,9,藤井一恵,,セ・府中,47.29,,,,,,,,,1:56.75,1:49.36,1:44.96,2/9
921,77,2024,10,26,長水路,チーム,24,4×50mフリーリレー,混合,200～239歳,230,2:40.97,,3,,9,金丸正弘,,セ・府中,39.35,,,,,,,,,1:56.75,1:49.36,1:44.96,2/9
922,77,2024,10,26,長水路,チーム,24,4×50mフリーリレー,混合,200～239歳,230,2:40.97,,3,,9,宇佐美学,,セ・府中,36.12,,,,,,,,,1:56.75,1:49.36,1:44.96,2/9
923,77,2024,10,26,長水路,チーム,24,4×50mフリーリレー,混合,200～239歳,230,2:40.97,,4,,9,竹内新,,セ・府中,37.40,,,,,,,,,1:56.75,1:49.36,1:44.96,2/9
924,77,2024,10,26,長水路,チーム,24,4×50mフリーリレー,混合,200～239歳,230,2:40.97,,4,,9,北村洋一,,セ・府中,,,,,,,,,,1:56.75,1:49.36,1:44.96,2/9
925,77,2024,10,26,長水路,チーム,24,4×50mフリーリレー,混合,160～199歳,164,1:56.64,,1,,1,藤本豊和,,セ・長津田,29.33,,,,,,,,,1:54.40,1:44.31,1:42.27,6/7
926,77,2024,10,26,長水路,チーム,24,4×50mフリーリレー,混合,160～199歳,164,1:56.64,,2,,1,吉村華奈,,セ・長津田,29.20,,,,,,,,,1:54.40,1:44.31,1:42.27,6/7
927,77,2024,10,26,長水路,チーム,24,4×50mフリーリレー,混合,160～199歳,164,1:56.64,,3,,1,長崎千怜,,セ・長津田,29.93,,,,,,,,,1:54.40,1:44.31,1:42.27,6/7
928,77,2024,10,26,長水路,チーム,24,4×50mフリーリレー,混合,160～199歳,164,1:56.64,,4,,1,花井一也,,セ・長津田,28.18,,,,,,,,,1:54.40,1:44.31,1:42.27,6/7
929,77,2024,10,26,長水路,チーム,24,4×50mフリーリレー,混合,160～199歳,166,1:58.28,,1,,2,石井龍,,セ・成城,27.29,,,,,,,,,1:54.40,1:44.31,1:42.27,6/10
930,77,2024,10,26,長水路,チーム,24,4×50mフリーリレー,混合,160～199歳,166,1:58.28,,2,,2,黒田大介,,セ・成城,27.15,,,,,,,,,1:54.40,1:44.31,1:42.27,6/10
931,77,2024,10,26,長水路,チーム,24,4×50mフリーリレー,混合,160～199歳,166,1:58.28,,3,,2,佐々木彩,,セ・成城,31.06,,,,,,,,,1:54.40,1:44.31,1:42.27,6/10
932,77,2024,10,26,長水路,チーム,24,4×50mフリーリレー,混合,160～199歳,166,1:58.28,,4,,2,羽田文,,セ・成城,32.78,,,,,,,,,1:54.40,1:44.31,1:42.27,6/10
933,77,2024,10,26,長水路,チーム,24,4×50mフリーリレー,混合,160～199歳,172,1:59.02,,1,,3,高津周平,,セ・武蔵小杉,27.06,,,,,,,,,1:54.40,1:44.31,1:42.27,6/8
934,77,2024,10,26,長水路,チーム,24,4×50mフリーリレー,混合,160～199歳,172,1:59.02,,2,,3,栗山貴子,,セ・武蔵小杉,31.80,,,,,,,,,1:54.40,1:44.31,1:42.27,6/8
935,77,2024,10,26,長水路,チーム,24,4×50mフリーリレー,混合,160～199歳,172,1:59.02,,3,,3,田中美鈴,,セ・武蔵小杉,31.51,,,,,,,,,1:54.40,1:44.31,1:42.27,6/8
936,77,2024,10,26,長水路,チーム,24,4×50mフリーリレー,混合,160～199歳,172,1:59.02,,4,,3,中村良樹,,セ・武蔵小杉,28.65,,,,,,,,,1:54.40,1:44.31,1:42.27,6/8
937,77,2024,10,26,長水路,チーム,24,4×50mフリーリレー,混合,160～199歳,160,2:00.88,,1,,4,友田智哲,,セ・南青山,35.05,,,,,,,,,1:54.40,1:44.31,1:42.27,3/5
938,77,2024,10,26,長水路,チーム,24,4×50mフリーリレー,混合,160～199歳,160,2:00.88,,2,,4,松尾勇太,,セ・南青山,25.87,,,,,,,,,1:54.40,1:44.31,1:42.27,3/5
939,77,2024,10,26,長水路,チーム,24,4×50mフリーリレー,混合,160～199歳,160,2:00.88,,3,,4,竹山睦月,,セ・南青山,29.61,,,,,,,,,1:54.40,1:44.31,1:42.27,3/5
940,77,2024,10,26,長水路,チーム,24,4×50mフリーリレー,混合,160～199歳,160,2:00.88,,4,,4,山賀勝之,,セ・南青山,30.35,,,,,,,,,1:54.40,1:44.31,1:42.27,3/5
941,77,2024,10,26,長水路,チーム,24,4×50mフリーリレー,混合,160～199歳,174,2:02.29,,1,,5,前田崇行,,セ・二俣川,26.44,,,,,,,,,1:54.40,1:44.31,1:42.27,5/6
942,77,2024,10,26,長水路,チーム,24,4×50mフリーリレー,混合,160～199歳,174,2:02.29,,2,,5,草野茜,,セ・二俣川,34.41,,,,,,,,,1:54.40,1:44.31,1:42.27,5/6
943,77,2024,10,26,長水路,チーム,24,4×50mフリーリレー,混合,160～199歳,174,2:02.29,,3,,5,前田由希映,,セ・二俣川,36.31,,,,,,,,,1:54.40,1:44.31,1:42.27,5/6
944,77,2024,10,26,長水路,チーム,24,4×50mフリーリレー,混合,160～199歳,174,2:02.29,,4,,5,鶴谷学,,セ・二俣川,25.13,,,,,,,,,1:54.40,1:44.31,1:42.27,5/6
945,77,2024,10,26,長水路,チーム,24,4×50mフリーリレー,混合,160～199歳,169,2:03.49,,1,,6,宮下泰子,,セ・市ヶ尾,32.01,,,,,,,,,1:54.40,1:44.31,1:42.27,4/6
946,77,2024,10,26,長水路,チーム,24,4×50mフリーリレー,混合,160～199歳,169,2:03.49,,2,,6,中嶋智史,,セ・市ヶ尾,32.15,,,,,,,,,1:54.40,1:44.31,1:42.27,4/6
947,77,2024,10,26,長水路,チーム,24,4×50mフリーリレー,混合,160～199歳,169,2:03.49,,3,,6,小山知子,,セ・市ヶ尾,32.46,,,,,,,,,1:54.40,1:44.31,1:42.27,4/6
948,77,2024,10,26,長水路,チーム,24,4×50mフリーリレー,混合,160～199歳,169,2:03.49,,4,,6,木村考太,,セ・市ヶ尾,26.87,,,,,,,,,1:54.40,1:44.31,1:42.27,4/6
949,77,2024,10,26,長水路,チーム,24,4×50mフリーリレー,混合,160～199歳,168,2:04.77,,1,,7,舘野美香,,セ・目黒,29.36,,,,,,,,,1:54.40,1:44.31,1:42.27,5/7
950,77,2024,10,26,長水路,チーム,24,4×50mフリーリレー,混合,160～199歳,168,2:04.77,,2,,7,李鎬善,,セ・目黒,37.13,,,,,,,,,1:54.40,1:44.31,1:42.27,5/7
951,77,2024,10,26,長水路,チーム,24,4×50mフリーリレー,混合,160～199歳,168,2:04.77,,3,,7,兵藤鋭雄,,セ・目黒,31.13,,,,,,,,,1:54.40,1:44.31,1:42.27,5/7
952,77,2024,10,26,長水路,チーム,24,4×50mフリーリレー,混合,160～199歳,168,2:04.77,,4,,7,相原健吾,,セ・目黒,27.15,,,,,,,,,1:54.40,1:44.31,1:42.27,5/7
953,77,2024,10,26,長水路,チーム,24,4×50mフリーリレー,混合,160～199歳,169,2:10.36,,1,,8,伊藤水晶,,セ・松戸,26.89,,,,,,,,,1:54.40,1:44.31,1:42.27,4/2
954,77,2024,10,26,長水路,チーム,24,4×50mフリーリレー,混合,160～199歳,169,2:10.36,,2,,8,バーンズ智絵,,セ・松戸,32.76,,,,,,,,,1:54.40,1:44.31,1:42.27,4/2
955,77,2024,10,26,長水路,チーム,24,4×50mフリーリレー,混合,160～199歳,169,2:10.36,,3,,8,高橋圭,,セ・松戸,33.95,,,,,,,,,1:54.40,1:44.31,1:42.27,4/2
956,77,2024,10,26,長水路,チーム,24,4×50mフリーリレー,混合,160～199歳,169,2:10.36,,4,,8,バーンズノ－マンウ.,,セ・松戸,36.76,,,,,,,,,1:54.40,1:44.31,1:42.27,4/2
957,77,2024,10,26,長水路,チーム,24,4×50mフリーリレー,混合,160～199歳,183,2:23.53,,1,,9,亀井智貴,,セ・用賀,31.93,,,,,,,,,1:54.40,1:44.31,1:42.27,3/9
958,77,2024,10,26,長水路,チーム,24,4×50mフリーリレー,混合,160～199歳,183,2:23.53,,2,,9,糸川永利子,,セ・用賀,39.57,,,,,,,,,1:54.40,1:44.31,1:42.27,3/9
959,77,2024,10,26,長水路,チーム,24,4×50mフリーリレー,混合,160～199歳,183,2:23.53,,3,,9,冨樫真樹子,,セ・用賀,44.39,,,,,,,,,1:54.40,1:44.31,1:42.27,3/9
960,77,2024,10,26,長水路,チーム,24,4×50mフリーリレー,混合,160～199歳,183,2:23.53,,4,,9,神部孝高,,セ・用賀,27.64,,,,,,,,,1:54.40,1:44.31,1:42.27,3/9
961,77,2024,10,26,長水路,チーム,24,4×50mフリーリレー,混合,160～199歳,193,2:23.70,,1,,10,廣本佳也,,セ・上池袋,31.80,,,,,,,,,1:54.40,1:44.31,1:42.27,3/10
962,77,2024,10,26,長水路,チーム,24,4×50mフリーリレー,混合,160～199歳,193,2:23.70,,2,,10,磯村麻衣子,,セ・上池袋,40.19,,,,,,,,,1:54.40,1:44.31,1:42.27,3/10
963,77,2024,10,26,長水路,チーム,24,4×50mフリーリレー,混合,160～199歳,193,2:23.70,,3,,10,加藤美保,,セ・上池袋,40.78,,,,,,,,,1:54.40,1:44.31,1:42.27,3/10
964,77,2024,10,26,長水路,チーム,24,4×50mフリーリレー,混合,160～199歳,193,2:23.70,,4,,10,大野淳哉,,セ・上池袋,30.93,,,,,,,,,1:54.40,1:44.31,1:42.27,3/10
965,77,2024,10,26,長水路,チーム,24,4×50mフリーリレー,混合,160～199歳,182,2:29.57,,1,,11,中村浩司,,セ・青砥,37.15,,,,,,,,,1:54.40,1:44.31,1:42.27,2/7
966,77,2024,10,26,長水路,チーム,24,4×50mフリーリレー,混合,160～199歳,182,2:29.57,,1,,11,寺田遼太,,セ・青砥,29.35,,,,,,,,,1:54.40,1:44.31,1:42.27,2/7
967,77,2024,10,26,長水路,チーム,24,4×50mフリーリレー,混合,160～199歳,182,2:29.57,,2,,11,角田優佳里,,セ・青砥,40.00,,,,,,,,,1:54.40,1:44.31,1:42.27,2/7
968,77,2024,10,26,長水路,チーム,24,4×50mフリーリレー,混合,160～199歳,182,2:29.57,,2,,11,四井美穂,,セ・青砥,,,,,,,,,,1:54.40,1:44.31,1:42.27,2/7
969,77,2024,10,26,長水路,チーム,24,4×50mフリーリレー,混合,160～199歳,182,2:29.57,,3,,11,田中香苗,,セ・青砥,43.79,,,,,,,,,1:54.40,1:44.31,1:42.27,2/7
970,77,2024,10,26,長水路,チーム,24,4×50mフリーリレー,混合,160～199歳,182,2:29.57,,3,,11,萩原ゆりか,,セ・青砥,,,,,,,,,,1:54.40,1:44.31,1:42.27,2/7
971,77,2024,10,26,長水路,チーム,24,4×50mフリーリレー,混合,160～199歳,182,2:29.57,,4,,11,武本侑己,,セ・青砥,28.63,,,,,,,,,1:54.40,1:44.31,1:42.27,2/7
972,77,2024,10,26,長水路,チーム,24,4×50mフリーリレー,混合,160～199歳,182,2:29.57,,4,,11,倉持公一,,セ・青砥,,,,,,,,,,1:54.40,1:44.31,1:42.27,2/7
973,77,2024,10,26,長水路,チーム,24,4×50mフリーリレー,混合,120～159歳,147,1:56.06,,1,,1,宮本八重,,セ・慶應日吉,30.97,,,,,,,,,1:49.82,1:42.93,1:40.14,6/2
974,77,2024,10,26,長水路,チーム,24,4×50mフリーリレー,混合,120～159歳,147,1:56.06,,2,,1,前畑章子,,セ・慶應日吉,34.04,,,,,,,,,1:49.82,1:42.93,1:40.14,6/2
975,77,2024,10,26,長水路,チーム,24,4×50mフリーリレー,混合,120～159歳,147,1:56.06,,3,,1,菅原啓,,セ・慶應日吉,24.55,,,,,,,,,1:49.82,1:42.93,1:40.14,6/2
976,77,2024,10,26,長水路,チーム,24,4×50mフリーリレー,混合,120～159歳,147,1:56.06,,4,,1,高見沢重倫,,セ・慶應日吉,26.50,,,,,,,,,1:49.82,1:42.93,1:40.14,6/2
977,77,2024,10,26,長水路,チーム,24,4×50mフリーリレー,混合,120～159歳,144,1:57.97,,1,,2,和田弘太郎,,セ・阿佐谷,25.74,,,,,,,,,1:49.82,1:42.93,1:40.14,6/3
978,77,2024,10,26,長水路,チーム,24,4×50mフリーリレー,混合,120～159歳,144,1:57.97,,2,,2,三宅信花,,セ・阿佐谷,32.78,,,,,,,,,1:49.82,1:42.93,1:40.14,6/3
979,77,2024,10,26,長水路,チーム,24,4×50mフリーリレー,混合,120～159歳,144,1:57.97,,3,,2,今井恵子,,セ・阿佐谷,32.95,,,,,,,,,1:49.82,1:42.93,1:40.14,6/3
980,77,2024,10,26,長水路,チーム,24,4×50mフリーリレー,混合,120～159歳,144,1:57.97,,4,,2,椎本恭平,,セ・阿佐谷,26.50,,,,,,,,,1:49.82,1:42.93,1:40.14,6/3
981,77,2024,10,26,長水路,チーム,24,4×50mフリーリレー,混合,120～159歳,148,1:58.37,,1,,3,田中志歩,,セ・大森,30.63,,,,,,,,,1:49.82,1:42.93,1:40.14,5/10
982,77,2024,10,26,長水路,チーム,24,4×50mフリーリレー,混合,120～159歳,148,1:58.37,,2,,3,大竹昌子,,セ・大森,36.61,,,,,,,,,1:49.82,1:42.93,1:40.14,5/10
983,77,2024,10,26,長水路,チーム,24,4×50mフリーリレー,混合,120～159歳,148,1:58.37,,3,,3,島脇晃也,,セ・大森,25.83,,,,,,,,,1:49.82,1:42.93,1:40.14,5/10
984,77,2024,10,26,長水路,チーム,24,4×50mフリーリレー,混合,120～159歳,148,1:58.37,,4,,3,内藤寿輝,,セ・大森,25.30,,,,,,,,,1:49.82,1:42.93,1:40.14,5/10
985,77,2024,10,26,長水路,チーム,24,4×50mフリーリレー,混合,120～159歳,123,1:58.80,,1,,4,矢作歩,,セ・長津田,29.50,,,,,,,,,1:49.82,1:42.93,1:40.14,6/4
986,77,2024,10,26,長水路,チーム,24,4×50mフリーリレー,混合,120～159歳,123,1:58.80,,2,,4,竹下翔,,セ・長津田,29.68,,,,,,,,,1:49.82,1:42.93,1:40.14,6/4
987,77,2024,10,26,長水路,チーム,24,4×50mフリーリレー,混合,120～159歳,123,1:58.80,,3,,4,川北恵,,セ・長津田,29.98,,,,,,,,,1:49.82,1:42.93,1:40.14,6/4
988,77,2024,10,26,長水路,チーム,24,4×50mフリーリレー,混合,120～159歳,123,1:58.80,,4,,4,高橋紗良,,セ・長津田,29.64,,,,,,,,,1:49.82,1:42.93,1:40.14,6/4
989,77,2024,10,26,長水路,チーム,24,4×50mフリーリレー,混合,120～159歳,139,1:59.29,,1,,5,石井孟,,セ・葛西,27.31,,,,,,,,,1:49.82,1:42.93,1:40.14,5/1
990,77,2024,10,26,長水路,チーム,24,4×50mフリーリレー,混合,120～159歳,139,1:59.29,,2,,5,前島悠也,,セ・葛西,26.60,,,,,,,,,1:49.82,1:42.93,1:40.14,5/1
991,77,2024,10,26,長水路,チーム,24,4×50mフリーリレー,混合,120～159歳,139,1:59.29,,3,,5,溝井花代子,,セ・葛西,34.42,,,,,,,,,1:49.82,1:42.93,1:40.14,5/1
992,77,2024,10,26,長水路,チーム,24,4×50mフリーリレー,混合,120～159歳,139,1:59.29,,4,,5,大椛詩織,,セ・葛西,30.96,,,,,,,,,1:49.82,1:42.93,1:40.14,5/1
993,77,2024,10,26,長水路,チーム,24,4×50mフリーリレー,混合,120～159歳,129,2:00.77,,1,,6,阪田高士,,セ・茂原,29.24,,,,,,,,,1:49.82,1:42.93,1:40.14,4/9
994,77,2024,10,26,長水路,チーム,24,4×50mフリーリレー,混合,120～159歳,129,2:00.77,,2,,6,岡澤美咲,,セ・茂原,36.25,,,,,,,,,1:49.82,1:42.93,1:40.14,4/9
995,77,2024,10,26,長水路,チーム,24,4×50mフリーリレー,混合,120～159歳,129,2:00.77,,3,,6,岡澤志織,,セ・茂原,29.89,,,,,,,,,1:49.82,1:42.93,1:40.14,4/9
996,77,2024,10,26,長水路,チーム,24,4×50mフリーリレー,混合,120～159歳,129,2:00.77,,4,,6,神戸優悠希,,セ・茂原,25.39,,,,,,,,,1:49.82,1:42.93,1:40.14,4/9
997,77,2024,10,26,長水路,チーム,24,4×50mフリーリレー,混合,120～159歳,138,2:01.08,,1,,7,今里昂哉,,セ・清瀬,26.86,,,,,,,,,1:49.82,1:42.93,1:40.14,6/9
998,77,2024,10,26,長水路,チーム,24,4×50mフリーリレー,混合,120～159歳,138,2:01.08,,2,,7,高﨑優奈,,セ・清瀬,30.25,,,,,,,,,1:49.82,1:42.93,1:40.14,6/9
999,77,2024,10,26,長水路,チーム,24,4×50mフリーリレー,混合,120～159歳,138,2:01.08,,3,,7,大槻真由美,,セ・清瀬,37.30,,,,,,,,,1:49.82,1:42.93,1:40.14,6/9
1000,77,2024,10,26,長水路,チーム,24,4×50mフリーリレー,混合,120～159歳,138,2:01.08,,4,,7,塚本拓也,,セ・清瀬,26.67,,,,,,,,,1:49.82,1:42.93,1:40.14,6/9
1001,77,2024,10,26,長水路,チーム,24,4×50mフリーリレー,混合,120～159歳,137,2:01.53,,1,,8,中西剛,,セ・成城,27.39,,,,,,,,,1:49.82,1:42.93,1:40.14,5/4
1002,77,2024,10,26,長水路,チーム,24,4×50mフリーリレー,混合,120～159歳,137,2:01.53,,2,,8,梅林大貴,,セ・成城,28.29,,,,,,,,,1:49.82,1:42.93,1:40.14,5/4
1003,77,2024,10,26,長水路,チーム,24,4×50mフリーリレー,混合,120～159歳,137,2:01.53,,3,,8,岩田愛恵,,セ・成城,34.49,,,,,,,,,1:49.82,1:42.93,1:40.14,5/4
1004,77,2024,10,26,長水路,チーム,24,4×50mフリーリレー,混合,120～159歳,137,2:01.53,,4,,8,中畑眸,,セ・成城,31.36,,,,,,,,,1:49.82,1:42.93,1:40.14,5/4
1005,77,2024,10,26,長水路,チーム,24,4×50mフリーリレー,混合,120～159歳,137,2:02.60,,1,,9,立石裕太郎,,セ・二俣川,25.94,,,,,,,,,1:49.82,1:42.93,1:40.14,5/3
1006,77,2024,10,26,長水路,チーム,24,4×50mフリーリレー,混合,120～159歳,137,2:02.60,,2,,9,深堀陽子,,セ・二俣川,32.93,,,,,,,,,1:49.82,1:42.93,1:40.14,5/3
1007,77,2024,10,26,長水路,チーム,24,4×50mフリーリレー,混合,120～159歳,137,2:02.60,,3,,9,吉池奈々,,セ・二俣川,36.86,,,,,,,,,1:49.82,1:42.93,1:40.14,5/3
1008,77,2024,10,26,長水路,チーム,24,4×50mフリーリレー,混合,120～159歳,137,2:02.60,,4,,9,山﨑陸真,,セ・二俣川,26.87,,,,,,,,,1:49.82,1:42.93,1:40.14,5/3
1009,77,2024,10,26,長水路,チーム,24,4×50mフリーリレー,混合,120～159歳,126,2:06.52,,1,,10,佐々木明日真,,セ・市川,27.74,,,,,,,,,1:49.82,1:42.93,1:40.14,4/4
1010,77,2024,10,26,長水路,チーム,24,4×50mフリーリレー,混合,120～159歳,126,2:06.52,,2,,10,浅生真,,セ・市川,28.93,,,,,,,,,1:49.82,1:42.93,1:40.14,4/4
1011,77,2024,10,26,長水路,チーム,24,4×50mフリーリレー,混合,120～159歳,126,2:06.52,,3,,10,石井理桜子,,セ・市川,32.95,,,,,,,,,1:49.82,1:42.93,1:40.14,4/4
1012,77,2024,10,26,長水路,チーム,24,4×50mフリーリレー,混合,120～159歳,126,2:06.52,,4,,10,小高麻衣子,,セ・市川,36.90,,,,,,,,,1:49.82,1:42.93,1:40.14,4/4
1013,77,2024,10,26,長水路,チーム,24,4×50mフリーリレー,混合,120～159歳,131,2:13.79,,1,,11,錦織佳奈子,,ザバス川崎,34.86,,,,,,,,,1:49.82,1:42.93,1:40.14,3/1
1014,77,2024,10,26,長水路,チーム,24,4×50mフリーリレー,混合,120～159歳,131,2:13.79,,2,,11,加藤慎悟,,ザバス川崎,33.12,,,,,,,,,1:49.82,1:42.93,1:40.14,3/1
1015,77,2024,10,26,長水路,チーム,24,4×50mフリーリレー,混合,120～159歳,131,2:13.79,,3,,11,中山翠,,ザバス川崎,37.22,,,,,,,,,1:49.82,1:42.93,1:40.14,3/1
1016,77,2024,10,26,長水路,チーム,24,4×50mフリーリレー,混合,120～159歳,131,2:13.79,,4,,11,河野大和,,ザバス川崎,28.59,,,,,,,,,1:49.82,1:42.93,1:40.14,3/1
1017,77,2024,10,26,長水路,チーム,24,4×50mフリーリレー,混合,120～159歳,143,2:20.88,,1,,12,田中遼太,,セ・慶應日吉,34.18,,,,,,,,,1:49.82,1:42.93,1:40.14,3/3
1018,77,2024,10,26,長水路,チーム,24,4×50mフリーリレー,混合,120～159歳,143,2:20.88,,1,,12,青木海斗,,セ・慶應日吉,26.48,,,,,,,,,1:49.82,1:42.93,1:40.14,3/3
1019,77,2024,10,26,長水路,チーム,24,4×50mフリーリレー,混合,120～159歳,143,2:20.88,,2,,12,RacaruGabriela,,セ・慶應日吉,39.53,,,,,,,,,1:49.82,1:42.93,1:40.14,3/3
1020,77,2024,10,26,長水路,チーム,24,4×50mフリーリレー,混合,120～159歳,143,2:20.88,,2,,12,大家萌実,,セ・慶應日吉,32.36,,,,,,,,,1:49.82,1:42.93,1:40.14,3/3
1021,77,2024,10,26,長水路,チーム,24,4×50mフリーリレー,混合,120～159歳,143,2:20.88,,3,,12,井上唯,,セ・慶應日吉,36.18,,,,,,,,,1:49.82,1:42.93,1:40.14,3/3
1022,77,2024,10,26,長水路,チーム,24,4×50mフリーリレー,混合,120～159歳,143,2:20.88,,3,,12,横尾しずか,,セ・慶應日吉,34.18,,,,,,,,,1:49.82,1:42.93,1:40.14,3/3
1023,77,2024,10,26,長水路,チーム,24,4×50mフリーリレー,混合,120～159歳,143,2:20.88,,4,,12,中村勇介,,セ・慶應日吉,30.99,,,,,,,,,1:49.82,1:42.93,1:40.14,3/3
1024,77,2024,10,26,長水路,チーム,24,4×50mフリーリレー,混合,120～159歳,143,2:20.88,,4,,12,室坂拓真,,セ・慶應日吉,,,,,,,,,,1:49.82,1:42.93,1:40.14,3/3
1025,77,2024,10,26,長水路,チーム,24,4×50mフリーリレー,混合,72～119歳,88,1:52.82,,1,,1,田中啓二朗,,セ・二俣川,26.76,,,,,,,,,1:45.10,1:41.21,1:38.55,6/5
1026,77,2024,10,26,長水路,チーム,24,4×50mフリーリレー,混合,72～119歳,88,1:52.82,,2,,1,表侑寿,,セ・二俣川,29.77,,,,,,,,,1:45.10,1:41.21,1:38.55,6/5
1027,77,2024,10,26,長水路,チーム,24,4×50mフリーリレー,混合,72～119歳,88,1:52.82,,3,,1,竹下菜々美,,セ・二俣川,29.22,,,,,,,,,1:45.10,1:41.21,1:38.55,6/5
1028,77,2024,10,26,長水路,チーム,24,4×50mフリーリレー,混合,72～119歳,88,1:52.82,,4,,1,秋澤裕介,,セ・二俣川,27.07,,,,,,,,,1:45.10,1:41.21,1:38.55,6/5
1029,77,2024,10,26,長水路,チーム,24,4×50mフリーリレー,混合,72～119歳,100,1:54.29,,1,,2,柿沼龍史,,セ・成城,27.00,,,,,,,,,1:45.10,1:41.21,1:38.55,6/6
1030,77,2024,10,26,長水路,チーム,24,4×50mフリーリレー,混合,72～119歳,100,1:54.29,,2,,2,小林和矢,,セ・成城,26.11,,,,,,,,,1:45.10,1:41.21,1:38.55,6/6
1031,77,2024,10,26,長水路,チーム,24,4×50mフリーリレー,混合,72～119歳,100,1:54.29,,3,,2,仲田笑美,,セ・成城,30.30,,,,,,,,,1:45.10,1:41.21,1:38.55,6/6
1032,77,2024,10,26,長水路,チーム,24,4×50mフリーリレー,混合,72～119歳,100,1:54.29,,4,,2,広瀬幸音,,セ・成城,30.88,,,,,,,,,1:45.10,1:41.21,1:38.55,6/6
1033,77,2024,10,26,長水路,チーム,24,4×50mフリーリレー,混合,72～119歳,85,1:55.12,,1,,3,木村隼人,,セ・八王子,25.13,,,,,,,,,1:45.10,1:41.21,1:38.55,5/5
1034,77,2024,10,26,長水路,チーム,24,4×50mフリーリレー,混合,72～119歳,85,1:55.12,,2,,3,寺本茉冬,,セ・八王子,33.01,,,,,,,,,1:45.10,1:41.21,1:38.55,5/5
1035,77,2024,10,26,長水路,チーム,24,4×50mフリーリレー,混合,72～119歳,85,1:55.12,,3,,3,伊藤愛羅,,セ・八王子,32.71,,,,,,,,,1:45.10,1:41.21,1:38.55,5/5
1036,77,2024,10,26,長水路,チーム,24,4×50mフリーリレー,混合,72～119歳,85,1:55.12,,4,,3,韓準爀,,セ・八王子,24.27,,,,,,,,,1:45.10,1:41.21,1:38.55,5/5
1037,77,2024,10,26,長水路,チーム,24,4×50mフリーリレー,混合,72～119歳,105,1:56.95,,1,,4,川西智大,,セ・南千住,27.65,,,,,,,,,1:45.10,1:41.21,1:38.55,5/9
1038,77,2024,10,26,長水路,チーム,24,4×50mフリーリレー,混合,72～119歳,105,1:56.95,,2,,4,我妻雄大,,セ・南千住,28.04,,,,,,,,,1:45.10,1:41.21,1:38.55,5/9
1039,77,2024,10,26,長水路,チーム,24,4×50mフリーリレー,混合,72～119歳,105,1:56.95,,3,,4,吉田のばら,,セ・南千住,30.43,,,,,,,,,1:45.10,1:41.21,1:38.55,5/9
1040,77,2024,10,26,長水路,チーム,24,4×50mフリーリレー,混合,72～119歳,105,1:56.95,,4,,4,真如美優,,セ・南千住,30.83,,,,,,,,,1:45.10,1:41.21,1:38.55,5/9
1041,77,2024,10,26,長水路,チーム,24,4×50mフリーリレー,混合,72～119歳,105,1:58.94,,1,,5,櫻井春佳,,セ・大宮宮原,31.32,,,,,,,,,1:45.10,1:41.21,1:38.55,5/2
1042,77,2024,10,26,長水路,チーム,24,4×50mフリーリレー,混合,72～119歳,105,1:58.94,,2,,5,手塚一智,,セ・大宮宮原,30.52,,,,,,,,,1:45.10,1:41.21,1:38.55,5/2
1043,77,2024,10,26,長水路,チーム,24,4×50mフリーリレー,混合,72～119歳,105,1:58.94,,3,,5,松澤春菜,,セ・大宮宮原,30.57,,,,,,,,,1:45.10,1:41.21,1:38.55,5/2
1044,77,2024,10,26,長水路,チーム,24,4×50mフリーリレー,混合,72～119歳,105,1:58.94,,4,,5,日吉将輝,,セ・大宮宮原,26.53,,,,,,,,,1:45.10,1:41.21,1:38.55,5/2
1045,77,2024,10,26,長水路,チーム,24,4×50mフリーリレー,混合,72～119歳,108,2:03.29,,1,,6,三角一汰,,セ・新都心,26.70,,,,,,,,,1:45.10,1:41.21,1:38.55,5/8
1046,77,2024,10,26,長水路,チーム,24,4×50mフリーリレー,混合,72～119歳,108,2:03.29,,2,,6,森山稜子,,セ・新都心,33.09,,,,,,,,,1:45.10,1:41.21,1:38.55,5/8
1047,77,2024,10,26,長水路,チーム,24,4×50mフリーリレー,混合,72～119歳,108,2:03.29,,3,,6,浅野亮介,,セ・新都心,33.28,,,,,,,,,1:45.10,1:41.21,1:38.55,5/8
1048,77,2024,10,26,長水路,チーム,24,4×50mフリーリレー,混合,72～119歳,108,2:03.29,,4,,6,遠藤優奈,,セ・新都心,30.22,,,,,,,,,1:45.10,1:41.21,1:38.55,5/8
