round,pool_type,race_no,gender,event_name,age_group,world_record,japan_record,meet_record,rank,athlete_name,team_name,lane,time_display,time_seconds,is_meet_record,is_japan_record,is_world_record,points_w,points_n,dive_time,lap_times,is_dnf
75,長水路,1,女子,200m自由形,85～89歳,3:18.23,3:18.23,4:28.56,1,森川タエ子,セ・我孫子,1/10,4:39.10,279.1,False,False,False,,,,"1:04.98,2:18.17,3:30.02",False
75,長水路,1,女子,200m自由形,75～79歳,2:54.26,2:54.26,3:32.08,1,柴崎徳子,セ・柏,2/4,3:38.28,218.28,False,False,False,,,,"49.74,1:43.95,2:40.61",False
75,長水路,1,女子,200m自由形,75～79歳,2:54.26,2:54.26,3:32.08,2,藤井一恵,セ・大森,2/1,3:38.90,218.9,False,False,False,,,,"50.62,1:46.09,2:44.57",False
75,長水路,1,女子,200m自由形,75～79歳,2:54.26,2:54.26,3:32.08,3,馬場悦子,セ・清瀬,1/9,3:58.33,238.32999999999998,False,False,False,,,,"53.53,1:53.84,2:56.93",False
75,長水路,1,女子,200m自由形,70～74歳,2:29.72,2:49.80,3:05.67,1,中平信子,セ・成瀬,4/7,3:06.42,186.42,False,False,False,,,,"42.96,1:30.34,2:18.96",False
75,長水路,1,女子,200m自由形,70～74歳,2:29.72,2:49.80,3:05.67,2,山本恵,セ・流山,2/6,3:30.79,210.79,False,False,False,,,,"43.26,1:33.86,2:31.99",False
75,長水路,1,女子,200m自由形,70～74歳,2:29.72,2:49.80,3:05.67,3,岡村悦子,セ・おおたか,2/8,3:31.88,211.88,False,False,False,,,,"46.88,1:42.49,2:38.59",False
75,長水路,1,女子,200m自由形,70～74歳,2:29.72,2:49.80,3:05.67,4,相澤史子,セ・松戸,2/5,3:36.49,216.49,False,False,False,,,,"48.56,1:42.97,2:40.47",False
75,長水路,1,女子,200m自由形,70～74歳,2:29.72,2:49.80,3:05.67,5,堀口三恵子,セ・二俣川,1/5,3:36.62,216.62,False,False,False,,,,"49.63,1:45.82,2:43.31",False
75,長水路,1,女子,200m自由形,70～74歳,2:29.72,2:49.80,3:05.67,6,長野愛子,セ・柏,2/10,3:40.46,220.46,False,False,False,,,,"50.00,1:45.53,2:43.58",False
75,長水路,1,女子,200m自由形,70～74歳,2:29.72,2:49.80,3:05.67,7,菅井道子,セ・戸塚,1/7,3:49.18,229.18,False,False,False,,,,"54.30,1:53.23,2:52.71",False
75,長水路,1,女子,200m自由形,65～69歳,2:25.29,2:42.91,2:54.20,1,菅野泰子,セ・松戸,5/6,2:54.45,174.45,False,False,False,,,,"39.42,1:23.94,2:09.88",False
75,長水路,1,女子,200m自由形,65～69歳,2:25.29,2:42.91,2:54.20,2,鈴木公江,ｾ・千葉みなと,4/8,3:16.57,196.57,False,False,False,,,,"42.88,1:31.31,2:23.73",False
75,長水路,1,女子,200m自由形,65～69歳,2:25.29,2:42.91,2:54.20,3,吉野治子,セ・成城,4/3,3:18.13,198.13,False,False,False,,,,"43.63,1:33.16,2:26.08",False
75,長水路,1,女子,200m自由形,65～69歳,2:25.29,2:42.91,2:54.20,4,森谷登志江,セ・慶應日吉,4/2,3:19.40,199.4,False,False,False,,,,"44.89,1:33.63,2:26.39",False
75,長水路,1,女子,200m自由形,65～69歳,2:25.29,2:42.91,2:54.20,5,岩崎良子,セ・おおたか,4/9,3:23.04,203.04,False,False,False,,,,"44.65,1:36.19,2:29.87",False
75,長水路,1,女子,200m自由形,65～69歳,2:25.29,2:42.91,2:54.20,6,青砥美智子,セ・葛西,3/5,3:27.97,207.97,False,False,False,,,,"46.68,1:39.93,2:34.77",False
75,長水路,1,女子,200m自由形,65～69歳,2:25.29,2:42.91,2:54.20,7,臼井希代子,セ・大宮宮原,3/2,3:32.49,212.49,False,False,False,,,,"47.61,1:40.74,2:37.72",False
75,長水路,1,女子,200m自由形,65～69歳,2:25.29,2:42.91,2:54.20,8,矢部直美,セ・二俣川,1/6,3:32.82,212.82,False,False,False,,,,"46.20,1:41.37,2:38.78",False
75,長水路,1,女子,200m自由形,65～69歳,2:25.29,2:42.91,2:54.20,9,五月女美幸,セ・宇都宮,3/1,3:34.03,214.03,False,False,False,,,,"47.63,1:41.72,2:39.26",False
75,長水路,1,女子,200m自由形,65～69歳,2:25.29,2:42.91,2:54.20,10,日和久美子,セ・戸塚,3/9,3:37.82,217.82,False,False,False,,,,"49.89,1:44.72,2:41.53",False
75,長水路,1,女子,200m自由形,65～69歳,2:25.29,2:42.91,2:54.20,11,菅和江,セ・戸塚,2/3,3:47.06,227.06,False,False,False,,,,"55.88,1:53.67,2:52.65",False
75,長水路,1,女子,200m自由形,65～69歳,2:25.29,2:42.91,2:54.20,12,太田拓江,セ・戸塚,1/2,3:57.69,237.69,False,False,False,,,,"51.72,1:51.11,2:55.00",False
75,長水路,1,女子,200m自由形,65～69歳,2:25.29,2:42.91,2:54.20,13,三嶋祐子,セ・阿佐谷,1/3,3:59.79,239.79,False,False,False,,,,"54.02,1:55.42,2:57.69",False
75,長水路,1,女子,200m自由形,60～64歳,2:21.03,2:35.01,2:35.22,1,武井麻知子,セ・二俣川,4/6,3:13.44,193.44,False,False,False,,,,"44.28,1:32.31,2:23.57",False
75,長水路,1,女子,200m自由形,60～64歳,2:21.03,2:35.01,2:35.22,2,岡田眞弓,セ・清瀬,3/6,3:18.00,198.0,False,False,False,,,,"43.78,1:34.35,2:26.32",False
75,長水路,1,女子,200m自由形,60～64歳,2:21.03,2:35.01,2:35.22,3,育村博子,セ・おおたか,4/1,3:22.38,202.38,False,False,False,,,,"47.44,1:38.73,2:31.63",False
75,長水路,1,女子,200m自由形,60～64歳,2:21.03,2:35.01,2:35.22,4,草森理子,セ・成城,3/10,3:22.48,202.48,False,False,False,,,,"46.54,1:39.36,2:31.16",False
75,長水路,1,女子,200m自由形,60～64歳,2:21.03,2:35.01,2:35.22,5,久松葉子,セ・成瀬,4/10,3:43.43,223.43,False,False,False,,,,"48.04,1:46.66,2:45.58",False
75,長水路,1,女子,200m自由形,60～64歳,2:21.03,2:35.01,2:35.22,6,桐沢ひとみ,セ・大森,1/8,3:47.89,227.89,False,False,False,,,,"49.54,1:49.19,2:49.86",False
75,長水路,1,女子,200m自由形,60～64歳,2:21.03,2:35.01,2:35.22,7,宮田ひとみ,セ・阿佐谷,1/4,3:52.13,232.13,False,False,False,,,,"55.93,1:57.12,2:57.86",False
75,長水路,1,女子,200m自由形,60～64歳,2:21.03,2:35.01,2:35.22,8,大西和子,セ・天王洲,1/1,4:39.64,279.64,False,False,False,,,,"1:01.95,2:13.75,3:27.87",False
75,長水路,1,女子,200m自由形,55～59歳,2:16.28,2:26.86,2:31.44,1,高橋久美,セ・市川,4/4,3:16.28,196.28,False,False,False,,,,"44.01,1:32.70,2:23.11",False
75,長水路,1,女子,200m自由形,55～59歳,2:16.28,2:26.86,2:31.44,2,棚橋悦子,セ・自由が丘,2/7,3:31.15,211.15,False,False,False,,,,"48.19,1:42.74,2:38.50",False
75,長水路,1,女子,200m自由形,55～59歳,2:16.28,2:26.86,2:31.44,3,中野裕子,セ・二俣川,3/3,3:35.64,215.64,False,False,False,,,,"49.93,1:44.95,2:39.90",False
75,長水路,1,女子,200m自由形,55～59歳,2:16.28,2:26.86,2:31.44,4,森内裕子,セ・天王洲,3/8,3:44.02,224.02,False,False,False,,,,"47.27,1:44.94,2:44.07",False
75,長水路,1,女子,200m自由形,50～54歳,2:13.18,2:21.98,2:27.87,1,大川晴美,セ・成城,6/1,2:44.33,164.32999999999998,False,False,False,,,,"37.88,1:19.42,2:01.66",False
75,長水路,1,女子,200m自由形,50～54歳,2:13.18,2:21.98,2:27.87,2,年岡仁美,ｾ・千葉みなと,5/5,2:53.38,173.38,False,False,False,,,,"39.36,1:23.48,2:09.54",False
75,長水路,1,女子,200m自由形,50～54歳,2:13.18,2:21.98,2:27.87,3,成島志雅子,セ・Ｆ宇都宮,4/5,3:08.01,188.01,False,False,False,,,,"41.78,1:29.08,2:18.50",False
75,長水路,1,女子,200m自由形,50～54歳,2:13.18,2:21.98,2:27.87,4,松川律子,セ・二俣川,3/7,3:22.12,202.12,False,False,False,,,,"43.13,1:33.94,2:29.57",False
75,長水路,1,女子,200m自由形,50～54歳,2:13.18,2:21.98,2:27.87,5,森信子,セ・大森,2/9,3:34.41,214.41,False,False,False,,,,"48.49,1:43.60,2:38.35",False
75,長水路,1,女子,200m自由形,45～49歳,2:10.09,2:17.82,2:31.07,1,杉本浩美,セ・南千住,6/10,2:43.06,163.06,False,False,False,,,,"35.13,1:16.68,2:00.76",False
75,長水路,1,女子,200m自由形,45～49歳,2:10.09,2:17.82,2:31.07,2,相川悦子,セ・蒲田,6/2,2:49.66,169.66,False,False,False,,,,"37.32,1:20.07,2:04.82",False
75,長水路,1,女子,200m自由形,45～49歳,2:10.09,2:17.82,2:31.07,3,草野茜,セ・二俣川,5/4,2:56.18,176.18,False,False,False,,,,"41.40,1:26.18,2:12.26",False
75,長水路,1,女子,200m自由形,45～49歳,2:10.09,2:17.82,2:31.07,4,吉池奈々,セ・二俣川,5/1,3:06.71,186.71,False,False,False,,,,"41.71,1:29.24,2:19.44",False
75,長水路,1,女子,200m自由形,45～49歳,2:10.09,2:17.82,2:31.07,5,八幡悦子,セ・福生,2/2,3:33.78,213.78,False,False,False,,,,"48.06,1:42.95,2:38.88",False
75,長水路,1,女子,200m自由形,40～44歳,2:09.28,2:15.70,2:31.64,1,錦織佳奈子,ザバス川崎,5/2,3:01.24,181.24,False,False,False,,,,"38.12,1:22.17,2:11.79",False
75,長水路,1,女子,200m自由形,40～44歳,2:09.28,2:15.70,2:31.64,2,久保かおり,セ・長津田,5/8,3:12.85,192.85,False,False,False,,,,"41.65,1:29.52,2:21.98",False
75,長水路,1,女子,200m自由形,40～44歳,2:09.28,2:15.70,2:31.64,3,前田由希映,セ・二俣川,5/10,3:14.45,194.45,False,False,False,,,,"42.37,1:31.36,2:22.13",False
75,長水路,1,女子,200m自由形,35～39歳,2:05.50,2:07.99,2:17.30,1,小室絵利奈,セ・おおたか,6/8,2:39.46,159.46,False,False,False,,,,"35.90,1:16.06,1:57.71",False
75,長水路,1,女子,200m自由形,35～39歳,2:05.50,2:07.99,2:17.30,2,真柴田こずえ,ザバス鶴見,5/9,3:11.70,191.7,False,False,False,,,,"41.24,1:29.49,2:19.65",False
75,長水路,1,女子,200m自由形,35～39歳,2:05.50,2:07.99,2:17.30,3,久保美由紀,セ・長津田,3/4,3:28.40,208.4,False,False,False,,,,"48.54,1:41.47,2:36.81",False
75,長水路,1,女子,200m自由形,30～34歳,2:02.35,2:04.62,2:20.79,1,田中美鈴,セ・武蔵小杉,6/4,2:30.06,150.06,False,False,False,,,,"34.49,1:12.00,1:51.03",False
75,長水路,1,女子,200m自由形,30～34歳,2:02.35,2:04.62,2:20.79,2,長谷川恵,セ・阿佐谷,6/3,2:34.21,154.21,False,False,False,,,,"35.24,1:13.20,1:53.72",False
75,長水路,1,女子,200m自由形,30～34歳,2:02.35,2:04.62,2:20.79,3,中山翠,ザバス川崎,5/3,3:20.69,200.69,False,False,False,,,,"43.31,1:33.94,2:27.87",False
75,長水路,1,女子,200m自由形,25～29歳,2:04.56,2:06.81,2:20.67,1,志賀菜々美,セ・二俣川,6/7,2:33.69,153.69,False,False,False,,,,"34.52,1:13.71,1:54.31",False
75,長水路,1,女子,200m自由形,18～24歳,,,2:17.69,1,渡辺美楓,セ・谷津,6/5,2:20.28,140.28,False,False,False,,,,"31.67,1:06.76,1:43.54",False
75,長水路,1,女子,200m自由形,18～24歳,,,2:17.69,2,表侑寿,セ・二俣川,6/6,2:20.40,140.4,False,False,False,,,,"31.91,1:07.32,1:44.61",False
75,長水路,1,女子,200m自由形,18～24歳,,,2:17.69,3,今田彩文,ザバス鶴見,6/9,2:45.84,165.84,False,False,False,,,,"34.74,1:15.54,2:00.39",False
75,長水路,2,男子,200m自由形,85～89歳,3:03.50,3:10.33,3:36.44,1,川本剛,セ・長沼,1/6,3:35.53,215.53,True,False,False,,,,"48.42,1:43.19,2:40.12",False
75,長水路,2,男子,200m自由形,80～84歳,2:40.22,2:40.87,3:39.71,1,向坂清和,ザバス藤が丘,1/8,3:54.67,234.67000000000002,False,False,False,,,,"53.61,1:52.64,2:53.31",False
75,長水路,2,男子,200m自由形,75～79歳,2:25.66,2:33.87,2:51.26,1,瀧下敏和,セ・志木,1/7,3:37.41,217.41,False,False,False,,,,"50.59,1:47.35,2:44.87",False
75,長水路,2,男子,200m自由形,75～79歳,2:25.66,2:33.87,2:51.26,2,眞壁功,セ・藤沢,1/2,3:49.57,229.57,False,False,False,,,,"52.80,1:50.67,2:50.11",False
75,長水路,2,男子,200m自由形,70～74歳,2:23.30,2:31.54,2:44.09,1,若宮強,セ・成城,2/5,3:01.30,181.3,False,False,False,,,,"40.56,1:26.30,2:15.22",False
75,長水路,2,男子,200m自由形,70～74歳,2:23.30,2:31.54,2:44.09,2,菱沼和男,セ・葛西,2/9,3:13.27,193.27,False,False,False,,,,"45.23,1:33.84,2:23.95",False
75,長水路,2,男子,200m自由形,65～69歳,2:09.39,2:19.96,2:27.98,1,吉原一彦,セ・阿佐谷,5/2,2:26.86,146.86,True,False,False,,,,"34.09,1:11.66,1:50.13",False
75,長水路,2,男子,200m自由形,65～69歳,2:09.39,2:19.96,2:27.98,2,井上昌臣,セ・西東京,2/7,2:58.61,178.61,False,False,False,,,,"40.44,1:26.46,2:13.86",False
75,長水路,2,男子,200m自由形,65～69歳,2:09.39,2:19.96,2:27.98,3,臼井全人,セ・大宮宮原,2/8,3:14.54,194.54,False,False,False,,,,"45.87,1:35.48,2:26.57",False
75,長水路,2,男子,200m自由形,65～69歳,2:09.39,2:19.96,2:27.98,4,松下達一,セ・成城,1/4,4:01.74,241.74,False,False,False,,,,"48.34,1:46.10,2:50.04",False
75,長水路,2,男子,200m自由形,60～64歳,2:07.68,2:17.26,2:27.29,1,會田修一,セ・おおたか,3/4,2:47.75,167.75,False,False,False,,,,"38.98,1:21.29,2:06.23",False
75,長水路,2,男子,200m自由形,60～64歳,2:07.68,2:17.26,2:27.29,2,若島健二,セ・二俣川,4/1,2:49.09,169.09,False,False,False,,,,"39.43,1:22.80,2:06.43",False
75,長水路,2,男子,200m自由形,60～64歳,2:07.68,2:17.26,2:27.29,3,安間稔,セ・市ヶ尾,3/9,2:55.21,175.21,False,False,False,,,,"40.47,1:25.55,2:11.06",False
75,長水路,2,男子,200m自由形,60～64歳,2:07.68,2:17.26,2:27.29,4,山本和巳,セ・茂原,3/10,3:19.33,199.32999999999998,False,False,False,,,,"44.14,1:34.00,2:27.26",False
75,長水路,2,男子,200m自由形,55～59歳,2:04.01,2:09.89,2:19.70,1,青木浩,セ・福生,3/8,2:54.56,174.56,False,False,False,,,,"38.48,1:23.21,2:10.83",False
75,長水路,2,男子,200m自由形,55～59歳,2:04.01,2:09.89,2:19.70,2,近藤正之,セ・上池袋,3/6,2:59.29,179.29,False,False,False,,,,"38.73,1:22.26,2:10.14",False
75,長水路,2,男子,200m自由形,50～54歳,1:58.62,2:03.51,2:18.15,1,浅田浩司,セ・西新井,7/2,2:16.38,136.38,True,False,False,,,,"31.73,1:05.89,1:41.04",False
75,長水路,2,男子,200m自由形,50～54歳,1:58.62,2:03.51,2:18.15,2,石井龍,セ・成城,6/5,2:22.61,142.61,False,False,False,,,,"32.10,1:08.51,1:45.72",False
75,長水路,2,男子,200m自由形,50～54歳,1:58.62,2:03.51,2:18.15,3,早川友二,セ・武蔵小杉,6/2,2:22.75,142.75,False,False,False,,,,"31.84,1:07.02,1:44.31",False
75,長水路,2,男子,200m自由形,50～54歳,1:58.62,2:03.51,2:18.15,4,宮川則仁,セ・大宮宮原,4/9,2:33.20,153.2,False,False,False,,,,"35.87,1:15.18,1:55.17",False
75,長水路,2,男子,200m自由形,50～54歳,1:58.62,2:03.51,2:18.15,5,山田耕一,セ・清瀬,4/4,2:34.26,154.26,False,False,False,,,,"34.95,1:13.41,1:54.46",False
75,長水路,2,男子,200m自由形,50～54歳,1:58.62,2:03.51,2:18.15,6,本間丈博,セ・稲毛海岸,3/5,2:47.78,167.78,False,False,False,,,,"38.36,1:19.64,2:04.02",False
75,長水路,2,男子,200m自由形,50～54歳,1:58.62,2:03.51,2:18.15,7,岩崎明,セ・前橋,4/2,2:50.23,170.23,False,False,False,,,,"38.85,1:21.92,2:06.99",False
75,長水路,2,男子,200m自由形,50～54歳,1:58.62,2:03.51,2:18.15,8,塚越有宏,セ・市ヶ尾,3/3,2:53.64,173.64,False,False,False,,,,"37.72,1:20.20,2:07.74",False
75,長水路,2,男子,200m自由形,50～54歳,1:58.62,2:03.51,2:18.15,9,藤原毅,セ・蒲田,3/7,2:54.51,174.51,False,False,False,,,,"39.16,1:23.76,2:10.77",False
75,長水路,2,男子,200m自由形,50～54歳,1:58.62,2:03.51,2:18.15,10,大塚秀幸,セ・慶應日吉,2/6,3:07.87,187.87,False,False,False,,,,"40.70,1:27.58,2:18.05",False
75,長水路,2,男子,200m自由形,50～54歳,1:58.62,2:03.51,2:18.15,11,恒川直輝,セ・二俣川,2/3,3:13.57,193.57,False,False,False,,,,"41.57,1:27.64,2:19.63",False
75,長水路,2,男子,200m自由形,45～49歳,1:57.75,1:58.36,2:10.91,1,永瀬知之,セ・二俣川,7/1,2:17.05,137.05,False,False,False,,,,"31.52,1:06.67,1:42.20",False
75,長水路,2,男子,200m自由形,45～49歳,1:57.75,1:58.36,2:10.91,2,中村良樹,セ・武蔵小杉,6/6,2:21.33,141.32999999999998,False,False,False,,,,"32.11,1:07.29,1:44.41",False
75,長水路,2,男子,200m自由形,45～49歳,1:57.75,1:58.36,2:10.91,3,土井清孝,ザバス鶴見,5/7,2:26.05,146.05,False,False,False,,,,"34.34,1:12.92,1:50.62",False
75,長水路,2,男子,200m自由形,45～49歳,1:57.75,1:58.36,2:10.91,4,小室秀幸,セ・八王子,4/6,2:28.73,148.73,False,False,False,,,,"32.49,1:09.39,1:49.37",False
75,長水路,2,男子,200m自由形,45～49歳,1:57.75,1:58.36,2:10.91,5,羽田浩一,セ・成城,6/1,2:30.19,150.19,False,False,False,,,,"33.44,1:10.97,1:50.09",False
75,長水路,2,男子,200m自由形,45～49歳,1:57.75,1:58.36,2:10.91,6,山内悠,セ・市ヶ尾,5/9,2:30.27,150.27,False,False,False,,,,"34.41,1:13.54,1:53.62",False
75,長水路,2,男子,200m自由形,45～49歳,1:57.75,1:58.36,2:10.91,7,渡誠,セ・清瀬,4/3,2:39.39,159.39,False,False,False,,,,"36.59,1:15.96,1:58.70",False
75,長水路,2,男子,200m自由形,45～49歳,1:57.75,1:58.36,2:10.91,8,齊藤仁,セ・茂原,5/1,2:39.97,159.97,False,False,False,,,,"35.74,1:15.61,1:57.37",False
75,長水路,2,男子,200m自由形,45～49歳,1:57.75,1:58.36,2:10.91,9,高橋正則,ザバス鶴見,4/10,2:51.65,171.65,False,False,False,,,,"38.45,1:20.73,2:05.21",False
75,長水路,2,男子,200m自由形,40～44歳,1:53.65,1:59.07,2:07.37,1,知見邦彦,セ・二俣川,7/3,2:17.21,137.21,False,False,False,,,,"32.36,1:07.22,1:42.20",False
75,長水路,2,男子,200m自由形,40～44歳,1:53.65,1:59.07,2:07.37,2,大作善祥,セ・柏,5/6,2:24.30,144.3,False,False,False,,,,"32.51,1:09.52,1:48.05",False
75,長水路,2,男子,200m自由形,40～44歳,1:53.65,1:59.07,2:07.37,3,村上守,セ・成城,5/8,2:28.10,148.1,False,False,False,,,,"33.72,1:11.29,1:50.89",False
75,長水路,2,男子,200m自由形,40～44歳,1:53.65,1:59.07,2:07.37,4,今村満,セ・清瀬,2/4,2:55.45,175.45,False,False,False,,,,"40.86,1:24.73,2:09.41",False
75,長水路,2,男子,200m自由形,40～44歳,1:53.65,1:59.07,2:07.37,5,和田祐児,セ・松戸,3/1,2:57.14,177.14,False,False,False,,,,"40.21,1:24.68,2:09.91",False
75,長水路,2,男子,200m自由形,40～44歳,1:53.65,1:59.07,2:07.37,6,櫻井直仁,セ・清瀬,2/2,3:21.77,201.77,False,False,False,,,,"45.44,1:37.05,2:29.73",False
75,長水路,2,男子,200m自由形,35～39歳,1:52.84,1:55.36,2:03.40,1,前田崇行,セ・二俣川,7/4,2:10.11,130.11,False,False,False,,,,"29.58,1:03.22,1:38.16",False
75,長水路,2,男子,200m自由形,35～39歳,1:52.84,1:55.36,2:03.40,2,岩本和也,セ・志木,7/6,2:13.87,133.87,False,False,False,,,,"31.17,1:04.53,1:38.84",False
75,長水路,2,男子,200m自由形,35～39歳,1:52.84,1:55.36,2:03.40,3,高津周平,セ・大森,6/9,2:20.18,140.18,False,False,False,,,,"32.14,1:07.49,1:44.04",False
75,長水路,2,男子,200m自由形,35～39歳,1:52.84,1:55.36,2:03.40,4,長田裕史,セ・柏,6/3,2:22.82,142.82,False,False,False,,,,"32.66,1:08.59,1:46.27",False
75,長水路,2,男子,200m自由形,35～39歳,1:52.84,1:55.36,2:03.40,5,和田亮,セ・阿佐谷,5/3,2:27.26,147.26,False,False,False,,,,"33.61,1:10.44,1:49.93",False
75,長水路,2,男子,200m自由形,35～39歳,1:52.84,1:55.36,2:03.40,6,木村考太,セ・市ヶ尾,5/4,2:28.50,148.5,False,False,False,,,,"33.56,1:10.25,1:48.78",False
75,長水路,2,男子,200m自由形,35～39歳,1:52.84,1:55.36,2:03.40,7,村山健太,セ・福生,4/8,2:43.29,163.29,False,False,False,,,,"39.51,1:20.54,2:02.58",False
75,長水路,2,男子,200m自由形,30～34歳,1:49.56,1:54.32,2:03.39,1,高木祥一,セ・武蔵小杉,7/7,2:06.78,126.78,False,False,False,,,,"28.94,1:00.66,1:34.02",False
75,長水路,2,男子,200m自由形,30～34歳,1:49.56,1:54.32,2:03.39,2,中西剛,セ・成城,7/5,2:08.53,128.53,False,False,False,,,,"29.21,1:00.96,1:34.75",False
75,長水路,2,男子,200m自由形,30～34歳,1:49.56,1:54.32,2:03.39,3,新福留広貴,セ・二俣川,6/8,2:22.01,142.01,False,False,False,,,,"31.21,1:06.46,1:43.88",False
75,長水路,2,男子,200m自由形,25～29歳,1:50.76,1:53.81,2:02.30,1,松尾勇太,セ・越谷,6/7,2:08.87,128.87,False,False,False,,,,"28.31,59.82,1:33.58",False
75,長水路,2,男子,200m自由形,25～29歳,1:50.76,1:53.81,2:02.30,2,小野健,セ・天王洲,7/9,2:12.90,132.9,False,False,False,,,,"30.32,1:03.65,1:37.84",False
75,長水路,2,男子,200m自由形,25～29歳,1:50.76,1:53.81,2:02.30,3,石久保宏平,セ・長沼,6/4,2:24.53,144.53,False,False,False,,,,"32.64,1:08.82,1:47.23",False
75,長水路,2,男子,200m自由形,25～29歳,1:50.76,1:53.81,2:02.30,4,小沢征司,セ・大宮宮原,4/7,2:40.43,160.43,False,False,False,,,,"36.76,1:16.63,1:59.21",False
75,長水路,2,男子,200m自由形,25～29歳,1:50.76,1:53.81,2:02.30,5,鮫島晴生,ザバス鶴見,3/2,2:51.00,171.0,False,False,False,,,,"34.82,1:18.79,2:05.28",False
75,長水路,2,男子,200m自由形,18～24歳,,,1:55.00,1,南里輝,セ・蒲田,5/10,2:19.96,139.96,False,False,False,,,,"30.76,1:05.50,1:42.08",False
75,長水路,2,男子,200m自由形,18～24歳,,,1:55.00,2,野間隼翔,ザバス鶴見,7/10,2:34.07,154.07,False,False,False,,,,"31.46,1:09.85,1:50.68",False
75,長水路,2,男子,200m自由形,18～24歳,,,1:55.00,3,城山海,セ・葛西,6/10,2:36.83,156.82999999999998,False,False,False,,,,"32.95,1:10.69,1:51.08",False
75,長水路,7,女子,200m個人メドレー,75～79歳,3:21.84,3:32.94,4:12.78,1,仲岡輝,セ・我孫子,1/2,4:54.65,294.65,False,False,False,,,,"1:05.47,2:21.94,3:46.90",False
75,長水路,7,女子,200m個人メドレー,75～79歳,3:21.84,3:32.94,4:12.78,2,小野洋子,セ・我孫子,1/9,5:36.75,336.75,False,False,False,,,,"1:06.42,2:40.43,4:27.17",False
75,長水路,7,女子,200m個人メドレー,70～74歳,3:00.96,3:13.19,3:51.30,1,松本琴江,セ・阿佐谷,3/5,3:45.87,225.87,True,False,False,,,,"48.73,1:47.57,2:54.38",False
75,長水路,7,女子,200m個人メドレー,70～74歳,3:00.96,3:13.19,3:51.30,2,原田岳美,セ・藤沢,3/8,3:58.92,238.92000000000002,False,False,False,,,,"53.47,1:54.37,3:07.84",False
75,長水路,7,女子,200m個人メドレー,70～74歳,3:00.96,3:13.19,3:51.30,3,大山恵子,セ・葛西,3/4,4:00.97,240.97,False,False,False,,,,"47.46,1:51.28,3:04.01",False
75,長水路,7,女子,200m個人メドレー,70～74歳,3:00.96,3:13.19,3:51.30,4,大熊正子,セ・桶川北本,2/9,4:27.40,267.4,False,False,False,,,,"59.80,2:07.23,3:26.26",False
75,長水路,7,女子,200m個人メドレー,70～74歳,3:00.96,3:13.19,3:51.30,5,菅井道子,セ・戸塚,1/5,4:38.97,278.97,False,False,False,,,,"1:12.82,2:25.48,3:40.67",False
75,長水路,7,女子,200m個人メドレー,70～74歳,3:00.96,3:13.19,3:51.30,6,沢田裕子,セ・ときわ台,1/3,4:41.10,281.1,False,False,False,,,,"1:11.51,2:30.89,3:42.86",False
75,長水路,7,女子,200m個人メドレー,70～74歳,3:00.96,3:13.19,3:51.30,7,松木真知子,セ・ときわ台,1/8,5:01.80,301.8,False,False,False,,,,"1:10.51,2:28.59,3:45.59",False
75,長水路,7,女子,200m個人メドレー,70～74歳,3:00.96,3:13.19,3:51.30,8,木村恵子,セ・越谷,1/4,5:03.17,303.17,False,False,False,,,,"1:01.34,2:17.90,3:45.22",False
75,長水路,7,女子,200m個人メドレー,70～74歳,3:00.96,3:13.19,3:51.30,,原嶋寿子,セ・谷津,1/6,,,False,False,False,,,,,False
75,長水路,7,女子,200m個人メドレー,65～69歳,2:51.52,3:11.94,3:35.41,1,青木華世子,セ・松戸,4/8,3:33.12,213.12,True,False,False,,,,"46.54,1:42.83,2:45.05",False
75,長水路,7,女子,200m個人メドレー,65～69歳,2:51.52,3:11.94,3:35.41,2,森谷登志江,セ・慶應日吉,3/6,3:48.51,228.51,False,False,False,,,,"52.64,1:51.06,2:56.61",False
75,長水路,7,女子,200m個人メドレー,65～69歳,2:51.52,3:11.94,3:35.41,3,井手敦子,セ・慶應日吉,3/7,3:50.23,230.23,False,False,False,,,,"52.49,1:51.55,3:00.64",False
75,長水路,7,女子,200m個人メドレー,65～69歳,2:51.52,3:11.94,3:35.41,4,佐藤淳子,セ・葛西,3/3,3:56.33,236.32999999999998,False,False,False,,,,"52.65,1:56.38,2:57.40",False
75,長水路,7,女子,200m個人メドレー,65～69歳,2:51.52,3:11.94,3:35.41,5,藤代由美子,セ・長沼,3/2,3:59.64,239.64,False,False,False,,,,"51.81,1:54.61,3:01.87",False
75,長水路,7,女子,200m個人メドレー,65～69歳,2:51.52,3:11.94,3:35.41,6,太田初美,セ・越谷,2/3,4:17.96,257.96,False,False,False,,,,"55.75,2:04.72,3:12.56",False
75,長水路,7,女子,200m個人メドレー,65～69歳,2:51.52,3:11.94,3:35.41,7,菅和江,セ・戸塚,2/7,4:24.29,264.29,False,False,False,,,,"1:04.82,2:14.40,3:29.88",False
75,長水路,7,女子,200m個人メドレー,65～69歳,2:51.52,3:11.94,3:35.41,8,日和久美子,セ・戸塚,2/4,4:29.19,269.19,False,False,False,,,,"1:01.83,2:10.86,3:28.67",False
75,長水路,7,女子,200m個人メドレー,60～64歳,2:44.62,2:57.05,3:20.19,1,野島久枝,セ・二俣川,4/7,3:26.96,206.96,False,False,False,,,,"50.03,1:44.97,2:41.20",False
75,長水路,7,女子,200m個人メドレー,60～64歳,2:44.62,2:57.05,3:20.19,2,高松早智子,セ・南宇都宮,4/10,3:42.78,222.78,False,False,False,,,,"48.98,1:49.07,2:51.70",False
75,長水路,7,女子,200m個人メドレー,60～64歳,2:44.62,2:57.05,3:20.19,3,盛田真規子,セ・二俣川,3/1,4:04.48,244.48,False,False,False,,,,"57.18,2:02.58,3:11.13",False
75,長水路,7,女子,200m個人メドレー,60～64歳,2:44.62,2:57.05,3:20.19,4,毛利ゆかり,セ・横浜,2/5,4:19.54,259.54,False,False,False,,,,"59.49,2:02.87,3:21.70",False
75,長水路,7,女子,200m個人メドレー,60～64歳,2:44.62,2:57.05,3:20.19,5,近藤みゆき,セ・阿佐谷,1/7,4:38.70,278.7,False,False,False,,,,"1:09.90,2:22.96,3:37.10",False
75,長水路,7,女子,200m個人メドレー,55～59歳,2:31.51,2:51.38,2:51.38,1,畑田佳代,セ・阿佐谷,5/8,2:57.96,177.96,False,False,False,,,,"36.76,1:23.93,2:17.81",False
75,長水路,7,女子,200m個人メドレー,55～59歳,2:31.51,2:51.38,2:51.38,2,若林朋子,セ・大宮宮原,5/10,3:11.40,191.4,False,False,False,,,,"36.41,1:31.72,2:27.89",False
75,長水路,7,女子,200m個人メドレー,55～59歳,2:31.51,2:51.38,2:51.38,3,田中貴子,セ・清瀬,4/5,3:11.96,191.96,False,False,False,,,,"40.79,1:31.59,2:26.65",False
75,長水路,7,女子,200m個人メドレー,50～54歳,2:31.02,2:39.26,2:54.21,1,広瀬百合香,セ・戸塚,5/3,2:59.70,179.7,False,False,False,,,,"37.35,1:22.48,2:17.50",False
75,長水路,7,女子,200m個人メドレー,50～54歳,2:31.02,2:39.26,2:54.21,2,佐々木美佐,セ・平塚,5/1,3:12.39,192.39,False,False,False,,,,"37.76,1:25.55,2:24.40",False
75,長水路,7,女子,200m個人メドレー,50～54歳,2:31.02,2:39.26,2:54.21,3,鎌田和代,セ・千葉みなと,4/6,3:18.36,198.36,False,False,False,,,,"43.41,1:33.65,2:30.96",False
75,長水路,7,女子,200m個人メドレー,50～54歳,2:31.02,2:39.26,2:54.21,4,大島江理子,セ・大森,4/9,3:28.58,208.57999999999998,False,False,False,,,,"42.32,1:40.51,2:40.45",False
75,長水路,7,女子,200m個人メドレー,50～54歳,2:31.02,2:39.26,2:54.21,5,白須靖子,セ・市ヶ尾,3/9,3:37.10,217.1,False,False,False,,,,"50.56,1:49.92,2:46.69",False
75,長水路,7,女子,200m個人メドレー,50～54歳,2:31.02,2:39.26,2:54.21,6,比留川美緒,セ・平塚,2/8,3:39.51,219.51,False,False,False,,,,"43.91,1:43.41,2:46.66",False
75,長水路,7,女子,200m個人メドレー,45～49歳,2:21.37,2:33.33,2:49.83,1,高橋麻子,セ・市ヶ尾,4/2,3:21.70,201.7,False,False,False,,,,"40.98,1:36.65,2:35.07",False
75,長水路,7,女子,200m個人メドレー,45～49歳,2:21.37,2:33.33,2:49.83,2,佐藤桂子,セ・横浜,4/1,3:47.09,227.09,False,False,False,,,,"47.00,1:49.89,2:56.80",False
75,長水路,7,女子,200m個人メドレー,45～49歳,2:21.37,2:33.33,2:49.83,3,赤坂恵美子,セ・志木,3/10,4:03.42,243.42,False,False,False,,,,"49.60,1:53.22,3:01.69",False
75,長水路,7,女子,200m個人メドレー,40～44歳,2:25.03,2:30.15,2:44.54,1,大竹昌子,セ・大森,4/4,3:34.58,214.57999999999998,False,False,False,,,,"47.67,1:46.49,2:46.19",False
75,長水路,7,女子,200m個人メドレー,35～39歳,2:21.09,2:21.47,2:39.83,1,小室絵利奈,セ・おおたか,5/7,2:56.95,176.95,False,False,False,,,,"36.47,1:21.01,2:14.15",False
75,長水路,7,女子,200m個人メドレー,35～39歳,2:21.09,2:21.47,2:39.83,2,山田未紗子,セ・越谷,4/3,3:22.57,202.57,False,False,False,,,,"40.52,1:36.62,2:32.61",False
75,長水路,7,女子,200m個人メドレー,30～34歳,2:13.89,2:19.28,2:27.06,1,長谷川恵,セ・阿佐谷,5/4,2:50.92,170.92000000000002,False,False,False,,,,"38.19,1:23.23,2:11.24",False
75,長水路,7,女子,200m個人メドレー,25～29歳,2:20.71,2:20.71,2:30.52,1,浅田慶子,ザバス鶴見,5/5,2:43.57,163.57,False,False,False,,,,"34.58,1:17.43,2:07.29",False
75,長水路,7,女子,200m個人メドレー,25～29歳,2:20.71,2:20.71,2:30.52,2,志賀菜々美,セ・二俣川,5/6,2:46.56,166.56,False,False,False,,,,"35.07,1:17.73,2:08.59",False
75,長水路,7,女子,200m個人メドレー,25～29歳,2:20.71,2:20.71,2:30.52,3,嶋田菜々子,セ・おおたか,5/2,2:54.76,174.76,False,False,False,,,,"35.91,1:20.20,2:13.65",False
75,長水路,8,男子,200m個人メドレー,75～79歳,2:57.66,3:09.33,3:43.58,1,木津誠,セ・成城,3/1,3:25.77,205.77,True,False,False,,,,"44.32,1:39.04,2:39.17",False
75,長水路,8,男子,200m個人メドレー,75～79歳,2:57.66,3:09.33,3:43.58,2,今修二,セ・越谷,1/4,3:54.53,234.53,False,False,False,,,,"56.17,2:01.70,3:03.10",False
75,長水路,8,男子,200m個人メドレー,75～79歳,2:57.66,3:09.33,3:43.58,3,白井清嗣,セ・大宮宮原,1/2,4:11.76,251.76,False,False,False,,,,"1:01.03,2:10.46,3:18.09",False
75,長水路,8,男子,200m個人メドレー,70～74歳,2:42.94,2:53.33,3:21.08,1,若月優,セ・横浜,2/4,3:35.73,215.73,False,False,False,,,,"50.71,1:48.87,2:48.39",False
75,長水路,8,男子,200m個人メドレー,70～74歳,2:42.94,2:53.33,3:21.08,2,安藤次郎,セ・館山,1/5,3:36.11,216.11,False,False,False,,,,"39.93,1:44.85,2:51.08",False
75,長水路,8,男子,200m個人メドレー,70～74歳,2:42.94,2:53.33,3:21.08,3,菱沼和男,セ・葛西,1/7,3:56.46,236.46,False,False,False,,,,"58.68,2:01.31,3:08.85",False
75,長水路,8,男子,200m個人メドレー,70～74歳,2:42.94,2:53.33,3:21.08,,吉澤隆,セ・清瀬,3/3,,,False,False,False,,,,,False
75,長水路,8,男子,200m個人メドレー,65～69歳,2:25.22,2:42.42,2:48.85,1,田邊英一,ザバス鶴見,3/6,3:10.84,190.84,False,False,False,,,,"38.19,1:26.96,2:25.97",False
75,長水路,8,男子,200m個人メドレー,65～69歳,2:25.22,2:42.42,2:48.85,2,成瀬道治,セ・桶川北本,1/3,4:13.36,253.36,False,False,False,,,,"52.54,2:06.45,3:17.74",False
75,長水路,8,男子,200m個人メドレー,60～64歳,2:21.99,2:37.09,2:39.43,1,古木隆介,セ・用賀,6/1,2:43.39,163.39,False,False,False,,,,"32.36,1:15.37,2:03.42",False
75,長水路,8,男子,200m個人メドレー,60～64歳,2:21.99,2:37.09,2:39.43,2,池谷千尋,セ・長津田,3/8,3:15.22,195.22,False,False,False,,,,"40.80,1:38.24,2:30.04",False
75,長水路,8,男子,200m個人メドレー,60～64歳,2:21.99,2:37.09,2:39.43,3,大塚克,セ・市川,3/4,3:21.29,201.29,False,False,False,,,,"42.17,1:35.85,2:32.04",False
75,長水路,8,男子,200m個人メドレー,60～64歳,2:21.99,2:37.09,2:39.43,4,久保田勝己,セ・阿佐谷,2/5,3:22.98,202.98,False,False,False,,,,"41.41,1:34.94,2:37.06",False
75,長水路,8,男子,200m個人メドレー,60～64歳,2:21.99,2:37.09,2:39.43,5,齋藤博憲,ザバス鶴見,2/7,3:32.76,212.76,False,False,False,,,,"47.13,1:48.23,2:48.15",False
75,長水路,8,男子,200m個人メドレー,55～59歳,2:20.67,2:26.24,2:36.80,1,小倉秀和,セ・清瀬,5/3,2:49.33,169.32999999999998,False,False,False,,,,"34.32,1:18.77,2:11.86",False
75,長水路,8,男子,200m個人メドレー,55～59歳,2:20.67,2:26.24,2:36.80,2,町田克浩,セ・大森,4/5,2:58.80,178.8,False,False,False,,,,"36.85,1:23.77,2:18.52",False
75,長水路,8,男子,200m個人メドレー,55～59歳,2:20.67,2:26.24,2:36.80,3,飯田正敏,セ・用賀,4/3,3:03.41,183.41,False,False,False,,,,"38.15,1:29.29,2:22.64",False
75,長水路,8,男子,200m個人メドレー,55～59歳,2:20.67,2:26.24,2:36.80,4,塚本幸治,セ・千葉みなと,4/2,3:11.18,191.18,False,False,False,,,,"39.56,1:30.65,2:26.84",False
75,長水路,8,男子,200m個人メドレー,55～59歳,2:20.67,2:26.24,2:36.80,5,平井宏宜,セ・蘇我,1/8,4:33.14,273.14,False,False,False,,,,"1:01.84,2:20.29,3:27.23",False
75,長水路,8,男子,200m個人メドレー,50～54歳,2:11.15,2:20.54,2:32.41,1,早川友二,セ・武蔵小杉,5/7,2:51.34,171.34,False,False,False,,,,"36.84,1:20.11,2:11.99",False
75,長水路,8,男子,200m個人メドレー,50～54歳,2:11.15,2:20.54,2:32.41,2,渡部弘一,セ・市川,4/7,2:53.30,173.3,False,False,False,,,,"31.87,1:16.23,2:12.25",False
75,長水路,8,男子,200m個人メドレー,50～54歳,2:11.15,2:20.54,2:32.41,3,山田耕一,セ・清瀬,5/10,2:56.08,176.07999999999998,False,False,False,,,,"39.38,1:23.45,2:16.45",False
75,長水路,8,男子,200m個人メドレー,50～54歳,2:11.15,2:20.54,2:32.41,4,平田博之,セ・ときわ台,4/10,2:59.34,179.34,False,False,False,,,,"37.06,1:23.30,2:16.77",False
75,長水路,8,男子,200m個人メドレー,50～54歳,2:11.15,2:20.54,2:32.41,5,成島毅,セ・Ｆ宇都宮,4/1,3:02.97,182.97,False,False,False,,,,"36.73,1:28.93,2:20.23",False
75,長水路,8,男子,200m個人メドレー,50～54歳,2:11.15,2:20.54,2:32.41,6,祖川久茂,セ・市ヶ尾,3/5,3:07.05,187.05,False,False,False,,,,"36.87,1:29.96,2:18.57",False
75,長水路,8,男子,200m個人メドレー,45～49歳,2:10.09,2:16.32,2:19.57,1,土井清孝,ザバス鶴見,6/8,2:41.86,161.86,False,False,False,,,,"35.08,1:18.41,2:06.19",False
75,長水路,8,男子,200m個人メドレー,45～49歳,2:10.09,2:16.32,2:19.57,2,中村良樹,セ・武蔵小杉,5/5,2:42.01,162.01,False,False,False,,,,"33.56,1:16.09,2:04.56",False
75,長水路,8,男子,200m個人メドレー,45～49歳,2:10.09,2:16.32,2:19.57,3,羽田浩一,セ・成城,6/5,2:42.78,162.78,False,False,False,,,,"32.92,1:15.16,2:02.44",False
75,長水路,8,男子,200m個人メドレー,45～49歳,2:10.09,2:16.32,2:19.57,4,村上政行,セ・武蔵小杉,5/8,2:48.94,168.94,False,False,False,,,,"36.65,1:24.46,2:09.46",False
75,長水路,8,男子,200m個人メドレー,45～49歳,2:10.09,2:16.32,2:19.57,5,磯貝知弘,セ・柏,5/9,2:53.62,173.62,False,False,False,,,,"34.32,1:18.31,2:14.27",False
75,長水路,8,男子,200m個人メドレー,45～49歳,2:10.09,2:16.32,2:19.57,6,齊藤仁,セ・茂原,5/6,3:01.91,181.91,False,False,False,,,,"36.59,1:23.52,2:19.00",False
75,長水路,8,男子,200m個人メドレー,45～49歳,2:10.09,2:16.32,2:19.57,7,渡誠,セ・清瀬,4/9,3:07.70,187.7,False,False,False,,,,"39.07,1:28.41,2:25.09",False
75,長水路,8,男子,200m個人メドレー,45～49歳,2:10.09,2:16.32,2:19.57,8,大川明徳,セ・阿佐谷,2/6,3:41.57,221.57,False,False,False,,,,"41.38,1:45.28,2:50.74",False
75,長水路,8,男子,200m個人メドレー,45～49歳,2:10.09,2:16.32,2:19.57,9,小山邦彦,セ・おおたか,2/3,3:47.18,227.18,False,False,False,,,,"44.35,1:49.51,2:52.87",False
75,長水路,8,男子,200m個人メドレー,40～44歳,2:10.63,2:13.76,2:20.44,1,鶴谷学,セ・二俣川,7/6,2:24.37,144.37,False,False,False,,,,"29.80,1:08.37,1:50.80",False
75,長水路,8,男子,200m個人メドレー,40～44歳,2:10.63,2:13.76,2:20.44,2,矢作歩,セ・長津田,6/6,2:37.33,157.32999999999998,False,False,False,,,,"34.01,1:16.48,2:03.15",False
75,長水路,8,男子,200m個人メドレー,40～44歳,2:10.63,2:13.76,2:20.44,3,植村匡詞,セ・千葉みなと,6/9,2:38.86,158.86,False,False,False,,,,"32.09,1:12.70,1:59.65",False
75,長水路,8,男子,200m個人メドレー,40～44歳,2:10.63,2:13.76,2:20.44,4,和田祐児,セ・松戸,3/7,3:29.05,209.05,False,False,False,,,,"42.26,1:36.35,2:36.77",False
75,長水路,8,男子,200m個人メドレー,40～44歳,2:10.63,2:13.76,2:20.44,5,今村満,セ・清瀬,2/2,3:32.20,212.2,False,False,False,,,,"50.02,1:40.43,2:46.64",False
75,長水路,8,男子,200m個人メドレー,40～44歳,2:10.63,2:13.76,2:20.44,,櫻井直仁,セ・清瀬,2/8,,,False,False,False,,,,,False
75,長水路,8,男子,200m個人メドレー,35～39歳,2:05.65,2:09.33,2:17.09,1,棚網宏之,セ・阿佐谷,7/2,2:32.54,152.54,False,False,False,,,,"30.78,1:10.08,1:56.18",False
75,長水路,8,男子,200m個人メドレー,35～39歳,2:05.65,2:09.33,2:17.09,2,図師拓千,セ・市ヶ尾,6/10,2:40.61,160.61,False,False,False,,,,"31.24,1:14.11,2:06.10",False
75,長水路,8,男子,200m個人メドレー,35～39歳,2:05.65,2:09.33,2:17.09,3,和田亮,セ・阿佐谷,6/7,2:45.46,165.46,False,False,False,,,,"33.86,1:16.26,2:06.31",False
75,長水路,8,男子,200m個人メドレー,35～39歳,2:05.65,2:09.33,2:17.09,4,木村考太,セ・市ヶ尾,6/4,2:49.99,169.99,False,False,False,,,,"35.30,1:23.34,2:09.13",False
75,長水路,8,男子,200m個人メドレー,35～39歳,2:05.65,2:09.33,2:17.09,5,村山健太,セ・福生,4/4,3:04.00,184.0,False,False,False,,,,"40.77,1:26.37,2:19.96",False
75,長水路,8,男子,200m個人メドレー,30～34歳,2:02.18,2:07.47,2:17.41,1,吉澤宏紀,セ・八王子,6/2,2:42.00,162.0,False,False,False,,,,"35.84,1:20.96,2:06.85",False
75,長水路,8,男子,200m個人メドレー,25～29歳,2:03.62,2:04.41,2:10.44,1,今里昂哉,セ・清瀬,7/5,2:21.12,141.12,False,False,False,,,,"29.59,1:07.04,1:47.59",False
75,長水路,8,男子,200m個人メドレー,25～29歳,2:03.62,2:04.41,2:10.44,2,小野健,セ・天王洲,7/4,2:30.71,150.71,False,False,False,,,,"30.28,1:11.56,1:54.70",False
75,長水路,8,男子,200m個人メドレー,25～29歳,2:03.62,2:04.41,2:10.44,3,吉原優輝,セ・市川,7/10,2:35.98,155.98,False,False,False,,,,"30.52,1:12.31,1:55.85",False
75,長水路,8,男子,200m個人メドレー,25～29歳,2:03.62,2:04.41,2:10.44,4,坂佐井健悟,セ・大森,4/8,3:06.38,186.38,False,False,False,,,,"37.66,1:28.79,2:25.71",False
75,長水路,8,男子,200m個人メドレー,18～24歳,,,2:08.80,1,石田虎流,セ・慶應日吉,7/7,2:20.31,140.31,False,False,False,,,,"28.47,1:04.10,1:47.21",False
75,長水路,8,男子,200m個人メドレー,18～24歳,,,2:08.80,2,千葉諒太,ザバス鶴見,7/3,2:30.13,150.13,False,False,False,,,,"30.69,1:11.34,1:56.39",False
75,長水路,8,男子,200m個人メドレー,18～24歳,,,2:08.80,3,田中壮一郎,セ・二俣川,7/8,2:33.84,153.84,False,False,False,,,,"29.09,1:09.97,1:55.51",False
75,長水路,8,男子,200m個人メドレー,18～24歳,,,2:08.80,4,鈴木央雅,セ・清瀬,4/6,2:58.04,178.04,False,False,False,,,,"28.52,1:15.74,2:08.35",False
75,長水路,9,女子,100m自由形,85～89歳,1:29.29,1:44.80,1:45.73,1,平田美佐子,セ・天王洲,1/2,2:16.67,136.67000000000002,False,False,False,,,,,False
75,長水路,9,女子,100m自由形,80～84歳,1:23.16,1:23.16,1:40.44,1,甲把昌子,セ・長沼,4/8,1:38.81,98.81,True,False,False,,,,,False
75,長水路,9,女子,100m自由形,80～84歳,1:23.16,1:23.16,1:40.44,2,岡崎富美子,ザバス鶴見,1/5,2:01.94,121.94,False,False,False,,,,,False
75,長水路,9,女子,100m自由形,80～84歳,1:23.16,1:23.16,1:40.44,3,永島郁子,ザバス鶴見,1/7,2:04.01,124.01,False,False,False,,,,,False
75,長水路,9,女子,100m自由形,80～84歳,1:23.16,1:23.16,1:40.44,4,武藤治子,セ・二俣川,1/8,2:04.52,124.52,False,False,False,,,,,False
75,長水路,9,女子,100m自由形,80～84歳,1:23.16,1:23.16,1:40.44,,加藤直子,セ・横浜,1/10,,,False,False,False,,,,,False
75,長水路,9,女子,100m自由形,75～79歳,1:17.38,1:19.71,1:36.96,1,佐藤由利子,セ・用賀,4/2,1:41.69,101.69,False,False,False,,,,,False
75,長水路,9,女子,100m自由形,75～79歳,1:17.38,1:19.71,1:36.96,2,宇田川礼子,セ・我孫子,1/3,1:45.10,105.1,False,False,False,,,,,False
75,長水路,9,女子,100m自由形,75～79歳,1:17.38,1:19.71,1:36.96,3,馬場悦子,セ・清瀬,3/7,1:48.37,108.37,False,False,False,,,,,False
75,長水路,9,女子,100m自由形,75～79歳,1:17.38,1:19.71,1:36.96,4,山本まり子,セ・能見台,2/10,1:55.39,115.39,False,False,False,,,,,False
75,長水路,9,女子,100m自由形,75～79歳,1:17.38,1:19.71,1:36.96,5,久保美紀枝,セ・流山,2/6,2:04.26,124.26,False,False,False,,,,,False
75,長水路,9,女子,100m自由形,75～79歳,1:17.38,1:19.71,1:36.96,6,後藤節子,セ・松戸,2/4,2:08.19,128.19,False,False,False,,,,,False
75,長水路,9,女子,100m自由形,70～74歳,1:06.90,1:14.28,1:21.82,1,中平信子,セ・成瀬,6/4,1:26.66,86.66,False,False,False,,,,,False
75,長水路,9,女子,100m自由形,70～74歳,1:06.90,1:14.28,1:21.82,2,若林多恵子,セ・谷津,2/2,1:50.66,110.66,False,False,False,,,,,False
75,長水路,9,女子,100m自由形,70～74歳,1:06.90,1:14.28,1:21.82,3,宮内佳代子,セ・トレッサ,3/3,1:55.89,115.89,False,False,False,,,,,False
75,長水路,9,女子,100m自由形,70～74歳,1:06.90,1:14.28,1:21.82,4,于亜芝,セ・南千住,3/8,1:57.40,117.4,False,False,False,,,,,False
75,長水路,9,女子,100m自由形,70～74歳,1:06.90,1:14.28,1:21.82,5,斉藤由利子,セ・青砥,2/3,2:07.06,127.06,False,False,False,,,,,False
75,長水路,9,女子,100m自由形,70～74歳,1:06.90,1:14.28,1:21.82,,松永タズヨ,セ・おおたか,3/10,,,False,False,False,,,,,False
75,長水路,9,女子,100m自由形,65～69歳,1:04.89,1:13.05,1:22.56,1,菅野泰子,セ・松戸,7/6,1:18.83,78.83,True,False,False,,,,,False
75,長水路,9,女子,100m自由形,65～69歳,1:04.89,1:13.05,1:22.56,2,近藤則子,セ・阿佐谷,7/2,1:27.93,87.93,False,False,False,,,,,False
75,長水路,9,女子,100m自由形,65～69歳,1:04.89,1:13.05,1:22.56,3,川久保ちづる,ザバス川崎,5/2,1:33.66,93.66,False,False,False,,,,,False
75,長水路,9,女子,100m自由形,65～69歳,1:04.89,1:13.05,1:22.56,4,臼井希代子,セ・大宮宮原,5/7,1:35.60,95.6,False,False,False,,,,,False
75,長水路,9,女子,100m自由形,65～69歳,1:04.89,1:13.05,1:22.56,5,五月女美幸,セ・宇都宮,5/6,1:38.68,98.68,False,False,False,,,,,False
75,長水路,9,女子,100m自由形,65～69歳,1:04.89,1:13.05,1:22.56,6,石崎節代,セ・南千住,4/9,1:44.81,104.81,False,False,False,,,,,False
75,長水路,9,女子,100m自由形,65～69歳,1:04.89,1:13.05,1:22.56,7,松浦敏子,セ・我孫子,1/4,1:45.40,105.4,False,False,False,,,,,False
75,長水路,9,女子,100m自由形,65～69歳,1:04.89,1:13.05,1:22.56,8,譲原恵子,セ・我孫子,4/3,1:47.72,107.72,False,False,False,,,,,False
75,長水路,9,女子,100m自由形,65～69歳,1:04.89,1:13.05,1:22.56,9,宮原美穂,セ・福生,3/6,1:49.54,109.53999999999999,False,False,False,,,,,False
75,長水路,9,女子,100m自由形,60～64歳,1:03.83,1:08.90,1:11.31,1,永瀬秀子,セ・二俣川,9/1,1:15.46,75.46000000000001,False,False,False,,,,,False
75,長水路,9,女子,100m自由形,60～64歳,1:03.83,1:08.90,1:11.31,2,石井裕美,セ・ときわ台,8/3,1:17.80,77.8,False,False,False,,,,,False
75,長水路,9,女子,100m自由形,60～64歳,1:03.83,1:08.90,1:11.31,3,石原なおみ,セ・阿佐谷,8/7,1:22.58,82.58,False,False,False,,,,,False
75,長水路,9,女子,100m自由形,60～64歳,1:03.83,1:08.90,1:11.31,4,高梨美樹,セ・成城,7/10,1:28.11,88.11,False,False,False,,,,,False
75,長水路,9,女子,100m自由形,60～64歳,1:03.83,1:08.90,1:11.31,5,高松早智子,セ・南宇都宮,5/5,1:30.31,90.31,False,False,False,,,,,False
75,長水路,9,女子,100m自由形,60～64歳,1:03.83,1:08.90,1:11.31,6,藤枝康子,ザバス鶴見,6/6,1:31.21,91.21000000000001,False,False,False,,,,,False
75,長水路,9,女子,100m自由形,60～64歳,1:03.83,1:08.90,1:11.31,7,茂櫛典子,セ・成城,6/7,1:32.28,92.28,False,False,False,,,,,False
75,長水路,9,女子,100m自由形,60～64歳,1:03.83,1:08.90,1:11.31,8,野崎由美子,セ・おおたか,3/5,1:33.36,93.36,False,False,False,,,,,False
75,長水路,9,女子,100m自由形,60～64歳,1:03.83,1:08.90,1:11.31,9,清水孝子,セ・福生,5/9,1:36.15,96.15,False,False,False,,,,,False
75,長水路,9,女子,100m自由形,60～64歳,1:03.83,1:08.90,1:11.31,10,加藤雅弓,セ・新都心,4/6,1:36.56,96.56,False,False,False,,,,,False
75,長水路,9,女子,100m自由形,60～64歳,1:03.83,1:08.90,1:11.31,11,盛田真規子,セ・二俣川,6/2,1:36.99,96.99000000000001,False,False,False,,,,,False
75,長水路,9,女子,100m自由形,60～64歳,1:03.83,1:08.90,1:11.31,12,田村明美,セ・慶應日吉,5/3,1:37.04,97.03999999999999,False,False,False,,,,,False
75,長水路,9,女子,100m自由形,60～64歳,1:03.83,1:08.90,1:11.31,13,伊藤ゆかり,セ・成城,6/10,1:38.15,98.15,False,False,False,,,,,False
75,長水路,9,女子,100m自由形,60～64歳,1:03.83,1:08.90,1:11.31,14,古宇田淳子,セ・南千住,4/5,1:40.02,100.02000000000001,False,False,False,,,,,False
75,長水路,9,女子,100m自由形,60～64歳,1:03.83,1:08.90,1:11.31,15,佐々木れい,セ・志木,4/7,1:41.58,101.58,False,False,False,,,,,False
75,長水路,9,女子,100m自由形,60～64歳,1:03.83,1:08.90,1:11.31,16,西澤順子,セ・青砥,2/9,1:43.62,103.62,False,False,False,,,,,False
75,長水路,9,女子,100m自由形,60～64歳,1:03.83,1:08.90,1:11.31,17,久松葉子,セ・成瀬,6/9,1:45.05,105.05,False,False,False,,,,,False
75,長水路,9,女子,100m自由形,60～64歳,1:03.83,1:08.90,1:11.31,18,大西和子,セ・天王洲,2/5,2:09.50,129.5,False,False,False,,,,,False
75,長水路,9,女子,100m自由形,55～59歳,1:02.02,1:05.21,1:10.06,1,奥寺容子,セ・二俣川,8/1,1:20.81,80.81,False,False,False,,,,,False
75,長水路,9,女子,100m自由形,55～59歳,1:02.02,1:05.21,1:10.06,2,前畑章子,セ・慶應日吉,9/2,1:22.44,82.44,False,False,False,,,,,False
75,長水路,9,女子,100m自由形,55～59歳,1:02.02,1:05.21,1:10.06,3,福原美奈,セ・稲毛海岸,7/9,1:25.48,85.48,False,False,False,,,,,False
75,長水路,9,女子,100m自由形,55～59歳,1:02.02,1:05.21,1:10.06,4,高橋久美,セ・市川,7/1,1:26.47,86.47,False,False,False,,,,,False
75,長水路,9,女子,100m自由形,55～59歳,1:02.02,1:05.21,1:10.06,5,鈴木夏実,セ・慶應日吉,5/8,1:35.84,95.84,False,False,False,,,,,False
75,長水路,9,女子,100m自由形,55～59歳,1:02.02,1:05.21,1:10.06,6,佐藤直子,セ・我孫子,3/9,1:35.97,95.97,False,False,False,,,,,False
75,長水路,9,女子,100m自由形,55～59歳,1:02.02,1:05.21,1:10.06,7,及川薫,セ・松戸,6/1,1:36.94,96.94,False,False,False,,,,,False
75,長水路,9,女子,100m自由形,55～59歳,1:02.02,1:05.21,1:10.06,8,坂井慶子,セ・大宮宮原,4/1,1:38.89,98.89,False,False,False,,,,,False
75,長水路,9,女子,100m自由形,55～59歳,1:02.02,1:05.21,1:10.06,9,佐々木夕子,セ・市ヶ尾,2/7,1:54.35,114.35,False,False,False,,,,,False
75,長水路,9,女子,100m自由形,50～54歳,1:00.42,1:03.99,1:08.85,1,池田百合子,セ・市ヶ尾,10/9,1:06.25,66.25,True,False,False,,,,,False
75,長水路,9,女子,100m自由形,50～54歳,1:00.42,1:03.99,1:08.85,2,原田佳子,セ・葛西,9/3,1:12.34,72.34,False,False,False,,,,,False
75,長水路,9,女子,100m自由形,50～54歳,1:00.42,1:03.99,1:08.85,3,広瀬百合香,セ・戸塚,9/6,1:13.85,73.85,False,False,False,,,,,False
75,長水路,9,女子,100m自由形,50～54歳,1:00.42,1:03.99,1:08.85,4,篠原理恵,セ・南宇都宮,9/8,1:15.21,75.21000000000001,False,False,False,,,,,False
75,長水路,9,女子,100m自由形,50～54歳,1:00.42,1:03.99,1:08.85,5,池田智子,セ・目黒,9/10,1:18.83,78.83,False,False,False,,,,,False
75,長水路,9,女子,100m自由形,50～54歳,1:00.42,1:03.99,1:08.85,6,八尋加苗,セ・松戸,7/4,1:24.92,84.92,False,False,False,,,,,False
75,長水路,9,女子,100m自由形,50～54歳,1:00.42,1:03.99,1:08.85,7,北瀬あづさ,セ・市ヶ尾,5/1,1:35.22,95.22,False,False,False,,,,,False
75,長水路,9,女子,100m自由形,50～54歳,1:00.42,1:03.99,1:08.85,8,小林和江,セ・福生,6/5,1:35.26,95.25999999999999,False,False,False,,,,,False
75,長水路,9,女子,100m自由形,50～54歳,1:00.42,1:03.99,1:08.85,9,信賀志乃,ザバス鶴見,3/1,1:38.24,98.24000000000001,False,False,False,,,,,False
75,長水路,9,女子,100m自由形,50～54歳,1:00.42,1:03.99,1:08.85,10,駒田尚子,ザバス鶴見,4/4,1:39.48,99.47999999999999,False,False,False,,,,,False
75,長水路,9,女子,100m自由形,45～49歳,57.40,1:03.18,1:08.19,1,佐々木彩,セ・成城,9/4,1:12.34,72.34,False,False,False,,,,,False
75,長水路,9,女子,100m自由形,45～49歳,57.40,1:03.18,1:08.19,2,小谷佐織,セ・千葉みなと,8/5,1:15.37,75.37,False,False,False,,,,,False
75,長水路,9,女子,100m自由形,45～49歳,57.40,1:03.18,1:08.19,3,芳賀加代子,セ・南青山,8/2,1:18.93,78.93,False,False,False,,,,,False
75,長水路,9,女子,100m自由形,45～49歳,57.40,1:03.18,1:08.19,4,米倉公美,セ・目黒,8/8,1:20.05,80.05,False,False,False,,,,,False
75,長水路,9,女子,100m自由形,45～49歳,57.40,1:03.18,1:08.19,5,小室桃子,セ・八王子,8/10,1:20.98,80.98,False,False,False,,,,,False
75,長水路,9,女子,100m自由形,45～49歳,57.40,1:03.18,1:08.19,6,細沼悦子,セ・越谷,5/10,1:29.09,89.09,False,False,False,,,,,False
75,長水路,9,女子,100m自由形,45～49歳,57.40,1:03.18,1:08.19,7,山崎悦子,クリーンスパ,1/1,1:51.37,111.37,False,False,False,,,,,False
75,長水路,9,女子,100m自由形,40～44歳,58.04,1:02.15,1:06.24,1,吉村華余,セ・長津田,10/7,1:07.08,67.08,False,False,False,,,,,False
75,長水路,9,女子,100m自由形,40～44歳,58.04,1:02.15,1:06.24,2,吉田舞,ザバス鶴見,10/4,1:07.70,67.7,False,False,False,,,,,False
75,長水路,9,女子,100m自由形,40～44歳,58.04,1:02.15,1:06.24,3,四井美穂,セ・天王洲,7/3,1:17.73,77.73,False,False,False,,,,,False
75,長水路,9,女子,100m自由形,40～44歳,58.04,1:02.15,1:06.24,4,錦織佳奈子,ザバス川崎,8/4,1:19.04,79.03999999999999,False,False,False,,,,,False
75,長水路,9,女子,100m自由形,40～44歳,58.04,1:02.15,1:06.24,5,小野真佐子,セ・阿佐谷,8/9,1:21.69,81.69,False,False,False,,,,,False
75,長水路,9,女子,100m自由形,40～44歳,58.04,1:02.15,1:06.24,6,丸田紘子,セ・能見台,6/3,1:22.76,82.76,False,False,False,,,,,False
75,長水路,9,女子,100m自由形,40～44歳,58.04,1:02.15,1:06.24,7,久保かおり,セ・長津田,7/7,1:27.44,87.44,False,False,False,,,,,False
75,長水路,9,女子,100m自由形,40～44歳,58.04,1:02.15,1:06.24,8,清宮碧,セ・大森,7/8,1:37.34,97.34,False,False,False,,,,,False
75,長水路,9,女子,100m自由形,35～39歳,57.38,58.87,1:03.35,1,関川晶子,セ・下北沢,9/9,1:14.54,74.53999999999999,False,False,False,,,,,False
75,長水路,9,女子,100m自由形,35～39歳,57.38,58.87,1:03.35,2,久保美紀由紀,セ・長津田,5/4,1:38.05,98.05,False,False,False,,,,,False
75,長水路,9,女子,100m自由形,30～34歳,55.24,58.20,1:03.35,1,稲恒優里奈,セ・柏,10/3,1:06.91,66.91,False,False,False,,,,,False
75,長水路,9,女子,100m自由形,30～34歳,55.24,58.20,1:03.35,2,田中美鈴,セ・武蔵小杉,9/5,1:07.72,67.72,False,False,False,,,,,False
75,長水路,9,女子,100m自由形,30～34歳,55.24,58.20,1:03.35,3,中山翠,ザバス川崎,6/8,1:30.53,90.53,False,False,False,,,,,False
75,長水路,9,女子,100m自由形,25～29歳,56.96,57.89,1:00.50,1,川俣星,セ・新都心,10/8,1:06.65,66.65,False,False,False,,,,,False
75,長水路,9,女子,100m自由形,25～29歳,56.96,57.89,1:00.50,2,仲田笑美,セ・成城,10/1,1:08.01,68.01,False,False,False,,,,,False
75,長水路,9,女子,100m自由形,25～29歳,56.96,57.89,1:00.50,3,嶋田菜々子,セ・おおたか,10/10,1:08.40,68.4,False,False,False,,,,,False
75,長水路,9,女子,100m自由形,25～29歳,56.96,57.89,1:00.50,4,木田景子,セ・平塚,9/7,1:13.03,73.03,False,False,False,,,,,False
75,長水路,9,女子,100m自由形,18～24歳,,,1:01.56,1,佐藤玖弥,セ・目黒,10/2,1:05.82,65.82,False,False,False,,,,,False
75,長水路,9,女子,100m自由形,18～24歳,,,1:01.56,2,増田舞紗,セ・成城,10/6,1:08.24,68.24,False,False,False,,,,,False
75,長水路,10,男子,100m自由形,85～89歳,1:22.55,1:22.55,1:37.90,1,川本剛,セ・長沼,2/3,1:39.17,99.17,False,False,False,,,,,False
75,長水路,10,男子,100m自由形,85～89歳,1:22.55,1:22.55,1:37.90,2,大堀兵衛,セ・下北沢,1/6,2:07.39,127.39,False,False,False,,,,,False
75,長水路,10,男子,100m自由形,85～89歳,1:22.55,1:22.55,1:37.90,3,畠山敏雄,ザバス鶴見,1/9,2:15.55,135.55,False,False,False,,,,,False
75,長水路,10,男子,100m自由形,80～84歳,1:08.76,1:08.76,1:27.89,1,井上隆史,セ・市ヶ尾,2/4,1:36.09,96.09,False,False,False,,,,,False
75,長水路,10,男子,100m自由形,80～84歳,1:08.76,1:08.76,1:27.89,2,橋本努,セ・新都心,1/8,2:06.02,126.02,False,False,False,,,,,False
75,長水路,10,男子,100m自由形,75～79歳,1:06.40,1:06.40,1:13.93,1,大内洋,セ・葛西,2/8,1:37.61,97.61,False,False,False,,,,,False
75,長水路,10,男子,100m自由形,75～79歳,1:06.40,1:06.40,1:13.93,2,宮瀬吉弘,セ・おおたか,1/5,1:40.35,100.35,False,False,False,,,,,False
75,長水路,10,男子,100m自由形,75～79歳,1:06.40,1:06.40,1:13.93,3,眞壁功,セ・藤沢,1/7,1:43.03,103.03,False,False,False,,,,,False
75,長水路,10,男子,100m自由形,75～79歳,1:06.40,1:06.40,1:13.93,4,田辺覚,セ・藤沢,2/9,1:47.94,107.94,False,False,False,,,,,False
75,長水路,10,男子,100m自由形,70～74歳,1:03.32,1:04.95,1:11.50,1,亀田一麿,セ・東戸塚,4/5,1:17.01,77.01,False,False,False,,,,,False
75,長水路,10,男子,100m自由形,70～74歳,1:03.32,1:04.95,1:11.50,2,若宮強,セ・成城,4/3,1:19.09,79.09,False,False,False,,,,,False
75,長水路,10,男子,100m自由形,70～74歳,1:03.32,1:04.95,1:11.50,3,嶋﨑昭夫,セ・西東京,3/8,1:20.91,80.91,False,False,False,,,,,False
75,長水路,10,男子,100m自由形,70～74歳,1:03.32,1:04.95,1:11.50,4,若月優,セ・横浜,3/4,1:22.18,82.18,False,False,False,,,,,False
75,長水路,10,男子,100m自由形,70～74歳,1:03.32,1:04.95,1:11.50,5,高橋秀夫,セ・千葉みなと,3/1,1:23.27,83.27,False,False,False,,,,,False
75,長水路,10,男子,100m自由形,70～74歳,1:03.32,1:04.95,1:11.50,6,浅野唯男,セ・志木,2/2,1:36.75,96.75,False,False,False,,,,,False
75,長水路,10,男子,100m自由形,70～74歳,1:03.32,1:04.95,1:11.50,7,斉藤雄一,セ・上池袋,1/4,1:52.92,112.92,False,False,False,,,,,False
75,長水路,10,男子,100m自由形,65～69歳,59.49,1:02.14,1:05.19,1,吉原一彦,セ・阿佐谷,7/9,1:05.47,65.47,False,False,False,,,,,False
75,長水路,10,男子,100m自由形,65～69歳,59.49,1:02.14,1:05.19,2,茂木和哉,セ・市ヶ尾,3/2,1:26.50,86.5,False,False,False,,,,,False
75,長水路,10,男子,100m自由形,65～69歳,59.49,1:02.14,1:05.19,3,飯沼明,セ・長津田,2/7,1:31.24,91.24,False,False,False,,,,,False
75,長水路,10,男子,100m自由形,65～69歳,59.49,1:02.14,1:05.19,4,佐藤信弘,セ・桶川北本,3/9,1:35.23,95.22999999999999,False,False,False,,,,,False
75,長水路,10,男子,100m自由形,65～69歳,59.49,1:02.14,1:05.19,5,鈴木義夫,セ・越谷,2/1,1:37.99,97.99000000000001,False,False,False,,,,,False
75,長水路,10,男子,100m自由形,65～69歳,59.49,1:02.14,1:05.19,6,松下達一,セ・成城,2/5,1:42.61,102.61,False,False,False,,,,,False
75,長水路,10,男子,100m自由形,65～69歳,59.49,1:02.14,1:05.19,7,楢橋章,セ・川越,1/2,2:08.17,128.17,False,False,False,,,,,False
75,長水路,10,男子,100m自由形,60～64歳,57.66,1:00.33,1:04.30,1,菊池千二,セ・市ヶ尾,5/2,1:06.54,66.54,False,False,False,,,,,False
75,長水路,10,男子,100m自由形,60～64歳,57.66,1:00.33,1:04.30,2,坂本広明,セ・東十条,8/1,1:07.15,67.15,False,False,False,,,,,False
75,長水路,10,男子,100m自由形,60～64歳,57.66,1:00.33,1:04.30,3,海辺信吉,セ・おおたか,5/1,1:12.61,72.61,False,False,False,,,,,False
75,長水路,10,男子,100m自由形,60～64歳,57.66,1:00.33,1:04.30,4,加藤俊樹,ザバス鶴見,5/9,1:15.90,75.9,False,False,False,,,,,False
75,長水路,10,男子,100m自由形,60～64歳,57.66,1:00.33,1:04.30,5,若島健二,セ・二俣川,5/10,1:17.72,77.72,False,False,False,,,,,False
75,長水路,10,男子,100m自由形,60～64歳,57.66,1:00.33,1:04.30,6,庄司晶,セ・長津田,3/3,1:23.00,83.0,False,False,False,,,,,False
75,長水路,10,男子,100m自由形,60～64歳,57.66,1:00.33,1:04.30,7,山本和巳,セ・茂原,3/6,1:23.86,83.86,False,False,False,,,,,False
75,長水路,10,男子,100m自由形,60～64歳,57.66,1:00.33,1:04.30,8,中井岳郎,セ・成城,4/8,1:29.61,89.61,False,False,False,,,,,False
75,長水路,10,男子,100m自由形,60～64歳,57.66,1:00.33,1:04.30,9,黒川恵一,セ・市ヶ尾,3/10,1:33.17,93.17,False,False,False,,,,,False
75,長水路,10,男子,100m自由形,55～59歳,56.00,58.29,1:03.26,1,金子惠一,セ・前橋,8/5,1:02.93,62.93,True,False,False,,,,,False
75,長水路,10,男子,100m自由形,55～59歳,56.00,58.29,1:03.26,2,中村勝,セ・南千住,7/1,1:07.30,67.3,False,False,False,,,,,False
75,長水路,10,男子,100m自由形,55～59歳,56.00,58.29,1:03.26,3,今井正太郎,セ・前橋,6/8,1:07.86,67.86,False,False,False,,,,,False
75,長水路,10,男子,100m自由形,55～59歳,56.00,58.29,1:03.26,4,兼森伸児,ザバス金沢八,4/7,1:19.04,79.03999999999999,False,False,False,,,,,False
75,長水路,10,男子,100m自由形,55～59歳,56.00,58.29,1:03.26,5,近藤正之,セ・上池袋,4/6,1:19.37,79.37,False,False,False,,,,,False
75,長水路,10,男子,100m自由形,55～59歳,56.00,58.29,1:03.26,6,半澤繁,セ・清瀬,1/3,1:56.51,116.50999999999999,False,False,False,,,,,False
75,長水路,10,男子,100m自由形,50～54歳,54.15,54.61,1:00.40,1,佐藤靖嗣,セ・新浦安,9/4,1:01.38,61.38,False,False,False,,,,,False
75,長水路,10,男子,100m自由形,50～54歳,54.15,54.61,1:00.40,2,瀧本英樹,セ・千葉みなと,8/6,1:02.21,62.21,False,False,False,,,,,False
75,長水路,10,男子,100m自由形,50～54歳,54.15,54.61,1:00.40,3,藤本豊和,セ・長津田,9/8,1:03.44,63.44,False,False,False,,,,,False
75,長水路,10,男子,100m自由形,50～54歳,54.15,54.61,1:00.40,4,松崎敏明,セ・慶應日吉,7/7,1:05.79,65.79,False,False,False,,,,,False
75,長水路,10,男子,100m自由形,50～54歳,54.15,54.61,1:00.40,5,西野宮冬木,セ・長津田,6/5,1:08.10,68.1,False,False,False,,,,,False
75,長水路,10,男子,100m自由形,50～54歳,54.15,54.61,1:00.40,6,本間丈博,セ・稲毛海岸,5/3,1:13.99,73.99,False,False,False,,,,,False
75,長水路,10,男子,100m自由形,50～54歳,54.15,54.61,1:00.40,7,塚越有宏,セ・市ヶ尾,4/4,1:17.64,77.64,False,False,False,,,,,False
75,長水路,10,男子,100m自由形,50～54歳,54.15,54.61,1:00.40,8,千葉忠英,セ・天王洲,4/10,1:20.00,80.0,False,False,False,,,,,False
75,長水路,10,男子,100m自由形,50～54歳,54.15,54.61,1:00.40,9,君島篤,セ・西東京,3/7,1:21.88,81.88,False,False,False,,,,,False
75,長水路,10,男子,100m自由形,50～54歳,54.15,54.61,1:00.40,10,バーンズノーマンウ,セ・松戸,3/5,1:31.17,91.17,False,False,False,,,,,False
75,長水路,10,男子,100m自由形,45～49歳,52.24,52.24,56.53,1,野村峰生,セ・大森,10/9,59.84,59.84,False,False,False,,,,,False
75,長水路,10,男子,100m自由形,45～49歳,52.24,52.24,56.53,2,中込孝之,ザバス川崎,9/5,1:02.31,62.31,False,False,False,,,,,False
75,長水路,10,男子,100m自由形,45～49歳,52.24,52.24,56.53,3,北川貴義,セ・阿佐谷,9/3,1:02.42,62.42,False,False,False,,,,,False
75,長水路,10,男子,100m自由形,45～49歳,52.24,52.24,56.53,4,山内悠,セ・市ヶ尾,8/3,1:03.53,63.53,False,False,False,,,,,False
75,長水路,10,男子,100m自由形,45～49歳,52.24,52.24,56.53,5,今井裕介,セ・南千住,6/4,1:06.64,66.64,False,False,False,,,,,False
75,長水路,10,男子,100m自由形,45～49歳,52.24,52.24,56.53,6,堀川広祐,セ・二俣川,8/7,1:08.10,68.1,False,False,False,,,,,False
75,長水路,10,男子,100m自由形,45～49歳,52.24,52.24,56.53,7,足立晃,セ・新川崎,6/6,1:09.72,69.72,False,False,False,,,,,False
75,長水路,10,男子,100m自由形,45～49歳,52.24,52.24,56.53,8,藤井清和,セ・武蔵小杉,6/7,1:10.23,70.23,False,False,False,,,,,False
75,長水路,10,男子,100m自由形,45～49歳,52.24,52.24,56.53,9,柳瀬浩志,セ・馆山,6/9,1:16.80,76.8,False,False,False,,,,,False
75,長水路,10,男子,100m自由形,45～49歳,52.24,52.24,56.53,10,小林貴大,セ・蘇我,2/6,1:18.07,78.07,False,False,False,,,,,False
75,長水路,10,男子,100m自由形,45～49歳,52.24,52.24,56.53,11,小山邦彦,セ・おおたか,4/2,1:23.19,83.19,False,False,False,,,,,False
75,長水路,10,男子,100m自由形,40～44歳,51.21,51.21,56.35,1,島脇晃也,セ・大森,11/8,58.02,58.02,False,False,False,,,,,False
75,長水路,10,男子,100m自由形,40～44歳,51.21,51.21,56.35,2,倉持公一,セ・天王洲,8/10,1:02.61,62.61,False,False,False,,,,,False
75,長水路,10,男子,100m自由形,40～44歳,51.21,51.21,56.35,3,大作善祥,セ・柏,8/8,1:03.09,63.09,False,False,False,,,,,False
75,長水路,10,男子,100m自由形,40～44歳,51.21,51.21,56.35,4,渡邊忠幸,セ・南宇都宮,7/3,1:04.57,64.57,False,False,False,,,,,False
75,長水路,10,男子,100m自由形,40～44歳,51.21,51.21,56.35,5,西田幸弘,セ・藤沢,5/6,1:14.08,74.08,False,False,False,,,,,False
75,長水路,10,男子,100m自由形,40～44歳,51.21,51.21,56.35,6,小田島丈典,セ・福生,5/5,1:16.02,76.02,False,False,False,,,,,False
75,長水路,10,男子,100m自由形,40～44歳,51.21,51.21,56.35,7,鈴木直哉,セ・八王子,4/9,1:24.60,84.6,False,False,False,,,,,False
75,長水路,10,男子,100m自由形,35～39歳,50.78,50.78,55.30,1,前田康輔,セ・二俣川,11/10,53.85,53.85,True,False,False,,,,,False
75,長水路,10,男子,100m自由形,35～39歳,50.78,50.78,55.30,2,和田弘太郎,セ・阿佐谷,11/3,57.01,57.01,False,False,False,,,,,False
75,長水路,10,男子,100m自由形,35～39歳,50.78,50.78,55.30,3,岩本和也,セ・志木,10/6,59.67,59.67,False,False,False,,,,,False
75,長水路,10,男子,100m自由形,35～39歳,50.78,50.78,55.30,4,椎本恭平,セ・阿佐谷,9/10,59.82,59.82,False,False,False,,,,,False
75,長水路,10,男子,100m自由形,35～39歳,50.78,50.78,55.30,5,石井将太,セ・成瀬,9/2,59.86,59.86,False,False,False,,,,,False
75,長水路,10,男子,100m自由形,35～39歳,50.78,50.78,55.30,6,榊原雅史,セ・武蔵小杉,8/4,1:03.82,63.82,False,False,False,,,,,False
75,長水路,10,男子,100m自由形,35～39歳,50.78,50.78,55.30,7,長田裕史,セ・柏,8/9,1:04.51,64.51,False,False,False,,,,,False
75,長水路,10,男子,100m自由形,30～34歳,49.80,51.34,53.90,1,高木祥一,セ・武蔵小杉,11/2,57.29,57.29,False,False,False,,,,,False
75,長水路,10,男子,100m自由形,30～34歳,49.80,51.34,53.90,2,中西剛,セ・成城,10/4,1:00.15,60.15,False,False,False,,,,,False
75,長水路,10,男子,100m自由形,30～34歳,49.80,51.34,53.90,3,伊藤孝優,セ・八王子,7/6,1:00.77,60.77,False,False,False,,,,,False
75,長水路,10,男子,100m自由形,30～34歳,49.80,51.34,53.90,4,江熊夕人,セ・慶應日吉,7/8,1:03.44,63.44,False,False,False,,,,,False
75,長水路,10,男子,100m自由形,30～34歳,49.80,51.34,53.90,5,吉澤宏紀,セ・八王子,7/4,1:04.65,64.65,False,False,False,,,,,False
75,長水路,10,男子,100m自由形,30～34歳,49.80,51.34,53.90,6,寺田遼太,セ・天王洲,7/2,1:06.05,66.05,False,False,False,,,,,False
75,長水路,10,男子,100m自由形,25～29歳,50.45,50.75,52.13,1,松澤朋樹,セ・武蔵小杉,11/7,57.17,57.17,False,False,False,,,,,False
75,長水路,10,男子,100m自由形,25～29歳,50.45,50.75,52.13,2,石井翔真,セ・成城,10/7,58.03,58.03,False,False,False,,,,,False
75,長水路,10,男子,100m自由形,25～29歳,50.45,50.75,52.13,3,前島悠也,セ・葛西,10/3,1:00.16,60.16,False,False,False,,,,,False
75,長水路,10,男子,100m自由形,25～29歳,50.45,50.75,52.13,4,十河直樹,ザバス鶴見,9/7,1:01.94,61.94,False,False,False,,,,,False
75,長水路,10,男子,100m自由形,25～29歳,50.45,50.75,52.13,5,高梨大樹,セ・成城,10/10,1:12.55,72.55,False,False,False,,,,,False
75,長水路,10,男子,100m自由形,25～29歳,50.45,50.75,52.13,6,山本和季,セ・二俣川,7/10,1:13.49,73.49,False,False,False,,,,,False
75,長水路,10,男子,100m自由形,18～24歳,,,52.67,1,山田健太,セ・新都心,11/5,52.11,52.11,True,False,False,,,,,False
75,長水路,10,男子,100m自由形,18～24歳,,,52.67,2,設樂航希,セ・流山,11/6,54.69,54.69,False,False,False,,,,,False
75,長水路,10,男子,100m自由形,18～24歳,,,52.67,3,鏑木颯太朗,セ・おおたか,9/6,58.26,58.26,False,False,False,,,,,False
75,長水路,10,男子,100m自由形,18～24歳,,,52.67,4,荒井優吾,セ・成瀬,11/9,58.31,58.31,False,False,False,,,,,False
75,長水路,10,男子,100m自由形,18～24歳,,,52.67,5,原井隆守,セ・新浦安,10/5,59.01,59.01,False,False,False,,,,,False
75,長水路,10,男子,100m自由形,18～24歳,,,52.67,6,秋澤裕介,セ・二俣川,11/1,59.09,59.09,False,False,False,,,,,False
75,長水路,10,男子,100m自由形,18～24歳,,,52.67,7,川西智大,セ・南千住,8/2,59.25,59.25,False,False,False,,,,,False
75,長水路,10,男子,100m自由形,18～24歳,,,52.67,8,伊藤水晶,セ・松戸,10/2,59.70,59.7,False,False,False,,,,,False
75,長水路,10,男子,100m自由形,18～24歳,,,52.67,9,小野瀬圭祐,セ・東十条,9/9,1:00.66,60.66,False,False,False,,,,,False
75,長水路,10,男子,100m自由形,18～24歳,,,52.67,10,山﨑陸真,セ・二俣川,10/1,1:01.13,61.13,False,False,False,,,,,False
75,長水路,10,男子,100m自由形,18～24歳,,,52.67,11,金子智哉,セ・東十条,9/1,1:01.49,61.49,False,False,False,,,,,False
75,長水路,10,男子,100m自由形,18～24歳,,,52.67,12,村田雅治,セ・長津田,7/5,1:02.91,62.91,False,False,False,,,,,False
75,長水路,10,男子,100m自由形,18～24歳,,,52.67,13,村上裕哉,セ・南千住,6/1,1:03.34,63.34,False,False,False,,,,,False
75,長水路,10,男子,100m自由形,18～24歳,,,52.67,14,廣谷幸翼,セ・志木,10/8,1:03.38,63.38,False,False,False,,,,,False
75,長水路,10,男子,100m自由形,18～24歳,,,52.67,15,池内駿文,セ・東十条,6/10,1:07.18,67.18,False,False,False,,,,,False
75,長水路,10,男子,100m自由形,18～24歳,,,52.67,16,前納爽太,セ・葛西,4/1,1:08.59,68.59,False,False,False,,,,,False
75,長水路,13,女子,50m背泳ぎ,85～89歳,48.85,55.68,59.22,1,田之上ノブ,セ・蘇我,3/7,1:03.29,63.29,False,False,False,,,,,False
75,長水路,13,女子,50m背泳ぎ,85～89歳,48.85,55.68,59.22,2,須山順子,セ・松戸,3/5,1:04.20,64.2,False,False,False,,,,,False
75,長水路,13,女子,50m背泳ぎ,85～89歳,48.85,55.68,59.22,3,森川タエ子,セ・我孫子,1/9,1:08.18,68.18,False,False,False,,,,,False
75,長水路,13,女子,50m背泳ぎ,85～89歳,48.85,55.68,59.22,4,鏑木玉江,セ・青砥,1/5,1:10.11,70.11,False,False,False,,,,,False
75,長水路,13,女子,50m背泳ぎ,85～89歳,48.85,55.68,59.22,5,平田美佐子,セ・天王洲,1/3,1:16.55,76.55,False,False,False,,,,,False
75,長水路,13,女子,50m背泳ぎ,80～84歳,43.04,43.04,52.86,1,大塚裕子,セ・成城,4/4,57.51,57.51,False,False,False,,,,,False
75,長水路,13,女子,50m背泳ぎ,80～84歳,43.04,43.04,52.86,2,田神洋子,セ・トレッサ,2/6,58.99,58.99,False,False,False,,,,,False
75,長水路,13,女子,50m背泳ぎ,80～84歳,43.04,43.04,52.86,3,西川美恵子,セ・蒲田,3/9,59.11,59.11,False,False,False,,,,,False
75,長水路,13,女子,50m背泳ぎ,80～84歳,43.04,43.04,52.86,4,田中もみぢ,セ・おおたか,6/8,1:03.28,63.28,False,False,False,,,,,False
75,長水路,13,女子,50m背泳ぎ,80～84歳,43.04,43.04,52.86,5,三浦実恵子,セ・館山,3/3,1:04.72,64.72,False,False,False,,,,,False
75,長水路,13,女子,50m背泳ぎ,80～84歳,43.04,43.04,52.86,6,浜野操子,セ・流山,5/9,1:04.86,64.86,False,False,False,,,,,False
75,長水路,13,女子,50m背泳ぎ,80～84歳,43.04,43.04,52.86,7,相澤和子,セ・新都心,3/8,1:13.10,73.1,False,False,False,,,,,False
75,長水路,13,女子,50m背泳ぎ,75～79歳,40.08,40.56,48.00,1,藤井一恵,セ・大森,8/5,52.30,52.3,False,False,False,,,,,False
75,長水路,13,女子,50m背泳ぎ,75～79歳,40.08,40.56,48.00,2,吉田三枝子,墨田区体育館,7/7,54.46,54.46,False,False,False,,,,,False
75,長水路,13,女子,50m背泳ぎ,75～79歳,40.08,40.56,48.00,3,中村敬子,セ・府中,5/6,56.57,56.57,False,False,False,,,,,False
75,長水路,13,女子,50m背泳ぎ,75～79歳,40.08,40.56,48.00,4,宮島町子,セ・亀有,2/7,56.90,56.9,False,False,False,,,,,False
75,長水路,13,女子,50m背泳ぎ,75～79歳,40.08,40.56,48.00,5,原田早苗,セ・南千住,4/8,58.54,58.54,False,False,False,,,,,False
75,長水路,13,女子,50m背泳ぎ,75～79歳,40.08,40.56,48.00,6,仲岡輝,セ・我孫子,4/3,58.63,58.63,False,False,False,,,,,False
75,長水路,13,女子,50m背泳ぎ,75～79歳,40.08,40.56,48.00,7,川島かよ子,セ・天王洲,2/4,1:00.87,60.87,False,False,False,,,,,False
75,長水路,13,女子,50m背泳ぎ,75～79歳,40.08,40.56,48.00,8,田村俊子,セ・館山,5/4,1:01.11,61.11,False,False,False,,,,,False
75,長水路,13,女子,50m背泳ぎ,75～79歳,40.08,40.56,48.00,9,星幸恵,クリーンスパ,7/9,1:02.00,62.0,False,False,False,,,,,False
75,長水路,13,女子,50m背泳ぎ,75～79歳,40.08,40.56,48.00,10,舘野圭子,セ・用賀,4/7,1:02.52,62.52,False,False,False,,,,,False
75,長水路,13,女子,50m背泳ぎ,75～79歳,40.08,40.56,48.00,11,松木弘美,セ・志木,1/6,1:03.29,63.29,False,False,False,,,,,False
75,長水路,13,女子,50m背泳ぎ,75～79歳,40.08,40.56,48.00,12,石井千枝子,セ・蘇我,2/8,1:10.14,70.14,False,False,False,,,,,False
75,長水路,13,女子,50m背泳ぎ,75～79歳,40.08,40.56,48.00,13,川端淑子,セ・天王洲,1/8,1:10.32,70.32,False,False,False,,,,,False
75,長水路,13,女子,50m背泳ぎ,75～79歳,40.08,40.56,48.00,14,西村咲喜子,セ・志木,1/2,1:35.45,95.45,False,False,False,,,,,False
75,長水路,13,女子,50m背泳ぎ,70～74歳,34.65,39.67,45.18,1,松本琴江,セ・阿佐谷,12/5,47.96,47.96,False,False,False,,,,,False
75,長水路,13,女子,50m背泳ぎ,70～74歳,34.65,39.67,45.18,2,松村恵子,セ・葛西,11/5,48.17,48.17,False,False,False,,,,,False
75,長水路,13,女子,50m背泳ぎ,70～74歳,34.65,39.67,45.18,3,水谷裕子,セ・西新井,9/6,50.37,50.37,False,False,False,,,,,False
75,長水路,13,女子,50m背泳ぎ,70～74歳,34.65,39.67,45.18,4,石塚孝子,セ・志木,8/6,50.91,50.91,False,False,False,,,,,False
75,長水路,13,女子,50m背泳ぎ,70～74歳,34.65,39.67,45.18,5,後藤明美,セ・天王洲,10/8,51.44,51.44,False,False,False,,,,,False
75,長水路,13,女子,50m背泳ぎ,70～74歳,34.65,39.67,45.18,6,小谷名賀子,セ・青砥,4/2,52.12,52.12,False,False,False,,,,,False
75,長水路,13,女子,50m背泳ぎ,70～74歳,34.65,39.67,45.18,7,山地多佳子,セ・おおたか,9/5,52.16,52.16,False,False,False,,,,,False
75,長水路,13,女子,50m背泳ぎ,70～74歳,34.65,39.67,45.18,8,川上涼子,セ・蘇我,7/3,54.37,54.37,False,False,False,,,,,False
75,長水路,13,女子,50m背泳ぎ,70～74歳,34.65,39.67,45.18,9,清水裕子,セ・二俣川,2/3,55.00,55.0,False,False,False,,,,,False
75,長水路,13,女子,50m背泳ぎ,70～74歳,34.65,39.67,45.18,10,相澤史子,セ・松戸,9/1,55.46,55.46,False,False,False,,,,,False
75,長水路,13,女子,50m背泳ぎ,70～74歳,34.65,39.67,45.18,11,梅田栄己子,セ・天王洲,7/2,55.92,55.92,False,False,False,,,,,False
75,長水路,13,女子,50m背泳ぎ,70～74歳,34.65,39.67,45.18,12,吉田あけみ,セ・館山,5/7,57.40,57.4,False,False,False,,,,,False
75,長水路,13,女子,50m背泳ぎ,70～74歳,34.65,39.67,45.18,13,大久保祐美子,セ・おおたか,5/3,57.78,57.78,False,False,False,,,,,False
75,長水路,13,女子,50m背泳ぎ,70～74歳,34.65,39.67,45.18,14,図子誠子,セ・青砥,3/1,57.91,57.91,False,False,False,,,,,False
75,長水路,13,女子,50m背泳ぎ,70～74歳,34.65,39.67,45.18,15,平山啓子,セ・南青山,7/4,58.00,58.0,False,False,False,,,,,False
75,長水路,13,女子,50m背泳ぎ,70～74歳,34.65,39.67,45.18,16,松丸映子,セ・ときわ台,2/1,58.35,58.35,False,False,False,,,,,False
75,長水路,13,女子,50m背泳ぎ,70～74歳,34.65,39.67,45.18,17,高木保子,セ・おおたか,6/3,1:01.46,61.46,False,False,False,,,,,False
75,長水路,13,女子,50m背泳ぎ,70～74歳,34.65,39.67,45.18,18,安野裕子,セ・新川崎,4/5,1:03.66,63.66,False,False,False,,,,,False
75,長水路,13,女子,50m背泳ぎ,70～74歳,34.65,39.67,45.18,19,橋本順子,セ・おおたか,6/5,1:05.20,65.2,False,False,False,,,,,False
75,長水路,13,女子,50m背泳ぎ,70～74歳,34.65,39.67,45.18,20,于亜芝,セ・南千住,6/6,1:06.84,66.84,False,False,False,,,,,False
75,長水路,13,女子,50m背泳ぎ,70～74歳,34.65,39.67,45.18,21,斉藤由利子,セ・青砥,3/4,1:07.49,67.49,False,False,False,,,,,False
75,長水路,13,女子,50m背泳ぎ,70～74歳,34.65,39.67,45.18,22,岩塚美恵子,セ・越谷,3/2,1:07.94,67.94,False,False,False,,,,,False
75,長水路,13,女子,50m背泳ぎ,70～74歳,34.65,39.67,45.18,23,石村眞理子,セ・新川崎,2/9,1:11.84,71.84,False,False,False,,,,,False
75,長水路,13,女子,50m背泳ぎ,65～69歳,33.59,37.54,43.31,1,田代眞理子,セ・成城,11/7,45.88,45.88,False,False,False,,,,,False
75,長水路,13,女子,50m背泳ぎ,65～69歳,33.59,37.54,43.31,2,吉野治子,セ・成城,13/7,46.92,46.92,False,False,False,,,,,False
75,長水路,13,女子,50m背泳ぎ,65～69歳,33.59,37.54,43.31,3,鈴木公江,セ・千葉みなと,9/7,47.72,47.72,False,False,False,,,,,False
75,長水路,13,女子,50m背泳ぎ,65～69歳,33.59,37.54,43.31,4,森本美恵,セ・松戸,10/3,49.12,49.12,False,False,False,,,,,False
75,長水路,13,女子,50m背泳ぎ,65～69歳,33.59,37.54,43.31,5,石崎節代,セ・南千住,8/4,49.37,49.37,False,False,False,,,,,False
75,長水路,13,女子,50m背泳ぎ,65～69歳,33.59,37.54,43.31,6,山本由起子,セ・南千住,12/6,49.60,49.6,False,False,False,,,,,False
75,長水路,13,女子,50m背泳ぎ,65～69歳,33.59,37.54,43.31,7,堀口実枝子,セ・トレッサ,11/4,50.03,50.03,False,False,False,,,,,False
75,長水路,13,女子,50m背泳ぎ,65～69歳,33.59,37.54,43.31,8,原昌代,セ・市ヶ尾,9/3,50.21,50.21,False,False,False,,,,,False
75,長水路,13,女子,50m背泳ぎ,65～69歳,33.59,37.54,43.31,9,藤代由美子,セ・長沼,10/6,50.28,50.28,False,False,False,,,,,False
75,長水路,13,女子,50m背泳ぎ,65～69歳,33.59,37.54,43.31,10,岩崎良子,セ・おおたか,10/2,50.91,50.91,False,False,False,,,,,False
75,長水路,13,女子,50m背泳ぎ,65～69歳,33.59,37.54,43.31,11,近藤則子,セ・阿佐谷,12/2,51.47,51.47,False,False,False,,,,,False
75,長水路,13,女子,50m背泳ぎ,65～69歳,33.59,37.54,43.31,12,岡田美恵子,セ・溝ノ口,9/10,52.58,52.58,False,False,False,,,,,False
75,長水路,13,女子,50m背泳ぎ,65～69歳,33.59,37.54,43.31,13,東海林慶美,セ・蒲田,5/10,53.30,53.3,False,False,False,,,,,False
75,長水路,13,女子,50m背泳ぎ,65～69歳,33.59,37.54,43.31,14,小笠原京子,セ・流山,4/9,54.78,54.78,False,False,False,,,,,False
75,長水路,13,女子,50m背泳ぎ,65～69歳,33.59,37.54,43.31,15,酒谷真砂子,セ・戸塚,8/1,55.16,55.16,False,False,False,,,,,False
75,長水路,13,女子,50m背泳ぎ,65～69歳,33.59,37.54,43.31,16,掃部典子,曽谷・セ,9/2,55.18,55.18,False,False,False,,,,,False
75,長水路,13,女子,50m背泳ぎ,65～69歳,33.59,37.54,43.31,17,豊田典子,セ・下北沢,6/1,56.50,56.5,False,False,False,,,,,False
75,長水路,13,女子,50m背泳ぎ,65～69歳,33.59,37.54,43.31,18,小宮山美芽,セ・天王洲,8/7,56.75,56.75,False,False,False,,,,,False
75,長水路,13,女子,50m背泳ぎ,65～69歳,33.59,37.54,43.31,19,新井瑞枝,セ・流山,6/4,57.75,57.75,False,False,False,,,,,False
75,長水路,13,女子,50m背泳ぎ,65～69歳,33.59,37.54,43.31,20,畠山眞由美,セ・おおたか,6/9,59.00,59.0,False,False,False,,,,,False
75,長水路,13,女子,50m背泳ぎ,65～69歳,33.59,37.54,43.31,21,永田陽子,セ・戸塚,6/2,1:00.49,60.49,False,False,False,,,,,False
75,長水路,13,女子,50m背泳ぎ,65～69歳,33.59,37.54,43.31,22,池淵玲子,セ・慶應日吉,3/6,1:03.31,63.31,False,False,False,,,,,False
75,長水路,13,女子,50m背泳ぎ,65～69歳,33.59,37.54,43.31,23,長谷川節子,セ・天王洲,3/10,1:05.91,65.91,False,False,False,,,,,False
75,長水路,13,女子,50m背泳ぎ,60～64歳,33.82,36.26,36.26,1,石井裕美,セ・ときわ台,15/4,41.55,41.55,False,False,False,,,,,False
75,長水路,13,女子,50m背泳ぎ,60～64歳,33.82,36.26,36.26,2,石田良子,セ・越谷,14/5,43.51,43.51,False,False,False,,,,,False
75,長水路,13,女子,50m背泳ぎ,60～64歳,33.82,36.26,36.26,3,吉川千晶,Ｇ－ＳＰＡ,14/6,44.95,44.95,False,False,False,,,,,False
75,長水路,13,女子,50m背泳ぎ,60～64歳,33.82,36.26,36.26,4,座間千鶴子,ザバス金沢八,13/1,47.18,47.18,False,False,False,,,,,False
75,長水路,13,女子,50m背泳ぎ,60～64歳,33.82,36.26,36.26,5,高見沢ゆみ子,セ・慶應日吉,11/3,47.47,47.47,False,False,False,,,,,False
75,長水路,13,女子,50m背泳ぎ,60～64歳,33.82,36.26,36.26,6,松田聡美,セ・成城,13/4,47.52,47.52,False,False,False,,,,,False
75,長水路,13,女子,50m背泳ぎ,60～64歳,33.82,36.26,36.26,7,野崎由美子,セ・おおたか,12/9,50.74,50.74,False,False,False,,,,,False
75,長水路,13,女子,50m背泳ぎ,60～64歳,33.82,36.26,36.26,8,毛利ゆかり,セ・横浜,10/1,51.47,51.47,False,False,False,,,,,False
75,長水路,13,女子,50m背泳ぎ,60～64歳,33.82,36.26,36.26,9,森圭伊子,セ・戸塚,9/8,53.81,53.81,False,False,False,,,,,False
75,長水路,13,女子,50m背泳ぎ,60～64歳,33.82,36.26,36.26,10,久保とし子,セ・長津田,10/10,54.70,54.7,False,False,False,,,,,False
75,長水路,13,女子,50m背泳ぎ,60～64歳,33.82,36.26,36.26,11,上松弘子,セ・上池袋,7/6,54.91,54.91,False,False,False,,,,,False
75,長水路,13,女子,50m背泳ぎ,60～64歳,33.82,36.26,36.26,12,石河久美子,セ・溝ノ口,5/1,58.47,58.47,False,False,False,,,,,False
75,長水路,13,女子,50m背泳ぎ,60～64歳,33.82,36.26,36.26,13,三木純子,セ・流山,8/10,59.06,59.06,False,False,False,,,,,False
75,長水路,13,女子,50m背泳ぎ,60～64歳,33.82,36.26,36.26,14,榮真須美,セ・慶應日吉,6/10,59.48,59.48,False,False,False,,,,,False
75,長水路,13,女子,50m背泳ぎ,60～64歳,33.82,36.26,36.26,15,佐々木れい,セ・志木,6/7,1:00.19,60.19,False,False,False,,,,,False
75,長水路,13,女子,50m背泳ぎ,60～64歳,33.82,36.26,36.26,16,宮田ひとみ,セ・阿佐谷,7/1,1:01.63,61.63,False,False,False,,,,,False
75,長水路,13,女子,50m背泳ぎ,60～64歳,33.82,36.26,36.26,17,杉村由紀子,セ・溝ノ口,4/1,1:08.17,68.17,False,False,False,,,,,False
75,長水路,13,女子,50m背泳ぎ,60～64歳,33.82,36.26,36.26,18,前川尚美,セ・Ｆ東戸塚,1/7,1:14.51,74.51,False,False,False,,,,,False
75,長水路,13,女子,50m背泳ぎ,55～59歳,31.99,33.60,35.76,1,川村佳代子,セ・二俣川,16/3,40.10,40.1,False,False,False,,,,,False
75,長水路,13,女子,50m背泳ぎ,55～59歳,31.99,33.60,35.76,2,仲田久美子,セ・成城,16/1,41.14,41.14,False,False,False,,,,,False
75,長水路,13,女子,50m背泳ぎ,55～59歳,31.99,33.60,35.76,3,田中貴子,セ・清瀬,15/3,41.79,41.79,False,False,False,,,,,False
75,長水路,13,女子,50m背泳ぎ,55～59歳,31.99,33.60,35.76,4,奥寺容子,セ・二俣川,15/5,43.54,43.54,False,False,False,,,,,False
75,長水路,13,女子,50m背泳ぎ,55～59歳,31.99,33.60,35.76,5,平林すみれ,セ・ときわ台,14/4,43.58,43.58,False,False,False,,,,,False
75,長水路,13,女子,50m背泳ぎ,55～59歳,31.99,33.60,35.76,6,上野真弓,セ・二俣川,13/3,44.92,44.92,False,False,False,,,,,False
75,長水路,13,女子,50m背泳ぎ,55～59歳,31.99,33.60,35.76,7,及川薫,セ・松戸,15/9,45.02,45.02,False,False,False,,,,,False
75,長水路,13,女子,50m背泳ぎ,55～59歳,31.99,33.60,35.76,8,佐藤明美,セ・館山,13/10,45.29,45.29,False,False,False,,,,,False
75,長水路,13,女子,50m背泳ぎ,55～59歳,31.99,33.60,35.76,9,中野朗子,セ・慶應日吉,12/3,49.50,49.5,False,False,False,,,,,False
75,長水路,13,女子,50m背泳ぎ,55～59歳,31.99,33.60,35.76,10,田村美香子,ザバス鶴見,12/1,49.57,49.57,False,False,False,,,,,False
75,長水路,13,女子,50m背泳ぎ,55～59歳,31.99,33.60,35.76,11,井上知美,セ・府中,11/8,50.01,50.01,False,False,False,,,,,False
75,長水路,13,女子,50m背泳ぎ,55～59歳,31.99,33.60,35.76,12,大槻真由美,セ・清瀬,11/2,50.18,50.18,False,False,False,,,,,False
75,長水路,13,女子,50m背泳ぎ,55～59歳,31.99,33.60,35.76,13,古谷幸代,セ・二俣川,7/8,52.12,52.12,False,False,False,,,,,False
75,長水路,13,女子,50m背泳ぎ,55～59歳,31.99,33.60,35.76,14,津布楽美恵子,セ・ときわ台,4/10,52.73,52.73,False,False,False,,,,,False
75,長水路,13,女子,50m背泳ぎ,55～59歳,31.99,33.60,35.76,15,森内裕子,セ・天王洲,10/4,1:04.18,64.18,False,False,False,,,,,False
75,長水路,13,女子,50m背泳ぎ,50～54歳,31.59,32.51,32.51,1,池田百合子,セ・市ヶ尾,17/4,33.76,33.76,False,False,False,,,,,False
75,長水路,13,女子,50m背泳ぎ,50～54歳,31.59,32.51,32.51,2,山本美佳里,ザバス鶴見,14/9,44.25,44.25,False,False,False,,,,,False
75,長水路,13,女子,50m背泳ぎ,50～54歳,31.59,32.51,32.51,3,吉岡智子,セ・新都心,15/8,44.84,44.84,False,False,False,,,,,False
75,長水路,13,女子,50m背泳ぎ,50～54歳,31.59,32.51,32.51,4,小林弘子,ザバス鶴見,13/6,45.73,45.73,False,False,False,,,,,False
75,長水路,13,女子,50m背泳ぎ,50～54歳,31.59,32.51,32.51,5,八尋加苗,セ・松戸,14/10,46.47,46.47,False,False,False,,,,,False
75,長水路,13,女子,50m背泳ぎ,50～54歳,31.59,32.51,32.51,6,小林和江,セ・福生,13/8,48.44,48.44,False,False,False,,,,,False
75,長水路,13,女子,50m背泳ぎ,50～54歳,31.59,32.51,32.51,7,北瀬あづさ,セ・市ヶ尾,8/3,48.73,48.73,False,False,False,,,,,False
75,長水路,13,女子,50m背泳ぎ,50～54歳,31.59,32.51,32.51,8,森川佳余子,クリーンスパ,14/1,48.86,48.86,False,False,False,,,,,False
75,長水路,13,女子,50m背泳ぎ,50～54歳,31.59,32.51,32.51,9,糸川永利子,セ・用賀,15/2,49.38,49.38,False,False,False,,,,,False
75,長水路,13,女子,50m背泳ぎ,50～54歳,31.59,32.51,32.51,10,棚網恵理,セ・阿佐谷,12/8,49.74,49.74,False,False,False,,,,,False
75,長水路,13,女子,50m背泳ぎ,50～54歳,31.59,32.51,32.51,11,津田千鶴,セ・能見台,11/9,50.15,50.15,False,False,False,,,,,False
75,長水路,13,女子,50m背泳ぎ,50～54歳,31.59,32.51,32.51,12,松川律子,セ・二俣川,11/1,51.52,51.52,False,False,False,,,,,False
75,長水路,13,女子,50m背泳ぎ,50～54歳,31.59,32.51,32.51,13,守尾静子,セ・我孫子,10/7,51.63,51.63,False,False,False,,,,,False
75,長水路,13,女子,50m背泳ぎ,50～54歳,31.59,32.51,32.51,14,関本みすぎ,セ・葛西,14/7,51.66,51.66,False,False,False,,,,,False
75,長水路,13,女子,50m背泳ぎ,50～54歳,31.59,32.51,32.51,15,沢井由季子,ザバス鶴見,11/10,52.57,52.57,False,False,False,,,,,False
75,長水路,13,女子,50m背泳ぎ,50～54歳,31.59,32.51,32.51,16,村岡貴子,セ・桶川北本,9/9,54.03,54.03,False,False,False,,,,,False
75,長水路,13,女子,50m背泳ぎ,50～54歳,31.59,32.51,32.51,17,小川史枝,セ・越谷ＬＴ,7/10,55.77,55.77,False,False,False,,,,,False
75,長水路,13,女子,50m背泳ぎ,50～54歳,31.59,32.51,32.51,18,古平正美,セ・清瀬,4/6,1:05.74,65.74,False,False,False,,,,,False
75,長水路,13,女子,50m背泳ぎ,45～49歳,31.02,31.69,34.69,1,梅澤亮子,セ・桶川北本,17/8,36.22,36.22,False,False,False,,,,,False
75,長水路,13,女子,50m背泳ぎ,45～49歳,31.02,31.69,34.69,2,坂本桃枝,Ｇ－ＳＰＡ,17/2,37.81,37.81,False,False,False,,,,,False
75,長水路,13,女子,50m背泳ぎ,45～49歳,31.02,31.69,34.69,3,浅尾有香,セ・大森,16/4,38.10,38.1,False,False,False,,,,,False
75,長水路,13,女子,50m背泳ぎ,45～49歳,31.02,31.69,34.69,4,大橋ほづ美,セ・清瀬,16/7,40.62,40.62,False,False,False,,,,,False
75,長水路,13,女子,50m背泳ぎ,45～49歳,31.02,31.69,34.69,5,栗山貴子,セ・武蔵小杉,16/9,41.51,41.51,False,False,False,,,,,False
75,長水路,13,女子,50m背泳ぎ,45～49歳,31.02,31.69,34.69,6,櫻井翠,セ・横浜,14/8,41.55,41.55,False,False,False,,,,,False
75,長水路,13,女子,50m背泳ぎ,45～49歳,31.02,31.69,34.69,7,草野茜,セ・二俣川,15/7,42.70,42.7,False,False,False,,,,,False
75,長水路,13,女子,50m背泳ぎ,45～49歳,31.02,31.69,34.69,8,高橋麻子,セ・市ヶ尾,13/5,43.08,43.08,False,False,False,,,,,False
75,長水路,13,女子,50m背泳ぎ,45～49歳,31.02,31.69,34.69,9,宇田川美穂,セ・天王洲,14/3,43.21,43.21,False,False,False,,,,,False
75,長水路,13,女子,50m背泳ぎ,45～49歳,31.02,31.69,34.69,10,石井佐和子,セ・大森,12/7,47.81,47.81,False,False,False,,,,,False
75,長水路,13,女子,50m背泳ぎ,45～49歳,31.02,31.69,34.69,11,八幡悦子,セ・福生,8/8,48.49,48.49,False,False,False,,,,,False
75,長水路,13,女子,50m背泳ぎ,45～49歳,31.02,31.69,34.69,12,奈良佳枝,セ・蘇我,10/5,49.75,49.75,False,False,False,,,,,False
75,長水路,13,女子,50m背泳ぎ,45～49歳,31.02,31.69,34.69,13,山岡香織,セ・清瀬,12/10,51.31,51.31,False,False,False,,,,,False
75,長水路,13,女子,50m背泳ぎ,45～49歳,31.02,31.69,34.69,14,高橋里美,セ・横浜,8/2,56.14,56.14,False,False,False,,,,,False
75,長水路,13,女子,50m背泳ぎ,45～49歳,31.02,31.69,34.69,15,久保洋子,セ・流山,2/2,1:11.64,71.64,False,False,False,,,,,False
75,長水路,13,女子,50m背泳ぎ,40～44歳,29.62,31.04,34.00,1,小野真佐子,セ・阿佐谷,16/8,40.01,40.01,False,False,False,,,,,False
75,長水路,13,女子,50m背泳ぎ,40～44歳,29.62,31.04,34.00,2,丸田紘子,セ・能見台,14/2,43.15,43.15,False,False,False,,,,,False
75,長水路,13,女子,50m背泳ぎ,40～44歳,29.62,31.04,34.00,3,吉田瑠夏,曽谷・セ,12/4,49.61,49.61,False,False,False,,,,,False
75,長水路,13,女子,50m背泳ぎ,40～44歳,29.62,31.04,34.00,4,谷美希子,セ・府中,8/9,56.82,56.82,False,False,False,,,,,False
75,長水路,13,女子,50m背泳ぎ,35～39歳,28.63,30.89,34.03,1,安掛悠子,ザバス鶴見,17/9,39.32,39.32,False,False,False,,,,,False
75,長水路,13,女子,50m背泳ぎ,35～39歳,28.63,30.89,34.03,2,萩原ゆりか,セ・天王洲,16/6,39.66,39.66,False,False,False,,,,,False
75,長水路,13,女子,50m背泳ぎ,35～39歳,28.63,30.89,34.03,3,大家萌実,セ・用賀,15/6,41.90,41.9,False,False,False,,,,,False
75,長水路,13,女子,50m背泳ぎ,35～39歳,28.63,30.89,34.03,4,李鎬善,セ・目黒,13/2,49.06,49.06,False,False,False,,,,,False
75,長水路,13,女子,50m背泳ぎ,35～39歳,28.63,30.89,34.03,5,國政玲,セ・南青山,5/8,55.53,55.53,False,False,False,,,,,False
75,長水路,13,女子,50m背泳ぎ,30～34歳,28.57,28.86,32.95,1,中畑眸,セ・成城,17/1,40.07,40.07,False,False,False,,,,,False
75,長水路,13,女子,50m背泳ぎ,25～29歳,28.39,28.99,32.05,1,岡澤志織,セ・茂原,17/5,32.36,32.36,False,False,False,,,,,False
75,長水路,13,女子,50m背泳ぎ,25～29歳,28.39,28.99,32.05,2,関根琴,セ・成城,17/7,34.70,34.7,False,False,False,,,,,False
75,長水路,13,女子,50m背泳ぎ,25～29歳,28.39,28.99,32.05,3,高橋美波,セ・武蔵小杉,17/3,36.54,36.54,False,False,False,,,,,False
75,長水路,13,女子,50m背泳ぎ,25～29歳,28.39,28.99,32.05,4,松廣花月,セ・慶應日吉,15/10,40.81,40.81,False,False,False,,,,,False
75,長水路,13,女子,50m背泳ぎ,25～29歳,28.39,28.99,32.05,5,井上唯,セ・慶應日吉,15/1,44.52,44.52,False,False,False,,,,,False
75,長水路,13,女子,50m背泳ぎ,18～24歳,,,31.94,1,今田彩文,ザバス鶴見,16/5,39.26,39.26,False,False,False,,,,,False
75,長水路,13,女子,50m背泳ぎ,18～24歳,,,31.94,2,松本彩花,セ・二俣川,16/10,42.91,42.91,False,False,False,,,,,False
75,長水路,14,男子,50m背泳ぎ,85～89歳,39.89,39.89,59.59,1,畠山敏雄,ザバス鶴見,1/2,1:08.63,68.63,False,False,False,,,,,False
75,長水路,14,男子,50m背泳ぎ,85～89歳,39.89,39.89,59.59,2,大塚高之,セ・自由が丘,1/8,1:26.90,86.9,False,False,False,,,,,False
75,長水路,14,男子,50m背泳ぎ,80～84歳,38.16,38.16,42.72,1,石川守也,セ・市川,3/6,49.73,49.73,False,False,False,,,,,False
75,長水路,14,男子,50m背泳ぎ,80～84歳,38.16,38.16,42.72,2,佐々木正志,曽谷・セ,1/6,56.13,56.13,False,False,False,,,,,False
75,長水路,14,男子,50m背泳ぎ,75～79歳,34.45,36.38,42.10,1,吉田亮,セ・成城,4/5,41.77,41.77,True,False,False,,,,,False
75,長水路,14,男子,50m背泳ぎ,75～79歳,34.45,36.38,42.10,2,木崎二三男,セ・福生,3/3,46.91,46.91,False,False,False,,,,,False
75,長水路,14,男子,50m背泳ぎ,75～79歳,34.45,36.38,42.10,3,田中信夫,セ・越谷,3/7,47.84,47.84,False,False,False,,,,,False
75,長水路,14,男子,50m背泳ぎ,75～79歳,34.45,36.38,42.10,4,井口穣,セ・東戸塚,2/5,51.03,51.03,False,False,False,,,,,False
75,長水路,14,男子,50m背泳ぎ,75～79歳,34.45,36.38,42.10,5,大内洋,セ・葛西,2/2,53.88,53.88,False,False,False,,,,,False
75,長水路,14,男子,50m背泳ぎ,75～79歳,34.45,36.38,42.10,6,松永勝,セ・おおたか,1/4,59.11,59.11,False,False,False,,,,,False
75,長水路,14,男子,50m背泳ぎ,75～79歳,34.45,36.38,42.10,,宮瀬吉弘,セ・おおたか,2/7,,,False,False,False,,,,,False
75,長水路,14,男子,50m背泳ぎ,70～74歳,33.51,35.83,39.43,1,鈴木幹男,セ・我孫子,6/4,43.62,43.62,False,False,False,,,,,False
75,長水路,14,男子,50m背泳ぎ,70～74歳,33.51,35.83,39.43,2,吉村進,セ・阿佐谷,5/8,45.16,45.16,False,False,False,,,,,False
75,長水路,14,男子,50m背泳ぎ,70～74歳,33.51,35.83,39.43,3,大谷修司,セ・館山,3/5,46.21,46.21,False,False,False,,,,,False
75,長水路,14,男子,50m背泳ぎ,70～74歳,33.51,35.83,39.43,4,丸喜章,セ・茂原,3/8,47.52,47.52,False,False,False,,,,,False
75,長水路,14,男子,50m背泳ぎ,70～74歳,33.51,35.83,39.43,5,小山三千生,セ・清瀬,3/2,48.58,48.58,False,False,False,,,,,False
75,長水路,14,男子,50m背泳ぎ,70～74歳,33.51,35.83,39.43,6,浅野唯男,セ・志木,2/8,54.95,54.95,False,False,False,,,,,False
75,長水路,14,男子,50m背泳ぎ,70～74歳,33.51,35.83,39.43,7,神保伸幸,セ・南青山,1/3,1:07.36,67.36,False,False,False,,,,,False
75,長水路,14,男子,50m背泳ぎ,65～69歳,30.95,33.24,39.07,1,冨松実,セ・二俣川,4/6,38.09,38.09,True,False,False,,,,,False
75,長水路,14,男子,50m背泳ぎ,65～69歳,30.95,33.24,39.07,2,水谷博之,セ・二俣川,6/10,40.56,40.56,False,False,False,,,,,False
75,長水路,14,男子,50m背泳ぎ,65～69歳,30.95,33.24,39.07,3,金井明人,セ・前橋,5/5,43.04,43.04,False,False,False,,,,,False
75,長水路,14,男子,50m背泳ぎ,65～69歳,30.95,33.24,39.07,4,臼井全人,セ・大宮宮原,5/2,44.03,44.03,False,False,False,,,,,False
75,長水路,14,男子,50m背泳ぎ,65～69歳,30.95,33.24,39.07,5,横田眞一,ザバス鶴見,5/1,45.93,45.93,False,False,False,,,,,False
75,長水路,14,男子,50m背泳ぎ,65～69歳,30.95,33.24,39.07,6,常山賢二,曽谷・セ,4/8,47.74,47.74,False,False,False,,,,,False
75,長水路,14,男子,50m背泳ぎ,65～69歳,30.95,33.24,39.07,7,上原隆男,クリーンスパ,3/4,50.92,50.92,False,False,False,,,,,False
75,長水路,14,男子,50m背泳ぎ,65～69歳,30.95,33.24,39.07,8,鈴木亨,ザバス鶴見,4/10,51.73,51.73,False,False,False,,,,,False
75,長水路,14,男子,50m背泳ぎ,65～69歳,30.95,33.24,39.07,9,安高祐三,セ・越谷,2/6,54.38,54.38,False,False,False,,,,,False
75,長水路,14,男子,50m背泳ぎ,60～64歳,30.59,31.94,34.85,1,會田修一,セ・おおたか,7/2,39.57,39.57,False,False,False,,,,,False
75,長水路,14,男子,50m背泳ぎ,60～64歳,30.59,31.94,34.85,2,大津信弘,セ・越谷,6/7,39.79,39.79,False,False,False,,,,,False
75,長水路,14,男子,50m背泳ぎ,60～64歳,30.59,31.94,34.85,3,峯尾敏幸,セ・府中,3/9,47.29,47.29,False,False,False,,,,,False
75,長水路,14,男子,50m背泳ぎ,60～64歳,30.59,31.94,34.85,4,蛯名昌彦,セ・志木,4/1,51.56,51.56,False,False,False,,,,,False
75,長水路,14,男子,50m背泳ぎ,60～64歳,30.59,31.94,34.85,5,鈴木篤,セ・おおたか,2/4,52.68,52.68,False,False,False,,,,,False
75,長水路,14,男子,50m背泳ぎ,60～64歳,30.59,31.94,34.85,6,岡部浩次,セ・上池袋,2/3,53.16,53.16,False,False,False,,,,,False
75,長水路,14,男子,50m背泳ぎ,55～59歳,29.03,30.09,33.15,1,渡辺保,セ・二俣川,8/2,33.93,33.93,False,False,False,,,,,False
75,長水路,14,男子,50m背泳ぎ,55～59歳,29.03,30.09,33.15,2,小倉秀和,セ・清瀬,7/5,36.48,36.48,False,False,False,,,,,False
75,長水路,14,男子,50m背泳ぎ,55～59歳,29.03,30.09,33.15,3,宮木幸彦,セ・葛西,7/10,40.36,40.36,False,False,False,,,,,False
75,長水路,14,男子,50m背泳ぎ,55～59歳,29.03,30.09,33.15,4,兵藤鋭雄,セ・目黒,5/7,42.81,42.81,False,False,False,,,,,False
75,長水路,14,男子,50m背泳ぎ,55～59歳,29.03,30.09,33.15,5,福田剛紀,Ｇ－ＳＰＡ,5/6,43.22,43.22,False,False,False,,,,,False
75,長水路,14,男子,50m背泳ぎ,55～59歳,29.03,30.09,33.15,6,田中基幹,セ・流山,4/4,45.53,45.53,False,False,False,,,,,False
75,長水路,14,男子,50m背泳ぎ,55～59歳,29.03,30.09,33.15,7,青木浩,セ・福生,4/9,46.95,46.95,False,False,False,,,,,False
75,長水路,14,男子,50m背泳ぎ,55～59歳,29.03,30.09,33.15,8,田村源大,ザバス鶴見,5/10,47.14,47.14,False,False,False,,,,,False
75,長水路,14,男子,50m背泳ぎ,55～59歳,29.03,30.09,33.15,9,浦田昌和,セ・成城,4/2,47.16,47.16,False,False,False,,,,,False
75,長水路,14,男子,50m背泳ぎ,50～54歳,28.58,29.16,30.33,1,河野悟,セ・慶應日吉,8/5,32.64,32.64,False,False,False,,,,,False
75,長水路,14,男子,50m背泳ぎ,50～54歳,28.58,29.16,30.33,2,吉澤弘幸,ザバス鶴見,8/1,33.51,33.51,False,False,False,,,,,False
75,長水路,14,男子,50m背泳ぎ,50～54歳,28.58,29.16,30.33,3,内藤充,セ・新川崎,8/9,35.55,35.55,False,False,False,,,,,False
75,長水路,14,男子,50m背泳ぎ,50～54歳,28.58,29.16,30.33,4,長崎啓,セ・Ｆ東戸塚,8/10,37.04,37.04,False,False,False,,,,,False
75,長水路,14,男子,50m背泳ぎ,50～54歳,28.58,29.16,30.33,5,宮川則仁,セ・大宮宮原,7/9,38.24,38.24,False,False,False,,,,,False
75,長水路,14,男子,50m背泳ぎ,50～54歳,28.58,29.16,30.33,6,松本考弘,セ・清瀬,7/4,38.41,38.41,False,False,False,,,,,False
75,長水路,14,男子,50m背泳ぎ,50～54歳,28.58,29.16,30.33,7,平田博之,セ・ときわ台,5/4,38.72,38.72,False,False,False,,,,,False
75,長水路,14,男子,50m背泳ぎ,50～54歳,28.58,29.16,30.33,8,荒井正明,セ・八千代台,7/3,38.73,38.73,False,False,False,,,,,False
75,長水路,14,男子,50m背泳ぎ,50～54歳,28.58,29.16,30.33,9,藤原毅,セ・蒲田,6/8,39.76,39.76,False,False,False,,,,,False
75,長水路,14,男子,50m背泳ぎ,50～54歳,28.58,29.16,30.33,10,山本英男,セ・大宮宮原,5/3,43.53,43.53,False,False,False,,,,,False
75,長水路,14,男子,50m背泳ぎ,50～54歳,28.58,29.16,30.33,11,青木正昭,セ・福生,5/9,44.52,44.52,False,False,False,,,,,False
75,長水路,14,男子,50m背泳ぎ,50～54歳,28.58,29.16,30.33,12,温井芳浩,セ・谷津,3/1,45.55,45.55,False,False,False,,,,,False
75,長水路,14,男子,50m背泳ぎ,45～49歳,27.62,27.86,28.42,1,山岡拓馬,セ・清瀬,9/4,28.67,28.67,False,False,False,,,,,False
75,長水路,14,男子,50m背泳ぎ,45～49歳,27.62,27.86,28.42,2,越川成康,セ・南千住,7/8,34.83,34.83,False,False,False,,,,,False
75,長水路,14,男子,50m背泳ぎ,45～49歳,27.62,27.86,28.42,3,栗原大輔,セ・成城,7/1,39.78,39.78,False,False,False,,,,,False
75,長水路,14,男子,50m背泳ぎ,45～49歳,27.62,27.86,28.42,4,若杉佳宏,セ・阿佐谷,6/2,43.34,43.34,False,False,False,,,,,False
75,長水路,14,男子,50m背泳ぎ,45～49歳,27.62,27.86,28.42,5,李碩晋,セ・福生,1/7,59.71,59.71,False,False,False,,,,,False
75,長水路,14,男子,50m背泳ぎ,40～44歳,27.13,27.30,28.54,1,植村匡詞,セ・千葉みなと,8/7,33.57,33.57,False,False,False,,,,,False
75,長水路,14,男子,50m背泳ぎ,40～44歳,27.13,27.30,28.54,2,小林弘典,セ・大森,7/7,37.93,37.93,False,False,False,,,,,False
75,長水路,14,男子,50m背泳ぎ,40～44歳,27.13,27.30,28.54,3,宮崎隆寛,セ・越谷,4/7,47.00,47.0,False,False,False,,,,,False
75,長水路,14,男子,50m背泳ぎ,35～39歳,26.18,26.61,28.14,1,棚網宏之,セ・阿佐谷,9/2,31.81,31.81,False,False,False,,,,,False
75,長水路,14,男子,50m背泳ぎ,35～39歳,26.18,26.61,28.14,2,佐々木悠介,セ・福島,3/10,50.08,50.08,False,False,False,,,,,False
75,長水路,14,男子,50m背泳ぎ,30～34歳,25.97,26.29,27.32,1,河野大和,ザバス川崎,8/3,32.39,32.39,False,False,False,,,,,False
75,長水路,14,男子,50m背泳ぎ,30～34歳,25.97,26.29,27.32,2,新福留広貴,セ・二俣川,7/6,36.50,36.5,False,False,False,,,,,False
75,長水路,14,男子,50m背泳ぎ,25～29歳,25.44,25.94,26.58,1,石川和樹,セ・谷津,9/6,27.08,27.08,False,False,False,,,,,False
75,長水路,14,男子,50m背泳ぎ,25～29歳,25.44,25.94,26.58,2,松澤朋樹,セ・武蔵小杉,9/7,29.59,29.59,False,False,False,,,,,False
75,長水路,14,男子,50m背泳ぎ,25～29歳,25.44,25.94,26.58,3,塚本拓也,セ・清瀬,8/6,31.94,31.94,False,False,False,,,,,False
75,長水路,14,男子,50m背泳ぎ,25～29歳,25.44,25.94,26.58,4,石井翔真,セ・成城,8/4,32.41,32.41,False,False,False,,,,,False
75,長水路,14,男子,50m背泳ぎ,18～24歳,,,27.77,1,菅原啓,セ・慶應日吉,9/9,28.83,28.83,False,False,False,,,,,False
75,長水路,14,男子,50m背泳ぎ,18～24歳,,,27.77,2,鏑木颯太朗,セ・おおたか,9/8,29.50,29.5,False,False,False,,,,,False
75,長水路,14,男子,50m背泳ぎ,18～24歳,,,27.77,3,只野克,セ・谷津,9/10,29.81,29.81,False,False,False,,,,,False
75,長水路,14,男子,50m背泳ぎ,18～24歳,,,27.77,4,宮川ガブリエル拓実,セ・慶應日吉,9/5,29.86,29.86,False,False,False,,,,,False
75,長水路,14,男子,50m背泳ぎ,18～24歳,,,27.77,5,青木陽輝,セ・西東京,9/3,30.74,30.74,False,False,False,,,,,False
75,長水路,14,男子,50m背泳ぎ,18～24歳,,,27.77,6,野間隼翔,ザバス鶴見,9/1,34.12,34.12,False,False,False,,,,,False
75,長水路,15,女子,50m自由形,85～89歳,38.98,42.30,44.13,1,木澤杲子,セ・柏,15/10,45.79,45.79,False,False,False,,,,,False
75,長水路,15,女子,50m自由形,85～89歳,38.98,42.30,44.13,2,須山順子,セ・松戸,6/2,54.54,54.54,False,False,False,,,,,False
75,長水路,15,女子,50m自由形,85～89歳,38.98,42.30,44.13,3,上田寿美子,セ・成城,3/5,59.69,59.69,False,False,False,,,,,False
75,長水路,15,女子,50m自由形,85～89歳,38.98,42.30,44.13,4,鈴木静江,クリーンスパ,1/6,1:06.00,66.0,False,False,False,,,,,False
75,長水路,15,女子,50m自由形,80～84歳,36.61,36.61,41.40,1,甲把昌子,セ・長沼,12/5,42.00,42.0,False,False,False,,,,,False
75,長水路,15,女子,50m自由形,80～84歳,36.61,36.61,41.40,2,八田清子,セ・松戸,12/7,45.16,45.16,False,False,False,,,,,False
75,長水路,15,女子,50m自由形,80～84歳,36.61,36.61,41.40,3,太田千惠子,セ・稲毛海岸,3/6,48.11,48.11,False,False,False,,,,,False
75,長水路,15,女子,50m自由形,80～84歳,36.61,36.61,41.40,4,田中もみぢ,セ・おおたか,10/2,51.47,51.47,False,False,False,,,,,False
75,長水路,15,女子,50m自由形,80～84歳,36.61,36.61,41.40,5,武藤治子,セ・二俣川,1/5,51.74,51.74,False,False,False,,,,,False
75,長水路,15,女子,50m自由形,80～84歳,36.61,36.61,41.40,6,田神洋子,セ・トレッサ,2/6,52.10,52.1,False,False,False,,,,,False
75,長水路,15,女子,50m自由形,80～84歳,36.61,36.61,41.40,7,新堀友子,セ・天王洲,2/7,56.82,56.82,False,False,False,,,,,False
75,長水路,15,女子,50m自由形,80～84歳,36.61,36.61,41.40,8,倉元恵子,セ・館山,2/5,57.59,57.59,False,False,False,,,,,False
75,長水路,15,女子,50m自由形,80～84歳,36.61,36.61,41.40,9,馬渡厚子,セ・松戸,5/1,59.12,59.12,False,False,False,,,,,False
75,長水路,15,女子,50m自由形,80～84歳,36.61,36.61,41.40,10,加藤直子,セ・横浜,1/3,1:13.03,73.03,False,False,False,,,,,False
75,長水路,15,女子,50m自由形,75～79歳,34.11,35.90,40.60,1,川口栄子,セ・松戸,12/8,45.22,45.22,False,False,False,,,,,False
75,長水路,15,女子,50m自由形,75～79歳,34.11,35.90,40.60,2,中村敬子,セ・府中,4/6,45.54,45.54,False,False,False,,,,,False
75,長水路,15,女子,50m自由形,75～79歳,34.11,35.90,40.60,3,青柳夕起子,ザバス鶴見,15/1,45.77,45.77,False,False,False,,,,,False
75,長水路,15,女子,50m自由形,75～79歳,34.11,35.90,40.60,4,古旗美鈴,セ・上池袋,9/4,46.60,46.6,False,False,False,,,,,False
75,長水路,15,女子,50m自由形,75～79歳,34.11,35.90,40.60,5,宮島町子,セ・亀有,2/1,48.29,48.29,False,False,False,,,,,False
75,長水路,15,女子,50m自由形,75～79歳,34.11,35.90,40.60,6,田村俊子,セ・館山,7/10,49.52,49.52,False,False,False,,,,,False
75,長水路,15,女子,50m自由形,75～79歳,34.11,35.90,40.60,7,川島かよ子,セ・天王洲,1/4,49.72,49.72,False,False,False,,,,,False
75,長水路,15,女子,50m自由形,75～79歳,34.11,35.90,40.60,8,吉田三枝子,墨田区体育館,7/7,49.94,49.94,False,False,False,,,,,False
75,長水路,15,女子,50m自由形,75～79歳,34.11,35.90,40.60,9,松木弘美,セ・志木,5/5,51.04,51.04,False,False,False,,,,,False
75,長水路,15,女子,50m自由形,75～79歳,34.11,35.90,40.60,10,諸橋曉子,曽谷・セ,6/7,51.15,51.15,False,False,False,,,,,False
75,長水路,15,女子,50m自由形,75～79歳,34.11,35.90,40.60,11,星幸恵,クリーンスパ,9/3,51.85,51.85,False,False,False,,,,,False
75,長水路,15,女子,50m自由形,75～79歳,34.11,35.90,40.60,12,安部澄子,セ・我孫子,2/4,53.92,53.92,False,False,False,,,,,False
75,長水路,15,女子,50m自由形,75～79歳,34.11,35.90,40.60,13,川端淑子,セ・天王洲,1/8,56.39,56.39,False,False,False,,,,,False
75,長水路,15,女子,50m自由形,75～79歳,34.11,35.90,40.60,14,石井千枝子,セ・蘇我,3/4,56.63,56.63,False,False,False,,,,,False
75,長水路,15,女子,50m自由形,75～79歳,34.11,35.90,40.60,15,後藤節子,セ・松戸,5/9,57.27,57.27,False,False,False,,,,,False
75,長水路,15,女子,50m自由形,75～79歳,34.11,35.90,40.60,16,中田和子,セ・越谷,1/2,58.47,58.47,False,False,False,,,,,False
75,長水路,15,女子,50m自由形,75～79歳,34.11,35.90,40.60,17,染谷敏子,セ・天王洲,1/9,1:10.54,70.53999999999999,False,False,False,,,,,False
75,長水路,15,女子,50m自由形,70～74歳,30.73,33.61,37.31,1,原田岳美,セ・藤沢,20/4,38.03,38.03,False,False,False,,,,,False
75,長水路,15,女子,50m自由形,70～74歳,30.73,33.61,37.31,2,近藤ひな子,セ・二俣川,19/5,38.08,38.08,False,False,False,,,,,False
75,長水路,15,女子,50m自由形,70～74歳,30.73,33.61,37.31,3,舛尾妃呂子,セ・稲毛海岸,12/6,40.20,40.2,False,False,False,,,,,False
75,長水路,15,女子,50m自由形,70～74歳,30.73,33.61,37.31,4,山本恵,セ・流山,7/9,41.14,41.14,False,False,False,,,,,False
75,長水路,15,女子,50m自由形,70～74歳,30.73,33.61,37.31,5,松村恵子,セ・葛西,16/2,41.35,41.35,False,False,False,,,,,False
75,長水路,15,女子,50m自由形,70～74歳,30.73,33.61,37.31,6,後藤明美,セ・天王洲,16/5,41.45,41.45,False,False,False,,,,,False
75,長水路,15,女子,50m自由形,70～74歳,30.73,33.61,37.31,7,石塚孝子,セ・志木,11/5,42.60,42.6,False,False,False,,,,,False
75,長水路,15,女子,50m自由形,70～74歳,30.73,33.61,37.31,8,岡村悦子,セ・おおたか,12/4,43.18,43.18,False,False,False,,,,,False
75,長水路,15,女子,50m自由形,70～74歳,30.73,33.61,37.31,9,清水裕子,セ・二俣川,11/6,43.20,43.2,False,False,False,,,,,False
75,長水路,15,女子,50m自由形,70～74歳,30.73,33.61,37.31,10,大久保祐美子,セ・おおたか,13/6,43.50,43.5,False,False,False,,,,,False
75,長水路,15,女子,50m自由形,70～74歳,30.73,33.61,37.31,11,梅田栄己子,セ・天王洲,9/1,43.78,43.78,False,False,False,,,,,False
75,長水路,15,女子,50m自由形,70～74歳,30.73,33.61,37.31,12,浅浦礼子,セ・柏,15/3,44.76,44.76,False,False,False,,,,,False
75,長水路,15,女子,50m自由形,70～74歳,30.73,33.61,37.31,13,伊藤幸英,ザバス鶴見,16/8,45.42,45.42,False,False,False,,,,,False
75,長水路,15,女子,50m自由形,70～74歳,30.73,33.61,37.31,14,図子誠子,セ・青砥,5/4,46.68,46.68,False,False,False,,,,,False
75,長水路,15,女子,50m自由形,70～74歳,30.73,33.61,37.31,15,高梨佳代子,ザバス金沢八,13/5,46.89,46.89,False,False,False,,,,,False
75,長水路,15,女子,50m自由形,70～74歳,30.73,33.61,37.31,16,小谷名賀子,セ・青砥,3/8,47.11,47.11,False,False,False,,,,,False
75,長水路,15,女子,50m自由形,70～74歳,30.73,33.61,37.31,17,松丸映子,セ・ときわ台,2/10,47.14,47.14,False,False,False,,,,,False
75,長水路,15,女子,50m自由形,70～74歳,30.73,33.61,37.31,18,若林多恵子,セ・谷津,7/5,48.80,48.8,False,False,False,,,,,False
75,長水路,15,女子,50m自由形,70～74歳,30.73,33.61,37.31,19,吉田あけみ,セ・館山,8/3,49.17,49.17,False,False,False,,,,,False
75,長水路,15,女子,50m自由形,70～74歳,30.73,33.61,37.31,20,大山伴恵,セ・トレッサ,5/6,50.40,50.4,False,False,False,,,,,False
75,長水路,15,女子,50m自由形,70～74歳,30.73,33.61,37.31,21,戸倉陽子,セ・慶應日吉,7/8,50.54,50.54,False,False,False,,,,,False
75,長水路,15,女子,50m自由形,70～74歳,30.73,33.61,37.31,22,松永タズヨ,セ・おおたか,7/3,51.19,51.19,False,False,False,,,,,False
75,長水路,15,女子,50m自由形,70～74歳,30.73,33.61,37.31,23,宮内佳代子,セ・トレッサ,8/7,51.51,51.51,False,False,False,,,,,False
75,長水路,15,女子,50m自由形,70～74歳,30.73,33.61,37.31,24,小澤優子,セ・葛西,1/7,53.21,53.21,False,False,False,,,,,False
75,長水路,15,女子,50m自由形,70～74歳,30.73,33.61,37.31,25,石村眞理子,セ・新川崎,4/4,55.94,55.94,False,False,False,,,,,False
75,長水路,15,女子,50m自由形,70～74歳,30.73,33.61,37.31,26,寺西寿賀子,セ・天王洲,6/9,56.68,56.68,False,False,False,,,,,False
75,長水路,15,女子,50m自由形,70～74歳,30.73,33.61,37.31,27,柴田千代子,セ・天王洲,4/9,57.04,57.04,False,False,False,,,,,False
75,長水路,15,女子,50m自由形,70～74歳,30.73,33.61,37.31,28,友野敬子,セ・館山,4/1,59.84,59.84,False,False,False,,,,,False
75,長水路,15,女子,50m自由形,70～74歳,30.73,33.61,37.31,29,安野裕子,セ・新川崎,2/2,1:07.44,67.44,False,False,False,,,,,False
75,長水路,15,女子,50m自由形,65～69歳,29.10,32.46,35.41,1,安藤薫,セ・西新井,19/4,37.86,37.86,False,False,False,,,,,False
75,長水路,15,女子,50m自由形,65～69歳,29.10,32.46,35.41,2,立石由美子,セ・大森,16/6,39.62,39.62,False,False,False,,,,,False
75,長水路,15,女子,50m自由形,65～69歳,29.10,32.46,35.41,3,川久保ちづる,ザバス川崎,20/7,39.73,39.73,False,False,False,,,,,False
75,長水路,15,女子,50m自由形,65～69歳,29.10,32.46,35.41,4,ダン典子,セ・自由が丘,19/1,39.80,39.8,False,False,False,,,,,False
75,長水路,15,女子,50m自由形,65～69歳,29.10,32.46,35.41,5,井上美佐子,セ・大森,13/8,40.43,40.43,False,False,False,,,,,False
75,長水路,15,女子,50m自由形,65～69歳,29.10,32.46,35.41,6,米澤美智子,セ・成瀬,17/4,40.66,40.66,False,False,False,,,,,False
75,長水路,15,女子,50m自由形,65～69歳,29.10,32.46,35.41,7,浅野みどり,セ・天王洲,18/10,41.70,41.7,False,False,False,,,,,False
75,長水路,15,女子,50m自由形,65～69歳,29.10,32.46,35.41,8,青砥美智子,セ・葛西,11/4,42.47,42.47,False,False,False,,,,,False
75,長水路,15,女子,50m自由形,65～69歳,29.10,32.46,35.41,9,山本由起子,セ・南千住,17/8,43.23,43.23,False,False,False,,,,,False
75,長水路,15,女子,50m自由形,65～69歳,29.10,32.46,35.41,10,長岡桂子,ザバス鶴見,16/7,43.38,43.38,False,False,False,,,,,False
75,長水路,15,女子,50m自由形,65～69歳,29.10,32.46,35.41,11,渋谷照代,セ・我孫子,9/5,43.40,43.4,False,False,False,,,,,False
75,長水路,15,女子,50m自由形,65～69歳,29.10,32.46,35.41,12,瀧下節子,セ・志木,13/4,43.49,43.49,False,False,False,,,,,False
75,長水路,15,女子,50m自由形,65～69歳,29.10,32.46,35.41,13,鶴崎緑,セ・トレッサ,5/3,43.50,43.5,False,False,False,,,,,False
75,長水路,15,女子,50m自由形,65～69歳,29.10,32.46,35.41,14,小笠原三春,セ・八王子,10/5,43.68,43.68,False,False,False,,,,,False
75,長水路,15,女子,50m自由形,65～69歳,29.10,32.46,35.41,15,齊藤たか子,ザバス川崎,12/9,44.00,44.0,False,False,False,,,,,False
75,長水路,15,女子,50m自由形,65～69歳,29.10,32.46,35.41,16,下川喜美枝,セ・南千住,13/3,44.12,44.12,False,False,False,,,,,False
75,長水路,15,女子,50m自由形,65～69歳,29.10,32.46,35.41,17,岡田美恵子,セ・溝ノ口,13/7,44.83,44.83,False,False,False,,,,,False
75,長水路,15,女子,50m自由形,65～69歳,29.10,32.46,35.41,18,原昌代,セ・市ヶ尾,13/2,44.88,44.88,False,False,False,,,,,False
75,長水路,15,女子,50m自由形,65～69歳,29.10,32.46,35.41,19,田代奈緒子,セ・ときわ台,11/2,45.70,45.7,False,False,False,,,,,False
75,長水路,15,女子,50m自由形,65～69歳,29.10,32.46,35.41,20,三嶋祐子,セ・阿佐谷,10/7,46.71,46.71,False,False,False,,,,,False
75,長水路,15,女子,50m自由形,65～69歳,29.10,32.46,35.41,21,酒谷真砂子,セ・戸塚,10/6,47.11,47.11,False,False,False,,,,,False
75,長水路,15,女子,50m自由形,65～69歳,29.10,32.46,35.41,22,池田則子,セ・松戸,3/3,47.47,47.47,False,False,False,,,,,False
75,長水路,15,女子,50m自由形,65～69歳,29.10,32.46,35.41,23,伊藤春美,ザバス川崎,12/2,47.62,47.62,False,False,False,,,,,False
75,長水路,15,女子,50m自由形,65～69歳,29.10,32.46,35.41,24,山崎美南子,セ・南青山,9/9,47.72,47.72,False,False,False,,,,,False
75,長水路,15,女子,50m自由形,65～69歳,29.10,32.46,35.41,25,松浦敏子,セ・我孫子,5/8,47.75,47.75,False,False,False,,,,,False
75,長水路,15,女子,50m自由形,65～69歳,29.10,32.46,35.41,26,池田敏子,セ・戸塚,9/8,47.81,47.81,False,False,False,,,,,False
75,長水路,15,女子,50m自由形,65～69歳,29.10,32.46,35.41,27,永田啓子,セ・我孫子,5/10,48.90,48.9,False,False,False,,,,,False
75,長水路,15,女子,50m自由形,65～69歳,29.10,32.46,35.41,28,宮原美穂,セ・福生,12/1,48.96,48.96,False,False,False,,,,,False
75,長水路,15,女子,50m自由形,65～69歳,29.10,32.46,35.41,29,小笠原京子,セ・流山,4/8,49.80,49.8,False,False,False,,,,,False
75,長水路,15,女子,50m自由形,65～69歳,29.10,32.46,35.41,30,永田陽子,セ・戸塚,5/7,52.40,52.4,False,False,False,,,,,False
75,長水路,15,女子,50m自由形,65～69歳,29.10,32.46,35.41,31,長谷川節子,セ・天王洲,4/7,52.84,52.84,False,False,False,,,,,False
75,長水路,15,女子,50m自由形,65～69歳,29.10,32.46,35.41,32,藤井道子,セ・我孫子,4/3,54.72,54.72,False,False,False,,,,,False
75,長水路,15,女子,50m自由形,65～69歳,29.10,32.46,35.41,33,池淵玲子,セ・慶應日吉,2/3,57.27,57.27,False,False,False,,,,,False
75,長水路,15,女子,50m自由形,60～64歳,28.90,30.31,32.63,1,永瀬秀子,セ・二俣川,24/3,32.38,32.38,True,False,False,,,,,False
75,長水路,15,女子,50m自由形,60～64歳,28.90,30.31,32.63,2,高柳祐子,セ・成城,22/5,35.32,35.32,False,False,False,,,,,False
75,長水路,15,女子,50m自由形,60～64歳,28.90,30.31,32.63,3,石原なおみ,セ・阿佐谷,23/4,36.20,36.2,False,False,False,,,,,False
75,長水路,15,女子,50m自由形,60～64歳,28.90,30.31,32.63,4,石田良子,セ・越谷,19/7,36.92,36.92,False,False,False,,,,,False
75,長水路,15,女子,50m自由形,60～64歳,28.90,30.31,32.63,5,吉川千晶,Ｇ－ＳＰＡ,18/5,37.87,37.87,False,False,False,,,,,False
75,長水路,15,女子,50m自由形,60～64歳,28.90,30.31,32.63,6,高梨美樹,セ・成城,20/8,38.27,38.27,False,False,False,,,,,False
75,長水路,15,女子,50m自由形,60～64歳,28.90,30.31,32.63,7,山本庸子,セ・八王子,7/6,38.77,38.77,False,False,False,,,,,False
75,長水路,15,女子,50m自由形,60～64歳,28.90,30.31,32.63,8,野島正代,セ・阿佐谷,20/10,39.33,39.33,False,False,False,,,,,False
75,長水路,15,女子,50m自由形,60～64歳,28.90,30.31,32.63,9,太田温子,ザバス鶴見,18/9,40.33,40.33,False,False,False,,,,,False
75,長水路,15,女子,50m自由形,60～64歳,28.90,30.31,32.63,10,窪田久恵,セ・上池袋,7/4,40.36,40.36,False,False,False,,,,,False
75,長水路,15,女子,50m自由形,60～64歳,28.90,30.31,32.63,11,高見沢ゆみ子,セ・慶應日吉,14/4,41.35,41.35,False,False,False,,,,,False
75,長水路,15,女子,50m自由形,60～64歳,28.90,30.31,32.63,12,浅田晴子,セ・八王子,13/9,41.73,41.73,False,False,False,,,,,False
75,長水路,15,女子,50m自由形,60～64歳,28.90,30.31,32.63,13,竹田正美,ザバス鶴見,15/4,42.38,42.38,False,False,False,,,,,False
75,長水路,15,女子,50m自由形,60～64歳,28.90,30.31,32.63,14,座間千鶴子,ザバス金沢八,18/1,42.40,42.4,False,False,False,,,,,False
75,長水路,15,女子,50m自由形,60～64歳,28.90,30.31,32.63,15,田村明美,セ・慶應日吉,16/9,42.51,42.51,False,False,False,,,,,False
75,長水路,15,女子,50m自由形,60～64歳,28.90,30.31,32.63,16,山梨静枝,セ・我孫子,7/2,43.40,43.4,False,False,False,,,,,False
75,長水路,15,女子,50m自由形,60～64歳,28.90,30.31,32.63,17,古宇田淳子,セ・南千住,15/8,43.94,43.94,False,False,False,,,,,False
75,長水路,15,女子,50m自由形,60～64歳,28.90,30.31,32.63,18,柳沢智子,セ・成城,11/7,44.45,44.45,False,False,False,,,,,False
75,長水路,15,女子,50m自由形,60～64歳,28.90,30.31,32.63,19,田上由美,セ・ときわ台,8/2,44.48,44.48,False,False,False,,,,,False
75,長水路,15,女子,50m自由形,60～64歳,28.90,30.31,32.63,20,米林清子,セ・越谷,11/1,44.76,44.76,False,False,False,,,,,False
75,長水路,15,女子,50m自由形,60～64歳,28.90,30.31,32.63,21,太刀岡早苗,セ・市ヶ尾,8/8,45.20,45.2,False,False,False,,,,,False
75,長水路,15,女子,50m自由形,60～64歳,28.90,30.31,32.63,22,加藤雅弓,セ・新都心,13/10,45.34,45.34,False,False,False,,,,,False
75,長水路,15,女子,50m自由形,60～64歳,28.90,30.31,32.63,23,西澤順子,セ・青砥,3/2,45.47,45.47,False,False,False,,,,,False
75,長水路,15,女子,50m自由形,60～64歳,28.90,30.31,32.63,24,久保とし子,セ・長津田,17/9,45.49,45.49,False,False,False,,,,,False
75,長水路,15,女子,50m自由形,60～64歳,28.90,30.31,32.63,25,石河久美子,セ・溝ノ口,13/1,45.50,45.5,False,False,False,,,,,False
75,長水路,15,女子,50m自由形,60～64歳,28.90,30.31,32.63,26,杉村由紀子,セ・溝ノ口,8/5,45.64,45.64,False,False,False,,,,,False
75,長水路,15,女子,50m自由形,60～64歳,28.90,30.31,32.63,27,田中香苗,セ・青砥,15/2,47.05,47.05,False,False,False,,,,,False
75,長水路,15,女子,50m自由形,60～64歳,28.90,30.31,32.63,28,長嶋玲子,セ・稲毛海岸,4/10,47.97,47.97,False,False,False,,,,,False
75,長水路,15,女子,50m自由形,60～64歳,28.90,30.31,32.63,29,森圭伊子,セ・戸塚,10/4,49.86,49.86,False,False,False,,,,,False
75,長水路,15,女子,50m自由形,60～64歳,28.90,30.31,32.63,30,三木純子,セ・流山,9/7,49.98,49.98,False,False,False,,,,,False
75,長水路,15,女子,50m自由形,60～64歳,28.90,30.31,32.63,31,中村清美,セ・蘇我,6/1,52.80,52.8,False,False,False,,,,,False
75,長水路,15,女子,50m自由形,60～64歳,28.90,30.31,32.63,32,小林史子,ザバス鶴見,6/8,54.74,54.74,False,False,False,,,,,False
75,長水路,15,女子,50m自由形,60～64歳,28.90,30.31,32.63,33,勝又聡子,セ・福生,4/5,57.41,57.41,False,False,False,,,,,False
75,長水路,15,女子,50m自由形,60～64歳,28.90,30.31,32.63,34,前川尚美,セ・Ｆ東戸塚,3/7,59.41,59.41,False,False,False,,,,,False
75,長水路,15,女子,50m自由形,55～59歳,28.25,29.09,31.18,1,羽山恵津子,セ・葛西,22/9,35.38,35.38,False,False,False,,,,,False
75,長水路,15,女子,50m自由形,55～59歳,28.25,29.09,31.18,2,佐門明美,セ・館山,21/6,35.42,35.42,False,False,False,,,,,False
75,長水路,15,女子,50m自由形,55～59歳,28.25,29.09,31.18,3,岩崎真弓,ザバス鶴見,23/1,37.73,37.73,False,False,False,,,,,False
75,長水路,15,女子,50m自由形,55～59歳,28.25,29.09,31.18,4,大槻真由美,セ・清瀬,21/4,37.80,37.8,False,False,False,,,,,False
75,長水路,15,女子,50m自由形,55～59歳,28.25,29.09,31.18,5,生田目則子,セ・自由が丘,21/7,37.86,37.86,False,False,False,,,,,False
75,長水路,15,女子,50m自由形,55～59歳,28.25,29.09,31.18,6,井上知美,セ・府中,9/6,40.29,40.29,False,False,False,,,,,False
75,長水路,15,女子,50m自由形,55～59歳,28.25,29.09,31.18,7,佐藤美絵子,セ・清瀬,18/6,40.77,40.77,False,False,False,,,,,False
75,長水路,15,女子,50m自由形,55～59歳,28.25,29.09,31.18,8,佐藤直子,セ・我孫子,14/8,41.24,41.24,False,False,False,,,,,False
75,長水路,15,女子,50m自由形,55～59歳,28.25,29.09,31.18,9,古谷幸代,セ・二俣川,14/6,42.01,42.01,False,False,False,,,,,False
75,長水路,15,女子,50m自由形,55～59歳,28.25,29.09,31.18,10,小林名緒子,セ・大森,14/3,42.57,42.57,False,False,False,,,,,False
75,長水路,15,女子,50m自由形,55～59歳,28.25,29.09,31.18,11,棚橋悦子,セ・自由が丘,15/6,43.46,43.46,False,False,False,,,,,False
75,長水路,15,女子,50m自由形,55～59歳,28.25,29.09,31.18,12,石井恵津,セ・自由が丘,16/3,43.55,43.55,False,False,False,,,,,False
75,長水路,15,女子,50m自由形,55～59歳,28.25,29.09,31.18,13,鈴木夏実,セ・慶應日吉,12/10,43.83,43.83,False,False,False,,,,,False
75,長水路,15,女子,50m自由形,55～59歳,28.25,29.09,31.18,14,山本登美子,セ・桶川北本,4/2,43.89,43.89,False,False,False,,,,,False
75,長水路,15,女子,50m自由形,55～59歳,28.25,29.09,31.18,15,中野朗子,セ・慶應日吉,14/7,44.23,44.23,False,False,False,,,,,False
75,長水路,15,女子,50m自由形,55～59歳,28.25,29.09,31.18,16,平松栄里子,セ・府中,8/9,44.61,44.61,False,False,False,,,,,False
75,長水路,15,女子,50m自由形,55～59歳,28.25,29.09,31.18,17,蛯名とも子,セ・志木,8/6,44.98,44.98,False,False,False,,,,,False
75,長水路,15,女子,50m自由形,55～59歳,28.25,29.09,31.18,18,辻麻希,ザバス藤が丘,10/9,47.61,47.61,False,False,False,,,,,False
75,長水路,15,女子,50m自由形,55～59歳,28.25,29.09,31.18,19,佐々木夕子,セ・市ヶ尾,6/4,52.83,52.83,False,False,False,,,,,False
75,長水路,15,女子,50m自由形,55～59歳,28.25,29.09,31.18,20,平澤馨,セ・府中,3/9,54.65,54.65,False,False,False,,,,,False
75,長水路,15,女子,50m自由形,50～54歳,27.09,28.82,29.26,1,舘野美香,セ・目黒,27/5,29.47,29.47,False,False,False,,,,,False
75,長水路,15,女子,50m自由形,50～54歳,27.09,28.82,29.26,2,綿貫麻衣子,セ・市ヶ尾,25/2,32.07,32.07,False,False,False,,,,,False
75,長水路,15,女子,50m自由形,50～54歳,27.09,28.82,29.26,3,佐々木美佐,セ・平塚,25/6,32.25,32.25,False,False,False,,,,,False
75,長水路,15,女子,50m自由形,50～54歳,27.09,28.82,29.26,4,原田佳子,セ・葛西,25/8,32.52,32.52,False,False,False,,,,,False
75,長水路,15,女子,50m自由形,50～54歳,27.09,28.82,29.26,5,仲津真規子,セ・新都心,25/5,32.89,32.89,False,False,False,,,,,False
75,長水路,15,女子,50m自由形,50～54歳,27.09,28.82,29.26,6,篠原理恵,セ・南宇都宮,24/6,33.04,33.04,False,False,False,,,,,False
75,長水路,15,女子,50m自由形,50～54歳,27.09,28.82,29.26,7,大川晴美,セ・成城,22/6,33.44,33.44,False,False,False,,,,,False
75,長水路,15,女子,50m自由形,50～54歳,27.09,28.82,29.26,8,唐鎌典子,セ・千葉みなと,24/2,34.14,34.14,False,False,False,,,,,False
75,長水路,15,女子,50m自由形,50～54歳,27.09,28.82,29.26,9,池田智子,セ・目黒,24/10,34.83,34.83,False,False,False,,,,,False
75,長水路,15,女子,50m自由形,50～54歳,27.09,28.82,29.26,10,高間智子,セ・自由が丘,22/7,36.17,36.17,False,False,False,,,,,False
75,長水路,15,女子,50m自由形,50～54歳,27.09,28.82,29.26,11,鶴岡美佐,ザバス金沢八,21/3,36.82,36.82,False,False,False,,,,,False
75,長水路,15,女子,50m自由形,50～54歳,27.09,28.82,29.26,12,佐藤洋子,セ・成城,21/8,37.11,37.11,False,False,False,,,,,False
75,長水路,15,女子,50m自由形,50～54歳,27.09,28.82,29.26,13,佐伯康子,ザバス鶴見,20/5,37.46,37.46,False,False,False,,,,,False
75,長水路,15,女子,50m自由形,50～54歳,27.09,28.82,29.26,14,山本美佳里,ザバス鶴見,22/1,37.51,37.51,False,False,False,,,,,False
75,長水路,15,女子,50m自由形,50～54歳,27.09,28.82,29.26,15,五十嵐知佐,セ・おおたか,11/10,37.61,37.61,False,False,False,,,,,False
75,長水路,15,女子,50m自由形,50～54歳,27.09,28.82,29.26,16,成島志雅子,セ・Ｆ宇都宮,20/2,37.73,37.73,False,False,False,,,,,False
75,長水路,15,女子,50m自由形,50～54歳,27.09,28.82,29.26,17,田原文月,セ・南千住,14/2,38.55,38.55,False,False,False,,,,,False
75,長水路,15,女子,50m自由形,50～54歳,27.09,28.82,29.26,18,比留川美緒,セ・平塚,20/9,38.74,38.74,False,False,False,,,,,False
75,長水路,15,女子,50m自由形,50～54歳,27.09,28.82,29.26,19,西田三佐子,セ・大宮宮原,18/4,39.31,39.31,False,False,False,,,,,False
75,長水路,15,女子,50m自由形,50～54歳,27.09,28.82,29.26,20,沢井由季子,ザバス鶴見,17/6,39.95,39.95,False,False,False,,,,,False
75,長水路,15,女子,50m自由形,50～54歳,27.09,28.82,29.26,21,西岡祐子,セ・用賀,19/2,40.25,40.25,False,False,False,,,,,False
75,長水路,15,女子,50m自由形,50～54歳,27.09,28.82,29.26,22,鈴木知寿子,セ・大森,17/3,40.27,40.27,False,False,False,,,,,False
75,長水路,15,女子,50m自由形,50～54歳,27.09,28.82,29.26,23,糸川永利子,セ・用賀,19/8,40.48,40.48,False,False,False,,,,,False
75,長水路,15,女子,50m自由形,50～54歳,27.09,28.82,29.26,24,信賀志乃,ザバス鶴見,18/7,41.12,41.12,False,False,False,,,,,False
75,長水路,15,女子,50m自由形,50～54歳,27.09,28.82,29.26,25,是永朋子,セ・二俣川,17/2,41.97,41.97,False,False,False,,,,,False
75,長水路,15,女子,50m自由形,50～54歳,27.09,28.82,29.26,26,佐藤晶子,セ・おおたか,16/4,42.24,42.24,False,False,False,,,,,False
75,長水路,15,女子,50m自由形,50～54歳,27.09,28.82,29.26,27,棚網恵理,セ・阿佐谷,14/9,43.51,43.51,False,False,False,,,,,False
75,長水路,15,女子,50m自由形,50～54歳,27.09,28.82,29.26,28,杉野幸恵,セ・越谷,16/1,43.65,43.65,False,False,False,,,,,False
75,長水路,15,女子,50m自由形,50～54歳,27.09,28.82,29.26,29,岩朋実,セ・川越,15/5,45.63,45.63,False,False,False,,,,,False
75,長水路,15,女子,50m自由形,50～54歳,27.09,28.82,29.26,30,古谷加寿子,セ・府中,8/1,45.69,45.69,False,False,False,,,,,False
75,長水路,15,女子,50m自由形,50～54歳,27.09,28.82,29.26,31,森信子,セ・大森,11/8,45.97,45.97,False,False,False,,,,,False
75,長水路,15,女子,50m自由形,50～54歳,27.09,28.82,29.26,32,平野真紀,セ・福生,3/1,49.10,49.1,False,False,False,,,,,False
75,長水路,15,女子,50m自由形,50～54歳,27.09,28.82,29.26,33,兼子敬子,セ・南千住,8/10,52.24,52.24,False,False,False,,,,,False
75,長水路,15,女子,50m自由形,50～54歳,27.09,28.82,29.26,34,古平正美,セ・清瀬,7/1,52.51,52.51,False,False,False,,,,,False
75,長水路,15,女子,50m自由形,50～54歳,27.09,28.82,29.26,35,多田美帆,セ・清瀬,9/10,53.21,53.21,False,False,False,,,,,False
75,長水路,15,女子,50m自由形,45～49歳,26.59,27.78,29.51,1,片岡祥子,セ・千葉みなと,27/4,30.04,30.04,False,False,False,,,,,False
75,長水路,15,女子,50m自由形,45～49歳,26.59,27.78,29.51,2,杉本浩美,セ・南千住,26/6,32.00,32.0,False,False,False,,,,,False
75,長水路,15,女子,50m自由形,45～49歳,26.59,27.78,29.51,3,櫻井翠,セ・横浜,25/9,32.31,32.31,False,False,False,,,,,False
75,長水路,15,女子,50m自由形,45～49歳,26.59,27.78,29.51,4,花木尚美,セ・大宮宮原,24/5,32.83,32.83,False,False,False,,,,,False
75,長水路,15,女子,50m自由形,45～49歳,26.59,27.78,29.51,5,木村美佐子,セ・南宇都宮,25/10,32.94,32.94,False,False,False,,,,,False
75,長水路,15,女子,50m自由形,45～49歳,26.59,27.78,29.51,6,バーンズ智絵,セ・松戸,23/5,33.70,33.7,False,False,False,,,,,False
75,長水路,15,女子,50m自由形,45～49歳,26.59,27.78,29.51,7,関根順子,クリーンスパ,23/2,34.12,34.12,False,False,False,,,,,False
75,長水路,15,女子,50m自由形,45～49歳,26.59,27.78,29.51,8,小室桃子,セ・八王子,24/9,34.57,34.57,False,False,False,,,,,False
75,長水路,15,女子,50m自由形,45～49歳,26.59,27.78,29.51,9,芳賀加代子,セ・南青山,23/6,34.72,34.72,False,False,False,,,,,False
75,長水路,15,女子,50m自由形,45～49歳,26.59,27.78,29.51,10,米倉公美,セ・目黒,22/2,34.97,34.97,False,False,False,,,,,False
75,長水路,15,女子,50m自由形,45～49歳,26.59,27.78,29.51,11,吉池奈々,セ・二俣川,20/3,35.81,35.81,False,False,False,,,,,False
75,長水路,15,女子,50m自由形,45～49歳,26.59,27.78,29.51,12,森直子,セ・成城,22/3,35.93,35.93,False,False,False,,,,,False
75,長水路,15,女子,50m自由形,45～49歳,26.59,27.78,29.51,13,飯澤美香,セ・我孫子,21/9,36.43,36.43,False,False,False,,,,,False
75,長水路,15,女子,50m自由形,45～49歳,26.59,27.78,29.51,14,大橋ほづ美,セ・清瀬,22/8,36.55,36.55,False,False,False,,,,,False
75,長水路,15,女子,50m自由形,45～49歳,26.59,27.78,29.51,15,佐藤桂子,セ・横浜,22/4,36.64,36.64,False,False,False,,,,,False
75,長水路,15,女子,50m自由形,45～49歳,26.59,27.78,29.51,16,細沼悦子,セ・越谷,18/3,37.58,37.58,False,False,False,,,,,False
75,長水路,15,女子,50m自由形,45～49歳,26.59,27.78,29.51,17,篠倉有美,セ・成城,19/6,37.63,37.63,False,False,False,,,,,False
75,長水路,15,女子,50m自由形,45～49歳,26.59,27.78,29.51,18,高島典子,セ・大森,21/1,40.51,40.51,False,False,False,,,,,False
75,長水路,15,女子,50m自由形,45～49歳,26.59,27.78,29.51,19,赤坂恵美子,セ・志木,15/9,42.93,42.93,False,False,False,,,,,False
75,長水路,15,女子,50m自由形,45～49歳,26.59,27.78,29.51,20,山崎悦子,クリーンスパ,8/4,48.20,48.2,False,False,False,,,,,False
75,長水路,15,女子,50m自由形,45～49歳,26.59,27.78,29.51,21,斉藤靖子,セ・目黒,14/1,49.76,49.76,False,False,False,,,,,False
75,長水路,15,女子,50m自由形,45～49歳,26.59,27.78,29.51,22,久保洋子,セ・流山,2/8,1:02.84,62.84,False,False,False,,,,,False
75,長水路,15,女子,50m自由形,40～44歳,26.44,26.95,29.16,1,宮本八重,セ・慶應日吉,25/4,30.93,30.93,False,False,False,,,,,False
75,長水路,15,女子,50m自由形,40～44歳,26.44,26.95,29.16,2,瀬原まどか,セ・阿佐谷,27/10,31.73,31.73,False,False,False,,,,,False
75,長水路,15,女子,50m自由形,40～44歳,26.44,26.95,29.16,3,齋藤千華子,セ・自由が丘,26/9,31.78,31.78,False,False,False,,,,,False
75,長水路,15,女子,50m自由形,40～44歳,26.44,26.95,29.16,4,中村可奈子,セ・おおたか,24/4,33.57,33.57,False,False,False,,,,,False
75,長水路,15,女子,50m自由形,40～44歳,26.44,26.95,29.16,5,四井美穂,セ・天王洲,23/10,34.82,34.82,False,False,False,,,,,False
75,長水路,15,女子,50m自由形,40～44歳,26.44,26.95,29.16,6,溝井花代子,セ・葛西,22/10,36.89,36.89,False,False,False,,,,,False
75,長水路,15,女子,50m自由形,40～44歳,26.44,26.95,29.16,7,前田由希映,セ・二俣川,23/9,37.05,37.05,False,False,False,,,,,False
75,長水路,15,女子,50m自由形,40～44歳,26.44,26.95,29.16,8,高橋容子,セ・市川,21/5,37.28,37.28,False,False,False,,,,,False
75,長水路,15,女子,50m自由形,40～44歳,26.44,26.95,29.16,9,町田麻里,セ・南千住,19/3,37.84,37.84,False,False,False,,,,,False
75,長水路,15,女子,50m自由形,40～44歳,26.44,26.95,29.16,10,高橋奈津子,セ・葛西,18/8,39.11,39.11,False,False,False,,,,,False
75,長水路,15,女子,50m自由形,40～44歳,26.44,26.95,29.16,11,樋口浩子,セ・稲毛海岸,6/10,40.55,40.55,False,False,False,,,,,False
75,長水路,15,女子,50m自由形,40～44歳,26.44,26.95,29.16,12,吉田瑠夏,曽谷・セ,17/7,41.75,41.75,False,False,False,,,,,False
75,長水路,15,女子,50m自由形,40～44歳,26.44,26.95,29.16,13,清宮碧,セ・大森,20/1,42.56,42.56,False,False,False,,,,,False
75,長水路,15,女子,50m自由形,40～44歳,26.44,26.95,29.16,14,星郁恵,セ・南千住,12/3,45.99,45.99,False,False,False,,,,,False
75,長水路,15,女子,50m自由形,40～44歳,26.44,26.95,29.16,15,谷美希子,セ・府中,10/10,46.11,46.11,False,False,False,,,,,False
75,長水路,15,女子,50m自由形,40～44歳,26.44,26.95,29.16,16,加藤涼子,セ・桶川北本,5/2,46.44,46.44,False,False,False,,,,,False
75,長水路,15,女子,50m自由形,35～39歳,25.98,27.37,28.87,1,青木梨緒,セ・葛西,26/4,30.66,30.66,False,False,False,,,,,False
75,長水路,15,女子,50m自由形,35～39歳,25.98,27.37,28.87,2,新妻梓,セ・西東京,26/7,31.48,31.48,False,False,False,,,,,False
75,長水路,15,女子,50m自由形,35～39歳,25.98,27.37,28.87,3,関川晶子,セ・下北沢,24/1,33.54,33.54,False,False,False,,,,,False
75,長水路,15,女子,50m自由形,35～39歳,25.98,27.37,28.87,4,真栄田こずえ,ザバス鶴見,24/8,36.35,36.35,False,False,False,,,,,False
75,長水路,15,女子,50m自由形,35～39歳,25.98,27.37,28.87,5,中辻澄美,セ・天王洲,21/10,39.20,39.2,False,False,False,,,,,False
75,長水路,15,女子,50m自由形,35～39歳,25.98,27.37,28.87,6,李鎬善,セ・目黒,17/10,42.25,42.25,False,False,False,,,,,False
75,長水路,15,女子,50m自由形,35～39歳,25.98,27.37,28.87,7,RacaruGabriela,セ・慶應日吉,14/10,42.93,42.93,False,False,False,,,,,False
75,長水路,15,女子,50m自由形,35～39歳,25.98,27.37,28.87,8,國政玲,セ・南青山,10/8,43.56,43.56,False,False,False,,,,,False
75,長水路,15,女子,50m自由形,30～34歳,25.74,26.42,26.42,1,早川舞,セ・蒲田,27/7,29.69,29.69,False,False,False,,,,,False
75,長水路,15,女子,50m自由形,30～34歳,25.74,26.42,26.42,2,稲恒優里奈,セ・柏,27/3,30.79,30.79,False,False,False,,,,,False
75,長水路,15,女子,50m自由形,30～34歳,25.74,26.42,26.42,3,大椛詩織,セ・葛西,23/3,31.18,31.18,False,False,False,,,,,False
75,長水路,15,女子,50m自由形,30～34歳,25.74,26.42,26.42,4,牧明穂,セ・本郷台,24/7,32.05,32.05,False,False,False,,,,,False
75,長水路,15,女子,50m自由形,30～34歳,25.74,26.42,26.42,5,中畑眸,セ・成城,26/1,32.43,32.43,False,False,False,,,,,False
75,長水路,15,女子,50m自由形,30～34歳,25.74,26.42,26.42,6,深堀陽子,セ・二俣川,25/3,32.68,32.68,False,False,False,,,,,False
75,長水路,15,女子,50m自由形,30～34歳,25.74,26.42,26.42,7,岡澤美咲,セ・茂原,18/2,36.68,36.68,False,False,False,,,,,False
75,長水路,15,女子,50m自由形,30～34歳,25.74,26.42,26.42,8,高松悠希,セ・越谷,10/3,43.39,43.39,False,False,False,,,,,False
75,長水路,15,女子,50m自由形,25～29歳,25.42,26.53,27.43,1,宍戸萌,セ・長津田,27/6,29.47,29.47,False,False,False,,,,,False
75,長水路,15,女子,50m自由形,25～29歳,25.42,26.53,27.43,2,松尾仁実,セ・越谷,26/5,30.10,30.1,False,False,False,,,,,False
75,長水路,15,女子,50m自由形,25～29歳,25.42,26.53,27.43,3,川俣星,セ・新都心,27/9,30.84,30.84,False,False,False,,,,,False
75,長水路,15,女子,50m自由形,25～29歳,25.42,26.53,27.43,4,高橋由子,セ・川越,27/2,31.00,31.0,False,False,False,,,,,False
75,長水路,15,女子,50m自由形,25～29歳,25.42,26.53,27.43,5,木田優佳里,セ・平塚,26/8,31.75,31.75,False,False,False,,,,,False
75,長水路,15,女子,50m自由形,25～29歳,25.42,26.53,27.43,6,角田優佳里,セ・青砥,19/10,43.49,43.49,False,False,False,,,,,False
75,長水路,15,女子,50m自由形,25～29歳,25.42,26.53,27.43,7,鈴木千裕,セ・茂原,3/10,51.45,51.45,False,False,False,,,,,False
75,長水路,15,女子,50m自由形,18～24歳,,,28.03,1,岩倉柚,セ・二俣川,27/8,29.49,29.49,False,False,False,,,,,False
75,長水路,15,女子,50m自由形,18～24歳,,,28.03,2,表侑寿,セ・二俣川,27/1,30.74,30.74,False,False,False,,,,,False
75,長水路,15,女子,50m自由形,18～24歳,,,28.03,3,西澤瑛倫,セ・越谷,26/10,31.10,31.1,False,False,False,,,,,False
75,長水路,15,女子,50m自由形,18～24歳,,,28.03,4,西川楽々,セ・柏,23/8,31.92,31.92,False,False,False,,,,,False
75,長水路,15,女子,50m自由形,18～24歳,,,28.03,5,新後海優,セ・トレッサ,26/2,32.04,32.04,False,False,False,,,,,False
75,長水路,16,男子,50m自由形,90～94歳,40.72,40.89,52.43,1,椎野正敏,セ・越谷,1/6,52.64,52.64,False,False,False,,,,,False
75,長水路,16,男子,50m自由形,85～89歳,33.94,33.94,43.66,1,大堀兵衛,セ・下北沢,4/9,58.06,58.06,False,False,False,,,,,False
75,長水路,16,男子,50m自由形,85～89歳,33.94,33.94,43.66,2,丸野公敏,セ・南千住,1/9,1:05.30,65.3,False,False,False,,,,,False
75,長水路,16,男子,50m自由形,80～84歳,31.23,31.23,36.52,1,池端孝一,セ・成瀬,6/1,41.10,41.1,False,False,False,,,,,False
75,長水路,16,男子,50m自由形,80～84歳,31.23,31.23,36.52,2,石川守也,セ・市川,5/9,41.42,41.42,False,False,False,,,,,False
75,長水路,16,男子,50m自由形,80～84歳,31.23,31.23,36.52,3,井上隆史,セ・市ヶ尾,5/3,42.49,42.49,False,False,False,,,,,False
75,長水路,16,男子,50m自由形,80～84歳,31.23,31.23,36.52,4,中村欣正,セ・流山,4/1,43.77,43.77,False,False,False,,,,,False
75,長水路,16,男子,50m自由形,80～84歳,31.23,31.23,36.52,5,小田稔,セ・慶應日吉,5/1,43.80,43.8,False,False,False,,,,,False
75,長水路,16,男子,50m自由形,80～84歳,31.23,31.23,36.52,6,保谷由夫,Ｇ－ＳＰＡ,1/5,49.22,49.22,False,False,False,,,,,False
75,長水路,16,男子,50m自由形,80～84歳,31.23,31.23,36.52,7,佐々木正志,曽谷・セ,2/4,49.87,49.87,False,False,False,,,,,False
75,長水路,16,男子,50m自由形,80～84歳,31.23,31.23,36.52,8,増山晶一,セ・下北沢,2/3,49.93,49.93,False,False,False,,,,,False
75,長水路,16,男子,50m自由形,80～84歳,31.23,31.23,36.52,9,橋本努,セ・新都心,1/4,50.26,50.26,False,False,False,,,,,False
75,長水路,16,男子,50m自由形,75～79歳,29.19,30.08,32.10,1,吉田亮,セ・成城,8/6,35.30,35.3,False,False,False,,,,,False
75,長水路,16,男子,50m自由形,75～79歳,29.19,30.08,32.10,2,益子正人,セ・我孫子,4/7,39.05,39.05,False,False,False,,,,,False
75,長水路,16,男子,50m自由形,75～79歳,29.19,30.08,32.10,3,高木明,セ・戸塚,8/8,39.10,39.1,False,False,False,,,,,False
75,長水路,16,男子,50m自由形,75～79歳,29.19,30.08,32.10,4,林尊利,クリーンスパ,7/6,39.48,39.48,False,False,False,,,,,False
75,長水路,16,男子,50m自由形,75～79歳,29.19,30.08,32.10,5,田辺覚,セ・藤沢,6/5,41.99,41.99,False,False,False,,,,,False
75,長水路,16,男子,50m自由形,75～79歳,29.19,30.08,32.10,6,瀧下敏和,セ・志木,5/10,42.67,42.67,False,False,False,,,,,False
75,長水路,16,男子,50m自由形,75～79歳,29.19,30.08,32.10,7,内田幸稔,セ・松戸,4/5,43.86,43.86,False,False,False,,,,,False
75,長水路,16,男子,50m自由形,75～79歳,29.19,30.08,32.10,8,泉保央,セ・慶應日吉,2/5,45.81,45.81,False,False,False,,,,,False
75,長水路,16,男子,50m自由形,75～79歳,29.19,30.08,32.10,9,松永勝,セ・おおたか,2/6,46.11,46.11,False,False,False,,,,,False
75,長水路,16,男子,50m自由形,75～79歳,29.19,30.08,32.10,10,田中信夫,セ・越谷,3/9,46.26,46.26,False,False,False,,,,,False
75,長水路,16,男子,50m自由形,75～79歳,29.19,30.08,32.10,11,手塚満,セ・おおたか,3/4,47.24,47.24,False,False,False,,,,,False
75,長水路,16,男子,50m自由形,75～79歳,29.19,30.08,32.10,12,竹島正明,セ・越谷,2/1,52.82,52.82,False,False,False,,,,,False
75,長水路,16,男子,50m自由形,70～74歳,27.12,28.93,29.64,1,滋野文夫,セ・前橋,17/2,30.21,30.21,False,False,False,,,,,False
75,長水路,16,男子,50m自由形,70～74歳,27.12,28.93,29.64,2,嶋﨑昭夫,セ・西東京,11/5,34.35,34.35,False,False,False,,,,,False
75,長水路,16,男子,50m自由形,70～74歳,27.12,28.93,29.64,3,鈴木幹男,セ・我孫子,10/6,35.04,35.04,False,False,False,,,,,False
75,長水路,16,男子,50m自由形,70～74歳,27.12,28.93,29.64,4,大谷修司,セ・館山,9/5,36.71,36.71,False,False,False,,,,,False
75,長水路,16,男子,50m自由形,70～74歳,27.12,28.93,29.64,5,幡場達明,セ・大宮宮原,6/10,38.05,38.05,False,False,False,,,,,False
75,長水路,16,男子,50m自由形,70～74歳,27.12,28.93,29.64,6,岸田孝,セ・南青山,3/8,39.08,39.08,False,False,False,,,,,False
75,長水路,16,男子,50m自由形,70～74歳,27.12,28.93,29.64,7,香川左近,セ・二俣川,8/2,39.13,39.13,False,False,False,,,,,False
75,長水路,16,男子,50m自由形,70～74歳,27.12,28.93,29.64,8,小山三千生,セ・清瀬,6/4,39.56,39.56,False,False,False,,,,,False
75,長水路,16,男子,50m自由形,70～74歳,27.12,28.93,29.64,9,梅村潔,セ・茂原,6/2,40.43,40.43,False,False,False,,,,,False
75,長水路,16,男子,50m自由形,70～74歳,27.12,28.93,29.64,10,丸喜章,セ・茂原,6/6,41.50,41.5,False,False,False,,,,,False
75,長水路,16,男子,50m自由形,70～74歳,27.12,28.93,29.64,11,服部陽一,セ・成瀬,5/6,41.79,41.79,False,False,False,,,,,False
75,長水路,16,男子,50m自由形,70～74歳,27.12,28.93,29.64,12,橋本亘,セ・おおたか,3/1,42.77,42.77,False,False,False,,,,,False
75,長水路,16,男子,50m自由形,70～74歳,27.12,28.93,29.64,13,高橋修一,セ・我孫子,1/7,47.33,47.33,False,False,False,,,,,False
75,長水路,16,男子,50m自由形,70～74歳,27.12,28.93,29.64,14,斉藤雄一,セ・上池袋,3/2,47.52,47.52,False,False,False,,,,,False
75,長水路,16,男子,50m自由形,70～74歳,27.12,28.93,29.64,15,大久保美伸,セ・松戸,3/3,47.72,47.72,False,False,False,,,,,False
75,長水路,16,男子,50m自由形,70～74歳,27.12,28.93,29.64,16,永島聡,セ・戸塚,1/2,59.85,59.85,False,False,False,,,,,False
75,長水路,16,男子,50m自由形,65～69歳,26.21,27.86,28.14,1,冨松実,セ・二俣川,9/6,31.35,31.35,False,False,False,,,,,False
75,長水路,16,男子,50m自由形,65～69歳,26.21,27.86,28.14,2,井上昌臣,セ・西東京,11/6,32.89,32.89,False,False,False,,,,,False
75,長水路,16,男子,50m自由形,65～69歳,26.21,27.86,28.14,3,槙田誠,セ・南千住,12/1,34.31,34.31,False,False,False,,,,,False
75,長水路,16,男子,50m自由形,65～69歳,26.21,27.86,28.14,4,横田眞一,ザバス鶴見,9/9,34.51,34.51,False,False,False,,,,,False
75,長水路,16,男子,50m自由形,65～69歳,26.21,27.86,28.14,5,瀧川一興,セ・大森,9/7,35.12,35.12,False,False,False,,,,,False
75,長水路,16,男子,50m自由形,65～69歳,26.21,27.86,28.14,6,前川正,セ・Ｆ東戸塚,9/3,36.88,36.88,False,False,False,,,,,False
75,長水路,16,男子,50m自由形,65～69歳,26.21,27.86,28.14,7,佐藤信弘,セ・桶川北本,9/2,37.07,37.07,False,False,False,,,,,False
75,長水路,16,男子,50m自由形,65～69歳,26.21,27.86,28.14,8,茂木和哉,セ・市ヶ尾,8/4,37.21,37.21,False,False,False,,,,,False
75,長水路,16,男子,50m自由形,65～69歳,26.21,27.86,28.14,9,阿部宏之助,セ・上池袋,6/7,37.49,37.49,False,False,False,,,,,False
75,長水路,16,男子,50m自由形,65～69歳,26.21,27.86,28.14,10,山中一男,セ・阿佐谷,7/5,38.37,38.37,False,False,False,,,,,False
75,長水路,16,男子,50m自由形,65～69歳,26.21,27.86,28.14,11,常山賢二,曽谷・セ,8/7,38.95,38.95,False,False,False,,,,,False
75,長水路,16,男子,50m自由形,65～69歳,26.21,27.86,28.14,12,上原隆男,クリーンスパ,7/3,40.06,40.06,False,False,False,,,,,False
75,長水路,16,男子,50m自由形,65～69歳,26.21,27.86,28.14,13,鈴木義夫,セ・越谷,5/8,40.12,40.12,False,False,False,,,,,False
75,長水路,16,男子,50m自由形,65～69歳,26.21,27.86,28.14,14,赤坂吉昭,墨田区体育館,8/9,41.37,41.37,False,False,False,,,,,False
75,長水路,16,男子,50m自由形,65～69歳,26.21,27.86,28.14,15,中村雄一,Ｇ－ＳＰＡ,1/3,43.36,43.36,False,False,False,,,,,False
75,長水路,16,男子,50m自由形,65～69歳,26.21,27.86,28.14,16,櫛田伸彦,ザバス鶴見,4/4,45.24,45.24,False,False,False,,,,,False
75,長水路,16,男子,50m自由形,65～69歳,26.21,27.86,28.14,17,秋山和弘,ザバス鶴見,4/3,45.50,45.5,False,False,False,,,,,False
75,長水路,16,男子,50m自由形,65～69歳,26.21,27.86,28.14,18,田代裕一,セ・ときわ台,4/10,46.42,46.42,False,False,False,,,,,False
75,長水路,16,男子,50m自由形,65～69歳,26.21,27.86,28.14,19,柳谷一郎,Ｇ－ＳＰＡ,3/7,46.84,46.84,False,False,False,,,,,False
75,長水路,16,男子,50m自由形,65～69歳,26.21,27.86,28.14,20,真崎武司,セ・志木,3/5,46.96,46.96,False,False,False,,,,,False
75,長水路,16,男子,50m自由形,60～64歳,25.23,26.66,27.13,1,坂本広明,セ・東十条,22/9,29.32,29.32,False,False,False,,,,,False
75,長水路,16,男子,50m自由形,60～64歳,25.23,26.66,27.13,2,安田洋一郎,セ・八千代台,16/4,30.48,30.48,False,False,False,,,,,False
75,長水路,16,男子,50m自由形,60～64歳,25.23,26.66,27.13,3,和田浩一,セ・用賀,17/9,31.01,31.01,False,False,False,,,,,False
75,長水路,16,男子,50m自由形,60～64歳,25.23,26.66,27.13,4,沼田真清,セ・南青山,14/8,31.72,31.72,False,False,False,,,,,False
75,長水路,16,男子,50m自由形,60～64歳,25.23,26.66,27.13,5,入江潤,セ・二俣川,13/4,31.97,31.97,False,False,False,,,,,False
75,長水路,16,男子,50m自由形,60～64歳,25.23,26.66,27.13,6,中村幸弘,セ・越谷,14/7,32.20,32.2,False,False,False,,,,,False
75,長水路,16,男子,50m自由形,60～64歳,25.23,26.66,27.13,7,横浜健,セ・南青山,12/7,33.35,33.35,False,False,False,,,,,False
75,長水路,16,男子,50m自由形,60～64歳,25.23,26.66,27.13,8,安間稔,セ・市ヶ尾,12/5,34.17,34.17,False,False,False,,,,,False
75,長水路,16,男子,50m自由形,60～64歳,25.23,26.66,27.13,9,恒吉徹,セ・越谷,13/9,35.23,35.23,False,False,False,,,,,False
75,長水路,16,男子,50m自由形,60～64歳,25.23,26.66,27.13,10,加治屋史郎,セ・目黒,8/5,35.35,35.35,False,False,False,,,,,False
75,長水路,16,男子,50m自由形,60～64歳,25.23,26.66,27.13,11,五十嵐洋,セ・おおたか,7/8,35.62,35.62,False,False,False,,,,,False
75,長水路,16,男子,50m自由形,60～64歳,25.23,26.66,27.13,12,齋藤博憲,ザバス鶴見,7/7,35.87,35.87,False,False,False,,,,,False
75,長水路,16,男子,50m自由形,60～64歳,25.23,26.66,27.13,13,山梨英克,セ・我孫子,8/1,36.71,36.71,False,False,False,,,,,False
75,長水路,16,男子,50m自由形,60～64歳,25.23,26.66,27.13,14,丸山恵太,セ・成城,8/10,37.79,37.79,False,False,False,,,,,False
75,長水路,16,男子,50m自由形,60～64歳,25.23,26.66,27.13,15,竹内新,墨田区体育館,7/4,38.42,38.42,False,False,False,,,,,False
75,長水路,16,男子,50m自由形,60～64歳,25.23,26.66,27.13,16,峯尾敏幸,セ・府中,2/2,38.65,38.65,False,False,False,,,,,False
75,長水路,16,男子,50m自由形,60～64歳,25.23,26.66,27.13,17,安藤靖,セ・南青山,6/9,39.84,39.84,False,False,False,,,,,False
75,長水路,16,男子,50m自由形,60～64歳,25.23,26.66,27.13,18,山本勝,セ・慶應日吉,7/2,40.72,40.72,False,False,False,,,,,False
75,長水路,16,男子,50m自由形,60～64歳,25.23,26.66,27.13,19,岡部浩次,セ・上池袋,6/3,40.88,40.88,False,False,False,,,,,False
75,長水路,16,男子,50m自由形,60～64歳,25.23,26.66,27.13,20,鈴木篤,セ・おおたか,5/7,44.51,44.51,False,False,False,,,,,False
75,長水路,16,男子,50m自由形,60～64歳,25.23,26.66,27.13,21,石井玲二,セ・川越,5/2,49.00,49.0,False,False,False,,,,,False
75,長水路,16,男子,50m自由形,55～59歳,24.45,24.45,26.96,1,阿部憲一,セ・大宮宮原,20/4,28.21,28.21,False,False,False,,,,,False
75,長水路,16,男子,50m自由形,55～59歳,24.45,24.45,26.96,2,浅田康朗,セ・大森,17/4,29.79,29.79,False,False,False,,,,,False
75,長水路,16,男子,50m自由形,55～59歳,24.45,24.45,26.96,3,久保卓士,セ・天王洲,14/6,30.31,30.31,False,False,False,,,,,False
75,長水路,16,男子,50m自由形,55～59歳,24.45,24.45,26.96,4,小宮山高之,セ・市川,19/8,30.43,30.43,False,False,False,,,,,False
75,長水路,16,男子,50m自由形,55～59歳,24.45,24.45,26.96,5,町田克浩,セ・大森,17/6,30.60,30.6,False,False,False,,,,,False
75,長水路,16,男子,50m自由形,55～59歳,24.45,24.45,26.96,6,金子勝,セ・岩槻,14/5,30.65,30.65,False,False,False,,,,,False
75,長水路,16,男子,50m自由形,55～59歳,24.45,24.45,26.96,7,上野太紀夫,セ・柏,15/8,31.30,31.3,False,False,False,,,,,False
75,長水路,16,男子,50m自由形,55～59歳,24.45,24.45,26.96,8,兵藤鋭雄,セ・目黒,15/1,31.40,31.4,False,False,False,,,,,False
75,長水路,16,男子,50m自由形,55～59歳,24.45,24.45,26.96,9,塚本幸治,セ・千葉みなと,16/7,31.54,31.54,False,False,False,,,,,False
75,長水路,16,男子,50m自由形,55～59歳,24.45,24.45,26.96,10,山賀勝之,セ・南青山,13/3,31.81,31.81,False,False,False,,,,,False
75,長水路,16,男子,50m自由形,55～59歳,24.45,24.45,26.96,11,杉原祥之,ザバス鶴見,16/9,31.86,31.86,False,False,False,,,,,False
75,長水路,16,男子,50m自由形,55～59歳,24.45,24.45,26.96,12,田中基幹,セ・流山,13/5,32.77,32.77,False,False,False,,,,,False
75,長水路,16,男子,50m自由形,55～59歳,24.45,24.45,26.96,13,佐藤正章,セ・用賀,12/6,33.00,33.0,False,False,False,,,,,False
75,長水路,16,男子,50m自由形,55～59歳,24.45,24.45,26.96,14,福田剛紀,Ｇ－ＳＰＡ,11/4,33.24,33.24,False,False,False,,,,,False
75,長水路,16,男子,50m自由形,55～59歳,24.45,24.45,26.96,15,山田隆弘,セ・市川,12/4,34.20,34.2,False,False,False,,,,,False
75,長水路,16,男子,50m自由形,55～59歳,24.45,24.45,26.96,16,高田義久,セ・八王子,9/10,35.71,35.71,False,False,False,,,,,False
75,長水路,16,男子,50m自由形,55～59歳,24.45,24.45,26.96,17,増渕毅,セ・トレッサ,8/3,37.70,37.7,False,False,False,,,,,False
75,長水路,16,男子,50m自由形,55～59歳,24.45,24.45,26.96,18,上野武,セ・南青山,4/6,40.61,40.61,False,False,False,,,,,False
75,長水路,16,男子,50m自由形,55～59歳,24.45,24.45,26.96,19,安部盛博,セ・成城,5/4,40.70,40.7,False,False,False,,,,,False
75,長水路,16,男子,50m自由形,55～59歳,24.45,24.45,26.96,20,小野和彦,セ・新川崎,7/9,40.73,40.73,False,False,False,,,,,False
75,長水路,16,男子,50m自由形,55～59歳,24.45,24.45,26.96,21,半澤繁,セ・清瀬,3/10,45.92,45.92,False,False,False,,,,,False
75,長水路,16,男子,50m自由形,50～54歳,24.08,24.08,26.99,1,佐藤靖嗣,セ・新浦安,23/8,27.11,27.11,False,False,False,,,,,False
75,長水路,16,男子,50m自由形,50～54歳,24.08,24.08,26.99,2,石井龍,セ・成城,23/10,27.77,27.77,False,False,False,,,,,False
75,長水路,16,男子,50m自由形,50～54歳,24.08,24.08,26.99,3,長崎啓,セ・Ｆ東戸塚,21/4,28.10,28.1,False,False,False,,,,,False
75,長水路,16,男子,50m自由形,50～54歳,24.08,24.08,26.99,3,村野雄太,セ・清瀬,21/5,28.10,28.1,False,False,False,,,,,False
75,長水路,16,男子,50m自由形,50～54歳,24.08,24.08,26.99,5,松崎敏明,セ・慶應日吉,21/6,28.54,28.54,False,False,False,,,,,False
75,長水路,16,男子,50m自由形,50～54歳,24.08,24.08,26.99,6,高坂俊一郎,セ・西新井,22/8,28.84,28.84,False,False,False,,,,,False
75,長水路,16,男子,50m自由形,50～54歳,24.08,24.08,26.99,7,渡部弘一,セ・市川,19/4,29.02,29.02,False,False,False,,,,,False
75,長水路,16,男子,50m自由形,50～54歳,24.08,24.08,26.99,8,川瀬智廣,セ・川越,20/7,29.21,29.21,False,False,False,,,,,False
75,長水路,16,男子,50m自由形,50～54歳,24.08,24.08,26.99,9,阿部賢裕,セ・能見台,17/5,29.32,29.32,False,False,False,,,,,False
75,長水路,16,男子,50m自由形,50～54歳,24.08,24.08,26.99,10,矢下英明,セ・用賀,19/6,29.80,29.8,False,False,False,,,,,False
75,長水路,16,男子,50m自由形,50～54歳,24.08,24.08,26.99,11,荒井正明,セ・八千代台,16/3,30.54,30.54,False,False,False,,,,,False
75,長水路,16,男子,50m自由形,50～54歳,24.08,24.08,26.99,12,内藤充,セ・新川崎,15/6,30.66,30.66,False,False,False,,,,,False
75,長水路,16,男子,50m自由形,50～54歳,24.08,24.08,26.99,13,柄澤英也,セ・用賀,18/5,30.67,30.67,False,False,False,,,,,False
75,長水路,16,男子,50m自由形,50～54歳,24.08,24.08,26.99,14,原田真,セ・葛西,17/1,31.98,31.98,False,False,False,,,,,False
75,長水路,16,男子,50m自由形,50～54歳,24.08,24.08,26.99,15,松本考弘,セ・清瀬,14/2,32.34,32.34,False,False,False,,,,,False
75,長水路,16,男子,50m自由形,50～54歳,24.08,24.08,26.99,16,穴田啓樹,セ・慶應日吉,12/3,33.02,33.02,False,False,False,,,,,False
75,長水路,16,男子,50m自由形,50～54歳,24.08,24.08,26.99,17,金子謙一,セ・成城,9/8,33.96,33.96,False,False,False,,,,,False
75,長水路,16,男子,50m自由形,50～54歳,24.08,24.08,26.99,18,庄司和明,セ・松戸,10/5,34.31,34.31,False,False,False,,,,,False
75,長水路,16,男子,50m自由形,50～54歳,24.08,24.08,26.99,19,千葉忠英,セ・天王洲,13/10,34.61,34.61,False,False,False,,,,,False
75,長水路,16,男子,50m自由形,50～54歳,24.08,24.08,26.99,20,宮本昌雄,セ・二俣川,7/1,35.05,35.05,False,False,False,,,,,False
75,長水路,16,男子,50m自由形,50～54歳,24.08,24.08,26.99,21,青木正昭,セ・福生,10/4,35.07,35.07,False,False,False,,,,,False
75,長水路,16,男子,50m自由形,50～54歳,24.08,24.08,26.99,22,恒川直輝,セ・二俣川,10/7,35.09,35.09,False,False,False,,,,,False
75,長水路,16,男子,50m自由形,50～54歳,24.08,24.08,26.99,23,小柳大,ザバス川崎,10/1,37.63,37.63,False,False,False,,,,,False
75,長水路,16,男子,50m自由形,50～54歳,24.08,24.08,26.99,24,バーンズノ－マンウ,セ・松戸,9/1,37.95,37.95,False,False,False,,,,,False
75,長水路,16,男子,50m自由形,50～54歳,24.08,24.08,26.99,25,向山高弘,セ・ときわ台,6/8,38.66,38.66,False,False,False,,,,,False
75,長水路,16,男子,50m自由形,50～54歳,24.08,24.08,26.99,26,山口一郎,セ・青砥,4/8,40.74,40.74,False,False,False,,,,,False
75,長水路,16,男子,50m自由形,45～49歳,23.55,23.55,25.69,1,野村峰生,セ・大森,23/5,26.91,26.91,False,False,False,,,,,False
75,長水路,16,男子,50m自由形,45～49歳,23.55,23.55,25.69,2,堀川広祐,セ・二俣川,22/7,28.26,28.26,False,False,False,,,,,False
75,長水路,16,男子,50m自由形,45～49歳,23.55,23.55,25.69,3,北川貴義,セ・阿佐谷,21/7,28.49,28.49,False,False,False,,,,,False
75,長水路,16,男子,50m自由形,45～49歳,23.55,23.55,25.69,4,佐々木茂倫,セ・流山,19/3,29.06,29.06,False,False,False,,,,,False
75,長水路,16,男子,50m自由形,45～49歳,23.55,23.55,25.69,5,宮崎健,セ・福生,17/7,29.26,29.26,False,False,False,,,,,False
75,長水路,16,男子,50m自由形,45～49歳,23.55,23.55,25.69,6,石上智啓,セ・二俣川,21/2,29.27,29.27,False,False,False,,,,,False
75,長水路,16,男子,50m自由形,45～49歳,23.55,23.55,25.69,7,磯貝知弘,セ・柏,18/6,29.37,29.37,False,False,False,,,,,False
75,長水路,16,男子,50m自由形,45～49歳,23.55,23.55,25.69,8,甫坂修男,セ・市川,19/9,29.81,29.81,False,False,False,,,,,False
75,長水路,16,男子,50m自由形,45～49歳,23.55,23.55,25.69,9,前田潤,セ・松戸,20/10,30.24,30.24,False,False,False,,,,,False
75,長水路,16,男子,50m自由形,45～49歳,23.55,23.55,25.69,10,足立晃,セ・新川崎,20/3,30.31,30.31,False,False,False,,,,,False
75,長水路,16,男子,50m自由形,45～49歳,23.55,23.55,25.69,11,宮岡亮介,セ・亀有,15/4,30.36,30.36,False,False,False,,,,,False
75,長水路,16,男子,50m自由形,45～49歳,23.55,23.55,25.69,12,若杉佳宏,セ・阿佐谷,18/4,30.62,30.62,False,False,False,,,,,False
75,長水路,16,男子,50m自由形,45～49歳,23.55,23.55,25.69,13,越川成康,セ・南千住,13/8,30.98,30.98,False,False,False,,,,,False
75,長水路,16,男子,50m自由形,45～49歳,23.55,23.55,25.69,14,花輪博之,セ・越谷,16/1,31.48,31.48,False,False,False,,,,,False
75,長水路,16,男子,50m自由形,45～49歳,23.55,23.55,25.69,15,柳瀬浩志,セ・館山,11/7,31.59,31.59,False,False,False,,,,,False
75,長水路,16,男子,50m自由形,45～49歳,23.55,23.55,25.69,16,栗原大輔,セ・成城,15/10,32.31,32.31,False,False,False,,,,,False
75,長水路,16,男子,50m自由形,45～49歳,23.55,23.55,25.69,17,古屋俊一,セ・ときわ台,16/5,32.35,32.35,False,False,False,,,,,False
75,長水路,16,男子,50m自由形,45～49歳,23.55,23.55,25.69,18,成田敏隆,セ・大森,12/8,33.18,33.18,False,False,False,,,,,False
75,長水路,16,男子,50m自由形,45～49歳,23.55,23.55,25.69,19,大沢祐輔,セ・福生,13/1,34.28,34.28,False,False,False,,,,,False
75,長水路,16,男子,50m自由形,45～49歳,23.55,23.55,25.69,20,永井由隆,ザバス鶴見,16/6,35.51,35.51,False,False,False,,,,,False
75,長水路,16,男子,50m自由形,45～49歳,23.55,23.55,25.69,21,大川明徳,セ・阿佐谷,12/10,36.45,36.45,False,False,False,,,,,False
75,長水路,16,男子,50m自由形,45～49歳,23.55,23.55,25.69,22,李碩晋,セ・福生,5/5,40.85,40.85,False,False,False,,,,,False
75,長水路,16,男子,50m自由形,40～44歳,23.20,23.25,25.23,1,山賀竜馬,セ・阿佐谷,24/4,26.39,26.39,False,False,False,,,,,False
75,長水路,16,男子,50m自由形,40～44歳,23.20,23.25,25.23,2,鈴木敏志,セ・松戸,23/6,27.58,27.58,False,False,False,,,,,False
75,長水路,16,男子,50m自由形,40～44歳,23.20,23.25,25.23,3,横山大志,ザバス鶴見,19/5,28.15,28.15,False,False,False,,,,,False
75,長水路,16,男子,50m自由形,40～44歳,23.20,23.25,25.23,4,倉持公一,セ・天王洲,21/1,28.64,28.64,False,False,False,,,,,False
75,長水路,16,男子,50m自由形,40～44歳,23.20,23.25,25.23,5,木村知行,セ・二俣川,20/6,29.06,29.06,False,False,False,,,,,False
75,長水路,16,男子,50m自由形,40～44歳,23.20,23.25,25.23,6,加地隆史,セ・葛西,19/2,29.48,29.48,False,False,False,,,,,False
75,長水路,16,男子,50m自由形,40～44歳,23.20,23.25,25.23,7,松平一真,セ・本郷台,18/7,29.71,29.71,False,False,False,,,,,False
75,長水路,16,男子,50m自由形,40～44歳,23.20,23.25,25.23,8,田子晃,セ・自由が丘,15/7,31.28,31.28,False,False,False,,,,,False
75,長水路,16,男子,50m自由形,40～44歳,23.20,23.25,25.23,9,西田幸弘,セ・藤沢,13/2,32.43,32.43,False,False,False,,,,,False
75,長水路,16,男子,50m自由形,40～44歳,23.20,23.25,25.23,10,中嶋智史,セ・市ヶ尾,17/8,32.79,32.79,False,False,False,,,,,False
75,長水路,16,男子,50m自由形,40～44歳,23.20,23.25,25.23,11,田中遼太,セ・慶應日吉,12/9,33.26,33.26,False,False,False,,,,,False
75,長水路,16,男子,50m自由形,40～44歳,23.20,23.25,25.23,12,上村匠,セ・下北沢,12/2,33.41,33.41,False,False,False,,,,,False
75,長水路,16,男子,50m自由形,40～44歳,23.20,23.25,25.23,13,村上欣也,セ・トレッサ,11/2,34.49,34.49,False,False,False,,,,,False
75,長水路,16,男子,50m自由形,40～44歳,23.20,23.25,25.23,14,宇佐美学,セ・大森,9/4,34.75,34.75,False,False,False,,,,,False
75,長水路,16,男子,50m自由形,40～44歳,23.20,23.25,25.23,15,萩原智徳,セ・長津田,11/8,34.85,34.85,False,False,False,,,,,False
75,長水路,16,男子,50m自由形,40～44歳,23.20,23.25,25.23,16,鈴木直哉,セ・八王子,11/3,34.99,34.99,False,False,False,,,,,False
75,長水路,16,男子,50m自由形,40～44歳,23.20,23.25,25.23,17,佐伯貴広,ザバス鶴見,10/10,35.57,35.57,False,False,False,,,,,False
75,長水路,16,男子,50m自由形,40～44歳,23.20,23.25,25.23,18,辻真治,セ・南青山,4/2,40.82,40.82,False,False,False,,,,,False
75,長水路,16,男子,50m自由形,35～39歳,22.76,23.20,24.83,1,前田康輔,セ・二俣川,23/1,25.02,25.02,False,False,False,,,,,False
75,長水路,16,男子,50m自由形,35～39歳,22.76,23.20,24.83,2,奥平竜司,セ・武蔵小杉,24/6,26.22,26.22,False,False,False,,,,,False
75,長水路,16,男子,50m自由形,35～39歳,22.76,23.20,24.83,3,前田崇行,セ・二俣川,24/7,26.25,26.25,False,False,False,,,,,False
75,長水路,16,男子,50m自由形,35～39歳,22.76,23.20,24.83,4,酒井駿,セ・二俣川,24/8,26.35,26.35,False,False,False,,,,,False
75,長水路,16,男子,50m自由形,35～39歳,22.76,23.20,24.83,5,高津周平,セ・大森,24/5,26.64,26.64,False,False,False,,,,,False
75,長水路,16,男子,50m自由形,35～39歳,22.76,23.20,24.83,6,川瀬健次,セ・大宮宮原,23/3,27.01,27.01,False,False,False,,,,,False
75,長水路,16,男子,50m自由形,35～39歳,22.76,23.20,24.83,7,吉川重行,セ・桶川北本,22/3,27.22,27.22,False,False,False,,,,,False
75,長水路,16,男子,50m自由形,35～39歳,22.76,23.20,24.83,8,石井将太,セ・成城,22/6,27.42,27.42,False,False,False,,,,,False
75,長水路,16,男子,50m自由形,35～39歳,22.76,23.20,24.83,9,榊原雅史,セ・武蔵小杉,22/2,28.23,28.23,False,False,False,,,,,False
75,長水路,16,男子,50m自由形,35～39歳,22.76,23.20,24.83,10,酒井和也,ザバス鶴見,22/1,28.47,28.47,False,False,False,,,,,False
75,長水路,16,男子,50m自由形,35～39歳,22.76,23.20,24.83,11,増田喬行,セ・桶川北本,21/3,28.95,28.95,False,False,False,,,,,False
75,長水路,16,男子,50m自由形,35～39歳,22.76,23.20,24.83,12,渡邊啓太,セ・市川,15/9,31.46,31.46,False,False,False,,,,,False
75,長水路,16,男子,50m自由形,35～39歳,22.76,23.20,24.83,13,佐々木悠介,セ・福島,10/3,35.48,35.48,False,False,False,,,,,False
75,長水路,16,男子,50m自由形,30～34歳,22.13,22.95,24.64,1,吉原憲人,セ・阿佐谷,21/8,28.27,28.27,False,False,False,,,,,False
75,長水路,16,男子,50m自由形,30～34歳,22.13,22.95,24.64,2,江沢純也,セ・我孫子,20/8,28.44,28.44,False,False,False,,,,,False
75,長水路,16,男子,50m自由形,30～34歳,22.13,22.95,24.64,3,寺田遼太,セ・天王洲,20/5,28.74,28.74,False,False,False,,,,,False
75,長水路,16,男子,50m自由形,30～34歳,22.13,22.95,24.64,4,江熊夕人,セ・慶應日吉,18/3,28.93,28.93,False,False,False,,,,,False
75,長水路,16,男子,50m自由形,30～34歳,22.13,22.95,24.64,5,坂入裕,セ・二俣川,19/7,30.12,30.12,False,False,False,,,,,False
75,長水路,16,男子,50m自由形,30～34歳,22.13,22.95,24.64,6,渡部慎也,セ・大森,17/10,30.91,30.91,False,False,False,,,,,False
75,長水路,16,男子,50m自由形,25～29歳,22.30,22.75,24.20,1,石川和樹,セ・谷津,25/7,24.61,24.61,False,False,False,,,,,False
75,長水路,16,男子,50m自由形,25～29歳,22.30,22.75,24.20,2,高梨大樹,セ・成城,24/9,26.41,26.41,False,False,False,,,,,False
75,長水路,16,男子,50m自由形,25～29歳,22.30,22.75,24.20,3,津崎朝輝,セ・武蔵小杉,24/3,26.54,26.54,False,False,False,,,,,False
75,長水路,16,男子,50m自由形,25～29歳,22.30,22.75,24.20,4,十河直樹,ザバス鶴見,22/5,26.80,26.8,False,False,False,,,,,False
75,長水路,16,男子,50m自由形,25～29歳,22.30,22.75,24.20,5,内田諒哉,セ・横浜,24/1,26.83,26.83,False,False,False,,,,,False
75,長水路,16,男子,50m自由形,25～29歳,22.30,22.75,24.20,6,塚本拓也,セ・清瀬,22/4,26.96,26.96,False,False,False,,,,,False
75,長水路,16,男子,50m自由形,25～29歳,22.30,22.75,24.20,7,前島悠也,セ・葛西,24/10,27.22,27.22,False,False,False,,,,,False
75,長水路,16,男子,50m自由形,25～29歳,22.30,22.75,24.20,8,加間英貴,セ・天王洲,23/2,28.33,28.33,False,False,False,,,,,False
75,長水路,16,男子,50m自由形,25～29歳,22.30,22.75,24.20,9,武本侑己,セ・青砥,18/8,28.65,28.65,False,False,False,,,,,False
75,長水路,16,男子,50m自由形,25～29歳,22.30,22.75,24.20,10,和田佳明,セ・二俣川,18/2,29.53,29.53,False,False,False,,,,,False
75,長水路,16,男子,50m自由形,25～29歳,22.30,22.75,24.20,11,坂佐井健悟,セ・大森,17/3,30.01,30.01,False,False,False,,,,,False
75,長水路,16,男子,50m自由形,25～29歳,22.30,22.75,24.20,12,高木諒,セ・市川,16/8,30.03,30.03,False,False,False,,,,,False
75,長水路,16,男子,50m自由形,25～29歳,22.30,22.75,24.20,13,竹下翔,セ・長津田,20/2,30.44,30.44,False,False,False,,,,,False
75,長水路,16,男子,50m自由形,25～29歳,22.30,22.75,24.20,14,小沢征司,セ・大宮宮原,19/1,31.57,31.57,False,False,False,,,,,False
75,長水路,16,男子,50m自由形,25～29歳,22.30,22.75,24.20,15,水上大輔,セ・成城,13/7,33.08,33.08,False,False,False,,,,,False
75,長水路,16,男子,50m自由形,18～24歳,,,22.80,1,川島由伸,セ・大宮宮原,25/5,22.86,22.86,False,False,False,,,,,False
75,長水路,16,男子,50m自由形,18～24歳,,,22.80,2,設楽航希,セ・流山,25/6,23.66,23.66,False,False,False,,,,,False
75,長水路,16,男子,50m自由形,18～24歳,,,22.80,3,石川凱斗,ザバス鶴見,25/4,24.34,24.34,False,False,False,,,,,False
75,長水路,16,男子,50m自由形,18～24歳,,,22.80,4,川口皓生,セ・柏,25/8,25.07,25.07,False,False,False,,,,,False
75,長水路,16,男子,50m自由形,18～24歳,,,22.80,5,瀧田優磨,ザバス鶴見,25/2,25.28,25.28,False,False,False,,,,,False
75,長水路,16,男子,50m自由形,18～24歳,,,22.80,6,内田陸登,セ・慶應日吉,25/9,25.85,25.85,False,False,False,,,,,False
75,長水路,16,男子,50m自由形,18～24歳,,,22.80,7,相澤翔駿,セ・流山,20/9,26.18,26.18,False,False,False,,,,,False
75,長水路,16,男子,50m自由形,18～24歳,,,22.80,8,鈴木央雅,セ・清瀬,25/1,26.23,26.23,False,False,False,,,,,False
75,長水路,16,男子,50m自由形,18～24歳,,,22.80,9,伊藤水晶,セ・松戸,23/7,26.40,26.4,False,False,False,,,,,False
75,長水路,16,男子,50m自由形,18～24歳,,,22.80,10,高見沢重倫,セ・慶應日吉,18/9,26.77,26.77,False,False,False,,,,,False
75,長水路,16,男子,50m自由形,18～24歳,,,22.80,11,法領田徳丞,セ・蒲田,23/4,26.80,26.8,False,False,False,,,,,False
75,長水路,16,男子,50m自由形,18～24歳,,,22.80,12,秋澤裕介,セ・二俣川,25/10,27.10,27.1,False,False,False,,,,,False
75,長水路,16,男子,50m自由形,18～24歳,,,22.80,13,山﨑陸真,セ・二俣川,23/9,27.12,27.12,False,False,False,,,,,False
75,長水路,16,男子,50m自由形,18～24歳,,,22.80,14,村田雅治,セ・長津田,21/9,27.31,27.31,False,False,False,,,,,False
75,長水路,16,男子,50m自由形,18～24歳,,,22.80,15,コリガンシェイ颯介,セ・慶應日吉,22/10,27.38,27.38,False,False,False,,,,,False
75,長水路,16,男子,50m自由形,18～24歳,,,22.80,16,日吉将輝,セ・大宮宮原,14/1,28.19,28.19,False,False,False,,,,,False
75,長水路,16,男子,50m自由形,18～24歳,,,22.80,17,嶋田翔太,セ・葛西,19/10,29.19,29.19,False,False,False,,,,,False
75,長水路,16,男子,50m自由形,18～24歳,,,22.80,18,藤井晴仁,セ・南青山,18/1,29.79,29.79,False,False,False,,,,,False
75,長水路,16,男子,50m自由形,18～24歳,,,22.80,19,山﨑緋呂,セ・葛西,20/1,29.92,29.92,False,False,False,,,,,False
75,長水路,16,男子,50m自由形,18～24歳,,,22.80,20,中武駿介,セ・葛西,18/10,30.52,30.52,False,False,False,,,,,False
75,長水路,16,男子,50m自由形,18～24歳,,,22.80,21,前納爽太,セ・葛西,11/10,31.99,31.99,False,False,False,,,,,False
75,長水路,16,男子,50m自由形,18～24歳,,,22.80,22,小林眞那登,セ・越谷,7/10,32.07,32.07,False,False,False,,,,,False
75,長水路,16,男子,50m自由形,18～24歳,,,22.80,23,松本海星,セ・清瀬,14/10,32.89,32.89,False,False,False,,,,,False
75,長水路,16,男子,50m自由形,18～24歳,,,22.80,24,郷原秀太,セ・慶應日吉,11/1,33.88,33.88,False,False,False,,,,,False
75,長水路,16,男子,50m自由形,18～24歳,,,22.80,25,高橋宙大,セ・桶川北本,10/8,34.17,34.17,False,False,False,,,,,False
75,長水路,20,女子,50m平泳ぎ,85～89歳,51.83,54.32,1:10.04,1,上田寿美子,セ・成城,2/5,1:07.67,67.67,True,False,False,,,,,False
75,長水路,20,女子,50m平泳ぎ,85～89歳,51.83,54.32,1:10.04,2,鈴木静江,クリーンスパ,1/4,1:30.85,90.85,False,False,False,,,,,False
75,長水路,20,女子,50m平泳ぎ,80～84歳,47.17,47.59,58.72,1,太田千惠子,セ・稲毛海岸,3/9,1:01.52,61.52,False,False,False,,,,,False
75,長水路,20,女子,50m平泳ぎ,80～84歳,47.17,47.59,58.72,2,大塚裕子,セ・成城,1/5,1:05.87,65.87,False,False,False,,,,,False
75,長水路,20,女子,50m平泳ぎ,80～84歳,47.17,47.59,58.72,3,浜野操子,セ・流山,3/5,1:10.41,70.41,False,False,False,,,,,False
75,長水路,20,女子,50m平泳ぎ,80～84歳,47.17,47.59,58.72,4,西川美恵子,セ・蒲田,1/7,1:12.05,72.05,False,False,False,,,,,False
75,長水路,20,女子,50m平泳ぎ,75～79歳,43.95,43.95,55.75,1,室谷晴江,セ・大森,6/5,58.41,58.41,False,False,False,,,,,False
75,長水路,20,女子,50m平泳ぎ,75～79歳,43.95,43.95,55.75,2,佐報由利子,セ・用賀,5/5,1:00.18,60.18,False,False,False,,,,,False
75,長水路,20,女子,50m平泳ぎ,75～79歳,43.95,43.95,55.75,3,佐々木和江,セ・南千住,3/6,1:03.21,63.21,False,False,False,,,,,False
75,長水路,20,女子,50m平泳ぎ,75～79歳,43.95,43.95,55.75,4,諸橋暁子,曽谷・セ,3/7,1:08.83,68.83,False,False,False,,,,,False
75,長水路,20,女子,50m平泳ぎ,75～79歳,43.95,43.95,55.75,5,原田早苗,セ・南千住,3/1,1:13.12,73.12,False,False,False,,,,,False
75,長水路,20,女子,50m平泳ぎ,75～79歳,43.95,43.95,55.75,6,久保美紀枝,セ・流山,2/4,1:15.82,75.82,False,False,False,,,,,False
75,長水路,20,女子,50m平泳ぎ,75～79歳,43.95,43.95,55.75,7,西村咲喜子,セ・志木,1/8,1:36.94,96.94,False,False,False,,,,,False
75,長水路,20,女子,50m平泳ぎ,70～74歳,41.67,42.98,46.76,1,原嶋寿子,セ・谷津,11/9,51.96,51.96,False,False,False,,,,,False
75,長水路,20,女子,50m平泳ぎ,70～74歳,41.67,42.98,46.76,2,舛尾妃呂子,セ・稲毛海岸,6/6,56.00,56.0,False,False,False,,,,,False
75,長水路,20,女子,50m平泳ぎ,70～74歳,41.67,42.98,46.76,3,栗林眞知子,セ・成城,5/6,57.03,57.03,False,False,False,,,,,False
75,長水路,20,女子,50m平泳ぎ,70～74歳,41.67,42.98,46.76,4,高木保子,セ・おおたか,6/7,57.19,57.19,False,False,False,,,,,False
75,長水路,20,女子,50m平泳ぎ,70～74歳,41.67,42.98,46.76,5,滋野好子,セ・前橋,8/7,57.28,57.28,False,False,False,,,,,False
75,長水路,20,女子,50m平泳ぎ,70～74歳,41.67,42.98,46.76,6,水谷裕子,セ・西新井,7/10,57.82,57.82,False,False,False,,,,,False
75,長水路,20,女子,50m平泳ぎ,70～74歳,41.67,42.98,46.76,7,高梨佳代子,ザバス金沢八,8/5,57.86,57.86,False,False,False,,,,,False
75,長水路,20,女子,50m平泳ぎ,70～74歳,41.67,42.98,46.76,8,松木真知子,セ・ときわ台,7/6,58.01,58.01,False,False,False,,,,,False
75,長水路,20,女子,50m平泳ぎ,70～74歳,41.67,42.98,46.76,9,小澤優子,セ・葛西,5/7,58.92,58.92,False,False,False,,,,,False
75,長水路,20,女子,50m平泳ぎ,70～74歳,41.67,42.98,46.76,10,伊藤幸英,ザバス鶴見,8/10,1:00.66,60.66,False,False,False,,,,,False
75,長水路,20,女子,50m平泳ぎ,70～74歳,41.67,42.98,46.76,11,福田加代子,セ・戸塚,7/1,1:01.76,61.76,False,False,False,,,,,False
75,長水路,20,女子,50m平泳ぎ,70～74歳,41.67,42.98,46.76,12,川上涼子,セ・蘇我,4/9,1:06.40,66.4,False,False,False,,,,,False
75,長水路,20,女子,50m平泳ぎ,70～74歳,41.67,42.98,46.76,13,寺西寿賀子,セ・天王洲,3/4,1:14.96,74.96000000000001,False,False,False,,,,,False
75,長水路,20,女子,50m平泳ぎ,70～74歳,41.67,42.98,46.76,14,橋本順子,セ・おおたか,3/8,1:24.03,84.03,False,False,False,,,,,False
75,長水路,20,女子,50m平泳ぎ,65～69歳,40.11,42.07,45.59,1,武政ふく,セ・松戸,13/2,46.17,46.17,False,False,False,,,,,False
75,長水路,20,女子,50m平泳ぎ,65～69歳,40.11,42.07,45.59,2,田代眞理子,セ・成城,12/7,49.43,49.43,False,False,False,,,,,False
75,長水路,20,女子,50m平泳ぎ,65～69歳,40.11,42.07,45.59,3,米澤美智子,セ・成瀬,13/8,49.92,49.92,False,False,False,,,,,False
75,長水路,20,女子,50m平泳ぎ,65～69歳,40.11,42.07,45.59,4,佐藤淳子,セ・葛西,12/2,51.25,51.25,False,False,False,,,,,False
75,長水路,20,女子,50m平泳ぎ,65～69歳,40.11,42.07,45.59,5,浅野みどり,セ・天王洲,9/7,52.58,52.58,False,False,False,,,,,False
75,長水路,20,女子,50m平泳ぎ,65～69歳,40.11,42.07,45.59,6,小笠原三春,セ・八王子,9/6,53.78,53.78,False,False,False,,,,,False
75,長水路,20,女子,50m平泳ぎ,65～69歳,40.11,42.07,45.59,7,瀧下節子,セ・志木,9/4,53.95,53.95,False,False,False,,,,,False
75,長水路,20,女子,50m平泳ぎ,65～69歳,40.11,42.07,45.59,8,太田初美,セ・越谷,10/4,54.51,54.51,False,False,False,,,,,False
75,長水路,20,女子,50m平泳ぎ,65～69歳,40.11,42.07,45.59,9,櫻田琴,セ・天王洲,9/3,54.58,54.58,False,False,False,,,,,False
75,長水路,20,女子,50m平泳ぎ,65～69歳,40.11,42.07,45.59,10,掃部典子,曽谷・セ,9/5,55.94,55.94,False,False,False,,,,,False
75,長水路,20,女子,50m平泳ぎ,65～69歳,40.11,42.07,45.59,11,畠山眞由美,セ・おおたか,4/7,56.13,56.13,False,False,False,,,,,False
75,長水路,20,女子,50m平泳ぎ,65～69歳,40.11,42.07,45.59,12,新井瑞枝,セ・流山,7/4,56.34,56.34,False,False,False,,,,,False
75,長水路,20,女子,50m平泳ぎ,65～69歳,40.11,42.07,45.59,13,井上美佐子,セ・大森,5/8,56.51,56.51,False,False,False,,,,,False
75,長水路,20,女子,50m平泳ぎ,65～69歳,40.11,42.07,45.59,14,益田加津子,セ・自由が丘,7/7,58.30,58.3,False,False,False,,,,,False
75,長水路,20,女子,50m平泳ぎ,65～69歳,40.11,42.07,45.59,15,豊田典子,セ・下北沢,3/10,1:01.63,61.63,False,False,False,,,,,False
75,長水路,20,女子,50m平泳ぎ,65～69歳,40.11,42.07,45.59,16,渡邉登美子,セ・阿佐谷,5/3,1:03.11,63.11,False,False,False,,,,,False
75,長水路,20,女子,50m平泳ぎ,65～69歳,40.11,42.07,45.59,17,藤井道子,セ・我孫子,3/2,1:03.21,63.21,False,False,False,,,,,False
75,長水路,20,女子,50m平泳ぎ,65～69歳,40.11,42.07,45.59,18,池田則子,セ・松戸,2/7,1:06.57,66.57,False,False,False,,,,,False
75,長水路,20,女子,50m平泳ぎ,65～69歳,40.11,42.07,45.59,19,渋谷照代,セ・我孫子,5/2,1:06.70,66.7,False,False,False,,,,,False
75,長水路,20,女子,50m平泳ぎ,65～69歳,40.11,42.07,45.59,20,加藤かずみ,セ・八王子,4/1,1:10.15,70.15,False,False,False,,,,,False
75,長水路,20,女子,50m平泳ぎ,65～69歳,40.11,42.07,45.59,21,太田拓江,セ・戸塚,2/6,1:10.83,70.83,False,False,False,,,,,False
75,長水路,20,女子,50m平泳ぎ,65～69歳,40.11,42.07,45.59,,池田敏子,セ・戸塚,3/3,,,False,False,False,,,,,False
75,長水路,20,女子,50m平泳ぎ,60～64歳,37.43,39.56,43.45,1,磯村由紀子,セ・越谷,13/5,44.89,44.89,False,False,False,,,,,False
75,長水路,20,女子,50m平泳ぎ,60～64歳,37.43,39.56,43.45,2,野島久枝,セ・二俣川,14/2,46.70,46.7,False,False,False,,,,,False
75,長水路,20,女子,50m平泳ぎ,60～64歳,37.43,39.56,43.45,3,伊藤ゆかり,セ・成城,12/3,49.67,49.67,False,False,False,,,,,False
75,長水路,20,女子,50m平泳ぎ,60～64歳,37.43,39.56,43.45,4,山本庸子,セ・八王子,11/7,49.75,49.75,False,False,False,,,,,False
75,長水路,20,女子,50m平泳ぎ,60～64歳,37.43,39.56,43.45,5,酒井寿美恵,クリーンスパ,12/4,50.05,50.05,False,False,False,,,,,False
75,長水路,20,女子,50m平泳ぎ,60～64歳,37.43,39.56,43.45,6,廣瀬伸子,セ・成城,10/7,53.86,53.86,False,False,False,,,,,False
75,長水路,20,女子,50m平泳ぎ,60～64歳,37.43,39.56,43.45,7,増子保子,セ・蘇我,9/8,53.87,53.87,False,False,False,,,,,False
75,長水路,20,女子,50m平泳ぎ,60～64歳,37.43,39.56,43.45,8,柳沢智子,セ・成城,10/1,55.71,55.71,False,False,False,,,,,False
75,長水路,20,女子,50m平泳ぎ,60～64歳,37.43,39.56,43.45,9,太刀岡早苗,セ・市ヶ尾,8/8,56.72,56.72,False,False,False,,,,,False
75,長水路,20,女子,50m平泳ぎ,60～64歳,37.43,39.56,43.45,10,育村博子,セ・おおたか,5/10,57.55,57.55,False,False,False,,,,,False
75,長水路,20,女子,50m平泳ぎ,60～64歳,37.43,39.56,43.45,11,窪田久恵,セ・上池袋,7/9,57.73,57.73,False,False,False,,,,,False
75,長水路,20,女子,50m平泳ぎ,60～64歳,37.43,39.56,43.45,12,近藤みゆき,セ・阿佐谷,5/9,58.86,58.86,False,False,False,,,,,False
75,長水路,20,女子,50m平泳ぎ,60～64歳,37.43,39.56,43.45,13,勝又聡子,セ・福生,8/1,1:00.45,60.45,False,False,False,,,,,False
75,長水路,20,女子,50m平泳ぎ,60～64歳,37.43,39.56,43.45,14,花形一実,セ・南千住,1/6,1:00.90,60.9,False,False,False,,,,,False
75,長水路,20,女子,50m平泳ぎ,60～64歳,37.43,39.56,43.45,15,奥野郁子,セ・蘇我,4/10,1:03.46,63.46,False,False,False,,,,,False
75,長水路,20,女子,50m平泳ぎ,60～64歳,37.43,39.56,43.45,16,田中香苗,セ・青砥,7/3,1:04.98,64.98,False,False,False,,,,,False
75,長水路,20,女子,50m平泳ぎ,60～64歳,37.43,39.56,43.45,17,中村清美,セ・蘇我,2/3,1:05.31,65.31,False,False,False,,,,,False
75,長水路,20,女子,50m平泳ぎ,60～64歳,37.43,39.56,43.45,18,小林史子,ザバス鶴見,4/8,1:08.44,68.44,False,False,False,,,,,False
75,長水路,20,女子,50m平泳ぎ,60～64歳,37.43,39.56,43.45,19,榮真須美,セ・慶應日吉,1/3,1:22.80,82.8,False,False,False,,,,,False
75,長水路,20,女子,50m平泳ぎ,55～59歳,35.94,37.52,40.00,1,佐藤美絵子,セ・清瀬,11/5,46.25,46.25,False,False,False,,,,,False
75,長水路,20,女子,50m平泳ぎ,55～59歳,35.94,37.52,40.00,2,前畑章子,セ・慶應日吉,14/6,46.73,46.73,False,False,False,,,,,False
75,長水路,20,女子,50m平泳ぎ,55～59歳,35.94,37.52,40.00,3,羽山恵津子,セ・葛西,12/8,47.10,47.1,False,False,False,,,,,False
75,長水路,20,女子,50m平泳ぎ,55～59歳,35.94,37.52,40.00,4,角南美貴,セ・我孫子,6/9,49.78,49.78,False,False,False,,,,,False
75,長水路,20,女子,50m平泳ぎ,55～59歳,35.94,37.52,40.00,5,田村美香子,ザバス鶴見,10/5,51.48,51.48,False,False,False,,,,,False
75,長水路,20,女子,50m平泳ぎ,55～59歳,35.94,37.52,40.00,6,平松栄里子,セ・府中,6/8,52.30,52.3,False,False,False,,,,,False
75,長水路,20,女子,50m平泳ぎ,55～59歳,35.94,37.52,40.00,7,石井恵津,セ・自由が丘,10/2,53.08,53.08,False,False,False,,,,,False
75,長水路,20,女子,50m平泳ぎ,55～59歳,35.94,37.52,40.00,8,辻麻希,ザバス藤が丘,8/4,54.95,54.95,False,False,False,,,,,False
75,長水路,20,女子,50m平泳ぎ,55～59歳,35.94,37.52,40.00,9,小林名緒子,セ・大森,8/3,56.35,56.35,False,False,False,,,,,False
75,長水路,20,女子,50m平泳ぎ,55～59歳,35.94,37.52,40.00,10,蛯名とも子,セ・志木,7/2,58.59,58.59,False,False,False,,,,,False
75,長水路,20,女子,50m平泳ぎ,55～59歳,35.94,37.52,40.00,11,飯田美奈子,セ・西新井,7/5,58.98,58.98,False,False,False,,,,,False
75,長水路,20,女子,50m平泳ぎ,55～59歳,35.94,37.52,40.00,12,山本登美子,セ・桶川北本,6/2,1:03.31,63.31,False,False,False,,,,,False
75,長水路,20,女子,50m平泳ぎ,55～59歳,35.94,37.52,40.00,13,黒川慶子,セ・上池袋,4/6,1:07.83,67.83,False,False,False,,,,,False
75,長水路,20,女子,50m平泳ぎ,55～59歳,35.94,37.52,40.00,,三沢弘美,セ・長津田,10/10,,,False,False,False,,,,,False
75,長水路,20,女子,50m平泳ぎ,50～54歳,34.18,37.22,39.33,1,仲津真規子,セ・新都心,15/9,44.51,44.51,False,False,False,,,,,False
75,長水路,20,女子,50m平泳ぎ,50～54歳,34.18,37.22,39.33,2,関本みすぎ,セ・葛西,14/5,45.03,45.03,False,False,False,,,,,False
75,長水路,20,女子,50m平泳ぎ,50～54歳,34.18,37.22,39.33,3,白須靖子,セ・市ヶ尾,14/9,46.70,46.7,False,False,False,,,,,False
75,長水路,20,女子,50m平泳ぎ,50～54歳,34.18,37.22,39.33,4,佐藤洋子,セ・成城,13/9,46.74,46.74,False,False,False,,,,,False
75,長水路,20,女子,50m平泳ぎ,50～54歳,34.18,37.22,39.33,5,五十嵐知佐,セ・おおたか,12/9,46.99,46.99,False,False,False,,,,,False
75,長水路,20,女子,50m平泳ぎ,50～54歳,34.18,37.22,39.33,6,鶴岡美佐,ザバス金沢八,13/3,47.52,47.52,False,False,False,,,,,False
75,長水路,20,女子,50m平泳ぎ,50～54歳,34.18,37.22,39.33,7,田原文月,セ・南千住,7/8,48.44,48.44,False,False,False,,,,,False
75,長水路,20,女子,50m平泳ぎ,50～54歳,34.18,37.22,39.33,8,佐伯康子,ザバス鶴見,10/3,49.15,49.15,False,False,False,,,,,False
75,長水路,20,女子,50m平泳ぎ,50～54歳,34.18,37.22,39.33,9,小林弘子,ザバス鶴見,11/4,49.29,49.29,False,False,False,,,,,False
75,長水路,20,女子,50m平泳ぎ,50～54歳,34.18,37.22,39.33,10,磯村麻衣子,セ・上池袋,9/9,50.90,50.9,False,False,False,,,,,False
75,長水路,20,女子,50m平泳ぎ,50～54歳,34.18,37.22,39.33,11,森川佳余子,クリーンスパ,12/5,51.13,51.13,False,False,False,,,,,False
75,長水路,20,女子,50m平泳ぎ,50～54歳,34.18,37.22,39.33,12,有路さくら,セ・福生,6/10,52.02,52.02,False,False,False,,,,,False
75,長水路,20,女子,50m平泳ぎ,50～54歳,34.18,37.22,39.33,13,杉野幸恵,セ・越谷,8/6,52.64,52.64,False,False,False,,,,,False
75,長水路,20,女子,50m平泳ぎ,50～54歳,34.18,37.22,39.33,14,西田三佐子,セ・大宮宮原,11/1,52.74,52.74,False,False,False,,,,,False
75,長水路,20,女子,50m平泳ぎ,50～54歳,34.18,37.22,39.33,15,佐藤晶子,セ・おおたか,10/6,52.78,52.78,False,False,False,,,,,False
75,長水路,20,女子,50m平泳ぎ,50～54歳,34.18,37.22,39.33,16,村岡貴子,セ・桶川北本,10/9,54.68,54.68,False,False,False,,,,,False
75,長水路,20,女子,50m平泳ぎ,50～54歳,34.18,37.22,39.33,17,是永朋子,セ・二俣川,11/2,54.70,54.7,False,False,False,,,,,False
75,長水路,20,女子,50m平泳ぎ,50～54歳,34.18,37.22,39.33,18,駒田尚子,ザバス鶴見,10/8,55.27,55.27,False,False,False,,,,,False
75,長水路,20,女子,50m平泳ぎ,50～54歳,34.18,37.22,39.33,19,多田美帆,セ・清瀬,6/4,58.10,58.1,False,False,False,,,,,False
75,長水路,20,女子,50m平泳ぎ,50～54歳,34.18,37.22,39.33,20,岩朋実,セ・川越,5/1,58.68,58.68,False,False,False,,,,,False
75,長水路,20,女子,50m平泳ぎ,50～54歳,34.18,37.22,39.33,21,小川史枝,セ・越谷LT,6/1,1:03.29,63.29,False,False,False,,,,,False
75,長水路,20,女子,50m平泳ぎ,50～54歳,34.18,37.22,39.33,22,平野真紀,セ・福生,2/8,1:10.25,70.25,False,False,False,,,,,False
75,長水路,20,女子,50m平泳ぎ,45～49歳,33.56,35.94,39.40,1,片岡祥子,セ・千葉みなと,15/6,36.63,36.63,True,False,False,,,,,False
75,長水路,20,女子,50m平泳ぎ,45～49歳,33.56,35.94,39.40,2,栗山貴子,セ・武蔵小杉,15/8,42.91,42.91,False,False,False,,,,,False
75,長水路,20,女子,50m平泳ぎ,45～49歳,33.56,35.94,39.40,3,木村美佐子,セ・南宇都宮,14/7,43.10,43.1,False,False,False,,,,,False
75,長水路,20,女子,50m平泳ぎ,45～49歳,33.56,35.94,39.40,4,梅澤亮子,セ・桶川北本,15/1,43.46,43.46,False,False,False,,,,,False
75,長水路,20,女子,50m平泳ぎ,45～49歳,33.56,35.94,39.40,5,関康代,セ・宇都宮,14/1,47.57,47.57,False,False,False,,,,,False
75,長水路,20,女子,50m平泳ぎ,45～49歳,33.56,35.94,39.40,6,石井佐和子,セ・大森,13/7,48.01,48.01,False,False,False,,,,,False
75,長水路,20,女子,50m平泳ぎ,45～49歳,33.56,35.94,39.40,7,相川悦子,セ・蒲田,14/8,48.26,48.26,False,False,False,,,,,False
75,長水路,20,女子,50m平泳ぎ,45～49歳,33.56,35.94,39.40,8,沖田奈々美,ザバス鶴見,12/1,50.28,50.28,False,False,False,,,,,False
75,長水路,20,女子,50m平泳ぎ,45～49歳,33.56,35.94,39.40,9,奈良佳枝,セ・蘇我,8/2,57.29,57.29,False,False,False,,,,,False
75,長水路,20,女子,50m平泳ぎ,40～44歳,32.42,35.05,38.52,1,瀬原まどか,セ・阿佐谷,15/7,39.63,39.63,False,False,False,,,,,False
75,長水路,20,女子,50m平泳ぎ,40～44歳,32.42,35.05,38.52,2,中村可奈子,セ・おおたか,15/3,41.88,41.88,False,False,False,,,,,False
75,長水路,20,女子,50m平泳ぎ,40～44歳,32.42,35.05,38.52,3,吉田舞,ザバス鶴見,14/3,43.76,43.76,False,False,False,,,,,False
75,長水路,20,女子,50m平泳ぎ,40～44歳,32.42,35.05,38.52,4,溝井花代子,セ・葛西,12/6,46.30,46.3,False,False,False,,,,,False
75,長水路,20,女子,50m平泳ぎ,40～44歳,32.42,35.05,38.52,5,高橋奈津子,セ・葛西,9/10,53.25,53.25,False,False,False,,,,,False
75,長水路,20,女子,50m平泳ぎ,40～44歳,32.42,35.05,38.52,6,樋口浩子,セ・稲毛海岸,9/1,54.72,54.72,False,False,False,,,,,False
75,長水路,20,女子,50m平泳ぎ,35～39歳,31.35,33.24,37.84,1,山田未紗子,セ・越谷,13/6,43.90,43.9,False,False,False,,,,,False
75,長水路,20,女子,50m平泳ぎ,35～39歳,31.35,33.24,37.84,2,大家萌実,セ・用賀,14/4,45.09,45.09,False,False,False,,,,,False
75,長水路,20,女子,50m平泳ぎ,35～39歳,31.35,33.24,37.84,3,RacaruGabriela,セ・慶應日吉,11/8,51.49,51.49,False,False,False,,,,,False
75,長水路,20,女子,50m平泳ぎ,30～34歳,32.22,32.42,37.51,1,大椛詩織,セ・葛西,13/4,41.77,41.77,False,False,False,,,,,False
75,長水路,20,女子,50m平泳ぎ,30～34歳,32.22,32.42,37.51,2,深堀陽子,セ・二俣川,15/10,44.87,44.87,False,False,False,,,,,False
75,長水路,20,女子,50m平泳ぎ,30～34歳,32.22,32.42,37.51,3,高松悠希,セ・越谷,13/10,49.11,49.11,False,False,False,,,,,False
75,長水路,20,女子,50m平泳ぎ,25～29歳,31.60,32.75,36.99,1,浅田慶子,ザバス鶴見,15/5,38.46,38.46,False,False,False,,,,,False
75,長水路,20,女子,50m平泳ぎ,25～29歳,31.60,32.75,36.99,2,宍戸萌,セ・長津田,15/4,39.16,39.16,False,False,False,,,,,False
75,長水路,20,女子,50m平泳ぎ,25～29歳,31.60,32.75,36.99,3,角田優佳里,セ・青砥,13/1,57.45,57.45,False,False,False,,,,,False
75,長水路,20,女子,50m平泳ぎ,18～24歳,,,34.89,1,岡田星理,セ・谷津,12/10,40.64,40.64,False,False,False,,,,,False
75,長水路,20,女子,50m平泳ぎ,18～24歳,,,34.89,2,松本彩花,セ・二俣川,14/10,49.38,49.38,False,False,False,,,,,False
75,長水路,21,男子,50m平泳ぎ,80～84歳,41.68,41.68,49.32,1,池端孝一,セ・成瀬,3/7,51.88,51.88,False,False,False,,,,,False
75,長水路,21,男子,50m平泳ぎ,80～84歳,41.68,41.68,49.32,2,小田稔,セ・慶應日吉,1/7,59.16,59.16,False,False,False,,,,,False
75,長水路,21,男子,50m平泳ぎ,80～84歳,41.68,41.68,49.32,3,増山晶一,セ・下北沢,2/4,1:11.47,71.47,False,False,False,,,,,False
75,長水路,21,男子,50m平泳ぎ,75～79歳,38.12,40.01,42.47,1,今修二,セ・越谷,5/9,48.05,48.05,False,False,False,,,,,False
75,長水路,21,男子,50m平泳ぎ,75～79歳,38.12,40.01,42.47,2,山口博,セ・志木,3/4,54.11,54.11,False,False,False,,,,,False
75,長水路,21,男子,50m平泳ぎ,75～79歳,38.12,40.01,42.47,3,泉保央,セ・慶應日吉,2/3,58.27,58.27,False,False,False,,,,,False
75,長水路,21,男子,50m平泳ぎ,75～79歳,38.12,40.01,42.47,4,井口穣,セ・東戸塚,3/10,59.11,59.11,False,False,False,,,,,False
75,長水路,21,男子,50m平泳ぎ,75～79歳,38.12,40.01,42.47,5,手塚満,セ・おおたか,1/5,1:07.66,67.66,False,False,False,,,,,False
75,長水路,21,男子,50m平泳ぎ,75～79歳,38.12,40.01,42.47,6,竹島正明,セ・越谷,2/9,1:15.87,75.87,False,False,False,,,,,False
75,長水路,21,男子,50m平泳ぎ,70～74歳,36.21,36.46,40.37,1,吉村進,セ・阿佐谷,8/7,40.38,40.38,False,False,False,,,,,False
75,長水路,21,男子,50m平泳ぎ,70～74歳,36.21,36.46,40.37,2,亀田一磨,セ・東戸塚,8/1,42.81,42.81,False,False,False,,,,,False
75,長水路,21,男子,50m平泳ぎ,70～74歳,36.21,36.46,40.37,3,幡場達明,セ・大宮宮原,4/2,49.30,49.3,False,False,False,,,,,False
75,長水路,21,男子,50m平泳ぎ,70～74歳,36.21,36.46,40.37,4,服部陽一,セ・成瀬,4/3,51.31,51.31,False,False,False,,,,,False
75,長水路,21,男子,50m平泳ぎ,70～74歳,36.21,36.46,40.37,5,橋本亘,セ・おおたか,2/6,55.72,55.72,False,False,False,,,,,False
75,長水路,21,男子,50m平泳ぎ,70～74歳,36.21,36.46,40.37,6,大久保美伸,セ・松戸,2/5,57.03,57.03,False,False,False,,,,,False
75,長水路,21,男子,50m平泳ぎ,70～74歳,36.21,36.46,40.37,7,永島聡,セ・戸塚,1/8,1:03.16,63.16,False,False,False,,,,,False
75,長水路,21,男子,50m平泳ぎ,70～74歳,36.21,36.46,40.37,8,高橋修一,セ・我孫子,1/3,1:04.49,64.49,False,False,False,,,,,False
75,長水路,21,男子,50m平泳ぎ,65～69歳,33.30,34.61,39.36,1,水谷博之,セ・二俣川,9/3,40.32,40.32,False,False,False,,,,,False
75,長水路,21,男子,50m平泳ぎ,65～69歳,33.30,34.61,39.36,2,村田幸士郎,セ・阿佐谷,6/6,43.09,43.09,False,False,False,,,,,False
75,長水路,21,男子,50m平泳ぎ,65～69歳,33.30,34.61,39.36,3,槙田誠,セ・南千住,6/3,43.67,43.67,False,False,False,,,,,False
75,長水路,21,男子,50m平泳ぎ,65～69歳,33.30,34.61,39.36,4,前川正,セ・F東戸塚,7/1,44.05,44.05,False,False,False,,,,,False
75,長水路,21,男子,50m平泳ぎ,65～69歳,33.30,34.61,39.36,5,安高祐三,セ・越谷,5/3,47.11,47.11,False,False,False,,,,,False
75,長水路,21,男子,50m平泳ぎ,65～69歳,33.30,34.61,39.36,6,山中一男,セ・阿佐谷,3/2,49.21,49.21,False,False,False,,,,,False
75,長水路,21,男子,50m平泳ぎ,65～69歳,33.30,34.61,39.36,6,赤坂吉昭,墨田区体育館,5/1,49.21,49.21,False,False,False,,,,,False
75,長水路,21,男子,50m平泳ぎ,65～69歳,33.30,34.61,39.36,8,成瀬道治,セ・桶川北本,2/2,50.76,50.76,False,False,False,,,,,False
75,長水路,21,男子,50m平泳ぎ,65～69歳,33.30,34.61,39.36,9,真崎武司,セ・志木,4/4,51.82,51.82,False,False,False,,,,,False
75,長水路,21,男子,50m平泳ぎ,65～69歳,33.30,34.61,39.36,10,阿部宏之助,セ・上池袋,4/1,52.01,52.01,False,False,False,,,,,False
75,長水路,21,男子,50m平泳ぎ,65～69歳,33.30,34.61,39.36,11,田代裕一,セ・ときわ台,3/8,54.03,54.03,False,False,False,,,,,False
75,長水路,21,男子,50m平泳ぎ,65～69歳,33.30,34.61,39.36,12,柳谷一郎,G－SPA,3/3,54.17,54.17,False,False,False,,,,,False
75,長水路,21,男子,50m平泳ぎ,65～69歳,33.30,34.61,39.36,13,秋山和弘,ザバス鶴見,2/7,58.54,58.54,False,False,False,,,,,False
75,長水路,21,男子,50m平泳ぎ,60～64歳,31.54,33.18,33.18,1,橋本秀行,セ・千葉みなと,12/5,33.14,33.14,True,True,False,,,,,False
75,長水路,21,男子,50m平泳ぎ,60～64歳,31.54,33.18,33.18,2,古木隆介,セ・用賀,11/8,36.83,36.83,False,False,False,,,,,False
75,長水路,21,男子,50m平泳ぎ,60～64歳,31.54,33.18,33.18,3,稲毛仁,セ・松戸,10/6,38.99,38.99,False,False,False,,,,,False
75,長水路,21,男子,50m平泳ぎ,60～64歳,31.54,33.18,33.18,4,和田浩一,セ・用賀,10/9,39.08,39.08,False,False,False,,,,,False
75,長水路,21,男子,50m平泳ぎ,60～64歳,31.54,33.18,33.18,5,池谷千尋,セ・長津田,10/10,39.33,39.33,False,False,False,,,,,False
75,長水路,21,男子,50m平泳ぎ,60～64歳,31.54,33.18,33.18,6,中村幸弘,セ・越谷,7/5,40.76,40.76,False,False,False,,,,,False
75,長水路,21,男子,50m平泳ぎ,60～64歳,31.54,33.18,33.18,7,蛯名昌彦,セ・志木,6/5,44.36,44.36,False,False,False,,,,,False
75,長水路,21,男子,50m平泳ぎ,60～64歳,31.54,33.18,33.18,8,中村浩司,セ・青砥,6/2,44.61,44.61,False,False,False,,,,,False
75,長水路,21,男子,50m平泳ぎ,60～64歳,31.54,33.18,33.18,9,山梨英克,セ・我孫子,4/7,44.93,44.93,False,False,False,,,,,False
75,長水路,21,男子,50m平泳ぎ,60～64歳,31.54,33.18,33.18,10,恒吉徹,セ・越谷,5/6,46.44,46.44,False,False,False,,,,,False
75,長水路,21,男子,50m平泳ぎ,60～64歳,31.54,33.18,33.18,11,久保田勝己,セ・阿佐谷,5/5,47.56,47.56,False,False,False,,,,,False
75,長水路,21,男子,50m平泳ぎ,60～64歳,31.54,33.18,33.18,12,中井岳郎,セ・成城,5/10,47.85,47.85,False,False,False,,,,,False
75,長水路,21,男子,50m平泳ぎ,60～64歳,31.54,33.18,33.18,13,黒川恵一,セ・市ヶ尾,4/6,48.71,48.71,False,False,False,,,,,False
75,長水路,21,男子,50m平泳ぎ,60～64歳,31.54,33.18,33.18,14,竹内新,墨田区体育館,3/5,49.13,49.13,False,False,False,,,,,False
75,長水路,21,男子,50m平泳ぎ,60～64歳,31.54,33.18,33.18,15,山本勝,セ・慶應日吉,3/9,1:01.71,61.71,False,False,False,,,,,False
75,長水路,21,男子,50m平泳ぎ,60～64歳,31.54,33.18,33.18,16,石井玲二,セ・川越,5/2,1:03.24,63.24,False,False,False,,,,,False
75,長水路,21,男子,50m平泳ぎ,60～64歳,31.54,33.18,33.18,,大津信弘,セ・越谷,4/9,,,False,False,False,,,,,False
75,長水路,21,男子,50m平泳ぎ,55～59歳,30.02,31.39,33.14,1,小倉和彦,セ・清瀬,12/3,34.20,34.2,False,False,False,,,,,False
75,長水路,21,男子,50m平泳ぎ,55～59歳,30.02,31.39,33.14,2,藤田理,セ・成瀬,11/5,35.93,35.93,False,False,False,,,,,False
75,長水路,21,男子,50m平泳ぎ,55～59歳,30.02,31.39,33.14,3,坂野照雄,セ・越谷,11/6,36.97,36.97,False,False,False,,,,,False
75,長水路,21,男子,50m平泳ぎ,55～59歳,30.02,31.39,33.14,4,廣本佳也,セ・上池袋,9/6,39.11,39.11,False,False,False,,,,,False
75,長水路,21,男子,50m平泳ぎ,55～59歳,30.02,31.39,33.14,5,楊華,ザバス鶴見,9/4,39.39,39.39,False,False,False,,,,,False
75,長水路,21,男子,50m平泳ぎ,55～59歳,30.02,31.39,33.14,6,久保卓士,セ・天王洲,9/7,39.50,39.5,False,False,False,,,,,False
75,長水路,21,男子,50m平泳ぎ,55～59歳,30.02,31.39,33.14,7,宮本幸彦,セ・葛西,9/10,39.73,39.73,False,False,False,,,,,False
75,長水路,21,男子,50m平泳ぎ,55～59歳,30.02,31.39,33.14,8,小宮山高之,セ・市川,10/2,40.31,40.31,False,False,False,,,,,False
75,長水路,21,男子,50m平泳ぎ,55～59歳,30.02,31.39,33.14,9,多田博之,セ・清瀬,9/8,40.50,40.5,False,False,False,,,,,False
75,長水路,21,男子,50m平泳ぎ,55～59歳,30.02,31.39,33.14,10,兼森伸兒,ザバス金沢八,9/2,41.80,41.8,False,False,False,,,,,False
75,長水路,21,男子,50m平泳ぎ,55～59歳,30.02,31.39,33.14,11,高田義久,セ・八王子,8/3,41.82,41.82,False,False,False,,,,,False
75,長水路,21,男子,50m平泳ぎ,55～59歳,30.02,31.39,33.14,12,金子勝,セ・岩槻,8/10,43.67,43.67,False,False,False,,,,,False
75,長水路,21,男子,50m平泳ぎ,55～59歳,30.02,31.39,33.14,13,北村勇,セ・能見台,6/4,44.41,44.41,False,False,False,,,,,False
75,長水路,21,男子,50m平泳ぎ,55～59歳,30.02,31.39,33.14,14,増渕毅,セ・トレッサ,6/8,44.53,44.53,False,False,False,,,,,False
75,長水路,21,男子,50m平泳ぎ,55～59歳,30.02,31.39,33.14,15,佐藤正章,セ・用賀,6/10,45.47,45.47,False,False,False,,,,,False
75,長水路,21,男子,50m平泳ぎ,55～59歳,30.02,31.39,33.14,16,平井宏宜,セ・蘇我,2/8,49.69,49.69,False,False,False,,,,,False
75,長水路,21,男子,50m平泳ぎ,55～59歳,30.02,31.39,33.14,17,保坂巨成,ザバス鶴見,3/1,53.29,53.29,False,False,False,,,,,False
75,長水路,21,男子,50m平泳ぎ,55～59歳,30.02,31.39,33.14,18,小野和彦,セ・新川崎,3/6,54.93,54.93,False,False,False,,,,,False
75,長水路,21,男子,50m平泳ぎ,55～59歳,30.02,31.39,33.14,19,中村努,セ・市川,1/2,1:12.37,72.37,False,False,False,,,,,False
75,長水路,21,男子,50m平泳ぎ,50～54歳,29.90,30.56,30.56,1,小森康弘,セ・葛西,14/3,31.49,31.49,False,False,False,,,,,False
75,長水路,21,男子,50m平泳ぎ,50～54歳,29.90,30.56,30.56,2,川瀬智廣,セ・川越,13/2,33.90,33.9,False,False,False,,,,,False
75,長水路,21,男子,50m平泳ぎ,50～54歳,29.90,30.56,30.56,3,星野隆,セ・長津田,11/7,35.86,35.86,False,False,False,,,,,False
75,長水路,21,男子,50m平泳ぎ,50～54歳,29.90,30.56,30.56,4,祖川久茂,セ・市ヶ尾,11/4,37.48,37.48,False,False,False,,,,,False
75,長水路,21,男子,50m平泳ぎ,50～54歳,29.90,30.56,30.56,5,村野雄太,セ・清瀬,10/4,37.56,37.56,False,False,False,,,,,False
75,長水路,21,男子,50m平泳ぎ,50～54歳,29.90,30.56,30.56,6,阿部賢裕,セ・能見台,7/8,39.36,39.36,False,False,False,,,,,False
75,長水路,21,男子,50m平泳ぎ,50～54歳,29.90,30.56,30.56,7,山本英男,セ・大宮宮原,8/2,40.75,40.75,False,False,False,,,,,False
75,長水路,21,男子,50m平泳ぎ,50～54歳,29.90,30.56,30.56,8,古高正道,セ・天王洲,5/7,43.37,43.37,False,False,False,,,,,False
75,長水路,21,男子,50m平泳ぎ,50～54歳,29.90,30.56,30.56,9,君島篤,セ・西東京,7/2,43.40,43.4,False,False,False,,,,,False
75,長水路,21,男子,50m平泳ぎ,50～54歳,29.90,30.56,30.56,10,穴田啓樹,セ・慶應日吉,6/7,44.15,44.15,False,False,False,,,,,False
75,長水路,21,男子,50m平泳ぎ,50～54歳,29.90,30.56,30.56,11,向山高弘,セ・ときわ台,4/5,48.87,48.87,False,False,False,,,,,False
75,長水路,21,男子,50m平泳ぎ,45～49歳,29.22,29.22,30.11,1,村上政行,セ・武蔵小杉,11/3,36.80,36.8,False,False,False,,,,,False
75,長水路,21,男子,50m平泳ぎ,45～49歳,29.22,29.22,30.11,2,佐々木茂倫,セ・流山,11/9,37.89,37.89,False,False,False,,,,,False
75,長水路,21,男子,50m平泳ぎ,45～49歳,29.22,29.22,30.11,3,宮岡亮介,セ・亀有,8/5,38.63,38.63,False,False,False,,,,,False
75,長水路,21,男子,50m平泳ぎ,45～49歳,29.22,29.22,30.11,4,山岡裕和,セ・ときわ台,9/5,39.31,39.31,False,False,False,,,,,False
75,長水路,21,男子,50m平泳ぎ,45～49歳,29.22,29.22,30.11,5,小室秀幸,セ・八王子,8/9,39.86,39.86,False,False,False,,,,,False
75,長水路,21,男子,50m平泳ぎ,45～49歳,29.22,29.22,30.11,6,宮崎健,セ・福生,9/9,40.07,40.07,False,False,False,,,,,False
75,長水路,21,男子,50m平泳ぎ,45～49歳,29.22,29.22,30.11,7,大沢祐輔,セ・福生,7/7,41.18,41.18,False,False,False,,,,,False
75,長水路,21,男子,50m平泳ぎ,45～49歳,29.22,29.22,30.11,8,草野剛史,セ・二俣川,7/3,44.10,44.1,False,False,False,,,,,False
75,長水路,21,男子,50m平泳ぎ,40～44歳,28.84,29.04,29.86,1,西尾直人,セ・武蔵小杉,12/6,31.84,31.84,False,False,False,,,,,False
75,長水路,21,男子,50m平泳ぎ,40～44歳,28.84,29.04,29.86,2,山賀竜馬,セ・阿佐谷,13/8,32.77,32.77,False,False,False,,,,,False
75,長水路,21,男子,50m平泳ぎ,40～44歳,28.84,29.04,29.86,3,知見邦彦,セ・二俣川,13/3,33.08,33.08,False,False,False,,,,,False
75,長水路,21,男子,50m平泳ぎ,40～44歳,28.84,29.04,29.86,4,横山大志,ザバス鶴見,12/1,35.03,35.03,False,False,False,,,,,False
75,長水路,21,男子,50m平泳ぎ,40～44歳,28.84,29.04,29.86,5,加地隆史,セ・葛西,11/1,36.63,36.63,False,False,False,,,,,False
75,長水路,21,男子,50m平泳ぎ,40～44歳,28.84,29.04,29.86,6,村上守,セ・成城,10/1,37.94,37.94,False,False,False,,,,,False
75,長水路,21,男子,50m平泳ぎ,40～44歳,28.84,29.04,29.86,7,渡邊忠幸,セ・南宇都宮,10/5,38.22,38.22,False,False,False,,,,,False
75,長水路,21,男子,50m平泳ぎ,40～44歳,28.84,29.04,29.86,8,田中遼太,セ・慶應日吉,6/1,45.12,45.12,False,False,False,,,,,False
75,長水路,21,男子,50m平泳ぎ,40～44歳,28.84,29.04,29.86,,辻真治,セ・南青山,4/8,,,False,False,False,,,,,False
75,長水路,21,男子,50m平泳ぎ,35～39歳,28.35,28.35,29.87,1,宮川航,セ・南千住,14/4,30.93,30.93,False,False,False,,,,,False
75,長水路,21,男子,50m平泳ぎ,35～39歳,28.35,28.35,29.87,2,和田弘太郎,セ・阿佐谷,14/6,31.13,31.13,False,False,False,,,,,False
75,長水路,21,男子,50m平泳ぎ,30～34歳,27.74,27.74,28.35,1,吉原憲人,セ・阿佐谷,12/8,36.13,36.13,False,False,False,,,,,False
75,長水路,21,男子,50m平泳ぎ,30～34歳,27.74,27.74,28.35,2,江沢純也,セ・我孫子,10/7,38.21,38.21,False,False,False,,,,,False
75,長水路,21,男子,50m平泳ぎ,30～34歳,27.74,27.74,28.35,3,海老原健太,セ・大森,7/6,38.78,38.78,False,False,False,,,,,False
75,長水路,21,男子,50m平泳ぎ,25～29歳,27.21,27.58,28.02,1,内田諒哉,セ・横浜,13/5,31.89,31.89,False,False,False,,,,,False
75,長水路,21,男子,50m平泳ぎ,25～29歳,27.21,27.58,28.02,2,加間英貴,セ・天王洲,14/8,33.16,33.16,False,False,False,,,,,False
75,長水路,21,男子,50m平泳ぎ,25～29歳,27.21,27.58,28.02,3,鮫島晴生,ザバス鶴見,11/2,35.63,35.63,False,False,False,,,,,False
75,長水路,21,男子,50m平泳ぎ,25～29歳,27.21,27.58,28.02,4,武本侑己,セ・青砥,12/7,35.86,35.86,False,False,False,,,,,False
75,長水路,21,男子,50m平泳ぎ,25～29歳,27.21,27.58,28.02,5,矢野匠,セ・葛西,12/2,35.90,35.9,False,False,False,,,,,False
75,長水路,21,男子,50m平泳ぎ,18～24歳,,,29.28,1,新垣琳大,セ・茂原,14/5,29.57,29.57,False,False,False,,,,,False
75,長水路,21,男子,50m平泳ぎ,18～24歳,,,29.28,2,内田陸登,セ・慶應日吉,14/2,30.96,30.96,False,False,False,,,,,False
75,長水路,21,男子,50m平泳ぎ,18～24歳,,,29.28,3,廣谷幸翼,セ・志木,14/7,31.08,31.08,False,False,False,,,,,False
75,長水路,21,男子,50m平泳ぎ,18～24歳,,,29.28,4,中尾祐,セ・流山,12/4,32.05,32.05,False,False,False,,,,,False
75,長水路,21,男子,50m平泳ぎ,18～24歳,,,29.28,5,小野瀬圭祐,セ・東十条,8/4,32.78,32.78,False,False,False,,,,,False
75,長水路,21,男子,50m平泳ぎ,18～24歳,,,29.28,6,南里輝,セ・蒲田,12/10,32.82,32.82,False,False,False,,,,,False
75,長水路,21,男子,50m平泳ぎ,18～24歳,,,29.28,7,原井隆守,セ・新浦安,14/9,32.89,32.89,False,False,False,,,,,False
75,長水路,21,男子,50m平泳ぎ,18～24歳,,,29.28,8,田中壮一郎,セ・二俣川,13/6,33.18,33.18,False,False,False,,,,,False
75,長水路,21,男子,50m平泳ぎ,18～24歳,,,29.28,8,コリガンシェイ颯介,セ・慶應日吉,14/10,33.18,33.18,False,False,False,,,,,False
75,長水路,21,男子,50m平泳ぎ,18～24歳,,,29.28,10,荒井啓汰,セ・阿佐谷,13/1,33.61,33.61,False,False,False,,,,,False
75,長水路,21,男子,50m平泳ぎ,18～24歳,,,29.28,11,菅原啓,セ・慶應日吉,13/10,34.12,34.12,False,False,False,,,,,False
75,長水路,21,男子,50m平泳ぎ,18～24歳,,,29.28,12,川口皓生,セ・柏,14/1,34.46,34.46,False,False,False,,,,,False
75,長水路,21,男子,50m平泳ぎ,18～24歳,,,29.28,13,西山遼,ザバス鶴見,10/3,35.23,35.23,False,False,False,,,,,False
75,長水路,21,男子,50m平泳ぎ,18～24歳,,,29.28,14,相澤翔駿,セ・流山,9/1,35.49,35.49,False,False,False,,,,,False
75,長水路,21,男子,50m平泳ぎ,18～24歳,,,29.28,15,徳田博輝,ザバス鶴見,10/8,36.29,36.29,False,False,False,,,,,False
75,長水路,21,男子,50m平泳ぎ,18～24歳,,,29.28,16,城山海,セ・葛西,12/9,36.36,36.36,False,False,False,,,,,False
75,長水路,21,男子,50m平泳ぎ,18～24歳,,,29.28,17,我妻雄大,セ・南千住,7/10,39.17,39.17,False,False,False,,,,,False
75,長水路,21,男子,50m平泳ぎ,18～24歳,,,29.28,,千葉諒太,ザバス鶴見,13/4,,,False,False,False,,,,,False
75,長水路,22,女子,50mバタフライ,80～84歳,46.21,49.85,58.81,1,八田清子,セ・松戸,2/9,1:04.29,64.29,False,False,False,,,,,False
75,長水路,22,女子,50mバタフライ,75～79歳,38.93,41.54,51.22,1,古旗美鈴,セ・上池袋,2/4,56.34,56.34,False,False,False,,,,,False
75,長水路,22,女子,50mバタフライ,75～79歳,38.93,41.54,51.22,2,宇田川礼子,セ・我孫子,1/2,1:05.02,65.02,False,False,False,,,,,False
75,長水路,22,女子,50mバタフライ,70～74歳,34.93,37.50,42.13,1,大山恵子,セ・葛西,4/5,44.09,44.09,False,False,False,,,,,False
75,長水路,22,女子,50mバタフライ,70～74歳,34.93,37.50,42.13,2,近藤ひな子,セ・二俣川,3/7,49.98,49.98,False,False,False,,,,,False
75,長水路,22,女子,50mバタフライ,70～74歳,34.93,37.50,42.13,3,山地多佳子,セ・おおたか,3/2,53.21,53.21,False,False,False,,,,,False
75,長水路,22,女子,50mバタフライ,70～74歳,34.93,37.50,42.13,4,大熊正子,セ・桶川北本,2/8,58.59,58.59,False,False,False,,,,,False
75,長水路,22,女子,50mバタフライ,70～74歳,34.93,37.50,42.13,5,木村恵子,セ・越谷,1/3,1:01.21,61.21,False,False,False,,,,,False
75,長水路,22,女子,50mバタフライ,65～69歳,32.93,35.63,41.95,1,木村りょう子,セ・福生,4/2,43.20,43.2,False,False,False,,,,,False
75,長水路,22,女子,50mバタフライ,65～69歳,32.93,35.63,41.95,2,中村和子,セ・越谷,4/8,44.76,44.76,False,False,False,,,,,False
75,長水路,22,女子,50mバタフライ,65～69歳,32.93,35.63,41.95,3,安藤薫,セ・西新井,4/4,45.20,45.2,False,False,False,,,,,False
75,長水路,22,女子,50mバタフライ,65～69歳,32.93,35.63,41.95,4,ダン典子,セ・自由が丘,4/1,45.57,45.57,False,False,False,,,,,False
75,長水路,22,女子,50mバタフライ,65～69歳,32.93,35.63,41.95,5,井手敦子,セ・慶應日吉,3/5,47.17,47.17,False,False,False,,,,,False
75,長水路,22,女子,50mバタフライ,65～69歳,32.93,35.63,41.95,6,東海林慶美,セ・蒲田,2/7,52.41,52.41,False,False,False,,,,,False
75,長水路,22,女子,50mバタフライ,65～69歳,32.93,35.63,41.95,7,下川喜美枝,セ・南千住,2/3,53.42,53.42,False,False,False,,,,,False
75,長水路,22,女子,50mバタフライ,65～69歳,32.93,35.63,41.95,8,森本美恵,セ・松戸,3/1,54.52,54.52,False,False,False,,,,,False
75,長水路,22,女子,50mバタフライ,65～69歳,32.93,35.63,41.95,9,田代奈緒子,セ・ときわ台,2/6,56.27,56.27,False,False,False,,,,,False
75,長水路,22,女子,50mバタフライ,60～64歳,31.11,33.44,35.38,1,武井麻知子,セ・二俣川,5/5,37.08,37.08,False,False,False,,,,,False
75,長水路,22,女子,50mバタフライ,60～64歳,31.11,33.44,35.38,2,茂櫛典子,セ・成城,4/7,47.01,47.01,False,False,False,,,,,False
75,長水路,22,女子,50mバタフライ,60～64歳,31.11,33.44,35.38,3,米林清子,セ・越谷,1/4,56.14,56.14,False,False,False,,,,,False
75,長水路,22,女子,50mバタフライ,60～64歳,31.11,33.44,35.38,4,廣瀬伸子,セ・成城,3/8,56.37,56.37,False,False,False,,,,,False
75,長水路,22,女子,50mバタフライ,60～64歳,31.11,33.44,35.38,5,清水孝子,セ・福生,1/6,56.94,56.94,False,False,False,,,,,False
75,長水路,22,女子,50mバタフライ,55～59歳,30.52,32.07,33.29,1,畑田佳代,セ・阿佐谷,6/6,33.41,33.41,False,False,False,,,,,False
75,長水路,22,女子,50mバタフライ,55～59歳,30.52,32.07,33.29,2,若林朋子,セ・大宮宮原,6/1,34.96,34.96,False,False,False,,,,,False
75,長水路,22,女子,50mバタフライ,55～59歳,30.52,32.07,33.29,3,仲田久美子,セ・成城,5/4,36.64,36.64,False,False,False,,,,,False
75,長水路,22,女子,50mバタフライ,55～59歳,30.52,32.07,33.29,4,生田目則子,セ・自由が丘,5/2,40.09,40.09,False,False,False,,,,,False
75,長水路,22,女子,50mバタフライ,55～59歳,30.52,32.07,33.29,5,福原美奈,セ・稲毛海岸,4/3,42.41,42.41,False,False,False,,,,,False
75,長水路,22,女子,50mバタフライ,55～59歳,30.52,32.07,33.29,6,川村佳代子,セ・二俣川,4/10,42.53,42.53,False,False,False,,,,,False
75,長水路,22,女子,50mバタフライ,55～59歳,30.52,32.07,33.29,7,角南美貴,セ・我孫子,1/5,46.09,46.09,False,False,False,,,,,False
75,長水路,22,女子,50mバタフライ,55～59歳,30.52,32.07,33.29,8,中野裕子,セ・二俣川,3/3,47.64,47.64,False,False,False,,,,,False
75,長水路,22,女子,50mバタフライ,55～59歳,30.52,32.07,33.29,,鈴木喜代子,セ・茂原,1/9,,,False,False,False,,,,,False
75,長水路,22,女子,50mバタフライ,50～54歳,29.47,30.26,32.44,1,舘野美香,セ・目黒,6/5,32.77,32.77,False,False,False,,,,,False
75,長水路,22,女子,50mバタフライ,50～54歳,29.47,30.26,32.44,2,年岡仁美,セ・千葉みなと,5/6,35.88,35.88,False,False,False,,,,,False
75,長水路,22,女子,50mバタフライ,50～54歳,29.47,30.26,32.44,3,大島江理子,セ・大森,4/6,40.60,40.6,False,False,False,,,,,False
75,長水路,22,女子,50mバタフライ,50～54歳,29.47,30.26,32.44,4,津田千鶴,セ・能見台,3/6,46.05,46.05,False,False,False,,,,,False
75,長水路,22,女子,50mバタフライ,50～54歳,29.47,30.26,32.44,5,鈴木知寿子,セ・大森,3/9,48.93,48.93,False,False,False,,,,,False
75,長水路,22,女子,50mバタフライ,50～54歳,29.47,30.26,32.44,6,守尾静子,セ・我孫子,1/7,57.83,57.83,False,False,False,,,,,False
75,長水路,22,女子,50mバタフライ,45～49歳,28.40,29.33,32.13,1,佐々木彩,セ・成城,6/10,37.11,37.11,False,False,False,,,,,False
75,長水路,22,女子,50mバタフライ,45～49歳,28.40,29.33,32.13,2,小谷佐織,セ・千葉みなと,5/7,37.71,37.71,False,False,False,,,,,False
75,長水路,22,女子,50mバタフライ,45～49歳,28.40,29.33,32.13,3,バーンズ智絵,セ・松戸,5/3,38.04,38.04,False,False,False,,,,,False
75,長水路,22,女子,50mバタフライ,45～49歳,28.40,29.33,32.13,4,山岡香織,セ・清瀬,5/1,43.68,43.68,False,False,False,,,,,False
75,長水路,22,女子,50mバタフライ,45～49歳,28.40,29.33,32.13,5,高島典子,セ・大森,4/9,48.16,48.16,False,False,False,,,,,False
75,長水路,22,女子,50mバタフライ,45～49歳,28.40,29.33,32.13,6,高橋里美,セ・横浜,3/10,1:02.99,62.99,False,False,False,,,,,False
75,長水路,22,女子,50mバタフライ,40～44歳,28.36,28.97,30.58,1,吉村華余,セ・長津田,7/5,31.14,31.14,False,False,False,,,,,False
75,長水路,22,女子,50mバタフライ,35～39歳,27.46,28.63,30.94,1,新妻梓,セ・西東京,6/4,34.14,34.14,False,False,False,,,,,False
75,長水路,22,女子,50mバタフライ,35～39歳,27.46,28.63,30.94,2,安掛悠子,ザバス鶴見,6/3,35.69,35.69,False,False,False,,,,,False
75,長水路,22,女子,50mバタフライ,30～34歳,27.48,27.74,30.33,1,早川舞,セ・蒲田,7/8,31.66,31.66,False,False,False,,,,,False
75,長水路,22,女子,50mバタフライ,30～34歳,27.48,27.74,30.33,2,菊地美春,セ・目黒,7/4,32.70,32.7,False,False,False,,,,,False
75,長水路,22,女子,50mバタフライ,25～29歳,26.32,26.32,29.89,1,松尾仁実,セ・越谷,7/3,31.63,31.63,False,False,False,,,,,False
75,長水路,22,女子,50mバタフライ,25～29歳,26.32,26.32,29.89,2,岡澤志織,セ・茂原,7/6,32.16,32.16,False,False,False,,,,,False
75,長水路,22,女子,50mバタフライ,25～29歳,26.32,26.32,29.89,3,仲田笑美,セ・成城,7/2,33.49,33.49,False,False,False,,,,,False
75,長水路,22,女子,50mバタフライ,18～24歳,,,29.34,1,渡辺美楓,セ・谷津,7/7,31.14,31.14,False,False,False,,,,,False
75,長水路,22,女子,50mバタフライ,18～24歳,,,29.34,2,西澤瑛倫,セ・越谷,7/1,31.85,31.85,False,False,False,,,,,False
75,長水路,22,女子,50mバタフライ,18～24歳,,,29.34,3,岩倉柚,セ・二俣川,6/2,32.20,32.2,False,False,False,,,,,False
75,長水路,22,女子,50mバタフライ,18～24歳,,,29.34,4,新後海優,セ・トレッサ,7/9,35.41,35.41,False,False,False,,,,,False
75,長水路,23,男子,50mバタフライ,75～79歳,31.75,32.61,39.00,1,木津誠,セ・成城,2/5,40.26,40.26,False,False,False,,,,,False
75,長水路,23,男子,50mバタフライ,75～79歳,31.75,32.61,39.00,2,白井清嗣,セ・大宮宮原,1/6,46.46,46.46,False,False,False,,,,,False
75,長水路,23,男子,50mバタフライ,75～79歳,31.75,32.61,39.00,3,益子正人,セ・我孫子,1/3,50.31,50.31,False,False,False,,,,,False
75,長水路,23,男子,50mバタフライ,75～79歳,31.75,32.61,39.00,4,内田幸稔,セ・松戸,1/8,1:01.44,61.44,False,False,False,,,,,False
75,長水路,23,男子,50mバタフライ,70～74歳,29.98,31.43,34.95,1,安藤次郎,セ・馆山,4/4,35.42,35.42,False,False,False,,,,,False
75,長水路,23,男子,50mバタフライ,70～74歳,29.98,31.43,34.95,2,香川左近,セ・二俣川,2/7,42.95,42.95,False,False,False,,,,,False
75,長水路,23,男子,50mバタフライ,70～74歳,29.98,31.43,34.95,3,坪内雅彦,セ・二俣川,1/9,1:10.22,70.22,False,False,False,,,,,False
75,長水路,23,男子,50mバタフライ,65～69歳,28.38,29.99,32.79,1,金井明人,セ・前橋,5/2,36.03,36.03,False,False,False,,,,,False
75,長水路,23,男子,50mバタフライ,65～69歳,28.38,29.99,32.79,2,瀧川一興,セ・大森,4/9,36.47,36.47,False,False,False,,,,,False
75,長水路,23,男子,50mバタフライ,65～69歳,28.38,29.99,32.79,3,鈴木亨,ザバス鶴見,3/8,40.29,40.29,False,False,False,,,,,False
75,長水路,23,男子,50mバタフライ,65～69歳,28.38,29.99,32.79,4,飯沼明,セ・長津田,1/5,47.88,47.88,False,False,False,,,,,False
75,長水路,23,男子,50mバタフライ,65～69歳,28.38,29.99,32.79,5,櫛田伸彦,ザバス鶴見,1/2,58.04,58.04,False,False,False,,,,,False
75,長水路,23,男子,50mバタフライ,60～64歳,27.65,29.18,31.43,1,菊池千二,セ・市ヶ尾,4/5,31.74,31.74,False,False,False,,,,,False
75,長水路,23,男子,50mバタフライ,60～64歳,27.65,29.18,31.43,2,安田洋一郎,セ・八千代台,6/1,33.04,33.04,False,False,False,,,,,False
75,長水路,23,男子,50mバタフライ,60～64歳,27.65,29.18,31.43,3,海辺信吉,セ・おおたか,5/7,33.37,33.37,False,False,False,,,,,False
75,長水路,23,男子,50mバタフライ,60～64歳,27.65,29.18,31.43,4,稲毛仁,セ・松戸,4/6,35.40,35.4,False,False,False,,,,,False
75,長水路,23,男子,50mバタフライ,60～64歳,27.65,29.18,31.43,5,藤田万之葉,セ・目黒,4/3,36.51,36.51,False,False,False,,,,,False
75,長水路,23,男子,50mバタフライ,60～64歳,27.65,29.18,31.43,6,大塚克,セ・市川,3/5,37.55,37.55,False,False,False,,,,,False
75,長水路,23,男子,50mバタフライ,60～64歳,27.65,29.18,31.43,7,庄司晶,セ・長津田,3/6,38.52,38.52,False,False,False,,,,,False
75,長水路,23,男子,50mバタフライ,55～59歳,26.56,27.09,29.98,1,谷川正志,セ・越谷,10/9,30.17,30.17,False,False,False,,,,,False
75,長水路,23,男子,50mバタフライ,55～59歳,26.56,27.09,29.98,2,今井正太郎,セ・前橋,8/5,30.72,30.72,False,False,False,,,,,False
75,長水路,23,男子,50mバタフライ,55～59歳,26.56,27.09,29.98,3,阿部憲一,セ・大宮宮原,7/5,31.12,31.12,False,False,False,,,,,False
75,長水路,23,男子,50mバタフライ,55～59歳,26.56,27.09,29.98,4,小倉和彦,セ・清瀬,6/6,31.50,31.5,False,False,False,,,,,False
75,長水路,23,男子,50mバタフライ,55～59歳,26.56,27.09,29.98,5,廣本佳也,セ・上池袋,5/3,33.38,33.38,False,False,False,,,,,False
75,長水路,23,男子,50mバタフライ,55～59歳,26.56,27.09,29.98,6,坂野照雄,セ・越谷,6/2,33.89,33.89,False,False,False,,,,,False
75,長水路,23,男子,50mバタフライ,55～59歳,26.56,27.09,29.98,7,上野太紀夫,セ・柏,5/8,35.01,35.01,False,False,False,,,,,False
75,長水路,23,男子,50mバタフライ,55～59歳,26.56,27.09,29.98,8,田村源大,ザバス鶴見,4/2,39.37,39.37,False,False,False,,,,,False
75,長水路,23,男子,50mバタフライ,55～59歳,26.56,27.09,29.98,9,浦田昌和,セ・成城,2/2,44.05,44.05,False,False,False,,,,,False
75,長水路,23,男子,50mバタフライ,55～59歳,26.56,27.09,29.98,10,安部盛博,セ・成城,1/4,48.63,48.63,False,False,False,,,,,False
75,長水路,23,男子,50mバタフライ,50～54歳,25.87,25.87,28.18,1,瀧本英樹,セ・千葉みなと,8/6,29.76,29.76,False,False,False,,,,,False
75,長水路,23,男子,50mバタフライ,50～54歳,25.87,25.87,28.18,2,河野悟,セ・慶應日吉,6/4,30.73,30.73,False,False,False,,,,,False
75,長水路,23,男子,50mバタフライ,50～54歳,25.87,25.87,28.18,3,矢下英明,セ・用賀,7/6,31.06,31.06,False,False,False,,,,,False
75,長水路,23,男子,50mバタフライ,50～54歳,25.87,25.87,28.18,4,成島毅,セ・Ｆ宇都宮,5/9,33.26,33.26,False,False,False,,,,,False
75,長水路,23,男子,50mバタフライ,50～54歳,25.87,25.87,28.18,5,柄澤英也,セ・用賀,7/9,33.33,33.33,False,False,False,,,,,False
75,長水路,23,男子,50mバタフライ,50～54歳,25.87,25.87,28.18,6,温井芳浩,セ・谷津,2/6,36.73,36.73,False,False,False,,,,,False
75,長水路,23,男子,50mバタフライ,50～54歳,25.87,25.87,28.18,7,金子謙一,セ・成瀬,3/1,42.17,42.17,False,False,False,,,,,False
75,長水路,23,男子,50mバタフライ,50～54歳,25.87,25.87,28.18,8,古高正道,セ・天王洲,2/1,42.82,42.82,False,False,False,,,,,False
75,長水路,23,男子,50mバタフライ,50～54歳,25.87,25.87,28.18,9,大塚秀幸,セ・慶應日吉,2/9,46.94,46.94,False,False,False,,,,,False
75,長水路,23,男子,50mバタフライ,45～49歳,25.24,25.26,27.63,1,山岡拓馬,セ・清瀬,10/7,27.49,27.49,True,False,False,,,,,False
75,長水路,23,男子,50mバタフライ,45～49歳,25.24,25.26,27.63,2,井口暢彦,セ・成城,10/4,28.05,28.05,False,False,False,,,,,False
75,長水路,23,男子,50mバタフライ,45～49歳,25.24,25.26,27.63,3,永瀬知之,セ・二俣川,9/4,28.88,28.88,False,False,False,,,,,False
75,長水路,23,男子,50mバタフライ,45～49歳,25.24,25.26,27.63,4,中込孝之,ザバス川崎,10/6,30.58,30.58,False,False,False,,,,,False
75,長水路,23,男子,50mバタフライ,45～49歳,25.24,25.26,27.63,5,甫坂修男,セ・市川,7/3,31.59,31.59,False,False,False,,,,,False
75,長水路,23,男子,50mバタフライ,45～49歳,25.24,25.26,27.63,6,藤井清和,セ・武蔵小杉,5/5,33.34,33.34,False,False,False,,,,,False
75,長水路,23,男子,50mバタフライ,45～49歳,25.24,25.26,27.63,7,花輪博之,セ・越谷,4/1,35.36,35.36,False,False,False,,,,,False
75,長水路,23,男子,50mバタフライ,45～49歳,25.24,25.26,27.63,8,成田敏隆,セ・大森,3/10,36.80,36.8,False,False,False,,,,,False
75,長水路,23,男子,50mバタフライ,45～49歳,25.24,25.26,27.63,9,草野剛史,セ・二俣川,3/9,40.18,40.18,False,False,False,,,,,False
75,長水路,23,男子,50mバタフライ,40～44歳,24.32,25.06,26.51,1,鶴谷学,セ・二俣川,11/7,26.65,26.65,False,False,False,,,,,False
75,長水路,23,男子,50mバタフライ,40～44歳,24.32,25.06,26.51,2,矢作歩,セ・長津田,8/2,30.10,30.1,False,False,False,,,,,False
75,長水路,23,男子,50mバタフライ,40～44歳,24.32,25.06,26.51,3,阪田高士,セ・茂原,9/7,30.14,30.14,False,False,False,,,,,False
75,長水路,23,男子,50mバタフライ,40～44歳,24.32,25.06,26.51,4,小林弘典,セ・大森,6/9,31.31,31.31,False,False,False,,,,,False
75,長水路,23,男子,50mバタフライ,40～44歳,24.32,25.06,26.51,5,木村知行,セ・二俣川,5/6,32.28,32.28,False,False,False,,,,,False
75,長水路,23,男子,50mバタフライ,40～44歳,24.32,25.06,26.51,6,松平一真,セ・本郷台,7/8,33.09,33.09,False,False,False,,,,,False
75,長水路,23,男子,50mバタフライ,40～44歳,24.32,25.06,26.51,7,小田島丈典,セ・福生,4/10,38.06,38.06,False,False,False,,,,,False
75,長水路,23,男子,50mバタフライ,40～44歳,24.32,25.06,26.51,8,上村匠,セ・下北沢,3/2,38.70,38.7,False,False,False,,,,,False
75,長水路,23,男子,50mバタフライ,40～44歳,24.32,25.06,26.51,9,宇佐美学,セ・大森,2/4,39.70,39.7,False,False,False,,,,,False
75,長水路,23,男子,50mバタフライ,35～39歳,24.03,25.22,26.19,1,酒井駿,セ・二俣川,10/8,28.50,28.5,False,False,False,,,,,False
75,長水路,23,男子,50mバタフライ,35～39歳,24.03,25.22,26.19,2,吉川重行,セ・桶川北本,8/3,29.33,29.33,False,False,False,,,,,False
75,長水路,23,男子,50mバタフライ,35～39歳,24.03,25.22,26.19,3,図師拓千,セ・市ヶ尾,7/7,29.38,29.38,False,False,False,,,,,False
75,長水路,23,男子,50mバタフライ,35～39歳,24.03,25.22,26.19,4,椎本恭平,セ・阿佐谷,10/10,29.47,29.47,False,False,False,,,,,False
75,長水路,23,男子,50mバタフライ,35～39歳,24.03,25.22,26.19,5,川瀬健次,セ・大宮宮原,8/9,30.18,30.18,False,False,False,,,,,False
75,長水路,23,男子,50mバタフライ,35～39歳,24.03,25.22,26.19,6,酒井和也,ザバス鶴見,8/7,31.47,31.47,False,False,False,,,,,False
75,長水路,23,男子,50mバタフライ,35～39歳,24.03,25.22,26.19,7,増田喬行,セ・桶川北本,9/3,31.86,31.86,False,False,False,,,,,False
75,長水路,23,男子,50mバタフライ,30～34歳,23.26,24.16,25.53,1,伊藤孝優,セ・八王子,9/8,28.24,28.24,False,False,False,,,,,False
75,長水路,23,男子,50mバタフライ,30～34歳,23.26,24.16,25.53,2,河野大和,ザバス川崎,8/8,29.42,29.42,False,False,False,,,,,False
75,長水路,23,男子,50mバタフライ,30～34歳,23.26,24.16,25.53,3,渡部慎也,セ・大森,7/1,31.61,31.61,False,False,False,,,,,False
75,長水路,23,男子,50mバタフライ,25～29歳,23.71,24.01,25.39,1,舘澤卓,セ・慶應日吉,11/2,27.13,27.13,False,False,False,,,,,False
75,長水路,23,男子,50mバタフライ,25～29歳,23.71,24.01,25.39,2,津崎朝輝,セ・武蔵小杉,11/8,27.22,27.22,False,False,False,,,,,False
75,長水路,23,男子,50mバタフライ,25～29歳,23.71,24.01,25.39,3,森寛大,ザバス金沢八,11/9,28.83,28.83,False,False,False,,,,,False
75,長水路,23,男子,50mバタフライ,25～29歳,23.71,24.01,25.39,4,濱中翔太,セ・慶應日吉,11/10,29.01,29.01,False,False,False,,,,,False
75,長水路,23,男子,50mバタフライ,25～29歳,23.71,24.01,25.39,5,山口恵太,セ・トレッサ,6/7,29.96,29.96,False,False,False,,,,,False
75,長水路,23,男子,50mバタフライ,25～29歳,23.71,24.01,25.39,6,石久保宏平,セ・長沼,9/5,30.12,30.12,False,False,False,,,,,False
75,長水路,23,男子,50mバタフライ,25～29歳,23.71,24.01,25.39,7,和田佳明,セ・二俣川,5/10,33.10,33.1,False,False,False,,,,,False
75,長水路,23,男子,50mバタフライ,25～29歳,23.71,24.01,25.39,8,山本和季,セ・二俣川,5/1,36.04,36.04,False,False,False,,,,,False
75,長水路,23,男子,50mバタフライ,25～29歳,23.71,24.01,25.39,9,水上大輔,セ・成城,4/8,36.40,36.4,False,False,False,,,,,False
75,長水路,23,男子,50mバタフライ,18～24歳,,,24.03,1,川島由伸,セ・大宮宮原,11/5,24.42,24.42,False,False,False,,,,,False
75,長水路,23,男子,50mバタフライ,18～24歳,,,24.03,2,山田健太,セ・新都心,11/4,25.65,25.65,False,False,False,,,,,False
75,長水路,23,男子,50mバタフライ,18～24歳,,,24.03,3,石川凱斗,ザバス鶴見,11/6,26.17,26.17,False,False,False,,,,,False
75,長水路,23,男子,50mバタフライ,18～24歳,,,24.03,4,石田虎流,セ・慶應日吉,11/1,26.69,26.69,False,False,False,,,,,False
75,長水路,23,男子,50mバタフライ,18～24歳,,,24.03,5,新垣琳大,セ・茂原,11/3,26.80,26.8,False,False,False,,,,,False
75,長水路,23,男子,50mバタフライ,18～24歳,,,24.03,6,瀧田優磨,ザバス鶴見,10/2,27.12,27.12,False,False,False,,,,,False
75,長水路,23,男子,50mバタフライ,18～24歳,,,24.03,7,法領田徳丞,セ・蒲田,10/5,27.78,27.78,False,False,False,,,,,False
75,長水路,23,男子,50mバタフライ,18～24歳,,,24.03,8,高見沢重倫,セ・慶應日吉,6/3,27.84,27.84,False,False,False,,,,,False
75,長水路,23,男子,50mバタフライ,18～24歳,,,24.03,9,川西智大,セ・南千住,9/2,28.42,28.42,False,False,False,,,,,False
75,長水路,23,男子,50mバタフライ,18～24歳,,,24.03,10,青木陽輝,セ・西東京,9/9,28.88,28.88,False,False,False,,,,,False
75,長水路,23,男子,50mバタフライ,18～24歳,,,24.03,11,日吉将輝,セ・大宮宮原,6/8,28.99,28.99,False,False,False,,,,,False
75,長水路,23,男子,50mバタフライ,18～24歳,,,24.03,12,西山遼,ザバス鶴見,10/1,29.70,29.7,False,False,False,,,,,False
75,長水路,23,男子,50mバタフライ,18～24歳,,,24.03,13,光永喜紀,セ・流山,9/10,29.90,29.9,False,False,False,,,,,False
75,長水路,23,男子,50mバタフライ,18～24歳,,,24.03,14,池内駿文,セ・東十条,9/1,30.84,30.84,False,False,False,,,,,False
75,長水路,23,男子,50mバタフライ,18～24歳,,,24.03,15,嶋田翔太,セ・葛西,8/10,31.16,31.16,False,False,False,,,,,False
75,長水路,23,男子,50mバタフライ,18～24歳,,,24.03,16,山崎緋呂,セ・葛西,8/1,32.74,32.74,False,False,False,,,,,False
75,長水路,23,男子,50mバタフライ,18～24歳,,,24.03,17,中武駿介,セ・葛西,8/4,33.03,33.03,False,False,False,,,,,False
75,長水路,23,男子,50mバタフライ,18～24歳,,,24.03,18,徳田博輝,ザバス鶴見,7/10,34.25,34.25,False,False,False,,,,,False
75,長水路,23,男子,50mバタフライ,18～24歳,,,24.03,19,松本海星,セ・清瀬,3/7,37.58,37.58,False,False,False,,,,,False
