round,pool_type,race_no,gender,event_name,age_group,world_record,japan_record,meet_record,rank,athlete_name,team_name,lane,time_display,time_seconds,is_meet_record,is_japan_record,is_world_record,points_w,points_n,dive_time,lap_times,is_dnf
77,長水路,1,女子,200m自由形,85～89歳,3:14.51,3:14.51,4:28.56,1,森川タエ子,セ・我孫子,1/5,4:46.08,286.08,False,False,False,,,1.19,,False
77,長水路,1,女子,200m自由形,80～84歳,3:05.95,3:05.95,4:12.00,1,佐藤由利子,セ・用賀,3/2,3:47.95,227.95,True,False,False,,,0.92,"51.39,1:49.29,2:48.57",False
77,長水路,1,女子,200m自由形,80～84歳,3:05.95,3:05.95,4:12.00,2,安澤イソ子,セ・市ヶ尾,1/7,4:24.85,264.85,False,False,False,,,1.01,"56.13,2:00.04,3:10.61",False
77,長水路,1,女子,200m自由形,80～84歳,3:05.95,3:05.95,4:12.00,3,御手洗ヨシ,CS南行徳,1/6,4:36.70,276.7,False,False,False,,,1.06,"56.03,2:05.91,3:22.07",False
77,長水路,1,女子,200m自由形,75～79歳,2:54.26,2:54.26,3:32.08,1,竹原君枝,セ・慶應日吉,3/9,3:44.09,224.09,False,False,False,,,0.92,"52.29,1:49.11,2:46.99",False
77,長水路,1,女子,200m自由形,70～74歳,2:29.72,2:49.80,3:05.67,1,中平信子,セ・成瀬,5/1,3:14.00,194.0,False,False,False,,,0.85,"44.15,1:33.48,2:24.60",False
77,長水路,1,女子,200m自由形,70～74歳,2:29.72,2:49.80,3:05.67,2,青砥美智子,セ・葛西,5/9,3:35.16,215.16,False,False,False,,,1.05,"49.60,1:42.94,2:39.08",False
77,長水路,1,女子,200m自由形,70～74歳,2:29.72,2:49.80,3:05.67,3,岡村悦子,セ・おおたか,4/9,3:38.29,218.29,False,False,False,,,1.05,"50.85,1:47.35,2:46.19",False
77,長水路,1,女子,200m自由形,70～74歳,2:29.72,2:49.80,3:05.67,4,大熊正子,セ・桶川北本,2/4,3:52.45,232.45,False,False,False,,,0.88,"50.79,1:49.78,2:52.00",False
77,長水路,1,女子,200m自由形,70～74歳,2:29.72,2:49.80,3:05.67,5,菅井道子,セ・戸塚,2/3,4:08.62,248.62,False,False,False,,,0.85,"59.40,2:02.84,3:08.61",False
77,長水路,1,女子,200m自由形,65～69歳,2:25.29,2:42.91,2:54.20,1,菅野泰子,セ・葛西,7/3,2:55.35,175.35,False,False,False,,,0.86,"40.54,1:25.25,2:10.59",False
77,長水路,1,女子,200m自由形,65～69歳,2:25.29,2:42.91,2:54.20,2,森谷登志江,セ・慶應日吉,5/5,3:13.36,193.36,False,False,False,,,0.86,"43.55,1:31.46,2:22.96",False
77,長水路,1,女子,200m自由形,65～69歳,2:25.29,2:42.91,2:54.20,3,山崎京子,セ・横浜,6/7,3:16.58,196.57999999999998,False,False,False,,,0.98,"46.43,1:36.82,2:28.51",False
77,長水路,1,女子,200m自由形,65～69歳,2:25.29,2:42.91,2:54.20,4,育村博子,セ・おおたか,5/8,3:22.48,202.48,False,False,False,,,0.86,"47.37,1:38.09,2:31.86",False
77,長水路,1,女子,200m自由形,65～69歳,2:25.29,2:42.91,2:54.20,5,久松葉子,セ・成瀬,4/4,3:27.53,207.53,False,False,False,,,1.14,"47.53,1:40.75,2:34.98",False
77,長水路,1,女子,200m自由形,65～69歳,2:25.29,2:42.91,2:54.20,6,森本美恵,セ・松戸,4/3,3:33.44,213.44,False,False,False,,,0.92,"48.86,1:42.74,2:40.15",False
77,長水路,1,女子,200m自由形,65～69歳,2:25.29,2:42.91,2:54.20,7,石河久美子,セ・溝ノ口,4/8,3:34.64,214.64,False,False,False,,,0.77,"49.71,1:43.64,2:39.75",False
77,長水路,1,女子,200m自由形,65～69歳,2:25.29,2:42.91,2:54.20,8,臼井希代子,セ・大宮宮原,4/2,3:34.65,214.65,False,False,False,,,1.03,"47.74,1:41.90,2:39.02",False
77,長水路,1,女子,200m自由形,65～69歳,2:25.29,2:42.91,2:54.20,9,日和久美子,セ・戸塚,4/10,3:42.07,222.07,False,False,False,,,0.98,"53.11,1:49.50,2:47.51",False
77,長水路,1,女子,200m自由形,65～69歳,2:25.29,2:42.91,2:54.20,10,岡田美恵子,セ・溝ノ口,3/3,3:53.14,233.14,False,False,False,,,0.9,"52.80,1:50.37,2:50.24",False
77,長水路,1,女子,200m自由形,65～69歳,2:25.29,2:42.91,2:54.20,11,三嶋祐子,セ・阿佐谷,2/6,4:03.71,243.71,False,False,False,,,0.95,"54.00,1:54.36,2:57.73",False
77,長水路,1,女子,200m自由形,65～69歳,2:25.29,2:42.91,2:54.20,12,大西和子,セ・天王洲,1/4,4:37.24,277.24,False,False,False,,,1.07,,False
77,長水路,1,女子,200m自由形,60～64歳,2:21.03,2:31.90,2:35.22,1,石井裕美,セ・ときわ台,7/4,2:58.32,178.32,False,False,False,,,0.76,"40.38,1:26.20,2:14.74",False
77,長水路,1,女子,200m自由形,60～64歳,2:21.03,2:31.90,2:35.22,2,岡田眞弓,セ・清瀬,4/7,3:06.16,186.16,False,False,False,,,0.86,"43.07,1:30.79,2:19.74",False
77,長水路,1,女子,200m自由形,60～64歳,2:21.03,2:31.90,2:35.22,3,伊藤みどり,セ・能見台,6/9,3:11.60,191.6,False,False,False,,,0.86,"41.89,1:28.98,2:19.61",False
77,長水路,1,女子,200m自由形,60～64歳,2:21.03,2:31.90,2:35.22,4,高橋久美,セ・市川,6/2,3:15.23,195.23,False,False,False,,,0.76,"44.14,1:33.49,2:23.43",False
77,長水路,1,女子,200m自由形,60～64歳,2:21.03,2:31.90,2:35.22,5,草森理子,セ・成城,4/1,3:21.87,201.87,False,False,False,,,0.75,"45.85,1:38.15,2:31.10",False
77,長水路,1,女子,200m自由形,60～64歳,2:21.03,2:31.90,2:35.22,6,盛田真規子,セ・二俣川,5/2,3:26.33,206.32999999999998,False,False,False,,,0.75,"46.46,1:39.40,2:34.02",False
77,長水路,1,女子,200m自由形,60～64歳,2:21.03,2:31.90,2:35.22,7,山中恵子,セ・桶川北本,3/7,3:27.70,207.7,False,False,False,,,0.99,"45.32,1:38.32,2:34.28",False
77,長水路,1,女子,200m自由形,60～64歳,2:21.03,2:31.90,2:35.22,8,宮内麻里,曽谷・セ,4/5,3:31.11,211.11,False,False,False,,,1.07,"52.18,1:46.08,2:40.75",False
77,長水路,1,女子,200m自由形,60～64歳,2:21.03,2:31.90,2:35.22,9,清水孝子,セ・福生,3/5,3:41.52,221.52,False,False,False,,,0.92,"49.21,1:43.98,2:43.61",False
77,長水路,1,女子,200m自由形,60～64歳,2:21.03,2:31.90,2:35.22,10,久保とし子,セ・長津田,2/5,3:46.82,226.82,False,False,False,,,0.96,"48.02,1:44.90,2:45.59",False
77,長水路,1,女子,200m自由形,60～64歳,2:21.03,2:31.90,2:35.22,11,宮田ひとみ,セ・阿佐谷,3/10,3:53.39,233.39,False,False,False,,,0.9,"54.95,1:55.10,2:57.27",False
77,長水路,1,女子,200m自由形,60～64歳,2:21.03,2:31.90,2:35.22,12,桐沢ひとみ,セ・大森,3/8,3:54.05,234.05,False,False,False,,,1.53,"52.34,1:52.33,2:54.86",False
77,長水路,1,女子,200m自由形,60～64歳,2:21.03,2:31.90,2:35.22,13,増子保子,セ・蘇我,2/8,3:54.48,234.48,False,False,False,,,1.0,"53.39,1:51.27,2:53.37",False
77,長水路,1,女子,200m自由形,55～59歳,2:16.28,2:26.86,2:31.44,1,年岡仁美,セ・千葉みなと,8/10,2:48.05,168.05,False,False,False,,,0.83,"38.37,1:21.56,2:05.63",False
77,長水路,1,女子,200m自由形,55～59歳,2:16.28,2:26.86,2:31.44,2,八尋加苗,セ・松戸,6/6,3:07.55,187.55,False,False,False,,,0.73,"43.55,1:33.43,2:22.21",False
77,長水路,1,女子,200m自由形,55～59歳,2:16.28,2:26.86,2:31.44,3,松川律子,セ・二俣川,5/4,3:15.85,195.85,False,False,False,,,0.89,"41.64,1:30.06,2:24.43",False
77,長水路,1,女子,200m自由形,55～59歳,2:16.28,2:26.86,2:31.44,4,柳田喜代美,セ・能見台,2/2,3:18.24,198.24,False,False,False,,,0.95,"45.26,1:34.44,2:26.10",False
77,長水路,1,女子,200m自由形,55～59歳,2:16.28,2:26.86,2:31.44,5,山口仁子,セ・上池袋,5/6,3:21.43,201.43,False,False,False,,,,"47.98,1:38.91,2:31.09",False
77,長水路,1,女子,200m自由形,55～59歳,2:16.28,2:26.86,2:31.44,6,棚橋悦子,セ・自由が丘,4/6,3:25.79,205.79,False,False,False,,,0.83,"47.74,1:40.30,2:34.81",False
77,長水路,1,女子,200m自由形,55～59歳,2:16.28,2:26.86,2:31.44,7,森内裕子,セ・天王洲,3/4,3:35.98,215.98,False,False,False,,,0.97,"49.79,1:45.66,2:42.67",False
77,長水路,1,女子,200m自由形,55～59歳,2:16.28,2:26.86,2:31.44,8,佐々木夕子,セ・市ヶ尾,2/7,3:55.93,235.93,False,False,False,,,0.97,"54.66,1:54.94,2:56.27",False
77,長水路,1,女子,200m自由形,50～54歳,2:13.18,2:21.98,2:27.87,1,工藤遵江,セ・F宇都宮,7/5,2:45.27,165.27,False,False,False,,,0.75,"38.23,1:20.87,2:05.04",False
77,長水路,1,女子,200m自由形,50～54歳,2:13.18,2:21.98,2:27.87,2,友田智哲,セ・南青山,7/8,2:52.96,172.96,False,False,False,,,0.85,"39.17,1:22.14,2:07.90",False
77,長水路,1,女子,200m自由形,50～54歳,2:13.18,2:21.98,2:27.87,3,菅原幸,セ・トレッサ,7/6,2:59.27,179.27,False,False,False,,,0.84,"40.75,1:27.13,2:15.02",False
77,長水路,1,女子,200m自由形,50～54歳,2:13.18,2:21.98,2:27.87,4,柳有美子,セ・おおたか,6/10,3:04.98,184.98,False,False,False,,,0.85,"43.55,1:31.07,2:19.72",False
77,長水路,1,女子,200m自由形,50～54歳,2:13.18,2:21.98,2:27.87,5,成島志雅子,セ・F宇都宮,6/1,3:13.76,193.76,False,False,False,,,0.9,"42.47,1:31.35,2:23.52",False
77,長水路,1,女子,200m自由形,50～54歳,2:13.18,2:21.98,2:27.87,6,小田桐知子,セ・志木,6/8,3:23.08,203.07999999999998,False,False,False,,,1.04,"46.37,1:37.12,2:30.12",False
77,長水路,1,女子,200m自由形,50～54歳,2:13.18,2:21.98,2:27.87,7,森信子,セ・大森,3/6,3:38.45,218.45,False,False,False,,,1.21,"50.19,1:46.03,2:43.50",False
77,長水路,1,女子,200m自由形,45～49歳,2:10.09,2:17.82,2:31.07,1,高橋麻子,セ・市ヶ尾,7/9,2:55.74,175.74,False,False,False,,,0.75,"40.11,1:24.61,2:11.20",False
77,長水路,1,女子,200m自由形,45～49歳,2:10.09,2:17.82,2:31.07,2,草野茜,セ・二俣川,7/7,3:00.08,180.08,False,False,False,,,0.74,"41.52,1:26.59,2:13.49",False
77,長水路,1,女子,200m自由形,45～49歳,2:10.09,2:17.82,2:31.07,3,吉池奈々,セ・二俣川,7/10,3:01.30,181.3,False,False,False,,,0.68,"39.79,1:25.30,2:13.02",False
77,長水路,1,女子,200m自由形,45～49歳,2:10.09,2:17.82,2:31.07,4,細沼悦子,セ・越谷,6/5,3:07.83,187.83,False,False,False,,,0.87,"41.49,1:29.93,2:21.56",False
77,長水路,1,女子,200m自由形,45～49歳,2:10.09,2:17.82,2:31.07,5,前田由希映,セ・二俣川,6/3,3:12.46,192.46,False,False,False,,,0.83,"43.49,1:33.20,2:23.40",False
77,長水路,1,女子,200m自由形,40～44歳,2:09.28,2:15.70,2:31.64,1,吉村華余,セ・長津田,8/7,2:31.87,151.87,False,False,False,,,0.75,"34.54,1:12.60,1:52.57",False
77,長水路,1,女子,200m自由形,40～44歳,2:09.28,2:15.70,2:31.64,2,錦織佳奈子,ザバス川崎,7/1,3:01.00,181.0,False,False,False,,,0.95,"39.42,1:23.04,2:11.07",False
77,長水路,1,女子,200m自由形,40～44歳,2:09.28,2:15.70,2:31.64,3,久保かおり,セ・長津田,6/4,3:11.64,191.64,False,False,False,,,0.87,"41.71,1:30.18,2:21.93",False
77,長水路,1,女子,200m自由形,40～44歳,2:09.28,2:15.70,2:31.64,4,四井美穂,セ・天王洲,3/1,3:13.06,193.06,False,False,False,,,0.81,"46.02,1:35.44,2:25.04",False
77,長水路,1,女子,200m自由形,35～39歳,2:05.50,2:07.99,2:17.30,1,田中美鈴,セ・武蔵小杉,8/3,2:30.03,150.03,False,False,False,,,0.76,"34.28,1:12.22,1:51.14",False
77,長水路,1,女子,200m自由形,35～39歳,2:05.50,2:07.99,2:17.30,2,久保美由紀,セ・長津田,5/7,3:26.32,206.32,False,False,False,,,0.88,"45.70,1:39.83,2:35.36",False
77,長水路,1,女子,200m自由形,30～34歳,2:02.35,2:04.62,2:20.79,1,長谷川恵,セ・阿佐谷,8/8,2:36.58,156.57999999999998,False,False,False,,,0.87,"35.29,1:14.20,1:55.21",False
77,長水路,1,女子,200m自由形,30～34歳,2:02.35,2:04.62,2:20.79,2,中山翠,ザバス川崎,5/10,3:10.41,190.41,False,False,False,,,0.91,"41.95,1:30.22,2:21.56",False
77,長水路,1,女子,200m自由形,25～29歳,2:04.56,2:06.81,2:20.67,1,竹下菜々美,セ・二俣川,8/2,2:25.11,145.11,False,False,False,,,0.66,"33.29,1:10.02,1:47.75",False
77,長水路,1,女子,200m自由形,25～29歳,2:04.56,2:06.81,2:20.67,2,川俣星,セ・新都心,8/4,2:31.38,151.38,False,False,False,,,0.73,"33.77,1:11.63,1:51.53",False
77,長水路,1,女子,200m自由形,25～29歳,2:04.56,2:06.81,2:20.67,3,新後海優,セ・トレッサ,8/6,2:32.34,152.34,False,False,False,,,0.89,"31.51,1:07.39,1:48.60",False
77,長水路,1,女子,200m自由形,25～29歳,2:04.56,2:06.81,2:20.67,4,村岡礼奈,セ・桶川北本,7/2,2:55.75,175.75,False,False,False,,,0.76,"38.48,1:21.44,2:08.21",False
77,長水路,1,女子,200m自由形,18～24歳,,2:04.32,2:17.69,1,渡辺美楓,セ・谷津,8/5,2:16.87,136.87,True,False,False,,,0.67,"31.60,1:06.79,1:42.48",False
77,長水路,1,女子,200m自由形,18～24歳,,2:04.32,2:17.69,2,広瀬幸音,セ・成城,8/1,2:32.16,152.16,False,False,False,,,0.76,"33.94,1:12.31,1:52.42",False
77,長水路,2,男子,200m自由形,85～89歳,3:03.50,3:10.33,3:35.53,1,川本剛,セ・長沼,1/8,3:46.84,226.84,False,False,False,,,1.1,"51.34,1:47.83,2:48.46",False
77,長水路,2,男子,200m自由形,80～84歳,2:40.22,2:40.87,3:39.71,1,眞壁功,セ・藤沢,1/10,3:45.81,225.81,False,False,False,,,0.99,"52.27,1:50.05,2:47.61",False
77,長水路,2,男子,200m自由形,75～79歳,2:25.66,2:33.87,2:51.26,1,嶋﨑昭夫,セ・西東京,1/3,3:31.90,211.9,False,False,False,,,0.94,"42.37,1:32.94,2:31.34",False
77,長水路,2,男子,200m自由形,70～74歳,2:22.88,2:22.88,2:44.09,1,若宮強,セ・成城,2/4,3:00.17,180.17,False,False,False,,,0.76,"41.26,1:27.30,2:16.00",False
77,長水路,2,男子,200m自由形,70～74歳,2:22.88,2:22.88,2:44.09,2,菱沼和男,セ・葛西,2/2,3:19.08,199.07999999999998,False,False,False,,,0.87,"48.42,1:39.56,2:30.17",False
77,長水路,2,男子,200m自由形,70～74歳,2:22.88,2:22.88,2:44.09,3,森下善夫,セ・大宮宮原,1/2,3:35.42,215.42000000000002,False,False,False,,,1.03,"48.87,1:42.80,2:40.49",False
77,長水路,2,男子,200m自由形,65～69歳,2:09.39,2:19.96,2:26.86,1,吉原一彦,セ・阿佐谷,6/8,2:31.29,151.29,False,False,False,,,0.79,"35.77,1:14.95,1:53.85",False
77,長水路,2,男子,200m自由形,65～69歳,2:09.39,2:19.96,2:26.86,2,柏木治久,セ・成瀬,2/7,3:01.71,181.71,False,False,False,,,0.86,"43.38,1:29.96,2:18.29",False
77,長水路,2,男子,200m自由形,65～69歳,2:09.39,2:19.96,2:26.86,3,井上昌臣,セ・西東京,1/5,3:05.18,185.18,False,False,False,,,0.98,"39.64,1:24.06,2:13.95",False
77,長水路,2,男子,200m自由形,65～69歳,2:09.39,2:19.96,2:26.86,4,臼井全人,セ・大宮宮原,2/3,3:14.52,194.52,False,False,False,,,0.98,"45.84,1:35.03,2:25.73",False
77,長水路,2,男子,200m自由形,65～69歳,2:09.39,2:19.96,2:26.86,5,折居彰,セ・阿佐谷,1/9,3:29.30,209.3,False,False,False,,,1.28,"48.93,1:41.33,2:36.38",False
77,長水路,2,男子,200m自由形,65～69歳,2:09.39,2:19.96,2:26.86,6,中井岳郎,セ・成城,2/10,3:40.54,220.54,False,False,False,,,0.85,"43.35,1:37.96,2:39.45",False
77,長水路,2,男子,200m自由形,60～64歳,2:07.68,2:17.26,2:27.29,1,渡部佳彦,セ・市川,6/10,2:27.77,147.77,False,False,False,,,0.7,"34.31,1:12.51,1:50.35",False
77,長水路,2,男子,200m自由形,60～64歳,2:07.68,2:17.26,2:27.29,2,下家成人,セ・二俣川,5/7,2:34.32,154.32,False,False,False,,,0.75,"33.82,1:12.36,1:52.74",False
77,長水路,2,男子,200m自由形,60～64歳,2:07.68,2:17.26,2:27.29,3,久保田勝己,セ・阿佐谷,5/10,2:40.06,160.06,False,False,False,,,0.84,"38.02,1:18.60,2:00.86",False
77,長水路,2,男子,200m自由形,60～64歳,2:07.68,2:17.26,2:27.29,4,神尾尚人,セ・市ヶ尾,4/7,2:40.50,160.5,False,False,False,,,0.68,"37.46,1:18.71,2:00.62",False
77,長水路,2,男子,200m自由形,60～64歳,2:07.68,2:17.26,2:27.29,5,若島健二,セ・二俣川,4/1,2:47.51,167.51,False,False,False,,,0.89,"38.90,1:21.24,2:04.38",False
77,長水路,2,男子,200m自由形,60～64歳,2:07.68,2:17.26,2:27.29,6,池谷千尋,セ・長津田,3/7,2:53.55,173.55,False,False,False,,,0.73,"39.92,1:23.41,2:09.30",False
77,長水路,2,男子,200m自由形,60～64歳,2:07.68,2:17.26,2:27.29,7,名田裕,セ・稲毛海岸,3/3,3:06.09,186.09,False,False,False,,,0.96,"41.60,1:28.00,2:17.94",False
77,長水路,2,男子,200m自由形,60～64歳,2:07.68,2:17.26,2:27.29,8,山本和巳,セ・茂原,2/9,3:07.17,187.17,False,False,False,,,0.78,"43.29,1:30.15,2:19.51",False
77,長水路,2,男子,200m自由形,55～59歳,2:04.01,2:08.62,2:19.70,1,矢部裕之,セ・長津田,6/3,2:23.97,143.97,False,False,False,,,0.77,"32.93,1:09.47,1:46.77",False
77,長水路,2,男子,200m自由形,55～59歳,2:04.01,2:08.62,2:19.70,2,中村勝,セ・南千住,5/5,2:29.74,149.74,False,False,False,,,0.71,"34.52,1:12.40,1:51.49",False
77,長水路,2,男子,200m自由形,55～59歳,2:04.01,2:08.62,2:19.70,3,宮木幸彦,セ・葛西,4/9,2:39.30,159.3,False,False,False,,,0.78,"36.48,1:16.99,1:58.91",False
77,長水路,2,男子,200m自由形,55～59歳,2:04.01,2:08.62,2:19.70,4,宮川則仁,セ・大宮宮原,4/3,2:42.28,162.28,False,False,False,,,0.82,"36.82,1:17.37,2:00.13",False
77,長水路,2,男子,200m自由形,55～59歳,2:04.01,2:08.62,2:19.70,5,塚本幸治,セ・千葉みなと,5/1,2:45.07,165.07,False,False,False,,,0.83,"37.42,1:18.41,2:01.75",False
77,長水路,2,男子,200m自由形,55～59歳,2:04.01,2:08.62,2:19.70,6,本間丈博,セ・稲毛海岸,4/4,2:46.45,166.45,False,False,False,,,0.79,"37.80,1:18.77,2:03.01",False
77,長水路,2,男子,200m自由形,55～59歳,2:04.01,2:08.62,2:19.70,7,永家一徳,セ・市川,4/2,2:50.69,170.69,False,False,False,,,0.81,"39.47,1:22.68,2:08.07",False
77,長水路,2,男子,200m自由形,55～59歳,2:04.01,2:08.62,2:19.70,8,中島茂,セ・S湘南台,3/2,2:57.95,177.95,False,False,False,,,0.83,"39.76,1:23.52,2:09.85",False
77,長水路,2,男子,200m自由形,55～59歳,2:04.01,2:08.62,2:19.70,9,近藤正之,セ・上池袋,3/1,3:00.01,180.01,False,False,False,,,1.03,"38.42,1:22.38,2:10.65",False
77,長水路,2,男子,200m自由形,55～59歳,2:04.01,2:08.62,2:19.70,10,吉峯幸郎,セ・用賀,3/10,3:03.41,183.41,False,False,False,,,0.97,"40.97,1:27.18,2:15.89",False
77,長水路,2,男子,200m自由形,55～59歳,2:04.01,2:08.62,2:19.70,11,高田義久,セ・八王子,3/9,3:08.18,188.18,False,False,False,,,0.71,"38.70,1:24.99,2:16.59",False
77,長水路,2,男子,200m自由形,55～59歳,2:04.01,2:08.62,2:19.70,12,大塚秀幸,セ・慶應日吉,2/5,3:11.70,191.7,False,False,False,,,0.88,"41.03,1:28.24,2:19.54",False
77,長水路,2,男子,200m自由形,55～59歳,2:04.01,2:08.62,2:19.70,13,萱沼憲司郎,セ・茂原,2/1,3:18.94,198.94,False,False,False,,,0.91,"44.17,1:34.02,2:28.13",False
77,長水路,2,男子,200m自由形,55～59歳,2:04.01,2:08.62,2:19.70,14,佐藤流生,セ・天王洲,1/7,3:44.44,224.44,False,False,False,,,0.97,"47.04,1:41.84,2:43.06",False
77,長水路,2,男子,200m自由形,50～54歳,1:58.62,2:03.51,2:16.38,1,田窪達,セ・市ヶ尾,8/2,2:14.24,134.24,True,False,False,,,0.65,"29.41,1:02.63,1:37.28",False
77,長水路,2,男子,200m自由形,50～54歳,1:58.62,2:03.51,2:16.38,2,山田耕一,セ・清瀬,5/4,2:28.01,148.01,False,False,False,,,0.75,"34.70,1:12.63,1:51.85",False
77,長水路,2,男子,200m自由形,50～54歳,1:58.62,2:03.51,2:16.38,3,石上智啓,セ・二俣川,6/9,2:30.76,150.76,False,False,False,,,0.74,"35.77,1:14.58,1:53.93",False
77,長水路,2,男子,200m自由形,50～54歳,1:58.62,2:03.51,2:16.38,4,渡部弘一,セ・市川,5/6,2:31.84,151.84,False,False,False,,,0.77,"33.70,1:13.18,1:53.72",False
77,長水路,2,男子,200m自由形,50～54歳,1:58.62,2:03.51,2:16.38,5,清田真人,セ・大宮宮原,4/10,2:38.56,158.56,False,False,False,,,0.67,"36.97,1:18.80,2:00.11",False
77,長水路,2,男子,200m自由形,50～54歳,1:58.62,2:03.51,2:16.38,6,山田大介,セ・武蔵小杉,5/8,2:38.81,158.81,False,False,False,,,0.79,"36.98,1:17.10,1:58.16",False
77,長水路,2,男子,200m自由形,50～54歳,1:58.62,2:03.51,2:16.38,7,渡誠,セ・清瀬,5/9,2:41.61,161.61,False,False,False,,,0.85,"36.29,1:16.20,2:00.01",False
77,長水路,2,男子,200m自由形,50～54歳,1:58.62,2:03.51,2:16.38,8,山本英男,セ・大宮宮原,3/6,2:42.25,162.25,False,False,False,,,0.75,"37.33,1:18.47,2:01.03",False
77,長水路,2,男子,200m自由形,50～54歳,1:58.62,2:03.51,2:16.38,9,塚越有宏,セ・市ヶ尾,2/6,2:50.97,170.97,False,False,False,,,0.85,"39.42,1:22.52,2:07.92",False
77,長水路,2,男子,200m自由形,50～54歳,1:58.62,2:03.51,2:16.38,10,岩崎明,セ・前橋,4/6,2:57.74,177.74,False,False,False,,,0.92,"40.46,1:25.87,2:13.30",False
77,長水路,2,男子,200m自由形,50～54歳,1:58.62,2:03.51,2:16.38,11,今井英大,セ・川越,1/1,3:28.62,208.62,False,False,False,,,1.2,"46.44,1:36.38,2:33.70",False
77,長水路,2,男子,200m自由形,45～49歳,1:55.39,1:58.36,2:10.91,1,山岡拓馬,セ・清瀬,8/5,2:07.04,127.04,True,False,False,,,0.71,"28.81,1:01.58,1:35.63",False
77,長水路,2,男子,200m自由形,45～49歳,1:55.39,1:58.36,2:10.91,2,永瀬知之,セ・二俣川,7/8,2:21.00,141.0,False,False,False,,,0.77,"31.39,1:07.30,1:44.39",False
77,長水路,2,男子,200m自由形,45～49歳,1:55.39,1:58.36,2:10.91,3,花井一也,セ・長津田,6/5,2:24.64,144.64,False,False,False,,,0.69,"33.15,1:08.95,1:47.06",False
77,長水路,2,男子,200m自由形,45～49歳,1:55.39,1:58.36,2:10.91,4,桐本兼輔,セ・福生,6/1,2:26.80,146.8,False,False,False,,,0.71,"32.90,1:10.13,1:48.45",False
77,長水路,2,男子,200m自由形,45～49歳,1:55.39,1:58.36,2:10.91,5,皆川雅登,セ・大宮宮原,6/4,2:38.08,158.07999999999998,False,False,False,,,0.9,"37.11,1:17.41,1:58.96",False
77,長水路,2,男子,200m自由形,45～49歳,1:55.39,1:58.36,2:10.91,6,齊藤仁,セ・茂原,4/8,2:40.57,160.57,False,False,False,,,0.7,"35.91,1:15.67,1:58.03",False
77,長水路,2,男子,200m自由形,45～49歳,1:55.39,1:58.36,2:10.91,7,古屋俊一,セ・ときわ台,5/2,2:52.77,172.77,False,False,False,,,0.86,"36.03,1:18.60,2:03.87",False
77,長水路,2,男子,200m自由形,45～49歳,1:55.39,1:58.36,2:10.91,8,志水剛,セ・大宮宮原,1/6,3:16.03,196.03,False,False,False,,,0.98,"43.17,1:34.44,2:26.44",False
77,長水路,2,男子,200m自由形,45～49歳,1:55.39,1:58.36,2:10.91,9,櫻井直仁,セ・清瀬,2/8,3:29.04,209.04,False,False,False,,,1.0,"47.98,1:40.06,2:33.63",False
77,長水路,2,男子,200m自由形,40～44歳,1:53.65,1:59.07,2:07.37,1,前田崇行,セ・二俣川,8/8,2:13.24,133.24,False,False,False,,,0.68,"29.50,1:02.90,1:38.52",False
77,長水路,2,男子,200m自由形,40～44歳,1:53.65,1:59.07,2:07.37,2,石井将太,セ・成瀬,7/4,2:15.46,135.46,False,False,False,,,0.8,"30.77,1:04.41,1:39.29",False
77,長水路,2,男子,200m自由形,40～44歳,1:53.65,1:59.07,2:07.37,3,森本祐一,セ・清瀬,7/9,2:19.61,139.61,False,False,False,,,0.78,"33.15,1:09.28,1:45.04",False
77,長水路,2,男子,200m自由形,40～44歳,1:53.65,1:59.07,2:07.37,4,大作善洋,セ・柏,6/6,2:29.90,149.9,False,False,False,,,0.94,"33.58,1:11.14,1:49.98",False
77,長水路,2,男子,200m自由形,40～44歳,1:53.65,1:59.07,2:07.37,5,田子晃,セ・自由が丘,4/5,2:41.72,161.72,False,False,False,,,0.8,"36.18,1:16.92,1:59.60",False
77,長水路,2,男子,200m自由形,40～44歳,1:53.65,1:59.07,2:07.37,6,和田祐児,セ・松戸,3/8,2:54.04,174.04,False,False,False,,,0.81,"39.16,1:23.65,2:09.03",False
77,長水路,2,男子,200m自由形,35～39歳,1:51.84,1:51.84,2:03.40,1,高木祥一,セ・武蔵小杉,8/4,2:08.11,128.11,False,False,False,,,0.76,"29.43,1:01.84,1:35.73",False
77,長水路,2,男子,200m自由形,35～39歳,1:51.84,1:51.84,2:03.40,2,岩本和也,セ・志木,7/5,2:12.87,132.87,False,False,False,,,0.7,"30.74,1:04.55,1:39.10",False
77,長水路,2,男子,200m自由形,35～39歳,1:51.84,1:51.84,2:03.40,3,奥平竜司,セ・武蔵小杉,7/2,2:13.60,133.6,False,False,False,,,0.65,"29.54,1:02.84,1:38.28",False
77,長水路,2,男子,200m自由形,35～39歳,1:51.84,1:51.84,2:03.40,4,長田裕史,セ・柏,7/6,2:19.32,139.32,False,False,False,,,0.65,"32.12,1:07.23,1:43.61",False
77,長水路,2,男子,200m自由形,35～39歳,1:51.84,1:51.84,2:03.40,5,高津周平,セ・武蔵小杉,7/10,2:23.43,143.43,False,False,False,,,0.69,"31.20,1:07.66,1:45.27",False
77,長水路,2,男子,200m自由形,35～39歳,1:51.84,1:51.84,2:03.40,6,浅生真,セ・市川,3/4,2:38.64,158.64,False,False,False,,,0.76,"34.94,1:13.18,1:55.14",False
77,長水路,2,男子,200m自由形,35～39歳,1:51.84,1:51.84,2:03.40,7,和田亮,セ・阿佐谷,6/2,2:43.12,163.12,False,False,False,,,0.78,"35.78,1:15.43,1:59.07",False
77,長水路,2,男子,200m自由形,30～34歳,1:49.56,1:54.32,2:03.39,1,中西剛,セ・成城,8/7,2:07.68,127.68,False,False,False,,,0.68,"29.25,1:00.99,1:34.35",False
77,長水路,2,男子,200m自由形,30～34歳,1:49.56,1:54.32,2:03.39,2,村田健太,セ・二俣川,8/3,2:09.05,129.05,False,False,False,,,0.69,"29.93,1:02.79,1:36.60",False
77,長水路,2,男子,200m自由形,30～34歳,1:49.56,1:54.32,2:03.39,3,山田義明,セ・おおたか,1/4,3:01.48,181.48,False,False,False,,,0.95,"38.83,1:23.12,2:12.83",False
77,長水路,2,男子,200m自由形,25～29歳,1:50.76,1:53.81,2:02.30,1,小野健,セ・天王洲,8/9,2:11.89,131.89,False,False,False,,,0.68,"30.20,1:02.74,1:37.06",False
77,長水路,2,男子,200m自由形,25～29歳,1:50.76,1:53.81,2:02.30,2,泉翔太,セ・葛西,7/7,2:22.32,142.32,False,False,False,,,0.7,"33.08,1:08.79,1:45.17",False
77,長水路,2,男子,200m自由形,18～24歳,,1:50.21,1:55.00,1,菅原啓,セ・慶應日吉,8/6,2:05.22,125.22,False,False,False,,,0.72,"28.14,59.89,1:32.84",False
77,長水路,2,男子,200m自由形,18～24歳,,1:50.21,1:55.00,2,黒田大介,セ・成城,8/1,2:10.23,130.23,False,False,False,,,0.67,"29.02,1:00.81,1:34.82",False
77,長水路,2,男子,200m自由形,18～24歳,,1:50.21,1:55.00,3,柿沼龍史,セ・成城,6/7,2:15.27,135.27,False,False,False,,,0.62,"29.69,1:03.38,1:38.77",False
77,長水路,2,男子,200m自由形,18～24歳,,1:50.21,1:55.00,4,山浦信,セ・成城,8/10,2:16.61,136.61,False,False,False,,,0.71,"31.08,1:05.47,1:40.65",False
77,長水路,2,男子,200m自由形,18～24歳,,1:50.21,1:55.00,5,木村隼人,セ・八王子,7/1,2:19.40,139.4,False,False,False,,,0.64,"28.35,1:01.88,1:39.01",False
77,長水路,2,男子,200m自由形,18～24歳,,1:50.21,1:55.00,6,田中啓二朗,セ・二俣川,7/3,2:19.75,139.75,False,False,False,,,0.67,"30.96,1:06.15,1:42.78",False
77,長水路,2,男子,200m自由形,18～24歳,,1:50.21,1:55.00,7,日吉将輝,セ・大宮宮原,5/3,2:21.32,141.32,False,False,False,,,0.71,"30.09,1:04.75,1:42.30",False
77,長水路,7,女子,200m個人メドレー,80～84歳,3:53.63,4:07.83,5:04.74,1,小野洋子,セ・我孫子,1/3,5:29.40,329.4,False,False,False,,,1.05,"1:07.51,2:30.91,4:19.13",False
77,長水路,7,女子,200m個人メドレー,75～79歳,3:21.84,3:32.94,4:12.78,1,大山恵子,セ・葛西,2/5,4:01.15,241.15,True,False,False,,,0.79,"47.02,1:57.53,3:08.36",False
77,長水路,7,女子,200m個人メドレー,70～74歳,3:00.96,3:13.19,3:38.48,1,青木華世子,セ・松戸,4/8,3:34.64,214.64,True,False,False,,,0.81,"46.03,1:41.41,2:46.04",False
77,長水路,7,女子,200m個人メドレー,70～74歳,3:00.96,3:13.19,3:38.48,2,菅和江,セ・戸塚,2/7,4:26.19,266.19,False,False,False,,,1.05,"1:01.63,2:09.18,3:28.25",False
77,長水路,7,女子,200m個人メドレー,70～74歳,3:00.96,3:13.19,3:38.48,3,松木真知子,セ・ときわ台,1/7,4:56.87,296.87,False,False,False,,,0.97,"1:15.29,2:34.52,3:48.87",False
77,長水路,7,女子,200m個人メドレー,70～74歳,3:00.96,3:13.19,3:38.48,4,菅井道子,セ・戸塚,2/8,5:12.77,312.77,False,False,False,,,1.17,"1:15.11,2:42.35,4:03.39",False
77,長水路,7,女子,200m個人メドレー,70～74歳,3:00.96,3:13.19,3:38.48,,木村恵子,セ・越谷,1/4,,,False,False,False,,,,,False
77,長水路,7,女子,200m個人メドレー,65～69歳,2:51.52,3:11.94,3:33.12,1,森谷登志江,セ・慶應日吉,3/5,3:46.97,226.97,False,False,False,,,0.88,"53.18,1:51.88,2:56.38",False
77,長水路,7,女子,200m個人メドレー,65～69歳,2:51.52,3:11.94,3:33.12,2,井手敦子,セ・慶應日吉,3/7,3:50.01,230.01,False,False,False,,,1.01,"53.94,1:54.00,3:00.80",False
77,長水路,7,女子,200m個人メドレー,65～69歳,2:51.52,3:11.94,3:33.12,3,育村博子,セ・おおたか,3/2,4:02.06,242.06,False,False,False,,,0.96,"59.78,2:06.76,3:11.39",False
77,長水路,7,女子,200m個人メドレー,65～69歳,2:51.52,3:11.94,3:33.12,4,福森公子,セ・能見台,3/1,4:07.74,247.74,False,False,False,,,1.0,"56.43,2:04.56,3:12.60",False
77,長水路,7,女子,200m個人メドレー,65～69歳,2:51.52,3:11.94,3:33.12,5,相馬絹代,セ・溝ノ口,3/3,4:18.14,258.14,False,False,False,,,0.79,"59.38,2:06.88,3:17.98",False
77,長水路,7,女子,200m個人メドレー,65～69歳,2:51.52,3:11.94,3:33.12,6,日和久美子,セ・戸塚,2/3,4:24.59,264.59,False,False,False,,,0.96,"1:04.83,2:15.04,3:29.01",False
77,長水路,7,女子,200m個人メドレー,65～69歳,2:51.52,3:11.94,3:33.12,7,太田初美,セ・越谷,2/4,4:29.68,269.68,False,False,False,,,0.85,"57.58,2:06.67,3:17.77",False
77,長水路,7,女子,200m個人メドレー,65～69歳,2:51.52,3:11.94,3:33.12,8,近藤みゆき,セ・阿佐谷,1/6,4:49.41,289.40999999999997,False,False,False,,,0.7,"1:11.42,2:26.70,3:44.40",False
77,長水路,7,女子,200m個人メドレー,60～64歳,2:34.27,2:57.05,3:20.19,1,野島久枝,セ・二俣川,4/4,3:23.34,203.34,False,False,False,,,0.82,"47.93,1:42.47,2:37.96",False
77,長水路,7,女子,200m個人メドレー,60～64歳,2:34.27,2:57.05,3:20.19,2,上野真弓,セ・二俣川,4/9,3:43.13,223.13,False,False,False,,,0.93,"49.93,1:43.89,2:53.11",False
77,長水路,7,女子,200m個人メドレー,60～64歳,2:34.27,2:57.05,3:20.19,3,高松早智子,セ・南宇都宮,3/4,3:44.63,224.63,False,False,False,,,0.76,"50.17,1:49.02,2:53.85",False
77,長水路,7,女子,200m個人メドレー,60～64歳,2:34.27,2:57.05,3:20.19,4,渡部美紀,セ・能見台,3/6,3:55.69,235.69,False,False,False,,,1.11,"56.90,1:54.71,3:01.76",False
77,長水路,7,女子,200m個人メドレー,60～64歳,2:34.27,2:57.05,3:20.19,5,盛田真規子,セ・二俣川,3/9,4:04.55,244.55,False,False,False,,,0.76,"1:01.29,2:03.61,3:12.09",False
77,長水路,7,女子,200m個人メドレー,60～64歳,2:34.27,2:57.05,3:20.19,6,増子保子,セ・蘇我,1/5,4:32.56,272.56,False,False,False,,,0.94,"1:08.08,2:22.41,3:32.30",False
77,長水路,7,女子,200m個人メドレー,55～59歳,2:31.51,2:48.18,2:51.38,1,角南美貴,セ・我孫子,3/8,4:02.82,242.82,False,False,False,,,0.73,"51.50,1:54.80,3:00.47",False
77,長水路,7,女子,200m個人メドレー,55～59歳,2:31.51,2:48.18,2:51.38,2,山口仁子,セ・上池袋,2/6,4:13.87,253.87,False,False,False,,,,"59.94,2:09.96,3:24.65",False
77,長水路,7,女子,200m個人メドレー,50～54歳,2:31.02,2:39.26,2:54.21,1,広瀬百合香,セ・戸塚,5/7,2:54.88,174.88,False,False,False,,,0.67,"36.19,1:20.50,2:13.99",False
77,長水路,7,女子,200m個人メドレー,50～54歳,2:31.02,2:39.26,2:54.21,2,鎌田和代,セ・千葉みなと,4/5,3:12.10,192.1,False,False,False,,,0.77,"41.13,1:30.78,2:27.65",False
77,長水路,7,女子,200m個人メドレー,50～54歳,2:31.02,2:39.26,2:54.21,3,大島江理子,セ・大森,4/3,3:28.78,208.78,False,False,False,,,0.76,"43.88,1:41.61,2:42.46",False
77,長水路,7,女子,200m個人メドレー,50～54歳,2:31.02,2:39.26,2:54.21,4,白須靖子,セ・市ヶ尾,4/10,3:37.66,217.66,False,False,False,,,0.79,"51.10,1:51.17,2:48.37",False
77,長水路,7,女子,200m個人メドレー,50～54歳,2:31.02,2:39.26,2:54.21,5,小田桐知子,セ・志木,4/2,3:50.90,230.9,False,False,False,,,1.08,"46.03,1:51.77,2:56.51",False
77,長水路,7,女子,200m個人メドレー,45～49歳,2:21.37,2:32.81,2:49.83,1,羽田文,セ・成城,5/8,3:06.87,186.87,False,False,False,,,0.8,"40.13,1:26.83,2:22.19",False
77,長水路,7,女子,200m個人メドレー,45～49歳,2:21.37,2:32.81,2:49.83,2,青山里香,セ・成瀬,5/10,3:14.43,194.43,False,False,False,,,0.94,"44.95,1:30.39,2:30.95",False
77,長水路,7,女子,200m個人メドレー,45～49歳,2:21.37,2:32.81,2:49.83,3,佐藤桂子,セ・横浜,4/1,3:46.56,226.56,False,False,False,,,0.81,"48.10,1:50.08,2:56.57",False
77,長水路,7,女子,200m個人メドレー,45～49歳,2:21.37,2:32.81,2:49.83,4,赤坂恵美子,セ・志木,3/10,4:09.60,249.6,False,False,False,,,0.91,"51.04,1:55.59,3:07.78",False
77,長水路,7,女子,200m個人メドレー,40～44歳,2:25.03,2:30.15,2:44.54,1,山田未紗子,セ・越谷,4/6,3:16.66,196.66,False,False,False,,,0.8,"41.90,1:36.27,2:30.49",False
77,長水路,7,女子,200m個人メドレー,30～34歳,2:13.89,2:19.28,2:27.06,1,長谷川恵,セ・阿佐谷,5/3,2:53.41,173.41,False,False,False,,,0.83,"37.94,1:23.84,2:13.08",False
77,長水路,7,女子,200m個人メドレー,25～29歳,2:20.71,2:20.71,2:30.52,1,竹下菜々美,セ・二俣川,5/4,2:43.86,163.86,False,False,False,,,0.7,"33.85,1:15.68,2:06.21",False
77,長水路,7,女子,200m個人メドレー,25～29歳,2:20.71,2:20.71,2:30.52,2,遠藤桃,セ・越谷,5/2,2:48.44,168.44,False,False,False,,,0.86,"33.68,1:18.64,2:06.69",False
77,長水路,7,女子,200m個人メドレー,25～29歳,2:20.71,2:20.71,2:30.52,3,石井理桜子,セ・市川,5/1,3:01.46,181.46,False,False,False,,,0.7,"36.78,1:24.77,2:17.34",False
77,長水路,7,女子,200m個人メドレー,25～29歳,2:20.71,2:20.71,2:30.52,4,嶋田菜々子,セ・おおたか,5/9,3:12.07,192.07,False,False,False,,,0.69,"39.94,1:27.11,2:25.06",False
77,長水路,7,女子,200m個人メドレー,25～29歳,2:20.71,2:20.71,2:30.52,5,足立知実,セ・平塚,4/7,3:21.03,201.03,False,False,False,,,0.72,"42.11,1:34.69,2:33.07",False
77,長水路,7,女子,200m個人メドレー,18～24歳,,,2:28.28,1,竹山睦月,セ・南青山,5/5,2:37.25,157.25,False,False,False,,,0.64,"32.63,1:16.31,1:59.47",False
77,長水路,7,女子,200m個人メドレー,18～24歳,,,2:28.28,2,高崎優奈,セ・清瀬,5/6,2:42.89,162.89,False,False,False,,,0.73,"33.06,1:12.75,2:02.36",False
77,長水路,8,男子,200m個人メドレー,75～79歳,2:53.12,3:09.33,3:25.77,1,木津誠,セ・成城,2/8,3:27.10,207.1,False,False,False,,,0.84,"44.39,1:40.42,2:41.87",False
77,長水路,8,男子,200m個人メドレー,75～79歳,2:53.12,3:09.33,3:25.77,2,白井清嗣,セ・大宮宮原,1/8,4:18.78,258.78,False,False,False,,,0.92,"57.43,2:13.11,3:24.41",False
77,長水路,8,男子,200m個人メドレー,75～79歳,2:53.12,3:09.33,3:25.77,3,伴野保志,セ・阿佐谷,1/2,4:48.12,288.12,False,False,False,,,1.24,"1:07.47,2:26.88,3:38.77",False
77,長水路,8,男子,200m個人メドレー,70～74歳,2:35.97,2:49.11,3:21.08,1,菱沼和男,セ・葛西,1/7,4:00.95,240.95,False,False,False,,,0.94,"57.12,2:02.92,3:11.86",False
77,長水路,8,男子,200m個人メドレー,65～69歳,2:25.22,2:40.00,2:48.85,1,齋藤博憲,ザバス鶴見,1/5,3:30.31,210.31,False,False,False,,,1.12,"45.24,1:46.07,2:46.63",False
77,長水路,8,男子,200m個人メドレー,60～64歳,2:21.99,2:29.47,2:39.43,1,渡部佳彦,セ・市川,4/5,2:45.96,165.96,False,False,False,,,0.73,"33.68,1:18.09,2:07.98",False
77,長水路,8,男子,200m個人メドレー,60～64歳,2:21.99,2:29.47,2:39.43,2,久保田勝己,セ・阿佐谷,2/5,3:20.51,200.51,False,False,False,,,0.81,"43.31,1:36.58,2:37.50",False
77,長水路,8,男子,200m個人メドレー,60～64歳,2:21.99,2:29.47,2:39.43,3,小池輝明,セ・武蔵小杉,2/4,3:23.13,203.13,False,False,False,,,0.9,"44.36,1:43.07,2:34.63",False
77,長水路,8,男子,200m個人メドレー,60～64歳,2:21.99,2:29.47,2:39.43,4,大塚克,セ・市川,2/6,3:27.32,207.32,False,False,False,,,0.74,"43.24,1:38.10,2:35.14",False
77,長水路,8,男子,200m個人メドレー,60～64歳,2:21.99,2:29.47,2:39.43,5,近江信之,セ・武蔵小杉,2/2,3:28.76,208.76,False,False,False,,,0.95,"45.55,1:41.71,2:42.96",False
77,長水路,8,男子,200m個人メドレー,60～64歳,2:21.99,2:29.47,2:39.43,6,小島淳,セ・柏,1/3,3:30.84,210.84,False,False,False,,,0.78,"48.15,1:43.79,2:44.41",False
77,長水路,8,男子,200m個人メドレー,60～64歳,2:21.99,2:29.47,2:39.43,7,横山恵一,セ・越谷,2/9,3:31.69,211.69,False,False,False,,,0.87,"46.61,1:43.99,2:43.79",False
77,長水路,8,男子,200m個人メドレー,60～64歳,2:21.99,2:29.47,2:39.43,8,二宮博,セ・横浜,1/4,3:47.11,227.11,False,False,False,,,0.82,"43.13,1:48.93,2:53.29",False
77,長水路,8,男子,200m個人メドレー,55～59歳,2:20.67,2:26.24,2:36.80,1,小倉秀和,セ・清瀬,4/6,2:46.13,166.13,False,False,False,,,0.83,"33.33,1:17.15,2:08.32",False
77,長水路,8,男子,200m個人メドレー,55～59歳,,,,2,高田義久,セ・八王子,2/7,3:28.11,208.11,False,False,False,,,0.72,"39.79,1:38.74,2:36.73",False
77,長水路,8,男子,200m個人メドレー,50～54歳,2:11.15,2:20.54,2:32.41,1,中村良樹,セ・武蔵小杉,5/1,2:42.88,162.88,False,False,False,,,0.69,"33.32,1:15.88,2:04.71",False
77,長水路,8,男子,200m個人メドレー,50～54歳,2:11.15,2:20.54,2:32.41,2,長野三郎,セ・千葉みなと,5/9,2:45.79,165.79,False,False,False,,,0.75,"33.10,1:14.78,2:05.39",False
77,長水路,8,男子,200m個人メドレー,50～54歳,2:11.15,2:20.54,2:32.41,3,渡部弘一,セ・市川,3/4,2:48.93,168.93,False,False,False,,,0.77,"32.06,1:17.21,2:10.18",False
77,長水路,8,男子,200m個人メドレー,50～54歳,2:11.15,2:20.54,2:32.41,4,柄澤英也,セ・用賀,4/7,2:50.71,170.71,False,False,False,,,0.65,"35.90,1:21.40,2:12.71",False
77,長水路,8,男子,200m個人メドレー,50～54歳,2:11.15,2:20.54,2:32.41,5,村上政行,セ・武蔵小杉,4/8,2:51.57,171.57,False,False,False,,,0.88,"37.55,1:25.57,2:11.62",False
77,長水路,8,男子,200m個人メドレー,50～54歳,2:11.15,2:20.54,2:32.41,6,北村洋一,セ・大森,4/1,2:54.54,174.54,False,False,False,,,0.63,"36.73,1:22.64,2:12.00",False
77,長水路,8,男子,200m個人メドレー,50～54歳,2:11.15,2:20.54,2:32.41,7,平田博之,セ・ときわ台,3/6,2:59.51,179.51,False,False,False,,,0.9,"36.87,1:23.83,2:18.03",False
77,長水路,8,男子,200m個人メドレー,50～54歳,2:11.15,2:20.54,2:32.41,8,成島毅,セ・F宇都宮,3/9,3:03.56,183.56,False,False,False,,,0.76,"37.42,1:28.60,2:21.76",False
77,長水路,8,男子,200m個人メドレー,50～54歳,2:11.15,2:20.54,2:32.41,9,祖川久茂,セ・長津田,3/8,3:06.01,186.01,False,False,False,,,0.72,"37.13,1:30.88,2:20.47",False
77,長水路,8,男子,200m個人メドレー,50～54歳,2:11.15,2:20.54,2:32.41,10,渡誠,セ・清瀬,3/2,3:08.12,188.12,False,False,False,,,0.91,"43.91,1:31.21,2:26.01",False
77,長水路,8,男子,200m個人メドレー,50～54歳,2:11.15,2:20.54,2:32.41,11,佐々木栄一,G-SPA,3/3,3:19.57,199.57,False,False,False,,,0.78,"40.47,1:30.75,2:31.27",False
77,長水路,8,男子,200m個人メドレー,50～54歳,2:11.15,2:20.54,2:32.41,12,大川明徳,セ・阿佐谷,1/6,3:33.90,213.9,False,False,False,,,1.02,"39.41,1:41.23,2:44.63",False
77,長水路,8,男子,200m個人メドレー,45～49歳,2:10.09,2:16.32,2:19.57,1,羽田浩一,セ・成城,5/6,2:42.73,162.73,False,False,False,,,0.77,"32.65,1:15.92,2:02.96",False
77,長水路,8,男子,200m個人メドレー,45～49歳,2:10.09,2:16.32,2:19.57,2,桐本兼輔,セ・福生,4/10,2:45.29,165.29,False,False,False,,,0.7,"32.16,1:16.64,2:06.38",False
77,長水路,8,男子,200m個人メドレー,45～49歳,2:10.09,2:16.32,2:19.57,3,長谷川仁,セ・南千住,4/4,2:47.77,167.77,False,False,False,,,0.73,"34.62,1:16.20,2:09.45",False
77,長水路,8,男子,200m個人メドレー,45～49歳,2:10.09,2:16.32,2:19.57,4,皆川雅登,セ・大宮宮原,5/4,2:51.11,171.11,False,False,False,,,0.79,"35.78,1:23.02,2:11.82",False
77,長水路,8,男子,200m個人メドレー,45～49歳,2:10.09,2:16.32,2:19.57,5,渡邊忠幸,セ・南宇都宮,4/2,2:53.55,173.55,False,False,False,,,0.71,"33.18,1:18.68,2:10.72",False
77,長水路,8,男子,200m個人メドレー,45～49歳,,,,6,齊藤仁,セ・茂原,3/10,3:01.35,181.35,False,False,False,,,0.71,"36.62,1:22.37,2:17.17",False
77,長水路,8,男子,200m個人メドレー,45～49歳,,,,7,大沢祐輔,セ・福生,3/1,3:18.10,198.1,False,False,False,,,0.66,"39.99,1:32.44,2:26.81",False
77,長水路,8,男子,200m個人メドレー,40～44歳,2:08.63,2:13.76,2:20.44,1,大窪康治,セ・清瀬,5/8,2:24.42,144.42000000000002,False,False,False,,,0.74,"29.97,1:05.82,1:47.61",False
77,長水路,8,男子,200m個人メドレー,40～44歳,2:08.63,2:13.76,2:20.44,2,棚網宏之,セ・阿佐谷,6/8,2:34.15,154.15,False,False,False,,,0.67,"32.49,1:11.42,1:56.43",False
77,長水路,8,男子,200m個人メドレー,40～44歳,2:08.63,2:13.76,2:20.44,3,大作善祥,セ・柏,5/2,2:40.69,160.69,False,False,False,,,0.87,"34.81,1:21.44,2:02.47",False
77,長水路,8,男子,200m個人メドレー,40～44歳,2:08.63,2:13.76,2:20.44,4,図師拓千,セ・市ヶ尾,5/10,2:43.56,163.56,False,False,False,,,0.64,"33.86,1:18.04,2:09.91",False
77,長水路,8,男子,200m個人メドレー,40～44歳,2:08.63,2:13.76,2:20.44,5,植木秀志,セ・久喜,4/3,2:43.63,163.63,False,False,False,,,0.63,"30.73,1:15.79,2:05.81",False
77,長水路,8,男子,200m個人メドレー,40～44歳,2:08.63,2:13.76,2:20.44,6,和田祐児,セ・松戸,2/3,3:19.48,199.48,False,False,False,,,0.91,"42.21,1:39.63,2:35.34",False
77,長水路,8,男子,200m個人メドレー,35～39歳,2:05.65,2:08.72,2:17.09,1,浅生真,セ・市川,4/9,2:52.32,172.32,False,False,False,,,0.78,"35.35,1:22.28,2:10.39",False
77,長水路,8,男子,200m個人メドレー,30～34歳,2:02.18,2:07.47,2:17.41,1,村田健太,セ・二俣川,6/6,2:26.19,146.19,False,False,False,,,0.74,"31.27,1:10.89,1:53.48",False
77,長水路,8,男子,200m個人メドレー,30～34歳,2:02.18,2:07.47,2:17.41,2,土屋大貴,セ・平塚,5/5,2:29.32,149.32,False,False,False,,,0.64,"29.98,1:09.87,1:54.94",False
77,長水路,8,男子,200m個人メドレー,30～34歳,2:02.18,2:07.47,2:17.41,3,石井孟,セ・葛西,5/7,2:38.22,158.22,False,False,False,,,0.67,"29.73,1:12.63,1:57.02",False
77,長水路,8,男子,200m個人メドレー,25～29歳,2:03.62,2:04.41,2:10.44,1,今里昂哉,セ・清瀬,6/4,2:20.70,140.7,False,False,False,,,0.77,"28.63,1:05.40,1:45.30",False
77,長水路,8,男子,200m個人メドレー,25～29歳,2:03.62,2:04.41,2:10.44,2,小野健,セ・天王洲,6/3,2:29.19,149.19,False,False,False,,,0.66,"30.16,1:11.06,1:54.37",False
77,長水路,8,男子,200m個人メドレー,25～29歳,,,,3,佐々木天太,セ・用賀,6/2,2:45.25,165.25,False,False,False,,,0.78,"32.45,1:14.08,2:00.71",False
77,長水路,8,男子,200m個人メドレー,18～24歳,,2:04.90,2:08.80,1,相原健吾,セ・目黒,6/9,2:23.84,143.84,False,False,False,,,0.68,"29.30,1:08.16,1:48.33",False
77,長水路,8,男子,200m個人メドレー,18～24歳,,2:04.90,2:08.80,2,和澤情,セ・八王子,6/7,2:25.11,145.11,False,False,False,,,0.7,"29.23,1:07.60,1:51.43",False
77,長水路,8,男子,200m個人メドレー,18～24歳,,2:04.90,2:08.80,3,田中壮一郎,セ・二俣川,6/1,2:28.80,148.8,False,False,False,,,0.77,"28.81,1:07.50,1:50.82",False
77,長水路,8,男子,200m個人メドレー,18～24歳,,2:04.90,2:08.80,4,山浦信,セ・成城,6/5,2:29.74,149.74,False,False,False,,,0.74,"32.62,1:13.43,1:54.50",False
77,長水路,8,男子,200m個人メドレー,18～24歳,,2:04.90,2:08.80,5,南里輝,セ・蒲田,5/3,2:34.79,154.79,False,False,False,,,0.58,"31.32,1:12.61,1:56.60",False
77,長水路,8,男子,200m個人メドレー,18～24歳,,2:04.90,2:08.80,6,萩原裕大,セ・清瀬,6/10,2:37.44,157.44,False,False,False,,,0.59,"31.32,1:09.78,1:57.41",False
77,長水路,8,男子,200m個人メドレー,18～24歳,,2:04.90,2:08.80,7,村田雅治,セ・長津田,3/7,2:47.55,167.55,False,False,False,,,0.65,"31.32,1:14.21,2:03.37",False
77,長水路,9,女子,100m自由形,85～89歳,1:27.42,1:27.42,1:45.73,1,平田美佐子,セ・天王洲,1/7,2:17.12,137.12,False,False,False,,,1.22,,False
77,長水路,9,女子,100m自由形,80～84歳,1:23.16,1:23.16,1:38.81,1,八田清子,セ・松戸,5/5,1:44.17,104.17,False,False,False,,,0.72,,False
77,長水路,9,女子,100m自由形,80～84歳,1:23.16,1:23.16,1:38.81,2,安澤イソ子,セ・市ヶ尾,2/8,2:00.41,120.41,False,False,False,,,0.9,,False
77,長水路,9,女子,100m自由形,80～84歳,1:23.16,1:23.16,1:38.81,3,永島郁子,ザバス鶴見,2/3,2:03.17,123.17,False,False,False,,,0.98,,False
77,長水路,9,女子,100m自由形,80～84歳,1:23.16,1:23.16,1:38.81,4,武藤治子,セ・二俣川,1/2,2:05.95,125.95,False,False,False,,,,,False
77,長水路,9,女子,100m自由形,80～84歳,1:23.16,1:23.16,1:38.81,5,舘野圭子,セ・用賀,1/5,2:09.80,129.8,False,False,False,,,0.9,,False
77,長水路,9,女子,100m自由形,80～84歳,1:23.16,1:23.16,1:38.81,6,久保美紀枝,セ・流山,3/9,2:10.06,130.06,False,False,False,,,1.15,,False
77,長水路,9,女子,100m自由形,75～79歳,1:17.38,1:19.71,1:36.96,1,宇田川礼子,セ・我孫子,3/5,1:45.14,105.14,False,False,False,,,1.1,,False
77,長水路,9,女子,100m自由形,75～79歳,1:17.38,1:19.71,1:36.96,2,竹原君枝,セ・慶應日吉,4/5,1:45.59,105.59,False,False,False,,,1.14,,False
77,長水路,9,女子,100m自由形,75～79歳,1:17.38,1:19.71,1:36.96,3,内田良子,セ・用賀,5/8,1:45.92,105.92,False,False,False,,,0.83,,False
77,長水路,9,女子,100m自由形,75～79歳,1:17.38,1:19.71,1:36.96,4,岡田まり子,CS南行徳,5/7,1:46.09,106.09,False,False,False,,,0.97,,False
77,長水路,9,女子,100m自由形,75～79歳,1:17.38,1:19.71,1:36.96,5,松木弘美,セ・志木,3/7,1:51.47,111.47,False,False,False,,,0.74,,False
77,長水路,9,女子,100m自由形,75～79歳,1:17.38,1:19.71,1:36.96,6,大手佳江,セ・南千住,2/5,2:03.18,123.18,False,False,False,,,1.17,,False
77,長水路,9,女子,100m自由形,75～79歳,1:17.38,1:19.71,1:36.96,7,安部澄子,セ・我孫子,1/3,2:05.25,125.25,False,False,False,,,,,False
77,長水路,9,女子,100m自由形,75～79歳,1:17.38,1:19.71,1:36.96,8,後藤節子,セ・松戸,2/7,2:10.30,130.3,False,False,False,,,1.04,,False
77,長水路,9,女子,100m自由形,70～74歳,1:06.68,1:14.28,1:21.82,1,原田岳美,セ・藤沢,9/2,1:27.82,87.82,False,False,False,,,0.76,,False
77,長水路,9,女子,100m自由形,70～74歳,,,,2,中平信子,セ・成瀬,8/7,1:29.11,89.11,False,False,False,,,0.87,,False
77,長水路,9,女子,100m自由形,70～74歳,,,,3,吉野治子,セ・成城,8/5,1:31.97,91.97,False,False,False,,,0.78,,False
77,長水路,9,女子,100m自由形,70～74歳,,,,4,後藤明美,セ・天王洲,4/4,1:33.48,93.47999999999999,False,False,False,,,0.96,,False
77,長水路,9,女子,100m自由形,70～74歳,,,,5,近藤ひな子,セ・二俣川,8/4,1:34.05,94.05,False,False,False,,,1.03,,False
77,長水路,9,女子,100m自由形,70～74歳,,,,6,舛尾妃呂子,セ・稲毛海岸,5/2,1:35.37,95.37,False,False,False,,,0.91,,False
77,長水路,9,女子,100m自由形,70～74歳,,,,7,青砥美智子,セ・葛西,8/3,1:36.78,96.78,False,False,False,,,0.93,,False
77,長水路,9,女子,100m自由形,70～74歳,,,,8,伊藤幸英,ザバス鶴見,6/8,1:40.10,100.1,False,False,False,,,1.03,,False
77,長水路,9,女子,100m自由形,70～74歳,,,,9,清水裕子,セ・二俣川,3/6,1:40.57,100.57,False,False,False,,,0.92,,False
77,長水路,9,女子,100m自由形,70～74歳,,,,10,相澤史子,セ・松戸,6/4,1:41.35,101.35,False,False,False,,,0.78,,False
77,長水路,9,女子,100m自由形,70～74歳,,,,11,大熊正子,セ・桶川北本,5/6,1:45.28,105.28,False,False,False,,,0.86,,False
77,長水路,9,女子,100m自由形,70～74歳,,,,12,宮内佳代子,セ・トレッサ,4/1,1:52.24,112.24000000000001,False,False,False,,,0.82,,False
77,長水路,9,女子,100m自由形,70～74歳,,,,13,富樫博子,セ・大森,3/1,1:57.82,117.82,False,False,False,,,1.63,,False
77,長水路,9,女子,100m自由形,70～74歳,,,,14,于亜芝,セ・南千住,5/9,2:00.02,120.02,False,False,False,,,1.02,,False
77,長水路,9,女子,100m自由形,70～74歳,,,,15,長谷川節子,セ・天王洲,2/6,2:06.28,126.28,False,False,False,,,0.9,,False
77,長水路,9,女子,100m自由形,70～74歳,,,,16,友野敬子,セ・館山,1/4,2:13.72,133.72,False,False,False,,,1.03,,False
77,長水路,9,女子,100m自由形,70～74歳,,,,,戸倉陽子,セ・慶應日吉,1/6,,,False,False,False,,,,,False
77,長水路,9,女子,100m自由形,65～69歳,1:04.89,1:13.05,1:18.83,1,菅野泰子,セ・葛西,9/5,1:20.91,80.91,False,False,False,,,0.76,,False
77,長水路,9,女子,100m自由形,65～69歳,1:04.89,1:13.05,1:18.83,2,野島正代,セ・阿佐谷,9/9,1:25.91,85.91,False,False,False,,,0.84,,False
77,長水路,9,女子,100m自由形,65～69歳,1:04.89,1:13.05,1:18.83,3,山﨑京子,セ・横浜,9/8,1:29.91,89.91,False,False,False,,,0.96,,False
77,長水路,9,女子,100m自由形,65～69歳,1:04.89,1:13.05,1:18.83,4,川久保ちづる,ザバス川崎,7/10,1:33.01,93.00999999999999,False,False,False,,,0.89,,False
77,長水路,9,女子,100m自由形,65～69歳,,,,5,井上美佐子,セ・大森,4/10,1:37.17,97.17,False,False,False,,,0.76,,False
77,長水路,9,女子,100m自由形,65～69歳,,,,6,古宇田淳子,セ・南千住,7/4,1:37.74,97.74000000000001,False,False,False,,,0.77,,False
77,長水路,9,女子,100m自由形,65～69歳,,,,7,五月女美幸,セ・宇都宮,6/3,1:38.04,98.03999999999999,False,False,False,,,1.01,,False
77,長水路,9,女子,100m自由形,65～69歳,,,,8,久松葉子,セ・成瀬,7/6,1:38.08,98.08,False,False,False,,,1.17,,False
77,長水路,9,女子,100m自由形,65～69歳,,,,9,杉山規子,セ・川越,4/3,1:39.89,99.89,False,False,False,,,0.89,,False
77,長水路,9,女子,100m自由形,65～69歳,,,,10,光畑千栄子,セ・成瀬,6/9,1:41.19,101.19,False,False,False,,,0.97,,False
77,長水路,9,女子,100m自由形,65～69歳,,,,11,臼井希代子,セ・大宮宮原,8/10,1:41.92,101.92,False,False,False,,,1.14,,False
77,長水路,9,女子,100m自由形,65～69歳,,,,12,石崎節代,セ・南千住,6/2,1:44.12,104.12,False,False,False,,,1.03,,False
77,長水路,9,女子,100m自由形,65～69歳,,,,13,関矢秀子,セ・大宮宮原,3/3,1:47.79,107.78999999999999,False,False,False,,,1.07,,False
77,長水路,9,女子,100m自由形,65～69歳,,,,14,譲原恵子,セ・我孫子,4/9,1:48.34,108.34,False,False,False,,,1.05,,False
77,長水路,9,女子,100m自由形,65～69歳,,,,15,下川喜美枝,セ・南千住,6/7,1:48.44,108.44,False,False,False,,,0.91,,False
77,長水路,9,女子,100m自由形,65～69歳,,,,16,松浦敏子,セ・我孫子,3/8,1:49.99,109.99000000000001,False,False,False,,,0.99,,False
77,長水路,9,女子,100m自由形,65～69歳,,,,17,宮原美穂,セ・福生,5/3,1:52.05,112.05,False,False,False,,,0.81,,False
77,長水路,9,女子,100m自由形,65～69歳,,,,18,中島初美,セ・大森,3/10,1:54.95,114.95,False,False,False,,,1.24,,False
77,長水路,9,女子,100m自由形,60～64歳,1:03.83,1:07.78,1:11.31,1,永瀬秀子,セ・二俣川,11/2,1:13.83,73.83,False,False,False,,,0.82,,False
77,長水路,9,女子,100m自由形,60～64歳,1:03.83,1:07.78,1:11.31,2,西井良子,セ・福生,10/8,1:14.51,74.51,False,False,False,,,0.73,,False
77,長水路,9,女子,100m自由形,60～64歳,1:03.83,1:07.78,1:11.31,3,石原なおみ,セ・阿佐谷,11/1,1:20.22,80.22,False,False,False,,,0.8,,False
77,長水路,9,女子,100m自由形,60～64歳,1:03.83,1:07.78,1:11.31,4,高橋久美,セ・市川,9/7,1:26.12,86.12,False,False,False,,,0.74,,False
77,長水路,9,女子,100m自由形,60～64歳,1:03.83,1:07.78,1:11.31,5,福原美奈,セ・稲毛海岸,9/3,1:29.02,89.02,False,False,False,,,0.77,,False
77,長水路,9,女子,100m自由形,60～64歳,1:03.83,1:07.78,1:11.31,6,高松早智子,セ・南宇都宮,8/1,1:29.17,89.17,False,False,False,,,0.82,,False
77,長水路,9,女子,100m自由形,60～64歳,,,,7,野崎由美子,セ・おおたか,7/5,1:32.01,92.00999999999999,False,False,False,,,0.95,,False
77,長水路,9,女子,100m自由形,60～64歳,,,,8,茂櫛典子,セ・成城,6/5,1:32.03,92.03,False,False,False,,,0.72,,False
77,長水路,9,女子,100m自由形,60～64歳,,,,9,細見あけみ,セ・千葉みなと,5/1,1:33.06,93.06,False,False,False,,,0.83,,False
77,長水路,9,女子,100m自由形,60～64歳,,,,10,加藤雅弓,セ・新都心,7/7,1:36.11,96.11,False,False,False,,,1.2,,False
77,長水路,9,女子,100m自由形,60～64歳,,,,11,佐々木れい,セ・志木,4/6,1:40.52,100.52000000000001,False,False,False,,,0.83,,False
77,長水路,9,女子,100m自由形,60～64歳,,,,12,久保とし子,セ・長津田,6/6,1:45.63,105.63,False,False,False,,,1.08,,False
77,長水路,9,女子,100m自由形,55～59歳,1:01.87,1:05.21,1:10.06,1,篠原理恵,セ・南宇都宮,11/8,1:14.24,74.24,False,False,False,,,0.66,,False
77,長水路,9,女子,100m自由形,55～59歳,1:01.87,1:05.21,1:10.06,2,前畑章子,セ・慶應日吉,10/4,1:17.36,77.36,False,False,False,,,0.77,,False
77,長水路,9,女子,100m自由形,55～59歳,1:01.87,1:05.21,1:10.06,3,西田三佐子,セ・大宮宮原,8/6,1:25.67,85.67,False,False,False,,,0.67,,False
77,長水路,9,女子,100m自由形,55～59歳,1:01.87,1:05.21,1:10.06,4,小倉直美,セ・清瀬,7/8,1:26.95,86.95,False,False,False,,,0.82,,False
77,長水路,9,女子,100m自由形,55～59歳,1:01.87,1:05.21,1:10.06,5,小林弘子,ザバス鶴見,10/7,1:27.36,87.36,False,False,False,,,0.97,,False
77,長水路,9,女子,100m自由形,55～59歳,1:01.87,1:05.21,1:10.06,6,佐藤直子,セ・我孫子,6/1,1:37.54,97.53999999999999,False,False,False,,,0.76,,False
77,長水路,9,女子,100m自由形,55～59歳,1:01.87,1:05.21,1:10.06,7,鈴木夏実,セ・慶應日吉,7/3,1:38.51,98.50999999999999,False,False,False,,,1.0,,False
77,長水路,9,女子,100m自由形,55～59歳,1:01.87,1:05.21,1:10.06,8,富樫真樹子,セ・用賀,4/2,1:38.86,98.86,False,False,False,,,0.76,,False
77,長水路,9,女子,100m自由形,55～59歳,1:01.87,1:05.21,1:10.06,9,下段千寿子,セ・越谷,4/8,1:43.45,103.45,False,False,False,,,0.84,,False
77,長水路,9,女子,100m自由形,55～59歳,1:01.87,1:05.21,1:10.06,10,佐々木夕子,セ・市ヶ尾,4/7,1:52.34,112.34,False,False,False,,,0.99,,False
77,長水路,9,女子,100m自由形,55～59歳,1:01.87,1:05.21,1:10.06,11,日置睦,セ・我孫子,2/2,1:55.17,115.17,False,False,False,,,0.89,,False
77,長水路,9,女子,100m自由形,55～59歳,1:01.87,1:05.21,1:10.06,12,飯田美奈子,セ・西新井,2/4,2:19.53,139.53,False,False,False,,,1.15,,False
77,長水路,9,女子,100m自由形,50～54歳,1:00.40,1:03.99,1:06.25,1,杉本浩美,セ・南千住,11/4,1:11.43,71.43,False,False,False,,,0.73,,False
77,長水路,9,女子,100m自由形,50～54歳,1:00.40,1:03.99,1:06.25,2,佐々木美佐,セ・平塚,11/6,1:13.87,73.87,False,False,False,,,0.84,,False
77,長水路,9,女子,100m自由形,50～54歳,1:00.40,1:03.99,1:06.25,3,原田佳子,セ・葛西,11/5,1:14.10,74.1,False,False,False,,,0.74,,False
77,長水路,9,女子,100m自由形,50～54歳,1:00.40,1:03.99,1:06.25,4,石井紀美子,セ・S湘南台,10/3,1:22.21,82.21000000000001,False,False,False,,,0.72,,False
77,長水路,9,女子,100m自由形,50～54歳,1:00.40,1:03.99,1:06.25,5,酒井貴代,セ・大森,7/9,1:29.71,89.71000000000001,False,False,False,,,0.74,,False
77,長水路,9,女子,100m自由形,50～54歳,1:00.40,1:03.99,1:06.25,6,捶井泰子,セ・用賀,8/8,1:34.71,94.71000000000001,False,False,False,,,0.87,,False
77,長水路,9,女子,100m自由形,50～54歳,1:00.40,1:03.99,1:06.25,7,津田千鶴,セ・能見台,8/2,1:35.07,95.07,False,False,False,,,0.95,,False
77,長水路,9,女子,100m自由形,50～54歳,1:00.40,1:03.99,1:06.25,8,中村奈穂美,セ・越谷,5/10,1:35.86,95.86,False,False,False,,,0.91,,False
77,長水路,9,女子,100m自由形,50～54歳,1:00.40,1:03.99,1:06.25,9,北瀬あづさ,セ・市ヶ尾,7/2,1:37.15,97.15,False,False,False,,,0.77,,False
77,長水路,9,女子,100m自由形,45～49歳,57.40,1:03.18,1:08.19,1,佐々木彩,セ・成城,12/1,1:11.26,71.26,False,False,False,,,0.7,,False
77,長水路,9,女子,100m自由形,45～49歳,57.40,1:03.18,1:08.19,2,木村美佐子,セ・南宇都宮,12/10,1:12.83,72.83,False,False,False,,,0.79,,False
77,長水路,9,女子,100m自由形,45～49歳,57.40,1:03.18,1:08.19,3,飯澤美香,セ・我孫子,9/1,1:17.56,77.56,False,False,False,,,0.8,,False
77,長水路,9,女子,100m自由形,45～49歳,57.40,1:03.18,1:08.19,4,小室桃子,セ・八王子,10/6,1:18.34,78.34,False,False,False,,,0.87,,False
77,長水路,9,女子,100m自由形,45～49歳,57.40,1:03.18,1:08.19,5,手島幸恵,セ・藤沢,7/1,1:18.78,78.78,False,False,False,,,0.96,,False
77,長水路,9,女子,100m自由形,45～49歳,57.40,1:03.18,1:08.19,6,藤本淑恵,セ・平塚,9/4,1:24.74,84.74,False,False,False,,,0.91,,False
77,長水路,9,女子,100m自由形,45～49歳,57.40,1:03.18,1:08.19,7,福本麻美,セ・慶應日吉,9/6,1:24.92,84.92,False,False,False,,,0.84,,False
77,長水路,9,女子,100m自由形,45～49歳,57.40,1:03.18,1:08.19,8,細沼悦子,セ・越谷,8/9,1:25.25,85.25,False,False,False,,,0.92,,False
77,長水路,9,女子,100m自由形,40～44歳,58.04,1:02.15,1:06.24,1,四井美穂,セ・天王洲,10/2,1:16.33,76.33,False,False,False,,,0.8,,False
77,長水路,9,女子,100m自由形,40～44歳,,,,2,小野真佐子,セ・阿佐谷,10/5,1:18.48,78.48,False,False,False,,,0.81,,False
77,長水路,9,女子,100m自由形,40～44歳,,,,3,宮林佑妃,セ・長津田,10/10,1:20.29,80.28999999999999,False,False,False,,,0.91,,False
77,長水路,9,女子,100m自由形,40～44歳,,,,4,富永結衣子,セ・大森,10/1,1:24.72,84.72,False,False,False,,,0.8,,False
77,長水路,9,女子,100m自由形,40～44歳,,,,5,井島孝子,セ・天王洲,5/4,1:36.90,96.9,False,False,False,,,1.2,,False
77,長水路,9,女子,100m自由形,35～39歳,57.38,58.87,1:03.35,1,川北恵,セ・長津田,12/4,1:06.31,66.31,False,False,False,,,0.7,,False
77,長水路,9,女子,100m自由形,35～39歳,57.38,58.87,1:03.35,2,田中美鈴,セ・武蔵小杉,12/7,1:08.34,68.34,False,False,False,,,0.76,,False
77,長水路,9,女子,100m自由形,35～39歳,57.38,58.87,1:03.35,3,宮下奏子,セ・市ヶ尾,11/9,1:10.41,70.41,False,False,False,,,0.77,,False
77,長水路,9,女子,100m自由形,30～34歳,55.24,58.20,1:03.35,1,中山翠,ザバス川崎,9/10,1:28.38,88.38,False,False,False,,,0.86,,False
77,長水路,9,女子,100m自由形,30～34歳,55.24,58.20,1:03.35,2,熊谷紗友梨,セ・S湘南台,6/10,1:42.77,102.77000000000001,False,False,False,,,1.02,,False
77,長水路,9,女子,100m自由形,25～29歳,56.96,57.89,1:00.50,1,川俣星,セ・新都心,12/5,1:06.89,66.89,False,False,False,,,0.71,,False
77,長水路,9,女子,100m自由形,25～29歳,56.96,57.89,1:00.50,2,仲田笑美,セ・成城,12/8,1:09.23,69.23,False,False,False,,,0.75,,False
77,長水路,9,女子,100m自由形,25～29歳,56.96,57.89,1:00.50,3,木田景子,セ・平塚,11/7,1:13.08,73.08,False,False,False,,,0.69,,False
77,長水路,9,女子,100m自由形,25～29歳,56.96,57.89,1:00.50,4,村岡礼奈,セ・桶川北本,11/10,1:21.31,81.31,False,False,False,,,0.74,,False
77,長水路,9,女子,100m自由形,18～24歳,,,1:01.56,1,佐藤玖弥,セ・目黒,12/6,1:05.68,65.68,False,False,False,,,0.79,,False
77,長水路,9,女子,100m自由形,18～24歳,,,,2,島崎帆乃華,セ・藤沢,12/2,1:08.18,68.18,False,False,False,,,0.61,,False
77,長水路,9,女子,100m自由形,18～24歳,,,,3,西澤瑛倫,セ・越谷,11/3,1:09.34,69.34,False,False,False,,,0.68,,False
77,長水路,9,女子,100m自由形,18～24歳,,,,4,深谷美緒,セ・東十条,12/9,1:09.49,69.49,False,False,False,,,0.73,,False
77,長水路,10,男子,100m自由形,85～89歳,1:22.25,1:22.25,1:37.90,1,川本剛,セ・長沼,2/2,1:40.60,100.6,False,False,False,,,1.08,,False
77,長水路,10,男子,100m自由形,85～89歳,1:22.25,1:22.25,1:37.90,2,大堀兵衛,セ・下北沢,1/1,2:13.53,133.53,False,False,False,,,1.55,,False
77,長水路,10,男子,100m自由形,80～84歳,1:08.76,1:08.76,1:27.89,1,井上隆史,セ・市ヶ尾,1/7,1:39.84,99.84,False,False,False,,,1.05,,False
77,長水路,10,男子,100m自由形,80～84歳,1:08.76,1:08.76,1:27.89,2,眞壁功,セ・藤沢,1/8,1:42.42,102.42,False,False,False,,,0.94,,False
77,長水路,10,男子,100m自由形,75～79歳,1:06.40,1:06.40,1:13.93,1,今修二,セ・越谷,2/3,1:33.05,93.05,False,False,False,,,0.93,,False
77,長水路,10,男子,100m自由形,75～79歳,1:06.40,1:06.40,1:13.93,2,石井肇,墨田区体育館,1/3,1:41.63,101.63,False,False,False,,,1.18,,False
77,長水路,10,男子,100m自由形,75～79歳,1:06.40,1:06.40,1:13.93,3,大内洋,セ・葛西,1/4,1:42.73,102.72999999999999,False,False,False,,,0.86,,False
77,長水路,10,男子,100m自由形,70～74歳,1:03.32,1:03.17,1:11.50,1,亀田一麿,セ・東戸塚,5/6,1:18.03,78.03,False,False,False,,,0.85,,False
77,長水路,10,男子,100m自由形,70～74歳,1:03.32,1:03.17,1:11.50,2,若宮強,セ・成城,5/2,1:20.75,80.75,False,False,False,,,0.64,,False
77,長水路,10,男子,100m自由形,70～74歳,1:03.32,1:03.17,1:11.50,3,香川左近,セ・二俣川,3/8,1:28.13,88.13,False,False,False,,,0.84,,False
77,長水路,10,男子,100m自由形,70～74歳,1:03.32,1:03.17,1:11.50,4,浅野唯男,セ・志木,2/9,1:37.94,97.94,False,False,False,,,0.97,,False
77,長水路,10,男子,100m自由形,70～74歳,1:03.32,1:03.17,1:11.50,5,松下達一,セ・成城,1/5,1:48.33,108.33,False,False,False,,,1.16,,False
77,長水路,10,男子,100m自由形,65～69歳,59.49,1:02.14,1:05.19,1,井上昌臣,セ・西東京,2/4,1:19.89,79.89,False,False,False,,,0.87,,False
77,長水路,10,男子,100m自由形,65～69歳,59.49,1:02.14,1:05.19,2,柏木治久,セ・成城,4/4,1:20.33,80.33,False,False,False,,,0.76,,False
77,長水路,10,男子,100m自由形,65～69歳,,,,3,槙田誠,セ・南千住,5/9,1:21.82,81.82,False,False,False,,,0.83,,False
77,長水路,10,男子,100m自由形,65～69歳,,,,4,竹内新,セ・府中,3/5,1:23.21,83.21000000000001,False,False,False,,,0.91,,False
77,長水路,10,男子,100m自由形,65～69歳,,,,5,仲宇佐隆一,セ・横浜,4/1,1:24.26,84.26,False,False,False,,,0.76,,False
77,長水路,10,男子,100m自由形,65～69歳,,,,6,茂木和哉,セ・市ヶ尾,3/4,1:27.28,87.28,False,False,False,,,0.77,,False
77,長水路,10,男子,100m自由形,65～69歳,,,,7,佐藤信弘,セ・桶川北本,3/2,1:27.97,87.97,False,False,False,,,0.94,,False
77,長水路,10,男子,100m自由形,65～69歳,,,,8,飯沼明,セ・長津田,2/5,1:29.79,89.78999999999999,False,False,False,,,0.98,,False
77,長水路,10,男子,100m自由形,65～69歳,,,,9,鈴木哲治,墨田区体育館,3/9,1:34.36,94.36,False,False,False,,,0.9,,False
77,長水路,10,男子,100m自由形,65～69歳,,,,10,山中一男,セ・阿佐谷,2/7,1:37.38,97.38,False,False,False,,,0.81,,False
77,長水路,10,男子,100m自由形,60～64歳,57.66,1:00.33,1:04.30,1,今井正太郎,セ・前橋,9/2,1:06.71,66.71,False,False,False,,,0.74,,False
77,長水路,10,男子,100m自由形,60～64歳,57.66,1:00.33,1:04.30,2,菊池千二,セ・市ヶ尾,5/5,1:07.48,67.48,False,False,False,,,0.88,,False
77,長水路,10,男子,100m自由形,60～64歳,57.66,1:00.33,1:04.30,3,海辺信吉,セ・おおたか,7/9,1:11.74,71.74,False,False,False,,,0.87,,False
77,長水路,10,男子,100m自由形,60～64歳,57.66,1:00.33,1:04.30,4,一色洋志,セ・福生,5/3,1:14.74,74.74,False,False,False,,,0.76,,False
77,長水路,10,男子,100m自由形,60～64歳,57.66,1:00.33,1:04.30,5,若島健二,セ・二俣川,5/4,1:15.17,75.17,False,False,False,,,0.86,,False
77,長水路,10,男子,100m自由形,60～64歳,57.66,1:00.33,1:04.30,6,近江信之,セ・武蔵小杉,4/3,1:19.23,79.23,False,False,False,,,1.01,,False
77,長水路,10,男子,100m自由形,60～64歳,57.66,1:00.33,1:04.30,7,山本和巳,セ・茂原,3/6,1:22.39,82.39,False,False,False,,,0.79,,False
77,長水路,10,男子,100m自由形,60～64歳,57.66,1:00.33,1:04.30,8,金田雅之,セ・能見台,4/5,1:23.14,83.14,False,False,False,,,0.83,,False
77,長水路,10,男子,100m自由形,60～64歳,57.66,1:00.33,1:04.30,9,小島淳,セ・柏,3/1,1:23.36,83.36,False,False,False,,,0.79,,False
77,長水路,10,男子,100m自由形,60～64歳,57.66,1:00.33,1:04.30,10,黒川恵一,セ・市ヶ尾,2/6,1:30.76,90.76,False,False,False,,,0.8,,False
77,長水路,10,男子,100m自由形,60～64歳,57.66,1:00.33,1:04.30,11,二宮次郎,セ・南宇都宮,4/10,1:31.60,91.6,False,False,False,,,0.77,,False
77,長水路,10,男子,100m自由形,60～64歳,57.66,1:00.33,1:04.30,12,後藤潤,セ・成城,1/6,1:31.88,91.88,False,False,False,,,0.89,,False
77,長水路,10,男子,100m自由形,55～59歳,56.00,57.52,1:02.93,1,金子惠一,セ・前橋,10/2,1:02.48,62.48,True,False,False,,,0.77,,False
77,長水路,10,男子,100m自由形,55～59歳,56.00,57.52,1:02.93,2,小林健,セ・葛西,8/8,1:10.11,70.11,False,False,False,,,0.73,,False
77,長水路,10,男子,100m自由形,55～59歳,56.00,57.52,1:02.93,3,荒川秀明,セ・前橋,8/4,1:10.38,70.38,False,False,False,,,0.85,,False
77,長水路,10,男子,100m自由形,55～59歳,56.00,57.52,1:02.93,4,中津海全士,セ・S湘南台,7/4,1:10.49,70.49,False,False,False,,,0.78,,False
77,長水路,10,男子,100m自由形,55～59歳,56.00,57.52,1:02.93,5,楊華,ザバス鶴見,6/5,1:11.48,71.48,False,False,False,,,0.76,,False
77,長水路,10,男子,100m自由形,55～59歳,56.00,57.52,1:02.93,6,飯田正敏,セ・用賀,7/1,1:12.54,72.53999999999999,False,False,False,,,0.8,,False
77,長水路,10,男子,100m自由形,55～59歳,56.00,57.52,1:02.93,7,本間丈博,セ・稲毛海岸,6/4,1:13.56,73.56,False,False,False,,,0.75,,False
77,長水路,10,男子,100m自由形,55～59歳,56.00,57.52,1:02.93,8,永家一徳,セ・市川,7/10,1:13.85,73.85,False,False,False,,,0.72,,False
77,長水路,10,男子,100m自由形,55～59歳,56.00,57.52,1:02.93,9,近藤正之,セ・上池袋,5/7,1:19.52,79.52,False,False,False,,,0.96,,False
77,長水路,10,男子,100m自由形,55～59歳,56.00,57.52,1:02.93,10,大木義之,セ・清瀬,4/9,1:22.49,82.49,False,False,False,,,0.99,,False
77,長水路,10,男子,100m自由形,55～59歳,56.00,57.52,1:02.93,11,吉峯幸郎,セ・用賀,5/1,1:23.86,83.86,False,False,False,,,0.97,,False
77,長水路,10,男子,100m自由形,55～59歳,56.00,57.52,1:02.93,12,佐騰流生,セ・天王洲,2/8,1:39.26,99.25999999999999,False,False,False,,,0.99,,False
77,長水路,10,男子,100m自由形,55～59歳,56.00,57.52,1:02.93,13,半澤繁,セ・清瀬,1/2,1:45.57,105.57,False,False,False,,,0.9,,False
77,長水路,10,男子,100m自由形,50～54歳,54.15,54.61,1:00.40,1,石井龍,セ・成城,11/3,1:02.70,62.7,False,False,False,,,0.7,,False
77,長水路,10,男子,100m自由形,50～54歳,54.15,54.61,1:00.40,2,藤本豊和,セ・長津田,11/9,1:05.53,65.53,False,False,False,,,0.75,,False
77,長水路,10,男子,100m自由形,50～54歳,54.15,54.61,1:00.40,3,山田耕一,セ・清瀬,8/6,1:06.78,66.78,False,False,False,,,0.75,,False
77,長水路,10,男子,100m自由形,50～54歳,54.15,54.61,1:00.40,4,西野宮冬木,セ・長津田,8/7,1:07.59,67.59,False,False,False,,,0.95,,False
77,長水路,10,男子,100m自由形,50～54歳,54.15,54.61,1:00.40,5,藤井清和,セ・武蔵小杉,7/6,1:10.58,70.58,False,False,False,,,0.65,,False
77,長水路,10,男子,100m自由形,50～54歳,54.15,54.61,1:00.40,6,前田光輝,セ・おおたか,3/10,1:10.98,70.98,False,False,False,,,0.68,,False
77,長水路,10,男子,100m自由形,50～54歳,54.15,54.61,1:00.40,7,青木健二,セ・蒲田,8/1,1:12.71,72.71000000000001,False,False,False,,,0.6,,False
77,長水路,10,男子,100m自由形,50～54歳,,,,8,足立晃,セ・新川崎,7/5,1:12.73,72.73,False,False,False,,,0.75,,False
77,長水路,10,男子,100m自由形,50～54歳,,,,9,岡田能行,セ・越谷,6/1,1:16.76,76.76,False,False,False,,,0.79,,False
77,長水路,10,男子,100m自由形,50～54歳,,,,10,平田博之,セ・ときわ台,4/8,1:23.33,83.33,False,False,False,,,0.91,,False
77,長水路,10,男子,100m自由形,50～54歳,,,,11,バーンズノーマンウィ,セ・松戸,4/6,1:29.11,89.11,False,False,False,,,1.07,,False
77,長水路,10,男子,100m自由形,50～54歳,,,,12,今井英大,セ・川越,1/9,1:30.38,90.38,False,False,False,,,1.12,,False
77,長水路,10,男子,100m自由形,50～54歳,,,,13,高梨繁,ザバス川崎,3/7,1:33.84,93.84,False,False,False,,,0.69,,False
77,長水路,10,男子,100m自由形,45～49歳,52.24,52.24,56.53,1,北川貴義,セ・阿佐谷,11/10,1:01.83,61.83,False,False,False,,,0.69,,False
77,長水路,10,男子,100m自由形,45～49歳,52.24,52.24,56.53,2,神部孝高,セ・用賀,9/5,1:02.87,62.87,False,False,False,,,0.76,,False
77,長水路,10,男子,100m自由形,45～49歳,52.24,52.24,56.53,3,小室秀幸,セ・八王子,9/9,1:04.27,64.27,False,False,False,,,0.69,,False
77,長水路,10,男子,100m自由形,45～49歳,52.24,52.24,56.53,4,堀川広祐,セ・二俣川,9/4,1:05.62,65.62,False,False,False,,,0.65,,False
77,長水路,10,男子,100m自由形,45～49歳,52.24,52.24,56.53,5,磯貝知弘,セ・柏,9/7,1:07.01,67.01,False,False,False,,,0.82,,False
77,長水路,10,男子,100m自由形,45～49歳,52.24,52.24,56.53,6,宅間健介,セ・天王洲,8/3,1:08.72,68.72,False,False,False,,,0.76,,False
77,長水路,10,男子,100m自由形,45～49歳,52.24,52.24,56.53,7,山岡裕和,セ・ときわ台,8/2,1:09.05,69.05,False,False,False,,,0.89,,False
77,長水路,10,男子,100m自由形,45～49歳,52.24,52.24,56.53,8,西田幸弘,セ・藤沢,6/3,1:10.07,70.07,False,False,False,,,1.12,,False
77,長水路,10,男子,100m自由形,45～49歳,52.24,52.24,56.53,9,菅原弘貴,セ・福生,7/2,1:11.50,71.5,False,False,False,,,0.75,,False
77,長水路,10,男子,100m自由形,45～49歳,52.24,52.24,56.53,10,小島直政,セ・久喜,4/7,1:15.54,75.53999999999999,False,False,False,,,1.07,,False
77,長水路,10,男子,100m自由形,45～49歳,52.24,52.24,56.53,11,田辺直行,セ・武蔵小杉,5/10,1:19.12,79.12,False,False,False,,,0.9,,False
77,長水路,10,男子,100m自由形,45～49歳,52.24,52.24,56.53,12,小林貴大,セ・蘇我,5/8,1:20.21,80.21000000000001,False,False,False,,,0.76,,False
77,長水路,10,男子,100m自由形,40～44歳,,,,1,鶴谷学,セ・二俣川,12/5,56.20,56.2,True,False,False,,,0.68,,False
77,長水路,10,男子,100m自由形,40～44歳,,,,2,森本祐一,セ・清瀬,9/6,1:02.39,62.39,False,False,False,,,0.78,,False
77,長水路,10,男子,100m自由形,40～44歳,,,,3,植木秀志,セ・久喜,9/3,1:03.07,63.07,False,False,False,,,0.63,,False
77,長水路,10,男子,100m自由形,40～44歳,,,,4,矢作歩,セ・長津田,10/8,1:03.93,63.93,False,False,False,,,0.84,,False
77,長水路,10,男子,100m自由形,40～44歳,,,,5,木村知行,セ・二俣川,9/8,1:04.73,64.73,False,False,False,,,0.74,,False
77,長水路,10,男子,100m自由形,40～44歳,,,,6,田子晃,セ・自由が丘,7/7,1:10.69,70.69,False,False,False,,,0.77,,False
77,長水路,10,男子,100m自由形,40～44歳,,,,7,田中遼太,セ・慶應日吉,4/2,1:19.33,79.33,False,False,False,,,0.71,,False
77,長水路,10,男子,100m自由形,40～44歳,,,,8,小田島丈典,セ・福生,7/3,1:20.33,80.33,False,False,False,,,0.78,,False
77,長水路,10,男子,100m自由形,40～44歳,,,,9,清水大輔,セ・桶川北本,3/3,1:29.90,89.9,False,False,False,,,0.89,,False
77,長水路,10,男子,100m自由形,35～39歳,50.78,50.78,53.85,1,高木祥一,セ・武蔵小杉,12/7,57.56,57.56,False,False,False,,,0.67,,False
77,長水路,10,男子,100m自由形,35～39歳,50.78,50.78,53.85,2,奥平竜司,セ・武蔵小杉,11/5,59.37,59.37,False,False,False,,,0.65,,False
77,長水路,10,男子,100m自由形,35～39歳,50.78,50.78,53.85,3,椎本恭平,セ・阿佐谷,11/6,59.47,59.47,False,False,False,,,0.65,,False
77,長水路,10,男子,100m自由形,35～39歳,50.78,50.78,53.85,4,岩本和也,セ・志木,12/1,59.66,59.66,False,False,False,,,0.64,,False
77,長水路,10,男子,100m自由形,35～39歳,50.78,50.78,53.85,5,和田亮,セ・阿佐谷,10/9,1:09.05,69.05,False,False,False,,,0.77,,False
77,長水路,10,男子,100m自由形,35～39歳,50.78,50.78,53.85,6,三浦惇生,セ・武蔵小杉,6/9,1:12.08,72.08,False,False,False,,,0.87,,False
77,長水路,10,男子,100m自由形,35～39歳,50.78,50.78,53.85,7,増田究,セ・平塚,6/2,1:14.94,74.94,False,False,False,,,0.66,,False
77,長水路,10,男子,100m自由形,30～34歳,49.80,51.34,53.90,1,板垣義人,セ・トレッサ,12/3,56.38,56.38,False,False,False,,,0.72,,False
77,長水路,10,男子,100m自由形,30～34歳,49.80,51.34,53.90,2,内藤寿輝,セ・大森,12/6,56.90,56.9,False,False,False,,,0.86,,False
77,長水路,10,男子,100m自由形,30～34歳,,,,3,伊藤孝優,セ・八王子,10/3,1:01.26,61.26,False,False,False,,,0.86,,False
77,長水路,10,男子,100m自由形,30～34歳,,,,4,寺田遼太,セ・天王洲,9/1,1:10.24,70.24,False,False,False,,,0.84,,False
77,長水路,10,男子,100m自由形,30～34歳,,,,5,山田義明,セ・おおたか,2/1,1:20.65,80.65,False,False,False,,,1.09,,False
77,長水路,10,男子,100m自由形,25～29歳,48.72,50.75,52.13,1,小林和矢,セ・成城,8/5,57.79,57.79,False,False,False,,,0.67,,False
77,長水路,10,男子,100m自由形,25～29歳,48.72,50.75,52.13,2,松澤朋樹,セ・武蔵小杉,12/4,59.62,59.62,False,False,False,,,0.79,,False
77,長水路,10,男子,100m自由形,25～29歳,48.72,50.75,52.13,3,前島悠也,セ・葛西,12/9,1:00.61,60.61,False,False,False,,,0.65,,False
77,長水路,10,男子,100m自由形,25～29歳,48.72,50.75,52.13,4,加納聖士,セ・葛西,11/7,1:01.49,61.49,False,False,False,,,0.69,,False
77,長水路,10,男子,100m自由形,25～29歳,48.72,50.75,52.13,5,泉翔太,セ・葛西,11/4,1:01.71,61.71,False,False,False,,,0.74,,False
77,長水路,10,男子,100m自由形,25～29歳,48.72,50.75,52.13,6,武本侑己,セ・青砥,8/9,1:02.77,62.77,False,False,False,,,0.76,,False
77,長水路,10,男子,100m自由形,25～29歳,48.72,50.75,52.13,7,竹下翔,セ・長津田,8/10,1:13.29,73.28999999999999,False,False,False,,,0.63,,False
77,長水路,10,男子,100m自由形,18～24歳,,,52.11,1,設樂航希,セ・流山,12/8,55.39,55.39,False,False,False,,,0.65,,False
77,長水路,10,男子,100m自由形,18～24歳,,,52.11,2,木村隼人,セ・八王子,10/4,58.00,58.0,False,False,False,,,0.64,,False
77,長水路,10,男子,100m自由形,18～24歳,,,52.11,3,荒井優吾,セ・成瀬,12/2,58.63,58.63,False,False,False,,,0.65,,False
77,長水路,10,男子,100m自由形,18～24歳,,,52.11,4,重高良彦,セ・能見台,10/10,59.06,59.06,False,False,False,,,0.72,,False
77,長水路,10,男子,100m自由形,18～24歳,,,52.11,5,伊藤水晶,セ・松戸,12/10,1:00.62,60.62,False,False,False,,,0.67,,False
77,長水路,10,男子,100m自由形,18～24歳,,,52.11,6,柿沼龍史,セ・成城,9/10,1:00.92,60.92,False,False,False,,,0.61,,False
77,長水路,10,男子,100m自由形,18～24歳,,,52.11,7,法領田徳丞,セ・蒲田,10/6,1:01.56,61.56,False,False,False,,,0.57,,False
77,長水路,10,男子,100m自由形,18～24歳,,,52.11,8,金子智哉,セ・清瀬,11/1,1:02.03,62.03,False,False,False,,,0.8,,False
77,長水路,10,男子,100m自由形,18～24歳,,,,9,山﨑陸真,セ・二俣川,10/1,1:04.05,64.05,False,False,False,,,0.67,,False
77,長水路,10,男子,100m自由形,18～24歳,,,,10,西沢歩,セ・清瀬,10/7,1:04.58,64.58,False,False,False,,,0.68,,False
77,長水路,10,男子,100m自由形,18～24歳,,,,11,池内駿文,セ・東十条,11/2,1:06.95,66.95,False,False,False,,,0.83,,False
77,長水路,10,男子,100m自由形,18～24歳,,,,12,岩崎伊吹,セ・おおたか,11/8,1:07.47,67.47,False,False,False,,,0.66,,False
77,長水路,13,女子,50m背泳ぎ,85～89歳,47.23,47.23,59.22,1,大塚裕子,セ・成城,8/6,59.14,59.14,True,False,False,,,0.6,,False
77,長水路,13,女子,50m背泳ぎ,85～89歳,47.23,47.23,59.22,2,田中もみぢ,セ・おおたか,6/9,1:00.93,60.93,False,False,False,,,0.83,,False
77,長水路,13,女子,50m背泳ぎ,85～89歳,47.23,47.23,59.22,3,須山順子,セ・松戸,4/6,1:05.44,65.44,False,False,False,,,0.91,,False
77,長水路,13,女子,50m背泳ぎ,85～89歳,47.23,47.23,59.22,4,田之上ノブ,セ・蘇我,2/5,1:05.80,65.8,False,False,False,,,0.93,,False
77,長水路,13,女子,50m背泳ぎ,85～89歳,47.23,47.23,59.22,5,森川タエ子,セ・我孫子,1/3,1:11.84,71.84,False,False,False,,,1.08,,False
77,長水路,13,女子,50m背泳ぎ,85～89歳,47.23,47.23,59.22,6,平田美佐子,セ・天王洲,1/5,1:18.41,78.41,False,False,False,,,0.81,,False
77,長水路,13,女子,50m背泳ぎ,80～84歳,43.04,43.04,52.86,1,田神洋子,セ・トレッサ,4/3,55.87,55.87,False,False,False,,,0.66,,False
77,長水路,13,女子,50m背泳ぎ,80～84歳,43.04,43.04,52.86,2,舘野圭子,セ・用賀,5/6,1:01.66,61.66,False,False,False,,,0.67,,False
77,長水路,13,女子,50m背泳ぎ,80～84歳,43.04,43.04,52.86,3,三浦実恵子,セ・館山,5/5,1:03.58,63.58,False,False,False,,,0.87,,False
77,長水路,13,女子,50m背泳ぎ,80～84歳,43.04,43.04,52.86,4,浜野操子,セ・流山,4/7,1:05.44,65.44,False,False,False,,,0.68,,False
77,長水路,13,女子,50m背泳ぎ,80～84歳,43.04,43.04,52.86,5,岡本靖子,セ・慶應日吉,2/2,1:05.97,65.97,False,False,False,,,1.07,,False
77,長水路,13,女子,50m背泳ぎ,80～84歳,43.04,43.04,52.86,6,大浜南海江,セ・目黒,2/6,1:07.11,67.11,False,False,False,,,1.55,,False
77,長水路,13,女子,50m背泳ぎ,80～84歳,43.04,43.04,52.86,7,久保美紀枝,セ・流山,4/4,1:09.99,69.99,False,False,False,,,0.94,,False
77,長水路,13,女子,50m背泳ぎ,80～84歳,43.04,43.04,52.86,8,川端淑子,セ・天王洲,2/8,1:10.93,70.93,False,False,False,,,0.85,,False
77,長水路,13,女子,50m背泳ぎ,80～84歳,43.04,43.04,52.86,9,相澤和子,セ・新都心,3/5,1:17.29,77.28999999999999,False,False,False,,,0.6,,False
77,長水路,13,女子,50m背泳ぎ,80～84歳,43.04,43.04,52.86,10,柴田幸子,セ・ときわ台,1/2,1:37.46,97.46000000000001,False,False,False,,,1.48,,False
77,長水路,13,女子,50m背泳ぎ,75～79歳,40.08,40.56,48.00,1,藤井一恵,セ・大森,9/10,55.40,55.4,False,False,False,,,0.76,,False
77,長水路,13,女子,50m背泳ぎ,75～79歳,40.08,40.56,48.00,2,吉田三枝子,墨田区体育館,10/9,55.82,55.82,False,False,False,,,0.87,,False
77,長水路,13,女子,50m背泳ぎ,75～79歳,40.08,40.56,48.00,3,川口栄子,セ・松戸,9/3,56.86,56.86,False,False,False,,,0.94,,False
77,長水路,13,女子,50m背泳ぎ,75～79歳,40.08,40.56,48.00,4,中村敬子,セ・府中,7/5,57.55,57.55,False,False,False,,,0.91,,False
77,長水路,13,女子,50m背泳ぎ,75～79歳,40.08,40.56,48.00,5,栗林眞知子,セ・成城,7/3,57.92,57.92,False,False,False,,,0.77,,False
77,長水路,13,女子,50m背泳ぎ,75～79歳,40.08,40.56,48.00,6,古旗美鈴,セ・上池袋,9/5,58.30,58.3,False,False,False,,,0.81,,False
77,長水路,13,女子,50m背泳ぎ,75～79歳,40.08,40.56,48.00,7,星幸恵,クリーンスパ,6/6,58.67,58.67,False,False,False,,,0.78,,False
77,長水路,13,女子,50m背泳ぎ,75～79歳,40.08,40.56,48.00,8,内田良子,セ・用賀,8/4,1:00.04,60.04,False,False,False,,,0.91,,False
77,長水路,13,女子,50m背泳ぎ,75～79歳,40.08,40.56,48.00,9,浅野美恵子,セ・蒲田,7/4,1:00.11,60.11,False,False,False,,,0.9,,False
77,長水路,13,女子,50m背泳ぎ,75～79歳,40.08,40.56,48.00,10,原田早苗,セ・南千住,7/6,1:00.72,60.72,False,False,False,,,0.9,,False
77,長水路,13,女子,50m背泳ぎ,75～79歳,40.08,40.56,48.00,11,仲岡輝,セ・我孫子,5/4,1:01.17,61.17,False,False,False,,,0.75,,False
77,長水路,13,女子,50m背泳ぎ,75～79歳,40.08,40.56,48.00,12,岡田啓子,セ・桶川北本,7/7,1:01.52,61.52,False,False,False,,,1.08,,False
77,長水路,13,女子,50m背泳ぎ,75～79歳,40.08,40.56,48.00,13,橋本順子,セ・おおたか,5/9,1:02.16,62.16,False,False,False,,,0.74,,False
77,長水路,13,女子,50m背泳ぎ,75～79歳,40.08,40.56,48.00,14,川島かよ子,セ・天王洲,5/10,1:03.45,63.45,False,False,False,,,1.08,,False
77,長水路,13,女子,50m背泳ぎ,75～79歳,40.08,40.56,48.00,15,松木弘美,セ・志木,3/6,1:04.25,64.25,False,False,False,,,0.89,,False
77,長水路,13,女子,50m背泳ぎ,75～79歳,,,,16,田野倉和子,セ・慶應日吉,2/4,1:06.59,66.59,False,False,False,,,0.86,,False
77,長水路,13,女子,50m背泳ぎ,75～79歳,,,,17,後藤節子,セ・松戸,5/1,1:07.04,67.04,False,False,False,,,0.88,,False
77,長水路,13,女子,50m背泳ぎ,75～79歳,,,,18,中田和子,セ・越谷,1/8,1:08.73,68.73,False,False,False,,,0.88,,False
77,長水路,13,女子,50m背泳ぎ,75～79歳,,,,19,山口英子,セ・流山,3/8,1:09.41,69.41,False,False,False,,,0.85,,False
77,長水路,13,女子,50m背泳ぎ,75～79歳,,,,20,栗原羊子,セ・流山,4/8,1:13.55,73.55,False,False,False,,,0.97,,False
77,長水路,13,女子,50m背泳ぎ,75～79歳,,,,21,山本まり子,セ・能見台,3/4,1:15.53,75.53,False,False,False,,,0.74,,False
77,長水路,13,女子,50m背泳ぎ,75～79歳,,,,22,小島律子,セ・谷津,1/4,1:16.73,76.73,False,False,False,,,0.78,,False
77,長水路,13,女子,50m背泳ぎ,75～79歳,,,,23,佐藤とき子,セ・蘇我,2/9,1:23.02,83.02,False,False,False,,,0.92,,False
77,長水路,13,女子,50m背泳ぎ,75～79歳,,,,24,西村咲喜子,セ・志木,1/9,1:42.38,102.38,False,False,False,,,1.54,,False
77,長水路,13,女子,50m背泳ぎ,70～74歳,34.65,39.67,45.18,1,吉野治子,セ・成城,15/1,48.53,48.53,False,False,False,,,0.74,,False
77,長水路,13,女子,50m背泳ぎ,70～74歳,34.65,39.67,45.18,2,松村恵子,セ・葛西,13/5,49.84,49.84,False,False,False,,,0.73,,False
77,長水路,13,女子,50m背泳ぎ,70～74歳,34.65,39.67,45.18,3,石塚孝子,セ・志木,12/3,50.85,50.85,False,False,False,,,0.88,,False
77,長水路,13,女子,50m背泳ぎ,70～74歳,34.65,39.67,45.18,4,市野克子,セ・大森,11/4,50.97,50.97,False,False,False,,,0.84,,False
77,長水路,13,女子,50m背泳ぎ,70～74歳,34.65,39.67,45.18,5,近藤ひな子,セ・二俣川,11/6,51.09,51.09,False,False,False,,,0.76,,False
77,長水路,13,女子,50m背泳ぎ,70～74歳,34.65,39.67,45.18,6,水谷裕子,セ・西新井,12/2,53.30,53.3,False,False,False,,,0.81,,False
77,長水路,13,女子,50m背泳ぎ,70～74歳,34.65,39.67,45.18,7,見崎幸子,墨田区体育館,9/9,53.52,53.52,False,False,False,,,0.91,,False
77,長水路,13,女子,50m背泳ぎ,70～74歳,34.65,39.67,45.18,8,平山啓子,セ・南青山,9/4,55.82,55.82,False,False,False,,,0.8,,False
77,長水路,13,女子,50m背泳ぎ,70～74歳,34.65,39.67,45.18,8,梅田栄己子,セ・天王洲,9/6,55.82,55.82,False,False,False,,,0.94,,False
77,長水路,13,女子,50m背泳ぎ,70～74歳,34.65,39.67,45.18,10,儀保都志子,セ・成瀬,5/8,56.22,56.22,False,False,False,,,0.71,,False
77,長水路,13,女子,50m背泳ぎ,70～74歳,34.65,39.67,45.18,11,相澤史子,セ・松戸,11/10,56.54,56.54,False,False,False,,,0.63,,False
77,長水路,13,女子,50m背泳ぎ,70～74歳,34.65,39.67,45.18,12,岡村悦子,セ・おおたか,4/9,57.86,57.86,False,False,False,,,0.73,,False
77,長水路,13,女子,50m背泳ぎ,70～74歳,34.65,39.67,45.18,13,矢島きよえ,CS南行徳,5/3,59.29,59.29,False,False,False,,,0.94,,False
77,長水路,13,女子,50m背泳ぎ,70～74歳,34.65,39.67,45.18,14,大久保祐美子,セ・おおたか,5/2,59.47,59.47,False,False,False,,,0.84,,False
77,長水路,13,女子,50m背泳ぎ,70～74歳,34.65,39.67,45.18,15,樋口孝子,セ・阿佐谷,7/8,59.89,59.89,False,False,False,,,1.14,,False
77,長水路,13,女子,50m背泳ぎ,70～74歳,34.65,39.67,45.18,16,藤田悦子,セ・二俣川,3/9,1:00.51,60.51,False,False,False,,,0.88,,False
77,長水路,13,女子,50m背泳ぎ,70～74歳,34.65,39.67,45.18,17,吉田あけみ,セ・館山,6/3,1:01.32,61.32,False,False,False,,,0.86,,False
77,長水路,13,女子,50m背泳ぎ,70～74歳,34.65,39.67,45.18,18,池淵玲子,セ・慶應日吉,6/2,1:01.46,61.46,False,False,False,,,0.73,,False
77,長水路,13,女子,50m背泳ぎ,70～74歳,34.65,39.67,45.18,19,若松はる子,セ・松戸,6/4,1:01.65,61.65,False,False,False,,,0.69,,False
77,長水路,13,女子,50m背泳ぎ,70～74歳,34.65,39.67,45.18,20,若林多恵子,セ・谷津,1/7,1:02.30,62.3,False,False,False,,,1.08,,False
77,長水路,13,女子,50m背泳ぎ,70～74歳,34.65,39.67,45.18,21,岩塚美恵子,セ・越谷,3/2,1:02.73,62.73,False,False,False,,,0.81,,False
77,長水路,13,女子,50m背泳ぎ,70～74歳,34.65,39.67,45.18,22,鬼束洋子,セ・天王洲,2/7,1:03.22,63.22,False,False,False,,,0.7,,False
77,長水路,13,女子,50m背泳ぎ,70～74歳,34.65,39.67,45.18,23,青木洋子,墨田区体育館,5/7,1:03.72,63.72,False,False,False,,,0.84,,False
77,長水路,13,女子,50m背泳ぎ,70～74歳,34.65,39.67,45.18,24,橋本美千代,セ・志木,3/1,1:06.93,66.93,False,False,False,,,1.05,,False
77,長水路,13,女子,50m背泳ぎ,70～74歳,34.65,39.67,45.18,25,上野俊子,セ・桶川北本,4/2,1:07.50,67.5,False,False,False,,,0.86,,False
77,長水路,13,女子,50m背泳ぎ,70～74歳,34.65,39.67,45.18,26,樋口恵子,セ・能見台,4/5,1:09.17,69.17,False,False,False,,,1.05,,False
77,長水路,13,女子,50m背泳ぎ,70～74歳,,,,27,長谷川節子,セ・天王洲,4/1,1:09.74,69.74,False,False,False,,,0.69,,False
77,長水路,13,女子,50m背泳ぎ,70～74歳,,,,28,于亜芝,セ・南千住,10/6,1:09.88,69.88,False,False,False,,,0.79,,False
77,長水路,13,女子,50m背泳ぎ,70～74歳,,,,29,友野敬子,セ・館山,2/3,1:11.06,71.06,False,False,False,,,0.71,,False
77,長水路,13,女子,50m背泳ぎ,70～74歳,,,,30,石村眞理子,セ・新川崎,3/3,1:11.26,71.26,False,False,False,,,0.99,,False
77,長水路,13,女子,50m背泳ぎ,70～74歳,,,,31,寺西寿賀子,セ・天王洲,6/8,1:11.61,71.61,False,False,False,,,0.83,,False
77,長水路,13,女子,50m背泳ぎ,70～74歳,,,,32,神村祥子,クリーンスパ,1/6,1:13.09,73.09,False,False,False,,,0.8,,False
77,長水路,13,女子,50m背泳ぎ,65～69歳,33.59,37.54,43.31,1,石田良子,セ・越谷,14/4,43.86,43.86,False,False,False,,,0.56,,False
77,長水路,13,女子,50m背泳ぎ,65～69歳,33.59,37.54,43.31,2,田代眞理子,セ・成城,14/6,47.28,47.28,False,False,False,,,0.76,,False
77,長水路,13,女子,50m背泳ぎ,65～69歳,33.59,37.54,43.31,3,山本由起子,セ・南千住,13/6,47.74,47.74,False,False,False,,,0.76,,False
77,長水路,13,女子,50m背泳ぎ,65～69歳,33.59,37.54,43.31,4,森本美恵,セ・松戸,12/5,49.11,49.11,False,False,False,,,0.79,,False
77,長水路,13,女子,50m背泳ぎ,65～69歳,33.59,37.54,43.31,5,相馬絹代,セ・溝ノ口,12/4,49.72,49.72,False,False,False,,,0.69,,False
77,長水路,13,女子,50m背泳ぎ,65～69歳,33.59,37.54,43.31,6,石崎節代,セ・南千住,12/9,50.22,50.22,False,False,False,,,0.93,,False
77,長水路,13,女子,50m背泳ぎ,65～69歳,33.59,37.54,43.31,7,櫻田琴,セ・天王洲,10/7,51.38,51.38,False,False,False,,,0.7,,False
77,長水路,13,女子,50m背泳ぎ,65～69歳,33.59,37.54,43.31,8,関矢秀子,セ・大宮宮原,11/5,51.94,51.94,False,False,False,,,0.73,,False
77,長水路,13,女子,50m背泳ぎ,65～69歳,33.59,37.54,43.31,9,江幡菜穂子,クリーンスパ,10/1,52.21,52.21,False,False,False,,,0.76,,False
77,長水路,13,女子,50m背泳ぎ,65～69歳,33.59,37.54,43.31,10,原昌代,セ・市ヶ尾,11/3,52.51,52.51,False,False,False,,,0.6,,False
77,長水路,13,女子,50m背泳ぎ,65～69歳,33.59,37.54,43.31,11,岡田美恵子,セ・溝ノ口,11/1,52.99,52.99,False,False,False,,,0.75,,False
77,長水路,13,女子,50m背泳ぎ,65～69歳,33.59,37.54,43.31,12,掃部典子,曽谷・セ,10/3,53.72,53.72,False,False,False,,,0.81,,False
77,長水路,13,女子,50m背泳ぎ,65～69歳,33.59,37.54,43.31,13,小笠原京子,セ・流山,7/1,53.87,53.87,False,False,False,,,0.77,,False
77,長水路,13,女子,50m背泳ぎ,65～69歳,33.59,37.54,43.31,14,東海林慶美,セ・蒲田,11/2,54.34,54.34,False,False,False,,,0.67,,False
77,長水路,13,女子,50m背泳ぎ,65～69歳,33.59,37.54,43.31,15,上松弘子,セ・上池袋,10/5,55.12,55.12,False,False,False,,,0.85,,False
77,長水路,13,女子,50m背泳ぎ,65～69歳,33.59,37.54,43.31,16,宮原美穂,セ・福生,6/5,57.12,57.12,False,False,False,,,0.96,,False
77,長水路,13,女子,50m背泳ぎ,65～69歳,33.59,37.54,43.31,17,新井瑞枝,セ・流山,7/2,58.52,58.52,False,False,False,,,0.94,,False
77,長水路,13,女子,50m背泳ぎ,65～69歳,33.59,37.54,43.31,18,渡辺米子,クリーンスパ,9/2,59.35,59.35,False,False,False,,,0.82,,False
77,長水路,13,女子,50m背泳ぎ,65～69歳,33.59,37.54,43.31,19,畠山眞由美,セ・柏,8/7,1:00.87,60.87,False,False,False,,,0.82,,False
77,長水路,13,女子,50m背泳ぎ,65～69歳,33.59,37.54,43.31,20,須田菜奈子,セ・桶川北本,7/10,1:02.77,62.77,False,False,False,,,0.88,,False
77,長水路,13,女子,50m背泳ぎ,65～69歳,33.59,37.54,43.31,,豊田典子,セ・下北沢,7/9,,,False,False,False,,,,,False
77,長水路,13,女子,50m背泳ぎ,60～64歳,33.38,36.26,36.26,1,西井良子,セ・福生,17/2,38.62,38.62,False,False,False,,,0.61,,False
77,長水路,13,女子,50m背泳ぎ,60～64歳,33.38,36.26,36.26,2,石井裕美,セ・ときわ台,17/9,41.54,41.54,False,False,False,,,0.65,,False
77,長水路,13,女子,50m背泳ぎ,60～64歳,33.38,36.26,36.26,3,武井麻知子,セ・二俣川,16/5,42.41,42.41,False,False,False,,,0.73,,False
77,長水路,13,女子,50m背泳ぎ,60～64歳,33.38,36.26,36.26,4,上野真弓,セ・二俣川,16/7,44.33,44.33,False,False,False,,,0.81,,False
77,長水路,13,女子,50m背泳ぎ,60～64歳,,,,5,茂櫛典子,セ・成城,14/7,45.61,45.61,False,False,False,,,0.55,,False
77,長水路,13,女子,50m背泳ぎ,60～64歳,,,,6,吉川千晶,Ｇ－ＳＰＡ,15/4,45.68,45.68,False,False,False,,,0.75,,False
77,長水路,13,女子,50m背泳ぎ,60～64歳,,,,7,佐藤明美,セ・館山,15/10,46.45,46.45,False,False,False,,,0.78,,False
77,長水路,13,女子,50m背泳ぎ,60～64歳,,,,8,座間千鶴子,ザバス八景,14/3,46.80,46.8,False,False,False,,,0.54,,False
77,長水路,13,女子,50m背泳ぎ,60～64歳,,,,9,高見沢ゆみ子,セ・慶應日吉,14/8,47.49,47.49,False,False,False,,,0.64,,False
77,長水路,13,女子,50m背泳ぎ,60～64歳,,,,10,松田聡美,セ・成城,14/5,47.71,47.71,False,False,False,,,0.77,,False
77,長水路,13,女子,50m背泳ぎ,60～64歳,,,,11,田村明美,セ・慶應日吉,12/6,48.89,48.89,False,False,False,,,0.88,,False
77,長水路,13,女子,50m背泳ぎ,60～64歳,,,,12,大槻真由美,セ・清瀬,14/2,49.70,49.7,False,False,False,,,0.76,,False
77,長水路,13,女子,50m背泳ぎ,60～64歳,,,,13,野崎由美子,セ・おおたか,11/8,50.30,50.3,False,False,False,,,0.72,,False
77,長水路,13,女子,50m背泳ぎ,60～64歳,,,,14,神保清美,セ・自由が丘,12/7,50.59,50.59,False,False,False,,,0.75,,False
77,長水路,13,女子,50m背泳ぎ,60～64歳,,,,15,相澤紋美,セ・阿佐谷,11/7,51.74,51.74,False,False,False,,,0.72,,False
77,長水路,13,女子,50m背泳ぎ,60～64歳,,,,16,太刀岡早苗,セ・市ヶ尾,8/2,54.44,54.44,False,False,False,,,0.93,,False
77,長水路,13,女子,50m背泳ぎ,60～64歳,,,,16,宮内麻里,曽谷・セ,12/10,54.44,54.44,False,False,False,,,0.85,,False
77,長水路,13,女子,50m背泳ぎ,60～64歳,,,,18,津布楽美恵子,セ・ときわ台,6/10,54.60,54.6,False,False,False,,,0.84,,False
77,長水路,13,女子,50m背泳ぎ,60～64歳,,,,19,吉野ひとみ,セ・松戸,10/10,56.21,56.21,False,False,False,,,0.83,,False
77,長水路,13,女子,50m背泳ぎ,60～64歳,,,,20,三木純子,セ・流山,6/1,56.50,56.5,False,False,False,,,0.78,,False
77,長水路,13,女子,50m背泳ぎ,60～64歳,,,,21,田中香苗,セ・青砥,9/1,58.01,58.01,False,False,False,,,0.98,,False
77,長水路,13,女子,50m背泳ぎ,60～64歳,,,,22,原田由美子,セ・慶應日吉,8/3,58.59,58.59,False,False,False,,,0.83,,False
77,長水路,13,女子,50m背泳ぎ,60～64歳,,,,23,榮真須美,セ・慶應日吉,8/8,1:00.02,60.02,False,False,False,,,0.72,,False
77,長水路,13,女子,50m背泳ぎ,60～64歳,,,,24,菊池佐千代,セ・流山,4/10,1:02.71,62.71,False,False,False,,,0.74,,False
77,長水路,13,女子,50m背泳ぎ,55～59歳,31.99,33.60,35.76,1,仲田久美子,セ・成城,17/1,40.48,40.48,False,False,False,,,0.7,,False
77,長水路,13,女子,50m背泳ぎ,55～59歳,31.99,33.60,35.76,2,八尋加苗,セ・松戸,16/4,43.71,43.71,False,False,False,,,0.64,,False
77,長水路,13,女子,50m背泳ぎ,55～59歳,31.99,33.60,35.76,3,生田目則子,セ・自由が丘,16/3,43.95,43.95,False,False,False,,,0.73,,False
77,長水路,13,女子,50m背泳ぎ,55～59歳,31.99,33.60,35.76,4,及川薫,セ・松戸,15/6,45.39,45.39,False,False,False,,,0.69,,False
77,長水路,13,女子,50m背泳ぎ,55～59歳,31.99,33.60,35.76,5,小林のぞみ,セ・越谷,13/7,45.79,45.79,False,False,False,,,0.64,,False
77,長水路,13,女子,50m背泳ぎ,55～59歳,31.99,33.60,35.76,6,中野朗子,セ・慶應日吉,13/4,47.19,47.19,False,False,False,,,0.61,,False
77,長水路,13,女子,50m背泳ぎ,55～59歳,31.99,33.60,35.76,7,大野結実,セ・横浜,13/8,48.59,48.59,False,False,False,,,0.95,,False
77,長水路,13,女子,50m背泳ぎ,55～59歳,31.99,33.60,35.76,8,小倉直美,セ・清瀬,14/9,49.52,49.52,False,False,False,,,0.84,,False
77,長水路,13,女子,50m背泳ぎ,55～59歳,31.99,33.60,35.76,9,山本登美子,セ・桶川北本,12/8,50.53,50.53,False,False,False,,,0.8,,False
77,長水路,13,女子,50m背泳ぎ,55～59歳,31.99,33.60,35.76,10,柳田喜代美,セ・能見台,2/10,51.26,51.26,False,False,False,,,0.84,,False
77,長水路,13,女子,50m背泳ぎ,55～59歳,31.99,33.60,35.76,11,蔵屋由紀子,セ・新川崎,9/7,56.35,56.35,False,False,False,,,0.95,,False
77,長水路,13,女子,50m背泳ぎ,55～59歳,31.99,33.60,35.76,12,日置睦,セ・我孫子,2/1,1:02.55,62.55,False,False,False,,,0.93,,False
77,長水路,13,女子,50m背泳ぎ,50～54歳,31.59,32.51,32.51,1,舘野美香,セ・目黒,19/1,36.39,36.39,False,False,False,,,0.72,,False
77,長水路,13,女子,50m背泳ぎ,50～54歳,31.59,32.51,32.51,2,梅澤亮子,セ・桶川北本,18/6,36.69,36.69,False,False,False,,,0.7,,False
77,長水路,13,女子,50m背泳ぎ,50～54歳,31.59,32.51,32.51,3,浅尾有香,セ・大森,17/6,37.59,37.59,False,False,False,,,0.72,,False
77,長水路,13,女子,50m背泳ぎ,50～54歳,31.59,32.51,32.51,4,佐々木美佐,セ・平塚,18/8,38.81,38.81,False,False,False,,,0.69,,False
77,長水路,13,女子,50m背泳ぎ,50～54歳,31.59,32.51,32.51,5,棚網恵理,セ・阿佐谷,17/5,40.44,40.44,False,False,False,,,0.63,,False
77,長水路,13,女子,50m背泳ぎ,50～54歳,31.59,32.51,32.51,6,菅原幸,セ・トレッサ,17/3,40.60,40.6,False,False,False,,,0.59,,False
77,長水路,13,女子,50m背泳ぎ,50～54歳,31.59,32.51,32.51,7,友田智哲,セ・南青山,16/8,40.73,40.73,False,False,False,,,0.7,,False
77,長水路,13,女子,50m背泳ぎ,50～54歳,31.59,32.51,32.51,8,森直子,セ・成城,16/2,43.46,43.46,False,False,False,,,0.99,,False
77,長水路,13,女子,50m背泳ぎ,50～54歳,31.59,32.51,32.51,9,吉岡智子,セ・新都心,16/10,44.49,44.49,False,False,False,,,0.77,,False
77,長水路,13,女子,50m背泳ぎ,50～54歳,31.59,32.51,32.51,10,佐藤洋子,セ・成城,15/7,45.55,45.55,False,False,False,,,0.71,,False
77,長水路,13,女子,50m背泳ぎ,50～54歳,31.59,32.51,32.51,11,北瀬あづさ,セ・市ヶ尾,13/2,46.77,46.77,False,False,False,,,0.71,,False
77,長水路,13,女子,50m背泳ぎ,50～54歳,31.59,32.51,32.51,12,捶井泰子,セ・用賀,15/9,47.96,47.96,False,False,False,,,0.87,,False
77,長水路,13,女子,50m背泳ぎ,50～54歳,31.59,32.51,32.51,13,糸川永利子,セ・用賀,13/3,48.78,48.78,False,False,False,,,0.69,,False
77,長水路,13,女子,50m背泳ぎ,50～54歳,31.59,32.51,32.51,14,森川佳奈子,クリーンスパ,14/10,49.57,49.57,False,False,False,,,0.73,,False
77,長水路,13,女子,50m背泳ぎ,50～54歳,31.59,32.51,32.51,15,比留川美緒,セ・平塚,8/1,50.73,50.73,False,False,False,,,0.79,,False
77,長水路,13,女子,50m背泳ぎ,50～54歳,31.59,32.51,32.51,16,小川史枝,セ・越谷LT,10/2,55.09,55.09,False,False,False,,,1.51,,False
77,長水路,13,女子,50m背泳ぎ,50～54歳,31.59,32.51,32.51,17,村岡貴子,セ・桶川北本,8/9,56.43,56.43,False,False,False,,,0.88,,False
77,長水路,13,女子,50m背泳ぎ,50～54歳,31.59,32.51,32.51,18,片岡久美子,セ・茂原,13/9,59.41,59.41,False,False,False,,,1.24,,False
77,長水路,13,女子,50m背泳ぎ,50～54歳,31.59,32.51,32.51,19,久保洋子,セ・流山,3/7,1:10.83,70.83,False,False,False,,,0.61,,False
77,長水路,13,女子,50m背泳ぎ,45～49歳,31.02,31.38,34.69,1,片岡祥子,セ・千葉みなと,19/10,36.34,36.34,False,False,False,,,0.73,,False
77,長水路,13,女子,50m背泳ぎ,45～49歳,31.02,31.38,34.69,2,坂本桃枝,Ｇ－ＳＰＡ,18/9,37.33,37.33,False,False,False,,,0.76,,False
77,長水路,13,女子,50m背泳ぎ,45～49歳,31.02,31.38,34.69,3,青山里香,セ・成瀬,18/2,38.05,38.05,False,False,False,,,0.63,,False
77,長水路,13,女子,50m背泳ぎ,45～49歳,31.02,31.38,34.69,4,木村美佐子,セ・南宇都宮,15/5,38.52,38.52,False,False,False,,,0.68,,False
77,長水路,13,女子,50m背泳ぎ,45～49歳,31.02,31.38,34.69,5,栗山貴子,セ・武蔵小杉,17/8,39.75,39.75,False,False,False,,,0.75,,False
77,長水路,13,女子,50m背泳ぎ,45～49歳,31.02,31.38,34.69,6,関康代,セ・宇都宮,13/1,43.25,43.25,False,False,False,,,0.68,,False
77,長水路,13,女子,50m背泳ぎ,45～49歳,31.02,31.38,34.69,7,草野茜,セ・二俣川,17/10,44.06,44.06,False,False,False,,,0.77,,False
77,長水路,13,女子,50m背泳ぎ,45～49歳,31.02,31.38,34.69,8,高橋麻子,セ・市ヶ尾,15/3,44.30,44.3,False,False,False,,,0.79,,False
77,長水路,13,女子,50m背泳ぎ,45～49歳,31.02,31.38,34.69,9,高橋里美,セ・横浜,8/10,1:00.24,60.24,False,False,False,,,0.72,,False
77,長水路,13,女子,50m背泳ぎ,40～44歳,29.62,31.04,34.00,1,永田加那子,セ・葛西,19/2,38.22,38.22,False,False,False,,,0.52,,False
77,長水路,13,女子,50m背泳ぎ,40～44歳,29.62,31.04,34.00,2,小野真佐子,セ・阿佐谷,18/1,39.47,39.47,False,False,False,,,0.69,,False
77,長水路,13,女子,50m背泳ぎ,40～44歳,29.62,31.04,34.00,3,小高麻衣子,セ・市川,16/1,46.44,46.44,False,False,False,,,0.57,,False
77,長水路,13,女子,50m背泳ぎ,40～44歳,,,,4,吉田瑠夏,曽谷・セ,14/1,48.85,48.85,False,False,False,,,0.65,,False
77,長水路,13,女子,50m背泳ぎ,40～44歳,,,,5,小山内詔子,セ・下北沢,9/8,57.72,57.72,False,False,False,,,0.72,,False
77,長水路,13,女子,50m背泳ぎ,35～39歳,28.63,30.26,34.03,1,中畑眸,セ・成城,17/4,40.45,40.45,False,False,False,,,0.64,,False
77,長水路,13,女子,50m背泳ぎ,35～39歳,28.63,30.26,34.03,2,萩原ゆりか,セ・天王洲,18/10,40.92,40.92,False,False,False,,,0.78,,False
77,長水路,13,女子,50m背泳ぎ,35～39歳,28.63,30.26,34.03,3,李鎬善,セ・目黒,15/8,47.63,47.63,False,False,False,,,0.56,,False
77,長水路,13,女子,50m背泳ぎ,35～39歳,28.63,30.26,34.03,4,國政玲,セ・南青山,10/8,55.22,55.22,False,False,False,,,0.74,,False
77,長水路,13,女子,50m背泳ぎ,30～34歳,28.57,28.86,32.95,1,田中志歩,セ・大森,19/8,35.63,35.63,False,False,False,,,0.6,,False
77,長水路,13,女子,50m背泳ぎ,30～34歳,28.57,28.86,32.95,2,柳美希,セ・松戸,15/2,41.56,41.56,False,False,False,,,0.68,,False
77,長水路,13,女子,50m背泳ぎ,30～34歳,28.57,28.86,32.95,3,高橋未沙,セ・おおたか,13/10,46.64,46.64,False,False,False,,,0.76,,False
77,長水路,13,女子,50m背泳ぎ,30～34歳,28.57,28.86,32.95,4,角田優佳里,セ・青砥,12/1,46.84,46.84,False,False,False,,,0.81,,False
77,長水路,13,女子,50m背泳ぎ,25～29歳,28.39,28.99,32.05,1,岡澤志織,セ・茂原,19/6,31.83,31.83,True,False,False,,,0.62,,False
77,長水路,13,女子,50m背泳ぎ,25～29歳,28.39,28.99,32.05,2,仲田笑美,セ・成城,19/3,35.20,35.2,False,False,False,,,0.66,,False
77,長水路,13,女子,50m背泳ぎ,25～29歳,28.39,28.99,32.05,3,高橋美波,セ・武蔵小杉,18/4,35.41,35.41,False,False,False,,,0.59,,False
77,長水路,13,女子,50m背泳ぎ,25～29歳,28.39,28.99,32.05,4,石井理桜子,セ・市川,18/7,38.77,38.77,False,False,False,,,0.64,,False
77,長水路,13,女子,50m背泳ぎ,18～24歳,,,31.94,1,君島凜香,セ・おおたか,19/7,32.91,32.91,False,False,False,,,0.57,,False
77,長水路,13,女子,50m背泳ぎ,18～24歳,,,31.94,2,高﨑優奈,セ・清瀬,19/5,33.14,33.14,False,False,False,,,0.62,,False
77,長水路,13,女子,50m背泳ぎ,18～24歳,,,31.94,3,竜野萌,セ・自由が丘,18/3,34.67,34.67,False,False,False,,,0.7,,False
77,長水路,13,女子,50m背泳ぎ,18～24歳,,,31.94,4,遠藤優奈,セ・新都心,19/4,34.71,34.71,False,False,False,,,0.61,,False
77,長水路,13,女子,50m背泳ぎ,18～24歳,,,31.94,5,表侑寿,セ・二俣川,19/9,35.09,35.09,False,False,False,,,0.63,,False
77,長水路,13,女子,50m背泳ぎ,18～24歳,,,31.94,6,長崎千怜,セ・長津田,18/5,35.13,35.13,False,False,False,,,0.6,,False
77,長水路,13,女子,50m背泳ぎ,18～24歳,,,31.94,7,伊藤愛羅,セ・八王子,17/7,38.72,38.72,False,False,False,,,0.77,,False
77,長水路,13,女子,50m背泳ぎ,18～24歳,,,31.94,8,皆川すみれ,セ・南青山,16/9,44.04,44.04,False,False,False,,,0.72,,False
77,長水路,14,男子,50m背泳ぎ,80～84歳,36.83,38.16,42.72,1,谷口治典,セ・久喜,3/5,52.21,52.21,False,False,False,,,0.89,,False
77,長水路,14,男子,50m背泳ぎ,80～84歳,36.83,38.16,42.72,2,石川守也,セ・市川,2/5,52.99,52.99,False,False,False,,,0.72,,False
77,長水路,14,男子,50m背泳ぎ,80～84歳,36.83,38.16,42.72,3,中村欣正,セ・流山,3/6,1:00.79,60.79,False,False,False,,,0.76,,False
77,長水路,14,男子,50m背泳ぎ,80～84歳,36.83,38.16,42.72,4,丸本芳郎,ザバス鶴見,1/3,1:02.74,62.74,False,False,False,,,0.86,,False
77,長水路,14,男子,50m背泳ぎ,80～84歳,36.83,38.16,42.72,5,増山晶一,セ・下北沢,1/8,1:10.47,70.47,False,False,False,,,1.09,,False
77,長水路,14,男子,50m背泳ぎ,75～79歳,34.45,36.38,41.77,1,吉田亮,セ・成城,4/6,42.97,42.97,False,False,False,,,0.85,,False
77,長水路,14,男子,50m背泳ぎ,75～79歳,34.45,36.38,41.77,2,丸喜章,セ・茂原,4/9,49.73,49.73,False,False,False,,,0.79,,False
77,長水路,14,男子,50m背泳ぎ,75～79歳,34.45,36.38,41.77,3,田中信夫,セ・越谷,4/1,49.78,49.78,False,False,False,,,0.68,,False
77,長水路,14,男子,50m背泳ぎ,75～79歳,34.45,36.38,41.77,4,大内洋,セ・葛西,2/6,54.30,54.3,False,False,False,,,0.79,,False
77,長水路,14,男子,50m背泳ぎ,75～79歳,34.45,36.38,41.77,5,瀧下敏和,セ・志木,2/7,54.41,54.41,False,False,False,,,1.02,,False
77,長水路,14,男子,50m背泳ぎ,75～79歳,34.45,36.38,41.77,6,松永勝,セ・おおたか,1/4,58.23,58.23,False,False,False,,,1.22,,False
77,長水路,14,男子,50m背泳ぎ,75～79歳,34.45,36.38,41.77,7,伴野保志,セ・阿佐谷,2/3,59.66,59.66,False,False,False,,,0.94,,False
77,長水路,14,男子,50m背泳ぎ,75～79歳,34.45,36.38,41.77,8,神保伸幸,セ・南青山,2/8,1:06.29,66.29,False,False,False,,,0.85,,False
77,長水路,14,男子,50m背泳ぎ,70～74歳,33.16,35.83,39.43,1,鈴木幹男,セ・我孫子,5/1,43.64,43.64,False,False,False,,,0.77,,False
77,長水路,14,男子,50m背泳ぎ,70～74歳,33.16,35.83,39.43,2,吉村進,セ・阿佐谷,4/3,45.27,45.27,False,False,False,,,0.75,,False
77,長水路,14,男子,50m背泳ぎ,70～74歳,33.16,35.83,39.43,3,常山賢二,曽谷・セ,4/10,49.30,49.3,False,False,False,,,0.77,,False
77,長水路,14,男子,50m背泳ぎ,70～74歳,33.16,35.83,39.43,4,宇佐美栄二,セ・阿佐谷,3/1,53.03,53.03,False,False,False,,,0.69,,False
77,長水路,14,男子,50m背泳ぎ,70～74歳,33.16,35.83,39.43,5,浅野唯男,セ・志木,2/4,55.93,55.93,False,False,False,,,0.79,,False
77,長水路,14,男子,50m背泳ぎ,70～74歳,33.16,35.83,39.43,6,山田幸男,セ・南千住,1/6,59.72,59.72,False,False,False,,,0.99,,False
77,長水路,14,男子,50m背泳ぎ,65～69歳,30.95,33.24,38.09,1,冨松実,セ・二俣川,6/9,38.88,38.88,False,False,False,,,0.67,,False
77,長水路,14,男子,50m背泳ぎ,65～69歳,30.95,33.24,38.09,2,臼井全人,セ・大宮宮原,5/9,43.72,43.72,False,False,False,,,0.83,,False
77,長水路,14,男子,50m背泳ぎ,65～69歳,30.95,33.24,38.09,3,西森文史郎,セ・長津田,5/10,47.16,47.16,False,False,False,,,0.67,,False
77,長水路,14,男子,50m背泳ぎ,60～64歳,30.46,31.94,34.85,1,下家成人,セ・二俣川,7/5,35.22,35.22,False,False,False,,,0.7,,False
77,長水路,14,男子,50m背泳ぎ,60～64歳,30.46,31.94,34.85,2,和田浩一,セ・用賀,6/2,37.51,37.51,False,False,False,,,0.72,,False
77,長水路,14,男子,50m背泳ぎ,60～64歳,,,,3,村木満,セ・トレッサ,7/7,40.99,40.99,False,False,False,,,0.74,,False
77,長水路,14,男子,50m背泳ぎ,60～64歳,,,,4,浦田昌和,セ・成城,4/2,47.39,47.39,False,False,False,,,0.66,,False
77,長水路,14,男子,50m背泳ぎ,60～64歳,,,,5,蛯名昌彦,セ・志木,3/9,47.63,47.63,False,False,False,,,0.75,,False
77,長水路,14,男子,50m背泳ぎ,60～64歳,,,,6,岡部浩次,セ・上池袋,3/10,54.83,54.83,False,False,False,,,0.86,,False
77,長水路,14,男子,50m背泳ぎ,55～59歳,29.03,30.09,33.15,1,小倉秀和,セ・清瀬,7/3,36.25,36.25,False,False,False,,,0.62,,False
77,長水路,14,男子,50m背泳ぎ,55～59歳,29.03,30.09,33.15,2,杉原祥之,ザバス鶴見,7/2,36.36,36.36,False,False,False,,,0.61,,False
77,長水路,14,男子,50m背泳ぎ,55～59歳,29.03,30.09,33.15,3,久保卓士,セ・天王洲,6/5,38.05,38.05,False,False,False,,,0.78,,False
77,長水路,14,男子,50m背泳ぎ,55～59歳,29.03,30.09,33.15,4,中津海全士,セ・Ｓ湘南台,7/10,39.20,39.2,False,False,False,,,0.66,,False
77,長水路,14,男子,50m背泳ぎ,55～59歳,29.03,30.09,33.15,5,宮川則仁,セ・大宮宮原,6/6,40.35,40.35,False,False,False,,,0.77,,False
77,長水路,14,男子,50m背泳ぎ,55～59歳,29.03,30.09,33.15,6,新井良育,セ・市ヶ尾,5/5,40.61,40.61,False,False,False,,,0.69,,False
77,長水路,14,男子,50m背泳ぎ,55～59歳,29.03,30.09,33.15,7,福田剛紀,Ｇ－ＳＰＡ,5/2,42.13,42.13,False,False,False,,,0.66,,False
77,長水路,14,男子,50m背泳ぎ,55～59歳,29.03,30.09,33.15,8,温井芳浩,セ・谷津,4/8,44.43,44.43,False,False,False,,,0.66,,False
77,長水路,14,男子,50m背泳ぎ,55～59歳,29.03,30.09,33.15,9,高橋潤,セ・成瀬,3/4,48.29,48.29,False,False,False,,,0.94,,False
77,長水路,14,男子,50m背泳ぎ,55～59歳,29.03,30.09,33.15,10,日暮正明,セ・天王洲,3/3,49.78,49.78,False,False,False,,,0.82,,False
77,長水路,14,男子,50m背泳ぎ,50～54歳,28.20,29.16,30.33,1,田窪達,セ・市ヶ尾,9/4,31.01,31.01,False,False,False,,,0.72,,False
77,長水路,14,男子,50m背泳ぎ,50～54歳,28.20,29.16,30.33,2,河野悟,セ・慶應日吉,9/2,32.85,32.85,False,False,False,,,0.68,,False
77,長水路,14,男子,50m背泳ぎ,50～54歳,28.20,29.16,30.33,3,中村良樹,セ・武蔵小杉,8/8,34.10,34.1,False,False,False,,,0.76,,False
77,長水路,14,男子,50m背泳ぎ,50～54歳,28.20,29.16,30.33,4,長野三郎,セ・千葉みなと,8/5,34.21,34.21,False,False,False,,,0.71,,False
77,長水路,14,男子,50m背泳ぎ,50～54歳,28.20,29.16,30.33,5,内藤充,セ・新川崎,7/6,34.97,34.97,False,False,False,,,0.69,,False
77,長水路,14,男子,50m背泳ぎ,50～54歳,28.20,29.16,30.33,6,新井田将司,セ・トレッサ,7/1,36.56,36.56,False,False,False,,,0.66,,False
77,長水路,14,男子,50m背泳ぎ,50～54歳,28.20,29.16,30.33,7,柄澤英也,セ・用賀,7/8,36.86,36.86,False,False,False,,,0.69,,False
77,長水路,14,男子,50m背泳ぎ,50～54歳,28.20,29.16,30.33,8,荒井正明,セ・八千代台,6/4,37.44,37.44,False,False,False,,,0.67,,False
77,長水路,14,男子,50m背泳ぎ,50～54歳,28.20,29.16,30.33,9,岡村勝重,セ・長津田,7/9,38.56,38.56,False,False,False,,,0.64,,False
77,長水路,14,男子,50m背泳ぎ,50～54歳,28.20,29.16,30.33,10,松本考弘,セ・清瀬,6/3,43.70,43.7,False,False,False,,,0.74,,False
77,長水路,14,男子,50m背泳ぎ,50～54歳,28.20,29.16,30.33,11,廣瀬淳一,セ・トレッサ,4/5,43.83,43.83,False,False,False,,,0.73,,False
77,長水路,14,男子,50m背泳ぎ,50～54歳,28.20,29.16,30.33,12,山本英男,セ・大宮宮原,4/4,44.11,44.11,False,False,False,,,0.77,,False
77,長水路,14,男子,50m背泳ぎ,50～54歳,28.20,29.16,30.33,13,青木正昭,セ・福生,3/8,46.56,46.56,False,False,False,,,0.7,,False
77,長水路,14,男子,50m背泳ぎ,45～49歳,27.56,27.86,28.42,1,山岡拓馬,セ・清瀬,9/5,28.31,28.31,True,False,False,,,0.58,,False
77,長水路,14,男子,50m背泳ぎ,45～49歳,,,,2,長谷川仁,セ・南千住,8/3,33.95,33.95,False,False,False,,,0.65,,False
77,長水路,14,男子,50m背泳ぎ,45～49歳,,,,3,小室秀幸,セ・八王子,6/8,34.60,34.6,False,False,False,,,0.75,,False
77,長水路,14,男子,50m背泳ぎ,45～49歳,,,,4,栗原大輔,セ・成瀬,5/3,38.71,38.71,False,False,False,,,0.66,,False
77,長水路,14,男子,50m背泳ぎ,45～49歳,,,,5,若杉佳宏,セ・阿佐谷,5/6,40.34,40.34,False,False,False,,,0.67,,False
77,長水路,14,男子,50m背泳ぎ,45～49歳,,,,6,菅原弘貴,セ・福生,5/4,40.82,40.82,False,False,False,,,0.75,,False
77,長水路,14,男子,50m背泳ぎ,45～49歳,,,,7,浅野亮介,セ・新都心,4/7,40.92,40.92,False,False,False,,,0.7,,False
77,長水路,14,男子,50m背泳ぎ,40～44歳,27.13,27.30,28.54,1,大窪康治,セ・清瀬,8/6,30.52,30.52,False,False,False,,,0.64,,False
77,長水路,14,男子,50m背泳ぎ,40～44歳,27.13,27.30,28.54,2,寺田貴洋,セ・二俣川,9/8,30.70,30.7,False,False,False,,,0.67,,False
77,長水路,14,男子,50m背泳ぎ,40～44歳,27.13,27.30,28.54,3,棚網宏之,セ・阿佐谷,9/7,31.51,31.51,False,False,False,,,0.6,,False
77,長水路,14,男子,50m背泳ぎ,40～44歳,27.13,27.30,28.54,4,川瀬健次,セ・大宮宮原,9/10,34.28,34.28,False,False,False,,,0.66,,False
77,長水路,14,男子,50m背泳ぎ,40～44歳,27.13,27.30,28.54,5,菱川亮太,セ・市ヶ尾,6/10,37.05,37.05,False,False,False,,,0.85,,False
77,長水路,14,男子,50m背泳ぎ,35～39歳,26.04,26.27,28.14,1,鈴木遼,セ・二俣川,8/9,36.25,36.25,False,False,False,,,0.74,,False
77,長水路,14,男子,50m背泳ぎ,35～39歳,26.04,26.27,28.14,2,木村考太,セ・市ヶ尾,6/1,38.17,38.17,False,False,False,,,0.78,,False
77,長水路,14,男子,50m背泳ぎ,30～34歳,25.53,26.29,27.32,1,土居秀雅,セ・成瀬,9/9,32.50,32.5,False,False,False,,,0.63,,False
77,長水路,14,男子,50m背泳ぎ,30～34歳,25.53,26.29,27.32,2,杉山大亜,セ・二俣川,8/7,34.95,34.95,False,False,False,,,0.67,,False
77,長水路,14,男子,50m背泳ぎ,25～29歳,25.44,25.94,26.58,1,中村翼,セ・天王洲,9/6,29.33,29.33,False,False,False,,,0.59,,False
77,長水路,14,男子,50m背泳ぎ,18～24歳,,,27.77,1,廣川大起,セ・柏,9/1,30.44,30.44,False,False,False,,,0.5,,False
77,長水路,14,男子,50m背泳ぎ,18～24歳,,,27.77,2,田中啓二朗,セ・二俣川,9/3,32.75,32.75,False,False,False,,,0.58,,False
77,長水路,14,男子,50m背泳ぎ,18～24歳,,,27.77,3,南里輝,セ・蒲田,8/10,33.66,33.66,False,False,False,,,0.58,,False
77,長水路,14,男子,50m背泳ぎ,18～24歳,,,27.77,4,岩崎伊吹,セ・おおたか,7/4,35.10,35.1,False,False,False,,,0.55,,False
77,長水路,14,男子,50m背泳ぎ,18～24歳,,,27.77,5,加藤慎梧,ザバス川崎,5/8,45.95,45.95,False,False,False,,,0.87,,False
77,長水路,15,女子,50m自由形,90～94歳,45.44,51.68,,1,鈴木静江,クリーンスパ,2/4,1:08.70,68.7,False,False,False,,,1.23,,False
77,長水路,15,女子,50m自由形,85～89歳,38.89,38.89,44.13,1,田中もみぢ,セ・おおたか,8/4,49.60,49.6,False,False,False,,,1.03,,False
77,長水路,15,女子,50m自由形,85～89歳,38.89,38.89,44.13,2,須山順子,セ・松戸,8/7,51.63,51.63,False,False,False,,,,,False
77,長水路,15,女子,50m自由形,80～84歳,36.61,36.61,41.40,1,八田清子,セ・松戸,13/2,45.08,45.08,False,False,False,,,0.73,,False
77,長水路,15,女子,50m自由形,80～84歳,36.61,36.61,41.40,2,田神洋子,セ・トレッサ,7/7,50.92,50.92,False,False,False,,,0.72,,False
77,長水路,15,女子,50m自由形,80～84歳,36.61,36.61,41.40,3,新井昭代,セ・東十条,8/3,51.53,51.53,False,False,False,,,1.25,,False
77,長水路,15,女子,50m自由形,80～84歳,36.61,36.61,41.40,4,小野洋子,セ・我孫子,3/9,52.34,52.34,False,False,False,,,1.14,,False
77,長水路,15,女子,50m自由形,80～84歳,36.61,36.61,41.40,5,御手洗ヨシ,CS南行徳,9/1,53.78,53.78,False,False,False,,,0.97,,False
77,長水路,15,女子,50m自由形,80～84歳,36.61,36.61,41.40,6,武藤治子,セ・二俣川,1/8,55.22,55.22,False,False,False,,,,,False
77,長水路,15,女子,50m自由形,80～84歳,36.61,36.61,41.40,7,倉元恵子,セ・館山,3/5,56.53,56.53,False,False,False,,,0.97,,False
77,長水路,15,女子,50m自由形,80～84歳,36.61,36.61,41.40,8,大浜南海江,セ・目黒,3/2,1:00.49,60.49,False,False,False,,,,,False
77,長水路,15,女子,50m自由形,80～84歳,36.61,36.61,41.40,9,田中瑛子,セ・大宮宮原,9/5,1:03.98,63.98,False,False,False,,,1.26,,False
77,長水路,15,女子,50m自由形,80～84歳,36.61,36.61,41.40,10,相澤和子,セ・新都心,2/5,1:05.19,65.19,False,False,False,,,1.06,,False
77,長水路,15,女子,50m自由形,80～84歳,36.61,36.61,41.40,11,加藤直子,セ・横浜,1/7,1:22.54,82.53999999999999,False,False,False,,,1.01,,False
77,長水路,15,女子,50m自由形,75～79歳,34.11,35.90,40.60,1,滋野好子,セ・前橋,16/4,44.08,44.08,False,False,False,,,1.01,,False
77,長水路,15,女子,50m自由形,75～79歳,34.11,35.90,40.60,2,古旗美鈴,セ・上池袋,9/10,45.75,45.75,False,False,False,,,0.79,,False
77,長水路,15,女子,50m自由形,75～79歳,34.11,35.90,40.60,3,中村敬子,セ・府中,4/5,46.56,46.56,False,False,False,,,1.06,,False
77,長水路,15,女子,50m自由形,75～79歳,34.11,35.90,40.60,4,藤井一恵,セ・大森,5/2,47.43,47.43,False,False,False,,,1.02,,False
77,長水路,15,女子,50m自由形,75～79歳,34.11,35.90,40.60,5,川口栄子,セ・松戸,12/7,48.27,48.27,False,False,False,,,0.94,,False
77,長水路,15,女子,50m自由形,75～79歳,34.11,35.90,40.60,6,坂本光子,セ・越谷,6/4,48.58,48.58,False,False,False,,,0.83,,False
77,長水路,15,女子,50m自由形,75～79歳,34.11,35.90,40.60,7,岡田啓子,セ・桶川北本,5/3,49.16,49.16,False,False,False,,,1.25,,False
77,長水路,15,女子,50m自由形,75～79歳,34.11,35.90,40.60,8,吉田三枝子,墨田区体育館,8/2,49.18,49.18,False,False,False,,,1.04,,False
77,長水路,15,女子,50m自由形,75～79歳,34.11,35.90,40.60,9,星幸恵,クリーンスパ,9/9,50.24,50.24,False,False,False,,,0.95,,False
77,長水路,15,女子,50m自由形,75～79歳,34.11,35.90,40.60,10,松永タズヨ,セ・おおたか,8/9,50.30,50.3,False,False,False,,,1.48,,False
77,長水路,15,女子,50m自由形,75～79歳,34.11,35.90,40.60,11,川島かよ子,セ・天王洲,6/1,51.19,51.19,False,False,False,,,,,False
77,長水路,15,女子,50m自由形,75～79歳,34.11,35.90,40.60,12,山本まり子,セ・能見台,6/5,52.19,52.19,False,False,False,,,0.94,,False
77,長水路,15,女子,50m自由形,75～79歳,34.11,35.90,40.60,13,諸橋暁子,曽谷・セ,4/2,52.41,52.41,False,False,False,,,1.04,,False
77,長水路,15,女子,50m自由形,75～79歳,34.11,35.90,40.60,14,田村俊子,セ・館山,6/6,52.82,52.82,False,False,False,,,1.01,,False
77,長水路,15,女子,50m自由形,75～79歳,,,,15,小島律子,セ・谷津,7/4,53.44,53.44,False,False,False,,,0.85,,False
77,長水路,15,女子,50m自由形,75～79歳,,,,16,古田美智子,セ・自由が丘,8/8,55.34,55.34,False,False,False,,,1.08,,False
77,長水路,15,女子,50m自由形,75～79歳,,,,17,中田和子,セ・越谷,1/3,57.23,57.23,False,False,False,,,,,False
77,長水路,15,女子,50m自由形,75～79歳,,,,18,柴田千代子,セ・天王洲,4/4,58.46,58.46,False,False,False,,,,,False
77,長水路,15,女子,50m自由形,75～79歳,,,,19,山口英子,セ・流山,1/5,1:02.11,62.11,False,False,False,,,1.04,,False
77,長水路,15,女子,50m自由形,75～79歳,,,,20,染谷敏子,セ・天王洲,1/6,1:07.48,67.48,False,False,False,,,1.12,,False
77,長水路,15,女子,50m自由形,70～74歳,30.73,33.61,37.31,1,青木華世子,セ・松戸,23/3,38.08,38.08,False,False,False,,,0.75,,False
77,長水路,15,女子,50m自由形,70～74歳,30.73,33.61,37.31,2,原田岳美,セ・藤沢,20/5,38.35,38.35,False,False,False,,,0.74,,False
77,長水路,15,女子,50m自由形,70～74歳,30.73,33.61,37.31,3,後藤明美,セ・天王洲,9/3,40.14,40.14,False,False,False,,,1.01,,False
77,長水路,15,女子,50m自由形,70～74歳,30.73,33.61,37.31,4,舛尾妃呂子,セ・稲毛海岸,17/5,42.08,42.08,False,False,False,,,0.9,,False
77,長水路,15,女子,50m自由形,70～74歳,30.73,33.61,37.31,5,松村恵子,セ・葛西,18/8,42.73,42.73,False,False,False,,,0.84,,False
77,長水路,15,女子,50m自由形,70～74歳,30.73,33.61,37.31,6,村上美晴,セ・東十条,12/6,43.10,43.1,False,False,False,,,0.98,,False
77,長水路,15,女子,50m自由形,70～74歳,30.73,33.61,37.31,7,大久保祐美子,セ・おおたか,14/6,43.25,43.25,False,False,False,,,1.09,,False
77,長水路,15,女子,50m自由形,70～74歳,30.73,33.61,37.31,8,齊藤たか子,ザバス川崎,9/7,43.67,43.67,False,False,False,,,0.89,,False
77,長水路,15,女子,50m自由形,70～74歳,30.73,33.61,37.31,9,清水裕子,セ・二俣川,14/5,43.72,43.72,False,False,False,,,0.97,,False
77,長水路,15,女子,50m自由形,70～74歳,30.73,33.61,37.31,10,石塚孝子,セ・志木,18/3,44.10,44.1,False,False,False,,,0.99,,False
77,長水路,15,女子,50m自由形,70～74歳,30.73,33.61,37.31,11,水谷裕子,セ・西新井,16/6,44.46,44.46,False,False,False,,,0.85,,False
77,長水路,15,女子,50m自由形,70～74歳,30.73,33.61,37.31,12,梅田栄己子,セ・天王洲,11/7,44.66,44.66,False,False,False,,,,,False
77,長水路,15,女子,50m自由形,70～74歳,30.73,33.61,37.31,13,見崎幸子,墨田区体育館,12/5,44.71,44.71,False,False,False,,,0.84,,False
77,長水路,15,女子,50m自由形,70～74歳,30.73,33.61,37.31,14,市野克子,セ・大森,17/9,45.54,45.54,False,False,False,,,0.89,,False
77,長水路,15,女子,50m自由形,70～74歳,30.73,33.61,37.31,15,崎山治子,セ・用賀,11/3,47.09,47.09,False,False,False,,,0.96,,False
77,長水路,15,女子,50m自由形,70～74歳,30.73,33.61,37.31,16,樋口孝子,セ・阿佐谷,6/7,47.31,47.31,False,False,False,,,1.01,,False
77,長水路,15,女子,50m自由形,70～74歳,30.73,33.61,37.31,17,若林多恵子,セ・谷津,11/8,47.88,47.88,False,False,False,,,0.99,,False
77,長水路,15,女子,50m自由形,70～74歳,30.73,33.61,37.31,18,戸倉陽子,セ・慶應日吉,9/4,49.15,49.15,False,False,False,,,1.22,,False
77,長水路,15,女子,50m自由形,70～74歳,30.73,33.61,37.31,19,若松はる子,セ・松戸,9/2,49.33,49.33,False,False,False,,,0.87,,False
77,長水路,15,女子,50m自由形,70～74歳,30.73,33.61,37.31,20,吉田あけみ,セ・館山,8/5,49.47,49.47,False,False,False,,,0.89,,False
77,長水路,15,女子,50m自由形,70～74歳,30.73,33.61,37.31,21,藤田悦子,セ・二俣川,6/3,49.83,49.83,False,False,False,,,1.09,,False
77,長水路,15,女子,50m自由形,70～74歳,30.73,33.61,37.31,22,青木洋子,墨田区体育館,9/6,50.11,50.11,False,False,False,,,1.01,,False
77,長水路,15,女子,50m自由形,70～74歳,30.73,33.61,37.31,23,宮内佳代子,セ・トレッサ,8/10,50.16,50.16,False,False,False,,,0.96,,False
77,長水路,15,女子,50m自由形,70～74歳,30.73,33.61,37.31,24,大山伴恵,セ・トレッサ,7/3,50.33,50.33,False,False,False,,,0.91,,False
77,長水路,15,女子,50m自由形,70～74歳,30.73,33.61,37.31,25,山崎美南子,セ・南青山,12/1,50.70,50.7,False,False,False,,,0.93,,False
77,長水路,15,女子,50m自由形,70～74歳,30.73,33.61,37.31,26,上野俊子,セ・桶川北本,4/9,53.14,53.14,False,False,False,,,0.95,,False
77,長水路,15,女子,50m自由形,70～74歳,30.73,33.61,37.31,27,橋本美千代,セ・志木,3/1,54.39,54.39,False,False,False,,,0.96,,False
77,長水路,15,女子,50m自由形,70～74歳,30.73,33.61,37.31,28,富樫博子,セ・大森,4/1,55.46,55.46,False,False,False,,,1.4,,False
77,長水路,15,女子,50m自由形,70～74歳,30.73,33.61,37.31,29,池淵玲子,セ・慶應日吉,4/6,55.99,55.99,False,False,False,,,0.79,,False
77,長水路,15,女子,50m自由形,70～74歳,29.10,,,30,石村眞理子,セ・新川崎,6/10,56.63,56.63,False,False,False,,,0.92,,False
77,長水路,15,女子,50m自由形,65～69歳,29.10,32.46,35.41,1,石田良子,セ・越谷,18/5,37.48,37.48,False,False,False,,,0.74,,False
77,長水路,15,女子,50m自由形,65～69歳,29.10,32.46,35.41,2,野島正代,セ・阿佐谷,22/5,38.88,38.88,False,False,False,,,0.84,,False
77,長水路,15,女子,50m自由形,65～69歳,29.10,32.46,35.41,3,ダン典子,セ・自由が丘,21/1,39.10,39.1,False,False,False,,,0.68,,False
77,長水路,15,女子,50m自由形,65～69歳,29.10,32.46,35.41,4,高梨美樹,セ・成城,22/6,39.22,39.22,False,False,False,,,0.76,,False
77,長水路,15,女子,50m自由形,65～69歳,29.10,32.46,35.41,5,立石由美子,セ・大森,19/3,39.51,39.51,False,False,False,,,0.77,,False
77,長水路,15,女子,50m自由形,65～69歳,29.10,32.46,35.41,6,塙清子,セ・自由が丘,21/9,39.90,39.9,False,False,False,,,1.1,,False
77,長水路,15,女子,50m自由形,65～69歳,29.10,32.46,35.41,7,川久保ちづる,ザバス川崎,20/10,40.50,40.5,False,False,False,,,1.05,,False
77,長水路,15,女子,50m自由形,65～69歳,29.10,32.46,35.41,8,井上美佐子,セ・大森,15/4,40.80,40.8,False,False,False,,,0.73,,False
77,長水路,15,女子,50m自由形,65～69歳,29.10,32.46,35.41,9,浅田晴子,セ・八王子,14/4,41.16,41.16,False,False,False,,,,,False
77,長水路,15,女子,50m自由形,65～69歳,29.10,32.46,35.41,10,米澤美智子,セ・成瀬,20/6,41.80,41.8,False,False,False,,,0.81,,False
77,長水路,15,女子,50m自由形,65～69歳,29.10,32.46,35.41,11,瀧下節子,セ・志木,15/5,43.05,43.05,False,False,False,,,0.74,,False
77,長水路,15,女子,50m自由形,65～69歳,29.10,32.46,35.41,12,石河久美子,セ・溝ノ口,14/8,43.23,43.23,False,False,False,,,0.79,,False
77,長水路,15,女子,50m自由形,65～69歳,29.10,32.46,35.41,13,山梨静枝,セ・我孫子,11/5,44.11,44.11,False,False,False,,,0.69,,False
77,長水路,15,女子,50m自由形,65～69歳,29.10,32.46,35.41,14,光畑千栄子,セ・成瀬,15/6,44.13,44.13,False,False,False,,,0.95,,False
77,長水路,15,女子,50m自由形,65～69歳,29.10,32.46,35.41,15,坂口好美,セ・久喜,21/3,44.33,44.33,False,False,False,,,1.13,,False
77,長水路,15,女子,50m自由形,65～69歳,29.10,32.46,35.41,16,渋谷照代,セ・我孫子,10/4,44.57,44.57,False,False,False,,,0.98,,False
77,長水路,15,女子,50m自由形,65～69歳,29.10,32.46,35.41,17,三枚堂かよ子,セ・阿佐谷,12/3,44.94,44.94,False,False,False,,,0.77,,False
77,長水路,15,女子,50m自由形,65～69歳,29.10,32.46,35.41,18,小笠原三春,セ・八王子,17/7,45.50,45.5,False,False,False,,,0.93,,False
77,長水路,15,女子,50m自由形,65～69歳,29.10,32.46,35.41,19,小関富子,セ・新都心,6/8,46.10,46.1,False,False,False,,,0.98,,False
77,長水路,15,女子,50m自由形,65～69歳,29.10,32.46,35.41,20,伊藤春美,ザバス川崎,10/6,46.35,46.35,False,False,False,,,0.85,,False
77,長水路,15,女子,50m自由形,65～69歳,29.10,32.46,35.41,21,松浦敏子,セ・我孫子,4/7,46.67,46.67,False,False,False,,,1.02,,False
77,長水路,15,女子,50m自由形,65～69歳,29.10,32.46,35.41,22,三嶋祐子,セ・阿佐谷,12/4,47.23,47.23,False,False,False,,,0.85,,False
77,長水路,15,女子,50m自由形,65～69歳,29.10,32.46,35.41,23,原昌代,セ・市ヶ尾,13/5,47.59,47.59,False,False,False,,,0.87,,False
77,長水路,15,女子,50m自由形,65～69歳,29.10,32.46,35.41,24,池田則子,セ・松戸,2/6,47.61,47.61,False,False,False,,,1.33,,False
77,長水路,15,女子,50m自由形,65～69歳,29.10,32.46,35.41,25,小笠原京子,セ・流山,5/6,47.65,47.65,False,False,False,,,0.94,,False
77,長水路,15,女子,50m自由形,65～69歳,29.10,32.46,35.41,26,須田菜奈子,セ・桶川北本,12/9,47.97,47.97,False,False,False,,,1.05,,False
77,長水路,15,女子,50m自由形,65～69歳,29.10,32.46,35.41,27,益田加津子,セ・自由が丘,12/8,49.13,49.13,False,False,False,,,0.94,,False
77,長水路,15,女子,50m自由形,65～69歳,29.10,32.46,35.41,28,渡辺米子,クリーンスパ,11/2,51.15,51.15,False,False,False,,,0.94,,False
77,長水路,15,女子,50m自由形,65～69歳,29.10,32.46,35.41,29,池長幸子,セ・桶川北本,7/6,51.38,51.38,False,False,False,,,1.15,,False
77,長水路,15,女子,50m自由形,65～69歳,29.10,32.46,35.41,30,中島初美,セ・大森,6/2,51.69,51.69,False,False,False,,,1.22,,False
77,長水路,15,女子,50m自由形,65～69歳,29.10,32.46,35.41,31,池田真理子,セ・大森,13/6,52.32,52.32,False,False,False,,,1.16,,False
77,長水路,15,女子,50m自由形,65～69歳,29.10,32.46,35.41,32,齋藤準子,セ・茂原,10/5,52.51,52.51,False,False,False,,,1.05,,False
77,長水路,15,女子,50m自由形,65～69歳,29.10,32.46,35.41,33,藤井道子,セ・我孫子,4/3,52.92,52.92,False,False,False,,,0.78,,False
77,長水路,15,女子,50m自由形,65～69歳,29.10,32.46,35.41,34,田村加代子,セ・おおたか,5/5,54.11,54.11,False,False,False,,,0.95,,False
77,長水路,15,女子,50m自由形,65～69歳,,,,35,橋本真紀,セ・慶應日吉,5/4,54.54,54.54,False,False,False,,,1.02,,False
77,長水路,15,女子,50m自由形,65～69歳,,,,36,加藤かずみ,セ・八王子,2/7,1:00.55,60.55,False,False,False,,,,,False
77,長水路,15,女子,50m自由形,65～69歳,,,,37,木村恵,セ・我孫子,2/3,1:01.26,61.26,False,False,False,,,1.06,,False
77,長水路,15,女子,50m自由形,65～69歳,,,,38,小高和子,セ・桶川北本,3/3,1:09.75,69.75,False,False,False,,,,,False
77,長水路,15,女子,50m自由形,60～64歳,28.84,30.31,32.38,1,永瀬秀子,セ・二俣川,26/7,32.40,32.4,False,False,False,,,0.79,,False
77,長水路,15,女子,50m自由形,60～64歳,28.84,30.31,32.38,2,石原なおみ,セ・阿佐谷,25/3,35.17,35.17,False,False,False,,,0.77,,False
77,長水路,15,女子,50m自由形,60～64歳,28.84,30.31,32.38,3,高柳祐子,セ・成城,24/1,36.34,36.34,False,False,False,,,0.65,,False
77,長水路,15,女子,50m自由形,60～64歳,28.84,30.31,32.38,4,伊藤みどり,セ・能見台,21/4,36.73,36.73,False,False,False,,,0.91,,False
77,長水路,15,女子,50m自由形,60～64歳,28.84,30.31,32.38,5,佐藤明美,セ・館山,22/3,36.97,36.97,False,False,False,,,0.77,,False
77,長水路,15,女子,50m自由形,60～64歳,28.84,30.31,32.38,6,大槻真由美,セ・清瀬,23/8,37.49,37.49,False,False,False,,,0.91,,False
77,長水路,15,女子,50m自由形,60～64歳,28.84,30.31,32.38,7,山本庸子,セ・八王子,22/7,37.92,37.92,False,False,False,,,1.1,,False
77,長水路,15,女子,50m自由形,60～64歳,28.84,30.31,32.38,8,吉川千晶,Ｇ－ＳＰＡ,22/4,38.28,38.28,False,False,False,,,0.89,,False
77,長水路,15,女子,50m自由形,60～64歳,28.84,30.31,32.38,9,福原美奈,セ・稲毛海岸,20/4,38.39,38.39,False,False,False,,,0.76,,False
77,長水路,15,女子,50m自由形,60～64歳,28.84,30.31,32.38,10,伊藤ゆかり,セ・成城,21/6,38.96,38.96,False,False,False,,,0.81,,False
77,長水路,15,女子,50m自由形,60～64歳,28.84,30.31,32.38,11,窪田久恵,セ・上池袋,20/2,41.04,41.04,False,False,False,,,1.07,,False
77,長水路,15,女子,50m自由形,60～64歳,28.84,30.31,32.38,12,神保清美,セ・自由が丘,19/6,41.55,41.55,False,False,False,,,0.68,,False
77,長水路,15,女子,50m自由形,60～64歳,28.84,30.31,32.38,13,細見あけみ,セ・千葉みなと,18/1,41.65,41.65,False,False,False,,,0.86,,False
77,長水路,15,女子,50m自由形,60～64歳,28.84,30.31,32.38,14,酒井寿美恵,クリーンスパ,19/2,42.41,42.41,False,False,False,,,0.79,,False
77,長水路,15,女子,50m自由形,60～64歳,28.84,30.31,32.38,15,大原清美,セ・阿佐谷,17/4,42.67,42.67,False,False,False,,,1.13,,False
77,長水路,15,女子,50m自由形,60～64歳,28.84,30.31,32.38,16,高見沢ゆみ子,セ・慶應日吉,19/1,42.71,42.71,False,False,False,,,0.9,,False
77,長水路,15,女子,50m自由形,60～64歳,28.84,30.31,32.38,17,田村明美,セ・慶應日吉,15/1,42.73,42.73,False,False,False,,,0.84,,False
77,長水路,15,女子,50m自由形,60～64歳,28.84,30.31,32.38,18,加藤雅弓,セ・新都心,15/8,42.86,42.86,False,False,False,,,1.08,,False
77,長水路,15,女子,50m自由形,60～64歳,28.84,30.31,32.38,19,佐々木れい,セ・志木,9/8,44.15,44.15,False,False,False,,,0.85,,False
77,長水路,15,女子,50m自由形,60～64歳,28.84,30.31,32.38,20,蛯名とも子,セ・志木,12/2,44.33,44.33,False,False,False,,,1.05,,False
77,長水路,15,女子,50m自由形,60～64歳,28.84,30.31,32.38,21,長野佐稚子,セ・東十条,13/4,44.34,44.34,False,False,False,,,0.97,,False
77,長水路,15,女子,50m自由形,60～64歳,28.84,30.31,32.38,22,米林清子,セ・越谷,15/3,44.75,44.75,False,False,False,,,0.75,,False
77,長水路,15,女子,50m自由形,60～64歳,28.84,30.31,32.38,23,宮田ひとみ,セ・阿佐谷,17/10,44.86,44.86,False,False,False,,,0.84,,False
77,長水路,15,女子,50m自由形,60～64歳,28.84,30.31,32.38,24,桐沢ひとみ,セ・大森,14/3,45.11,45.11,False,False,False,,,0.92,,False
77,長水路,15,女子,50m自由形,60～64歳,28.84,30.31,32.38,25,田中香苗,セ・青砥,13/7,45.12,45.12,False,False,False,,,0.98,,False
77,長水路,15,女子,50m自由形,60～64歳,28.84,30.31,32.38,26,柳沢智子,セ・成城,15/9,45.76,45.76,False,False,False,,,0.99,,False
77,長水路,15,女子,50m自由形,60～64歳,28.84,30.31,32.38,27,原田由美子,セ・慶應日吉,10/7,46.73,46.73,False,False,False,,,0.9,,False
77,長水路,15,女子,50m自由形,60～64歳,28.84,30.31,32.38,28,佐々木政子,セ・大森,7/9,48.92,48.92,False,False,False,,,0.99,,False
77,長水路,15,女子,50m自由形,60～64歳,28.84,30.31,32.38,29,三木純子,セ・流山,7/2,49.12,49.12,False,False,False,,,0.89,,False
77,長水路,15,女子,50m自由形,60～64歳,28.84,30.31,32.38,30,榮真須美,セ・慶應日吉,10/3,49.50,49.5,False,False,False,,,0.91,,False
77,長水路,15,女子,50m自由形,60～64歳,28.84,30.31,32.38,31,黒川慶子,セ・上池袋,13/9,49.68,49.68,False,False,False,,,0.83,,False
77,長水路,15,女子,50m自由形,60～64歳,,,,32,菊池佐千代,セ・流山,4/10,54.02,54.02,False,False,False,,,0.97,,False
77,長水路,15,女子,50m自由形,60～64歳,,,,33,勝又聡子,セ・福生,5/8,56.79,56.79,False,False,False,,,0.74,,False
77,長水路,15,女子,50m自由形,55～59歳,27.94,29.09,31.18,1,篠原理恵,セ・南宇都宮,26/4,33.31,33.31,False,False,False,,,0.65,,False
77,長水路,15,女子,50m自由形,55～59歳,27.94,29.09,31.18,2,羽山恵津子,セ・葛西,25/7,34.86,34.86,False,False,False,,,0.69,,False
77,長水路,15,女子,50m自由形,55～59歳,27.94,29.09,31.18,3,横尾しずか,セ・用賀,26/1,34.96,34.96,False,False,False,,,0.77,,False
77,長水路,15,女子,50m自由形,55～59歳,27.94,29.09,31.18,4,鶴岡美佐,ザバス八景,24/9,36.55,36.55,False,False,False,,,0.79,,False
77,長水路,15,女子,50m自由形,55～59歳,27.94,29.09,31.18,5,大野結実,セ・横浜,23/7,37.68,37.68,False,False,False,,,0.94,,False
77,長水路,15,女子,50m自由形,55～59歳,27.94,29.09,31.18,6,小林弘子,ザバス鶴見,22/8,38.72,38.72,False,False,False,,,1.08,,False
77,長水路,15,女子,50m自由形,55～59歳,27.94,29.09,31.18,7,西田三佐子,セ・大宮宮原,22/10,38.80,38.8,False,False,False,,,0.71,,False
77,長水路,15,女子,50m自由形,55～59歳,27.94,29.09,31.18,8,西田真樹,セ・平塚,21/10,39.52,39.52,False,False,False,,,0.96,,False
77,長水路,15,女子,50m自由形,55～59歳,27.94,29.09,31.18,9,佐藤美絵子,セ・清瀬,19/8,39.82,39.82,False,False,False,,,0.73,,False
77,長水路,15,女子,50m自由形,55～59歳,27.94,29.09,31.18,10,棚橋悦子,セ・自由が丘,17/6,40.26,40.26,False,False,False,,,0.7,,False
77,長水路,15,女子,50m自由形,55～59歳,27.94,29.09,31.18,11,山田智子,セ・慶應日吉,13/8,40.86,40.86,False,False,False,,,0.81,,False
77,長水路,15,女子,50m自由形,55～59歳,27.94,29.09,31.18,12,佐藤直子,セ・我孫子,10/8,40.90,40.9,False,False,False,,,0.71,,False
77,長水路,15,女子,50m自由形,55～59歳,27.94,29.09,31.18,13,小池淳子,セ・長津田,18/6,40.96,40.96,False,False,False,,,0.86,,False
77,長水路,15,女子,50m自由形,55～59歳,27.94,29.09,31.18,14,澤野貴子,セ・葛西,10/2,43.06,43.06,False,False,False,,,0.69,,False
77,長水路,15,女子,50m自由形,55～59歳,27.94,29.09,31.18,15,三沢弘美,セ・長津田,18/7,43.19,43.19,False,False,False,,,0.87,,False
77,長水路,15,女子,50m自由形,55～59歳,27.94,29.09,31.18,16,坂井慶子,セ・大宮宮原,16/8,43.59,43.59,False,False,False,,,0.87,,False
77,長水路,15,女子,50m自由形,55～59歳,27.94,29.09,31.18,17,小林名緒子,セ・大森,16/2,43.68,43.68,False,False,False,,,0.82,,False
77,長水路,15,女子,50m自由形,55～59歳,27.94,29.09,31.18,18,船津香,セ・自由が丘,17/8,43.79,43.79,False,False,False,,,0.81,,False
77,長水路,15,女子,50m自由形,55～59歳,27.94,29.09,31.18,19,下段千寿子,セ・越谷,16/3,43.82,43.82,False,False,False,,,0.84,,False
77,長水路,15,女子,50m自由形,55～59歳,27.94,29.09,31.18,20,鈴木夏実,セ・慶應日吉,13/10,44.35,44.35,False,False,False,,,1.0,,False
77,長水路,15,女子,50m自由形,55～59歳,27.94,29.09,31.18,21,蔵屋由紀子,セ・新川崎,15/10,44.37,44.37,False,False,False,,,0.98,,False
77,長水路,15,女子,50m自由形,55～59歳,27.94,29.09,31.18,22,中野朗子,セ・慶應日吉,16/7,44.62,44.62,False,False,False,,,0.84,,False
77,長水路,15,女子,50m自由形,55～59歳,27.94,29.09,31.18,23,大芦薫,セ・清瀬,8/1,53.90,53.9,False,False,False,,,1.11,,False
77,長水路,15,女子,50m自由形,55～59歳,27.94,29.09,31.18,24,平澤馨,セ・府中,5/1,54.63,54.63,False,False,False,,,,,False
77,長水路,15,女子,50m自由形,50～54歳,27.09,28.82,29.26,1,舘野美香,セ・目黒,29/5,29.29,29.29,False,False,False,,,0.72,,False
77,長水路,15,女子,50m自由形,50～54歳,27.09,28.82,29.26,2,池田百合子,セ・市ヶ尾,29/8,30.03,30.03,False,False,False,,,0.68,,False
77,長水路,15,女子,50m自由形,50～54歳,27.09,28.82,29.26,3,杉本浩美,セ・南千住,28/3,31.77,31.77,False,False,False,,,0.67,,False
77,長水路,15,女子,50m自由形,50～54歳,27.09,28.82,29.26,4,原田佳子,セ・葛西,27/7,32.17,32.17,False,False,False,,,0.7,,False
77,長水路,15,女子,50m自由形,50～54歳,27.09,28.82,29.26,5,浅尾有香,セ・大森,25/8,33.54,33.54,False,False,False,,,0.74,,False
77,長水路,15,女子,50m自由形,50～54歳,,,,6,工藤遵江,セ・F宇都宮,27/10,33.62,33.62,False,False,False,,,0.85,,False
77,長水路,15,女子,50m自由形,50～54歳,,,,7,高橋圭,セ・松戸,24/7,33.67,33.67,False,False,False,,,0.77,,False
77,長水路,15,女子,50m自由形,50～54歳,,,,8,小泉未歌,セ・宇都宮,25/4,34.10,34.1,False,False,False,,,0.7,,False
77,長水路,15,女子,50m自由形,50～54歳,,,,9,池田智子,セ・目黒,24/6,34.23,34.23,False,False,False,,,0.75,,False
77,長水路,15,女子,50m自由形,50～54歳,,,,10,棚網恵理,セ・阿佐谷,24/8,35.76,35.76,False,False,False,,,0.79,,False
77,長水路,15,女子,50m自由形,50～54歳,,,,11,石井紀美子,セ・S湘南台,25/5,35.86,35.86,False,False,False,,,0.75,,False
77,長水路,15,女子,50m自由形,50～54歳,,,,12,五十嵐知佐,セ・おおたか,22/2,36.67,36.67,False,False,False,,,0.81,,False
77,長水路,15,女子,50m自由形,50～54歳,,,,13,大島江理子,セ・大森,22/1,36.69,36.69,False,False,False,,,0.77,,False
77,長水路,15,女子,50m自由形,50～54歳,,,,14,比留川美緒,セ・平塚,10/9,36.78,36.78,False,False,False,,,0.71,,False
77,長水路,15,女子,50m自由形,50～54歳,,,,15,成島志雅子,セ・F宇都宮,20/7,37.70,37.7,False,False,False,,,0.96,,False
77,長水路,15,女子,50m自由形,50～54歳,,,,16,酒井貴代,セ・大森,18/4,38.41,38.41,False,False,False,,,0.79,,False
77,長水路,15,女子,50m自由形,50～54歳,,,,17,田原文月,セ・南千住,21/5,39.55,39.55,False,False,False,,,0.84,,False
77,長水路,15,女子,50m自由形,50～54歳,,,,18,磯村麻衣子,セ・上池袋,13/3,39.66,39.66,False,False,False,,,0.77,,False
77,長水路,15,女子,50m自由形,50～54歳,,,,19,糸川永利子,セ・用賀,20/9,39.79,39.79,False,False,False,,,0.77,,False
77,長水路,15,女子,50m自由形,50～54歳,,,,20,加藤美保,セ・上池袋,19/5,41.87,41.87,False,False,False,,,0.78,,False
77,長水路,15,女子,50m自由形,50～54歳,,,,21,中村奈穂美,セ・越谷,16/9,42.44,42.44,False,False,False,,,1.0,,False
77,長水路,15,女子,50m自由形,50～54歳,,,,22,佐藤晶子,セ・おおたか,16/5,42.52,42.52,False,False,False,,,0.69,,False
77,長水路,15,女子,50m自由形,50～54歳,,,,23,小山香津子,セ・藤沢,17/1,43.67,43.67,False,False,False,,,0.73,,False
77,長水路,15,女子,50m自由形,50～54歳,,,,24,森信子,セ・大森,14/7,45.55,45.55,False,False,False,,,1.2,,False
77,長水路,15,女子,50m自由形,50～54歳,,,,25,片岡久美子,セ・茂原,2/8,46.16,46.16,False,False,False,,,1.32,,False
77,長水路,15,女子,50m自由形,50～54歳,,,,26,岩朋実,セ・川越,14/2,47.49,47.49,False,False,False,,,0.85,,False
77,長水路,15,女子,50m自由形,50～54歳,,,,27,佐藤淳子,セ・久喜,11/4,47.63,47.63,False,False,False,,,1.25,,False
77,長水路,15,女子,50m自由形,50～54歳,,,,28,田上麻紀,セ・久喜,7/1,49.57,49.57,False,False,False,,,0.78,,False
77,長水路,15,女子,50m自由形,50～54歳,,,,29,平野真紀,セ・福生,5/10,50.12,50.12,False,False,False,,,0.73,,False
77,長水路,15,女子,50m自由形,50～54歳,,,,30,久保洋子,セ・流山,3/7,59.99,59.99,False,False,False,,,0.9,,False
77,長水路,15,女子,50m自由形,45～49歳,26.59,27.78,29.51,1,片岡祥子,セ・千葉みなと,29/4,30.44,30.44,False,False,False,,,0.72,,False
77,長水路,15,女子,50m自由形,45～49歳,26.59,27.78,29.51,2,佐々木彩,セ・成城,27/5,31.53,31.53,False,False,False,,,0.7,,False
77,長水路,15,女子,50m自由形,45～49歳,26.59,27.78,29.51,3,坂本桃枝,Ｇ－ＳＰＡ,25/2,32.26,32.26,False,False,False,,,0.78,,False
77,長水路,15,女子,50m自由形,45～49歳,26.59,27.78,29.51,4,日下幸子,ザバス川崎,27/9,32.43,32.43,False,False,False,,,0.91,,False
77,長水路,15,女子,50m自由形,45～49歳,26.59,27.78,29.51,5,小室桃子,セ・八王子,26/8,33.17,33.17,False,False,False,,,0.84,,False
77,長水路,15,女子,50m自由形,45～49歳,26.59,27.78,29.51,6,バーンズ智絵,セ・松戸,25/6,33.42,33.42,False,False,False,,,0.73,,False
77,長水路,15,女子,50m自由形,45～49歳,26.59,27.78,29.51,7,高橋真美,セ・志木,25/9,35.04,35.04,False,False,False,,,0.71,,False
77,長水路,15,女子,50m自由形,45～49歳,26.59,27.78,29.51,8,飯澤美香,セ・我孫子,22/9,35.07,35.07,False,False,False,,,0.82,,False
77,長水路,15,女子,50m自由形,45～49歳,26.59,27.78,29.51,9,前田由希映,セ・二俣川,24/3,36.02,36.02,False,False,False,,,0.85,,False
77,長水路,15,女子,50m自由形,45～49歳,26.59,27.78,29.51,10,福本麻美,セ・慶應日吉,24/2,36.33,36.33,False,False,False,,,0.88,,False
77,長水路,15,女子,50m自由形,45～49歳,,,,11,吉池奈々,セ・二俣川,23/5,36.39,36.39,False,False,False,,,0.68,,False
77,長水路,15,女子,50m自由形,45～49歳,,,,12,藤本淑恵,セ・平塚,21/7,36.85,36.85,False,False,False,,,0.94,,False
77,長水路,15,女子,50m自由形,45～49歳,,,,13,佐藤桂子,セ・横浜,23/4,36.97,36.97,False,False,False,,,0.74,,False
77,長水路,15,女子,50m自由形,45～49歳,,,,14,菅野ゆかり,セ・桶川北本,10/10,36.99,36.99,False,False,False,,,0.72,,False
77,長水路,15,女子,50m自由形,45～49歳,,,,15,清水佳苗,曽谷・セ,21/2,38.38,38.38,False,False,False,,,0.83,,False
77,長水路,15,女子,50m自由形,45～49歳,,,,16,高島典子,セ・大森,20/1,38.55,38.55,False,False,False,,,0.65,,False
77,長水路,15,女子,50m自由形,45～49歳,,,,17,篠倉有美,セ・成瀬,23/9,38.56,38.56,False,False,False,,,0.9,,False
77,長水路,15,女子,50m自由形,45～49歳,,,,18,赤坂恵美子,セ・志木,17/2,43.15,43.15,False,False,False,,,0.92,,False
77,長水路,15,女子,50m自由形,45～49歳,,,,19,福田ユリヤ,セ・南青山,17/3,43.27,43.27,False,False,False,,,0.69,,False
77,長水路,15,女子,50m自由形,45～49歳,,,,20,宮川ひとみ,セ・茂原,10/1,45.72,45.72,False,False,False,,,1.32,,False
77,長水路,15,女子,50m自由形,45～49歳,,,,21,斉藤靖子,セ・目黒,11/9,47.51,47.51,False,False,False,,,0.99,,False
77,長水路,15,女子,50m自由形,45～49歳,,,,22,成重夏紀,セ・藤沢,12/10,47.84,47.84,False,False,False,,,0.95,,False
77,長水路,15,女子,50m自由形,45～49歳,,,,23,小林恵理子,セ・蘇我,7/10,49.24,49.24,False,False,False,,,1.06,,False
77,長水路,15,女子,50m自由形,40～44歳,26.44,26.95,29.16,1,宮本八重,セ・慶應日吉,27/6,30.95,30.95,False,False,False,,,0.64,,False
77,長水路,15,女子,50m自由形,40～44歳,26.44,26.95,29.16,2,永田加那子,セ・葛西,27/4,31.85,31.85,False,False,False,,,0.77,,False
77,長水路,15,女子,50m自由形,40～44歳,26.44,26.95,29.16,3,関川晶子,セ・下北沢,27/3,33.45,33.45,False,False,False,,,0.78,,False
77,長水路,15,女子,50m自由形,40～44歳,26.44,26.95,29.16,4,中村可奈子,セ・おおたか,26/3,34.45,34.45,False,False,False,,,0.85,,False
77,長水路,15,女子,50m自由形,40～44歳,26.44,26.95,29.16,5,溝井花代子,セ・葛西,23/6,36.51,36.51,False,False,False,,,0.83,,False
77,長水路,15,女子,50m自由形,40～44歳,26.44,26.95,29.16,6,小高麻衣子,セ・市川,19/9,38.50,38.5,False,False,False,,,1.01,,False
77,長水路,15,女子,50m自由形,40～44歳,26.44,26.95,29.16,7,町田麻里,セ・南千住,23/1,38.81,38.81,False,False,False,,,0.79,,False
77,長水路,15,女子,50m自由形,40～44歳,26.44,26.95,29.16,8,井島孝子,セ・天王洲,13/1,42.90,42.9,False,False,False,,,1.33,,False
77,長水路,15,女子,50m自由形,40～44歳,26.44,26.95,29.16,9,白花茉莉,セ・久喜,11/10,43.04,43.04,False,False,False,,,1.05,,False
77,長水路,15,女子,50m自由形,40～44歳,26.44,26.95,29.16,10,谷美希子,セ・府中,16/1,43.77,43.77,False,False,False,,,0.8,,False
77,長水路,15,女子,50m自由形,40～44歳,26.44,26.95,29.16,11,加藤涼子,セ・桶川北本,18/10,43.90,43.9,False,False,False,,,0.78,,False
77,長水路,15,女子,50m自由形,40～44歳,26.44,26.95,29.16,12,小山内詔子,セ・下北沢,14/9,47.46,47.46,False,False,False,,,0.8,,False
77,長水路,15,女子,50m自由形,35～39歳,25.98,27.37,28.87,1,川北恵,セ・長津田,29/6,29.60,29.6,False,False,False,,,0.71,,False
77,長水路,15,女子,50m自由形,35～39歳,25.98,27.37,28.87,2,新井亜衣,セ・市川,28/5,29.84,29.84,False,False,False,,,0.79,,False
77,長水路,15,女子,50m自由形,35～39歳,25.98,27.37,28.87,3,菊地美春,セ・目黒,28/8,30.88,30.88,False,False,False,,,0.64,,False
77,長水路,15,女子,50m自由形,35～39歳,25.98,27.37,28.87,4,新妻梓,セ・西東京,28/4,31.68,31.68,False,False,False,,,0.67,,False
77,長水路,15,女子,50m自由形,35～39歳,25.98,27.37,28.87,5,中畑眸,セ・成城,28/2,32.16,32.16,False,False,False,,,0.68,,False
77,長水路,15,女子,50m自由形,35～39歳,25.98,27.37,28.87,6,岩田愛恵,セ・成城,20/3,34.68,34.68,False,False,False,,,0.77,,False
77,長水路,15,女子,50m自由形,35～39歳,,,,7,李鎬善,セ・目黒,23/2,37.30,37.3,False,False,False,,,0.7,,False
77,長水路,15,女子,50m自由形,35～39歳,,,,8,中辻澄美,セ・天王洲,21/8,37.97,37.97,False,False,False,,,0.8,,False
77,長水路,15,女子,50m自由形,35～39歳,,,,9,國政玲,セ・南青山,19/4,41.61,41.61,False,False,False,,,0.94,,False
77,長水路,15,女子,50m自由形,30～34歳,25.74,26.42,26.42,1,早川舞,セ・蒲田,28/6,29.86,29.86,False,False,False,,,0.7,,False
77,長水路,15,女子,50m自由形,30～34歳,25.74,26.42,26.42,2,大椛詩織,セ・葛西,28/9,31.16,31.16,False,False,False,,,0.74,,False
77,長水路,15,女子,50m自由形,30～34歳,25.74,26.42,26.42,3,吉田のばら,セ・南千住,25/1,31.97,31.97,False,False,False,,,0.95,,False
77,長水路,15,女子,50m自由形,30～34歳,25.74,26.42,26.42,4,深堀陽子,セ・二俣川,26/5,32.99,32.99,False,False,False,,,0.72,,False
77,長水路,15,女子,50m自由形,30～34歳,25.74,26.42,26.42,5,岡澤美咲,セ・茂原,20/8,36.99,36.99,False,False,False,,,1.0,,False
77,長水路,15,女子,50m自由形,30～34歳,25.74,26.42,26.42,6,高橋未沙,セ・おおたか,16/10,39.98,39.98,False,False,False,,,0.9,,False
77,長水路,15,女子,50m自由形,30～34歳,25.74,26.42,26.42,7,杉田望美,セ・久喜,7/5,40.78,40.78,False,False,False,,,1.21,,False
77,長水路,15,女子,50m自由形,30～34歳,25.74,26.42,26.42,8,熊谷紗友梨,セ・S湘南台,14/1,45.12,45.12,False,False,False,,,1.01,,False
77,長水路,15,女子,50m自由形,25～29歳,25.42,26.53,27.43,1,松浦沙弥,ミズノMT,29/2,31.12,31.12,False,False,False,,,0.64,,False
77,長水路,15,女子,50m自由形,25～29歳,25.42,26.53,27.43,2,松澤春菜,セ・大宮宮原,27/8,31.95,31.95,False,False,False,,,0.71,,False
77,長水路,15,女子,50m自由形,25～29歳,25.42,26.53,27.43,3,木田景子,セ・平塚,27/2,32.02,32.02,False,False,False,,,0.72,,False
77,長水路,15,女子,50m自由形,25～29歳,25.42,26.53,27.43,4,宮田さくら,セ・成城,27/1,32.47,32.47,False,False,False,,,0.77,,False
77,長水路,15,女子,50m自由形,25～29歳,25.42,26.53,27.43,5,岡本詩絵理,セ・藤沢,26/2,33.27,33.27,False,False,False,,,0.79,,False
77,長水路,15,女子,50m自由形,25～29歳,25.42,26.53,27.43,6,二宮若葉,セ・南青山,24/4,33.83,33.83,False,False,False,,,0.76,,False
77,長水路,15,女子,50m自由形,25～29歳,25.42,26.53,27.43,7,足立知実,セ・平塚,26/10,35.10,35.1,False,False,False,,,0.71,,False
77,長水路,15,女子,50m自由形,25～29歳,25.42,26.53,27.43,8,柏木涼,セ・越谷LT,19/10,36.40,36.4,False,False,False,,,0.82,,False
77,長水路,15,女子,50m自由形,18～24歳,,26.65,28.03,1,高橋紗良,セ・長津田,29/3,29.54,29.54,False,False,False,,,0.68,,False
77,長水路,15,女子,50m自由形,18～24歳,,26.65,28.03,2,深谷美緒,セ・東十条,26/6,31.02,31.02,False,False,False,,,0.7,,False
77,長水路,15,女子,50m自由形,18～24歳,,26.65,28.03,3,岡田星理,セ・谷津,28/10,31.26,31.26,False,False,False,,,0.67,,False
77,長水路,15,女子,50m自由形,18～24歳,,26.65,28.03,4,栃元春乃,セ・西東京,29/10,31.29,31.29,False,False,False,,,0.69,,False
77,長水路,15,女子,50m自由形,18～24歳,,26.65,28.03,5,櫻井春佳,セ・大宮宮原,29/1,31.87,31.87,False,False,False,,,0.67,,False
77,長水路,15,女子,50m自由形,18～24歳,,26.65,28.03,6,正垣木梨,セ・下北沢,28/7,32.47,32.47,False,False,False,,,0.74,,False
77,長水路,15,女子,50m自由形,18～24歳,,26.65,28.03,7,今井恵子,セ・阿佐谷,29/9,32.59,32.59,False,False,False,,,0.68,,False
77,長水路,15,女子,50m自由形,18～24歳,,26.65,28.03,8,松本彩花,セ・二俣川,26/9,34.57,34.57,False,False,False,,,0.78,,False
77,長水路,15,女子,50m自由形,18～24歳,,26.65,28.03,9,寺本茉冬,セ・八王子,23/10,34.71,34.71,False,False,False,,,0.71,,False
77,長水路,15,女子,50m自由形,18～24歳,,,,9,森山稜子,セ・新都心,25/10,34.71,34.71,False,False,False,,,0.68,,False
77,長水路,16,男子,50m自由形,90～94歳,38.64,40.89,52.43,1,椎野正敏,セ・越谷,2/1,55.87,55.87,False,False,False,,,1.05,,False
77,長水路,16,男子,50m自由形,85～89歳,33.74,33.74,43.66,1,大堀兵衛,セ・下北沢,1/8,57.11,57.11,False,False,False,,,1.6,,False
77,長水路,16,男子,50m自由形,85～89歳,33.74,33.74,43.66,2,丸野公敏,セ・南千住,1/9,1:06.37,66.37,False,False,False,,,,,False
77,長水路,16,男子,50m自由形,80～84歳,31.23,31.23,36.52,1,井口穣,セ・東戸塚,6/5,40.77,40.77,False,False,False,,,0.82,,False
77,長水路,16,男子,50m自由形,80～84歳,31.23,31.23,36.52,2,池端孝一,セ・成瀬,5/7,41.81,41.81,False,False,False,,,0.92,,False
77,長水路,16,男子,50m自由形,80～84歳,31.23,31.23,36.52,3,中村欣正,セ・流山,4/4,42.40,42.4,False,False,False,,,0.8,,False
77,長水路,16,男子,50m自由形,80～84歳,31.23,31.23,36.52,4,井上隆史,セ・市ヶ尾,4/6,44.32,44.32,False,False,False,,,1.0,,False
77,長水路,16,男子,50m自由形,80～84歳,31.23,31.23,36.52,5,小田稔,セ・慶應日吉,3/6,45.75,45.75,False,False,False,,,1.0,,False
77,長水路,16,男子,50m自由形,80～84歳,31.23,31.23,36.52,6,保谷由夫,Ｇ－ＳＰＡ,2/5,50.22,50.22,False,False,False,,,0.92,,False
77,長水路,16,男子,50m自由形,80～84歳,31.23,31.23,36.52,7,増山晶一,セ・下北沢,1/7,54.23,54.23,False,False,False,,,1.06,,False
77,長水路,16,男子,50m自由形,80～84歳,31.23,31.23,36.52,8,丸本芳郎,ザバス鶴見,1/2,56.18,56.18,False,False,False,,,,,False
77,長水路,16,男子,50m自由形,75～79歳,29.19,30.08,32.10,1,滋野文夫,セ・前橋,18/9,30.61,30.61,True,False,False,,,0.86,,False
77,長水路,16,男子,50m自由形,75～79歳,29.19,30.08,32.10,2,木津誠,セ・成城,9/5,35.17,35.17,False,False,False,,,0.83,,False
77,長水路,16,男子,50m自由形,75～79歳,29.19,30.08,32.10,3,嶋﨑昭夫,セ・西東京,8/3,37.76,37.76,False,False,False,,,0.85,,False
77,長水路,16,男子,50m自由形,75～79歳,29.19,30.08,32.10,4,瀧下敏和,セ・志木,6/1,41.51,41.51,False,False,False,,,0.92,,False
77,長水路,16,男子,50m自由形,75～79歳,29.19,30.08,32.10,5,石井肇,墨田区体育館,3/9,42.33,42.33,False,False,False,,,1.11,,False
77,長水路,16,男子,50m自由形,75～79歳,29.19,30.08,32.10,6,丸喜章,セ・茂原,6/2,43.02,43.02,False,False,False,,,1.0,,False
77,長水路,16,男子,50m自由形,75～79歳,29.19,30.08,32.10,7,田中信夫,セ・越谷,3/7,45.66,45.66,False,False,False,,,1.17,,False
77,長水路,16,男子,50m自由形,75～79歳,29.19,30.08,32.10,8,松永勝,セ・おおたか,2/4,46.06,46.06,False,False,False,,,1.16,,False
77,長水路,16,男子,50m自由形,75～79歳,29.19,30.08,32.10,9,御手洗康美,セ・大森,2/7,46.19,46.19,False,False,False,,,1.09,,False
77,長水路,16,男子,50m自由形,75～79歳,29.19,30.08,32.10,10,手塚満,セ・おおたか,3/2,47.64,47.64,False,False,False,,,0.83,,False
77,長水路,16,男子,50m自由形,75～79歳,29.19,30.08,32.10,11,泉保央,セ・慶應日吉,3/3,49.83,49.83,False,False,False,,,,,False
77,長水路,16,男子,50m自由形,75～79歳,29.19,30.08,32.10,12,内田幸稔,セ・松戸,5/10,50.34,50.34,False,False,False,,,0.91,,False
77,長水路,16,男子,50m自由形,75～79歳,29.19,30.08,32.10,13,竹島正明,セ・越谷,1/5,52.66,52.66,False,False,False,,,0.92,,False
77,長水路,16,男子,50m自由形,70～74歳,,,,1,亀田一麿,セ・東戸塚,13/5,33.41,33.41,False,False,False,,,0.83,,False
77,長水路,16,男子,50m自由形,70～74歳,,,,2,安藤次郎,セ・館山,12/2,33.95,33.95,False,False,False,,,0.83,,False
77,長水路,16,男子,50m自由形,70～74歳,,,,3,鈴木幹男,セ・我孫子,11/2,36.05,36.05,False,False,False,,,0.96,,False
77,長水路,16,男子,50m自由形,70～74歳,,,,4,古川賢一郎,ザバス川崎,5/5,39.06,39.06,False,False,False,,,1.24,,False
77,長水路,16,男子,50m自由形,70～74歳,,,,5,幡場達明,セ・大宮宮原,8/9,39.37,39.37,False,False,False,,,0.82,,False
77,長水路,16,男子,50m自由形,70～74歳,,,,6,橋本亘,セ・おおたか,5/6,39.45,39.45,False,False,False,,,0.92,,False
77,長水路,16,男子,50m自由形,70～74歳,,,,7,宇佐美栄二,セ・阿佐谷,7/5,40.53,40.53,False,False,False,,,0.94,,False
77,長水路,16,男子,50m自由形,70～74歳,,,,8,常山賢二,曽谷・セ,6/7,40.66,40.66,False,False,False,,,1.03,,False
77,長水路,16,男子,50m自由形,70～74歳,,,,9,服部陽一,セ・成瀬,6/10,41.21,41.21,False,False,False,,,0.81,,False
77,長水路,16,男子,50m自由形,70～74歳,,,,10,梅村潔,セ・茂原,4/7,42.15,42.15,False,False,False,,,0.75,,False
77,長水路,16,男子,50m自由形,70～74歳,,,,11,中村雄一,Ｇ－ＳＰＡ,5/4,42.37,42.37,False,False,False,,,,,False
77,長水路,16,男子,50m自由形,70～74歳,,,,12,松下達一,セ・成城,6/9,43.33,43.33,False,False,False,,,1.07,,False
77,長水路,16,男子,50m自由形,70～74歳,,,,13,大久保美伸,セ・松戸,3/8,47.02,47.02,False,False,False,,,1.08,,False
77,長水路,16,男子,50m自由形,70～74歳,,,,14,山田幸男,セ・南千住,3/4,47.41,47.41,False,False,False,,,1.06,,False
77,長水路,16,男子,50m自由形,70～74歳,,,,15,増田行雄,セ・蒲田,2/8,49.40,49.4,False,False,False,,,1.07,,False
77,長水路,16,男子,50m自由形,70～74歳,,,,16,高橋修一,セ・我孫子,2/3,50.52,50.52,False,False,False,,,1.06,,False
77,長水路,16,男子,50m自由形,70～74歳,,,,17,森下善夫,セ・大宮宮原,3/10,52.30,52.3,False,False,False,,,0.92,,False
77,長水路,16,男子,50m自由形,65～69歳,26.21,26.35,28.14,1,冨松実,セ・二俣川,15/9,32.99,32.99,False,False,False,,,0.71,,False
77,長水路,16,男子,50m自由形,65～69歳,26.21,26.35,28.14,2,槙田誠,セ・南千住,12/3,34.68,34.68,False,False,False,,,0.76,,False
77,長水路,16,男子,50m自由形,65～69歳,26.21,26.35,28.14,3,山梨英克,セ・我孫子,9/6,35.10,35.1,False,False,False,,,0.74,,False
77,長水路,16,男子,50m自由形,65～69歳,26.21,26.35,28.14,4,佐藤信弘,セ・桶川北本,10/7,35.37,35.37,False,False,False,,,0.89,,False
77,長水路,16,男子,50m自由形,65～69歳,26.21,26.35,28.14,5,五十嵐洋,セ・おおたか,10/5,35.93,35.93,False,False,False,,,0.71,,False
77,長水路,16,男子,50m自由形,65～69歳,26.21,26.35,28.14,6,阿部宏之助,セ・上池袋,8/2,38.24,38.24,False,False,False,,,0.83,,False
77,長水路,16,男子,50m自由形,65～69歳,26.21,26.35,28.14,7,茂木和哉,セ・市ヶ尾,9/3,38.29,38.29,False,False,False,,,0.78,,False
77,長水路,16,男子,50m自由形,65～69歳,26.21,26.35,28.14,8,西森文史郎,セ・長津田,9/4,38.37,38.37,False,False,False,,,0.91,,False
77,長水路,16,男子,50m自由形,65～69歳,26.21,26.35,28.14,9,仲宇佐隆一,セ・横浜,10/9,38.41,38.41,False,False,False,,,0.79,,False
77,長水路,16,男子,50m自由形,65～69歳,26.21,26.35,28.14,10,山中一男,セ・阿佐谷,8/8,39.73,39.73,False,False,False,,,0.87,,False
77,長水路,16,男子,50m自由形,65～69歳,26.21,26.35,28.14,11,金丸正弘,セ・府中,2/2,40.68,40.68,False,False,False,,,1.21,,False
77,長水路,16,男子,50m自由形,65～69歳,26.21,26.35,28.14,12,赤坂吉昭,セ・葛西,9/7,41.91,41.91,False,False,False,,,0.87,,False
77,長水路,16,男子,50m自由形,65～69歳,26.21,26.35,28.14,13,内藤謙一,セ・松戸,2/6,43.18,43.18,False,False,False,,,1.59,,False
77,長水路,16,男子,50m自由形,65～69歳,26.21,26.35,28.14,14,秋山和弘,ザバス鶴見,3/1,47.29,47.29,False,False,False,,,0.88,,False
77,長水路,16,男子,50m自由形,65～69歳,26.21,26.35,28.14,15,櫛田伸彦,ザバス鶴見,4/8,47.65,47.65,False,False,False,,,1.1,,False
77,長水路,16,男子,50m自由形,65～69歳,26.21,26.35,28.14,16,楢橋章,セ・川越,2/9,55.68,55.68,False,False,False,,,1.34,,False
77,長水路,16,男子,50m自由形,60～64歳,24.82,26.66,27.13,1,金子勝,セ・岩槻,17/2,30.64,30.64,False,False,False,,,0.67,,False
77,長水路,16,男子,50m自由形,60～64歳,24.82,26.66,27.13,2,和田浩一,セ・用賀,16/6,30.81,30.81,False,False,False,,,0.78,,False
77,長水路,16,男子,50m自由形,60～64歳,24.82,26.66,27.13,3,沼田真清,セ・南青山,19/7,31.04,31.04,False,False,False,,,0.59,,False
77,長水路,16,男子,50m自由形,60～64歳,24.82,26.66,27.13,4,廣本佳也,セ・上池袋,15/5,32.02,32.02,False,False,False,,,0.93,,False
77,長水路,16,男子,50m自由形,60～64歳,24.82,26.66,27.13,5,神尾尚人,セ・市ヶ尾,14/3,32.59,32.59,False,False,False,,,0.68,,False
77,長水路,16,男子,50m自由形,60～64歳,24.82,26.66,27.13,6,中村幸弘,セ・越谷,14/6,32.74,32.74,False,False,False,,,0.87,,False
77,長水路,16,男子,50m自由形,60～64歳,24.82,26.66,27.13,7,一色洋志,セ・福生,13/6,32.93,32.93,False,False,False,,,0.73,,False
77,長水路,16,男子,50m自由形,60～64歳,24.82,26.66,27.13,8,森明法,セ・慶應日吉,11/6,33.08,33.08,False,False,False,,,0.97,,False
77,長水路,16,男子,50m自由形,60～64歳,24.82,26.66,27.13,9,名田裕,セ・稲毛海岸,13/9,34.48,34.48,False,False,False,,,0.99,,False
77,長水路,16,男子,50m自由形,60～64歳,24.82,26.66,27.13,10,横浜健,セ・南青山,13/2,34.95,34.95,False,False,False,,,0.78,,False
77,長水路,16,男子,50m自由形,60～64歳,24.82,26.66,27.13,11,金田雅之,セ・能見台,12/9,35.13,35.13,False,False,False,,,0.9,,False
77,長水路,16,男子,50m自由形,60～64歳,24.82,26.66,27.13,12,横山恵一,セ・越谷,7/4,35.61,35.61,False,False,False,,,0.79,,False
77,長水路,16,男子,50m自由形,60～64歳,24.82,26.66,27.13,13,二宮次郎,セ・南宇都宮,8/6,36.60,36.6,False,False,False,,,0.74,,False
77,長水路,16,男子,50m自由形,60～64歳,24.82,26.66,27.13,14,山元修一,セ・葛西,4/2,39.18,39.18,False,False,False,,,0.78,,False
77,長水路,16,男子,50m自由形,60～64歳,24.82,26.66,27.13,15,後藤潤,セ・成城,6/3,39.25,39.25,False,False,False,,,0.84,,False
77,長水路,16,男子,50m自由形,60～64歳,24.82,26.66,27.13,16,渡邉聖,セ・大森,6/8,39.26,39.26,False,False,False,,,0.97,,False
77,長水路,16,男子,50m自由形,60～64歳,24.82,26.66,27.13,17,山本勝,セ・慶應日吉,7/6,39.34,39.34,False,False,False,,,0.87,,False
77,長水路,16,男子,50m自由形,60～64歳,24.82,26.66,27.13,18,上松高造,セ・武蔵小杉,5/3,41.31,41.31,False,False,False,,,0.84,,False
77,長水路,16,男子,50m自由形,60～64歳,24.82,26.66,27.13,19,安藤靖,セ・南青山,8/1,41.68,41.68,False,False,False,,,0.77,,False
77,長水路,16,男子,50m自由形,60～64歳,24.82,26.66,27.13,20,岡部浩次,セ・上池袋,6/6,42.42,42.42,False,False,False,,,1.02,,False
77,長水路,16,男子,50m自由形,60～64歳,24.82,26.66,27.13,21,具島春彦,セ・大森,5/8,50.68,50.68,False,False,False,,,1.07,,False
77,長水路,16,男子,50m自由形,60～64歳,24.82,26.66,27.13,22,中村努,セ・市川,1/3,1:10.76,70.76,False,False,False,,,1.03,,False
77,長水路,16,男子,50m自由形,55～59歳,24.45,24.45,26.96,1,金子惠一,セ・前橋,23/9,27.90,27.9,False,False,False,,,0.75,,False
77,長水路,16,男子,50m自由形,55～59歳,24.45,24.45,26.96,2,阿部憲一,セ・大宮宮原,20/5,28.74,28.74,False,False,False,,,0.71,,False
77,長水路,16,男子,50m自由形,55～59歳,24.45,24.45,26.96,3,中村勝,セ・南千住,20/2,29.92,29.92,False,False,False,,,0.69,,False
77,長水路,16,男子,50m自由形,55～59歳,24.45,24.45,26.96,4,小林健,セ・葛西,17/3,30.42,30.42,False,False,False,,,0.71,,False
77,長水路,16,男子,50m自由形,55～59歳,24.45,24.45,26.96,5,浅田康朗,セ・大森,19/6,30.74,30.74,False,False,False,,,0.75,,False
77,長水路,16,男子,50m自由形,55～59歳,24.45,24.45,26.96,6,兵藤鋭雄,セ・目黒,17/7,31.03,31.03,False,False,False,,,0.76,,False
77,長水路,16,男子,50m自由形,55～59歳,24.45,24.45,26.96,7,山賀勝之,セ・南青山,16/3,31.06,31.06,False,False,False,,,0.69,,False
77,長水路,16,男子,50m自由形,55～59歳,24.45,24.45,26.96,8,新井良育,セ・市ヶ尾,14/9,31.79,31.79,False,False,False,,,0.79,,False
77,長水路,16,男子,50m自由形,55～59歳,24.45,24.45,26.96,9,山田隆弘,セ・市川,15/7,32.14,32.14,False,False,False,,,0.77,,False
77,長水路,16,男子,50m自由形,55～59歳,24.45,24.45,26.96,10,穴田啓樹,セ・慶應日吉,12/5,32.88,32.88,False,False,False,,,0.78,,False
77,長水路,16,男子,50m自由形,55～59歳,24.45,24.45,26.96,11,福田剛紀,Ｇ－ＳＰＡ,13/3,33.13,33.13,False,False,False,,,0.78,,False
77,長水路,16,男子,50m自由形,55～59歳,24.45,24.45,26.96,12,田中基幹,セ・流山,14/8,33.31,33.31,False,False,False,,,0.84,,False
77,長水路,16,男子,50m自由形,55～59歳,24.45,24.45,26.96,13,佐藤正章,セ・用賀,14/2,33.77,33.77,False,False,False,,,0.81,,False
77,長水路,16,男子,50m自由形,55～59歳,,,,14,兼森伸兒,ザバス八景,13/1,34.75,34.75,False,False,False,,,0.8,,False
77,長水路,16,男子,50m自由形,55～59歳,,,,15,大木義之,セ・清瀬,8/5,36.11,36.11,False,False,False,,,0.89,,False
77,長水路,16,男子,50m自由形,55～59歳,,,,16,佐野裕之,セ・武蔵小杉,8/7,36.94,36.94,False,False,False,,,0.79,,False
77,長水路,16,男子,50m自由形,55～59歳,,,,17,北村勇,セ・能見台,9/8,37.33,37.33,False,False,False,,,0.66,,False
77,長水路,16,男子,50m自由形,55～59歳,,,,18,萱沼憲司郎,セ・茂原,10/1,38.07,38.07,False,False,False,,,0.88,,False
77,長水路,16,男子,50m自由形,55～59歳,,,,19,福田義晴,セ・市川,8/4,39.27,39.27,False,False,False,,,0.97,,False
77,長水路,16,男子,50m自由形,55～59歳,,,,20,小野和彦,セ・新川崎,4/9,42.29,42.29,False,False,False,,,0.89,,False
77,長水路,16,男子,50m自由形,55～59歳,,,,21,安部盛博,セ・成城,5/1,42.78,42.78,False,False,False,,,0.9,,False
77,長水路,16,男子,50m自由形,55～59歳,,,,22,半澤繁,セ・清瀬,5/9,44.38,44.38,False,False,False,,,0.8,,False
77,長水路,16,男子,50m自由形,55～59歳,,,,23,須川真彦,セ・S湘南台,1/4,47.87,47.87,False,False,False,,,1.06,,False
77,長水路,16,男子,50m自由形,50～54歳,24.08,24.08,26.99,1,池田正輝,セ・市ヶ尾,25/3,25.70,25.7,True,False,False,,,0.67,,False
77,長水路,16,男子,50m自由形,50～54歳,24.08,24.08,26.99,2,大村俊文,セ・二俣川,21/7,26.64,26.64,True,False,False,,,0.72,,False
77,長水路,16,男子,50m自由形,50～54歳,24.08,24.08,26.99,3,長崎啓,セ・二俣川,23/8,28.73,28.73,False,False,False,,,0.8,,False
77,長水路,16,男子,50m自由形,50～54歳,24.08,24.08,26.99,4,川端邦武,セ・西台,18/5,29.13,29.13,False,False,False,,,0.72,,False
77,長水路,16,男子,50m自由形,50～54歳,24.08,24.08,26.99,5,松崎敏明,セ・慶應日吉,22/6,29.27,29.27,False,False,False,,,0.73,,False
77,長水路,16,男子,50m自由形,50～54歳,24.08,24.08,26.99,6,藤本豊和,セ・長津田,21/6,29.41,29.41,False,False,False,,,0.63,,False
77,長水路,16,男子,50m自由形,50～54歳,24.08,24.08,26.99,7,石上智啓,セ・二俣川,22/10,29.81,29.81,False,False,False,,,0.71,,False
77,長水路,16,男子,50m自由形,50～54歳,24.08,24.08,26.99,8,西村太郎,セ・千葉みなと,18/8,29.85,29.85,False,False,False,,,0.62,,False
77,長水路,16,男子,50m自由形,50～54歳,24.08,24.08,26.99,9,阿部賢裕,セ・能見台,17/4,29.95,29.95,False,False,False,,,0.73,,False
77,長水路,16,男子,50m自由形,50～54歳,24.08,24.08,26.99,10,増渕博之,セ・藤沢,15/4,30.09,30.09,False,False,False,,,0.84,,False
77,長水路,16,男子,50m自由形,50～54歳,24.08,24.08,26.99,11,弭間政隆,セ・葛西,17/9,30.21,30.21,False,False,False,,,0.93,,False
77,長水路,16,男子,50m自由形,50～54歳,24.08,24.08,26.99,12,門倉孝行,セ・慶應日吉,10/6,30.31,30.31,False,False,False,,,0.94,,False
77,長水路,16,男子,50m自由形,50～54歳,24.08,24.08,26.99,13,荒井正明,セ・八千代台,17/6,30.37,30.37,False,False,False,,,0.75,,False
77,長水路,16,男子,50m自由形,50～54歳,24.08,24.08,26.99,14,西野宮冬木,セ・長津田,16/2,30.68,30.68,False,False,False,,,0.86,,False
77,長水路,16,男子,50m自由形,50～54歳,24.08,24.08,26.99,15,前田光輝,セ・おおたか,11/4,30.69,30.69,False,False,False,,,0.67,,False
77,長水路,16,男子,50m自由形,50～54歳,24.08,24.08,26.99,16,内藤充,セ・新川崎,17/8,30.85,30.85,False,False,False,,,0.77,,False
77,長水路,16,男子,50m自由形,50～54歳,24.08,24.08,26.99,17,青木健二,セ・蒲田,17/10,31.10,31.1,False,False,False,,,0.61,,False
77,長水路,16,男子,50m自由形,50～54歳,24.08,24.08,26.99,18,山田大介,セ・武蔵小杉,16/7,31.15,31.15,False,False,False,,,0.72,,False
77,長水路,16,男子,50m自由形,50～54歳,24.08,24.08,26.99,19,足立晃,セ・新川崎,18/3,31.41,31.41,False,False,False,,,0.83,,False
77,長水路,16,男子,50m自由形,50～54歳,24.08,24.08,26.99,20,成島毅,セ・F宇都宮,12/6,32.06,32.06,False,False,False,,,0.8,,False
77,長水路,16,男子,50m自由形,50～54歳,24.08,24.08,26.99,21,廣瀬淳一,セ・トレッサ,15/8,32.59,32.59,False,False,False,,,0.81,,False
77,長水路,16,男子,50m自由形,50～54歳,24.08,24.08,26.99,22,千葉忠英,セ・天王洲,14/4,33.30,33.3,False,False,False,,,0.79,,False
77,長水路,16,男子,50m自由形,50～54歳,24.08,24.08,26.99,23,岡田能行,セ・越谷,15/1,33.66,33.66,False,False,False,,,0.77,,False
77,長水路,16,男子,50m自由形,50～54歳,24.08,24.08,26.99,24,松本考弘,セ・清瀬,15/6,33.84,33.84,False,False,False,,,0.92,,False
77,長水路,16,男子,50m自由形,50～54歳,24.08,24.08,26.99,25,金子謙一,セ・長津田,12/4,34.15,34.15,False,False,False,,,0.79,,False
77,長水路,16,男子,50m自由形,50～54歳,,,,26,高梨繁,ザバス川崎,12/7,34.95,34.95,False,False,False,,,0.72,,False
77,長水路,16,男子,50m自由形,50～54歳,,,,27,塚越有宏,セ・市ヶ尾,7/7,35.37,35.37,False,False,False,,,0.81,,False
77,長水路,16,男子,50m自由形,50～54歳,,,,28,大川明徳,セ・阿佐谷,10/4,35.54,35.54,False,False,False,,,1.06,,False
77,長水路,16,男子,50m自由形,50～54歳,,,,29,庄司和明,セ・松戸,10/3,36.11,36.11,False,False,False,,,0.94,,False
77,長水路,16,男子,50m自由形,50～54歳,,,,30,宮本昌雄,セ・二俣川,12/1,36.42,36.42,False,False,False,,,0.73,,False
77,長水路,16,男子,50m自由形,50～54歳,,,,31,バーンズノーマンウィ,セ・松戸,10/8,36.57,36.57,False,False,False,,,0.97,,False
77,長水路,16,男子,50m自由形,50～54歳,,,,32,鈴木克彦,セ・平塚,4/1,37.68,37.68,False,False,False,,,0.78,,False
77,長水路,16,男子,50m自由形,50～54歳,,,,33,三﨑淳二,セ・桶川北本,5/2,38.16,38.16,False,False,False,,,0.92,,False
77,長水路,16,男子,50m自由形,50～54歳,,,,34,向山高弘,セ・ときわ台,8/10,39.75,39.75,False,False,False,,,0.93,,False
77,長水路,16,男子,50m自由形,50～54歳,,,,35,東條博,セ・阿佐谷,4/10,42.04,42.04,False,False,False,,,1.14,,False
77,長水路,16,男子,50m自由形,50～54歳,,,,36,落合理,セ・武蔵小杉,6/4,42.28,42.28,False,False,False,,,0.85,,False
77,長水路,16,男子,50m自由形,50～54歳,,,,37,飯田勝章,セ・志木,3/5,44.63,44.63,False,False,False,,,1.06,,False
77,長水路,16,男子,50m自由形,45～49歳,23.55,23.55,25.69,1,北川貴義,セ・阿佐谷,21/4,28.20,28.2,False,False,False,,,0.71,,False
77,長水路,16,男子,50m自由形,45～49歳,23.55,23.55,25.69,2,倉持公一,セ・天王洲,21/9,28.58,28.58,False,False,False,,,0.75,,False
77,長水路,16,男子,50m自由形,45～49歳,23.55,23.55,25.69,3,渡邊忠幸,セ・南宇都宮,22/4,28.74,28.74,False,False,False,,,0.78,,False
77,長水路,16,男子,50m自由形,45～49歳,23.55,23.55,25.69,4,堀川広祐,セ・二俣川,22/1,28.88,28.88,False,False,False,,,0.66,,False
77,長水路,16,男子,50m自由形,45～49歳,23.55,23.55,25.69,5,宅間健介,セ・天王洲,18/4,29.24,29.24,False,False,False,,,0.75,,False
77,長水路,16,男子,50m自由形,45～49歳,23.55,23.55,25.69,6,前田潤,セ・松戸,18/2,29.43,29.43,False,False,False,,,0.59,,False
77,長水路,16,男子,50m自由形,45～49歳,23.55,23.55,25.69,7,佐々木茂倫,セ・流山,20/8,29.50,29.5,False,False,False,,,0.72,,False
77,長水路,16,男子,50m自由形,45～49歳,23.55,23.55,25.69,8,加地隆史,セ・葛西,18/7,29.77,29.77,False,False,False,,,0.72,,False
77,長水路,16,男子,50m自由形,45～49歳,23.55,23.55,25.69,8,今井裕介,セ・南千住,20/1,29.77,29.77,False,False,False,,,0.69,,False
77,長水路,16,男子,50m自由形,45～49歳,23.55,23.55,25.69,10,宮崎健,セ・福生,21/1,30.14,30.14,False,False,False,,,0.72,,False
77,長水路,16,男子,50m自由形,45～49歳,23.55,23.55,25.69,11,宮岡亮介,セ・亀有,16/5,30.43,30.43,False,False,False,,,0.78,,False
77,長水路,16,男子,50m自由形,45～49歳,23.55,23.55,25.69,12,磯貝知弘,セ・柏,20/10,30.73,30.73,False,False,False,,,0.77,,False
77,長水路,16,男子,50m自由形,45～49歳,23.55,23.55,25.69,13,花輪博之,セ・越谷,18/1,30.79,30.79,False,False,False,,,0.83,,False
77,長水路,16,男子,50m自由形,45～49歳,23.55,23.55,25.69,14,松平一真,セ・本郷台,19/5,30.86,30.86,False,False,False,,,0.75,,False
77,長水路,16,男子,50m自由形,45～49歳,23.55,23.55,25.69,15,若杉佳宏,セ・阿佐谷,18/10,31.15,31.15,False,False,False,,,0.74,,False
77,長水路,16,男子,50m自由形,45～49歳,23.55,23.55,25.69,16,栗原大輔,セ・成瀬,13/8,31.38,31.38,False,False,False,,,0.85,,False
77,長水路,16,男子,50m自由形,45～49歳,23.55,23.55,25.69,17,西田幸弘,セ・藤沢,15/10,31.71,31.71,False,False,False,,,0.87,,False
77,長水路,16,男子,50m自由形,45～49歳,23.55,23.55,25.69,18,中嶋智史,セ・市ヶ尾,16/8,32.25,32.25,False,False,False,,,0.7,,False
77,長水路,16,男子,50m自由形,45～49歳,23.55,23.55,25.69,19,櫻井直仁,セ・清瀬,14/10,33.27,33.27,False,False,False,,,0.88,,False
77,長水路,16,男子,50m自由形,45～49歳,23.55,23.55,25.69,20,浅野亮介,セ・新都心,7/8,33.69,33.69,False,False,False,,,0.88,,False
77,長水路,16,男子,50m自由形,45～49歳,23.55,23.55,25.69,21,小島直政,セ・久喜,9/2,34.04,34.04,False,False,False,,,1.03,,False
77,長水路,16,男子,50m自由形,45～49歳,23.55,23.55,25.69,22,小林貴大,セ・蘇我,12/8,34.15,34.15,False,False,False,,,0.81,,False
77,長水路,16,男子,50m自由形,45～49歳,23.55,23.55,25.69,23,田辺直行,セ・武蔵小杉,7/3,34.60,34.6,False,False,False,,,0.95,,False
77,長水路,16,男子,50m自由形,45～49歳,,,,24,鈴木直哉,セ・八王子,11/9,35.37,35.37,False,False,False,,,0.93,,False
77,長水路,16,男子,50m自由形,45～49歳,,,,25,志水剛,セ・大宮宮原,10/10,37.06,37.06,False,False,False,,,0.88,,False
77,長水路,16,男子,50m自由形,40～44歳,23.14,23.25,25.23,1,前田崇行,セ・二俣川,24/7,26.52,26.52,False,False,False,,,0.68,,False
77,長水路,16,男子,50m自由形,40～44歳,23.14,23.25,25.23,2,山口雅文,ミズノMT,11/3,26.93,26.93,False,False,False,,,0.76,,False
77,長水路,16,男子,50m自由形,40～44歳,23.14,23.25,25.23,3,吉田拓磨,セ・上池袋,23/3,27.03,27.03,False,False,False,,,0.67,,False
77,長水路,16,男子,50m自由形,40～44歳,23.14,23.25,25.23,4,村上守,セ・成城,20/4,28.37,28.37,False,False,False,,,0.79,,False
77,長水路,16,男子,50m自由形,40～44歳,23.14,23.25,25.23,5,木村知行,セ・二俣川,21/3,28.42,28.42,False,False,False,,,0.71,,False
77,長水路,16,男子,50m自由形,40～44歳,23.14,23.25,25.23,6,石井将太,セ・成瀬,22/5,28.52,28.52,False,False,False,,,0.77,,False
77,長水路,16,男子,50m自由形,40～44歳,23.14,23.25,25.23,7,鈴木敏志,セ・松戸,23/1,28.90,28.9,False,False,False,,,0.76,,False
77,長水路,16,男子,50m自由形,40～44歳,23.14,23.25,25.23,8,小林弘典,セ・大森,21/2,29.03,29.03,False,False,False,,,0.69,,False
77,長水路,16,男子,50m自由形,40～44歳,23.14,23.25,25.23,9,宮崎隆寛,セ・越谷,13/4,32.44,32.44,False,False,False,,,0.75,,False
77,長水路,16,男子,50m自由形,40～44歳,23.14,23.25,25.23,10,山岡哲也,セ・二俣川,17/1,32.78,32.78,False,False,False,,,0.84,,False
77,長水路,16,男子,50m自由形,40～44歳,23.14,23.25,25.23,11,小田島丈典,セ・福生,14/5,33.58,33.58,False,False,False,,,0.78,,False
77,長水路,16,男子,50m自由形,40～44歳,23.14,23.25,25.23,12,上村匠,セ・下北沢,13/7,34.23,34.23,False,False,False,,,0.86,,False
77,長水路,16,男子,50m自由形,40～44歳,23.14,23.25,25.23,13,田中遼太,セ・慶應日吉,12/10,34.43,34.43,False,False,False,,,0.69,,False
77,長水路,16,男子,50m自由形,40～44歳,23.14,23.25,25.23,14,宇佐美学,セ・大森,11/5,35.72,35.72,False,False,False,,,0.83,,False
77,長水路,16,男子,50m自由形,40～44歳,23.14,23.25,25.23,15,清水大輔,セ・桶川北本,10/2,38.06,38.06,False,False,False,,,0.85,,False
77,長水路,16,男子,50m自由形,35～39歳,22.76,23.20,24.83,1,吉川重行,セ・桶川北本,23/5,26.99,26.99,False,False,False,,,0.67,,False
77,長水路,16,男子,50m自由形,35～39歳,22.76,23.20,24.83,2,高津周平,セ・武蔵小杉,24/2,27.31,27.31,False,False,False,,,0.68,,False
77,長水路,16,男子,50m自由形,35～39歳,22.76,23.20,24.83,3,鈴木遼,セ・二俣川,19/4,29.93,29.93,False,False,False,,,0.73,,False
77,長水路,16,男子,50m自由形,35～39歳,22.76,23.20,24.83,4,手塚一智,セ・大宮宮原,19/3,30.94,30.94,False,False,False,,,0.72,,False
77,長水路,16,男子,50m自由形,35～39歳,22.76,23.20,24.83,5,佐々木悠介,セ・福島,11/10,36.82,36.82,False,False,False,,,0.95,,False
77,長水路,16,男子,50m自由形,30～34歳,22.13,22.95,24.64,1,板垣義人,セ・トレッサ,25/5,24.97,24.97,False,False,False,,,0.66,,False
77,長水路,16,男子,50m自由形,30～34歳,22.13,22.95,24.64,2,塚本拓也,セ・清瀬,23/6,27.00,27.0,False,False,False,,,0.63,,False
77,長水路,16,男子,50m自由形,30～34歳,22.13,22.95,24.64,3,石井孟,セ・葛西,24/1,27.63,27.63,False,False,False,,,0.65,,False
77,長水路,16,男子,50m自由形,30～34歳,22.13,22.95,24.64,4,梅林大貴,セ・成城,19/8,28.45,28.45,False,False,False,,,0.69,,False
77,長水路,16,男子,50m自由形,30～34歳,22.13,22.95,24.64,5,寺田遼太,セ・天王洲,21/5,28.83,28.83,False,False,False,,,0.88,,False
77,長水路,16,男子,50m自由形,30～34歳,22.13,22.95,24.64,6,大野淳哉,セ・上池袋,14/7,30.87,30.87,False,False,False,,,0.77,,False
77,長水路,16,男子,50m自由形,30～34歳,22.13,22.95,24.64,7,中村勇介,セ・慶應日吉,11/8,33.91,33.91,False,False,False,,,0.93,,False
77,長水路,16,男子,50m自由形,25～29歳,22.30,22.75,24.20,1,安芸祐作,ミズノMT,25/7,25.02,25.02,False,False,False,,,0.63,,False
77,長水路,16,男子,50m自由形,25～29歳,22.30,22.75,24.20,2,神戸優悠希,セ・茂原,20/7,25.84,25.84,False,False,False,,,0.69,,False
77,長水路,16,男子,50m自由形,25～29歳,22.30,22.75,24.20,3,松尾勇太,セ・南青山,25/8,26.05,26.05,False,False,False,,,0.61,,False
77,長水路,16,男子,50m自由形,25～29歳,22.30,22.75,24.20,4,宮田遼太,セ・成城,23/2,26.37,26.37,False,False,False,,,0.71,,False
77,長水路,16,男子,50m自由形,25～29歳,22.30,22.75,24.20,5,松澤朋樹,セ・武蔵小杉,25/9,26.61,26.61,False,False,False,,,0.8,,False
77,長水路,16,男子,50m自由形,25～29歳,22.30,22.75,24.20,6,小林和矢,セ・成城,19/2,26.64,26.64,False,False,False,,,0.72,,False
77,長水路,16,男子,50m自由形,25～29歳,22.30,22.75,24.20,7,鈴木央雅,セ・清瀬,24/5,26.70,26.7,False,False,False,,,0.7,,False
77,長水路,16,男子,50m自由形,25～29歳,22.30,22.75,24.20,8,高見沢重倫,セ・慶應日吉,22/8,26.87,26.87,False,False,False,,,0.62,,False
77,長水路,16,男子,50m自由形,25～29歳,22.30,22.75,24.20,9,中原志門,セ・大森,24/6,27.05,27.05,False,False,False,,,0.69,,False
77,長水路,16,男子,50m自由形,25～29歳,22.30,22.75,24.20,10,室坂拓真,セ・用賀,24/3,27.10,27.1,False,False,False,,,0.65,,False
77,長水路,16,男子,50m自由形,25～29歳,22.30,22.75,24.20,11,谷口太文,ミズノMT,20/3,27.42,27.42,False,False,False,,,0.66,,False
77,長水路,16,男子,50m自由形,25～29歳,22.30,22.75,24.20,12,加納聖士,セ・葛西,19/9,27.94,27.94,False,False,False,,,0.68,,False
77,長水路,16,男子,50m自由形,25～29歳,22.30,22.75,24.20,13,川西智大,セ・南千住,22/7,28.29,28.29,False,False,False,,,0.76,,False
77,長水路,16,男子,50m自由形,25～29歳,22.30,22.75,24.20,14,亀井智貴,セ・用賀,7/2,31.53,31.53,False,False,False,,,0.74,,False
77,長水路,16,男子,50m自由形,25～29歳,22.30,22.75,24.20,15,岡本昌也,セ・藤沢,9/9,32.84,32.84,False,False,False,,,0.75,,False
77,長水路,16,男子,50m自由形,18～24歳,,,22.80,1,設樂航希,セ・流山,25/6,24.43,24.43,False,False,False,,,0.64,,False
77,長水路,16,男子,50m自由形,18～24歳,,,22.80,2,韓準爀,セ・八王子,25/2,24.62,24.62,False,False,False,,,0.68,,False
77,長水路,16,男子,50m自由形,18～24歳,,,22.80,3,川口皓生,セ・柏,25/4,25.45,25.45,False,False,False,,,0.64,,False
77,長水路,16,男子,50m自由形,18～24歳,,,22.80,4,村田拓斗,セ・長津田,25/10,25.60,25.6,False,False,False,,,0.75,,False
77,長水路,16,男子,50m自由形,18～24歳,,,22.80,5,萩原裕大,セ・清瀬,22/9,25.62,25.62,False,False,False,,,0.58,,False
77,長水路,16,男子,50m自由形,18～24歳,,,22.80,6,青木海斗,セ・用賀,24/8,26.39,26.39,False,False,False,,,0.67,,False
77,長水路,16,男子,50m自由形,18～24歳,,,22.80,7,村上裕哉,セ・南千住,23/7,26.82,26.82,False,False,False,,,0.67,,False
77,長水路,16,男子,50m自由形,18～24歳,,,22.80,8,荒井優吾,セ・成瀬,24/9,27.05,27.05,False,False,False,,,0.64,,False
77,長水路,16,男子,50m自由形,18～24歳,,,22.80,8,重高良彦,セ・能見台,25/1,27.05,27.05,False,False,False,,,0.73,,False
77,長水路,16,男子,50m自由形,18～24歳,,,22.80,10,秋澤裕介,セ・二俣川,23/4,27.17,27.17,False,False,False,,,0.7,,False
77,長水路,16,男子,50m自由形,18～24歳,,,22.80,11,金子智哉,セ・清瀬,22/2,27.42,27.42,False,False,False,,,0.83,,False
77,長水路,16,男子,50m自由形,18～24歳,,,22.80,12,山泉晃也,セ・東十条,21/10,28.86,28.86,False,False,False,,,0.74,,False
77,長水路,16,男子,50m自由形,18～24歳,,,22.80,13,我妻雄大,セ・南千住,19/10,29.42,29.42,False,False,False,,,0.68,,False
77,長水路,16,男子,50m自由形,18～24歳,,,22.80,14,和澤情,セ・八王子,24/10,29.49,29.49,False,False,False,,,0.74,,False
77,長水路,16,男子,50m自由形,18～24歳,,,22.80,15,千原大樹,セ・自由が丘,19/1,30.14,30.14,False,False,False,,,0.79,,False
77,長水路,16,男子,50m自由形,18～24歳,,,22.80,16,勝又晃希,セ・藤沢,13/10,30.46,30.46,False,False,False,,,0.66,,False
77,長水路,16,男子,50m自由形,18～24歳,,,22.80,17,前納爽太,セ・葛西,16/1,31.12,31.12,False,False,False,,,0.75,,False
77,長水路,16,男子,50m自由形,18～24歳,,,22.80,18,田村翔,セ・八王子,9/10,32.03,32.03,False,False,False,,,0.98,,False
77,長水路,16,男子,50m自由形,18～24歳,,,22.80,19,松本海星,セ・清瀬,16/10,32.54,32.54,False,False,False,,,0.79,,False
77,長水路,16,男子,50m自由形,18～24歳,,,22.80,20,加藤慎梧,ザバス川崎,9/1,34.00,34.0,False,False,False,,,0.77,,False
77,長水路,16,男子,50m自由形,18～24歳,,,22.80,21,澤井康成,Ｇ－ＳＰＡ,11/1,35.80,35.8,False,False,False,,,0.94,,False
77,長水路,20,女子,50m平泳ぎ,90～94歳,59.40,1:15.13,,,鈴木静江,クリーンスパ,1/2,,,False,False,False,,,,,False
77,長水路,20,女子,50m平泳ぎ,85～89歳,51.83,54.32,1:07.67,1,大塚裕子,セ・成城,2/5,1:05.13,65.13,True,False,False,,,0.83,,False
77,長水路,20,女子,50m平泳ぎ,85～89歳,51.83,54.32,1:07.67,2,上田寿美子,セ・成城,3/5,1:07.38,67.38,True,False,False,,,1.11,,False
77,長水路,20,女子,50m平泳ぎ,80～84歳,46.94,47.59,58.72,1,佐藤由利子,セ・用賀,4/6,1:01.95,61.95,False,False,False,,,0.91,,False
77,長水路,20,女子,50m平泳ぎ,80～84歳,46.94,47.59,58.72,2,岡本靖子,セ・慶應日吉,2/3,1:05.11,65.11,False,False,False,,,1.14,,False
77,長水路,20,女子,50m平泳ぎ,80～84歳,46.94,47.59,58.72,3,永島郁子,ザバス鶴見,1/5,1:10.08,70.08,False,False,False,,,0.91,,False
77,長水路,20,女子,50m平泳ぎ,80～84歳,46.94,47.59,58.72,4,浜野操子,セ・流山,1/6,1:16.41,76.41,False,False,False,,,0.9,,False
77,長水路,20,女子,50m平泳ぎ,75～79歳,43.95,43.95,55.75,1,栗林眞知子,セ・成城,6/4,57.18,57.18,False,False,False,,,0.83,,False
77,長水路,20,女子,50m平泳ぎ,75～79歳,43.95,43.95,55.75,2,滋野好子,セ・前橋,8/1,57.64,57.64,False,False,False,,,0.84,,False
77,長水路,20,女子,50m平泳ぎ,75～79歳,43.95,43.95,55.75,3,岡田まり子,CS南行徳,5/8,1:01.05,61.05,False,False,False,,,0.98,,False
77,長水路,20,女子,50m平泳ぎ,75～79歳,43.95,43.95,55.75,4,福田加代子,セ・戸塚,6/2,1:01.60,61.6,False,False,False,,,0.78,,False
77,長水路,20,女子,50m平泳ぎ,75～79歳,43.95,43.95,55.75,5,坂本光子,セ・越谷,3/7,1:04.85,64.85,False,False,False,,,0.93,,False
77,長水路,20,女子,50m平泳ぎ,75～79歳,43.95,43.95,55.75,6,大手佳江,セ・南千住,3/4,1:07.07,67.07,False,False,False,,,1.01,,False
77,長水路,20,女子,50m平泳ぎ,75～79歳,43.95,43.95,55.75,7,諸橋暁子,曽谷・セ,3/2,1:10.52,70.52,False,False,False,,,0.99,,False
77,長水路,20,女子,50m平泳ぎ,75～79歳,43.95,43.95,55.75,8,原田早苗,セ・南千住,3/9,1:13.38,73.38,False,False,False,,,0.94,,False
77,長水路,20,女子,50m平泳ぎ,75～79歳,43.95,43.95,55.75,9,栗原羊子,セ・流山,1/4,1:20.28,80.28,False,False,False,,,1.05,,False
77,長水路,20,女子,50m平泳ぎ,75～79歳,43.95,43.95,55.75,10,安部澄子,セ・我孫子,1/8,1:25.27,85.27,False,False,False,,,,,False
77,長水路,20,女子,50m平泳ぎ,75～79歳,43.95,43.95,55.75,11,西村咲喜子,セ・志木,1/9,1:50.43,110.43,False,False,False,,,,,False
77,長水路,20,女子,50m平泳ぎ,70～74歳,41.67,42.98,46.76,1,小澤優子,セ・葛西,5/5,57.78,57.78,False,False,False,,,0.88,,False
77,長水路,20,女子,50m平泳ぎ,70～74歳,41.67,42.98,46.76,2,伊藤幸英,ザバス鶴見,4/7,1:00.30,60.3,False,False,False,,,0.99,,False
77,長水路,20,女子,50m平泳ぎ,70～74歳,41.67,42.98,46.76,3,松木真知子,セ・ときわ台,5/2,1:00.32,60.32,False,False,False,,,0.93,,False
77,長水路,20,女子,50m平泳ぎ,70～74歳,41.67,42.98,46.76,4,矢島きよえ,CS南行徳,4/4,1:02.98,62.98,False,False,False,,,1.02,,False
77,長水路,20,女子,50m平泳ぎ,70～74歳,41.67,42.98,46.76,5,荒深なみ,セ・市ヶ尾,3/3,1:03.93,63.93,False,False,False,,,0.89,,False
77,長水路,20,女子,50m平泳ぎ,70～74歳,41.67,42.98,46.76,6,末光とき子,墨田区体育館,2/6,1:06.24,66.24,False,False,False,,,0.76,,False
77,長水路,20,女子,50m平泳ぎ,70～74歳,41.67,42.98,46.76,7,樋口恵子,セ・能見台,4/1,1:08.84,68.84,False,False,False,,,0.95,,False
77,長水路,20,女子,50m平泳ぎ,65～69歳,39.91,42.07,45.59,1,高梨美樹,セ・成城,11/3,48.57,48.57,False,False,False,,,0.77,,False
77,長水路,20,女子,50m平泳ぎ,65～69歳,39.91,42.07,45.59,2,米澤美智子,セ・成瀬,11/5,49.67,49.67,False,False,False,,,0.82,,False
77,長水路,20,女子,50m平泳ぎ,65～69歳,39.91,42.07,45.59,3,田代眞理子,セ・成城,10/5,51.06,51.06,False,False,False,,,0.81,,False
77,長水路,20,女子,50m平泳ぎ,65～69歳,39.91,42.07,45.59,4,瀧下節子,セ・志木,8/5,51.88,51.88,False,False,False,,,0.76,,False
77,長水路,20,女子,50m平泳ぎ,65～69歳,39.91,42.07,45.59,5,三枚堂かよ子,セ・阿佐谷,9/3,52.19,52.19,False,False,False,,,0.78,,False
77,長水路,20,女子,50m平泳ぎ,65～69歳,39.91,42.07,45.59,6,浅野みどり,セ・天王洲,8/2,55.14,55.14,False,False,False,,,0.87,,False
77,長水路,20,女子,50m平泳ぎ,65～69歳,39.91,42.07,45.59,7,小笠原三春,セ・八王子,9/5,55.73,55.73,False,False,False,,,0.89,,False
77,長水路,20,女子,50m平泳ぎ,65～69歳,39.91,42.07,45.59,8,廣瀬伸子,セ・成城,10/2,56.10,56.1,False,False,False,,,1.01,,False
77,長水路,20,女子,50m平泳ぎ,65～69歳,39.91,42.07,45.59,9,立間玲子,セ・我孫子,5/4,56.14,56.14,False,False,False,,,0.91,,False
77,長水路,20,女子,50m平泳ぎ,65～69歳,39.91,42.07,45.59,10,五月女美幸,セ・宇都宮,7/2,56.94,56.94,False,False,False,,,0.97,,False
77,長水路,20,女子,50m平泳ぎ,65～69歳,39.91,42.07,45.59,11,新井瑞枝,セ・流山,7/8,56.98,56.98,False,False,False,,,1.06,,False
77,長水路,20,女子,50m平泳ぎ,65～69歳,39.91,42.07,45.59,12,掃部典子,曽谷・セ,8/10,58.26,58.26,False,False,False,,,1.07,,False
77,長水路,20,女子,50m平泳ぎ,65～69歳,39.91,42.07,45.59,13,太田初美,セ・越谷,10/10,58.38,58.38,False,False,False,,,0.84,,False
77,長水路,20,女子,50m平泳ぎ,65～69歳,39.91,42.07,45.59,14,益田加津子,セ・自由が丘,7/7,58.86,58.86,False,False,False,,,0.92,,False
77,長水路,20,女子,50m平泳ぎ,65～69歳,39.91,42.07,45.59,15,畠山眞由美,セ・柏,6/9,1:00.11,60.11,False,False,False,,,0.8,,False
77,長水路,20,女子,50m平泳ぎ,65～69歳,39.91,42.07,45.59,16,藤井道子,セ・我孫子,4/2,1:01.62,61.62,False,False,False,,,0.85,,False
77,長水路,20,女子,50m平泳ぎ,65～69歳,39.91,42.07,45.59,17,近藤みゆき,セ・阿佐谷,6/8,1:01.76,61.76,False,False,False,,,0.71,,False
77,長水路,20,女子,50m平泳ぎ,65～69歳,39.91,42.07,45.59,18,渋谷照代,セ・我孫子,4/9,1:04.74,64.74,False,False,False,,,0.99,,False
77,長水路,20,女子,50m平泳ぎ,65～69歳,39.91,42.07,45.59,19,池田則子,セ・松戸,2/4,1:06.49,66.49,False,False,False,,,1.07,,False
77,長水路,20,女子,50m平泳ぎ,65～69歳,39.91,42.07,45.59,20,渡邉登美子,セ・阿佐谷,5/6,1:09.40,69.4,False,False,False,,,0.79,,False
77,長水路,20,女子,50m平泳ぎ,65～69歳,39.91,42.07,45.59,21,木村恵,セ・我孫子,3/1,1:11.52,71.52,False,False,False,,,0.86,,False
77,長水路,20,女子,50m平泳ぎ,65～69歳,39.91,42.07,45.59,22,田村加代子,セ・おおたか,2/2,1:13.14,73.14,False,False,False,,,0.98,,False
77,長水路,20,女子,50m平泳ぎ,65～69歳,39.91,42.07,45.59,23,池田真理子,セ・大森,5/10,1:15.57,75.57,False,False,False,,,1.27,,False
77,長水路,20,女子,50m平泳ぎ,65～69歳,39.91,42.07,45.59,24,橋本真紀,セ・慶應日吉,3/6,1:17.29,77.28999999999999,False,False,False,,,0.92,,False
77,長水路,20,女子,50m平泳ぎ,65～69歳,39.91,42.07,45.59,25,小高和子,セ・桶川北本,2/8,1:21.03,81.03,False,False,False,,,,,False
77,長水路,20,女子,50m平泳ぎ,65～69歳,39.91,42.07,45.59,26,池長幸子,セ・桶川北本,2/9,1:21.77,81.77,False,False,False,,,1.04,,False
77,長水路,20,女子,50m平泳ぎ,60～64歳,37.43,38.07,43.45,1,磯村由紀子,セ・越谷,11/8,45.68,45.68,False,False,False,,,0.79,,False
77,長水路,20,女子,50m平泳ぎ,60～64歳,37.43,38.07,43.45,2,野島久枝,セ・二俣川,12/8,46.62,46.62,False,False,False,,,0.87,,False
77,長水路,20,女子,50m平泳ぎ,60～64歳,37.43,38.07,43.45,3,山本庸子,セ・八王子,10/6,49.46,49.46,False,False,False,,,1.14,,False
77,長水路,20,女子,50m平泳ぎ,60～64歳,37.43,38.07,43.45,4,酒井寿美恵,クリーンスパ,10/4,49.93,49.93,False,False,False,,,0.77,,False
77,長水路,20,女子,50m平泳ぎ,60～64歳,37.43,38.07,43.45,5,長野佐稚子,セ・東十条,8/6,51.80,51.8,False,False,False,,,0.98,,False
77,長水路,20,女子,50m平泳ぎ,60～64歳,37.43,38.07,43.45,6,相澤紋美,セ・阿佐谷,9/4,53.08,53.08,False,False,False,,,0.85,,False
77,長水路,20,女子,50m平泳ぎ,60～64歳,37.43,38.07,43.45,7,山中恵子,セ・桶川北本,10/9,53.33,53.33,False,False,False,,,1.01,,False
77,長水路,20,女子,50m平泳ぎ,60～64歳,37.43,38.07,43.45,8,太刀岡早苗,セ・市ヶ尾,8/3,53.43,53.43,False,False,False,,,0.86,,False
77,長水路,20,女子,50m平泳ぎ,60～64歳,37.43,38.07,43.45,9,蛯名とも子,セ・志木,6/7,54.21,54.21,False,False,False,,,0.8,,False
77,長水路,20,女子,50m平泳ぎ,60～64歳,37.43,38.07,43.45,10,柳沢智子,セ・成城,10/1,54.89,54.89,False,False,False,,,0.99,,False
77,長水路,20,女子,50m平泳ぎ,60～64歳,37.43,38.07,43.45,11,吉野ひとみ,セ・松戸,7/1,59.74,59.74,False,False,False,,,0.91,,False
77,長水路,20,女子,50m平泳ぎ,60～64歳,37.43,38.07,43.45,12,勝又聡子,セ・福生,7/9,1:00.09,60.09,False,False,False,,,0.88,,False
77,長水路,20,女子,50m平泳ぎ,60～64歳,37.43,38.07,43.45,13,佐々木政子,セ・大森,3/8,1:07.35,67.35,False,False,False,,,0.97,,False
77,長水路,20,女子,50m平泳ぎ,60～64歳,37.43,38.07,43.45,14,黒川慶子,セ・上池袋,4/10,1:09.22,69.22,False,False,False,,,0.86,,False
77,長水路,20,女子,50m平泳ぎ,55～59歳,35.59,37.52,40.00,1,前畑章子,セ・慶應日吉,13/9,45.37,45.37,False,False,False,,,0.73,,False
77,長水路,20,女子,50m平泳ぎ,55～59歳,35.59,37.52,40.00,2,仲田久美子,セ・成城,11/9,45.78,45.78,False,False,False,,,0.75,,False
77,長水路,20,女子,50m平泳ぎ,55～59歳,35.59,37.52,40.00,3,羽山恵津子,セ・葛西,12/4,46.07,46.07,False,False,False,,,0.71,,False
77,長水路,20,女子,50m平泳ぎ,55～59歳,35.59,37.52,40.00,4,鶴岡美佐,ザバス八景,12/3,46.66,46.66,False,False,False,,,0.72,,False
77,長水路,20,女子,50m平泳ぎ,55～59歳,35.59,37.52,40.00,5,船津香,セ・自由が丘,11/2,48.69,48.69,False,False,False,,,0.79,,False
77,長水路,20,女子,50m平泳ぎ,55～59歳,35.59,37.52,40.00,6,佐藤美絵子,セ・清瀬,11/10,48.71,48.71,False,False,False,,,0.73,,False
77,長水路,20,女子,50m平泳ぎ,55～59歳,35.59,37.52,40.00,7,角南美貴,セ・我孫子,10/8,50.97,50.97,False,False,False,,,0.81,,False
77,長水路,20,女子,50m平泳ぎ,55～59歳,35.59,37.52,40.00,8,三沢弘美,セ・長津田,10/7,51.92,51.92,False,False,False,,,0.95,,False
77,長水路,20,女子,50m平泳ぎ,55～59歳,35.59,37.52,40.00,9,小林名緒子,セ・大森,7/4,52.98,52.98,False,False,False,,,0.86,,False
77,長水路,20,女子,50m平泳ぎ,55～59歳,35.59,37.52,40.00,10,坂井慶子,セ・大宮宮原,9/8,53.78,53.78,False,False,False,,,0.93,,False
77,長水路,20,女子,50m平泳ぎ,55～59歳,35.59,37.52,40.00,11,冨樫真樹子,セ・用賀,8/7,54.80,54.8,False,False,False,,,0.66,,False
77,長水路,20,女子,50m平泳ぎ,55～59歳,35.59,37.52,40.00,12,澤野貴子,セ・葛西,6/1,55.73,55.73,False,False,False,,,0.69,,False
77,長水路,20,女子,50m平泳ぎ,55～59歳,35.59,37.52,40.00,13,范連杰,セ・八王子,6/3,57.07,57.07,False,False,False,,,0.97,,False
77,長水路,20,女子,50m平泳ぎ,55～59歳,35.59,37.52,40.00,14,山田智子,セ・慶應日吉,5/9,58.19,58.19,False,False,False,,,0.88,,False
77,長水路,20,女子,50m平泳ぎ,55～59歳,35.59,37.52,40.00,15,森内裕子,セ・天王洲,7/10,58.81,58.81,False,False,False,,,0.98,,False
77,長水路,20,女子,50m平泳ぎ,55～59歳,35.59,37.52,40.00,16,平澤馨,セ・府中,4/3,1:00.63,60.63,False,False,False,,,,,False
77,長水路,20,女子,50m平泳ぎ,50～54歳,34.18,37.22,39.33,1,池田智子,セ・目黒,12/6,44.55,44.55,False,False,False,,,0.78,,False
77,長水路,20,女子,50m平泳ぎ,50～54歳,34.18,37.22,39.33,2,白須靖子,セ・市ヶ尾,11/6,46.32,46.32,False,False,False,,,0.83,,False
77,長水路,20,女子,50m平泳ぎ,50～54歳,34.18,37.22,39.33,3,佐藤洋子,セ・成城,13/1,46.46,46.46,False,False,False,,,0.71,,False
77,長水路,20,女子,50m平泳ぎ,50～54歳,34.18,37.22,39.33,4,五十嵐知佐,セ・おおたか,12/2,46.47,46.47,False,False,False,,,0.73,,False
77,長水路,20,女子,50m平泳ぎ,50～54歳,34.18,37.22,39.33,5,加藤美保,セ・上池袋,12/5,46.96,46.96,False,False,False,,,0.87,,False
77,長水路,20,女子,50m平泳ぎ,50～54歳,34.18,37.22,39.33,6,田原文月,セ・南千住,11/7,47.49,47.49,False,False,False,,,0.88,,False
77,長水路,20,女子,50m平泳ぎ,50～54歳,34.18,37.22,39.33,7,磯村麻衣子,セ・上池袋,7/5,48.80,48.8,False,False,False,,,0.82,,False
77,長水路,20,女子,50m平泳ぎ,50～54歳,34.18,37.22,39.33,8,森川佳奈子,クリーンスパ,10/3,51.56,51.56,False,False,False,,,0.94,,False
77,長水路,20,女子,50m平泳ぎ,50～54歳,34.18,37.22,39.33,9,佐藤晶子,セ・おおたか,9/7,52.29,52.29,False,False,False,,,0.72,,False
77,長水路,20,女子,50m平泳ぎ,50～54歳,34.18,37.22,39.33,10,村岡貴子,セ・桶川北本,8/9,54.56,54.56,False,False,False,,,0.89,,False
77,長水路,20,女子,50m平泳ぎ,50～54歳,34.18,37.22,39.33,11,岩朋実,セ・川越,6/6,57.28,57.28,False,False,False,,,0.9,,False
77,長水路,20,女子,50m平泳ぎ,50～54歳,34.18,37.22,39.33,12,田上麻紀,セ・久喜,4/8,57.47,57.47,False,False,False,,,0.87,,False
77,長水路,20,女子,50m平泳ぎ,50～54歳,34.18,37.22,39.33,13,津田千鶴,セ・能見台,9/2,59.93,59.93,False,False,False,,,1.0,,False
77,長水路,20,女子,50m平泳ぎ,50～54歳,34.18,37.22,39.33,14,大久保彩子,セ・阿佐谷,2/7,1:01.03,61.03,False,False,False,,,1.17,,False
77,長水路,20,女子,50m平泳ぎ,50～54歳,34.18,37.22,39.33,15,小川史枝,セ・越谷LT,4/5,1:02.00,62.0,False,False,False,,,0.89,,False
77,長水路,20,女子,50m平泳ぎ,50～54歳,34.18,37.22,39.33,16,佐藤淳子,セ・久喜,5/1,1:03.92,63.92,False,False,False,,,1.04,,False
77,長水路,20,女子,50m平泳ぎ,50～54歳,34.18,37.22,39.33,17,平野真紀,セ・福生,3/10,1:16.28,76.28,False,False,False,,,1.08,,False
77,長水路,20,女子,50m平泳ぎ,45～49歳,33.56,35.65,36.63,1,栗山貴子,セ・武蔵小杉,14/7,40.97,40.97,False,False,False,,,0.83,,False
77,長水路,20,女子,50m平泳ぎ,45～49歳,33.56,35.65,36.63,2,羽田文,セ・成城,14/6,41.84,41.84,False,False,False,,,0.77,,False
77,長水路,20,女子,50m平泳ぎ,45～49歳,33.56,35.65,36.63,3,小山知子,セ・市ヶ尾,13/7,43.32,43.32,False,False,False,,,0.7,,False
77,長水路,20,女子,50m平泳ぎ,45～49歳,33.56,35.65,36.63,4,三宅信花,セ・阿佐谷,14/9,43.55,43.55,False,False,False,,,0.68,,False
77,長水路,20,女子,50m平泳ぎ,45～49歳,33.56,35.65,36.63,5,菅野ゆかり,セ・桶川北本,9/9,46.29,46.29,False,False,False,,,0.67,,False
77,長水路,20,女子,50m平泳ぎ,45～49歳,33.56,35.65,36.63,6,関康代,セ・宇都宮,13/10,46.91,46.91,False,False,False,,,0.8,,False
77,長水路,20,女子,50m平泳ぎ,45～49歳,33.56,35.65,36.63,7,手島幸恵,セ・藤沢,12/1,47.72,47.72,False,False,False,,,0.85,,False
77,長水路,20,女子,50m平泳ぎ,45～49歳,33.56,35.65,36.63,8,小林恵理子,セ・蘇我,9/6,54.20,54.2,False,False,False,,,1.06,,False
77,長水路,20,女子,50m平泳ぎ,40～44歳,32.42,35.05,38.52,1,中村可奈子,セ・おおたか,14/4,42.17,42.17,False,False,False,,,0.7,,False
77,長水路,20,女子,50m平泳ぎ,40～44歳,32.42,35.05,38.52,2,山田未紗子,セ・越谷,14/10,43.16,43.16,False,False,False,,,0.8,,False
77,長水路,20,女子,50m平泳ぎ,40～44歳,32.42,35.05,38.52,3,溝井花代子,セ・葛西,12/7,46.63,46.63,False,False,False,,,0.83,,False
77,長水路,20,女子,50m平泳ぎ,40～44歳,32.42,35.05,38.52,4,大竹昌子,セ・大森,12/9,48.05,48.05,False,False,False,,,0.72,,False
77,長水路,20,女子,50m平泳ぎ,40～44歳,32.42,35.05,38.52,5,吉田瑠夏,曽谷・セ,8/4,53.92,53.92,False,False,False,,,0.98,,False
77,長水路,20,女子,50m平泳ぎ,40～44歳,32.42,35.05,38.52,6,谷美希子,セ・府中,6/10,55.88,55.88,False,False,False,,,0.79,,False
77,長水路,20,女子,50m平泳ぎ,35～39歳,31.35,33.24,37.84,1,大家萌実,セ・用賀,13/2,44.53,44.53,False,False,False,,,0.61,,False
77,長水路,20,女子,50m平泳ぎ,35～39歳,31.35,33.24,37.84,2,岩田愛恵,セ・成城,12/10,48.79,48.79,False,False,False,,,0.84,,False
77,長水路,20,女子,50m平泳ぎ,35～39歳,31.35,33.24,37.84,3,RacaruGabriela,セ・慶應日吉,9/10,50.01,50.01,False,False,False,,,0.89,,False
77,長水路,20,女子,50m平泳ぎ,35～39歳,31.35,33.24,37.84,4,久保美由紀,セ・長津田,9/1,53.99,53.99,False,False,False,,,0.85,,False
77,長水路,20,女子,50m平泳ぎ,30～34歳,32.22,32.42,37.51,1,大椛詩織,セ・葛西,13/3,41.62,41.62,False,False,False,,,0.8,,False
77,長水路,20,女子,50m平泳ぎ,30～34歳,32.22,32.42,37.51,2,深堀陽子,セ・二俣川,14/2,43.23,43.23,False,False,False,,,0.74,,False
77,長水路,20,女子,50m平泳ぎ,25～29歳,31.60,32.75,36.99,1,遠藤桃,セ・越谷,14/1,39.84,39.84,False,False,False,,,0.83,,False
77,長水路,20,女子,50m平泳ぎ,25～29歳,31.60,32.75,36.99,2,柏木涼,セ・越谷LT,11/1,44.81,44.81,False,False,False,,,0.76,,False
77,長水路,20,女子,50m平泳ぎ,18～24歳,,,34.89,1,竹山睦月,セ・南青山,14/5,36.02,36.02,False,False,False,,,0.61,,False
77,長水路,20,女子,50m平泳ぎ,18～24歳,,,34.89,2,皆川すみれ,セ・南青山,13/8,44.87,44.87,False,False,False,,,0.83,,False
77,長水路,20,女子,50m平泳ぎ,18～24歳,,,34.89,3,松本彩花,セ・二俣川,11/4,49.71,49.71,False,False,False,,,0.76,,False
77,長水路,21,男子,50m平泳ぎ,80～84歳,41.68,41.68,49.32,1,池端孝一,セ・成瀬,4/9,54.48,54.48,False,False,False,,,0.89,,False
77,長水路,21,男子,50m平泳ぎ,80～84歳,41.68,41.68,49.32,2,井口穣,セ・東戸塚,2/6,57.18,57.18,False,False,False,,,0.84,,False
77,長水路,21,男子,50m平泳ぎ,80～84歳,41.68,41.68,49.32,3,小田稔,セ・慶應日吉,1/2,1:08.91,68.91,False,False,False,,,1.22,,False
77,長水路,21,男子,50m平泳ぎ,75～79歳,38.12,39.86,42.47,1,今修二,セ・越谷,4/8,50.22,50.22,False,False,False,,,1.12,,False
77,長水路,21,男子,50m平泳ぎ,75～79歳,38.12,39.86,42.47,2,山口博,セ・志木,3/2,54.70,54.7,False,False,False,,,1.18,,False
77,長水路,21,男子,50m平泳ぎ,75～79歳,38.12,39.86,42.47,3,服部宜孔,セ・ときわ台,1/9,1:06.08,66.08,False,False,False,,,1.1,,False
77,長水路,21,男子,50m平泳ぎ,75～79歳,38.12,39.86,42.47,4,手塚満,セ・おおたか,1/8,1:06.55,66.55,False,False,False,,,0.83,,False
77,長水路,21,男子,50m平泳ぎ,70～74歳,34.69,36.42,40.37,1,吉村進,セ・阿佐谷,7/5,41.99,41.99,False,False,False,,,0.72,,False
77,長水路,21,男子,50m平泳ぎ,70～74歳,34.69,36.42,40.37,2,村田幸士郎,セ・阿佐谷,6/4,43.34,43.34,False,False,False,,,0.92,,False
77,長水路,21,男子,50m平泳ぎ,70～74歳,34.69,36.42,40.37,3,古川賢一郎,ザバス川崎,3/5,47.29,47.29,False,False,False,,,1.11,,False
77,長水路,21,男子,50m平泳ぎ,70～74歳,34.69,36.42,40.37,4,幡場達明,セ・大宮宮原,5/9,48.10,48.1,False,False,False,,,0.98,,False
77,長水路,21,男子,50m平泳ぎ,70～74歳,34.69,36.42,40.37,5,服部陽一,セ・成瀬,4/7,50.60,50.6,False,False,False,,,0.94,,False
77,長水路,21,男子,50m平泳ぎ,70～74歳,34.69,36.42,40.37,6,橋本亘,セ・おおたか,3/1,55.91,55.91,False,False,False,,,0.89,,False
77,長水路,21,男子,50m平泳ぎ,70～74歳,34.69,36.42,40.37,7,増田行雄,セ・蒲田,2/4,1:00.09,60.09,False,False,False,,,1.21,,False
77,長水路,21,男子,50m平泳ぎ,70～74歳,34.69,36.42,40.37,8,大久保美伸,セ・松戸,2/5,1:00.65,60.65,False,False,False,,,0.96,,False
77,長水路,21,男子,50m平泳ぎ,70～74歳,34.69,36.42,40.37,9,高橋修一,セ・我孫子,1/1,1:08.38,68.38,False,False,False,,,1.02,,False
77,長水路,21,男子,50m平泳ぎ,65～69歳,33.30,33.91,39.36,1,前川正,セ・F東戸塚,6/5,44.03,44.03,False,False,False,,,0.75,,False
77,長水路,21,男子,50m平泳ぎ,65～69歳,33.30,33.91,39.36,2,山梨英克,セ・我孫子,5/8,46.23,46.23,False,False,False,,,0.77,,False
77,長水路,21,男子,50m平泳ぎ,65～69歳,33.30,33.91,39.36,3,鈴木哲治,墨田区体育館,4/5,46.35,46.35,False,False,False,,,0.92,,False
77,長水路,21,男子,50m平泳ぎ,65～69歳,33.30,33.91,39.36,4,中井岳郎,セ・成城,5/5,47.39,47.39,False,False,False,,,0.79,,False
77,長水路,21,男子,50m平泳ぎ,65～69歳,33.30,33.91,39.36,5,竹内新,セ・府中,2/3,48.48,48.48,False,False,False,,,0.95,,False
77,長水路,21,男子,50m平泳ぎ,65～69歳,33.30,33.91,39.36,6,大滝恭伸,セ・市ヶ尾,5/7,48.55,48.55,False,False,False,,,1.02,,False
77,長水路,21,男子,50m平泳ぎ,65～69歳,33.30,33.91,39.36,7,若山聖亮,G-SPA,3/4,49.55,49.55,False,False,False,,,0.93,,False
77,長水路,21,男子,50m平泳ぎ,65～69歳,33.30,33.91,39.36,8,折居彰,セ・阿佐谷,3/6,50.61,50.61,False,False,False,,,1.0,,False
77,長水路,21,男子,50m平泳ぎ,65～69歳,33.30,33.91,39.36,9,阿部宏之助,セ・上池袋,4/2,51.88,51.88,False,False,False,,,0.86,,False
77,長水路,21,男子,50m平泳ぎ,65～69歳,33.30,33.91,39.36,10,内藤謙一,セ・松戸,1/5,52.70,52.7,False,False,False,,,1.03,,False
77,長水路,21,男子,50m平泳ぎ,65～69歳,33.30,33.91,39.36,11,仲二見実,セ・ときわ台,3/10,54.50,54.5,False,False,False,,,1.43,,False
77,長水路,21,男子,50m平泳ぎ,65～69歳,33.30,33.91,39.36,12,赤坂吉昭,セ・葛西,5/3,55.97,55.97,False,False,False,,,0.83,,False
77,長水路,21,男子,50m平泳ぎ,65～69歳,33.30,33.91,39.36,13,秋山和弘,ザバス鶴見,2/7,56.24,56.24,False,False,False,,,0.81,,False
77,長水路,21,男子,50m平泳ぎ,65～69歳,33.30,33.91,39.36,14,金丸正弘,セ・府中,1/3,58.64,58.64,False,False,False,,,0.98,,False
77,長水路,21,男子,50m平泳ぎ,65～69歳,33.30,33.91,39.36,15,楢橋章,セ・川越,2/1,59.49,59.49,False,False,False,,,1.31,,False
77,長水路,21,男子,50m平泳ぎ,60～64歳,30.57,33.14,33.14,1,橋本秀行,セ・千葉みなと,12/9,34.22,34.22,False,False,False,,,0.71,,False
77,長水路,21,男子,50m平泳ぎ,60～64歳,30.57,33.14,33.14,2,池谷千尋,セ・長津田,9/4,39.93,39.93,False,False,False,,,0.72,,False
77,長水路,21,男子,50m平泳ぎ,60～64歳,30.57,33.14,33.14,3,稲毛仁,セ・松戸,9/7,39.97,39.97,False,False,False,,,0.72,,False
77,長水路,21,男子,50m平泳ぎ,60～64歳,30.57,33.14,33.14,4,中村幸弘,セ・越谷,9/10,41.33,41.33,False,False,False,,,0.98,,False
77,長水路,21,男子,50m平泳ぎ,60～64歳,30.57,33.14,33.14,5,中村浩司,セ・青砥,6/7,45.78,45.78,False,False,False,,,0.88,,False
77,長水路,21,男子,50m平泳ぎ,60～64歳,30.57,33.14,33.14,6,蛯名昌彦,セ・志木,6/1,46.57,46.57,False,False,False,,,0.78,,False
77,長水路,21,男子,50m平泳ぎ,60～64歳,30.57,33.14,33.14,7,黒川恵一,セ・市ヶ尾,5/2,50.71,50.71,False,False,False,,,0.79,,False
77,長水路,21,男子,50m平泳ぎ,60～64歳,30.57,33.14,33.14,8,渡邉聖,セ・大森,4/3,51.39,51.39,False,False,False,,,1.05,,False
77,長水路,21,男子,50m平泳ぎ,60～64歳,30.57,33.14,33.14,9,中村努,セ・市川,1/6,1:17.25,77.25,False,False,False,,,1.2,,False
77,長水路,21,男子,50m平泳ぎ,60～64歳,30.57,33.14,33.14,,山本勝,セ・慶應日吉,3/7,,,False,False,False,,,,,False
77,長水路,21,男子,50m平泳ぎ,55～59歳,30.02,31.39,33.14,1,小倉和彦,セ・清瀬,10/5,34.47,34.47,False,False,False,,,0.74,,False
77,長水路,21,男子,50m平泳ぎ,55～59歳,30.02,31.39,33.14,2,廣松伸一,セ・市ヶ尾,10/10,37.74,37.74,False,False,False,,,0.79,,False
77,長水路,21,男子,50m平泳ぎ,55～59歳,30.02,31.39,33.14,3,楊華,ザバス鶴見,9/5,39.28,39.28,False,False,False,,,0.76,,False
77,長水路,21,男子,50m平泳ぎ,55～59歳,30.02,31.39,33.14,4,宮木幸彦,セ・葛西,9/2,39.43,39.43,False,False,False,,,0.77,,False
77,長水路,21,男子,50m平泳ぎ,55～59歳,30.02,31.39,33.14,5,兼森伸兒,ザバス八景,8/7,39.50,39.5,False,False,False,,,0.78,,False
77,長水路,21,男子,50m平泳ぎ,55～59歳,30.02,31.39,33.14,6,江藤邦徳,セ・流山,7/6,39.94,39.94,False,False,False,,,0.65,,False
77,長水路,21,男子,50m平泳ぎ,55～59歳,30.02,31.39,33.14,7,久保卓士,セ・天王洲,8/9,41.51,41.51,False,False,False,,,0.71,,False
77,長水路,21,男子,50m平泳ぎ,55～59歳,30.02,31.39,33.14,8,兵藤鋭雄,セ・目黒,8/2,41.86,41.86,False,False,False,,,0.76,,False
77,長水路,21,男子,50m平泳ぎ,55～59歳,30.02,31.39,33.14,9,北村勇,セ・能見台,6/3,43.06,43.06,False,False,False,,,0.81,,False
77,長水路,21,男子,50m平泳ぎ,55～59歳,30.02,31.39,33.14,10,中島茂,セ・S湘南台,6/6,43.21,43.21,False,False,False,,,0.82,,False
77,長水路,21,男子,50m平泳ぎ,55～59歳,30.02,31.39,33.14,11,伊藤正二,セ・大森,7/1,43.75,43.75,False,False,False,,,0.78,,False
77,長水路,21,男子,50m平泳ぎ,55～59歳,30.02,31.39,33.14,12,佐藤正章,セ・用賀,6/9,45.70,45.7,False,False,False,,,0.75,,False
77,長水路,21,男子,50m平泳ぎ,55～59歳,30.02,31.39,33.14,13,穴田啓樹,セ・慶應日吉,6/8,46.93,46.93,False,False,False,,,0.74,,False
77,長水路,21,男子,50m平泳ぎ,55～59歳,30.02,31.39,33.14,14,高橋潤,セ・成瀬,3/3,49.28,49.28,False,False,False,,,0.87,,False
77,長水路,21,男子,50m平泳ぎ,55～59歳,30.02,31.39,33.14,15,日暮文明,セ・天王洲,5/1,52.07,52.07,False,False,False,,,0.99,,False
77,長水路,21,男子,50m平泳ぎ,55～59歳,30.02,31.39,33.14,16,福田義晴,セ・市川,3/9,52.84,52.84,False,False,False,,,1.03,,False
77,長水路,21,男子,50m平泳ぎ,55～59歳,30.02,31.39,33.14,17,須川真彦,セ・S湘南台,2/8,57.53,57.53,False,False,False,,,0.99,,False
77,長水路,21,男子,50m平泳ぎ,55～59歳,30.02,31.39,33.14,18,今村賢治,墨田区体育館,1/7,58.63,58.63,False,False,False,,,0.98,,False
77,長水路,21,男子,50m平泳ぎ,50～54歳,29.70,29.70,30.56,1,小森康弘,セ・葛西,13/1,32.28,32.28,False,False,False,,,0.62,,False
77,長水路,21,男子,50m平泳ぎ,50～54歳,29.70,29.70,30.56,2,祖川久茂,セ・長津田,10/8,36.47,36.47,False,False,False,,,0.68,,False
77,長水路,21,男子,50m平泳ぎ,50～54歳,29.70,29.70,30.56,3,岡村勝重,セ・長津田,10/6,36.58,36.58,False,False,False,,,0.64,,False
77,長水路,21,男子,50m平泳ぎ,50～54歳,29.70,29.70,30.56,4,西村太郎,セ・千葉みなと,9/3,38.26,38.26,False,False,False,,,0.63,,False
77,長水路,21,男子,50m平泳ぎ,50～54歳,29.70,29.70,30.56,5,原田真,セ・葛西,8/5,38.85,38.85,False,False,False,,,0.78,,False
77,長水路,21,男子,50m平泳ぎ,50～54歳,29.70,29.70,30.56,6,阿部賢裕,セ・能見台,8/8,40.09,40.09,False,False,False,,,0.78,,False
77,長水路,21,男子,50m平泳ぎ,50～54歳,29.70,29.70,30.56,7,北村洋一,セ・大森,8/3,40.28,40.28,False,False,False,,,0.57,,False
77,長水路,21,男子,50m平泳ぎ,50～54歳,29.70,29.70,30.56,8,長崎啓,セ・二俣川,9/9,40.59,40.59,False,False,False,,,0.76,,False
77,長水路,21,男子,50m平泳ぎ,50～54歳,29.70,29.70,30.56,9,千葉忠英,セ・天王洲,7/8,42.86,42.86,False,False,False,,,0.78,,False
77,長水路,21,男子,50m平泳ぎ,50～54歳,29.70,29.70,30.56,10,古高正道,セ・天王洲,7/2,43.76,43.76,False,False,False,,,0.86,,False
77,長水路,21,男子,50m平泳ぎ,50～54歳,29.70,29.70,30.56,11,久保田裕一,セ・慶應日吉,4/4,44.11,44.11,False,False,False,,,0.72,,False
77,長水路,21,男子,50m平泳ぎ,50～54歳,29.70,29.70,30.56,12,向山高弘,セ・ときわ台,5/4,46.25,46.25,False,False,False,,,0.93,,False
77,長水路,21,男子,50m平泳ぎ,50～54歳,29.70,29.70,30.56,13,落合理,セ・武蔵小杉,6/10,47.10,47.1,False,False,False,,,0.81,,False
77,長水路,21,男子,50m平泳ぎ,50～54歳,29.70,29.70,30.56,14,三﨑淳二,セ・桶川北本,4/10,50.95,50.95,False,False,False,,,0.98,,False
77,長水路,21,男子,50m平泳ぎ,50～54歳,29.70,29.70,30.56,15,鈴木克彦,セ・平塚,4/6,52.16,52.16,False,False,False,,,0.89,,False
77,長水路,21,男子,50m平泳ぎ,50～54歳,29.70,29.70,30.56,16,飯田勝章,セ・志木,2/2,59.35,59.35,False,False,False,,,0.98,,False
77,長水路,21,男子,50m平泳ぎ,50～54歳,29.70,29.70,30.56,,東條博,セ・阿佐谷,4/1,,,False,False,False,,,,,False
77,長水路,21,男子,50m平泳ぎ,45～49歳,29.22,29.22,30.11,1,今井裕介,セ・南千住,10/7,36.68,36.68,False,False,False,,,0.7,,False
77,長水路,21,男子,50m平泳ぎ,45～49歳,29.22,29.22,30.11,2,原正敏,セ・桶川北本,9/1,37.52,37.52,False,False,False,,,0.62,,False
77,長水路,21,男子,50m平泳ぎ,45～49歳,29.22,29.22,30.11,3,加地隆史,セ・葛西,10/1,38.73,38.73,False,False,False,,,0.74,,False
77,長水路,21,男子,50m平泳ぎ,45～49歳,29.22,29.22,30.11,4,宮岡亮介,セ・亀有,8/6,39.12,39.12,False,False,False,,,0.74,,False
77,長水路,21,男子,50m平泳ぎ,45～49歳,29.22,29.22,30.11,5,佐々木茂倫,セ・流山,10/3,39.14,39.14,False,False,False,,,0.68,,False
77,長水路,21,男子,50m平泳ぎ,45～49歳,29.22,29.22,30.11,6,山岡裕和,セ・ときわ台,9/8,39.21,39.21,False,False,False,,,0.91,,False
77,長水路,21,男子,50m平泳ぎ,45～49歳,29.22,29.22,30.11,7,宮崎健,セ・福生,8/4,39.67,39.67,False,False,False,,,0.73,,False
77,長水路,21,男子,50m平泳ぎ,45～49歳,29.22,29.22,30.11,8,大沢祐輔,セ・福生,7/7,40.73,40.73,False,False,False,,,0.68,,False
77,長水路,21,男子,50m平泳ぎ,45～49歳,29.22,29.22,30.11,9,花輪博之,セ・越谷,8/1,43.02,43.02,False,False,False,,,0.83,,False
77,長水路,21,男子,50m平泳ぎ,45～49歳,29.22,29.22,30.11,10,草野剛史,セ・二俣川,7/9,43.83,43.83,False,False,False,,,0.75,,False
77,長水路,21,男子,50m平泳ぎ,45～49歳,29.22,29.22,30.11,11,加藤大輔,セ・横浜,7/4,45.00,45.0,False,False,False,,,0.84,,False
77,長水路,21,男子,50m平泳ぎ,40～44歳,28.84,29.04,29.86,1,西尾直人,セ・武蔵小杉,12/5,32.94,32.94,False,False,False,,,0.73,,False
77,長水路,21,男子,50m平泳ぎ,40～44歳,28.84,29.04,29.86,2,勝吉進一,セ・慶應日吉,12/7,33.72,33.72,False,False,False,,,0.8,,False
77,長水路,21,男子,50m平泳ぎ,40～44歳,28.84,29.04,29.86,3,吉田拓磨,セ・上池袋,11/7,34.96,34.96,False,False,False,,,0.67,,False
77,長水路,21,男子,50m平泳ぎ,40～44歳,28.84,29.04,29.86,4,村上守,セ・成城,9/6,37.27,37.27,False,False,False,,,0.77,,False
77,長水路,21,男子,50m平泳ぎ,40～44歳,28.84,29.04,29.86,5,矢作歩,セ・長津田,10/4,38.09,38.09,False,False,False,,,0.76,,False
77,長水路,21,男子,50m平泳ぎ,40～44歳,28.84,29.04,29.86,6,宇佐美学,セ・大森,6/2,42.91,42.91,False,False,False,,,0.86,,False
77,長水路,21,男子,50m平泳ぎ,40～44歳,28.84,29.04,29.86,7,山岡哲也,セ・二俣川,8/10,43.05,43.05,False,False,False,,,0.91,,False
77,長水路,21,男子,50m平泳ぎ,35～39歳,27.83,27.83,29.87,1,立石裕太郎,セ・二俣川,13/2,30.29,30.29,False,False,False,,,0.65,,False
77,長水路,21,男子,50m平泳ぎ,35～39歳,27.83,27.83,29.87,2,和田弘太郎,セ・阿佐谷,13/7,30.99,30.99,False,False,False,,,0.67,,False
77,長水路,21,男子,50m平泳ぎ,35～39歳,27.83,27.83,29.87,3,宮川航,セ・南千住,13/3,31.12,31.12,False,False,False,,,0.73,,False
77,長水路,21,男子,50m平泳ぎ,35～39歳,27.83,27.83,29.87,4,入江徹,ミズノMT,13/8,32.08,32.08,False,False,False,,,0.7,,False
77,長水路,21,男子,50m平泳ぎ,35～39歳,27.83,27.83,29.87,5,増田究,セ・平塚,12/2,32.32,32.32,False,False,False,,,0.66,,False
77,長水路,21,男子,50m平泳ぎ,35～39歳,27.83,27.83,29.87,6,長田裕史,セ・柏,12/4,32.93,32.93,False,False,False,,,0.65,,False
77,長水路,21,男子,50m平泳ぎ,35～39歳,27.83,27.83,29.87,7,木村考太,セ・市ヶ尾,12/10,33.55,33.55,False,False,False,,,0.74,,False
77,長水路,21,男子,50m平泳ぎ,30～34歳,27.74,27.74,28.35,1,櫃田皓大,セ・能見台,11/6,33.66,33.66,False,False,False,,,0.68,,False
77,長水路,21,男子,50m平泳ぎ,30～34歳,27.74,27.74,28.35,2,土居秀雅,セ・成瀬,12/1,34.12,34.12,False,False,False,,,0.64,,False
77,長水路,21,男子,50m平泳ぎ,30～34歳,27.74,27.74,28.35,3,梅林大貴,セ・成城,11/1,35.31,35.31,False,False,False,,,0.67,,False
77,長水路,21,男子,50m平泳ぎ,30～34歳,27.74,27.74,28.35,4,大野淳哉,セ・上池袋,7/10,42.53,42.53,False,False,False,,,0.81,,False
77,長水路,21,男子,50m平泳ぎ,25～29歳,27.21,27.58,28.02,1,石井建幹,セ・大宮宮原,13/5,29.33,29.33,False,False,False,,,0.66,,False
77,長水路,21,男子,50m平泳ぎ,25～29歳,27.21,27.58,28.02,2,石井了,セ・おおたか,13/6,30.24,30.24,False,False,False,,,0.7,,False
77,長水路,21,男子,50m平泳ぎ,25～29歳,27.21,27.58,28.02,3,今里昂哉,セ・清瀬,12/6,31.83,31.83,False,False,False,,,0.71,,False
77,長水路,21,男子,50m平泳ぎ,25～29歳,27.21,27.58,28.02,4,前島悠也,セ・葛西,13/10,32.10,32.1,False,False,False,,,0.65,,False
77,長水路,21,男子,50m平泳ぎ,25～29歳,27.21,27.58,28.02,5,加間英貴,セ・天王洲,13/9,33.56,33.56,False,False,False,,,0.64,,False
77,長水路,21,男子,50m平泳ぎ,25～29歳,27.21,27.58,28.02,6,川西智大,セ・南千住,11/10,34.17,34.17,False,False,False,,,0.78,,False
77,長水路,21,男子,50m平泳ぎ,25～29歳,27.21,27.58,28.02,7,佐々木天太,セ・用賀,12/3,34.96,34.96,False,False,False,,,0.78,,False
77,長水路,21,男子,50m平泳ぎ,25～29歳,27.21,27.58,28.02,8,竹下翔,セ・長津田,10/9,38.81,38.81,False,False,False,,,0.66,,False
77,長水路,21,男子,50m平泳ぎ,25～29歳,27.21,27.58,28.02,9,岡本昌也,セ・藤沢,5/6,41.54,41.54,False,False,False,,,0.77,,False
77,長水路,21,男子,50m平泳ぎ,18～24歳,,27.94,29.28,1,廣谷幸翼,セ・志木,13/4,30.30,30.3,False,False,False,,,0.63,,False
77,長水路,21,男子,50m平泳ぎ,18～24歳,,27.94,29.28,2,田中壮一郎,セ・二俣川,12/8,32.51,32.51,False,False,False,,,0.76,,False
77,長水路,21,男子,50m平泳ぎ,18～24歳,,27.94,29.28,3,相原健吾,セ・目黒,11/5,32.90,32.9,False,False,False,,,0.7,,False
77,長水路,21,男子,50m平泳ぎ,18～24歳,,27.94,29.28,4,西沢歩,セ・清瀬,11/3,33.80,33.8,False,False,False,,,0.66,,False
77,長水路,21,男子,50m平泳ぎ,18～24歳,,27.94,29.28,5,伊藤水晶,セ・松戸,11/8,34.65,34.65,False,False,False,,,0.66,,False
77,長水路,21,男子,50m平泳ぎ,18～24歳,,27.94,29.28,6,佐々木明日真,セ・市川,11/2,36.20,36.2,False,False,False,,,0.66,,False
77,長水路,21,男子,50m平泳ぎ,18～24歳,,27.94,29.28,7,勝又晃希,セ・藤沢,7/3,39.32,39.32,False,False,False,,,0.62,,False
77,長水路,21,男子,50m平泳ぎ,18～24歳,,27.94,29.28,8,田村翔,セ・八王子,5/10,42.83,42.83,False,False,False,,,1.03,,False
77,長水路,22,女子,50mバタフライ,80～84歳,42.79,49.85,58.81,1,新井昭代,セ・東十条,1/3,1:14.51,74.51,False,False,False,,,1.2,,False
77,長水路,22,女子,50mバタフライ,75～79歳,38.93,41.54,51.22,1,大山恵子,セ・葛西,4/2,44.31,44.31,True,False,False,,,0.76,,False
77,長水路,22,女子,50mバタフライ,75～79歳,38.93,41.54,51.22,2,宇田川礼子,セ・我孫子,1/2,1:03.67,63.67,False,False,False,,,1.06,,False
77,長水路,22,女子,50mバタフライ,75～79歳,38.93,41.54,51.22,3,浅野美恵子,セ・蒲田,1/8,1:05.84,65.84,False,False,False,,,1.16,,False
77,長水路,22,女子,50mバタフライ,70～74歳,34.43,37.50,42.13,1,木村恵子,セ・越谷,1/4,1:00.61,60.61,False,False,False,,,0.79,,False
77,長水路,22,女子,50mバタフライ,70～74歳,34.43,37.50,42.13,2,菅和江,セ・戸塚,2/9,1:01.05,61.05,False,False,False,,,0.99,,False
77,長水路,22,女子,50mバタフライ,70～74歳,34.43,37.50,42.13,3,末光とき子,墨田区体育館,1/9,1:08.92,68.92,False,False,False,,,1.0,,False
77,長水路,22,女子,50mバタフライ,65～69歳,32.36,35.19,41.95,1,木村りょう子,セ・福生,4/8,44.73,44.73,False,False,False,,,0.88,,False
77,長水路,22,女子,50mバタフライ,65～69歳,32.36,35.19,41.95,2,ダン典子,セ・自由が丘,4/3,45.72,45.72,False,False,False,,,0.65,,False
77,長水路,22,女子,50mバタフライ,65～69歳,32.36,35.19,41.95,3,立石由美子,セ・大森,1/6,48.03,48.03,False,False,False,,,0.73,,False
77,長水路,22,女子,50mバタフライ,65～69歳,32.36,35.19,41.95,4,塙清子,セ・自由が丘,5/1,49.46,49.46,False,False,False,,,0.93,,False
77,長水路,22,女子,50mバタフライ,65～69歳,32.36,35.19,41.95,5,井手敦子,セ・慶應日吉,4/10,50.94,50.94,False,False,False,,,0.99,,False
77,長水路,22,女子,50mバタフライ,65～69歳,32.36,35.19,41.95,6,東海林慶美,セ・蒲田,3/10,54.09,54.09,False,False,False,,,0.85,,False
77,長水路,22,女子,50mバタフライ,65～69歳,32.36,35.19,41.95,7,小関富子,セ・新都心,1/5,55.48,55.48,False,False,False,,,1.12,,False
77,長水路,22,女子,50mバタフライ,65～69歳,32.36,35.19,41.95,8,廣瀬伸子,セ・成城,3/7,56.03,56.03,False,False,False,,,0.96,,False
77,長水路,22,女子,50mバタフライ,65～69歳,32.36,35.19,41.95,9,下川喜美枝,セ・南千住,2/5,56.25,56.25,False,False,False,,,1.02,,False
77,長水路,22,女子,50mバタフライ,65～69歳,32.36,35.19,41.95,10,譲原恵子,セ・我孫子,2/2,57.82,57.82,False,False,False,,,0.91,,False
77,長水路,22,女子,50mバタフライ,65～69歳,32.36,35.19,41.95,,浅野みどり,セ・天王洲,3/5,,,False,False,False,,,,,False
77,長水路,22,女子,50mバタフライ,60～64歳,29.90,33.44,35.38,1,武井麻知子,セ・二俣川,5/5,40.38,40.38,False,False,False,,,0.71,,False
77,長水路,22,女子,50mバタフライ,60～64歳,29.90,33.44,35.38,2,岡田眞弓,セ・清瀬,3/4,47.07,47.07,False,False,False,,,0.86,,False
77,長水路,22,女子,50mバタフライ,60～64歳,29.90,33.44,35.38,3,伊藤ゆかり,セ・成城,4/5,47.26,47.26,False,False,False,,,0.86,,False
77,長水路,22,女子,50mバタフライ,60～64歳,29.90,33.44,35.38,4,座間千鶴子,ザバス八景,4/9,49.14,49.14,False,False,False,,,0.79,,False
77,長水路,22,女子,50mバタフライ,60～64歳,29.90,33.44,35.38,5,大原清美,セ・阿佐谷,3/9,50.90,50.9,False,False,False,,,1.01,,False
77,長水路,22,女子,50mバタフライ,60～64歳,29.90,33.44,35.38,6,松田聡美,セ・成城,3/1,52.70,52.7,False,False,False,,,0.9,,False
77,長水路,22,女子,50mバタフライ,60～64歳,29.90,33.44,35.38,7,清水孝子,セ・福生,2/8,59.18,59.18,False,False,False,,,0.89,,False
77,長水路,22,女子,50mバタフライ,60～64歳,29.90,33.44,35.38,8,米林清子,セ・越谷,2/3,1:00.52,60.52,False,False,False,,,0.79,,False
77,長水路,22,女子,50mバタフライ,55～59歳,30.43,31.87,33.29,1,年岡仁美,セ・千葉みなと,6/10,36.62,36.62,False,False,False,,,0.82,,False
77,長水路,22,女子,50mバタフライ,55～59歳,30.43,31.87,33.29,2,生田目則子,セ・自由が丘,5/8,41.26,41.26,False,False,False,,,0.76,,False
77,長水路,22,女子,50mバタフライ,55～59歳,30.43,31.87,33.29,3,松川律子,セ・二俣川,4/1,47.63,47.63,False,False,False,,,0.8,,False
77,長水路,22,女子,50mバタフライ,55～59歳,30.43,31.87,33.29,4,小池淳子,セ・長津田,3/6,49.60,49.6,False,False,False,,,0.91,,False
77,長水路,22,女子,50mバタフライ,55～59歳,30.43,31.87,33.29,5,古谷加寿子,セ・府中,3/3,51.97,51.97,False,False,False,,,0.77,,False
77,長水路,22,女子,50mバタフライ,55～59歳,30.43,31.87,33.29,6,山本登美子,セ・桶川北本,2/1,1:00.80,60.8,False,False,False,,,0.89,,False
77,長水路,22,女子,50mバタフライ,50～54歳,29.08,30.26,32.44,1,池田百合子,セ・市ヶ尾,8/7,31.11,31.11,True,False,False,,,0.68,,False
77,長水路,22,女子,50mバタフライ,50～54歳,29.08,30.26,32.44,2,広瀬百合香,セ・戸塚,7/9,35.36,35.36,False,False,False,,,0.74,,False
77,長水路,22,女子,50mバタフライ,50～54歳,29.08,30.26,32.44,3,小泉未歌,セ・宇都宮,6/3,35.42,35.42,False,False,False,,,0.7,,False
77,長水路,22,女子,50mバタフライ,50～54歳,29.08,30.26,32.44,4,鎌田和代,セ・千葉みなと,6/1,36.49,36.49,False,False,False,,,0.67,,False
77,長水路,22,女子,50mバタフライ,50～54歳,29.08,30.26,32.44,5,小山香津子,セ・藤沢,2/7,50.90,50.9,False,False,False,,,0.77,,False
77,長水路,22,女子,50mバタフライ,50～54歳,29.08,30.26,32.44,6,大久保彩子,セ・阿佐谷,1/1,1:04.67,64.67,False,False,False,,,1.2,,False
77,長水路,22,女子,50mバタフライ,45～49歳,28.40,29.33,32.13,1,三宅信花,セ・阿佐谷,6/6,35.09,35.09,False,False,False,,,0.65,,False
77,長水路,22,女子,50mバタフライ,45～49歳,28.40,29.33,32.13,2,高橋真美,セ・志木,4/6,40.20,40.2,False,False,False,,,0.72,,False
77,長水路,22,女子,50mバタフライ,45～49歳,28.40,29.33,32.13,3,高島典子,セ・大森,3/2,46.13,46.13,False,False,False,,,0.7,,False
77,長水路,22,女子,50mバタフライ,45～49歳,28.40,29.33,32.13,4,清水佳苗,曽谷・セ,5/10,53.96,53.96,False,False,False,,,0.97,,False
77,長水路,22,女子,50mバタフライ,45～49歳,28.40,29.33,32.13,5,成重夏紀,セ・藤沢,2/6,55.38,55.38,False,False,False,,,0.87,,False
77,長水路,22,女子,50mバタフライ,40～44歳,28.36,28.75,30.58,1,吉村華余,セ・長津田,8/3,31.50,31.5,False,False,False,,,0.68,,False
77,長水路,22,女子,50mバタフライ,40～44歳,28.36,28.75,30.58,2,宮本八重,セ・慶應日吉,6/4,33.70,33.7,False,False,False,,,0.68,,False
77,長水路,22,女子,50mバタフライ,40～44歳,28.36,28.75,30.58,3,錦織佳奈子,ザバス川崎,5/2,39.41,39.41,False,False,False,,,1.0,,False
77,長水路,22,女子,50mバタフライ,40～44歳,28.36,28.75,30.58,4,冨永結衣子,セ・大森,5/9,43.44,43.44,False,False,False,,,0.8,,False
77,長水路,22,女子,50mバタフライ,40～44歳,28.36,28.75,30.58,5,宮林佑妃,セ・長津田,4/4,44.42,44.42,False,False,False,,,0.89,,False
77,長水路,22,女子,50mバタフライ,40～44歳,28.36,28.75,30.58,6,加藤涼子,セ・桶川北本,2/4,48.83,48.83,False,False,False,,,0.78,,False
77,長水路,22,女子,50mバタフライ,40～44歳,28.36,28.75,30.58,7,久保かおり,セ・長津田,3/8,52.62,52.62,False,False,False,,,0.93,,False
77,長水路,22,女子,50mバタフライ,35～39歳,27.46,28.63,30.94,1,菊地美春,セ・目黒,8/1,32.02,32.02,False,False,False,,,0.67,,False
77,長水路,22,女子,50mバタフライ,35～39歳,27.46,28.63,30.94,2,新井亜衣,セ・市川,8/9,33.36,33.36,False,False,False,,,0.82,,False
77,長水路,22,女子,50mバタフライ,35～39歳,27.46,28.63,30.94,3,宮下奏子,セ・市ヶ尾,5/7,34.45,34.45,False,False,False,,,0.71,,False
77,長水路,22,女子,50mバタフライ,35～39歳,27.46,28.63,30.94,4,新妻梓,セ・西東京,6/5,34.86,34.86,False,False,False,,,0.71,,False
77,長水路,22,女子,50mバタフライ,35～39歳,27.46,28.63,30.94,5,大家萌実,セ・用賀,6/8,36.66,36.66,False,False,False,,,0.63,,False
77,長水路,22,女子,50mバタフライ,30～34歳,27.48,27.74,30.33,1,早川舞,セ・蒲田,7/5,31.33,31.33,False,False,False,,,0.74,,False
77,長水路,22,女子,50mバタフライ,30～34歳,27.48,27.74,30.33,2,田中志歩,セ・大森,7/2,32.55,32.55,False,False,False,,,0.68,,False
77,長水路,22,女子,50mバタフライ,30～34歳,27.48,27.74,30.33,3,吉田のばら,セ・南千住,6/2,34.15,34.15,False,False,False,,,0.91,,False
77,長水路,22,女子,50mバタフライ,30～34歳,27.48,27.74,30.33,4,井上唯,セ・慶應日吉,4/7,39.47,39.47,False,False,False,,,0.82,,False
77,長水路,22,女子,50mバタフライ,25～29歳,26.32,26.32,29.89,1,真如美優,セ・南千住,8/4,31.43,31.43,False,False,False,,,0.65,,False
77,長水路,22,女子,50mバタフライ,25～29歳,26.32,26.32,29.89,2,岡澤志織,セ・茂原,8/5,31.53,31.53,False,False,False,,,0.73,,False
77,長水路,22,女子,50mバタフライ,25～29歳,26.32,26.32,29.89,3,嶋田菜々子,セ・おおたか,6/9,36.22,36.22,False,False,False,,,0.66,,False
77,長水路,22,女子,50mバタフライ,25～29歳,26.32,26.32,29.89,4,岡本詩絵理,セ・藤沢,5/6,36.57,36.57,False,False,False,,,0.78,,False
77,長水路,22,女子,50mバタフライ,18～24歳,,27.43,29.34,1,長崎千怜,セ・長津田,6/7,30.74,30.74,False,False,False,,,0.67,,False
77,長水路,22,女子,50mバタフライ,18～24歳,,27.43,29.34,2,君島凜香,セ・おおたか,7/6,31.15,31.15,False,False,False,,,0.65,,False
77,長水路,22,女子,50mバタフライ,18～24歳,,27.43,29.34,3,島崎帆乃華,セ・藤沢,7/4,31.34,31.34,False,False,False,,,0.6,,False
77,長水路,22,女子,50mバタフライ,18～24歳,,27.43,29.34,4,栃元春乃,セ・西東京,7/7,31.61,31.61,False,False,False,,,0.72,,False
77,長水路,22,女子,50mバタフライ,18～24歳,,27.43,29.34,5,西澤瑛倫,セ・越谷,8/2,32.08,32.08,False,False,False,,,0.62,,False
77,長水路,22,女子,50mバタフライ,18～24歳,,27.43,29.34,6,遠藤優奈,セ・新都心,7/8,32.62,32.62,False,False,False,,,0.68,,False
77,長水路,22,女子,50mバタフライ,18～24歳,,27.43,29.34,7,高橋紗良,セ・長津田,7/3,32.92,32.92,False,False,False,,,0.69,,False
77,長水路,22,女子,50mバタフライ,18～24歳,,27.43,29.34,8,岡田星理,セ・谷津,8/10,33.02,33.02,False,False,False,,,0.68,,False
77,長水路,22,女子,50mバタフライ,18～24歳,,27.43,29.34,9,表侑寿,セ・二俣川,8/8,33.42,33.42,False,False,False,,,0.68,,False
77,長水路,22,女子,50mバタフライ,18～24歳,,27.43,29.34,10,竜野萌,セ・自由が丘,7/1,33.99,33.99,False,False,False,,,0.79,,False
77,長水路,22,女子,50mバタフライ,18～24歳,,27.43,29.34,,広瀬幸音,セ・成城,7/10,,,False,False,False,,,,,False
77,長水路,23,男子,50mバタフライ,80～84歳,34.39,34.75,46.24,1,石川守也,セ・市川,1/4,49.16,49.16,False,False,False,,,0.96,,False
77,長水路,23,男子,50mバタフライ,75～79歳,31.75,32.61,39.00,1,吉田亮,セ・成城,3/9,41.57,41.57,False,False,False,,,0.88,,False
77,長水路,23,男子,50mバタフライ,75～79歳,31.75,32.61,39.00,2,白井清嗣,セ・大宮宮原,1/6,47.34,47.34,False,False,False,,,0.87,,False
77,長水路,23,男子,50mバタフライ,75～79歳,31.75,32.61,39.00,3,内田幸稔,セ・松戸,1/9,1:03.08,63.08,False,False,False,,,0.88,,False
77,長水路,23,男子,50mバタフライ,70～74歳,29.98,31.43,34.95,1,安藤次郎,セ・館山,3/5,36.04,36.04,False,False,False,,,0.84,,False
77,長水路,23,男子,50mバタフライ,70～74歳,29.98,31.43,34.95,2,香川左近,セ・二俣川,2/7,45.34,45.34,False,False,False,,,0.93,,False
77,長水路,23,男子,50mバタフライ,65～69歳,28.26,29.99,32.79,1,吉原一彦,セ・阿佐谷,6/4,32.86,32.86,False,False,False,,,0.7,,False
77,長水路,23,男子,50mバタフライ,65～69歳,28.26,29.99,32.79,2,齋藤博憲,ザバス鶴見,1/5,41.11,41.11,False,False,False,,,1.06,,False
77,長水路,23,男子,50mバタフライ,65～69歳,28.26,29.99,32.79,3,大滝恭伸,セ・市ヶ尾,3/2,41.91,41.91,False,False,False,,,1.09,,False
77,長水路,23,男子,50mバタフライ,65～69歳,28.26,29.99,32.79,4,飯沼明,セ・長津田,2/9,45.84,45.84,False,False,False,,,0.92,,False
77,長水路,23,男子,50mバタフライ,65～69歳,28.26,29.99,32.79,5,櫛田伸彦,ザバス鶴見,1/2,57.91,57.91,False,False,False,,,1.02,,False
77,長水路,23,男子,50mバタフライ,65～69歳,28.26,29.99,32.79,6,仲二見実,セ・ときわ台,1/8,1:08.76,68.76,False,False,False,,,1.4,,False
77,長水路,23,男子,50mバタフライ,60～64歳,27.57,29.18,31.43,1,今井正太郎,セ・前橋,7/4,30.63,30.63,True,False,False,,,0.71,,False
77,長水路,23,男子,50mバタフライ,60～64歳,27.57,29.18,31.43,2,菊池千二,セ・市ヶ尾,4/9,32.00,32.0,False,False,False,,,0.83,,False
77,長水路,23,男子,50mバタフライ,60～64歳,27.57,29.18,31.43,3,海辺信吉,セ・おおたか,6/10,34.37,34.37,False,False,False,,,0.88,,False
77,長水路,23,男子,50mバタフライ,60～64歳,27.57,29.18,31.43,4,村木満,セ・トレッサ,4/6,34.73,34.73,False,False,False,,,0.71,,False
77,長水路,23,男子,50mバタフライ,60～64歳,27.57,29.18,31.43,5,金子勝,セ・岩槻,5/9,35.52,35.52,False,False,False,,,0.74,,False
77,長水路,23,男子,50mバタフライ,60～64歳,27.57,29.18,31.43,6,廣本佳也,セ・上池袋,6/1,35.73,35.73,False,False,False,,,0.9,,False
77,長水路,23,男子,50mバタフライ,60～64歳,27.57,29.18,31.43,7,大塚克,セ・市川,4/1,39.07,39.07,False,False,False,,,0.69,,False
77,長水路,23,男子,50mバタフライ,60～64歳,27.57,29.18,31.43,8,二宮博,セ・横浜,3/3,41.99,41.99,False,False,False,,,0.85,,False
77,長水路,23,男子,50mバタフライ,60～64歳,27.57,29.18,31.43,9,浦田昌和,セ・成城,3/1,43.96,43.96,False,False,False,,,0.85,,False
77,長水路,23,男子,50mバタフライ,60～64歳,27.57,29.18,31.43,10,山元修一,セ・葛西,1/3,49.21,49.21,False,False,False,,,0.78,,False
77,長水路,23,男子,50mバタフライ,55～59歳,26.56,27.02,29.98,1,荒川秀明,セ・前橋,7/8,30.70,30.7,False,False,False,,,0.8,,False
77,長水路,23,男子,50mバタフライ,55～59歳,26.56,27.02,29.98,2,小倉和彦,セ・清瀬,5/6,31.98,31.98,False,False,False,,,0.69,,False
77,長水路,23,男子,50mバタフライ,55～59歳,26.56,27.02,29.98,3,矢部裕之,セ・長津田,6/7,32.25,32.25,False,False,False,,,0.76,,False
77,長水路,23,男子,50mバタフライ,55～59歳,26.56,27.02,29.98,4,浅田康朗,セ・大森,5/5,34.25,34.25,False,False,False,,,0.8,,False
77,長水路,23,男子,50mバタフライ,55～59歳,26.56,27.02,29.98,5,田中基幹,セ・流山,3/4,36.15,36.15,False,False,False,,,0.87,,False
77,長水路,23,男子,50mバタフライ,55～59歳,26.56,27.02,29.98,6,温井芳浩,セ・谷津,4/5,39.10,39.1,False,False,False,,,0.89,,False
77,長水路,23,男子,50mバタフライ,55～59歳,26.56,27.02,29.98,7,伊藤正二,セ・大森,2/6,40.25,40.25,False,False,False,,,0.79,,False
77,長水路,23,男子,50mバタフライ,55～59歳,26.56,27.02,29.98,8,安藤朋邦,セ・南青山,3/8,43.65,43.65,False,False,False,,,0.98,,False
77,長水路,23,男子,50mバタフライ,55～59歳,26.56,27.02,29.98,9,大塚秀幸,セ・慶應日吉,2/3,47.25,47.25,False,False,False,,,0.93,,False
77,長水路,23,男子,50mバタフライ,55～59歳,26.56,27.02,29.98,10,安部盛博,セ・成城,1/7,48.83,48.83,False,False,False,,,0.93,,False
77,長水路,23,男子,50mバタフライ,50～54歳,25.69,25.79,28.18,1,池田正輝,セ・市ヶ尾,11/7,27.00,27.0,True,False,False,,,0.74,,False
77,長水路,23,男子,50mバタフライ,50～54歳,25.69,25.79,28.18,2,大村俊文,セ・二俣川,7/3,28.69,28.69,False,False,False,,,0.76,,False
77,長水路,23,男子,50mバタフライ,50～54歳,25.69,25.79,28.18,3,小森康弘,セ・葛西,9/3,30.45,30.45,False,False,False,,,0.66,,False
77,長水路,23,男子,50mバタフライ,50～54歳,25.69,25.79,28.18,4,石井龍,セ・成城,7/7,30.59,30.59,False,False,False,,,0.76,,False
77,長水路,23,男子,50mバタフライ,50～54歳,25.69,25.79,28.18,5,河野悟,セ・慶應日吉,6/5,31.28,31.28,False,False,False,,,0.73,,False
77,長水路,23,男子,50mバタフライ,50～54歳,25.69,25.79,28.18,6,松崎敏明,セ・慶應日吉,4/10,32.66,32.66,False,False,False,,,0.75,,False
77,長水路,23,男子,50mバタフライ,50～54歳,25.69,25.79,28.18,7,門倉孝行,セ・慶應日吉,4/7,33.33,33.33,False,False,False,,,0.88,,False
77,長水路,23,男子,50mバタフライ,50～54歳,25.69,25.79,28.18,8,増渕博之,セ・藤沢,5/4,33.69,33.69,False,False,False,,,0.69,,False
77,長水路,23,男子,50mバタフライ,50～54歳,25.69,25.79,28.18,9,新井田將司,セ・トレッサ,5/7,34.45,34.45,False,False,False,,,0.76,,False
77,長水路,23,男子,50mバタフライ,50～54歳,25.69,25.79,28.18,10,藤井清和,セ・武蔵小杉,5/8,34.68,34.68,False,False,False,,,0.68,,False
77,長水路,23,男子,50mバタフライ,50～54歳,25.69,25.79,28.18,11,原田真,セ・葛西,5/10,37.00,37.0,False,False,False,,,0.78,,False
77,長水路,23,男子,50mバタフライ,50～54歳,25.69,25.79,28.18,12,古高正道,セ・天王洲,2/5,39.76,39.76,False,False,False,,,0.81,,False
77,長水路,23,男子,50mバタフライ,50～54歳,25.69,25.79,28.18,13,金子謙一,セ・長津田,3/10,40.76,40.76,False,False,False,,,0.79,,False
77,長水路,23,男子,50mバタフライ,50～54歳,25.69,25.79,28.18,14,宮本昌雄,セ・二俣川,2/8,40.97,40.97,False,False,False,,,0.94,,False
77,長水路,23,男子,50mバタフライ,50～54歳,25.69,25.79,28.18,15,庄司和明,セ・松戸,2/4,43.23,43.23,False,False,False,,,0.83,,False
77,長水路,23,男子,50mバタフライ,45～49歳,24.96,25.26,27.49,1,永瀬知之,セ・二俣川,10/10,29.96,29.96,False,False,False,,,0.73,,False
77,長水路,23,男子,50mバタフライ,45～49歳,24.96,25.26,27.49,2,倉持公一,セ・天王洲,7/2,31.38,31.38,False,False,False,,,0.74,,False
77,長水路,23,男子,50mバタフライ,45～49歳,24.96,25.26,27.49,3,羽田浩一,セ・成城,8/5,31.58,31.58,False,False,False,,,0.69,,False
77,長水路,23,男子,50mバタフライ,45～49歳,24.96,25.26,27.49,4,松平一真,セ・本郷台,6/2,34.18,34.18,False,False,False,,,0.87,,False
77,長水路,23,男子,50mバタフライ,45～49歳,24.96,25.26,27.49,5,鈴木直哉,セ・八王子,4/3,34.56,34.56,False,False,False,,,0.93,,False
77,長水路,23,男子,50mバタフライ,45～49歳,24.96,25.26,27.49,6,花井一也,セ・長津田,6/9,34.90,34.9,False,False,False,,,0.66,,False
77,長水路,23,男子,50mバタフライ,45～49歳,24.96,25.26,27.49,7,草野剛史,セ・二俣川,3/6,39.40,39.4,False,False,False,,,0.74,,False
77,長水路,23,男子,50mバタフライ,40～44歳,24.11,25.06,26.51,1,鶴谷学,セ・二俣川,11/3,26.68,26.68,False,False,False,,,0.66,,False
77,長水路,23,男子,50mバタフライ,40～44歳,24.11,25.06,26.51,2,寺田貴洋,セ・二俣川,8/6,28.88,28.88,False,False,False,,,0.75,,False
77,長水路,23,男子,50mバタフライ,40～44歳,24.11,25.06,26.51,3,図師拓千,セ・市ヶ尾,7/6,30.01,30.01,False,False,False,,,0.66,,False
77,長水路,23,男子,50mバタフライ,40～44歳,24.11,25.06,26.51,4,小林弘典,セ・大森,7/9,30.79,30.79,False,False,False,,,0.8,,False
77,長水路,23,男子,50mバタフライ,40～44歳,24.11,25.06,26.51,5,阪田高士,セ・茂原,7/5,30.87,30.87,False,False,False,,,0.78,,False
77,長水路,23,男子,50mバタフライ,40～44歳,24.11,25.06,26.51,6,勝吉進一,セ・慶應日吉,6/3,32.55,32.55,False,False,False,,,0.75,,False
77,長水路,23,男子,50mバタフライ,40～44歳,24.11,25.06,26.51,7,宮崎隆寛,セ・越谷,4/2,39.01,39.01,False,False,False,,,0.77,,False
77,長水路,23,男子,50mバタフライ,35～39歳,24.03,24.98,26.19,1,立石裕太郎,セ・二俣川,10/5,27.37,27.37,False,False,False,,,0.66,,False
77,長水路,23,男子,50mバタフライ,35～39歳,24.03,24.98,26.19,2,椎本恭平,セ・阿佐谷,8/4,29.05,29.05,False,False,False,,,0.63,,False
77,長水路,23,男子,50mバタフライ,35～39歳,24.03,24.98,26.19,3,吉川重行,セ・桶川北本,10/1,29.75,29.75,False,False,False,,,0.64,,False
77,長水路,23,男子,50mバタフライ,35～39歳,24.03,24.98,26.19,4,三浦惇生,セ・武蔵小杉,6/8,35.33,35.33,False,False,False,,,0.87,,False
77,長水路,23,男子,50mバタフライ,30～34歳,23.16,24.16,25.53,1,内藤寿輝,セ・大森,11/8,27.34,27.34,False,False,False,,,0.68,,False
77,長水路,23,男子,50mバタフライ,30～34歳,23.16,24.16,25.53,2,伊藤孝優,セ・八王子,10/3,27.89,27.89,False,False,False,,,0.72,,False
77,長水路,23,男子,50mバタフライ,30～34歳,23.16,24.16,25.53,3,土屋大貴,セ・平塚,11/9,28.04,28.04,False,False,False,,,0.62,,False
77,長水路,23,男子,50mバタフライ,30～34歳,23.16,24.16,25.53,4,塚本拓也,セ・清瀬,8/8,28.50,28.5,False,False,False,,,0.58,,False
77,長水路,23,男子,50mバタフライ,30～34歳,23.16,24.16,25.53,5,櫃田皓大,セ・能見台,8/7,28.62,28.62,False,False,False,,,0.65,,False
77,長水路,23,男子,50mバタフライ,30～34歳,23.16,24.16,25.53,6,中西剛,セ・成城,10/8,29.00,29.0,False,False,False,,,0.64,,False
77,長水路,23,男子,50mバタフライ,30～34歳,23.16,24.16,25.53,7,中村勇介,セ・慶應日吉,2/2,42.59,42.59,False,False,False,,,1.05,,False
77,長水路,23,男子,50mバタフライ,25～29歳,23.71,24.01,25.39,1,石井了,セ・おおたか,11/5,26.58,26.58,False,False,False,,,0.67,,False
77,長水路,23,男子,50mバタフライ,25～29歳,23.71,24.01,25.39,2,松尾勇太,セ・南青山,11/2,27.60,27.6,False,False,False,,,0.6,,False
77,長水路,23,男子,50mバタフライ,25～29歳,23.71,24.01,25.39,3,神戸優悠希,セ・茂原,9/8,27.61,27.61,False,False,False,,,0.71,,False
77,長水路,23,男子,50mバタフライ,25～29歳,23.71,24.01,25.39,4,宮田遼太,セ・成城,10/6,28.03,28.03,False,False,False,,,0.72,,False
77,長水路,23,男子,50mバタフライ,25～29歳,23.71,24.01,25.39,5,岡内昭伍,セ・大宮宮原,8/2,28.19,28.19,False,False,False,,,0.64,,False
77,長水路,23,男子,50mバタフライ,25～29歳,23.71,24.01,25.39,6,高見沢重倫,セ・慶應日吉,8/1,28.28,28.28,False,False,False,,,0.61,,False
77,長水路,23,男子,50mバタフライ,25～29歳,23.71,24.01,25.39,7,鈴木央雅,セ・清瀬,10/4,28.36,28.36,False,False,False,,,0.71,,False
77,長水路,23,男子,50mバタフライ,25～29歳,23.71,24.01,25.39,8,中原志門,セ・大森,10/9,28.95,28.95,False,False,False,,,0.71,,False
77,長水路,23,男子,50mバタフライ,25～29歳,23.71,24.01,25.39,9,室坂拓真,セ・用賀,8/10,29.16,29.16,False,False,False,,,0.74,,False
77,長水路,23,男子,50mバタフライ,25～29歳,23.71,24.01,25.39,10,野末和志,セ・志木,5/3,32.14,32.14,False,False,False,,,0.72,,False
77,長水路,23,男子,50mバタフライ,18～24歳,,24.03,24.03,1,菅原啓,セ・慶應日吉,11/4,26.37,26.37,False,False,False,,,0.7,,False
77,長水路,23,男子,50mバタフライ,18～24歳,,24.03,24.03,2,廣谷幸翼,セ・志木,9/5,26.91,26.91,False,False,False,,,0.65,,False
77,長水路,23,男子,50mバタフライ,18～24歳,,24.03,24.03,3,川口皓生,セ・柏,11/6,27.60,27.6,False,False,False,,,0.68,,False
77,長水路,23,男子,50mバタフライ,18～24歳,,24.03,24.03,4,廣川大起,セ・柏,9/7,27.73,27.73,False,False,False,,,0.65,,False
77,長水路,23,男子,50mバタフライ,18～24歳,,24.03,24.03,5,黒田大介,セ・成城,10/7,27.86,27.86,False,False,False,,,0.64,,False
77,長水路,23,男子,50mバタフライ,18～24歳,,24.03,24.03,6,法領田徳丞,セ・蒲田,11/10,27.97,27.97,False,False,False,,,0.6,,False
77,長水路,23,男子,50mバタフライ,18～24歳,,24.03,24.03,7,青木海斗,セ・用賀,9/6,28.22,28.22,False,False,False,,,0.69,,False
77,長水路,23,男子,50mバタフライ,18～24歳,,24.03,24.03,8,三角一汰,セ・新都心,9/10,28.37,28.37,False,False,False,,,0.6,,False
77,長水路,23,男子,50mバタフライ,18～24歳,,24.03,24.03,9,山﨑陸真,セ・二俣川,9/2,28.44,28.44,False,False,False,,,0.7,,False
77,長水路,23,男子,50mバタフライ,18～24歳,,24.03,24.03,10,山泉晃也,セ・東十条,9/9,29.68,29.68,False,False,False,,,0.7,,False
77,長水路,23,男子,50mバタフライ,18～24歳,,24.03,24.03,11,池内駿文,セ・東十条,10/2,29.79,29.79,False,False,False,,,0.75,,False
77,長水路,23,男子,50mバタフライ,18～24歳,,24.03,24.03,12,秋澤裕介,セ・二俣川,9/4,29.92,29.92,False,False,False,,,0.7,,False
77,長水路,23,男子,50mバタフライ,18～24歳,,24.03,24.03,13,村田雅治,セ・長津田,9/1,30.37,30.37,False,False,False,,,0.63,,False
77,長水路,23,男子,50mバタフライ,18～24歳,,24.03,24.03,14,硲子龍,セ・流山,6/6,32.04,32.04,False,False,False,,,0.57,,False
77,長水路,23,男子,50mバタフライ,18～24歳,,24.03,24.03,15,前納爽太,セ・葛西,7/10,32.64,32.64,False,False,False,,,0.74,,False
77,長水路,23,男子,50mバタフライ,18～24歳,,24.03,24.03,16,韓準爀,セ・八王子,11/1,32.88,32.88,False,False,False,,,0.63,,False
77,長水路,23,男子,50mバタフライ,18～24歳,,24.03,24.03,17,千原大樹,セ・自由が丘,5/1,35.12,35.12,False,False,False,,,0.69,,False
77,長水路,23,男子,50mバタフライ,18～24歳,,24.03,24.03,18,松本海星,セ・清瀬,4/8,36.54,36.54,False,False,False,,,0.78,,False
