ID,回,年,月,日,水路,タイプ,レース番号,競技名,競技性別,リレー年齢区分,リレー実年齢合計,リレータイム,リレー大会新差,リレー泳順,個人年齢区分,順位,選手名,性別,チーム名,個人タイム,個人大会新差,飛込タイム,LAPタイム,個人得点,チーム得点,申請タイム,ぴったり賞,大会新,大会記録,日本記録,世界記録,レーン
1,76,2024,5,11,短水路,チーム,3,4×25mメドレーリレー,女子,320～359歳,324,1:47.78,,1,,1,川口栄子,,松戸,25.13,,,,,,,,,:,,,2/2
2,76,2024,5,11,短水路,チーム,3,4×25mメドレーリレー,女子,320～359歳,324,1:47.78,,2,,1,後藤節子,,松戸,25.13,,,,,,,,,:,,,2/2
3,76,2024,5,11,短水路,チーム,3,4×25mメドレーリレー,女子,320～359歳,324,1:47.78,,3,,1,八田清子,,松戸,34.75,,,,,,,,,:,,,2/2
4,76,2024,5,11,短水路,チーム,3,4×25mメドレーリレー,女子,320～359歳,324,1:47.78,,4,,1,須山順子,,松戸,25.03,,,,,,,,,:,,,2/2
5,76,2024,5,11,短水路,チーム,3,4×25mメドレーリレー,女子,280～319歳,289,1:26.35,,1,,1,松村恵子,,葛西,22.82,,,,,,,,,1:19.71,,,4/7
6,76,2024,5,11,短水路,チーム,3,4×25mメドレーリレー,女子,280～319歳,289,1:26.35,,2,,1,小澤優子,,葛西,22.82,,,,,,,,,1:19.71,,,4/7
7,76,2024,5,11,短水路,チーム,3,4×25mメドレーリレー,女子,280～319歳,289,1:26.35,,3,,1,大山恵子,,葛西,25.46,,,,,,,,,1:19.71,,,4/7
8,76,2024,5,11,短水路,チーム,3,4×25mメドレーリレー,女子,280～319歳,289,1:26.35,,4,,1,青砥美智子,,葛西,18.97,,,,,,,,,1:19.71,,,4/7
9,76,2024,5,11,短水路,チーム,3,4×25mメドレーリレー,女子,280～319歳,286,1:31.00,,1,,2,後藤明美,,天王洲,23.79,,,,,,,,,1:19.71,,,2/6
10,76,2024,5,11,短水路,チーム,3,4×25mメドレーリレー,女子,280～319歳,286,1:31.00,,2,,2,櫻田琴,,天王洲,23.79,,,,,,,,,1:19.71,,,2/6
11,76,2024,5,11,短水路,チーム,3,4×25mメドレーリレー,女子,280～319歳,286,1:31.00,,3,,2,浅野みどり,,天王洲,23.66,,,,,,,,,1:19.71,,,2/6
12,76,2024,5,11,短水路,チーム,3,4×25mメドレーリレー,女子,280～319歳,286,1:31.00,,4,,2,川端淑子,,天王洲,19.91,,,,,,,,,1:19.71,,,2/6
13,76,2024,5,11,短水路,チーム,3,4×25mメドレーリレー,女子,280～319歳,291,1:32.67,,1,,3,藤井一恵,,大森,24.37,,,,,,,,,1:19.71,,,4/6
14,76,2024,5,11,短水路,チーム,3,4×25mメドレーリレー,女子,280～319歳,291,1:32.67,,2,,3,井上美佐子,,大森,24.37,,,,,,,,,1:19.71,,,4/6
15,76,2024,5,11,短水路,チーム,3,4×25mメドレーリレー,女子,280～319歳,291,1:32.67,,3,,3,市野克子,,大森,23.54,,,,,,,,,1:19.71,,,4/6
16,76,2024,5,11,短水路,チーム,3,4×25mメドレーリレー,女子,280～319歳,291,1:32.67,,4,,3,室谷晴江,,大森,25.59,,,,,,,,,1:19.71,,,4/6
17,76,2024,5,11,短水路,チーム,3,4×25mメドレーリレー,女子,280～319歳,280,1:33.34,,1,,4,森本美恵,,松戸,22.42,,,,,,,,,1:19.71,,,3/8
18,76,2024,5,11,短水路,チーム,3,4×25mメドレーリレー,女子,280～319歳,280,1:33.34,,2,,4,池田則子,,松戸,22.42,,,,,,,,,1:19.71,,,3/8
19,76,2024,5,11,短水路,チーム,3,4×25mメドレーリレー,女子,280～319歳,280,1:33.34,,3,,4,相澤史子,,松戸,27.83,,,,,,,,,1:19.71,,,3/8
20,76,2024,5,11,短水路,チーム,3,4×25mメドレーリレー,女子,280～319歳,280,1:33.34,,4,,4,若松はる子,,松戸,21.82,,,,,,,,,1:19.71,,,3/8
21,76,2024,5,11,短水路,チーム,3,4×25mメドレーリレー,女子,280～319歳,284,1:35.63,,1,,5,清水裕子,,二俣川,24.78,,,,,,,,,1:19.71,,,3/3
22,76,2024,5,11,短水路,チーム,3,4×25mメドレーリレー,女子,280～319歳,284,1:35.63,,2,,5,小沢邦恵,,二俣川,24.78,,,,,,,,,1:19.71,,,3/3
23,76,2024,5,11,短水路,チーム,3,4×25mメドレーリレー,女子,280～319歳,284,1:35.63,,3,,5,近藤ひな子,,二俣川,26.35,,,,,,,,,1:19.71,,,3/3
24,76,2024,5,11,短水路,チーム,3,4×25mメドレーリレー,女子,280～319歳,284,1:35.63,,4,,5,吉見一江,,二俣川,21.19,,,,,,,,,1:19.71,,,3/3
25,76,2024,5,11,短水路,チーム,3,4×25mメドレーリレー,女子,280～319歳,289,1:36.45,,1,,6,松田聡美,,成城,20.81,,,,,,,,,1:19.71,,,3/4
26,76,2024,5,11,短水路,チーム,3,4×25mメドレーリレー,女子,280～319歳,289,1:36.45,,2,,6,上田寿美子,,成城,20.81,,,,,,,,,1:19.71,,,3/4
27,76,2024,5,11,短水路,チーム,3,4×25mメドレーリレー,女子,280～319歳,289,1:36.45,,3,,6,草森理子,,成城,31.60,,,,,,,,,1:19.71,,,3/4
28,76,2024,5,11,短水路,チーム,3,4×25mメドレーリレー,女子,280～319歳,289,1:36.45,,4,,6,栗林眞知子,,成城,22.81,,,,,,,,,1:19.71,,,3/4
29,76,2024,5,11,短水路,チーム,3,4×25mメドレーリレー,女子,280～319歳,288,1:36.68,,1,,7,池淵玲子,,慶應日吉,27.96,,,,,,,,,1:19.71,,,1/5
30,76,2024,5,11,短水路,チーム,3,4×25mメドレーリレー,女子,280～319歳,288,1:36.68,,2,,7,岡本靖子,,慶應日吉,27.96,,,,,,,,,1:19.71,,,1/5
31,76,2024,5,11,短水路,チーム,3,4×25mメドレーリレー,女子,280～319歳,288,1:36.68,,3,,7,森谷登志江,,慶應日吉,28.66,,,,,,,,,1:19.71,,,1/5
32,76,2024,5,11,短水路,チーム,3,4×25mメドレーリレー,女子,280～319歳,288,1:36.68,,4,,7,戸倉陽子,,慶應日吉,19.06,,,,,,,,,1:19.71,,,1/5
33,76,2024,5,11,短水路,チーム,3,4×25mメドレーリレー,女子,280～319歳,283,1:37.15,,1,,8,菅和江,,戸塚,26.50,,,,,,,,,1:19.71,,,1/4
34,76,2024,5,11,短水路,チーム,3,4×25mメドレーリレー,女子,280～319歳,283,1:37.15,,2,,8,福田加代子,,戸塚,26.50,,,,,,,,,1:19.71,,,1/4
35,76,2024,5,11,短水路,チーム,3,4×25mメドレーリレー,女子,280～319歳,283,1:37.15,,3,,8,日和久美子,,戸塚,26.48,,,,,,,,,1:19.71,,,1/4
36,76,2024,5,11,短水路,チーム,3,4×25mメドレーリレー,女子,280～319歳,283,1:37.15,,4,,8,菅井道子,,戸塚,23.02,,,,,,,,,1:19.71,,,1/4
37,76,2024,5,11,短水路,チーム,3,4×25mメドレーリレー,女子,280～319歳,292,1:38.46,,1,,9,池田真木子,,阿佐谷,29.31,,,,,,,,,1:19.71,,,2/5
38,76,2024,5,11,短水路,チーム,3,4×25mメドレーリレー,女子,280～319歳,292,1:38.46,,2,,9,小池理恵子,,阿佐谷,29.31,,,,,,,,,1:19.71,,,2/5
39,76,2024,5,11,短水路,チーム,3,4×25mメドレーリレー,女子,280～319歳,292,1:38.46,,3,,9,樋口孝子,,阿佐谷,21.83,,,,,,,,,1:19.71,,,2/5
40,76,2024,5,11,短水路,チーム,3,4×25mメドレーリレー,女子,280～319歳,292,1:38.46,,4,,9,田中敏子,,阿佐谷,24.86,,,,,,,,,1:19.71,,,2/5
41,76,2024,5,11,短水路,チーム,3,4×25mメドレーリレー,女子,280～319歳,294,1:39.25,,1,,10,宮川禮子,,清瀬,27.97,,,,,,,,,1:19.71,,,2/3
42,76,2024,5,11,短水路,チーム,3,4×25mメドレーリレー,女子,280～319歳,294,1:39.25,,2,,10,手塚泰子,,清瀬,27.97,,,,,,,,,1:19.71,,,2/3
43,76,2024,5,11,短水路,チーム,3,4×25mメドレーリレー,女子,280～319歳,294,1:39.25,,3,,10,岡田眞弓,,清瀬,30.65,,,,,,,,,1:19.71,,,2/3
44,76,2024,5,11,短水路,チーム,3,4×25mメドレーリレー,女子,280～319歳,294,1:39.25,,4,,10,馬場悦子,,清瀬,18.28,,,,,,,,,1:19.71,,,2/3
45,76,2024,5,11,短水路,チーム,3,4×25mメドレーリレー,女子,280～319歳,284,1:41.92,,1,,11,星幸恵,,クリーンスパ,31.88,,,,,,,,,1:19.71,,,3/5
46,76,2024,5,11,短水路,チーム,3,4×25mメドレーリレー,女子,280～319歳,284,1:41.92,,2,,11,森川佳余子,,クリーンスパ,31.88,,,,,,,,,1:19.71,,,3/5
47,76,2024,5,11,短水路,チーム,3,4×25mメドレーリレー,女子,280～319歳,284,1:41.92,,3,,11,酒井寿美恵,,クリーンスパ,21.64,,,,,,,,,1:19.71,,,3/5
48,76,2024,5,11,短水路,チーム,3,4×25mメドレーリレー,女子,280～319歳,284,1:41.92,,4,,11,鈴木静江,,クリーンスパ,20.43,,,,,,,,,1:19.71,,,3/5
49,76,2024,5,11,短水路,チーム,3,4×25mメドレーリレー,女子,280～319歳,285,1:43.90,,1,,12,小宮山美芽,,天王洲,23.38,,,,,,,,,1:19.71,,,1/6
50,76,2024,5,11,短水路,チーム,3,4×25mメドレーリレー,女子,280～319歳,285,1:43.90,,2,,12,寺西寿賀子,,天王洲,23.38,,,,,,,,,1:19.71,,,1/6
51,76,2024,5,11,短水路,チーム,3,4×25mメドレーリレー,女子,280～319歳,285,1:43.90,,3,,12,梅田栄己子,,天王洲,33.84,,,,,,,,,1:19.71,,,1/6
52,76,2024,5,11,短水路,チーム,3,4×25mメドレーリレー,女子,280～319歳,285,1:43.90,,4,,12,柴田千代子,,天王洲,21.16,,,,,,,,,1:19.71,,,1/6
53,76,2024,5,11,短水路,チーム,3,4×25mメドレーリレー,女子,280～319歳,289,1:46.44,,1,,13,友野敬子,,館山,31.37,,,,,,,,,1:19.71,,,1/3
54,76,2024,5,11,短水路,チーム,3,4×25mメドレーリレー,女子,280～319歳,289,1:46.44,,2,,13,吉田あけみ,,館山,31.37,,,,,,,,,1:19.71,,,1/3
55,76,2024,5,11,短水路,チーム,3,4×25mメドレーリレー,女子,280～319歳,289,1:46.44,,3,,13,吉田有子,,館山,28.64,,,,,,,,,1:19.71,,,1/3
56,76,2024,5,11,短水路,チーム,3,4×25mメドレーリレー,女子,280～319歳,289,1:46.44,,4,,13,倉元恵子,,館山,22.86,,,,,,,,,1:19.71,,,1/3
57,76,2024,5,11,短水路,チーム,3,4×25mメドレーリレー,女子,240～279歳,247,1:14.28,,1,,1,上野真弓,,二俣川,20.83,,,,,,,,,1:08.57,,,6/7
58,76,2024,5,11,短水路,チーム,3,4×25mメドレーリレー,女子,240～279歳,247,1:14.28,,2,,1,盛田真規子,,二俣川,20.83,,,,,,,,,1:08.57,,,6/7
59,76,2024,5,11,短水路,チーム,3,4×25mメドレーリレー,女子,240～279歳,247,1:14.28,,3,,1,武井麻知子,,二俣川,22.66,,,,,,,,,1:08.57,,,6/7
60,76,2024,5,11,短水路,チーム,3,4×25mメドレーリレー,女子,240～279歳,247,1:14.28,,4,,1,永瀬秀子,,二俣川,16.48,,,,,,,,,1:08.57,,,6/7
61,76,2024,5,11,短水路,チーム,3,4×25mメドレーリレー,女子,240～279歳,241,1:19.07,,1,,2,棚網恵理,,阿佐谷,18.37,,,,,,,,,1:08.57,,,5/3
62,76,2024,5,11,短水路,チーム,3,4×25mメドレーリレー,女子,240～279歳,241,1:19.07,,2,,2,石原なおみ,,阿佐谷,18.37,,,,,,,,,1:08.57,,,5/3
63,76,2024,5,11,短水路,チーム,3,4×25mメドレーリレー,女子,240～279歳,241,1:19.07,,3,,2,野島正代,,阿佐谷,22.57,,,,,,,,,1:08.57,,,5/3
64,76,2024,5,11,短水路,チーム,3,4×25mメドレーリレー,女子,240～279歳,241,1:19.07,,4,,2,宮田ひとみ,,阿佐谷,19.55,,,,,,,,,1:08.57,,,5/3
65,76,2024,5,11,短水路,チーム,3,4×25mメドレーリレー,女子,240～279歳,240,1:22.14,,1,,3,原昌代,,市ヶ尾,23.55,,,,,,,,,1:08.57,,,5/1
66,76,2024,5,11,短水路,チーム,3,4×25mメドレーリレー,女子,240～279歳,240,1:22.14,,2,,3,荒深なみ,,市ヶ尾,23.55,,,,,,,,,1:08.57,,,5/1
67,76,2024,5,11,短水路,チーム,3,4×25mメドレーリレー,女子,240～279歳,240,1:22.14,,3,,3,綿貫麻衣子,,市ヶ尾,28.05,,,,,,,,,1:08.57,,,5/1
68,76,2024,5,11,短水路,チーム,3,4×25mメドレーリレー,女子,240～279歳,240,1:22.14,,4,,3,高橋麻子,,市ヶ尾,15.49,,,,,,,,,1:08.57,,,5/1
69,76,2024,5,11,短水路,チーム,3,4×25mメドレーリレー,女子,240～279歳,250,1:24.62,,1,,4,廣瀬伸子,,成城,27.81,,,,,,,,,1:08.57,,,5/6
70,76,2024,5,11,短水路,チーム,3,4×25mメドレーリレー,女子,240～279歳,250,1:24.62,,2,,4,高梨美樹,,成城,27.81,,,,,,,,,1:08.57,,,5/6
71,76,2024,5,11,短水路,チーム,3,4×25mメドレーリレー,女子,240～279歳,250,1:24.62,,3,,4,仲田久美子,,成城,21.64,,,,,,,,,1:08.57,,,5/6
72,76,2024,5,11,短水路,チーム,3,4×25mメドレーリレー,女子,240～279歳,250,1:24.62,,4,,4,柳沢智子,,成城,15.82,,,,,,,,,1:08.57,,,5/6
73,76,2024,5,11,短水路,チーム,3,4×25mメドレーリレー,女子,240～279歳,244,1:31.06,,1,,5,小林和江,,福生,21.69,,,,,,,,,1:08.57,,,2/4
74,76,2024,5,11,短水路,チーム,3,4×25mメドレーリレー,女子,240～279歳,244,1:31.06,,2,,5,勝又聡子,,福生,21.69,,,,,,,,,1:08.57,,,2/4
75,76,2024,5,11,短水路,チーム,3,4×25mメドレーリレー,女子,240～279歳,244,1:31.06,,3,,5,清水孝子,,福生,25.07,,,,,,,,,1:08.57,,,2/4
76,76,2024,5,11,短水路,チーム,3,4×25mメドレーリレー,女子,240～279歳,244,1:31.06,,4,,5,宮原美穂,,福生,23.40,,,,,,,,,1:08.57,,,2/4
77,76,2024,5,11,短水路,チーム,3,4×25mメドレーリレー,女子,240～279歳,261,1:31.59,,1,,6,石崎節代,,南千住,23.19,,,,,,,,,1:08.57,,,3/2
78,76,2024,5,11,短水路,チーム,3,4×25mメドレーリレー,女子,240～279歳,261,1:31.59,,2,,6,花形一実,,南千住,23.19,,,,,,,,,1:08.57,,,3/2
79,76,2024,5,11,短水路,チーム,3,4×25mメドレーリレー,女子,240～279歳,261,1:31.59,,3,,6,町田麻里,,南千住,26.58,,,,,,,,,1:08.57,,,3/2
80,76,2024,5,11,短水路,チーム,3,4×25mメドレーリレー,女子,240～279歳,261,1:31.59,,4,,6,平井節子,,南千住,19.59,,,,,,,,,1:08.57,,,3/2
81,76,2024,5,11,短水路,チーム,3,4×25mメドレーリレー,女子,240～279歳,243,1:34.68,,1,,7,石井恵津,,自由が丘,26.50,,,,,,,,,1:08.57,,,4/1
82,76,2024,5,11,短水路,チーム,3,4×25mメドレーリレー,女子,240～279歳,243,1:34.68,,2,,7,益田加津子,,自由が丘,26.50,,,,,,,,,1:08.57,,,4/1
83,76,2024,5,11,短水路,チーム,3,4×25mメドレーリレー,女子,240～279歳,243,1:34.68,,3,,7,船津香,,自由が丘,25.18,,,,,,,,,1:08.57,,,4/1
84,76,2024,5,11,短水路,チーム,3,4×25mメドレーリレー,女子,240～279歳,243,1:34.68,,4,,7,棚橋悦子,,自由が丘,24.38,,,,,,,,,1:08.57,,,4/1
85,76,2024,5,11,短水路,チーム,3,4×25mメドレーリレー,女子,240～279歳,251,1:37.92,,1,,8,中野朗子,,慶應日吉,21.24,,,,,,,,,1:08.57,,,3/1
86,76,2024,5,11,短水路,チーム,3,4×25mメドレーリレー,女子,240～279歳,251,1:37.92,,2,,8,加藤敬子,,慶應日吉,21.24,,,,,,,,,1:08.57,,,3/1
87,76,2024,5,11,短水路,チーム,3,4×25mメドレーリレー,女子,240～279歳,251,1:37.92,,3,,8,宮本八重,,慶應日吉,39.61,,,,,,,,,1:08.57,,,3/1
88,76,2024,5,11,短水路,チーム,3,4×25mメドレーリレー,女子,240～279歳,251,1:37.92,,4,,8,田野倉和子,,慶應日吉,14.76,,,,,,,,,1:08.57,,,3/1
89,76,2024,5,11,短水路,チーム,3,4×25mメドレーリレー,女子,200～239歳,213,1:10.78,,1,,1,小林のぞみ,,越谷,20.49,,,,,,,,,1:06.51,,,5/5
90,76,2024,5,11,短水路,チーム,3,4×25mメドレーリレー,女子,200～239歳,213,1:10.78,,2,,1,磯村由紀子,,越谷,20.49,,,,,,,,,1:06.51,,,5/5
91,76,2024,5,11,短水路,チーム,3,4×25mメドレーリレー,女子,200～239歳,213,1:10.78,,3,,1,遠藤桃,,越谷,19.61,,,,,,,,,1:06.51,,,5/5
92,76,2024,5,11,短水路,チーム,3,4×25mメドレーリレー,女子,200～239歳,213,1:10.78,,4,,1,石田良子,,越谷,14.75,,,,,,,,,1:06.51,,,5/5
93,76,2024,5,11,短水路,チーム,3,4×25mメドレーリレー,女子,200～239歳,211,1:12.11,,1,,2,服部美菜,,自由が丘,15.91,,,,,,,,,1:06.51,,,6/1
94,76,2024,5,11,短水路,チーム,3,4×25mメドレーリレー,女子,200～239歳,211,1:12.11,,2,,2,ダン典子,,自由が丘,15.91,,,,,,,,,1:06.51,,,6/1
95,76,2024,5,11,短水路,チーム,3,4×25mメドレーリレー,女子,200～239歳,211,1:12.11,,3,,2,生田目則子,,自由が丘,22.24,,,,,,,,,1:06.51,,,6/1
96,76,2024,5,11,短水路,チーム,3,4×25mメドレーリレー,女子,200～239歳,211,1:12.11,,4,,2,高間智子,,自由が丘,17.01,,,,,,,,,1:06.51,,,6/1
97,76,2024,5,11,短水路,チーム,3,4×25mメドレーリレー,女子,200～239歳,223,1:18.91,,1,,3,山本由起子,,南千住,22.77,,,,,,,,,1:06.51,,,5/2
98,76,2024,5,11,短水路,チーム,3,4×25mメドレーリレー,女子,200～239歳,223,1:18.91,,2,,3,田原文月,,南千住,22.77,,,,,,,,,1:06.51,,,5/2
99,76,2024,5,11,短水路,チーム,3,4×25mメドレーリレー,女子,200～239歳,223,1:18.91,,3,,3,杉本浩美,,南千住,21.53,,,,,,,,,1:06.51,,,5/2
100,76,2024,5,11,短水路,チーム,3,4×25mメドレーリレー,女子,200～239歳,223,1:18.91,,4,,3,兼子敬子,,南千住,15.34,,,,,,,,,1:06.51,,,5/2
101,76,2024,5,11,短水路,チーム,3,4×25mメドレーリレー,女子,200～239歳,221,1:19.91,,1,,4,高見沢ゆみ子,,慶應日吉,21.23,,,,,,,,,1:06.51,,,5/8
102,76,2024,5,11,短水路,チーム,3,4×25mメドレーリレー,女子,200～239歳,221,1:19.91,,2,,4,RacaruGabriela,,慶應日吉,21.23,,,,,,,,,1:06.51,,,5/8
103,76,2024,5,11,短水路,チーム,3,4×25mメドレーリレー,女子,200～239歳,221,1:19.91,,3,,4,井手敦子,,慶應日吉,23.26,,,,,,,,,1:06.51,,,5/8
104,76,2024,5,11,短水路,チーム,3,4×25mメドレーリレー,女子,200～239歳,221,1:19.91,,4,,4,前畑章子,,慶應日吉,20.28,,,,,,,,,1:06.51,,,5/8
105,76,2024,5,11,短水路,チーム,3,4×25mメドレーリレー,女子,200～239歳,228,1:23.40,,1,,5,荒川直子,,大宮宮原,23.75,,,,,,,,,1:06.51,,,3/6
106,76,2024,5,11,短水路,チーム,3,4×25mメドレーリレー,女子,200～239歳,228,1:23.40,,2,,5,坂井慶子,,大宮宮原,23.75,,,,,,,,,1:06.51,,,3/6
107,76,2024,5,11,短水路,チーム,3,4×25mメドレーリレー,女子,200～239歳,228,1:23.40,,3,,5,西田三佐子,,大宮宮原,22.50,,,,,,,,,1:06.51,,,3/6
108,76,2024,5,11,短水路,チーム,3,4×25mメドレーリレー,女子,200～239歳,228,1:23.40,,4,,5,柳澤聡子,,大宮宮原,20.34,,,,,,,,,1:06.51,,,3/6
109,76,2024,5,11,短水路,チーム,3,4×25mメドレーリレー,女子,200～239歳,216,1:25.85,,1,,6,小池淳子,,長津田,22.39,,,,,,,,,1:06.51,,,4/2
110,76,2024,5,11,短水路,チーム,3,4×25mメドレーリレー,女子,200～239歳,216,1:25.85,,2,,6,三沢弘美,,長津田,22.39,,,,,,,,,1:06.51,,,4/2
111,76,2024,5,11,短水路,チーム,3,4×25mメドレーリレー,女子,200～239歳,216,1:25.85,,3,,6,久保美由紀,,長津田,23.13,,,,,,,,,1:06.51,,,4/2
112,76,2024,5,11,短水路,チーム,3,4×25mメドレーリレー,女子,200～239歳,216,1:25.85,,4,,6,久保とし子,,長津田,21.34,,,,,,,,,1:06.51,,,4/2
113,76,2024,5,11,短水路,チーム,3,4×25mメドレーリレー,女子,200～239歳,218,1:28.80,,1,,7,平林油美,,南行徳,23.23,,,,,,,,,1:06.51,,,3/7
114,76,2024,5,11,短水路,チーム,3,4×25mメドレーリレー,女子,200～239歳,218,1:28.80,,2,,7,福澤絵理,,南行徳,23.23,,,,,,,,,1:06.51,,,3/7
115,76,2024,5,11,短水路,チーム,3,4×25mメドレーリレー,女子,200～239歳,218,1:28.80,,3,,7,大野祐子,,南行徳,22.15,,,,,,,,,1:06.51,,,3/7
116,76,2024,5,11,短水路,チーム,3,4×25mメドレーリレー,女子,200～239歳,218,1:28.80,,4,,7,岡田まり子,,南行徳,25.41,,,,,,,,,1:06.51,,,3/7
117,76,2024,5,11,短水路,チーム,3,4×25mメドレーリレー,女子,200～239歳,221,1:32.44,,1,,8,奈良佳枝,,蘇我,22.49,,,,,,,,,1:06.51,,,4/8
118,76,2024,5,11,短水路,チーム,3,4×25mメドレーリレー,女子,200～239歳,221,1:32.44,,2,,8,増子保子,,蘇我,22.49,,,,,,,,,1:06.51,,,4/8
119,76,2024,5,11,短水路,チーム,3,4×25mメドレーリレー,女子,200～239歳,221,1:32.44,,3,,8,奥野郁子,,蘇我,22.71,,,,,,,,,1:06.51,,,4/8
120,76,2024,5,11,短水路,チーム,3,4×25mメドレーリレー,女子,200～239歳,221,1:32.44,,4,,8,小林恵理子,,蘇我,27.08,,,,,,,,,1:06.51,,,4/8
121,76,2024,5,11,短水路,チーム,3,4×25mメドレーリレー,女子,160～199歳,170,1:06.58,,1,,1,副島さくら,,葛西,17.18,,,,,,,,,1:01.39,,,6/3
122,76,2024,5,11,短水路,チーム,3,4×25mメドレーリレー,女子,160～199歳,170,1:06.58,,2,,1,関本みすぎ,,葛西,17.18,,,,,,,,,1:01.39,,,6/3
123,76,2024,5,11,短水路,チーム,3,4×25mメドレーリレー,女子,160～199歳,170,1:06.58,,3,,1,青木梨緒,,葛西,20.10,,,,,,,,,1:01.39,,,6/3
124,76,2024,5,11,短水路,チーム,3,4×25mメドレーリレー,女子,160～199歳,170,1:06.58,,4,,1,羽山恵津子,,葛西,14.00,,,,,,,,,1:01.39,,,6/3
125,76,2024,5,11,短水路,チーム,3,4×25mメドレーリレー,女子,160～199歳,188,1:07.20,,1,,2,舘野美香,,目黒,16.99,,,,,,,,,1:01.39,,,6/5
126,76,2024,5,11,短水路,チーム,3,4×25mメドレーリレー,女子,160～199歳,188,1:07.20,,2,,2,池田智子,,目黒,16.99,,,,,,,,,1:01.39,,,6/5
127,76,2024,5,11,短水路,チーム,3,4×25mメドレーリレー,女子,160～199歳,188,1:07.20,,3,,2,菊地美春,,目黒,19.47,,,,,,,,,1:01.39,,,6/5
128,76,2024,5,11,短水路,チーム,3,4×25mメドレーリレー,女子,160～199歳,188,1:07.20,,4,,2,米倉公美,,目黒,14.99,,,,,,,,,1:01.39,,,6/5
129,76,2024,5,11,短水路,チーム,3,4×25mメドレーリレー,女子,160～199歳,183,1:08.21,,1,,3,仲田笑美,,成城,16.07,,,,,,,,,1:01.39,,,6/2
130,76,2024,5,11,短水路,チーム,3,4×25mメドレーリレー,女子,160～199歳,183,1:08.21,,2,,3,佐藤洋子,,成城,16.07,,,,,,,,,1:01.39,,,6/2
131,76,2024,5,11,短水路,チーム,3,4×25mメドレーリレー,女子,160～199歳,183,1:08.21,,3,,3,佐々木彩,,成城,20.87,,,,,,,,,1:01.39,,,6/2
132,76,2024,5,11,短水路,チーム,3,4×25mメドレーリレー,女子,160～199歳,183,1:08.21,,4,,3,大川晴美,,成城,15.99,,,,,,,,,1:01.39,,,6/2
133,76,2024,5,11,短水路,チーム,3,4×25mメドレーリレー,女子,160～199歳,165,1:09.27,,1,,4,吉村華奈,,長津田,15.92,,,,,,,,,1:01.39,,,6/6
134,76,2024,5,11,短水路,チーム,3,4×25mメドレーリレー,女子,160～199歳,165,1:09.27,,2,,4,久保かおり,,長津田,15.92,,,,,,,,,1:01.39,,,6/6
135,76,2024,5,11,短水路,チーム,3,4×25mメドレーリレー,女子,160～199歳,165,1:09.27,,3,,4,川北恵,,長津田,21.86,,,,,,,,,1:01.39,,,6/6
136,76,2024,5,11,短水路,チーム,3,4×25mメドレーリレー,女子,160～199歳,165,1:09.27,,4,,4,宮林佑妃,,長津田,15.56,,,,,,,,,1:01.39,,,6/6
137,76,2024,5,11,短水路,チーム,3,4×25mメドレーリレー,女子,160～199歳,172,1:12.64,,1,,5,遠藤真理,,阿佐谷,18.27,,,,,,,,,1:01.39,,,6/8
138,76,2024,5,11,短水路,チーム,3,4×25mメドレーリレー,女子,160～199歳,172,1:12.64,,2,,5,相澤紋美,,阿佐谷,18.27,,,,,,,,,1:01.39,,,6/8
139,76,2024,5,11,短水路,チーム,3,4×25mメドレーリレー,女子,160～199歳,172,1:12.64,,3,,5,今井恵子,,阿佐谷,23.19,,,,,,,,,1:01.39,,,6/8
140,76,2024,5,11,短水路,チーム,3,4×25mメドレーリレー,女子,160～199歳,172,1:12.64,,4,,5,小野真佐子,,阿佐谷,15.12,,,,,,,,,1:01.39,,,6/8
141,76,2024,5,11,短水路,チーム,3,4×25mメドレーリレー,女子,160～199歳,169,1:13.49,,1,,6,草野茜,,二俣川,19.24,,,,,,,,,1:01.39,,,5/4
142,76,2024,5,11,短水路,チーム,3,4×25mメドレーリレー,女子,160～199歳,169,1:13.49,,2,,6,深堀陽子,,二俣川,19.24,,,,,,,,,1:01.39,,,5/4
143,76,2024,5,11,短水路,チーム,3,4×25mメドレーリレー,女子,160～199歳,169,1:13.49,,3,,6,吉池奈々,,二俣川,19.79,,,,,,,,,1:01.39,,,5/4
144,76,2024,5,11,短水路,チーム,3,4×25mメドレーリレー,女子,160～199歳,169,1:13.49,,4,,6,前田由希映,,二俣川,18.35,,,,,,,,,1:01.39,,,5/4
145,76,2024,5,11,短水路,チーム,3,4×25mメドレーリレー,女子,160～199歳,188,1:14.52,,1,,7,宇田川美穂,,天王洲,19.13,,,,,,,,,1:01.39,,,4/3
146,76,2024,5,11,短水路,チーム,3,4×25mメドレーリレー,女子,160～199歳,188,1:14.52,,2,,7,森内裕子,,天王洲,19.13,,,,,,,,,1:01.39,,,4/3
147,76,2024,5,11,短水路,チーム,3,4×25mメドレーリレー,女子,160～199歳,188,1:14.52,,3,,7,萩原ゆりか,,天王洲,25.74,,,,,,,,,1:01.39,,,4/3
148,76,2024,5,11,短水路,チーム,3,4×25mメドレーリレー,女子,160～199歳,188,1:14.52,,4,,7,四井美穂,,天王洲,15.33,,,,,,,,,1:01.39,,,4/3
149,76,2024,5,11,短水路,チーム,3,4×25mメドレーリレー,女子,160～199歳,197,1:15.08,,1,,8,浅尾有香,,大森,16.66,,,,,,,,,1:01.39,,,4/4
150,76,2024,5,11,短水路,チーム,3,4×25mメドレーリレー,女子,160～199歳,197,1:15.08,,2,,8,大竹昌子,,大森,16.66,,,,,,,,,1:01.39,,,4/4
151,76,2024,5,11,短水路,チーム,3,4×25mメドレーリレー,女子,160～199歳,197,1:15.08,,3,,8,富永結衣子,,大森,21.48,,,,,,,,,1:01.39,,,4/4
152,76,2024,5,11,短水路,チーム,3,4×25mメドレーリレー,女子,160～199歳,197,1:15.08,,4,,8,桐沢ひとみ,,大森,17.14,,,,,,,,,1:01.39,,,4/4
153,76,2024,5,11,短水路,チーム,3,4×25mメドレーリレー,女子,72～119歳,116,1:04.60,,1,,1,表侑寿,,二俣川,15.75,,,,,,,,,59.08,,,6/4
154,76,2024,5,11,短水路,チーム,3,4×25mメドレーリレー,女子,72～119歳,116,1:04.60,,2,,1,近藤幸乃,,二俣川,15.75,,,,,,,,,59.08,,,6/4
155,76,2024,5,11,短水路,チーム,3,4×25mメドレーリレー,女子,72～119歳,116,1:04.60,,3,,1,志賀菜々美,,二俣川,20.00,,,,,,,,,59.08,,,6/4
156,76,2024,5,11,短水路,チーム,3,4×25mメドレーリレー,女子,72～119歳,116,1:04.60,,4,,1,長瀬涼佳,,二俣川,14.61,,,,,,,,,59.08,,,6/4
157,76,2024,5,11,短水路,チーム,4,4×25mメドレーリレー,男子,280～319歳,285,1:17.87,,1,,1,吉田亮,,成城,19.51,,,,,,,,,1:09.92,,,1/3
158,76,2024,5,11,短水路,チーム,4,4×25mメドレーリレー,男子,280～319歳,285,1:17.87,,2,,1,中井岳郎,,成城,19.51,,,,,,,,,1:09.92,,,1/3
159,76,2024,5,11,短水路,チーム,4,4×25mメドレーリレー,男子,280～319歳,285,1:17.87,,3,,1,若宮強,,成城,20.98,,,,,,,,,1:09.92,,,1/3
160,76,2024,5,11,短水路,チーム,4,4×25mメドレーリレー,男子,280～319歳,285,1:17.87,,4,,1,松下達一,,成城,18.10,,,,,,,,,1:09.92,,,1/3
161,76,2024,5,11,短水路,チーム,4,4×25mメドレーリレー,男子,280～319歳,289,1:35.05,,1,,2,鈴木篤,,おおたか,23.80,,,,,,,,,1:09.92,,,1/2
162,76,2024,5,11,短水路,チーム,4,4×25mメドレーリレー,男子,280～319歳,289,1:35.05,,2,,2,手塚満,,おおたか,23.80,,,,,,,,,1:09.92,,,1/2
163,76,2024,5,11,短水路,チーム,4,4×25mメドレーリレー,男子,280～319歳,289,1:35.05,,3,,2,橋本亘,,おおたか,27.55,,,,,,,,,1:09.92,,,1/2
164,76,2024,5,11,短水路,チーム,4,4×25mメドレーリレー,男子,280～319歳,289,1:35.05,,4,,2,松永勝,,おおたか,22.34,,,,,,,,,1:09.92,,,1/2
165,76,2024,5,11,短水路,チーム,4,4×25mメドレーリレー,男子,240～279歳,253,1:06.57,,1,,1,水谷博之,,長津田,18.74,,,,,,,,,53.14,,,2/3
166,76,2024,5,11,短水路,チーム,4,4×25mメドレーリレー,男子,240～279歳,253,1:06.57,,2,,1,池谷千尋,,長津田,18.74,,,,,,,,,53.14,,,2/3
167,76,2024,5,11,短水路,チーム,4,4×25mメドレーリレー,男子,240～279歳,253,1:06.57,,3,,1,岡村勝重,,長津田,16.93,,,,,,,,,53.14,,,2/3
168,76,2024,5,11,短水路,チーム,4,4×25mメドレーリレー,男子,240～279歳,253,1:06.57,,4,,1,飯沼明,,長津田,14.07,,,,,,,,,53.14,,,2/3
169,76,2024,5,11,短水路,チーム,4,4×25mメドレーリレー,男子,240～279歳,241,1:07.84,,1,,2,和田亮,,阿佐谷,16.16,,,,,,,,,53.14,,,3/6
170,76,2024,5,11,短水路,チーム,4,4×25mメドレーリレー,男子,240～279歳,241,1:07.84,,2,,2,吉村進,,阿佐谷,16.16,,,,,,,,,53.14,,,3/6
171,76,2024,5,11,短水路,チーム,4,4×25mメドレーリレー,男子,240～279歳,241,1:07.84,,3,,2,久保田勝己,,阿佐谷,17.49,,,,,,,,,53.14,,,3/6
172,76,2024,5,11,短水路,チーム,4,4×25mメドレーリレー,男子,240～279歳,241,1:07.84,,4,,2,折居彰,,阿佐谷,16.54,,,,,,,,,53.14,,,3/6
173,76,2024,5,11,短水路,チーム,4,4×25mメドレーリレー,男子,240～279歳,246,1:08.73,,1,,3,冨松実,,二俣川,18.69,,,,,,,,,53.14,,,1/6
174,76,2024,5,11,短水路,チーム,4,4×25mメドレーリレー,男子,240～279歳,246,1:08.73,,2,,3,若島健二,,二俣川,18.69,,,,,,,,,53.14,,,1/6
175,76,2024,5,11,短水路,チーム,4,4×25mメドレーリレー,男子,240～279歳,246,1:08.73,,3,,3,香川左近,,二俣川,19.52,,,,,,,,,53.14,,,1/6
176,76,2024,5,11,短水路,チーム,4,4×25mメドレーリレー,男子,240～279歳,246,1:08.73,,4,,3,木村知行,,二俣川,17.89,,,,,,,,,53.14,,,1/6
177,76,2024,5,11,短水路,チーム,4,4×25mメドレーリレー,男子,240～279歳,240,1:09.03,,1,,4,宮木幸彦,,葛西,17.60,,,,,,,,,53.14,,,2/6
178,76,2024,5,11,短水路,チーム,4,4×25mメドレーリレー,男子,240～279歳,240,1:09.03,,2,,4,原田真,,葛西,17.60,,,,,,,,,53.14,,,2/6
179,76,2024,5,11,短水路,チーム,4,4×25mメドレーリレー,男子,240～279歳,240,1:09.03,,3,,4,弭間政隆,,葛西,16.90,,,,,,,,,53.14,,,2/6
180,76,2024,5,11,短水路,チーム,4,4×25mメドレーリレー,男子,240～279歳,240,1:09.03,,4,,4,大内洋,,葛西,15.64,,,,,,,,,53.14,,,2/6
181,76,2024,5,11,短水路,チーム,4,4×25mメドレーリレー,男子,240～279歳,262,1:11.82,,1,,5,田中信夫,,越谷,22.71,,,,,,,,,53.14,,,1/5
182,76,2024,5,11,短水路,チーム,4,4×25mメドレーリレー,男子,240～279歳,262,1:11.82,,2,,5,安高祐三,,越谷,22.71,,,,,,,,,53.14,,,1/5
183,76,2024,5,11,短水路,チーム,4,4×25mメドレーリレー,男子,240～279歳,262,1:11.82,,3,,5,坂野照雄,,越谷,20.64,,,,,,,,,53.14,,,1/5
184,76,2024,5,11,短水路,チーム,4,4×25mメドレーリレー,男子,240～279歳,262,1:11.82,,4,,5,中村幸弘,,越谷,14.31,,,,,,,,,53.14,,,1/5
185,76,2024,5,11,短水路,チーム,4,4×25mメドレーリレー,男子,200～239歳,202,58.59,,1,,1,図師拓千,,市ヶ尾,15.28,,,,,,,,,50.96,,,3/2
186,76,2024,5,11,短水路,チーム,4,4×25mメドレーリレー,男子,200～239歳,202,58.59,,2,,1,木村考太,,市ヶ尾,15.28,,,,,,,,,50.96,,,3/2
187,76,2024,5,11,短水路,チーム,4,4×25mメドレーリレー,男子,200～239歳,202,58.59,,3,,1,菊池千二,,市ヶ尾,14.49,,,,,,,,,50.96,,,3/2
188,76,2024,5,11,短水路,チーム,4,4×25mメドレーリレー,男子,200～239歳,202,58.59,,4,,1,神尾尚人,,市ヶ尾,13.98,,,,,,,,,50.96,,,3/2
189,76,2024,5,11,短水路,チーム,4,4×25mメドレーリレー,男子,200～239歳,204,59.52,,1,,2,宮川則仁,,大宮宮原,16.92,,,,,,,,,50.96,,,2/4
190,76,2024,5,11,短水路,チーム,4,4×25mメドレーリレー,男子,200～239歳,204,59.52,,2,,2,川瀬健次,,大宮宮原,16.92,,,,,,,,,50.96,,,2/4
191,76,2024,5,11,短水路,チーム,4,4×25mメドレーリレー,男子,200～239歳,204,59.52,,3,,2,阿部憲一,,大宮宮原,15.05,,,,,,,,,50.96,,,2/4
192,76,2024,5,11,短水路,チーム,4,4×25mメドレーリレー,男子,200～239歳,204,59.52,,4,,2,清田真人,,大宮宮原,13.54,,,,,,,,,50.96,,,2/4
193,76,2024,5,11,短水路,チーム,4,4×25mメドレーリレー,男子,200～239歳,202,1:03.09,,1,,3,下家成人,,二俣川,16.46,,,,,,,,,50.96,,,3/3
194,76,2024,5,11,短水路,チーム,4,4×25mメドレーリレー,男子,200～239歳,202,1:03.09,,2,,3,草野剛史,,二俣川,16.46,,,,,,,,,50.96,,,3/3
195,76,2024,5,11,短水路,チーム,4,4×25mメドレーリレー,男子,200～239歳,202,1:03.09,,3,,3,永瀬知之,,二俣川,20.00,,,,,,,,,50.96,,,3/3
196,76,2024,5,11,短水路,チーム,4,4×25mメドレーリレー,男子,200～239歳,202,1:03.09,,4,,3,堀川広祐,,二俣川,12.86,,,,,,,,,50.96,,,3/3
197,76,2024,5,11,短水路,チーム,4,4×25mメドレーリレー,男子,200～239歳,238,1:03.27,,1,,4,會田修一,,おおたか,17.66,,,,,,,,,50.96,,,2/7
198,76,2024,5,11,短水路,チーム,4,4×25mメドレーリレー,男子,200～239歳,238,1:03.27,,2,,4,大作善祥,,おおたか,17.66,,,,,,,,,50.96,,,2/7
199,76,2024,5,11,短水路,チーム,4,4×25mメドレーリレー,男子,200～239歳,238,1:03.27,,3,,4,海辺信吉,,おおたか,15.61,,,,,,,,,50.96,,,2/7
200,76,2024,5,11,短水路,チーム,4,4×25mメドレーリレー,男子,200～239歳,238,1:03.27,,4,,4,五十嵐洋,,おおたか,15.11,,,,,,,,,50.96,,,2/7
201,76,2024,5,11,短水路,チーム,4,4×25mメドレーリレー,男子,200～239歳,236,1:05.58,,1,,5,町田克浩,,大森,17.49,,,,,,,,,50.96,,,2/2
202,76,2024,5,11,短水路,チーム,4,4×25mメドレーリレー,男子,200～239歳,236,1:05.58,,2,,5,北村洋一,,大森,17.49,,,,,,,,,50.96,,,2/2
203,76,2024,5,11,短水路,チーム,4,4×25mメドレーリレー,男子,200～239歳,236,1:05.58,,3,,5,瀧川一興,,大森,18.63,,,,,,,,,50.96,,,2/2
204,76,2024,5,11,短水路,チーム,4,4×25mメドレーリレー,男子,200～239歳,236,1:05.58,,4,,5,浅田康朗,,大森,15.96,,,,,,,,,50.96,,,2/2
205,76,2024,5,11,短水路,チーム,4,4×25mメドレーリレー,男子,200～239歳,220,1:11.41,,1,,6,西森文史郎,,長津田,20.20,,,,,,,,,50.96,,,1/4
206,76,2024,5,11,短水路,チーム,4,4×25mメドレーリレー,男子,200～239歳,220,1:11.41,,2,,6,金子謙一,,長津田,20.20,,,,,,,,,50.96,,,1/4
207,76,2024,5,11,短水路,チーム,4,4×25mメドレーリレー,男子,200～239歳,220,1:11.41,,3,,6,西野宮冬木,,長津田,19.93,,,,,,,,,50.96,,,1/4
208,76,2024,5,11,短水路,チーム,4,4×25mメドレーリレー,男子,200～239歳,220,1:11.41,,4,,6,萩原智徳,,長津田,15.97,,,,,,,,,50.96,,,1/4
209,76,2024,5,11,短水路,チーム,4,4×25mメドレーリレー,男子,160～199歳,170,53.28,,1,,1,棚網宏之,,阿佐谷,14.28,,,,,,,,,49.52,,,4/4
210,76,2024,5,11,短水路,チーム,4,4×25mメドレーリレー,男子,160～199歳,170,53.28,,2,,1,山賀竜馬,,阿佐谷,14.28,,,,,,,,,49.52,,,4/4
211,76,2024,5,11,短水路,チーム,4,4×25mメドレーリレー,男子,160～199歳,170,53.28,,3,,1,佐野充,,阿佐谷,14.23,,,,,,,,,49.52,,,4/4
212,76,2024,5,11,短水路,チーム,4,4×25mメドレーリレー,男子,160～199歳,170,53.28,,4,,1,北川貴義,,阿佐谷,12.45,,,,,,,,,49.52,,,4/4
213,76,2024,5,11,短水路,チーム,4,4×25mメドレーリレー,男子,160～199歳,169,55.72,,1,,2,新福留広貴,,二俣川,15.94,,,,,,,,,49.52,,,4/2
214,76,2024,5,11,短水路,チーム,4,4×25mメドレーリレー,男子,160～199歳,169,55.72,,2,,2,知見邦彦,,二俣川,15.94,,,,,,,,,49.52,,,4/2
215,76,2024,5,11,短水路,チーム,4,4×25mメドレーリレー,男子,160～199歳,169,55.72,,3,,2,前田崇行,,二俣川,14.63,,,,,,,,,49.52,,,4/2
216,76,2024,5,11,短水路,チーム,4,4×25mメドレーリレー,男子,160～199歳,169,55.72,,4,,2,石上智啓,,二俣川,12.47,,,,,,,,,49.52,,,4/2
217,76,2024,5,11,短水路,チーム,4,4×25mメドレーリレー,男子,160～199歳,165,56.22,,1,,3,島脇晃也,,大森,14.17,,,,,,,,,49.52,,,3/7
218,76,2024,5,11,短水路,チーム,4,4×25mメドレーリレー,男子,160～199歳,165,56.22,,2,,3,小林弘典,,大森,14.17,,,,,,,,,49.52,,,3/7
219,76,2024,5,11,短水路,チーム,4,4×25mメドレーリレー,男子,160～199歳,165,56.22,,3,,3,渡部慎也,,大森,16.49,,,,,,,,,49.52,,,3/7
220,76,2024,5,11,短水路,チーム,4,4×25mメドレーリレー,男子,160～199歳,165,56.22,,4,,3,野村峰生,,大森,13.54,,,,,,,,,49.52,,,3/7
221,76,2024,5,11,短水路,チーム,4,4×25mメドレーリレー,男子,160～199歳,185,56.87,,1,,4,河野悟,,慶應日吉,14.95,,,,,,,,,49.52,,,3/5
222,76,2024,5,11,短水路,チーム,4,4×25mメドレーリレー,男子,160～199歳,185,56.87,,2,,4,勝吉進一,,慶應日吉,14.95,,,,,,,,,49.52,,,3/5
223,76,2024,5,11,短水路,チーム,4,4×25mメドレーリレー,男子,160～199歳,185,56.87,,3,,4,根本隆利,,慶應日吉,14.97,,,,,,,,,49.52,,,3/5
224,76,2024,5,11,短水路,チーム,4,4×25mメドレーリレー,男子,160～199歳,185,56.87,,4,,4,松崎敏明,,慶應日吉,13.81,,,,,,,,,49.52,,,3/5
225,76,2024,5,11,短水路,チーム,4,4×25mメドレーリレー,男子,160～199歳,166,57.00,,1,,5,柄澤英也,,用賀,15.68,,,,,,,,,49.52,,,4/1
226,76,2024,5,11,短水路,チーム,4,4×25mメドレーリレー,男子,160～199歳,166,57.00,,2,,5,小方聡,,用賀,15.68,,,,,,,,,49.52,,,4/1
227,76,2024,5,11,短水路,チーム,4,4×25mメドレーリレー,男子,160～199歳,166,57.00,,3,,5,青木海斗,,用賀,14.01,,,,,,,,,49.52,,,4/1
228,76,2024,5,11,短水路,チーム,4,4×25mメドレーリレー,男子,160～199歳,166,57.00,,4,,5,佐藤正章,,用賀,12.95,,,,,,,,,49.52,,,4/1
229,76,2024,5,11,短水路,チーム,4,4×25mメドレーリレー,男子,160～199歳,184,57.03,,1,,6,矢部裕之,,長津田,15.56,,,,,,,,,49.52,,,3/4
230,76,2024,5,11,短水路,チーム,4,4×25mメドレーリレー,男子,160～199歳,184,57.03,,2,,6,竹下翔,,長津田,15.56,,,,,,,,,49.52,,,3/4
231,76,2024,5,11,短水路,チーム,4,4×25mメドレーリレー,男子,160～199歳,184,57.03,,3,,6,藤本豊和,,長津田,15.84,,,,,,,,,49.52,,,3/4
232,76,2024,5,11,短水路,チーム,4,4×25mメドレーリレー,男子,160～199歳,184,57.03,,4,,6,花井一也,,長津田,13.43,,,,,,,,,49.52,,,3/4
233,76,2024,5,11,短水路,チーム,4,4×25mメドレーリレー,男子,120～159歳,129,51.58,,1,,1,中村正明,,阿佐谷,14.49,,,,,,,,,50.37,,,4/5
234,76,2024,5,11,短水路,チーム,4,4×25mメドレーリレー,男子,120～159歳,129,51.58,,2,,1,和田弘太郎,,阿佐谷,14.49,,,,,,,,,50.37,,,4/5
235,76,2024,5,11,短水路,チーム,4,4×25mメドレーリレー,男子,120～159歳,129,51.58,,3,,1,荒井啓汰,,阿佐谷,13.56,,,,,,,,,50.37,,,4/5
236,76,2024,5,11,短水路,チーム,4,4×25mメドレーリレー,男子,120～159歳,129,51.58,,4,,1,志田公輝,,阿佐谷,12.87,,,,,,,,,50.37,,,4/5
237,76,2024,5,11,短水路,チーム,4,4×25mメドレーリレー,男子,120～159歳,128,58.16,,1,,2,日吉将輝,,大宮宮原,14.39,,,,,,,,,50.37,,,3/1
238,76,2024,5,11,短水路,チーム,4,4×25mメドレーリレー,男子,120～159歳,128,58.16,,2,,2,岡内昭伍,,大宮宮原,14.39,,,,,,,,,50.37,,,3/1
239,76,2024,5,11,短水路,チーム,4,4×25mメドレーリレー,男子,120～159歳,128,58.16,,3,,2,山本英男,,大宮宮原,14.80,,,,,,,,,50.37,,,3/1
240,76,2024,5,11,短水路,チーム,4,4×25mメドレーリレー,男子,120～159歳,128,58.16,,4,,2,小沢征司,,大宮宮原,15.48,,,,,,,,,50.37,,,3/1
241,76,2024,5,11,短水路,チーム,4,4×25mメドレーリレー,男子,120～159歳,124,58.79,,1,,3,高見沢重倫,,慶應日吉,15.48,,,,,,,,,50.37,,,2/5
242,76,2024,5,11,短水路,チーム,4,4×25mメドレーリレー,男子,120～159歳,124,58.79,,2,,3,久保田裕一,,慶應日吉,15.48,,,,,,,,,50.37,,,2/5
243,76,2024,5,11,短水路,チーム,4,4×25mメドレーリレー,男子,120～159歳,124,58.79,,3,,3,川手詢介,,慶應日吉,18.74,,,,,,,,,50.37,,,2/5
244,76,2024,5,11,短水路,チーム,4,4×25mメドレーリレー,男子,120～159歳,124,58.79,,4,,3,内田陸登,,慶應日吉,13.30,,,,,,,,,50.37,,,2/5
245,76,2024,5,11,短水路,チーム,4,4×25mメドレーリレー,男子,120～159歳,159,59.00,,1,,4,羽田浩一,,成城,16.04,,,,,,,,,50.37,,,4/7
246,76,2024,5,11,短水路,チーム,4,4×25mメドレーリレー,男子,120～159歳,159,59.00,,2,,4,高梨大樹,,成城,16.04,,,,,,,,,50.37,,,4/7
247,76,2024,5,11,短水路,チーム,4,4×25mメドレーリレー,男子,120～159歳,159,59.00,,3,,4,中西剛,,成城,16.53,,,,,,,,,50.37,,,4/7
248,76,2024,5,11,短水路,チーム,4,4×25mメドレーリレー,男子,120～159歳,159,59.00,,4,,4,藤田一寿,,成城,12.93,,,,,,,,,50.37,,,4/7
249,76,2024,5,11,短水路,チーム,4,4×25mメドレーリレー,男子,120～159歳,159,1:00.32,,1,,5,小野健,,天王洲,15.27,,,,,,,,,50.37,,,3/8
250,76,2024,5,11,短水路,チーム,4,4×25mメドレーリレー,男子,120～159歳,159,1:00.32,,2,,5,倉持公一,,天王洲,15.27,,,,,,,,,50.37,,,3/8
251,76,2024,5,11,短水路,チーム,4,4×25mメドレーリレー,男子,120～159歳,159,1:00.32,,3,,5,寺田遼太,,天王洲,16.47,,,,,,,,,50.37,,,3/8
252,76,2024,5,11,短水路,チーム,4,4×25mメドレーリレー,男子,120～159歳,159,1:00.32,,4,,5,千葉忠英,,天王洲,14.24,,,,,,,,,50.37,,,3/8
253,76,2024,5,11,短水路,チーム,4,4×25mメドレーリレー,男子,72～119歳,115,52.56,,1,,1,杉山大亜,,二俣川,14.71,,,,,,,,,49.23,,,4/3
254,76,2024,5,11,短水路,チーム,4,4×25mメドレーリレー,男子,72～119歳,115,52.56,,2,,1,鶴谷学,,二俣川,14.71,,,,,,,,,49.23,,,4/3
255,76,2024,5,11,短水路,チーム,4,4×25mメドレーリレー,男子,72～119歳,115,52.56,,3,,1,山田丈翔,,二俣川,13.62,,,,,,,,,49.23,,,4/3
256,76,2024,5,11,短水路,チーム,4,4×25mメドレーリレー,男子,72～119歳,115,52.56,,4,,1,秋澤裕介,,二俣川,12.70,,,,,,,,,49.23,,,4/3
257,76,2024,5,11,短水路,チーム,4,4×25mメドレーリレー,男子,72～119歳,93,54.96,,1,,2,田中啓二朗,,二俣川,14.32,,,,,,,,,49.23,,,4/6
258,76,2024,5,11,短水路,チーム,4,4×25mメドレーリレー,男子,72～119歳,93,54.96,,2,,2,田中壮一郎,,二俣川,14.32,,,,,,,,,49.23,,,4/6
259,76,2024,5,11,短水路,チーム,4,4×25mメドレーリレー,男子,72～119歳,93,54.96,,3,,2,山﨑陸真,,二俣川,14.75,,,,,,,,,49.23,,,4/6
260,76,2024,5,11,短水路,チーム,4,4×25mメドレーリレー,男子,72～119歳,93,54.96,,4,,2,和田佳明,,二俣川,12.81,,,,,,,,,49.23,,,4/6
261,76,2024,5,11,短水路,チーム,4,4×25mメドレーリレー,男子,72～119歳,95,57.21,,1,,3,山﨑緋呂,,葛西,16.17,,,,,,,,,49.23,,,4/8
262,76,2024,5,11,短水路,チーム,4,4×25mメドレーリレー,男子,72～119歳,95,57.21,,2,,3,矢野匠,,葛西,16.17,,,,,,,,,49.23,,,4/8
263,76,2024,5,11,短水路,チーム,4,4×25mメドレーリレー,男子,72～119歳,95,57.21,,3,,3,嶋田翔太,,葛西,14.64,,,,,,,,,49.23,,,4/8
264,76,2024,5,11,短水路,チーム,4,4×25mメドレーリレー,男子,72～119歳,95,57.21,,4,,3,友國賀津希,,葛西,12.59,,,,,,,,,49.23,,,4/8
265,76,2024,5,11,短水路,チーム,15,4×25mフリーリレー,女子,320～359歳,322,1:24.29,,1,,1,八田清子,,松戸,19.92,,,,,,,,TRUE,1:33.89,,,3/1
266,76,2024,5,11,短水路,チーム,15,4×25mフリーリレー,女子,320～359歳,322,1:24.29,,2,,1,須山順子,,松戸,22.74,,,,,,,,TRUE,1:33.89,,,3/1
267,76,2024,5,11,短水路,チーム,15,4×25mフリーリレー,女子,320～359歳,322,1:24.29,,3,,1,川口栄子,,松戸,19.98,,,,,,,,TRUE,1:33.89,,,3/1
268,76,2024,5,11,短水路,チーム,15,4×25mフリーリレー,女子,320～359歳,322,1:24.29,,4,,1,山本恭子,,松戸,21.65,,,,,,,,TRUE,1:33.89,,,3/1
269,76,2024,5,11,短水路,チーム,15,4×25mフリーリレー,女子,320～359歳,322,1:39.03,,1,,2,新堀友子(),,天王洲,28.00,,,,,,,,,1:33.89,,,1/1
270,76,2024,5,11,短水路,チーム,15,4×25mフリーリレー,女子,320～359歳,322,1:39.03,,2,,2,平田美佐子,,天王洲,26.29,,,,,,,,,1:33.89,,,1/1
271,76,2024,5,11,短水路,チーム,15,4×25mフリーリレー,女子,320～359歳,322,1:39.03,,3,,2,熊谷一枝,,天王洲,26.34,,,,,,,,,1:33.89,,,1/1
272,76,2024,5,11,短水路,チーム,15,4×25mフリーリレー,女子,320～359歳,322,1:39.03,,4,,2,小宮山美芽,,天王洲,18.40,,,,,,,,,1:33.89,,,1/1
273,76,2024,5,11,短水路,チーム,15,4×25mフリーリレー,女子,280～319歳,283,1:15.33,,1,,1,梅田栄己子,,天王洲,18.56,,,,,,,,,1:10.90,,,2/7
274,76,2024,5,11,短水路,チーム,15,4×25mフリーリレー,女子,280～319歳,283,1:15.33,,2,,1,鬼束洋子,,天王洲,21.46,,,,,,,,,1:10.90,,,2/7
275,76,2024,5,11,短水路,チーム,15,4×25mフリーリレー,女子,280～319歳,283,1:15.33,,3,,1,後藤明美,,天王洲,3.06,,,,,,,,,1:10.90,,,2/7
276,76,2024,5,11,短水路,チーム,15,4×25mフリーリレー,女子,280～319歳,283,1:15.33,,4,,1,浅野みどり,,天王洲,32.25,,,,,,,,,1:10.90,,,2/7
277,76,2024,5,11,短水路,チーム,15,4×25mフリーリレー,女子,280～319歳,291,1:16.47,,1,,2,市野克子,,大森,19.46,,,,,,,,,1:10.90,,,4/1
278,76,2024,5,11,短水路,チーム,15,4×25mフリーリレー,女子,280～319歳,291,1:16.47,,2,,2,藤井一恵,,大森,20.63,,,,,,,,,1:10.90,,,4/1
279,76,2024,5,11,短水路,チーム,15,4×25mフリーリレー,女子,280～319歳,291,1:16.47,,3,,2,室谷晴江,,大森,18.95,,,,,,,,,1:10.90,,,4/1
280,76,2024,5,11,短水路,チーム,15,4×25mフリーリレー,女子,280～319歳,291,1:16.47,,4,,2,井上美佐子,,大森,17.43,,,,,,,,,1:10.90,,,4/1
281,76,2024,5,11,短水路,チーム,15,4×25mフリーリレー,女子,280～319歳,289,1:16.79,,1,,3,松村恵子,,葛西,18.88,,,,,,,,,1:10.90,,,3/3
282,76,2024,5,11,短水路,チーム,15,4×25mフリーリレー,女子,280～319歳,289,1:16.79,,2,,3,小澤優子,,葛西,20.50,,,,,,,,,1:10.90,,,3/3
283,76,2024,5,11,短水路,チーム,15,4×25mフリーリレー,女子,280～319歳,289,1:16.79,,3,,3,大山恵子,,葛西,18.70,,,,,,,,,1:10.90,,,3/3
284,76,2024,5,11,短水路,チーム,15,4×25mフリーリレー,女子,280～319歳,289,1:16.79,,4,,3,青砥美智子,,葛西,18.71,,,,,,,,,1:10.90,,,3/3
285,76,2024,5,11,短水路,チーム,15,4×25mフリーリレー,女子,280～319歳,283,1:17.49,,1,,4,近藤ひな子,,二俣川,17.47,,,,,,,,,1:10.90,,,3/5
286,76,2024,5,11,短水路,チーム,15,4×25mフリーリレー,女子,280～319歳,283,1:17.49,,2,,4,小沢邦恵,,二俣川,19.66,,,,,,,,,1:10.90,,,3/5
287,76,2024,5,11,短水路,チーム,15,4×25mフリーリレー,女子,280～319歳,283,1:17.49,,3,,4,藤田悦子,,二俣川,21.32,,,,,,,,,1:10.90,,,3/5
288,76,2024,5,11,短水路,チーム,15,4×25mフリーリレー,女子,280～319歳,283,1:17.49,,4,,4,清水裕子,,二俣川,19.04,,,,,,,,,1:10.90,,,3/5
289,76,2024,5,11,短水路,チーム,15,4×25mフリーリレー,女子,280～319歳,281,1:23.86,,1,,5,佐藤晶子,,おおたか,18.81,,,,,,,,,1:10.90,,,1/3
290,76,2024,5,11,短水路,チーム,15,4×25mフリーリレー,女子,280～319歳,281,1:23.86,,2,,5,田中もみぢ,,おおたか,21.54,,,,,,,,,1:10.90,,,1/3
291,76,2024,5,11,短水路,チーム,15,4×25mフリーリレー,女子,280～319歳,281,1:23.86,,3,,5,橋本順子,,おおたか,25.99,,,,,,,,,1:10.90,,,1/3
292,76,2024,5,11,短水路,チーム,15,4×25mフリーリレー,女子,280～319歳,281,1:23.86,,4,,5,岩崎良子,,おおたか,17.52,,,,,,,,,1:10.90,,,1/3
293,76,2024,5,11,短水路,チーム,15,4×25mフリーリレー,女子,280～319歳,281,1:24.85,,1,,6,永田陽子,,戸塚,23.32,,,,,,,,,1:10.90,,,2/1
294,76,2024,5,11,短水路,チーム,15,4×25mフリーリレー,女子,280～319歳,281,1:24.85,,2,,6,野澤典子,,戸塚,19.68,,,,,,,,,1:10.90,,,2/1
295,76,2024,5,11,短水路,チーム,15,4×25mフリーリレー,女子,280～319歳,281,1:24.85,,3,,6,池田敏子,,戸塚,20.31,,,,,,,,,1:10.90,,,2/1
296,76,2024,5,11,短水路,チーム,15,4×25mフリーリレー,女子,280～319歳,281,1:24.85,,4,,6,西巻トキ枝,,戸塚,21.54,,,,,,,,,1:10.90,,,2/1
297,76,2024,5,11,短水路,チーム,15,4×25mフリーリレー,女子,280～319歳,291,1:25.24,,1,,7,樋口孝子,,阿佐谷,20.21,,,,,,,,,1:10.90,,,2/5
298,76,2024,5,11,短水路,チーム,15,4×25mフリーリレー,女子,280～319歳,291,1:25.24,,2,,7,田中敏子,,阿佐谷,22.55,,,,,,,,,1:10.90,,,2/5
299,76,2024,5,11,短水路,チーム,15,4×25mフリーリレー,女子,280～319歳,291,1:25.24,,3,,7,池田真木子,,阿佐谷,25.35,,,,,,,,,1:10.90,,,2/5
300,76,2024,5,11,短水路,チーム,15,4×25mフリーリレー,女子,280～319歳,291,1:25.24,,4,,7,大原清美,,阿佐谷,17.13,,,,,,,,,1:10.90,,,2/5
301,76,2024,5,11,短水路,チーム,15,4×25mフリーリレー,女子,280～319歳,284,1:26.06,,1,,8,菅井道子,,戸塚,21.20,,,,,,,,,1:10.90,,,2/8
302,76,2024,5,11,短水路,チーム,15,4×25mフリーリレー,女子,280～319歳,284,1:26.06,,2,,8,酒谷真砂子,,戸塚,19.47,,,,,,,,,1:10.90,,,2/8
303,76,2024,5,11,短水路,チーム,15,4×25mフリーリレー,女子,280～319歳,284,1:26.06,,3,,8,船山由美子,,戸塚,24.29,,,,,,,,,1:10.90,,,2/8
304,76,2024,5,11,短水路,チーム,15,4×25mフリーリレー,女子,280～319歳,284,1:26.06,,4,,8,菅和江,,戸塚,21.10,,,,,,,,,1:10.90,,,2/8
305,76,2024,5,11,短水路,チーム,15,4×25mフリーリレー,女子,280～319歳,295,1:29.67,,1,,9,宮内佳代子,,トレッサ,22.32,,,,,,,,,1:10.90,,,3/8
306,76,2024,5,11,短水路,チーム,15,4×25mフリーリレー,女子,280～319歳,295,1:29.67,,2,,9,大山伴恵,,トレッサ,24.01,,,,,,,,,1:10.90,,,3/8
307,76,2024,5,11,短水路,チーム,15,4×25mフリーリレー,女子,280～319歳,295,1:29.67,,3,,9,田神洋子,,トレッサ,24.17,,,,,,,,,1:10.90,,,3/8
308,76,2024,5,11,短水路,チーム,15,4×25mフリーリレー,女子,280～319歳,295,1:29.67,,4,,9,鶴崎緑,,トレッサ,19.17,,,,,,,,,1:10.90,,,3/8
309,76,2024,5,11,短水路,チーム,15,4×25mフリーリレー,女子,280～319歳,300,1:31.34,,1,,10,佐々木和江,,南千住,22.87,,,,,,,,,1:10.90,,,1/5
310,76,2024,5,11,短水路,チーム,15,4×25mフリーリレー,女子,280～319歳,300,1:31.34,,2,,10,大手佳江,,南千住,23.13,,,,,,,,,1:10.90,,,1/5
311,76,2024,5,11,短水路,チーム,15,4×25mフリーリレー,女子,280～319歳,300,1:31.34,,3,,10,原田早苗,,南千住,24.26,,,,,,,,,1:10.90,,,1/5
312,76,2024,5,11,短水路,チーム,15,4×25mフリーリレー,女子,280～319歳,300,1:31.34,,4,,10,山村昌子,,南千住,21.08,,,,,,,,,1:10.90,,,1/5
313,76,2024,5,11,短水路,チーム,15,4×25mフリーリレー,女子,280～319歳,284,1:32.28,,1,,11,櫻田琴,,天王洲,18.93,,,,,,,,,1:10.90,,,1/7
314,76,2024,5,11,短水路,チーム,15,4×25mフリーリレー,女子,280～319歳,284,1:32.28,,2,,11,柴田千代子,,天王洲,25.89,,,,,,,,,1:10.90,,,1/7
315,76,2024,5,11,短水路,チーム,15,4×25mフリーリレー,女子,280～319歳,284,1:32.28,,3,,11,寺西寿賀子,,天王洲,25.08,,,,,,,,,1:10.90,,,1/7
316,76,2024,5,11,短水路,チーム,15,4×25mフリーリレー,女子,280～319歳,284,1:32.28,,4,,11,長谷川節子,,天王洲,22.38,,,,,,,,,1:10.90,,,1/7
317,76,2024,5,11,短水路,チーム,15,4×25mフリーリレー,女子,280～319歳,311,1:35.07,,1,,12,福澤チヅ子(),,南行徳,28.57,,,,,,,,,1:10.90,,,1/4
318,76,2024,5,11,短水路,チーム,15,4×25mフリーリレー,女子,280～319歳,311,1:35.07,,2,,12,御手洗ヨシ,,南行徳,23.33,,,,,,,,,1:10.90,,,1/4
319,76,2024,5,11,短水路,チーム,15,4×25mフリーリレー,女子,280～319歳,311,1:35.07,,3,,12,矢島きよえ,,南行徳,22.47,,,,,,,,,1:10.90,,,1/4
320,76,2024,5,11,短水路,チーム,15,4×25mフリーリレー,女子,280～319歳,311,1:35.07,,4,,12,岡田まり子,,南行徳,20.70,,,,,,,,,1:10.90,,,1/4
321,76,2024,5,11,短水路,チーム,15,4×25mフリーリレー,女子,280～319歳,284,1:38.70,,1,,13,菊池佐千代,,流山,23.86,,,,,,,,,1:10.90,,,1/2
322,76,2024,5,11,短水路,チーム,15,4×25mフリーリレー,女子,280～319歳,284,1:38.70,,2,,13,浜野操子,,流山,28.13,,,,,,,,,1:10.90,,,1/2
323,76,2024,5,11,短水路,チーム,15,4×25mフリーリレー,女子,280～319歳,284,1:38.70,,3,,13,久保美紀枝,,流山,25.36,,,,,,,,,1:10.90,,,1/2
324,76,2024,5,11,短水路,チーム,15,4×25mフリーリレー,女子,280～319歳,284,1:38.70,,4,,13,三木純子,,流山,21.35,,,,,,,,,1:10.90,,,1/2
325,76,2024,5,11,短水路,チーム,15,4×25mフリーリレー,女子,240～279歳,245,1:07.14,,1,,1,野島久枝,,二俣川,17.47,,,,,,,,,1:02.49,,,5/2
326,76,2024,5,11,短水路,チーム,15,4×25mフリーリレー,女子,240～279歳,245,1:07.14,,2,,1,盛田真規子,,二俣川,17.91,,,,,,,,,1:02.49,,,5/2
327,76,2024,5,11,短水路,チーム,15,4×25mフリーリレー,女子,240～279歳,245,1:07.14,,3,,1,上野真弓,,二俣川,16.08,,,,,,,,,1:02.49,,,5/2
328,76,2024,5,11,短水路,チーム,15,4×25mフリーリレー,女子,240～279歳,245,1:07.14,,4,,1,武井麻知子,,二俣川,15.68,,,,,,,,,1:02.49,,,5/2
329,76,2024,5,11,短水路,チーム,15,4×25mフリーリレー,女子,240～279歳,244,1:07.38,,1,,2,高柳祐子,,成城,16.32,,,,,,,,,1:02.49,,,5/8
330,76,2024,5,11,短水路,チーム,15,4×25mフリーリレー,女子,240～279歳,244,1:07.38,,2,,2,高梨美樹,,成城,17.04,,,,,,,,,1:02.49,,,5/8
331,76,2024,5,11,短水路,チーム,15,4×25mフリーリレー,女子,240～279歳,244,1:07.38,,3,,2,茂櫛典子,,成城,17.97,,,,,,,,,1:02.49,,,5/8
332,76,2024,5,11,短水路,チーム,15,4×25mフリーリレー,女子,240～279歳,244,1:07.38,,4,,2,佐藤洋子,,成城,16.05,,,,,,,,,1:02.49,,,5/8
333,76,2024,5,11,短水路,チーム,15,4×25mフリーリレー,女子,240～279歳,255,1:13.82,,1,,3,石原なおみ,,阿佐谷,15.96,,,,,,,,,1:02.49,,,4/3
334,76,2024,5,11,短水路,チーム,15,4×25mフリーリレー,女子,240～279歳,255,1:13.82,,2,,3,近藤みゆき,,阿佐谷,21.42,,,,,,,,,1:02.49,,,4/3
335,76,2024,5,11,短水路,チーム,15,4×25mフリーリレー,女子,240～279歳,255,1:13.82,,3,,3,宮田ひとみ,,阿佐谷,18.56,,,,,,,,,1:02.49,,,4/3
336,76,2024,5,11,短水路,チーム,15,4×25mフリーリレー,女子,240～279歳,255,1:13.82,,4,,3,野島正代,,阿佐谷,17.88,,,,,,,,,1:02.49,,,4/3
337,76,2024,5,11,短水路,チーム,15,4×25mフリーリレー,女子,240～279歳,253,1:14.75,,1,,4,松田聡美,,成城,17.84,,,,,,,,,1:02.49,,,4/5
338,76,2024,5,11,短水路,チーム,15,4×25mフリーリレー,女子,240～279歳,253,1:14.75,,2,,4,廣瀬伸子,,成城,19.01,,,,,,,,,1:02.49,,,4/5
339,76,2024,5,11,短水路,チーム,15,4×25mフリーリレー,女子,240～279歳,253,1:14.75,,3,,4,柳沢智子,,成城,19.04,,,,,,,,,1:02.49,,,4/5
340,76,2024,5,11,短水路,チーム,15,4×25mフリーリレー,女子,240～279歳,253,1:14.75,,4,,4,草森理子,,成城,18.86,,,,,,,,,1:02.49,,,4/5
341,76,2024,5,11,短水路,チーム,15,4×25mフリーリレー,女子,240～279歳,241,1:17.80,,1,,5,山崎悦子,,クリーンスパ,21.17,,,,,,,,,1:02.49,,,4/2
342,76,2024,5,11,短水路,チーム,15,4×25mフリーリレー,女子,240～279歳,241,1:17.80,,2,,5,渡辺米子,,クリーンスパ,21.56,,,,,,,,,1:02.49,,,4/2
343,76,2024,5,11,短水路,チーム,15,4×25mフリーリレー,女子,240～279歳,241,1:17.80,,3,,5,江幡菜穂子,,クリーンスパ,18.29,,,,,,,,,1:02.49,,,4/2
344,76,2024,5,11,短水路,チーム,15,4×25mフリーリレー,女子,240～279歳,241,1:17.80,,4,,5,森川佳余子,,クリーンスパ,16.78,,,,,,,,,1:02.49,,,4/2
345,76,2024,5,11,短水路,チーム,15,4×25mフリーリレー,女子,240～279歳,251,1:17.90,,1,,6,相馬絹代,,溝ノ口,18.84,,,,,,,,,1:02.49,,,4/6
346,76,2024,5,11,短水路,チーム,15,4×25mフリーリレー,女子,240～279歳,251,1:17.90,,2,,6,杉村由紀子,,溝ノ口,19.88,,,,,,,,,1:02.49,,,4/6
347,76,2024,5,11,短水路,チーム,15,4×25mフリーリレー,女子,240～279歳,251,1:17.90,,3,,6,岡田美恵子,,溝ノ口,20.36,,,,,,,,,1:02.49,,,4/6
348,76,2024,5,11,短水路,チーム,15,4×25mフリーリレー,女子,240～279歳,251,1:17.90,,4,,6,佐藤泰子,,溝ノ口,18.82,,,,,,,,,1:02.49,,,4/6
349,76,2024,5,11,短水路,チーム,15,4×25mフリーリレー,女子,240～279歳,242,1:17.98,,1,,7,福本麻美,,慶應日吉,17.72,,,,,,,,,1:02.49,,,2/6
350,76,2024,5,11,短水路,チーム,15,4×25mフリーリレー,女子,240～279歳,242,1:17.98,,2,,7,原田由美子,,慶應日吉,20.53,,,,,,,,,1:02.49,,,2/6
351,76,2024,5,11,短水路,チーム,15,4×25mフリーリレー,女子,240～279歳,242,1:17.98,,3,,7,榮真須美,,慶應日吉,21.69,,,,,,,,,1:02.49,,,2/6
352,76,2024,5,11,短水路,チーム,15,4×25mフリーリレー,女子,240～279歳,242,1:17.98,,4,,7,森谷登志江,,慶應日吉,18.04,,,,,,,,,1:02.49,,,2/6
353,76,2024,5,11,短水路,チーム,15,4×25mフリーリレー,女子,240～279歳,265,1:18.13,,1,,8,佐藤直子,,我孫子,18.57,,,,,,,,,1:02.49,,,2/4
354,76,2024,5,11,短水路,チーム,15,4×25mフリーリレー,女子,240～279歳,265,1:18.13,,2,,8,渋谷照代,,我孫子,18.75,,,,,,,,,1:02.49,,,2/4
355,76,2024,5,11,短水路,チーム,15,4×25mフリーリレー,女子,240～279歳,265,1:18.13,,3,,8,松浦敏子,,我孫子,20.60,,,,,,,,,1:02.49,,,2/4
356,76,2024,5,11,短水路,チーム,15,4×25mフリーリレー,女子,240～279歳,265,1:18.13,,4,,8,宇田川礼子,,我孫子,20.21,,,,,,,,,1:02.49,,,2/4
357,76,2024,5,11,短水路,チーム,15,4×25mフリーリレー,女子,240～279歳,242,1:21.69,,1,,9,富樫博子,,大森,23.83,,,,,,,,,1:02.49,,,2/3
358,76,2024,5,11,短水路,チーム,15,4×25mフリーリレー,女子,240～279歳,242,1:21.69,,1,,9,二ノ宮美佳,,大森,18.75,,,,,,,,,1:02.49,,,2/3
359,76,2024,5,11,短水路,チーム,15,4×25mフリーリレー,女子,240～279歳,242,1:21.69,,2,,9,米林清子,,大森,18.13,,,,,,,,,1:02.49,,,2/3
360,76,2024,5,11,短水路,チーム,15,4×25mフリーリレー,女子,240～279歳,242,1:21.69,,3,,9,佐々木政子,,大森,7.24,,,,,,,,,1:02.49,,,2/3
361,76,2024,5,11,短水路,チーム,15,4×25mフリーリレー,女子,240～279歳,242,1:21.69,,3,,9,中西トモ子,,大森,,,,,,,,,,1:02.49,,,2/3
362,76,2024,5,11,短水路,チーム,15,4×25mフリーリレー,女子,240～279歳,242,1:21.69,,4,,9,小林名緒子,,大森,32.27,,,,,,,,,1:02.49,,,2/3
363,76,2024,5,11,短水路,チーム,15,4×25mフリーリレー,女子,240～279歳,242,1:21.69,,4,,9,坂本光子,,大森,,,,,,,,,,1:02.49,,,2/3
364,76,2024,5,11,短水路,チーム,15,4×25mフリーリレー,女子,200～239歳,202,57.72,,1,,1,片岡祥子,,千葉みなと,13.63,,,,,,,,TRUE,59.15,,,6/3
365,76,2024,5,11,短水路,チーム,15,4×25mフリーリレー,女子,200～239歳,202,57.72,,2,,1,鎌田和代,,千葉みなと,15.08,,,,,,,,TRUE,59.15,,,6/3
366,76,2024,5,11,短水路,チーム,15,4×25mフリーリレー,女子,200～239歳,202,57.72,,3,,1,年岡仁美,,千葉みなと,14.69,,,,,,,,TRUE,59.15,,,6/3
367,76,2024,5,11,短水路,チーム,15,4×25mフリーリレー,女子,200～239歳,202,57.72,,4,,1,小谷佐織,,千葉みなと,14.32,,,,,,,,TRUE,59.15,,,6/3
368,76,2024,5,11,短水路,チーム,15,4×25mフリーリレー,女子,200～239歳,209,1:01.91,,1,,2,大黒明日香,,清瀬,15.13,,,,,,,,,59.15,,,5/4
369,76,2024,5,11,短水路,チーム,15,4×25mフリーリレー,女子,200～239歳,209,1:01.91,,2,,2,田中貴子,,清瀬,15.09,,,,,,,,,59.15,,,5/4
370,76,2024,5,11,短水路,チーム,15,4×25mフリーリレー,女子,200～239歳,209,1:01.91,,3,,2,大橋ほづ美,,清瀬,15.64,,,,,,,,,59.15,,,5/4
371,76,2024,5,11,短水路,チーム,15,4×25mフリーリレー,女子,200～239歳,209,1:01.91,,4,,2,小倉直美,,清瀬,16.05,,,,,,,,,59.15,,,5/4
372,76,2024,5,11,短水路,チーム,15,4×25mフリーリレー,女子,200～239歳,211,1:02.25,,1,,3,高間智子,,自由が丘,16.16,,,,,,,,,59.15,,,6/8
373,76,2024,5,11,短水路,チーム,15,4×25mフリーリレー,女子,200～239歳,211,1:02.25,,2,,3,生田目則子,,自由が丘,16.10,,,,,,,,,59.15,,,6/8
374,76,2024,5,11,短水路,チーム,15,4×25mフリーリレー,女子,200～239歳,211,1:02.25,,3,,3,ダン典子,,自由が丘,16.64,,,,,,,,,59.15,,,6/8
375,76,2024,5,11,短水路,チーム,15,4×25mフリーリレー,女子,200～239歳,211,1:02.25,,4,,3,服部美菜,,自由が丘,13.35,,,,,,,,,59.15,,,6/8
376,76,2024,5,11,短水路,チーム,15,4×25mフリーリレー,女子,200～239歳,222,1:03.67,,1,,4,前田由希映,,二俣川,16.65,,,,,,,,,59.15,,,6/1
377,76,2024,5,11,短水路,チーム,15,4×25mフリーリレー,女子,200～239歳,222,1:03.67,,2,,4,中野裕子,,二俣川,16.84,,,,,,,,,59.15,,,6/1
378,76,2024,5,11,短水路,チーム,15,4×25mフリーリレー,女子,200～239歳,222,1:03.67,,3,,4,松川律子,,二俣川,16.09,,,,,,,,,59.15,,,6/1
379,76,2024,5,11,短水路,チーム,15,4×25mフリーリレー,女子,200～239歳,222,1:03.67,,4,,4,永瀬秀子,,二俣川,14.09,,,,,,,,,59.15,,,6/1
380,76,2024,5,11,短水路,チーム,15,4×25mフリーリレー,女子,200～239歳,238,1:05.66,,1,,5,袴田智津子,,湘南LT,16.12,,,,,,,,,59.15,,,5/7
381,76,2024,5,11,短水路,チーム,15,4×25mフリーリレー,女子,200～239歳,238,1:05.66,,2,,5,北嶋春美,,湘南LT,17.65,,,,,,,,,59.15,,,5/7
382,76,2024,5,11,短水路,チーム,15,4×25mフリーリレー,女子,200～239歳,238,1:05.66,,3,,5,酒井香澄,,湘南LT,17.45,,,,,,,,,59.15,,,5/7
383,76,2024,5,11,短水路,チーム,15,4×25mフリーリレー,女子,200～239歳,238,1:05.66,,4,,5,勝間田周子,,湘南LT,14.44,,,,,,,,,59.15,,,5/7
384,76,2024,5,11,短水路,チーム,15,4×25mフリーリレー,女子,200～239歳,218,1:06.55,,1,,6,大島江理子,,大森,15.96,,,,,,,,,59.15,,,5/3
385,76,2024,5,11,短水路,チーム,15,4×25mフリーリレー,女子,200～239歳,218,1:06.55,,2,,6,立石由美子,,大森,16.77,,,,,,,,,59.15,,,5/3
386,76,2024,5,11,短水路,チーム,15,4×25mフリーリレー,女子,200～239歳,218,1:06.55,,3,,6,鈴木知寿子,,大森,16.71,,,,,,,,,59.15,,,5/3
387,76,2024,5,11,短水路,チーム,15,4×25mフリーリレー,女子,200～239歳,218,1:06.55,,4,,6,高島典子,,大森,17.11,,,,,,,,,59.15,,,5/3
388,76,2024,5,11,短水路,チーム,15,4×25mフリーリレー,女子,200～239歳,201,1:07.28,,1,,7,糸川永利子,,用賀,17.68,,,,,,,,,59.15,,,5/1
389,76,2024,5,11,短水路,チーム,15,4×25mフリーリレー,女子,200～239歳,201,1:07.28,,2,,7,冨樫真樹子,,用賀,18.97,,,,,,,,,59.15,,,5/1
390,76,2024,5,11,短水路,チーム,15,4×25mフリーリレー,女子,200～239歳,201,1:07.28,,3,,7,西岡祐子,,用賀,16.24,,,,,,,,,59.15,,,5/1
391,76,2024,5,11,短水路,チーム,15,4×25mフリーリレー,女子,200～239歳,201,1:07.28,,4,,7,大家萌実,,用賀,14.39,,,,,,,,,59.15,,,5/1
392,76,2024,5,11,短水路,チーム,15,4×25mフリーリレー,女子,200～239歳,221,1:07.33,,1,,8,中野朗子,,慶應日吉,19.14,,,,,,,,,59.15,,,5/6
393,76,2024,5,11,短水路,チーム,15,4×25mフリーリレー,女子,200～239歳,221,1:07.33,,2,,8,前畑章子,,慶應日吉,15.24,,,,,,,,,59.15,,,5/6
394,76,2024,5,11,短水路,チーム,15,4×25mフリーリレー,女子,200～239歳,221,1:07.33,,3,,8,高見沢ゆみ子,,慶應日吉,18.13,,,,,,,,,59.15,,,5/6
395,76,2024,5,11,短水路,チーム,15,4×25mフリーリレー,女子,200～239歳,221,1:07.33,,4,,8,小豆澤和代,,慶應日吉,14.82,,,,,,,,,59.15,,,5/6
396,76,2024,5,11,短水路,チーム,15,4×25mフリーリレー,女子,200～239歳,214,1:07.84,,1,,9,黒瀬早苗,,葛西,15.80,,,,,,,,,59.15,,,5/5
397,76,2024,5,11,短水路,チーム,15,4×25mフリーリレー,女子,200～239歳,214,1:07.84,,2,,9,関本みすぎ,,葛西,18.13,,,,,,,,,59.15,,,5/5
398,76,2024,5,11,短水路,チーム,15,4×25mフリーリレー,女子,200～239歳,214,1:07.84,,3,,9,高橋裕子,,葛西,17.47,,,,,,,,,59.15,,,5/5
399,76,2024,5,11,短水路,チーム,15,4×25mフリーリレー,女子,200～239歳,214,1:07.84,,4,,9,溝井花代子,,葛西,16.44,,,,,,,,,59.15,,,5/5
400,76,2024,5,11,短水路,チーム,15,4×25mフリーリレー,女子,200～239歳,228,1:08.88,,1,,10,坂井慶子,,大宮宮原,17.77,,,,,,,,,59.15,,,3/4
401,76,2024,5,11,短水路,チーム,15,4×25mフリーリレー,女子,200～239歳,228,1:08.88,,2,,10,柳澤聡子,,大宮宮原,16.56,,,,,,,,,59.15,,,3/4
402,76,2024,5,11,短水路,チーム,15,4×25mフリーリレー,女子,200～239歳,228,1:08.88,,3,,10,荒川直子,,大宮宮原,18.28,,,,,,,,,59.15,,,3/4
403,76,2024,5,11,短水路,チーム,15,4×25mフリーリレー,女子,200～239歳,228,1:08.88,,4,,10,西田三佐子,,大宮宮原,16.27,,,,,,,,,59.15,,,3/4
404,76,2024,5,11,短水路,チーム,15,4×25mフリーリレー,女子,200～239歳,215,1:11.31,,1,,11,芳賀加代子,,南青山,16.03,,,,,,,,,59.15,,,3/2
405,76,2024,5,11,短水路,チーム,15,4×25mフリーリレー,女子,200～239歳,215,1:11.31,,2,,11,山崎美南子,,南青山,20.88,,,,,,,,,59.15,,,3/2
406,76,2024,5,11,短水路,チーム,15,4×25mフリーリレー,女子,200～239歳,215,1:11.31,,3,,11,平山啓子,,南青山,19.62,,,,,,,,,59.15,,,3/2
407,76,2024,5,11,短水路,チーム,15,4×25mフリーリレー,女子,200～239歳,215,1:11.31,,4,,11,二宮若葉,,南青山,14.78,,,,,,,,,59.15,,,3/2
408,76,2024,5,11,短水路,チーム,15,4×25mフリーリレー,女子,200～239歳,217,1:11.47,,1,,12,町田麻里,,南千住,16.91,,,,,,,,,59.15,,,4/7
409,76,2024,5,11,短水路,チーム,15,4×25mフリーリレー,女子,200～239歳,217,1:11.47,,2,,12,兼子敬子,,南千住,19.99,,,,,,,,,59.15,,,4/7
410,76,2024,5,11,短水路,チーム,15,4×25mフリーリレー,女子,200～239歳,217,1:11.47,,3,,12,山本由起子,,南千住,17.69,,,,,,,,,59.15,,,4/7
411,76,2024,5,11,短水路,チーム,15,4×25mフリーリレー,女子,200～239歳,217,1:11.47,,4,,12,田原文月,,南千住,16.88,,,,,,,,,59.15,,,4/7
412,76,2024,5,11,短水路,チーム,15,4×25mフリーリレー,女子,200～239歳,204,1:14.24,,1,,13,久保美由紀,,長津田,18.63,,,,,,,,,59.15,,,4/8
413,76,2024,5,11,短水路,チーム,15,4×25mフリーリレー,女子,200～239歳,204,1:14.24,,2,,13,石川美恵子,,長津田,18.96,,,,,,,,,59.15,,,4/8
414,76,2024,5,11,短水路,チーム,15,4×25mフリーリレー,女子,200～239歳,204,1:14.24,,3,,13,小池淳子,,長津田,17.52,,,,,,,,,59.15,,,4/8
415,76,2024,5,11,短水路,チーム,15,4×25mフリーリレー,女子,200～239歳,204,1:14.24,,4,,13,三沢弘美,,長津田,19.13,,,,,,,,,59.15,,,4/8
416,76,2024,5,11,短水路,チーム,15,4×25mフリーリレー,女子,200～239歳,207,1:22.80,,1,,14,片岡久美子,,茂原,20.52,,,,,,,,,59.15,,,2/2
417,76,2024,5,11,短水路,チーム,15,4×25mフリーリレー,女子,200～239歳,207,1:22.80,,2,,14,齋藤準子,,茂原,22.77,,,,,,,,,59.15,,,2/2
418,76,2024,5,11,短水路,チーム,15,4×25mフリーリレー,女子,200～239歳,207,1:22.80,,3,,14,鈴木喜代子,,茂原,23.38,,,,,,,,,59.15,,,2/2
419,76,2024,5,11,短水路,チーム,15,4×25mフリーリレー,女子,200～239歳,207,1:22.80,,4,,14,岡澤美咲,,茂原,16.13,,,,,,,,,59.15,,,2/2
420,76,2024,5,11,短水路,チーム,15,4×25mフリーリレー,女子,160～199歳,163,59.68,,1,,1,今井恵子,,阿佐谷,14.07,,,,,,,,,54.64,,,6/7
421,76,2024,5,11,短水路,チーム,15,4×25mフリーリレー,女子,160～199歳,163,59.68,,2,,1,棚網恵理,,阿佐谷,15.38,,,,,,,,,54.64,,,6/7
422,76,2024,5,11,短水路,チーム,15,4×25mフリーリレー,女子,160～199歳,163,59.68,,3,,1,小野真佐子,,阿佐谷,15.29,,,,,,,,,54.64,,,6/7
423,76,2024,5,11,短水路,チーム,15,4×25mフリーリレー,女子,160～199歳,163,59.68,,4,,1,遠藤真理,,阿佐谷,14.94,,,,,,,,,54.64,,,6/7
424,76,2024,5,11,短水路,チーム,15,4×25mフリーリレー,女子,160～199歳,165,1:00.09,,1,,2,川北恵,,長津田,14.29,,,,,,,,,54.64,,,6/6
425,76,2024,5,11,短水路,チーム,15,4×25mフリーリレー,女子,160～199歳,165,1:00.09,,2,,2,久保かおり,,長津田,17.05,,,,,,,,,54.64,,,6/6
426,76,2024,5,11,短水路,チーム,15,4×25mフリーリレー,女子,160～199歳,165,1:00.09,,3,,2,吉村華奈,,長津田,13.33,,,,,,,,,54.64,,,6/6
427,76,2024,5,11,短水路,チーム,15,4×25mフリーリレー,女子,160～199歳,165,1:00.09,,4,,2,宮林佑妃,,長津田,15.42,,,,,,,,,54.64,,,6/6
428,76,2024,5,11,短水路,チーム,15,4×25mフリーリレー,女子,160～199歳,170,1:00.70,,1,,3,草野茜,,二俣川,15.63,,,,,,,,,54.64,,,6/2
429,76,2024,5,11,短水路,チーム,15,4×25mフリーリレー,女子,160～199歳,170,1:00.70,,2,,3,吉池奈々,,二俣川,16.37,,,,,,,,,54.64,,,6/2
430,76,2024,5,11,短水路,チーム,15,4×25mフリーリレー,女子,160～199歳,170,1:00.70,,3,,3,西山春苗,,二俣川,15.02,,,,,,,,,54.64,,,6/2
431,76,2024,5,11,短水路,チーム,15,4×25mフリーリレー,女子,160～199歳,170,1:00.70,,4,,3,長瀬涼佳,,二俣川,13.68,,,,,,,,,54.64,,,6/2
432,76,2024,5,11,短水路,チーム,15,4×25mフリーリレー,女子,160～199歳,188,1:10.81,,1,,4,萩原ゆりか,,天王洲,15.99,,,,,,,,,54.64,,,4/4
433,76,2024,5,11,短水路,チーム,15,4×25mフリーリレー,女子,160～199歳,188,1:10.81,,2,,4,森内裕子,,天王洲,17.73,,,,,,,,,54.64,,,4/4
434,76,2024,5,11,短水路,チーム,15,4×25mフリーリレー,女子,160～199歳,188,1:10.81,,3,,4,宇田川美穂,,天王洲,15.89,,,,,,,,,54.64,,,4/4
435,76,2024,5,11,短水路,チーム,15,4×25mフリーリレー,女子,160～199歳,188,1:10.81,,4,,4,四井美穂,,天王洲,21.20,,,,,,,,,54.64,,,4/4
436,76,2024,5,11,短水路,チーム,15,4×25mフリーリレー,女子,120～159歳,150,55.91,,1,,1,仲田笑美,,成城,13.75,,,,,,,,,54.71,,,6/4
437,76,2024,5,11,短水路,チーム,15,4×25mフリーリレー,女子,120～159歳,150,55.91,,2,,1,広瀬幸音,,成城,13.61,,,,,,,,,54.71,,,6/4
438,76,2024,5,11,短水路,チーム,15,4×25mフリーリレー,女子,120～159歳,150,55.91,,3,,1,大川晴美,,成城,15.19,,,,,,,,,54.71,,,6/4
439,76,2024,5,11,短水路,チーム,15,4×25mフリーリレー,女子,120～159歳,150,55.91,,4,,1,佐々木彩,,成城,13.36,,,,,,,,,54.71,,,6/4
440,76,2024,5,11,短水路,チーム,15,4×25mフリーリレー,女子,120～159歳,154,1:05.20,,1,,2,岡澤志織,,茂原,13.80,,,,,,,,,54.71,,,3/6
441,76,2024,5,11,短水路,チーム,15,4×25mフリーリレー,女子,120～159歳,154,1:05.20,,2,,2,加藤千恵,,茂原,15.91,,,,,,,,,54.71,,,3/6
442,76,2024,5,11,短水路,チーム,15,4×25mフリーリレー,女子,120～159歳,154,1:05.20,,3,,2,大塚弘子,,茂原,19.13,,,,,,,,,54.71,,,3/6
443,76,2024,5,11,短水路,チーム,15,4×25mフリーリレー,女子,120～159歳,154,1:05.20,,4,,2,大岩麻椰,,茂原,16.36,,,,,,,,,54.71,,,3/6
444,76,2024,5,11,短水路,チーム,15,4×25mフリーリレー,女子,72～119歳,100,57.26,,1,,1,表侑寿,,二俣川,14.05,,,,,,,,,53.18,,,6/5
445,76,2024,5,11,短水路,チーム,15,4×25mフリーリレー,女子,72～119歳,100,57.26,,2,,1,松本彩花,,二俣川,14.83,,,,,,,,,53.18,,,6/5
446,76,2024,5,11,短水路,チーム,15,4×25mフリーリレー,女子,72～119歳,100,57.26,,3,,1,深堀陽子,,二俣川,14.85,,,,,,,,,53.18,,,6/5
447,76,2024,5,11,短水路,チーム,15,4×25mフリーリレー,女子,72～119歳,100,57.26,,4,,1,志賀菜々美,,二俣川,13.53,,,,,,,,,53.18,,,6/5
448,76,2024,5,11,短水路,チーム,16,4×25mフリーリレー,男子,280～319歳,283,1:05.71,,1,,1,大倉健志,,流山,16.77,,,,,,,,,1:03.09,,,1/4
449,76,2024,5,11,短水路,チーム,16,4×25mフリーリレー,男子,280～319歳,283,1:05.71,,2,,1,中村欣正,,流山,17.98,,,,,,,,,1:03.09,,,1/4
450,76,2024,5,11,短水路,チーム,16,4×25mフリーリレー,男子,280～319歳,283,1:05.71,,3,,1,渡辺正俊,,流山,16.50,,,,,,,,,1:03.09,,,1/4
451,76,2024,5,11,短水路,チーム,16,4×25mフリーリレー,男子,280～319歳,283,1:05.71,,4,,1,田中基幹,,流山,14.46,,,,,,,,,1:03.09,,,1/4
452,76,2024,5,11,短水路,チーム,16,4×25mフリーリレー,男子,240～279歳,240,56.62,,1,,1,冨松実,,二俣川,14.48,,,,,,,,,49.30,,,3/7
453,76,2024,5,11,短水路,チーム,16,4×25mフリーリレー,男子,240～279歳,240,56.62,,2,,1,香川左近,,二俣川,17.00,,,,,,,,,49.30,,,3/7
454,76,2024,5,11,短水路,チーム,16,4×25mフリーリレー,男子,240～279歳,240,56.62,,3,,1,長崎啓,,二俣川,12.69,,,,,,,,,49.30,,,3/7
455,76,2024,5,11,短水路,チーム,16,4×25mフリーリレー,男子,240～279歳,240,56.62,,4,,1,石上智啓,,二俣川,12.45,,,,,,,,,49.30,,,3/7
456,76,2024,5,11,短水路,チーム,16,4×25mフリーリレー,男子,240～279歳,253,58.63,,1,,2,岡村勝重,,長津田,12.87,,,,,,,,,49.30,,,2/4
457,76,2024,5,11,短水路,チーム,16,4×25mフリーリレー,男子,240～279歳,253,58.63,,2,,2,水谷博之,,長津田,15.20,,,,,,,,,49.30,,,2/4
458,76,2024,5,11,短水路,チーム,16,4×25mフリーリレー,男子,240～279歳,253,58.63,,3,,2,飯沼明,,長津田,16.95,,,,,,,,,49.30,,,2/4
459,76,2024,5,11,短水路,チーム,16,4×25mフリーリレー,男子,240～279歳,253,58.63,,4,,2,池谷千尋,,長津田,13.61,,,,,,,,,49.30,,,2/4
460,76,2024,5,11,短水路,チーム,16,4×25mフリーリレー,男子,240～279歳,251,1:01.86,,1,,3,神尾尚人,,市ヶ尾,15.21,,,,,,,,,49.30,,,2/1
461,76,2024,5,11,短水路,チーム,16,4×25mフリーリレー,男子,240～279歳,251,1:01.86,,2,,3,井上隆史,,市ヶ尾,18.44,,,,,,,,,49.30,,,2/1
462,76,2024,5,11,短水路,チーム,16,4×25mフリーリレー,男子,240～279歳,251,1:01.86,,3,,3,茂木和哉,,市ヶ尾,15.91,,,,,,,,,49.30,,,2/1
463,76,2024,5,11,短水路,チーム,16,4×25mフリーリレー,男子,240～279歳,251,1:01.86,,4,,3,木村考太,,市ヶ尾,12.30,,,,,,,,,49.30,,,2/1
464,76,2024,5,11,短水路,チーム,16,4×25mフリーリレー,男子,240～279歳,244,1:05.16,,1,,4,原田真,,葛西,14.05,,,,,,,,,49.30,,,1/5
465,76,2024,5,11,短水路,チーム,16,4×25mフリーリレー,男子,240～279歳,244,1:05.16,,2,,4,赤坂吉昭,,葛西,17.54,,,,,,,,,49.30,,,1/5
466,76,2024,5,11,短水路,チーム,16,4×25mフリーリレー,男子,240～279歳,244,1:05.16,,3,,4,浅井速人,,葛西,16.86,,,,,,,,,49.30,,,1/5
467,76,2024,5,11,短水路,チーム,16,4×25mフリーリレー,男子,240～279歳,244,1:05.16,,4,,4,山元修一,,葛西,16.71,,,,,,,,,49.30,,,1/5
468,76,2024,5,11,短水路,チーム,16,4×25mフリーリレー,男子,240～279歳,245,1:06.35,,1,,5,山本英男,,大宮宮原,14.16,,,,,,,,,49.30,,,1/3
469,76,2024,5,11,短水路,チーム,16,4×25mフリーリレー,男子,240～279歳,245,1:06.35,,2,,5,森下善夫,,大宮宮原,19.37,,,,,,,,,49.30,,,1/3
470,76,2024,5,11,短水路,チーム,16,4×25mフリーリレー,男子,240～279歳,245,1:06.35,,3,,5,星秀樹,,大宮宮原,18.15,,,,,,,,,49.30,,,1/3
471,76,2024,5,11,短水路,チーム,16,4×25mフリーリレー,男子,240～279歳,245,1:06.35,,4,,5,松田賢治,,大宮宮原,14.67,,,,,,,,,49.30,,,1/3
472,76,2024,5,11,短水路,チーム,16,4×25mフリーリレー,男子,240～279歳,267,1:10.28,,1,,6,吉田亮,,成城,16.21,,,,,,,,,49.30,,,2/7
473,76,2024,5,11,短水路,チーム,16,4×25mフリーリレー,男子,240～279歳,267,1:10.28,,2,,6,松下達一,,成城,19.12,,,,,,,,,49.30,,,2/7
474,76,2024,5,11,短水路,チーム,16,4×25mフリーリレー,男子,240～279歳,267,1:10.28,,3,,6,安部盛博,,成城,18.05,,,,,,,,,49.30,,,2/7
475,76,2024,5,11,短水路,チーム,16,4×25mフリーリレー,男子,240～279歳,267,1:10.28,,4,,6,後藤潤,,成城,16.90,,,,,,,,,49.30,,,2/7
476,76,2024,5,11,短水路,チーム,16,4×25mフリーリレー,男子,240～279歳,262,1:17.02,,1,,7,中村雄一,,Ｇ－ＳＰＡ,18.28,,,,,,,,,49.30,,,1/7
477,76,2024,5,11,短水路,チーム,16,4×25mフリーリレー,男子,240～279歳,262,1:17.02,,2,,7,東海林豊,,Ｇ－ＳＰＡ,21.07,,,,,,,,,49.30,,,1/7
478,76,2024,5,11,短水路,チーム,16,4×25mフリーリレー,男子,240～279歳,262,1:17.02,,3,,7,若山聖亮,,Ｇ－ＳＰＡ,22.93,,,,,,,,,49.30,,,1/7
479,76,2024,5,11,短水路,チーム,16,4×25mフリーリレー,男子,240～279歳,262,1:17.02,,4,,7,佐々木栄一,,Ｇ－ＳＰＡ,14.74,,,,,,,,,49.30,,,1/7
480,76,2024,5,11,短水路,チーム,16,4×25mフリーリレー,男子,200～239歳,202,50.89,,1,,1,堀川広祐,,二俣川,13.25,,,,,,,,,47.12,,,3/4
481,76,2024,5,11,短水路,チーム,16,4×25mフリーリレー,男子,200～239歳,202,50.89,,2,,1,下家成人,,二俣川,13.29,,,,,,,,,47.12,,,3/4
482,76,2024,5,11,短水路,チーム,16,4×25mフリーリレー,男子,200～239歳,202,50.89,,3,,1,木村知行,,二俣川,12.64,,,,,,,,,47.12,,,3/4
483,76,2024,5,11,短水路,チーム,16,4×25mフリーリレー,男子,200～239歳,202,50.89,,4,,1,大村俊文,,二俣川,11.71,,,,,,,,,47.12,,,3/4
484,76,2024,5,11,短水路,チーム,16,4×25mフリーリレー,男子,200～239歳,213,55.06,,1,,2,吉峯幸郎,,用賀,16.16,,,,,,,,,47.12,,,3/2
485,76,2024,5,11,短水路,チーム,16,4×25mフリーリレー,男子,200～239歳,213,55.06,,2,,2,和田浩一,,用賀,13.27,,,,,,,,,47.12,,,3/2
486,76,2024,5,11,短水路,チーム,16,4×25mフリーリレー,男子,200～239歳,213,55.06,,3,,2,佐藤正章,,用賀,14.28,,,,,,,,,47.12,,,3/2
487,76,2024,5,11,短水路,チーム,16,4×25mフリーリレー,男子,200～239歳,213,55.06,,4,,2,小方聡,,用賀,11.35,,,,,,,,,47.12,,,3/2
488,76,2024,5,11,短水路,チーム,16,4×25mフリーリレー,男子,200～239歳,230,58.52,,1,,3,羽田浩一,,成城,13.74,,,,,,,,,47.12,,,3/3
489,76,2024,5,11,短水路,チーム,16,4×25mフリーリレー,男子,200～239歳,230,58.52,,2,,3,丸山恵太,,成城,15.44,,,,,,,,,47.12,,,3/3
490,76,2024,5,11,短水路,チーム,16,4×25mフリーリレー,男子,200～239歳,230,58.52,,3,,3,若宮強,,成城,15.79,,,,,,,,,47.12,,,3/3
491,76,2024,5,11,短水路,チーム,16,4×25mフリーリレー,男子,200～239歳,230,58.52,,4,,3,藤田一寿,,成城,13.55,,,,,,,,,47.12,,,3/3
492,76,2024,5,11,短水路,チーム,16,4×25mフリーリレー,男子,200～239歳,220,1:01.09,,1,,4,金子謙一,,長津田,15.19,,,,,,,,,47.12,,,2/6
493,76,2024,5,11,短水路,チーム,16,4×25mフリーリレー,男子,200～239歳,220,1:01.09,,2,,4,西森文史郎,,長津田,15.80,,,,,,,,,47.12,,,2/6
494,76,2024,5,11,短水路,チーム,16,4×25mフリーリレー,男子,200～239歳,220,1:01.09,,3,,4,萩原智徳,,長津田,16.58,,,,,,,,,47.12,,,2/6
495,76,2024,5,11,短水路,チーム,16,4×25mフリーリレー,男子,200～239歳,220,1:01.09,,4,,4,西野宮冬木,,長津田,13.52,,,,,,,,,47.12,,,2/6
496,76,2024,5,11,短水路,チーム,16,4×25mフリーリレー,男子,200～239歳,230,1:02.07,,1,,5,山本和巳,,茂原,16.83,,,,,,,,,47.12,,,1/2
497,76,2024,5,11,短水路,チーム,16,4×25mフリーリレー,男子,200～239歳,230,1:02.07,,2,,5,安嶋俊夫,,茂原,16.59,,,,,,,,,47.12,,,1/2
498,76,2024,5,11,短水路,チーム,16,4×25mフリーリレー,男子,200～239歳,230,1:02.07,,3,,5,稲垣浩,,茂原,15.60,,,,,,,,,47.12,,,1/2
499,76,2024,5,11,短水路,チーム,16,4×25mフリーリレー,男子,200～239歳,230,1:02.07,,4,,5,阪田高士,,茂原,13.05,,,,,,,,,47.12,,,1/2
500,76,2024,5,11,短水路,チーム,16,4×25mフリーリレー,男子,200～239歳,226,1:02.16,,1,,6,穴田啓樹,,慶應日吉,14.41,,,,,,,,,47.12,,,3/8
501,76,2024,5,11,短水路,チーム,16,4×25mフリーリレー,男子,200～239歳,226,1:02.16,,2,,6,大塚秀幸,,慶應日吉,16.46,,,,,,,,,47.12,,,3/8
502,76,2024,5,11,短水路,チーム,16,4×25mフリーリレー,男子,200～239歳,226,1:02.16,,3,,6,山本勝,,慶應日吉,17.16,,,,,,,,,47.12,,,3/8
503,76,2024,5,11,短水路,チーム,16,4×25mフリーリレー,男子,200～239歳,226,1:02.16,,4,,6,門倉孝行,,慶應日吉,14.13,,,,,,,,,47.12,,,3/8
504,76,2024,5,11,短水路,チーム,16,4×25mフリーリレー,男子,200～239歳,232,1:06.31,,1,,7,岡部浩次,,上池袋,17.17,,,,,,,,,47.12,,,2/2
505,76,2024,5,11,短水路,チーム,16,4×25mフリーリレー,男子,200～239歳,232,1:06.31,,2,,7,阿部宏之助,,上池袋,16.10,,,,,,,,,47.12,,,2/2
506,76,2024,5,11,短水路,チーム,16,4×25mフリーリレー,男子,200～239歳,232,1:06.31,,3,,7,斉藤雄一,,上池袋,19.31,,,,,,,,,47.12,,,2/2
507,76,2024,5,11,短水路,チーム,16,4×25mフリーリレー,男子,200～239歳,232,1:06.31,,4,,7,大野淳哉,,上池袋,13.73,,,,,,,,,47.12,,,2/2
508,76,2024,5,11,短水路,チーム,16,4×25mフリーリレー,男子,200～239歳,226,1:13.77,,1,,8,塚田和彦,,天王洲,24.40,,,,,,,,,47.12,,,1/6
509,76,2024,5,11,短水路,チーム,16,4×25mフリーリレー,男子,200～239歳,226,1:13.77,,2,,8,佐藤流生,,天王洲,18.31,,,,,,,,,47.12,,,1/6
510,76,2024,5,11,短水路,チーム,16,4×25mフリーリレー,男子,200～239歳,226,1:13.77,,3,,8,日暮正明,,天王洲,16.30,,,,,,,,,47.12,,,1/6
511,76,2024,5,11,短水路,チーム,16,4×25mフリーリレー,男子,200～239歳,226,1:13.77,,4,,8,千葉忠英,,天王洲,14.76,,,,,,,,,47.12,,,1/6
512,76,2024,5,11,短水路,チーム,16,4×25mフリーリレー,男子,160～199歳,174,47.01,,1,,1,前田崇行,,二俣川,11.93,,,,,,,,,45.05,,,4/4
513,76,2024,5,11,短水路,チーム,16,4×25mフリーリレー,男子,160～199歳,174,47.01,,2,,1,知見邦彦,,二俣川,12.00,,,,,,,,,45.05,,,4/4
514,76,2024,5,11,短水路,チーム,16,4×25mフリーリレー,男子,160～199歳,174,47.01,,3,,1,永瀬知之,,二俣川,12.10,,,,,,,,,45.05,,,4/4
515,76,2024,5,11,短水路,チーム,16,4×25mフリーリレー,男子,160～199歳,174,47.01,,4,,1,鶴谷学,,二俣川,10.98,,,,,,,,,45.05,,,4/4
516,76,2024,5,11,短水路,チーム,16,4×25mフリーリレー,男子,160～199歳,161,48.42,,1,,2,山賀竜馬,,阿佐谷,12.00,,,,,,,,,45.05,,,4/2
517,76,2024,5,11,短水路,チーム,16,4×25mフリーリレー,男子,160～199歳,161,48.42,,2,,2,棚網宏之,,阿佐谷,12.42,,,,,,,,,45.05,,,4/2
518,76,2024,5,11,短水路,チーム,16,4×25mフリーリレー,男子,160～199歳,161,48.42,,3,,2,佐野充,,阿佐谷,12.25,,,,,,,,,45.05,,,4/2
519,76,2024,5,11,短水路,チーム,16,4×25mフリーリレー,男子,160～199歳,161,48.42,,4,,2,椎本恭平,,阿佐谷,11.75,,,,,,,,,45.05,,,4/2
520,76,2024,5,11,短水路,チーム,16,4×25mフリーリレー,男子,160～199歳,163,50.19,,1,,3,小森康弘,,葛西,12.04,,,,,,,,,45.05,,,4/1
521,76,2024,5,11,短水路,チーム,16,4×25mフリーリレー,男子,160～199歳,163,50.19,,2,,3,前島悠也,,葛西,11.52,,,,,,,,,45.05,,,4/1
522,76,2024,5,11,短水路,チーム,16,4×25mフリーリレー,男子,160～199歳,163,50.19,,3,,3,宮木幸彦,,葛西,13.76,,,,,,,,,45.05,,,4/1
523,76,2024,5,11,短水路,チーム,16,4×25mフリーリレー,男子,160～199歳,163,50.19,,4,,3,高栖翔,,葛西,12.87,,,,,,,,,45.05,,,4/1
524,76,2024,5,11,短水路,チーム,16,4×25mフリーリレー,男子,160～199歳,170,50.69,,1,,4,藤本豊和,,長津田,12.87,,,,,,,,,45.05,,,4/7
525,76,2024,5,11,短水路,チーム,16,4×25mフリーリレー,男子,160～199歳,170,50.69,,2,,4,矢作歩,,長津田,13.10,,,,,,,,,45.05,,,4/7
526,76,2024,5,11,短水路,チーム,16,4×25mフリーリレー,男子,160～199歳,170,50.69,,3,,4,竹下翔,,長津田,12.55,,,,,,,,,45.05,,,4/7
527,76,2024,5,11,短水路,チーム,16,4×25mフリーリレー,男子,160～199歳,170,50.69,,4,,4,花井一也,,長津田,12.17,,,,,,,,,45.05,,,4/7
528,76,2024,5,11,短水路,チーム,16,4×25mフリーリレー,男子,160～199歳,197,53.03,,1,,5,會田修一,,おおたか,15.04,,,,,,,,,45.05,,,2/5
529,76,2024,5,11,短水路,チーム,16,4×25mフリーリレー,男子,160～199歳,197,53.03,,2,,5,海辺信吉,,おおたか,13.52,,,,,,,,,45.05,,,2/5
530,76,2024,5,11,短水路,チーム,16,4×25mフリーリレー,男子,160～199歳,197,53.03,,3,,5,岩崎伊吹,,おおたか,11.80,,,,,,,,,45.05,,,2/5
531,76,2024,5,11,短水路,チーム,16,4×25mフリーリレー,男子,160～199歳,197,53.03,,4,,5,大作善祥,,おおたか,12.67,,,,,,,,,45.05,,,2/5
532,76,2024,5,11,短水路,チーム,16,4×25mフリーリレー,男子,160～199歳,182,54.66,,1,,6,和田亮,,阿佐谷,13.24,,,,,,,,,45.05,,,3/5
533,76,2024,5,11,短水路,チーム,16,4×25mフリーリレー,男子,160～199歳,182,54.66,,2,,6,大川明徳,,阿佐谷,15.32,,,,,,,,,45.05,,,3/5
534,76,2024,5,11,短水路,チーム,16,4×25mフリーリレー,男子,160～199歳,182,54.66,,3,,6,若杉佳宏,,阿佐谷,13.58,,,,,,,,,45.05,,,3/5
535,76,2024,5,11,短水路,チーム,16,4×25mフリーリレー,男子,160～199歳,182,54.66,,4,,6,北川貴義,,阿佐谷,12.52,,,,,,,,,45.05,,,3/5
536,76,2024,5,11,短水路,チーム,16,4×25mフリーリレー,男子,160～199歳,180,57.24,,1,,7,松井哲郎,,大森,14.59,,,,,,,,,45.05,,,2/3
537,76,2024,5,11,短水路,チーム,16,4×25mフリーリレー,男子,160～199歳,180,57.24,,2,,7,北村洋一,,大森,14.48,,,,,,,,,45.05,,,2/3
538,76,2024,5,11,短水路,チーム,16,4×25mフリーリレー,男子,160～199歳,180,57.24,,3,,7,宇佐美学,,大森,16.12,,,,,,,,,45.05,,,2/3
539,76,2024,5,11,短水路,チーム,16,4×25mフリーリレー,男子,160～199歳,180,57.24,,4,,7,小林弘典,,大森,12.05,,,,,,,,,45.05,,,2/3
540,76,2024,5,11,短水路,チーム,16,4×25mフリーリレー,男子,120～159歳,129,45.09,,1,,1,志田公輝,,阿佐谷,10.79,,,,,,,,,44.74,,,4/5
541,76,2024,5,11,短水路,チーム,16,4×25mフリーリレー,男子,120～159歳,129,45.09,,2,,1,荒井啓汰,,阿佐谷,11.88,,,,,,,,,44.74,,,4/5
542,76,2024,5,11,短水路,チーム,16,4×25mフリーリレー,男子,120～159歳,129,45.09,,3,,1,中村正明,,阿佐谷,11.22,,,,,,,,,44.74,,,4/5
543,76,2024,5,11,短水路,チーム,16,4×25mフリーリレー,男子,120～159歳,129,45.09,,4,,1,和田弘太郎,,阿佐谷,11.20,,,,,,,,,44.74,,,4/5
544,76,2024,5,11,短水路,チーム,16,4×25mフリーリレー,男子,120～159歳,139,46.97,,1,,2,高梨大樹,,成城,11.64,,,,,,,,,44.74,,,4/3
545,76,2024,5,11,短水路,チーム,16,4×25mフリーリレー,男子,120～159歳,139,46.97,,2,,2,井口暢彦,,成城,11.92,,,,,,,,,44.74,,,4/3
546,76,2024,5,11,短水路,チーム,16,4×25mフリーリレー,男子,120～159歳,139,46.97,,3,,2,石井翔真,,成城,11.49,,,,,,,,,44.74,,,4/3
547,76,2024,5,11,短水路,チーム,16,4×25mフリーリレー,男子,120～159歳,139,46.97,,4,,2,中西剛,,成城,11.92,,,,,,,,,44.74,,,4/3
548,76,2024,5,11,短水路,チーム,16,4×25mフリーリレー,男子,120～159歳,136,49.37,,1,,3,高見沢重倫,,慶應日吉,11.84,,,,,,,,,44.74,,,3/6
549,76,2024,5,11,短水路,チーム,16,4×25mフリーリレー,男子,120～159歳,136,49.37,,2,,3,内田陸登,,慶應日吉,11.09,,,,,,,,,44.74,,,3/6
550,76,2024,5,11,短水路,チーム,16,4×25mフリーリレー,男子,120～159歳,136,49.37,,3,,3,森明法,,慶應日吉,14.17,,,,,,,,,44.74,,,3/6
551,76,2024,5,11,短水路,チーム,16,4×25mフリーリレー,男子,120～159歳,136,49.37,,4,,3,川手詢介,,慶應日吉,12.27,,,,,,,,,44.74,,,3/6
552,76,2024,5,11,短水路,チーム,16,4×25mフリーリレー,男子,120～159歳,149,53.41,,1,,4,小室秀幸,,八王子,12.91,,,,,,,,,44.74,,,3/1
553,76,2024,5,11,短水路,チーム,16,4×25mフリーリレー,男子,120～159歳,149,53.41,,2,,4,小松陸翔,,八王子,14.45,,,,,,,,,44.74,,,3/1
554,76,2024,5,11,短水路,チーム,16,4×25mフリーリレー,男子,120～159歳,149,53.41,,3,,4,鈴木直哉,,八王子,14.08,,,,,,,,,44.74,,,3/1
555,76,2024,5,11,短水路,チーム,16,4×25mフリーリレー,男子,120～159歳,149,53.41,,4,,4,伊藤孝優,,八王子,11.97,,,,,,,,,44.74,,,3/1
556,76,2024,5,11,短水路,チーム,16,4×25mフリーリレー,男子,72～119歳,108,51.82,,1,,1,新福留広貴,,二俣川,13.98,,,,,,,,,44.07,,,4/6
557,76,2024,5,11,短水路,チーム,16,4×25mフリーリレー,男子,72～119歳,108,51.82,,2,,1,田中啓二朗,,二俣川,12.11,,,,,,,,,44.07,,,4/6
558,76,2024,5,11,短水路,チーム,16,4×25mフリーリレー,男子,72～119歳,108,51.82,,3,,1,秋澤裕介,,二俣川,12.56,,,,,,,,,44.07,,,4/6
559,76,2024,5,11,短水路,チーム,16,4×25mフリーリレー,男子,72～119歳,108,51.82,,4,,1,杉山大亜,,二俣川,13.17,,,,,,,,,44.07,,,4/6
560,76,2024,5,11,短水路,チーム,16,4×25mフリーリレー,男子,72～119歳,92,52.33,,1,,2,山﨑陸真,,二俣川,12.68,,,,,,,,,44.07,,,4/8
561,76,2024,5,11,短水路,チーム,16,4×25mフリーリレー,男子,72～119歳,92,52.33,,2,,2,山田丈翔,,二俣川,12.32,,,,,,,,,44.07,,,4/8
562,76,2024,5,11,短水路,チーム,16,4×25mフリーリレー,男子,72～119歳,92,52.33,,3,,2,田中壮一郎,,二俣川,12.26,,,,,,,,,44.07,,,4/8
563,76,2024,5,11,短水路,チーム,16,4×25mフリーリレー,男子,72～119歳,92,52.33,,4,,2,和田佳明,,二俣川,15.07,,,,,,,,,44.07,,,4/8
564,76,2024,5,11,短水路,チーム,17,4×50mメドレーリレー,女子,280～319歳,280,3:19.01,,1,,1,儀保都志子,,成瀬,25.87,,,,,,,,,3:02.99,2:51.73,2:32.54,1/3
565,76,2024,5,11,短水路,チーム,17,4×50mメドレーリレー,女子,280～319歳,280,3:19.01,,2,,1,米澤美智子,,成瀬,22.00,,,,,,,,,3:02.99,2:51.73,2:32.54,1/3
566,76,2024,5,11,短水路,チーム,17,4×50mメドレーリレー,女子,280～319歳,280,3:19.01,,3,,1,中平信子,,成瀬,22.55,,,,,,,,,3:02.99,2:51.73,2:32.54,1/3
567,76,2024,5,11,短水路,チーム,17,4×50mメドレーリレー,女子,280～319歳,280,3:19.01,,4,,1,光畑千栄子,,成瀬,19.96,,,,,,,,,3:02.99,2:51.73,2:32.54,1/3
568,76,2024,5,11,短水路,チーム,17,4×50mメドレーリレー,女子,280～319歳,285,3:37.83,,1,,2,山地多佳子,,おおたか,28.26,,,,,,,,,3:02.99,2:51.73,2:32.54,2/1
569,76,2024,5,11,短水路,チーム,17,4×50mメドレーリレー,女子,280～319歳,285,3:37.83,,2,,2,高木保子,,おおたか,26.67,,,,,,,,,3:02.99,2:51.73,2:32.54,2/1
570,76,2024,5,11,短水路,チーム,17,4×50mメドレーリレー,女子,280～319歳,285,3:37.83,,3,,2,岩崎良子,,おおたか,23.48,,,,,,,,,3:02.99,2:51.73,2:32.54,2/1
571,76,2024,5,11,短水路,チーム,17,4×50mメドレーリレー,女子,280～319歳,285,3:37.83,,4,,2,大久保祐美子,,おおたか,24.18,,,,,,,,,3:02.99,2:51.73,2:32.54,2/1
572,76,2024,5,11,短水路,チーム,17,4×50mメドレーリレー,女子,240～279歳,242,2:40.52,,1,,1,野島久枝,,二俣川,21.69,,,,,,,,,2:39.90,2:18.67,2:18.67,3/1
573,76,2024,5,11,短水路,チーム,17,4×50mメドレーリレー,女子,240～279歳,242,2:40.52,,2,,1,永瀬秀子,,二俣川,19.68,,,,,,,,,2:39.90,2:18.67,2:18.67,3/1
574,76,2024,5,11,短水路,チーム,17,4×50mメドレーリレー,女子,240～279歳,242,2:40.52,,3,,1,武井麻知子,,二俣川,17.48,,,,,,,,,2:39.90,2:18.67,2:18.67,3/1
575,76,2024,5,11,短水路,チーム,17,4×50mメドレーリレー,女子,240～279歳,242,2:40.52,,4,,1,松川律子,,二俣川,17.50,,,,,,,,,2:39.90,2:18.67,2:18.67,3/1
576,76,2024,5,11,短水路,チーム,17,4×50mメドレーリレー,女子,240～279歳,262,2:47.09,,1,,2,八尋加苗,,松戸,23.43,,,,,,,,,2:39.90,2:18.67,2:18.67,2/4
577,76,2024,5,11,短水路,チーム,17,4×50mメドレーリレー,女子,240～279歳,262,2:47.09,,2,,2,武政ふく,,松戸,20.25,,,,,,,,,2:39.90,2:18.67,2:18.67,2/4
578,76,2024,5,11,短水路,チーム,17,4×50mメドレーリレー,女子,240～279歳,262,2:47.09,,3,,2,青木華世子,,松戸,18.80,,,,,,,,,2:39.90,2:18.67,2:18.67,2/4
579,76,2024,5,11,短水路,チーム,17,4×50mメドレーリレー,女子,240～279歳,262,2:47.09,,4,,2,菅野泰子,,松戸,17.54,,,,,,,,,2:39.90,2:18.67,2:18.67,2/4
580,76,2024,5,11,短水路,チーム,17,4×50mメドレーリレー,女子,240～279歳,254,3:04.14,,1,,3,松田聡美,,成城,22.69,,,,,,,,,2:39.90,2:18.67,2:18.67,2/3
581,76,2024,5,11,短水路,チーム,17,4×50mメドレーリレー,女子,240～279歳,254,3:04.14,,2,,3,柳沢智子,,成城,24.45,,,,,,,,,2:39.90,2:18.67,2:18.67,2/3
582,76,2024,5,11,短水路,チーム,17,4×50mメドレーリレー,女子,240～279歳,254,3:04.14,,3,,3,伊藤ゆかり,,成城,20.93,,,,,,,,,2:39.90,2:18.67,2:18.67,2/3
583,76,2024,5,11,短水路,チーム,17,4×50mメドレーリレー,女子,240～279歳,254,3:04.14,,4,,3,高梨美樹,,成城,18.72,,,,,,,,,2:39.90,2:18.67,2:18.67,2/3
584,76,2024,5,11,短水路,チーム,17,4×50mメドレーリレー,女子,240～279歳,243,3:12.07,,1,,4,石田良子,,越谷,21.08,,,,,,,,,2:39.90,2:18.67,2:18.67,2/2
585,76,2024,5,11,短水路,チーム,17,4×50mメドレーリレー,女子,240～279歳,243,3:12.07,,2,,4,太田初美,,越谷,23.86,,,,,,,,,2:39.90,2:18.67,2:18.67,2/2
586,76,2024,5,11,短水路,チーム,17,4×50mメドレーリレー,女子,240～279歳,243,3:12.07,,3,,4,木村惠子,,越谷,28.36,,,,,,,,,2:39.90,2:18.67,2:18.67,2/2
587,76,2024,5,11,短水路,チーム,17,4×50mメドレーリレー,女子,240～279歳,243,3:12.07,,4,,4,山田未紗子,,越谷,14.92,,,,,,,,,2:39.90,2:18.67,2:18.67,2/2
588,76,2024,5,11,短水路,チーム,17,4×50mメドレーリレー,女子,240～279歳,243,3:13.46,,1,,5,中野朗子,,慶應日吉,23.40,,,,,,,,,2:39.90,2:18.67,2:18.67,1/5
589,76,2024,5,11,短水路,チーム,17,4×50mメドレーリレー,女子,240～279歳,243,3:13.46,,2,,5,鈴木夏実,,慶應日吉,26.58,,,,,,,,,2:39.90,2:18.67,2:18.67,1/5
590,76,2024,5,11,短水路,チーム,17,4×50mメドレーリレー,女子,240～279歳,243,3:13.46,,3,,5,井手敦子,,慶應日吉,21.63,,,,,,,,,2:39.90,2:18.67,2:18.67,1/5
591,76,2024,5,11,短水路,チーム,17,4×50mメドレーリレー,女子,240～279歳,243,3:13.46,,4,,5,高見沢ゆみ子,,慶應日吉,19.70,,,,,,,,,2:39.90,2:18.67,2:18.67,1/5
592,76,2024,5,11,短水路,チーム,17,4×50mメドレーリレー,女子,240～279歳,262,3:45.69,,1,,6,相澤紋美,,阿佐谷,25.77,,,,,,,,,2:39.90,2:18.67,2:18.67,1/6
593,76,2024,5,11,短水路,チーム,17,4×50mメドレーリレー,女子,240～279歳,262,3:45.69,,2,,6,渡邉登美子,,阿佐谷,29.49,,,,,,,,,2:39.90,2:18.67,2:18.67,1/6
594,76,2024,5,11,短水路,チーム,17,4×50mメドレーリレー,女子,240～279歳,262,3:45.69,,3,,6,近藤みゆき,,阿佐谷,29.95,,,,,,,,,2:39.90,2:18.67,2:18.67,1/6
595,76,2024,5,11,短水路,チーム,17,4×50mメドレーリレー,女子,240～279歳,262,3:45.69,,4,,6,三嶋祐子,,阿佐谷,22.79,,,,,,,,,2:39.90,2:18.67,2:18.67,1/6
596,76,2024,5,11,短水路,チーム,17,4×50mメドレーリレー,女子,200～239歳,212,2:38.71,,1,,1,浅尾有香,,大森,18.10,,,,,,,,,2:16.24,2:10.77,2:06.51,2/6
597,76,2024,5,11,短水路,チーム,17,4×50mメドレーリレー,女子,200～239歳,212,2:38.71,,2,,1,大竹昌子,,大森,21.39,,,,,,,,,2:16.24,2:10.77,2:06.51,2/6
598,76,2024,5,11,短水路,チーム,17,4×50mメドレーリレー,女子,200～239歳,212,2:38.71,,3,,1,大島江理子,,大森,17.75,,,,,,,,,2:16.24,2:10.77,2:06.51,2/6
599,76,2024,5,11,短水路,チーム,17,4×50mメドレーリレー,女子,200～239歳,212,2:38.71,,4,,1,立石由美子,,大森,18.74,,,,,,,,,2:16.24,2:10.77,2:06.51,2/6
600,76,2024,5,11,短水路,チーム,17,4×50mメドレーリレー,女子,200～239歳,236,2:44.02,,1,,2,茂櫛典子,,成城,23.68,,,,,,,,,2:16.24,2:10.77,2:06.51,3/7
601,76,2024,5,11,短水路,チーム,17,4×50mメドレーリレー,女子,200～239歳,236,2:44.02,,2,,2,大川晴美,,成城,20.53,,,,,,,,,2:16.24,2:10.77,2:06.51,3/7
602,76,2024,5,11,短水路,チーム,17,4×50mメドレーリレー,女子,200～239歳,236,2:44.02,,3,,2,仲田久美子,,成城,16.41,,,,,,,,,2:16.24,2:10.77,2:06.51,3/7
603,76,2024,5,11,短水路,チーム,17,4×50mメドレーリレー,女子,200～239歳,236,2:44.02,,4,,2,高柳祐子,,成城,16.84,,,,,,,,,2:16.24,2:10.77,2:06.51,3/7
604,76,2024,5,11,短水路,チーム,17,4×50mメドレーリレー,女子,200～239歳,223,2:48.29,,1,,3,座間千鶴子,,金沢八景,22.72,,,,,,,,,2:16.24,2:10.77,2:06.51,1/4
605,76,2024,5,11,短水路,チーム,17,4×50mメドレーリレー,女子,200～239歳,223,2:48.29,,2,,3,鶴岡美佐,,金沢八景,22.02,,,,,,,,,2:16.24,2:10.77,2:06.51,1/4
606,76,2024,5,11,短水路,チーム,17,4×50mメドレーリレー,女子,200～239歳,223,2:48.29,,3,,3,真栄田こずえ,,金沢八景,17.07,,,,,,,,,2:16.24,2:10.77,2:06.51,1/4
607,76,2024,5,11,短水路,チーム,17,4×50mメドレーリレー,女子,200～239歳,223,2:48.29,,4,,3,野村洋子,,金沢八景,17.59,,,,,,,,,2:16.24,2:10.77,2:06.51,1/4
608,76,2024,5,11,短水路,チーム,17,4×50mメドレーリレー,女子,200～239歳,224,2:51.11,,1,,4,棚網恵理,,阿佐谷,19.72,,,,,,,,,2:16.24,2:10.77,2:06.51,3/8
609,76,2024,5,11,短水路,チーム,17,4×50mメドレーリレー,女子,200～239歳,224,2:51.11,,2,,4,石原なおみ,,阿佐谷,22.40,,,,,,,,,2:16.24,2:10.77,2:06.51,3/8
610,76,2024,5,11,短水路,チーム,17,4×50mメドレーリレー,女子,200～239歳,224,2:51.11,,3,,4,野島正代,,阿佐谷,20.84,,,,,,,,,2:16.24,2:10.77,2:06.51,3/8
611,76,2024,5,11,短水路,チーム,17,4×50mメドレーリレー,女子,200～239歳,224,2:51.11,,4,,4,遠藤真理,,阿佐谷,16.03,,,,,,,,,2:16.24,2:10.77,2:06.51,3/8
612,76,2024,5,11,短水路,チーム,17,4×50mメドレーリレー,女子,160～199歳,165,2:35.93,,1,,1,吉村華奈,,長津田,17.06,,,,,,,,,2:17.54,2:03.16,1:59.33,3/2
613,76,2024,5,11,短水路,チーム,17,4×50mメドレーリレー,女子,160～199歳,165,2:35.93,,2,,1,久保かおり,,長津田,23.33,,,,,,,,,2:17.54,2:03.16,1:59.33,3/2
614,76,2024,5,11,短水路,チーム,17,4×50mメドレーリレー,女子,160～199歳,165,2:35.93,,3,,1,川北恵,,長津田,15.76,,,,,,,,,2:17.54,2:03.16,1:59.33,3/2
615,76,2024,5,11,短水路,チーム,17,4×50mメドレーリレー,女子,160～199歳,165,2:35.93,,4,,1,宮林佑妃,,長津田,16.51,,,,,,,,,2:17.54,2:03.16,1:59.33,3/2
616,76,2024,5,11,短水路,チーム,17,4×50mメドレーリレー,女子,160～199歳,169,2:42.98,,1,,2,草野茜,,二俣川,21.05,,,,,,,,,2:17.54,2:03.16,1:59.33,2/5
617,76,2024,5,11,短水路,チーム,17,4×50mメドレーリレー,女子,160～199歳,169,2:42.98,,2,,2,深堀陽子,,二俣川,19.50,,,,,,,,,2:17.54,2:03.16,1:59.33,2/5
618,76,2024,5,11,短水路,チーム,17,4×50mメドレーリレー,女子,160～199歳,169,2:42.98,,3,,2,吉池奈々,,二俣川,20.07,,,,,,,,,2:17.54,2:03.16,1:59.33,2/5
619,76,2024,5,11,短水路,チーム,17,4×50mメドレーリレー,女子,160～199歳,169,2:42.98,,4,,2,前田由希映,,二俣川,17.69,,,,,,,,,2:17.54,2:03.16,1:59.33,2/5
620,76,2024,5,11,短水路,チーム,17,4×50mメドレーリレー,女子,160～199歳,192,2:51.14,,1,,3,宮本八重,,慶應日吉,18.28,,,,,,,,,2:17.54,2:03.16,1:59.33,2/7
621,76,2024,5,11,短水路,チーム,17,4×50mメドレーリレー,女子,160～199歳,192,2:51.14,,2,,3,RacaruGabriela,,慶應日吉,22.55,,,,,,,,,2:17.54,2:03.16,1:59.33,2/7
622,76,2024,5,11,短水路,チーム,17,4×50mメドレーリレー,女子,160～199歳,192,2:51.14,,3,,3,森谷登志江,,慶應日吉,21.54,,,,,,,,,2:17.54,2:03.16,1:59.33,2/7
623,76,2024,5,11,短水路,チーム,17,4×50mメドレーリレー,女子,160～199歳,192,2:51.14,,4,,3,福本麻美,,慶應日吉,18.42,,,,,,,,,2:17.54,2:03.16,1:59.33,2/7
624,76,2024,5,11,短水路,チーム,17,4×50mメドレーリレー,女子,120～159歳,124,2:12.93,,1,,1,君島凜香,,おおたか,15.10,,,,,,,,TRUE,2:14.40,1:54.21,1:54.21,3/4
625,76,2024,5,11,短水路,チーム,17,4×50mメドレーリレー,女子,120～159歳,124,2:12.93,,2,,1,中村可奈子,,おおたか,18.48,,,,,,,,TRUE,2:14.40,1:54.21,1:54.21,3/4
626,76,2024,5,11,短水路,チーム,17,4×50mメドレーリレー,女子,120～159歳,124,2:12.93,,3,,1,稲垣優里奈,,おおたか,14.37,,,,,,,,TRUE,2:14.40,1:54.21,1:54.21,3/4
627,76,2024,5,11,短水路,チーム,17,4×50mメドレーリレー,女子,120～159歳,124,2:12.93,,4,,1,嶋田菜々子,,おおたか,14.59,,,,,,,,TRUE,2:14.40,1:54.21,1:54.21,3/4
628,76,2024,5,11,短水路,チーム,17,4×50mメドレーリレー,女子,120～159歳,151,2:20.98,,1,,2,仲田笑美,,成城,16.56,,,,,,,,,2:14.40,1:54.21,1:54.21,3/5
629,76,2024,5,11,短水路,チーム,17,4×50mメドレーリレー,女子,120～159歳,151,2:20.98,,2,,2,佐藤洋子,,成城,20.30,,,,,,,,,2:14.40,1:54.21,1:54.21,3/5
630,76,2024,5,11,短水路,チーム,17,4×50mメドレーリレー,女子,120～159歳,151,2:20.98,,3,,2,広瀬幸音,,成城,14.73,,,,,,,,,2:14.40,1:54.21,1:54.21,3/5
631,76,2024,5,11,短水路,チーム,17,4×50mメドレーリレー,女子,120～159歳,151,2:20.98,,4,,2,佐々木彩,,成城,15.17,,,,,,,,,2:14.40,1:54.21,1:54.21,3/5
632,76,2024,5,11,短水路,チーム,17,4×50mメドレーリレー,女子,120～159歳,148,2:21.94,,1,,3,大藪幾美,,阿佐谷,16.66,,,,,,,,,2:14.40,1:54.21,1:54.21,3/6
633,76,2024,5,11,短水路,チーム,17,4×50mメドレーリレー,女子,120～159歳,148,2:21.94,,2,,3,三宅信花,,阿佐谷,17.94,,,,,,,,,2:14.40,1:54.21,1:54.21,3/6
634,76,2024,5,11,短水路,チーム,17,4×50mメドレーリレー,女子,120～159歳,148,2:21.94,,3,,3,今井恵子,,阿佐谷,15.22,,,,,,,,,2:14.40,1:54.21,1:54.21,3/6
635,76,2024,5,11,短水路,チーム,17,4×50mメドレーリレー,女子,120～159歳,148,2:21.94,,4,,3,小野真佐子,,阿佐谷,16.00,,,,,,,,,2:14.40,1:54.21,1:54.21,3/6
636,76,2024,5,11,短水路,チーム,17,4×50mメドレーリレー,女子,72～119歳,103,2:20.94,,1,,1,表侑寿,,二俣川,15.89,,,,,,,,,2:16.70,,1:54.05,3/3
637,76,2024,5,11,短水路,チーム,17,4×50mメドレーリレー,女子,72～119歳,103,2:20.94,,2,,1,松本彩花,,二俣川,21.07,,,,,,,,,2:16.70,,1:54.05,3/3
638,76,2024,5,11,短水路,チーム,17,4×50mメドレーリレー,女子,72～119歳,103,2:20.94,,3,,1,志賀菜々美,,二俣川,14.55,,,,,,,,,2:16.70,,1:54.05,3/3
639,76,2024,5,11,短水路,チーム,17,4×50mメドレーリレー,女子,72～119歳,103,2:20.94,,4,,1,長瀬涼佳,,二俣川,14.94,,,,,,,,,2:16.70,,1:54.05,3/3
640,76,2024,5,11,短水路,チーム,18,4×50mメドレーリレー,男子,240～279歳,240,2:19.77,,1,,1,宮川則仁,,大宮宮原,18.48,,,,,,,,,1:56.54,1:56.54,1:54.15,1/3
641,76,2024,5,11,短水路,チーム,18,4×50mメドレーリレー,男子,240～279歳,240,2:19.77,,2,,1,松田賢治,,大宮宮原,18.31,,,,,,,,,1:56.54,1:56.54,1:54.15,1/3
642,76,2024,5,11,短水路,チーム,18,4×50mメドレーリレー,男子,240～279歳,240,2:19.77,,3,,1,阿部憲一,,大宮宮原,13.59,,,,,,,,,1:56.54,1:56.54,1:54.15,1/3
643,76,2024,5,11,短水路,チーム,18,4×50mメドレーリレー,男子,240～279歳,240,2:19.77,,4,,1,畠山勝実,,大宮宮原,15.44,,,,,,,,,1:56.54,1:56.54,1:54.15,1/3
644,76,2024,5,11,短水路,チーム,18,4×50mメドレーリレー,男子,240～279歳,240,2:20.19,,1,,2,下家成人,,二俣川,17.10,,,,,,,,,1:56.54,1:56.54,1:54.15,1/5
645,76,2024,5,11,短水路,チーム,18,4×50mメドレーリレー,男子,240～279歳,240,2:20.19,,2,,2,若島健二,,二俣川,20.62,,,,,,,,,1:56.54,1:56.54,1:54.15,1/5
646,76,2024,5,11,短水路,チーム,18,4×50mメドレーリレー,男子,240～279歳,240,2:20.19,,3,,2,大村俊文,,二俣川,13.05,,,,,,,,,1:56.54,1:56.54,1:54.15,1/5
647,76,2024,5,11,短水路,チーム,18,4×50mメドレーリレー,男子,240～279歳,240,2:20.19,,4,,2,冨松実,,二俣川,16.11,,,,,,,,,1:56.54,1:56.54,1:54.15,1/5
648,76,2024,5,11,短水路,チーム,18,4×50mメドレーリレー,男子,240～279歳,252,2:34.21,,1,,3,大津信弘,,越谷,19.85,,,,,,,,,1:56.54,1:56.54,1:54.15,1/7
649,76,2024,5,11,短水路,チーム,18,4×50mメドレーリレー,男子,240～279歳,252,2:34.21,,2,,3,中村幸弘,,越谷,18.25,,,,,,,,,1:56.54,1:56.54,1:54.15,1/7
650,76,2024,5,11,短水路,チーム,18,4×50mメドレーリレー,男子,240～279歳,252,2:34.21,,3,,3,岡田能行,,越谷,16.16,,,,,,,,,1:56.54,1:56.54,1:54.15,1/7
651,76,2024,5,11,短水路,チーム,18,4×50mメドレーリレー,男子,240～279歳,252,2:34.21,,4,,3,今修二,,越谷,18.13,,,,,,,,,1:56.54,1:56.54,1:54.15,1/7
652,76,2024,5,11,短水路,チーム,18,4×50mメドレーリレー,男子,240～279歳,262,2:35.30,,1,,4,吉田亮,,成城,20.94,,,,,,,,,1:56.54,1:56.54,1:54.15,2/3
653,76,2024,5,11,短水路,チーム,18,4×50mメドレーリレー,男子,240～279歳,262,2:35.30,,2,,4,中井岳郎,,成城,22.23,,,,,,,,,1:56.54,1:56.54,1:54.15,2/3
654,76,2024,5,11,短水路,チーム,18,4×50mメドレーリレー,男子,240～279歳,262,2:35.30,,3,,4,井口暢彦,,成城,12.93,,,,,,,,,1:56.54,1:56.54,1:54.15,2/3
655,76,2024,5,11,短水路,チーム,18,4×50mメドレーリレー,男子,240～279歳,262,2:35.30,,4,,4,若宮強,,成城,17.23,,,,,,,,,1:56.54,1:56.54,1:54.15,2/3
656,76,2024,5,11,短水路,チーム,18,4×50mメドレーリレー,男子,240～279歳,252,2:38.23,,1,,5,西森文史郎,,長津田,21.85,,,,,,,,,1:56.54,1:56.54,1:54.15,1/2
657,76,2024,5,11,短水路,チーム,18,4×50mメドレーリレー,男子,240～279歳,252,2:38.23,,2,,5,池谷千尋,,長津田,17.17,,,,,,,,,1:56.54,1:56.54,1:54.15,1/2
658,76,2024,5,11,短水路,チーム,18,4×50mメドレーリレー,男子,240～279歳,252,2:38.23,,3,,5,飯沼明,,長津田,19.78,,,,,,,,,1:56.54,1:56.54,1:54.15,1/2
659,76,2024,5,11,短水路,チーム,18,4×50mメドレーリレー,男子,240～279歳,252,2:38.23,,4,,5,金子謙一,,長津田,15.29,,,,,,,,,1:56.54,1:56.54,1:54.15,1/2
660,76,2024,5,11,短水路,チーム,18,4×50mメドレーリレー,男子,240～279歳,266,2:50.08,,1,,6,吉村進,,阿佐谷,21.69,,,,,,,,,1:56.54,1:56.54,1:54.15,1/8
661,76,2024,5,11,短水路,チーム,18,4×50mメドレーリレー,男子,240～279歳,266,2:50.08,,2,,6,宇佐美栄二,,阿佐谷,23.00,,,,,,,,,1:56.54,1:56.54,1:54.15,1/8
662,76,2024,5,11,短水路,チーム,18,4×50mメドレーリレー,男子,240～279歳,266,2:50.08,,3,,6,大川明徳,,阿佐谷,17.14,,,,,,,,,1:56.54,1:56.54,1:54.15,1/8
663,76,2024,5,11,短水路,チーム,18,4×50mメドレーリレー,男子,240～279歳,266,2:50.08,,4,,6,折居彰,,阿佐谷,18.83,,,,,,,,,1:56.54,1:56.54,1:54.15,1/8
664,76,2024,5,11,短水路,チーム,18,4×50mメドレーリレー,男子,200～239歳,215,1:59.38,,1,,1,山岡拓馬,,清瀬,13.51,,,,,,,,,1:52.43,1:48.40,1:48.40,3/1
665,76,2024,5,11,短水路,チーム,18,4×50mメドレーリレー,男子,200～239歳,215,1:59.38,,2,,1,小倉和彦,,清瀬,14.59,,,,,,,,,1:52.43,1:48.40,1:48.40,3/1
666,76,2024,5,11,短水路,チーム,18,4×50mメドレーリレー,男子,200～239歳,215,1:59.38,,3,,1,村野雄太,,清瀬,14.28,,,,,,,,,1:52.43,1:48.40,1:48.40,3/1
667,76,2024,5,11,短水路,チーム,18,4×50mメドレーリレー,男子,200～239歳,215,1:59.38,,4,,1,小倉秀和,,清瀬,13.91,,,,,,,,,1:52.43,1:48.40,1:48.40,3/1
668,76,2024,5,11,短水路,チーム,18,4×50mメドレーリレー,男子,200～239歳,201,2:10.20,,1,,2,町田克浩,,大森,18.41,,,,,,,,,1:52.43,1:48.40,1:48.40,2/1
669,76,2024,5,11,短水路,チーム,18,4×50mメドレーリレー,男子,200～239歳,201,2:10.20,,2,,2,北村洋一,,大森,18.92,,,,,,,,,1:52.43,1:48.40,1:48.40,2/1
670,76,2024,5,11,短水路,チーム,18,4×50mメドレーリレー,男子,200～239歳,201,2:10.20,,3,,2,島脇晃也,,大森,12.55,,,,,,,,,1:52.43,1:48.40,1:48.40,2/1
671,76,2024,5,11,短水路,チーム,18,4×50mメドレーリレー,男子,200～239歳,201,2:10.20,,4,,2,野村峰生,,大森,13.10,,,,,,,,,1:52.43,1:48.40,1:48.40,2/1
672,76,2024,5,11,短水路,チーム,18,4×50mメドレーリレー,男子,200～239歳,200,2:12.45,,1,,3,中村正明,,阿佐谷,14.81,,,,,,,,,1:52.43,1:48.40,1:48.40,2/2
673,76,2024,5,11,短水路,チーム,18,4×50mメドレーリレー,男子,200～239歳,200,2:12.45,,2,,3,北川貴義,,阿佐谷,16.44,,,,,,,,,1:52.43,1:48.40,1:48.40,2/2
674,76,2024,5,11,短水路,チーム,18,4×50mメドレーリレー,男子,200～239歳,200,2:12.45,,3,,3,久保田勝己,,阿佐谷,17.10,,,,,,,,,1:52.43,1:48.40,1:48.40,2/2
675,76,2024,5,11,短水路,チーム,18,4×50mメドレーリレー,男子,200～239歳,200,2:12.45,,4,,3,若杉佳宏,,阿佐谷,14.02,,,,,,,,,1:52.43,1:48.40,1:48.40,2/2
676,76,2024,5,11,短水路,チーム,18,4×50mメドレーリレー,男子,200～239歳,206,2:16.49,,1,,4,水谷博之,,長津田,20.09,,,,,,,,,1:52.43,1:48.40,1:48.40,2/6
677,76,2024,5,11,短水路,チーム,18,4×50mメドレーリレー,男子,200～239歳,206,2:16.49,,2,,4,竹下翔,,長津田,15.92,,,,,,,,,1:52.43,1:48.40,1:48.40,2/6
678,76,2024,5,11,短水路,チーム,18,4×50mメドレーリレー,男子,200～239歳,206,2:16.49,,3,,4,矢部裕之,,長津田,14.38,,,,,,,,,1:52.43,1:48.40,1:48.40,2/6
679,76,2024,5,11,短水路,チーム,18,4×50mメドレーリレー,男子,200～239歳,206,2:16.49,,4,,4,藤本豊和,,長津田,13.37,,,,,,,,,1:52.43,1:48.40,1:48.40,2/6
680,76,2024,5,11,短水路,チーム,18,4×50mメドレーリレー,男子,200～239歳,203,2:30.55,,1,,5,齊藤仁,,茂原,18.91,,,,,,,,,1:52.43,1:48.40,1:48.40,1/1
681,76,2024,5,11,短水路,チーム,18,4×50mメドレーリレー,男子,200～239歳,203,2:30.55,,2,,5,稲垣浩,,茂原,20.49,,,,,,,,,1:52.43,1:48.40,1:48.40,1/1
682,76,2024,5,11,短水路,チーム,18,4×50mメドレーリレー,男子,200～239歳,203,2:30.55,,3,,5,阪田高士,,茂原,13.90,,,,,,,,,1:52.43,1:48.40,1:48.40,1/1
683,76,2024,5,11,短水路,チーム,18,4×50mメドレーリレー,男子,200～239歳,203,2:30.55,,4,,5,山本和巳,,茂原,18.88,,,,,,,,,1:52.43,1:48.40,1:48.40,1/1
684,76,2024,5,11,短水路,チーム,18,4×50mメドレーリレー,男子,160～199歳,161,1:56.95,,1,,1,棚網宏之,,阿佐谷,14.94,,,,,,,,,1:48.85,1:42.90,1:42.90,3/4
685,76,2024,5,11,短水路,チーム,18,4×50mメドレーリレー,男子,160～199歳,161,1:56.95,,2,,1,佐野充,,阿佐谷,14.75,,,,,,,,,1:48.85,1:42.90,1:42.90,3/4
686,76,2024,5,11,短水路,チーム,18,4×50mメドレーリレー,男子,160～199歳,161,1:56.95,,3,,1,椎本恭平,,阿佐谷,12.66,,,,,,,,,1:48.85,1:42.90,1:42.90,3/4
687,76,2024,5,11,短水路,チーム,18,4×50mメドレーリレー,男子,160～199歳,161,1:56.95,,4,,1,山賀竜馬,,阿佐谷,12.17,,,,,,,,,1:48.85,1:42.90,1:42.90,3/4
688,76,2024,5,11,短水路,チーム,18,4×50mメドレーリレー,男子,160～199歳,162,2:05.20,,1,,2,矢作歩,,長津田,17.13,,,,,,,,,1:48.85,1:42.90,1:42.90,3/8
689,76,2024,5,11,短水路,チーム,18,4×50mメドレーリレー,男子,160～199歳,162,2:05.20,,2,,2,岡村勝重,,長津田,14.77,,,,,,,,,1:48.85,1:42.90,1:42.90,3/8
690,76,2024,5,11,短水路,チーム,18,4×50mメドレーリレー,男子,160～199歳,162,2:05.20,,3,,2,村田雅治,,長津田,13.02,,,,,,,,,1:48.85,1:42.90,1:42.90,3/8
691,76,2024,5,11,短水路,チーム,18,4×50mメドレーリレー,男子,160～199歳,162,2:05.20,,4,,2,花井一也,,長津田,12.62,,,,,,,,,1:48.85,1:42.90,1:42.90,3/8
692,76,2024,5,11,短水路,チーム,18,4×50mメドレーリレー,男子,160～199歳,163,2:06.41,,1,,3,羽田浩一,,成城,17.16,,,,,,,,,1:48.85,1:42.90,1:42.90,3/7
693,76,2024,5,11,短水路,チーム,18,4×50mメドレーリレー,男子,160～199歳,163,2:06.41,,2,,3,石井龍,,成城,16.58,,,,,,,,,1:48.85,1:42.90,1:42.90,3/7
694,76,2024,5,11,短水路,チーム,18,4×50mメドレーリレー,男子,160～199歳,163,2:06.41,,3,,3,中西剛,,成城,13.34,,,,,,,,,1:48.85,1:42.90,1:42.90,3/7
695,76,2024,5,11,短水路,チーム,18,4×50mメドレーリレー,男子,160～199歳,163,2:06.41,,4,,3,高梨大樹,,成城,12.91,,,,,,,,,1:48.85,1:42.90,1:42.90,3/7
696,76,2024,5,11,短水路,チーム,18,4×50mメドレーリレー,男子,160～199歳,185,2:06.65,,1,,4,河野悟,,慶應日吉,15.60,,,,,,,,,1:48.85,1:42.90,1:42.90,2/5
697,76,2024,5,11,短水路,チーム,18,4×50mメドレーリレー,男子,160～199歳,185,2:06.65,,2,,4,勝吉進一,,慶應日吉,15.55,,,,,,,,,1:48.85,1:42.90,1:42.90,2/5
698,76,2024,5,11,短水路,チーム,18,4×50mメドレーリレー,男子,160～199歳,185,2:06.65,,3,,4,根本隆利,,慶應日吉,13.86,,,,,,,,,1:48.85,1:42.90,1:42.90,2/5
699,76,2024,5,11,短水路,チーム,18,4×50mメドレーリレー,男子,160～199歳,185,2:06.65,,4,,4,松崎敏明,,慶應日吉,14.41,,,,,,,,,1:48.85,1:42.90,1:42.90,2/5
700,76,2024,5,11,短水路,チーム,18,4×50mメドレーリレー,男子,160～199歳,171,2:09.71,,1,,5,川瀬健次,,大宮宮原,15.66,,,,,,,,,1:48.85,1:42.90,1:42.90,2/7
701,76,2024,5,11,短水路,チーム,18,4×50mメドレーリレー,男子,160～199歳,171,2:09.71,,2,,5,岡内昭伍,,大宮宮原,14.14,,,,,,,,,1:48.85,1:42.90,1:42.90,2/7
702,76,2024,5,11,短水路,チーム,18,4×50mメドレーリレー,男子,160～199歳,171,2:09.71,,3,,5,清田真人,,大宮宮原,16.21,,,,,,,,,1:48.85,1:42.90,1:42.90,2/7
703,76,2024,5,11,短水路,チーム,18,4×50mメドレーリレー,男子,160～199歳,171,2:09.71,,4,,5,山本英男,,大宮宮原,14.68,,,,,,,,,1:48.85,1:42.90,1:42.90,2/7
704,76,2024,5,11,短水路,チーム,18,4×50mメドレーリレー,男子,160～199歳,180,2:10.74,,1,,6,新福留広貴,,二俣川,17.59,,,,,,,,,1:48.85,1:42.90,1:42.90,2/4
705,76,2024,5,11,短水路,チーム,18,4×50mメドレーリレー,男子,160～199歳,180,2:10.74,,2,,6,石上智啓,,二俣川,16.89,,,,,,,,,1:48.85,1:42.90,1:42.90,2/4
706,76,2024,5,11,短水路,チーム,18,4×50mメドレーリレー,男子,160～199歳,180,2:10.74,,3,,6,永瀬知之,,二俣川,13.26,,,,,,,,,1:48.85,1:42.90,1:42.90,2/4
707,76,2024,5,11,短水路,チーム,18,4×50mメドレーリレー,男子,160～199歳,180,2:10.74,,4,,6,堀川広祐,,二俣川,14.12,,,,,,,,,1:48.85,1:42.90,1:42.90,2/4
708,76,2024,5,11,短水路,チーム,18,4×50mメドレーリレー,男子,160～199歳,185,2:13.12,,1,,7,小室秀幸,,八王子,16.22,,,,,,,,,1:48.85,1:42.90,1:42.90,1/6
709,76,2024,5,11,短水路,チーム,18,4×50mメドレーリレー,男子,160～199歳,185,2:13.12,,2,,7,高田義久,,八王子,17.36,,,,,,,,,1:48.85,1:42.90,1:42.90,1/6
710,76,2024,5,11,短水路,チーム,18,4×50mメドレーリレー,男子,160～199歳,185,2:13.12,,3,,7,伊藤孝優,,八王子,12.58,,,,,,,,,1:48.85,1:42.90,1:42.90,1/6
711,76,2024,5,11,短水路,チーム,18,4×50mメドレーリレー,男子,160～199歳,185,2:13.12,,4,,7,鈴木直哉,,八王子,15.98,,,,,,,,,1:48.85,1:42.90,1:42.90,1/6
712,76,2024,5,11,短水路,チーム,18,4×50mメドレーリレー,男子,120～159歳,124,1:53.01,,1,,1,志田公輝,,阿佐谷,13.31,,,,,,,,,1:49.82,1:38.43,1:38.46,3/5
713,76,2024,5,11,短水路,チーム,18,4×50mメドレーリレー,男子,120～159歳,124,1:53.01,,2,,1,和田弘太郎,,阿佐谷,13.46,,,,,,,,,1:49.82,1:38.43,1:38.46,3/5
714,76,2024,5,11,短水路,チーム,18,4×50mメドレーリレー,男子,120～159歳,124,1:53.01,,3,,1,荒井啓汰,,阿佐谷,13.33,,,,,,,,,1:49.82,1:38.43,1:38.46,3/5
715,76,2024,5,11,短水路,チーム,18,4×50mメドレーリレー,男子,120～159歳,124,1:53.01,,4,,1,和田亮,,阿佐谷,13.39,,,,,,,,,1:49.82,1:38.43,1:38.46,3/5
716,76,2024,5,11,短水路,チーム,18,4×50mメドレーリレー,男子,120～159歳,136,1:55.35,,1,,2,杉山大亜,,二俣川,15.49,,,,,,,,,1:49.82,1:38.43,1:38.46,3/3
717,76,2024,5,11,短水路,チーム,18,4×50mメドレーリレー,男子,120～159歳,136,1:55.35,,2,,2,鶴谷学,,二俣川,13.64,,,,,,,,,1:49.82,1:38.43,1:38.46,3/3
718,76,2024,5,11,短水路,チーム,18,4×50mメドレーリレー,男子,120～159歳,136,1:55.35,,3,,2,秋澤裕介,,二俣川,12.51,,,,,,,,,1:49.82,1:38.43,1:38.46,3/3
719,76,2024,5,11,短水路,チーム,18,4×50mメドレーリレー,男子,120～159歳,136,1:55.35,,4,,2,前田崇行,,二俣川,12.24,,,,,,,,,1:49.82,1:38.43,1:38.46,3/3
720,76,2024,5,11,短水路,チーム,18,4×50mメドレーリレー,男子,120～159歳,134,1:59.51,,1,,3,室坂拓真,,用賀,14.69,,,,,,,,,1:49.82,1:38.43,1:38.46,3/2
721,76,2024,5,11,短水路,チーム,18,4×50mメドレーリレー,男子,120～159歳,134,1:59.51,,2,,3,小方聡,,用賀,13.82,,,,,,,,,1:49.82,1:38.43,1:38.46,3/2
722,76,2024,5,11,短水路,チーム,18,4×50mメドレーリレー,男子,120～159歳,134,1:59.51,,3,,3,柄澤英也,,用賀,14.60,,,,,,,,,1:49.82,1:38.43,1:38.46,3/2
723,76,2024,5,11,短水路,チーム,18,4×50mメドレーリレー,男子,120～159歳,134,1:59.51,,4,,3,青木海斗,,用賀,12.60,,,,,,,,,1:49.82,1:38.43,1:38.46,3/2
724,76,2024,5,11,短水路,チーム,18,4×50mメドレーリレー,男子,120～159歳,159,2:16.65,,1,,4,倉持公一,,天王洲,20.13,,,,,,,,,1:49.82,1:38.43,1:38.46,1/4
725,76,2024,5,11,短水路,チーム,18,4×50mメドレーリレー,男子,120～159歳,159,2:16.65,,2,,4,千葉忠英,,天王洲,18.63,,,,,,,,,1:49.82,1:38.43,1:38.46,1/4
726,76,2024,5,11,短水路,チーム,18,4×50mメドレーリレー,男子,120～159歳,159,2:16.65,,3,,4,小野健,,天王洲,12.57,,,,,,,,,1:49.82,1:38.43,1:38.46,1/4
727,76,2024,5,11,短水路,チーム,18,4×50mメドレーリレー,男子,120～159歳,159,2:16.65,,4,,4,寺田遼太,,天王洲,14.11,,,,,,,,,1:49.82,1:38.43,1:38.46,1/4
728,76,2024,5,11,短水路,チーム,18,4×50mメドレーリレー,男子,120～159歳,149,2:27.71,,1,,5,海老原健太,,大森,20.31,,,,,,,,,1:49.82,1:38.43,1:38.46,2/8
729,76,2024,5,11,短水路,チーム,18,4×50mメドレーリレー,男子,120～159歳,149,2:27.71,,2,,5,宇佐美学,,大森,19.89,,,,,,,,,1:49.82,1:38.43,1:38.46,2/8
730,76,2024,5,11,短水路,チーム,18,4×50mメドレーリレー,男子,120～159歳,149,2:27.71,,3,,5,渡部慎也,,大森,14.24,,,,,,,,,1:49.82,1:38.43,1:38.46,2/8
731,76,2024,5,11,短水路,チーム,18,4×50mメドレーリレー,男子,120～159歳,149,2:27.71,,4,,5,松井哲郎,,大森,15.92,,,,,,,,,1:49.82,1:38.43,1:38.46,2/8
732,76,2024,5,11,短水路,チーム,18,4×50mメドレーリレー,男子,72～119歳,93,2:03.09,,1,,1,田中啓二朗,,二俣川,14.88,,,,,,,,,1:44.49,1:40.22,1:38.97,3/6
733,76,2024,5,11,短水路,チーム,18,4×50mメドレーリレー,男子,72～119歳,93,2:03.09,,2,,1,田中壮一郎,,二俣川,14.71,,,,,,,,,1:44.49,1:40.22,1:38.97,3/6
734,76,2024,5,11,短水路,チーム,18,4×50mメドレーリレー,男子,72～119歳,93,2:03.09,,3,,1,山﨑陸真,,二俣川,13.20,,,,,,,,,1:44.49,1:40.22,1:38.97,3/6
735,76,2024,5,11,短水路,チーム,18,4×50mメドレーリレー,男子,72～119歳,93,2:03.09,,4,,1,和田佳明,,二俣川,15.61,,,,,,,,,1:44.49,1:40.22,1:38.97,3/6
736,76,2024,5,11,短水路,チーム,19,4×50mフリーリレー,女子,320～359歳,324,3:45.53,,1,,1,平田美佐子,,天王洲,27.57,,,,,,,,,:,2:55.60,2:55.60,1/1
737,76,2024,5,11,短水路,チーム,19,4×50mフリーリレー,女子,320～359歳,324,3:45.53,,2,,1,川端淑子,,天王洲,27.42,,,,,,,,,:,2:55.60,2:55.60,1/1
738,76,2024,5,11,短水路,チーム,19,4×50mフリーリレー,女子,320～359歳,324,3:45.53,,3,,1,長谷川節子,,天王洲,25.50,,,,,,,,,:,2:55.60,2:55.60,1/1
739,76,2024,5,11,短水路,チーム,19,4×50mフリーリレー,女子,320～359歳,324,3:45.53,,4,,1,熊谷一枝,,天王洲,26.75,,,,,,,,,:,2:55.60,2:55.60,1/1
740,76,2024,5,11,短水路,チーム,19,4×50mフリーリレー,女子,280～319歳,283,2:54.04,,1,,1,梅田栄己子,,天王洲,19.61,,,,,,,,,2:39.44,2:25.91,2:14.25,1/7
741,76,2024,5,11,短水路,チーム,19,4×50mフリーリレー,女子,280～319歳,283,2:54.04,,2,,1,鬼束洋子,,天王洲,22.40,,,,,,,,,2:39.44,2:25.91,2:14.25,1/7
742,76,2024,5,11,短水路,チーム,19,4×50mフリーリレー,女子,280～319歳,283,2:54.04,,3,,1,後藤明美,,天王洲,21.30,,,,,,,,,2:39.44,2:25.91,2:14.25,1/7
743,76,2024,5,11,短水路,チーム,19,4×50mフリーリレー,女子,280～319歳,283,2:54.04,,4,,1,浅野みどり,,天王洲,19.19,,,,,,,,,2:39.44,2:25.91,2:14.25,1/7
744,76,2024,5,11,短水路,チーム,19,4×50mフリーリレー,女子,280～319歳,291,2:58.61,,1,,2,市野克子,,大森,21.72,,,,,,,,,2:39.44,2:25.91,2:14.25,2/1
745,76,2024,5,11,短水路,チーム,19,4×50mフリーリレー,女子,280～319歳,291,2:58.61,,2,,2,藤井一恵,,大森,23.51,,,,,,,,,2:39.44,2:25.91,2:14.25,2/1
746,76,2024,5,11,短水路,チーム,19,4×50mフリーリレー,女子,280～319歳,291,2:58.61,,3,,2,室谷晴江,,大森,21.28,,,,,,,,,2:39.44,2:25.91,2:14.25,2/1
747,76,2024,5,11,短水路,チーム,19,4×50mフリーリレー,女子,280～319歳,291,2:58.61,,4,,2,井上美佐子,,大森,19.41,,,,,,,,,2:39.44,2:25.91,2:14.25,2/1
748,76,2024,5,11,短水路,チーム,19,4×50mフリーリレー,女子,280～319歳,284,3:03.34,,1,,3,馬場悦子,,清瀬,24.21,,,,,,,,,2:39.44,2:25.91,2:14.25,1/2
749,76,2024,5,11,短水路,チーム,19,4×50mフリーリレー,女子,280～319歳,284,3:03.34,,2,,3,鶴本年子,,清瀬,20.97,,,,,,,,,2:39.44,2:25.91,2:14.25,1/2
750,76,2024,5,11,短水路,チーム,19,4×50mフリーリレー,女子,280～319歳,284,3:03.34,,3,,3,菊地枝美子,,清瀬,24.90,,,,,,,,,2:39.44,2:25.91,2:14.25,1/2
751,76,2024,5,11,短水路,チーム,19,4×50mフリーリレー,女子,280～319歳,284,3:03.34,,4,,3,大槻真由美,,清瀬,17.87,,,,,,,,,2:39.44,2:25.91,2:14.25,1/2
752,76,2024,5,11,短水路,チーム,19,4×50mフリーリレー,女子,240～279歳,245,2:32.56,,1,,1,武井麻知子,,二俣川,18.15,,,,,,,,,2:21.86,2:06.13,2:02.15,2/3
753,76,2024,5,11,短水路,チーム,19,4×50mフリーリレー,女子,240～279歳,245,2:32.56,,2,,1,盛田真規子,,二俣川,19.43,,,,,,,,,2:21.86,2:06.13,2:02.15,2/3
754,76,2024,5,11,短水路,チーム,19,4×50mフリーリレー,女子,240～279歳,245,2:32.56,,3,,1,野島久枝,,二俣川,18.49,,,,,,,,,2:21.86,2:06.13,2:02.15,2/3
755,76,2024,5,11,短水路,チーム,19,4×50mフリーリレー,女子,240～279歳,245,2:32.56,,4,,1,上野真弓,,二俣川,17.45,,,,,,,,,2:21.86,2:06.13,2:02.15,2/3
756,76,2024,5,11,短水路,チーム,19,4×50mフリーリレー,女子,240～279歳,254,2:39.24,,1,,2,鶴岡美佐,,金沢八景,17.44,,,,,,,,,2:21.86,2:06.13,2:02.15,1/4
757,76,2024,5,11,短水路,チーム,19,4×50mフリーリレー,女子,240～279歳,254,2:39.24,,2,,2,高梨佳代子,,金沢八景,21.53,,,,,,,,,2:21.86,2:06.13,2:02.15,1/4
758,76,2024,5,11,短水路,チーム,19,4×50mフリーリレー,女子,240～279歳,254,2:39.24,,3,,2,座間千鶴子,,金沢八景,19.74,,,,,,,,,2:21.86,2:06.13,2:02.15,1/4
759,76,2024,5,11,短水路,チーム,19,4×50mフリーリレー,女子,240～279歳,254,2:39.24,,4,,2,野村洋子,,金沢八景,17.60,,,,,,,,,2:21.86,2:06.13,2:02.15,1/4
760,76,2024,5,11,短水路,チーム,19,4×50mフリーリレー,女子,240～279歳,243,2:40.58,,1,,3,五十嵐知佐,,おおたか,17.63,,,,,,,,,2:21.86,2:06.13,2:02.15,1/6
761,76,2024,5,11,短水路,チーム,19,4×50mフリーリレー,女子,240～279歳,243,2:40.58,,2,,3,育村博子,,おおたか,23.22,,,,,,,,,2:21.86,2:06.13,2:02.15,1/6
762,76,2024,5,11,短水路,チーム,19,4×50mフリーリレー,女子,240～279歳,243,2:40.58,,3,,3,倉林明子,,おおたか,18.69,,,,,,,,,2:21.86,2:06.13,2:02.15,1/6
763,76,2024,5,11,短水路,チーム,19,4×50mフリーリレー,女子,240～279歳,243,2:40.58,,4,,3,野崎由美子,,おおたか,19.43,,,,,,,,,2:21.86,2:06.13,2:02.15,1/6
764,76,2024,5,11,短水路,チーム,19,4×50mフリーリレー,女子,240～279歳,251,2:50.88,,1,,4,松田聡美,,成城,19.70,,,,,,,,,2:21.86,2:06.13,2:02.15,2/2
765,76,2024,5,11,短水路,チーム,19,4×50mフリーリレー,女子,240～279歳,251,2:50.88,,2,,4,草森理子,,成城,19.94,,,,,,,,,2:21.86,2:06.13,2:02.15,2/2
766,76,2024,5,11,短水路,チーム,19,4×50mフリーリレー,女子,240～279歳,251,2:50.88,,3,,4,柳沢智子,,成城,20.92,,,,,,,,,2:21.86,2:06.13,2:02.15,2/2
767,76,2024,5,11,短水路,チーム,19,4×50mフリーリレー,女子,240～279歳,251,2:50.88,,4,,4,伊藤ゆかり,,成城,18.48,,,,,,,,,2:21.86,2:06.13,2:02.15,2/2
768,76,2024,5,11,短水路,チーム,19,4×50mフリーリレー,女子,240～279歳,254,2:53.67,,1,,5,杉本浩美,,南千住,15.26,,,,,,,,,2:21.86,2:06.13,2:02.15,2/8
769,76,2024,5,11,短水路,チーム,19,4×50mフリーリレー,女子,240～279歳,254,2:53.67,,2,,5,石崎節代,,南千住,20.50,,,,,,,,,2:21.86,2:06.13,2:02.15,2/8
770,76,2024,5,11,短水路,チーム,19,4×50mフリーリレー,女子,240～279歳,254,2:53.67,,3,,5,古宇田淳子,,南千住,21.07,,,,,,,,,2:21.86,2:06.13,2:02.15,2/8
771,76,2024,5,11,短水路,チーム,19,4×50mフリーリレー,女子,240～279歳,254,2:53.67,,4,,5,于亜芝,,南千住,25.32,,,,,,,,,2:21.86,2:06.13,2:02.15,2/8
772,76,2024,5,11,短水路,チーム,19,4×50mフリーリレー,女子,240～279歳,259,3:05.29,,1,,6,近藤みゆき,,阿佐谷,23.72,,,,,,,,,2:21.86,2:06.13,2:02.15,1/3
773,76,2024,5,11,短水路,チーム,19,4×50mフリーリレー,女子,240～279歳,259,3:05.29,,2,,6,三嶋祐子,,阿佐谷,24.64,,,,,,,,,2:21.86,2:06.13,2:02.15,1/3
774,76,2024,5,11,短水路,チーム,19,4×50mフリーリレー,女子,240～279歳,259,3:05.29,,3,,6,大原清美,,阿佐谷,20.04,,,,,,,,,2:21.86,2:06.13,2:02.15,1/3
775,76,2024,5,11,短水路,チーム,19,4×50mフリーリレー,女子,240～279歳,259,3:05.29,,4,,6,宮田ひとみ,,阿佐谷,20.92,,,,,,,,,2:21.86,2:06.13,2:02.15,1/3
776,76,2024,5,11,短水路,チーム,19,4×50mフリーリレー,女子,200～239歳,222,2:23.02,,1,,1,永瀬秀子,,二俣川,15.62,,,,,,,,,2:14.02,1:56.08,1:54.26,3/8
777,76,2024,5,11,短水路,チーム,19,4×50mフリーリレー,女子,200～239歳,222,2:23.02,,2,,1,松川律子,,二俣川,17.56,,,,,,,,,2:14.02,1:56.08,1:54.26,3/8
778,76,2024,5,11,短水路,チーム,19,4×50mフリーリレー,女子,200～239歳,222,2:23.02,,3,,1,前田由希映,,二俣川,17.77,,,,,,,,,2:14.02,1:56.08,1:54.26,3/8
779,76,2024,5,11,短水路,チーム,19,4×50mフリーリレー,女子,200～239歳,222,2:23.02,,4,,1,中野裕子,,二俣川,18.23,,,,,,,,,2:14.02,1:56.08,1:54.26,3/8
780,76,2024,5,11,短水路,チーム,19,4×50mフリーリレー,女子,200～239歳,224,2:24.01,,1,,2,野島正代,,阿佐谷,19.26,,,,,,,,,2:14.02,1:56.08,1:54.26,2/4
781,76,2024,5,11,短水路,チーム,19,4×50mフリーリレー,女子,200～239歳,224,2:24.01,,2,,2,石原なおみ,,阿佐谷,16.71,,,,,,,,,2:14.02,1:56.08,1:54.26,2/4
782,76,2024,5,11,短水路,チーム,19,4×50mフリーリレー,女子,200～239歳,224,2:24.01,,3,,2,棚網恵理,,阿佐谷,16.97,,,,,,,,,2:14.02,1:56.08,1:54.26,2/4
783,76,2024,5,11,短水路,チーム,19,4×50mフリーリレー,女子,200～239歳,224,2:24.01,,4,,2,遠藤真理,,阿佐谷,16.22,,,,,,,,,2:14.02,1:56.08,1:54.26,2/4
784,76,2024,5,11,短水路,チーム,19,4×50mフリーリレー,女子,200～239歳,238,2:24.45,,1,,3,高梨美樹,,成城,18.63,,,,,,,,,2:14.02,1:56.08,1:54.26,3/7
785,76,2024,5,11,短水路,チーム,19,4×50mフリーリレー,女子,200～239歳,238,2:24.45,,2,,3,高柳祐子,,成城,17.18,,,,,,,,,2:14.02,1:56.08,1:54.26,3/7
786,76,2024,5,11,短水路,チーム,19,4×50mフリーリレー,女子,200～239歳,238,2:24.45,,3,,3,佐藤洋子,,成城,16.35,,,,,,,,,2:14.02,1:56.08,1:54.26,3/7
787,76,2024,5,11,短水路,チーム,19,4×50mフリーリレー,女子,200～239歳,238,2:24.45,,4,,3,仲田久美子,,成城,16.35,,,,,,,,,2:14.02,1:56.08,1:54.26,3/7
788,76,2024,5,11,短水路,チーム,19,4×50mフリーリレー,女子,200～239歳,213,2:36.31,,1,,4,若林朋子,,大宮宮原,17.02,,,,,,,,,2:14.02,1:56.08,1:54.26,2/6
789,76,2024,5,11,短水路,チーム,19,4×50mフリーリレー,女子,200～239歳,213,2:36.31,,2,,4,西田三佐子,,大宮宮原,18.73,,,,,,,,,2:14.02,1:56.08,1:54.26,2/6
790,76,2024,5,11,短水路,チーム,19,4×50mフリーリレー,女子,200～239歳,213,2:36.31,,3,,4,山本奈穂美,,大宮宮原,21.40,,,,,,,,,2:14.02,1:56.08,1:54.26,2/6
791,76,2024,5,11,短水路,チーム,19,4×50mフリーリレー,女子,200～239歳,213,2:36.31,,4,,4,市川百合子,,大宮宮原,19.26,,,,,,,,,2:14.02,1:56.08,1:54.26,2/6
792,76,2024,5,11,短水路,チーム,19,4×50mフリーリレー,女子,200～239歳,208,2:42.30,,1,,5,RacaruGabriela,,慶應日吉,19.19,,,,,,,,,2:14.02,1:56.08,1:54.26,1/5
793,76,2024,5,11,短水路,チーム,19,4×50mフリーリレー,女子,200～239歳,208,2:42.30,,2,,5,森谷登志江,,慶應日吉,18.89,,,,,,,,,2:14.02,1:56.08,1:54.26,1/5
794,76,2024,5,11,短水路,チーム,19,4×50mフリーリレー,女子,200～239歳,208,2:42.30,,3,,5,鈴木夏実,,慶應日吉,20.86,,,,,,,,,2:14.02,1:56.08,1:54.26,1/5
795,76,2024,5,11,短水路,チーム,19,4×50mフリーリレー,女子,200～239歳,208,2:42.30,,4,,5,福本麻美,,慶應日吉,18.81,,,,,,,,,2:14.02,1:56.08,1:54.26,1/5
796,76,2024,5,11,短水路,チーム,19,4×50mフリーリレー,女子,200～239歳,208,2:44.31,,1,,6,鈴木知寿子,,大森,18.49,,,,,,,,,2:14.02,1:56.08,1:54.26,2/7
797,76,2024,5,11,短水路,チーム,19,4×50mフリーリレー,女子,200～239歳,208,2:44.31,,2,,6,森信子,,大森,20.51,,,,,,,,,2:14.02,1:56.08,1:54.26,2/7
798,76,2024,5,11,短水路,チーム,19,4×50mフリーリレー,女子,200～239歳,208,2:44.31,,3,,6,小林名緒子,,大森,20.66,,,,,,,,,2:14.02,1:56.08,1:54.26,2/7
799,76,2024,5,11,短水路,チーム,19,4×50mフリーリレー,女子,200～239歳,208,2:44.31,,4,,6,高島典子,,大森,18.20,,,,,,,,,2:14.02,1:56.08,1:54.26,2/7
800,76,2024,5,11,短水路,チーム,19,4×50mフリーリレー,女子,200～239歳,239,3:14.70,,1,,7,奈良佳枝,,蘇我,21.49,,,,,,,,,2:14.02,1:56.08,1:54.26,1/8
801,76,2024,5,11,短水路,チーム,19,4×50mフリーリレー,女子,200～239歳,239,3:14.70,,2,,7,中村清美,,蘇我,24.07,,,,,,,,,2:14.02,1:56.08,1:54.26,1/8
802,76,2024,5,11,短水路,チーム,19,4×50mフリーリレー,女子,200～239歳,239,3:14.70,,3,,7,奥野郁子,,蘇我,23.27,,,,,,,,,2:14.02,1:56.08,1:54.26,1/8
803,76,2024,5,11,短水路,チーム,19,4×50mフリーリレー,女子,200～239歳,239,3:14.70,,4,,7,増子保子,,蘇我,21.85,,,,,,,,,2:14.02,1:56.08,1:54.26,1/8
804,76,2024,5,11,短水路,チーム,19,4×50mフリーリレー,女子,160～199歳,165,2:12.65,,1,,1,吉村華奈,,長津田,14.46,,,,,,,,,2:01.81,1:52.49,1:47.58,3/6
805,76,2024,5,11,短水路,チーム,19,4×50mフリーリレー,女子,160～199歳,165,2:12.65,,2,,1,川北恵,,長津田,14.88,,,,,,,,,2:01.81,1:52.49,1:47.58,3/6
806,76,2024,5,11,短水路,チーム,19,4×50mフリーリレー,女子,160～199歳,165,2:12.65,,3,,1,宮林佑妃,,長津田,16.40,,,,,,,,,2:01.81,1:52.49,1:47.58,3/6
807,76,2024,5,11,短水路,チーム,19,4×50mフリーリレー,女子,160～199歳,165,2:12.65,,4,,1,久保かおり,,長津田,17.70,,,,,,,,,2:01.81,1:52.49,1:47.58,3/6
808,76,2024,5,11,短水路,チーム,19,4×50mフリーリレー,女子,160～199歳,170,2:22.25,,1,,2,西山春苗,,二俣川,18.42,,,,,,,,,2:01.81,1:52.49,1:47.58,3/1
809,76,2024,5,11,短水路,チーム,19,4×50mフリーリレー,女子,160～199歳,170,2:22.25,,2,,2,長瀬涼佳,,二俣川,14.54,,,,,,,,,2:01.81,1:52.49,1:47.58,3/1
810,76,2024,5,11,短水路,チーム,19,4×50mフリーリレー,女子,160～199歳,170,2:22.25,,3,,2,吉池奈々,,二俣川,17.55,,,,,,,,,2:01.81,1:52.49,1:47.58,3/1
811,76,2024,5,11,短水路,チーム,19,4×50mフリーリレー,女子,160～199歳,170,2:22.25,,4,,2,草野茜,,二俣川,16.85,,,,,,,,,2:01.81,1:52.49,1:47.58,3/1
812,76,2024,5,11,短水路,チーム,19,4×50mフリーリレー,女子,160～199歳,188,2:28.96,,1,,3,萩原ゆりか,,天王洲,17.11,,,,,,,,,2:01.81,1:52.49,1:47.58,2/5
813,76,2024,5,11,短水路,チーム,19,4×50mフリーリレー,女子,160～199歳,188,2:28.96,,2,,3,森内裕子,,天王洲,20.71,,,,,,,,,2:01.81,1:52.49,1:47.58,2/5
814,76,2024,5,11,短水路,チーム,19,4×50mフリーリレー,女子,160～199歳,188,2:28.96,,3,,3,宇田川美穂,,天王洲,17.69,,,,,,,,,2:01.81,1:52.49,1:47.58,2/5
815,76,2024,5,11,短水路,チーム,19,4×50mフリーリレー,女子,160～199歳,188,2:28.96,,4,,3,四井美穂,,天王洲,16.55,,,,,,,,,2:01.81,1:52.49,1:47.58,2/5
816,76,2024,5,11,短水路,チーム,19,4×50mフリーリレー,女子,120～159歳,133,2:02.05,,1,,1,嶋田菜々子,,おおたか,14.92,,,,,,,,,1:57.39,1:48.99,1:44.88,3/4
817,76,2024,5,11,短水路,チーム,19,4×50mフリーリレー,女子,120～159歳,133,2:02.05,,2,,1,稲垣優里奈,,おおたか,14.54,,,,,,,,,1:57.39,1:48.99,1:44.88,3/4
818,76,2024,5,11,短水路,チーム,19,4×50mフリーリレー,女子,120～159歳,133,2:02.05,,3,,1,柳有美子,,おおたか,15.88,,,,,,,,,1:57.39,1:48.99,1:44.88,3/4
819,76,2024,5,11,短水路,チーム,19,4×50mフリーリレー,女子,120～159歳,133,2:02.05,,4,,1,君島凜香,,おおたか,14.17,,,,,,,,,1:57.39,1:48.99,1:44.88,3/4
820,76,2024,5,11,短水路,チーム,19,4×50mフリーリレー,女子,120～159歳,150,2:05.00,,1,,2,広瀬幸音,,成城,15.02,,,,,,,,,1:57.39,1:48.99,1:44.88,3/5
821,76,2024,5,11,短水路,チーム,19,4×50mフリーリレー,女子,120～159歳,150,2:05.00,,2,,2,仲田笑美,,成城,14.39,,,,,,,,,1:57.39,1:48.99,1:44.88,3/5
822,76,2024,5,11,短水路,チーム,19,4×50mフリーリレー,女子,120～159歳,150,2:05.00,,3,,2,大川晴美,,成城,16.18,,,,,,,,,1:57.39,1:48.99,1:44.88,3/5
823,76,2024,5,11,短水路,チーム,19,4×50mフリーリレー,女子,120～159歳,150,2:05.00,,4,,2,佐々木彩,,成城,14.99,,,,,,,,,1:57.39,1:48.99,1:44.88,3/5
824,76,2024,5,11,短水路,チーム,19,4×50mフリーリレー,女子,120～159歳,148,2:08.01,,1,,3,今井恵子,,阿佐谷,15.09,,,,,,,,,1:57.39,1:48.99,1:44.88,3/2
825,76,2024,5,11,短水路,チーム,19,4×50mフリーリレー,女子,120～159歳,148,2:08.01,,2,,3,大藪幾美,,阿佐谷,14.78,,,,,,,,,1:57.39,1:48.99,1:44.88,3/2
826,76,2024,5,11,短水路,チーム,19,4×50mフリーリレー,女子,120～159歳,148,2:08.01,,3,,3,三宅信花,,阿佐谷,15.10,,,,,,,,,1:57.39,1:48.99,1:44.88,3/2
827,76,2024,5,11,短水路,チーム,19,4×50mフリーリレー,女子,120～159歳,148,2:08.01,,4,,3,小野真佐子,,阿佐谷,15.94,,,,,,,,,1:57.39,1:48.99,1:44.88,3/2
828,76,2024,5,11,短水路,チーム,19,4×50mフリーリレー,女子,72～119歳,100,2:05.00,,1,,1,志賀菜々美,,二俣川,14.84,,,,,,,,,1:55.86,1:44.52,1:45.30,3/3
829,76,2024,5,11,短水路,チーム,19,4×50mフリーリレー,女子,72～119歳,100,2:05.00,,2,,1,松本彩花,,二俣川,16.05,,,,,,,,,1:55.86,1:44.52,1:45.30,3/3
830,76,2024,5,11,短水路,チーム,19,4×50mフリーリレー,女子,72～119歳,100,2:05.00,,3,,1,深堀陽子,,二俣川,16.19,,,,,,,,,1:55.86,1:44.52,1:45.30,3/3
831,76,2024,5,11,短水路,チーム,19,4×50mフリーリレー,女子,72～119歳,100,2:05.00,,4,,1,表侑寿,,二俣川,13.79,,,,,,,,,1:55.86,1:44.52,1:45.30,3/3
832,76,2024,5,11,短水路,チーム,20,4×50mフリーリレー,男子,280～319歳,283,2:51.82,,1,,1,森明法,,慶應日吉,15.83,,,,,,,,,2:32.77,2:01.56,1:54.44,1/6
833,76,2024,5,11,短水路,チーム,20,4×50mフリーリレー,男子,280～319歳,283,2:51.82,,2,,1,泉保央,,慶應日吉,22.07,,,,,,,,,2:32.77,2:01.56,1:54.44,1/6
834,76,2024,5,11,短水路,チーム,20,4×50mフリーリレー,男子,280～319歳,283,2:51.82,,3,,1,小田稔,,慶應日吉,24.22,,,,,,,,,2:32.77,2:01.56,1:54.44,1/6
835,76,2024,5,11,短水路,チーム,20,4×50mフリーリレー,男子,280～319歳,283,2:51.82,,4,,1,山本勝,,慶應日吉,17.61,,,,,,,,,2:32.77,2:01.56,1:54.44,1/6
836,76,2024,5,11,短水路,チーム,20,4×50mフリーリレー,男子,240～279歳,240,2:02.54,,1,,1,藤本豊和,,長津田,13.85,,,,,,,,,1:49.01,1:49.01,1:43.21,3/8
837,76,2024,5,11,短水路,チーム,20,4×50mフリーリレー,男子,240～279歳,240,2:02.54,,2,,1,池谷千尋,,長津田,14.74,,,,,,,,,1:49.01,1:49.01,1:43.21,3/8
838,76,2024,5,11,短水路,チーム,20,4×50mフリーリレー,男子,240～279歳,240,2:02.54,,3,,1,水谷博之,,長津田,16.46,,,,,,,,,1:49.01,1:49.01,1:43.21,3/8
839,76,2024,5,11,短水路,チーム,20,4×50mフリーリレー,男子,240～279歳,240,2:02.54,,4,,1,矢部裕之,,長津田,13.71,,,,,,,,,1:49.01,1:49.01,1:43.21,3/8
840,76,2024,5,11,短水路,チーム,20,4×50mフリーリレー,男子,240～279歳,241,2:06.72,,1,,2,長崎啓,,二俣川,13.57,,,,,,,,,1:49.01,1:49.01,1:43.21,4/6
841,76,2024,5,11,短水路,チーム,20,4×50mフリーリレー,男子,240～279歳,241,2:06.72,,2,,2,若島健二,,二俣川,17.13,,,,,,,,,1:49.01,1:49.01,1:43.21,4/6
842,76,2024,5,11,短水路,チーム,20,4×50mフリーリレー,男子,240～279歳,241,2:06.72,,3,,2,下家成人,,二俣川,14.48,,,,,,,,,1:49.01,1:49.01,1:43.21,4/6
843,76,2024,5,11,短水路,チーム,20,4×50mフリーリレー,男子,240～279歳,241,2:06.72,,4,,2,富松実,,二俣川,16.16,,,,,,,,,1:49.01,1:49.01,1:43.21,4/6
844,76,2024,5,11,短水路,チーム,20,4×50mフリーリレー,男子,240～279歳,249,2:15.86,,1,,3,渡誠,,清瀬,15.95,,,,,,,,,1:49.01,1:49.01,1:43.21,1/5
845,76,2024,5,11,短水路,チーム,20,4×50mフリーリレー,男子,240～279歳,249,2:15.86,,2,,3,松本考弘,,清瀬,15.24,,,,,,,,,1:49.01,1:49.01,1:43.21,1/5
846,76,2024,5,11,短水路,チーム,20,4×50mフリーリレー,男子,240～279歳,249,2:15.86,,3,,3,吉澤隆,,清瀬,17.28,,,,,,,,,1:49.01,1:49.01,1:43.21,1/5
847,76,2024,5,11,短水路,チーム,20,4×50mフリーリレー,男子,240～279歳,249,2:15.86,,4,,3,小山三千生,,清瀬,17.94,,,,,,,,,1:49.01,1:49.01,1:43.21,1/5
848,76,2024,5,11,短水路,チーム,20,4×50mフリーリレー,男子,240～279歳,266,2:32.86,,1,,4,吉村進,,阿佐谷,17.54,,,,,,,,,1:49.01,1:49.01,1:43.21,1/3
849,76,2024,5,11,短水路,チーム,20,4×50mフリーリレー,男子,240～279歳,266,2:32.86,,2,,4,折居彰,,阿佐谷,19.55,,,,,,,,,1:49.01,1:49.01,1:43.21,1/3
850,76,2024,5,11,短水路,チーム,20,4×50mフリーリレー,男子,240～279歳,266,2:32.86,,3,,4,宇佐美栄二,,阿佐谷,19.07,,,,,,,,,1:49.01,1:49.01,1:43.21,1/3
851,76,2024,5,11,短水路,チーム,20,4×50mフリーリレー,男子,240～279歳,266,2:32.86,,4,,4,大川明徳,,阿佐谷,17.32,,,,,,,,,1:49.01,1:49.01,1:43.21,1/3
852,76,2024,5,11,短水路,チーム,20,4×50mフリーリレー,男子,200～239歳,215,1:49.22,,1,,1,村野雄太,,清瀬,13.35,,,,,,,,,1:43.13,1:40.26,1:37.35,3/3
853,76,2024,5,11,短水路,チーム,20,4×50mフリーリレー,男子,200～239歳,215,1:49.22,,2,,1,小倉和彦,,清瀬,13.37,,,,,,,,,1:43.13,1:40.26,1:37.35,3/3
854,76,2024,5,11,短水路,チーム,20,4×50mフリーリレー,男子,200～239歳,215,1:49.22,,3,,1,小倉秀和,,清瀬,13.61,,,,,,,,,1:43.13,1:40.26,1:37.35,3/3
855,76,2024,5,11,短水路,チーム,20,4×50mフリーリレー,男子,200～239歳,215,1:49.22,,4,,1,山岡拓馬,,清瀬,11.63,,,,,,,,,1:43.13,1:40.26,1:37.35,3/3
856,76,2024,5,11,短水路,チーム,20,4×50mフリーリレー,男子,200～239歳,204,1:52.16,,1,,2,川瀬健次,,大宮宮原,12.69,,,,,,,,,1:43.13,1:40.26,1:37.35,2/3
857,76,2024,5,11,短水路,チーム,20,4×50mフリーリレー,男子,200～239歳,204,1:52.16,,2,,2,宮川則仁,,大宮宮原,14.50,,,,,,,,,1:43.13,1:40.26,1:37.35,2/3
858,76,2024,5,11,短水路,チーム,20,4×50mフリーリレー,男子,200～239歳,204,1:52.16,,3,,2,清田真人,,大宮宮原,14.11,,,,,,,,,1:43.13,1:40.26,1:37.35,2/3
859,76,2024,5,11,短水路,チーム,20,4×50mフリーリレー,男子,200～239歳,204,1:52.16,,4,,2,阿部憲一,,大宮宮原,12.92,,,,,,,,,1:43.13,1:40.26,1:37.35,2/3
860,76,2024,5,11,短水路,チーム,20,4×50mフリーリレー,男子,200～239歳,203,1:52.93,,1,,3,菊池千二,,市ヶ尾,13.68,,,,,,,,,1:43.13,1:40.26,1:37.35,2/2
861,76,2024,5,11,短水路,チーム,20,4×50mフリーリレー,男子,200～239歳,203,1:52.93,,2,,3,新井良育,,市ヶ尾,14.64,,,,,,,,,1:43.13,1:40.26,1:37.35,2/2
862,76,2024,5,11,短水路,チーム,20,4×50mフリーリレー,男子,200～239歳,203,1:52.93,,3,,3,山内悠,,市ヶ尾,12.96,,,,,,,,,1:43.13,1:40.26,1:37.35,2/2
863,76,2024,5,11,短水路,チーム,20,4×50mフリーリレー,男子,200～239歳,203,1:52.93,,4,,3,図師拓千,,市ヶ尾,12.70,,,,,,,,,1:43.13,1:40.26,1:37.35,2/2
864,76,2024,5,11,短水路,チーム,20,4×50mフリーリレー,男子,200～239歳,201,1:55.01,,1,,4,山賀竜馬,,阿佐谷,12.46,,,,,,,,,1:43.13,1:40.26,1:37.35,3/1
865,76,2024,5,11,短水路,チーム,20,4×50mフリーリレー,男子,200～239歳,201,1:55.01,,2,,4,若杉佳宏,,阿佐谷,14.33,,,,,,,,,1:43.13,1:40.26,1:37.35,3/1
866,76,2024,5,11,短水路,チーム,20,4×50mフリーリレー,男子,200～239歳,201,1:55.01,,3,,4,久保田勝己,,阿佐谷,15.28,,,,,,,,,1:43.13,1:40.26,1:37.35,3/1
867,76,2024,5,11,短水路,チーム,20,4×50mフリーリレー,男子,200～239歳,201,1:55.01,,4,,4,北川貴義,,阿佐谷,13.54,,,,,,,,,1:43.13,1:40.26,1:37.35,3/1
868,76,2024,5,11,短水路,チーム,20,4×50mフリーリレー,男子,200～239歳,203,1:59.30,,1,,5,和田浩一,,用賀,14.66,,,,,,,,,1:43.13,1:40.26,1:37.35,2/4
869,76,2024,5,11,短水路,チーム,20,4×50mフリーリレー,男子,200～239歳,203,1:59.30,,2,,5,飯田正敏,,用賀,14.98,,,,,,,,,1:43.13,1:40.26,1:37.35,2/4
870,76,2024,5,11,短水路,チーム,20,4×50mフリーリレー,男子,200～239歳,203,1:59.30,,3,,5,佐藤正章,,用賀,15.71,,,,,,,,,1:43.13,1:40.26,1:37.35,2/4
871,76,2024,5,11,短水路,チーム,20,4×50mフリーリレー,男子,200～239歳,203,1:59.30,,4,,5,室坂拓真,,用賀,11.83,,,,,,,,,1:43.13,1:40.26,1:37.35,2/4
872,76,2024,5,11,短水路,チーム,20,4×50mフリーリレー,男子,200～239歳,221,2:02.84,,1,,6,石井龍,,成城,13.27,,,,,,,,,1:43.13,1:40.26,1:37.35,3/7
873,76,2024,5,11,短水路,チーム,20,4×50mフリーリレー,男子,200～239歳,221,2:02.84,,2,,6,藤田一寿,,成城,15.06,,,,,,,,,1:43.13,1:40.26,1:37.35,3/7
874,76,2024,5,11,短水路,チーム,20,4×50mフリーリレー,男子,200～239歳,221,2:02.84,,3,,6,羽田浩一,,成城,14.63,,,,,,,,,1:43.13,1:40.26,1:37.35,3/7
875,76,2024,5,11,短水路,チーム,20,4×50mフリーリレー,男子,200～239歳,221,2:02.84,,4,,6,若宮強,,成城,16.93,,,,,,,,,1:43.13,1:40.26,1:37.35,3/7
876,76,2024,5,11,短水路,チーム,20,4×50mフリーリレー,男子,200～239歳,211,2:08.43,,1,,7,松井哲郎,,大森,15.55,,,,,,,,,1:43.13,1:40.26,1:37.35,1/4
877,76,2024,5,11,短水路,チーム,20,4×50mフリーリレー,男子,200～239歳,211,2:08.43,,2,,7,浅田康朗,,大森,14.79,,,,,,,,,1:43.13,1:40.26,1:37.35,1/4
878,76,2024,5,11,短水路,チーム,20,4×50mフリーリレー,男子,200～239歳,211,2:08.43,,3,,7,山田貴久,,大森,18.05,,,,,,,,,1:43.13,1:40.26,1:37.35,1/4
879,76,2024,5,11,短水路,チーム,20,4×50mフリーリレー,男子,200～239歳,211,2:08.43,,4,,7,町田克浩,,大森,14.39,,,,,,,,,1:43.13,1:40.26,1:37.35,1/4
880,76,2024,5,11,短水路,チーム,20,4×50mフリーリレー,男子,160～199歳,160,1:45.76,,1,,1,椎本恭平,,阿佐谷,12.72,,,,,,,,,1:39.12,1:33.23,1:32.77,4/2
881,76,2024,5,11,短水路,チーム,20,4×50mフリーリレー,男子,160～199歳,160,1:45.76,,2,,1,佐野充,,阿佐谷,12.97,,,,,,,,,1:39.12,1:33.23,1:32.77,4/2
882,76,2024,5,11,短水路,チーム,20,4×50mフリーリレー,男子,160～199歳,160,1:45.76,,3,,1,棚網宏之,,阿佐谷,13.28,,,,,,,,,1:39.12,1:33.23,1:32.77,4/2
883,76,2024,5,11,短水路,チーム,20,4×50mフリーリレー,男子,160～199歳,160,1:45.76,,4,,1,中村正明,,阿佐谷,11.62,,,,,,,,,1:39.12,1:33.23,1:32.77,4/2
884,76,2024,5,11,短水路,チーム,20,4×50mフリーリレー,男子,160～199歳,167,1:47.38,,1,,2,前田崇行,,二俣川,12.73,,,,,,,,,1:39.12,1:33.23,1:32.77,4/1
885,76,2024,5,11,短水路,チーム,20,4×50mフリーリレー,男子,160～199歳,167,1:47.38,,2,,2,永瀬知之,,二俣川,12.57,,,,,,,,,1:39.12,1:33.23,1:32.77,4/1
886,76,2024,5,11,短水路,チーム,20,4×50mフリーリレー,男子,160～199歳,167,1:47.38,,3,,2,杉山大亜,,二俣川,13.28,,,,,,,,,1:39.12,1:33.23,1:32.77,4/1
887,76,2024,5,11,短水路,チーム,20,4×50mフリーリレー,男子,160～199歳,167,1:47.38,,4,,2,堀川広祐,,二俣川,13.50,,,,,,,,,1:39.12,1:33.23,1:32.77,4/1
888,76,2024,5,11,短水路,チーム,20,4×50mフリーリレー,男子,160～199歳,162,1:50.56,,1,,3,村田雅治,,長津田,12.62,,,,,,,,,1:39.12,1:33.23,1:32.77,3/4
889,76,2024,5,11,短水路,チーム,20,4×50mフリーリレー,男子,160～199歳,162,1:50.56,,2,,3,矢作歩,,長津田,13.70,,,,,,,,,1:39.12,1:33.23,1:32.77,3/4
890,76,2024,5,11,短水路,チーム,20,4×50mフリーリレー,男子,160～199歳,162,1:50.56,,3,,3,岡村勝重,,長津田,13.65,,,,,,,,,1:39.12,1:33.23,1:32.77,3/4
891,76,2024,5,11,短水路,チーム,20,4×50mフリーリレー,男子,160～199歳,162,1:50.56,,4,,3,花井一也,,長津田,12.71,,,,,,,,,1:39.12,1:33.23,1:32.77,3/4
892,76,2024,5,11,短水路,チーム,20,4×50mフリーリレー,男子,120～159歳,139,1:43.05,,1,,1,高梨大樹,,成城,12.20,,,,,,,,,1:37.85,1:31.65,1:30.83,3/5
893,76,2024,5,11,短水路,チーム,20,4×50mフリーリレー,男子,120～159歳,139,1:43.05,,2,,1,井口暢彦,,成城,12.29,,,,,,,,,1:37.85,1:31.65,1:30.83,3/5
894,76,2024,5,11,短水路,チーム,20,4×50mフリーリレー,男子,120～159歳,139,1:43.05,,3,,1,石井翔真,,成城,12.04,,,,,,,,,1:37.85,1:31.65,1:30.83,3/5
895,76,2024,5,11,短水路,チーム,20,4×50mフリーリレー,男子,120～159歳,139,1:43.05,,4,,1,中西剛,,成城,12.34,,,,,,,,,1:37.85,1:31.65,1:30.83,3/5
896,76,2024,5,11,短水路,チーム,20,4×50mフリーリレー,男子,120～159歳,122,1:43.72,,1,,2,田中啓二朗,,二俣川,12.50,,,,,,,,,1:37.85,1:31.65,1:30.83,4/3
897,76,2024,5,11,短水路,チーム,20,4×50mフリーリレー,男子,120～159歳,122,1:43.72,,2,,2,新福留広貴,,二俣川,12.93,,,,,,,,,1:37.85,1:31.65,1:30.83,4/3
898,76,2024,5,11,短水路,チーム,20,4×50mフリーリレー,男子,120～159歳,122,1:43.72,,3,,2,田中壮一郎,,二俣川,12.63,,,,,,,,,1:37.85,1:31.65,1:30.83,4/3
899,76,2024,5,11,短水路,チーム,20,4×50mフリーリレー,男子,120～159歳,122,1:43.72,,4,,2,鶴谷学,,二俣川,11.85,,,,,,,,,1:37.85,1:31.65,1:30.83,4/3
900,76,2024,5,11,短水路,チーム,20,4×50mフリーリレー,男子,120～159歳,126,1:52.79,,1,,3,宮川ガブリエル拓実,,慶應日吉,11.61,,,,,,,,,1:37.85,1:31.65,1:30.83,3/6
901,76,2024,5,11,短水路,チーム,20,4×50mフリーリレー,男子,120～159歳,126,1:52.79,,2,,3,川手詢介,,慶應日吉,12.97,,,,,,,,,1:37.85,1:31.65,1:30.83,3/6
902,76,2024,5,11,短水路,チーム,20,4×50mフリーリレー,男子,120～159歳,126,1:52.79,,3,,3,大塚秀幸,,慶應日吉,16.90,,,,,,,,,1:37.85,1:31.65,1:30.83,3/6
903,76,2024,5,11,短水路,チーム,20,4×50mフリーリレー,男子,120～159歳,126,1:52.79,,4,,3,高見沢重倫,,慶應日吉,11.90,,,,,,,,,1:37.85,1:31.65,1:30.83,3/6
904,76,2024,5,11,短水路,チーム,20,4×50mフリーリレー,男子,120～159歳,159,1:53.75,,1,,4,小野健,,天王洲,12.79,,,,,,,,,1:37.85,1:31.65,1:30.83,3/2
905,76,2024,5,11,短水路,チーム,20,4×50mフリーリレー,男子,120～159歳,159,1:53.75,,2,,4,倉持公一,,天王洲,13.03,,,,,,,,,1:37.85,1:31.65,1:30.83,3/2
906,76,2024,5,11,短水路,チーム,20,4×50mフリーリレー,男子,120～159歳,159,1:53.75,,3,,4,千葉忠英,,天王洲,15.72,,,,,,,,,1:37.85,1:31.65,1:30.83,3/2
907,76,2024,5,11,短水路,チーム,20,4×50mフリーリレー,男子,120～159歳,159,1:53.75,,4,,4,寺田遼太,,天王洲,13.30,,,,,,,,,1:37.85,1:31.65,1:30.83,3/2
908,76,2024,5,11,短水路,チーム,20,4×50mフリーリレー,男子,120～159歳,135,1:54.20,,1,,5,中原志門,,大森,12.64,,,,,,,,,1:37.85,1:31.65,1:30.83,2/6
909,76,2024,5,11,短水路,チーム,20,4×50mフリーリレー,男子,120～159歳,135,1:54.20,,1,,5,日吉将輝,,大森,12.89,,,,,,,,,1:37.85,1:31.65,1:30.83,2/6
910,76,2024,5,11,短水路,チーム,20,4×50mフリーリレー,男子,120～159歳,135,1:54.20,,2,,5,海老原健太,,大森,14.59,,,,,,,,,1:37.85,1:31.65,1:30.83,2/6
911,76,2024,5,11,短水路,チーム,20,4×50mフリーリレー,男子,120～159歳,135,1:54.20,,2,,5,小沢征司,,大森,15.09,,,,,,,,,1:37.85,1:31.65,1:30.83,2/6
912,76,2024,5,11,短水路,チーム,20,4×50mフリーリレー,男子,120～159歳,135,1:54.20,,3,,5,渡部慎也,,大森,14.02,,,,,,,,,1:37.85,1:31.65,1:30.83,2/6
913,76,2024,5,11,短水路,チーム,20,4×50mフリーリレー,男子,120～159歳,135,1:54.20,,3,,5,岡内昭伍,,大森,,,,,,,,,,1:37.85,1:31.65,1:30.83,2/6
914,76,2024,5,11,短水路,チーム,20,4×50mフリーリレー,男子,120～159歳,135,1:54.20,,4,,5,小林弘典,,大森,13.54,,,,,,,,,1:37.85,1:31.65,1:30.83,2/6
915,76,2024,5,11,短水路,チーム,20,4×50mフリーリレー,男子,120～159歳,135,1:54.20,,4,,5,山本英男,,大森,,,,,,,,,,1:37.85,1:31.65,1:30.83,2/6
916,76,2024,5,11,短水路,チーム,20,4×50mフリーリレー,男子,72～119歳,114,1:41.24,,1,,1,志田公輝,,阿佐谷,11.37,,,,,,,,,1:36.36,1:28.02,1:30.73,4/4
917,76,2024,5,11,短水路,チーム,20,4×50mフリーリレー,男子,72～119歳,114,1:41.24,,2,,1,荒井啓汰,,阿佐谷,12.55,,,,,,,,,1:36.36,1:28.02,1:30.73,4/4
918,76,2024,5,11,短水路,チーム,20,4×50mフリーリレー,男子,72～119歳,114,1:41.24,,3,,1,和田亮,,阿佐谷,13.38,,,,,,,,,1:36.36,1:28.02,1:30.73,4/4
919,76,2024,5,11,短水路,チーム,20,4×50mフリーリレー,男子,72～119歳,114,1:41.24,,4,,1,志熊叶一郎,,阿佐谷,10.87,,,,,,,,,1:36.36,1:28.02,1:30.73,4/4
920,76,2024,5,11,短水路,チーム,20,4×50mフリーリレー,男子,72～119歳,99,1:49.45,,1,,2,前島悠也,,葛西,12.54,,,,,,,,,1:36.36,1:28.02,1:30.73,4/5
921,76,2024,5,11,短水路,チーム,20,4×50mフリーリレー,男子,72～119歳,99,1:49.45,,2,,2,山﨑緋呂,,葛西,13.57,,,,,,,,,1:36.36,1:28.02,1:30.73,4/5
922,76,2024,5,11,短水路,チーム,20,4×50mフリーリレー,男子,72～119歳,99,1:49.45,,3,,2,嶋田翔太,,葛西,13.10,,,,,,,,,1:36.36,1:28.02,1:30.73,4/5
923,76,2024,5,11,短水路,チーム,20,4×50mフリーリレー,男子,72～119歳,99,1:49.45,,4,,2,矢野匠,,葛西,13.28,,,,,,,,,1:36.36,1:28.02,1:30.73,4/5
924,76,2024,5,11,短水路,チーム,20,4×50mフリーリレー,男子,72～119歳,89,1:49.88,,1,,3,山﨑陸真,,二俣川,12.27,,,,,,,,,1:36.36,1:28.02,1:30.73,4/8
925,76,2024,5,11,短水路,チーム,20,4×50mフリーリレー,男子,72～119歳,89,1:49.88,,2,,3,山田丈翔,,二俣川,12.85,,,,,,,,,1:36.36,1:28.02,1:30.73,4/8
926,76,2024,5,11,短水路,チーム,20,4×50mフリーリレー,男子,72～119歳,89,1:49.88,,3,,3,和田佳明,,二俣川,14.96,,,,,,,,,1:36.36,1:28.02,1:30.73,4/8
927,76,2024,5,11,短水路,チーム,20,4×50mフリーリレー,男子,72～119歳,89,1:49.88,,4,,3,秋澤裕介,,二俣川,12.35,,,,,,,,,1:36.36,1:28.02,1:30.73,4/8
928,76,2024,5,11,短水路,チーム,20,4×50mフリーリレー,男子,72～119歳,99,1:51.82,,1,,4,今里昂哉,,清瀬,12.68,,,,,,,,,1:36.36,1:28.02,1:30.73,4/7
929,76,2024,5,11,短水路,チーム,20,4×50mフリーリレー,男子,72～119歳,99,1:51.82,,2,,4,塚本拓也,,清瀬,12.57,,,,,,,,,1:36.36,1:28.02,1:30.73,4/7
930,76,2024,5,11,短水路,チーム,20,4×50mフリーリレー,男子,72～119歳,99,1:51.82,,3,,4,西沢歩,,清瀬,13.68,,,,,,,,,1:36.36,1:28.02,1:30.73,4/7
931,76,2024,5,11,短水路,チーム,20,4×50mフリーリレー,男子,72～119歳,99,1:51.82,,4,,4,松本海星,,清瀬,15.32,,,,,,,,,1:36.36,1:28.02,1:30.73,4/7
932,76,2024,5,11,短水路,チーム,29,4×25mフリーリレー,混合,320～359歳,333,1:34.03,,1,,1,田之上ノブ(),,蘇我,27.08,,,,,,,,,1:23.64,,,1/1
933,76,2024,5,11,短水路,チーム,29,4×25mフリーリレー,混合,320～359歳,333,1:34.03,,2,,1,三橋正和,,蘇我,23.06,,,,,,,,,1:23.64,,,1/1
934,76,2024,5,11,短水路,チーム,29,4×25mフリーリレー,混合,320～359歳,333,1:34.03,,3,,1,石井千枝子,,蘇我,24.11,,,,,,,,,1:23.64,,,1/1
935,76,2024,5,11,短水路,チーム,29,4×25mフリーリレー,混合,320～359歳,333,1:34.03,,4,,1,若岡利夫,,蘇我,19.78,,,,,,,,,1:23.64,,,1/1
936,76,2024,5,11,短水路,チーム,29,4×25mフリーリレー,混合,280～319歳,281,1:12.49,,1,,1,香山左近,,二俣川,17.51,,,,,,,,,1:04.80,,,2/5
937,76,2024,5,11,短水路,チーム,29,4×25mフリーリレー,混合,280～319歳,281,1:12.49,,2,,1,若島健二,,二俣川,16.03,,,,,,,,,1:04.80,,,2/5
938,76,2024,5,11,短水路,チーム,29,4×25mフリーリレー,混合,280～319歳,281,1:12.49,,3,,1,近藤ひな子,,二俣川,17.30,,,,,,,,,1:04.80,,,2/5
939,76,2024,5,11,短水路,チーム,29,4×25mフリーリレー,混合,280～319歳,281,1:12.49,,4,,1,吉見一江,,二俣川,21.65,,,,,,,,,1:04.80,,,2/5
940,76,2024,5,11,短水路,チーム,29,4×25mフリーリレー,混合,280～319歳,285,1:12.50,,1,,2,原昌代,,市ヶ尾,19.90,,,,,,,,,1:04.80,,,2/1
941,76,2024,5,11,短水路,チーム,29,4×25mフリーリレー,混合,280～319歳,285,1:12.50,,2,,2,荒深なみ,,市ヶ尾,20.95,,,,,,,,,1:04.80,,,2/1
942,76,2024,5,11,短水路,チーム,29,4×25mフリーリレー,混合,280～319歳,285,1:12.50,,3,,2,井上隆史,,市ヶ尾,18.22,,,,,,,,,1:04.80,,,2/1
943,76,2024,5,11,短水路,チーム,29,4×25mフリーリレー,混合,280～319歳,285,1:12.50,,4,,2,菊池千二,,市ヶ尾,13.43,,,,,,,,,1:04.80,,,2/1
944,76,2024,5,11,短水路,チーム,29,4×25mフリーリレー,混合,280～319歳,281,1:15.21,,1,,3,阿達謙一,,大森,20.88,,,,,,,,,1:04.80,,,2/6
945,76,2024,5,11,短水路,チーム,29,4×25mフリーリレー,混合,280～319歳,281,1:15.21,,2,,3,藤井一恵,,大森,20.62,,,,,,,,,1:04.80,,,2/6
946,76,2024,5,11,短水路,チーム,29,4×25mフリーリレー,混合,280～319歳,281,1:15.21,,3,,3,室谷晴江,,大森,19.58,,,,,,,,,1:04.80,,,2/6
947,76,2024,5,11,短水路,チーム,29,4×25mフリーリレー,混合,280～319歳,281,1:15.21,,4,,3,北村洋一,,大森,14.13,,,,,,,,,1:04.80,,,2/6
948,76,2024,5,11,短水路,チーム,29,4×25mフリーリレー,混合,280～319歳,292,1:16.48,,1,,4,泉保央,,慶應日吉,21.75,,,,,,,,,1:04.80,,,1/4
949,76,2024,5,11,短水路,チーム,29,4×25mフリーリレー,混合,280～319歳,292,1:16.48,,2,,4,小田稔,,慶應日吉,20.16,,,,,,,,,1:04.80,,,1/4
950,76,2024,5,11,短水路,チーム,29,4×25mフリーリレー,混合,280～319歳,292,1:16.48,,3,,4,森谷登志江,,慶應日吉,17.79,,,,,,,,,1:04.80,,,1/4
951,76,2024,5,11,短水路,チーム,29,4×25mフリーリレー,混合,280～319歳,292,1:16.48,,4,,4,井手敦子,,慶應日吉,16.78,,,,,,,,,1:04.80,,,1/4
952,76,2024,5,11,短水路,チーム,29,4×25mフリーリレー,混合,280～319歳,280,1:17.23,,1,,5,小倉秀和,,清瀬,13.72,,,,,,,,,1:04.80,,,1/2
953,76,2024,5,11,短水路,チーム,29,4×25mフリーリレー,混合,280～319歳,280,1:17.23,,2,,5,宮川禮子,,清瀬,24.62,,,,,,,,,1:04.80,,,1/2
954,76,2024,5,11,短水路,チーム,29,4×25mフリーリレー,混合,280～319歳,280,1:17.23,,3,,5,菊地枝美子,,清瀬,22.52,,,,,,,,,1:04.80,,,1/2
955,76,2024,5,11,短水路,チーム,29,4×25mフリーリレー,混合,280～319歳,280,1:17.23,,4,,5,小山三千生,,清瀬,16.37,,,,,,,,,1:04.80,,,1/2
956,76,2024,5,11,短水路,チーム,29,4×25mフリーリレー,混合,280～319歳,284,1:17.97,,1,,6,吉村進,,阿佐谷,15.31,,,,,,,,,1:04.80,,,2/7
957,76,2024,5,11,短水路,チーム,29,4×25mフリーリレー,混合,280～319歳,284,1:17.97,,2,,6,渡邉登美子,,阿佐谷,25.48,,,,,,,,,1:04.80,,,2/7
958,76,2024,5,11,短水路,チーム,29,4×25mフリーリレー,混合,280～319歳,284,1:17.97,,3,,6,三嶋祐子,,阿佐谷,19.39,,,,,,,,,1:04.80,,,2/7
959,76,2024,5,11,短水路,チーム,29,4×25mフリーリレー,混合,280～319歳,284,1:17.97,,4,,6,宇佐美栄二,,阿佐谷,17.79,,,,,,,,,1:04.80,,,2/7
960,76,2024,5,11,短水路,チーム,29,4×25mフリーリレー,混合,240～279歳,253,57.52,,1,,1,冨松実,,二俣川,14.51,,,,,,,,,52.91,,,6/4
961,76,2024,5,11,短水路,チーム,29,4×25mフリーリレー,混合,240～279歳,253,57.52,,2,,1,武井麻知子,,二俣川,15.70,,,,,,,,,52.91,,,6/4
962,76,2024,5,11,短水路,チーム,29,4×25mフリーリレー,混合,240～279歳,253,57.52,,3,,1,永瀬秀子,,二俣川,4.36,,,,,,,,,52.91,,,6/4
963,76,2024,5,11,短水路,チーム,29,4×25mフリーリレー,混合,240～279歳,253,57.52,,4,,1,下家成人,,二俣川,22.95,,,,,,,,,52.91,,,6/4
964,76,2024,5,11,短水路,チーム,29,4×25mフリーリレー,混合,240～279歳,246,1:00.79,,1,,2,渡部佳彦,,市川,13.60,,,,,,,,,52.91,,,4/3
965,76,2024,5,11,短水路,チーム,29,4×25mフリーリレー,混合,240～279歳,246,1:00.79,,2,,2,大塚克,,市川,14.11,,,,,,,,,52.91,,,4/3
966,76,2024,5,11,短水路,チーム,29,4×25mフリーリレー,混合,240～279歳,246,1:00.79,,3,,2,石井菜穂美,,市川,16.03,,,,,,,,,52.91,,,4/3
967,76,2024,5,11,短水路,チーム,29,4×25mフリーリレー,混合,240～279歳,246,1:00.79,,4,,2,高橋久美,,市川,17.05,,,,,,,,,52.91,,,4/3
968,76,2024,5,11,短水路,チーム,29,4×25mフリーリレー,混合,240～279歳,240,1:04.00,,1,,3,斉藤正博,,我孫子,15.69,,,,,,,,,52.91,,,3/4
969,76,2024,5,11,短水路,チーム,29,4×25mフリーリレー,混合,240～279歳,240,1:04.00,,2,,3,飯澤美香,,我孫子,15.78,,,,,,,,,52.91,,,3/4
970,76,2024,5,11,短水路,チーム,29,4×25mフリーリレー,混合,240～279歳,240,1:04.00,,3,,3,山梨静枝,,我孫子,17.98,,,,,,,,,52.91,,,3/4
971,76,2024,5,11,短水路,チーム,29,4×25mフリーリレー,混合,240～279歳,240,1:04.00,,4,,3,山梨英亮,,我孫子,14.55,,,,,,,,,52.91,,,3/4
972,76,2024,5,11,短水路,チーム,29,4×25mフリーリレー,混合,240～279歳,249,1:04.79,,1,,4,立石由美子,,大森,16.88,,,,,,,,,52.91,,,3/2
973,76,2024,5,11,短水路,チーム,29,4×25mフリーリレー,混合,240～279歳,249,1:04.79,,2,,4,瀧川一興,,大森,15.47,,,,,,,,,52.91,,,3/2
974,76,2024,5,11,短水路,チーム,29,4×25mフリーリレー,混合,240～279歳,249,1:04.79,,3,,4,井上美佐子,,大森,18.21,,,,,,,,,52.91,,,3/2
975,76,2024,5,11,短水路,チーム,29,4×25mフリーリレー,混合,240～279歳,249,1:04.79,,4,,4,成田敏隆,,大森,14.23,,,,,,,,,52.91,,,3/2
976,76,2024,5,11,短水路,チーム,29,4×25mフリーリレー,混合,240～279歳,245,1:05.46,,1,,5,研究豊和,,長津田,13.30,,,,,,,,,52.91,,,5/7
977,76,2024,5,11,短水路,チーム,29,4×25mフリーリレー,混合,240～279歳,245,1:05.46,,2,,5,久保とし子,,長津田,19.04,,,,,,,,,52.91,,,5/7
978,76,2024,5,11,短水路,チーム,29,4×25mフリーリレー,混合,240～279歳,245,1:05.46,,3,,5,小池淳子,,長津田,18.21,,,,,,,,,52.91,,,5/7
979,76,2024,5,11,短水路,チーム,29,4×25mフリーリレー,混合,240～279歳,245,1:05.46,,4,,5,水谷博之,,長津田,14.91,,,,,,,,,52.91,,,5/7
980,76,2024,5,11,短水路,チーム,29,4×25mフリーリレー,混合,240～279歳,242,1:06.11,,1,,6,二宮博,,横浜,16.41,,,,,,,,,52.91,,,3/7
981,76,2024,5,11,短水路,チーム,29,4×25mフリーリレー,混合,240～279歳,242,1:06.11,,2,,6,山﨑京子,,横浜,17.09,,,,,,,,,52.91,,,3/7
982,76,2024,5,11,短水路,チーム,29,4×25mフリーリレー,混合,240～279歳,242,1:06.11,,3,,6,佐藤桂子,,横浜,15.68,,,,,,,,,52.91,,,3/7
983,76,2024,5,11,短水路,チーム,29,4×25mフリーリレー,混合,240～279歳,242,1:06.11,,4,,6,仲宇佐隆一,,横浜,16.93,,,,,,,,,52.91,,,3/7
984,76,2024,5,11,短水路,チーム,29,4×25mフリーリレー,混合,240～279歳,241,1:06.95,,1,,7,北川貴義,,阿佐谷,12.75,,,,,,,,,52.91,,,3/3
985,76,2024,5,11,短水路,チーム,29,4×25mフリーリレー,混合,240～279歳,241,1:06.95,,2,,7,相澤紋美,,阿佐谷,18.61,,,,,,,,,52.91,,,3/3
986,76,2024,5,11,短水路,チーム,29,4×25mフリーリレー,混合,240～279歳,241,1:06.95,,3,,7,宮田ひとみ,,阿佐谷,18.69,,,,,,,,,52.91,,,3/3
987,76,2024,5,11,短水路,チーム,29,4×25mフリーリレー,混合,240～279歳,241,1:06.95,,4,,7,折居彰,,阿佐谷,16.90,,,,,,,,,52.91,,,3/3
988,76,2024,5,11,短水路,チーム,29,4×25mフリーリレー,混合,240～279歳,264,1:08.66,,1,,8,若宮強,,成城,15.94,,,,,,,,,52.91,,,4/5
989,76,2024,5,11,短水路,チーム,29,4×25mフリーリレー,混合,240～279歳,264,1:08.66,,2,,8,草森理子,,成城,18.99,,,,,,,,,52.91,,,4/5
990,76,2024,5,11,短水路,チーム,29,4×25mフリーリレー,混合,240～279歳,264,1:08.66,,3,,8,高梨美樹,,成城,17.57,,,,,,,,,52.91,,,4/5
991,76,2024,5,11,短水路,チーム,29,4×25mフリーリレー,混合,240～279歳,264,1:08.66,,4,,8,中井岳郎,,成城,16.16,,,,,,,,,52.91,,,4/5
992,76,2024,5,11,短水路,チーム,29,4×25mフリーリレー,混合,240～279歳,243,1:08.74,,1,,9,久保田勝己,,阿佐谷,14.49,,,,,,,,,52.91,,,3/5
993,76,2024,5,11,短水路,チーム,29,4×25mフリーリレー,混合,240～279歳,243,1:08.74,,2,,9,野島正代,,阿佐谷,17.15,,,,,,,,,52.91,,,3/5
994,76,2024,5,11,短水路,チーム,29,4×25mフリーリレー,混合,240～279歳,243,1:08.74,,3,,9,近藤みゆき,,阿佐谷,21.76,,,,,,,,,52.91,,,3/5
995,76,2024,5,11,短水路,チーム,29,4×25mフリーリレー,混合,240～279歳,243,1:08.74,,4,,9,大川明徳,,阿佐谷,15.34,,,,,,,,,52.91,,,3/5
996,76,2024,5,11,短水路,チーム,29,4×25mフリーリレー,混合,240～279歳,247,1:13.36,,1,,10,渡辺正俊,,流山,16.85,,,,,,,,,52.91,,,2/3
997,76,2024,5,11,短水路,チーム,29,4×25mフリーリレー,混合,240～279歳,247,1:13.36,,2,,10,三木純子,,流山,21.33,,,,,,,,,52.91,,,2/3
998,76,2024,5,11,短水路,チーム,29,4×25mフリーリレー,混合,240～279歳,247,1:13.36,,3,,10,新井瑞枝,,流山,20.22,,,,,,,,,52.91,,,2/3
999,76,2024,5,11,短水路,チーム,29,4×25mフリーリレー,混合,240～279歳,247,1:13.36,,4,,10,佐々木茂倫,,流山,14.96,,,,,,,,,52.91,,,2/3
1000,76,2024,5,11,短水路,チーム,29,4×25mフリーリレー,混合,240～279歳,248,1:14.84,,1,,11,後藤潤,,成城,18.17,,,,,,,,,52.91,,,4/6
1001,76,2024,5,11,短水路,チーム,29,4×25mフリーリレー,混合,240～279歳,248,1:14.84,,2,,11,安部盛博,,成城,17.97,,,,,,,,,52.91,,,4/6
1002,76,2024,5,11,短水路,チーム,29,4×25mフリーリレー,混合,240～279歳,248,1:14.84,,3,,11,廣瀬伸子,,成城,20.25,,,,,,,,,52.91,,,4/6
1003,76,2024,5,11,短水路,チーム,29,4×25mフリーリレー,混合,240～279歳,248,1:14.84,,4,,11,松田聡美,,成城,18.45,,,,,,,,,52.91,,,4/6
1004,76,2024,5,11,短水路,チーム,29,4×25mフリーリレー,混合,200～239歳,221,55.26,,1,,1,瀧本英樹,,千葉みなと,12.32,,,,,,,,,51.73,,,7/2
1005,76,2024,5,11,短水路,チーム,29,4×25mフリーリレー,混合,200～239歳,221,55.26,,2,,1,唐鎌典子,,千葉みなと,14.27,,,,,,,,,51.73,,,7/2
1006,76,2024,5,11,短水路,チーム,29,4×25mフリーリレー,混合,200～239歳,221,55.26,,3,,1,年岡仁美,,千葉みなと,14.86,,,,,,,,,51.73,,,7/2
1007,76,2024,5,11,短水路,チーム,29,4×25mフリーリレー,混合,200～239歳,221,55.26,,4,,1,塚本幸治,,千葉みなと,13.81,,,,,,,,,51.73,,,7/2
1008,76,2024,5,11,短水路,チーム,29,4×25mフリーリレー,混合,200～239歳,201,56.39,,1,,2,若杉佳宏,,阿佐谷,13.78,,,,,,,,,51.73,,,6/5
1009,76,2024,5,11,短水路,チーム,29,4×25mフリーリレー,混合,200～239歳,201,56.39,,2,,2,棚網恵理,,阿佐谷,15.65,,,,,,,,,51.73,,,6/5
1010,76,2024,5,11,短水路,チーム,29,4×25mフリーリレー,混合,200～239歳,201,56.39,,3,,2,石原なおみ,,阿佐谷,15.93,,,,,,,,,51.73,,,6/5
1011,76,2024,5,11,短水路,チーム,29,4×25mフリーリレー,混合,200～239歳,201,56.39,,4,,2,中村正明,,阿佐谷,11.03,,,,,,,,,51.73,,,6/5
1012,76,2024,5,11,短水路,チーム,29,4×25mフリーリレー,混合,200～239歳,201,56.82,,1,,3,伊藤水晶,,松戸,11.85,,,,,,,,,51.73,,,5/2
1013,76,2024,5,11,短水路,チーム,29,4×25mフリーリレー,混合,200～239歳,201,56.82,,2,,3,高橋圭,,松戸,14.53,,,,,,,,,51.73,,,5/2
1014,76,2024,5,11,短水路,チーム,29,4×25mフリーリレー,混合,200～239歳,201,56.82,,3,,3,稲毛仁,,松戸,14.67,,,,,,,,,51.73,,,5/2
1015,76,2024,5,11,短水路,チーム,29,4×25mフリーリレー,混合,200～239歳,201,56.82,,4,,3,菅野泰子,,松戸,15.77,,,,,,,,,51.73,,,5/2
1016,76,2024,5,11,短水路,チーム,29,4×25mフリーリレー,混合,200～239歳,204,57.19,,1,,4,二宮淳,,トレッサ,15.13,,,,,,,,,51.73,,,6/7
1017,76,2024,5,11,短水路,チーム,29,4×25mフリーリレー,混合,200～239歳,204,57.19,,2,,4,糸賀香菜子,,トレッサ,14.74,,,,,,,,,51.73,,,6/7
1018,76,2024,5,11,短水路,チーム,29,4×25mフリーリレー,混合,200～239歳,204,57.19,,3,,4,上沢絵里奈,,トレッサ,14.17,,,,,,,,,51.73,,,6/7
1019,76,2024,5,11,短水路,チーム,29,4×25mフリーリレー,混合,200～239歳,204,57.19,,4,,4,新井田將司,,トレッサ,13.15,,,,,,,,,51.73,,,6/7
1020,76,2024,5,11,短水路,チーム,29,4×25mフリーリレー,混合,200～239歳,211,57.22,,1,,5,羽田浩一,,成城,13.48,,,,,,,,,51.73,,,7/7
1021,76,2024,5,11,短水路,チーム,29,4×25mフリーリレー,混合,200～239歳,211,57.22,,2,,5,高柳祐子,,成城,16.22,,,,,,,,,51.73,,,7/7
1022,76,2024,5,11,短水路,チーム,29,4×25mフリーリレー,混合,200～239歳,211,57.22,,3,,5,佐藤洋子,,成城,16.04,,,,,,,,,51.73,,,7/7
1023,76,2024,5,11,短水路,チーム,29,4×25mフリーリレー,混合,200～239歳,211,57.22,,4,,5,井口暢彦,,成城,11.48,,,,,,,,,51.73,,,7/7
1024,76,2024,5,11,短水路,チーム,29,4×25mフリーリレー,混合,200～239歳,202,57.44,,1,,6,山内悠,,市ヶ尾,12.93,,,,,,,,,51.73,,,5/6
1025,76,2024,5,11,短水路,チーム,29,4×25mフリーリレー,混合,200～239歳,202,57.44,,2,,6,白須靖子,,市ヶ尾,15.49,,,,,,,,,51.73,,,5/6
1026,76,2024,5,11,短水路,チーム,29,4×25mフリーリレー,混合,200～239歳,202,57.44,,3,,6,高橋麻子,,市ヶ尾,15.50,,,,,,,,,51.73,,,5/6
1027,76,2024,5,11,短水路,チーム,29,4×25mフリーリレー,混合,200～239歳,202,57.44,,4,,6,新井良育,,市ヶ尾,13.52,,,,,,,,,51.73,,,5/6
1028,76,2024,5,11,短水路,チーム,29,4×25mフリーリレー,混合,200～239歳,212,58.09,,1,,7,堀川広祐,,二俣川,13.16,,,,,,,,,51.73,,,7/8
1029,76,2024,5,11,短水路,チーム,29,4×25mフリーリレー,混合,200～239歳,212,58.09,,2,,7,中野裕子,,二俣川,17.34,,,,,,,,,51.73,,,7/8
1030,76,2024,5,11,短水路,チーム,29,4×25mフリーリレー,混合,200～239歳,212,58.09,,3,,7,松川律子,,二俣川,15.80,,,,,,,,,51.73,,,7/8
1031,76,2024,5,11,短水路,チーム,29,4×25mフリーリレー,混合,200～239歳,212,58.09,,4,,7,大村俊文,,二俣川,11.79,,,,,,,,,51.73,,,7/8
1032,76,2024,5,11,短水路,チーム,29,4×25mフリーリレー,混合,200～239歳,228,59.32,,1,,8,前田潤,,松戸,13.34,,,,,,,,,51.73,,,5/1
1033,76,2024,5,11,短水路,チーム,29,4×25mフリーリレー,混合,200～239歳,228,59.32,,2,,8,鈴木敏志,,松戸,12.57,,,,,,,,,51.73,,,5/1
1034,76,2024,5,11,短水路,チーム,29,4×25mフリーリレー,混合,200～239歳,228,59.32,,3,,8,青木華世子,,松戸,16.24,,,,,,,,,51.73,,,5/1
1035,76,2024,5,11,短水路,チーム,29,4×25mフリーリレー,混合,200～239歳,228,59.32,,4,,8,武政ふく,,松戸,17.17,,,,,,,,,51.73,,,5/1
1036,76,2024,5,11,短水路,チーム,29,4×25mフリーリレー,混合,200～239歳,239,59.38,,1,,9,阿部憲一,,大宮宮原,12.78,,,,,,,,,51.73,,,4/4
1037,76,2024,5,11,短水路,チーム,29,4×25mフリーリレー,混合,200～239歳,239,59.38,,2,,9,松田賢治,,大宮宮原,14.46,,,,,,,,,51.73,,,4/4
1038,76,2024,5,11,短水路,チーム,29,4×25mフリーリレー,混合,200～239歳,239,59.38,,3,,9,若林朋子,,大宮宮原,15.19,,,,,,,,,51.73,,,4/4
1039,76,2024,5,11,短水路,チーム,29,4×25mフリーリレー,混合,200～239歳,239,59.38,,4,,9,坂井慶子,,大宮宮原,16.95,,,,,,,,,51.73,,,4/4
1040,76,2024,5,11,短水路,チーム,29,4×25mフリーリレー,混合,200～239歳,215,1:01.20,,1,,10,久保卓士,,天王洲,13.72,,,,,,,,,51.73,,,6/2
1041,76,2024,5,11,短水路,チーム,29,4×25mフリーリレー,混合,200～239歳,215,1:01.20,,2,,10,櫻田琴,,天王洲,18.77,,,,,,,,,51.73,,,6/2
1042,76,2024,5,11,短水路,チーム,29,4×25mフリーリレー,混合,200～239歳,215,1:01.20,,3,,10,宇田川美穂,,天王洲,16.28,,,,,,,,,51.73,,,6/2
1043,76,2024,5,11,短水路,チーム,29,4×25mフリーリレー,混合,200～239歳,215,1:01.20,,4,,10,倉持公一,,天王洲,12.43,,,,,,,,,51.73,,,6/2
1044,76,2024,5,11,短水路,チーム,29,4×25mフリーリレー,混合,200～239歳,207,1:01.81,,1,,11,松本海星,,清瀬,14.73,,,,,,,,,51.73,,,4/8
1045,76,2024,5,11,短水路,チーム,29,4×25mフリーリレー,混合,200～239歳,207,1:01.81,,2,,11,田中貴子,,清瀬,15.21,,,,,,,,,51.73,,,4/8
1046,76,2024,5,11,短水路,チーム,29,4×25mフリーリレー,混合,200～239歳,207,1:01.81,,3,,11,小倉直美,,清瀬,16.13,,,,,,,,,51.73,,,4/8
1047,76,2024,5,11,短水路,チーム,29,4×25mフリーリレー,混合,200～239歳,207,1:01.81,,4,,11,古澤隆,,清瀬,15.74,,,,,,,,,51.73,,,4/8
1048,76,2024,5,11,短水路,チーム,29,4×25mフリーリレー,混合,200～239歳,204,1:02.78,,1,,12,掘口実枝子,,トレッサ,18.78,,,,,,,,,51.73,,,3/1
1049,76,2024,5,11,短水路,チーム,29,4×25mフリーリレー,混合,200～239歳,204,1:02.78,,2,,12,増渕毅,,トレッサ,16.43,,,,,,,,,51.73,,,3/1
1050,76,2024,5,11,短水路,チーム,29,4×25mフリーリレー,混合,200～239歳,204,1:02.78,,3,,12,廣瀬淳一,,トレッサ,13.90,,,,,,,,,51.73,,,3/1
1051,76,2024,5,11,短水路,チーム,29,4×25mフリーリレー,混合,200～239歳,204,1:02.78,,4,,12,新後海優,,トレッサ,13.67,,,,,,,,,51.73,,,3/1
1052,76,2024,5,11,短水路,チーム,29,4×25mフリーリレー,混合,200～239歳,231,1:02.79,,1,,13,藤田一寿,,成城,13.85,,,,,,,,,51.73,,,6/8
1053,76,2024,5,11,短水路,チーム,29,4×25mフリーリレー,混合,200～239歳,231,1:02.79,,2,,13,仲田久美子,,成城,15.90,,,,,,,,,51.73,,,6/8
1054,76,2024,5,11,短水路,チーム,29,4×25mフリーリレー,混合,200～239歳,231,1:02.79,,3,,13,茂櫛典子,,成城,18.04,,,,,,,,,51.73,,,6/8
1055,76,2024,5,11,短水路,チーム,29,4×25mフリーリレー,混合,200～239歳,231,1:02.79,,4,,13,丸山恵太,,成城,15.00,,,,,,,,,51.73,,,6/8
1056,76,2024,5,11,短水路,チーム,29,4×25mフリーリレー,混合,200～239歳,204,1:06.66,,1,,14,佐藤流生,,天王洲,18.06,,,,,,,,,51.73,,,3/6
1057,76,2024,5,11,短水路,チーム,29,4×25mフリーリレー,混合,200～239歳,204,1:06.66,,2,,14,中辻澄美,,天王洲,16.51,,,,,,,,,51.73,,,3/6
1058,76,2024,5,11,短水路,チーム,29,4×25mフリーリレー,混合,200～239歳,204,1:06.66,,3,,14,森内裕子,,天王洲,17.77,,,,,,,,,51.73,,,3/6
1059,76,2024,5,11,短水路,チーム,29,4×25mフリーリレー,混合,200～239歳,204,1:06.66,,4,,14,千葉忠英,,天王洲,14.32,,,,,,,,,51.73,,,3/6
1060,76,2024,5,11,短水路,チーム,29,4×25mフリーリレー,混合,200～239歳,207,1:06.72,,1,,15,松井哲郎,,大森,14.82,,,,,,,,,51.73,,,2/2
1061,76,2024,5,11,短水路,チーム,29,4×25mフリーリレー,混合,200～239歳,207,1:06.72,,2,,15,小林名緒子,,大森,19.34,,,,,,,,,51.73,,,2/2
1062,76,2024,5,11,短水路,チーム,29,4×25mフリーリレー,混合,200～239歳,207,1:06.72,,3,,15,森信子,,大森,19.19,,,,,,,,,51.73,,,2/2
1063,76,2024,5,11,短水路,チーム,29,4×25mフリーリレー,混合,200～239歳,207,1:06.72,,4,,15,町田克浩,,大森,13.37,,,,,,,,,51.73,,,2/2
1064,76,2024,5,11,短水路,チーム,29,4×25mフリーリレー,混合,200～239歳,212,1:06.73,,1,,16,浅田康朗,,大森,13.77,,,,,,,,,51.73,,,1/3
1065,76,2024,5,11,短水路,チーム,29,4×25mフリーリレー,混合,200～239歳,212,1:06.73,,2,,16,山田貴久,,大森,17.08,,,,,,,,,51.73,,,1/3
1066,76,2024,5,11,短水路,チーム,29,4×25mフリーリレー,混合,200～239歳,212,1:06.73,,3,,16,酒井貴代,,大森,18.48,,,,,,,,,51.73,,,1/3
1067,76,2024,5,11,短水路,チーム,29,4×25mフリーリレー,混合,200～239歳,212,1:06.73,,4,,16,高島典子,,大森,17.40,,,,,,,,,51.73,,,1/3
1068,76,2024,5,11,短水路,チーム,29,4×25mフリーリレー,混合,200～239歳,217,1:07.19,,1,,17,金子謙一,,長津田,14.90,,,,,,,,,51.73,,,3/8
1069,76,2024,5,11,短水路,チーム,29,4×25mフリーリレー,混合,200～239歳,217,1:07.19,,2,,17,石川美恵子,,長津田,19.12,,,,,,,,,51.73,,,3/8
1070,76,2024,5,11,短水路,チーム,29,4×25mフリーリレー,混合,200～239歳,217,1:07.19,,3,,17,三沢弘美,,長津田,3.71,,,,,,,,,51.73,,,3/8
1071,76,2024,5,11,短水路,チーム,29,4×25mフリーリレー,混合,200～239歳,217,1:07.19,,4,,17,西野宮冬木,,長津田,29.46,,,,,,,,,51.73,,,3/8
1072,76,2024,5,11,短水路,チーム,29,4×25mフリーリレー,混合,200～239歳,235,1:08.84,,1,,18,安嶋俊夫,,茂原,16.69,,,,,,,,,51.73,,,1/7
1073,76,2024,5,11,短水路,チーム,29,4×25mフリーリレー,混合,200～239歳,235,1:08.84,,2,,18,大塚弘子,,茂原,19.58,,,,,,,,,51.73,,,1/7
1074,76,2024,5,11,短水路,チーム,29,4×25mフリーリレー,混合,200～239歳,235,1:08.84,,3,,18,加藤千恵,,茂原,16.34,,,,,,,,,51.73,,,1/7
1075,76,2024,5,11,短水路,チーム,29,4×25mフリーリレー,混合,200～239歳,235,1:08.84,,4,,18,山本和巳,,茂原,16.23,,,,,,,,,51.73,,,1/7
1076,76,2024,5,11,短水路,チーム,29,4×25mフリーリレー,混合,200～239歳,232,1:09.84,,1,,19,大野淳哉,,上池袋,13.90,,,,,,,,,51.73,,,4/1
1077,76,2024,5,11,短水路,チーム,29,4×25mフリーリレー,混合,200～239歳,232,1:09.84,,2,,19,古旗美鈴,,上池袋,19.89,,,,,,,,,51.73,,,4/1
1078,76,2024,5,11,短水路,チーム,29,4×25mフリーリレー,混合,200～239歳,232,1:09.84,,3,,19,黒川慶子,,上池袋,19.63,,,,,,,,,51.73,,,4/1
1079,76,2024,5,11,短水路,チーム,29,4×25mフリーリレー,混合,200～239歳,232,1:09.84,,4,,19,岡部浩次,,上池袋,16.42,,,,,,,,,51.73,,,4/1
1080,76,2024,5,11,短水路,チーム,29,4×25mフリーリレー,混合,160～199歳,185,52.96,,1,,1,西村太郎,,千葉みなと,13.09,,,,,,,,,50.90,,,9/8
1081,76,2024,5,11,短水路,チーム,29,4×25mフリーリレー,混合,160～199歳,185,52.96,,2,,1,植村匡詞,,千葉みなと,12.14,,,,,,,,,50.90,,,9/8
1082,76,2024,5,11,短水路,チーム,29,4×25mフリーリレー,混合,160～199歳,185,52.96,,3,,1,小谷佐織,,千葉みなと,14.33,,,,,,,,,50.90,,,9/8
1083,76,2024,5,11,短水路,チーム,29,4×25mフリーリレー,混合,160～199歳,185,52.96,,4,,1,片岡祥子,,千葉みなと,13.40,,,,,,,,,50.90,,,9/8
1084,76,2024,5,11,短水路,チーム,29,4×25mフリーリレー,混合,160～199歳,175,53.18,,1,,2,山賀竜馬,,阿佐谷,11.82,,,,,,,,,50.90,,,8/2
1085,76,2024,5,11,短水路,チーム,29,4×25mフリーリレー,混合,160～199歳,175,53.18,,2,,2,三宅信花,,阿佐谷,13.79,,,,,,,,,50.90,,,8/2
1086,76,2024,5,11,短水路,チーム,29,4×25mフリーリレー,混合,160～199歳,175,53.18,,3,,2,遠藤真理,,阿佐谷,15.18,,,,,,,,,50.90,,,8/2
1087,76,2024,5,11,短水路,チーム,29,4×25mフリーリレー,混合,160～199歳,175,53.18,,4,,2,棚網宏之,,阿佐谷,12.39,,,,,,,,,50.90,,,8/2
1088,76,2024,5,11,短水路,チーム,29,4×25mフリーリレー,混合,160～199歳,184,53.39,,1,,3,中西剛,,成城,12.37,,,,,,,,,50.90,,,8/4
1089,76,2024,5,11,短水路,チーム,29,4×25mフリーリレー,混合,160～199歳,184,53.39,,2,,3,石井龍,,成城,12.27,,,,,,,,,50.90,,,8/4
1090,76,2024,5,11,短水路,チーム,29,4×25mフリーリレー,混合,160～199歳,184,53.39,,3,,3,大川晴美,,成城,15.30,,,,,,,,,50.90,,,8/4
1091,76,2024,5,11,短水路,チーム,29,4×25mフリーリレー,混合,160～199歳,184,53.39,,4,,3,佐々木彩,,成城,13.45,,,,,,,,,50.90,,,8/4
1092,76,2024,5,11,短水路,チーム,29,4×25mフリーリレー,混合,160～199歳,193,54.06,,1,,4,島脇晃也,,大森,11.59,,,,,,,,,50.90,,,7/3
1093,76,2024,5,11,短水路,チーム,29,4×25mフリーリレー,混合,160～199歳,193,54.06,,2,,4,野村峰生,,大森,11.81,,,,,,,,,50.90,,,7/3
1094,76,2024,5,11,短水路,チーム,29,4×25mフリーリレー,混合,160～199歳,193,54.06,,3,,4,浅尾有香,,大森,14.67,,,,,,,,,50.90,,,7/3
1095,76,2024,5,11,短水路,チーム,29,4×25mフリーリレー,混合,160～199歳,193,54.06,,4,,4,大島江理子,,大森,15.99,,,,,,,,,50.90,,,7/3
1096,76,2024,5,11,短水路,チーム,29,4×25mフリーリレー,混合,160～199歳,170,54.09,,1,,5,齊藤仁,,茂原,13.85,,,,,,,,,50.90,,,6/1
1097,76,2024,5,11,短水路,チーム,29,4×25mフリーリレー,混合,160～199歳,170,54.09,,2,,5,村田由里子,,茂原,14.35,,,,,,,,,50.90,,,6/1
1098,76,2024,5,11,短水路,チーム,29,4×25mフリーリレー,混合,160～199歳,170,54.09,,3,,5,岡澤志織,,茂原,13.13,,,,,,,,,50.90,,,6/1
1099,76,2024,5,11,短水路,チーム,29,4×25mフリーリレー,混合,160～199歳,170,54.09,,4,,5,阪田高士,,茂原,12.76,,,,,,,,,50.90,,,6/1
1100,76,2024,5,11,短水路,チーム,29,4×25mフリーリレー,混合,160～199歳,186,54.89,,1,,6,塚本拓也,,清瀬,11.77,,,,,,,,,50.90,,,5/4
1101,76,2024,5,11,短水路,チーム,29,4×25mフリーリレー,混合,160～199歳,186,54.89,,2,,6,大槻真由美,,清瀬,16.15,,,,,,,,,50.90,,,5/4
1102,76,2024,5,11,短水路,チーム,29,4×25mフリーリレー,混合,160～199歳,186,54.89,,3,,6,大橋ほづ美,,清瀬,15.60,,,,,,,,,50.90,,,5/4
1103,76,2024,5,11,短水路,チーム,29,4×25mフリーリレー,混合,160～199歳,186,54.89,,4,,6,山岡拓馬,,清瀬,11.37,,,,,,,,,50.90,,,5/4
1104,76,2024,5,11,短水路,チーム,29,4×25mフリーリレー,混合,160～199歳,182,54.99,,1,,7,永瀬知之,,二俣川,12.55,,,,,,,,,50.90,,,8/1
1105,76,2024,5,11,短水路,チーム,29,4×25mフリーリレー,混合,160～199歳,182,54.99,,2,,7,古池奈々,,二俣川,15.74,,,,,,,,,50.90,,,8/1
1106,76,2024,5,11,短水路,チーム,29,4×25mフリーリレー,混合,160～199歳,182,54.99,,3,,7,草野茜,,二俣川,15.39,,,,,,,,,50.90,,,8/1
1107,76,2024,5,11,短水路,チーム,29,4×25mフリーリレー,混合,160～199歳,182,54.99,,4,,7,鶴谷学,,二俣川,11.31,,,,,,,,,50.90,,,8/1
1108,76,2024,5,11,短水路,チーム,29,4×25mフリーリレー,混合,160～199歳,162,56.11,,1,,8,花輪博之,,越谷,13.33,,,,,,,,,50.90,,,6/3
1109,76,2024,5,11,短水路,チーム,29,4×25mフリーリレー,混合,160～199歳,162,56.11,,2,,8,岡田能行,,越谷,13.95,,,,,,,,,50.90,,,6/3
1110,76,2024,5,11,短水路,チーム,29,4×25mフリーリレー,混合,160～199歳,162,56.11,,3,,8,西澤瑛倫,,越谷,13.82,,,,,,,,,50.90,,,6/3
1111,76,2024,5,11,短水路,チーム,29,4×25mフリーリレー,混合,160～199歳,162,56.11,,4,,8,山田未紗子,,越谷,15.01,,,,,,,,,50.90,,,6/3
1112,76,2024,5,11,短水路,チーム,29,4×25mフリーリレー,混合,160～199歳,171,57.49,,1,,9,関根貴大,,阿佐谷,12.85,,,,,,,,,50.90,,,7/1
1113,76,2024,5,11,短水路,チーム,29,4×25mフリーリレー,混合,160～199歳,171,57.49,,2,,9,長谷川恵,,阿佐谷,15.26,,,,,,,,,50.90,,,7/1
1114,76,2024,5,11,短水路,チーム,29,4×25mフリーリレー,混合,160～199歳,171,57.49,,3,,9,溝呂木友子,,阿佐谷,15.85,,,,,,,,,50.90,,,7/1
1115,76,2024,5,11,短水路,チーム,29,4×25mフリーリレー,混合,160～199歳,171,57.49,,4,,9,真島隆,,阿佐谷,13.53,,,,,,,,,50.90,,,7/1
1116,76,2024,5,11,短水路,チーム,29,4×25mフリーリレー,混合,160～199歳,179,58.42,,1,,10,錦織佳奈子,,川崎,15.84,,,,,,,,,50.90,,,5/5
1117,76,2024,5,11,短水路,チーム,29,4×25mフリーリレー,混合,160～199歳,179,58.42,,2,,10,小柳大,,川崎,15.80,,,,,,,,,50.90,,,5/5
1118,76,2024,5,11,短水路,チーム,29,4×25mフリーリレー,混合,160～199歳,179,58.42,,3,,10,日下幸子,,川崎,14.62,,,,,,,,,50.90,,,5/5
1119,76,2024,5,11,短水路,チーム,29,4×25mフリーリレー,混合,160～199歳,179,58.42,,4,,10,河野大和,,川崎,12.16,,,,,,,,,50.90,,,5/5
1120,76,2024,5,11,短水路,チーム,29,4×25mフリーリレー,混合,160～199歳,178,1:04.53,,1,,11,矢部裕之,,長津田,13.17,,,,,,,,,50.90,,,5/8
1121,76,2024,5,11,短水路,チーム,29,4×25mフリーリレー,混合,160～199歳,178,1:04.53,,2,,11,久保かおり,,長津田,17.01,,,,,,,,,50.90,,,5/8
1122,76,2024,5,11,短水路,チーム,29,4×25mフリーリレー,混合,160～199歳,178,1:04.53,,3,,11,久保美由紀,,長津田,18.80,,,,,,,,,50.90,,,5/8
1123,76,2024,5,11,短水路,チーム,29,4×25mフリーリレー,混合,160～199歳,178,1:04.53,,4,,11,萩原智徳,,長津田,15.55,,,,,,,,,50.90,,,5/8
1124,76,2024,5,11,短水路,チーム,29,4×25mフリーリレー,混合,160～199歳,182,1:04.79,,1,,12,斉藤靖子,,目黒,20.74,,,,,,,,,50.90,,,4/7
1125,76,2024,5,11,短水路,チーム,29,4×25mフリーリレー,混合,160～199歳,182,1:04.79,,2,,12,李鎬善,,目黒,17.90,,,,,,,,,50.90,,,4/7
1126,76,2024,5,11,短水路,チーム,29,4×25mフリーリレー,混合,160～199歳,182,1:04.79,,3,,12,兵藤鋭雄,,目黒,13.33,,,,,,,,,50.90,,,4/7
1127,76,2024,5,11,短水路,チーム,29,4×25mフリーリレー,混合,160～199歳,182,1:04.79,,4,,12,中村真也,,目黒,12.82,,,,,,,,,50.90,,,4/7
1128,76,2024,5,11,短水路,チーム,29,4×25mフリーリレー,混合,160～199歳,182,1:05.35,,1,,13,中村浩司,,青砥,16.04,,,,,,,,,50.90,,,1/5
1129,76,2024,5,11,短水路,チーム,29,4×25mフリーリレー,混合,160～199歳,182,1:05.35,,2,,13,角田優佳里,,青砥,17.85,,,,,,,,,50.90,,,1/5
1130,76,2024,5,11,短水路,チーム,29,4×25mフリーリレー,混合,160～199歳,182,1:05.35,,3,,13,田中香苗,,青砥,18.83,,,,,,,,,50.90,,,1/5
1131,76,2024,5,11,短水路,チーム,29,4×25mフリーリレー,混合,160～199歳,182,1:05.35,,4,,13,武本侑己,,青砥,12.63,,,,,,,,,50.90,,,1/5
1132,76,2024,5,11,短水路,チーム,29,4×25mフリーリレー,混合,160～199歳,197,1:08.80,,1,,14,穴田啓樹,,慶應日吉,14.86,,,,,,,,,50.90,,,1/6
1133,76,2024,5,11,短水路,チーム,29,4×25mフリーリレー,混合,160～199歳,197,1:08.80,,2,,14,RacaruGabriela,,慶應日吉,18.48,,,,,,,,,50.90,,,1/6
1134,76,2024,5,11,短水路,チーム,29,4×25mフリーリレー,混合,160～199歳,197,1:08.80,,3,,14,榮真須美,,慶應日吉,20.68,,,,,,,,,50.90,,,1/6
1135,76,2024,5,11,短水路,チーム,29,4×25mフリーリレー,混合,160～199歳,197,1:08.80,,4,,14,田中遼太,,慶應日吉,14.78,,,,,,,,,50.90,,,1/6
1136,76,2024,5,11,短水路,チーム,29,4×25mフリーリレー,混合,120～159歳,138,51.85,,1,,1,前田崇行,,二俣川,11.94,,,,,,,,,48.23,,,9/1
1137,76,2024,5,11,短水路,チーム,29,4×25mフリーリレー,混合,120～159歳,138,51.85,,2,,1,西山春苗,,二俣川,14.75,,,,,,,,,48.23,,,9/1
1138,76,2024,5,11,短水路,チーム,29,4×25mフリーリレー,混合,120～159歳,138,51.85,,3,,1,長瀬涼佳,,二俣川,13.87,,,,,,,,,48.23,,,9/1
1139,76,2024,5,11,短水路,チーム,29,4×25mフリーリレー,混合,120～159歳,138,51.85,,4,,1,田中啓二朗,,二俣川,11.29,,,,,,,,,48.23,,,9/1
1140,76,2024,5,11,短水路,チーム,29,4×25mフリーリレー,混合,120～159歳,156,52.04,,1,,2,竹下翔,,長津田,13.04,,,,,,,,,48.23,,,9/2
1141,76,2024,5,11,短水路,チーム,29,4×25mフリーリレー,混合,120～159歳,156,52.04,,2,,2,川北恵,,長津田,13.35,,,,,,,,,48.23,,,9/2
1142,76,2024,5,11,短水路,チーム,29,4×25mフリーリレー,混合,120～159歳,156,52.04,,3,,2,吉村華余,,長津田,13.33,,,,,,,,,48.23,,,9/2
1143,76,2024,5,11,短水路,チーム,29,4×25mフリーリレー,混合,120～159歳,156,52.04,,4,,2,花井一也,,長津田,12.32,,,,,,,,,48.23,,,9/2
1144,76,2024,5,11,短水路,チーム,29,4×25mフリーリレー,混合,120～159歳,158,53.05,,1,,3,和田弘太郎,,阿佐谷,11.69,,,,,,,,,48.23,,,8/7
1145,76,2024,5,11,短水路,チーム,29,4×25mフリーリレー,混合,120～159歳,158,53.05,,2,,3,小野真佐子,,阿佐谷,15.50,,,,,,,,,48.23,,,8/7
1146,76,2024,5,11,短水路,チーム,29,4×25mフリーリレー,混合,120～159歳,158,53.05,,3,,3,大藪幾美,,阿佐谷,14.19,,,,,,,,,48.23,,,8/7
1147,76,2024,5,11,短水路,チーム,29,4×25mフリーリレー,混合,120～159歳,158,53.05,,4,,3,椎本恭平,,阿佐谷,11.67,,,,,,,,,48.23,,,8/7
1148,76,2024,5,11,短水路,チーム,29,4×25mフリーリレー,混合,120～159歳,138,53.22,,1,,4,真如美優,,南千住,14.07,,,,,,,,,48.23,,,7/6
1149,76,2024,5,11,短水路,チーム,29,4×25mフリーリレー,混合,120～159歳,138,53.22,,2,,4,宮川航,,南千住,11.63,,,,,,,,,48.23,,,7/6
1150,76,2024,5,11,短水路,チーム,29,4×25mフリーリレー,混合,120～159歳,138,53.22,,3,,4,小堀友美,,南千住,13.78,,,,,,,,,48.23,,,7/6
1151,76,2024,5,11,短水路,チーム,29,4×25mフリーリレー,混合,120～159歳,138,53.22,,4,,4,増淵知紀,,南千住,13.74,,,,,,,,,48.23,,,7/6
1152,76,2024,5,11,短水路,チーム,29,4×25mフリーリレー,混合,120～159歳,144,54.10,,1,,5,寺田遼太,,天王洲,12.62,,,,,,,,,48.23,,,7/5
1153,76,2024,5,11,短水路,チーム,29,4×25mフリーリレー,混合,120～159歳,144,54.10,,2,,5,萩原ゆりか,,天王洲,15.41,,,,,,,,,48.23,,,7/5
1154,76,2024,5,11,短水路,チーム,29,4×25mフリーリレー,混合,120～159歳,144,54.10,,3,,5,四井美穂,,天王洲,14.73,,,,,,,,,48.23,,,7/5
1155,76,2024,5,11,短水路,チーム,29,4×25mフリーリレー,混合,120～159歳,144,54.10,,4,,5,小野健,,天王洲,11.34,,,,,,,,,48.23,,,7/5
1156,76,2024,5,11,短水路,チーム,29,4×25mフリーリレー,混合,120～159歳,123,54.57,,1,,6,川手詢介,,慶應日吉,12.40,,,,,,,,,48.23,,,8/3
1157,76,2024,5,11,短水路,チーム,29,4×25mフリーリレー,混合,120～159歳,123,54.57,,2,,6,小豆澤和代,,慶應日吉,14.78,,,,,,,,,48.23,,,8/3
1158,76,2024,5,11,短水路,チーム,29,4×25mフリーリレー,混合,120～159歳,123,54.57,,3,,6,井上唯,,慶應日吉,15.92,,,,,,,,,48.23,,,8/3
1159,76,2024,5,11,短水路,チーム,29,4×25mフリーリレー,混合,120～159歳,123,54.57,,4,,6,高見沢重倫,,慶應日吉,11.47,,,,,,,,,48.23,,,8/3
1160,76,2024,5,11,短水路,チーム,29,4×25mフリーリレー,混合,120～159歳,131,55.75,,1,,7,江沢純也,,我孫子,12.57,,,,,,,,,48.23,,,4/2
1161,76,2024,5,11,短水路,チーム,29,4×25mフリーリレー,混合,120～159歳,131,55.75,,2,,7,宮坂茉優,,我孫子,13.62,,,,,,,,,48.23,,,4/2
1162,76,2024,5,11,短水路,チーム,29,4×25mフリーリレー,混合,120～159歳,131,55.75,,3,,7,角南美貴,,我孫子,17.40,,,,,,,,,48.23,,,4/2
1163,76,2024,5,11,短水路,チーム,29,4×25mフリーリレー,混合,120～159歳,131,55.75,,4,,7,城野天都,,我孫子,12.16,,,,,,,,,48.23,,,4/2
1164,76,2024,5,11,短水路,チーム,29,4×25mフリーリレー,混合,120～159歳,155,1:00.73,,1,,8,中原志門,,大森,12.07,,,,,,,,,48.23,,,2/4
1165,76,2024,5,11,短水路,チーム,29,4×25mフリーリレー,混合,120～159歳,155,1:00.73,,2,,8,宇佐美学,,大森,16.08,,,,,,,,,48.23,,,2/4
1166,76,2024,5,11,短水路,チーム,29,4×25mフリーリレー,混合,120～159歳,155,1:00.73,,3,,8,冨永結衣子,,大森,16.90,,,,,,,,,48.23,,,2/4
1167,76,2024,5,11,短水路,チーム,29,4×25mフリーリレー,混合,120～159歳,155,1:00.73,,4,,8,大竹昌子,,大森,15.68,,,,,,,,,48.23,,,2/4
1168,76,2024,5,11,短水路,チーム,29,4×25mフリーリレー,混合,72～119歳,97,47.64,,1,,1,志田公輝,,阿佐谷,10.92,,,,,,,,,47.52,,,9/4
1169,76,2024,5,11,短水路,チーム,29,4×25mフリーリレー,混合,72～119歳,97,47.64,,2,,1,志熊叶一郎,,阿佐谷,10.15,,,,,,,,,47.52,,,9/4
1170,76,2024,5,11,短水路,チーム,29,4×25mフリーリレー,混合,72～119歳,97,47.64,,3,,1,今井恵子,,阿佐谷,13.93,,,,,,,,,47.52,,,9/4
1171,76,2024,5,11,短水路,チーム,29,4×25mフリーリレー,混合,72～119歳,97,47.64,,4,,1,田中沙衣,,阿佐谷,12.64,,,,,,,,,47.52,,,9/4
1172,76,2024,5,11,短水路,チーム,29,4×25mフリーリレー,混合,72～119歳,97,48.39,,1,,2,渡辺美楓,,谷津,13.31,,,,,,,,,47.52,,,7/4
1173,76,2024,5,11,短水路,チーム,29,4×25mフリーリレー,混合,72～119歳,97,48.39,,2,,2,只野克,,谷津,11.27,,,,,,,,,47.52,,,7/4
1174,76,2024,5,11,短水路,チーム,29,4×25mフリーリレー,混合,72～119歳,97,48.39,,3,,2,岡田星理,,谷津,13.15,,,,,,,,,47.52,,,7/4
1175,76,2024,5,11,短水路,チーム,29,4×25mフリーリレー,混合,72～119歳,97,48.39,,4,,2,石川和樹,,谷津,10.66,,,,,,,,,47.52,,,7/4
1176,76,2024,5,11,短水路,チーム,29,4×25mフリーリレー,混合,72～119歳,91,49.71,,1,,3,山﨑陸真,,二俣川,11.79,,,,,,,,,47.52,,,9/6
1177,76,2024,5,11,短水路,チーム,29,4×25mフリーリレー,混合,72～119歳,91,49.71,,2,,3,秋澤裕介,,二俣川,11.59,,,,,,,,,47.52,,,9/6
1178,76,2024,5,11,短水路,チーム,29,4×25mフリーリレー,混合,72～119歳,91,49.71,,3,,3,表侑寿,,二俣川,12.99,,,,,,,,,47.52,,,9/6
1179,76,2024,5,11,短水路,チーム,29,4×25mフリーリレー,混合,72～119歳,91,49.71,,4,,3,志賀菜々美,,二俣川,13.34,,,,,,,,,47.52,,,9/6
1180,76,2024,5,11,短水路,チーム,29,4×25mフリーリレー,混合,72～119歳,118,50.13,,1,,4,高橋翔,,葛西,11.86,,,,,,,,,47.52,,,9/5
1181,76,2024,5,11,短水路,チーム,29,4×25mフリーリレー,混合,72～119歳,118,50.13,,2,,4,前島悠也,,葛西,11.60,,,,,,,,,47.52,,,9/5
1182,76,2024,5,11,短水路,チーム,29,4×25mフリーリレー,混合,72～119歳,118,50.13,,3,,4,松田未悠,,葛西,13.38,,,,,,,,,47.52,,,9/5
1183,76,2024,5,11,短水路,チーム,29,4×25mフリーリレー,混合,72～119歳,118,50.13,,4,,4,青木梨緒,,葛西,13.29,,,,,,,,,47.52,,,9/5
1184,76,2024,5,11,短水路,チーム,29,4×25mフリーリレー,混合,72～119歳,110,50.76,,1,,5,高梨大樹,,成城,12.23,,,,,,,,,47.52,,,9/3
1185,76,2024,5,11,短水路,チーム,29,4×25mフリーリレー,混合,72～119歳,110,50.76,,2,,5,広瀬幸音,,成城,13.51,,,,,,,,,47.52,,,9/3
1186,76,2024,5,11,短水路,チーム,29,4×25mフリーリレー,混合,72～119歳,110,50.76,,3,,5,仲田笑美,,成城,13.82,,,,,,,,,47.52,,,9/3
1187,76,2024,5,11,短水路,チーム,29,4×25mフリーリレー,混合,72～119歳,110,50.76,,4,,5,石井翔真,,成城,11.20,,,,,,,,,47.52,,,9/3
1188,76,2024,5,11,短水路,チーム,29,4×25mフリーリレー,混合,72～119歳,102,50.89,,1,,6,村田雅治,,長津田,11.79,,,,,,,,,47.52,,,9/7
1189,76,2024,5,11,短水路,チーム,29,4×25mフリーリレー,混合,72～119歳,102,50.89,,2,,6,高橋紗良,,長津田,12.68,,,,,,,,,47.52,,,9/7
1190,76,2024,5,11,短水路,チーム,29,4×25mフリーリレー,混合,72～119歳,102,50.89,,3,,6,宮林佑妃,,長津田,15.48,,,,,,,,,47.52,,,9/7
1191,76,2024,5,11,短水路,チーム,29,4×25mフリーリレー,混合,72～119歳,102,50.89,,4,,6,村田拓斗,,長津田,10.94,,,,,,,,,47.52,,,9/7
1192,76,2024,5,11,短水路,チーム,29,4×25mフリーリレー,混合,72～119歳,112,52.79,,1,,7,西沢歩,,清瀬,12.59,,,,,,,,,47.52,,,8/6
1193,76,2024,5,11,短水路,チーム,29,4×25mフリーリレー,混合,72～119歳,112,52.79,,2,,7,大黒明日香,,清瀬,14.78,,,,,,,,,47.52,,,8/6
1194,76,2024,5,11,短水路,チーム,29,4×25mフリーリレー,混合,72～119歳,112,52.79,,3,,7,高崎優奈,,清瀬,13.72,,,,,,,,,47.52,,,8/6
1195,76,2024,5,11,短水路,チーム,29,4×25mフリーリレー,混合,72～119歳,112,52.79,,4,,7,今里昂哉,,清瀬,11.70,,,,,,,,,47.52,,,8/6
1196,76,2024,5,11,短水路,チーム,29,4×25mフリーリレー,混合,72～119歳,104,54.81,,1,,8,杉山大亜,,二俣川,12.93,,,,,,,,,47.52,,,8/8
1197,76,2024,5,11,短水路,チーム,29,4×25mフリーリレー,混合,72～119歳,104,54.81,,2,,8,山田丈翔,,二俣川,12.15,,,,,,,,,47.52,,,8/8
1198,76,2024,5,11,短水路,チーム,29,4×25mフリーリレー,混合,72～119歳,104,54.81,,3,,8,深堀陽子,,二俣川,14.88,,,,,,,,,47.52,,,8/8
1199,76,2024,5,11,短水路,チーム,29,4×25mフリーリレー,混合,72～119歳,104,54.81,,4,,8,松本彩花,,二俣川,14.85,,,,,,,,,47.52,,,8/8
