ID,回,年,月,日,水路,タイプ,レース番号,競技名,競技性別,リレー年齢区分,リレー実年齢合計,リレータイム,リレー大会新差,リレー泳順,個人年齢区分,順位,選手名,性別,チーム名,個人タイム,個人大会新差,飛込タイム,LAPタイム,個人得点,チーム得点,申請タイム,ぴったり賞,大会新,大会記録,日本記録,世界記録,レーン
1,75,2023,11,4,長水路,チーム,3,4×50mフリーリレー,女子,320～359歳,327,3:16.24,,1,,1,八田清子,,セ・松戸,45.00,,,,,,,,TRUE,3:41.09,2:52.72,2:52.72,1/7
2,75,2023,11,4,長水路,チーム,3,4×50mフリーリレー,女子,320～359歳,327,3:16.24,,2,,1,須山順子,,セ・松戸,50.55,,,,,,,,TRUE,3:41.09,2:52.72,2:52.72,1/7
3,75,2023,11,4,長水路,チーム,3,4×50mフリーリレー,女子,320～359歳,327,3:16.24,,3,,1,川口栄子,,セ・松戸,43.45,,,,,,,,TRUE,3:41.09,2:52.72,2:52.72,1/7
4,75,2023,11,4,長水路,チーム,3,4×50mフリーリレー,女子,320～359歳,327,3:16.24,,4,,1,馬渡厚子,,セ・松戸,57.24,,,,,,,,TRUE,3:41.09,2:52.72,2:52.72,1/7
5,75,2023,11,4,長水路,チーム,3,4×50mフリーリレー,女子,320～359歳,320,3:45.87,,1,,2,新堀友子,,セ・天王洲,56.85,,,,,,,,,3:41.09,2:52.72,2:52.72,1/2
6,75,2023,11,4,長水路,チーム,3,4×50mフリーリレー,女子,320～359歳,320,3:45.87,,2,,2,川端淑子,,セ・天王洲,54.41,,,,,,,,,3:41.09,2:52.72,2:52.72,1/2
7,75,2023,11,4,長水路,チーム,3,4×50mフリーリレー,女子,320～359歳,320,3:45.87,,3,,2,平田美佐子,,セ・天王洲,56.52,,,,,,,,,3:41.09,2:52.72,2:52.72,1/2
8,75,2023,11,4,長水路,チーム,3,4×50mフリーリレー,女子,320～359歳,320,3:45.87,,4,,2,柴田千代子,,セ・天王洲,58.09,,,,,,,,,3:41.09,2:52.72,2:52.72,1/2
9,75,2023,11,4,長水路,チーム,3,4×50mフリーリレー,女子,280～319歳,280,2:46.41,,1,,1,立石由美子,,セ・大森,39.85,,,,,,,,,2:45.72,2:32.73,2:14.99,2/4
10,75,2023,11,4,長水路,チーム,3,4×50mフリーリレー,女子,280～319歳,280,2:46.41,,2,,1,藤井一恵,,セ・大森,42.61,,,,,,,,,2:45.72,2:32.73,2:14.99,2/4
11,75,2023,11,4,長水路,チーム,3,4×50mフリーリレー,女子,280～319歳,280,2:46.41,,3,,1,室谷晴江,,セ・大森,44.44,,,,,,,,,2:45.72,2:32.73,2:14.99,2/4
12,75,2023,11,4,長水路,チーム,3,4×50mフリーリレー,女子,280～319歳,280,2:46.41,,4,,1,井上美佐子,,セ・大森,39.51,,,,,,,,,2:45.72,2:32.73,2:14.99,2/4
13,75,2023,11,4,長水路,チーム,3,4×50mフリーリレー,女子,280～319歳,302,2:58.14,,1,,2,柴崎徳子,,セ・柏,42.57,,,,,,,,,2:45.72,2:32.73,2:14.99,2/9
14,75,2023,11,4,長水路,チーム,3,4×50mフリーリレー,女子,280～319歳,302,2:58.14,,2,,2,木澤杲子,,セ・柏,44.51,,,,,,,,,2:45.72,2:32.73,2:14.99,2/9
15,75,2023,11,4,長水路,チーム,3,4×50mフリーリレー,女子,280～319歳,302,2:58.14,,3,,2,長野愛子,,セ・柏,47.81,,,,,,,,,2:45.72,2:32.73,2:14.99,2/9
16,75,2023,11,4,長水路,チーム,3,4×50mフリーリレー,女子,280～319歳,302,2:58.14,,4,,2,浅浦礼子,,セ・柏,43.25,,,,,,,,,2:45.72,2:32.73,2:14.99,2/9
17,75,2023,11,4,長水路,チーム,3,4×50mフリーリレー,女子,280～319歳,280,3:04.66,,1,,3,五十嵐知佐,,セ・おおたか,37.43,,,,,,,,,2:45.72,2:32.73,2:14.99,1/4
18,75,2023,11,4,長水路,チーム,3,4×50mフリーリレー,女子,280～319歳,280,3:04.66,,2,,3,田中もみぢ,,セ・おおたか,50.89,,,,,,,,,2:45.72,2:32.73,2:14.99,1/4
19,75,2023,11,4,長水路,チーム,3,4×50mフリーリレー,女子,280～319歳,280,3:04.66,,3,,3,松永タズヨ,,セ・おおたか,50.95,,,,,,,,,2:45.72,2:32.73,2:14.99,1/4
20,75,2023,11,4,長水路,チーム,3,4×50mフリーリレー,女子,280～319歳,280,3:04.66,,4,,3,山地多佳子,,セ・おおたか,45.39,,,,,,,,,2:45.72,2:32.73,2:14.99,1/4
21,75,2023,11,4,長水路,チーム,3,4×50mフリーリレー,女子,280～319歳,281,3:11.79,,1,,4,福田加代子,,セ・戸塚,49.93,,,,,,,,,2:45.72,2:32.73,2:14.99,1/3
22,75,2023,11,4,長水路,チーム,3,4×50mフリーリレー,女子,280～319歳,281,3:11.79,,2,,4,菅和江,,セ・戸塚,46.05,,,,,,,,,2:45.72,2:32.73,2:14.99,1/3
23,75,2023,11,4,長水路,チーム,3,4×50mフリーリレー,女子,280～319歳,281,3:11.79,,3,,4,太田拓江,,セ・戸塚,49.93,,,,,,,,,2:45.72,2:32.73,2:14.99,1/3
24,75,2023,11,4,長水路,チーム,3,4×50mフリーリレー,女子,280～319歳,281,3:11.79,,4,,4,菅井道子,,セ・戸塚,45.88,,,,,,,,,2:45.72,2:32.73,2:14.99,1/3
25,75,2023,11,4,長水路,チーム,3,4×50mフリーリレー,女子,280～319歳,287,3:22.28,,1,,5,梅田栄己子,,セ・天王洲,43.51,,,,,,,,,2:45.72,2:32.73,2:14.99,1/8
26,75,2023,11,4,長水路,チーム,3,4×50mフリーリレー,女子,280～319歳,287,3:22.28,,2,,5,川島かよ子,,セ・天王洲,48.18,,,,,,,,,2:45.72,2:32.73,2:14.99,1/8
27,75,2023,11,4,長水路,チーム,3,4×50mフリーリレー,女子,280～319歳,287,3:22.28,,3,,5,寺西寿賀子,,セ・天王洲,57.40,,,,,,,,,2:45.72,2:32.73,2:14.99,1/8
28,75,2023,11,4,長水路,チーム,3,4×50mフリーリレー,女子,280～319歳,287,3:22.28,,4,,5,長谷川節子,,セ・天王洲,53.19,,,,,,,,,2:45.72,2:32.73,2:14.99,1/8
29,75,2023,11,4,長水路,チーム,3,4×50mフリーリレー,女子,240～279歳,242,2:25.49,,1,,1,永瀬秀子,,セ・二俣川,32.70,,,,,,,,,2:18.66,2:11.30,2:00.75,3/5
30,75,2023,11,4,長水路,チーム,3,4×50mフリーリレー,女子,240～279歳,242,2:25.49,,2,,1,野島久枝,,セ・二俣川,37.79,,,,,,,,,2:18.66,2:11.30,2:00.75,3/5
31,75,2023,11,4,長水路,チーム,3,4×50mフリーリレー,女子,240～279歳,242,2:25.49,,3,,1,中野裕子,,セ・二俣川,38.48,,,,,,,,,2:18.66,2:11.30,2:00.75,3/5
32,75,2023,11,4,長水路,チーム,3,4×50mフリーリレー,女子,240～279歳,242,2:25.49,,4,,1,武井麻知子,,セ・二俣川,36.52,,,,,,,,,2:18.66,2:11.30,2:00.75,3/5
33,75,2023,11,4,長水路,チーム,3,4×50mフリーリレー,女子,240～279歳,245,2:36.30,,1,,2,仲田久美子,,セ・成城,34.41,,,,,,,,,2:18.66,2:11.30,2:00.75,3/3
34,75,2023,11,4,長水路,チーム,3,4×50mフリーリレー,女子,240～279歳,245,2:36.30,,2,,2,松田聡美,,セ・成城,41.80,,,,,,,,,2:18.66,2:11.30,2:00.75,3/3
35,75,2023,11,4,長水路,チーム,3,4×50mフリーリレー,女子,240～279歳,245,2:36.30,,3,,2,草森理子,,セ・成城,41.90,,,,,,,,,2:18.66,2:11.30,2:00.75,3/3
36,75,2023,11,4,長水路,チーム,3,4×50mフリーリレー,女子,240～279歳,245,2:36.30,,4,,2,高梨美樹,,セ・成城,38.19,,,,,,,,,2:18.66,2:11.30,2:00.75,3/3
37,75,2023,11,4,長水路,チーム,3,4×50mフリーリレー,女子,240～279歳,242,2:36.51,,1,,3,太田温子,,ザバス鶴見,39.68,,,,,,,,,2:18.66,2:11.30,2:00.75,2/7
38,75,2023,11,4,長水路,チーム,3,4×50mフリーリレー,女子,240～279歳,242,2:36.51,,2,,3,岩崎真弓,,ザバス鶴見,36.24,,,,,,,,,2:18.66,2:11.30,2:00.75,2/7
39,75,2023,11,4,長水路,チーム,3,4×50mフリーリレー,女子,240～279歳,242,2:36.51,,3,,3,藤枝康子,,ザバス鶴見,39.11,,,,,,,,,2:18.66,2:11.30,2:00.75,2/7
40,75,2023,11,4,長水路,チーム,3,4×50mフリーリレー,女子,240～279歳,242,2:36.51,,4,,3,竹田正美,,ザバス鶴見,41.48,,,,,,,,,2:18.66,2:11.30,2:00.75,2/7
41,75,2023,11,4,長水路,チーム,3,4×50mフリーリレー,女子,240～279歳,251,2:39.05,,1,,4,矢部直美,,セ・二俣川,42.44,,,,,,,,,2:18.66,2:11.30,2:00.75,2/3
42,75,2023,11,4,長水路,チーム,3,4×50mフリーリレー,女子,240～279歳,251,2:39.05,,2,,4,堀口三恵子,,セ・二俣川,45.51,,,,,,,,,2:18.66,2:11.30,2:00.75,2/3
43,75,2023,11,4,長水路,チーム,3,4×50mフリーリレー,女子,240～279歳,251,2:39.05,,3,,4,奥寺容子,,セ・二俣川,36.17,,,,,,,,,2:18.66,2:11.30,2:00.75,2/3
44,75,2023,11,4,長水路,チーム,3,4×50mフリーリレー,女子,240～279歳,251,2:39.05,,4,,4,川村佳代子,,セ・二俣川,34.93,,,,,,,,,2:18.66,2:11.30,2:00.75,2/3
45,75,2023,11,4,長水路,チーム,3,4×50mフリーリレー,女子,240～279歳,250,2:40.44,,1,,5,米澤美智子,,セ・成瀬,40.40,,,,,,,,,2:18.66,2:11.30,2:00.75,2/5
46,75,2023,11,4,長水路,チーム,3,4×50mフリーリレー,女子,240～279歳,250,2:40.44,,2,,5,篠倉有美,,セ・成瀬,37.58,,,,,,,,,2:18.66,2:11.30,2:00.75,2/5
47,75,2023,11,4,長水路,チーム,3,4×50mフリーリレー,女子,240～279歳,250,2:40.44,,3,,5,久松葉子,,セ・成瀬,44.28,,,,,,,,,2:18.66,2:11.30,2:00.75,2/5
48,75,2023,11,4,長水路,チーム,3,4×50mフリーリレー,女子,240～279歳,250,2:40.44,,4,,5,中平信子,,セ・成瀬,38.18,,,,,,,,,2:18.66,2:11.30,2:00.75,2/5
49,75,2023,11,4,長水路,チーム,3,4×50mフリーリレー,女子,240～279歳,252,2:42.18,,1,,6,伊藤ゆかり,,セ・成城,40.50,,,,,,,,,2:18.66,2:11.30,2:00.75,3/2
50,75,2023,11,4,長水路,チーム,3,4×50mフリーリレー,女子,240～279歳,252,2:42.18,,2,,6,柳沢智子,,セ・成城,42.46,,,,,,,,,2:18.66,2:11.30,2:00.75,3/2
51,75,2023,11,4,長水路,チーム,3,4×50mフリーリレー,女子,240～279歳,252,2:42.18,,3,,6,田代眞理子,,セ・成城,38.73,,,,,,,,,2:18.66,2:11.30,2:00.75,3/2
52,75,2023,11,4,長水路,チーム,3,4×50mフリーリレー,女子,240～279歳,252,2:42.18,,4,,6,茂櫛典子,,セ・成城,40.49,,,,,,,,,2:18.66,2:11.30,2:00.75,3/2
53,75,2023,11,4,長水路,チーム,3,4×50mフリーリレー,女子,240～279歳,247,2:45.47,,1,,7,野崎由美子,,セ・おおたか,39.78,,,,,,,,,2:18.66,2:11.30,2:00.75,1/5
54,75,2023,11,4,長水路,チーム,3,4×50mフリーリレー,女子,240～279歳,247,2:45.47,,2,,7,佐藤晶子,,セ・おおたか,41.51,,,,,,,,,2:18.66,2:11.30,2:00.75,1/5
55,75,2023,11,4,長水路,チーム,3,4×50mフリーリレー,女子,240～279歳,247,2:45.47,,3,,7,大久保祐美子,,セ・おおたか,41.59,,,,,,,,,2:18.66,2:11.30,2:00.75,1/5
56,75,2023,11,4,長水路,チーム,3,4×50mフリーリレー,女子,240～279歳,247,2:45.47,,4,,7,育村博子,,セ・おおたか,42.59,,,,,,,,,2:18.66,2:11.30,2:00.75,1/5
57,75,2023,11,4,長水路,チーム,3,4×50mフリーリレー,女子,240～279歳,258,2:46.01,,1,,8,近藤みゆき,,セ・阿佐谷,48.69,,,,,,,,,2:18.66,2:11.30,2:00.75,2/6
58,75,2023,11,4,長水路,チーム,3,4×50mフリーリレー,女子,240～279歳,258,2:46.01,,2,,8,近藤則子,,セ・阿佐谷,37.14,,,,,,,,,2:18.66,2:11.30,2:00.75,2/6
59,75,2023,11,4,長水路,チーム,3,4×50mフリーリレー,女子,240～279歳,258,2:46.01,,3,,8,野島正代,,セ・阿佐谷,38.33,,,,,,,,,2:18.66,2:11.30,2:00.75,2/6
60,75,2023,11,4,長水路,チーム,3,4×50mフリーリレー,女子,240～279歳,258,2:46.01,,4,,8,宮田ひとみ,,セ・阿佐谷,41.85,,,,,,,,,2:18.66,2:11.30,2:00.75,2/6
61,75,2023,11,4,長水路,チーム,3,4×50mフリーリレー,女子,240～279歳,254,2:50.60,,1,,9,小宮山美芽,,セ・天王洲,45.69,,,,,,,,,2:18.66,2:11.30,2:00.75,2/8
62,75,2023,11,4,長水路,チーム,3,4×50mフリーリレー,女子,240～279歳,254,2:50.60,,2,,9,櫻田琴,,セ・天王洲,42.37,,,,,,,,,2:18.66,2:11.30,2:00.75,2/8
63,75,2023,11,4,長水路,チーム,3,4×50mフリーリレー,女子,240～279歳,254,2:50.60,,3,,9,森内裕子,,セ・天王洲,43.48,,,,,,,,,2:18.66,2:11.30,2:00.75,2/8
64,75,2023,11,4,長水路,チーム,3,4×50mフリーリレー,女子,240～279歳,254,2:50.60,,3,,9,/5,,セ・天王洲,,,,,,,,,,2:18.66,2:11.30,2:00.75,2/8
65,75,2023,11,4,長水路,チーム,3,4×50mフリーリレー,女子,240～279歳,254,2:50.60,,4,,9,浅野みどり,,セ・天王洲,39.06,,,,,,,,,2:18.66,2:11.30,2:00.75,2/8
66,75,2023,11,4,長水路,チーム,3,4×50mフリーリレー,女子,200～239歳,200,2:09.81,,1,,1,片岡祥子,,セ・千葉みなと,30.14,,,,,,,,TRUE,2:15.89,1:58.55,1:54.72,4/4
67,75,2023,11,4,長水路,チーム,3,4×50mフリーリレー,女子,200～239歳,200,2:09.81,,2,,1,小谷佐織,,セ・千葉みなと,32.62,,,,,,,,TRUE,2:15.89,1:58.55,1:54.72,4/4
68,75,2023,11,4,長水路,チーム,3,4×50mフリーリレー,女子,200～239歳,200,2:09.81,,3,,1,唐鎌典子,,セ・千葉みなと,33.28,,,,,,,,TRUE,2:15.89,1:58.55,1:54.72,4/4
69,75,2023,11,4,長水路,チーム,3,4×50mフリーリレー,女子,200～239歳,200,2:09.81,,4,,1,年岡仁美,,セ・千葉みなと,33.77,,,,,,,,TRUE,2:15.89,1:58.55,1:54.72,4/4
70,75,2023,11,4,長水路,チーム,3,4×50mフリーリレー,女子,200～239歳,238,2:19.13,,1,,2,バーンズ智絵,,セ・松戸,33.08,,,,,,,,,2:15.89,1:58.55,1:54.72,4/1
71,75,2023,11,4,長水路,チーム,3,4×50mフリーリレー,女子,200～239歳,238,2:19.13,,2,,2,菅野泰子,,セ・松戸,35.01,,,,,,,,,2:15.89,1:58.55,1:54.72,4/1
72,75,2023,11,4,長水路,チーム,3,4×50mフリーリレー,女子,200～239歳,238,2:19.13,,3,,2,八尋加苗,,セ・松戸,34.15,,,,,,,,,2:15.89,1:58.55,1:54.72,4/1
73,75,2023,11,4,長水路,チーム,3,4×50mフリーリレー,女子,200～239歳,238,2:19.13,,4,,2,青木華世子,,セ・松戸,36.89,,,,,,,,,2:15.89,1:58.55,1:54.72,4/1
74,75,2023,11,4,長水路,チーム,3,4×50mフリーリレー,女子,200～239歳,201,2:25.70,,1,,3,池田百合子,,セ・市ヶ尾,29.48,,,,,,,,,2:15.89,1:58.55,1:54.72,4/2
75,75,2023,11,4,長水路,チーム,3,4×50mフリーリレー,女子,200～239歳,201,2:25.70,,2,,3,白須靖子,,セ・市ヶ尾,37.16,,,,,,,,,2:15.89,1:58.55,1:54.72,4/2
76,75,2023,11,4,長水路,チーム,3,4×50mフリーリレー,女子,200～239歳,201,2:25.70,,3,,3,北瀬あづさ,,セ・市ヶ尾,45.02,,,,,,,,,2:15.89,1:58.55,1:54.72,4/2
77,75,2023,11,4,長水路,チーム,3,4×50mフリーリレー,女子,200～239歳,201,2:25.70,,4,,3,高橋麻子,,セ・市ヶ尾,34.04,,,,,,,,,2:15.89,1:58.55,1:54.72,4/2
78,75,2023,11,4,長水路,チーム,3,4×50mフリーリレー,女子,200～239歳,209,2:27.64,,1,,4,沖田奈々美,,ザバス鶴見,36.66,,,,,,,,,2:15.89,1:58.55,1:54.72,3/6
79,75,2023,11,4,長水路,チーム,3,4×50mフリーリレー,女子,200～239歳,209,2:27.64,,2,,4,小林弘子,,ザバス鶴見,37.14,,,,,,,,,2:15.89,1:58.55,1:54.72,3/6
80,75,2023,11,4,長水路,チーム,3,4×50mフリーリレー,女子,200～239歳,209,2:27.64,,3,,4,佐伯康子,,ザバス鶴見,36.93,,,,,,,,,2:15.89,1:58.55,1:54.72,3/6
81,75,2023,11,4,長水路,チーム,3,4×50mフリーリレー,女子,200～239歳,209,2:27.64,,4,,4,田村美香子,,ザバス鶴見,36.91,,,,,,,,,2:15.89,1:58.55,1:54.72,3/6
82,75,2023,11,4,長水路,チーム,3,4×50mフリーリレー,女子,200～239歳,213,2:30.78,,1,,5,大橋ほづ美,,セ・清瀬,36.51,,,,,,,,,2:15.89,1:58.55,1:54.72,3/7
83,75,2023,11,4,長水路,チーム,3,4×50mフリーリレー,女子,200～239歳,213,2:30.78,,2,,5,山岡香織,,セ・清瀬,38.07,,,,,,,,,2:15.89,1:58.55,1:54.72,3/7
84,75,2023,11,4,長水路,チーム,3,4×50mフリーリレー,女子,200～239歳,213,2:30.78,,3,,5,岡田眞弓,,セ・清瀬,39.61,,,,,,,,,2:15.89,1:58.55,1:54.72,3/7
85,75,2023,11,4,長水路,チーム,3,4×50mフリーリレー,女子,200～239歳,213,2:30.78,,4,,5,大槻真由美,,セ・清瀬,36.59,,,,,,,,,2:15.89,1:58.55,1:54.72,3/7
86,75,2023,11,4,長水路,チーム,3,4×50mフリーリレー,女子,200～239歳,223,2:37.13,,1,,6,町田麻里,,セ・南千住,37.28,,,,,,,,,2:15.89,1:58.55,1:54.72,3/10
87,75,2023,11,4,長水路,チーム,3,4×50mフリーリレー,女子,200～239歳,223,2:37.13,,2,,6,石崎節代,,セ・南千住,44.21,,,,,,,,,2:15.89,1:58.55,1:54.72,3/10
88,75,2023,11,4,長水路,チーム,3,4×50mフリーリレー,女子,200～239歳,223,2:37.13,,3,,6,古宇田淳子,,セ・南千住,43.40,,,,,,,,,2:15.89,1:58.55,1:54.72,3/10
89,75,2023,11,4,長水路,チーム,3,4×50mフリーリレー,女子,200～239歳,223,2:37.13,,4,,6,杉本浩美,,セ・南千住,32.24,,,,,,,,,2:15.89,1:58.55,1:54.72,3/10
90,75,2023,11,4,長水路,チーム,3,4×50mフリーリレー,女子,200～239歳,226,2:38.95,,1,,7,松川律子,,セ・二俣川,37.37,,,,,,,,,2:15.89,1:58.55,1:54.72,3/1
91,75,2023,11,4,長水路,チーム,3,4×50mフリーリレー,女子,200～239歳,226,2:38.95,,2,,7,是永朋子,,セ・二俣川,40.97,,,,,,,,,2:15.89,1:58.55,1:54.72,3/1
92,75,2023,11,4,長水路,チーム,3,4×50mフリーリレー,女子,200～239歳,226,2:38.95,,3,,7,古谷幸代,,セ・二俣川,40.38,,,,,,,,,2:15.89,1:58.55,1:54.72,3/1
93,75,2023,11,4,長水路,チーム,3,4×50mフリーリレー,女子,200～239歳,226,2:38.95,,4,,7,盛田真規子,,セ・二俣川,40.23,,,,,,,,,2:15.89,1:58.55,1:54.72,3/1
94,75,2023,11,4,長水路,チーム,3,4×50mフリーリレー,女子,200～239歳,209,2:48.80,,1,,8,RacaruGabriela,,セ・慶應日吉,42.14,,,,,,,,,2:15.89,1:58.55,1:54.72,2/2
95,75,2023,11,4,長水路,チーム,3,4×50mフリーリレー,女子,200～239歳,209,2:48.80,,2,,8,鈴木夏実,,セ・慶應日吉,41.64,,,,,,,,,2:15.89,1:58.55,1:54.72,2/2
96,75,2023,11,4,長水路,チーム,3,4×50mフリーリレー,女子,200～239歳,209,2:48.80,,3,,8,中野朗子,,セ・慶應日吉,44.03,,,,,,,,,2:15.89,1:58.55,1:54.72,2/2
97,75,2023,11,4,長水路,チーム,3,4×50mフリーリレー,女子,200～239歳,209,2:48.80,,4,,8,高見沢ゆみ子,,セ・慶應日吉,40.99,,,,,,,,,2:15.89,1:58.55,1:54.72,2/2
98,75,2023,11,4,長水路,チーム,3,4×50mフリーリレー,女子,200～239歳,218,2:49.51,,1,,9,信賀志乃,,ザバス鶴見,42.47,,,,,,,,,2:15.89,1:58.55,1:54.72,3/8
99,75,2023,11,4,長水路,チーム,3,4×50mフリーリレー,女子,200～239歳,218,2:49.51,,2,,9,小林史子,,ザバス鶴見,51.46,,,,,,,,,2:15.89,1:58.55,1:54.72,3/8
100,75,2023,11,4,長水路,チーム,3,4×50mフリーリレー,女子,200～239歳,218,2:49.51,,3,,9,山本美佳里,,ザバス鶴見,37.35,,,,,,,,,2:15.89,1:58.55,1:54.72,3/8
101,75,2023,11,4,長水路,チーム,3,4×50mフリーリレー,女子,200～239歳,218,2:49.51,,4,,9,沢井由季子,,ザバス鶴見,38.23,,,,,,,,,2:15.89,1:58.55,1:54.72,3/8
102,75,2023,11,4,長水路,チーム,3,4×50mフリーリレー,女子,200～239歳,218,2:49.51,,4,,9,/5,,ザバス鶴見,,,,,,,,,,2:15.89,1:58.55,1:54.72,3/8
103,75,2023,11,4,長水路,チーム,3,4×50mフリーリレー,女子,160～199歳,185,2:13.03,,1,,1,佐々木彩,,セ・成城,31.58,,,,,,,,,2:05.08,1:54.99,1:48.44,4/3
104,75,2023,11,4,長水路,チーム,3,4×50mフリーリレー,女子,160～199歳,185,2:13.03,,2,,1,大川晴美,,セ・成城,34.17,,,,,,,,,2:05.08,1:54.99,1:48.44,4/3
105,75,2023,11,4,長水路,チーム,3,4×50mフリーリレー,女子,160～199歳,185,2:13.03,,3,,1,佐藤洋子,,セ・成城,36.10,,,,,,,,,2:05.08,1:54.99,1:48.44,4/3
106,75,2023,11,4,長水路,チーム,3,4×50mフリーリレー,女子,160～199歳,185,2:13.03,,4,,1,中畑眸,,セ・成城,31.18,,,,,,,,,2:05.08,1:54.99,1:48.44,4/3
107,75,2023,11,4,長水路,チーム,3,4×50mフリーリレー,女子,160～199歳,162,2:16.99,,1,,2,青木梨緒,,セ・葛西,30.51,,,,,,,,,2:05.08,1:54.99,1:48.44,4/9
108,75,2023,11,4,長水路,チーム,3,4×50mフリーリレー,女子,160～199歳,162,2:16.99,,2,,2,関本みすぎ,,セ・葛西,40.94,,,,,,,,,2:05.08,1:54.99,1:48.44,4/9
109,75,2023,11,4,長水路,チーム,3,4×50mフリーリレー,女子,160～199歳,162,2:16.99,,3,,2,溝井花代子,,セ・葛西,34.94,,,,,,,,,2:05.08,1:54.99,1:48.44,4/9
110,75,2023,11,4,長水路,チーム,3,4×50mフリーリレー,女子,160～199歳,162,2:16.99,,4,,2,大椛詩織,,セ・葛西,30.60,,,,,,,,,2:05.08,1:54.99,1:48.44,4/9
111,75,2023,11,4,長水路,チーム,3,4×50mフリーリレー,女子,160～199歳,165,2:17.62,,1,,3,草野茜,,セ・二俣川,33.75,,,,,,,,,2:05.08,1:54.99,1:48.44,4/8
112,75,2023,11,4,長水路,チーム,3,4×50mフリーリレー,女子,160～199歳,165,2:17.62,,2,,3,前田由希映,,セ・二俣川,35.56,,,,,,,,,2:05.08,1:54.99,1:48.44,4/8
113,75,2023,11,4,長水路,チーム,3,4×50mフリーリレー,女子,160～199歳,165,2:17.62,,3,,3,吉池奈々,,セ・二俣川,35.94,,,,,,,,,2:05.08,1:54.99,1:48.44,4/8
114,75,2023,11,4,長水路,チーム,3,4×50mフリーリレー,女子,160～199歳,165,2:17.62,,4,,3,深堀陽子,,セ・二俣川,32.37,,,,,,,,,2:05.08,1:54.99,1:48.44,4/8
115,75,2023,11,4,長水路,チーム,3,4×50mフリーリレー,女子,160～199歳,168,2:21.82,,1,,4,李鎬善,,セ・目黒,40.54,,,,,,,,,2:05.08,1:54.99,1:48.44,4/10
116,75,2023,11,4,長水路,チーム,3,4×50mフリーリレー,女子,160～199歳,168,2:21.82,,2,,4,米倉公美,,セ・目黒,34.98,,,,,,,,,2:05.08,1:54.99,1:48.44,4/10
117,75,2023,11,4,長水路,チーム,3,4×50mフリーリレー,女子,160～199歳,168,2:21.82,,3,,4,池田智子,,セ・目黒,34.36,,,,,,,,,2:05.08,1:54.99,1:48.44,4/10
118,75,2023,11,4,長水路,チーム,3,4×50mフリーリレー,女子,160～199歳,168,2:21.82,,4,,4,菊地美春,,セ・目黒,31.94,,,,,,,,,2:05.08,1:54.99,1:48.44,4/10
119,75,2023,11,4,長水路,チーム,3,4×50mフリーリレー,女子,160～199歳,165,2:23.75,,1,,5,宇田川美穂,,セ・天王洲,37.19,,,,,,,,,2:05.08,1:54.99,1:48.44,3/4
120,75,2023,11,4,長水路,チーム,3,4×50mフリーリレー,女子,160～199歳,165,2:23.75,,2,,5,四井美穂,,セ・天王洲,34.42,,,,,,,,,2:05.08,1:54.99,1:48.44,3/4
121,75,2023,11,4,長水路,チーム,3,4×50mフリーリレー,女子,160～199歳,165,2:23.75,,3,,5,中辻澄美,,セ・天王洲,37.45,,,,,,,,,2:05.08,1:54.99,1:48.44,3/4
122,75,2023,11,4,長水路,チーム,3,4×50mフリーリレー,女子,160～199歳,165,2:23.75,,4,,5,萩原ゆりか,,セ・天王洲,34.69,,,,,,,,,2:05.08,1:54.99,1:48.44,3/4
123,75,2023,11,4,長水路,チーム,3,4×50mフリーリレー,女子,160～199歳,185,2:26.91,,1,,6,浅尾有香,,セ・大森,32.65,,,,,,,,,2:05.08,1:54.99,1:48.44,3/9
124,75,2023,11,4,長水路,チーム,3,4×50mフリーリレー,女子,160～199歳,185,2:26.91,,2,,6,石井佐和子,,セ・大森,40.34,,,,,,,,,2:05.08,1:54.99,1:48.44,3/9
125,75,2023,11,4,長水路,チーム,3,4×50mフリーリレー,女子,160～199歳,185,2:26.91,,3,,6,高島典子,,セ・大森,38.04,,,,,,,,,2:05.08,1:54.99,1:48.44,3/9
126,75,2023,11,4,長水路,チーム,3,4×50mフリーリレー,女子,160～199歳,185,2:26.91,,4,,6,大竹昌子,,セ・大森,35.88,,,,,,,,,2:05.08,1:54.99,1:48.44,3/9
127,75,2023,11,4,長水路,チーム,3,4×50mフリーリレー,女子,120～159歳,125,2:07.91,,1,,1,真柴田こずえ,,ザバス鶴見,34.50,,,,,,,,,2:00.42,1:50.35,1:49.03,4/7
128,75,2023,11,4,長水路,チーム,3,4×50mフリーリレー,女子,120～159歳,125,2:07.91,,2,,1,今田彩文,,ザバス鶴見,32.21,,,,,,,,,2:00.42,1:50.35,1:49.03,4/7
129,75,2023,11,4,長水路,チーム,3,4×50mフリーリレー,女子,120～159歳,125,2:07.91,,3,,1,安掛悠子,,ザバス鶴見,32.46,,,,,,,,,2:00.42,1:50.35,1:49.03,4/7
130,75,2023,11,4,長水路,チーム,3,4×50mフリーリレー,女子,120～159歳,125,2:07.91,,4,,1,浅田慶子,,ザバス鶴見,28.74,,,,,,,,,2:00.42,1:50.35,1:49.03,4/7
131,75,2023,11,4,長水路,チーム,3,4×50mフリーリレー,女子,120～159歳,154,2:08.20,,1,,2,嶋田菜々子,,セ・おおたか,30.61,,,,,,,,,2:00.42,1:50.35,1:49.03,4/6
132,75,2023,11,4,長水路,チーム,3,4×50mフリーリレー,女子,120～159歳,154,2:08.20,,2,,2,中村可奈子,,セ・おおたか,33.25,,,,,,,,,2:00.42,1:50.35,1:49.03,4/6
133,75,2023,11,4,長水路,チーム,3,4×50mフリーリレー,女子,120～159歳,154,2:08.20,,3,,2,小室絵利奈,,セ・おおたか,31.06,,,,,,,,,2:00.42,1:50.35,1:49.03,4/6
134,75,2023,11,4,長水路,チーム,3,4×50mフリーリレー,女子,120～159歳,154,2:08.20,,4,,2,柳有美子,,セ・おおたか,33.28,,,,,,,,,2:00.42,1:50.35,1:49.03,4/6
135,75,2023,11,4,長水路,チーム,3,4×50mフリーリレー,女子,72～119歳,86,2:02.35,,1,,1,表侑寿,,セ・二俣川,29.86,,,,,,,,,1:57.97,,,4/5
136,75,2023,11,4,長水路,チーム,3,4×50mフリーリレー,女子,72～119歳,86,2:02.35,,1,,1,/5,,セ・二俣川,,,,,,,,,,1:57.97,,,4/5
137,75,2023,11,4,長水路,チーム,3,4×50mフリーリレー,女子,72～119歳,86,2:02.35,,2,,1,松本彩花,,セ・二俣川,33.03,,,,,,,,,1:57.97,,,4/5
138,75,2023,11,4,長水路,チーム,3,4×50mフリーリレー,女子,72～119歳,86,2:02.35,,3,,1,志賀菜々美,,セ・二俣川,30.19,,,,,,,,,1:57.97,,,4/5
139,75,2023,11,4,長水路,チーム,3,4×50mフリーリレー,女子,72～119歳,86,2:02.35,,4,,1,岩倉柚,,セ・二俣川,29.27,,,,,,,,,1:57.97,,,4/5
140,75,2023,11,4,長水路,チーム,4,4×50mフリーリレー,男子,240～279歳,241,1:53.59,,1,,1,平田貴幸,,セ・前橋,28.01,,,,,,,,TRUE,2:03.91,1:52.37,1:42.40,4/5
141,75,2023,11,4,長水路,チーム,4,4×50mフリーリレー,男子,240～279歳,241,1:53.59,,2,,1,金子恵一,,セ・前橋,26.59,,,,,,,,TRUE,2:03.91,1:52.37,1:42.40,4/5
142,75,2023,11,4,長水路,チーム,4,4×50mフリーリレー,男子,240～279歳,241,1:53.59,,3,,1,今井正太郎,,セ・前橋,28.55,,,,,,,,TRUE,2:03.91,1:52.37,1:42.40,4/5
143,75,2023,11,4,長水路,チーム,4,4×50mフリーリレー,男子,240～279歳,241,1:53.59,,4,,1,滋野文夫,,セ・前橋,30.44,,,,,,,,TRUE,2:03.91,1:52.37,1:42.40,4/5
144,75,2023,11,4,長水路,チーム,4,4×50mフリーリレー,男子,240～279歳,243,2:01.21,,1,,2,橋本秀行,,セ・千葉みなと,29.41,,,,,,,,TRUE,2:03.91,1:52.37,1:42.40,3/6
145,75,2023,11,4,長水路,チーム,4,4×50mフリーリレー,男子,240～279歳,243,2:01.21,,2,,2,瀧本英樹,,セ・千葉みなと,26.76,,,,,,,,TRUE,2:03.91,1:52.37,1:42.40,3/6
146,75,2023,11,4,長水路,チーム,4,4×50mフリーリレー,男子,240～279歳,243,2:01.21,,3,,2,塚本幸治,,セ・千葉みなと,30.65,,,,,,,,TRUE,2:03.91,1:52.37,1:42.40,3/6
147,75,2023,11,4,長水路,チーム,4,4×50mフリーリレー,男子,240～279歳,243,2:01.21,,4,,2,高橋秀夫,,セ・千葉みなと,34.39,,,,,,,,TRUE,2:03.91,1:52.37,1:42.40,3/6
148,75,2023,11,4,長水路,チーム,4,4×50mフリーリレー,男子,240～279歳,246,2:09.59,,1,,3,楊華,,ザバス鶴見,32.56,,,,,,,,,2:03.91,1:52.37,1:42.40,2/8
149,75,2023,11,4,長水路,チーム,4,4×50mフリーリレー,男子,240～279歳,246,2:09.59,,2,,3,杉原祥之,,ザバス鶴見,29.67,,,,,,,,,2:03.91,1:52.37,1:42.40,2/8
150,75,2023,11,4,長水路,チーム,4,4×50mフリーリレー,男子,240～279歳,246,2:09.59,,3,,3,田邊英一,,ザバス鶴見,33.42,,,,,,,,,2:03.91,1:52.37,1:42.40,2/8
151,75,2023,11,4,長水路,チーム,4,4×50mフリーリレー,男子,240～279歳,246,2:09.59,,4,,3,鈴木亨,,ザバス鶴見,33.94,,,,,,,,,2:03.91,1:52.37,1:42.40,2/8
152,75,2023,11,4,長水路,チーム,4,4×50mフリーリレー,男子,240～279歳,251,2:14.07,,1,,4,吉澤隆,,セ・清瀬,35.04,,,,,,,,,2:03.91,1:52.37,1:42.40,3/10
153,75,2023,11,4,長水路,チーム,4,4×50mフリーリレー,男子,240～279歳,251,2:14.07,,2,,4,小倉和彦,,セ・清瀬,30.19,,,,,,,,,2:03.91,1:52.37,1:42.40,3/10
154,75,2023,11,4,長水路,チーム,4,4×50mフリーリレー,男子,240～279歳,251,2:14.07,,3,,4,小山三千生,,セ・清瀬,37.88,,,,,,,,,2:03.91,1:52.37,1:42.40,3/10
155,75,2023,11,4,長水路,チーム,4,4×50mフリーリレー,男子,240～279歳,251,2:14.07,,4,,4,渡誠,,セ・清瀬,30.96,,,,,,,,,2:03.91,1:52.37,1:42.40,3/10
156,75,2023,11,4,長水路,チーム,4,4×50mフリーリレー,男子,240～279歳,243,2:17.47,,1,,5,入江潤,,セ・二俣川,32.34,,,,,,,,,2:03.91,1:52.37,1:42.40,2/6
157,75,2023,11,4,長水路,チーム,4,4×50mフリーリレー,男子,240～279歳,243,2:17.47,,2,,5,若島健二,,セ・二俣川,35.27,,,,,,,,,2:03.91,1:52.37,1:42.40,2/6
158,75,2023,11,4,長水路,チーム,4,4×50mフリーリレー,男子,240～279歳,243,2:17.47,,3,,5,香川左近,,セ・二俣川,37.57,,,,,,,,,2:03.91,1:52.37,1:42.40,2/6
159,75,2023,11,4,長水路,チーム,4,4×50mフリーリレー,男子,240～279歳,243,2:17.47,,4,,5,草野剛史,,セ・二俣川,32.29,,,,,,,,,2:03.91,1:52.37,1:42.40,2/6
160,75,2023,11,4,長水路,チーム,4,4×50mフリーリレー,男子,240～279歳,253,2:17.93,,1,,6,横浜健,,セ・南青山,33.47,,,,,,,,,2:03.91,1:52.37,1:42.40,3/9
161,75,2023,11,4,長水路,チーム,4,4×50mフリーリレー,男子,240～279歳,253,2:17.93,,2,,6,山賀勝之,,セ・南青山,31.54,,,,,,,,,2:03.91,1:52.37,1:42.40,3/9
162,75,2023,11,4,長水路,チーム,4,4×50mフリーリレー,男子,240～279歳,253,2:17.93,,3,,6,岸田孝,,セ・南青山,41.55,,,,,,,,,2:03.91,1:52.37,1:42.40,3/9
163,75,2023,11,4,長水路,チーム,4,4×50mフリーリレー,男子,240～279歳,253,2:17.93,,4,,6,沼田真清,,セ・南青山,31.37,,,,,,,,,2:03.91,1:52.37,1:42.40,3/9
164,75,2023,11,4,長水路,チーム,4,4×50mフリーリレー,男子,240～279歳,247,2:18.58,,1,,7,田村源大,,ザバス鶴見,33.97,,,,,,,,,2:03.91,1:52.37,1:42.40,1/6
165,75,2023,11,4,長水路,チーム,4,4×50mフリーリレー,男子,240～279歳,247,2:18.58,,2,,7,保坂巨成,,ザバス鶴見,34.86,,,,,,,,,2:03.91,1:52.37,1:42.40,1/6
166,75,2023,11,4,長水路,チーム,4,4×50mフリーリレー,男子,240～279歳,247,2:18.58,,3,,7,齋藤博憲,,ザバス鶴見,36.11,,,,,,,,,2:03.91,1:52.37,1:42.40,1/6
167,75,2023,11,4,長水路,チーム,4,4×50mフリーリレー,男子,240～279歳,247,2:18.58,,4,,7,横田眞一,,ザバス鶴見,33.64,,,,,,,,,2:03.91,1:52.37,1:42.40,1/6
168,75,2023,11,4,長水路,チーム,4,4×50mフリーリレー,男子,240～279歳,261,2:22.18,,1,,8,會田修一,,セ・おおたか,33.49,,,,,,,,,2:03.91,1:52.37,1:42.40,2/3
169,75,2023,11,4,長水路,チーム,4,4×50mフリーリレー,男子,240～279歳,261,2:22.18,,2,,8,五十嵐洋,,セ・おおたか,35.21,,,,,,,,,2:03.91,1:52.37,1:42.40,2/3
170,75,2023,11,4,長水路,チーム,4,4×50mフリーリレー,男子,240～279歳,261,2:22.18,,3,,8,橋本亘,,セ・おおたか,41.96,,,,,,,,,2:03.91,1:52.37,1:42.40,2/3
171,75,2023,11,4,長水路,チーム,4,4×50mフリーリレー,男子,240～279歳,261,2:22.18,,4,,8,海辺信吉,,セ・おおたか,31.52,,,,,,,,,2:03.91,1:52.37,1:42.40,2/3
172,75,2023,11,4,長水路,チーム,4,4×50mフリーリレー,男子,240～279歳,241,2:29.20,,1,,9,浦田昌和,,セ・成城,38.37,,,,,,,,,2:03.91,1:52.37,1:42.40,2/7
173,75,2023,11,4,長水路,チーム,4,4×50mフリーリレー,男子,240～279歳,241,2:29.20,,2,,9,安部盛博,,セ・成城,40.01,,,,,,,,,2:03.91,1:52.37,1:42.40,2/7
174,75,2023,11,4,長水路,チーム,4,4×50mフリーリレー,男子,240～279歳,241,2:29.20,,2,,9,/5,,セ・成城,,,,,,,,,,2:03.91,1:52.37,1:42.40,2/7
175,75,2023,11,4,長水路,チーム,4,4×50mフリーリレー,男子,240～279歳,241,2:29.20,,3,,9,丸山恵太,,セ・成城,35.14,,,,,,,,,2:03.91,1:52.37,1:42.40,2/7
176,75,2023,11,4,長水路,チーム,4,4×50mフリーリレー,男子,240～279歳,241,2:29.20,,4,,9,中井岳郎,,セ・成城,35.68,,,,,,,,,2:03.91,1:52.37,1:42.40,2/7
177,75,2023,11,4,長水路,チーム,4,4×50mフリーリレー,男子,240～279歳,252,2:29.80,,1,,10,梅村潔,,セ・茂原,40.94,,,,,,,,,2:03.91,1:52.37,1:42.40,1/4
178,75,2023,11,4,長水路,チーム,4,4×50mフリーリレー,男子,240～279歳,252,2:29.80,,2,,10,丸喜章,,セ・茂原,41.31,,,,,,,,,2:03.91,1:52.37,1:42.40,1/4
179,75,2023,11,4,長水路,チーム,4,4×50mフリーリレー,男子,240～279歳,252,2:29.80,,3,,10,山本和巳,,セ・茂原,36.87,,,,,,,,,2:03.91,1:52.37,1:42.40,1/4
180,75,2023,11,4,長水路,チーム,4,4×50mフリーリレー,男子,240～279歳,252,2:29.80,,4,,10,齊藤仁,,セ・茂原,30.68,,,,,,,,,2:03.91,1:52.37,1:42.40,1/4
181,75,2023,11,4,長水路,チーム,4,4×50mフリーリレー,男子,200～239歳,200,1:55.20,,1,,1,堀川広祐,,セ・二俣川,29.93,,,,,,,,,1:46.48,1:43.25,1:38.24,5/10
182,75,2023,11,4,長水路,チーム,4,4×50mフリーリレー,男子,200～239歳,200,1:55.20,,2,,1,石上智啓,,セ・二俣川,28.59,,,,,,,,,1:46.48,1:43.25,1:38.24,5/10
183,75,2023,11,4,長水路,チーム,4,4×50mフリーリレー,男子,200～239歳,200,1:55.20,,3,,1,渡辺保,,セ・二俣川,29.40,,,,,,,,,1:46.48,1:43.25,1:38.24,5/10
184,75,2023,11,4,長水路,チーム,4,4×50mフリーリレー,男子,200～239歳,200,1:55.20,,4,,1,永瀬知之,,セ・二俣川,27.28,,,,,,,,,1:46.48,1:43.25,1:38.24,5/10
185,75,2023,11,4,長水路,チーム,4,4×50mフリーリレー,男子,200～239歳,201,1:56.19,,1,,2,吉澤弘幸,,ザバス鶴見,26.51,,,,,,,,,1:46.48,1:43.25,1:38.24,3/3
186,75,2023,11,4,長水路,チーム,4,4×50mフリーリレー,男子,200～239歳,201,1:56.19,,2,,2,土井清孝,,ザバス鶴見,29.15,,,,,,,,,1:46.48,1:43.25,1:38.24,3/3
187,75,2023,11,4,長水路,チーム,4,4×50mフリーリレー,男子,200～239歳,201,1:56.19,,3,,2,酒井和也,,ザバス鶴見,27.25,,,,,,,,,1:46.48,1:43.25,1:38.24,3/3
188,75,2023,11,4,長水路,チーム,4,4×50mフリーリレー,男子,200～239歳,201,1:56.19,,4,,2,加藤俊樹,,ザバス鶴見,33.28,,,,,,,,,1:46.48,1:43.25,1:38.24,3/3
189,75,2023,11,4,長水路,チーム,4,4×50mフリーリレー,男子,200～239歳,200,2:02.32,,1,,3,山田耕一,,セ・清瀬,30.87,,,,,,,,,1:46.48,1:43.25,1:38.24,3/2
190,75,2023,11,4,長水路,チーム,4,4×50mフリーリレー,男子,200～239歳,200,2:02.32,,2,,3,松本考弘,,セ・清瀬,31.59,,,,,,,,,1:46.48,1:43.25,1:38.24,3/2
191,75,2023,11,4,長水路,チーム,4,4×50mフリーリレー,男子,200～239歳,200,2:02.32,,3,,3,小倉秀和,,セ・清瀬,29.31,,,,,,,,,1:46.48,1:43.25,1:38.24,3/2
192,75,2023,11,4,長水路,チーム,4,4×50mフリーリレー,男子,200～239歳,200,2:02.32,,4,,3,木下和哉,,セ・清瀬,30.55,,,,,,,,,1:46.48,1:43.25,1:38.24,3/2
193,75,2023,11,4,長水路,チーム,4,4×50mフリーリレー,男子,200～239歳,201,2:02.57,,1,,4,図師拓千,,セ・市ヶ尾,27.43,,,,,,,,,1:46.48,1:43.25,1:38.24,4/9
194,75,2023,11,4,長水路,チーム,4,4×50mフリーリレー,男子,200～239歳,201,2:02.57,,2,,4,木村考太,,セ・市ヶ尾,28.91,,,,,,,,,1:46.48,1:43.25,1:38.24,4/9
195,75,2023,11,4,長水路,チーム,4,4×50mフリーリレー,男子,200～239歳,201,2:02.57,,3,,4,茂木和哉,,セ・市ヶ尾,37.18,,,,,,,,,1:46.48,1:43.25,1:38.24,4/9
196,75,2023,11,4,長水路,チーム,4,4×50mフリーリレー,男子,200～239歳,201,2:02.57,,4,,4,菊池千二,,セ・市ヶ尾,29.05,,,,,,,,,1:46.48,1:43.25,1:38.24,4/9
197,75,2023,11,4,長水路,チーム,4,4×50mフリーリレー,男子,200～239歳,211,2:10.02,,1,,5,前島悠也,,セ・葛西,27.04,,,,,,,,,1:46.48,1:43.25,1:38.24,3/1
198,75,2023,11,4,長水路,チーム,4,4×50mフリーリレー,男子,200～239歳,211,2:10.02,,2,,5,大内洋,,セ・葛西,41.33,,,,,,,,,1:46.48,1:43.25,1:38.24,3/1
199,75,2023,11,4,長水路,チーム,4,4×50mフリーリレー,男子,200～239歳,211,2:10.02,,3,,5,宮木幸彦,,セ・葛西,30.61,,,,,,,,,1:46.48,1:43.25,1:38.24,3/1
200,75,2023,11,4,長水路,チーム,4,4×50mフリーリレー,男子,200～239歳,211,2:10.02,,4,,5,原田真,,セ・葛西,31.04,,,,,,,,,1:46.48,1:43.25,1:38.24,3/1
201,75,2023,11,4,長水路,チーム,4,4×50mフリーリレー,男子,200～239歳,200,2:13.41,,1,,6,前田潤,,セ・松戸,29.12,,,,,,,,,1:46.48,1:43.25,1:38.24,2/4
202,75,2023,11,4,長水路,チーム,4,4×50mフリーリレー,男子,200～239歳,200,2:13.41,,2,,6,稲毛仁,,セ・松戸,32.72,,,,,,,,,1:46.48,1:43.25,1:38.24,2/4
203,75,2023,11,4,長水路,チーム,4,4×50mフリーリレー,男子,200～239歳,200,2:13.41,,3,,6,和田祐児,,セ・松戸,34.14,,,,,,,,,1:46.48,1:43.25,1:38.24,2/4
204,75,2023,11,4,長水路,チーム,4,4×50mフリーリレー,男子,200～239歳,200,2:13.41,,4,,6,バーンズノーマンウィリ37.43,,セ・松戸,,,,,,,,,,1:46.48,1:43.25,1:38.24,2/4
205,75,2023,11,4,長水路,チーム,4,4×50mフリーリレー,男子,200～239歳,213,2:39.42,,1,,7,藤井晴仁,,セ・南青山,28.32,,,,,,,,,1:46.48,1:43.25,1:38.24,1/3
206,75,2023,11,4,長水路,チーム,4,4×50mフリーリレー,男子,200～239歳,213,2:39.42,,2,,7,安藤靖,,セ・南青山,39.03,,,,,,,,,1:46.48,1:43.25,1:38.24,1/3
207,75,2023,11,4,長水路,チーム,4,4×50mフリーリレー,男子,200～239歳,213,2:39.42,,3,,7,神保伸幸,,セ・南青山,50.40,,,,,,,,,1:46.48,1:43.25,1:38.24,1/3
208,75,2023,11,4,長水路,チーム,4,4×50mフリーリレー,男子,200～239歳,213,2:39.42,,3,,7,/5,,セ・南青山,,,,,,,,,,1:46.48,1:43.25,1:38.24,1/3
209,75,2023,11,4,長水路,チーム,4,4×50mフリーリレー,男子,200～239歳,213,2:39.42,,4,,7,上野武,,セ・南青山,41.67,,,,,,,,,1:46.48,1:43.25,1:38.24,1/3
210,75,2023,11,4,長水路,チーム,4,4×50mフリーリレー,男子,160～199歳,167,1:48.00,,1,,1,前田崇行,,セ・二俣川,26.51,,,,,,,,,1:41.69,1:38.38,1:34.92,5/5
211,75,2023,11,4,長水路,チーム,4,4×50mフリーリレー,男子,160～199歳,167,1:48.00,,2,,1,知見邦彦,,セ・二俣川,27.29,,,,,,,,,1:41.69,1:38.38,1:34.92,5/5
212,75,2023,11,4,長水路,チーム,4,4×50mフリーリレー,男子,160～199歳,167,1:48.00,,3,,1,木村知行,,セ・二俣川,28.71,,,,,,,,,1:41.69,1:38.38,1:34.92,5/5
213,75,2023,11,4,長水路,チーム,4,4×50mフリーリレー,男子,160～199歳,167,1:48.00,,4,,1,鶴谷学,,セ・二俣川,25.49,,,,,,,,,1:41.69,1:38.38,1:34.92,5/5
214,75,2023,11,4,長水路,チーム,4,4×50mフリーリレー,男子,160～199歳,165,1:48.86,,1,,2,山賀竜馬,,セ・阿佐谷,26.72,,,,,,,,,1:41.69,1:38.38,1:34.92,5/3
215,75,2023,11,4,長水路,チーム,4,4×50mフリーリレー,男子,160～199歳,165,1:48.86,,2,,2,棚網宏之,,セ・阿佐谷,27.34,,,,,,,,,1:41.69,1:38.38,1:34.92,5/3
216,75,2023,11,4,長水路,チーム,4,4×50mフリーリレー,男子,160～199歳,165,1:48.86,,3,,2,椎本恭平,,セ・阿佐谷,26.86,,,,,,,,,1:41.69,1:38.38,1:34.92,5/3
217,75,2023,11,4,長水路,チーム,4,4×50mフリーリレー,男子,160～199歳,165,1:48.86,,4,,2,北川貴義,,セ・阿佐谷,27.94,,,,,,,,,1:41.69,1:38.38,1:34.92,5/3
218,75,2023,11,4,長水路,チーム,4,4×50mフリーリレー,男子,160～199歳,163,1:51.60,,1,,3,村上裕哉,,セ・南千住,27.25,,,,,,,,,1:41.69,1:38.38,1:34.92,5/9
219,75,2023,11,4,長水路,チーム,4,4×50mフリーリレー,男子,160～199歳,163,1:51.60,,2,,3,今井裕介,,セ・南千住,28.76,,,,,,,,,1:41.69,1:38.38,1:34.92,5/9
220,75,2023,11,4,長水路,チーム,4,4×50mフリーリレー,男子,160～199歳,163,1:51.60,,3,,3,中村勝,,セ・南千住,28.94,,,,,,,,,1:41.69,1:38.38,1:34.92,5/9
221,75,2023,11,4,長水路,チーム,4,4×50mフリーリレー,男子,160～199歳,163,1:51.60,,4,,3,宮川航,,セ・南千住,26.65,,,,,,,,,1:41.69,1:38.38,1:34.92,5/9
222,75,2023,11,4,長水路,チーム,4,4×50mフリーリレー,男子,160～199歳,164,1:53.66,,1,,4,磯貝知弘,,セ・柏,29.81,,,,,,,,,1:41.69,1:38.38,1:34.92,4/4
223,75,2023,11,4,長水路,チーム,4,4×50mフリーリレー,男子,160～199歳,164,1:53.66,,2,,4,長田裕史,,セ・柏,28.42,,,,,,,,,1:41.69,1:38.38,1:34.92,4/4
224,75,2023,11,4,長水路,チーム,4,4×50mフリーリレー,男子,160～199歳,164,1:53.66,,3,,4,上野太紀夫,,セ・柏,30.83,,,,,,,,,1:41.69,1:38.38,1:34.92,4/4
225,75,2023,11,4,長水路,チーム,4,4×50mフリーリレー,男子,160～199歳,164,1:53.66,,4,,4,川口皓生,,セ・柏,24.60,,,,,,,,,1:41.69,1:38.38,1:34.92,4/4
226,75,2023,11,4,長水路,チーム,4,4×50mフリーリレー,男子,160～199歳,168,1:59.43,,1,,5,栗原大輔,,セ・成瀬,30.86,,,,,,,,,1:41.69,1:38.38,1:34.92,4/8
227,75,2023,11,4,長水路,チーム,4,4×50mフリーリレー,男子,160～199歳,168,1:59.43,,2,,5,金子謙一,,セ・成瀬,33.76,,,,,,,,,1:41.69,1:38.38,1:34.92,4/8
228,75,2023,11,4,長水路,チーム,4,4×50mフリーリレー,男子,160～199歳,168,1:59.43,,3,,5,土居秀雅,,セ・成瀬,27.62,,,,,,,,,1:41.69,1:38.38,1:34.92,4/8
229,75,2023,11,4,長水路,チーム,4,4×50mフリーリレー,男子,160～199歳,168,1:59.43,,4,,5,石井将太,,セ・成瀬,27.19,,,,,,,,,1:41.69,1:38.38,1:34.92,4/8
230,75,2023,11,4,長水路,チーム,4,4×50mフリーリレー,男子,160～199歳,174,2:00.90,,1,,6,渡部慎也,,セ・大森,30.17,,,,,,,,,1:41.69,1:38.38,1:34.92,3/7
231,75,2023,11,4,長水路,チーム,4,4×50mフリーリレー,男子,160～199歳,174,2:00.90,,2,,6,浅田康朗,,セ・大森,29.17,,,,,,,,,1:41.69,1:38.38,1:34.92,3/7
232,75,2023,11,4,長水路,チーム,4,4×50mフリーリレー,男子,160～199歳,174,2:00.90,,3,,6,宇佐美学,,セ・大森,35.16,,,,,,,,,1:41.69,1:38.38,1:34.92,3/7
233,75,2023,11,4,長水路,チーム,4,4×50mフリーリレー,男子,160～199歳,174,2:00.90,,4,,6,野村峰生,,セ・大森,26.40,,,,,,,,,1:41.69,1:38.38,1:34.92,3/7
234,75,2023,11,4,長水路,チーム,4,4×50mフリーリレー,男子,160～199歳,168,2:01.84,,1,,7,村田雅治,,セ・長津田,27.11,,,,,,,,,1:41.69,1:38.38,1:34.92,3/4
235,75,2023,11,4,長水路,チーム,4,4×50mフリーリレー,男子,160～199歳,168,2:01.84,,2,,7,星野隆,,セ・長津田,30.19,,,,,,,,,1:41.69,1:38.38,1:34.92,3/4
236,75,2023,11,4,長水路,チーム,4,4×50mフリーリレー,男子,160～199歳,168,2:01.84,,3,,7,西野宮冬木,,セ・長津田,29.82,,,,,,,,,1:41.69,1:38.38,1:34.92,3/4
237,75,2023,11,4,長水路,チーム,4,4×50mフリーリレー,男子,160～199歳,168,2:01.84,,4,,7,萩原智徳,,セ・長津田,34.72,,,,,,,,,1:41.69,1:38.38,1:34.92,3/4
238,75,2023,11,4,長水路,チーム,4,4×50mフリーリレー,男子,160～199歳,164,2:03.40,,1,,8,横山大志,,ザバス鶴見,28.29,,,,,,,,,1:41.69,1:38.38,1:34.92,4/7
239,75,2023,11,4,長水路,チーム,4,4×50mフリーリレー,男子,160～199歳,164,2:03.40,,2,,8,永井由隆,,ザバス鶴見,32.76,,,,,,,,,1:41.69,1:38.38,1:34.92,4/7
240,75,2023,11,4,長水路,チーム,4,4×50mフリーリレー,男子,160～199歳,164,2:03.40,,3,,8,高橋正則,,ザバス鶴見,34.03,,,,,,,,,1:41.69,1:38.38,1:34.92,4/7
241,75,2023,11,4,長水路,チーム,4,4×50mフリーリレー,男子,160～199歳,164,2:03.40,,4,,8,鮫島晴生,,ザバス鶴見,28.32,,,,,,,,,1:41.69,1:38.38,1:34.92,4/7
242,75,2023,11,4,長水路,チーム,4,4×50mフリーリレー,男子,160～199歳,180,2:09.81,,1,,9,江熊夕人,,セ・慶應日吉,29.05,,,,,,,,,1:41.69,1:38.38,1:34.92,2/5
243,75,2023,11,4,長水路,チーム,4,4×50mフリーリレー,男子,160～199歳,180,2:09.81,,2,,9,穴田啓樹,,セ・慶應日吉,31.81,,,,,,,,,1:41.69,1:38.38,1:34.92,2/5
244,75,2023,11,4,長水路,チーム,4,4×50mフリーリレー,男子,160～199歳,180,2:09.81,,3,,9,田中遼太,,セ・慶應日吉,32.30,,,,,,,,,1:41.69,1:38.38,1:34.92,2/5
245,75,2023,11,4,長水路,チーム,4,4×50mフリーリレー,男子,160～199歳,180,2:09.81,,4,,9,大塚秀幸,,セ・慶應日吉,36.65,,,,,,,,,1:41.69,1:38.38,1:34.92,2/5
246,75,2023,11,4,長水路,チーム,4,4×50mフリーリレー,男子,160～199歳,180,2:09.81,,4,,9,/5,,セ・慶應日吉,,,,,,,,,,1:41.69,1:38.38,1:34.92,2/5
247,75,2023,11,4,長水路,チーム,4,4×50mフリーリレー,男子,160～199歳,164,2:23.72,,1,,10,松本海星,,セ・清瀬,31.78,,,,,,,,,1:41.69,1:38.38,1:34.92,1/7
248,75,2023,11,4,長水路,チーム,4,4×50mフリーリレー,男子,160～199歳,164,2:23.72,,2,,10,今村満,,セ・清瀬,36.06,,,,,,,,,1:41.69,1:38.38,1:34.92,1/7
249,75,2023,11,4,長水路,チーム,4,4×50mフリーリレー,男子,160～199歳,164,2:23.72,,3,,10,半澤繁,,セ・清瀬,42.57,,,,,,,,,1:41.69,1:38.38,1:34.92,1/7
250,75,2023,11,4,長水路,チーム,4,4×50mフリーリレー,男子,160～199歳,164,2:23.72,,4,,10,櫻井直仁,,セ・清瀬,33.31,,,,,,,,,1:41.69,1:38.38,1:34.92,1/7
251,75,2023,11,4,長水路,チーム,4,4×50mフリーリレー,男子,120～159歳,126,1:45.11,,1,,1,鈴木央雅,,セ・清瀬,26.19,,,,,,,,,1:41.73,1:34.30,1:32.84,5/6
252,75,2023,11,4,長水路,チーム,4,4×50mフリーリレー,男子,120～159歳,126,1:45.11,,2,,1,塚本拓也,,セ・清瀬,26.27,,,,,,,,,1:41.73,1:34.30,1:32.84,5/6
253,75,2023,11,4,長水路,チーム,4,4×50mフリーリレー,男子,120～159歳,126,1:45.11,,3,,1,今里昂哉,,セ・清瀬,26.77,,,,,,,,,1:41.73,1:34.30,1:32.84,5/6
254,75,2023,11,4,長水路,チーム,4,4×50mフリーリレー,男子,120～159歳,126,1:45.11,,4,,1,山岡拓馬,,セ・清瀬,25.88,,,,,,,,,1:41.73,1:34.30,1:32.84,5/6
255,75,2023,11,4,長水路,チーム,4,4×50mフリーリレー,男子,120～159歳,129,1:49.74,,1,,2,和田弘太郎,,セ・阿佐谷,25.86,,,,,,,,,1:41.73,1:34.30,1:32.84,5/4
256,75,2023,11,4,長水路,チーム,4,4×50mフリーリレー,男子,120～159歳,129,1:49.74,,2,,2,和田亮,,セ・阿佐谷,28.40,,,,,,,,,1:41.73,1:34.30,1:32.84,5/4
257,75,2023,11,4,長水路,チーム,4,4×50mフリーリレー,男子,120～159歳,129,1:49.74,,3,,2,吉原憲人,,セ・阿佐谷,28.26,,,,,,,,,1:41.73,1:34.30,1:32.84,5/4
258,75,2023,11,4,長水路,チーム,4,4×50mフリーリレー,男子,120～159歳,129,1:49.74,,4,,2,荒井啓汰,,セ・阿佐谷,27.22,,,,,,,,,1:41.73,1:34.30,1:32.84,5/4
259,75,2023,11,4,長水路,チーム,4,4×50mフリーリレー,男子,120～159歳,148,1:52.81,,1,,3,石井翔真,,セ・成城,26.63,,,,,,,,,1:41.73,1:34.30,1:32.84,4/6
260,75,2023,11,4,長水路,チーム,4,4×50mフリーリレー,男子,120～159歳,148,1:52.81,,2,,3,羽田浩一,,セ・成城,30.26,,,,,,,,,1:41.73,1:34.30,1:32.84,4/6
261,75,2023,11,4,長水路,チーム,4,4×50mフリーリレー,男子,120～159歳,148,1:52.81,,3,,3,村上守,,セ・成城,28.61,,,,,,,,,1:41.73,1:34.30,1:32.84,4/6
262,75,2023,11,4,長水路,チーム,4,4×50mフリーリレー,男子,120～159歳,148,1:52.81,,4,,3,中西剛,,セ・成城,27.31,,,,,,,,,1:41.73,1:34.30,1:32.84,4/6
263,75,2023,11,4,長水路,チーム,4,4×50mフリーリレー,男子,120～159歳,127,1:56.25,,1,,4,吉川重行,,セ・桶川北本,26.99,,,,,,,,,1:41.73,1:34.30,1:32.84,3/5
264,75,2023,11,4,長水路,チーム,4,4×50mフリーリレー,男子,120～159歳,127,1:56.25,,2,,4,増田喬行,,セ・桶川北本,27.73,,,,,,,,,1:41.73,1:34.30,1:32.84,3/5
265,75,2023,11,4,長水路,チーム,4,4×50mフリーリレー,男子,120～159歳,127,1:56.25,,3,,4,近藤寛彰,,セ・桶川北本,27.64,,,,,,,,,1:41.73,1:34.30,1:32.84,3/5
266,75,2023,11,4,長水路,チーム,4,4×50mフリーリレー,男子,120～159歳,127,1:56.25,,4,,4,高橋宙大,,セ・桶川北本,33.89,,,,,,,,,1:41.73,1:34.30,1:32.84,3/5
267,75,2023,11,4,長水路,チーム,4,4×50mフリーリレー,男子,120～159歳,158,1:57.80,,1,,5,伊藤孝優,,セ・八王子,26.79,,,,,,,,,1:41.73,1:34.30,1:32.84,4/2
268,75,2023,11,4,長水路,チーム,4,4×50mフリーリレー,男子,120～159歳,158,1:57.80,,1,,5,小野健,,セ・八王子,26.89,,,,,,,,,1:41.73,1:34.30,1:32.84,4/2
269,75,2023,11,4,長水路,チーム,4,4×50mフリーリレー,男子,120～159歳,158,1:57.80,,2,,5,小室秀幸,,セ・八王子,28.43,,,,,,,,,1:41.73,1:34.30,1:32.84,4/2
270,75,2023,11,4,長水路,チーム,4,4×50mフリーリレー,男子,120～159歳,158,1:57.80,,2,,5,加間英貴,,セ・八王子,28.58,,,,,,,,,1:41.73,1:34.30,1:32.84,4/2
271,75,2023,11,4,長水路,チーム,4,4×50mフリーリレー,男子,120～159歳,158,1:57.80,,3,,5,鈴木直哉,,セ・八王子,34.79,,,,,,,,,1:41.73,1:34.30,1:32.84,4/2
272,75,2023,11,4,長水路,チーム,4,4×50mフリーリレー,男子,120～159歳,158,1:57.80,,3,,5,倉持公一,,セ・八王子,27.95,,,,,,,,,1:41.73,1:34.30,1:32.84,4/2
273,75,2023,11,4,長水路,チーム,4,4×50mフリーリレー,男子,120～159歳,158,1:57.80,,4,,5,吉澤宏紀,,セ・八王子,27.79,,,,,,,,,1:41.73,1:34.30,1:32.84,4/2
274,75,2023,11,4,長水路,チーム,4,4×50mフリーリレー,男子,120～159歳,158,1:57.80,,4,,5,寺田遼太,,セ・八王子,,,,,,,,,,1:41.73,1:34.30,1:32.84,4/2
275,75,2023,11,4,長水路,チーム,4,4×50mフリーリレー,男子,72～119歳,82,1:41.46,,1,,1,相澤翔駿,,セ・流山,25.99,,,,,,,,,1:40.19,,,5/2
276,75,2023,11,4,長水路,チーム,4,4×50mフリーリレー,男子,72～119歳,82,1:41.46,,2,,1,光永喜紀,,セ・流山,25.46,,,,,,,,,1:40.19,,,5/2
277,75,2023,11,4,長水路,チーム,4,4×50mフリーリレー,男子,72～119歳,82,1:41.46,,3,,1,中尾祐,,セ・流山,25.80,,,,,,,,,1:40.19,,,5/2
278,75,2023,11,4,長水路,チーム,4,4×50mフリーリレー,男子,72～119歳,82,1:41.46,,4,,1,設樂航希,,セ・流山,24.21,,,,,,,,,1:40.19,,,5/2
279,75,2023,11,4,長水路,チーム,4,4×50mフリーリレー,男子,72～119歳,91,1:45.13,,1,,2,西山遼,,ザバス鶴見,27.01,,,,,,,,,1:40.19,,,5/7
280,75,2023,11,4,長水路,チーム,4,4×50mフリーリレー,男子,72～119歳,91,1:45.13,,2,,2,千葉諒太,,ザバス鶴見,26.83,,,,,,,,,1:40.19,,,5/7
281,75,2023,11,4,長水路,チーム,4,4×50mフリーリレー,男子,72～119歳,91,1:45.13,,3,,2,瀧田優磨,,ザバス鶴見,25.07,,,,,,,,,1:40.19,,,5/7
282,75,2023,11,4,長水路,チーム,4,4×50mフリーリレー,男子,72～119歳,91,1:45.13,,4,,2,十河直樹,,ザバス鶴見,26.22,,,,,,,,,1:40.19,,,5/7
283,75,2023,11,4,長水路,チーム,4,4×50mフリーリレー,男子,72～119歳,98,1:45.61,,1,,3,高見沢重倫,,セ・慶應日吉,26.35,,,,,,,,,1:40.19,,,4/10
284,75,2023,11,4,長水路,チーム,4,4×50mフリーリレー,男子,72～119歳,98,1:45.61,,2,,3,コリガンシェイ颯介26.38,,セ・慶應日吉,,,,,,,,,,1:40.19,,,4/10
285,75,2023,11,4,長水路,チーム,4,4×50mフリーリレー,男子,72～119歳,98,1:45.61,,3,,3,舘澤卓,,セ・慶應日吉,26.60,,,,,,,,,1:40.19,,,4/10
286,75,2023,11,4,長水路,チーム,4,4×50mフリーリレー,男子,72～119歳,98,1:45.61,,4,,3,濱中翔太,,セ・慶應日吉,26.28,,,,,,,,,1:40.19,,,4/10
287,75,2023,11,4,長水路,チーム,4,4×50mフリーリレー,男子,72～119歳,90,1:49.98,,1,,4,秋澤裕介,,セ・二俣川,26.19,,,,,,,,,1:40.19,,,5/8
288,75,2023,11,4,長水路,チーム,4,4×50mフリーリレー,男子,72～119歳,90,1:49.98,,2,,4,和田佳明,,セ・二俣川,28.85,,,,,,,,,1:40.19,,,5/8
289,75,2023,11,4,長水路,チーム,4,4×50mフリーリレー,男子,72～119歳,90,1:49.98,,3,,4,田中壮一郎,,セ・二俣川,26.39,,,,,,,,,1:40.19,,,5/8
290,75,2023,11,4,長水路,チーム,4,4×50mフリーリレー,男子,72～119歳,90,1:49.98,,4,,4,山崎陸真,,セ・二俣川,28.55,,,,,,,,,1:40.19,,,5/8
291,75,2023,11,4,長水路,チーム,4,4×50mフリーリレー,男子,72～119歳,89,1:54.98,,1,,5,矢野匠,,セ・葛西,29.14,,,,,,,,,1:40.19,,,4/3
292,75,2023,11,4,長水路,チーム,4,4×50mフリーリレー,男子,72～119歳,89,1:54.98,,2,,5,山崎緋呂,,セ・葛西,28.58,,,,,,,,,1:40.19,,,4/3
293,75,2023,11,4,長水路,チーム,4,4×50mフリーリレー,男子,72～119歳,89,1:54.98,,3,,5,嶋田翔太,,セ・葛西,27.80,,,,,,,,,1:40.19,,,4/3
294,75,2023,11,4,長水路,チーム,4,4×50mフリーリレー,男子,72～119歳,89,1:54.98,,4,,5,中武駿介,,セ・葛西,29.46,,,,,,,,,1:40.19,,,4/3
295,75,2023,11,4,長水路,チーム,4,4×50mフリーリレー,男子,72～119歳,89,1:55.00,,1,,6,徳田博輝,,ザバス鶴見,30.10,,,,,,,,,1:40.19,,,3/8
296,75,2023,11,4,長水路,チーム,4,4×50mフリーリレー,男子,72～119歳,89,1:55.00,,1,,6,菅原啓,,ザバス鶴見,24.81,,,,,,,,,1:40.19,,,3/8
297,75,2023,11,4,長水路,チーム,4,4×50mフリーリレー,男子,72～119歳,89,1:55.00,,1,,6,/3,,ザバス鶴見,,,,,,,,,,1:40.19,,,3/8
298,75,2023,11,4,長水路,チーム,4,4×50mフリーリレー,男子,72～119歳,89,1:55.00,,2,,6,石川凱斗,,ザバス鶴見,24.49,,,,,,,,,1:40.19,,,3/8
299,75,2023,11,4,長水路,チーム,4,4×50mフリーリレー,男子,72～119歳,89,1:55.00,,2,,6,内田陸登,,ザバス鶴見,,,,,,,,,,1:40.19,,,3/8
300,75,2023,11,4,長水路,チーム,4,4×50mフリーリレー,男子,72～119歳,89,1:55.00,,3,,6,野間隼翔,,ザバス鶴見,28.80,,,,,,,,,1:40.19,,,3/8
301,75,2023,11,4,長水路,チーム,4,4×50mフリーリレー,男子,72～119歳,89,1:55.00,,3,,6,宮川ガブリエル拓実,,ザバス鶴見,,,,,,,,,,1:40.19,,,3/8
302,75,2023,11,4,長水路,チーム,4,4×50mフリーリレー,男子,72～119歳,89,1:55.00,,4,,6,渡邉凌羽,,ザバス鶴見,31.61,,,,,,,,,1:40.19,,,3/8
303,75,2023,11,4,長水路,チーム,4,4×50mフリーリレー,男子,72～119歳,89,1:55.00,,4,,6,石田虎流,,ザバス鶴見,,,,,,,,,,1:40.19,,,3/8
304,75,2023,11,4,長水路,チーム,5,4×100mフリーリレー,女子,280～319歳,294,6:58.81,,1,,1,青柳夕起子,,ザバス鶴見,48.66,,,,,,,,,6:20.23,5:56.10,5:26.29,1/4
305,75,2023,11,4,長水路,チーム,5,4×100mフリーリレー,女子,280～319歳,294,6:58.81,,2,,1,永島郁子,,ザバス鶴見,58.68,,,,,,,,,6:20.23,5:56.10,5:26.29,1/4
306,75,2023,11,4,長水路,チーム,5,4×100mフリーリレー,女子,280～319歳,294,6:58.81,,3,,1,藤枝康子,,ザバス鶴見,42.42,,,,,,,,,6:20.23,5:56.10,5:26.29,1/4
307,75,2023,11,4,長水路,チーム,5,4×100mフリーリレー,女子,280～319歳,294,6:58.81,,4,,1,伊藤幸英,,ザバス鶴見,48.44,,,,,,,,,6:20.23,5:56.10,5:26.29,1/4
308,75,2023,11,4,長水路,チーム,5,4×100mフリーリレー,女子,240～279歳,243,5:42.70,,1,,1,上野真弓,,セ・二俣川,40.07,,,,,,,,,5:25.14,5:02.83,4:36.74,2/1
309,75,2023,11,4,長水路,チーム,5,4×100mフリーリレー,女子,240～279歳,243,5:42.70,,2,,1,盛田真規子,,セ・二俣川,43.21,,,,,,,,,5:25.14,5:02.83,4:36.74,2/1
310,75,2023,11,4,長水路,チーム,5,4×100mフリーリレー,女子,240～279歳,243,5:42.70,,3,,1,武井麻知子,,セ・二俣川,40.06,,,,,,,,,5:25.14,5:02.83,4:36.74,2/1
311,75,2023,11,4,長水路,チーム,5,4×100mフリーリレー,女子,240～279歳,243,5:42.70,,4,,1,永瀬秀子,,セ・二俣川,35.01,,,,,,,,,5:25.14,5:02.83,4:36.74,2/1
312,75,2023,11,4,長水路,チーム,5,4×100mフリーリレー,女子,240～279歳,248,5:46.41,,1,,2,高梨美樹,,セ・成城,41.65,,,,,,,,,5:25.14,5:02.83,4:36.74,2/9
313,75,2023,11,4,長水路,チーム,5,4×100mフリーリレー,女子,240～279歳,248,5:46.41,,2,,2,茂櫛典子,,セ・成城,44.89,,,,,,,,,5:25.14,5:02.83,4:36.74,2/9
314,75,2023,11,4,長水路,チーム,5,4×100mフリーリレー,女子,240～279歳,248,5:46.41,,3,,2,吉野治子,,セ・成城,42.02,,,,,,,,,5:25.14,5:02.83,4:36.74,2/9
315,75,2023,11,4,長水路,チーム,5,4×100mフリーリレー,女子,240～279歳,248,5:46.41,,4,,2,大川晴美,,セ・成城,35.77,,,,,,,,,5:25.14,5:02.83,4:36.74,2/9
316,75,2023,11,4,長水路,チーム,5,4×100mフリーリレー,女子,240～279歳,245,6:10.80,,1,,3,後藤明美,,セ・天王洲,47.24,,,,,,,,,5:25.14,5:02.83,4:36.74,1/7
317,75,2023,11,4,長水路,チーム,5,4×100mフリーリレー,女子,240～279歳,245,6:10.80,,2,,3,梅田栄己子,,セ・天王洲,46.99,,,,,,,,,5:25.14,5:02.83,4:36.74,1/7
318,75,2023,11,4,長水路,チーム,5,4×100mフリーリレー,女子,240～279歳,245,6:10.80,,3,,3,浅野みどり,,セ・天王洲,43.49,,,,,,,,,5:25.14,5:02.83,4:36.74,1/7
319,75,2023,11,4,長水路,チーム,5,4×100mフリーリレー,女子,240～279歳,245,6:10.80,,4,,3,萩原ゆりか,,セ・天王洲,37.15,,,,,,,,,5:25.14,5:02.83,4:36.74,1/7
320,75,2023,11,4,長水路,チーム,5,4×100mフリーリレー,女子,240～279歳,262,7:25.50,,1,,4,近藤みゆき,,セ・阿佐谷,52.89,,,,,,,,,5:25.14,5:02.83,4:36.74,1/8
321,75,2023,11,4,長水路,チーム,5,4×100mフリーリレー,女子,240～279歳,262,7:25.50,,2,,4,渡邉登美子,,セ・阿佐谷,54.00,,,,,,,,,5:25.14,5:02.83,4:36.74,1/8
322,75,2023,11,4,長水路,チーム,5,4×100mフリーリレー,女子,240～279歳,262,7:25.50,,3,,4,三嶋祐子,,セ・阿佐谷,51.79,,,,,,,,,5:25.14,5:02.83,4:36.74,1/8
323,75,2023,11,4,長水路,チーム,5,4×100mフリーリレー,女子,240～279歳,262,7:25.50,,4,,4,宮田ひとみ,,セ・阿佐谷,51.29,,,,,,,,,5:25.14,5:02.83,4:36.74,1/8
324,75,2023,11,4,長水路,チーム,5,4×100mフリーリレー,女子,200～239歳,209,5:20.60,,1,,1,石原なおみ,,セ・阿佐谷,38.69,,,,,,,,,5:18.59,4:29.24,4:20.68,2/8
325,75,2023,11,4,長水路,チーム,5,4×100mフリーリレー,女子,200～239歳,209,5:20.60,,2,,1,小野真佐子,,セ・阿佐谷,36.64,,,,,,,,,5:18.59,4:29.24,4:20.68,2/8
326,75,2023,11,4,長水路,チーム,5,4×100mフリーリレー,女子,200～239歳,209,5:20.60,,3,,1,野島正代,,セ・阿佐谷,43.41,,,,,,,,,5:18.59,4:29.24,4:20.68,2/8
327,75,2023,11,4,長水路,チーム,5,4×100mフリーリレー,女子,200～239歳,209,5:20.60,,4,,1,瀬原まどか,,セ・阿佐谷,32.39,,,,,,,,,5:18.59,4:29.24,4:20.68,2/8
328,75,2023,11,4,長水路,チーム,5,4×100mフリーリレー,女子,200～239歳,210,6:34.93,,1,,2,小林名緒子,,セ・大森,47.61,,,,,,,,,5:18.59,4:29.24,4:20.68,1/3
329,75,2023,11,4,長水路,チーム,5,4×100mフリーリレー,女子,200～239歳,210,6:34.93,,2,,2,森信子,,セ・大森,45.81,,,,,,,,,5:18.59,4:29.24,4:20.68,1/3
330,75,2023,11,4,長水路,チーム,5,4×100mフリーリレー,女子,200～239歳,210,6:34.93,,2,,2,/3,,セ・大森,,,,,,,,,,5:18.59,4:29.24,4:20.68,1/3
331,75,2023,11,4,長水路,チーム,5,4×100mフリーリレー,女子,200～239歳,210,6:34.93,,3,,2,桐沢ひとみ,,セ・大森,47.20,,,,,,,,,5:18.59,4:29.24,4:20.68,1/3
332,75,2023,11,4,長水路,チーム,5,4×100mフリーリレー,女子,200～239歳,210,6:34.93,,4,,2,清宮碧,,セ・大森,42.48,,,,,,,,,5:18.59,4:29.24,4:20.68,1/3
333,75,2023,11,4,長水路,チーム,5,4×100mフリーリレー,女子,200～239歳,235,7:23.30,,1,,3,奈良佳枝,,セ・蘇我,47.91,,,,,,,,,5:18.59,4:29.24,4:20.68,1/9
334,75,2023,11,4,長水路,チーム,5,4×100mフリーリレー,女子,200～239歳,235,7:23.30,,2,,3,中村清美,,セ・蘇我,56.01,,,,,,,,,5:18.59,4:29.24,4:20.68,1/9
335,75,2023,11,4,長水路,チーム,5,4×100mフリーリレー,女子,200～239歳,235,7:23.30,,3,,3,奥野郁子,,セ・蘇我,54.77,,,,,,,,,5:18.59,4:29.24,4:20.68,1/9
336,75,2023,11,4,長水路,チーム,5,4×100mフリーリレー,女子,200～239歳,235,7:23.30,,4,,3,増子保子,,セ・蘇我,49.04,,,,,,,,,5:18.59,4:29.24,4:20.68,1/9
337,75,2023,11,4,長水路,チーム,5,4×100mフリーリレー,女子,160～199歳,190,5:06.71,,1,,1,佐々木彩,,セ・成城,34.16,,,,,,,,,4:48.97,4:19.20,4:06.90,2/4
338,75,2023,11,4,長水路,チーム,5,4×100mフリーリレー,女子,160～199歳,190,5:06.71,,2,,1,仲田久美子,,セ・成城,37.27,,,,,,,,,4:48.97,4:19.20,4:06.90,2/4
339,75,2023,11,4,長水路,チーム,5,4×100mフリーリレー,女子,160～199歳,190,5:06.71,,3,,1,佐藤洋子,,セ・成城,37.50,,,,,,,,,4:48.97,4:19.20,4:06.90,2/4
340,75,2023,11,4,長水路,チーム,5,4×100mフリーリレー,女子,160～199歳,190,5:06.71,,4,,1,中畑眸,,セ・成城,33.97,,,,,,,,,4:48.97,4:19.20,4:06.90,2/4
341,75,2023,11,4,長水路,チーム,5,4×100mフリーリレー,女子,160～199歳,165,5:21.05,,1,,2,深堀陽子,,セ・二俣川,35.00,,,,,,,,,4:48.97,4:19.20,4:06.90,2/2
342,75,2023,11,4,長水路,チーム,5,4×100mフリーリレー,女子,160～199歳,165,5:21.05,,2,,2,吉池奈々,,セ・二俣川,40.48,,,,,,,,,4:48.97,4:19.20,4:06.90,2/2
343,75,2023,11,4,長水路,チーム,5,4×100mフリーリレー,女子,160～199歳,165,5:21.05,,3,,2,前田由希映,,セ・二俣川,39.76,,,,,,,,,4:48.97,4:19.20,4:06.90,2/2
344,75,2023,11,4,長水路,チーム,5,4×100mフリーリレー,女子,160～199歳,165,5:21.05,,4,,2,草野茜,,セ・二俣川,36.64,,,,,,,,,4:48.97,4:19.20,4:06.90,2/2
345,75,2023,11,4,長水路,チーム,5,4×100mフリーリレー,女子,160～199歳,185,6:29.75,,1,,3,宇田川美穂,,セ・天王洲,43.98,,,,,,,,,4:48.97,4:19.20,4:06.90,1/6
346,75,2023,11,4,長水路,チーム,5,4×100mフリーリレー,女子,160～199歳,185,6:29.75,,2,,3,中辻澄美,,セ・天王洲,49.17,,,,,,,,,4:48.97,4:19.20,4:06.90,1/6
347,75,2023,11,4,長水路,チーム,5,4×100mフリーリレー,女子,160～199歳,185,6:29.75,,3,,3,森内裕子,,セ・天王洲,46.75,,,,,,,,,4:48.97,4:19.20,4:06.90,1/6
348,75,2023,11,4,長水路,チーム,5,4×100mフリーリレー,女子,160～199歳,185,6:29.75,,4,,3,四井美穂,,セ・天王洲,44.31,,,,,,,,,4:48.97,4:19.20,4:06.90,1/6
349,75,2023,11,4,長水路,チーム,5,4×100mフリーリレー,女子,120～159歳,125,5:00.65,,1,,1,真栄田こずえ,,ザバス鶴見,38.16,,,,,,,,,4:35.52,4:07.62,4:04.10,2/7
350,75,2023,11,4,長水路,チーム,5,4×100mフリーリレー,女子,120～159歳,125,5:00.65,,2,,1,安掛悠子,,ザバス鶴見,35.27,,,,,,,,,4:35.52,4:07.62,4:04.10,2/7
351,75,2023,11,4,長水路,チーム,5,4×100mフリーリレー,女子,120～159歳,125,5:00.65,,3,,1,今田彩文,,ザバス鶴見,33.80,,,,,,,,,4:35.52,4:07.62,4:04.10,2/7
352,75,2023,11,4,長水路,チーム,5,4×100mフリーリレー,女子,120～159歳,125,5:00.65,,4,,1,浅田慶子,,ザバス鶴見,35.54,,,,,,,,,4:35.52,4:07.62,4:04.10,2/7
353,75,2023,11,4,長水路,チーム,5,4×100mフリーリレー,女子,120～159歳,148,5:19.63,,1,,2,吉村華余,,セ・長津田,32.41,,,,,,,,,4:35.52,4:07.62,4:04.10,2/3
354,75,2023,11,4,長水路,チーム,5,4×100mフリーリレー,女子,120～159歳,148,5:19.63,,2,,2,宍戸萌,,セ・長津田,32.74,,,,,,,,,4:35.52,4:07.62,4:04.10,2/3
355,75,2023,11,4,長水路,チーム,5,4×100mフリーリレー,女子,120～159歳,148,5:19.63,,3,,2,久保美由紀,,セ・長津田,46.21,,,,,,,,,4:35.52,4:07.62,4:04.10,2/3
356,75,2023,11,4,長水路,チーム,5,4×100mフリーリレー,女子,120～159歳,148,5:19.63,,4,,2,久保かおり,,セ・長津田,39.43,,,,,,,,,4:35.52,4:07.62,4:04.10,2/3
357,75,2023,11,4,長水路,チーム,5,4×100mフリーリレー,女子,72～119歳,86,4:30.94,,1,,1,表侑寿,,セ・二俣川,31.59,,,,,,,,,4:29.70,,,2/5
358,75,2023,11,4,長水路,チーム,5,4×100mフリーリレー,女子,72～119歳,86,4:30.94,,2,,1,松本彩花,,セ・二俣川,35.17,,,,,,,,,4:29.70,,,2/5
359,75,2023,11,4,長水路,チーム,5,4×100mフリーリレー,女子,72～119歳,86,4:30.94,,3,,1,志賀菜々美,,セ・二俣川,31.30,,,,,,,,,4:29.70,,,2/5
360,75,2023,11,4,長水路,チーム,5,4×100mフリーリレー,女子,72～119歳,86,4:30.94,,3,,1,/3,,セ・二俣川,,,,,,,,,,4:29.70,,,2/5
361,75,2023,11,4,長水路,チーム,5,4×100mフリーリレー,女子,72～119歳,86,4:30.94,,4,,1,岩倉柚,,セ・二俣川,31.11,,,,,,,,,4:29.70,,,2/5
362,75,2023,11,4,長水路,チーム,5,4×100mフリーリレー,女子,72～119歳,103,4:37.50,,1,,2,増田舞紗,,セ・成城,32.46,,,,,,,,,4:29.70,,,2/6
363,75,2023,11,4,長水路,チーム,5,4×100mフリーリレー,女子,72～119歳,103,4:37.50,,1,,2,/3,,セ・成城,,,,,,,,,,4:29.70,,,2/6
364,75,2023,11,4,長水路,チーム,5,4×100mフリーリレー,女子,72～119歳,103,4:37.50,,2,,2,小林あかり,,セ・成城,34.53,,,,,,,,,4:29.70,,,2/6
365,75,2023,11,4,長水路,チーム,5,4×100mフリーリレー,女子,72～119歳,103,4:37.50,,3,,2,関根琴,,セ・成城,32.50,,,,,,,,,4:29.70,,,2/6
366,75,2023,11,4,長水路,チーム,5,4×100mフリーリレー,女子,72～119歳,103,4:37.50,,4,,2,仲田笑美,,セ・成城,31.83,,,,,,,,,4:29.70,,,2/6
367,75,2023,11,4,長水路,チーム,6,4×100mフリーリレー,男子,240～279歳,245,5:25.18,,1,,1,楊華,,ザバス鶴見,35.49,,,,,,,,,4:55.69,4:14.03,3:59.86,1/10
368,75,2023,11,4,長水路,チーム,6,4×100mフリーリレー,男子,240～279歳,245,5:25.18,,2,,1,保坂巨成,,ザバス鶴見,39.67,,,,,,,,,4:55.69,4:14.03,3:59.86,1/10
369,75,2023,11,4,長水路,チーム,6,4×100mフリーリレー,男子,240～279歳,245,5:25.18,,3,,1,田邊英一,,ザバス鶴見,38.05,,,,,,,,,4:55.69,4:14.03,3:59.86,1/10
370,75,2023,11,4,長水路,チーム,6,4×100mフリーリレー,男子,240～279歳,245,5:25.18,,4,,1,鈴木亨,,ザバス鶴見,41.23,,,,,,,,,4:55.69,4:14.03,3:59.86,1/10
371,75,2023,11,4,長水路,チーム,6,4×100mフリーリレー,男子,240～279歳,279,6:06.96,,1,,2,松下達一,,セ・成城,43.34,,,,,,,,,4:55.69,4:14.03,3:59.86,1/1
372,75,2023,11,4,長水路,チーム,6,4×100mフリーリレー,男子,240～279歳,279,6:06.96,,2,,2,若宮強,,セ・成城,37.69,,,,,,,,,4:55.69,4:14.03,3:59.86,1/1
373,75,2023,11,4,長水路,チーム,6,4×100mフリーリレー,男子,240～279歳,279,6:06.96,,3,,2,木津誠,,セ・成城,42.17,,,,,,,,,4:55.69,4:14.03,3:59.86,1/1
374,75,2023,11,4,長水路,チーム,6,4×100mフリーリレー,男子,240～279歳,279,6:06.96,,4,,2,中井岳郎,,セ・成城,40.93,,,,,,,,,4:55.69,4:14.03,3:59.86,1/1
375,75,2023,11,4,長水路,チーム,6,4×100mフリーリレー,男子,200～239歳,215,4:32.34,,1,,1,村野雄太,,セ・清瀬,29.83,,,,,,,,,4:07.60,3:51.23,3:46.05,1/4
376,75,2023,11,4,長水路,チーム,6,4×100mフリーリレー,男子,200～239歳,215,4:32.34,,2,,1,渡誠,,セ・清瀬,33.38,,,,,,,,,4:07.60,3:51.23,3:46.05,1/4
377,75,2023,11,4,長水路,チーム,6,4×100mフリーリレー,男子,200～239歳,215,4:32.34,,3,,1,小倉和彦,,セ・清瀬,32.39,,,,,,,,,4:07.60,3:51.23,3:46.05,1/4
378,75,2023,11,4,長水路,チーム,6,4×100mフリーリレー,男子,200～239歳,215,4:32.34,,4,,1,小倉秀和,,セ・清瀬,32.06,,,,,,,,,4:07.60,3:51.23,3:46.05,1/4
379,75,2023,11,4,長水路,チーム,6,4×100mフリーリレー,男子,200～239歳,220,4:40.80,,1,,2,山賀竜馬,,セ・阿佐谷,28.59,,,,,,,,,4:07.60,3:51.23,3:46.05,1/2
380,75,2023,11,4,長水路,チーム,6,4×100mフリーリレー,男子,200～239歳,220,4:40.80,,2,,2,久保田勝己,,セ・阿佐谷,34.53,,,,,,,,,4:07.60,3:51.23,3:46.05,1/2
381,75,2023,11,4,長水路,チーム,6,4×100mフリーリレー,男子,200～239歳,220,4:40.80,,3,,2,大川明徳,,セ・阿佐谷,36.57,,,,,,,,,4:07.60,3:51.23,3:46.05,1/2
382,75,2023,11,4,長水路,チーム,6,4×100mフリーリレー,男子,200～239歳,220,4:40.80,,4,,2,吉原一彦,,セ・阿佐谷,32.41,,,,,,,,,4:07.60,3:51.23,3:46.05,1/2
383,75,2023,11,4,長水路,チーム,6,4×100mフリーリレー,男子,200～239歳,200,4:49.04,,1,,3,杉原祥之,,ザバス鶴見,34.97,,,,,,,,,4:07.60,3:51.23,3:46.05,1/9
384,75,2023,11,4,長水路,チーム,6,4×100mフリーリレー,男子,200～239歳,200,4:49.04,,2,,3,土井清孝,,ザバス鶴見,31.25,,,,,,,,,4:07.60,3:51.23,3:46.05,1/9
385,75,2023,11,4,長水路,チーム,6,4×100mフリーリレー,男子,200～239歳,200,4:49.04,,3,,3,永井由隆,,ザバス鶴見,35.26,,,,,,,,,4:07.60,3:51.23,3:46.05,1/9
386,75,2023,11,4,長水路,チーム,6,4×100mフリーリレー,男子,200～239歳,200,4:49.04,,4,,3,高橋正則,,ザバス鶴見,35.10,,,,,,,,,4:07.60,3:51.23,3:46.05,1/9
387,75,2023,11,4,長水路,チーム,6,4×100mフリーリレー,男子,200～239歳,209,5:01.51,,1,,4,堀川広祐,,セ・二俣川,32.95,,,,,,,,,4:07.60,3:51.23,3:46.05,1/8
388,75,2023,11,4,長水路,チーム,6,4×100mフリーリレー,男子,200～239歳,209,5:01.51,,2,,4,若島健二,,セ・二俣川,37.82,,,,,,,,,4:07.60,3:51.23,3:46.05,1/8
389,75,2023,11,4,長水路,チーム,6,4×100mフリーリレー,男子,200～239歳,209,5:01.51,,3,,4,恒川直輝,,セ・二俣川,36.17,,,,,,,,,4:07.60,3:51.23,3:46.05,1/8
390,75,2023,11,4,長水路,チーム,6,4×100mフリーリレー,男子,200～239歳,209,5:01.51,,4,,4,石上智啓,,セ・二俣川,33.90,,,,,,,,,4:07.60,3:51.23,3:46.05,1/8
391,75,2023,11,4,長水路,チーム,6,4×100mフリーリレー,男子,160～199歳,163,4:14.83,,1,,1,島脇晃也,,セ・大森,27.06,,,,,,,,,3:52.78,3:42.22,3:38.60,2/1
392,75,2023,11,4,長水路,チーム,6,4×100mフリーリレー,男子,160～199歳,163,4:14.83,,2,,1,高津周平,,セ・大森,28.01,,,,,,,,,3:52.78,3:42.22,3:38.60,2/1
393,75,2023,11,4,長水路,チーム,6,4×100mフリーリレー,男子,160～199歳,163,4:14.83,,2,,1,/3,,セ・大森,,,,,,,,,,3:52.78,3:42.22,3:38.60,2/1
394,75,2023,11,4,長水路,チーム,6,4×100mフリーリレー,男子,160～199歳,163,4:14.83,,3,,1,町田克浩,,セ・大森,32.21,,,,,,,,,3:52.78,3:42.22,3:38.60,2/1
395,75,2023,11,4,長水路,チーム,6,4×100mフリーリレー,男子,160～199歳,163,4:14.83,,4,,1,坂佐井健悟,,セ・大森,31.74,,,,,,,,,3:52.78,3:42.22,3:38.60,2/1
396,75,2023,11,4,長水路,チーム,6,4×100mフリーリレー,男子,160～199歳,164,4:16.69,,1,,2,川瀬健次,,セ・大宮宮原,29.95,,,,,,,,,3:52.78,3:42.22,3:38.60,1/7
397,75,2023,11,4,長水路,チーム,6,4×100mフリーリレー,男子,160～199歳,164,4:16.69,,2,,2,山本英男,,セ・大宮宮原,32.69,,,,,,,,,3:52.78,3:42.22,3:38.60,1/7
398,75,2023,11,4,長水路,チーム,6,4×100mフリーリレー,男子,160～199歳,164,4:16.69,,3,,2,宮川則仁,,セ・大宮宮原,32.58,,,,,,,,,3:52.78,3:42.22,3:38.60,1/7
399,75,2023,11,4,長水路,チーム,6,4×100mフリーリレー,男子,160～199歳,164,4:16.69,,4,,2,日吉将輝,,セ・大宮宮原,28.08,,,,,,,,,3:52.78,3:42.22,3:38.60,1/7
400,75,2023,11,4,長水路,チーム,6,4×100mフリーリレー,男子,160～199歳,178,4:23.11,,1,,3,木村知行,,セ・二俣川,30.68,,,,,,,,,3:52.78,3:42.22,3:38.60,1/6
401,75,2023,11,4,長水路,チーム,6,4×100mフリーリレー,男子,160～199歳,178,4:23.11,,2,,3,知見邦彦,,セ・二俣川,29.59,,,,,,,,,3:52.78,3:42.22,3:38.60,1/6
402,75,2023,11,4,長水路,チーム,6,4×100mフリーリレー,男子,160～199歳,178,4:23.11,,3,,3,永瀬知之,,セ・二俣川,28.48,,,,,,,,,3:52.78,3:42.22,3:38.60,1/6
403,75,2023,11,4,長水路,チーム,6,4×100mフリーリレー,男子,160～199歳,178,4:23.11,,4,,3,草野剛史,,セ・二俣川,35.08,,,,,,,,,3:52.78,3:42.22,3:38.60,1/6
404,75,2023,11,4,長水路,チーム,6,4×100mフリーリレー,男子,160～199歳,161,4:29.37,,1,,4,横山大志,,ザバス鶴見,31.09,,,,,,,,,3:52.78,3:42.22,3:38.60,1/5
405,75,2023,11,4,長水路,チーム,6,4×100mフリーリレー,男子,160～199歳,161,4:29.37,,2,,4,野間隼翔,,ザバス鶴見,31.85,,,,,,,,,3:52.78,3:42.22,3:38.60,1/5
406,75,2023,11,4,長水路,チーム,6,4×100mフリーリレー,男子,160～199歳,161,4:29.37,,3,,4,酒井和也,,ザバス鶴見,30.04,,,,,,,,,3:52.78,3:42.22,3:38.60,1/5
407,75,2023,11,4,長水路,チーム,6,4×100mフリーリレー,男子,160～199歳,161,4:29.37,,4,,4,田村源大,,ザバス鶴見,36.76,,,,,,,,,3:52.78,3:42.22,3:38.60,1/5
408,75,2023,11,4,長水路,チーム,6,4×100mフリーリレー,男子,160～199歳,183,4:39.24,,1,,5,藤本豊和,,セ・長津田,30.56,,,,,,,,,3:52.78,3:42.22,3:38.60,1/3
409,75,2023,11,4,長水路,チーム,6,4×100mフリーリレー,男子,160～199歳,183,4:39.24,,2,,5,矢作歩,,セ・長津田,30.07,,,,,,,,,3:52.78,3:42.22,3:38.60,1/3
410,75,2023,11,4,長水路,チーム,6,4×100mフリーリレー,男子,160～199歳,183,4:39.24,,3,,5,竹下翔,,セ・長津田,31.64,,,,,,,,,3:52.78,3:42.22,3:38.60,1/3
411,75,2023,11,4,長水路,チーム,6,4×100mフリーリレー,男子,160～199歳,183,4:39.24,,4,,5,庄司晶,,セ・長津田,38.44,,,,,,,,,3:52.78,3:42.22,3:38.60,1/3
412,75,2023,11,4,長水路,チーム,6,4×100mフリーリレー,男子,120～159歳,120,3:50.75,,1,,1,高木祥一,,セ・武蔵小杉,27.41,,,,,,,,,3:39.10,3:32.50,3:28.93,2/5
413,75,2023,11,4,長水路,チーム,6,4×100mフリーリレー,男子,120～159歳,120,3:50.75,,2,,1,松澤朋樹,,セ・武蔵小杉,26.78,,,,,,,,,3:39.10,3:32.50,3:28.93,2/5
414,75,2023,11,4,長水路,チーム,6,4×100mフリーリレー,男子,120～159歳,120,3:50.75,,3,,1,津崎朝輝,,セ・武蔵小杉,28.36,,,,,,,,,3:39.10,3:32.50,3:28.93,2/5
415,75,2023,11,4,長水路,チーム,6,4×100mフリーリレー,男子,120～159歳,120,3:50.75,,4,,1,奥平竜司,,セ・武蔵小杉,27.39,,,,,,,,,3:39.10,3:32.50,3:28.93,2/5
416,75,2023,11,4,長水路,チーム,6,4×100mフリーリレー,男子,120～159歳,136,3:52.39,,1,,2,前田崇行,,セ・二俣川,28.42,,,,,,,,,3:39.10,3:32.50,3:28.93,2/6
417,75,2023,11,4,長水路,チーム,6,4×100mフリーリレー,男子,120～159歳,136,3:52.39,,2,,2,秋澤裕介,,セ・二俣川,27.46,,,,,,,,,3:39.10,3:32.50,3:28.93,2/6
418,75,2023,11,4,長水路,チーム,6,4×100mフリーリレー,男子,120～159歳,136,3:52.39,,3,,2,鶴谷学,,セ・二俣川,27.12,,,,,,,,,3:39.10,3:32.50,3:28.93,2/6
419,75,2023,11,4,長水路,チーム,6,4×100mフリーリレー,男子,120～159歳,136,3:52.39,,4,,2,酒井駿,,セ・二俣川,27.77,,,,,,,,,3:39.10,3:32.50,3:28.93,2/6
420,75,2023,11,4,長水路,チーム,6,4×100mフリーリレー,男子,120～159歳,137,4:05.64,,1,,3,椎本恭平,,セ・阿佐谷,28.58,,,,,,,,,3:39.10,3:32.50,3:28.93,2/7
421,75,2023,11,4,長水路,チーム,6,4×100mフリーリレー,男子,120～159歳,137,4:05.64,,2,,3,荒井啓汰,,セ・阿佐谷,29.33,,,,,,,,,3:39.10,3:32.50,3:28.93,2/7
422,75,2023,11,4,長水路,チーム,6,4×100mフリーリレー,男子,120～159歳,137,4:05.64,,3,,3,和田弘太郎,,セ・阿佐谷,27.57,,,,,,,,,3:39.10,3:32.50,3:28.93,2/7
423,75,2023,11,4,長水路,チーム,6,4×100mフリーリレー,男子,120～159歳,137,4:05.64,,4,,3,棚網宏之,,セ・阿佐谷,29.71,,,,,,,,,3:39.10,3:32.50,3:28.93,2/7
424,75,2023,11,4,長水路,チーム,6,4×100mフリーリレー,男子,120～159歳,148,4:13.26,,1,,4,高梨大樹,,セ・成城,28.61,,,,,,,,,3:39.10,3:32.50,3:28.93,2/8
425,75,2023,11,4,長水路,チーム,6,4×100mフリーリレー,男子,120～159歳,148,4:13.26,,2,,4,中西剛,,セ・成城,28.84,,,,,,,,,3:39.10,3:32.50,3:28.93,2/8
426,75,2023,11,4,長水路,チーム,6,4×100mフリーリレー,男子,120～159歳,148,4:13.26,,3,,4,羽田浩一,,セ・成城,31.93,,,,,,,,,3:39.10,3:32.50,3:28.93,2/8
427,75,2023,11,4,長水路,チーム,6,4×100mフリーリレー,男子,120～159歳,148,4:13.26,,3,,4,/3,,セ・成城,,,,,,,,,,3:39.10,3:32.50,3:28.93,2/8
428,75,2023,11,4,長水路,チーム,6,4×100mフリーリレー,男子,120～159歳,148,4:13.26,,4,,4,村上守,,セ・成城,30.09,,,,,,,,,3:39.10,3:32.50,3:28.93,2/8
429,75,2023,11,4,長水路,チーム,6,4×100mフリーリレー,男子,120～159歳,130,4:17.36,,1,,5,小野健,,セ・天王洲,28.27,,,,,,,,,3:39.10,3:32.50,3:28.93,2/9
430,75,2023,11,4,長水路,チーム,6,4×100mフリーリレー,男子,120～159歳,130,4:17.36,,2,,5,加間英貴,,セ・天王洲,31.29,,,,,,,,,3:39.10,3:32.50,3:28.93,2/9
431,75,2023,11,4,長水路,チーム,6,4×100mフリーリレー,男子,120～159歳,130,4:17.36,,3,,5,倉持公一,,セ・天王洲,30.45,,,,,,,,,3:39.10,3:32.50,3:28.93,2/9
432,75,2023,11,4,長水路,チーム,6,4×100mフリーリレー,男子,120～159歳,130,4:17.36,,4,,5,寺田遼太,,セ・天王洲,29.81,,,,,,,,,3:39.10,3:32.50,3:28.93,2/9
433,75,2023,11,4,長水路,チーム,6,4×100mフリーリレー,男子,72～119歳,86,3:44.19,,1,,1,宮川ガブリエル拓実26.82,,セ・慶應日吉,58.89,,,,,,,,TRUE,3:46.90,,,2/2
434,75,2023,11,4,長水路,チーム,6,4×100mフリーリレー,男子,72～119歳,86,3:44.19,,2,,1,菅原啓,,セ・慶應日吉,25.76,,,,,,,,TRUE,3:46.90,,,2/2
435,75,2023,11,4,長水路,チーム,6,4×100mフリーリレー,男子,72～119歳,86,3:44.19,,3,,1,内田陸登,,セ・慶應日吉,26.45,,,,,,,,TRUE,3:46.90,,,2/2
436,75,2023,11,4,長水路,チーム,6,4×100mフリーリレー,男子,72～119歳,86,3:44.19,,4,,1,石田虎流,,セ・慶應日吉,25.56,,,,,,,,TRUE,3:46.90,,,2/2
437,75,2023,11,4,長水路,チーム,6,4×100mフリーリレー,男子,72～119歳,92,3:55.32,,1,,2,瀧田優磨,,ザバス鶴見,28.77,,,,,,,,,3:46.90,,,2/4
438,75,2023,11,4,長水路,チーム,6,4×100mフリーリレー,男子,72～119歳,92,3:55.32,,2,,2,石川凱斗,,ザバス鶴見,26.39,,,,,,,,,3:46.90,,,2/4
439,75,2023,11,4,長水路,チーム,6,4×100mフリーリレー,男子,72～119歳,92,3:55.32,,3,,2,千葉諒太,,ザバス鶴見,28.09,,,,,,,,,3:46.90,,,2/4
440,75,2023,11,4,長水路,チーム,6,4×100mフリーリレー,男子,72～119歳,92,3:55.32,,4,,2,十河直樹,,ザバス鶴見,28.85,,,,,,,,,3:46.90,,,2/4
441,75,2023,11,4,長水路,チーム,6,4×100mフリーリレー,男子,72～119歳,111,4:14.07,,1,,3,田中壮一郎,,セ・二俣川,29.39,,,,,,,,,3:46.90,,,2/10
442,75,2023,11,4,長水路,チーム,6,4×100mフリーリレー,男子,72～119歳,111,4:14.07,,2,,3,坂入裕,,セ・二俣川,30.25,,,,,,,,,3:46.90,,,2/10
443,75,2023,11,4,長水路,チーム,6,4×100mフリーリレー,男子,72～119歳,111,4:14.07,,3,,3,新福留広貴,,セ・二俣川,29.06,,,,,,,,,3:46.90,,,2/10
444,75,2023,11,4,長水路,チーム,6,4×100mフリーリレー,男子,72～119歳,111,4:14.07,,4,,3,山崎陸真,,セ・二俣川,29.00,,,,,,,,,3:46.90,,,2/10
445,75,2023,11,4,長水路,チーム,6,4×100mフリーリレー,男子,72～119歳,89,4:24.74,,1,,4,山崎緋呂,,セ・葛西,30.04,,,,,,,,,3:46.90,,,2/3
446,75,2023,11,4,長水路,チーム,6,4×100mフリーリレー,男子,72～119歳,89,4:24.74,,1,,4,/3,,セ・葛西,,,,,,,,,,3:46.90,,,2/3
447,75,2023,11,4,長水路,チーム,6,4×100mフリーリレー,男子,72～119歳,89,4:24.74,,2,,4,矢野匠,,セ・葛西,30.14,,,,,,,,,3:46.90,,,2/3
448,75,2023,11,4,長水路,チーム,6,4×100mフリーリレー,男子,72～119歳,89,4:24.74,,3,,4,嶋田翔太,,セ・葛西,29.14,,,,,,,,,3:46.90,,,2/3
449,75,2023,11,4,長水路,チーム,6,4×100mフリーリレー,男子,72～119歳,89,4:24.74,,4,,4,城山海,,セ・葛西,30.94,,,,,,,,,3:46.90,,,2/3
450,75,2023,11,4,長水路,チーム,11,4×50mメドレーリレー,女子,320～359歳,320,4:11.16,,1,,1,川口栄子,,セ・松戸,56.19,,,,,,,,TRUE,4:26.01,3:23.94,3:23.94,1/7
451,75,2023,11,4,長水路,チーム,11,4×50mメドレーリレー,女子,320～359歳,320,4:11.16,,2,,1,後藤節子,,セ・松戸,1:21.04,,,,,,,,TRUE,4:26.01,3:23.94,3:23.94,1/7
452,75,2023,11,4,長水路,チーム,11,4×50mメドレーリレー,女子,320～359歳,320,4:11.16,,3,,1,八田清子,,セ・松戸,1:02.49,,,,,,,,TRUE,4:26.01,3:23.94,3:23.94,1/7
453,75,2023,11,4,長水路,チーム,11,4×50mメドレーリレー,女子,320～359歳,320,4:11.16,,4,,1,須山順子,,セ・松戸,51.44,,,,,,,,TRUE,4:26.01,3:23.94,3:23.94,1/7
454,75,2023,11,4,長水路,チーム,11,4×50mメドレーリレー,女子,280～319歳,285,3:12.99,,1,,1,松村恵子,,セ・葛西,48.69,,,,,,,,TRUE,3:13.17,2:43.32,2:34.78,2/4
455,75,2023,11,4,長水路,チーム,11,4×50mメドレーリレー,女子,280～319歳,285,3:12.99,,2,,1,小澤優子,,セ・葛西,58.85,,,,,,,,TRUE,3:13.17,2:43.32,2:34.78,2/4
456,75,2023,11,4,長水路,チーム,11,4×50mメドレーリレー,女子,280～319歳,285,3:12.99,,3,,1,大山恵子,,セ・葛西,44.05,,,,,,,,TRUE,3:13.17,2:43.32,2:34.78,2/4
457,75,2023,11,4,長水路,チーム,11,4×50mメドレーリレー,女子,280～319歳,285,3:12.99,,4,,1,青砥美智子,,セ・葛西,41.40,,,,,,,,TRUE,3:13.17,2:43.32,2:34.78,2/4
458,75,2023,11,4,長水路,チーム,11,4×50mメドレーリレー,女子,280～319歳,282,3:17.98,,1,,2,山地多佳子,,セ・おおたか,52.63,,,,,,,,,3:13.17,2:43.32,2:34.78,2/8
459,75,2023,11,4,長水路,チーム,11,4×50mメドレーリレー,女子,280～319歳,282,3:17.98,,2,,2,高木保子,,セ・おおたか,56.09,,,,,,,,,3:13.17,2:43.32,2:34.78,2/8
460,75,2023,11,4,長水路,チーム,11,4×50mメドレーリレー,女子,280～319歳,282,3:17.98,,3,,2,岩崎良子,,セ・おおたか,46.73,,,,,,,,,3:13.17,2:43.32,2:34.78,2/8
461,75,2023,11,4,長水路,チーム,11,4×50mメドレーリレー,女子,280～319歳,282,3:17.98,,4,,2,岡村悦子,,セ・おおたか,42.53,,,,,,,,,3:13.17,2:43.32,2:34.78,2/8
462,75,2023,11,4,長水路,チーム,11,4×50mメドレーリレー,女子,280～319歳,281,3:26.28,,1,,3,大塚裕子,,セ・成城,57.29,,,,,,,,,3:13.17,2:43.32,2:34.78,2/3
463,75,2023,11,4,長水路,チーム,11,4×50mメドレーリレー,女子,280～319歳,281,3:26.28,,2,,3,栗林眞知子,,セ・成城,58.04,,,,,,,,,3:13.17,2:43.32,2:34.78,2/3
464,75,2023,11,4,長水路,チーム,11,4×50mメドレーリレー,女子,280～319歳,281,3:26.28,,3,,3,草森理子,,セ・成城,51.30,,,,,,,,,3:13.17,2:43.32,2:34.78,2/3
465,75,2023,11,4,長水路,チーム,11,4×50mメドレーリレー,女子,280～319歳,281,3:26.28,,4,,3,伊藤ゆかり,,セ・成城,39.65,,,,,,,,,3:13.17,2:43.32,2:34.78,2/3
466,75,2023,11,4,長水路,チーム,11,4×50mメドレーリレー,女子,280～319歳,289,3:29.32,,1,,4,後藤明美,,セ・天王洲,50.28,,,,,,,,,3:13.17,2:43.32,2:34.78,1/3
467,75,2023,11,4,長水路,チーム,11,4×50mメドレーリレー,女子,280～319歳,289,3:29.32,,2,,4,櫻田琴,,セ・天王洲,55.10,,,,,,,,,3:13.17,2:43.32,2:34.78,1/3
468,75,2023,11,4,長水路,チーム,11,4×50mメドレーリレー,女子,280～319歳,289,3:29.32,,3,,4,浅野みどり,,セ・天王洲,45.97,,,,,,,,,3:13.17,2:43.32,2:34.78,1/3
469,75,2023,11,4,長水路,チーム,11,4×50mメドレーリレー,女子,280～319歳,289,3:29.32,,4,,4,平田美佐子,,セ・天王洲,57.97,,,,,,,,,3:13.17,2:43.32,2:34.78,1/3
470,75,2023,11,4,長水路,チーム,11,4×50mメドレーリレー,女子,280～319歳,280,3:42.01,,1,,5,星幸恵,,クリーンスパ,58.16,,,,,,,,,3:13.17,2:43.32,2:34.78,2/2
471,75,2023,11,4,長水路,チーム,11,4×50mメドレーリレー,女子,280～319歳,280,3:42.01,,2,,5,森川佳余子,,クリーンスパ,50.18,,,,,,,,,3:13.17,2:43.32,2:34.78,2/2
472,75,2023,11,4,長水路,チーム,11,4×50mメドレーリレー,女子,280～319歳,280,3:42.01,,3,,5,酒井寿美恵,,クリーンスパ,47.68,,,,,,,,,3:13.17,2:43.32,2:34.78,2/2
473,75,2023,11,4,長水路,チーム,11,4×50mメドレーリレー,女子,280～319歳,280,3:42.01,,4,,5,鈴木静江,,クリーンスパ,1:05.99,,,,,,,,,3:13.17,2:43.32,2:34.78,2/2
474,75,2023,11,4,長水路,チーム,11,4×50mメドレーリレー,女子,240～279歳,243,2:40.47,,1,,1,上野真弓,,セ・二俣川,44.55,,,,,,,,,2:34.86,2:28.80,2:19.90,3/5
475,75,2023,11,4,長水路,チーム,11,4×50mメドレーリレー,女子,240～279歳,243,2:40.47,,2,,1,野島久枝,,セ・二俣川,45.31,,,,,,,,,2:34.86,2:28.80,2:19.90,3/5
476,75,2023,11,4,長水路,チーム,11,4×50mメドレーリレー,女子,240～279歳,243,2:40.47,,2,,1,/5,,セ・二俣川,,,,,,,,,,2:34.86,2:28.80,2:19.90,3/5
477,75,2023,11,4,長水路,チーム,11,4×50mメドレーリレー,女子,240～279歳,243,2:40.47,,3,,1,武井麻知子,,セ・二俣川,38.78,,,,,,,,,2:34.86,2:28.80,2:19.90,3/5
478,75,2023,11,4,長水路,チーム,11,4×50mメドレーリレー,女子,240～279歳,243,2:40.47,,4,,1,永瀬秀子,,セ・二俣川,31.83,,,,,,,,,2:34.86,2:28.80,2:19.90,3/5
479,75,2023,11,4,長水路,チーム,11,4×50mメドレーリレー,女子,240～279歳,246,2:46.61,,1,,2,及川薫,,セ・松戸,44.12,,,,,,,,,2:34.86,2:28.80,2:19.90,3/3
480,75,2023,11,4,長水路,チーム,11,4×50mメドレーリレー,女子,240～279歳,246,2:46.61,,2,,2,武政ふく,,セ・松戸,45.74,,,,,,,,,2:34.86,2:28.80,2:19.90,3/3
481,75,2023,11,4,長水路,チーム,11,4×50mメドレーリレー,女子,240～279歳,246,2:46.61,,3,,2,青木華世子,,セ・松戸,41.79,,,,,,,,,2:34.86,2:28.80,2:19.90,3/3
482,75,2023,11,4,長水路,チーム,11,4×50mメドレーリレー,女子,240～279歳,246,2:46.61,,4,,2,八尋加苗,,セ・松戸,34.96,,,,,,,,,2:34.86,2:28.80,2:19.90,3/3
483,75,2023,11,4,長水路,チーム,11,4×50mメドレーリレー,女子,240～279歳,250,2:52.46,,1,,3,松田聡美,,セ・成城,48.33,,,,,,,,,2:34.86,2:28.80,2:19.90,3/6
484,75,2023,11,4,長水路,チーム,11,4×50mメドレーリレー,女子,240～279歳,250,2:52.46,,2,,3,田代眞理子,,セ・成城,49.11,,,,,,,,,2:34.86,2:28.80,2:19.90,3/6
485,75,2023,11,4,長水路,チーム,11,4×50mメドレーリレー,女子,240～279歳,250,2:52.46,,3,,3,仲田久美子,,セ・成城,36.31,,,,,,,,,2:34.86,2:28.80,2:19.90,3/6
486,75,2023,11,4,長水路,チーム,11,4×50mメドレーリレー,女子,240～279歳,250,2:52.46,,4,,3,高梨美樹,,セ・成城,38.71,,,,,,,,,2:34.86,2:28.80,2:19.90,3/6
487,75,2023,11,4,長水路,チーム,11,4×50mメドレーリレー,女子,240～279歳,242,3:08.09,,1,,4,岩崎真弓,,ザバス鶴見,45.55,,,,,,,,,2:34.86,2:28.80,2:19.90,3/1
488,75,2023,11,4,長水路,チーム,11,4×50mメドレーリレー,女子,240～279歳,242,3:08.09,,2,,4,藤枝康子,,ザバス鶴見,53.79,,,,,,,,,2:34.86,2:28.80,2:19.90,3/1
489,75,2023,11,4,長水路,チーム,11,4×50mメドレーリレー,女子,240～279歳,242,3:08.09,,3,,4,太田温子,,ザバス鶴見,46.69,,,,,,,,,2:34.86,2:28.80,2:19.90,3/1
490,75,2023,11,4,長水路,チーム,11,4×50mメドレーリレー,女子,240～279歳,242,3:08.09,,4,,4,竹田正美,,ザバス鶴見,42.06,,,,,,,,,2:34.86,2:28.80,2:19.90,3/1
491,75,2023,11,4,長水路,チーム,11,4×50mメドレーリレー,女子,240～279歳,251,3:18.47,,1,,5,木村恵子,,セ・越谷,1:03.17,,,,,,,,,2:34.86,2:28.80,2:19.90,2/7
492,75,2023,11,4,長水路,チーム,11,4×50mメドレーリレー,女子,240～279歳,251,3:18.47,,2,,5,太田初美,,セ・越谷,53.76,,,,,,,,,2:34.86,2:28.80,2:19.90,2/7
493,75,2023,11,4,長水路,チーム,11,4×50mメドレーリレー,女子,240～279歳,251,3:18.47,,3,,5,中村和子,,セ・越谷,44.31,,,,,,,,,2:34.86,2:28.80,2:19.90,2/7
494,75,2023,11,4,長水路,チーム,11,4×50mメドレーリレー,女子,240～279歳,251,3:18.47,,4,,5,細沼悦子,,セ・越谷,37.23,,,,,,,,,2:34.86,2:28.80,2:19.90,2/7
495,75,2023,11,4,長水路,チーム,11,4×50mメドレーリレー,女子,240～279歳,244,3:18.98,,1,,6,森圭伊子,,セ・戸塚,53.31,,,,,,,,,2:34.86,2:28.80,2:19.90,1/6
496,75,2023,11,4,長水路,チーム,11,4×50mメドレーリレー,女子,240～279歳,244,3:18.98,,2,,6,日和久美子,,セ・戸塚,1:02.63,,,,,,,,,2:34.86,2:28.80,2:19.90,1/6
497,75,2023,11,4,長水路,チーム,11,4×50mメドレーリレー,女子,240～279歳,244,3:18.98,,3,,6,広瀬百合香,,セ・戸塚,36.03,,,,,,,,,2:34.86,2:28.80,2:19.90,1/6
498,75,2023,11,4,長水路,チーム,11,4×50mメドレーリレー,女子,240～279歳,244,3:18.98,,4,,6,池田敏子,,セ・戸塚,47.01,,,,,,,,,2:34.86,2:28.80,2:19.90,1/6
499,75,2023,11,4,長水路,チーム,11,4×50mメドレーリレー,女子,240～279歳,252,3:24.76,,1,,7,上松弘子,,セ・上池袋,55.15,,,,,,,,,2:34.86,2:28.80,2:19.90,1/8
500,75,2023,11,4,長水路,チーム,11,4×50mメドレーリレー,女子,240～279歳,252,3:24.76,,2,,7,磯村麻衣子,,セ・上池袋,49.43,,,,,,,,,2:34.86,2:28.80,2:19.90,1/8
501,75,2023,11,4,長水路,チーム,11,4×50mメドレーリレー,女子,240～279歳,252,3:24.76,,3,,7,古旗美鈴,,セ・上池袋,55.39,,,,,,,,,2:34.86,2:28.80,2:19.90,1/8
502,75,2023,11,4,長水路,チーム,11,4×50mメドレーリレー,女子,240～279歳,252,3:24.76,,4,,7,黒川慶子,,セ・上池袋,44.79,,,,,,,,,2:34.86,2:28.80,2:19.90,1/8
503,75,2023,11,4,長水路,チーム,11,4×50mメドレーリレー,女子,200～239歳,217,2:43.20,,1,,1,生田目則子,,セ・自由が丘,44.27,,,,,,,,,2:20.02,2:13.47,2:08.87,3/4
504,75,2023,11,4,長水路,チーム,11,4×50mメドレーリレー,女子,200～239歳,217,2:43.20,,2,,1,ダン典子,,セ・自由が丘,49.46,,,,,,,,,2:20.02,2:13.47,2:08.87,3/4
505,75,2023,11,4,長水路,チーム,11,4×50mメドレーリレー,女子,200～239歳,217,2:43.20,,3,,1,齋藤千華子,,セ・自由が丘,33.30,,,,,,,,,2:20.02,2:13.47,2:08.87,3/4
506,75,2023,11,4,長水路,チーム,11,4×50mメドレーリレー,女子,200～239歳,217,2:43.20,,4,,1,高間智子,,セ・自由が丘,36.17,,,,,,,,,2:20.02,2:13.47,2:08.87,3/4
507,75,2023,11,4,長水路,チーム,11,4×50mメドレーリレー,女子,200～239歳,208,2:44.59,,1,,2,浅尾有香,,セ・大森,38.15,,,,,,,,,2:20.02,2:13.47,2:08.87,2/5
508,75,2023,11,4,長水路,チーム,11,4×50mメドレーリレー,女子,200～239歳,208,2:44.59,,2,,2,大竹昌子,,セ・大森,46.75,,,,,,,,,2:20.02,2:13.47,2:08.87,2/5
509,75,2023,11,4,長水路,チーム,11,4×50mメドレーリレー,女子,200～239歳,208,2:44.59,,3,,2,大島江理子,,セ・大森,40.44,,,,,,,,,2:20.02,2:13.47,2:08.87,2/5
510,75,2023,11,4,長水路,チーム,11,4×50mメドレーリレー,女子,200～239歳,208,2:44.59,,3,,2,/5,,セ・大森,,,,,,,,,,2:20.02,2:13.47,2:08.87,2/5
511,75,2023,11,4,長水路,チーム,11,4×50mメドレーリレー,女子,200～239歳,208,2:44.59,,4,,2,立石由美子,,セ・大森,39.25,,,,,,,,,2:20.02,2:13.47,2:08.87,2/5
512,75,2023,11,4,長水路,チーム,11,4×50mメドレーリレー,女子,200～239歳,221,2:45.69,,1,,3,茂櫛典子,,セ・成城,48.83,,,,,,,,,2:20.02,2:13.47,2:08.87,4/3
513,75,2023,11,4,長水路,チーム,11,4×50mメドレーリレー,女子,200～239歳,221,2:45.69,,2,,3,大川晴美,,セ・成城,44.75,,,,,,,,,2:20.02,2:13.47,2:08.87,4/3
514,75,2023,11,4,長水路,チーム,11,4×50mメドレーリレー,女子,200～239歳,221,2:45.69,,3,,3,佐々木彩,,セ・成城,36.39,,,,,,,,,2:20.02,2:13.47,2:08.87,4/3
515,75,2023,11,4,長水路,チーム,11,4×50mメドレーリレー,女子,200～239歳,221,2:45.69,,4,,3,高柳祐子,,セ・成城,35.72,,,,,,,,,2:20.02,2:13.47,2:08.87,4/3
516,75,2023,11,4,長水路,チーム,11,4×50mメドレーリレー,女子,200～239歳,210,2:49.71,,1,,4,山本由起子,,セ・南千住,48.52,,,,,,,,,2:20.02,2:13.47,2:08.87,2/6
517,75,2023,11,4,長水路,チーム,11,4×50mメドレーリレー,女子,200～239歳,210,2:49.71,,2,,4,田原文月,,セ・南千住,48.62,,,,,,,,,2:20.02,2:13.47,2:08.87,2/6
518,75,2023,11,4,長水路,チーム,11,4×50mメドレーリレー,女子,200～239歳,210,2:49.71,,3,,4,杉本浩美,,セ・南千住,35.73,,,,,,,,,2:20.02,2:13.47,2:08.87,2/6
519,75,2023,11,4,長水路,チーム,11,4×50mメドレーリレー,女子,200～239歳,210,2:49.71,,4,,4,町田麻里,,セ・南千住,36.84,,,,,,,,,2:20.02,2:13.47,2:08.87,2/6
520,75,2023,11,4,長水路,チーム,11,4×50mメドレーリレー,女子,200～239歳,231,2:56.39,,1,,5,川村佳代子,,セ・二俣川,39.58,,,,,,,,,2:20.02,2:13.47,2:08.87,3/10
521,75,2023,11,4,長水路,チーム,11,4×50mメドレーリレー,女子,200～239歳,231,2:56.39,,1,,5,大橋ほづ美②佐藤美絵子③山岡香織④田中貴子,,セ・二俣川,,,,,,,,,,2:20.02,2:13.47,2:08.87,3/10
522,75,2023,11,4,長水路,チーム,11,4×50mメドレーリレー,女子,200～239歳,231,2:56.39,,2,,5,盛田真規子,,セ・二俣川,53.86,,,,,,,,,2:20.02,2:13.47,2:08.87,3/10
523,75,2023,11,4,長水路,チーム,11,4×50mメドレーリレー,女子,200～239歳,231,2:56.39,,3,,5,中野裕子,,セ・二俣川,46.57,,,,,,,,,2:20.02,2:13.47,2:08.87,3/10
524,75,2023,11,4,長水路,チーム,11,4×50mメドレーリレー,女子,200～239歳,231,2:56.39,,4,,5,奥寺容子,,セ・二俣川,36.38,,,,,,,,,2:20.02,2:13.47,2:08.87,3/10
525,75,2023,11,4,長水路,チーム,11,4×50mメドレーリレー,女子,160～199歳,198,2:31.40,,1,,1,原田佳子,,セ・葛西,40.40,,,,,,,,,2:15.71,2:06.69,2:04.75,4/8
526,75,2023,11,4,長水路,チーム,11,4×50mメドレーリレー,女子,160～199歳,198,2:31.40,,2,,1,関本みすぎ,,セ・葛西,44.32,,,,,,,,,2:15.71,2:06.69,2:04.75,4/8
527,75,2023,11,4,長水路,チーム,11,4×50mメドレーリレー,女子,160～199歳,198,2:31.40,,3,,1,青木梨緒,,セ・葛西,32.12,,,,,,,,,2:15.71,2:06.69,2:04.75,4/8
528,75,2023,11,4,長水路,チーム,11,4×50mメドレーリレー,女子,160～199歳,198,2:31.40,,4,,1,羽山恵津子,,セ・葛西,34.56,,,,,,,,,2:15.71,2:06.69,2:04.75,4/8
529,75,2023,11,4,長水路,チーム,11,4×50mメドレーリレー,女子,160～199歳,172,2:34.00,,1,,2,浅田慶子,,ザバス鶴見,33.46,,,,,,,,,2:15.71,2:06.69,2:04.75,4/7
530,75,2023,11,4,長水路,チーム,11,4×50mメドレーリレー,女子,160～199歳,172,2:34.00,,2,,2,佐伯康子,,ザバス鶴見,47.67,,,,,,,,,2:15.71,2:06.69,2:04.75,4/7
531,75,2023,11,4,長水路,チーム,11,4×50mメドレーリレー,女子,160～199歳,172,2:34.00,,3,,2,安掛悠子,,ザバス鶴見,35.33,,,,,,,,,2:15.71,2:06.69,2:04.75,4/7
532,75,2023,11,4,長水路,チーム,11,4×50mメドレーリレー,女子,160～199歳,172,2:34.00,,4,,2,田村美香子,,ザバス鶴見,37.54,,,,,,,,,2:15.71,2:06.69,2:04.75,4/7
533,75,2023,11,4,長水路,チーム,11,4×50mメドレーリレー,女子,160～199歳,165,2:44.89,,1,,3,宇田川美穂,,セ・天王洲,43.12,,,,,,,,,2:15.71,2:06.69,2:04.75,3/9
534,75,2023,11,4,長水路,チーム,11,4×50mメドレーリレー,女子,160～199歳,165,2:44.89,,2,,3,中辻澄美,,セ・天王洲,52.07,,,,,,,,,2:15.71,2:06.69,2:04.75,3/9
535,75,2023,11,4,長水路,チーム,11,4×50mメドレーリレー,女子,160～199歳,165,2:44.89,,3,,3,萩原ゆかり,,セ・天王洲,36.86,,,,,,,,,2:15.71,2:06.69,2:04.75,3/9
536,75,2023,11,4,長水路,チーム,11,4×50mメドレーリレー,女子,160～199歳,165,2:44.89,,4,,3,四井美穂,,セ・天王洲,32.84,,,,,,,,,2:15.71,2:06.69,2:04.75,3/9
537,75,2023,11,4,長水路,チーム,11,4×50mメドレーリレー,女子,160～199歳,190,2:45.53,,1,,4,吉岡智子,,セ・新都心,44.87,,,,,,,,,2:15.71,2:06.69,2:04.75,3/2
538,75,2023,11,4,長水路,チーム,11,4×50mメドレーリレー,女子,160～199歳,190,2:45.53,,2,,4,仲津真規子,,セ・新都心,44.20,,,,,,,,,2:15.71,2:06.69,2:04.75,3/2
539,75,2023,11,4,長水路,チーム,11,4×50mメドレーリレー,女子,160～199歳,190,2:45.53,,3,,4,川俣星,,セ・新都心,32.54,,,,,,,,,2:15.71,2:06.69,2:04.75,3/2
540,75,2023,11,4,長水路,チーム,11,4×50mメドレーリレー,女子,160～199歳,190,2:45.53,,4,,4,加藤雅弓,,セ・新都心,43.92,,,,,,,,,2:15.71,2:06.69,2:04.75,3/2
541,75,2023,11,4,長水路,チーム,11,4×50mメドレーリレー,女子,160～199歳,190,2:45.53,,4,,4,/5,,セ・新都心,,,,,,,,,,2:15.71,2:06.69,2:04.75,3/2
542,75,2023,11,4,長水路,チーム,11,4×50mメドレーリレー,女子,160～199歳,165,2:46.64,,1,,5,草野茜,,セ・二俣川,43.47,,,,,,,,,2:15.71,2:06.69,2:04.75,3/7
543,75,2023,11,4,長水路,チーム,11,4×50mメドレーリレー,女子,160～199歳,165,2:46.64,,2,,5,深堀陽子,,セ・二俣川,43.01,,,,,,,,,2:15.71,2:06.69,2:04.75,3/7
544,75,2023,11,4,長水路,チーム,11,4×50mメドレーリレー,女子,160～199歳,165,2:46.64,,3,,5,吉池奈々,,セ・二俣川,44.31,,,,,,,,,2:15.71,2:06.69,2:04.75,3/7
545,75,2023,11,4,長水路,チーム,11,4×50mメドレーリレー,女子,160～199歳,165,2:46.64,,4,,5,前田由希映,,セ・二俣川,35.85,,,,,,,,,2:15.71,2:06.69,2:04.75,3/7
546,75,2023,11,4,長水路,チーム,11,4×50mメドレーリレー,女子,160～199歳,195,2:47.66,,1,,6,小野真佐子,,セ・阿佐谷,39.53,,,,,,,,,2:15.71,2:06.69,2:04.75,4/10
547,75,2023,11,4,長水路,チーム,11,4×50mメドレーリレー,女子,160～199歳,195,2:47.66,,2,,6,瀬原まどか,,セ・阿佐谷,39.64,,,,,,,,,2:15.71,2:06.69,2:04.75,4/10
548,75,2023,11,4,長水路,チーム,11,4×50mメドレーリレー,女子,160～199歳,195,2:47.66,,3,,6,石原なおみ,,セ・阿佐谷,44.94,,,,,,,,,2:15.71,2:06.69,2:04.75,4/10
549,75,2023,11,4,長水路,チーム,11,4×50mメドレーリレー,女子,160～199歳,195,2:47.66,,4,,6,棚網恵理,,セ・阿佐谷,43.55,,,,,,,,,2:15.71,2:06.69,2:04.75,4/10
550,75,2023,11,4,長水路,チーム,11,4×50mメドレーリレー,女子,160～199歳,162,2:49.95,,1,,7,今田彩文,,ザバス鶴見,39.94,,,,,,,,,2:15.71,2:06.69,2:04.75,4/1
551,75,2023,11,4,長水路,チーム,11,4×50mメドレーリレー,女子,160～199歳,162,2:49.95,,2,,7,真栄田こずえ,,ザバス鶴見,49.68,,,,,,,,,2:15.71,2:06.69,2:04.75,4/1
552,75,2023,11,4,長水路,チーム,11,4×50mメドレーリレー,女子,160～199歳,162,2:49.95,,3,,7,沖田奈々美,,ザバス鶴見,42.09,,,,,,,,,2:15.71,2:06.69,2:04.75,4/1
553,75,2023,11,4,長水路,チーム,11,4×50mメドレーリレー,女子,160～199歳,162,2:49.95,,4,,7,小林弘子,,ザバス鶴見,38.24,,,,,,,,,2:15.71,2:06.69,2:04.75,4/1
554,75,2023,11,4,長水路,チーム,11,4×50mメドレーリレー,女子,120～159歳,154,2:23.77,,1,,1,嶋田菜々子,,セ・おおたか,35.89,,,,,,,,,2:16.17,2:02.35,2:02.35,4/6
555,75,2023,11,4,長水路,チーム,11,4×50mメドレーリレー,女子,120～159歳,154,2:23.77,,2,,1,中村可奈子,,セ・おおたか,40.83,,,,,,,,,2:16.17,2:02.35,2:02.35,4/6
556,75,2023,11,4,長水路,チーム,11,4×50mメドレーリレー,女子,120～159歳,154,2:23.77,,3,,1,小室絵利奈,,セ・おおたか,33.60,,,,,,,,,2:16.17,2:02.35,2:02.35,4/6
557,75,2023,11,4,長水路,チーム,11,4×50mメドレーリレー,女子,120～159歳,154,2:23.77,,4,,1,柳有美子,,セ・おおたか,33.45,,,,,,,,,2:16.17,2:02.35,2:02.35,4/6
558,75,2023,11,4,長水路,チーム,11,4×50mメドレーリレー,女子,120～159歳,140,2:26.25,,1,,2,中畑眸,,セ・成城,38.97,,,,,,,,,2:16.17,2:02.35,2:02.35,4/4
559,75,2023,11,4,長水路,チーム,11,4×50mメドレーリレー,女子,120～159歳,140,2:26.25,,2,,2,佐藤洋子,,セ・成城,44.35,,,,,,,,,2:16.17,2:02.35,2:02.35,4/4
560,75,2023,11,4,長水路,チーム,11,4×50mメドレーリレー,女子,120～159歳,140,2:26.25,,3,,2,仲田笑美,,セ・成城,31.93,,,,,,,,,2:16.17,2:02.35,2:02.35,4/4
561,75,2023,11,4,長水路,チーム,11,4×50mメドレーリレー,女子,120～159歳,140,2:26.25,,4,,2,小林あかり,,セ・成城,31.00,,,,,,,,,2:16.17,2:02.35,2:02.35,4/4
562,75,2023,11,4,長水路,チーム,11,4×50mメドレーリレー,女子,120～159歳,151,2:31.76,,1,,3,米倉公美,,セ・目黒,44.44,,,,,,,,,2:16.17,2:02.35,2:02.35,4/2
563,75,2023,11,4,長水路,チーム,11,4×50mメドレーリレー,女子,120～159歳,151,2:31.76,,2,,3,池田智子,,セ・目黒,44.34,,,,,,,,,2:16.17,2:02.35,2:02.35,4/2
564,75,2023,11,4,長水路,チーム,11,4×50mメドレーリレー,女子,120～159歳,151,2:31.76,,3,,3,菊地美春,,セ・目黒,32.49,,,,,,,,,2:16.17,2:02.35,2:02.35,4/2
565,75,2023,11,4,長水路,チーム,11,4×50mメドレーリレー,女子,120～159歳,151,2:31.76,,4,,3,佐藤玖弥,,セ・目黒,30.49,,,,,,,,,2:16.17,2:02.35,2:02.35,4/2
566,75,2023,11,4,長水路,チーム,11,4×50mメドレーリレー,女子,120～159歳,148,2:42.44,,1,,4,宍戸萌,,セ・長津田,35.83,,,,,,,,,2:16.17,2:02.35,2:02.35,4/9
567,75,2023,11,4,長水路,チーム,11,4×50mメドレーリレー,女子,120～159歳,148,2:42.44,,1,,4,岡澤志織,,セ・長津田,32.50,,,,,,,,,2:16.17,2:02.35,2:02.35,4/9
568,75,2023,11,4,長水路,チーム,11,4×50mメドレーリレー,女子,120～159歳,148,2:42.44,,2,,4,久保美由紀,,セ・長津田,55.26,,,,,,,,,2:16.17,2:02.35,2:02.35,4/9
569,75,2023,11,4,長水路,チーム,11,4×50mメドレーリレー,女子,120～159歳,148,2:42.44,,2,,4,岡澤美咲,,セ・長津田,50.60,,,,,,,,,2:16.17,2:02.35,2:02.35,4/9
570,75,2023,11,4,長水路,チーム,11,4×50mメドレーリレー,女子,120～159歳,148,2:42.44,,3,,4,吉村華余,,セ・長津田,31.61,,,,,,,,,2:16.17,2:02.35,2:02.35,4/9
571,75,2023,11,4,長水路,チーム,11,4×50mメドレーリレー,女子,120～159歳,148,2:42.44,,3,,4,鈴木喜代子,,セ・長津田,1:17.08,,,,,,,,,2:16.17,2:02.35,2:02.35,4/9
572,75,2023,11,4,長水路,チーム,11,4×50mメドレーリレー,女子,120～159歳,148,2:42.44,,4,,4,久保かおり,,セ・長津田,39.74,,,,,,,,,2:16.17,2:02.35,2:02.35,4/9
573,75,2023,11,4,長水路,チーム,11,4×50mメドレーリレー,女子,120～159歳,148,2:42.44,,4,,4,鈴木千裕,,セ・長津田,,,,,,,,,,2:16.17,2:02.35,2:02.35,4/9
574,75,2023,11,4,長水路,チーム,11,4×50mメドレーリレー,女子,72～119歳,86,2:23.39,,1,,1,表侑寿,,セ・二俣川,34.54,,,,,,,,,2:13.72,,,4/5
575,75,2023,11,4,長水路,チーム,11,4×50mメドレーリレー,女子,72～119歳,86,2:23.39,,1,,1,/5,,セ・二俣川,,,,,,,,,,2:13.72,,,4/5
576,75,2023,11,4,長水路,チーム,11,4×50mメドレーリレー,女子,72～119歳,86,2:23.39,,2,,1,松本彩花,,セ・二俣川,46.95,,,,,,,,,2:13.72,,,4/5
577,75,2023,11,4,長水路,チーム,11,4×50mメドレーリレー,女子,72～119歳,86,2:23.39,,3,,1,志賀菜々美,,セ・二俣川,31.96,,,,,,,,,2:13.72,,,4/5
578,75,2023,11,4,長水路,チーム,11,4×50mメドレーリレー,女子,72～119歳,86,2:23.39,,4,,1,岩倉柚,,セ・二俣川,29.94,,,,,,,,,2:13.72,,,4/5
579,75,2023,11,4,長水路,チーム,12,4×50mメドレーリレー,男子,280～319歳,287,2:45.59,,1,,1,吉田亮,,セ・成城,43.02,,,,,,,,,2:35.20,2:19.27,2:15.24,1/7
580,75,2023,11,4,長水路,チーム,12,4×50mメドレーリレー,男子,280～319歳,287,2:45.59,,2,,1,中井岳郎,,セ・成城,47.76,,,,,,,,,2:35.20,2:19.27,2:15.24,1/7
581,75,2023,11,4,長水路,チーム,12,4×50mメドレーリレー,男子,280～319歳,287,2:45.59,,3,,1,木津誠,,セ・成城,39.83,,,,,,,,,2:35.20,2:19.27,2:15.24,1/7
582,75,2023,11,4,長水路,チーム,12,4×50mメドレーリレー,男子,280～319歳,287,2:45.59,,4,,1,若宮強,,セ・成城,34.98,,,,,,,,,2:35.20,2:19.27,2:15.24,1/7
583,75,2023,11,4,長水路,チーム,12,4×50mメドレーリレー,男子,240～279歳,246,2:29.11,,1,,1,杉原祥之,,ザバス鶴見,37.35,,,,,,,,,2:03.13,2:03.13,1:57.46,2/4
584,75,2023,11,4,長水路,チーム,12,4×50mメドレーリレー,男子,240～279歳,246,2:29.11,,2,,1,楊華,,ザバス鶴見,40.81,,,,,,,,,2:03.13,2:03.13,1:57.46,2/4
585,75,2023,11,4,長水路,チーム,12,4×50mメドレーリレー,男子,240～279歳,246,2:29.11,,3,,1,田邊英一,,ザバス鶴見,36.86,,,,,,,,,2:03.13,2:03.13,1:57.46,2/4
586,75,2023,11,4,長水路,チーム,12,4×50mメドレーリレー,男子,240～279歳,246,2:29.11,,4,,1,鈴木亨,,ザバス鶴見,34.09,,,,,,,,,2:03.13,2:03.13,1:57.46,2/4
587,75,2023,11,4,長水路,チーム,12,4×50mメドレーリレー,男子,240～279歳,240,2:46.98,,1,,2,齋藤博憲,,ザバス鶴見,48.99,,,,,,,,,2:03.13,2:03.13,1:57.46,2/2
588,75,2023,11,4,長水路,チーム,12,4×50mメドレーリレー,男子,240～279歳,240,2:46.98,,2,,2,田村源大,,ザバス鶴見,43.81,,,,,,,,,2:03.13,2:03.13,1:57.46,2/2
589,75,2023,11,4,長水路,チーム,12,4×50mメドレーリレー,男子,240～279歳,240,2:46.98,,3,,2,永井由隆,,ザバス鶴見,36.58,,,,,,,,,2:03.13,2:03.13,1:57.46,2/2
590,75,2023,11,4,長水路,チーム,12,4×50mメドレーリレー,男子,240～279歳,240,2:46.98,,4,,2,横田眞一,,ザバス鶴見,37.60,,,,,,,,,2:03.13,2:03.13,1:57.46,2/2
591,75,2023,11,4,長水路,チーム,12,4×50mメドレーリレー,男子,200～239歳,208,2:10.02,,1,,1,渡辺保,,セ・二俣川,34.58,,,,,,,,,1:56.72,1:52.57,1:50.83,3/7
592,75,2023,11,4,長水路,チーム,12,4×50mメドレーリレー,男子,200～239歳,208,2:10.02,,2,,1,鶴谷学,,セ・二俣川,31.88,,,,,,,,,1:56.72,1:52.57,1:50.83,3/7
593,75,2023,11,4,長水路,チーム,12,4×50mメドレーリレー,男子,200～239歳,208,2:10.02,,3,,1,永瀬知之,,セ・二俣川,28.78,,,,,,,,,1:56.72,1:52.57,1:50.83,3/7
594,75,2023,11,4,長水路,チーム,12,4×50mメドレーリレー,男子,200～239歳,208,2:10.02,,4,,1,若島健二,,セ・二俣川,34.78,,,,,,,,,1:56.72,1:52.57,1:50.83,3/7
595,75,2023,11,4,長水路,チーム,12,4×50mメドレーリレー,男子,200～239歳,208,2:12.05,,1,,2,吉澤隆,,セ・清瀬,40.27,,,,,,,,,1:56.72,1:52.57,1:50.83,2/6
596,75,2023,11,4,長水路,チーム,12,4×50mメドレーリレー,男子,200～239歳,208,2:12.05,,2,,2,小倉和彦,,セ・清瀬,34.59,,,,,,,,,1:56.72,1:52.57,1:50.83,2/6
597,75,2023,11,4,長水路,チーム,12,4×50mメドレーリレー,男子,200～239歳,208,2:12.05,,3,,2,小倉秀和,,セ・清瀬,31.84,,,,,,,,,1:56.72,1:52.57,1:50.83,2/6
598,75,2023,11,4,長水路,チーム,12,4×50mメドレーリレー,男子,200～239歳,208,2:12.05,,4,,2,鈴木央雅,,セ・清瀬,25.35,,,,,,,,,1:56.72,1:52.57,1:50.83,2/6
599,75,2023,11,4,長水路,チーム,12,4×50mメドレーリレー,男子,200～239歳,201,2:15.01,,1,,3,吉澤弘幸,,ザバス鶴見,32.10,,,,,,,,,1:56.72,1:52.57,1:50.83,4/6
600,75,2023,11,4,長水路,チーム,12,4×50mメドレーリレー,男子,200～239歳,201,2:15.01,,2,,3,加藤俊樹,,ザバス鶴見,42.82,,,,,,,,,1:56.72,1:52.57,1:50.83,4/6
601,75,2023,11,4,長水路,チーム,12,4×50mメドレーリレー,男子,200～239歳,201,2:15.01,,3,,3,土井清孝,,ザバス鶴見,32.12,,,,,,,,,1:56.72,1:52.57,1:50.83,4/6
602,75,2023,11,4,長水路,チーム,12,4×50mメドレーリレー,男子,200～239歳,201,2:15.01,,4,,3,酒井和也,,ザバス鶴見,27.97,,,,,,,,,1:56.72,1:52.57,1:50.83,4/6
603,75,2023,11,4,長水路,チーム,12,4×50mメドレーリレー,男子,200～239歳,232,2:19.99,,1,,4,柄澤英也,,セ・用賀,36.76,,,,,,,,,1:56.72,1:52.57,1:50.83,3/1
604,75,2023,11,4,長水路,チーム,12,4×50mメドレーリレー,男子,200～239歳,232,2:19.99,,2,,4,和田浩一,,セ・用賀,38.46,,,,,,,,,1:56.72,1:52.57,1:50.83,3/1
605,75,2023,11,4,長水路,チーム,12,4×50mメドレーリレー,男子,200～239歳,232,2:19.99,,2,,4,/5,,セ・用賀,,,,,,,,,,1:56.72,1:52.57,1:50.83,3/1
606,75,2023,11,4,長水路,チーム,12,4×50mメドレーリレー,男子,200～239歳,232,2:19.99,,3,,4,古木隆介,,セ・用賀,32.08,,,,,,,,,1:56.72,1:52.57,1:50.83,3/1
607,75,2023,11,4,長水路,チーム,12,4×50mメドレーリレー,男子,200～239歳,232,2:19.99,,4,,4,佐藤正章,,セ・用賀,32.69,,,,,,,,,1:56.72,1:52.57,1:50.83,3/1
608,75,2023,11,4,長水路,チーム,12,4×50mメドレーリレー,男子,200～239歳,221,2:32.22,,1,,5,大津信弘,,セ・越谷,39.36,,,,,,,,,1:56.72,1:52.57,1:50.83,2/8
609,75,2023,11,4,長水路,チーム,12,4×50mメドレーリレー,男子,200～239歳,221,2:32.22,,2,,5,中村幸弘,,セ・越谷,40.74,,,,,,,,,1:56.72,1:52.57,1:50.83,2/8
610,75,2023,11,4,長水路,チーム,12,4×50mメドレーリレー,男子,200～239歳,221,2:32.22,,3,,5,宮崎隆寛,,セ・越谷,37.90,,,,,,,,,1:56.72,1:52.57,1:50.83,2/8
611,75,2023,11,4,長水路,チーム,12,4×50mメドレーリレー,男子,200～239歳,221,2:32.22,,4,,5,恒吉徹,,セ・越谷,34.22,,,,,,,,,1:56.72,1:52.57,1:50.83,2/8
612,75,2023,11,4,長水路,チーム,12,4×50mメドレーリレー,男子,200～239歳,233,2:40.46,,1,,6,岡部浩次,,セ・上池袋,51.78,,,,,,,,,1:56.72,1:52.57,1:50.83,1/4
613,75,2023,11,4,長水路,チーム,12,4×50mメドレーリレー,男子,200～239歳,233,2:40.46,,1,,6,木本匡,,セ・上池袋,44.16,,,,,,,,,1:56.72,1:52.57,1:50.83,1/4
614,75,2023,11,4,長水路,チーム,12,4×50mメドレーリレー,男子,200～239歳,233,2:40.46,,1,,6,松田友治,,セ・上池袋,51.07,,,,,,,,,1:56.72,1:52.57,1:50.83,1/4
615,75,2023,11,4,長水路,チーム,12,4×50mメドレーリレー,男子,200～239歳,233,2:40.46,,1,,6,田中幹記,,セ・上池袋,54.97,,,,,,,,,1:56.72,1:52.57,1:50.83,1/4
616,75,2023,11,4,長水路,チーム,12,4×50mメドレーリレー,男子,200～239歳,233,2:40.46,,2,,6,木村秀光,,セ・上池袋,40.21,,,,,,,,,1:56.72,1:52.57,1:50.83,1/4
617,75,2023,11,4,長水路,チーム,12,4×50mメドレーリレー,男子,200～239歳,233,2:40.46,,2,,6,澤﨑貴章,,セ・上池袋,45.33,,,,,,,,,1:56.72,1:52.57,1:50.83,1/4
618,75,2023,11,4,長水路,チーム,12,4×50mメドレーリレー,男子,200～239歳,233,2:40.46,,2,,6,増田努,,セ・上池袋,48.94,,,,,,,,,1:56.72,1:52.57,1:50.83,1/4
619,75,2023,11,4,長水路,チーム,12,4×50mメドレーリレー,男子,200～239歳,233,2:40.46,,2,,6,山中哲生,,セ・上池袋,51.26,,,,,,,,,1:56.72,1:52.57,1:50.83,1/4
620,75,2023,11,4,長水路,チーム,12,4×50mメドレーリレー,男子,200～239歳,233,2:40.46,,3,,6,廣本佳也,,セ・上池袋,33.61,,,,,,,,,1:56.72,1:52.57,1:50.83,1/4
621,75,2023,11,4,長水路,チーム,12,4×50mメドレーリレー,男子,200～239歳,233,2:40.46,,3,,6,佐々木天太,,セ・上池袋,30.87,,,,,,,,,1:56.72,1:52.57,1:50.83,1/4
622,75,2023,11,4,長水路,チーム,12,4×50mメドレーリレー,男子,200～239歳,233,2:40.46,,3,,6,高根大八,,セ・上池袋,30.11,,,,,,,,,1:56.72,1:52.57,1:50.83,1/4
623,75,2023,11,4,長水路,チーム,12,4×50mメドレーリレー,男子,200～239歳,233,2:40.46,,3,,6,山崎剛宏,,セ・上池袋,31.80,,,,,,,,,1:56.72,1:52.57,1:50.83,1/4
624,75,2023,11,4,長水路,チーム,12,4×50mメドレーリレー,男子,200～239歳,233,2:40.46,,4,,6,近藤正之,,セ・上池袋,34.86,,,,,,,,,1:56.72,1:52.57,1:50.83,1/4
625,75,2023,11,4,長水路,チーム,12,4×50mメドレーリレー,男子,200～239歳,233,2:40.46,,4,,6,新藤智也,,セ・上池袋,36.16,,,,,,,,,1:56.72,1:52.57,1:50.83,1/4
626,75,2023,11,4,長水路,チーム,12,4×50mメドレーリレー,男子,200～239歳,233,2:40.46,,4,,6,桒田正成,,セ・上池袋,30.33,,,,,,,,,1:56.72,1:52.57,1:50.83,1/4
627,75,2023,11,4,長水路,チーム,12,4×50mメドレーリレー,男子,200～239歳,233,2:40.46,,4,,6,源嶋司朗,,セ・上池袋,41.94,,,,,,,,,1:56.72,1:52.57,1:50.83,1/4
628,75,2023,11,4,長水路,チーム,12,4×50mメドレーリレー,男子,160～199歳,160,2:01.27,,1,,1,木村知行,,セ・二俣川,35.25,,,,,,,,,1:51.35,1:47.34,1:45.47,4/7
629,75,2023,11,4,長水路,チーム,12,4×50mメドレーリレー,男子,160～199歳,160,2:01.27,,2,,1,知見邦彦,,セ・二俣川,32.74,,,,,,,,,1:51.35,1:47.34,1:45.47,4/7
630,75,2023,11,4,長水路,チーム,12,4×50mメドレーリレー,男子,160～199歳,160,2:01.27,,3,,1,前田崇行,,セ・二俣川,28.85,,,,,,,,,1:51.35,1:47.34,1:45.47,4/7
631,75,2023,11,4,長水路,チーム,12,4×50mメドレーリレー,男子,160～199歳,160,2:01.27,,4,,1,前田康輔,,セ・二俣川,24.43,,,,,,,,,1:51.35,1:47.34,1:45.47,4/7
632,75,2023,11,4,長水路,チーム,12,4×50mメドレーリレー,男子,160～199歳,161,2:06.90,,1,,2,椎本恭平,,セ・阿佐谷,32.50,,,,,,,,,1:51.35,1:47.34,1:45.47,4/10
633,75,2023,11,4,長水路,チーム,12,4×50mメドレーリレー,男子,160～199歳,161,2:06.90,,2,,2,山賀竜馬,,セ・阿佐谷,35.22,,,,,,,,,1:51.35,1:47.34,1:45.47,4/10
634,75,2023,11,4,長水路,チーム,12,4×50mメドレーリレー,男子,160～199歳,161,2:06.90,,3,,2,和田亮,,セ・阿佐谷,30.86,,,,,,,,,1:51.35,1:47.34,1:45.47,4/10
635,75,2023,11,4,長水路,チーム,12,4×50mメドレーリレー,男子,160～199歳,161,2:06.90,,4,,2,北川貴義,,セ・阿佐谷,28.32,,,,,,,,,1:51.35,1:47.34,1:45.47,4/10
636,75,2023,11,4,長水路,チーム,12,4×50mメドレーリレー,男子,160～199歳,164,2:10.08,,1,,3,磯貝知弘,,セ・柏,37.93,,,,,,,,,1:51.35,1:47.34,1:45.47,3/2
637,75,2023,11,4,長水路,チーム,12,4×50mメドレーリレー,男子,160～199歳,164,2:10.08,,2,,3,長田裕史,,セ・柏,33.26,,,,,,,,,1:51.35,1:47.34,1:45.47,3/2
638,75,2023,11,4,長水路,チーム,12,4×50mメドレーリレー,男子,160～199歳,164,2:10.08,,3,,3,上野太紀夫,,セ・柏,34.11,,,,,,,,,1:51.35,1:47.34,1:45.47,3/2
639,75,2023,11,4,長水路,チーム,12,4×50mメドレーリレー,男子,160～199歳,164,2:10.08,,3,,3,/5,,セ・柏,,,,,,,,,,1:51.35,1:47.34,1:45.47,3/2
640,75,2023,11,4,長水路,チーム,12,4×50mメドレーリレー,男子,160～199歳,164,2:10.08,,4,,3,川口皓生,,セ・柏,24.78,,,,,,,,,1:51.35,1:47.34,1:45.47,3/2
641,75,2023,11,4,長水路,チーム,12,4×50mメドレーリレー,男子,160～199歳,168,2:10.18,,1,,4,鈴木敏志,,セ・松戸,35.56,,,,,,,,,1:51.35,1:47.34,1:45.47,3/8
642,75,2023,11,4,長水路,チーム,12,4×50mメドレーリレー,男子,160～199歳,168,2:10.18,,2,,4,稲毛仁,,セ・松戸,38.57,,,,,,,,,1:51.35,1:47.34,1:45.47,3/8
643,75,2023,11,4,長水路,チーム,12,4×50mメドレーリレー,男子,160～199歳,168,2:10.18,,3,,4,伊藤水晶,,セ・松戸,27.54,,,,,,,,,1:51.35,1:47.34,1:45.47,3/8
644,75,2023,11,4,長水路,チーム,12,4×50mメドレーリレー,男子,160～199歳,168,2:10.18,,4,,4,前田潤,,セ・松戸,28.51,,,,,,,,,1:51.35,1:47.34,1:45.47,3/8
645,75,2023,11,4,長水路,チーム,12,4×50mメドレーリレー,男子,160～199歳,171,2:13.18,,1,,5,川瀬健次,,セ・大宮宮原,32.96,,,,,,,,,1:51.35,1:47.34,1:45.47,2/5
646,75,2023,11,4,長水路,チーム,12,4×50mメドレーリレー,男子,160～199歳,171,2:13.18,,2,,5,阿部憲一,,セ・大宮宮原,36.22,,,,,,,,,1:51.35,1:47.34,1:45.47,2/5
647,75,2023,11,4,長水路,チーム,12,4×50mメドレーリレー,男子,160～199歳,171,2:13.18,,3,,5,山本英男,,セ・大宮宮原,33.82,,,,,,,,,1:51.35,1:47.34,1:45.47,2/5
648,75,2023,11,4,長水路,チーム,12,4×50mメドレーリレー,男子,160～199歳,171,2:13.18,,4,,5,小沢征司,,セ・大宮宮原,30.18,,,,,,,,,1:51.35,1:47.34,1:45.47,2/5
649,75,2023,11,4,長水路,チーム,12,4×50mメドレーリレー,男子,160～199歳,188,2:17.78,,1,,6,河野悟,,セ・慶應日吉,32.93,,,,,,,,,1:51.35,1:47.34,1:45.47,1/3
650,75,2023,11,4,長水路,チーム,12,4×50mメドレーリレー,男子,160～199歳,188,2:17.78,,2,,6,穴田啓樹,,セ・慶應日吉,44.33,,,,,,,,,1:51.35,1:47.34,1:45.47,1/3
651,75,2023,11,4,長水路,チーム,12,4×50mメドレーリレー,男子,160～199歳,188,2:17.78,,3,,6,江熊夕人,,セ・慶應日吉,32.40,,,,,,,,,1:51.35,1:47.34,1:45.47,1/3
652,75,2023,11,4,長水路,チーム,12,4×50mメドレーリレー,男子,160～199歳,188,2:17.78,,4,,6,松崎敏明,,セ・慶應日吉,28.12,,,,,,,,,1:51.35,1:47.34,1:45.47,1/3
653,75,2023,11,4,長水路,チーム,12,4×50mメドレーリレー,男子,160～199歳,178,2:20.68,,1,,7,齊藤仁,,セ・茂原,39.28,,,,,,,,,1:51.35,1:47.34,1:45.47,2/9
654,75,2023,11,4,長水路,チーム,12,4×50mメドレーリレー,男子,160～199歳,178,2:20.68,,2,,7,新垣琳大,,セ・茂原,30.00,,,,,,,,,1:51.35,1:47.34,1:45.47,2/9
655,75,2023,11,4,長水路,チーム,12,4×50mメドレーリレー,男子,160～199歳,178,2:20.68,,3,,7,阪田高士,,セ・茂原,30.11,,,,,,,,,1:51.35,1:47.34,1:45.47,2/9
656,75,2023,11,4,長水路,チーム,12,4×50mメドレーリレー,男子,160～199歳,178,2:20.68,,4,,7,梅村潔,,セ・茂原,41.29,,,,,,,,,1:51.35,1:47.34,1:45.47,2/9
657,75,2023,11,4,長水路,チーム,12,4×50mメドレーリレー,男子,160～199歳,177,2:22.34,,1,,8,山田耕一,,セ・清瀬,35.07,,,,,,,,,1:51.35,1:47.34,1:45.47,1/5
658,75,2023,11,4,長水路,チーム,12,4×50mメドレーリレー,男子,160～199歳,177,2:22.34,,2,,8,多田博之,,セ・清瀬,39.61,,,,,,,,,1:51.35,1:47.34,1:45.47,1/5
659,75,2023,11,4,長水路,チーム,12,4×50mメドレーリレー,男子,160～199歳,177,2:22.34,,3,,8,渡誠,,セ・清瀬,36.51,,,,,,,,,1:51.35,1:47.34,1:45.47,1/5
660,75,2023,11,4,長水路,チーム,12,4×50mメドレーリレー,男子,160～199歳,177,2:22.34,,4,,8,松本海星,,セ・清瀬,31.15,,,,,,,,,1:51.35,1:47.34,1:45.47,1/5
661,75,2023,11,4,長水路,チーム,12,4×50mメドレーリレー,男子,160～199歳,198,2:22.77,,1,,9,羽田浩一,,セ・成城,36.84,,,,,,,,,1:51.35,1:47.34,1:45.47,3/4
662,75,2023,11,4,長水路,チーム,12,4×50mメドレーリレー,男子,160～199歳,198,2:22.77,,2,,9,石井龍,,セ・成城,34.64,,,,,,,,,1:51.35,1:47.34,1:45.47,3/4
663,75,2023,11,4,長水路,チーム,12,4×50mメドレーリレー,男子,160～199歳,198,2:22.77,,3,,9,村上守,,セ・成城,32.60,,,,,,,,,1:51.35,1:47.34,1:45.47,3/4
664,75,2023,11,4,長水路,チーム,12,4×50mメドレーリレー,男子,160～199歳,198,2:22.77,,4,,9,浦田昌和,,セ・成城,38.69,,,,,,,,,1:51.35,1:47.34,1:45.47,3/4
665,75,2023,11,4,長水路,チーム,12,4×50mメドレーリレー,男子,160～199歳,196,2:22.92,,1,,10,町田克浩,,セ・大森,38.66,,,,,,,,,1:51.35,1:47.34,1:45.47,2/3
666,75,2023,11,4,長水路,チーム,12,4×50mメドレーリレー,男子,160～199歳,196,2:22.92,,2,,10,小林弘典,,セ・大森,38.47,,,,,,,,,1:51.35,1:47.34,1:45.47,2/3
667,75,2023,11,4,長水路,チーム,12,4×50mメドレーリレー,男子,160～199歳,196,2:22.92,,3,,10,瀧川一興,,セ・大森,36.59,,,,,,,,,1:51.35,1:47.34,1:45.47,2/3
668,75,2023,11,4,長水路,チーム,12,4×50mメドレーリレー,男子,160～199歳,196,2:22.92,,4,,10,海老原健太,,セ・大森,29.20,,,,,,,,,1:51.35,1:47.34,1:45.47,2/3
669,75,2023,11,4,長水路,チーム,12,4×50mメドレーリレー,男子,160～199歳,168,2:29.60,,1,,11,村田雅治,,セ・長津田,34.60,,,,,,,,,1:51.35,1:47.34,1:45.47,1/6
670,75,2023,11,4,長水路,チーム,12,4×50mメドレーリレー,男子,160～199歳,168,2:29.60,,1,,11,越川成康②宮川航③中村勝④川西智大,,セ・長津田,,,,,,,,,,1:51.35,1:47.34,1:45.47,1/6
671,75,2023,11,4,長水路,チーム,12,4×50mメドレーリレー,男子,160～199歳,168,2:29.60,,2,,11,竹下翔,,セ・長津田,36.85,,,,,,,,,1:51.35,1:47.34,1:45.47,1/6
672,75,2023,11,4,長水路,チーム,12,4×50mメドレーリレー,男子,160～199歳,168,2:29.60,,3,,11,飯沼明,,セ・長津田,47.48,,,,,,,,,1:51.35,1:47.34,1:45.47,1/6
673,75,2023,11,4,長水路,チーム,12,4×50mメドレーリレー,男子,160～199歳,168,2:29.60,,4,,11,西野宮冬木,,セ・長津田,30.67,,,,,,,,,1:51.35,1:47.34,1:45.47,1/6
674,75,2023,11,4,長水路,チーム,12,4×50mメドレーリレー,男子,160～199歳,168,2:29.60,,4,,11,/5,,セ・長津田,,,,,,,,,,1:51.35,1:47.34,1:45.47,1/6
675,75,2023,11,4,長水路,チーム,12,4×50mメドレーリレー,男子,120～159歳,133,2:01.10,,1,,1,棚網宏之,,セ・阿佐谷,31.34,,,,,,,,,1:52.11,1:42.30,1:42.30,4/2
676,75,2023,11,4,長水路,チーム,12,4×50mメドレーリレー,男子,120～159歳,133,2:01.10,,2,,1,和田弘太郎,,セ・阿佐谷,32.78,,,,,,,,,1:52.11,1:42.30,1:42.30,4/2
677,75,2023,11,4,長水路,チーム,12,4×50mメドレーリレー,男子,120～159歳,133,2:01.10,,3,,1,荒井啓汰,,セ・阿佐谷,29.11,,,,,,,,,1:52.11,1:42.30,1:42.30,4/2
678,75,2023,11,4,長水路,チーム,12,4×50mメドレーリレー,男子,120～159歳,133,2:01.10,,4,,1,吉原憲人,,セ・阿佐谷,27.87,,,,,,,,,1:52.11,1:42.30,1:42.30,4/2
679,75,2023,11,4,長水路,チーム,12,4×50mメドレーリレー,男子,120～159歳,159,2:04.21,,1,,2,松澤朋樹,,セ・武蔵小杉,29.36,,,,,,,,,1:52.11,1:42.30,1:42.30,3/3
680,75,2023,11,4,長水路,チーム,12,4×50mメドレーリレー,男子,120～159歳,159,2:04.21,,2,,2,村上政行,,セ・武蔵小杉,36.22,,,,,,,,,1:52.11,1:42.30,1:42.30,3/3
681,75,2023,11,4,長水路,チーム,12,4×50mメドレーリレー,男子,120～159歳,159,2:04.21,,3,,2,中村良樹,,セ・武蔵小杉,30.71,,,,,,,,,1:52.11,1:42.30,1:42.30,3/3
682,75,2023,11,4,長水路,チーム,12,4×50mメドレーリレー,男子,120～159歳,159,2:04.21,,4,,2,榊原雅史,,セ・武蔵小杉,27.85,,,,,,,,,1:52.11,1:42.30,1:42.30,3/3
683,75,2023,11,4,長水路,チーム,12,4×50mメドレーリレー,男子,120～159歳,153,2:07.27,,1,,3,木下和哉,,セ・清瀬,37.84,,,,,,,,,1:52.11,1:42.30,1:42.30,4/8
684,75,2023,11,4,長水路,チーム,12,4×50mメドレーリレー,男子,120～159歳,153,2:07.27,,2,,3,今里昂哉,,セ・清瀬,32.83,,,,,,,,,1:52.11,1:42.30,1:42.30,4/8
685,75,2023,11,4,長水路,チーム,12,4×50mメドレーリレー,男子,120～159歳,153,2:07.27,,3,,3,塚本拓也,,セ・清瀬,28.25,,,,,,,,,1:52.11,1:42.30,1:42.30,4/8
686,75,2023,11,4,長水路,チーム,12,4×50mメドレーリレー,男子,120～159歳,153,2:07.27,,4,,3,村野雄太,,セ・清瀬,28.35,,,,,,,,,1:52.11,1:42.30,1:42.30,4/8
687,75,2023,11,4,長水路,チーム,12,4×50mメドレーリレー,男子,120～159歳,130,2:07.43,,1,,4,倉持公一,,セ・天王洲,36.81,,,,,,,,,1:52.11,1:42.30,1:42.30,3/6
688,75,2023,11,4,長水路,チーム,12,4×50mメドレーリレー,男子,120～159歳,130,2:07.43,,2,,4,加間英貴,,セ・天王洲,34.72,,,,,,,,,1:52.11,1:42.30,1:42.30,3/6
689,75,2023,11,4,長水路,チーム,12,4×50mメドレーリレー,男子,120～159歳,130,2:07.43,,3,,4,小野健,,セ・天王洲,27.75,,,,,,,,,1:52.11,1:42.30,1:42.30,3/6
690,75,2023,11,4,長水路,チーム,12,4×50mメドレーリレー,男子,120～159歳,130,2:07.43,,4,,4,寺田遼太,,セ・天王洲,28.15,,,,,,,,,1:52.11,1:42.30,1:42.30,3/6
691,75,2023,11,4,長水路,チーム,12,4×50mメドレーリレー,男子,72～119歳,91,1:53.13,,1,,1,宮川ガブリエル拓実,,セ・慶應日吉,30.48,,,,,,,,,1:46.47,,,3/10
692,75,2023,11,4,長水路,チーム,12,4×50mメドレーリレー,男子,72～119歳,91,1:53.13,,2,,1,内田陸登,,セ・慶應日吉,30.46,,,,,,,,,1:46.47,,,3/10
693,75,2023,11,4,長水路,チーム,12,4×50mメドレーリレー,男子,72～119歳,91,1:53.13,,3,,1,濱中翔太,,セ・慶應日吉,27.86,,,,,,,,,1:46.47,,,3/10
694,75,2023,11,4,長水路,チーム,12,4×50mメドレーリレー,男子,72～119歳,91,1:53.13,,4,,1,石田虎流,,セ・慶應日吉,24.33,,,,,,,,,1:46.47,,,3/10
695,75,2023,11,4,長水路,チーム,12,4×50mメドレーリレー,男子,72～119歳,82,1:53.89,,1,,2,設樂航希,,セ・流山,29.17,,,,,,,,,1:46.47,,,4/3
696,75,2023,11,4,長水路,チーム,12,4×50mメドレーリレー,男子,72～119歳,82,1:53.89,,2,,2,中尾祐,,セ・流山,31.65,,,,,,,,,1:46.47,,,4/3
697,75,2023,11,4,長水路,チーム,12,4×50mメドレーリレー,男子,72～119歳,82,1:53.89,,3,,2,相澤翔駿,,セ・流山,27.19,,,,,,,,,1:46.47,,,4/3
698,75,2023,11,4,長水路,チーム,12,4×50mメドレーリレー,男子,72～119歳,82,1:53.89,,4,,2,光永喜紀,,セ・流山,25.88,,,,,,,,,1:46.47,,,4/3
699,75,2023,11,4,長水路,チーム,12,4×50mメドレーリレー,男子,72～119歳,93,1:54.71,,1,,3,菅原啓,,セ・慶應日吉,29.58,,,,,,,,,1:46.47,,,2/7
700,75,2023,11,4,長水路,チーム,12,4×50mメドレーリレー,男子,72～119歳,93,1:54.71,,2,,3,コリガンシェイ颯介32.03(29.58/1:01.61),,セ・慶應日吉,,,,,,,,,,1:46.47,,,2/7
701,75,2023,11,4,長水路,チーム,12,4×50mメドレーリレー,男子,72～119歳,93,1:54.71,,3,,3,舘澤卓,,セ・慶應日吉,27.51,,,,,,,,,1:46.47,,,2/7
702,75,2023,11,4,長水路,チーム,12,4×50mメドレーリレー,男子,72～119歳,93,1:54.71,,4,,3,高見沢重倫,,セ・慶應日吉,25.59,,,,,,,,,1:46.47,,,2/7
703,75,2023,11,4,長水路,チーム,12,4×50mメドレーリレー,男子,72～119歳,91,1:59.31,,1,,4,十河直樹,,ザバス鶴見,34.36,,,,,,,,,1:46.47,,,4/5
704,75,2023,11,4,長水路,チーム,12,4×50mメドレーリレー,男子,72～119歳,91,1:59.31,,2,,4,石川凱斗,,ザバス鶴見,31.00,,,,,,,,,1:46.47,,,4/5
705,75,2023,11,4,長水路,チーム,12,4×50mメドレーリレー,男子,72～119歳,91,1:59.31,,3,,4,瀧田優磨,,ザバス鶴見,26.81,,,,,,,,,1:46.47,,,4/5
706,75,2023,11,4,長水路,チーム,12,4×50mメドレーリレー,男子,72～119歳,91,1:59.31,,4,,4,西山遼,,ザバス鶴見,27.14,,,,,,,,,1:46.47,,,4/5
707,75,2023,11,4,長水路,チーム,12,4×50mメドレーリレー,男子,72～119歳,97,2:05.56,,1,,5,山﨑陸真,,セ・二俣川,34.34,,,,,,,,,1:46.47,,,4/9
708,75,2023,11,4,長水路,チーム,12,4×50mメドレーリレー,男子,72～119歳,97,2:05.56,,2,,5,田中壮一郎,,セ・二俣川,33.84,,,,,,,,,1:46.47,,,4/9
709,75,2023,11,4,長水路,チーム,12,4×50mメドレーリレー,男子,72～119歳,97,2:05.56,,3,,5,秋澤裕介,,セ・二俣川,27.86,,,,,,,,,1:46.47,,,4/9
710,75,2023,11,4,長水路,チーム,12,4×50mメドレーリレー,男子,72～119歳,97,2:05.56,,4,,5,坂入裕,,セ・二俣川,29.52,,,,,,,,,1:46.47,,,4/9
711,75,2023,11,4,長水路,チーム,12,4×50mメドレーリレー,男子,72～119歳,94,2:06.65,,1,,6,野間隼翔,,ザバス鶴見,33.60,,,,,,,,,1:46.47,,,4/4
712,75,2023,11,4,長水路,チーム,12,4×50mメドレーリレー,男子,72～119歳,94,2:06.65,,2,,6,徳田博輝,,ザバス鶴見,36.39,,,,,,,,,1:46.47,,,4/4
713,75,2023,11,4,長水路,チーム,12,4×50mメドレーリレー,男子,72～119歳,94,2:06.65,,3,,6,千葉諒太,,ザバス鶴見,27.91,,,,,,,,,1:46.47,,,4/4
714,75,2023,11,4,長水路,チーム,12,4×50mメドレーリレー,男子,72～119歳,94,2:06.65,,4,,6,鮫島晴生,,ザバス鶴見,28.75,,,,,,,,,1:46.47,,,4/4
715,75,2023,11,4,長水路,チーム,12,4×50mメドレーリレー,男子,72～119歳,118,2:08.95,,1,,7,石井翔真,,セ・成城,32.98,,,,,,,,,1:46.47,,,4/1
716,75,2023,11,4,長水路,チーム,12,4×50mメドレーリレー,男子,72～119歳,118,2:08.95,,2,,7,水上大輔,,セ・成城,41.51,,,,,,,,,1:46.47,,,4/1
717,75,2023,11,4,長水路,チーム,12,4×50mメドレーリレー,男子,72～119歳,118,2:08.95,,3,,7,中西剛,,セ・成城,28.68,,,,,,,,,1:46.47,,,4/1
718,75,2023,11,4,長水路,チーム,12,4×50mメドレーリレー,男子,72～119歳,118,2:08.95,,4,,7,高梨大樹,,セ・成城,25.78,,,,,,,,,1:46.47,,,4/1
719,75,2023,11,4,長水路,チーム,12,4×50mメドレーリレー,男子,72～119歳,90,2:13.39,,1,,8,矢野匠,,セ・葛西,36.09,,,,,,,,,1:46.47,,,3/9
720,75,2023,11,4,長水路,チーム,12,4×50mメドレーリレー,男子,72～119歳,90,2:13.39,,1,,8,/5,,セ・葛西,,,,,,,,,,1:46.47,,,3/9
721,75,2023,11,4,長水路,チーム,12,4×50mメドレーリレー,男子,72～119歳,90,2:13.39,,2,,8,城山海,,セ・葛西,35.64,,,,,,,,,1:46.47,,,3/9
722,75,2023,11,4,長水路,チーム,12,4×50mメドレーリレー,男子,72～119歳,90,2:13.39,,3,,8,山﨑緋呂,,セ・葛西,32.24,,,,,,,,,1:46.47,,,3/9
723,75,2023,11,4,長水路,チーム,12,4×50mメドレーリレー,男子,72～119歳,90,2:13.39,,4,,8,前納爽太,,セ・葛西,29.42,,,,,,,,,1:46.47,,,3/9
724,75,2023,11,4,長水路,チーム,17,4×50mメドレーリレー,混合,320～359歳,323,3:18.01,,1,,1,吉田亮,,セ・成城,43.79,,,,,,,,TRUE,3:51.40,2:55.98,2:55.98,1/3
725,75,2023,11,4,長水路,チーム,17,4×50mメドレーリレー,混合,320～359歳,323,3:18.01,,2,,1,上田寿美子,,セ・成城,1:07.21,,,,,,,,TRUE,3:51.40,2:55.98,2:55.98,1/3
726,75,2023,11,4,長水路,チーム,17,4×50mメドレーリレー,混合,320～359歳,323,3:18.01,,3,,1,木津誠,,セ・成城,40.37,,,,,,,,TRUE,3:51.40,2:55.98,2:55.98,1/3
727,75,2023,11,4,長水路,チーム,17,4×50mメドレーリレー,混合,320～359歳,323,3:18.01,,4,,1,大塚裕子,,セ・成城,46.64,,,,,,,,TRUE,3:51.40,2:55.98,2:55.98,1/3
728,75,2023,11,4,長水路,チーム,17,4×50mメドレーリレー,混合,320～359歳,321,3:55.78,,1,,2,島山敏雄,,ザバス鶴見,1:07.33,,,,,,,,,3:51.40,2:55.98,2:55.98,1/1
729,75,2023,11,4,長水路,チーム,17,4×50mメドレーリレー,混合,320～359歳,321,3:55.78,,2,,2,永島郁子,,ザバス鶴見,1:17.40,,,,,,,,,3:51.40,2:55.98,2:55.98,1/1
730,75,2023,11,4,長水路,チーム,17,4×50mメドレーリレー,混合,320～359歳,321,3:55.78,,3,,2,田邊英一,,ザバス鶴見,36.29,,,,,,,,,3:51.40,2:55.98,2:55.98,1/1
731,75,2023,11,4,長水路,チーム,17,4×50mメドレーリレー,混合,320～359歳,321,3:55.78,,4,,2,岡崎富美子,,ザバス鶴見,54.76,,,,,,,,,3:51.40,2:55.98,2:55.98,1/1
732,75,2023,11,4,長水路,チーム,17,4×50mメドレーリレー,混合,280～319歳,280,2:56.85,,1,,1,清水裕子,,セ・二俣川,55.24,,,,,,,,,2:48.17,2:26.90,2:21.20,1/9
733,75,2023,11,4,長水路,チーム,17,4×50mメドレーリレー,混合,280～319歳,280,2:56.85,,1,,1,近藤則子,,セ・二俣川,46.72,,,,,,,,,2:48.17,2:26.90,2:21.20,1/9
734,75,2023,11,4,長水路,チーム,17,4×50mメドレーリレー,混合,280～319歳,280,2:56.85,,2,,1,水谷博之,,セ・二俣川,40.50,,,,,,,,,2:48.17,2:26.90,2:21.20,1/9
735,75,2023,11,4,長水路,チーム,17,4×50mメドレーリレー,混合,280～319歳,280,2:56.85,,2,,1,村田幸士郎,,セ・二俣川,,,,,,,,,,2:48.17,2:26.90,2:21.20,1/9
736,75,2023,11,4,長水路,チーム,17,4×50mメドレーリレー,混合,280～319歳,280,2:56.85,,3,,1,香川左近,,セ・二俣川,42.55,,,,,,,,,2:48.17,2:26.90,2:21.20,1/9
737,75,2023,11,4,長水路,チーム,17,4×50mメドレーリレー,混合,280～319歳,280,2:56.85,,3,,1,松本琴江,,セ・二俣川,,,,,,,,,,2:48.17,2:26.90,2:21.20,1/9
738,75,2023,11,4,長水路,チーム,17,4×50mメドレーリレー,混合,280～319歳,280,2:56.85,,4,,1,近藤ひな子,,セ・二俣川,38.56,,,,,,,,,2:48.17,2:26.90,2:21.20,1/9
739,75,2023,11,4,長水路,チーム,17,4×50mメドレーリレー,混合,280～319歳,280,2:56.85,,4,,1,吉村進,,セ・二俣川,,,,,,,,,,2:48.17,2:26.90,2:21.20,1/9
740,75,2023,11,4,長水路,チーム,17,4×50mメドレーリレー,混合,240～279歳,244,2:30.10,,1,,1,渡辺保,,セ・二俣川,34.08,,,,,,,,,2:13.81,2:13.81,2:08.11,4/3
741,75,2023,11,4,長水路,チーム,17,4×50mメドレーリレー,混合,240～279歳,244,2:30.10,,2,,1,若島健二,,セ・二俣川,45.84,,,,,,,,,2:13.81,2:13.81,2:08.11,4/3
742,75,2023,11,4,長水路,チーム,17,4×50mメドレーリレー,混合,240～279歳,244,2:30.10,,3,,1,武井麻知子,,セ・二俣川,37.59,,,,,,,,,2:13.81,2:13.81,2:08.11,4/3
743,75,2023,11,4,長水路,チーム,17,4×50mメドレーリレー,混合,240～279歳,244,2:30.10,,4,,1,永瀬秀子,,セ・二俣川,32.59,,,,,,,,,2:13.81,2:13.81,2:08.11,4/3
744,75,2023,11,4,長水路,チーム,17,4×50mメドレーリレー,混合,240～279歳,246,2:42.89,,1,,2,松田聡美,,セ・成城,49.11,,,,,,,,,2:13.81,2:13.81,2:08.11,4/1
745,75,2023,11,4,長水路,チーム,17,4×50mメドレーリレー,混合,240～279歳,246,2:42.89,,2,,2,田代眞理子,,セ・成城,50.20,,,,,,,,,2:13.81,2:13.81,2:08.11,4/1
746,75,2023,11,4,長水路,チーム,17,4×50mメドレーリレー,混合,240～279歳,246,2:42.89,,3,,2,井口暢彦,,セ・成城,27.78,,,,,,,,,2:13.81,2:13.81,2:08.11,4/1
747,75,2023,11,4,長水路,チーム,17,4×50mメドレーリレー,混合,240～279歳,246,2:42.89,,4,,2,若宮強,,セ・成城,35.80,,,,,,,,,2:13.81,2:13.81,2:08.11,4/1
748,75,2023,11,4,長水路,チーム,17,4×50mメドレーリレー,混合,240～279歳,243,2:44.57,,1,,3,岩崎真弓,,ザバス鶴見,45.60,,,,,,,,,2:13.81,2:13.81,2:08.11,3/2
749,75,2023,11,4,長水路,チーム,17,4×50mメドレーリレー,混合,240～279歳,243,2:44.57,,2,,3,楊華,,ザバス鶴見,39.82,,,,,,,,,2:13.81,2:13.81,2:08.11,3/2
750,75,2023,11,4,長水路,チーム,17,4×50mメドレーリレー,混合,240～279歳,243,2:44.57,,2,,3,/6,,ザバス鶴見,,,,,,,,,,2:13.81,2:13.81,2:08.11,3/2
751,75,2023,11,4,長水路,チーム,17,4×50mメドレーリレー,混合,240～279歳,243,2:44.57,,3,,3,鈴木亨,,ザバス鶴見,38.98,,,,,,,,,2:13.81,2:13.81,2:08.11,3/2
752,75,2023,11,4,長水路,チーム,17,4×50mメドレーリレー,混合,240～279歳,243,2:44.57,,4,,3,藤枝康子,,ザバス鶴見,40.17,,,,,,,,,2:13.81,2:13.81,2:08.11,3/2
753,75,2023,11,4,長水路,チーム,17,4×50mメドレーリレー,混合,240～279歳,240,2:47.36,,1,,4,浅田浩司,,セ・西新井,34.52,,,,,,,,,2:13.81,2:13.81,2:08.11,3/1
754,75,2023,11,4,長水路,チーム,17,4×50mメドレーリレー,混合,240～279歳,240,2:47.36,,2,,4,水谷裕子,,セ・西新井,58.87,,,,,,,,,2:13.81,2:13.81,2:08.11,3/1
755,75,2023,11,4,長水路,チーム,17,4×50mメドレーリレー,混合,240～279歳,240,2:47.36,,3,,4,安藤薫,,セ・西新井,45.32,,,,,,,,,2:13.81,2:13.81,2:08.11,3/1
756,75,2023,11,4,長水路,チーム,17,4×50mメドレーリレー,混合,240～279歳,240,2:47.36,,4,,4,高坂俊一郎,,セ・西新井,28.65,,,,,,,,,2:13.81,2:13.81,2:08.11,3/1
757,75,2023,11,4,長水路,チーム,17,4×50mメドレーリレー,混合,240～279歳,249,2:48.72,,1,,5,石田良子,,セ・越谷,46.07,,,,,,,,,2:13.81,2:13.81,2:08.11,2/6
758,75,2023,11,4,長水路,チーム,17,4×50mメドレーリレー,混合,240～279歳,249,2:48.72,,2,,5,安高祐三,,セ・越谷,45.85,,,,,,,,,2:13.81,2:13.81,2:08.11,2/6
759,75,2023,11,4,長水路,チーム,17,4×50mメドレーリレー,混合,240～279歳,249,2:48.72,,3,,5,山田未紗子,,セ・越谷,39.75,,,,,,,,,2:13.81,2:13.81,2:08.11,2/6
760,75,2023,11,4,長水路,チーム,17,4×50mメドレーリレー,混合,240～279歳,249,2:48.72,,4,,5,今修二,,セ・越谷,37.05,,,,,,,,,2:13.81,2:13.81,2:08.11,2/6
761,75,2023,11,4,長水路,チーム,17,4×50mメドレーリレー,混合,240～279歳,243,2:50.50,,1,,6,糸川永利子,,セ・用賀,50.41,,,,,,,,,2:13.81,2:13.81,2:08.11,2/5
762,75,2023,11,4,長水路,チーム,17,4×50mメドレーリレー,混合,240～279歳,243,2:50.50,,2,,6,佐強正章,,セ・用賀,42.80,,,,,,,,,2:13.81,2:13.81,2:08.11,2/5
763,75,2023,11,4,長水路,チーム,17,4×50mメドレーリレー,混合,240～279歳,243,2:50.50,,3,,6,飯田正敏,,セ・用賀,34.49,,,,,,,,,2:13.81,2:13.81,2:08.11,2/5
764,75,2023,11,4,長水路,チーム,17,4×50mメドレーリレー,混合,240～279歳,243,2:50.50,,4,,6,佐藤由利子,,セ・用賀,42.80,,,,,,,,,2:13.81,2:13.81,2:08.11,2/5
765,75,2023,11,4,長水路,チーム,17,4×50mメドレーリレー,混合,240～279歳,243,2:51.20,,1,,7,鈴木幹男,,セ・我孫子,44.71,,,,,,,,,2:13.81,2:13.81,2:08.11,1/5
766,75,2023,11,4,長水路,チーム,17,4×50mメドレーリレー,混合,240～279歳,243,2:51.20,,2,,7,山梨英克,,セ・我孫子,43.87,,,,,,,,,2:13.81,2:13.81,2:08.11,1/5
767,75,2023,11,4,長水路,チーム,17,4×50mメドレーリレー,混合,240～279歳,243,2:51.20,,3,,7,飯澤美香,,セ・我孫子,41.14,,,,,,,,,2:13.81,2:13.81,2:08.11,1/5
768,75,2023,11,4,長水路,チーム,17,4×50mメドレーリレー,混合,240～279歳,243,2:51.20,,4,,7,山梨静枝,,セ・我孫子,41.48,,,,,,,,,2:13.81,2:13.81,2:08.11,1/5
769,75,2023,11,4,長水路,チーム,17,4×50mメドレーリレー,混合,240～279歳,245,2:51.97,,1,,8,中平信子,,セ・成瀬,48.34,,,,,,,,,2:13.81,2:13.81,2:08.11,3/10
770,75,2023,11,4,長水路,チーム,17,4×50mメドレーリレー,混合,240～279歳,245,2:51.97,,2,,8,藤田理,,セ・成瀬,37.02,,,,,,,,,2:13.81,2:13.81,2:08.11,3/10
771,75,2023,11,4,長水路,チーム,17,4×50mメドレーリレー,混合,240～279歳,245,2:51.97,,3,,8,金子謙一,,セ・成瀬,40.94,,,,,,,,,2:13.81,2:13.81,2:08.11,3/10
772,75,2023,11,4,長水路,チーム,17,4×50mメドレーリレー,混合,240～279歳,245,2:51.97,,4,,8,久松葉子,,セ・成瀬,45.67,,,,,,,,,2:13.81,2:13.81,2:08.11,3/10
773,75,2023,11,4,長水路,チーム,17,4×50mメドレーリレー,混合,240～279歳,242,2:53.68,,1,,9,後藤明美,,セ・天王洲,50.37,,,,,,,,,2:13.81,2:13.81,2:08.11,2/2
774,75,2023,11,4,長水路,チーム,17,4×50mメドレーリレー,混合,240～279歳,242,2:53.68,,2,,9,千葉忠英,,セ・天王洲,42.52,,,,,,,,,2:13.81,2:13.81,2:08.11,2/2
775,75,2023,11,4,長水路,チーム,17,4×50mメドレーリレー,混合,240～279歳,242,2:53.68,,3,,9,久保卓士,,セ・天王洲,35.49,,,,,,,,,2:13.81,2:13.81,2:08.11,2/2
776,75,2023,11,4,長水路,チーム,17,4×50mメドレーリレー,混合,240～279歳,242,2:53.68,,4,,9,小宮山美芽,,セ・天王洲,45.30,,,,,,,,,2:13.81,2:13.81,2:08.11,2/2
777,75,2023,11,4,長水路,チーム,17,4×50mメドレーリレー,混合,240～279歳,254,3:01.26,,1,,10,野崎由美子,,セ・おおたか,50.59,,,,,,,,,2:13.81,2:13.81,2:08.11,1/4
778,75,2023,11,4,長水路,チーム,17,4×50mメドレーリレー,混合,240～279歳,254,3:01.26,,2,,10,育村博子,,セ・おおたか,54.52,,,,,,,,,2:13.81,2:13.81,2:08.11,1/4
779,75,2023,11,4,長水路,チーム,17,4×50mメドレーリレー,混合,240～279歳,254,3:01.26,,3,,10,會田修一,,セ・おおたか,40.28,,,,,,,,,2:13.81,2:13.81,2:08.11,1/4
780,75,2023,11,4,長水路,チーム,17,4×50mメドレーリレー,混合,240～279歳,254,3:01.26,,4,,10,五十嵐洋,,セ・おおたか,35.87,,,,,,,,,2:13.81,2:13.81,2:08.11,1/4
781,75,2023,11,4,長水路,チーム,17,4×50mメドレーリレー,混合,200～239歳,200,2:18.41,,1,,1,宮川則仁,,セ・大宮宮原,37.94,,,,,,,,,2:08.68,2:01.31,1:59.99,4/8
782,75,2023,11,4,長水路,チーム,17,4×50mメドレーリレー,混合,200～239歳,200,2:18.41,,2,,1,川瀬健次,,セ・大宮宮原,33.68,,,,,,,,,2:08.68,2:01.31,1:59.99,4/8
783,75,2023,11,4,長水路,チーム,17,4×50mメドレーリレー,混合,200～239歳,200,2:18.41,,3,,1,若林朋子,,セ・大宮宮原,34.33,,,,,,,,,2:08.68,2:01.31,1:59.99,4/8
784,75,2023,11,4,長水路,チーム,17,4×50mメドレーリレー,混合,200～239歳,200,2:18.41,,3,,1,/6,,セ・大宮宮原,,,,,,,,,,2:08.68,2:01.31,1:59.99,4/8
785,75,2023,11,4,長水路,チーム,17,4×50mメドレーリレー,混合,200～239歳,200,2:18.41,,4,,1,花木尚美,,セ・大宮宮原,32.46,,,,,,,,,2:08.68,2:01.31,1:59.99,4/8
786,75,2023,11,4,長水路,チーム,17,4×50mメドレーリレー,混合,200～239歳,202,2:22.39,,1,,2,池田百合子,,セ・市ヶ尾,33.90,,,,,,,,,2:08.68,2:01.31,1:59.99,4/9
787,75,2023,11,4,長水路,チーム,17,4×50mメドレーリレー,混合,200～239歳,202,2:22.39,,2,,2,祖川久茂,,セ・市ヶ尾,37.01,,,,,,,,,2:08.68,2:01.31,1:59.99,4/9
788,75,2023,11,4,長水路,チーム,17,4×50mメドレーリレー,混合,200～239歳,202,2:22.39,,3,,2,塚越有宏,,セ・市ヶ尾,36.93,,,,,,,,,2:08.68,2:01.31,1:59.99,4/9
789,75,2023,11,4,長水路,チーム,17,4×50mメドレーリレー,混合,200～239歳,202,2:22.39,,4,,2,高橋麻子,,セ・市ヶ尾,34.55,,,,,,,,,2:08.68,2:01.31,1:59.99,4/9
790,75,2023,11,4,長水路,チーム,17,4×50mメドレーリレー,混合,200～239歳,202,2:29.42,,1,,3,柄澤英也,,セ・用賀,36.31,,,,,,,,,2:08.68,2:01.31,1:59.99,4/7
791,75,2023,11,4,長水路,チーム,17,4×50mメドレーリレー,混合,200～239歳,202,2:29.42,,2,,3,古木隆介,,セ・用賀,36.56,,,,,,,,,2:08.68,2:01.31,1:59.99,4/7
792,75,2023,11,4,長水路,チーム,17,4×50mメドレーリレー,混合,200～239歳,202,2:29.42,,3,,3,大家萌実,,セ・用賀,36.41,,,,,,,,,2:08.68,2:01.31,1:59.99,4/7
793,75,2023,11,4,長水路,チーム,17,4×50mメドレーリレー,混合,200～239歳,202,2:29.42,,4,,3,西岡祐子,,セ・用賀,40.14,,,,,,,,,2:08.68,2:01.31,1:59.99,4/7
794,75,2023,11,4,長水路,チーム,17,4×50mメドレーリレー,混合,200～239歳,203,2:36.15,,1,,4,小野真佐子,,セ・阿佐谷,39.86,,,,,,,,,2:08.68,2:01.31,1:59.99,3/3
795,75,2023,11,4,長水路,チーム,17,4×50mメドレーリレー,混合,200～239歳,203,2:36.15,,2,,4,若杉佳宏,,セ・阿佐谷,42.19,,,,,,,,,2:08.68,2:01.31,1:59.99,3/3
796,75,2023,11,4,長水路,チーム,17,4×50mメドレーリレー,混合,200～239歳,203,2:36.15,,3,,4,大川明徳,,セ・阿佐谷,36.83,,,,,,,,,2:08.68,2:01.31,1:59.99,3/3
797,75,2023,11,4,長水路,チーム,17,4×50mメドレーリレー,混合,200～239歳,203,2:36.15,,4,,4,野島正代,,セ・阿佐谷,37.27,,,,,,,,,2:08.68,2:01.31,1:59.99,3/3
798,75,2023,11,4,長水路,チーム,17,4×50mメドレーリレー,混合,200～239歳,200,2:36.77,,1,,5,栗原大輔,,セ・成瀬,40.87,,,,,,,,,2:08.68,2:01.31,1:59.99,3/5
799,75,2023,11,4,長水路,チーム,17,4×50mメドレーリレー,混合,200～239歳,200,2:36.77,,2,,5,米澤美智子,,セ・成瀬,49.37,,,,,,,,,2:08.68,2:01.31,1:59.99,3/5
800,75,2023,11,4,長水路,チーム,17,4×50mメドレーリレー,混合,200～239歳,200,2:36.77,,3,,5,石井将太,,セ・成瀬,29.57,,,,,,,,,2:08.68,2:01.31,1:59.99,3/5
801,75,2023,11,4,長水路,チーム,17,4×50mメドレーリレー,混合,200～239歳,200,2:36.77,,4,,5,篠倉有美,,セ・成瀬,36.96,,,,,,,,,2:08.68,2:01.31,1:59.99,3/5
802,75,2023,11,4,長水路,チーム,17,4×50mメドレーリレー,混合,200～239歳,207,2:38.38,,1,,6,李鎬善,,セ・目黒,51.10,,,,,,,,,2:08.68,2:01.31,1:59.99,3/4
803,75,2023,11,4,長水路,チーム,17,4×50mメドレーリレー,混合,200～239歳,207,2:38.38,,2,,6,兵藤鋭雄,,セ・目黒,41.48,,,,,,,,,2:08.68,2:01.31,1:59.99,3/4
804,75,2023,11,4,長水路,チーム,17,4×50mメドレーリレー,混合,200～239歳,207,2:38.38,,3,,6,藤田万之葉,,セ・目黒,36.38,,,,,,,,,2:08.68,2:01.31,1:59.99,3/4
805,75,2023,11,4,長水路,チーム,17,4×50mメドレーリレー,混合,200～239歳,207,2:38.38,,4,,6,舘野美香,,セ・目黒,29.42,,,,,,,,,2:08.68,2:01.31,1:59.99,3/4
806,75,2023,11,4,長水路,チーム,17,4×50mメドレーリレー,混合,200～239歳,211,2:44.60,,1,,7,吉澤弘幸,,ザバス鶴見,31.44,,,,,,,,,2:08.68,2:01.31,1:59.99,4/2
807,75,2023,11,4,長水路,チーム,17,4×50mメドレーリレー,混合,200～239歳,211,2:44.60,,2,,7,駒田尚子,,ザバス鶴見,55.04,,,,,,,,,2:08.68,2:01.31,1:59.99,4/2
808,75,2023,11,4,長水路,チーム,17,4×50mメドレーリレー,混合,200～239歳,211,2:44.60,,3,,7,保坂巨成,,ザバス鶴見,41.35,,,,,,,,,2:08.68,2:01.31,1:59.99,4/2
809,75,2023,11,4,長水路,チーム,17,4×50mメドレーリレー,混合,200～239歳,211,2:44.60,,4,,7,田村美香子,,ザバス鶴見,36.77,,,,,,,,,2:08.68,2:01.31,1:59.99,4/2
810,75,2023,11,4,長水路,チーム,17,4×50mメドレーリレー,混合,200～239歳,221,2:48.45,,1,,8,掘口実枝子,,セ・トレッサ,1:33.63,,,,,,,,,2:08.68,2:01.31,1:59.99,2/7
811,75,2023,11,4,長水路,チーム,17,4×50mメドレーリレー,混合,200～239歳,221,2:48.45,,2,,8,増渕毅,,セ・トレッサ,30.98,,,,,,,,,2:08.68,2:01.31,1:59.99,2/7
812,75,2023,11,4,長水路,チーム,17,4×50mメドレーリレー,混合,200～239歳,221,2:48.45,,3,,8,山口恵太,,セ・トレッサ,43.84,,,,,,,,,2:08.68,2:01.31,1:59.99,2/7
813,75,2023,11,4,長水路,チーム,17,4×50mメドレーリレー,混合,200～239歳,221,2:48.45,,4,,8,鶴﨑緑,,セ・トレッサ,0.00,,,,,,,,,2:08.68,2:01.31,1:59.99,2/7
814,75,2023,11,4,長水路,チーム,17,4×50mメドレーリレー,混合,200～239歳,228,2:54.05,,1,,9,鈴木篤,,セ・おおたか,52.48,,,,,,,,,2:08.68,2:01.31,1:59.99,2/4
815,75,2023,11,4,長水路,チーム,17,4×50mメドレーリレー,混合,200～239歳,228,2:54.05,,2,,9,五十嵐知佐,,セ・おおたか,46.33,,,,,,,,,2:08.68,2:01.31,1:59.99,2/4
816,75,2023,11,4,長水路,チーム,17,4×50mメドレーリレー,混合,200～239歳,228,2:54.05,,3,,9,海辺信吉,,セ・おおたか,33.25,,,,,,,,,2:08.68,2:01.31,1:59.99,2/4
817,75,2023,11,4,長水路,チーム,17,4×50mメドレーリレー,混合,200～239歳,228,2:54.05,,4,,9,佐藤晶子,,セ・おおたか,41.99,,,,,,,,,2:08.68,2:01.31,1:59.99,2/4
818,75,2023,11,4,長水路,チーム,17,4×50mメドレーリレー,混合,200～239歳,205,2:58.36,,1,,10,中野朗子,,セ・慶應日吉,47.97,,,,,,,,,2:08.68,2:01.31,1:59.99,2/8
819,75,2023,11,4,長水路,チーム,17,4×50mメドレーリレー,混合,200～239歳,205,2:58.36,,2,,10,鈴木夏実,,セ・慶應日吉,58.91,,,,,,,,,2:08.68,2:01.31,1:59.99,2/8
820,75,2023,11,4,長水路,チーム,17,4×50mメドレーリレー,混合,200～239歳,205,2:58.36,,3,,10,江熊夕人,,セ・慶應日吉,32.08,,,,,,,,,2:08.68,2:01.31,1:59.99,2/8
821,75,2023,11,4,長水路,チーム,17,4×50mメドレーリレー,混合,200～239歳,205,2:58.36,,4,,10,山本勝,,セ・慶應日吉,39.40,,,,,,,,,2:08.68,2:01.31,1:59.99,2/8
822,75,2023,11,4,長水路,チーム,17,4×50mメドレーリレー,混合,200～239歳,205,2:58.36,,4,,10,/6,,セ・慶應日吉,,,,,,,,,,2:08.68,2:01.31,1:59.99,2/8
823,75,2023,11,4,長水路,チーム,17,4×50mメドレーリレー,混合,200～239歳,210,3:00.76,,1,,11,奈良佳枝,,セ・蘇我,49.87,,,,,,,,,2:08.68,2:01.31,1:59.99,2/9
824,75,2023,11,4,長水路,チーム,17,4×50mメドレーリレー,混合,200～239歳,210,3:00.76,,2,,11,増子保子,,セ・蘇我,53.33,,,,,,,,,2:08.68,2:01.31,1:59.99,2/9
825,75,2023,11,4,長水路,チーム,17,4×50mメドレーリレー,混合,200～239歳,210,3:00.76,,3,,11,小林貴大,,セ・蘇我,40.09,,,,,,,,,2:08.68,2:01.31,1:59.99,2/9
826,75,2023,11,4,長水路,チーム,17,4×50mメドレーリレー,混合,200～239歳,210,3:00.76,,4,,11,平井宏宜,,セ・蘇我,37.47,,,,,,,,,2:08.68,2:01.31,1:59.99,2/9
827,75,2023,11,4,長水路,チーム,17,4×50mメドレーリレー,混合,200～239歳,231,3:01.57,,1,,12,吉川千晶,,Ｇ－ＳＰＡ,46.62,,,,,,,,,2:08.68,2:01.31,1:59.99,2/1
828,75,2023,11,4,長水路,チーム,17,4×50mメドレーリレー,混合,200～239歳,231,3:01.57,,2,,12,柳谷一郎,,Ｇ－ＳＰＡ,55.71,,,,,,,,,2:08.68,2:01.31,1:59.99,2/1
829,75,2023,11,4,長水路,チーム,17,4×50mメドレーリレー,混合,200～239歳,231,3:01.57,,3,,12,福田剛紀,,Ｇ－ＳＰＡ,46.07,,,,,,,,,2:08.68,2:01.31,1:59.99,2/1
830,75,2023,11,4,長水路,チーム,17,4×50mメドレーリレー,混合,200～239歳,231,3:01.57,,4,,12,坂本桃枝,,Ｇ－ＳＰＡ,33.17,,,,,,,,,2:08.68,2:01.31,1:59.99,2/1
831,75,2023,11,4,長水路,チーム,17,4×50mメドレーリレー,混合,200～239歳,235,3:21.03,,1,,13,上原隆男,,クリーンスパ,53.23,,,,,,,,,2:08.68,2:01.31,1:59.99,1/8
832,75,2023,11,4,長水路,チーム,17,4×50mメドレーリレー,混合,200～239歳,235,3:21.03,,1,,13,久保とし子,,クリーンスパ,54.16,,,,,,,,,2:08.68,2:01.31,1:59.99,1/8
833,75,2023,11,4,長水路,チーム,17,4×50mメドレーリレー,混合,200～239歳,235,3:21.03,,2,,13,関根順子,,クリーンスパ,45.17,,,,,,,,,2:08.68,2:01.31,1:59.99,1/8
834,75,2023,11,4,長水路,チーム,17,4×50mメドレーリレー,混合,200～239歳,235,3:21.03,,2,,13,池谷千尋,,クリーンスパ,,,,,,,,,,2:08.68,2:01.31,1:59.99,1/8
835,75,2023,11,4,長水路,チーム,17,4×50mメドレーリレー,混合,200～239歳,235,3:21.03,,3,,13,林尊利,,クリーンスパ,54.76,,,,,,,,,2:08.68,2:01.31,1:59.99,1/8
836,75,2023,11,4,長水路,チーム,17,4×50mメドレーリレー,混合,200～239歳,235,3:21.03,,3,,13,萩原智徳,,クリーンスパ,,,,,,,,,,2:08.68,2:01.31,1:59.99,1/8
837,75,2023,11,4,長水路,チーム,17,4×50mメドレーリレー,混合,200～239歳,235,3:21.03,,4,,13,山崎悦子,,クリーンスパ,47.87,,,,,,,,,2:08.68,2:01.31,1:59.99,1/8
838,75,2023,11,4,長水路,チーム,17,4×50mメドレーリレー,混合,200～239歳,235,3:21.03,,4,,13,三沢弘美,,クリーンスパ,,,,,,,,,,2:08.68,2:01.31,1:59.99,1/8
839,75,2023,11,4,長水路,チーム,17,4×50mメドレーリレー,混合,160～199歳,163,2:09.20,,1,,1,矢作歩,,セ・長津田,34.65,,,,,,,,,2:07.28,1:55.11,1:53.25,5/3
840,75,2023,11,4,長水路,チーム,17,4×50mメドレーリレー,混合,160～199歳,163,2:09.20,,2,,1,星野隆,,セ・長津田,34.36,,,,,,,,,2:07.28,1:55.11,1:53.25,5/3
841,75,2023,11,4,長水路,チーム,17,4×50mメドレーリレー,混合,160～199歳,163,2:09.20,,3,,1,吉村華余,,セ・長津田,31.12,,,,,,,,,2:07.28,1:55.11,1:53.25,5/3
842,75,2023,11,4,長水路,チーム,17,4×50mメドレーリレー,混合,160～199歳,163,2:09.20,,4,,1,宍戸萌,,セ・長津田,29.07,,,,,,,,,2:07.28,1:55.11,1:53.25,5/3
843,75,2023,11,4,長水路,チーム,17,4×50mメドレーリレー,混合,160～199歳,179,2:16.65,,1,,2,棚網宏之,,セ・阿佐谷,31.47,,,,,,,,,2:07.28,1:55.11,1:53.25,5/10
844,75,2023,11,4,長水路,チーム,17,4×50mメドレーリレー,混合,160～199歳,179,2:16.65,,2,,2,瀬原まどか,,セ・阿佐谷,39.98,,,,,,,,,2:07.28,1:55.11,1:53.25,5/10
845,75,2023,11,4,長水路,チーム,17,4×50mメドレーリレー,混合,160～199歳,179,2:16.65,,3,,2,椎本恭平,,セ・阿佐谷,28.77,,,,,,,,,2:07.28,1:55.11,1:53.25,5/10
846,75,2023,11,4,長水路,チーム,17,4×50mメドレーリレー,混合,160～199歳,179,2:16.65,,4,,2,石原なおみ,,セ・阿佐谷,36.43,,,,,,,,,2:07.28,1:55.11,1:53.25,5/10
847,75,2023,11,4,長水路,チーム,17,4×50mメドレーリレー,混合,160～199歳,167,2:16.89,,1,,3,草野茜,,セ・二俣川,42.11,,,,,,,,,2:07.28,1:55.11,1:53.25,5/2
848,75,2023,11,4,長水路,チーム,17,4×50mメドレーリレー,混合,160～199歳,167,2:16.89,,2,,3,知見邦彦,,セ・二俣川,32.88,,,,,,,,,2:07.28,1:55.11,1:53.25,5/2
849,75,2023,11,4,長水路,チーム,17,4×50mメドレーリレー,混合,160～199歳,167,2:16.89,,3,,3,前田康輔,,セ・二俣川,25.34,,,,,,,,,2:07.28,1:55.11,1:53.25,5/2
850,75,2023,11,4,長水路,チーム,17,4×50mメドレーリレー,混合,160～199歳,167,2:16.89,,4,,3,前田由希映,,セ・二俣川,36.56,,,,,,,,,2:07.28,1:55.11,1:53.25,5/2
851,75,2023,11,4,長水路,チーム,17,4×50mメドレーリレー,混合,160～199歳,162,2:27.37,,1,,4,梅澤亮子,,セ・桶川北本,36.90,,,,,,,,,2:07.28,1:55.11,1:53.25,3/7
852,75,2023,11,4,長水路,チーム,17,4×50mメドレーリレー,混合,160～199歳,162,2:27.37,,2,,4,吉川重行,,セ・桶川北本,33.97,,,,,,,,,2:07.28,1:55.11,1:53.25,3/7
853,75,2023,11,4,長水路,チーム,17,4×50mメドレーリレー,混合,160～199歳,162,2:27.37,,3,,4,増田喬行,,セ・桶川北本,31.32,,,,,,,,,2:07.28,1:55.11,1:53.25,3/7
854,75,2023,11,4,長水路,チーム,17,4×50mメドレーリレー,混合,160～199歳,162,2:27.37,,4,,4,加藤涼子,,セ・桶川北本,45.18,,,,,,,,,2:07.28,1:55.11,1:53.25,3/7
855,75,2023,11,4,長水路,チーム,17,4×50mメドレーリレー,混合,160～199歳,160,2:29.72,,1,,5,岡澤志織,,セ・茂原,32.43,,,,,,,,,2:07.28,1:55.11,1:53.25,3/9
856,75,2023,11,4,長水路,チーム,17,4×50mメドレーリレー,混合,160～199歳,160,2:29.72,,2,,5,岡澤美咲,,セ・茂原,50.50,,,,,,,,,2:07.28,1:55.11,1:53.25,3/9
857,75,2023,11,4,長水路,チーム,17,4×50mメドレーリレー,混合,160～199歳,160,2:29.72,,3,,5,阪田高士,,セ・茂原,30.05,,,,,,,,,2:07.28,1:55.11,1:53.25,3/9
858,75,2023,11,4,長水路,チーム,17,4×50mメドレーリレー,混合,160～199歳,160,2:29.72,,4,,5,山本和巳,,セ・茂原,36.74,,,,,,,,,2:07.28,1:55.11,1:53.25,3/9
859,75,2023,11,4,長水路,チーム,17,4×50mメドレーリレー,混合,160～199歳,164,2:30.70,,1,,6,羽田浩一,,セ・成城,35.95,,,,,,,,,2:07.28,1:55.11,1:53.25,5/1
860,75,2023,11,4,長水路,チーム,17,4×50mメドレーリレー,混合,160～199歳,164,2:30.70,,2,,6,佐藤洋子,,セ・成城,46.63,,,,,,,,,2:07.28,1:55.11,1:53.25,5/1
861,75,2023,11,4,長水路,チーム,17,4×50mメドレーリレー,混合,160～199歳,164,2:30.70,,3,,6,中畑眸,,セ・成城,35.28,,,,,,,,,2:07.28,1:55.11,1:53.25,5/1
862,75,2023,11,4,長水路,チーム,17,4×50mメドレーリレー,混合,160～199歳,164,2:30.70,,4,,6,水上大輔,,セ・成城,32.84,,,,,,,,,2:07.28,1:55.11,1:53.25,5/1
863,75,2023,11,4,長水路,チーム,17,4×50mメドレーリレー,混合,160～199歳,198,2:33.11,,1,,7,座間千鶴子,,ザバス金沢八,46.02,,,,,,,,,2:07.28,1:55.11,1:53.25,4/10
864,75,2023,11,4,長水路,チーム,17,4×50mメドレーリレー,混合,160～199歳,198,2:33.11,,2,,7,兼森伸児,,ザバス金沢八,41.93,,,,,,,,,2:07.28,1:55.11,1:53.25,4/10
865,75,2023,11,4,長水路,チーム,17,4×50mメドレーリレー,混合,160～199歳,198,2:33.11,,3,,7,森寛大,,ザバス金沢八,28.50,,,,,,,,,2:07.28,1:55.11,1:53.25,4/10
866,75,2023,11,4,長水路,チーム,17,4×50mメドレーリレー,混合,160～199歳,198,2:33.11,,4,,7,鶴岡美佐,,ザバス金沢八,36.66,,,,,,,,,2:07.28,1:55.11,1:53.25,4/10
867,75,2023,11,4,長水路,チーム,17,4×50mメドレーリレー,混合,160～199歳,169,2:38.19,,1,,8,川西智大,,セ・南千住,33.78,,,,,,,,,2:07.28,1:55.11,1:53.25,3/8
868,75,2023,11,4,長水路,チーム,17,4×50mメドレーリレー,混合,160～199歳,169,2:38.19,,2,,8,佐々木和江,,セ・南千住,1:00.24,,,,,,,,,2:07.28,1:55.11,1:53.25,3/8
869,75,2023,11,4,長水路,チーム,17,4×50mメドレーリレー,混合,160～199歳,169,2:38.19,,3,,8,我妻雄大,,セ・南千住,32.51,,,,,,,,,2:07.28,1:55.11,1:53.25,3/8
870,75,2023,11,4,長水路,チーム,17,4×50mメドレーリレー,混合,160～199歳,169,2:38.19,,4,,8,杉本浩美,,セ・南千住,31.66,,,,,,,,,2:07.28,1:55.11,1:53.25,3/8
871,75,2023,11,4,長水路,チーム,17,4×50mメドレーリレー,混合,120～159歳,155,2:09.64,,1,,1,高橋美波,,セ・武蔵小杉,35.55,,,,,,,,,2:01.01,1:52.24,1:50.77,5/9
872,75,2023,11,4,長水路,チーム,17,4×50mメドレーリレー,混合,120～159歳,155,2:09.64,,2,,1,西尾直人,,セ・武蔵小杉,32.56,,,,,,,,,2:01.01,1:52.24,1:50.77,5/9
873,75,2023,11,4,長水路,チーム,17,4×50mメドレーリレー,混合,120～159歳,155,2:09.64,,3,,1,早川友二,,セ・武蔵小杉,30.45,,,,,,,,,2:01.01,1:52.24,1:50.77,5/9
874,75,2023,11,4,長水路,チーム,17,4×50mメドレーリレー,混合,120～159歳,155,2:09.64,,4,,1,田中美鈴,,セ・武蔵小杉,31.08,,,,,,,,,2:01.01,1:52.24,1:50.77,5/9
875,75,2023,11,4,長水路,チーム,17,4×50mメドレーリレー,混合,120～159歳,122,2:09.71,,1,,2,志賀菜々美,,セ・二俣川,35.88,,,,,,,,,2:01.01,1:52.24,1:50.77,5/7
876,75,2023,11,4,長水路,チーム,17,4×50mメドレーリレー,混合,120～159歳,122,2:09.71,,2,,2,鶴谷学,,セ・二俣川,31.35,,,,,,,,,2:01.01,1:52.24,1:50.77,5/7
877,75,2023,11,4,長水路,チーム,17,4×50mメドレーリレー,混合,120～159歳,122,2:09.71,,3,,2,山﨑陸真,,セ・二俣川,29.52,,,,,,,,,2:01.01,1:52.24,1:50.77,5/7
878,75,2023,11,4,長水路,チーム,17,4×50mメドレーリレー,混合,120～159歳,122,2:09.71,,4,,2,深堀陽子,,セ・二俣川,32.96,,,,,,,,,2:01.01,1:52.24,1:50.77,5/7
879,75,2023,11,4,長水路,チーム,17,4×50mメドレーリレー,混合,120～159歳,122,2:15.32,,1,,3,仲田笑美,,セ・成城,35.70,,,,,,,,,2:01.01,1:52.24,1:50.77,5/4
880,75,2023,11,4,長水路,チーム,17,4×50mメドレーリレー,混合,120～159歳,122,2:15.32,,2,,3,村上守,,セ・成城,36.12,,,,,,,,,2:01.01,1:52.24,1:50.77,5/4
881,75,2023,11,4,長水路,チーム,17,4×50mメドレーリレー,混合,120～159歳,122,2:15.32,,3,,3,小林あかり,,セ・成城,36.85,,,,,,,,,2:01.01,1:52.24,1:50.77,5/4
882,75,2023,11,4,長水路,チーム,17,4×50mメドレーリレー,混合,120～159歳,122,2:15.32,,4,,3,高梨大樹,,セ・成城,26.65,,,,,,,,,2:01.01,1:52.24,1:50.77,5/4
883,75,2023,11,4,長水路,チーム,17,4×50mメドレーリレー,混合,120～159歳,147,2:15.70,,1,,4,相川悦子,,セ・蒲田,40.10,,,,,,,,,2:01.01,1:52.24,1:50.77,4/4
884,75,2023,11,4,長水路,チーム,17,4×50mメドレーリレー,混合,120～159歳,147,2:15.70,,2,,4,南里輝,,セ・蒲田,31.89,,,,,,,,,2:01.01,1:52.24,1:50.77,4/4
885,75,2023,11,4,長水路,チーム,17,4×50mメドレーリレー,混合,120～159歳,147,2:15.70,,3,,4,早川舞,,セ・蒲田,31.35,,,,,,,,,2:01.01,1:52.24,1:50.77,4/4
886,75,2023,11,4,長水路,チーム,17,4×50mメドレーリレー,混合,120～159歳,147,2:15.70,,4,,4,藤原毅,,セ・蒲田,32.36,,,,,,,,,2:01.01,1:52.24,1:50.77,4/4
887,75,2023,11,4,長水路,チーム,17,4×50mメドレーリレー,混合,120～159歳,147,2:28.40,,1,,5,野間隼翔,,ザバス鶴見,34.41,,,,,,,,,2:01.01,1:52.24,1:50.77,4/5
888,75,2023,11,4,長水路,チーム,17,4×50mメドレーリレー,混合,120～159歳,147,2:28.40,,2,,5,鮫島晴生,,ザバス鶴見,34.88,,,,,,,,,2:01.01,1:52.24,1:50.77,4/5
889,75,2023,11,4,長水路,チーム,17,4×50mメドレーリレー,混合,120～159歳,147,2:28.40,,3,,5,沖田奈々美,,ザバス鶴見,42.04,,,,,,,,,2:01.01,1:52.24,1:50.77,4/5
890,75,2023,11,4,長水路,チーム,17,4×50mメドレーリレー,混合,120～159歳,147,2:28.40,,4,,5,佐伯康子,,ザバス鶴見,37.07,,,,,,,,,2:01.01,1:52.24,1:50.77,4/5
891,75,2023,11,4,長水路,チーム,17,4×50mメドレーリレー,混合,120～159歳,136,2:36.16,,1,,6,西山遼,,ザバス鶴見,34.16,,,,,,,,,2:01.01,1:52.24,1:50.77,4/6
892,75,2023,11,4,長水路,チーム,17,4×50mメドレーリレー,混合,120～159歳,136,2:36.16,,2,,6,真栄田こずえ,,ザバス鶴見,49.00,,,,,,,,,2:01.01,1:52.24,1:50.77,4/6
893,75,2023,11,4,長水路,チーム,17,4×50mメドレーリレー,混合,120～159歳,136,2:36.16,,3,,6,徳田博輝,,ザバス鶴見,33.33,,,,,,,,,2:01.01,1:52.24,1:50.77,4/6
894,75,2023,11,4,長水路,チーム,17,4×50mメドレーリレー,混合,120～159歳,136,2:36.16,,4,,6,信賀志乃,,ザバス鶴見,39.67,,,,,,,,,2:01.01,1:52.24,1:50.77,4/6
895,75,2023,11,4,長水路,チーム,17,4×50mメドレーリレー,混合,120～159歳,155,2:43.45,,1,,7,久保美由紀,,セ・長津田,55.76,,,,,,,,,2:01.01,1:52.24,1:50.77,3/6
896,75,2023,11,4,長水路,チーム,17,4×50mメドレーリレー,混合,120～159歳,155,2:43.45,,2,,7,竹下翔,,セ・長津田,37.57,,,,,,,,,2:01.01,1:52.24,1:50.77,3/6
897,75,2023,11,4,長水路,チーム,17,4×50mメドレーリレー,混合,120～159歳,155,2:43.45,,3,,7,藤本豊和,,セ・長津田,31.54,,,,,,,,,2:01.01,1:52.24,1:50.77,3/6
898,75,2023,11,4,長水路,チーム,17,4×50mメドレーリレー,混合,120～159歳,155,2:43.45,,4,,7,久保かおり,,セ・長津田,38.58,,,,,,,,,2:01.01,1:52.24,1:50.77,3/6
899,75,2023,11,4,長水路,チーム,17,4×50mメドレーリレー,混合,72～119歳,93,2:01.64,,1,,1,石川和樹,,セ・谷津,27.05,,,,,,,,,2:00.62,,,5/8
900,75,2023,11,4,長水路,チーム,17,4×50mメドレーリレー,混合,72～119歳,93,2:01.64,,2,,1,渡辺美楓,,セ・谷津,37.39,,,,,,,,,2:00.62,,,5/8
901,75,2023,11,4,長水路,チーム,17,4×50mメドレーリレー,混合,72～119歳,93,2:01.64,,3,,1,岡田星理,,セ・谷津,31.99,,,,,,,,,2:00.62,,,5/8
902,75,2023,11,4,長水路,チーム,17,4×50mメドレーリレー,混合,72～119歳,93,2:01.64,,4,,1,只野克,,セ・谷津,25.21,,,,,,,,,2:00.62,,,5/8
903,75,2023,11,4,長水路,チーム,17,4×50mメドレーリレー,混合,72～119歳,82,2:06.08,,1,,2,表侑寿,,セ・二俣川,35.93,,,,,,,,,2:00.62,,,5/6
904,75,2023,11,4,長水路,チーム,17,4×50mメドレーリレー,混合,72～119歳,82,2:06.08,,2,,2,田中壮一郎,,セ・二俣川,32.46,,,,,,,,,2:00.62,,,5/6
905,75,2023,11,4,長水路,チーム,17,4×50mメドレーリレー,混合,72～119歳,82,2:06.08,,3,,2,秋澤裕介,,セ・二俣川,28.62,,,,,,,,,2:00.62,,,5/6
906,75,2023,11,4,長水路,チーム,17,4×50mメドレーリレー,混合,72～119歳,82,2:06.08,,4,,2,岩倉柚,,セ・二俣川,29.07,,,,,,,,,2:00.62,,,5/6
907,75,2023,11,4,長水路,チーム,17,4×50mメドレーリレー,混合,72～119歳,90,2:08.35,,1,,3,浅田慶子,,ザバス鶴見,33.68,,,,,,,,,2:00.62,,,5/5
908,75,2023,11,4,長水路,チーム,17,4×50mメドレーリレー,混合,72～119歳,90,2:08.35,,2,,3,千葉諒太,,ザバス鶴見,34.36,,,,,,,,,2:00.62,,,5/5
909,75,2023,11,4,長水路,チーム,17,4×50mメドレーリレー,混合,72～119歳,90,2:08.35,,3,,3,瀧田優磨,,ザバス鶴見,28.12,,,,,,,,,2:00.62,,,5/5
910,75,2023,11,4,長水路,チーム,17,4×50mメドレーリレー,混合,72～119歳,90,2:08.35,,4,,3,今田彩文,,ザバス鶴見,32.19,,,,,,,,,2:00.62,,,5/5
911,75,2023,11,4,長水路,チーム,17,4×50mメドレーリレー,混合,72～119歳,98,2:16.77,,1,,4,宮川ガブリエル拓実,,セ・慶應日吉,31.00,,,,,,,,,2:00.62,,,2/10
912,75,2023,11,4,長水路,チーム,17,4×50mメドレーリレー,混合,72～119歳,98,2:16.77,,1,,4,/2,,セ・慶應日吉,,,,,,,,,,2:00.62,,,2/10
913,75,2023,11,4,長水路,チーム,17,4×50mメドレーリレー,混合,72～119歳,98,2:16.77,,2,,4,コリガンシェイ颯介,,セ・慶應日吉,32.72,,,,,,,,,2:00.62,,,2/10
914,75,2023,11,4,長水路,チーム,17,4×50mメドレーリレー,混合,72～119歳,98,2:16.77,,3,,4,井上唯,,セ・慶應日吉,38.49,,,,,,,,,2:00.62,,,2/10
915,75,2023,11,4,長水路,チーム,17,4×50mメドレーリレー,混合,72～119歳,98,2:16.77,,4,,4,松廣花月,,セ・慶應日吉,34.56,,,,,,,,,2:00.62,,,2/10
916,75,2023,11,4,長水路,チーム,18,4×100mメドレーリレー,女子,280～319歳,282,7:38.10,,1,,1,吉野治子,,セ・成城,50.80,,,,,,,,TRUE,8:14.47,6:46.97,6:17.26,1/3
917,75,2023,11,4,長水路,チーム,18,4×100mメドレーリレー,女子,280～319歳,282,7:38.10,,2,,1,大塚裕子,,セ・成城,1:09.45,,,,,,,,TRUE,8:14.47,6:46.97,6:17.26,1/3
918,75,2023,11,4,長水路,チーム,18,4×100mメドレーリレー,女子,280～319歳,282,7:38.10,,3,,1,茂櫛典子,,セ・成城,48.40,,,,,,,,TRUE,8:14.47,6:46.97,6:17.26,1/3
919,75,2023,11,4,長水路,チーム,18,4×100mメドレーリレー,女子,280～319歳,282,7:38.10,,4,,1,田代眞理子,,セ・成城,41.86,,,,,,,,TRUE,8:14.47,6:46.97,6:17.26,1/3
920,75,2023,11,4,長水路,チーム,18,4×100mメドレーリレー,女子,280～319歳,280,7:57.78,,1,,2,伊藤幸英,,ザバス鶴見,1:01.92,,,,,,,,TRUE,8:14.47,6:46.97,6:17.26,1/4
921,75,2023,11,4,長水路,チーム,18,4×100mメドレーリレー,女子,280～319歳,280,7:57.78,,2,,2,藤枝康子,,ザバス鶴見,53.91,,,,,,,,TRUE,8:14.47,6:46.97,6:17.26,1/4
922,75,2023,11,4,長水路,チーム,18,4×100mメドレーリレー,女子,280～319歳,280,7:57.78,,3,,2,長岡桂子,,ザバス鶴見,1:03.09,,,,,,,,TRUE,8:14.47,6:46.97,6:17.26,1/4
923,75,2023,11,4,長水路,チーム,18,4×100mメドレーリレー,女子,280～319歳,280,7:57.78,,4,,2,青柳夕起子,,ザバス鶴見,50.67,,,,,,,,TRUE,8:14.47,6:46.97,6:17.26,1/4
924,75,2023,11,4,長水路,チーム,18,4×100mメドレーリレー,女子,240～279歳,243,6:21.43,,1,,1,上野真弓,,セ・二俣川,48.28,,,,,,,,TRUE,6:27.53,5:43.15,5:19.05,1/6
925,75,2023,11,4,長水路,チーム,18,4×100mメドレーリレー,女子,240～279歳,243,6:21.43,,2,,1,野島久枝,,セ・二俣川,49.66,,,,,,,,TRUE,6:27.53,5:43.15,5:19.05,1/6
926,75,2023,11,4,長水路,チーム,18,4×100mメドレーリレー,女子,240～279歳,243,6:21.43,,3,,1,武井麻知子,,セ・二俣川,44.98,,,,,,,,TRUE,6:27.53,5:43.15,5:19.05,1/6
927,75,2023,11,4,長水路,チーム,18,4×100mメドレーリレー,女子,240～279歳,243,6:21.43,,4,,1,永瀬秀子,,セ・二俣川,36.91,,,,,,,,TRUE,6:27.53,5:43.15,5:19.05,1/6
928,75,2023,11,4,長水路,チーム,18,4×100mメドレーリレー,女子,240～279歳,243,7:01.84,,1,,2,高見沢ゆみ子,,セ・慶應日吉,51.49,,,,,,,,,6:27.53,5:43.15,5:19.05,1/7
929,75,2023,11,4,長水路,チーム,18,4×100mメドレーリレー,女子,240～279歳,243,7:01.84,,2,,2,前畑章子,,セ・慶應日吉,47.39,,,,,,,,,6:27.53,5:43.15,5:19.05,1/7
930,75,2023,11,4,長水路,チーム,18,4×100mメドレーリレー,女子,240～279歳,243,7:01.84,,3,,2,森谷登志江,,セ・慶應日吉,51.88,,,,,,,,,6:27.53,5:43.15,5:19.05,1/7
931,75,2023,11,4,長水路,チーム,18,4×100mメドレーリレー,女子,240～279歳,243,7:01.84,,4,,2,田村明美,,セ・慶應日吉,46.74,,,,,,,,,6:27.53,5:43.15,5:19.05,1/7
932,75,2023,11,4,長水路,チーム,18,4×100mメドレーリレー,女子,240～279歳,262,8:52.12,,1,,3,宮田ひとみ,,セ・阿佐谷,1:04.12,,,,,,,,,6:27.53,5:43.15,5:19.05,1/8
933,75,2023,11,4,長水路,チーム,18,4×100mメドレーリレー,女子,240～279歳,262,8:52.12,,2,,3,渡邉登美子,,セ・阿佐谷,1:06.59,,,,,,,,,6:27.53,5:43.15,5:19.05,1/8
934,75,2023,11,4,長水路,チーム,18,4×100mメドレーリレー,女子,240～279歳,262,8:52.12,,3,,3,近藤みゆき,,セ・阿佐谷,1:08.82,,,,,,,,,6:27.53,5:43.15,5:19.05,1/8
935,75,2023,11,4,長水路,チーム,18,4×100mメドレーリレー,女子,240～279歳,262,8:52.12,,4,,3,三嶋祐子,,セ・阿佐谷,51.00,,,,,,,,,6:27.53,5:43.15,5:19.05,1/8
936,75,2023,11,4,長水路,チーム,18,4×100mメドレーリレー,女子,200～239歳,204,5:55.05,,1,,1,仲田久美子,,セ・成城,43.63,,,,,,,,,5:42.41,5:04.80,4:54.41,2/7
937,75,2023,11,4,長水路,チーム,18,4×100mメドレーリレー,女子,200～239歳,204,5:55.05,,2,,1,大川晴美,,セ・成城,46.16,,,,,,,,,5:42.41,5:04.80,4:54.41,2/7
938,75,2023,11,4,長水路,チーム,18,4×100mメドレーリレー,女子,200～239歳,204,5:55.05,,3,,1,佐々木彩,,セ・成城,39.12,,,,,,,,,5:42.41,5:04.80,4:54.41,2/7
939,75,2023,11,4,長水路,チーム,18,4×100mメドレーリレー,女子,200～239歳,204,5:55.05,,4,,1,森直子,,セ・成城,39.28,,,,,,,,,5:42.41,5:04.80,4:54.41,2/7
940,75,2023,11,4,長水路,チーム,18,4×100mメドレーリレー,女子,200～239歳,219,6:15.80,,1,,2,小野真佐子,,セ・阿佐谷,41.60,,,,,,,,,5:42.41,5:04.80,4:54.41,2/8
941,75,2023,11,4,長水路,チーム,18,4×100mメドレーリレー,女子,200～239歳,219,6:15.80,,2,,2,瀬原まどか,,セ・阿佐谷,40.97,,,,,,,,,5:42.41,5:04.80,4:54.41,2/8
942,75,2023,11,4,長水路,チーム,18,4×100mメドレーリレー,女子,200～239歳,219,6:15.80,,2,,2,/2,,セ・阿佐谷,,,,,,,,,,5:42.41,5:04.80,4:54.41,2/8
943,75,2023,11,4,長水路,チーム,18,4×100mメドレーリレー,女子,200～239歳,219,6:15.80,,3,,2,松本琴江,,セ・阿佐谷,52.51,,,,,,,,,5:42.41,5:04.80,4:54.41,2/8
944,75,2023,11,4,長水路,チーム,18,4×100mメドレーリレー,女子,200～239歳,219,6:15.80,,4,,2,石原なおみ,,セ・阿佐谷,39.67,,,,,,,,,5:42.41,5:04.80,4:54.41,2/8
945,75,2023,11,4,長水路,チーム,18,4×100mメドレーリレー,女子,200～239歳,218,6:19.67,,1,,3,花木尚美,,セ・大宮宮原,45.89,,,,,,,,,5:42.41,5:04.80,4:54.41,2/3
946,75,2023,11,4,長水路,チーム,18,4×100mメドレーリレー,女子,200～239歳,218,6:19.67,,2,,3,坂井慶子,,セ・大宮宮原,53.83,,,,,,,,,5:42.41,5:04.80,4:54.41,2/3
947,75,2023,11,4,長水路,チーム,18,4×100mメドレーリレー,女子,200～239歳,218,6:19.67,,3,,3,若林朋子,,セ・大宮宮原,36.25,,,,,,,,,5:42.41,5:04.80,4:54.41,2/3
948,75,2023,11,4,長水路,チーム,18,4×100mメドレーリレー,女子,200～239歳,218,6:19.67,,4,,3,西田三佐子,,セ・大宮宮原,42.06,,,,,,,,,5:42.41,5:04.80,4:54.41,2/3
949,75,2023,11,4,長水路,チーム,18,4×100mメドレーリレー,女子,200～239歳,202,6:55.49,,1,,4,岩崎真弓,,ザバス鶴見,52.59,,,,,,,,,5:42.41,5:04.80,4:54.41,1/5
950,75,2023,11,4,長水路,チーム,18,4×100mメドレーリレー,女子,200～239歳,202,6:55.49,,2,,4,駒田尚子,,ザバス鶴見,56.23,,,,,,,,,5:42.41,5:04.80,4:54.41,1/5
951,75,2023,11,4,長水路,チーム,18,4×100mメドレーリレー,女子,200～239歳,202,6:55.49,,3,,4,真栄田こずえ,,ザバス鶴見,48.32,,,,,,,,,5:42.41,5:04.80,4:54.41,1/5
952,75,2023,11,4,長水路,チーム,18,4×100mメドレーリレー,女子,200～239歳,202,6:55.49,,4,,4,田村美香子,,ザバス鶴見,39.51,,,,,,,,,5:42.41,5:04.80,4:54.41,1/5
953,75,2023,11,4,長水路,チーム,18,4×100mメドレーリレー,女子,160～199歳,165,6:27.81,,1,,1,草野茜,,セ・二俣川,46.53,,,,,,,,,5:17.33,4:42.46,4:40.42,2/2
954,75,2023,11,4,長水路,チーム,18,4×100mメドレーリレー,女子,160～199歳,165,6:27.81,,2,,1,深堀陽子,,セ・二俣川,45.76,,,,,,,,,5:17.33,4:42.46,4:40.42,2/2
955,75,2023,11,4,長水路,チーム,18,4×100mメドレーリレー,女子,160～199歳,165,6:27.81,,3,,1,吉池奈々,,セ・二俣川,47.88,,,,,,,,,5:17.33,4:42.46,4:40.42,2/2
956,75,2023,11,4,長水路,チーム,18,4×100mメドレーリレー,女子,160～199歳,165,6:27.81,,4,,1,前田由希映,,セ・二俣川,42.81,,,,,,,,,5:17.33,4:42.46,4:40.42,2/2
957,75,2023,11,4,長水路,チーム,18,4×100mメドレーリレー,女子,120～159歳,128,5:46.60,,1,,1,浅田慶子,,ザバス鶴見,40.58,,,,,,,,,5:04.58,4:37.21,4:35.76,2/5
958,75,2023,11,4,長水路,チーム,18,4×100mメドレーリレー,女子,120～159歳,128,5:46.60,,2,,1,安掛悠子,,ザバス鶴見,46.34,,,,,,,,,5:04.58,4:37.21,4:35.76,2/5
959,75,2023,11,4,長水路,チーム,18,4×100mメドレーリレー,女子,120～159歳,128,5:46.60,,3,,1,吉田舞,,ザバス鶴見,36.42,,,,,,,,,5:04.58,4:37.21,4:35.76,2/5
960,75,2023,11,4,長水路,チーム,18,4×100mメドレーリレー,女子,120～159歳,128,5:46.60,,4,,1,今田彩文,,ザバス鶴見,37.43,,,,,,,,,5:04.58,4:37.21,4:35.76,2/5
961,75,2023,11,4,長水路,チーム,18,4×100mメドレーリレー,女子,72～119歳,86,5:20.83,,1,,1,表侑寿,,セ・二俣川,37.61,,,,,,,,,5:07.97,,,2/6
962,75,2023,11,4,長水路,チーム,18,4×100mメドレーリレー,女子,72～119歳,86,5:20.83,,2,,1,松本彩花,,セ・二俣川,48.25,,,,,,,,,5:07.97,,,2/6
963,75,2023,11,4,長水路,チーム,18,4×100mメドレーリレー,女子,72～119歳,86,5:20.83,,3,,1,志賀菜々美,,セ・二俣川,33.88,,,,,,,,,5:07.97,,,2/6
964,75,2023,11,4,長水路,チーム,18,4×100mメドレーリレー,女子,72～119歳,86,5:20.83,,4,,1,岩倉柚,,セ・二俣川,31.88,,,,,,,,,5:07.97,,,2/6
965,75,2023,11,4,長水路,チーム,18,4×100mメドレーリレー,女子,72～119歳,103,5:34.47,,1,,2,仲田笑美,,セ・成城,38.36,,,,,,,,,5:07.97,,,2/4
966,75,2023,11,4,長水路,チーム,18,4×100mメドレーリレー,女子,72～119歳,103,5:34.47,,1,,2,/3,,セ・成城,,,,,,,,,,5:07.97,,,2/4
967,75,2023,11,4,長水路,チーム,18,4×100mメドレーリレー,女子,72～119歳,103,5:34.47,,2,,2,関根琴,,セ・成城,42.10,,,,,,,,,5:07.97,,,2/4
968,75,2023,11,4,長水路,チーム,18,4×100mメドレーリレー,女子,72～119歳,103,5:34.47,,3,,2,増田舞紗,,セ・成城,39.36,,,,,,,,,5:07.97,,,2/4
969,75,2023,11,4,長水路,チーム,18,4×100mメドレーリレー,女子,72～119歳,103,5:34.47,,4,,2,小林あかり,,セ・成城,35.14,,,,,,,,,5:07.97,,,2/4
970,75,2023,11,4,長水路,チーム,19,4×100mメドレーリレー,男子,240～279歳,271,5:40.94,,1,,1,吉村進,,セ・阿佐谷,46.13,,,,,,,,,4:48.79,4:48.56,4:32.15,1/2
971,75,2023,11,4,長水路,チーム,19,4×100mメドレーリレー,男子,240～279歳,271,5:40.94,,2,,1,村田幸士郎,,セ・阿佐谷,44.84,,,,,,,,,4:48.79,4:48.56,4:32.15,1/2
972,75,2023,11,4,長水路,チーム,19,4×100mメドレーリレー,男子,240～279歳,271,5:40.94,,3,,1,吉原一彦,,セ・阿佐谷,34.00,,,,,,,,,4:48.79,4:48.56,4:32.15,1/2
973,75,2023,11,4,長水路,チーム,19,4×100mメドレーリレー,男子,240～279歳,271,5:40.94,,4,,1,久保田勝己,,セ・阿佐谷,34.72,,,,,,,,,4:48.79,4:48.56,4:32.15,1/2
974,75,2023,11,4,長水路,チーム,19,4×100mメドレーリレー,男子,240～279歳,242,7:35.79,,1,,2,鈴木亨,,ザバス鶴見,54.69,,,,,,,,,4:48.79,4:48.56,4:32.15,1/9
975,75,2023,11,4,長水路,チーム,19,4×100mメドレーリレー,男子,240～279歳,242,7:35.79,,2,,2,齋藤博憲,,ザバス鶴見,50.64,,,,,,,,,4:48.79,4:48.56,4:32.15,1/9
976,75,2023,11,4,長水路,チーム,19,4×100mメドレーリレー,男子,240～279歳,242,7:35.79,,3,,2,櫛田伸彦,,ザバス鶴見,1:19.10,,,,,,,,,4:48.79,4:48.56,4:32.15,1/9
977,75,2023,11,4,長水路,チーム,19,4×100mメドレーリレー,男子,240～279歳,242,7:35.79,,4,,2,高橋正則,,ザバス鶴見,33.41,,,,,,,,,4:48.79,4:48.56,4:32.15,1/9
978,75,2023,11,4,長水路,チーム,19,4×100mメドレーリレー,男子,200～239歳,207,5:22.90,,1,,1,矢作歩,,セ・長津田,37.81,,,,,,,,,4:43.82,4:21.85,4:13.76,1/8
979,75,2023,11,4,長水路,チーム,19,4×100mメドレーリレー,男子,200～239歳,207,5:22.90,,2,,1,星野隆,,セ・長津田,38.13,,,,,,,,,4:43.82,4:21.85,4:13.76,1/8
980,75,2023,11,4,長水路,チーム,19,4×100mメドレーリレー,男子,200～239歳,207,5:22.90,,3,,1,藤本豊和,,セ・長津田,32.45,,,,,,,,,4:43.82,4:21.85,4:13.76,1/8
981,75,2023,11,4,長水路,チーム,19,4×100mメドレーリレー,男子,200～239歳,207,5:22.90,,4,,1,庄司晶,,セ・長津田,40.24,,,,,,,,,4:43.82,4:21.85,4:13.76,1/8
982,75,2023,11,4,長水路,チーム,19,4×100mメドレーリレー,男子,200～239歳,203,5:32.89,,1,,2,杉原祥之,,ザバス鶴見,43.29,,,,,,,,,4:43.82,4:21.85,4:13.76,1/4
983,75,2023,11,4,長水路,チーム,19,4×100mメドレーリレー,男子,200～239歳,203,5:32.89,,2,,2,加藤俊樹,,ザバス鶴見,44.61,,,,,,,,,4:43.82,4:21.85,4:13.76,1/4
984,75,2023,11,4,長水路,チーム,19,4×100mメドレーリレー,男子,200～239歳,203,5:32.89,,3,,2,十河直樹,,ザバス鶴見,34.43,,,,,,,,,4:43.82,4:21.85,4:13.76,1/4
985,75,2023,11,4,長水路,チーム,19,4×100mメドレーリレー,男子,200～239歳,203,5:32.89,,4,,2,楊華,,ザバス鶴見,35.15,,,,,,,,,4:43.82,4:21.85,4:13.76,1/4
986,75,2023,11,4,長水路,チーム,19,4×100mメドレーリレー,男子,160～199歳,178,4:46.76,,1,,1,木村知行,,セ・二俣川,36.88,,,,,,,,,4:11.57,4:01.27,4:01.27,2/9
987,75,2023,11,4,長水路,チーム,19,4×100mメドレーリレー,男子,160～199歳,178,4:46.76,,2,,1,鶴谷学,,セ・二俣川,34.52,,,,,,,,,4:11.57,4:01.27,4:01.27,2/9
988,75,2023,11,4,長水路,チーム,19,4×100mメドレーリレー,男子,160～199歳,178,4:46.76,,3,,1,堀川広祐,,セ・二俣川,34.91,,,,,,,,,4:11.57,4:01.27,4:01.27,2/9
989,75,2023,11,4,長水路,チーム,19,4×100mメドレーリレー,男子,160～199歳,178,4:46.76,,4,,1,永瀬知之,,セ・二俣川,28.80,,,,,,,,,4:11.57,4:01.27,4:01.27,2/9
990,75,2023,11,4,長水路,チーム,19,4×100mメドレーリレー,男子,160～199歳,161,4:51.88,,1,,2,椎本恭平,,セ・阿佐谷,35.56,,,,,,,,,4:11.57,4:01.27,4:01.27,1/7
991,75,2023,11,4,長水路,チーム,19,4×100mメドレーリレー,男子,160～199歳,161,4:51.88,,1,,2,図師拓千,,セ・阿佐谷,36.25,,,,,,,,,4:11.57,4:01.27,4:01.27,1/7
992,75,2023,11,4,長水路,チーム,19,4×100mメドレーリレー,男子,160～199歳,161,4:51.88,,2,,2,山賀竜馬,,セ・阿佐谷,38.42,,,,,,,,,4:11.57,4:01.27,4:01.27,1/7
993,75,2023,11,4,長水路,チーム,19,4×100mメドレーリレー,男子,160～199歳,161,4:51.88,,2,,2,木村考太,,セ・阿佐谷,36.59,,,,,,,,,4:11.57,4:01.27,4:01.27,1/7
994,75,2023,11,4,長水路,チーム,19,4×100mメドレーリレー,男子,160～199歳,161,4:51.88,,3,,2,和田亮,,セ・阿佐谷,34.11,,,,,,,,,4:11.57,4:01.27,4:01.27,1/7
995,75,2023,11,4,長水路,チーム,19,4×100mメドレーリレー,男子,160～199歳,161,4:51.88,,3,,2,菱川亮太,,セ・阿佐谷,33.74,,,,,,,,,4:11.57,4:01.27,4:01.27,1/7
996,75,2023,11,4,長水路,チーム,19,4×100mメドレーリレー,男子,160～199歳,161,4:51.88,,4,,2,北川貴義,,セ・阿佐谷,30.11,,,,,,,,,4:11.57,4:01.27,4:01.27,1/7
997,75,2023,11,4,長水路,チーム,19,4×100mメドレーリレー,男子,160～199歳,161,4:51.88,,4,,2,山内悠,,セ・阿佐谷,,,,,,,,,,4:11.57,4:01.27,4:01.27,1/7
998,75,2023,11,4,長水路,チーム,19,4×100mメドレーリレー,男子,120～159歳,152,4:26.23,,1,,1,酒井駿,,セ・二俣川,35.18,,,,,,,,,4:06.23,3:49.75,3:49.75,2/6
999,75,2023,11,4,長水路,チーム,19,4×100mメドレーリレー,男子,120～159歳,152,4:26.23,,2,,1,知見邦彦,,セ・二俣川,34.56,,,,,,,,,4:06.23,3:49.75,3:49.75,2/6
1000,75,2023,11,4,長水路,チーム,19,4×100mメドレーリレー,男子,120～159歳,152,4:26.23,,3,,1,前田崇行,,セ・二俣川,30.87,,,,,,,,,4:06.23,3:49.75,3:49.75,2/6
1001,75,2023,11,4,長水路,チーム,19,4×100mメドレーリレー,男子,120～159歳,152,4:26.23,,4,,1,前田康輔,,セ・二俣川,26.04,,,,,,,,,4:06.23,3:49.75,3:49.75,2/6
1002,75,2023,11,4,長水路,チーム,19,4×100mメドレーリレー,男子,120～159歳,157,4:33.28,,1,,2,山岡拓馬,,セ・清瀬,29.48,,,,,,,,,4:06.23,3:49.75,3:49.75,2/3
1003,75,2023,11,4,長水路,チーム,19,4×100mメドレーリレー,男子,120～159歳,157,4:33.28,,2,,2,今里昂哉,,セ・清瀬,32.84,,,,,,,,,4:06.23,3:49.75,3:49.75,2/3
1004,75,2023,11,4,長水路,チーム,19,4×100mメドレーリレー,男子,120～159歳,157,4:33.28,,3,,2,小倉秀和,,セ・清瀬,34.78,,,,,,,,,4:06.23,3:49.75,3:49.75,2/3
1005,75,2023,11,4,長水路,チーム,19,4×100mメドレーリレー,男子,120～159歳,157,4:33.28,,4,,2,塚本拓也,,セ・清瀬,28.36,,,,,,,,,4:06.23,3:49.75,3:49.75,2/3
1006,75,2023,11,4,長水路,チーム,19,4×100mメドレーリレー,男子,120～159歳,133,4:41.34,,1,,3,棚網宏之,,セ・阿佐谷,32.57,,,,,,,,,4:06.23,3:49.75,3:49.75,2/2
1007,75,2023,11,4,長水路,チーム,19,4×100mメドレーリレー,男子,120～159歳,133,4:41.34,,2,,3,荒井啓汰,,セ・阿佐谷,34.34,,,,,,,,,4:06.23,3:49.75,3:49.75,2/2
1008,75,2023,11,4,長水路,チーム,19,4×100mメドレーリレー,男子,120～159歳,133,4:41.34,,3,,3,和田弘太郎,,セ・阿佐谷,30.65,,,,,,,,,4:06.23,3:49.75,3:49.75,2/2
1009,75,2023,11,4,長水路,チーム,19,4×100mメドレーリレー,男子,120～159歳,133,4:41.34,,4,,3,吉原憲人,,セ・阿佐谷,30.85,,,,,,,,,4:06.23,3:49.75,3:49.75,2/2
1010,75,2023,11,4,長水路,チーム,19,4×100mメドレーリレー,男子,120～159歳,140,4:43.02,,1,,4,石井翔真,,セ・成城,37.65,,,,,,,,,4:06.23,3:49.75,3:49.75,1/6
1011,75,2023,11,4,長水路,チーム,19,4×100mメドレーリレー,男子,120～159歳,140,4:43.02,,2,,4,石井龍,,セ・成城,38.24,,,,,,,,,4:06.23,3:49.75,3:49.75,1/6
1012,75,2023,11,4,長水路,チーム,19,4×100mメドレーリレー,男子,120～159歳,140,4:43.02,,3,,4,中西剛,,セ・成城,30.15,,,,,,,,,4:06.23,3:49.75,3:49.75,1/6
1013,75,2023,11,4,長水路,チーム,19,4×100mメドレーリレー,男子,120～159歳,140,4:43.02,,4,,4,高梨大樹,,セ・成城,29.27,,,,,,,,,4:06.23,3:49.75,3:49.75,1/6
1014,75,2023,11,4,長水路,チーム,19,4×100mメドレーリレー,男子,120～159歳,130,4:54.05,,1,,5,小野健,,セ・天王洲,35.84,,,,,,,,,4:06.23,3:49.75,3:49.75,1/5
1015,75,2023,11,4,長水路,チーム,19,4×100mメドレーリレー,男子,120～159歳,130,4:54.05,,2,,5,加間英貴,,セ・天王洲,38.41,,,,,,,,,4:06.23,3:49.75,3:49.75,1/5
1016,75,2023,11,4,長水路,チーム,19,4×100mメドレーリレー,男子,120～159歳,130,4:54.05,,3,,5,倉持公一,,セ・天王洲,34.19,,,,,,,,,4:06.23,3:49.75,3:49.75,1/5
1017,75,2023,11,4,長水路,チーム,19,4×100mメドレーリレー,男子,120～159歳,130,4:54.05,,4,,5,寺田遼太,,セ・天王洲,30.64,,,,,,,,,4:06.23,3:49.75,3:49.75,1/5
1018,75,2023,11,4,長水路,チーム,19,4×100mメドレーリレー,男子,120～159歳,151,5:14.56,,1,,6,野間隼翔,,ザバス鶴見,38.39,,,,,,,,,4:06.23,3:49.75,3:49.75,2/4
1019,75,2023,11,4,長水路,チーム,19,4×100mメドレーリレー,男子,120～159歳,151,5:14.56,,2,,6,横山大志,,ザバス鶴見,37.73,,,,,,,,,4:06.23,3:49.75,3:49.75,2/4
1020,75,2023,11,4,長水路,チーム,19,4×100mメドレーリレー,男子,120～159歳,151,5:14.56,,3,,6,酒井和也,,ザバス鶴見,34.45,,,,,,,,,4:06.23,3:49.75,3:49.75,2/4
1021,75,2023,11,4,長水路,チーム,19,4×100mメドレーリレー,男子,120～159歳,151,5:14.56,,4,,6,永井由隆,,ザバス鶴見,34.83,,,,,,,,,4:06.23,3:49.75,3:49.75,2/4
1022,75,2023,11,4,長水路,チーム,19,4×100mメドレーリレー,男子,72～119歳,85,4:14.22,,1,,1,宮川ガブリエル拓実,,セ・慶應日吉,31.51,,,,,,,,,3:59.80,,,1/3
1023,75,2023,11,4,長水路,チーム,19,4×100mメドレーリレー,男子,72～119歳,85,4:14.22,,2,,1,コリガンシェイ颯介,,セ・慶應日吉,34.09,,,,,,,,,3:59.80,,,1/3
1024,75,2023,11,4,長水路,チーム,19,4×100mメドレーリレー,男子,72～119歳,85,4:14.22,,3,,1,菅原啓,,セ・慶應日吉,28.01,,,,,,,,,3:59.80,,,1/3
1025,75,2023,11,4,長水路,チーム,19,4×100mメドレーリレー,男子,72～119歳,85,4:14.22,,4,,1,石田虎流,,セ・慶應日吉,25.22,,,,,,,,,3:59.80,,,1/3
1026,75,2023,11,4,長水路,チーム,19,4×100mメドレーリレー,男子,72～119歳,91,4:40.28,,1,,2,千葉諒太,,ザバス鶴見,35.53,,,,,,,,,3:59.80,,,2/5
1027,75,2023,11,4,長水路,チーム,19,4×100mメドレーリレー,男子,72～119歳,91,4:40.28,,2,,2,鮫島晴生,,ザバス鶴見,39.71,,,,,,,,,3:59.80,,,2/5
1028,75,2023,11,4,長水路,チーム,19,4×100mメドレーリレー,男子,72～119歳,91,4:40.28,,3,,2,瀧田優磨,,ザバス鶴見,29.59,,,,,,,,,3:59.80,,,2/5
1029,75,2023,11,4,長水路,チーム,19,4×100mメドレーリレー,男子,72～119歳,91,4:40.28,,3,,2,/3,,ザバス鶴見,,,,,,,,,,3:59.80,,,2/5
1030,75,2023,11,4,長水路,チーム,19,4×100mメドレーリレー,男子,72～119歳,91,4:40.28,,4,,2,西山遼,,ザバス鶴見,29.43,,,,,,,,,3:59.80,,,2/5
1031,75,2023,11,4,長水路,チーム,19,4×100mメドレーリレー,男子,72～119歳,99,4:43.54,,1,,3,新福留広貴,,セ・二俣川,37.94,,,,,,,,,3:59.80,,,2/7
1032,75,2023,11,4,長水路,チーム,19,4×100mメドレーリレー,男子,72～119歳,99,4:43.54,,1,,3,/4,,セ・二俣川,,,,,,,,,,3:59.80,,,2/7
1033,75,2023,11,4,長水路,チーム,19,4×100mメドレーリレー,男子,72～119歳,99,4:43.54,,2,,3,田中壮一郎,,セ・二俣川,35.99,,,,,,,,,3:59.80,,,2/7
1034,75,2023,11,4,長水路,チーム,19,4×100mメドレーリレー,男子,72～119歳,99,4:43.54,,3,,3,山﨑陸真,,セ・二俣川,29.61,,,,,,,,,3:59.80,,,2/7
1035,75,2023,11,4,長水路,チーム,19,4×100mメドレーリレー,男子,72～119歳,99,4:43.54,,4,,3,秋澤裕介,,セ・二俣川,28.22,,,,,,,,,3:59.80,,,2/7
1036,75,2023,11,4,長水路,チーム,24,4×50mフリーリレー,混合,320～359歳,321,3:22.45,,1,,1,畠山敏雄,,ザバス鶴見,57.97,,,,,,,,,3:07.41,2:37.10,2:35.97,1/2
1037,75,2023,11,4,長水路,チーム,24,4×50mフリーリレー,混合,320～359歳,321,3:22.45,,2,,1,永島郁子,,ザバス鶴見,37.39,,,,,,,,,3:07.41,2:37.10,2:35.97,1/2
1038,75,2023,11,4,長水路,チーム,24,4×50mフリーリレー,混合,320～359歳,321,3:22.45,,3,,1,岡崎富美子,,ザバス鶴見,1:13.04,,,,,,,,,3:07.41,2:37.10,2:35.97,1/2
1039,75,2023,11,4,長水路,チーム,24,4×50mフリーリレー,混合,320～359歳,321,3:22.45,,4,,1,田邊英一,,ザバス鶴見,34.05,,,,,,,,,3:07.41,2:37.10,2:35.97,1/2
1040,75,2023,11,4,長水路,チーム,24,4×50mフリーリレー,混合,280～319歳,281,2:24.46,,1,,1,吉村進,,セ・阿佐谷,36.55,,,,,,,,TRUE,2:35.42,2:13.73,2:03.33,3/6
1041,75,2023,11,4,長水路,チーム,24,4×50mフリーリレー,混合,280～319歳,281,2:24.46,,2,,1,松本琴江,,セ・阿佐谷,40.67,,,,,,,,TRUE,2:35.42,2:13.73,2:03.33,3/6
1042,75,2023,11,4,長水路,チーム,24,4×50mフリーリレー,混合,280～319歳,281,2:24.46,,3,,1,近藤則子,,セ・阿佐谷,37.80,,,,,,,,TRUE,2:35.42,2:13.73,2:03.33,3/6
1043,75,2023,11,4,長水路,チーム,24,4×50mフリーリレー,混合,280～319歳,281,2:24.46,,4,,1,吉原一彦,,セ・阿佐谷,29.44,,,,,,,,TRUE,2:35.42,2:13.73,2:03.33,3/6
1044,75,2023,11,4,長水路,チーム,24,4×50mフリーリレー,混合,280～319歳,283,2:32.77,,1,,2,田代真理子,,セ・成城,41.52,,,,,,,,TRUE,2:35.42,2:13.73,2:03.33,2/7
1045,75,2023,11,4,長水路,チーム,24,4×50mフリーリレー,混合,280～319歳,283,2:32.77,,2,,2,吉野治子,,セ・成城,40.07,,,,,,,,TRUE,2:35.42,2:13.73,2:03.33,2/7
1046,75,2023,11,4,長水路,チーム,24,4×50mフリーリレー,混合,280～319歳,283,2:32.77,,3,,2,吉田亮,,セ・成城,36.30,,,,,,,,TRUE,2:35.42,2:13.73,2:03.33,2/7
1047,75,2023,11,4,長水路,チーム,24,4×50mフリーリレー,混合,280～319歳,283,2:32.77,,4,,2,若宮強,,セ・成城,34.88,,,,,,,,TRUE,2:35.42,2:13.73,2:03.33,2/7
1048,75,2023,11,4,長水路,チーム,24,4×50mフリーリレー,混合,280～319歳,288,2:53.96,,1,,3,泉保央,,セ・慶應日吉,49.64,,,,,,,,,2:35.42,2:13.73,2:03.33,1/6
1049,75,2023,11,4,長水路,チーム,24,4×50mフリーリレー,混合,280～319歳,288,2:53.96,,2,,3,小田稔,,セ・慶應日吉,45.20,,,,,,,,,2:35.42,2:13.73,2:03.33,1/6
1050,75,2023,11,4,長水路,チーム,24,4×50mフリーリレー,混合,280～319歳,288,2:53.96,,3,,3,森谷登志江,,セ・慶應日吉,40.68,,,,,,,,,2:35.42,2:13.73,2:03.33,1/6
1051,75,2023,11,4,長水路,チーム,24,4×50mフリーリレー,混合,280～319歳,288,2:53.96,,4,,3,井手敦子,,セ・慶應日吉,38.44,,,,,,,,,2:35.42,2:13.73,2:03.33,1/6
1052,75,2023,11,4,長水路,チーム,24,4×50mフリーリレー,混合,240～279歳,244,2:12.97,,1,,1,菊池千二,,セ・市ヶ尾,29.86,,,,,,,,,2:01.69,1:56.75,1:54.54,5/9
1053,75,2023,11,4,長水路,チーム,24,4×50mフリーリレー,混合,240～279歳,244,2:12.97,,2,,1,綿貫麻衣子,,セ・市ヶ尾,31.14,,,,,,,,,2:01.69,1:56.75,1:54.54,5/9
1054,75,2023,11,4,長水路,チーム,24,4×50mフリーリレー,混合,240～279歳,244,2:12.97,,3,,1,井上隆史,,セ・市ヶ尾,42.83,,,,,,,,,2:01.69,1:56.75,1:54.54,5/9
1055,75,2023,11,4,長水路,チーム,24,4×50mフリーリレー,混合,240～279歳,244,2:12.97,,4,,1,池田百合子,,セ・市ヶ尾,29.14,,,,,,,,,2:01.69,1:56.75,1:54.54,5/9
1056,75,2023,11,4,長水路,チーム,24,4×50mフリーリレー,混合,240～279歳,250,2:15.18,,1,,2,入江潤,,セ・二俣川,31.49,,,,,,,,,2:01.69,1:56.75,1:54.54,4/3
1057,75,2023,11,4,長水路,チーム,24,4×50mフリーリレー,混合,240～279歳,250,2:15.18,,2,,2,武井麻知子,,セ・二俣川,35.76,,,,,,,,,2:01.69,1:56.75,1:54.54,4/3
1058,75,2023,11,4,長水路,チーム,24,4×50mフリーリレー,混合,240～279歳,250,2:15.18,,3,,2,永瀬秀子,,セ・二俣川,32.25,,,,,,,,,2:01.69,1:56.75,1:54.54,4/3
1059,75,2023,11,4,長水路,チーム,24,4×50mフリーリレー,混合,240～279歳,250,2:15.18,,4,,2,若島健二,,セ・二俣川,35.68,,,,,,,,,2:01.69,1:56.75,1:54.54,4/3
1060,75,2023,11,4,長水路,チーム,24,4×50mフリーリレー,混合,240～279歳,245,2:15.54,,1,,3,井口暢彦,,セ・成城,27.41,,,,,,,,,2:01.69,1:56.75,1:54.54,4/6
1061,75,2023,11,4,長水路,チーム,24,4×50mフリーリレー,混合,240～279歳,245,2:15.54,,2,,3,高柳祐子,,セ・成城,34.79,,,,,,,,,2:01.69,1:56.75,1:54.54,4/6
1062,75,2023,11,4,長水路,チーム,24,4×50mフリーリレー,混合,240～279歳,245,2:15.54,,2,,3,/8,,セ・成城,,,,,,,,,,2:01.69,1:56.75,1:54.54,4/6
1063,75,2023,11,4,長水路,チーム,24,4×50mフリーリレー,混合,240～279歳,245,2:15.54,,3,,3,高梨美樹,,セ・成城,38.06,,,,,,,,,2:01.69,1:56.75,1:54.54,4/6
1064,75,2023,11,4,長水路,チーム,24,4×50mフリーリレー,混合,240～279歳,245,2:15.54,,4,,3,木津誠,,セ・成城,35.28,,,,,,,,,2:01.69,1:56.75,1:54.54,4/6
1065,75,2023,11,4,長水路,チーム,24,4×50mフリーリレー,混合,240～279歳,240,2:18.79,,1,,4,高坂俊一郎,,セ・西新井,28.50,,,,,,,,,2:01.69,1:56.75,1:54.54,4/10
1066,75,2023,11,4,長水路,チーム,24,4×50mフリーリレー,混合,240～279歳,240,2:18.79,,2,,4,水谷裕子,,セ・西新井,44.69,,,,,,,,,2:01.69,1:56.75,1:54.54,4/10
1067,75,2023,11,4,長水路,チーム,24,4×50mフリーリレー,混合,240～279歳,240,2:18.79,,3,,4,安藤薫,,セ・西新井,37.28,,,,,,,,,2:01.69,1:56.75,1:54.54,4/10
1068,75,2023,11,4,長水路,チーム,24,4×50mフリーリレー,混合,240～279歳,240,2:18.79,,4,,4,浅田浩司,,セ・西新井,28.32,,,,,,,,,2:01.69,1:56.75,1:54.54,4/10
1069,75,2023,11,4,長水路,チーム,24,4×50mフリーリレー,混合,240～279歳,247,2:24.32,,1,,5,藤田理,,セ・成瀬,30.45,,,,,,,,,2:01.69,1:56.75,1:54.54,3/5
1070,75,2023,11,4,長水路,チーム,24,4×50mフリーリレー,混合,240～279歳,247,2:24.32,,2,,5,米澤美智子,,セ・成瀬,41.32,,,,,,,,,2:01.69,1:56.75,1:54.54,3/5
1071,75,2023,11,4,長水路,チーム,24,4×50mフリーリレー,混合,240～279歳,247,2:24.32,,3,,5,中平信子,,セ・成瀬,40.21,,,,,,,,,2:01.69,1:56.75,1:54.54,3/5
1072,75,2023,11,4,長水路,チーム,24,4×50mフリーリレー,混合,240～279歳,247,2:24.32,,4,,5,金子謙一,,セ・成瀬,32.34,,,,,,,,,2:01.69,1:56.75,1:54.54,3/5
1073,75,2023,11,4,長水路,チーム,24,4×50mフリーリレー,混合,240～279歳,240,2:27.02,,1,,6,原田真,,セ・葛西,31.59,,,,,,,,,2:01.69,1:56.75,1:54.54,3/8
1074,75,2023,11,4,長水路,チーム,24,4×50mフリーリレー,混合,240～279歳,240,2:27.02,,2,,6,青砥美智子,,セ・葛西,41.52,,,,,,,,,2:01.69,1:56.75,1:54.54,3/8
1075,75,2023,11,4,長水路,チーム,24,4×50mフリーリレー,混合,240～279歳,240,2:27.02,,3,,6,佐藤淳子,,セ・葛西,43.54,,,,,,,,,2:01.69,1:56.75,1:54.54,3/8
1076,75,2023,11,4,長水路,チーム,24,4×50mフリーリレー,混合,240～279歳,240,2:27.02,,4,,6,宮木幸彦,,セ・葛西,30.37,,,,,,,,,2:01.69,1:56.75,1:54.54,3/8
1077,75,2023,11,4,長水路,チーム,24,4×50mフリーリレー,混合,240～279歳,241,2:28.90,,1,,7,久保卓士,,セ・天王洲,30.58,,,,,,,,,2:01.69,1:56.75,1:54.54,3/10
1078,75,2023,11,4,長水路,チーム,24,4×50mフリーリレー,混合,240～279歳,241,2:28.90,,2,,7,櫻田琴,,セ・天王洲,43.06,,,,,,,,,2:01.69,1:56.75,1:54.54,3/10
1079,75,2023,11,4,長水路,チーム,24,4×50mフリーリレー,混合,240～279歳,241,2:28.90,,3,,7,梅田栄己子,,セ・天王洲,41.65,,,,,,,,,2:01.69,1:56.75,1:54.54,3/10
1080,75,2023,11,4,長水路,チーム,24,4×50mフリーリレー,混合,240～279歳,241,2:28.90,,4,,7,千葉忠英,,セ・天王洲,33.61,,,,,,,,,2:01.69,1:56.75,1:54.54,3/10
1081,75,2023,11,4,長水路,チーム,24,4×50mフリーリレー,混合,240～279歳,244,2:32.22,,1,,8,池谷千尋,,セ・長津田,31.00,,,,,,,,,2:01.69,1:56.75,1:54.54,3/2
1082,75,2023,11,4,長水路,チーム,24,4×50mフリーリレー,混合,240～279歳,244,2:32.22,,2,,8,庄司晶,,セ・長津田,36.14,,,,,,,,,2:01.69,1:56.75,1:54.54,3/2
1083,75,2023,11,4,長水路,チーム,24,4×50mフリーリレー,混合,240～279歳,244,2:32.22,,3,,8,久保とし子,,セ・長津田,42.32,,,,,,,,,2:01.69,1:56.75,1:54.54,3/2
1084,75,2023,11,4,長水路,チーム,24,4×50mフリーリレー,混合,240～279歳,244,2:32.22,,4,,8,三沢弘美,,セ・長津田,42.76,,,,,,,,,2:01.69,1:56.75,1:54.54,3/2
1085,75,2023,11,4,長水路,チーム,24,4×50mフリーリレー,混合,240～279歳,246,2:44.35,,1,,9,信賀志乃,,ザバス鶴見,42.82,,,,,,,,,2:01.69,1:56.75,1:54.54,1/5
1086,75,2023,11,4,長水路,チーム,24,4×50mフリーリレー,混合,240～279歳,246,2:44.35,,2,,9,藤枝康子,,ザバス鶴見,39.30,,,,,,,,,2:01.69,1:56.75,1:54.54,1/5
1087,75,2023,11,4,長水路,チーム,24,4×50mフリーリレー,混合,240～279歳,246,2:44.35,,3,,9,秋山和弘,,ザバス鶴見,46.95,,,,,,,,,2:01.69,1:56.75,1:54.54,1/5
1088,75,2023,11,4,長水路,チーム,24,4×50mフリーリレー,混合,240～279歳,246,2:44.35,,4,,9,齋藤博憲,,ザバス鶴見,35.28,,,,,,,,,2:01.69,1:56.75,1:54.54,1/5
1089,75,2023,11,4,長水路,チーム,24,4×50mフリーリレー,混合,240～279歳,244,2:44.86,,1,,10,中井岳郎,,セ・成城,36.49,,,,,,,,,2:01.69,1:56.75,1:54.54,2/3
1090,75,2023,11,4,長水路,チーム,24,4×50mフリーリレー,混合,240～279歳,244,2:44.86,,2,,10,柳沢智子,,セ・成城,45.07,,,,,,,,,2:01.69,1:56.75,1:54.54,2/3
1091,75,2023,11,4,長水路,チーム,24,4×50mフリーリレー,混合,240～279歳,244,2:44.86,,3,,10,草森理子,,セ・成城,41.68,,,,,,,,,2:01.69,1:56.75,1:54.54,2/3
1092,75,2023,11,4,長水路,チーム,24,4×50mフリーリレー,混合,240～279歳,244,2:44.86,,4,,10,安部盛博,,セ・成城,41.62,,,,,,,,,2:01.69,1:56.75,1:54.54,2/3
1093,75,2023,11,4,長水路,チーム,24,4×50mフリーリレー,混合,240～279歳,273,2:52.63,,1,,11,小山三千生,,セ・清瀬,38.94,,,,,,,,,2:01.69,1:56.75,1:54.54,1/4
1094,75,2023,11,4,長水路,チーム,24,4×50mフリーリレー,混合,240～279歳,273,2:52.63,,2,,11,古平正美,,セ・清瀬,50.25,,,,,,,,,2:01.69,1:56.75,1:54.54,1/4
1095,75,2023,11,4,長水路,チーム,24,4×50mフリーリレー,混合,240～279歳,273,2:52.63,,3,,11,馬場悦子,,セ・清瀬,48.25,,,,,,,,,2:01.69,1:56.75,1:54.54,1/4
1096,75,2023,11,4,長水路,チーム,24,4×50mフリーリレー,混合,240～279歳,273,2:52.63,,4,,11,吉澤隆,,セ・清瀬,35.19,,,,,,,,,2:01.69,1:56.75,1:54.54,1/4
1097,75,2023,11,4,長水路,チーム,24,4×50mフリーリレー,混合,200～239歳,204,2:04.02,,1,,1,吉田舞,,ザバス鶴見,30.58,,,,,,,,,1:56.75,1:49.36,1:44.96,5/6
1098,75,2023,11,4,長水路,チーム,24,4×50mフリーリレー,混合,200～239歳,204,2:04.02,,2,,1,田村美香子,,ザバス鶴見,36.54,,,,,,,,,1:56.75,1:49.36,1:44.96,5/6
1099,75,2023,11,4,長水路,チーム,24,4×50mフリーリレー,混合,200～239歳,204,2:04.02,,3,,1,古澤弘幸,,ザバス鶴見,26.58,,,,,,,,,1:56.75,1:49.36,1:44.96,5/6
1100,75,2023,11,4,長水路,チーム,24,4×50mフリーリレー,混合,200～239歳,204,2:04.02,,4,,1,杉原祥之,,ザバス鶴見,30.32,,,,,,,,,1:56.75,1:49.36,1:44.96,5/6
1101,75,2023,11,4,長水路,チーム,24,4×50mフリーリレー,混合,200～239歳,216,2:04.77,,1,,2,花木尚美,,セ・大宮宮原,33.40,,,,,,,,,1:56.75,1:49.36,1:44.96,5/5
1102,75,2023,11,4,長水路,チーム,24,4×50mフリーリレー,混合,200～239歳,216,2:04.77,,2,,2,宮川則仁,,セ・大宮宮原,29.94,,,,,,,,,1:56.75,1:49.36,1:44.96,5/5
1103,75,2023,11,4,長水路,チーム,24,4×50mフリーリレー,混合,200～239歳,216,2:04.77,,3,,2,若林朋子,,セ・大宮宮原,34.29,,,,,,,,,1:56.75,1:49.36,1:44.96,5/5
1104,75,2023,11,4,長水路,チーム,24,4×50mフリーリレー,混合,200～239歳,216,2:04.77,,4,,2,阿部憲一,,セ・大宮宮原,27.14,,,,,,,,,1:56.75,1:49.36,1:44.96,5/5
1105,75,2023,11,4,長水路,チーム,24,4×50mフリーリレー,混合,200～239歳,200,2:05.31,,1,,3,畑田佳代,,セ・阿佐谷,32.35,,,,,,,,,1:56.75,1:49.36,1:44.96,6/4
1106,75,2023,11,4,長水路,チーム,24,4×50mフリーリレー,混合,200～239歳,200,2:05.31,,2,,3,石原なおみ,,セ・阿佐谷,36.79,,,,,,,,,1:56.75,1:49.36,1:44.96,6/4
1107,75,2023,11,4,長水路,チーム,24,4×50mフリーリレー,混合,200～239歳,200,2:05.31,,3,,3,若杉佳宏,,セ・阿佐谷,30.34,,,,,,,,,1:56.75,1:49.36,1:44.96,6/4
1108,75,2023,11,4,長水路,チーム,24,4×50mフリーリレー,混合,200～239歳,200,2:05.31,,4,,3,和田弘太郎,,セ・阿佐谷,25.83,,,,,,,,,1:56.75,1:49.36,1:44.96,6/4
1109,75,2023,11,4,長水路,チーム,24,4×50mフリーリレー,混合,200～239歳,205,2:09.67,,1,,4,堀川広祐,,セ・二俣川,28.59,,,,,,,,,1:56.75,1:49.36,1:44.96,6/9
1110,75,2023,11,4,長水路,チーム,24,4×50mフリーリレー,混合,200～239歳,205,2:09.67,,2,,4,川村佳代子,,セ・二俣川,35.47,,,,,,,,,1:56.75,1:49.36,1:44.96,6/9
1111,75,2023,11,4,長水路,チーム,24,4×50mフリーリレー,混合,200～239歳,205,2:09.67,,3,,4,中野裕子,,セ・二俣川,37.51,,,,,,,,,1:56.75,1:49.36,1:44.96,6/9
1112,75,2023,11,4,長水路,チーム,24,4×50mフリーリレー,混合,200～239歳,205,2:09.67,,4,,4,知見邦彦,,セ・二俣川,28.10,,,,,,,,,1:56.75,1:49.36,1:44.96,6/9
1113,75,2023,11,4,長水路,チーム,24,4×50mフリーリレー,混合,200～239歳,202,2:12.42,,1,,5,石上智啓,,セ・二俣川,29.18,,,,,,,,,1:56.75,1:49.36,1:44.96,4/8
1114,75,2023,11,4,長水路,チーム,24,4×50mフリーリレー,混合,200～239歳,202,2:12.42,,2,,5,松川律子,,セ・二俣川,36.05,,,,,,,,,1:56.75,1:49.36,1:44.96,4/8
1115,75,2023,11,4,長水路,チーム,24,4×50mフリーリレー,混合,200～239歳,202,2:12.42,,3,,5,是永朋子,,セ・二俣川,40.27,,,,,,,,,1:56.75,1:49.36,1:44.96,4/8
1116,75,2023,11,4,長水路,チーム,24,4×50mフリーリレー,混合,200～239歳,202,2:12.42,,4,,5,永瀬知之,,セ・二俣川,26.92,,,,,,,,,1:56.75,1:49.36,1:44.96,4/8
1117,75,2023,11,4,長水路,チーム,24,4×50mフリーリレー,混合,200～239歳,205,2:15.89,,1,,6,大家萌実,,セ・用賀,33.39,,,,,,,,,1:56.75,1:49.36,1:44.96,5/3
1118,75,2023,11,4,長水路,チーム,24,4×50mフリーリレー,混合,200～239歳,205,2:15.89,,2,,6,西岡祐子,,セ・用賀,40.33,,,,,,,,,1:56.75,1:49.36,1:44.96,5/3
1119,75,2023,11,4,長水路,チーム,24,4×50mフリーリレー,混合,200～239歳,205,2:15.89,,3,,6,古木隆介,,セ・用賀,29.26,,,,,,,,,1:56.75,1:49.36,1:44.96,5/3
1120,75,2023,11,4,長水路,チーム,24,4×50mフリーリレー,混合,200～239歳,205,2:15.89,,4,,6,飯田正敏,,セ・用賀,32.91,,,,,,,,,1:56.75,1:49.36,1:44.96,5/3
1121,75,2023,11,4,長水路,チーム,24,4×50mフリーリレー,混合,200～239歳,201,2:19.93,,1,,7,塚越有宏,,セ・市ヶ尾,33.49,,,,,,,,,1:56.75,1:49.36,1:44.96,4/2
1122,75,2023,11,4,長水路,チーム,24,4×50mフリーリレー,混合,200～239歳,201,2:19.93,,2,,7,白須靖子,,セ・市ヶ尾,38.19,,,,,,,,,1:56.75,1:49.36,1:44.96,4/2
1123,75,2023,11,4,長水路,チーム,24,4×50mフリーリレー,混合,200～239歳,201,2:19.93,,3,,7,高橋麻子,,セ・市ヶ尾,33.74,,,,,,,,,1:56.75,1:49.36,1:44.96,4/2
1124,75,2023,11,4,長水路,チーム,24,4×50mフリーリレー,混合,200～239歳,201,2:19.93,,4,,7,祖川久茂,,セ・市ヶ尾,34.51,,,,,,,,,1:56.75,1:49.36,1:44.96,4/2
1125,75,2023,11,4,長水路,チーム,24,4×50mフリーリレー,混合,200～239歳,216,2:21.62,,1,,8,瀧川一興,,セ・大森,36.24,,,,,,,,,1:56.75,1:49.36,1:44.96,3/9
1126,75,2023,11,4,長水路,チーム,24,4×50mフリーリレー,混合,200～239歳,216,2:21.62,,2,,8,井上美佐子,,セ・大森,40.96,,,,,,,,,1:56.75,1:49.36,1:44.96,3/9
1127,75,2023,11,4,長水路,チーム,24,4×50mフリーリレー,混合,200～239歳,216,2:21.62,,3,,8,高島典子,,セ・大森,38.50,,,,,,,,,1:56.75,1:49.36,1:44.96,3/9
1128,75,2023,11,4,長水路,チーム,24,4×50mフリーリレー,混合,200～239歳,216,2:21.62,,4,,8,高津周平,,セ・大森,25.92,,,,,,,,,1:56.75,1:49.36,1:44.96,3/9
1129,75,2023,11,4,長水路,チーム,24,4×50mフリーリレー,混合,200～239歳,225,2:24.31,,1,,9,吉川重行,,セ・桶川北本,27.27,,,,,,,,,1:56.75,1:49.36,1:44.96,2/8
1130,75,2023,11,4,長水路,チーム,24,4×50mフリーリレー,混合,200～239歳,225,2:24.31,,2,,9,梅澤亮子,,セ・桶川北本,33.05,,,,,,,,,1:56.75,1:49.36,1:44.96,2/8
1131,75,2023,11,4,長水路,チーム,24,4×50mフリーリレー,混合,200～239歳,225,2:24.31,,3,,9,大熊正子,,セ・桶川北本,44.96,,,,,,,,,1:56.75,1:49.36,1:44.96,2/8
1132,75,2023,11,4,長水路,チーム,24,4×50mフリーリレー,混合,200～239歳,225,2:24.31,,4,,9,成瀬道治,,セ・桶川北本,39.03,,,,,,,,,1:56.75,1:49.36,1:44.96,2/8
1133,75,2023,11,4,長水路,チーム,24,4×50mフリーリレー,混合,200～239歳,225,2:24.31,,4,,9,/8,,セ・桶川北本,,,,,,,,,,1:56.75,1:49.36,1:44.96,2/8
1134,75,2023,11,4,長水路,チーム,24,4×50mフリーリレー,混合,200～239歳,217,2:24.36,,1,,10,菅野泰子,,セ・松戸,35.26,,,,,,,,,1:56.75,1:49.36,1:44.96,3/3
1135,75,2023,11,4,長水路,チーム,24,4×50mフリーリレー,混合,200～239歳,217,2:24.36,,2,,10,和田祐児,,セ・松戸,33.68,,,,,,,,,1:56.75,1:49.36,1:44.96,3/3
1136,75,2023,11,4,長水路,チーム,24,4×50mフリーリレー,混合,200～239歳,217,2:24.36,,3,,10,及川薫,,セ・松戸,37.80,,,,,,,,,1:56.75,1:49.36,1:44.96,3/3
1137,75,2023,11,4,長水路,チーム,24,4×50mフリーリレー,混合,200～239歳,217,2:24.36,,4,,10,バーンズノーマンウィ！,,セ・松戸,37.62,,,,,,,,,1:56.75,1:49.36,1:44.96,3/3
1138,75,2023,11,4,長水路,チーム,24,4×50mフリーリレー,混合,200～239歳,218,2:24.52,,1,,11,佐伯康子,,ザバス鶴見,37.63,,,,,,,,,1:56.75,1:49.36,1:44.96,3/7
1139,75,2023,11,4,長水路,チーム,24,4×50mフリーリレー,混合,200～239歳,218,2:24.52,,2,,11,沢井由季子,,ザバス鶴見,38.96,,,,,,,,,1:56.75,1:49.36,1:44.96,3/7
1140,75,2023,11,4,長水路,チーム,24,4×50mフリーリレー,混合,200～239歳,218,2:24.52,,3,,11,保坂巨成,,ザバス鶴見,34.71,,,,,,,,,1:56.75,1:49.36,1:44.96,3/7
1141,75,2023,11,4,長水路,チーム,24,4×50mフリーリレー,混合,200～239歳,218,2:24.52,,4,,11,楊華,,ザバス鶴見,33.22,,,,,,,,,1:56.75,1:49.36,1:44.96,3/7
1142,75,2023,11,4,長水路,チーム,24,4×50mフリーリレー,混合,200～239歳,211,2:28.33,,1,,12,芳賀加代子,,セ・南青山,35.05,,,,,,,,,1:56.75,1:49.36,1:44.96,2/4
1143,75,2023,11,4,長水路,チーム,24,4×50mフリーリレー,混合,200～239歳,211,2:28.33,,2,,12,國政玲,,セ・南青山,42.24,,,,,,,,,1:56.75,1:49.36,1:44.96,2/4
1144,75,2023,11,4,長水路,チーム,24,4×50mフリーリレー,混合,200～239歳,211,2:28.33,,3,,12,岸田孝,,セ・南青山,39.75,,,,,,,,,1:56.75,1:49.36,1:44.96,2/4
1145,75,2023,11,4,長水路,チーム,24,4×50mフリーリレー,混合,200～239歳,211,2:28.33,,4,,12,山賀勝之,,セ・南青山,31.29,,,,,,,,,1:56.75,1:49.36,1:44.96,2/4
1146,75,2023,11,4,長水路,チーム,24,4×50mフリーリレー,混合,200～239歳,203,2:28.84,,1,,13,松井哲郎,,セ・大森,32.95,,,,,,,,,1:56.75,1:49.36,1:44.96,2/2
1147,75,2023,11,4,長水路,チーム,24,4×50mフリーリレー,混合,200～239歳,203,2:28.84,,2,,13,森信子,,セ・大森,42.56,,,,,,,,,1:56.75,1:49.36,1:44.96,2/2
1148,75,2023,11,4,長水路,チーム,24,4×50mフリーリレー,混合,200～239歳,203,2:28.84,,3,,13,小林名緒子,,セ・大森,43.21,,,,,,,,,1:56.75,1:49.36,1:44.96,2/2
1149,75,2023,11,4,長水路,チーム,24,4×50mフリーリレー,混合,200～239歳,203,2:28.84,,4,,13,町田克浩,,セ・大森,30.12,,,,,,,,,1:56.75,1:49.36,1:44.96,2/2
1150,75,2023,11,4,長水路,チーム,24,4×50mフリーリレー,混合,200～239歳,231,2:29.14,,1,,14,近藤正之,,セ・上池袋,34.53,,,,,,,,,1:56.75,1:49.36,1:44.96,2/9
1151,75,2023,11,4,長水路,チーム,24,4×50mフリーリレー,混合,200～239歳,231,2:29.14,,2,,14,窪田久恵,,セ・上池袋,41.28,,,,,,,,,1:56.75,1:49.36,1:44.96,2/9
1152,75,2023,11,4,長水路,チーム,24,4×50mフリーリレー,混合,200～239歳,231,2:29.14,,3,,14,磯村麻衣子,,セ・上池袋,40.48,,,,,,,,,1:56.75,1:49.36,1:44.96,2/9
1153,75,2023,11,4,長水路,チーム,24,4×50mフリーリレー,混合,200～239歳,231,2:29.14,,4,,14,廣本佳也,,セ・上池袋,32.85,,,,,,,,,1:56.75,1:49.36,1:44.96,2/9
1154,75,2023,11,4,長水路,チーム,24,4×50mフリーリレー,混合,200～239歳,214,2:30.74,,1,,15,山田耕一,,セ・清瀬,31.37,,,,,,,,,1:56.75,1:49.36,1:44.96,3/4
1155,75,2023,11,4,長水路,チーム,24,4×50mフリーリレー,混合,200～239歳,214,2:30.74,,2,,15,多田美帆,,セ・清瀬,50.37,,,,,,,,,1:56.75,1:49.36,1:44.96,3/4
1156,75,2023,11,4,長水路,チーム,24,4×50mフリーリレー,混合,200～239歳,214,2:30.74,,3,,15,岡田眞弓,,セ・清瀬,40.58,,,,,,,,,1:56.75,1:49.36,1:44.96,3/4
1157,75,2023,11,4,長水路,チーム,24,4×50mフリーリレー,混合,200～239歳,214,2:30.74,,4,,15,村野雄太,,セ・清瀬,28.42,,,,,,,,,1:56.75,1:49.36,1:44.96,3/4
1158,75,2023,11,4,長水路,チーム,24,4×50mフリーリレー,混合,200～239歳,239,2:32.09,,1,,16,松下達一,,セ・成城,44.20,,,,,,,,,1:56.75,1:49.36,1:44.96,5/2
1159,75,2023,11,4,長水路,チーム,24,4×50mフリーリレー,混合,200～239歳,239,2:32.09,,2,,16,佐藤洋子,,セ・成城,36.74,,,,,,,,,1:56.75,1:49.36,1:44.96,5/2
1160,75,2023,11,4,長水路,チーム,24,4×50mフリーリレー,混合,200～239歳,239,2:32.09,,3,,16,仲田久美子,,セ・成城,35.30,,,,,,,,,1:56.75,1:49.36,1:44.96,5/2
1161,75,2023,11,4,長水路,チーム,24,4×50mフリーリレー,混合,200～239歳,239,2:32.09,,4,,16,丸山恵太,,セ・成城,35.85,,,,,,,,,1:56.75,1:49.36,1:44.96,5/2
1162,75,2023,11,4,長水路,チーム,24,4×50mフリーリレー,混合,200～239歳,232,2:34.23,,1,,17,浦田昌和,,セ・成城,39.37,,,,,,,,,1:56.75,1:49.36,1:44.96,4/4
1163,75,2023,11,4,長水路,チーム,24,4×50mフリーリレー,混合,200～239歳,232,2:34.23,,2,,17,伊藤ゆかり,,セ・成城,39.73,,,,,,,,,1:56.75,1:49.36,1:44.96,4/4
1164,75,2023,11,4,長水路,チーム,24,4×50mフリーリレー,混合,200～239歳,232,2:34.23,,3,,17,松田聡美,,セ・成城,44.18,,,,,,,,,1:56.75,1:49.36,1:44.96,4/4
1165,75,2023,11,4,長水路,チーム,24,4×50mフリーリレー,混合,200～239歳,232,2:34.23,,4,,17,羽田浩一,,セ・成城,30.95,,,,,,,,,1:56.75,1:49.36,1:44.96,4/4
1166,75,2023,11,4,長水路,チーム,24,4×50mフリーリレー,混合,160～199歳,164,1:54.86,,1,,1,藤本豊和,,セ・長津田,28.67,,,,,,,,,1:54.40,1:44.31,1:42.27,7/7
1167,75,2023,11,4,長水路,チーム,24,4×50mフリーリレー,混合,160～199歳,164,1:54.86,,2,,1,矢作歩,,セ・長津田,28.14,,,,,,,,,1:54.40,1:44.31,1:42.27,7/7
1168,75,2023,11,4,長水路,チーム,24,4×50mフリーリレー,混合,160～199歳,164,1:54.86,,3,,1,吉村華余,,セ・長津田,29.08,,,,,,,,,1:54.40,1:44.31,1:42.27,7/7
1169,75,2023,11,4,長水路,チーム,24,4×50mフリーリレー,混合,160～199歳,164,1:54.86,,4,,1,宍戸萌,,セ・長津田,28.97,,,,,,,,,1:54.40,1:44.31,1:42.27,7/7
1170,75,2023,11,4,長水路,チーム,24,4×50mフリーリレー,混合,160～199歳,183,1:58.03,,1,,2,植村匡詞,,セ・千葉みなと,27.21,,,,,,,,,1:54.40,1:44.31,1:42.27,7/2
1171,75,2023,11,4,長水路,チーム,24,4×50mフリーリレー,混合,160～199歳,183,1:58.03,,2,,2,瀧本英樹,,セ・千葉みなと,27.46,,,,,,,,,1:54.40,1:44.31,1:42.27,7/2
1172,75,2023,11,4,長水路,チーム,24,4×50mフリーリレー,混合,160～199歳,183,1:58.03,,3,,2,小谷佐織,,セ・千葉みなと,32.51,,,,,,,,,1:54.40,1:44.31,1:42.27,7/2
1173,75,2023,11,4,長水路,チーム,24,4×50mフリーリレー,混合,160～199歳,183,1:58.03,,4,,2,片岡祥子,,セ・千葉みなと,30.85,,,,,,,,,1:54.40,1:44.31,1:42.27,7/2
1174,75,2023,11,4,長水路,チーム,24,4×50mフリーリレー,混合,160～199歳,163,1:59.42,,1,,3,前田崇行,,セ・二俣川,26.28,,,,,,,,,1:54.40,1:44.31,1:42.27,6/5
1175,75,2023,11,4,長水路,チーム,24,4×50mフリーリレー,混合,160～199歳,163,1:59.42,,2,,3,草野茜,,セ・二俣川,33.33,,,,,,,,,1:54.40,1:44.31,1:42.27,6/5
1176,75,2023,11,4,長水路,チーム,24,4×50mフリーリレー,混合,160～199歳,163,1:59.42,,3,,3,前田由希映,,セ・二俣川,36.25,,,,,,,,,1:54.40,1:44.31,1:42.27,6/5
1177,75,2023,11,4,長水路,チーム,24,4×50mフリーリレー,混合,160～199歳,163,1:59.42,,4,,3,前田康輔,,セ・二俣川,23.56,,,,,,,,,1:54.40,1:44.31,1:42.27,6/5
1178,75,2023,11,4,長水路,チーム,24,4×50mフリーリレー,混合,160～199歳,189,2:00.98,,1,,4,石井龍,,セ・成城,27.39,,,,,,,,,1:54.40,1:44.31,1:42.27,7/9
1179,75,2023,11,4,長水路,チーム,24,4×50mフリーリレー,混合,160～199歳,189,2:00.98,,2,,4,村上守,,セ・成城,28.61,,,,,,,,,1:54.40,1:44.31,1:42.27,7/9
1180,75,2023,11,4,長水路,チーム,24,4×50mフリーリレー,混合,160～199歳,189,2:00.98,,3,,4,大川晴美,,セ・成城,33.12,,,,,,,,,1:54.40,1:44.31,1:42.27,7/9
1181,75,2023,11,4,長水路,チーム,24,4×50mフリーリレー,混合,160～199歳,189,2:00.98,,4,,4,佐々木彩,,セ・成城,31.86,,,,,,,,,1:54.40,1:44.31,1:42.27,7/9
1182,75,2023,11,4,長水路,チーム,24,4×50mフリーリレー,混合,160～199歳,168,2:04.17,,1,,5,加地隆史,,セ・葛西,29.24,,,,,,,,,1:54.40,1:44.31,1:42.27,6/8
1183,75,2023,11,4,長水路,チーム,24,4×50mフリーリレー,混合,160～199歳,168,2:04.17,,2,,5,前島悠也,,セ・葛西,25.74,,,,,,,,,1:54.40,1:44.31,1:42.27,6/8
1184,75,2023,11,4,長水路,チーム,24,4×50mフリーリレー,混合,160～199歳,168,2:04.17,,3,,5,溝井花代子,,セ・葛西,36.83,,,,,,,,,1:54.40,1:44.31,1:42.27,6/8
1185,75,2023,11,4,長水路,チーム,24,4×50mフリーリレー,混合,160～199歳,168,2:04.17,,4,,5,原田佳子,,セ・葛西,32.36,,,,,,,,,1:54.40,1:44.31,1:42.27,6/8
1186,75,2023,11,4,長水路,チーム,24,4×50mフリーリレー,混合,160～199歳,171,2:04.89,,1,,6,安掛悠子,,ザバス鶴見,32.79,,,,,,,,,1:54.40,1:44.31,1:42.27,5/4
1187,75,2023,11,4,長水路,チーム,24,4×50mフリーリレー,混合,160～199歳,171,2:04.89,,2,,6,山本美佳里,,ザバス鶴見,36.19,,,,,,,,,1:54.40,1:44.31,1:42.27,5/4
1188,75,2023,11,4,長水路,チーム,24,4×50mフリーリレー,混合,160～199歳,171,2:04.89,,3,,6,横山大志,,ザバス鶴見,28.42,,,,,,,,,1:54.40,1:44.31,1:42.27,5/4
1189,75,2023,11,4,長水路,チーム,24,4×50mフリーリレー,混合,160～199歳,171,2:04.89,,4,,6,酒井和也,,ザバス鶴見,27.49,,,,,,,,,1:54.40,1:44.31,1:42.27,5/4
1190,75,2023,11,4,長水路,チーム,24,4×50mフリーリレー,混合,160～199歳,180,2:04.94,,1,,7,今里昂哉,,セ・清瀬,26.96,,,,,,,,,1:54.40,1:44.31,1:42.27,6/1
1191,75,2023,11,4,長水路,チーム,24,4×50mフリーリレー,混合,160～199歳,180,2:04.94,,2,,7,田中貴子,,セ・清瀬,34.74,,,,,,,,,1:54.40,1:44.31,1:42.27,6/1
1192,75,2023,11,4,長水路,チーム,24,4×50mフリーリレー,混合,160～199歳,180,2:04.94,,3,,7,大橋ほづ美,,セ・清瀬,35.10,,,,,,,,,1:54.40,1:44.31,1:42.27,6/1
1193,75,2023,11,4,長水路,チーム,24,4×50mフリーリレー,混合,160～199歳,180,2:04.94,,4,,7,山岡拓馬,,セ・清瀬,28.14,,,,,,,,,1:54.40,1:44.31,1:42.27,6/1
1194,75,2023,11,4,長水路,チーム,24,4×50mフリーリレー,混合,160～199歳,160,2:06.61,,1,,8,倉持公一,,セ・天王洲,28.08,,,,,,,,,1:54.40,1:44.31,1:42.27,6/3
1195,75,2023,11,4,長水路,チーム,24,4×50mフリーリレー,混合,160～199歳,160,2:06.61,,2,,8,宇田川美穂,,セ・天王洲,36.25,,,,,,,,,1:54.40,1:44.31,1:42.27,6/3
1196,75,2023,11,4,長水路,チーム,24,4×50mフリーリレー,混合,160～199歳,160,2:06.61,,3,,8,萩原ゆりか,,セ・天王洲,34.41,,,,,,,,,1:54.40,1:44.31,1:42.27,6/3
1197,75,2023,11,4,長水路,チーム,24,4×50mフリーリレー,混合,160～199歳,160,2:06.61,,4,,8,寺田遼太,,セ・天王洲,27.87,,,,,,,,,1:54.40,1:44.31,1:42.27,6/3
1198,75,2023,11,4,長水路,チーム,24,4×50mフリーリレー,混合,160～199歳,191,2:10.01,,1,,9,若月優,,セ・横浜,34.87,,,,,,,,,1:54.40,1:44.31,1:42.27,5/10
1199,75,2023,11,4,長水路,チーム,24,4×50mフリーリレー,混合,160～199歳,191,2:10.01,,2,,9,佐藤桂子,,セ・横浜,36.43,,,,,,,,,1:54.40,1:44.31,1:42.27,5/10
1200,75,2023,11,4,長水路,チーム,24,4×50mフリーリレー,混合,160～199歳,191,2:10.01,,3,,9,櫻井翠,,セ・横浜,33.02,,,,,,,,,1:54.40,1:44.31,1:42.27,5/10
1201,75,2023,11,4,長水路,チーム,24,4×50mフリーリレー,混合,160～199歳,191,2:10.01,,4,,9,内田諒哉,,セ・横浜,25.69,,,,,,,,,1:54.40,1:44.31,1:42.27,5/10
1202,75,2023,11,4,長水路,チーム,24,4×50mフリーリレー,混合,160～199歳,199,2:10.19,,1,,10,舘野美香,,セ・目黒,29.63,,,,,,,,,1:54.40,1:44.31,1:42.27,4/7
1203,75,2023,11,4,長水路,チーム,24,4×50mフリーリレー,混合,160～199歳,199,2:10.19,,2,,10,加治屋史郎,,セ・目黒,35.28,,,,,,,,,1:54.40,1:44.31,1:42.27,4/7
1204,75,2023,11,4,長水路,チーム,24,4×50mフリーリレー,混合,160～199歳,199,2:10.19,,3,,10,佐藤玖弥,,セ・目黒,30.48,,,,,,,,,1:54.40,1:44.31,1:42.27,4/7
1205,75,2023,11,4,長水路,チーム,24,4×50mフリーリレー,混合,160～199歳,199,2:10.19,,4,,10,藤田万之葉,,セ・目黒,34.80,,,,,,,,,1:54.40,1:44.31,1:42.27,4/7
1206,75,2023,11,4,長水路,チーム,24,4×50mフリーリレー,混合,160～199歳,180,2:19.98,,1,,11,星野隆,,セ・長津田,30.12,,,,,,,,,1:54.40,1:44.31,1:42.27,4/9
1207,75,2023,11,4,長水路,チーム,24,4×50mフリーリレー,混合,160～199歳,180,2:19.98,,2,,11,西野宮冬木,,セ・長津田,30.27,,,,,,,,,1:54.40,1:44.31,1:42.27,4/9
1208,75,2023,11,4,長水路,チーム,24,4×50mフリーリレー,混合,160～199歳,180,2:19.98,,3,,11,久保美由紀,,セ・長津田,41.53,,,,,,,,,1:54.40,1:44.31,1:42.27,4/9
1209,75,2023,11,4,長水路,チーム,24,4×50mフリーリレー,混合,160～199歳,180,2:19.98,,4,,11,久保かおり,,セ・長津田,38.06,,,,,,,,,1:54.40,1:44.31,1:42.27,4/9
1210,75,2023,11,4,長水路,チーム,24,4×50mフリーリレー,混合,160～199歳,178,2:35.14,,1,,12,中村浩司,,セ・青砥,36.77,,,,,,,,,1:54.40,1:44.31,1:42.27,3/1
1211,75,2023,11,4,長水路,チーム,24,4×50mフリーリレー,混合,160～199歳,178,2:35.14,,2,,12,角田優佳里,,セ・青砥,42.69,,,,,,,,,1:54.40,1:44.31,1:42.27,3/1
1212,75,2023,11,4,長水路,チーム,24,4×50mフリーリレー,混合,160～199歳,178,2:35.14,,3,,12,田中香苗,,セ・青砥,46.75,,,,,,,,,1:54.40,1:44.31,1:42.27,3/1
1213,75,2023,11,4,長水路,チーム,24,4×50mフリーリレー,混合,160～199歳,178,2:35.14,,4,,12,武本侑己,,セ・青砥,28.93,,,,,,,,,1:54.40,1:44.31,1:42.27,3/1
1214,75,2023,11,4,長水路,チーム,24,4×50mフリーリレー,混合,160～199歳,193,2:38.28,,1,,13,榮真須美,,セ・慶應日吉,50.22,,,,,,,,,1:54.40,1:44.31,1:42.27,1/3
1215,75,2023,11,4,長水路,チーム,24,4×50mフリーリレー,混合,160～199歳,193,2:38.28,,2,,13,田中遼太,,セ・慶應日吉,32.41,,,,,,,,,1:54.40,1:44.31,1:42.27,1/3
1216,75,2023,11,4,長水路,チーム,24,4×50mフリーリレー,混合,160～199歳,193,2:38.28,,3,,13,RacaruGabriela,,セ・慶應日吉,42.69,,,,,,,,,1:54.40,1:44.31,1:42.27,1/3
1217,75,2023,11,4,長水路,チーム,24,4×50mフリーリレー,混合,160～199歳,193,2:38.28,,4,,13,穴田啓樹,,セ・慶應日吉,32.96,,,,,,,,,1:54.40,1:44.31,1:42.27,1/3
1218,75,2023,11,4,長水路,チーム,24,4×50mフリーリレー,混合,120～159歳,122,1:55.02,,1,,1,鶴谷学,,セ・二俣川,25.72,,,,,,,,,1:49.82,1:42.93,1:40.14,7/3
1219,75,2023,11,4,長水路,チーム,24,4×50mフリーリレー,混合,120～159歳,122,1:55.02,,2,,1,深堀陽子,,セ・二俣川,32.17,,,,,,,,,1:49.82,1:42.93,1:40.14,7/3
1220,75,2023,11,4,長水路,チーム,24,4×50mフリーリレー,混合,120～159歳,122,1:55.02,,3,,1,志賀菜々美,,セ・二俣川,30.11,,,,,,,,,1:49.82,1:42.93,1:40.14,7/3
1221,75,2023,11,4,長水路,チーム,24,4×50mフリーリレー,混合,120～159歳,122,1:55.02,,4,,1,山﨑陸真,,セ・二俣川,27.02,,,,,,,,,1:49.82,1:42.93,1:40.14,7/3
1222,75,2023,11,4,長水路,チーム,24,4×50mフリーリレー,混合,120～159歳,151,1:55.87,,1,,2,高木祥一,,セ・武蔵小杉,26.29,,,,,,,,,1:49.82,1:42.93,1:40.14,7/4
1223,75,2023,11,4,長水路,チーム,24,4×50mフリーリレー,混合,120～159歳,151,1:55.87,,2,,2,栗山貴子,,セ・武蔵小杉,32.90,,,,,,,,,1:49.82,1:42.93,1:40.14,7/4
1224,75,2023,11,4,長水路,チーム,24,4×50mフリーリレー,混合,120～159歳,151,1:55.87,,3,,2,田中美鈴,,セ・武蔵小杉,31.16,,,,,,,,,1:49.82,1:42.93,1:40.14,7/4
1225,75,2023,11,4,長水路,チーム,24,4×50mフリーリレー,混合,120～159歳,151,1:55.87,,4,,2,奥平竜司,,セ・武蔵小杉,25.52,,,,,,,,,1:49.82,1:42.93,1:40.14,7/4
1226,75,2023,11,4,長水路,チーム,24,4×50mフリーリレー,混合,120～159歳,122,2:02.70,,1,,3,中西剛,,セ・成城,27.74,,,,,,,,,1:49.82,1:42.93,1:40.14,6/7
1227,75,2023,11,4,長水路,チーム,24,4×50mフリーリレー,混合,120～159歳,122,2:02.70,,2,,3,仲田笑美,,セ・成城,31.39,,,,,,,,,1:49.82,1:42.93,1:40.14,6/7
1228,75,2023,11,4,長水路,チーム,24,4×50mフリーリレー,混合,120～159歳,122,2:02.70,,3,,3,水上大輔,,セ・成城,32.38,,,,,,,,,1:49.82,1:42.93,1:40.14,6/7
1229,75,2023,11,4,長水路,チーム,24,4×50mフリーリレー,混合,120～159歳,122,2:02.70,,4,,3,中畑眸,,セ・成城,31.19,,,,,,,,,1:49.82,1:42.93,1:40.14,6/7
1230,75,2023,11,4,長水路,チーム,24,4×50mフリーリレー,混合,120～159歳,142,2:03.41,,1,,4,十河直樹,,ザバス鶴見,26.92,,,,,,,,,1:49.82,1:42.93,1:40.14,5/7
1231,75,2023,11,4,長水路,チーム,24,4×50mフリーリレー,混合,120～159歳,142,2:03.41,,2,,4,真栄田こずえ,,ザバス鶴見,33.14,,,,,,,,,1:49.82,1:42.93,1:40.14,5/7
1232,75,2023,11,4,長水路,チーム,24,4×50mフリーリレー,混合,120～159歳,142,2:03.41,,3,,4,小林弘子,,ザバス鶴見,36.90,,,,,,,,,1:49.82,1:42.93,1:40.14,5/7
1233,75,2023,11,4,長水路,チーム,24,4×50mフリーリレー,混合,120～159歳,142,2:03.41,,4,,4,西山遼,,ザバス鶴見,26.45,,,,,,,,,1:49.82,1:42.93,1:40.14,5/7
1234,75,2023,11,4,長水路,チーム,24,4×50mフリーリレー,混合,120～159歳,158,2:07.31,,1,,5,松崎敏明,,セ・慶應日吉,28.98,,,,,,,,,1:49.82,1:42.93,1:40.14,1/7
1235,75,2023,11,4,長水路,チーム,24,4×50mフリーリレー,混合,120～159歳,158,2:07.31,,2,,5,松廣花月,,セ・慶應日吉,33.95,,,,,,,,,1:49.82,1:42.93,1:40.14,1/7
1236,75,2023,11,4,長水路,チーム,24,4×50mフリーリレー,混合,120～159歳,158,2:07.31,,3,,5,前畑章子,,セ・慶應日吉,37.45,,,,,,,,,1:49.82,1:42.93,1:40.14,1/7
1237,75,2023,11,4,長水路,チーム,24,4×50mフリーリレー,混合,120～159歳,158,2:07.31,,4,,5,コリガンシェイ颯介,,セ・慶應日吉,26.93,,,,,,,,,1:49.82,1:42.93,1:40.14,1/7
1238,75,2023,11,4,長水路,チーム,24,4×50mフリーリレー,混合,120～159歳,157,2:07.45,,1,,6,鈴木央雅,,セ・清瀬,25.68,,,,,,,,,1:49.82,1:42.93,1:40.14,6/2
1239,75,2023,11,4,長水路,チーム,24,4×50mフリーリレー,混合,120～159歳,157,2:07.45,,2,,6,山岡香織,,セ・清瀬,38.13,,,,,,,,,1:49.82,1:42.93,1:40.14,6/2
1240,75,2023,11,4,長水路,チーム,24,4×50mフリーリレー,混合,120～159歳,157,2:07.45,,3,,6,大槻真由美,,セ・清瀬,36.94,,,,,,,,,1:49.82,1:42.93,1:40.14,6/2
1241,75,2023,11,4,長水路,チーム,24,4×50mフリーリレー,混合,120～159歳,157,2:07.45,,4,,6,塚本拓也,,セ・清瀬,26.70,,,,,,,,,1:49.82,1:42.93,1:40.14,6/2
1242,75,2023,11,4,長水路,チーム,24,4×50mフリーリレー,混合,120～159歳,156,2:08.14,,1,,7,荒井啓汰,,セ・阿佐谷,27.43,,,,,,,,,1:49.82,1:42.93,1:40.14,6/6
1243,75,2023,11,4,長水路,チーム,24,4×50mフリーリレー,混合,120～159歳,156,2:08.14,,2,,7,棚網恵理,,セ・阿佐谷,42.59,,,,,,,,,1:49.82,1:42.93,1:40.14,6/6
1244,75,2023,11,4,長水路,チーム,24,4×50mフリーリレー,混合,120～159歳,156,2:08.14,,3,,7,瀬原まどか,,セ・阿佐谷,31.53,,,,,,,,,1:49.82,1:42.93,1:40.14,6/6
1245,75,2023,11,4,長水路,チーム,24,4×50mフリーリレー,混合,120～159歳,156,2:08.14,,4,,7,山賀竜馬,,セ・阿佐谷,26.59,,,,,,,,,1:49.82,1:42.93,1:40.14,6/6
1246,75,2023,11,4,長水路,チーム,24,4×50mフリーリレー,混合,120～159歳,136,2:08.69,,1,,8,早川舞,,セ・蒲田,30.24,,,,,,,,,1:49.82,1:42.93,1:40.14,4/5
1247,75,2023,11,4,長水路,チーム,24,4×50mフリーリレー,混合,120～159歳,136,2:08.69,,2,,8,東海林慶美,,セ・蒲田,44.52,,,,,,,,,1:49.82,1:42.93,1:40.14,4/5
1248,75,2023,11,4,長水路,チーム,24,4×50mフリーリレー,混合,120～159歳,136,2:08.69,,3,,8,南里輝,,セ・蒲田,27.46,,,,,,,,,1:49.82,1:42.93,1:40.14,4/5
1249,75,2023,11,4,長水路,チーム,24,4×50mフリーリレー,混合,120～159歳,136,2:08.69,,4,,8,法領田徳丞,,セ・蒲田,26.47,,,,,,,,,1:49.82,1:42.93,1:40.14,4/5
1250,75,2023,11,4,長水路,チーム,24,4×50mフリーリレー,混合,120～159歳,153,2:09.29,,1,,9,中込孝之,,ザバス川崎,27.82,,,,,,,,,1:49.82,1:42.93,1:40.14,5/1
1251,75,2023,11,4,長水路,チーム,24,4×50mフリーリレー,混合,120～159歳,153,2:09.29,,2,,9,錦織佳奈子,,ザバス川崎,35.00,,,,,,,,,1:49.82,1:42.93,1:40.14,5/1
1252,75,2023,11,4,長水路,チーム,24,4×50mフリーリレー,混合,120～159歳,153,2:09.29,,3,,9,中山翠,,ザバス川崎,38.95,,,,,,,,,1:49.82,1:42.93,1:40.14,5/1
1253,75,2023,11,4,長水路,チーム,24,4×50mフリーリレー,混合,120～159歳,153,2:09.29,,4,,9,河野大和,,ザバス川崎,27.52,,,,,,,,,1:49.82,1:42.93,1:40.14,5/1
1254,75,2023,11,4,長水路,チーム,24,4×50mフリーリレー,混合,120～159歳,154,2:10.98,,1,,10,小野健,,セ・天王洲,26.52,,,,,,,,,1:49.82,1:42.93,1:40.14,5/8
1255,75,2023,11,4,長水路,チーム,24,4×50mフリーリレー,混合,120～159歳,154,2:10.98,,2,,10,森内裕子,,セ・天王洲,43.00,,,,,,,,,1:49.82,1:42.93,1:40.14,5/8
1256,75,2023,11,4,長水路,チーム,24,4×50mフリーリレー,混合,120～159歳,154,2:10.98,,3,,10,四井美穂,,セ・天王洲,33.11,,,,,,,,,1:49.82,1:42.93,1:40.14,5/8
1257,75,2023,11,4,長水路,チーム,24,4×50mフリーリレー,混合,120～159歳,154,2:10.98,,4,,10,加間英貴,,セ・天王洲,28.35,,,,,,,,,1:49.82,1:42.93,1:40.14,5/8
1258,75,2023,11,4,長水路,チーム,24,4×50mフリーリレー,混合,72～119歳,93,1:49.94,,1,,1,石川和樹,,セ・谷津,24.28,,,,,,,,,1:45.10,,,7/1
1259,75,2023,11,4,長水路,チーム,24,4×50mフリーリレー,混合,72～119歳,93,1:49.94,,2,,1,岡田星理,,セ・谷津,30.90,,,,,,,,,1:45.10,,,7/1
1260,75,2023,11,4,長水路,チーム,24,4×50mフリーリレー,混合,72～119歳,93,1:49.94,,3,,1,只野克,,セ・谷津,25.45,,,,,,,,,1:45.10,,,7/1
1261,75,2023,11,4,長水路,チーム,24,4×50mフリーリレー,混合,72～119歳,93,1:49.94,,4,,1,渡辺美楓,,セ・谷津,29.31,,,,,,,,,1:45.10,,,7/1
1262,75,2023,11,4,長水路,チーム,24,4×50mフリーリレー,混合,72～119歳,108,1:52.49,,1,,2,石井翔真,,セ・成城,26.30,,,,,,,,,1:45.10,,,7/8
1263,75,2023,11,4,長水路,チーム,24,4×50mフリーリレー,混合,72～119歳,108,1:52.49,,2,,2,高梨大樹,,セ・成城,25.75,,,,,,,,,1:45.10,,,7/8
1264,75,2023,11,4,長水路,チーム,24,4×50mフリーリレー,混合,72～119歳,108,1:52.49,,3,,2,関根琴,,セ・成城,30.41,,,,,,,,,1:45.10,,,7/8
1265,75,2023,11,4,長水路,チーム,24,4×50mフリーリレー,混合,72～119歳,108,1:52.49,,4,,2,増田舞紗,,セ・成城,30.03,,,,,,,,,1:45.10,,,7/8
1266,75,2023,11,4,長水路,チーム,24,4×50mフリーリレー,混合,72～119歳,82,1:52.63,,1,,3,秋澤裕介,,セ・二俣川,26.75,,,,,,,,,1:45.10,,,7/5
1267,75,2023,11,4,長水路,チーム,24,4×50mフリーリレー,混合,72～119歳,82,1:52.63,,2,,3,表侑寿,,セ・二俣川,29.07,,,,,,,,,1:45.10,,,7/5
1268,75,2023,11,4,長水路,チーム,24,4×50mフリーリレー,混合,72～119歳,82,1:52.63,,3,,3,田中壮一郎,,セ・二俣川,27.18,,,,,,,,,1:45.10,,,7/5
1269,75,2023,11,4,長水路,チーム,24,4×50mフリーリレー,混合,72～119歳,82,1:52.63,,4,,3,岩倉柚,,セ・二俣川,29.63,,,,,,,,,1:45.10,,,7/5
1270,75,2023,11,4,長水路,チーム,24,4×50mフリーリレー,混合,72～119歳,90,1:54.14,,1,,4,浅田慶子,,ザバス鶴見,30.04,,,,,,,,,1:45.10,,,7/6
1271,75,2023,11,4,長水路,チーム,24,4×50mフリーリレー,混合,72～119歳,90,1:54.14,,2,,4,今田彩文,,ザバス鶴見,32.19,,,,,,,,,1:45.10,,,7/6
1272,75,2023,11,4,長水路,チーム,24,4×50mフリーリレー,混合,72～119歳,90,1:54.14,,3,,4,千葉諒太,,ザバス鶴見,26.82,,,,,,,,,1:45.10,,,7/6
1273,75,2023,11,4,長水路,チーム,24,4×50mフリーリレー,混合,72～119歳,90,1:54.14,,4,,4,瀧田優磨,,ザバス鶴見,25.09,,,,,,,,,1:45.10,,,7/6
1274,75,2023,11,4,長水路,チーム,24,4×50mフリーリレー,混合,72～119歳,118,1:54.56,,1,,5,稲恒優里奈,,セ・柏,30.82,,,,,,,,,1:45.10,,,7/10
1275,75,2023,11,4,長水路,チーム,24,4×50mフリーリレー,混合,72～119歳,118,1:54.56,,2,,5,西川楽々,,セ・柏,31.15,,,,,,,,,1:45.10,,,7/10
1276,75,2023,11,4,長水路,チーム,24,4×50mフリーリレー,混合,72～119歳,118,1:54.56,,3,,5,大作善祥,,セ・柏,27.70,,,,,,,,,1:45.10,,,7/10
1277,75,2023,11,4,長水路,チーム,24,4×50mフリーリレー,混合,72～119歳,118,1:54.56,,4,,5,川口皓生,,セ・柏,24.89,,,,,,,,,1:45.10,,,7/10
1278,75,2023,11,4,長水路,チーム,24,4×50mフリーリレー,混合,72～119歳,112,1:55.99,,1,,6,石田虎流,,セ・慶應日吉,24.72,,,,,,,,,1:45.10,,,4/1
1279,75,2023,11,4,長水路,チーム,24,4×50mフリーリレー,混合,72～119歳,112,1:55.99,,2,,6,井上唯,,セ・慶應日吉,35.74,,,,,,,,,1:45.10,,,4/1
1280,75,2023,11,4,長水路,チーム,24,4×50mフリーリレー,混合,72～119歳,112,1:55.99,,3,,6,宮本八重,,セ・慶應日吉,30.64,,,,,,,,,1:45.10,,,4/1
1281,75,2023,11,4,長水路,チーム,24,4×50mフリーリレー,混合,72～119歳,112,1:55.99,,4,,6,菅原啓,,セ・慶應日吉,24.89,,,,,,,,,1:45.10,,,4/1
1282,75,2023,11,4,長水路,チーム,24,4×50mフリーリレー,混合,72～119歳,119,2:00.52,,1,,7,新垣琳大,,セ・茂原,25.73,,,,,,,,,1:45.10,,,6/10
1283,75,2023,11,4,長水路,チーム,24,4×50mフリーリレー,混合,72～119歳,119,2:00.52,,2,,7,岡澤志織,,セ・茂原,30.11,,,,,,,,,1:45.10,,,6/10
1284,75,2023,11,4,長水路,チーム,24,4×50mフリーリレー,混合,72～119歳,119,2:00.52,,3,,7,岡澤美咲,,セ・茂原,35.77,,,,,,,,,1:45.10,,,6/10
1285,75,2023,11,4,長水路,チーム,24,4×50mフリーリレー,混合,72～119歳,119,2:00.52,,4,,7,阪田高士,,セ・茂原,28.91,,,,,,,,,1:45.10,,,6/10
